time,node_id,residual_energy
0,0,10000
0,1,10000
0,2,10000
0,3,10000
0,4,10000
0,5,10000
0,6,10000
0,7,10000
0,8,10000
0,9,10000
0,10,10000
0,11,10000
0,12,10000
0,13,10000
0,14,10000
0,15,10000
0,16,10000
0,17,10000
0,18,10000
0,19,10000
0,20,10000
0,21,10000
0,22,10000
0,23,10000
0,24,10000
0,25,10000
0,26,10000
0,27,10000
0,28,10000
0,29,10000
0,30,10000
0,31,10000
0,32,10000
0,33,10000
0,34,10000
0,35,10000
0,36,10000
0,37,10000
0,38,10000
0,39,10000
0,40,10000
0,41,10000
0,42,10000
0,43,10000
0,44,10000
0,45,10000
0,46,10000
0,47,10000
0,48,10000
0,49,10000
0,50,10000
0,51,10000
0,52,10000
0,53,10000
0,54,10000
0,55,10000
0,56,10000
0,57,10000
0,58,10000
0,59,10000
0,60,10000
0,61,10000
0,62,10000
0,63,10000
0,64,10000
0,65,10000
0,66,10000
0,67,10000
0,68,10000
0,69,10000
0,70,10000
0,71,10000
0,72,10000
0,73,10000
0,74,10000
0,75,10000
0,76,10000
0,77,10000
0,78,10000
0,79,10000
0,80,10000
0,81,10000
0,82,10000
0,83,10000
0,84,10000
0,85,10000
0,86,10000
0,87,10000
0,88,10000
0,89,10000
0,90,10000
0,91,10000
0,92,10000
0,93,10000
0,94,10000
0,95,10000
0,96,10000
0,97,10000
0,98,10000
0,99,10000
10,0,9999.73
10,1,9999.73
10,2,9999.73
10,3,9999.73
10,4,9999.73
10,5,9999.73
10,6,9999.73
10,7,9999.73
10,8,9999.73
10,9,9999.73
10,10,9999.73
10,11,9999.73
10,12,9999.73
10,13,9999.73
10,14,9999.73
10,15,9999.73
10,16,9999.73
10,17,9999.73
10,18,9999.73
10,19,9999.73
10,20,9999.73
10,21,9999.73
10,22,9999.73
10,23,9999.73
10,24,9999.73
10,25,9999.73
10,26,9999.73
10,27,9999.73
10,28,9999.73
10,29,9999.73
10,30,9999.73
10,31,9999.73
10,32,9999.73
10,33,9999.73
10,34,9999.73
10,35,9999.73
10,36,9999.73
10,37,9999.73
10,38,9999.73
10,39,9999.73
10,40,9999.73
10,41,9999.73
10,42,9999.73
10,43,9999.73
10,44,9999.73
10,45,9999.73
10,46,9999.73
10,47,9999.73
10,48,9999.73
10,49,9999.73
10,50,9999.73
10,51,9999.73
10,52,9999.73
10,53,9999.73
10,54,9999.73
10,55,9999.73
10,56,9999.73
10,57,9999.73
10,58,9999.73
10,59,9999.73
10,60,9999.73
10,61,9999.73
10,62,9999.73
10,63,9999.73
10,64,9999.73
10,65,9999.73
10,66,9999.73
10,67,9999.73
10,68,9999.73
10,69,9999.73
10,70,9999.73
10,71,9999.73
10,72,9999.73
10,73,9999.73
10,74,9999.73
10,75,9999.73
10,76,9999.73
10,77,9999.73
10,78,9999.73
10,79,9999.73
10,80,9999.73
10,81,9999.73
10,82,9999.73
10,83,9999.73
10,84,9999.73
10,85,9999.73
10,86,9999.73
10,87,9999.73
10,88,9999.73
10,89,9999.73
10,90,9999.73
10,91,9999.73
10,92,9999.73
10,93,9999.73
10,94,9999.73
10,95,9999.73
10,96,9999.73
10,97,9999.73
10,98,9999.73
10,99,9999.73
20,0,9999.43
20,1,9999.43
20,2,9999.43
20,3,9999.43
20,4,9999.43
20,5,9999.43
20,6,9999.43
20,7,9999.43
20,8,9999.43
20,9,9999.43
20,10,9999.43
20,11,9999.43
20,12,9999.43
20,13,9999.43
20,14,9999.43
20,15,9999.43
20,16,9999.43
20,17,9999.43
20,18,9999.43
20,19,9999.43
20,20,9999.43
20,21,9999.43
20,22,9999.43
20,23,9999.43
20,24,9999.43
20,25,9999.43
20,26,9999.43
20,27,9999.43
20,28,9999.43
20,29,9999.43
20,30,9999.43
20,31,9999.43
20,32,9999.43
20,33,9999.43
20,34,9999.43
20,35,9999.43
20,36,9999.43
20,37,9999.43
20,38,9999.43
20,39,9999.43
20,40,9999.43
20,41,9999.43
20,42,9999.43
20,43,9999.43
20,44,9999.43
20,45,9999.43
20,46,9999.43
20,47,9999.43
20,48,9999.43
20,49,9999.43
20,50,9999.43
20,51,9999.43
20,52,9999.43
20,53,9999.43
20,54,9999.43
20,55,9999.43
20,56,9999.43
20,57,9999.43
20,58,9999.43
20,59,9999.43
20,60,9999.43
20,61,9999.43
20,62,9999.43
20,63,9999.43
20,64,9999.43
20,65,9999.43
20,66,9999.43
20,67,9999.43
20,68,9999.43
20,69,9999.43
20,70,9999.43
20,71,9999.43
20,72,9999.43
20,73,9999.43
20,74,9999.43
20,75,9999.43
20,76,9999.43
20,77,9999.43
20,78,9999.43
20,79,9999.43
20,80,9999.43
20,81,9999.43
20,82,9999.43
20,83,9999.43
20,84,9999.43
20,85,9999.43
20,86,9999.43
20,87,9999.43
20,88,9999.43
20,89,9999.43
20,90,9999.43
20,91,9999.43
20,92,9999.43
20,93,9999.43
20,94,9999.43
20,95,9999.43
20,96,9999.43
20,97,9999.43
20,98,9999.43
20,99,9999.43
30,0,9999.13
30,1,9999.13
30,2,9999.13
30,3,9999.13
30,4,9999.13
30,5,9999.13
30,6,9999.13
30,7,9999.13
30,8,9999.13
30,9,9999.13
30,10,9999.13
30,11,9999.13
30,12,9999.13
30,13,9999.13
30,14,9999.13
30,15,9999.13
30,16,9999.13
30,17,9999.13
30,18,9999.13
30,19,9999.13
30,20,9999.13
30,21,9999.13
30,22,9999.13
30,23,9999.13
30,24,9999.13
30,25,9999.13
30,26,9999.13
30,27,9999.13
30,28,9999.13
30,29,9999.13
30,30,9999.13
30,31,9999.13
30,32,9999.13
30,33,9999.13
30,34,9999.13
30,35,9999.13
30,36,9999.13
30,37,9999.13
30,38,9999.13
30,39,9999.13
30,40,9999.13
30,41,9999.13
30,42,9999.13
30,43,9999.13
30,44,9999.13
30,45,9999.13
30,46,9999.13
30,47,9999.13
30,48,9999.13
30,49,9999.13
30,50,9999.13
30,51,9999.13
30,52,9999.13
30,53,9999.13
30,54,9999.13
30,55,9999.13
30,56,9999.13
30,57,9999.13
30,58,9999.13
30,59,9999.13
30,60,9999.13
30,61,9999.13
30,62,9999.13
30,63,9999.13
30,64,9999.13
30,65,9999.13
30,66,9999.13
30,67,9999.13
30,68,9999.13
30,69,9999.13
30,70,9999.13
30,71,9999.13
30,72,9999.13
30,73,9999.13
30,74,9999.13
30,75,9999.13
30,76,9999.13
30,77,9999.13
30,78,9999.13
30,79,9999.13
30,80,9999.13
30,81,9999.13
30,82,9999.13
30,83,9999.13
30,84,9999.13
30,85,9999.13
30,86,9999.13
30,87,9999.13
30,88,9999.13
30,89,9999.13
30,90,9999.13
30,91,9999.13
30,92,9999.13
30,93,9999.13
30,94,9999.13
30,95,9999.13
30,96,9999.13
30,97,9999.13
30,98,9999.13
30,99,9999.13
40,0,9988.64
40,1,9984.16
40,2,9987.71
40,3,9984.92
40,4,9984.16
40,5,9983.43
40,6,9986.64
40,7,9982.94
40,8,9985.79
40,9,9988.87
40,10,9984.72
40,11,9982.22
40,12,9982.19
40,13,9986.19
40,14,9983.46
40,15,9986.4
40,16,9986.02
40,17,9985.24
40,18,9981.12
40,19,9984.52
40,20,9986.5
40,21,9983.67
40,22,9985.43
40,23,9984.45
40,24,9984.49
40,25,9982.13
40,26,9986.3
40,27,9985.76
40,28,9987.4
40,29,9981.17
40,30,9983.5
40,31,9986.8
40,32,9981.67
40,33,9981.91
40,34,9984.22
40,35,9982.23
40,36,9983.78
40,37,9984.88
40,38,9983.49
40,39,9983.88
40,40,9984.07
40,41,9984.21
40,42,9986.91
40,43,9986.05
40,44,9987.72
40,45,9982.33
40,46,9984.89
40,47,9984.56
40,48,9984.45
40,49,9983.36
40,50,9983.82
40,51,9985.13
40,52,9980.91
40,53,9981.65
40,54,9986.54
40,55,9986.5
40,56,9984.06
40,57,9987.01
40,58,9984.05
40,59,9987.34
40,60,9984
40,61,9982.64
40,62,9984.5
40,63,9987.4
40,64,9984.03
40,65,9986.08
40,66,9983.88
40,67,9984.75
40,68,9984.24
40,69,9986.43
40,70,9984.75
40,71,9981.02
40,72,9986.24
40,73,9982.39
40,74,9985.2
40,75,9983.14
40,76,9987.07
40,77,9982.12
40,78,9982.54
40,79,9983.13
40,80,9984.68
40,81,9980.43
40,82,9984.47
40,83,9982.92
40,84,9983.05
40,85,9982.42
40,86,9983.31
40,87,9985.59
40,88,9985.11
40,89,9981.21
40,90,9981.72
40,91,9989.4
40,92,9986.09
40,93,9985.32
40,94,9984.77
40,95,9984.98
40,96,9984.49
40,97,9984.28
40,98,9983.46
40,99,9985.54
50,0,9988.34
50,1,9983.86
50,2,9987.41
50,3,9984.62
50,4,9983.86
50,5,9983.13
50,6,9986.34
50,7,9982.67
50,8,9985.49
50,9,9988.57
50,10,9984.42
50,11,9981.93
50,12,9981.92
50,13,9985.89
50,14,9983.16
50,15,9986.1
50,16,9985.72
50,17,9984.94
50,18,9980.84
50,19,9984.22
50,20,9986.2
50,21,9983.37
50,22,9985.13
50,23,9984.15
50,24,9984.19
50,25,9981.83
50,26,9986
50,27,9985.46
50,28,9987.1
50,29,9980.89
50,30,9983.21
50,31,9986.5
50,32,9981.37
50,33,9981.63
50,34,9983.92
50,35,9981.94
50,36,9983.48
50,37,9984.58
50,38,9983.19
50,39,9983.58
50,40,9983.77
50,41,9983.92
50,42,9986.61
50,43,9985.75
50,44,9987.42
50,45,9982.03
50,46,9984.59
50,47,9984.26
50,48,9984.15
50,49,9983.06
50,50,9983.52
50,51,9984.83
50,52,9980.63
50,53,9981.35
50,54,9986.24
50,55,9986.2
50,56,9983.76
50,57,9986.71
50,58,9983.75
50,59,9987.04
50,60,9983.7
50,61,9982.35
50,62,9984.21
50,63,9987.1
50,64,9983.73
50,65,9985.78
50,66,9983.6
50,67,9984.45
50,68,9983.94
50,69,9986.13
50,70,9984.45
50,71,9980.74
50,72,9985.94
50,73,9982.09
50,74,9984.9
50,75,9982.84
50,76,9986.77
50,77,9981.83
50,78,9982.26
50,79,9982.83
50,80,9984.38
50,81,9980.15
50,82,9984.17
50,83,9982.62
50,84,9982.75
50,85,9982.14
50,86,9983.01
50,87,9985.29
50,88,9984.81
50,89,9980.94
50,90,9981.43
50,91,9989.1
50,92,9985.79
50,93,9985.02
50,94,9984.48
50,95,9984.68
50,96,9984.2
50,97,9983.98
50,98,9983.16
50,99,9985.24
60,0,9988.04
60,1,9983.56
60,2,9987.11
60,3,9984.32
60,4,9983.56
60,5,9982.83
60,6,9986.04
60,7,9982.37
60,8,9985.19
60,9,9988.27
60,10,9984.12
60,11,9981.63
60,12,9981.62
60,13,9985.59
60,14,9982.86
60,15,9985.8
60,16,9985.42
60,17,9984.64
60,18,9980.54
60,19,9983.92
60,20,9985.9
60,21,9983.07
60,22,9984.83
60,23,9983.85
60,24,9983.89
60,25,9981.53
60,26,9985.7
60,27,9985.16
60,28,9986.8
60,29,9980.59
60,30,9982.91
60,31,9986.2
60,32,9981.07
60,33,9981.33
60,34,9983.62
60,35,9981.64
60,36,9983.18
60,37,9984.28
60,38,9982.89
60,39,9983.28
60,40,9983.47
60,41,9983.62
60,42,9986.31
60,43,9985.45
60,44,9987.12
60,45,9981.73
60,46,9984.29
60,47,9983.96
60,48,9983.85
60,49,9982.76
60,50,9983.22
60,51,9984.53
60,52,9980.33
60,53,9981.05
60,54,9985.94
60,55,9985.9
60,56,9983.46
60,57,9986.41
60,58,9983.45
60,59,9986.74
60,60,9983.4
60,61,9982.05
60,62,9983.91
60,63,9986.8
60,64,9983.43
60,65,9985.48
60,66,9983.3
60,67,9984.15
60,68,9983.64
60,69,9985.83
60,70,9984.15
60,71,9980.44
60,72,9985.64
60,73,9981.79
60,74,9984.6
60,75,9982.54
60,76,9986.47
60,77,9981.53
60,78,9981.96
60,79,9982.53
60,80,9984.08
60,81,9979.85
60,82,9983.87
60,83,9982.32
60,84,9982.45
60,85,9981.84
60,86,9982.71
60,87,9984.99
60,88,9984.51
60,89,9980.64
60,90,9981.13
60,91,9988.8
60,92,9985.49
60,93,9984.72
60,94,9984.18
60,95,9984.38
60,96,9983.9
60,97,9983.68
60,98,9982.86
60,99,9984.94
70,0,9977.55
70,1,9969.86
70,2,9975.69
70,3,9970.11
70,4,9968.29
70,5,9967.07
70,6,9973.56
70,7,9964.21
70,8,9971.86
70,9,9978
70,10,9970.49
70,11,9964.71
70,12,9964.67
70,13,9973.06
70,14,9968.47
70,15,9973.07
70,16,9972.3
70,17,9971.97
70,18,9962.59
70,19,9969.37
70,20,9973.27
70,21,9967.94
70,22,9971.21
70,23,9970.44
70,24,9966.56
70,25,9964.51
70,26,9972.87
70,27,9972.68
70,28,9976.11
70,29,9963.89
70,30,9967.21
70,31,9973.86
70,32,9964.88
70,33,9964.09
70,34,9969.93
70,35,9964.72
70,36,9966.14
70,37,9972.21
70,38,9967.24
70,39,9969.36
70,40,9970.14
70,41,9969.6
70,42,9974.08
70,43,9972.37
70,44,9975.71
70,45,9967.14
70,46,9970.04
70,47,9966.91
70,48,9969.7
70,49,9966.96
70,50,9967.85
70,51,9970.58
70,52,9962.1
70,53,9966.92
70,54,9969.72
70,55,9973.28
70,56,9967.99
70,57,9974.3
70,58,9968.32
70,59,9974.9
70,60,9969.49
70,61,9965.55
70,62,9969.26
70,63,9975.08
70,64,9968.32
70,65,9972.6
70,66,9967.9
70,67,9970.96
70,68,9970.48
70,69,9973.13
70,70,9969.77
70,71,9962.32
70,72,9972.71
70,73,9966.3
70,74,9973.24
70,75,9966.5
70,76,9974.41
70,77,9964.5
70,78,9965.36
70,79,9967.81
70,80,9969.61
70,81,9961.14
70,82,9969.29
70,83,9967.61
70,84,9966.37
70,85,9965.12
70,86,9966.26
70,87,9972.66
70,88,9970.48
70,89,9963.5
70,90,9964.98
70,91,9979.27
70,92,9972.44
70,93,9971
70,94,9969.8
70,95,9970.23
70,96,9969.25
70,97,9969.6
70,98,9968.46
70,99,9971.4
80,0,9977.25
80,1,9969.56
80,2,9975.39
80,3,9969.81
80,4,9967.99
80,5,9966.77
80,6,9973.26
80,7,9963.95
80,8,9971.56
80,9,9977.7
80,10,9970.2
80,11,9964.44
80,12,9964.41
80,13,9972.76
80,14,9968.17
80,15,9972.77
80,16,9972
80,17,9971.67
80,18,9962.33
80,19,9969.07
80,20,9972.97
80,21,9967.64
80,22,9970.91
80,23,9970.14
80,24,9966.29
80,25,9964.23
80,26,9972.57
80,27,9972.38
80,28,9975.81
80,29,9963.62
80,30,9966.93
80,31,9973.56
80,32,9964.58
80,33,9963.83
80,34,9969.63
80,35,9964.45
80,36,9965.87
80,37,9971.91
80,38,9966.94
80,39,9969.06
80,40,9969.84
80,41,9969.3
80,42,9973.78
80,43,9972.07
80,44,9975.41
80,45,9966.85
80,46,9969.74
80,47,9966.64
80,48,9969.41
80,49,9966.68
80,50,9967.55
80,51,9970.28
80,52,9961.83
80,53,9966.62
80,54,9969.44
80,55,9972.98
80,56,9967.69
80,57,9974
80,58,9968.02
80,59,9974.6
80,60,9969.19
80,61,9965.27
80,62,9968.98
80,63,9974.78
80,64,9968.04
80,65,9972.3
80,66,9967.63
80,67,9970.66
80,68,9970.18
80,69,9972.83
80,70,9969.47
80,71,9962.05
80,72,9972.41
80,73,9966.02
80,74,9972.94
80,75,9966.22
80,76,9974.11
80,77,9964.22
80,78,9965.1
80,79,9967.51
80,80,9969.31
80,81,9960.88
80,82,9968.99
80,83,9967.34
80,84,9966.07
80,85,9964.84
80,86,9965.97
80,87,9972.36
80,88,9970.2
80,89,9963.24
80,90,9964.71
80,91,9978.97
80,92,9972.14
80,93,9970.7
80,94,9969.52
80,95,9969.93
80,96,9968.96
80,97,9969.3
80,98,9968.16
80,99,9971.1
90,0,9976.95
90,1,9969.26
90,2,9975.09
90,3,9969.51
90,4,9967.69
90,5,9966.47
90,6,9972.96
90,7,9963.65
90,8,9971.26
90,9,9977.4
90,10,9969.9
90,11,9964.14
90,12,9964.11
90,13,9972.46
90,14,9967.87
90,15,9972.47
90,16,9971.7
90,17,9971.37
90,18,9962.03
90,19,9968.77
90,20,9972.67
90,21,9967.34
90,22,9970.61
90,23,9969.84
90,24,9965.99
90,25,9963.93
90,26,9972.27
90,27,9972.08
90,28,9975.51
90,29,9963.32
90,30,9966.63
90,31,9973.26
90,32,9964.28
90,33,9963.53
90,34,9969.33
90,35,9964.15
90,36,9965.57
90,37,9971.61
90,38,9966.64
90,39,9968.76
90,40,9969.54
90,41,9969
90,42,9973.48
90,43,9971.77
90,44,9975.11
90,45,9966.55
90,46,9969.44
90,47,9966.34
90,48,9969.11
90,49,9966.38
90,50,9967.25
90,51,9969.98
90,52,9961.53
90,53,9966.32
90,54,9969.14
90,55,9972.68
90,56,9967.39
90,57,9973.7
90,58,9967.72
90,59,9974.3
90,60,9968.89
90,61,9964.97
90,62,9968.68
90,63,9974.48
90,64,9967.74
90,65,9972
90,66,9967.33
90,67,9970.36
90,68,9969.88
90,69,9972.53
90,70,9969.17
90,71,9961.75
90,72,9972.11
90,73,9965.72
90,74,9972.64
90,75,9965.92
90,76,9973.81
90,77,9963.92
90,78,9964.8
90,79,9967.21
90,80,9969.01
90,81,9960.58
90,82,9968.69
90,83,9967.04
90,84,9965.77
90,85,9964.54
90,86,9965.67
90,87,9972.06
90,88,9969.9
90,89,9962.94
90,90,9964.41
90,91,9978.67
90,92,9971.84
90,93,9970.4
90,94,9969.22
90,95,9969.63
90,96,9968.66
90,97,9969
90,98,9967.86
90,99,9970.8
100,0,9966.46
100,1,9955.57
100,2,9963.67
100,3,9955.28
100,4,9952.44
100,5,9951.51
100,6,9960.47
100,7,9945.49
100,8,9957.91
100,9,9967.14
100,10,9956.29
100,11,9947.2
100,12,9947.14
100,13,9959.92
100,14,9953.47
100,15,9959.74
100,16,9958.59
100,17,9957.4
100,18,9944.1
100,19,9954.23
100,20,9960.03
100,21,9953.49
100,22,9957.01
100,23,9956.43
100,24,9951.09
100,25,9947.25
100,26,9959.44
100,27,9959.63
100,28,9963.89
100,29,9946.61
100,30,9950.98
100,31,9960.92
100,32,9948.1
100,33,9946.28
100,34,9955.62
100,35,9947.22
100,36,9950.2
100,37,9959.53
100,38,9950.98
100,39,9954.87
100,40,9956.21
100,41,9954.07
100,42,9961.26
100,43,9958.68
100,44,9963.7
100,45,9951.95
100,46,9955.19
100,47,9951.76
100,48,9954.65
100,49,9950.57
100,50,9952.01
100,51,9956.05
100,52,9943.28
100,53,9952.15
100,54,9952.9
100,55,9960.7
100,56,9952
100,57,9961.69
100,58,9952.54
100,59,9962.6
100,60,9954.94
100,61,9948.45
100,62,9954.02
100,63,9962.75
100,64,9952.61
100,65,9958.95
100,66,9951.91
100,67,9957.09
100,68,9956.23
100,69,9960.08
100,70,9954.79
100,71,9943.62
100,72,9959.54
100,73,9950.22
100,74,9961.3
100,75,9949.84
100,76,9961.75
100,77,9946.89
100,78,9948.18
100,79,9952.49
100,80,9951.65
100,81,9941.85
100,82,9954.12
100,83,9952.31
100,84,9949.68
100,85,9947.81
100,86,9950.39
100,87,9960.27
100,88,9956.1
100,89,9949.1
100,90,9948.25
100,91,9968.94
100,92,9958.79
100,93,9957.18
100,94,9954.83
100,95,9955.47
100,96,9955.27
100,97,9958.11
100,98,9953.46
100,99,9957.48
110,0,9966.16
110,1,9955.27
110,2,9963.37
110,3,9955
110,4,9952.15
110,5,9951.23
110,6,9960.17
110,7,9945.23
110,8,9957.62
110,9,9966.84
110,10,9956.01
110,11,9946.94
110,12,9946.9
110,13,9959.62
110,14,9953.17
110,15,9959.45
110,16,9958.29
110,17,9957.12
110,18,9943.85
110,19,9953.95
110,20,9959.73
110,21,9953.21
110,22,9956.71
110,23,9956.13
110,24,9950.8
110,25,9946.99
110,26,9959.14
110,27,9959.33
110,28,9963.59
110,29,9946.36
110,30,9950.71
110,31,9960.63
110,32,9947.8
110,33,9946.04
110,34,9955.32
110,35,9946.96
110,36,9949.92
110,37,9959.23
110,38,9950.7
110,39,9954.58
110,40,9955.92
110,41,9953.81
110,42,9960.96
110,43,9958.38
110,44,9963.4
110,45,9951.67
110,46,9954.9
110,47,9951.47
110,48,9954.37
110,49,9950.3
110,50,9951.73
110,51,9955.76
110,52,9943.02
110,53,9951.85
110,54,9952.65
110,55,9960.4
110,56,9951.7
110,57,9961.39
110,58,9952.27
110,59,9962.3
110,60,9954.64
110,61,9948.19
110,62,9953.76
110,63,9962.45
110,64,9952.34
110,65,9958.65
110,66,9951.66
110,67,9956.79
110,68,9955.93
110,69,9959.78
110,70,9954.49
110,71,9943.36
110,72,9959.24
110,73,9949.95
110,74,9961
110,75,9949.57
110,76,9961.45
110,77,9946.62
110,78,9947.93
110,79,9952.19
110,80,9951.39
110,81,9941.6
110,82,9953.83
110,83,9952.05
110,84,9949.39
110,85,9947.55
110,86,9950.12
110,87,9959.97
110,88,9955.83
110,89,9948.81
110,90,9947.98
110,91,9968.64
110,92,9958.5
110,93,9956.89
110,94,9954.57
110,95,9955.18
110,96,9955
110,97,9957.81
110,98,9953.16
110,99,9957.19
120,0,9965.86
120,1,9954.97
120,2,9963.07
120,3,9954.7
120,4,9951.85
120,5,9950.93
120,6,9959.87
120,7,9944.93
120,8,9957.32
120,9,9966.54
120,10,9955.71
120,11,9946.64
120,12,9946.6
120,13,9959.32
120,14,9952.87
120,15,9959.15
120,16,9957.99
120,17,9956.82
120,18,9943.55
120,19,9953.65
120,20,9959.43
120,21,9952.91
120,22,9956.41
120,23,9955.83
120,24,9950.5
120,25,9946.69
120,26,9958.84
120,27,9959.03
120,28,9963.29
120,29,9946.06
120,30,9950.41
120,31,9960.33
120,32,9947.5
120,33,9945.74
120,34,9955.02
120,35,9946.66
120,36,9949.62
120,37,9958.93
120,38,9950.4
120,39,9954.28
120,40,9955.62
120,41,9953.51
120,42,9960.66
120,43,9958.08
120,44,9963.1
120,45,9951.37
120,46,9954.6
120,47,9951.17
120,48,9954.07
120,49,9950
120,50,9951.43
120,51,9955.46
120,52,9942.72
120,53,9951.55
120,54,9952.35
120,55,9960.1
120,56,9951.4
120,57,9961.09
120,58,9951.97
120,59,9962
120,60,9954.34
120,61,9947.89
120,62,9953.46
120,63,9962.15
120,64,9952.04
120,65,9958.35
120,66,9951.36
120,67,9956.49
120,68,9955.63
120,69,9959.48
120,70,9954.19
120,71,9943.06
120,72,9958.94
120,73,9949.65
120,74,9960.7
120,75,9949.27
120,76,9961.15
120,77,9946.32
120,78,9947.63
120,79,9951.89
120,80,9951.09
120,81,9941.3
120,82,9953.53
120,83,9951.75
120,84,9949.09
120,85,9947.25
120,86,9949.82
120,87,9959.67
120,88,9955.53
120,89,9948.51
120,90,9947.68
120,91,9968.34
120,92,9958.2
120,93,9956.59
120,94,9954.27
120,95,9954.88
120,96,9954.7
120,97,9957.51
120,98,9952.86
120,99,9956.89
130,0,9955.37
130,1,9938.52
130,2,9950.83
130,3,9940.46
130,4,9938.98
130,5,9935.08
130,6,9947.39
130,7,9929.27
130,8,9943.96
130,9,9956.28
130,10,9941.27
130,11,9929.69
130,12,9929.62
130,13,9946.62
130,14,9938.46
130,15,9944.9
130,16,9944.86
130,17,9941.82
130,18,9927.26
130,19,9939.26
130,20,9946.79
130,21,9938.32
130,22,9939.77
130,23,9942.42
130,24,9933.15
130,25,9929.99
130,26,9946.01
130,27,9946.74
130,28,9951.12
130,29,9929.33
130,30,9934.8
130,31,9947.97
130,32,9929.18
130,33,9928.47
130,34,9941.12
130,35,9929.72
130,36,9932.54
130,37,9945.95
130,38,9934.72
130,39,9940.88
130,40,9942.06
130,41,9939.54
130,42,9948.43
130,43,9941.83
130,44,9951.68
130,45,9937.87
130,46,9940.33
130,47,9936.58
130,48,9939.6
130,49,9934.18
130,50,9936.11
130,51,9941.68
130,52,9924.47
130,53,9936
130,54,9939.75
130,55,9947.47
130,56,9936
130,57,9949.07
130,58,9936.88
130,59,9950.23
130,60,9941.15
130,61,9931.36
130,62,9938.78
130,63,9950.42
130,64,9936.89
130,65,9945.45
130,66,9936.07
130,67,9943.31
130,68,9943.77
130,69,9947.01
130,70,9939.8
130,71,9924.91
130,72,9945.45
130,73,9934.14
130,74,9948.05
130,75,9933.24
130,76,9949.09
130,77,9929.41
130,78,9931
130,79,9937.12
130,80,9933.72
130,81,9922.56
130,82,9939.42
130,83,9937.01
130,84,9932.99
130,85,9930.5
130,86,9933.28
130,87,9947.27
130,88,9941.47
130,89,9931.06
130,90,9931.51
130,91,9958.61
130,92,9945.13
130,93,9943.36
130,94,9939.87
130,95,9940.71
130,96,9941.23
130,97,9944.05
130,98,9938.46
130,99,9943.49
140,0,9955.07
140,1,9938.26
140,2,9950.53
140,3,9940.18
140,4,9938.68
140,5,9934.81
140,6,9947.09
140,7,9929.02
140,8,9943.68
140,9,9955.98
140,10,9941.01
140,11,9929.45
140,12,9929.39
140,13,9946.33
140,14,9938.18
140,15,9944.62
140,16,9944.57
140,17,9941.55
140,18,9927.02
140,19,9938.99
140,20,9946.5
140,21,9938.05
140,22,9939.51
140,23,9942.12
140,24,9932.91
140,25,9929.74
140,26,9945.71
140,27,9946.44
140,28,9950.82
140,29,9929.09
140,30,9934.55
140,31,9947.7
140,32,9928.91
140,33,9928.24
140,34,9940.84
140,35,9929.47
140,36,9932.3
140,37,9945.66
140,38,9934.46
140,39,9940.6
140,40,9941.78
140,41,9939.26
140,42,9948.13
140,43,9941.57
140,44,9951.4
140,45,9937.58
140,46,9940.06
140,47,9936.3
140,48,9939.33
140,49,9933.92
140,50,9935.84
140,51,9941.4
140,52,9924.22
140,53,9935.73
140,54,9939.46
140,55,9947.17
140,56,9935.72
140,57,9948.78
140,58,9936.62
140,59,9949.94
140,60,9940.85
140,61,9931.11
140,62,9938.53
140,63,9950.12
140,64,9936.64
140,65,9945.17
140,66,9935.82
140,67,9943.01
140,68,9943.49
140,69,9946.72
140,70,9939.51
140,71,9924.68
140,72,9945.17
140,73,9933.88
140,74,9947.75
140,75,9932.99
140,76,9948.79
140,77,9929.16
140,78,9930.76
140,79,9936.82
140,80,9933.47
140,81,9922.33
140,82,9939.15
140,83,9936.76
140,84,9932.71
140,85,9930.25
140,86,9933.02
140,87,9946.99
140,88,9941.22
140,89,9930.83
140,90,9931.26
140,91,9958.31
140,92,9944.86
140,93,9943.08
140,94,9939.62
140,95,9940.44
140,96,9940.97
140,97,9943.76
140,98,9938.17
140,99,9943.21
150,0,9954.77
150,1,9937.96
150,2,9950.23
150,3,9939.88
150,4,9938.38
150,5,9934.51
150,6,9946.79
150,7,9928.72
150,8,9943.38
150,9,9955.68
150,10,9940.71
150,11,9929.15
150,12,9929.09
150,13,9946.03
150,14,9937.88
150,15,9944.32
150,16,9944.27
150,17,9941.25
150,18,9926.72
150,19,9938.69
150,20,9946.2
150,21,9937.75
150,22,9939.21
150,23,9941.82
150,24,9932.61
150,25,9929.44
150,26,9945.41
150,27,9946.14
150,28,9950.52
150,29,9928.79
150,30,9934.25
150,31,9947.4
150,32,9928.61
150,33,9927.94
150,34,9940.54
150,35,9929.17
150,36,9932
150,37,9945.36
150,38,9934.16
150,39,9940.3
150,40,9941.48
150,41,9938.96
150,42,9947.83
150,43,9941.27
150,44,9951.1
150,45,9937.28
150,46,9939.76
150,47,9936
150,48,9939.03
150,49,9933.62
150,50,9935.54
150,51,9941.1
150,52,9923.92
150,53,9935.43
150,54,9939.16
150,55,9946.87
150,56,9935.42
150,57,9948.48
150,58,9936.32
150,59,9949.64
150,60,9940.55
150,61,9930.81
150,62,9938.23
150,63,9949.82
150,64,9936.34
150,65,9944.87
150,66,9935.52
150,67,9942.71
150,68,9943.19
150,69,9946.42
150,70,9939.21
150,71,9924.38
150,72,9944.87
150,73,9933.58
150,74,9947.45
150,75,9932.69
150,76,9948.49
150,77,9928.86
150,78,9930.46
150,79,9936.52
150,80,9933.17
150,81,9922.03
150,82,9938.85
150,83,9936.46
150,84,9932.41
150,85,9929.95
150,86,9932.72
150,87,9946.69
150,88,9940.92
150,89,9930.53
150,90,9930.96
150,91,9958.01
150,92,9944.56
150,93,9942.78
150,94,9939.32
150,95,9940.14
150,96,9940.67
150,97,9943.46
150,98,9937.87
150,99,9942.91
160,0,9944.28
160,1,9924.23
160,2,9938.81
160,3,9925.63
160,4,9923.07
160,5,9919.52
160,6,9934.28
160,7,9913.04
160,8,9930.01
160,9,9945.4
160,10,9927.01
160,11,9912.18
160,12,9917.35
160,13,9933.47
160,14,9923.45
160,15,9931.56
160,16,9931.14
160,17,9928.1
160,18,9908.74
160,19,9924.06
160,20,9933.55
160,21,9923.87
160,22,9925.57
160,23,9928.4
160,24,9917.67
160,25,9912.38
160,26,9932.56
160,27,9934
160,28,9938.86
160,29,9912.05
160,30,9918.57
160,31,9935.03
160,32,9912.4
160,33,9915.78
160,34,9926.85
160,35,9912.21
160,36,9916.61
160,37,9933.26
160,38,9918.46
160,39,9926.32
160,40,9927.68
160,41,9925.43
160,42,9935.6
160,43,9928.17
160,44,9939.66
160,45,9922.65
160,46,9925.47
160,47,9921.4
160,48,9924.84
160,49,9917.79
160,50,9920.15
160,51,9927.09
160,52,9905.65
160,53,9921.28
160,54,9922.89
160,55,9934.89
160,56,9919.91
160,57,9936.36
160,58,9921.14
160,59,9937.8
160,60,9926.64
160,61,9914.26
160,62,9923.54
160,63,9938.08
160,64,9921.18
160,65,9931.79
160,66,9920.22
160,67,9929.48
160,68,9930
160,69,9933.71
160,70,9924.81
160,71,9906.21
160,72,9931.92
160,73,9918.05
160,74,9936.14
160,75,9916.6
160,76,9936.42
160,77,9911.79
160,78,9918.77
160,79,9921.79
160,80,9918.66
160,81,9903.27
160,82,9924.23
160,83,9920.19
160,84,9916.29
160,85,9913.19
160,86,9917.41
160,87,9934.87
160,88,9926.84
160,89,9918.82
160,90,9914.77
160,91,9948.44
160,92,9931.48
160,93,9929.02
160,94,9924.9
160,95,9925.94
160,96,9927.13
160,97,9932.55
160,98,9923.45
160,99,9929.31
170,0,9943.98
170,1,9923.96
170,2,9938.52
170,3,9925.37
170,4,9922.8
170,5,9919.26
170,6,9934
170,7,9912.8
170,8,9929.74
170,9,9945.11
170,10,9926.76
170,11,9911.95
170,12,9911.88
170,13,9933.2
170,14,9923.18
170,15,9931.29
170,16,9930.86
170,17,9927.82
170,18,9908.51
170,19,9923.81
170,20,9933.27
170,21,9923.61
170,22,9925.29
170,23,9928.12
170,24,9917.42
170,25,9912.14
170,26,9932.28
170,27,9933.71
170,28,9938.57
170,29,9911.83
170,30,9918.33
170,31,9934.76
170,32,9912.12
170,33,9910.44
170,34,9926.57
170,35,9911.98
170,36,9916.35
170,37,9932.98
170,38,9918.21
170,39,9926.06
170,40,9927.42
170,41,9925.17
170,42,9935.31
170,43,9927.89
170,44,9939.39
170,45,9922.4
170,46,9925.21
170,47,9921.14
170,48,9924.59
170,49,9917.55
170,50,9919.9
170,51,9926.83
170,52,9905.42
170,53,9920.99
170,54,9922.66
170,55,9934.6
170,56,9919.65
170,57,9936.09
170,58,9920.88
170,59,9937.53
170,60,9926.37
170,61,9914.03
170,62,9923.31
170,63,9937.8
170,64,9920.95
170,65,9931.52
170,66,9919.99
170,67,9929.19
170,68,9929.73
170,69,9933.42
170,70,9924.53
170,71,9905.99
170,72,9931.66
170,73,9917.81
170,74,9935.84
170,75,9916.36
170,76,9936.13
170,77,9911.56
170,78,9913.6
170,79,9921.5
170,80,9918.4
170,81,9903.05
170,82,9923.97
170,83,9919.95
170,84,9916.04
170,85,9912.96
170,86,9917.16
170,87,9934.59
170,88,9926.6
170,89,9913.13
170,90,9914.54
170,91,9948.15
170,92,9931.21
170,93,9928.75
170,94,9924.66
170,95,9925.69
170,96,9926.89
170,97,9932.27
170,98,9923.17
170,99,9929.05
180,0,9943.68
180,1,9923.66
180,2,9938.22
180,3,9925.07
180,4,9922.5
180,5,9918.96
180,6,9933.7
180,7,9912.5
180,8,9929.44
180,9,9944.81
180,10,9926.46
180,11,9911.65
180,12,9911.58
180,13,9932.9
180,14,9922.88
180,15,9930.99
180,16,9930.56
180,17,9927.52
180,18,9908.21
180,19,9923.51
180,20,9932.97
180,21,9923.31
180,22,9924.99
180,23,9927.82
180,24,9917.12
180,25,9911.84
180,26,9931.98
180,27,9933.41
180,28,9938.27
180,29,9911.53
180,30,9918.03
180,31,9934.46
180,32,9911.82
180,33,9910.14
180,34,9926.27
180,35,9911.68
180,36,9916.05
180,37,9932.68
180,38,9917.91
180,39,9925.76
180,40,9927.12
180,41,9924.87
180,42,9935.01
180,43,9927.59
180,44,9939.09
180,45,9922.1
180,46,9924.91
180,47,9920.84
180,48,9924.29
180,49,9917.25
180,50,9919.6
180,51,9926.53
180,52,9905.12
180,53,9920.69
180,54,9922.36
180,55,9934.3
180,56,9919.35
180,57,9935.79
180,58,9920.58
180,59,9937.23
180,60,9926.07
180,61,9913.73
180,62,9923.01
180,63,9937.5
180,64,9920.65
180,65,9931.22
180,66,9919.69
180,67,9928.89
180,68,9929.43
180,69,9933.12
180,70,9924.23
180,71,9905.69
180,72,9931.36
180,73,9917.51
180,74,9935.54
180,75,9916.06
180,76,9935.83
180,77,9911.26
180,78,9913.3
180,79,9921.2
180,80,9918.1
180,81,9902.75
180,82,9923.67
180,83,9919.65
180,84,9915.74
180,85,9912.66
180,86,9916.86
180,87,9934.29
180,88,9926.3
180,89,9912.83
180,90,9914.24
180,91,9947.85
180,92,9930.91
180,93,9928.45
180,94,9924.36
180,95,9925.39
180,96,9926.59
180,97,9931.97
180,98,9922.87
180,99,9928.75
190,0,9933.64
190,1,9910.64
190,2,9926.77
190,3,9910.6
190,4,9907.18
190,5,9903.07
190,6,9921.18
190,7,9896.81
190,8,9916.05
190,9,9934.52
190,10,9912.98
190,11,9899.19
190,12,9899.82
190,13,9920.78
190,14,9908.44
190,15,9916.71
190,16,9917.41
190,17,9915.31
190,18,9896.43
190,19,9910.48
190,20,9920.3
190,21,9911.4
190,22,9911.34
190,23,9914.38
190,24,9903.01
190,25,9899.4
190,26,9919.12
190,27,9921.58
190,28,9923.74
190,29,9899.2
190,30,9906.54
190,31,9921.73
190,32,9895.94
190,33,9897.97
190,34,9914.18
190,35,9895.17
190,36,9902.32
190,37,9920.57
190,38,9902.2
190,39,9910.11
190,40,9914.68
190,41,9913.52
190,42,9922.9
190,43,9914.77
190,44,9927.64
190,45,9911.14
190,46,9910.27
190,47,9908.16
190,48,9909.63
190,49,9905.5
190,50,9904.3
190,51,9914.19
190,52,9889.12
190,53,9904.62
190,54,9911.28
190,55,9921.65
190,56,9903.91
190,57,9923.71
190,58,9906.65
190,59,9925.21
190,60,9912.19
190,61,9900.94
190,62,9912.6
190,63,9925.74
190,64,9909.58
190,65,9918.29
190,66,9908.83
190,67,9915.68
190,68,9916.32
190,69,9920.63
190,70,9909.81
190,71,9892.36
190,72,9918.74
190,73,9905.85
190,74,9924.68
190,75,9904.18
190,76,9923.74
190,77,9898.78
190,78,9901.59
190,79,9906.45
190,80,9903.57
190,81,9886.85
190,82,9909.03
190,83,9908.95
190,84,9900.31
190,85,9899.9
190,86,9903.88
190,87,9921.86
190,88,9916.36
190,89,9898.93
190,90,9902.35
190,91,9938.1
190,92,9917.82
190,93,9914.68
190,94,9914.13
190,95,9911.18
190,96,9917.23
190,97,9918.49
190,98,9907.85
190,99,9916.08
200,0,9933.35
200,1,9910.38
200,2,9926.5
200,3,9910.36
200,4,9906.94
200,5,9902.83
200,6,9920.91
200,7,9896.58
200,8,9915.81
200,9,9934.25
200,10,9912.75
200,11,9894.46
200,12,9894.37
200,13,9920.53
200,14,9908.19
200,15,9916.46
200,16,9917.14
200,17,9915.04
200,18,9891.32
200,19,9910.24
200,20,9920.04
200,21,9907.33
200,22,9907.21
200,23,9914.11
200,24,9898.1
200,25,9895.07
200,26,9918.85
200,27,9921.31
200,28,9923.49
200,29,9894.16
200,30,9902.05
200,31,9921.48
200,32,9895.68
200,33,9892.64
200,34,9913.92
200,35,9894.95
200,36,9897.47
200,37,9920.31
200,38,9901.97
200,39,9909.86
200,40,9914.4
200,41,9908.89
200,42,9922.62
200,43,9910.73
200,44,9927.38
200,45,9907.23
200,46,9910.03
200,47,9903.59
200,48,9909.39
200,49,9901.31
200,50,9904.07
200,51,9913.94
200,52,9888.88
200,53,9904.38
200,54,9906.6
200,55,9921.37
200,56,9903.66
200,57,9923.46
200,58,9906.42
200,59,9924.95
200,60,9911.94
200,61,9896.59
200,62,9908.09
200,63,9925.47
200,64,9905.25
200,65,9918.03
200,66,9904.02
200,67,9915.4
200,68,9916.06
200,69,9920.37
200,70,9909.55
200,71,9887.3
200,72,9918.49
200,73,9901.78
200,74,9924.38
200,75,9899.77
200,76,9923.47
200,77,9894.29
200,78,9896.43
200,79,9906.18
200,80,9903.32
200,81,9886.62
200,82,9908.79
200,83,9904.55
200,84,9900.07
200,85,9895.32
200,86,9900.06
200,87,9921.6
200,88,9911.99
200,89,9898.68
200,90,9897.81
200,91,9937.82
200,92,9917.57
200,93,9914.43
200,94,9909.71
200,95,9910.94
200,96,9912.92
200,97,9918.23
200,98,9907.58
200,99,9915.83
210,0,9933.05
210,1,9910.08
210,2,9926.2
210,3,9910.06
210,4,9906.64
210,5,9902.53
210,6,9920.61
210,7,9896.28
210,8,9915.51
210,9,9933.95
210,10,9912.45
210,11,9894.16
210,12,9894.07
210,13,9920.23
210,14,9907.89
210,15,9916.16
210,16,9916.84
210,17,9914.74
210,18,9891.02
210,19,9909.94
210,20,9919.74
210,21,9907.03
210,22,9906.91
210,23,9913.81
210,24,9897.8
210,25,9894.77
210,26,9918.55
210,27,9921.01
210,28,9923.19
210,29,9893.86
210,30,9901.75
210,31,9921.18
210,32,9895.38
210,33,9892.34
210,34,9913.62
210,35,9894.65
210,36,9897.17
210,37,9920.01
210,38,9901.67
210,39,9909.56
210,40,9914.1
210,41,9908.59
210,42,9922.32
210,43,9910.43
210,44,9927.08
210,45,9906.93
210,46,9909.73
210,47,9903.29
210,48,9909.09
210,49,9901.01
210,50,9903.77
210,51,9913.64
210,52,9888.58
210,53,9904.08
210,54,9906.3
210,55,9921.07
210,56,9903.36
210,57,9923.16
210,58,9906.12
210,59,9924.65
210,60,9911.64
210,61,9896.29
210,62,9907.79
210,63,9925.17
210,64,9904.95
210,65,9917.73
210,66,9903.72
210,67,9915.1
210,68,9915.76
210,69,9920.07
210,70,9909.25
210,71,9887
210,72,9918.19
210,73,9901.48
210,74,9924.08
210,75,9899.47
210,76,9923.17
210,77,9893.99
210,78,9896.13
210,79,9905.88
210,80,9903.02
210,81,9886.32
210,82,9908.49
210,83,9904.25
210,84,9899.77
210,85,9895.02
210,86,9899.76
210,87,9921.3
210,88,9911.69
210,89,9898.38
210,90,9897.51
210,91,9937.52
210,92,9917.27
210,93,9914.13
210,94,9909.41
210,95,9910.64
210,96,9912.62
210,97,9917.93
210,98,9907.28
210,99,9915.53
220,0,9922.53
220,1,9897.07
220,2,9914.74
220,3,9898.92
220,4,9894.07
220,5,9890.66
220,6,9908.08
220,7,9886.08
220,8,9904.92
220,9,9923.65
220,10,9902.44
220,11,9881.68
220,12,9882.3
220,13,9910.59
220,14,9893.43
220,15,9904.56
220,16,9903.68
220,17,9903.96
220,18,9877.85
220,19,9900.16
220,20,9909.25
220,21,9893.13
220,22,9893.19
220,23,9900.36
220,24,9882.84
220,25,9882.26
220,26,9905.67
220,27,9909.16
220,28,9911.47
220,29,9881.92
220,30,9890.36
220,31,9911.54
220,32,9879.53
220,33,9880.16
220,34,9904.16
220,35,9882.17
220,36,9881.74
220,37,9907.88
220,38,9889.36
220,39,9896.75
220,40,9903.71
220,41,9898.24
220,42,9910.06
220,43,9897.3
220,44,9918.03
220,45,9894.49
220,46,9898.53
220,47,9888.66
220,48,9897.8
220,49,9889.1
220,50,9891.97
220,51,9904.13
220,52,9874.76
220,53,9891.25
220,54,9895.21
220,55,9909.03
220,56,9892.15
220,57,9913.45
220,58,9894.22
220,59,9915.09
220,60,9897.74
220,61,9883.84
220,62,9897.36
220,63,9915.48
220,64,9893.86
220,65,9907.09
220,66,9892.98
220,67,9901.88
220,68,9905.12
220,69,9909.85
220,70,9896.94
220,71,9873.65
220,72,9908.15
220,73,9889.77
220,74,9912.76
220,75,9887.58
220,76,9911.07
220,77,9881.3
220,78,9884.4
220,79,9891.12
220,80,9888.48
220,81,9872.32
220,82,9897.05
220,83,9893.65
220,84,9886.67
220,85,9882.6
220,86,9888.02
220,87,9911.69
220,88,9901.98
220,89,9884.48
220,90,9885.61
220,91,9927.76
220,92,9907.11
220,93,9903.08
220,94,9899.16
220,95,9896.42
220,96,9903.25
220,97,9906.99
220,98,9894.11
220,99,9904.88
230,0,9922.26
230,1,9896.82
230,2,9914.48
230,3,9895.55
230,4,9891.02
230,5,9887.29
230,6,9907.83
230,7,9880.29
230,8,9901.87
230,9,9923.39
230,10,9898.73
230,11,9876.96
230,12,9876.86
230,13,9907.85
230,14,9893.19
230,15,9901.64
230,16,9903.43
230,17,9900.43
230,18,9872.77
230,19,9896.67
230,20,9906.81
230,21,9892.9
230,22,9892.94
230,23,9900.1
230,24,9882.62
230,25,9877.94
230,26,9905.42
230,27,9908.9
230,28,9911.21
230,29,9876.89
230,30,9885.89
230,31,9908.54
230,32,9879.28
230,33,9874.84
230,34,9901.61
230,35,9877.46
230,36,9881.52
230,37,9907.63
230,38,9885.72
230,39,9893.68
230,40,9900.62
230,41,9893.62
230,42,9909.8
230,43,9893.29
230,44,9915.37
230,45,9890.6
230,46,9895.19
230,47,9888.42
230,48,9894.15
230,49,9884.93
230,50,9888.25
230,51,9901.06
230,52,9870.08
230,53,9888.16
230,54,9890.54
230,55,9908.77
230,56,9888.03
230,57,9910.78
230,58,9890.55
230,59,9912.65
230,60,9895.09
230,61,9879.51
230,62,9892.86
230,63,9913.15
230,64,9889.55
230,65,9904.38
230,66,9888.19
230,67,9901.61
230,68,9902.44
230,69,9907.32
230,70,9894.57
230,71,9868.61
230,72,9905.32
230,73,9885.71
230,74,9912.48
230,75,9883.19
230,76,9910.81
230,77,9876.83
230,78,9879.26
230,79,9890.86
230,80,9888.24
230,81,9867.29
230,82,9893.57
230,83,9889.26
230,84,9883.39
230,85,9878.03
230,86,9884.2
230,87,9909.21
230,88,9897.62
230,89,9884.24
230,90,9881.09
230,91,9927.49
230,92,9903.93
230,93,9900.06
230,94,9894.76
230,95,9896.19
230,96,9898.96
230,97,9906.74
230,98,9893.85
230,99,9901.92
240,0,9921.96
240,1,9896.52
240,2,9914.18
240,3,9895.25
240,4,9890.72
240,5,9886.99
240,6,9907.53
240,7,9879.99
240,8,9901.57
240,9,9923.09
240,10,9898.43
240,11,9876.66
240,12,9876.56
240,13,9907.55
240,14,9892.89
240,15,9901.34
240,16,9903.13
240,17,9900.13
240,18,9872.47
240,19,9896.37
240,20,9906.51
240,21,9892.6
240,22,9892.64
240,23,9899.8
240,24,9882.32
240,25,9877.64
240,26,9905.12
240,27,9908.6
240,28,9910.91
240,29,9876.59
240,30,9885.59
240,31,9908.24
240,32,9878.98
240,33,9874.54
240,34,9901.31
240,35,9877.16
240,36,9881.22
240,37,9907.33
240,38,9885.42
240,39,9893.38
240,40,9900.32
240,41,9893.32
240,42,9909.5
240,43,9892.99
240,44,9915.07
240,45,9890.3
240,46,9894.89
240,47,9888.12
240,48,9893.85
240,49,9884.63
240,50,9887.95
240,51,9900.76
240,52,9869.78
240,53,9887.86
240,54,9890.24
240,55,9908.47
240,56,9887.73
240,57,9910.48
240,58,9890.25
240,59,9912.35
240,60,9894.79
240,61,9879.21
240,62,9892.56
240,63,9912.85
240,64,9889.25
240,65,9904.08
240,66,9887.89
240,67,9901.31
240,68,9902.14
240,69,9907.02
240,70,9894.27
240,71,9868.31
240,72,9905.02
240,73,9885.41
240,74,9912.18
240,75,9882.89
240,76,9910.51
240,77,9876.53
240,78,9878.96
240,79,9890.56
240,80,9887.94
240,81,9866.99
240,82,9893.27
240,83,9888.96
240,84,9883.09
240,85,9877.73
240,86,9883.9
240,87,9908.91
240,88,9897.32
240,89,9883.94
240,90,9880.79
240,91,9927.19
240,92,9903.63
240,93,9899.76
240,94,9894.46
240,95,9895.89
240,96,9898.66
240,97,9906.44
240,98,9893.55
240,99,9901.62
250,0,9912.2
250,1,9887.49
250,2,9904.13
250,3,9884.1
250,4,9878.13
250,5,9874.32
250,6,9894.98
250,7,9868.52
250,8,9890.97
250,9,9914.42
250,10,9888.58
250,11,9864.17
250,12,9864.78
250,13,9897.9
250,14,9882.6
250,15,9889.72
250,16,9889.95
250,17,9887.89
250,18,9859.27
250,19,9886.58
250,20,9896
250,21,9881.89
250,22,9878.9
250,23,9886.33
250,24,9869.61
250,25,9865.11
250,26,9892.23
250,27,9896.46
250,28,9899.16
250,29,9864.64
250,30,9874.19
250,31,9898.59
250,32,9863.12
250,33,9862.34
250,34,9891.84
250,35,9864.67
250,36,9870.66
250,37,9896.78
250,38,9873.1
250,39,9883.55
250,40,9887.78
250,41,9882.87
250,42,9897.22
250,43,9879.85
250,44,9906.01
250,45,9877.46
250,46,9883.67
250,47,9877.89
250,48,9883.05
250,49,9873.99
250,50,9876.05
250,51,9891.24
250,52,9855.94
250,53,9874.65
250,54,9880.44
250,55,9895.79
250,56,9876.49
250,57,9900.74
250,58,9878.34
250,59,9902.7
250,60,9883.33
250,61,9866.75
250,62,9882.12
250,63,9903.14
250,64,9878.15
250,65,9893.42
250,66,9877.14
250,67,9889.45
250,68,9891.06
250,69,9894.26
250,70,9881.95
250,71,9854.95
250,72,9894.66
250,73,9873.68
250,74,9900.71
250,75,9870.98
250,76,9899.82
250,77,9863.82
250,78,9867.22
250,79,9877.6
250,80,9877.8
250,81,9852.98
250,82,9881.79
250,83,9878.34
250,84,9869.97
250,85,9865.29
250,86,9871
250,87,9898.79
250,88,9887.35
250,89,9872.14
250,90,9868.87
250,91,9918.82
250,92,9893.45
250,93,9888.68
250,94,9884.19
250,95,9881.65
250,96,9887.99
250,97,9894.83
250,98,9882.36
250,99,9891.12
260,0,9911.17
260,1,9883.25
260,2,9902.46
260,3,9880.74
260,4,9875.09
260,5,9870.97
260,6,9894.74
260,7,9863.44
260,8,9887.93
260,9,9912.53
260,10,9884.88
260,11,9859.47
260,12,9859.35
260,13,9895.18
260,14,9878.2
260,15,9886.81
260,16,9889.71
260,17,9887.65
260,18,9854.2
260,19,9883.1
260,20,9893.58
260,21,9876.86
260,22,9874.8
260,23,9882.86
260,24,9864.72
260,25,9860.8
260,26,9891.99
260,27,9896.21
260,28,9896.59
260,29,9859.63
260,30,9869.72
260,31,9895.61
260,32,9862.89
260,33,9857.04
260,34,9889.31
260,35,9859.97
260,36,9865.57
260,37,9894.54
260,38,9869.48
260,39,9880.47
260,40,9884.73
260,41,9878.26
260,42,9896.97
260,43,9875.85
260,44,9903.36
260,45,9877.22
260,46,9880.34
260,47,9873.26
260,48,9879.41
260,49,9869.82
260,50,9872.34
260,51,9888.18
260,52,9851.28
260,53,9871.6
260,54,9875.77
260,55,9895.54
260,56,9872.38
260,57,9898.08
260,58,9874.68
260,59,9900.27
260,60,9880.66
260,61,9862.43
260,62,9877.64
260,63,9900.82
260,64,9873.85
260,65,9890.73
260,66,9872.35
260,67,9887.82
260,68,9888.39
260,69,9894.02
260,70,9879.59
260,71,9849.92
260,72,9891.84
260,73,9869.64
260,74,9900.44
260,75,9866.6
260,76,9898.14
260,77,9859.36
260,78,9862.1
260,79,9875.54
260,80,9873.17
260,81,9847.96
260,82,9878.33
260,83,9873.97
260,84,9866.71
260,85,9860.73
260,86,9867.21
260,87,9896.32
260,88,9883
260,89,9866.49
260,90,9864.37
260,91,9917.16
260,92,9890.29
260,93,9885.67
260,94,9879.8
260,95,9881.44
260,96,9883.72
260,97,9892.58
260,98,9880.13
260,99,9888.17
270,0,9910.87
270,1,9882.95
270,2,9902.16
270,3,9880.44
270,4,9874.79
270,5,9870.67
270,6,9894.44
270,7,9863.14
270,8,9887.63
270,9,9912.23
270,10,9884.58
270,11,9859.17
270,12,9859.05
270,13,9894.88
270,14,9877.9
270,15,9886.51
270,16,9889.41
270,17,9887.35
270,18,9853.9
270,19,9882.8
270,20,9893.28
270,21,9876.56
270,22,9874.5
270,23,9882.56
270,24,9864.42
270,25,9860.5
270,26,9891.69
270,27,9895.91
270,28,9896.29
270,29,9859.33
270,30,9869.42
270,31,9895.31
270,32,9862.59
270,33,9856.74
270,34,9889.01
270,35,9859.67
270,36,9865.27
270,37,9894.24
270,38,9869.18
270,39,9880.17
270,40,9884.43
270,41,9877.96
270,42,9896.67
270,43,9875.55
270,44,9903.06
270,45,9876.92
270,46,9880.04
270,47,9872.96
270,48,9879.11
270,49,9869.52
270,50,9872.04
270,51,9887.88
270,52,9850.98
270,53,9871.3
270,54,9875.47
270,55,9895.24
270,56,9872.08
270,57,9897.78
270,58,9874.38
270,59,9899.97
270,60,9880.36
270,61,9862.13
270,62,9877.34
270,63,9900.52
270,64,9873.55
270,65,9890.43
270,66,9872.05
270,67,9887.52
270,68,9888.09
270,69,9893.72
270,70,9879.29
270,71,9849.62
270,72,9891.54
270,73,9869.34
270,74,9900.14
270,75,9866.3
270,76,9897.84
270,77,9859.06
270,78,9861.8
270,79,9875.24
270,80,9872.87
270,81,9847.66
270,82,9878.03
270,83,9873.67
270,84,9866.41
270,85,9860.43
270,86,9866.91
270,87,9896.02
270,88,9882.7
270,89,9866.19
270,90,9864.07
270,91,9916.86
270,92,9889.99
270,93,9885.37
270,94,9879.5
270,95,9881.14
270,96,9883.42
270,97,9892.28
270,98,9879.83
270,99,9887.87
280,0,9901.09
280,1,9873.88
280,2,9892.1
280,3,9869.27
280,4,9862.55
280,5,9857.98
280,6,9881.88
280,7,9851.66
280,8,9877.02
280,9,9903.54
280,10,9874.55
280,11,9846.66
280,12,9847.25
280,13,9885.21
280,14,9867.59
280,15,9874.87
280,16,9876.22
280,17,9878.73
280,18,9842.42
280,19,9872.99
280,20,9882.76
280,21,9865.82
280,22,9860.73
280,23,9872.58
280,24,9851.7
280,25,9847.94
280,26,9878.78
280,27,9884.04
280,28,9888.55
280,29,9847.37
280,30,9858.01
280,31,9885.65
280,32,9850.4
280,33,9844.53
280,34,9879.52
280,35,9848.79
280,36,9854.7
280,37,9883.66
280,38,9856.84
280,39,9870.41
280,40,9873.98
280,41,9867.58
280,42,9887.35
280,43,9862.39
280,44,9893.98
280,45,9867.78
280,46,9868.81
280,47,9862.71
280,48,9867.76
280,49,9857.58
280,50,9860.2
280,51,9878.34
280,52,9837.12
280,53,9861.25
280,54,9865.66
280,55,9885.66
280,56,9860.81
280,57,9888.02
280,58,9862.45
280,59,9890.38
280,60,9870.19
280,61,9849.65
280,62,9866.89
280,63,9890.8
280,64,9862.44
280,65,9879.76
280,66,9861.29
280,67,9875.64
280,68,9877.01
280,69,9883.46
280,70,9866.96
280,71,9836.25
280,72,9881.48
280,73,9857.6
280,74,9888.75
280,75,9854.38
280,76,9887.15
280,77,9846.34
280,78,9850.04
280,79,9862.26
280,80,9862.71
280,81,9833.63
280,82,9866.53
280,83,9863.04
280,84,9853.28
280,85,9847.98
280,86,9855.15
280,87,9885.88
280,88,9872.97
280,89,9852.26
280,90,9852.14
280,91,9908.48
280,92,9879.79
280,93,9874.27
280,94,9869.23
280,95,9866.89
280,96,9872.75
280,97,9880.66
280,98,9868.62
280,99,9877.19
290,0,9900.08
290,1,9869.66
290,2,9890.44
290,3,9865.92
290,4,9859.53
290,5,9854.64
290,6,9881.66
290,7,9846.59
290,8,9873.99
290,9,9901.66
290,10,9870.87
290,11,9841.97
290,12,9841.84
290,13,9882.51
290,14,9863.2
290,15,9871.98
290,16,9876
290,17,9874.87
290,18,9837.35
290,19,9869.53
290,20,9880.34
290,21,9860.81
290,22,9860.51
290,23,9868.86
290,24,9846.82
290,25,9843.65
290,26,9878.56
290,27,9883.8
290,28,9885.33
290,29,9842.36
290,30,9853.56
290,31,9882.67
290,32,9846.48
290,33,9839.25
290,34,9877
290,35,9842.48
290,36,9849.62
290,37,9881.44
290,38,9853.23
290,39,9864.28
290,40,9870.92
290,41,9862.99
290,42,9884.15
290,43,9858.4
290,44,9891.35
290,45,9863.83
290,46,9865.5
290,47,9858.09
290,48,9864.14
290,49,9853.44
290,50,9856.51
290,51,9875.3
290,52,9832.48
290,53,9855.03
290,54,9861.01
290,55,9882.32
290,56,9856.72
290,57,9885.37
290,58,9858.81
290,59,9887.97
290,60,9864.61
290,61,9845.35
290,62,9862.41
290,63,9888.49
290,64,9858.16
290,65,9877.08
290,66,9856.52
290,67,9874.03
290,68,9874.36
290,69,9880.97
290,70,9864.61
290,71,9831.23
290,72,9878.67
290,73,9853.57
290,74,9888.41
290,75,9850.02
290,76,9885.48
290,77,9841.9
290,78,9844.93
290,79,9860.22
290,80,9858.09
290,81,9828.63
290,82,9863.08
290,83,9858.68
290,84,9850.03
290,85,9843.44
290,86,9851.35
290,87,9883.43
290,88,9868.64
290,89,9852.06
290,90,9847.64
290,91,9906.84
290,92,9876.64
290,93,9871.28
290,94,9864.85
290,95,9866.69
290,96,9868.49
290,97,9878.43
290,98,9866.4
290,99,9874.26
300,0,9899.78
300,1,9869.36
300,2,9890.14
300,3,9865.62
300,4,9859.23
300,5,9854.34
300,6,9881.36
300,7,9846.29
300,8,9873.69
300,9,9901.36
300,10,9870.57
300,11,9841.67
300,12,9841.54
300,13,9882.21
300,14,9862.9
300,15,9871.68
300,16,9875.7
300,17,9874.57
300,18,9837.05
300,19,9869.23
300,20,9880.04
300,21,9860.51
300,22,9860.21
300,23,9868.56
300,24,9846.52
300,25,9843.35
300,26,9878.26
300,27,9883.5
300,28,9885.03
300,29,9842.06
300,30,9853.26
300,31,9882.37
300,32,9846.18
300,33,9838.95
300,34,9876.7
300,35,9842.18
300,36,9849.32
300,37,9881.14
300,38,9852.93
300,39,9863.98
300,40,9870.62
300,41,9862.69
300,42,9883.85
300,43,9858.1
300,44,9891.05
300,45,9863.53
300,46,9865.2
300,47,9857.79
300,48,9863.84
300,49,9853.14
300,50,9856.21
300,51,9875
300,52,9832.18
300,53,9854.73
300,54,9860.71
300,55,9882.02
300,56,9856.42
300,57,9885.07
300,58,9858.51
300,59,9887.67
300,60,9864.31
300,61,9845.05
300,62,9862.11
300,63,9888.19
300,64,9857.86
300,65,9876.78
300,66,9856.22
300,67,9873.73
300,68,9874.06
300,69,9880.67
300,70,9864.31
300,71,9830.93
300,72,9878.37
300,73,9853.27
300,74,9888.11
300,75,9849.72
300,76,9885.18
300,77,9841.6
300,78,9844.63
300,79,9859.92
300,80,9857.79
300,81,9828.33
300,82,9862.78
300,83,9858.38
300,84,9849.73
300,85,9843.14
300,86,9851.05
300,87,9883.13
300,88,9868.34
300,89,9851.76
300,90,9847.34
300,91,9906.54
300,92,9876.34
300,93,9870.98
300,94,9864.55
300,95,9866.39
300,96,9868.19
300,97,9878.13
300,98,9866.1
300,99,9873.96
310,0,9889.99
310,1,9861.57
310,2,9879.24
310,3,9854.45
310,4,9846.97
310,5,9842.45
310,6,9868.78
310,7,9836.12
310,8,9863.93
310,9,9892.67
310,10,9861.25
310,11,9829.15
310,12,9829.73
310,13,9871.9
310,14,9852.58
310,15,9862.46
310,16,9862.49
310,17,9867.13
310,18,9825.58
310,19,9859.41
310,20,9869.51
310,21,9851.39
310,22,9847.39
310,23,9858.56
310,24,9836.47
310,25,9832.04
310,26,9865.34
310,27,9871.61
310,28,9877.25
310,29,9830.09
310,30,9841.83
310,31,9872.7
310,32,9834.09
310,33,9826.72
310,34,9865.02
310,35,9833.34
310,36,9838.74
310,37,9870.07
310,38,9840.59
310,39,9853.35
310,40,9859.83
310,41,9853.45
310,42,9874.51
310,43,9846.3
310,44,9881.96
310,45,9853.75
310,46,9853.95
310,47,9847.53
310,48,9853.7
310,49,9845.14
310,50,9844.91
310,51,9865.44
310,52,9821.25
310,53,9841.93
310,54,9849.58
310,55,9873.54
310,56,9845.29
310,57,9875.33
310,58,9850.66
310,59,9877.96
310,60,9854.71
310,61,9834.88
310,62,9851.65
310,63,9878.46
310,64,9846.73
310,65,9868.18
310,66,9845.44
310,67,9861.8
310,68,9864.55
310,69,9870.4
310,70,9851.96
310,71,9817.55
310,72,9867.38
310,73,9841.64
310,74,9877.4
310,75,9840.05
310,76,9874.47
310,77,9828.86
310,78,9832.86
310,79,9846.88
310,80,9844.72
310,81,9817.78
310,82,9851.84
310,83,9847.74
310,84,9836.59
310,85,9834.12
310,86,9840.16
310,87,9873.48
310,88,9858.34
310,89,9841
310,90,9835.4
310,91,9898.14
310,92,9866.14
310,93,9860.45
310,94,9854.26
310,95,9857.79
310,96,9858.67
310,97,9867.88
310,98,9853.6
310,99,9863.43
320,0,9888.99
320,1,9853.9
320,2,9877.6
320,3,9851.11
320,4,9846.06
320,5,9839.1
320,6,9868.57
320,7,9830.38
320,8,9860.06
320,9,9890.8
320,10,9855.86
320,11,9824.48
320,12,9824.33
320,13,9869.22
320,14,9848.21
320,15,9857.15
320,16,9862.28
320,17,9860.36
320,18,9820.52
320,19,9854.57
320,20,9867.11
320,21,9843.56
320,22,9843.31
320,23,9854.85
320,24,9831.58
320,25,9826.41
320,26,9865.13
320,27,9870.91
320,28,9872.35
320,29,9825.1
320,30,9837.4
320,31,9869.74
320,32,9827.59
320,33,9821.45
320,34,9862.51
320,35,9824.99
320,36,9833.67
320,37,9867.87
320,38,9836.99
320,39,9850.3
320,40,9856.78
320,41,9848.86
320,42,9871.32
320,43,9844.72
320,44,9879.34
320,45,9849.82
320,46,9850.66
320,47,9842.92
320,48,9849.1
320,49,9837.07
320,50,9840.58
320,51,9860.94
320,52,9813.67
320,53,9838.88
320,54,9847.82
320,55,9870.2
320,56,9840.73
320,57,9872.69
320,58,9843.13
320,59,9875.57
320,60,9849.67
320,61,9828.27
320,62,9847.19
320,63,9876.17
320,64,9842.46
320,65,9863.43
320,66,9840.69
320,67,9860.21
320,68,9861.91
320,69,9867.91
320,70,9849.63
320,71,9812.55
320,72,9864.6
320,73,9837.5
320,74,9877.11
320,75,9831.55
320,76,9872.82
320,77,9824.43
320,78,9827.76
320,79,9844.85
320,80,9840.17
320,81,9809.35
320,82,9848.4
320,83,9843.39
320,84,9833.35
320,85,9826.15
320,86,9834.93
320,87,9871.04
320,88,9854.02
320,89,9834.07
320,90,9830.92
320,91,9896.51
320,92,9863
320,93,9857.47
320,94,9849.9
320,95,9851.94
320,96,9854.42
320,97,9865.67
320,98,9851.4
320,99,9860.24
330,0,9888.69
330,1,9853.6
330,2,9877.3
330,3,9850.81
330,4,9845.76
330,5,9838.8
330,6,9868.27
330,7,9830.08
330,8,9859.76
330,9,9890.5
330,10,9855.56
330,11,9824.18
330,12,9824.03
330,13,9868.92
330,14,9847.91
330,15,9856.85
330,16,9861.98
330,17,9860.06
330,18,9820.22
330,19,9854.27
330,20,9866.81
330,21,9843.26
330,22,9843.01
330,23,9854.55
330,24,9831.28
330,25,9826.11
330,26,9864.83
330,27,9870.61
330,28,9872.05
330,29,9824.8
330,30,9837.1
330,31,9869.44
330,32,9827.29
330,33,9821.15
330,34,9862.21
330,35,9824.69
330,36,9833.37
330,37,9867.57
330,38,9836.69
330,39,9850
330,40,9856.48
330,41,9848.56
330,42,9871.02
330,43,9844.42
330,44,9879.04
330,45,9849.52
330,46,9850.36
330,47,9842.62
330,48,9848.8
330,49,9836.77
330,50,9840.28
330,51,9860.64
330,52,9813.37
330,53,9838.58
330,54,9847.52
330,55,9869.9
330,56,9840.43
330,57,9872.39
330,58,9842.83
330,59,9875.27
330,60,9849.37
330,61,9827.97
330,62,9846.89
330,63,9875.87
330,64,9842.16
330,65,9863.13
330,66,9840.39
330,67,9859.91
330,68,9861.61
330,69,9867.61
330,70,9849.33
330,71,9812.25
330,72,9864.3
330,73,9837.2
330,74,9876.81
330,75,9831.25
330,76,9872.52
330,77,9824.13
330,78,9827.46
330,79,9844.55
330,80,9839.87
330,81,9809.05
330,82,9848.1
330,83,9843.09
330,84,9833.05
330,85,9825.85
330,86,9834.63
330,87,9870.74
330,88,9853.72
330,89,9833.77
330,90,9830.62
330,91,9896.21
330,92,9862.7
330,93,9857.17
330,94,9849.6
330,95,9851.64
330,96,9854.12
330,97,9865.37
330,98,9851.1
330,99,9859.94
340,0,9879.92
340,1,9844.55
340,2,9867.21
340,3,9839.62
340,4,9833.48
340,5,9828.72
340,6,9857.7
340,7,9820.93
340,8,9849.98
340,9,9882.09
340,10,9846.51
340,11,9813.8
340,12,9813.45
340,13,9859.22
340,14,9837.57
340,15,9847.62
340,16,9852.14
340,17,9851.54
340,18,9813.28
340,19,9844.43
340,20,9856.27
340,21,9834.13
340,22,9830.18
340,23,9844.54
340,24,9821.21
340,25,9814.78
340,26,9853.12
340,27,9859.65
340,28,9862.75
340,29,9817.51
340,30,9827.52
340,31,9861.12
340,32,9815.18
340,33,9813.2
340,34,9853.25
340,35,9816.09
340,36,9822.77
340,37,9858.16
340,38,9827.39
340,39,9840.53
340,40,9847.48
340,41,9838.79
340,42,9861.81
340,43,9832.6
340,44,9869.94
340,45,9840.27
340,46,9839.29
340,47,9832.35
340,48,9838.64
340,49,9828.74
340,50,9828.97
340,51,9851.51
340,52,9802.43
340,53,9828.62
340,54,9837.68
340,55,9860.29
340,56,9829.29
340,57,9863.4
340,58,9834.99
340,59,9865.79
340,60,9839.07
340,61,9817.79
340,62,9836.41
340,63,9866.35
340,64,9831.02
340,65,9854.91
340,66,9829.59
340,67,9851.14
340,68,9852.36
340,69,9857.33
340,70,9838.37
340,71,9803.08
340,72,9854.21
340,73,9829.6
340,74,9864.13
340,75,9824.14
340,76,9861.8
340,77,9812.74
340,78,9818.53
340,79,9831.54
340,80,9829.69
340,81,9798.57
340,82,9838.36
340,83,9832.43
340,84,9823.61
340,85,9816.81
340,86,9823.72
340,87,9861.66
340,88,9843.96
340,89,9825.38
340,90,9822.83
340,91,9887.79
340,92,9853.51
340,93,9846.63
340,94,9839.29
340,95,9843.03
340,96,9843.41
340,97,9854.98
340,98,9838.59
340,99,9850.09
350,0,9877.9
350,1,9836.91
350,2,9864.76
350,3,9836.3
350,4,9832.59
350,5,9822.69
350,6,9855.48
350,7,9814.16
350,8,9846.12
350,9,9879.94
350,10,9840.85
350,11,9806.98
350,12,9806.82
350,13,9855.92
350,14,9833.21
350,15,9842.33
350,16,9848.57
350,17,9844.79
350,18,9803.7
350,19,9839.61
350,20,9853.88
350,21,9828.4
350,22,9826.11
350,23,9840.84
350,24,9813.68
350,25,9809.16
350,26,9851.7
350,27,9858.02
350,28,9859.58
350,29,9807.83
350,30,9821.23
350,31,9856.81
350,32,9808.69
350,33,9803.65
350,34,9848.03
350,35,9807.5
350,36,9816.06
350,37,9854.29
350,38,9820.75
350,39,9836.32
350,40,9842.64
350,41,9834.3
350,42,9858.5
350,43,9827.91
350,44,9867.34
350,45,9835.73
350,46,9835.81
350,47,9827.76
350,48,9834.06
350,49,9820.69
350,50,9824.63
350,51,9846.58
350,52,9794.87
350,53,9822.74
350,54,9834.63
350,55,9856.97
350,56,9824.74
350,57,9860.1
350,58,9827.48
350,59,9863.14
350,60,9835.9
350,61,9811.19
350,62,9831.96
350,63,9863.84
350,64,9826.76
350,65,9849.95
350,66,9824.86
350,67,9846.37
350,68,9849.47
350,69,9854.86
350,70,9834.65
350,71,9793.86
350,72,9850.53
350,73,9821.44
350,74,9863.8
350,75,9816.67
350,76,9860.16
350,77,9806.97
350,78,9810.59
350,79,9829.48
350,80,9822.25
350,81,9790.07
350,82,9833.72
350,83,9828.1
350,84,9816.67
350,85,9808.85
350,86,9817.85
350,87,9858.06
350,88,9839.4
350,89,9816.09
350,90,9814.2
350,91,9886.18
350,92,9849.36
350,93,9843.66
350,94,9834.94
350,95,9837.2
350,96,9839.19
350,97,9850.33
350,98,9836.4
350,99,9846.2
360,0,9877.6
360,1,9836.61
360,2,9864.46
360,3,9836
360,4,9832.29
360,5,9822.39
360,6,9855.18
360,7,9813.86
360,8,9845.82
360,9,9879.64
360,10,9840.55
360,11,9806.68
360,12,9806.52
360,13,9855.62
360,14,9832.91
360,15,9842.03
360,16,9848.27
360,17,9844.49
360,18,9803.4
360,19,9839.31
360,20,9853.58
360,21,9828.1
360,22,9825.81
360,23,9840.54
360,24,9813.38
360,25,9808.86
360,26,9851.4
360,27,9857.72
360,28,9859.28
360,29,9807.53
360,30,9820.93
360,31,9856.51
360,32,9808.39
360,33,9803.35
360,34,9847.73
360,35,9807.2
360,36,9815.76
360,37,9853.99
360,38,9820.45
360,39,9836.02
360,40,9842.34
360,41,9834
360,42,9858.2
360,43,9827.61
360,44,9867.04
360,45,9835.43
360,46,9835.51
360,47,9827.46
360,48,9833.76
360,49,9820.39
360,50,9824.33
360,51,9846.28
360,52,9794.57
360,53,9822.44
360,54,9834.33
360,55,9856.67
360,56,9824.44
360,57,9859.8
360,58,9827.18
360,59,9862.84
360,60,9835.6
360,61,9810.89
360,62,9831.66
360,63,9863.54
360,64,9826.46
360,65,9849.65
360,66,9824.56
360,67,9846.07
360,68,9849.17
360,69,9854.56
360,70,9834.35
360,71,9793.56
360,72,9850.23
360,73,9821.14
360,74,9863.5
360,75,9816.37
360,76,9859.86
360,77,9806.67
360,78,9810.29
360,79,9829.18
360,80,9821.95
360,81,9789.77
360,82,9833.42
360,83,9827.8
360,84,9816.37
360,85,9808.55
360,86,9817.55
360,87,9857.76
360,88,9839.1
360,89,9815.79
360,90,9813.9
360,91,9885.88
360,92,9849.06
360,93,9843.36
360,94,9834.64
360,95,9836.9
360,96,9838.89
360,97,9850.03
360,98,9836.1
360,99,9845.9
370,0,9868.81
370,1,9830.46
370,2,9854.36
370,3,9826.4
370,4,9823.3
370,5,9812.3
370,6,9846.99
370,7,9806.5
370,8,9837.85
370,9,9871.43
370,10,9834.02
370,11,9797.27
370,12,9800.3
370,13,9847.75
370,14,9827.96
370,15,9832.78
370,16,9840.24
370,17,9837.68
370,18,9796.45
370,19,9831.55
370,20,9844.17
370,21,9819.63
370,22,9817.83
370,23,9833.14
370,24,9804.96
370,25,9799.65
370,26,9843.69
370,27,9848.35
370,28,9851.82
370,29,9801.29
370,30,9814.73
370,31,9850.34
370,32,9799.78
370,33,9796.2
370,34,9838.93
370,35,9798.58
370,36,9807.96
370,37,9845.41
370,38,9811.95
370,39,9826.54
370,40,9833.32
370,41,9825.27
370,42,9851.11
370,43,9819.58
370,44,9860.03
370,45,9828.5
370,46,9826.78
370,47,9821.59
370,48,9823.59
370,49,9812.83
370,50,9813.01
370,51,9837.14
370,52,9786.12
370,53,9812.42
370,54,9827.06
370,55,9848.54
370,56,9815.73
370,57,9852.08
370,58,9819.48
370,59,9854.36
370,60,9828.58
370,61,9803.28
370,62,9824.17
370,63,9855.47
370,64,9817.81
370,65,9841.42
370,66,9814.95
370,67,9837.47
370,68,9839.84
370,69,9847.03
370,70,9823.37
370,71,9786.14
370,72,9841.92
370,73,9814.84
370,74,9855.82
370,75,9809.24
370,76,9850.15
370,77,9797.42
370,78,9801.35
370,79,9820.88
370,80,9813.07
370,81,9784.54
370,82,9825.22
370,83,9821.83
370,84,9806.92
370,85,9800.35
370,86,9808.23
370,87,9849.7
370,88,9832.11
370,89,9810.04
370,90,9806.3
370,91,9877.84
370,92,9839.85
370,93,9832.81
370,94,9827.26
370,95,9833.4
370,96,9832.38
370,97,9841.6
370,98,9827.21
370,99,9838.05
380,0,9866.81
380,1,9822.61
380,2,9852.74
380,3,9821.49
380,4,9816.7
380,5,9806.34
380,6,9842.4
380,7,9795.44
380,8,9832.18
380,9,9869.07
380,10,9826.7
380,11,9789.49
380,12,9789.31
380,13,9842.79
380,14,9818.22
380,15,9827.5
380,16,9834.85
380,17,9832.02
380,18,9785.18
380,19,9824.53
380,20,9840.65
380,21,9812.68
380,22,9811.87
380,23,9826.83
380,24,9795.79
380,25,9791.91
380,26,9838.27
380,27,9845.01
380,28,9847.31
380,29,9790.57
380,30,9805.02
380,31,9843.87
380,32,9791.91
380,33,9785.85
380,34,9833.72
380,35,9790.01
380,36,9798.44
380,37,9841.16
380,38,9804.5
380,39,9822.35
380,40,9828.72
380,41,9819.7
380,42,9845.67
380,43,9814.22
380,44,9855.33
380,45,9821.64
380,46,9820.97
380,47,9812.59
380,48,9819.02
380,49,9804.31
380,50,9808.69
380,51,9832.1
380,52,9776.07
380,53,9808.03
380,54,9817.83
380,55,9843.74
380,56,9808.66
380,57,9847.41
380,58,9811.77
380,59,9850.73
380,60,9821.32
380,61,9794.11
380,62,9816.74
380,63,9851.51
380,64,9811.07
380,65,9836.47
380,66,9808.89
380,67,9832.73
380,68,9835.68
380,69,9841.56
380,70,9819.67
380,71,9775.17
380,72,9837.01
380,73,9805.37
380,74,9851.8
380,75,9800.07
380,76,9847.5
380,77,9789.37
380,78,9793.43
380,79,9814.16
380,80,9804.34
380,81,9770.8
380,82,9818.52
380,83,9812.81
380,84,9800
380,85,9791.56
380,86,9800.81
380,87,9845.14
380,88,9824.79
380,89,9798.38
380,90,9797.47
380,91,9875.85
380,92,9835.71
380,93,9829.32
380,94,9819.99
380,95,9822.45
380,96,9823.95
380,97,9836.21
380,98,9821.4
380,99,9832.13
390,0,9866.51
390,1,9822.31
390,2,9852.44
390,3,9821.19
390,4,9816.4
390,5,9806.04
390,6,9842.1
390,7,9795.14
390,8,9831.88
390,9,9868.77
390,10,9826.4
390,11,9789.19
390,12,9789.01
390,13,9842.49
390,14,9817.92
390,15,9827.2
390,16,9834.55
390,17,9831.72
390,18,9784.88
390,19,9824.23
390,20,9840.35
390,21,9812.38
390,22,9811.57
390,23,9826.53
390,24,9795.49
390,25,9791.61
390,26,9837.97
390,27,9844.71
390,28,9847.01
390,29,9790.27
390,30,9804.72
390,31,9843.57
390,32,9791.61
390,33,9785.55
390,34,9833.42
390,35,9789.71
390,36,9798.14
390,37,9840.86
390,38,9804.2
390,39,9822.05
390,40,9828.42
390,41,9819.4
390,42,9845.37
390,43,9813.92
390,44,9855.03
390,45,9821.34
390,46,9820.67
390,47,9812.29
390,48,9818.72
390,49,9804.01
390,50,9808.39
390,51,9831.8
390,52,9775.77
390,53,9807.73
390,54,9817.53
390,55,9843.44
390,56,9808.36
390,57,9847.11
390,58,9811.47
390,59,9850.43
390,60,9821.02
390,61,9793.81
390,62,9816.44
390,63,9851.21
390,64,9810.77
390,65,9836.17
390,66,9808.59
390,67,9832.43
390,68,9835.38
390,69,9841.26
390,70,9819.37
390,71,9774.87
390,72,9836.71
390,73,9805.07
390,74,9851.5
390,75,9799.77
390,76,9847.2
390,77,9789.07
390,78,9793.13
390,79,9813.86
390,80,9804.04
390,81,9770.5
390,82,9818.22
390,83,9812.51
390,84,9799.7
390,85,9791.26
390,86,9800.51
390,87,9844.84
390,88,9824.49
390,89,9798.08
390,90,9797.17
390,91,9875.55
390,92,9835.41
390,93,9829.02
390,94,9819.69
390,95,9822.15
390,96,9823.65
390,97,9835.91
390,98,9821.1
390,99,9831.83
400,0,9859.43
400,1,9818.28
400,2,9847.84
400,3,9815.48
400,4,9808.64
400,5,9798.42
400,6,9839
400,7,9791.86
400,8,9825.93
400,9,9862
400,10,9822.29
400,11,9781.16
400,12,9783.39
400,13,9834.71
400,14,9812.95
400,15,9820.28
400,16,9831.6
400,17,9827.23
400,18,9780.06
400,19,9819.95
400,20,9833.35
400,21,9806.19
400,22,9803.58
400,23,9819.12
400,24,9790.97
400,25,9787.08
400,26,9830.99
400,27,9839.12
400,28,9842.81
400,29,9784.49
400,30,9798.53
400,31,9837.53
400,32,9782.94
400,33,9779.82
400,34,9826.72
400,35,9786.41
400,36,9790.33
400,37,9836.68
400,38,9797.38
400,39,9817.6
400,40,9824.77
400,41,9816.31
400,42,9839.38
400,43,9806.69
400,44,9848.01
400,45,9815.74
400,46,9814.99
400,47,9806.4
400,48,9812.29
400,49,9799.44
400,50,9802.44
400,51,9826.45
400,52,9770.39
400,53,9799.58
400,54,9813.09
400,55,9835.3
400,56,9799.64
400,57,9843.82
400,58,9805.99
400,59,9844.65
400,60,9814.99
400,61,9786.39
400,62,9811.59
400,63,9845.72
400,64,9805.32
400,65,9830.16
400,66,9805.14
400,67,9825.01
400,68,9828.31
400,69,9835.31
400,70,9811.9
400,71,9767.43
400,72,9828.39
400,73,9798.75
400,74,9844.36
400,75,9794.24
400,76,9840.58
400,77,9784.63
400,78,9788.28
400,79,9805.58
400,80,9796.16
400,81,9765.25
400,82,9812.42
400,83,9806.74
400,84,9793.23
400,85,9785.38
400,86,9794.68
400,87,9841.38
400,88,9817.48
400,89,9792.31
400,90,9789.57
400,91,9868.55
400,92,9832.17
400,93,9822.3
400,94,9815.6
400,95,9818.64
400,96,9818.78
400,97,9829.34
400,98,9816.03
400,99,9827.78
410,0,9855.72
410,1,9808.31
410,2,9840.73
410,3,9806.68
410,4,9803.55
410,5,9789.91
410,6,9829.31
410,7,9776.73
410,8,9818.24
410,9,9858.21
410,10,9812.55
410,11,9771.99
410,12,9771.8
410,13,9829.66
410,14,9803.22
410,15,9812.67
410,16,9821.14
410,17,9819.24
410,18,9766.61
410,19,9809.45
410,20,9827.42
410,21,9796.89
410,22,9797.59
410,23,9812.83
410,24,9777.89
410,25,9774.67
410,26,9824.84
410,27,9832
410,28,9834.55
410,29,9773.3
410,30,9788.8
410,31,9830.94
410,32,9775.08
410,33,9768.05
410,34,9819.41
410,35,9772.52
410,36,9780.83
410,37,9827.97
410,38,9788.26
410,39,9808.37
410,40,9814.79
410,41,9803.42
410,42,9832.85
410,43,9797.41
410,44,9843.32
410,45,9807.54
410,46,9806.13
410,47,9797.42
410,48,9803.76
410,49,9787.93
410,50,9792.8
410,51,9817.63
410,52,9757.27
410,53,9793.22
410,54,9801.04
410,55,9830.52
410,56,9793.01
410,57,9834.71
410,58,9795.97
410,59,9838.36
410,60,9806.73
410,61,9777.03
410,62,9801.52
410,63,9839.19
410,64,9795.37
410,65,9822.99
410,66,9792.92
410,67,9818.94
410,68,9821.58
410,69,9828.51
410,70,9804.69
410,71,9756.48
410,72,9823.85
410,73,9789.3
410,74,9839.9
410,75,9783.37
410,76,9834.84
410,77,9771.76
410,78,9776.26
410,79,9798.84
410,80,9786.42
410,81,9751.52
410,82,9803.28
410,83,9797.52
410,84,9783.32
410,85,9774.26
410,86,9783.71
410,87,9832.15
410,88,9810.17
410,89,9780.62
410,90,9780.75
410,91,9865.52
410,92,9822.07
410,93,9814.93
410,94,9805.04
410,95,9807.7
410,96,9809.92
410,97,9822.15
410,98,9807.67
410,99,9818.07
420,0,9855.42
420,1,9808.01
420,2,9840.43
420,3,9806.38
420,4,9803.25
420,5,9789.61
420,6,9829.01
420,7,9776.43
420,8,9817.94
420,9,9857.91
420,10,9812.25
420,11,9771.69
420,12,9771.5
420,13,9829.36
420,14,9802.92
420,15,9812.37
420,16,9820.84
420,17,9818.94
420,18,9766.31
420,19,9809.15
420,20,9827.12
420,21,9796.59
420,22,9797.29
420,23,9812.53
420,24,9777.59
420,25,9774.37
420,26,9824.54
420,27,9831.7
420,28,9834.25
420,29,9773
420,30,9788.5
420,31,9830.64
420,32,9774.78
420,33,9767.75
420,34,9819.11
420,35,9772.22
420,36,9780.53
420,37,9827.67
420,38,9787.96
420,39,9808.07
420,40,9814.49
420,41,9803.12
420,42,9832.55
420,43,9797.11
420,44,9843.02
420,45,9807.24
420,46,9805.83
420,47,9797.12
420,48,9803.46
420,49,9787.63
420,50,9792.5
420,51,9817.33
420,52,9756.97
420,53,9792.92
420,54,9800.74
420,55,9830.22
420,56,9792.71
420,57,9834.41
420,58,9795.67
420,59,9838.06
420,60,9806.43
420,61,9776.73
420,62,9801.22
420,63,9838.89
420,64,9795.07
420,65,9822.69
420,66,9792.62
420,67,9818.64
420,68,9821.28
420,69,9828.21
420,70,9804.39
420,71,9756.18
420,72,9823.55
420,73,9789
420,74,9839.6
420,75,9783.07
420,76,9834.54
420,77,9771.46
420,78,9775.96
420,79,9798.54
420,80,9786.12
420,81,9751.22
420,82,9802.98
420,83,9797.22
420,84,9783.02
420,85,9773.96
420,86,9783.41
420,87,9831.85
420,88,9809.87
420,89,9780.32
420,90,9780.45
420,91,9865.22
420,92,9821.77
420,93,9814.63
420,94,9804.74
420,95,9807.4
420,96,9809.62
420,97,9821.85
420,98,9807.37
420,99,9817.77
430,0,9852.38
430,1,9803.97
430,2,9838.16
430,3,9802.07
430,4,9800.61
430,5,9786.68
430,6,9825.9
430,7,9773.13
430,8,9814.63
430,9,9852.77
430,10,9808.13
430,11,9768.27
430,12,9768.74
430,13,9825.63
430,14,9800.37
430,15,9808.62
430,16,9817.87
430,17,9814.43
430,18,9764.88
430,19,9804.86
430,20,9824.85
430,21,9793.87
430,22,9794.42
430,23,9808.32
430,24,9773.06
430,25,9770.31
430,26,9821.77
430,27,9828.01
430,28,9830.43
430,29,9772.67
430,30,9784.4
430,31,9825.72
430,32,9771.06
430,33,9765.34
430,34,9815.25
430,35,9768.9
430,36,9775.74
430,37,9823.47
430,38,9785.82
430,39,9803.61
430,40,9810.83
430,41,9800.02
430,42,9827.67
430,43,9794.15
430,44,9840.26
430,45,9801.9
430,46,9803.14
430,47,9793.08
430,48,9800.7
430,49,9785.34
430,50,9789.96
430,51,9813.7
430,52,9754.03
430,53,9786.87
430,54,9800.44
430,55,9826.29
430,56,9789.31
430,57,9832.91
430,58,9793.04
430,59,9834.34
430,60,9801.37
430,61,9771.2
430,62,9797.01
430,63,9835.08
430,64,9792.66
430,65,9818.1
430,66,9789.16
430,67,9815.66
430,68,9816.75
430,69,9824.27
430,70,9800.49
430,71,9752.86
430,72,9820.77
430,73,9787.46
430,74,9837.28
430,75,9777.56
430,76,9832.36
430,77,9767.63
430,78,9772.3
430,79,9795.41
430,80,9780.29
430,81,9747.94
430,82,9798.13
430,83,9794.05
430,84,9778.89
430,85,9769.78
430,86,9781.69
430,87,9828.38
430,88,9806.43
430,89,9780.02
430,90,9777.09
430,91,9860.07
430,92,9818.52
430,93,9812.06
430,94,9800.64
430,95,9807.1
430,96,9806.13
430,97,9819.17
430,98,9803.4
430,99,9813.7
440,0,9844.63
440,1,9794.02
440,2,9828.71
440,3,9791.87
440,4,9787.66
440,5,9773.57
440,6,9816.23
440,7,9758.01
440,8,9804.31
440,9,9847.35
440,10,9798.4
440,11,9754.5
440,12,9754.29
440,13,9816.52
440,14,9788.23
440,15,9797.85
440,16,9807.42
440,17,9806.46
440,18,9748.07
440,19,9794.36
440,20,9814.19
440,21,9781.18
440,22,9783.35
440,23,9798.82
440,24,9759.99
440,25,9757.42
440,26,9811.41
440,27,9818.99
440,28,9822.27
440,29,9756.04
440,30,9772.58
440,31,9818.01
440,32,9758.29
440,33,9750.25
440,34,9805.11
440,35,9755.03
440,36,9763.21
440,37,9815.29
440,38,9772.02
440,39,9794.4
440,40,9800.87
440,41,9788.98
440,42,9820.02
440,43,9783.73
440,44,9831.31
440,45,9793.45
440,46,9791.28
440,47,9779.8
440,48,9788.72
440,49,9771.55
440,50,9776.83
440,51,9803.15
440,52,9738.46
440,53,9778.44
440,54,9784.24
440,55,9817.29
440,56,9777.39
440,57,9822
440,58,9780.19
440,59,9825.92
440,60,9792.16
440,61,9759.95
440,62,9786.29
440,63,9826.86
440,64,9779.67
440,65,9809.51
440,66,9776.95
440,67,9805.14
440,68,9807.86
440,69,9815.21
440,70,9789.71
440,71,9737.79
440,72,9810.31
440,73,9773.23
440,74,9827.86
440,75,9766.7
440,76,9822.18
440,77,9754.16
440,78,9759.09
440,79,9783.52
440,80,9768.5
440,81,9732.24
440,82,9788.08
440,83,9782.23
440,84,9766.64
440,85,9756.97
440,86,9766.69
440,87,9819.24
440,88,9795.56
440,89,9762.9
440,90,9764.03
440,91,9855.42
440,92,9808.43
440,93,9800.58
440,94,9790.08
440,95,9792.95
440,96,9794.69
440,97,9807.46
440,98,9792.68
440,99,9804
450,0,9844.33
450,1,9793.72
450,2,9828.41
450,3,9791.57
450,4,9787.36
450,5,9773.27
450,6,9815.93
450,7,9757.71
450,8,9804.01
450,9,9847.05
450,10,9798.1
450,11,9754.2
450,12,9753.99
450,13,9816.22
450,14,9787.93
450,15,9797.55
450,16,9807.12
450,17,9806.16
450,18,9747.77
450,19,9794.06
450,20,9813.89
450,21,9780.88
450,22,9783.05
450,23,9798.52
450,24,9759.69
450,25,9757.12
450,26,9811.11
450,27,9818.69
450,28,9821.97
450,29,9755.74
450,30,9772.28
450,31,9817.71
450,32,9757.99
450,33,9749.95
450,34,9804.81
450,35,9754.73
450,36,9762.91
450,37,9814.99
450,38,9771.72
450,39,9794.1
450,40,9800.57
450,41,9788.68
450,42,9819.72
450,43,9783.43
450,44,9831.01
450,45,9793.15
450,46,9790.98
450,47,9779.5
450,48,9788.42
450,49,9771.25
450,50,9776.53
450,51,9802.85
450,52,9738.16
450,53,9778.14
450,54,9783.94
450,55,9816.99
450,56,9777.09
450,57,9821.7
450,58,9779.89
450,59,9825.62
450,60,9791.86
450,61,9759.65
450,62,9785.99
450,63,9826.56
450,64,9779.37
450,65,9809.21
450,66,9776.65
450,67,9804.84
450,68,9807.56
450,69,9814.91
450,70,9789.41
450,71,9737.49
450,72,9810.01
450,73,9772.93
450,74,9827.56
450,75,9766.4
450,76,9821.88
450,77,9753.86
450,78,9758.79
450,79,9783.22
450,80,9768.2
450,81,9731.94
450,82,9787.78
450,83,9781.93
450,84,9766.34
450,85,9756.67
450,86,9766.39
450,87,9818.94
450,88,9795.26
450,89,9762.6
450,90,9763.73
450,91,9855.12
450,92,9808.13
450,93,9800.28
450,94,9789.78
450,95,9792.65
450,96,9794.39
450,97,9807.16
450,98,9792.38
450,99,9803.7
460,0,9844.03
460,1,9790.96
460,2,9826.13
460,3,9789.24
460,4,9784.7
460,5,9771.56
460,6,9815.63
460,7,9757.41
460,8,9803.71
460,9,9844.26
460,10,9797.8
460,11,9753.43
460,12,9753.69
460,13,9814.06
460,14,9785.36
460,15,9795.42
460,16,9806.82
460,17,9804.92
460,18,9746.34
460,19,9793.76
460,20,9811.6
460,21,9778.15
460,22,9780.16
460,23,9796.54
460,24,9757.76
460,25,9754.56
460,26,9808.32
460,27,9818.39
460,28,9821.01
460,29,9755.39
460,30,9771.02
460,31,9815.16
460,32,9756.06
460,33,9749.65
460,34,9802.14
460,35,9754.43
460,36,9761.34
460,37,9813.97
460,38,9769.56
460,39,9792.54
460,40,9798.84
460,41,9788.38
460,42,9817.74
460,43,9783.13
460,44,9828.23
460,45,9789.69
460,46,9788.28
460,47,9778.21
460,48,9785.64
460,49,9770.89
460,50,9773.98
460,51,9802.55
460,52,9737.86
460,53,9776.19
460,54,9783.64
460,55,9815.86
460,56,9774.79
460,57,9820.18
460,58,9779.59
460,59,9825.32
460,60,9789.65
460,61,9757.17
460,62,9785.69
460,63,9826.26
460,64,9776.95
460,65,9808.91
460,66,9776.35
460,67,9804.54
460,68,9807.26
460,69,9812.49
460,70,9787.21
460,71,9737.19
460,72,9807.22
460,73,9771.42
460,74,9825.26
460,75,9764.52
460,76,9819.69
460,77,9751.18
460,78,9758.49
460,79,9781.51
460,80,9766.15
460,81,9731.64
460,82,9785.86
460,83,9781.63
460,84,9764.35
460,85,9756.37
460,86,9764.66
460,87,9818.59
460,88,9794.96
460,89,9762.3
460,90,9760.94
460,91,9852.63
460,92,9807.83
460,93,9797.7
460,94,9789.48
460,95,9792.35
460,96,9794.09
460,97,9805.58
460,98,9792.04
460,99,9803.4
470,0,9833.53
470,1,9779.72
470,2,9816.69
470,3,9777.06
470,4,9771.78
470,5,9757.25
470,6,9803.14
470,7,9739.29
470,8,9790.37
470,9,9836.48
470,10,9784.21
470,11,9737
470,12,9736.78
470,13,9803.39
470,14,9773.23
470,15,9784.52
470,16,9793.71
470,17,9793.22
470,18,9729.55
470,19,9779.24
470,20,9800.95
470,21,9765.5
470,22,9769.11
470,23,9784.81
470,24,9742.1
470,25,9739.82
470,26,9797.98
470,27,9805.94
470,28,9810.01
470,29,9738.77
470,30,9756.36
470,31,9805.07
470,32,9741.41
470,33,9732.46
470,34,9790.8
470,35,9737.54
470,36,9747.26
470,37,9802.2
470,38,9755.77
470,39,9779.91
470,40,9787.28
470,41,9773.69
470,42,9807.2
470,43,9770.05
470,44,9819.3
470,45,9779.36
470,46,9776.44
470,47,9764.63
470,48,9773.51
470,49,9756.44
470,50,9760.98
470,51,9788.63
470,52,9719.66
470,53,9764.05
470,54,9767.44
470,55,9804.06
470,56,9761.31
470,57,9809.35
470,58,9764.33
470,59,9813.59
470,60,9777.61
470,61,9742.87
470,62,9771.07
470,63,9814.54
470,64,9763.98
470,65,9795.86
470,66,9760.98
470,67,9791.29
470,68,9794.23
470,69,9802.16
470,70,9774.73
470,71,9719.1
470,72,9797.14
470,73,9757.16
470,74,9815.86
470,75,9750.11
470,76,9809.52
470,77,9736.56
470,78,9741.93
470,79,9768.2
470,80,9750.59
470,81,9712.91
470,82,9772.89
470,83,9766.94
470,84,9749.96
470,85,9739.67
470,86,9750.84
470,87,9806.35
470,88,9780.94
470,89,9748.47
470,90,9747.3
470,91,9845.09
470,92,9794.78
470,93,9786.24
470,94,9775.13
470,95,9778.2
470,96,9779.45
470,97,9793.3
470,98,9778.95
470,99,9790.25
480,0,9833.23
480,1,9779.42
480,2,9816.39
480,3,9776.76
480,4,9771.48
480,5,9756.95
480,6,9802.84
480,7,9738.99
480,8,9790.07
480,9,9836.18
480,10,9783.91
480,11,9736.7
480,12,9736.48
480,13,9803.09
480,14,9772.93
480,15,9784.22
480,16,9793.41
480,17,9792.92
480,18,9729.25
480,19,9778.94
480,20,9800.65
480,21,9765.2
480,22,9768.81
480,23,9784.51
480,24,9741.8
480,25,9739.52
480,26,9797.68
480,27,9805.64
480,28,9809.71
480,29,9738.47
480,30,9756.06
480,31,9804.77
480,32,9741.11
480,33,9732.16
480,34,9790.5
480,35,9737.24
480,36,9746.96
480,37,9801.9
480,38,9755.47
480,39,9779.61
480,40,9786.98
480,41,9773.39
480,42,9806.9
480,43,9769.75
480,44,9819
480,45,9779.06
480,46,9776.14
480,47,9764.33
480,48,9773.21
480,49,9756.14
480,50,9760.68
480,51,9788.33
480,52,9719.36
480,53,9763.75
480,54,9767.14
480,55,9803.76
480,56,9761.01
480,57,9809.05
480,58,9764.03
480,59,9813.29
480,60,9777.31
480,61,9742.57
480,62,9770.77
480,63,9814.24
480,64,9763.68
480,65,9795.56
480,66,9760.68
480,67,9790.99
480,68,9793.93
480,69,9801.86
480,70,9774.43
480,71,9718.8
480,72,9796.84
480,73,9756.86
480,74,9815.56
480,75,9749.81
480,76,9809.22
480,77,9736.26
480,78,9741.63
480,79,9767.9
480,80,9750.29
480,81,9712.61
480,82,9772.59
480,83,9766.64
480,84,9749.66
480,85,9739.37
480,86,9750.54
480,87,9806.05
480,88,9780.64
480,89,9748.17
480,90,9747
480,91,9844.79
480,92,9794.48
480,93,9785.94
480,94,9774.83
480,95,9777.9
480,96,9779.15
480,97,9793
480,98,9778.65
480,99,9789.95
490,0,9832.93
490,1,9779.06
490,2,9816.09
490,3,9776.46
490,4,9771.18
490,5,9756.65
490,6,9802.54
490,7,9738.69
490,8,9789.77
490,9,9835.88
490,10,9783.61
490,11,9736.4
490,12,9736.18
490,13,9802.79
490,14,9772.63
490,15,9783.92
490,16,9793.11
490,17,9792.62
490,18,9728.95
490,19,9778.64
490,20,9800.35
490,21,9764.9
490,22,9768.51
490,23,9784.21
490,24,9741.5
490,25,9739.22
490,26,9797.38
490,27,9805.34
490,28,9808.74
490,29,9738.11
490,30,9755.76
490,31,9804.47
490,32,9740.81
490,33,9731.86
490,34,9790.2
490,35,9736.94
490,36,9746.66
490,37,9801.6
490,38,9755.17
490,39,9779.31
490,40,9785.61
490,41,9773.09
490,42,9806.6
490,43,9769.45
490,44,9818.7
490,45,9778.76
490,46,9775.84
490,47,9764.03
490,48,9772.91
490,49,9755.84
490,50,9760.38
490,51,9788.03
490,52,9719.06
490,53,9763.45
490,54,9766.84
490,55,9802.62
490,56,9760.71
490,57,9808.75
490,58,9763.73
490,59,9812.99
490,60,9777.01
490,61,9742.27
490,62,9770.47
490,63,9813.94
490,64,9763.38
490,65,9795.26
490,66,9760.38
490,67,9790.69
490,68,9793.63
490,69,9801.56
490,70,9774.13
490,71,9718.5
490,72,9796.54
490,73,9756.56
490,74,9815.26
490,75,9749.51
490,76,9808.92
490,77,9735.96
490,78,9741.33
490,79,9767.6
490,80,9749.99
490,81,9712.31
490,82,9772.29
490,83,9766.34
490,84,9749.36
490,85,9739.07
490,86,9750.24
490,87,9805.69
490,88,9780.34
490,89,9747.87
490,90,9746.7
490,91,9844.49
490,92,9794.18
490,93,9785.64
490,94,9774.53
490,95,9777.6
490,96,9778.85
490,97,9792.7
490,98,9778.29
490,99,9789.65
500,0,9822.44
500,1,9765.42
500,2,9804.67
500,3,9762.25
500,4,9755.91
500,5,9740.94
500,6,9790.05
500,7,9720.58
500,8,9776.43
500,9,9825.62
500,10,9770.03
500,11,9719.51
500,12,9719.26
500,13,9790.25
500,14,9758.24
500,15,9771.19
500,16,9780
500,17,9779.99
500,18,9711.05
500,19,9764.13
500,20,9787.72
500,21,9749.82
500,22,9754.9
500,23,9770.8
500,24,9724.2
500,25,9722.58
500,26,9784.55
500,27,9792.9
500,28,9797.77
500,29,9721.51
500,30,9740.14
500,31,9792.14
500,32,9724.62
500,33,9714.66
500,34,9776.5
500,35,9720.05
500,36,9731.31
500,37,9789.12
500,38,9739.53
500,39,9765.43
500,40,9773.35
500,41,9758.4
500,42,9794.37
500,43,9756.36
500,44,9807.29
500,45,9764.18
500,46,9761.6
500,47,9749.46
500,48,9758.32
500,49,9741.33
500,50,9745.15
500,51,9774.12
500,52,9700.86
500,53,9749.27
500,54,9750.64
500,55,9790.84
500,56,9745.33
500,57,9796.72
500,58,9748.56
500,59,9801.28
500,60,9763.06
500,61,9725.78
500,62,9755.84
500,63,9802.21
500,64,9748.28
500,65,9782.21
500,66,9745.01
500,67,9777.44
500,68,9780.52
500,69,9789.1
500,70,9759.75
500,71,9700.42
500,72,9783.97
500,73,9741.09
500,74,9803.85
500,75,9733.44
500,76,9796.86
500,77,9718.95
500,78,9724.76
500,79,9752.88
500,80,9732.67
500,81,9693.64
500,82,9757.71
500,83,9751.65
500,84,9733.28
500,85,9722.38
500,86,9734.98
500,87,9793.48
500,88,9766.33
500,89,9734.03
500,90,9730.58
500,91,9834.76
500,92,9781.14
500,93,9771.92
500,94,9760.18
500,95,9763.45
500,96,9764.22
500,97,9779.13
500,98,9763.95
500,99,9776.5
510,0,9822.14
510,1,9765.12
510,2,9804.37
510,3,9761.95
510,4,9755.61
510,5,9740.64
510,6,9789.75
510,7,9720.28
510,8,9776.13
510,9,9825.32
510,10,9769.73
510,11,9719.21
510,12,9718.96
510,13,9789.95
510,14,9757.94
510,15,9770.89
510,16,9779.7
510,17,9779.69
510,18,9710.75
510,19,9763.83
510,20,9787.42
510,21,9749.52
510,22,9754.6
510,23,9770.5
510,24,9723.9
510,25,9722.28
510,26,9784.25
510,27,9792.6
510,28,9797.47
510,29,9721.21
510,30,9739.84
510,31,9791.84
510,32,9724.32
510,33,9714.36
510,34,9776.2
510,35,9719.75
510,36,9731.01
510,37,9788.82
510,38,9739.23
510,39,9765.13
510,40,9773.05
510,41,9758.1
510,42,9794.07
510,43,9756.06
510,44,9806.99
510,45,9763.88
510,46,9761.3
510,47,9749.16
510,48,9758.02
510,49,9741.03
510,50,9744.85
510,51,9773.82
510,52,9700.56
510,53,9748.97
510,54,9750.34
510,55,9790.54
510,56,9745.03
510,57,9796.42
510,58,9748.26
510,59,9800.98
510,60,9762.76
510,61,9725.48
510,62,9755.54
510,63,9801.91
510,64,9747.98
510,65,9781.91
510,66,9744.71
510,67,9777.14
510,68,9780.22
510,69,9788.8
510,70,9759.45
510,71,9700.12
510,72,9783.67
510,73,9740.79
510,74,9803.55
510,75,9733.14
510,76,9796.56
510,77,9718.65
510,78,9724.46
510,79,9752.58
510,80,9732.37
510,81,9693.34
510,82,9757.41
510,83,9751.35
510,84,9732.98
510,85,9722.08
510,86,9734.68
510,87,9793.18
510,88,9766.03
510,89,9733.73
510,90,9730.28
510,91,9834.46
510,92,9780.84
510,93,9771.62
510,94,9759.88
510,95,9763.15
510,96,9763.92
510,97,9778.83
510,98,9763.65
510,99,9776.2
520,0,9821.84
520,1,9764.82
520,2,9804.07
520,3,9761.65
520,4,9755.31
520,5,9740.34
520,6,9789.45
520,7,9719.98
520,8,9775.83
520,9,9825.02
520,10,9769.43
520,11,9718.91
520,12,9718.66
520,13,9789.65
520,14,9757.64
520,15,9770.59
520,16,9779.4
520,17,9779.39
520,18,9710.45
520,19,9763.53
520,20,9787.12
520,21,9749.22
520,22,9754.3
520,23,9770.2
520,24,9723.6
520,25,9721.98
520,26,9783.95
520,27,9792.3
520,28,9797.17
520,29,9720.91
520,30,9739.54
520,31,9791.54
520,32,9724.02
520,33,9714.06
520,34,9775.9
520,35,9719.45
520,36,9730.71
520,37,9788.52
520,38,9738.93
520,39,9764.83
520,40,9772.75
520,41,9757.8
520,42,9793.77
520,43,9755.76
520,44,9806.69
520,45,9763.58
520,46,9761
520,47,9748.86
520,48,9757.72
520,49,9740.73
520,50,9744.55
520,51,9773.52
520,52,9700.26
520,53,9748.67
520,54,9750.04
520,55,9790.24
520,56,9744.73
520,57,9796.12
520,58,9747.96
520,59,9800.68
520,60,9762.46
520,61,9725.18
520,62,9755.24
520,63,9801.61
520,64,9747.68
520,65,9781.61
520,66,9744.41
520,67,9776.84
520,68,9779.92
520,69,9788.5
520,70,9759.15
520,71,9699.82
520,72,9783.37
520,73,9740.49
520,74,9803.25
520,75,9732.84
520,76,9796.26
520,77,9718.35
520,78,9724.16
520,79,9752.28
520,80,9732.07
520,81,9693.04
520,82,9757.11
520,83,9751.05
520,84,9732.68
520,85,9721.78
520,86,9734.38
520,87,9792.88
520,88,9765.73
520,89,9733.43
520,90,9729.98
520,91,9834.16
520,92,9780.54
520,93,9771.32
520,94,9759.58
520,95,9762.85
520,96,9763.62
520,97,9778.53
520,98,9763.35
520,99,9775.9
530,0,9811.35
530,1,9751.85
530,2,9792.65
530,3,9747.43
530,4,9740.35
530,5,9724.51
530,6,9776.97
530,7,9704.36
530,8,9762.49
530,9,9814.76
530,10,9756
530,11,9702.01
530,12,9701.75
530,13,9776.96
530,14,9743.25
530,15,9756.36
530,16,9766.28
530,17,9767.21
530,18,9694.2
530,19,9749.17
530,20,9774.49
530,21,9734.66
530,22,9737.7
530,23,9756.8
530,24,9706.3
530,25,9705.33
530,26,9771.12
530,27,9780.01
530,28,9785
530,29,9704.24
530,30,9723.98
530,31,9779.21
530,32,9708.28
530,33,9696.86
530,34,9762.01
530,35,9702.56
530,36,9713.7
530,37,9776.44
530,38,9723.28
530,39,9751.46
530,40,9759.55
530,41,9742.12
530,42,9781.55
530,43,9739.55
530,44,9795.28
530,45,9750.17
530,46,9746.75
530,47,9734.29
530,48,9743.28
530,49,9724.95
530,50,9729.34
530,51,9761.24
530,52,9682.06
530,53,9732.98
530,54,9733.75
530,55,9777.61
530,56,9729.34
530,57,9784.1
530,58,9732.74
530,59,9788.94
530,60,9749.26
530,61,9708.7
530,62,9740.62
530,63,9789.88
530,64,9732.58
530,65,9768.72
530,66,9729.17
530,67,9763.65
530,68,9768.07
530,69,9776.05
530,70,9744.77
530,71,9681.73
530,72,9770.8
530,73,9725.02
530,74,9791.96
530,75,9716.86
530,76,9784.2
530,77,9701.49
530,78,9707.59
530,79,9737.56
530,80,9714.75
530,81,9674.36
530,82,9743.03
530,83,9736.36
530,84,9716.6
530,85,9705.08
530,86,9717.87
530,87,9780.48
530,88,9751.63
530,89,9719.6
530,90,9713.86
530,91,9824.43
530,92,9767.5
530,93,9758.11
530,94,9745.22
530,95,9748.7
530,96,9746.73
530,97,9765.09
530,98,9750.22
530,99,9762.56
540,0,9811.05
540,1,9751.55
540,2,9792.35
540,3,9747.13
540,4,9740.05
540,5,9724.21
540,6,9776.67
540,7,9704.06
540,8,9762.19
540,9,9814.46
540,10,9755.7
540,11,9701.71
540,12,9701.45
540,13,9776.66
540,14,9742.95
540,15,9756.06
540,16,9765.98
540,17,9766.91
540,18,9693.9
540,19,9748.87
540,20,9774.19
540,21,9734.36
540,22,9737.4
540,23,9756.5
540,24,9706
540,25,9705.03
540,26,9770.82
540,27,9779.71
540,28,9784.7
540,29,9703.94
540,30,9723.68
540,31,9778.91
540,32,9707.98
540,33,9696.56
540,34,9761.71
540,35,9702.26
540,36,9713.4
540,37,9776.14
540,38,9722.98
540,39,9751.16
540,40,9759.25
540,41,9741.82
540,42,9781.25
540,43,9739.25
540,44,9794.98
540,45,9749.87
540,46,9746.45
540,47,9733.99
540,48,9742.98
540,49,9724.65
540,50,9729.04
540,51,9760.94
540,52,9681.76
540,53,9732.68
540,54,9733.45
540,55,9777.31
540,56,9729.04
540,57,9783.8
540,58,9732.44
540,59,9788.64
540,60,9748.96
540,61,9708.4
540,62,9740.32
540,63,9789.58
540,64,9732.28
540,65,9768.42
540,66,9728.87
540,67,9763.35
540,68,9767.77
540,69,9775.75
540,70,9744.47
540,71,9681.43
540,72,9770.5
540,73,9724.72
540,74,9791.66
540,75,9716.56
540,76,9783.9
540,77,9701.19
540,78,9707.29
540,79,9737.26
540,80,9714.45
540,81,9674.06
540,82,9742.73
540,83,9736.06
540,84,9716.3
540,85,9704.78
540,86,9717.57
540,87,9780.18
540,88,9751.33
540,89,9719.3
540,90,9713.56
540,91,9824.13
540,92,9767.2
540,93,9757.81
540,94,9744.92
540,95,9748.4
540,96,9746.43
540,97,9764.79
540,98,9749.92
540,99,9762.26
550,0,9810.75
550,1,9751.25
550,2,9792.05
550,3,9746.83
550,4,9739.75
550,5,9723.91
550,6,9776.37
550,7,9703.76
550,8,9761.89
550,9,9814.16
550,10,9755.4
550,11,9701.41
550,12,9701.15
550,13,9776.36
550,14,9742.65
550,15,9755.76
550,16,9765.68
550,17,9766.61
550,18,9693.6
550,19,9748.57
550,20,9773.89
550,21,9734.06
550,22,9737.1
550,23,9756.2
550,24,9705.7
550,25,9704.73
550,26,9770.52
550,27,9779.41
550,28,9784.4
550,29,9703.64
550,30,9723.38
550,31,9778.61
550,32,9707.68
550,33,9696.26
550,34,9761.41
550,35,9701.96
550,36,9713.1
550,37,9775.84
550,38,9722.68
550,39,9750.86
550,40,9758.95
550,41,9741.52
550,42,9780.95
550,43,9738.95
550,44,9794.68
550,45,9749.57
550,46,9746.15
550,47,9733.69
550,48,9742.68
550,49,9724.35
550,50,9728.74
550,51,9760.64
550,52,9681.46
550,53,9732.38
550,54,9733.15
550,55,9777.01
550,56,9728.74
550,57,9783.5
550,58,9732.14
550,59,9788.34
550,60,9748.66
550,61,9708.1
550,62,9740.02
550,63,9789.28
550,64,9731.98
550,65,9768.12
550,66,9728.57
550,67,9763.05
550,68,9767.47
550,69,9775.45
550,70,9744.17
550,71,9681.13
550,72,9770.2
550,73,9724.42
550,74,9791.36
550,75,9716.26
550,76,9783.6
550,77,9700.89
550,78,9706.99
550,79,9736.96
550,80,9714.15
550,81,9673.76
550,82,9742.43
550,83,9735.76
550,84,9716
550,85,9704.48
550,86,9717.27
550,87,9779.88
550,88,9751.03
550,89,9719
550,90,9713.26
550,91,9823.83
550,92,9766.9
550,93,9757.51
550,94,9744.62
550,95,9748.1
550,96,9746.13
550,97,9764.49
550,98,9749.62
550,99,9761.96
560,0,9800.26
560,1,9734.93
560,2,9779.81
560,3,9732.62
560,4,9726.88
560,5,9708.17
560,6,9763.88
560,7,9687.57
560,8,9748.56
560,9,9803.89
560,10,9740.99
560,11,9684.52
560,12,9684.24
560,13,9763.67
560,14,9728.25
560,15,9741.54
560,16,9752.57
560,17,9751.64
560,18,9677.37
560,19,9734.21
560,20,9761.26
560,21,9719.5
560,22,9720.5
560,23,9742.79
560,24,9688.41
560,25,9688.09
560,26,9757.69
560,27,9767.12
560,28,9772.02
560,29,9687.18
560,30,9707.82
560,31,9766.27
560,32,9689.38
560,33,9679.06
560,34,9747.52
560,35,9685.07
560,36,9696.08
560,37,9762.87
560,38,9707.04
560,39,9737.48
560,40,9745.41
560,41,9727.56
560,42,9768.72
560,43,9725.87
560,44,9783.28
560,45,9736.08
560,46,9731.91
560,47,9719.13
560,48,9728.24
560,49,9708.57
560,50,9713.37
560,51,9746.88
560,52,9663.26
560,53,9716.54
560,54,9720.57
560,55,9764.38
560,56,9713.35
560,57,9771.39
560,58,9717.08
560,59,9776.49
560,60,9735.52
560,61,9691.62
560,62,9725.4
560,63,9777.56
560,64,9716.89
560,65,9755.07
560,66,9713.34
560,67,9749.78
560,68,9755.63
560,69,9763
560,70,9729.79
560,71,9663.04
560,72,9756.73
560,73,9708.95
560,74,9778.63
560,75,9702.06
560,76,9771.54
560,77,9684.03
560,78,9690.43
560,79,9722.19
560,80,9696.83
560,81,9655.09
560,82,9728.35
560,83,9721.07
560,84,9699.92
560,85,9687.79
560,86,9700.87
560,87,9767.58
560,88,9737.02
560,89,9701.62
560,90,9697.13
560,91,9814.11
560,92,9753.85
560,93,9744.31
560,94,9730.27
560,95,9733.96
560,96,9731.49
560,97,9749.67
560,98,9735.22
560,99,9748.5
570,0,9799.96
570,1,9734.63
570,2,9779.51
570,3,9732.32
570,4,9726.58
570,5,9707.87
570,6,9763.58
570,7,9687.27
570,8,9748.26
570,9,9803.59
570,10,9740.69
570,11,9684.22
570,12,9683.94
570,13,9763.37
570,14,9727.95
570,15,9741.24
570,16,9752.27
570,17,9751.34
570,18,9677.07
570,19,9733.91
570,20,9760.96
570,21,9719.2
570,22,9720.2
570,23,9742.49
570,24,9688.11
570,25,9687.79
570,26,9757.39
570,27,9766.82
570,28,9771.72
570,29,9686.88
570,30,9707.52
570,31,9765.97
570,32,9689.08
570,33,9678.76
570,34,9747.22
570,35,9684.77
570,36,9695.78
570,37,9762.57
570,38,9706.74
570,39,9737.18
570,40,9745.11
570,41,9727.26
570,42,9768.42
570,43,9725.57
570,44,9782.98
570,45,9735.78
570,46,9731.61
570,47,9718.83
570,48,9727.94
570,49,9708.27
570,50,9713.07
570,51,9746.58
570,52,9662.96
570,53,9716.24
570,54,9720.27
570,55,9764.08
570,56,9713.05
570,57,9771.09
570,58,9716.78
570,59,9776.19
570,60,9735.22
570,61,9691.32
570,62,9725.1
570,63,9777.26
570,64,9716.59
570,65,9754.77
570,66,9713.04
570,67,9749.48
570,68,9755.33
570,69,9762.7
570,70,9729.49
570,71,9662.74
570,72,9756.43
570,73,9708.65
570,74,9778.33
570,75,9701.76
570,76,9771.24
570,77,9683.73
570,78,9690.13
570,79,9721.89
570,80,9696.53
570,81,9654.79
570,82,9728.05
570,83,9720.77
570,84,9699.62
570,85,9687.49
570,86,9700.57
570,87,9767.28
570,88,9736.72
570,89,9701.32
570,90,9696.83
570,91,9813.81
570,92,9753.55
570,93,9744.01
570,94,9729.97
570,95,9733.66
570,96,9731.19
570,97,9749.37
570,98,9734.92
570,99,9748.2
580,0,9799.66
580,1,9734.33
580,2,9779.21
580,3,9732.02
580,4,9726.28
580,5,9707.57
580,6,9763.28
580,7,9686.97
580,8,9747.96
580,9,9803.29
580,10,9740.39
580,11,9683.92
580,12,9683.64
580,13,9763.07
580,14,9727.65
580,15,9740.94
580,16,9751.97
580,17,9751.04
580,18,9676.77
580,19,9733.61
580,20,9760.66
580,21,9718.9
580,22,9719.9
580,23,9742.19
580,24,9687.81
580,25,9687.49
580,26,9757.09
580,27,9766.52
580,28,9771.42
580,29,9686.58
580,30,9707.22
580,31,9765.67
580,32,9688.78
580,33,9678.46
580,34,9746.92
580,35,9684.47
580,36,9695.48
580,37,9762.27
580,38,9706.44
580,39,9736.88
580,40,9744.81
580,41,9726.96
580,42,9768.12
580,43,9725.27
580,44,9782.68
580,45,9735.48
580,46,9731.31
580,47,9718.53
580,48,9727.64
580,49,9707.97
580,50,9712.77
580,51,9746.28
580,52,9662.66
580,53,9715.94
580,54,9719.97
580,55,9763.78
580,56,9712.75
580,57,9770.79
580,58,9716.48
580,59,9775.89
580,60,9734.92
580,61,9691.02
580,62,9724.8
580,63,9776.96
580,64,9716.29
580,65,9754.47
580,66,9712.74
580,67,9749.18
580,68,9755.03
580,69,9762.4
580,70,9729.19
580,71,9662.44
580,72,9756.13
580,73,9708.35
580,74,9778.03
580,75,9701.46
580,76,9770.94
580,77,9683.43
580,78,9689.83
580,79,9721.59
580,80,9696.23
580,81,9654.49
580,82,9727.75
580,83,9720.47
580,84,9699.32
580,85,9687.19
580,86,9700.27
580,87,9766.98
580,88,9736.42
580,89,9701.02
580,90,9696.53
580,91,9813.51
580,92,9753.25
580,93,9743.71
580,94,9729.67
580,95,9733.36
580,96,9730.89
580,97,9749.07
580,98,9734.62
580,99,9747.9
590,0,9789.17
590,1,9720.63
590,2,9766.88
590,3,9717.81
590,4,9711.31
590,5,9691.76
590,6,9750.79
590,7,9668.85
590,8,9734.62
590,9,9793.03
590,10,9726.87
590,11,9667.02
590,12,9666.73
590,13,9750.54
590,14,9713.26
590,15,9726.71
590,16,9738.85
590,17,9738.86
590,18,9658.79
590,19,9719.15
590,20,9748.03
590,21,9703.72
590,22,9706.21
590,23,9728.78
590,24,9670.51
590,25,9670.84
590,26,9744.26
590,27,9754.13
590,28,9759.25
590,29,9669.91
590,30,9691.6
590,31,9753.34
590,32,9672.56
590,33,9661.26
590,34,9733.22
590,35,9667.58
590,36,9678.47
590,37,9749.69
590,38,9690.8
590,39,9723.5
590,40,9731.48
590,41,9713.12
590,42,9755.9
590,43,9709.06
590,44,9771.27
590,45,9721.99
590,46,9717.06
590,47,9703.96
590,48,9713.5
590,49,9692.2
590,50,9697.39
590,51,9732.43
590,52,9644.45
590,53,9701.73
590,54,9703.59
590,55,9751.16
590,56,9697.69
590,57,9758.66
590,58,9701.28
590,59,9764.04
590,60,9720.91
590,61,9674.54
590,62,9710.17
590,63,9765.23
590,64,9701.19
590,65,9741.59
590,66,9697.51
590,67,9735.94
590,68,9741.52
590,69,9749.95
590,70,9714.81
590,71,9644.35
590,72,9743.18
590,73,9692.88
590,74,9766.64
590,75,9685.36
590,76,9758.88
590,77,9666.56
590,78,9673.26
590,79,9706.87
590,80,9678.92
590,81,9635.81
590,82,9713.1
590,83,9705.78
590,84,9683.24
590,85,9670.5
590,86,9683.78
590,87,9754.61
590,88,9722.4
590,89,9683.85
590,90,9680.41
590,91,9803.99
590,92,9740.21
590,93,9729.91
590,94,9715.32
590,95,9719.21
590,96,9714.58
590,97,9735.02
590,98,9721.5
590,99,9734.43
600,0,9788.87
600,1,9720.33
600,2,9766.58
600,3,9717.51
600,4,9711.01
600,5,9691.46
600,6,9750.49
600,7,9668.55
600,8,9734.32
600,9,9792.73
600,10,9726.57
600,11,9666.72
600,12,9666.43
600,13,9750.24
600,14,9712.96
600,15,9726.41
600,16,9738.55
600,17,9738.56
600,18,9658.49
600,19,9718.85
600,20,9747.73
600,21,9703.42
600,22,9705.91
600,23,9728.48
600,24,9670.21
600,25,9670.54
600,26,9743.96
600,27,9753.83
600,28,9758.95
600,29,9669.61
600,30,9691.3
600,31,9753.04
600,32,9672.26
600,33,9660.96
600,34,9732.92
600,35,9667.28
600,36,9678.17
600,37,9749.39
600,38,9690.5
600,39,9723.2
600,40,9731.18
600,41,9712.82
600,42,9755.6
600,43,9708.76
600,44,9770.97
600,45,9721.69
600,46,9716.76
600,47,9703.66
600,48,9713.2
600,49,9691.9
600,50,9697.09
600,51,9732.13
600,52,9644.15
600,53,9701.43
600,54,9703.29
600,55,9750.86
600,56,9697.39
600,57,9758.36
600,58,9700.98
600,59,9763.74
600,60,9720.61
600,61,9674.24
600,62,9709.87
600,63,9764.93
600,64,9700.89
600,65,9741.29
600,66,9697.21
600,67,9735.64
600,68,9741.22
600,69,9749.65
600,70,9714.51
600,71,9644.05
600,72,9742.88
600,73,9692.58
600,74,9766.34
600,75,9685.06
600,76,9758.58
600,77,9666.26
600,78,9672.96
600,79,9706.57
600,80,9678.62
600,81,9635.51
600,82,9712.8
600,83,9705.48
600,84,9682.94
600,85,9670.2
600,86,9683.48
600,87,9754.31
600,88,9722.1
600,89,9683.55
600,90,9680.11
600,91,9803.69
600,92,9739.91
600,93,9729.61
600,94,9715.02
600,95,9718.91
600,96,9714.28
600,97,9734.72
600,98,9721.2
600,99,9734.13
610,0,9788.57
610,1,9720.03
610,2,9766.28
610,3,9717.21
610,4,9710.71
610,5,9691.16
610,6,9750.19
610,7,9668.25
610,8,9734.02
610,9,9792.43
610,10,9726.27
610,11,9666.42
610,12,9666.13
610,13,9749.94
610,14,9712.66
610,15,9726.11
610,16,9738.25
610,17,9738.26
610,18,9658.19
610,19,9718.55
610,20,9747.43
610,21,9703.12
610,22,9705.61
610,23,9728.18
610,24,9669.91
610,25,9670.24
610,26,9743.66
610,27,9753.53
610,28,9758.65
610,29,9669.31
610,30,9691
610,31,9752.74
610,32,9671.96
610,33,9660.66
610,34,9732.62
610,35,9666.98
610,36,9677.87
610,37,9749.09
610,38,9690.2
610,39,9722.9
610,40,9730.88
610,41,9712.52
610,42,9755.3
610,43,9708.46
610,44,9770.67
610,45,9721.39
610,46,9716.46
610,47,9703.36
610,48,9712.9
610,49,9691.6
610,50,9696.79
610,51,9731.83
610,52,9643.85
610,53,9701.13
610,54,9702.99
610,55,9750.56
610,56,9697.09
610,57,9758.06
610,58,9700.68
610,59,9763.44
610,60,9720.31
610,61,9673.94
610,62,9709.57
610,63,9764.63
610,64,9700.59
610,65,9740.99
610,66,9696.91
610,67,9735.34
610,68,9740.92
610,69,9749.35
610,70,9714.21
610,71,9643.75
610,72,9742.58
610,73,9692.28
610,74,9766.04
610,75,9684.76
610,76,9758.28
610,77,9665.96
610,78,9672.66
610,79,9706.27
610,80,9678.32
610,81,9635.21
610,82,9712.5
610,83,9705.18
610,84,9682.64
610,85,9669.9
610,86,9683.18
610,87,9754.01
610,88,9721.8
610,89,9683.25
610,90,9679.81
610,91,9803.39
610,92,9739.61
610,93,9729.31
610,94,9714.72
610,95,9718.61
610,96,9713.98
610,97,9734.42
610,98,9720.9
610,99,9733.83
620,0,9778.08
620,1,9703.65
620,2,9754.04
620,3,9703
620,4,9697.84
620,5,9675.37
620,6,9737.71
620,7,9651.99
620,8,9720.68
620,9,9782.17
620,10,9711.86
620,11,9649.53
620,12,9649.22
620,13,9737.25
620,14,9698.26
620,15,9711.88
620,16,9725.14
620,17,9723.3
620,18,9641.97
620,19,9704.19
620,20,9734.8
620,21,9688.56
620,22,9689.01
620,23,9714.77
620,24,9652.61
620,25,9653.59
620,26,9730.83
620,27,9741.24
620,28,9746.48
620,29,9652.85
620,30,9675.44
620,31,9740.4
620,32,9653.67
620,33,9643.47
620,34,9718.73
620,35,9650.09
620,36,9660.85
620,37,9736.11
620,38,9674.55
620,39,9709.53
620,40,9717.34
620,41,9698.56
620,42,9743.08
620,43,9692.97
620,44,9759.26
620,45,9707.89
620,46,9702.22
620,47,9688.79
620,48,9698.46
620,49,9675.82
620,50,9681.42
620,51,9718.07
620,52,9625.65
620,53,9685.6
620,54,9690.4
620,55,9737.93
620,56,9681.7
620,57,9746.08
620,58,9685.62
620,59,9751.6
620,60,9707.15
620,61,9657.46
620,62,9694.95
620,63,9752.9
620,64,9685.49
620,65,9728.11
620,66,9681.67
620,67,9722.08
620,68,9729.08
620,69,9736.9
620,70,9699.83
620,71,9625.66
620,72,9729.11
620,73,9676.81
620,74,9753.32
620,75,9670.5
620,76,9746.22
620,77,9649.1
620,78,9656.09
620,79,9691.5
620,80,9661
620,81,9616.53
620,82,9698.42
620,83,9690.49
620,84,9666.56
620,85,9653.2
620,86,9666.71
620,87,9741.65
620,88,9707.79
620,89,9665.87
620,90,9663.69
620,91,9793.66
620,92,9726.57
620,93,9716.1
620,94,9700.36
620,95,9704.46
620,96,9699.35
620,97,9719.66
620,98,9706.5
620,99,9720.37
630,0,9777.78
630,1,9703.35
630,2,9753.74
630,3,9702.7
630,4,9697.54
630,5,9675.07
630,6,9737.41
630,7,9651.69
630,8,9720.38
630,9,9781.87
630,10,9711.56
630,11,9649.23
630,12,9648.92
630,13,9736.95
630,14,9697.96
630,15,9711.58
630,16,9724.84
630,17,9723
630,18,9641.67
630,19,9703.89
630,20,9734.5
630,21,9688.26
630,22,9688.71
630,23,9714.47
630,24,9652.31
630,25,9653.29
630,26,9730.53
630,27,9740.94
630,28,9746.18
630,29,9652.55
630,30,9675.14
630,31,9740.1
630,32,9653.37
630,33,9643.17
630,34,9718.43
630,35,9649.79
630,36,9660.55
630,37,9735.81
630,38,9674.25
630,39,9709.23
630,40,9717.04
630,41,9698.26
630,42,9742.78
630,43,9692.67
630,44,9758.96
630,45,9707.59
630,46,9701.92
630,47,9688.49
630,48,9698.16
630,49,9675.52
630,50,9681.12
630,51,9717.77
630,52,9625.35
630,53,9685.3
630,54,9690.1
630,55,9737.63
630,56,9681.4
630,57,9745.78
630,58,9685.32
630,59,9751.3
630,60,9706.85
630,61,9657.16
630,62,9694.65
630,63,9752.6
630,64,9685.19
630,65,9727.81
630,66,9681.37
630,67,9721.78
630,68,9728.78
630,69,9736.6
630,70,9699.53
630,71,9625.36
630,72,9728.81
630,73,9676.51
630,74,9753.02
630,75,9670.2
630,76,9745.92
630,77,9648.8
630,78,9655.79
630,79,9691.2
630,80,9660.7
630,81,9616.23
630,82,9698.12
630,83,9690.19
630,84,9666.26
630,85,9652.9
630,86,9666.41
630,87,9741.35
630,88,9707.49
630,89,9665.57
630,90,9663.39
630,91,9793.36
630,92,9726.27
630,93,9715.8
630,94,9700.06
630,95,9704.16
630,96,9699.05
630,97,9719.36
630,98,9706.2
630,99,9720.07
640,0,9777.48
640,1,9703.05
640,2,9753.44
640,3,9702.4
640,4,9697.24
640,5,9674.77
640,6,9737.11
640,7,9651.39
640,8,9720.08
640,9,9781.57
640,10,9711.26
640,11,9648.93
640,12,9648.62
640,13,9736.65
640,14,9697.66
640,15,9711.28
640,16,9724.54
640,17,9722.7
640,18,9641.37
640,19,9703.59
640,20,9734.2
640,21,9687.96
640,22,9688.41
640,23,9714.17
640,24,9652.01
640,25,9652.99
640,26,9730.23
640,27,9740.64
640,28,9745.88
640,29,9652.25
640,30,9674.84
640,31,9739.8
640,32,9653.07
640,33,9642.87
640,34,9718.13
640,35,9649.49
640,36,9660.25
640,37,9735.51
640,38,9673.95
640,39,9708.93
640,40,9716.74
640,41,9697.96
640,42,9742.48
640,43,9692.37
640,44,9758.66
640,45,9707.29
640,46,9701.62
640,47,9688.19
640,48,9697.86
640,49,9675.22
640,50,9680.82
640,51,9717.47
640,52,9625.05
640,53,9685
640,54,9689.8
640,55,9737.33
640,56,9681.1
640,57,9745.48
640,58,9685.02
640,59,9751
640,60,9706.55
640,61,9656.86
640,62,9694.35
640,63,9752.3
640,64,9684.89
640,65,9727.51
640,66,9681.07
640,67,9721.48
640,68,9728.48
640,69,9736.3
640,70,9699.23
640,71,9625.06
640,72,9728.51
640,73,9676.21
640,74,9752.72
640,75,9669.9
640,76,9745.62
640,77,9648.5
640,78,9655.49
640,79,9690.9
640,80,9660.4
640,81,9615.93
640,82,9697.82
640,83,9689.89
640,84,9665.96
640,85,9652.6
640,86,9666.11
640,87,9741.05
640,88,9707.19
640,89,9665.27
640,90,9663.09
640,91,9793.06
640,92,9725.97
640,93,9715.5
640,94,9699.76
640,95,9703.86
640,96,9698.75
640,97,9719.06
640,98,9705.9
640,99,9719.77
650,0,9766.99
650,1,9690.06
650,2,9742.02
650,3,9688.19
650,4,9682.27
650,5,9658.99
650,6,9724.62
650,7,9635.15
650,8,9706.74
650,9,9771.31
650,10,9697.85
650,11,9632.03
650,12,9631.7
650,13,9724.58
650,14,9683.27
650,15,9697.05
650,16,9711.42
650,17,9710.52
650,18,9625.11
650,19,9690.62
650,20,9721.56
650,21,9672.82
650,22,9670.85
650,23,9700.77
650,24,9634.71
650,25,9636.44
650,26,9717.4
650,27,9728.83
650,28,9731.4
650,29,9635.58
650,30,9659.27
650,31,9727.47
650,32,9637.37
650,33,9625.66
650,34,9706.42
650,35,9632.6
650,36,9643.23
650,37,9722.96
650,38,9658.31
650,39,9693.35
650,40,9703.2
650,41,9683.14
650,42,9730.25
650,43,9675.52
650,44,9747.25
650,45,9691.24
650,46,9687.38
650,47,9673.63
650,48,9683.19
650,49,9659.44
650,50,9665.61
650,51,9705.19
650,52,9606.85
650,53,9668.71
650,54,9674.34
650,55,9724.71
650,56,9666.04
650,57,9733.37
650,58,9669.92
650,59,9739.31
650,60,9690.43
650,61,9640.38
650,62,9679.72
650,63,9740.58
650,64,9669.79
650,65,9714.63
650,66,9665.84
650,67,9708.44
650,68,9714.87
650,69,9723.85
650,70,9684.85
650,71,9606.97
650,72,9715.94
650,73,9660.74
650,74,9741.34
650,75,9653.9
650,76,9733.56
650,77,9631.63
650,78,9638.92
650,79,9676.18
650,80,9645.92
650,81,9597.25
650,82,9683.17
650,83,9675.2
650,84,9649.89
650,85,9635.91
650,86,9650.86
650,87,9728.7
650,88,9693.42
650,89,9651.44
650,90,9646.96
650,91,9783.33
650,92,9712.92
650,93,9701.71
650,94,9685.41
650,95,9689.71
650,96,9684.12
650,97,9705.56
650,98,9691.5
650,99,9706.47
660,0,9766.69
660,1,9689.76
660,2,9741.72
660,3,9687.89
660,4,9681.97
660,5,9658.69
660,6,9724.32
660,7,9634.85
660,8,9706.44
660,9,9771.01
660,10,9697.55
660,11,9631.73
660,12,9631.41
660,13,9724.28
660,14,9682.97
660,15,9696.75
660,16,9711.12
660,17,9710.22
660,18,9624.82
660,19,9690.32
660,20,9721.26
660,21,9672.52
660,22,9670.55
660,23,9700.47
660,24,9634.42
660,25,9636.14
660,26,9717.1
660,27,9728.53
660,28,9731.1
660,29,9635.28
660,30,9658.97
660,31,9727.17
660,32,9637.07
660,33,9625.37
660,34,9706.12
660,35,9632.3
660,36,9642.93
660,37,9722.66
660,38,9658.01
660,39,9693.05
660,40,9702.9
660,41,9682.84
660,42,9729.95
660,43,9675.22
660,44,9746.95
660,45,9690.94
660,46,9687.08
660,47,9673.33
660,48,9682.89
660,49,9659.14
660,50,9665.31
660,51,9704.89
660,52,9606.55
660,53,9668.41
660,54,9674.04
660,55,9724.41
660,56,9665.74
660,57,9733.07
660,58,9669.62
660,59,9739.01
660,60,9690.13
660,61,9640.08
660,62,9679.42
660,63,9740.28
660,64,9669.49
660,65,9714.33
660,66,9665.54
660,67,9708.14
660,68,9714.57
660,69,9723.55
660,70,9684.55
660,71,9606.67
660,72,9715.64
660,73,9660.44
660,74,9741.04
660,75,9653.6
660,76,9733.26
660,77,9631.33
660,78,9638.63
660,79,9675.88
660,80,9645.62
660,81,9596.96
660,82,9682.87
660,83,9674.9
660,84,9649.59
660,85,9635.61
660,86,9650.56
660,87,9728.4
660,88,9693.12
660,89,9651.14
660,90,9646.66
660,91,9783.03
660,92,9712.62
660,93,9701.41
660,94,9685.11
660,95,9689.41
660,96,9683.82
660,97,9705.26
660,98,9691.2
660,99,9706.17
670,0,9766.39
670,1,9689.46
670,2,9741.42
670,3,9687.59
670,4,9681.67
670,5,9658.39
670,6,9724.02
670,7,9634.55
670,8,9706.14
670,9,9770.71
670,10,9697.25
670,11,9631.43
670,12,9631.11
670,13,9723.98
670,14,9682.67
670,15,9696.45
670,16,9710.82
670,17,9709.92
670,18,9624.52
670,19,9690.02
670,20,9720.96
670,21,9672.22
670,22,9670.25
670,23,9700.17
670,24,9634.12
670,25,9635.84
670,26,9716.8
670,27,9728.23
670,28,9730.8
670,29,9634.98
670,30,9658.67
670,31,9726.87
670,32,9636.77
670,33,9625.07
670,34,9705.82
670,35,9632
670,36,9642.63
670,37,9722.36
670,38,9657.71
670,39,9692.75
670,40,9702.6
670,41,9682.54
670,42,9729.65
670,43,9674.92
670,44,9746.65
670,45,9690.64
670,46,9686.78
670,47,9673.03
670,48,9682.59
670,49,9658.84
670,50,9665.01
670,51,9704.59
670,52,9606.25
670,53,9668.11
670,54,9673.74
670,55,9724.11
670,56,9665.44
670,57,9732.77
670,58,9669.32
670,59,9738.71
670,60,9689.83
670,61,9639.78
670,62,9679.12
670,63,9739.98
670,64,9669.19
670,65,9714.03
670,66,9665.24
670,67,9707.84
670,68,9714.27
670,69,9723.25
670,70,9684.25
670,71,9606.37
670,72,9715.34
670,73,9660.14
670,74,9740.74
670,75,9653.3
670,76,9732.96
670,77,9631.03
670,78,9638.33
670,79,9675.58
670,80,9645.32
670,81,9596.66
670,82,9682.57
670,83,9674.6
670,84,9649.29
670,85,9635.31
670,86,9650.26
670,87,9728.1
670,88,9692.82
670,89,9650.84
670,90,9646.36
670,91,9782.73
670,92,9712.32
670,93,9701.11
670,94,9684.81
670,95,9689.11
670,96,9683.52
670,97,9704.96
670,98,9690.9
670,99,9705.87
680,0,9755.9
680,1,9673.1
680,2,9729.19
680,3,9673.38
680,4,9668.8
680,5,9642.62
680,6,9711.54
680,7,9618.29
680,8,9692.81
680,9,9760.44
680,10,9682.84
680,11,9614.52
680,12,9614.17
680,13,9711.28
680,14,9668.27
680,15,9682.23
680,16,9697.71
680,17,9694.95
680,18,9608.24
680,19,9675.66
680,20,9708.33
680,21,9657.66
680,22,9653.65
680,23,9686.76
680,24,9616.8
680,25,9619.19
680,26,9703.97
680,27,9715.94
680,28,9718.63
680,29,9618.3
680,30,9643.1
680,31,9714.54
680,32,9618.48
680,33,9607.84
680,34,9691.94
680,35,9615.1
680,36,9625.6
680,37,9709.38
680,38,9642.07
680,39,9679.38
680,40,9689.06
680,41,9668.62
680,42,9717.43
680,43,9661.84
680,44,9735.24
680,45,9677.15
680,46,9672.53
680,47,9658.46
680,48,9668.15
680,49,9643.06
680,50,9649.76
680,51,9691.65
680,52,9588.04
680,53,9652.27
680,54,9661.15
680,55,9711.48
680,56,9650.05
680,57,9720.81
680,58,9654.29
680,59,9726.97
680,60,9676.69
680,61,9623.29
680,62,9664.49
680,63,9728.25
680,64,9654.09
680,65,9701.15
680,66,9649.99
680,67,9694.7
680,68,9702.43
680,69,9710.79
680,70,9669.87
680,71,9588.26
680,72,9701.86
680,73,9644.68
680,74,9728.09
680,75,9637.3
680,76,9720.89
680,77,9614.16
680,78,9621.74
680,79,9660.85
680,80,9628
680,81,9577.96
680,82,9668.49
680,83,9659.91
680,84,9633.21
680,85,9618.6
680,86,9634.43
680,87,9715.76
680,88,9678.8
680,89,9637
680,90,9630.23
680,91,9773.01
680,92,9699.28
680,93,9687.9
680,94,9670.45
680,95,9674.96
680,96,9668.88
680,97,9691.46
680,98,9676.5
680,99,9692.52
690,0,9755.6
690,1,9672.8
690,2,9728.89
690,3,9673.08
690,4,9668.5
690,5,9642.32
690,6,9711.24
690,7,9618.02
690,8,9692.51
690,9,9760.14
690,10,9682.54
690,11,9614.24
690,12,9613.9
690,13,9710.98
690,14,9667.97
690,15,9681.93
690,16,9697.41
690,17,9694.65
690,18,9607.97
690,19,9675.36
690,20,9708.03
690,21,9657.36
690,22,9653.35
690,23,9686.46
690,24,9616.52
690,25,9618.9
690,26,9703.67
690,27,9715.64
690,28,9718.33
690,29,9618.02
690,30,9642.81
690,31,9714.24
690,32,9618.18
690,33,9607.57
690,34,9691.64
690,35,9614.81
690,36,9625.32
690,37,9709.08
690,38,9641.77
690,39,9679.08
690,40,9688.76
690,41,9668.32
690,42,9717.13
690,43,9661.54
690,44,9734.94
690,45,9676.85
690,46,9672.23
690,47,9658.16
690,48,9667.85
690,49,9642.76
690,50,9649.46
690,51,9691.35
690,52,9587.75
690,53,9651.97
690,54,9660.85
690,55,9711.18
690,56,9649.75
690,57,9720.51
690,58,9653.99
690,59,9726.67
690,60,9676.39
690,61,9623
690,62,9664.2
690,63,9727.95
690,64,9653.8
690,65,9700.85
690,66,9649.71
690,67,9694.4
690,68,9702.13
690,69,9710.49
690,70,9669.57
690,71,9587.99
690,72,9701.56
690,73,9644.38
690,74,9727.79
690,75,9637.01
690,76,9720.59
690,77,9613.87
690,78,9621.46
690,79,9660.55
690,80,9627.71
690,81,9577.68
690,82,9668.19
690,83,9659.61
690,84,9632.91
690,85,9618.31
690,86,9634.13
690,87,9715.46
690,88,9678.5
690,89,9636.7
690,90,9629.94
690,91,9772.71
690,92,9698.98
690,93,9687.6
690,94,9670.16
690,95,9674.66
690,96,9668.58
690,97,9691.16
690,98,9676.2
690,99,9692.22
700,0,9755.3
700,1,9672.5
700,2,9728.59
700,3,9672.78
700,4,9668.2
700,5,9642.02
700,6,9710.94
700,7,9617.72
700,8,9692.21
700,9,9759.84
700,10,9682.24
700,11,9613.94
700,12,9613.6
700,13,9710.68
700,14,9667.67
700,15,9681.63
700,16,9697.11
700,17,9694.35
700,18,9607.67
700,19,9675.06
700,20,9707.73
700,21,9657.06
700,22,9653.05
700,23,9686.16
700,24,9616.22
700,25,9618.6
700,26,9703.37
700,27,9715.34
700,28,9718.03
700,29,9617.72
700,30,9642.51
700,31,9713.94
700,32,9617.88
700,33,9607.27
700,34,9691.34
700,35,9614.51
700,36,9625.02
700,37,9708.78
700,38,9641.47
700,39,9678.78
700,40,9688.46
700,41,9668.02
700,42,9716.83
700,43,9661.24
700,44,9734.64
700,45,9676.55
700,46,9671.93
700,47,9657.86
700,48,9667.55
700,49,9642.46
700,50,9649.16
700,51,9691.05
700,52,9587.45
700,53,9651.67
700,54,9660.55
700,55,9710.88
700,56,9649.45
700,57,9720.21
700,58,9653.69
700,59,9726.37
700,60,9676.09
700,61,9622.7
700,62,9663.9
700,63,9727.65
700,64,9653.5
700,65,9700.55
700,66,9649.41
700,67,9694.1
700,68,9701.83
700,69,9710.19
700,70,9669.27
700,71,9587.69
700,72,9701.26
700,73,9644.08
700,74,9727.49
700,75,9636.71
700,76,9720.29
700,77,9613.57
700,78,9621.16
700,79,9660.25
700,80,9627.41
700,81,9577.38
700,82,9667.89
700,83,9659.31
700,84,9632.61
700,85,9618.01
700,86,9633.83
700,87,9715.16
700,88,9678.2
700,89,9636.4
700,90,9629.64
700,91,9772.41
700,92,9698.68
700,93,9687.3
700,94,9669.86
700,95,9674.36
700,96,9668.28
700,97,9690.86
700,98,9675.9
700,99,9691.92
710,0,9744.81
710,1,9658.81
710,2,9717.17
710,3,9658.57
710,4,9652.92
710,5,9627.08
710,6,9698.45
710,7,9599.56
710,8,9678.87
710,9,9749.58
710,10,9668.61
710,11,9597.01
710,12,9596.65
710,13,9698.15
710,14,9653.28
710,15,9668.9
710,16,9683.99
710,17,9681.22
710,18,9589.71
710,19,9660.5
710,20,9695.1
710,21,9643.22
710,22,9639.42
710,23,9672.75
710,24,9601.33
710,25,9601.58
710,26,9690.54
710,27,9702.86
710,28,9706.37
710,29,9601.02
710,30,9626.87
710,31,9701.6
710,32,9601.69
710,33,9590.03
710,34,9677.65
710,35,9597.6
710,36,9609.67
710,37,9696.71
710,38,9625.82
710,39,9664.85
710,40,9674.73
710,41,9653.06
710,42,9704.6
710,43,9648.16
710,44,9723.23
710,45,9663.36
710,46,9657.69
710,47,9643.29
710,48,9653.4
710,49,9626.67
710,50,9633.88
710,51,9677.09
710,52,9569.22
710,53,9637.52
710,54,9644.33
710,55,9698.9
710,56,9633.97
710,57,9708.16
710,58,9638.53
710,59,9714.62
710,60,9662.18
710,61,9606.2
710,62,9649.25
710,63,9715.93
710,64,9638.38
710,65,9687.5
710,66,9634.01
710,67,9680.84
710,68,9688.69
710,69,9697.74
710,70,9654.89
710,71,9569.56
710,72,9688.69
710,73,9628.59
710,74,9716.19
710,75,9620.64
710,76,9708.23
710,77,9596.54
710,78,9604.56
710,79,9645.53
710,80,9612.93
710,81,9558.67
710,82,9653.29
710,83,9644.6
710,84,9616.53
710,85,9601.29
710,86,9618.57
710,87,9703.37
710,88,9664.17
710,89,9622.57
710,90,9613.49
710,91,9762.68
710,92,9685.64
710,93,9673.56
710,94,9655.48
710,95,9660.21
710,96,9654.85
710,97,9679.98
710,98,9661.51
710,99,9678.78
720,0,9744.51
720,1,9658.51
720,2,9716.87
720,3,9658.27
720,4,9652.62
720,5,9626.78
720,6,9698.15
720,7,9599.3
720,8,9678.57
720,9,9749.28
720,10,9668.32
720,11,9596.74
720,12,9596.39
720,13,9697.85
720,14,9652.98
720,15,9668.6
720,16,9683.69
720,17,9680.92
720,18,9589.44
720,19,9660.21
720,20,9694.8
720,21,9642.92
720,22,9639.12
720,23,9672.45
720,24,9601.03
720,25,9601.3
720,26,9690.24
720,27,9702.56
720,28,9706.07
720,29,9600.75
720,30,9626.59
720,31,9701.3
720,32,9601.39
720,33,9589.77
720,34,9677.35
720,35,9597.32
720,36,9609.37
720,37,9696.41
720,38,9625.52
720,39,9664.55
720,40,9674.43
720,41,9652.79
720,42,9704.3
720,43,9647.86
720,44,9722.93
720,45,9663.06
720,46,9657.39
720,47,9642.99
720,48,9653.11
720,49,9626.38
720,50,9633.59
720,51,9676.79
720,52,9568.95
720,53,9637.22
720,54,9644.05
720,55,9698.6
720,56,9633.67
720,57,9707.86
720,58,9638.24
720,59,9714.32
720,60,9661.88
720,61,9605.92
720,62,9648.98
720,63,9715.63
720,64,9638.1
720,65,9687.2
720,66,9633.74
720,67,9680.54
720,68,9688.39
720,69,9697.44
720,70,9654.59
720,71,9569.3
720,72,9688.39
720,73,9628.31
720,74,9715.89
720,75,9620.36
720,76,9707.93
720,77,9596.26
720,78,9604.29
720,79,9645.23
720,80,9612.63
720,81,9558.4
720,82,9652.99
720,83,9644.32
720,84,9616.23
720,85,9601.02
720,86,9618.28
720,87,9703.07
720,88,9663.89
720,89,9622.27
720,90,9613.22
720,91,9762.38
720,92,9685.34
720,93,9673.26
720,94,9655.2
720,95,9659.91
720,96,9654.57
720,97,9679.68
720,98,9661.21
720,99,9678.48
730,0,9744.21
730,1,9658.21
730,2,9716.57
730,3,9657.97
730,4,9652.32
730,5,9626.48
730,6,9697.85
730,7,9599
730,8,9678.27
730,9,9748.98
730,10,9668.02
730,11,9596.44
730,12,9596.09
730,13,9697.55
730,14,9652.68
730,15,9668.3
730,16,9683.39
730,17,9680.62
730,18,9589.14
730,19,9659.91
730,20,9694.5
730,21,9642.62
730,22,9638.82
730,23,9672.15
730,24,9600.73
730,25,9601
730,26,9689.94
730,27,9702.26
730,28,9705.77
730,29,9600.45
730,30,9626.29
730,31,9701
730,32,9601.09
730,33,9589.47
730,34,9677.05
730,35,9597.02
730,36,9609.07
730,37,9696.11
730,38,9625.22
730,39,9664.25
730,40,9674.13
730,41,9652.49
730,42,9704
730,43,9647.56
730,44,9722.63
730,45,9662.76
730,46,9657.09
730,47,9642.69
730,48,9652.81
730,49,9626.08
730,50,9633.29
730,51,9676.49
730,52,9568.65
730,53,9636.92
730,54,9643.75
730,55,9698.3
730,56,9633.37
730,57,9707.56
730,58,9637.94
730,59,9714.02
730,60,9661.58
730,61,9605.62
730,62,9648.68
730,63,9715.33
730,64,9637.8
730,65,9686.9
730,66,9633.44
730,67,9680.24
730,68,9688.09
730,69,9697.14
730,70,9654.29
730,71,9569
730,72,9688.09
730,73,9628.01
730,74,9715.59
730,75,9620.06
730,76,9707.63
730,77,9595.96
730,78,9603.99
730,79,9644.93
730,80,9612.33
730,81,9558.1
730,82,9652.69
730,83,9644.02
730,84,9615.93
730,85,9600.72
730,86,9617.98
730,87,9702.77
730,88,9663.59
730,89,9621.97
730,90,9612.92
730,91,9762.08
730,92,9685.04
730,93,9672.96
730,94,9654.9
730,95,9659.61
730,96,9654.27
730,97,9679.38
730,98,9660.91
730,99,9678.18
740,0,9733.72
740,1,9644.51
740,2,9705.15
740,3,9643.74
740,4,9637.04
740,5,9610.72
740,6,9685.36
740,7,9580.78
740,8,9664.92
740,9,9738.72
740,10,9654.36
740,11,9579.5
740,12,9579.13
740,13,9685.01
740,14,9638.28
740,15,9655.57
740,16,9670.28
740,17,9667.96
740,18,9571.18
740,19,9645.33
740,20,9681.87
740,21,9627.5
740,22,9625.2
740,23,9658.74
740,24,9583.39
740,25,9583.97
740,26,9677.11
740,27,9689.77
740,28,9694.14
740,29,9583.74
740,30,9610.64
740,31,9688.66
740,32,9584.8
740,33,9572.22
740,34,9663.37
740,35,9580.09
740,36,9592.01
740,37,9683.59
740,38,9609.56
740,39,9650.32
740,40,9660.71
740,41,9637.75
740,42,9691.78
740,43,9634.48
740,44,9711.22
740,45,9648.15
740,46,9642.83
740,47,9628.12
740,48,9638.65
740,49,9610.27
740,50,9618.02
740,51,9662.53
740,52,9550.4
740,53,9623.13
740,54,9627.51
740,55,9685.68
740,56,9617.9
740,57,9695.52
740,58,9622.64
740,59,9702.3
740,60,9647.68
740,61,9589.1
740,62,9634.01
740,63,9703.6
740,64,9622.67
740,65,9674.02
740,66,9618.02
740,67,9666.95
740,68,9675.08
740,69,9684.69
740,70,9639.91
740,71,9550.86
740,72,9675.52
740,73,9612.51
740,74,9704.21
740,75,9604.04
740,76,9695.57
740,77,9578.92
740,78,9587.37
740,79,9630.21
740,80,9597.85
740,81,9539.32
740,82,9638.1
740,83,9627.78
740,84,9599.84
740,85,9583.98
740,86,9602.7
740,87,9690.46
740,88,9649.54
740,89,9608.12
740,90,9596.76
740,91,9752.35
740,92,9671.98
740,93,9659.22
740,94,9640.51
740,95,9645.45
740,96,9639.6
740,97,9665.84
740,98,9647.78
740,99,9665.02
750,0,9733.42
750,1,9644.21
750,2,9704.85
750,3,9643.45
750,4,9636.75
750,5,9610.43
750,6,9685.06
750,7,9580.53
750,8,9664.63
750,9,9738.42
750,10,9654.09
750,11,9579.25
750,12,9578.88
750,13,9684.72
750,14,9637.98
750,15,9655.27
750,16,9669.98
750,17,9667.66
750,18,9570.93
750,19,9645.05
750,20,9681.57
750,21,9627.22
750,22,9624.9
750,23,9658.44
750,24,9583.14
750,25,9583.7
750,26,9676.81
750,27,9689.47
750,28,9693.84
750,29,9583.49
750,30,9610.37
750,31,9688.37
750,32,9584.5
750,33,9571.97
750,34,9663.07
750,35,9579.84
750,36,9591.75
750,37,9683.29
750,38,9609.28
750,39,9650.03
750,40,9660.42
750,41,9637.49
750,42,9691.48
750,43,9634.18
750,44,9710.92
750,45,9647.88
750,46,9642.55
750,47,9627.83
750,48,9638.37
750,49,9610.01
750,50,9617.74
750,51,9662.23
750,52,9550.14
750,53,9622.83
750,54,9627.25
750,55,9685.38
750,56,9617.61
750,57,9695.22
750,58,9622.36
750,59,9702
750,60,9647.38
750,61,9588.84
750,62,9633.75
750,63,9703.3
750,64,9622.4
750,65,9673.72
750,66,9617.77
750,67,9666.65
750,68,9674.78
750,69,9684.39
750,70,9639.61
750,71,9550.61
750,72,9675.23
750,73,9612.24
750,74,9703.91
750,75,9603.78
750,76,9695.27
750,77,9578.66
750,78,9587.13
750,79,9629.91
750,80,9597.55
750,81,9539.07
750,82,9637.81
750,83,9627.52
750,84,9599.55
750,85,9583.72
750,86,9602.42
750,87,9690.16
750,88,9649.27
750,89,9607.83
750,90,9596.49
750,91,9752.05
750,92,9671.7
750,93,9658.93
750,94,9640.25
750,95,9645.16
750,96,9639.34
750,97,9665.54
750,98,9647.48
750,99,9664.73
760,0,9733.12
760,1,9643.91
760,2,9704.55
760,3,9643.15
760,4,9636.45
760,5,9610.13
760,6,9684.76
760,7,9580.23
760,8,9664.33
760,9,9738.12
760,10,9653.79
760,11,9578.95
760,12,9578.58
760,13,9684.42
760,14,9637.68
760,15,9654.97
760,16,9669.68
760,17,9667.36
760,18,9570.63
760,19,9644.75
760,20,9681.27
760,21,9626.92
760,22,9624.6
760,23,9658.14
760,24,9582.84
760,25,9583.4
760,26,9676.51
760,27,9689.17
760,28,9693.54
760,29,9583.19
760,30,9610.07
760,31,9688.07
760,32,9584.2
760,33,9571.67
760,34,9662.77
760,35,9579.54
760,36,9591.45
760,37,9682.99
760,38,9608.98
760,39,9649.73
760,40,9660.12
760,41,9637.19
760,42,9691.18
760,43,9633.88
760,44,9710.62
760,45,9647.58
760,46,9642.25
760,47,9627.53
760,48,9638.07
760,49,9609.71
760,50,9617.44
760,51,9661.93
760,52,9549.84
760,53,9622.53
760,54,9626.95
760,55,9685.08
760,56,9617.31
760,57,9694.92
760,58,9622.06
760,59,9701.7
760,60,9647.08
760,61,9588.54
760,62,9633.45
760,63,9703
760,64,9622.1
760,65,9673.42
760,66,9617.47
760,67,9666.35
760,68,9674.48
760,69,9684.09
760,70,9639.31
760,71,9550.31
760,72,9674.93
760,73,9611.94
760,74,9703.61
760,75,9603.48
760,76,9694.97
760,77,9578.36
760,78,9586.83
760,79,9629.61
760,80,9597.25
760,81,9538.77
760,82,9637.51
760,83,9627.22
760,84,9599.25
760,85,9583.42
760,86,9602.12
760,87,9689.86
760,88,9648.97
760,89,9607.53
760,90,9596.19
760,91,9751.75
760,92,9671.4
760,93,9658.63
760,94,9639.95
760,95,9644.86
760,96,9639.04
760,97,9665.24
760,98,9647.18
760,99,9664.43
770,0,9722.63
770,1,9630.2
770,2,9693.13
770,3,9628.91
770,4,9621.46
770,5,9595.16
770,6,9672.28
770,7,9564.57
770,8,9650.97
770,9,9727.85
770,10,9640.14
770,11,9561.99
770,12,9561.6
770,13,9671.47
770,14,9623.27
770,15,9642.22
770,16,9656.56
770,17,9655.17
770,18,9552.59
770,19,9630.12
770,20,9668.63
770,21,9613.05
770,22,9610.9
770,23,9644.73
770,24,9567.92
770,25,9566.35
770,26,9663.67
770,27,9677.12
770,28,9681.82
770,29,9566.46
770,30,9594.4
770,31,9675.71
770,32,9568
770,33,9554.41
770,34,9649.11
770,35,9562.59
770,36,9576.08
770,37,9670.91
770,38,9593.3
770,39,9635.74
770,40,9646.32
770,41,9622.26
770,42,9678.95
770,43,9620.79
770,44,9699.2
770,45,9634.34
770,46,9627.98
770,47,9612.94
770,48,9623.36
770,49,9593.88
770,50,9602.14
770,51,9647.92
770,52,9531.59
770,53,9608.79
770,54,9610.7
770,55,9673.05
770,56,9602.2
770,57,9682.8
770,58,9606.91
770,59,9689.95
770,60,9632.59
770,61,9572.01
770,62,9618.78
770,63,9691.26
770,64,9606.96
770,65,9660.35
770,66,9602.18
770,67,9653.31
770,68,9660.87
770,69,9671.63
770,70,9624.92
770,71,9532.16
770,72,9662.34
770,73,9596.43
770,74,9692.37
770,75,9587.42
770,76,9682.91
770,77,9561.31
770,78,9570.19
770,79,9614.89
770,80,9582.76
770,81,9520.03
770,82,9622.83
770,83,9610.96
770,84,9583.14
770,85,9566.68
770,86,9586.83
770,87,9678.06
770,88,9634.91
770,89,9593.67
770,90,9580.02
770,91,9742.02
770,92,9658.33
770,93,9644.81
770,94,9625.55
770,95,9630.69
770,96,9625.59
770,97,9654.35
770,98,9632.77
770,99,9651.26
780,0,9722.33
780,1,9629.91
780,2,9692.83
780,3,9628.64
780,4,9621.18
780,5,9594.89
780,6,9671.98
780,7,9564.31
780,8,9650.69
780,9,9727.55
780,10,9639.88
780,11,9561.75
780,12,9561.37
780,13,9671.19
780,14,9622.99
780,15,9641.94
780,16,9656.26
780,17,9654.88
780,18,9552.35
780,19,9629.85
780,20,9668.34
780,21,9612.78
780,22,9610.61
780,23,9644.44
780,24,9567.65
780,25,9566.1
780,26,9663.38
780,27,9676.82
780,28,9681.52
780,29,9566.22
780,30,9594.16
780,31,9675.44
780,32,9567.71
780,33,9554.17
780,34,9648.82
780,35,9562.35
780,36,9575.81
780,37,9670.62
780,38,9593.04
780,39,9635.46
780,40,9646.04
780,41,9622.01
780,42,9678.65
780,43,9620.5
780,44,9698.92
780,45,9634.05
780,46,9627.7
780,47,9612.66
780,48,9623.1
780,49,9593.63
780,50,9601.88
780,51,9647.64
780,52,9531.34
780,53,9608.49
780,54,9610.46
780,55,9672.75
780,56,9601.95
780,57,9682.51
780,58,9606.65
780,59,9689.66
780,60,9632.31
780,61,9571.76
780,62,9618.53
780,63,9690.97
780,64,9606.71
780,65,9660.07
780,66,9601.93
780,67,9653.01
780,68,9660.59
780,69,9671.34
780,70,9624.63
780,71,9531.92
780,72,9662.06
780,73,9596.17
780,74,9692.07
780,75,9587.17
780,76,9682.61
780,77,9561.06
780,78,9569.96
780,79,9614.59
780,80,9582.48
780,81,9519.8
780,82,9622.56
780,83,9610.71
780,84,9582.87
780,85,9566.43
780,86,9586.57
780,87,9677.77
780,88,9634.66
780,89,9593.39
780,90,9579.77
780,91,9741.72
780,92,9658.05
780,93,9644.54
780,94,9625.3
780,95,9630.42
780,96,9625.33
780,97,9654.06
780,98,9632.48
780,99,9650.98
790,0,9722.03
790,1,9629.61
790,2,9692.53
790,3,9628.34
790,4,9620.88
790,5,9594.59
790,6,9671.68
790,7,9564.01
790,8,9650.39
790,9,9727.25
790,10,9639.58
790,11,9561.45
790,12,9561.07
790,13,9670.89
790,14,9622.69
790,15,9641.64
790,16,9655.96
790,17,9654.58
790,18,9552.05
790,19,9629.55
790,20,9668.04
790,21,9612.48
790,22,9610.31
790,23,9644.14
790,24,9567.35
790,25,9565.8
790,26,9663.08
790,27,9676.52
790,28,9681.22
790,29,9565.92
790,30,9593.86
790,31,9675.14
790,32,9567.41
790,33,9553.87
790,34,9648.52
790,35,9562.05
790,36,9575.51
790,37,9670.32
790,38,9592.74
790,39,9635.16
790,40,9645.74
790,41,9621.71
790,42,9678.35
790,43,9620.2
790,44,9698.62
790,45,9633.75
790,46,9627.4
790,47,9612.36
790,48,9622.8
790,49,9593.33
790,50,9601.58
790,51,9647.34
790,52,9531.04
790,53,9608.19
790,54,9610.16
790,55,9672.45
790,56,9601.65
790,57,9682.21
790,58,9606.35
790,59,9689.36
790,60,9632.01
790,61,9571.46
790,62,9618.23
790,63,9690.67
790,64,9606.41
790,65,9659.77
790,66,9601.63
790,67,9652.71
790,68,9660.29
790,69,9671.04
790,70,9624.33
790,71,9531.62
790,72,9661.76
790,73,9595.87
790,74,9691.77
790,75,9586.87
790,76,9682.31
790,77,9560.76
790,78,9569.66
790,79,9614.29
790,80,9582.18
790,81,9519.5
790,82,9622.26
790,83,9610.41
790,84,9582.57
790,85,9566.13
790,86,9586.27
790,87,9677.47
790,88,9634.36
790,89,9593.09
790,90,9579.47
790,91,9741.42
790,92,9657.75
790,93,9644.24
790,94,9625
790,95,9630.12
790,96,9625.03
790,97,9653.76
790,98,9632.18
790,99,9650.68
800,0,9711.54
800,1,9615.89
800,2,9681.1
800,3,9614.09
800,4,9605.58
800,5,9578.84
800,6,9659.18
800,7,9545.82
800,8,9637.02
800,9,9716.98
800,10,9625.12
800,11,9544.48
800,12,9549.33
800,13,9658.32
800,14,9608.26
800,15,9628.88
800,16,9642.83
800,17,9641.94
800,18,9534.07
800,19,9614.97
800,20,9655.38
800,21,9597.37
800,22,9596.68
800,23,9630.71
800,24,9552.68
800,25,9548.74
800,26,9650.23
800,27,9664.04
800,28,9669.57
800,29,9549.18
800,30,9578.17
800,31,9662.77
800,32,9551.2
800,33,9541.72
800,34,9634.79
800,35,9545.09
800,36,9560.11
800,37,9657.32
800,38,9577.04
800,39,9621.22
800,40,9632.38
800,41,9607.68
800,42,9666.12
800,43,9607.09
800,44,9687.18
800,45,9619.12
800,46,9613.12
800,47,9597.76
800,48,9608.31
800,49,9578.77
800,50,9586.22
800,51,9633.37
800,52,9512.77
800,53,9591.56
800,54,9597.54
800,55,9659.81
800,56,9586.15
800,57,9670.13
800,58,9591.2
800,59,9677.55
800,60,9618.05
800,61,9554.91
800,62,9603.54
800,63,9678.92
800,64,9591.25
800,65,9646.69
800,66,9586.19
800,67,9639.48
800,68,9647.07
800,69,9658.32
800,70,9609.92
800,71,9513.45
800,72,9648.85
800,73,9580.34
800,74,9679.12
800,75,9570.81
800,76,9670.24
800,77,9543.69
800,78,9557.96
800,79,9599.56
800,80,9567.7
800,81,9500.74
800,82,9607.65
800,83,9595.66
800,84,9566.45
800,85,9549.37
800,86,9569.84
800,87,9665.18
800,88,9620.28
800,89,9580.58
800,90,9563.28
800,91,9731.68
800,92,9644.67
800,93,9630.48
800,94,9610.58
800,95,9615.92
800,96,9610.34
800,97,9640.16
800,98,9617.76
800,99,9637.13
810,0,9711.24
810,1,9615.62
810,2,9680.81
810,3,9613.83
810,4,9605.32
810,5,9578.59
810,6,9658.89
810,7,9545.6
810,8,9636.76
810,9,9716.69
810,10,9624.87
810,11,9544.26
810,12,9543.86
810,13,9658.05
810,14,9607.99
810,15,9628.61
810,16,9642.55
810,17,9641.66
810,18,9533.85
810,19,9614.71
810,20,9655.1
810,21,9597.11
810,22,9596.4
810,23,9630.43
810,24,9552.41
810,25,9548.5
810,26,9649.95
810,27,9663.76
810,28,9669.28
810,29,9548.96
810,30,9577.94
810,31,9662.5
810,32,9550.92
810,33,9536.38
810,34,9634.52
810,35,9544.86
810,36,9559.86
810,37,9657.05
810,38,9576.79
810,39,9620.96
810,40,9632.12
810,41,9607.41
810,42,9665.83
810,43,9606.81
810,44,9686.91
810,45,9618.87
810,46,9612.86
810,47,9597.49
810,48,9608.06
810,49,9578.53
810,50,9585.97
810,51,9633.11
810,52,9512.54
810,53,9591.3
810,54,9597.27
810,55,9659.52
810,56,9585.89
810,57,9669.86
810,58,9590.95
810,59,9677.27
810,60,9617.78
810,61,9554.68
810,62,9603.3
810,63,9678.65
810,64,9591.01
810,65,9646.42
810,66,9585.96
810,67,9639.19
810,68,9646.8
810,69,9658.04
810,70,9609.65
810,71,9513.23
810,72,9648.58
810,73,9580.1
810,74,9678.82
810,75,9570.58
810,76,9669.95
810,77,9543.46
810,78,9552.79
810,79,9599.27
810,80,9567.43
810,81,9500.52
810,82,9607.39
810,83,9595.42
810,84,9566.19
810,85,9549.14
810,86,9569.59
810,87,9664.9
810,88,9620.04
810,89,9574.9
810,90,9563.05
810,91,9731.39
810,92,9644.41
810,93,9630.22
810,94,9610.34
810,95,9615.67
810,96,9610.1
810,97,9639.88
810,98,9617.48
810,99,9636.87
820,0,9710.94
820,1,9615.32
820,2,9680.51
820,3,9613.53
820,4,9605.02
820,5,9578.29
820,6,9658.59
820,7,9545.3
820,8,9636.46
820,9,9716.39
820,10,9624.57
820,11,9543.96
820,12,9543.56
820,13,9657.75
820,14,9607.69
820,15,9628.31
820,16,9642.25
820,17,9641.36
820,18,9533.55
820,19,9614.41
820,20,9654.8
820,21,9596.81
820,22,9596.1
820,23,9630.13
820,24,9552.11
820,25,9548.2
820,26,9649.65
820,27,9663.46
820,28,9668.98
820,29,9548.66
820,30,9577.64
820,31,9662.2
820,32,9550.62
820,33,9536.08
820,34,9634.22
820,35,9544.56
820,36,9559.56
820,37,9656.75
820,38,9576.49
820,39,9620.66
820,40,9631.82
820,41,9607.11
820,42,9665.53
820,43,9606.51
820,44,9686.61
820,45,9618.57
820,46,9612.56
820,47,9597.19
820,48,9607.76
820,49,9578.23
820,50,9585.67
820,51,9632.81
820,52,9512.24
820,53,9591
820,54,9596.97
820,55,9659.22
820,56,9585.59
820,57,9669.56
820,58,9590.65
820,59,9676.97
820,60,9617.48
820,61,9554.38
820,62,9603
820,63,9678.35
820,64,9590.71
820,65,9646.12
820,66,9585.66
820,67,9638.89
820,68,9646.5
820,69,9657.74
820,70,9609.35
820,71,9512.93
820,72,9648.28
820,73,9579.8
820,74,9678.52
820,75,9570.28
820,76,9669.65
820,77,9543.16
820,78,9552.49
820,79,9598.97
820,80,9567.13
820,81,9500.22
820,82,9607.09
820,83,9595.12
820,84,9565.89
820,85,9548.84
820,86,9569.29
820,87,9664.6
820,88,9619.74
820,89,9574.6
820,90,9562.75
820,91,9731.09
820,92,9644.11
820,93,9629.92
820,94,9610.04
820,95,9615.37
820,96,9609.8
820,97,9639.58
820,98,9617.18
820,99,9636.57
830,0,9700.44
830,1,9601.58
830,2,9669.07
830,3,9599.26
830,4,9590
830,5,9562.43
830,6,9646.08
830,7,9531.97
830,8,9623.07
830,9,9706.1
830,10,9610.91
830,11,9531.49
830,12,9531.81
830,13,9645.17
830,14,9593.25
830,15,9615.54
830,16,9629.1
830,17,9629.14
830,18,9522.11
830,19,9599.83
830,20,9642.13
830,21,9581.59
830,22,9582.36
830,23,9616.69
830,24,9539.43
830,25,9535.23
830,26,9636.78
830,27,9650.97
830,28,9656.79
830,29,9536.74
830,30,9566.21
830,31,9649.82
830,32,9534.39
830,33,9523.91
830,34,9620.47
830,35,9532.1
830,36,9547.11
830,37,9644.14
830,38,9560.79
830,39,9606.72
830,40,9618.21
830,41,9596.78
830,42,9653.28
830,43,9594.77
830,44,9675.16
830,45,9605.04
830,46,9598.26
830,47,9582.58
830,48,9593.01
830,49,9566.33
830,50,9570.38
830,51,9618.84
830,52,9498.43
830,53,9576.79
830,54,9585.15
830,55,9646.57
830,56,9574.36
830,57,9657.39
830,58,9575.4
830,59,9665.24
830,60,9602.97
830,61,9541.94
830,62,9592.6
830,63,9666.58
830,64,9579.64
830,65,9633.2
830,66,9574.8
830,67,9625.59
830,68,9632.94
830,69,9645.25
830,70,9594.93
830,71,9499.6
830,72,9635.67
830,73,9568.1
830,74,9667.2
830,75,9558.31
830,76,9657.57
830,77,9530.34
830,78,9540.78
830,79,9584.22
830,80,9552.6
830,81,9486.3
830,82,9592.37
830,83,9584.54
830,84,9549.76
830,85,9536.42
830,86,9556.33
830,87,9652.19
830,88,9610.06
830,89,9560.71
830,90,9550.86
830,91,9721.34
830,92,9631.01
830,93,9616.06
830,94,9599.81
830,95,9601.16
830,96,9599.17
830,97,9626.07
830,98,9602.75
830,99,9623.2
840,0,9700.15
840,1,9601.32
840,2,9668.79
840,3,9599.02
840,4,9589.75
840,5,9562.18
840,6,9645.81
840,7,9526.88
840,8,9622.82
840,9,9705.83
840,10,9610.68
840,11,9526.76
840,12,9526.35
840,13,9644.92
840,14,9593
840,15,9615.29
840,16,9628.83
840,17,9628.88
840,18,9517
840,19,9599.59
840,20,9641.87
840,21,9581.35
840,22,9582.1
840,23,9616.42
840,24,9534.51
840,25,9530.9
840,26,9636.52
840,27,9650.71
840,28,9656.51
840,29,9531.69
840,30,9561.72
840,31,9649.57
840,32,9534.13
840,33,9518.58
840,34,9620.21
840,35,9527.37
840,36,9542.24
840,37,9643.87
840,38,9560.55
840,39,9606.47
840,40,9617.97
840,41,9592.14
840,42,9653
840,43,9590.72
840,44,9674.9
840,45,9604.78
840,46,9598.02
840,47,9582.32
840,48,9592.78
840,49,9562.15
840,50,9570.15
840,51,9618.59
840,52,9493.74
840,53,9576.51
840,54,9580.47
840,55,9646.29
840,56,9570.22
840,57,9657.14
840,58,9575.17
840,59,9664.97
840,60,9602.72
840,61,9537.6
840,62,9588.08
840,63,9666.32
840,64,9575.31
840,65,9632.94
840,66,9569.99
840,67,9625.31
840,68,9632.68
840,69,9644.99
840,70,9594.67
840,71,9494.54
840,72,9635.41
840,73,9564.03
840,74,9666.9
840,75,9553.9
840,76,9657.29
840,77,9525.85
840,78,9535.63
840,79,9583.95
840,80,9552.35
840,81,9481.25
840,82,9592.13
840,83,9580.13
840,84,9549.51
840,85,9531.84
840,86,9552.51
840,87,9651.93
840,88,9605.67
840,89,9560.46
840,90,9546.32
840,91,9721.06
840,92,9630.77
840,93,9615.81
840,94,9595.39
840,95,9600.92
840,96,9594.87
840,97,9625.81
840,98,9602.49
840,99,9622.95
850,0,9699.85
850,1,9601.02
850,2,9668.49
850,3,9598.72
850,4,9589.45
850,5,9561.88
850,6,9645.51
850,7,9526.58
850,8,9622.52
850,9,9705.53
850,10,9610.38
850,11,9526.46
850,12,9526.05
850,13,9644.62
850,14,9592.7
850,15,9614.99
850,16,9628.53
850,17,9628.58
850,18,9516.7
850,19,9599.29
850,20,9641.57
850,21,9581.05
850,22,9581.8
850,23,9616.12
850,24,9534.21
850,25,9530.6
850,26,9636.22
850,27,9650.41
850,28,9656.21
850,29,9531.39
850,30,9561.42
850,31,9649.27
850,32,9533.83
850,33,9518.28
850,34,9619.91
850,35,9527.07
850,36,9541.94
850,37,9643.57
850,38,9560.25
850,39,9606.17
850,40,9617.67
850,41,9591.84
850,42,9652.7
850,43,9590.42
850,44,9674.6
850,45,9604.48
850,46,9597.72
850,47,9582.02
850,48,9592.48
850,49,9561.85
850,50,9569.85
850,51,9618.29
850,52,9493.44
850,53,9576.21
850,54,9580.17
850,55,9645.99
850,56,9569.92
850,57,9656.84
850,58,9574.87
850,59,9664.67
850,60,9602.42
850,61,9537.3
850,62,9587.78
850,63,9666.02
850,64,9575.01
850,65,9632.64
850,66,9569.69
850,67,9625.01
850,68,9632.38
850,69,9644.69
850,70,9594.37
850,71,9494.24
850,72,9635.11
850,73,9563.73
850,74,9666.6
850,75,9553.6
850,76,9656.99
850,77,9525.55
850,78,9535.33
850,79,9583.65
850,80,9552.05
850,81,9480.95
850,82,9591.83
850,83,9579.83
850,84,9549.21
850,85,9531.54
850,86,9552.21
850,87,9651.63
850,88,9605.37
850,89,9560.16
850,90,9546.02
850,91,9720.76
850,92,9630.47
850,93,9615.51
850,94,9595.09
850,95,9600.62
850,96,9594.57
850,97,9625.51
850,98,9602.19
850,99,9622.65
860,0,9689.34
860,1,9587.97
860,2,9657.03
860,3,9587.58
860,4,9577.24
860,5,9549.13
860,6,9632.98
860,7,9516.45
860,8,9611.94
860,9,9695.22
860,10,9600.53
860,11,9513.98
860,12,9514.28
860,13,9634.98
860,14,9578.24
860,15,9603.38
860,16,9615.37
860,17,9616.35
860,18,9503.5
860,19,9588.19
860,20,9631.08
860,21,9565.79
860,22,9568.06
860,23,9602.67
860,24,9521.52
860,25,9518.07
860,26,9623.34
860,27,9638.24
860,28,9644.01
860,29,9519.46
860,30,9550.03
860,31,9639.63
860,32,9518.08
860,33,9506.09
860,34,9610.45
860,35,9514.59
860,36,9529.48
860,37,9630.93
860,38,9547.94
860,39,9596.33
860,40,9604.77
860,41,9581.19
860,42,9640.44
860,43,9577.93
860,44,9665.55
860,45,9592.01
860,46,9586.51
860,47,9567.39
860,48,9581.69
860,49,9549.94
860,50,9557.92
860,51,9608.78
860,52,9479.61
860,53,9562.67
860,54,9569.08
860,55,9633.33
860,56,9558.68
860,57,9647.1
860,58,9563.12
860,59,9654.99
860,60,9590.97
860,61,9524.85
860,62,9577.36
860,63,9656.33
860,64,9563.93
860,65,9622.17
860,66,9558.96
860,67,9611.94
860,68,9621.18
860,69,9631.94
860,70,9582.06
860,71,9480.9
860,72,9624.73
860,73,9552.02
860,74,9655.25
860,75,9541.68
860,76,9644.89
860,77,9512.86
860,78,9523.6
860,79,9568.89
860,80,9537.51
860,81,9467.01
860,82,9580.36
860,83,9569.23
860,84,9536.11
860,85,9519.11
860,86,9539.22
860,87,9641.43
860,88,9595.42
860,89,9548.36
860,90,9534.12
860,91,9711.25
860,92,9620.3
860,93,9604.43
860,94,9584.84
860,95,9586.4
860,96,9585.08
860,97,9612
860,98,9587.74
860,99,9612.16
870,0,9689.06
870,1,9587.73
870,2,9656.77
870,3,9584.21
870,4,9574.18
870,5,9545.77
870,6,9632.72
870,7,9510.66
870,8,9608.88
870,9,9694.96
870,10,9596.82
870,11,9509.27
870,12,9508.84
870,13,9632.25
870,14,9578
870,15,9600.46
870,16,9615.12
870,17,9616.1
870,18,9498.42
870,19,9584.72
870,20,9628.64
870,21,9565.56
870,22,9567.81
870,23,9602.41
870,24,9516.61
870,25,9513.75
870,26,9623.09
870,27,9637.98
870,28,9641.43
870,29,9514.43
870,30,9545.56
870,31,9636.63
870,32,9517.83
870,33,9500.78
870,34,9607.9
870,35,9509.88
870,36,9524.63
870,37,9630.68
870,38,9544.31
870,39,9593.22
870,40,9604.51
870,41,9576.57
870,42,9640.18
870,43,9573.91
870,44,9662.89
870,45,9588.12
870,46,9583.17
870,47,9567.16
870,48,9578.04
870,49,9545.77
870,50,9554.2
870,51,9605.7
870,52,9474.94
870,53,9559.6
870,54,9564.41
870,55,9633.07
870,56,9554.55
870,57,9644.43
870,58,9559.45
870,59,9652.56
870,60,9588.29
870,61,9520.51
870,62,9572.85
870,63,9653.99
870,64,9559.62
870,65,9619.46
870,66,9554.16
870,67,9611.67
870,68,9618.5
870,69,9631.68
870,70,9579.68
870,71,9475.85
870,72,9621.9
870,73,9547.96
870,74,9654.96
870,75,9537.29
870,76,9644.63
870,77,9508.39
870,78,9518.46
870,79,9568.63
870,80,9537.28
870,81,9461.97
870,82,9576.88
870,83,9564.84
870,84,9532.83
870,85,9514.55
870,86,9535.41
870,87,9638.95
870,88,9591.06
870,89,9542.7
870,90,9529.6
870,91,9710.98
870,92,9617.12
870,93,9601.41
870,94,9580.44
870,95,9586.17
870,96,9580.79
870,97,9611.75
870,98,9587.49
870,99,9609.21
880,0,9688.76
880,1,9587.43
880,2,9656.47
880,3,9583.91
880,4,9573.88
880,5,9545.47
880,6,9632.42
880,7,9510.36
880,8,9608.58
880,9,9694.66
880,10,9596.52
880,11,9508.97
880,12,9508.54
880,13,9631.95
880,14,9577.7
880,15,9600.16
880,16,9614.82
880,17,9615.8
880,18,9498.12
880,19,9584.42
880,20,9628.34
880,21,9565.26
880,22,9567.51
880,23,9602.11
880,24,9516.31
880,25,9513.45
880,26,9622.79
880,27,9637.68
880,28,9641.13
880,29,9514.13
880,30,9545.26
880,31,9636.33
880,32,9517.53
880,33,9500.48
880,34,9607.6
880,35,9509.58
880,36,9524.33
880,37,9630.38
880,38,9544.01
880,39,9592.92
880,40,9604.21
880,41,9576.27
880,42,9639.88
880,43,9573.61
880,44,9662.59
880,45,9587.82
880,46,9582.87
880,47,9566.86
880,48,9577.74
880,49,9545.47
880,50,9553.9
880,51,9605.4
880,52,9474.64
880,53,9559.3
880,54,9564.11
880,55,9632.77
880,56,9554.25
880,57,9644.13
880,58,9559.15
880,59,9652.26
880,60,9587.99
880,61,9520.21
880,62,9572.55
880,63,9653.69
880,64,9559.32
880,65,9619.16
880,66,9553.86
880,67,9611.37
880,68,9618.2
880,69,9631.38
880,70,9579.38
880,71,9475.55
880,72,9621.6
880,73,9547.66
880,74,9654.66
880,75,9536.99
880,76,9644.33
880,77,9508.09
880,78,9518.16
880,79,9568.33
880,80,9536.98
880,81,9461.67
880,82,9576.58
880,83,9564.54
880,84,9532.53
880,85,9514.25
880,86,9535.11
880,87,9638.65
880,88,9590.76
880,89,9542.4
880,90,9529.3
880,91,9710.68
880,92,9616.82
880,93,9601.11
880,94,9580.14
880,95,9585.87
880,96,9580.49
880,97,9611.45
880,98,9587.19
880,99,9608.91
890,0,9679
890,1,9577.67
890,2,9646.43
890,3,9572.76
890,4,9561.65
890,5,9532.76
890,6,9619.88
890,7,9497
890,8,9597.99
890,9,9686
890,10,9586.3
890,11,9496.47
890,12,9496.76
890,13,9621.83
890,14,9567.41
890,15,9590.06
890,16,9601.64
890,17,9603.06
890,18,9486.68
890,19,9573.03
890,20,9617.84
890,21,9554.49
890,22,9553.7
890,23,9588.65
890,24,9503.6
890,25,9500.45
890,26,9609.89
890,27,9625.15
890,28,9629.31
890,29,9502.18
890,30,9533.8
890,31,9626.69
890,32,9501.22
890,33,9488.28
890,34,9596.14
890,35,9497.09
890,36,9511.85
890,37,9619.79
890,38,9531.68
890,39,9581.79
890,40,9593.72
890,41,9565.82
890,42,9627.6
890,43,9560.47
890,44,9653.53
890,45,9574.58
890,46,9571.66
890,47,9556.63
890,48,9566.35
890,49,9533.55
890,50,9542.01
890,51,9594.2
890,52,9460.8
890,53,9545.01
890,54,9552.26
890,55,9620.09
890,56,9542.95
890,57,9634.44
890,58,9547.28
890,59,9642.6
890,60,9575.93
890,61,9507.75
890,62,9562.12
890,63,9643.99
890,64,9548.22
890,65,9608.68
890,66,9542.97
890,67,9599.47
890,68,9607.14
890,69,9618.63
890,70,9567.07
890,71,9462.2
890,72,9611.55
890,73,9535.94
890,74,9643.27
890,75,9525.08
890,76,9633.65
890,77,9495.24
890,78,9506.42
890,79,9555.37
890,80,9526.84
890,81,9447.66
890,82,9565.04
890,83,9553.93
890,84,9519.42
890,85,9501.81
890,86,9523.37
890,87,9628.49
890,88,9580.79
890,89,9530.53
890,90,9517.38
890,91,9702.31
890,92,9606.65
890,93,9589.97
890,94,9569.87
890,95,9571.63
890,96,9569.82
890,97,9599.88
890,98,9575.99
890,99,9598.02
900,0,9677.97
900,1,9573.43
900,2,9644.75
900,3,9569.4
900,4,9558.62
900,5,9529.41
900,6,9619.63
900,7,9491.95
900,8,9594.95
900,9,9684.1
900,10,9582.61
900,11,9491.77
900,12,9491.33
900,13,9619.11
900,14,9563.01
900,15,9587.13
900,16,9601.4
900,17,9602.83
900,18,9481.6
900,19,9569.57
900,20,9615.41
900,21,9549.46
900,22,9553.47
900,23,9588.41
900,24,9498.72
900,25,9496.15
900,26,9609.66
900,27,9624.91
900,28,9629.06
900,29,9497.16
900,30,9529.34
900,31,9623.7
900,32,9500.98
900,33,9482.98
900,34,9593.6
900,35,9492.39
900,36,9507.01
900,37,9617.55
900,38,9528.06
900,39,9578.71
900,40,9590.65
900,41,9561.22
900,42,9627.35
900,43,9560.23
900,44,9650.88
900,45,9574.35
900,46,9568.33
900,47,9551.99
900,48,9562.72
900,49,9529.39
900,50,9538.3
900,51,9591.16
900,52,9456.13
900,53,9544.76
900,54,9547.61
900,55,9619.84
900,56,9538.84
900,57,9631.78
900,58,9543.62
900,59,9640.18
900,60,9573.27
900,61,9503.43
900,62,9557.63
900,63,9641.67
900,64,9543.92
900,65,9605.98
900,66,9538.19
900,67,9597.85
900,68,9604.47
900,69,9618.38
900,70,9564.7
900,71,9457.17
900,72,9608.73
900,73,9531.89
900,74,9643
900,75,9520.7
900,76,9631.97
900,77,9490.79
900,78,9501.29
900,79,9553.31
900,80,9522.2
900,81,9442.64
900,82,9561.58
900,83,9549.55
900,84,9516.15
900,85,9497.25
900,86,9519.56
900,87,9626.03
900,88,9576.44
900,89,9524.88
900,90,9512.88
900,91,9700.66
900,92,9603.48
900,93,9586.97
900,94,9565.48
900,95,9571.42
900,96,9565.55
900,97,9597.63
900,98,9573.76
900,99,9595.08
910,0,9677.67
910,1,9573.13
910,2,9644.45
910,3,9569.1
910,4,9558.32
910,5,9529.11
910,6,9619.33
910,7,9491.65
910,8,9594.65
910,9,9683.8
910,10,9582.31
910,11,9491.47
910,12,9491.03
910,13,9618.81
910,14,9562.71
910,15,9586.83
910,16,9601.1
910,17,9602.53
910,18,9481.3
910,19,9569.27
910,20,9615.11
910,21,9549.16
910,22,9553.17
910,23,9588.11
910,24,9498.42
910,25,9495.85
910,26,9609.36
910,27,9624.61
910,28,9628.76
910,29,9496.86
910,30,9529.04
910,31,9623.4
910,32,9500.68
910,33,9482.68
910,34,9593.3
910,35,9492.09
910,36,9506.71
910,37,9617.25
910,38,9527.76
910,39,9578.41
910,40,9590.35
910,41,9560.92
910,42,9627.05
910,43,9559.93
910,44,9650.58
910,45,9574.05
910,46,9568.03
910,47,9551.69
910,48,9562.42
910,49,9529.09
910,50,9538
910,51,9590.86
910,52,9455.83
910,53,9544.46
910,54,9547.31
910,55,9619.54
910,56,9538.54
910,57,9631.48
910,58,9543.32
910,59,9639.88
910,60,9572.97
910,61,9503.13
910,62,9557.33
910,63,9641.37
910,64,9543.62
910,65,9605.68
910,66,9537.89
910,67,9597.55
910,68,9604.17
910,69,9618.08
910,70,9564.4
910,71,9456.87
910,72,9608.43
910,73,9531.59
910,74,9642.7
910,75,9520.4
910,76,9631.67
910,77,9490.49
910,78,9500.99
910,79,9553.01
910,80,9521.9
910,81,9442.34
910,82,9561.28
910,83,9549.25
910,84,9515.85
910,85,9496.95
910,86,9519.26
910,87,9625.73
910,88,9576.14
910,89,9524.58
910,90,9512.58
910,91,9700.36
910,92,9603.18
910,93,9586.67
910,94,9565.18
910,95,9571.12
910,96,9565.25
910,97,9597.33
910,98,9573.46
910,99,9594.78
920,0,9667.9
920,1,9563.36
920,2,9634.39
920,3,9557.93
920,4,9545.76
920,5,9516.4
920,6,9606.78
920,7,9478.27
920,8,9584.04
920,9,9675.12
920,10,9572.14
920,11,9478.96
920,12,9479.23
920,13,9608.68
920,14,9552.4
920,15,9575.2
920,16,9587.91
920,17,9593.91
920,18,9468.13
920,19,9557.94
920,20,9604.59
920,21,9538.77
920,22,9539.46
920,23,9578.13
920,24,9485.69
920,25,9483.2
920,26,9596.45
920,27,9612.12
920,28,9620
920,29,9484.9
920,30,9517.57
920,31,9613.74
920,32,9488.11
920,33,9470.47
920,34,9581.82
920,35,9481.27
920,36,9494.22
920,37,9606.66
920,38,9515.43
920,39,9567.8
920,40,9579.79
920,41,9550.51
920,42,9617.73
920,43,9546.77
920,44,9641.5
920,45,9564.19
920,46,9556.8
920,47,9541.45
920,48,9551.13
920,49,9517.15
920,50,9526.14
920,51,9579.71
920,52,9441.98
920,53,9533.39
920,54,9536.19
920,55,9609.96
920,56,9527.34
920,57,9621.78
920,58,9531.49
920,59,9630.26
920,60,9561.33
920,61,9490.66
920,62,9546.88
920,63,9631.65
920,64,9532.51
920,65,9595.18
920,66,9526.99
920,67,9585.65
920,68,9593.41
920,69,9607.83
920,70,9552.07
920,71,9443.49
920,72,9598.37
920,73,9519.85
920,74,9631.33
920,75,9508.4
920,76,9620.97
920,77,9477.63
920,78,9489.24
920,79,9540.03
920,80,9508.85
920,81,9428.37
920,82,9549.84
920,83,9538.62
920,84,9502.72
920,85,9484.5
920,86,9507.5
920,87,9615.56
920,88,9566.16
920,89,9510.65
920,90,9500.65
920,91,9691.97
920,92,9592.99
920,93,9575.62
920,94,9554.91
920,95,9556.87
920,96,9554.58
920,97,9585.73
920,98,9560.98
920,99,9583.94
930,0,9666.88
930,1,9559.14
930,2,9632.73
930,3,9554.59
930,4,9542.74
930,5,9513.07
930,6,9606.55
930,7,9473.23
930,8,9581.01
930,9,9673.24
930,10,9568.46
930,11,9474.27
930,12,9473.82
930,13,9605.98
930,14,9548.01
930,15,9572.3
930,16,9587.69
930,17,9590.05
930,18,9463.08
930,19,9554.49
930,20,9602.18
930,21,9533.75
930,22,9539.24
930,23,9574.4
930,24,9480.82
930,25,9478.91
930,26,9596.22
930,27,9611.9
930,28,9616.8
930,29,9479.89
930,30,9513.12
930,31,9610.77
930,32,9484.19
930,33,9465.18
930,34,9579.3
930,35,9474.9
930,36,9489.39
930,37,9604.43
930,38,9511.82
930,39,9564.74
930,40,9576.73
930,41,9545.91
930,42,9614.53
930,43,9546.55
930,44,9638.87
930,45,9560.25
930,46,9553.49
930,47,9536.82
930,48,9547.51
930,49,9513.02
930,50,9522.45
930,51,9576.69
930,52,9437.33
930,53,9529.99
930,54,9530.81
930,55,9606.61
930,56,9522.77
930,57,9619.13
930,58,9527.85
930,59,9627.85
930,60,9558.68
930,61,9486.35
930,62,9542.41
930,63,9629.34
930,64,9528.22
930,65,9592.5
930,66,9522.22
930,67,9584.04
930,68,9590.75
930,69,9605.33
930,70,9549.72
930,71,9438.48
930,72,9595.56
930,73,9515.82
930,74,9631.02
930,75,9504.03
930,76,9619.31
930,77,9473.18
930,78,9484.12
930,79,9537.99
930,80,9504.28
930,81,9423.36
930,82,9546.39
930,83,9534.26
930,84,9499.48
930,85,9479.96
930,86,9503.71
930,87,9613.12
930,88,9561.83
930,89,9510.45
930,90,9496.15
930,91,9690.33
930,92,9589.84
930,93,9572.63
930,94,9550.53
930,95,9556.67
930,96,9550.32
930,97,9583.49
930,98,9558.76
930,99,9581.01
940,0,9666.58
940,1,9558.84
940,2,9632.43
940,3,9554.29
940,4,9542.44
940,5,9512.77
940,6,9606.25
940,7,9472.93
940,8,9580.71
940,9,9672.94
940,10,9568.16
940,11,9473.97
940,12,9473.52
940,13,9605.68
940,14,9547.71
940,15,9572
940,16,9587.39
940,17,9589.75
940,18,9462.78
940,19,9554.19
940,20,9601.88
940,21,9533.45
940,22,9538.94
940,23,9574.1
940,24,9480.52
940,25,9478.61
940,26,9595.92
940,27,9611.6
940,28,9616.5
940,29,9479.59
940,30,9512.82
940,31,9610.47
940,32,9483.89
940,33,9464.88
940,34,9579
940,35,9474.6
940,36,9489.09
940,37,9604.13
940,38,9511.52
940,39,9564.44
940,40,9576.43
940,41,9545.61
940,42,9614.23
940,43,9546.25
940,44,9638.57
940,45,9559.95
940,46,9553.19
940,47,9536.52
940,48,9547.21
940,49,9512.72
940,50,9522.15
940,51,9576.39
940,52,9437.03
940,53,9529.69
940,54,9530.51
940,55,9606.31
940,56,9522.47
940,57,9618.83
940,58,9527.55
940,59,9627.55
940,60,9558.38
940,61,9486.05
940,62,9542.11
940,63,9629.04
940,64,9527.92
940,65,9592.2
940,66,9521.92
940,67,9583.74
940,68,9590.45
940,69,9605.03
940,70,9549.42
940,71,9438.18
940,72,9595.26
940,73,9515.52
940,74,9630.72
940,75,9503.73
940,76,9619.01
940,77,9472.88
940,78,9483.82
940,79,9537.69
940,80,9503.98
940,81,9423.06
940,82,9546.09
940,83,9533.96
940,84,9499.18
940,85,9479.66
940,86,9503.41
940,87,9612.82
940,88,9561.53
940,89,9510.15
940,90,9495.85
940,91,9690.03
940,92,9589.54
940,93,9572.33
940,94,9550.23
940,95,9556.37
940,96,9550.02
940,97,9583.19
940,98,9558.46
940,99,9580.71
950,0,9656.79
950,1,9549.73
950,2,9622.36
950,3,9543.11
950,4,9530.18
950,5,9500.87
950,6,9593.68
950,7,9462.76
950,8,9570.95
950,9,9664.24
950,10,9558.84
950,11,9461.45
950,12,9461.71
950,13,9596
950,14,9537.39
950,15,9562.78
950,16,9574.18
950,17,9581.12
950,18,9451.31
950,19,9544.37
950,20,9591.35
950,21,9522.67
950,22,9526.12
950,23,9564.1
950,24,9470.46
950,25,9467.29
950,26,9583.01
950,27,9599.71
950,28,9607.22
950,29,9467.62
950,30,9501.39
950,31,9600.79
950,32,9471.8
950,33,9452.66
950,34,9569.5
950,35,9463.68
950,36,9478.51
950,37,9593.49
950,38,9499.17
950,39,9554.6
950,40,9565.6
950,41,9534.93
950,42,9604.89
950,43,9534.44
950,44,9629.48
950,45,9551.07
950,46,9541.94
950,47,9526.26
950,48,9535.82
950,49,9504.71
950,50,9510.85
950,51,9566.83
950,52,9426.1
950,53,9519.22
950,54,9519.38
950,55,9596.72
950,56,9511.16
950,57,9609.03
950,58,9519.61
950,59,9617.87
950,60,9546.89
950,61,9475.88
950,62,9531.64
950,63,9619.31
950,64,9516.8
950,65,9581.69
950,66,9511.14
950,67,9571.85
950,68,9579.27
950,69,9595.52
950,70,9537.08
950,71,9424.79
950,72,9585.18
950,73,9503.89
950,74,9619.37
950,75,9491.73
950,76,9608.3
950,77,9460.15
950,78,9472.06
950,79,9524.7
950,80,9493.82
950,81,9412.51
950,82,9534.54
950,83,9523.32
950,84,9486.03
950,85,9470.64
950,86,9492.2
950,87,9602.61
950,88,9551.53
950,89,9499.39
950,90,9483.91
950,91,9681.63
950,92,9579.33
950,93,9561.18
950,94,9539.94
950,95,9547.77
950,96,9539.33
950,97,9571.61
950,98,9545.97
950,99,9570.18
960,0,9655.79
960,1,9545.52
960,2,9620.71
960,3,9539.77
960,4,9527.17
960,5,9496.69
960,6,9593.46
960,7,9456.39
960,8,9567.07
960,9,9662.37
960,10,9554.45
960,11,9456.78
960,12,9456.31
960,13,9593.3
960,14,9533.02
960,15,9557.48
960,16,9573.98
960,17,9577.27
960,18,9444.47
960,19,9540.92
960,20,9588.95
960,21,9517.67
960,22,9522.04
960,23,9560.39
960,24,9462.92
960,25,9461.73
960,26,9582.79
960,27,9599.22
960,28,9604.03
960,29,9462.63
960,30,9496.96
960,31,9597.83
960,32,9467.89
960,33,9447.38
960,34,9566.99
960,35,9457.41
960,36,9471.78
960,37,9591.29
960,38,9495.58
960,39,9551.54
960,40,9562.56
960,41,9530.35
960,42,9601.7
960,43,9529.1
960,44,9626.86
960,45,9547.13
960,46,9538.64
960,47,9521.66
960,48,9532.21
960,49,9496.64
960,50,9506.55
960,51,9563.8
960,52,9418.53
960,53,9513.01
960,54,9514.75
960,55,9593.39
960,56,9507.07
960,57,9606.39
960,58,9512.09
960,59,9615.48
960,60,9544.25
960,61,9469.27
960,62,9527.18
960,63,9617.02
960,64,9512.53
960,65,9579.02
960,66,9506.39
960,67,9570.25
960,68,9576.64
960,69,9592.03
960,70,9534.74
960,71,9419.79
960,72,9582.39
960,73,9499.75
960,74,9619.04
960,75,9487.38
960,76,9606.65
960,77,9455.72
960,78,9466.96
960,79,9522.67
960,80,9489.21
960,81,9404.09
960,82,9531.11
960,83,9518.97
960,84,9482.8
960,85,9462.66
960,86,9487.85
960,87,9600.17
960,88,9547.21
960,89,9492.65
960,90,9479.43
960,91,9680
960,92,9576.19
960,93,9558.2
960,94,9535.58
960,95,9541.92
960,96,9535.09
960,97,9569.39
960,98,9543.76
960,99,9567.27
970,0,9655.49
970,1,9545.22
970,2,9620.41
970,3,9539.47
970,4,9526.87
970,5,9496.39
970,6,9593.16
970,7,9456.09
970,8,9566.77
970,9,9662.07
970,10,9554.15
970,11,9456.48
970,12,9456.01
970,13,9593
970,14,9532.72
970,15,9557.18
970,16,9573.68
970,17,9576.97
970,18,9444.17
970,19,9540.62
970,20,9588.65
970,21,9517.37
970,22,9521.74
970,23,9560.09
970,24,9462.62
970,25,9461.43
970,26,9582.49
970,27,9598.92
970,28,9603.73
970,29,9462.33
970,30,9496.66
970,31,9597.53
970,32,9467.59
970,33,9447.08
970,34,9566.69
970,35,9457.11
970,36,9471.48
970,37,9590.99
970,38,9495.28
970,39,9551.24
970,40,9562.26
970,41,9530.05
970,42,9601.4
970,43,9528.8
970,44,9626.56
970,45,9546.83
970,46,9538.34
970,47,9521.36
970,48,9531.91
970,49,9496.34
970,50,9506.25
970,51,9563.5
970,52,9418.23
970,53,9512.71
970,54,9514.45
970,55,9593.09
970,56,9506.77
970,57,9606.09
970,58,9511.79
970,59,9615.18
970,60,9543.95
970,61,9468.97
970,62,9526.88
970,63,9616.72
970,64,9512.23
970,65,9578.72
970,66,9506.09
970,67,9569.95
970,68,9576.34
970,69,9591.73
970,70,9534.44
970,71,9419.49
970,72,9582.09
970,73,9499.45
970,74,9618.74
970,75,9487.08
970,76,9606.35
970,77,9455.42
970,78,9466.66
970,79,9522.37
970,80,9488.91
970,81,9403.79
970,82,9530.81
970,83,9518.67
970,84,9482.5
970,85,9462.36
970,86,9487.55
970,87,9599.87
970,88,9546.91
970,89,9492.35
970,90,9479.13
970,91,9679.7
970,92,9575.89
970,93,9557.9
970,94,9535.28
970,95,9541.62
970,96,9534.79
970,97,9569.09
970,98,9543.46
970,99,9566.97
980,0,9646.72
980,1,9536.26
980,2,9610.32
980,3,9528.28
980,4,9514.6
980,5,9486.31
980,6,9582.59
980,7,9446.94
980,8,9557
980,9,9653.89
980,10,9545.1
980,11,9446.11
980,12,9445.43
980,13,9583.31
980,14,9522.38
980,15,9547.94
980,16,9561.6
980,17,9568.33
980,18,9437.23
980,19,9530.79
980,20,9578.1
980,21,9508.24
980,22,9508.91
980,23,9550.08
980,24,9452.55
980,25,9450.1
980,26,9570.79
980,27,9587.96
980,28,9595.93
980,29,9455.04
980,30,9487.08
980,31,9589.21
980,32,9455.47
980,33,9439.14
980,34,9557.73
980,35,9448.51
980,36,9460.88
980,37,9581.58
980,38,9485.97
980,39,9541.77
980,40,9553.25
980,41,9520.39
980,42,9592.19
980,43,9516.99
980,44,9617.46
980,45,9538.6
980,46,9527.28
980,47,9511.08
980,48,9521.75
980,49,9488.32
980,50,9494.94
980,51,9554.37
980,52,9407.29
980,53,9502.33
980,54,9504.61
980,55,9583.48
980,56,9495.63
980,57,9597.1
980,58,9503.82
980,59,9605.7
980,60,9533.69
980,61,9458.79
980,62,9516.4
980,63,9607.2
980,64,9501.08
980,65,9570.5
980,66,9495.3
980,67,9561.03
980,68,9567.08
980,69,9581.45
980,70,9523.49
980,71,9410.32
980,72,9572
980,73,9491.85
980,74,9607.33
980,75,9479.88
980,76,9595.62
980,77,9444.02
980,78,9457.73
980,79,9509.36
980,80,9478.72
980,81,9393.3
980,82,9521.07
980,83,9508.01
980,84,9473.01
980,85,9453.33
980,86,9476.65
980,87,9590.8
980,88,9537.15
980,89,9483.96
980,90,9471.33
980,91,9671.29
980,92,9566.7
980,93,9547.37
980,94,9524.97
980,95,9533.01
980,96,9524.08
980,97,9557.68
980,98,9530.96
980,99,9557.12
990,0,9644.7
990,1,9532.06
990,2,9607.87
990,3,9524.96
990,4,9511.6
990,5,9480.36
990,6,9580.38
990,7,9439.6
990,8,9553.13
990,9,9651.51
990,10,9540.42
990,11,9439.28
990,12,9438.8
990,13,9580.01
990,14,9518.03
990,15,9542.65
990,16,9560.26
990,17,9564.49
990,18,9427.62
990,19,9525.96
990,20,9575.71
990,21,9501.98
990,22,9504.84
990,23,9543.15
990,24,9445.03
990,25,9444.48
990,26,9569.36
990,27,9586.33
990,28,9590.44
990,29,9445.57
990,30,9480.79
990,31,9584.9
990,32,9451.58
990,33,9429.59
990,34,9552.5
990,35,9439.92
990,36,9454.16
990,37,9578.61
990,38,9479.33
990,39,9537.56
990,40,9548.42
990,41,9515.91
990,42,9588.88
990,43,9511.66
990,44,9614.86
990,45,9529.42
990,46,9523.8
990,47,9506.49
990,48,9517.17
990,49,9480.26
990,50,9490.79
990,51,9549.45
990,52,9399.73
990,53,9496.45
990,54,9497.87
990,55,9580.16
990,56,9491.09
990,57,9593.65
990,58,9496.31
990,59,9603.01
990,60,9528.13
990,61,9452.19
990,62,9511.96
990,63,9604.92
990,64,9496.83
990,65,9565.37
990,66,9490.56
990,67,9556.3
990,68,9564.19
990,69,9578.98
990,70,9519.76
990,71,9401.1
990,72,9568.32
990,73,9483.69
990,74,9606.99
990,75,9472.48
990,76,9593.99
990,77,9438.26
990,78,9449.79
990,79,9507.3
990,80,9471.29
990,81,9384.81
990,82,9516.43
990,83,9503.68
990,84,9466.12
990,85,9445.37
990,86,9470.84
990,87,9587.28
990,88,9532.6
990,89,9474.67
990,90,9462.71
990,91,9669.67
990,92,9562.55
990,93,9544.27
990,94,9520.62
990,95,9527.17
990,96,9519.86
990,97,9553.97
990,98,9528.77
990,99,9553.18
1000,0,9644.4
1000,1,9531.76
1000,2,9607.57
1000,3,9524.66
1000,4,9511.3
1000,5,9480.06
1000,6,9580.08
1000,7,9439.3
1000,8,9552.83
1000,9,9651.21
1000,10,9540.12
1000,11,9438.98
1000,12,9438.5
1000,13,9579.71
1000,14,9517.73
1000,15,9542.35
1000,16,9559.96
1000,17,9564.19
1000,18,9427.32
1000,19,9525.66
1000,20,9575.41
1000,21,9501.68
1000,22,9504.54
1000,23,9542.85
1000,24,9444.73
1000,25,9444.18
1000,26,9569.06
1000,27,9586.03
1000,28,9590.14
1000,29,9445.27
1000,30,9480.49
1000,31,9584.6
1000,32,9451.28
1000,33,9429.29
1000,34,9552.2
1000,35,9439.62
1000,36,9453.86
1000,37,9578.31
1000,38,9479.03
1000,39,9537.26
1000,40,9548.12
1000,41,9515.61
1000,42,9588.58
1000,43,9511.36
1000,44,9614.56
1000,45,9529.12
1000,46,9523.5
1000,47,9506.19
1000,48,9516.87
1000,49,9479.96
1000,50,9490.49
1000,51,9549.15
1000,52,9399.43
1000,53,9496.15
1000,54,9497.57
1000,55,9579.86
1000,56,9490.79
1000,57,9593.35
1000,58,9496.01
1000,59,9602.71
1000,60,9527.83
1000,61,9451.89
1000,62,9511.66
1000,63,9604.62
1000,64,9496.53
1000,65,9565.07
1000,66,9490.26
1000,67,9556
1000,68,9563.89
1000,69,9578.68
1000,70,9519.46
1000,71,9400.8
1000,72,9568.02
1000,73,9483.39
1000,74,9606.69
1000,75,9472.18
1000,76,9593.69
1000,77,9437.96
1000,78,9449.49
1000,79,9507
1000,80,9470.99
1000,81,9384.51
1000,82,9516.13
1000,83,9503.38
1000,84,9465.82
1000,85,9445.07
1000,86,9470.54
1000,87,9586.98
1000,88,9532.3
1000,89,9474.37
1000,90,9462.41
1000,91,9669.37
1000,92,9562.25
1000,93,9543.97
1000,94,9520.32
1000,95,9526.87
1000,96,9519.56
1000,97,9553.67
1000,98,9528.47
1000,99,9552.88
1010,0,9635.62
1010,1,9525.62
1010,2,9597.47
1010,3,9515.06
1010,4,9502.31
1010,5,9469.97
1010,6,9571.88
1010,7,9431.94
1010,8,9544.86
1010,9,9643.01
1010,10,9533.68
1010,11,9429.57
1010,12,9431.02
1010,13,9571.84
1010,14,9512.77
1010,15,9533.1
1010,16,9551.93
1010,17,9557.37
1010,18,9420.36
1010,19,9517.9
1010,20,9566.01
1010,21,9493.21
1010,22,9496.56
1010,23,9535.45
1010,24,9436.3
1010,25,9434.97
1010,26,9561.35
1010,27,9576.65
1010,28,9582.67
1010,29,9439.02
1010,30,9471.17
1010,31,9577.34
1010,32,9442.61
1010,33,9422.13
1010,34,9543.4
1010,35,9431
1010,36,9446.06
1010,37,9569.73
1010,38,9470.54
1010,39,9527.78
1010,40,9538.94
1010,41,9507.04
1010,42,9581.49
1010,43,9503.33
1010,44,9607.55
1010,45,9522.19
1010,46,9514.77
1010,47,9500.32
1010,48,9506.69
1010,49,9472.41
1010,50,9479.16
1010,51,9540
1010,52,9390.97
1010,53,9486.01
1010,54,9490.29
1010,55,9571.73
1010,56,9482.08
1010,57,9585.63
1010,58,9488.19
1010,59,9595.14
1010,60,9519.26
1010,61,9444.29
1010,62,9505.09
1010,63,9596.55
1010,64,9487.87
1010,65,9555.92
1010,66,9480.65
1010,67,9547.06
1010,68,9554.96
1010,69,9571.15
1010,70,9508.49
1010,71,9393.38
1010,72,9559.71
1010,73,9474.06
1010,74,9599
1010,75,9465.06
1010,76,9583.98
1010,77,9428.71
1010,78,9440.55
1010,79,9498.7
1010,80,9462.1
1010,81,9376.48
1010,82,9507.93
1010,83,9497.54
1010,84,9456.36
1010,85,9436.87
1010,86,9461.22
1010,87,9578.91
1010,88,9525.3
1010,89,9467.55
1010,90,9454.81
1010,91,9661.33
1010,92,9553.04
1010,93,9533.42
1010,94,9512.94
1010,95,9523.38
1010,96,9514.71
1010,97,9544.91
1010,98,9520.84
1010,99,9545.04
1020,0,9633.61
1020,1,9517.77
1020,2,9595.85
1020,3,9510.15
1020,4,9496.03
1020,5,9464.81
1020,6,9567.29
1020,7,9420.88
1020,8,9539.2
1020,9,9640.65
1020,10,9526.3
1020,11,9421.79
1020,12,9421.29
1020,13,9566.88
1020,14,9503.03
1020,15,9527.82
1020,16,9546.55
1020,17,9549.77
1020,18,9410.77
1020,19,9510.92
1020,20,9562.48
1020,21,9487.54
1020,22,9490.53
1020,23,9529.14
1020,24,9429.54
1020,25,9427.24
1020,26,9555.93
1020,27,9573.35
1020,28,9578.1
1020,29,9428.3
1020,30,9464.63
1020,31,9571.97
1020,32,9435.23
1020,33,9411.79
1020,34,9538.2
1020,35,9422.43
1020,36,9438.21
1020,37,9565.94
1020,38,9463.09
1020,39,9523.58
1020,40,9534.59
1020,41,9500.63
1020,42,9576.05
1020,43,9497.98
1020,44,9602.85
1020,45,9515.33
1020,46,9508.96
1020,47,9491.32
1020,48,9501.88
1020,49,9463.88
1020,50,9474.96
1020,51,9535
1020,52,9380.93
1020,53,9481.62
1020,54,9480.9
1020,55,9567.51
1020,56,9475.41
1020,57,9580.93
1020,58,9480.48
1020,59,9590.71
1020,60,9513.08
1020,61,9435.11
1020,62,9496.73
1020,63,9592.59
1020,64,9481.13
1020,65,9551.72
1020,66,9474.59
1020,67,9542.5
1020,68,9550.13
1020,69,9565.93
1020,70,9504.78
1020,71,9382.41
1020,72,9555.15
1020,73,9467.62
1020,74,9595.16
1020,75,9455.9
1020,76,9581.33
1020,77,9420.79
1020,78,9432.62
1020,79,9491.98
1020,80,9453.37
1020,81,9365.48
1020,82,9501.16
1020,83,9488.39
1020,84,9449.44
1020,85,9428.07
1020,86,9454.99
1020,87,9574.89
1020,88,9518.23
1020,89,9460.23
1020,90,9445.98
1020,91,9659.34
1020,92,9548.91
1020,93,9529.85
1020,94,9505.67
1020,95,9512.43
1020,96,9505.89
1020,97,9542.49
1020,98,9515.04
1020,99,9539.15
1030,0,9633.31
1030,1,9517.47
1030,2,9595.55
1030,3,9509.85
1030,4,9495.73
1030,5,9464.51
1030,6,9566.99
1030,7,9420.58
1030,8,9538.9
1030,9,9640.35
1030,10,9526
1030,11,9421.49
1030,12,9420.99
1030,13,9566.58
1030,14,9502.73
1030,15,9527.52
1030,16,9546.25
1030,17,9549.47
1030,18,9410.47
1030,19,9510.62
1030,20,9562.18
1030,21,9487.24
1030,22,9490.23
1030,23,9528.84
1030,24,9429.24
1030,25,9426.94
1030,26,9555.63
1030,27,9573.05
1030,28,9577.8
1030,29,9428
1030,30,9464.33
1030,31,9571.67
1030,32,9434.93
1030,33,9411.49
1030,34,9537.9
1030,35,9422.13
1030,36,9437.91
1030,37,9565.64
1030,38,9462.79
1030,39,9523.28
1030,40,9534.29
1030,41,9500.33
1030,42,9575.75
1030,43,9497.68
1030,44,9602.55
1030,45,9515.03
1030,46,9508.66
1030,47,9491.02
1030,48,9501.58
1030,49,9463.58
1030,50,9474.66
1030,51,9534.7
1030,52,9380.63
1030,53,9481.32
1030,54,9480.6
1030,55,9567.21
1030,56,9475.11
1030,57,9580.63
1030,58,9480.18
1030,59,9590.41
1030,60,9512.78
1030,61,9434.81
1030,62,9496.43
1030,63,9592.29
1030,64,9480.83
1030,65,9551.42
1030,66,9474.29
1030,67,9542.2
1030,68,9549.83
1030,69,9565.63
1030,70,9504.48
1030,71,9382.11
1030,72,9554.85
1030,73,9467.32
1030,74,9594.86
1030,75,9455.6
1030,76,9581.03
1030,77,9420.49
1030,78,9432.32
1030,79,9491.68
1030,80,9453.07
1030,81,9365.18
1030,82,9500.86
1030,83,9488.09
1030,84,9449.14
1030,85,9427.77
1030,86,9454.69
1030,87,9574.59
1030,88,9517.93
1030,89,9459.93
1030,90,9445.68
1030,91,9659.04
1030,92,9548.61
1030,93,9529.55
1030,94,9505.37
1030,95,9512.13
1030,96,9505.59
1030,97,9542.19
1030,98,9514.74
1030,99,9538.85
1040,0,9626.24
1040,1,9513.44
1040,2,9590.95
1040,3,9504.15
1040,4,9487.98
1040,5,9456.9
1040,6,9563.9
1040,7,9417.3
1040,8,9532.95
1040,9,9633.58
1040,10,9521.9
1040,11,9413.46
1040,12,9415.37
1040,13,9558.8
1040,14,9497.76
1040,15,9520.6
1040,16,9543.29
1040,17,9544.98
1040,18,9405.65
1040,19,9506.34
1040,20,9555.19
1040,21,9481.05
1040,22,9482.24
1040,23,9521.43
1040,24,9424.73
1040,25,9422.4
1040,26,9548.66
1040,27,9567.47
1040,28,9573.63
1040,29,9422.23
1040,30,9458.15
1040,31,9565.63
1040,32,9426.23
1040,33,9405.93
1040,34,9531.19
1040,35,9418.83
1040,36,9430.1
1040,37,9561.46
1040,38,9455.96
1040,39,9518.83
1040,40,9530.65
1040,41,9497.24
1040,42,9569.76
1040,43,9490.44
1040,44,9595.53
1040,45,9509.43
1040,46,9502.98
1040,47,9485.14
1040,48,9495.15
1040,49,9459.02
1040,50,9468.7
1040,51,9529.35
1040,52,9375.25
1040,53,9473.6
1040,54,9476.16
1040,55,9561.26
1040,56,9466.39
1040,57,9577.33
1040,58,9474.7
1040,59,9584.63
1040,60,9506.75
1040,61,9427.39
1040,62,9492.25
1040,63,9586.8
1040,64,9475.38
1040,65,9545.41
1040,66,9470.85
1040,67,9534.79
1040,68,9545.25
1040,69,9559.68
1040,70,9497.02
1040,71,9374.68
1040,72,9546.53
1040,73,9461
1040,74,9587.72
1040,75,9450.18
1040,76,9574.41
1040,77,9416.05
1040,78,9427.47
1040,79,9483.4
1040,80,9445.19
1040,81,9359.93
1040,82,9495.06
1040,83,9482.33
1040,84,9442.68
1040,85,9421.9
1040,86,9448.85
1040,87,9571.12
1040,88,9510.92
1040,89,9454.17
1040,90,9438.08
1040,91,9652.04
1040,92,9545.37
1040,93,9522.84
1040,94,9501.28
1040,95,9508.62
1040,96,9500.74
1040,97,9535.62
1040,98,9509.67
1040,99,9534.8
1050,0,9622.52
1050,1,9503.47
1050,2,9583.84
1050,3,9495.34
1050,4,9480.14
1050,5,9448.44
1050,6,9554.2
1050,7,9402.17
1050,8,9525.26
1050,9,9629.79
1050,10,9512.15
1050,11,9404.29
1050,12,9403.78
1050,13,9553.75
1050,14,9488.04
1050,15,9513
1050,16,9532.83
1050,17,9536.99
1050,18,9392.23
1050,19,9495.84
1050,20,9549.25
1050,21,9471.8
1050,22,9476.29
1050,23,9515.14
1050,24,9411.64
1050,25,9409.99
1050,26,9542.5
1050,27,9560.34
1050,28,9565.33
1050,29,9411.03
1050,30,9448.41
1050,31,9559.03
1050,32,9418.37
1050,33,9393.99
1050,34,9523.89
1050,35,9404.94
1050,36,9420.6
1050,37,9552.79
1050,38,9446.85
1050,39,9509.61
1050,40,9521
1050,41,9485.34
1050,42,9563.23
1050,43,9484.29
1050,44,9590.84
1050,45,9501.24
1050,46,9494.11
1050,47,9476.16
1050,48,9486.66
1050,49,9447.5
1050,50,9459.12
1050,51,9520.53
1050,52,9362.12
1050,53,9467.24
1050,54,9464.1
1050,55,9554.29
1050,56,9459.79
1050,57,9568.27
1050,58,9464.64
1050,59,9578.4
1050,60,9498.49
1050,61,9418.03
1050,62,9481.51
1050,63,9580.27
1050,64,9465.44
1050,65,9538.24
1050,66,9458.62
1050,67,9528.68
1050,68,9536.48
1050,69,9552.87
1050,70,9489.8
1050,71,9363.72
1050,72,9541.98
1050,73,9451.55
1050,74,9583.21
1050,75,9439.31
1050,76,9568.67
1050,77,9403.19
1050,78,9415.46
1050,79,9476.66
1050,80,9435.45
1050,81,9346.15
1050,82,9485.96
1050,83,9473.1
1050,84,9432.76
1050,85,9410.78
1050,86,9439.36
1050,87,9561.95
1050,88,9503.61
1050,89,9445.8
1050,90,9429.26
1050,91,9649.01
1050,92,9535.26
1050,93,9515.51
1050,94,9490.72
1050,95,9497.68
1050,96,9490.65
1050,97,9528.38
1050,98,9501.31
1050,99,9525.09
1060,0,9622.22
1060,1,9503.17
1060,2,9583.54
1060,3,9495.04
1060,4,9479.84
1060,5,9448.14
1060,6,9553.9
1060,7,9401.87
1060,8,9524.96
1060,9,9629.49
1060,10,9511.85
1060,11,9403.99
1060,12,9403.48
1060,13,9553.45
1060,14,9487.74
1060,15,9512.7
1060,16,9532.53
1060,17,9536.69
1060,18,9391.93
1060,19,9495.54
1060,20,9548.95
1060,21,9471.5
1060,22,9475.99
1060,23,9514.84
1060,24,9411.34
1060,25,9409.69
1060,26,9542.2
1060,27,9560.04
1060,28,9565.03
1060,29,9410.73
1060,30,9448.11
1060,31,9558.73
1060,32,9418.07
1060,33,9393.69
1060,34,9523.59
1060,35,9404.64
1060,36,9420.3
1060,37,9552.49
1060,38,9446.55
1060,39,9509.31
1060,40,9520.7
1060,41,9485.04
1060,42,9562.93
1060,43,9483.99
1060,44,9590.54
1060,45,9500.94
1060,46,9493.81
1060,47,9475.86
1060,48,9486.36
1060,49,9447.2
1060,50,9458.82
1060,51,9520.23
1060,52,9361.82
1060,53,9466.94
1060,54,9463.8
1060,55,9553.99
1060,56,9459.49
1060,57,9567.97
1060,58,9464.34
1060,59,9578.1
1060,60,9498.19
1060,61,9417.73
1060,62,9481.21
1060,63,9579.97
1060,64,9465.14
1060,65,9537.94
1060,66,9458.32
1060,67,9528.38
1060,68,9536.18
1060,69,9552.57
1060,70,9489.5
1060,71,9363.42
1060,72,9541.68
1060,73,9451.25
1060,74,9582.91
1060,75,9439.01
1060,76,9568.37
1060,77,9402.89
1060,78,9415.16
1060,79,9476.36
1060,80,9435.15
1060,81,9345.85
1060,82,9485.66
1060,83,9472.8
1060,84,9432.46
1060,85,9410.48
1060,86,9439.06
1060,87,9561.65
1060,88,9503.31
1060,89,9445.5
1060,90,9428.96
1060,91,9648.71
1060,92,9534.96
1060,93,9515.21
1060,94,9490.42
1060,95,9497.38
1060,96,9490.35
1060,97,9528.08
1060,98,9501.01
1060,99,9524.79
1070,0,9619.18
1070,1,9499.4
1070,2,9581.27
1070,3,9490.73
1070,4,9477.2
1070,5,9445.21
1070,6,9550.79
1070,7,9398.57
1070,8,9521.65
1070,9,9624.34
1070,10,9507.73
1070,11,9400.57
1070,12,9400.73
1070,13,9549.72
1070,14,9485.18
1070,15,9508.95
1070,16,9529.56
1070,17,9532.19
1070,18,9390.51
1070,19,9491.25
1070,20,9546.68
1070,21,9468.79
1070,22,9473.12
1070,23,9510.63
1070,24,9406.81
1070,25,9405.63
1070,26,9539.43
1070,27,9556.35
1070,28,9561.21
1070,29,9410.4
1070,30,9444.01
1070,31,9553.81
1070,32,9414.24
1070,33,9391.28
1070,34,9519.73
1070,35,9401.33
1070,36,9415.51
1070,37,9548.3
1070,38,9444.4
1070,39,9504.84
1070,40,9517.04
1070,41,9481.94
1070,42,9558.06
1070,43,9481.03
1070,44,9587.78
1070,45,9495.6
1070,46,9491.13
1070,47,9471.82
1070,48,9483.59
1070,49,9444.91
1070,50,9456.29
1070,51,9516.6
1070,52,9358.88
1070,53,9461.28
1070,54,9463.5
1070,55,9550.06
1070,56,9456.1
1070,57,9566.46
1070,58,9461.72
1070,59,9574.37
1070,60,9493.13
1070,61,9412.2
1070,62,9477.01
1070,63,9576.16
1070,64,9462.72
1070,65,9533.36
1070,66,9454.86
1070,67,9525.4
1070,68,9531.66
1070,69,9548.63
1070,70,9485.6
1070,71,9360.11
1070,72,9538.91
1070,73,9449.71
1070,74,9580.59
1070,75,9433.58
1070,76,9566.19
1070,77,9399.06
1070,78,9411.49
1070,79,9473.22
1070,80,9429.32
1070,81,9342.57
1070,82,9480.81
1070,83,9469.63
1070,84,9428.33
1070,85,9406.29
1070,86,9437.34
1070,87,9558.17
1070,88,9499.87
1070,89,9445.2
1070,90,9425.6
1070,91,9643.56
1070,92,9531.71
1070,93,9512.64
1070,94,9486.32
1070,95,9497.08
1070,96,9486.87
1070,97,9525.4
1070,98,9497.03
1070,99,9520.72
1080,0,9611.43
1080,1,9487.81
1080,2,9571.82
1080,3,9480.53
1080,4,9464.57
1080,5,9432.9
1080,6,9541.12
1080,7,9385.89
1080,8,9511.32
1080,9,9618.92
1080,10,9498.12
1080,11,9386.8
1080,12,9386.27
1080,13,9540.45
1080,14,9473.04
1080,15,9498.17
1080,16,9519.12
1080,17,9522.36
1080,18,9375.38
1080,19,9480.88
1080,20,9536.02
1080,21,9457.37
1080,22,9459.09
1080,23,9501.13
1080,24,9396.16
1080,25,9392.74
1080,26,9529.07
1080,27,9547.45
1080,28,9552.11
1080,29,9393.77
1080,30,9432.25
1080,31,9546.1
1080,32,9401.96
1080,33,9376.19
1080,34,9509.4
1080,35,9387.45
1080,36,9404.65
1080,37,9540.12
1080,38,9430.6
1080,39,9495.63
1080,40,9507.19
1080,41,9471.43
1080,42,9550.4
1080,43,9470.61
1080,44,9578.83
1080,45,9487.23
1080,46,9479.27
1080,47,9460.99
1080,48,9471.62
1080,49,9431.13
1080,50,9443.29
1080,51,9507.65
1080,52,9343.32
1080,53,9451.38
1080,54,9447.21
1080,55,9542.06
1080,56,9443.81
1080,57,9555.69
1080,58,9448.76
1080,59,9566.05
1080,60,9485.41
1080,61,9400.95
1080,62,9466.29
1080,63,9567.94
1080,64,9449.74
1080,65,9524.59
1080,66,9442.78
1080,67,9514.89
1080,68,9524.04
1080,69,9539.82
1080,70,9474.82
1080,71,9345.04
1080,72,9527.91
1080,73,9435.48
1080,74,9571.63
1080,75,9422.72
1080,76,9556.01
1080,77,9385.72
1080,78,9398.29
1080,79,9461.34
1080,80,9417.54
1080,81,9326.82
1080,82,9471.28
1080,83,9457.81
1080,84,9416.08
1080,85,9393.49
1080,86,9423.51
1080,87,9549.56
1080,88,9488.92
1080,89,9431.36
1080,90,9412.54
1080,91,9638.69
1080,92,9521.62
1080,93,9501.7
1080,94,9475.76
1080,95,9482.93
1080,96,9476.68
1080,97,9516.9
1080,98,9487.58
1080,99,9511.14
1090,0,9611.13
1090,1,9487.51
1090,2,9571.52
1090,3,9480.23
1090,4,9464.27
1090,5,9432.6
1090,6,9540.82
1090,7,9385.59
1090,8,9511.02
1090,9,9618.62
1090,10,9497.82
1090,11,9386.5
1090,12,9385.97
1090,13,9540.15
1090,14,9472.74
1090,15,9497.87
1090,16,9518.82
1090,17,9522.06
1090,18,9375.08
1090,19,9480.58
1090,20,9535.72
1090,21,9457.07
1090,22,9458.79
1090,23,9500.83
1090,24,9395.86
1090,25,9392.44
1090,26,9528.77
1090,27,9547.15
1090,28,9551.81
1090,29,9393.47
1090,30,9431.95
1090,31,9545.8
1090,32,9401.66
1090,33,9375.89
1090,34,9509.1
1090,35,9387.15
1090,36,9404.35
1090,37,9539.82
1090,38,9430.3
1090,39,9495.33
1090,40,9506.89
1090,41,9471.13
1090,42,9550.1
1090,43,9470.31
1090,44,9578.53
1090,45,9486.93
1090,46,9478.97
1090,47,9460.69
1090,48,9471.32
1090,49,9430.83
1090,50,9442.99
1090,51,9507.35
1090,52,9343.02
1090,53,9451.08
1090,54,9446.91
1090,55,9541.76
1090,56,9443.51
1090,57,9555.39
1090,58,9448.46
1090,59,9565.75
1090,60,9485.11
1090,61,9400.65
1090,62,9465.99
1090,63,9567.64
1090,64,9449.44
1090,65,9524.29
1090,66,9442.48
1090,67,9514.59
1090,68,9523.74
1090,69,9539.52
1090,70,9474.52
1090,71,9344.74
1090,72,9527.61
1090,73,9435.18
1090,74,9571.33
1090,75,9422.42
1090,76,9555.71
1090,77,9385.42
1090,78,9397.99
1090,79,9461.04
1090,80,9417.24
1090,81,9326.52
1090,82,9470.98
1090,83,9457.51
1090,84,9415.78
1090,85,9393.19
1090,86,9423.21
1090,87,9549.26
1090,88,9488.62
1090,89,9431.06
1090,90,9412.24
1090,91,9638.39
1090,92,9521.32
1090,93,9501.4
1090,94,9475.46
1090,95,9482.63
1090,96,9476.38
1090,97,9516.6
1090,98,9487.28
1090,99,9510.84
1100,0,9610.83
1100,1,9484.76
1100,2,9569.24
1100,3,9477.9
1100,4,9461.62
1100,5,9430.89
1100,6,9540.52
1100,7,9385.29
1100,8,9510.72
1100,9,9615.84
1100,10,9497.52
1100,11,9385.73
1100,12,9385.67
1100,13,9538
1100,14,9470.17
1100,15,9495.74
1100,16,9518.52
1100,17,9520.82
1100,18,9373.64
1100,19,9480.28
1100,20,9533.44
1100,21,9454.34
1100,22,9455.9
1100,23,9498.85
1100,24,9393.92
1100,25,9389.88
1100,26,9525.99
1100,27,9546.85
1100,28,9550.85
1100,29,9393.13
1100,30,9430.69
1100,31,9543.25
1100,32,9399.73
1100,33,9375.59
1100,34,9506.44
1100,35,9386.85
1100,36,9402.78
1100,37,9538.79
1100,38,9428.14
1100,39,9493.77
1100,40,9505.17
1100,41,9470.83
1100,42,9548.12
1100,43,9470.01
1100,44,9575.75
1100,45,9483.47
1100,46,9476.27
1100,47,9459.4
1100,48,9468.54
1100,49,9430.47
1100,50,9440.44
1100,51,9507.05
1100,52,9342.72
1100,53,9449.13
1100,54,9446.61
1100,55,9540.63
1100,56,9441.2
1100,57,9553.86
1100,58,9448.16
1100,59,9565.45
1100,60,9482.9
1100,61,9398.17
1100,62,9465.69
1100,63,9567.34
1100,64,9447.01
1100,65,9523.99
1100,66,9442.18
1100,67,9514.29
1100,68,9523.44
1100,69,9537.11
1100,70,9472.33
1100,71,9344.44
1100,72,9524.82
1100,73,9433.67
1100,74,9569.03
1100,75,9420.55
1100,76,9553.51
1100,77,9382.74
1100,78,9397.69
1100,79,9459.33
1100,80,9415.18
1100,81,9326.22
1100,82,9469.06
1100,83,9457.21
1100,84,9413.79
1100,85,9392.89
1100,86,9421.48
1100,87,9548.91
1100,88,9488.32
1100,89,9430.76
1100,90,9409.45
1100,91,9635.9
1100,92,9521.02
1100,93,9498.81
1100,94,9475.16
1100,95,9482.33
1100,96,9476.08
1100,97,9515.02
1100,98,9486.94
1100,99,9510.54
1110,0,9600.34
1110,1,9473.52
1110,2,9558.87
1110,3,9465.72
1110,4,9449.01
1110,5,9416.45
1110,6,9528.03
1110,7,9367.18
1110,8,9497.38
1110,9,9608.06
1110,10,9483.98
1110,11,9369.3
1110,12,9368.76
1110,13,9527.05
1110,14,9458.05
1110,15,9483.34
1110,16,9505.4
1110,17,9509
1110,18,9356.81
1110,19,9465.8
1110,20,9522.79
1110,21,9441.33
1110,22,9444.81
1110,23,9487.12
1110,24,9378.26
1110,25,9375.5
1110,26,9515.64
1110,27,9534.45
1110,28,9539.34
1110,29,9376.5
1110,30,9415.91
1110,31,9532.63
1110,32,9385.14
1110,33,9358.39
1110,34,9495.1
1110,35,9369.96
1110,36,9387.03
1110,37,9526.9
1110,38,9414.34
1110,39,9481.66
1110,40,9493.27
1110,41,9455.16
1110,42,9537.58
1110,43,9453.8
1110,44,9566.82
1110,45,9473.13
1110,46,9464.43
1110,47,9443.36
1110,48,9456.88
1110,49,9414.75
1110,50,9427.52
1110,51,9493.18
1110,52,9324.52
1110,53,9436.57
1110,54,9430.22
1110,55,9528.84
1110,56,9428.15
1110,57,9542.86
1110,58,9432.97
1110,59,9553.5
1110,60,9470.82
1110,61,9383.87
1110,62,9451.06
1110,63,9555.82
1110,64,9434.04
1110,65,9511.09
1110,66,9426.95
1110,67,9500.96
1110,68,9509.92
1110,69,9526.77
1110,70,9459.84
1110,71,9326.35
1110,72,9514.26
1110,73,9419.41
1110,74,9559.57
1110,75,9406.03
1110,76,9543.34
1110,77,9368.12
1110,78,9381.12
1110,79,9446.02
1110,80,9399.62
1110,81,9307.54
1110,82,9456.6
1110,83,9442.52
1110,84,9399.4
1110,85,9375.79
1110,86,9407.65
1110,87,9536.54
1110,88,9474.31
1110,89,9413.61
1110,90,9395.68
1110,91,9628.47
1110,92,9507.98
1110,93,9487.31
1110,94,9460.81
1110,95,9468.18
1110,96,9459.77
1110,97,9502.19
1110,98,9473.85
1110,99,9496.97
1120,0,9600.04
1120,1,9473.22
1120,2,9558.57
1120,3,9465.42
1120,4,9448.71
1120,5,9416.15
1120,6,9527.73
1120,7,9366.88
1120,8,9497.08
1120,9,9607.76
1120,10,9483.68
1120,11,9369
1120,12,9368.46
1120,13,9526.75
1120,14,9457.75
1120,15,9483.04
1120,16,9505.1
1120,17,9508.7
1120,18,9356.51
1120,19,9465.5
1120,20,9522.49
1120,21,9441.03
1120,22,9444.51
1120,23,9486.82
1120,24,9377.96
1120,25,9375.2
1120,26,9515.34
1120,27,9534.15
1120,28,9539.04
1120,29,9376.2
1120,30,9415.61
1120,31,9532.33
1120,32,9384.84
1120,33,9358.09
1120,34,9494.8
1120,35,9369.66
1120,36,9386.73
1120,37,9526.6
1120,38,9414.04
1120,39,9481.36
1120,40,9492.97
1120,41,9454.86
1120,42,9537.28
1120,43,9453.5
1120,44,9566.52
1120,45,9472.83
1120,46,9464.13
1120,47,9443.06
1120,48,9456.58
1120,49,9414.45
1120,50,9427.22
1120,51,9492.88
1120,52,9324.22
1120,53,9436.27
1120,54,9429.92
1120,55,9528.54
1120,56,9427.85
1120,57,9542.56
1120,58,9432.67
1120,59,9553.2
1120,60,9470.52
1120,61,9383.57
1120,62,9450.76
1120,63,9555.52
1120,64,9433.74
1120,65,9510.79
1120,66,9426.65
1120,67,9500.66
1120,68,9509.62
1120,69,9526.47
1120,70,9459.54
1120,71,9326.05
1120,72,9513.96
1120,73,9419.11
1120,74,9559.27
1120,75,9405.73
1120,76,9543.04
1120,77,9367.82
1120,78,9380.82
1120,79,9445.72
1120,80,9399.32
1120,81,9307.24
1120,82,9456.3
1120,83,9442.22
1120,84,9399.1
1120,85,9375.49
1120,86,9407.35
1120,87,9536.24
1120,88,9474.01
1120,89,9413.31
1120,90,9395.38
1120,91,9628.17
1120,92,9507.68
1120,93,9487.01
1120,94,9460.51
1120,95,9467.88
1120,96,9459.47
1120,97,9501.89
1120,98,9473.55
1120,99,9496.67
1130,0,9599.74
1130,1,9472.85
1130,2,9558.27
1130,3,9465.12
1130,4,9448.41
1130,5,9415.85
1130,6,9527.43
1130,7,9366.58
1130,8,9496.78
1130,9,9607.46
1130,10,9483.38
1130,11,9368.7
1130,12,9368.16
1130,13,9526.45
1130,14,9457.45
1130,15,9482.74
1130,16,9504.8
1130,17,9508.4
1130,18,9356.21
1130,19,9465.2
1130,20,9522.19
1130,21,9440.73
1130,22,9444.21
1130,23,9486.52
1130,24,9377.66
1130,25,9374.9
1130,26,9515.04
1130,27,9533.85
1130,28,9538.06
1130,29,9375.85
1130,30,9415.31
1130,31,9532.03
1130,32,9384.54
1130,33,9357.79
1130,34,9494.5
1130,35,9369.36
1130,36,9386.43
1130,37,9526.3
1130,38,9413.74
1130,39,9481.06
1130,40,9491.6
1130,41,9454.56
1130,42,9536.98
1130,43,9453.2
1130,44,9566.22
1130,45,9472.53
1130,46,9463.83
1130,47,9442.76
1130,48,9456.28
1130,49,9414.15
1130,50,9426.92
1130,51,9492.58
1130,52,9323.92
1130,53,9435.97
1130,54,9429.62
1130,55,9527.39
1130,56,9427.55
1130,57,9542.26
1130,58,9432.37
1130,59,9552.9
1130,60,9470.22
1130,61,9383.27
1130,62,9450.46
1130,63,9555.22
1130,64,9433.44
1130,65,9510.49
1130,66,9426.35
1130,67,9500.36
1130,68,9509.32
1130,69,9526.17
1130,70,9459.24
1130,71,9325.75
1130,72,9513.66
1130,73,9418.81
1130,74,9558.97
1130,75,9405.43
1130,76,9542.74
1130,77,9367.52
1130,78,9380.52
1130,79,9445.42
1130,80,9399.02
1130,81,9306.94
1130,82,9456
1130,83,9441.92
1130,84,9398.8
1130,85,9375.19
1130,86,9407.05
1130,87,9535.88
1130,88,9473.71
1130,89,9413.01
1130,90,9395.08
1130,91,9627.87
1130,92,9507.38
1130,93,9486.71
1130,94,9460.21
1130,95,9467.58
1130,96,9459.17
1130,97,9501.59
1130,98,9473.2
1130,99,9496.37
1140,0,9589.25
1140,1,9459.22
1140,2,9546.85
1140,3,9450.91
1140,4,9433.44
1140,5,9400.91
1140,6,9514.95
1140,7,9350.96
1140,8,9483.45
1140,9,9597.2
1140,10,9469.7
1140,11,9351.81
1140,12,9351.25
1140,13,9513.51
1140,14,9443.05
1140,15,9470.01
1140,16,9491.69
1140,17,9496.22
1140,18,9338.24
1140,19,9450.6
1140,20,9509.56
1140,21,9426.89
1140,22,9430.52
1140,23,9473.11
1140,24,9362.77
1140,25,9357.9
1140,26,9502.21
1140,27,9521.68
1140,28,9527.02
1140,29,9359.24
1140,30,9399.69
1140,31,9519.7
1140,32,9368.31
1140,33,9340.6
1140,34,9480.86
1140,35,9352.47
1140,36,9371.09
1140,37,9514.23
1140,38,9398.1
1140,39,9467.08
1140,40,9479.21
1140,41,9441.25
1140,42,9524.76
1140,43,9440.12
1140,44,9554.81
1140,45,9459.29
1140,46,9449.58
1140,47,9425.74
1140,48,9442.12
1140,49,9398.37
1140,50,9411.53
1140,51,9478.57
1140,52,9305.72
1140,53,9422.12
1140,54,9413.42
1140,55,9516.26
1140,56,9412.5
1140,57,9529.55
1140,58,9417.15
1140,59,9541.03
1140,60,9456.37
1140,61,9366.79
1140,62,9435.84
1140,63,9543.49
1140,64,9418.34
1140,65,9497.44
1140,66,9411.12
1140,67,9487.17
1140,68,9495.82
1140,69,9513.47
1140,70,9444.86
1140,71,9307.66
1140,72,9500.69
1140,73,9403.34
1140,74,9547.72
1140,75,9389.32
1140,76,9530.68
1140,77,9350.52
1140,78,9363.96
1140,79,9430.7
1140,80,9384.54
1140,81,9288.27
1140,82,9441.35
1140,83,9425.72
1140,84,9382.72
1140,85,9358.5
1140,86,9391.8
1140,87,9524.15
1140,88,9459.69
1140,89,9395.85
1140,90,9378.95
1140,91,9618.28
1140,92,9494.34
1140,93,9472.92
1140,94,9445.86
1140,95,9453.43
1140,96,9442.86
1140,97,9490.11
1140,98,9460.12
1140,99,9482.78
1150,0,9588.95
1150,1,9458.92
1150,2,9546.55
1150,3,9450.61
1150,4,9433.14
1150,5,9400.61
1150,6,9514.65
1150,7,9350.66
1150,8,9483.15
1150,9,9596.9
1150,10,9469.4
1150,11,9351.51
1150,12,9350.95
1150,13,9513.21
1150,14,9442.75
1150,15,9469.71
1150,16,9491.39
1150,17,9495.92
1150,18,9337.94
1150,19,9450.3
1150,20,9509.26
1150,21,9426.59
1150,22,9430.22
1150,23,9472.81
1150,24,9362.47
1150,25,9357.6
1150,26,9501.91
1150,27,9521.38
1150,28,9526.72
1150,29,9358.94
1150,30,9399.39
1150,31,9519.4
1150,32,9368.01
1150,33,9340.3
1150,34,9480.56
1150,35,9352.17
1150,36,9370.79
1150,37,9513.93
1150,38,9397.8
1150,39,9466.78
1150,40,9478.91
1150,41,9440.95
1150,42,9524.46
1150,43,9439.82
1150,44,9554.51
1150,45,9458.99
1150,46,9449.28
1150,47,9425.44
1150,48,9441.82
1150,49,9398.07
1150,50,9411.23
1150,51,9478.27
1150,52,9305.42
1150,53,9421.82
1150,54,9413.12
1150,55,9515.96
1150,56,9412.2
1150,57,9529.25
1150,58,9416.85
1150,59,9540.73
1150,60,9456.07
1150,61,9366.49
1150,62,9435.54
1150,63,9543.19
1150,64,9418.04
1150,65,9497.14
1150,66,9410.82
1150,67,9486.87
1150,68,9495.52
1150,69,9513.17
1150,70,9444.56
1150,71,9307.36
1150,72,9500.39
1150,73,9403.04
1150,74,9547.42
1150,75,9389.02
1150,76,9530.38
1150,77,9350.22
1150,78,9363.66
1150,79,9430.4
1150,80,9384.24
1150,81,9287.97
1150,82,9441.05
1150,83,9425.42
1150,84,9382.42
1150,85,9358.2
1150,86,9391.5
1150,87,9523.85
1150,88,9459.39
1150,89,9395.55
1150,90,9378.65
1150,91,9617.98
1150,92,9494.04
1150,93,9472.62
1150,94,9445.56
1150,95,9453.13
1150,96,9442.56
1150,97,9489.81
1150,98,9459.82
1150,99,9482.48
1160,0,9588.65
1160,1,9458.62
1160,2,9546.25
1160,3,9450.31
1160,4,9432.84
1160,5,9400.31
1160,6,9514.35
1160,7,9350.36
1160,8,9482.85
1160,9,9596.6
1160,10,9469.1
1160,11,9351.21
1160,12,9350.65
1160,13,9512.91
1160,14,9442.45
1160,15,9469.41
1160,16,9491.09
1160,17,9495.62
1160,18,9337.64
1160,19,9450
1160,20,9508.96
1160,21,9426.29
1160,22,9429.92
1160,23,9472.51
1160,24,9362.17
1160,25,9357.3
1160,26,9501.61
1160,27,9521.08
1160,28,9526.42
1160,29,9358.64
1160,30,9399.09
1160,31,9519.1
1160,32,9367.71
1160,33,9340
1160,34,9480.26
1160,35,9351.87
1160,36,9370.49
1160,37,9513.63
1160,38,9397.5
1160,39,9466.48
1160,40,9478.61
1160,41,9440.65
1160,42,9524.16
1160,43,9439.52
1160,44,9554.21
1160,45,9458.69
1160,46,9448.98
1160,47,9425.14
1160,48,9441.52
1160,49,9397.77
1160,50,9410.93
1160,51,9477.97
1160,52,9305.12
1160,53,9421.52
1160,54,9412.82
1160,55,9515.66
1160,56,9411.9
1160,57,9528.95
1160,58,9416.55
1160,59,9540.43
1160,60,9455.77
1160,61,9366.19
1160,62,9435.24
1160,63,9542.89
1160,64,9417.74
1160,65,9496.84
1160,66,9410.52
1160,67,9486.57
1160,68,9495.22
1160,69,9512.87
1160,70,9444.26
1160,71,9307.06
1160,72,9500.09
1160,73,9402.74
1160,74,9547.12
1160,75,9388.72
1160,76,9530.08
1160,77,9349.92
1160,78,9363.36
1160,79,9430.1
1160,80,9383.94
1160,81,9287.67
1160,82,9440.75
1160,83,9425.12
1160,84,9382.12
1160,85,9357.9
1160,86,9391.2
1160,87,9523.55
1160,88,9459.09
1160,89,9395.25
1160,90,9378.35
1160,91,9617.68
1160,92,9493.74
1160,93,9472.32
1160,94,9445.26
1160,95,9452.83
1160,96,9442.26
1160,97,9489.51
1160,98,9459.52
1160,99,9482.18
1170,0,9578.16
1170,1,9444.92
1170,2,9534.21
1170,3,9436.1
1170,4,9419.81
1170,5,9384.58
1170,6,9501.86
1170,7,9332.24
1170,8,9469.51
1170,9,9586.33
1170,10,9455.52
1170,11,9334.31
1170,12,9333.74
1170,13,9500.38
1170,14,9428.06
1170,15,9456.69
1170,16,9477.97
1170,17,9480.07
1170,18,9321.42
1170,19,9435.48
1170,20,9496.32
1170,21,9410.75
1170,22,9413.32
1170,23,9459.11
1170,24,9344.88
1170,25,9340.65
1170,26,9488.78
1170,27,9508.94
1170,28,9514.61
1170,29,9341.97
1170,30,9383.47
1170,31,9506.76
1170,32,9348.93
1170,33,9322.8
1170,34,9466.56
1170,35,9334.98
1170,36,9355.14
1170,37,9501.55
1170,38,9381.96
1170,39,9452.6
1170,40,9464.98
1170,41,9425.69
1170,42,9511.93
1170,43,9426.43
1170,44,9542.8
1170,45,9441.64
1170,46,9434.74
1170,47,9408.11
1170,48,9426.76
1170,49,9381.99
1170,50,9395.57
1170,51,9464.06
1170,52,9286.92
1170,53,9404.94
1170,54,9396.62
1170,55,9503.03
1170,56,9396.75
1170,57,9516.75
1170,58,9401.46
1170,59,9528.6
1170,60,9441.82
1170,61,9349.71
1170,62,9418.36
1170,63,9531.17
1170,64,9402.65
1170,65,9483.79
1170,66,9397.22
1170,67,9473.53
1170,68,9481.7
1170,69,9500.17
1170,70,9429.88
1170,71,9288.97
1170,72,9486.71
1170,73,9387.27
1170,74,9533.26
1170,75,9374.74
1170,76,9518.02
1170,77,9332.92
1170,78,9346.79
1170,79,9415.38
1170,80,9366.63
1170,81,9268.99
1170,82,9426.32
1170,83,9410.43
1170,84,9366.04
1170,85,9341.2
1170,86,9374.8
1170,87,9511.26
1170,88,9441.81
1170,89,9377.99
1170,90,9361.99
1170,91,9608.18
1170,92,9480.05
1170,93,9458.43
1170,94,9428.61
1170,95,9438.68
1170,96,9425.36
1170,97,9475.96
1170,98,9445.12
1170,99,9468.68
1180,0,9577.86
1180,1,9444.62
1180,2,9533.91
1180,3,9435.8
1180,4,9419.51
1180,5,9384.28
1180,6,9501.56
1180,7,9331.94
1180,8,9469.21
1180,9,9586.03
1180,10,9455.22
1180,11,9334.01
1180,12,9333.44
1180,13,9500.08
1180,14,9427.76
1180,15,9456.39
1180,16,9477.67
1180,17,9479.77
1180,18,9321.12
1180,19,9435.18
1180,20,9496.02
1180,21,9410.45
1180,22,9413.02
1180,23,9458.81
1180,24,9344.58
1180,25,9340.35
1180,26,9488.48
1180,27,9508.64
1180,28,9514.31
1180,29,9341.67
1180,30,9383.17
1180,31,9506.46
1180,32,9348.63
1180,33,9322.5
1180,34,9466.26
1180,35,9334.68
1180,36,9354.84
1180,37,9501.25
1180,38,9381.66
1180,39,9452.3
1180,40,9464.68
1180,41,9425.39
1180,42,9511.63
1180,43,9426.13
1180,44,9542.5
1180,45,9441.34
1180,46,9434.44
1180,47,9407.81
1180,48,9426.46
1180,49,9381.69
1180,50,9395.27
1180,51,9463.76
1180,52,9286.62
1180,53,9404.64
1180,54,9396.32
1180,55,9502.73
1180,56,9396.45
1180,57,9516.45
1180,58,9401.16
1180,59,9528.3
1180,60,9441.52
1180,61,9349.41
1180,62,9418.06
1180,63,9530.87
1180,64,9402.35
1180,65,9483.49
1180,66,9396.92
1180,67,9473.23
1180,68,9481.4
1180,69,9499.87
1180,70,9429.58
1180,71,9288.67
1180,72,9486.41
1180,73,9386.97
1180,74,9532.96
1180,75,9374.44
1180,76,9517.72
1180,77,9332.62
1180,78,9346.49
1180,79,9415.08
1180,80,9366.33
1180,81,9268.69
1180,82,9426.02
1180,83,9410.13
1180,84,9365.74
1180,85,9340.9
1180,86,9374.5
1180,87,9510.96
1180,88,9441.51
1180,89,9377.69
1180,90,9361.69
1180,91,9607.88
1180,92,9479.75
1180,93,9458.13
1180,94,9428.31
1180,95,9438.38
1180,96,9425.06
1180,97,9475.66
1180,98,9444.82
1180,99,9468.38
1190,0,9577.56
1190,1,9444.32
1190,2,9533.61
1190,3,9435.5
1190,4,9419.21
1190,5,9383.98
1190,6,9501.26
1190,7,9331.64
1190,8,9468.91
1190,9,9585.73
1190,10,9454.92
1190,11,9333.71
1190,12,9333.14
1190,13,9499.78
1190,14,9427.46
1190,15,9456.09
1190,16,9477.37
1190,17,9479.47
1190,18,9320.82
1190,19,9434.88
1190,20,9495.72
1190,21,9410.15
1190,22,9412.72
1190,23,9458.51
1190,24,9344.28
1190,25,9340.05
1190,26,9488.18
1190,27,9508.34
1190,28,9514.01
1190,29,9341.37
1190,30,9382.87
1190,31,9506.16
1190,32,9348.33
1190,33,9322.2
1190,34,9465.96
1190,35,9334.38
1190,36,9354.54
1190,37,9500.95
1190,38,9381.36
1190,39,9452
1190,40,9464.38
1190,41,9425.09
1190,42,9511.33
1190,43,9425.83
1190,44,9542.2
1190,45,9441.04
1190,46,9434.14
1190,47,9407.51
1190,48,9426.16
1190,49,9381.39
1190,50,9394.97
1190,51,9463.46
1190,52,9286.32
1190,53,9404.34
1190,54,9396.02
1190,55,9502.43
1190,56,9396.15
1190,57,9516.15
1190,58,9400.86
1190,59,9528
1190,60,9441.22
1190,61,9349.11
1190,62,9417.76
1190,63,9530.57
1190,64,9402.05
1190,65,9483.19
1190,66,9396.62
1190,67,9472.93
1190,68,9481.1
1190,69,9499.57
1190,70,9429.28
1190,71,9288.37
1190,72,9486.11
1190,73,9386.67
1190,74,9532.66
1190,75,9374.14
1190,76,9517.42
1190,77,9332.32
1190,78,9346.19
1190,79,9414.78
1190,80,9366.03
1190,81,9268.39
1190,82,9425.72
1190,83,9409.83
1190,84,9365.44
1190,85,9340.6
1190,86,9374.2
1190,87,9510.66
1190,88,9441.21
1190,89,9377.39
1190,90,9361.39
1190,91,9607.58
1190,92,9479.45
1190,93,9457.83
1190,94,9428.01
1190,95,9438.08
1190,96,9424.76
1190,97,9475.36
1190,98,9444.52
1190,99,9468.08
1200,0,9567.07
1200,1,9430.63
1200,2,9522.19
1200,3,9421.28
1200,4,9404.25
1200,5,9369.04
1200,6,9488.77
1200,7,9315.96
1200,8,9455.57
1200,9,9575.47
1200,10,9441.31
1200,11,9316.82
1200,12,9316.23
1200,13,9486.84
1200,14,9413.06
1200,15,9443.36
1200,16,9464.26
1200,17,9467.29
1200,18,9304.56
1200,19,9421.91
1200,20,9483.09
1200,21,9396.31
1200,22,9395.13
1200,23,9441.87
1200,24,9329.39
1200,25,9323.05
1200,26,9475.35
1200,27,9493.96
1200,28,9499.96
1200,29,9324.71
1200,30,9367.25
1200,31,9493.83
1200,32,9332.04
1200,33,9305
1200,34,9452.32
1200,35,9317.49
1200,36,9339.19
1200,37,9488.88
1200,38,9365.71
1200,39,9438.02
1200,40,9450.92
1200,41,9410.43
1200,42,9499.11
1200,43,9408.99
1200,44,9530.79
1200,45,9424.18
1200,46,9419.9
1200,47,9392.94
1200,48,9411.45
1200,49,9365.62
1200,50,9379.76
1200,51,9449.45
1200,52,9268.11
1200,53,9388.11
1200,54,9379.82
1200,55,9490.37
1200,56,9381.05
1200,57,9504
1200,58,9385.59
1200,59,9516.25
1200,60,9426.78
1200,61,9332.62
1200,62,9403.13
1200,63,9518.84
1200,64,9386.95
1200,65,9470.14
1200,66,9381.39
1200,67,9459.74
1200,68,9467.7
1200,69,9487.12
1200,70,9414.9
1200,71,9270.28
1200,72,9473.54
1200,73,9371.2
1200,74,9521.38
1200,75,9358.15
1200,76,9505.36
1200,77,9315.31
1200,78,9329.62
1200,79,9400.06
1200,80,9351.55
1200,81,9249.66
1200,82,9411.03
1200,83,9393.62
1200,84,9349.37
1200,85,9323.91
1200,86,9358.94
1200,87,9498.87
1200,88,9427.44
1200,89,9358.15
1200,90,9345.27
1200,91,9597.85
1200,92,9466.41
1200,93,9444
1200,94,9413.66
1200,95,9423.93
1200,96,9411.4
1200,97,9464.47
1200,98,9431.4
1200,99,9454.77
1210,0,9566.77
1210,1,9430.33
1210,2,9521.89
1210,3,9420.98
1210,4,9403.95
1210,5,9368.74
1210,6,9488.47
1210,7,9315.66
1210,8,9455.27
1210,9,9575.17
1210,10,9441.01
1210,11,9316.52
1210,12,9315.93
1210,13,9486.54
1210,14,9412.76
1210,15,9443.06
1210,16,9463.96
1210,17,9466.99
1210,18,9304.26
1210,19,9421.61
1210,20,9482.79
1210,21,9396.01
1210,22,9394.83
1210,23,9441.57
1210,24,9329.09
1210,25,9322.75
1210,26,9475.05
1210,27,9493.66
1210,28,9499.66
1210,29,9324.41
1210,30,9366.95
1210,31,9493.53
1210,32,9331.74
1210,33,9304.7
1210,34,9452.02
1210,35,9317.19
1210,36,9338.89
1210,37,9488.58
1210,38,9365.41
1210,39,9437.72
1210,40,9450.62
1210,41,9410.13
1210,42,9498.81
1210,43,9408.69
1210,44,9530.49
1210,45,9423.88
1210,46,9419.6
1210,47,9392.64
1210,48,9411.15
1210,49,9365.32
1210,50,9379.46
1210,51,9449.15
1210,52,9267.81
1210,53,9387.81
1210,54,9379.52
1210,55,9490.07
1210,56,9380.75
1210,57,9503.7
1210,58,9385.29
1210,59,9515.95
1210,60,9426.48
1210,61,9332.32
1210,62,9402.83
1210,63,9518.54
1210,64,9386.65
1210,65,9469.84
1210,66,9381.09
1210,67,9459.44
1210,68,9467.4
1210,69,9486.82
1210,70,9414.6
1210,71,9269.98
1210,72,9473.24
1210,73,9370.9
1210,74,9521.08
1210,75,9357.85
1210,76,9505.06
1210,77,9315.01
1210,78,9329.32
1210,79,9399.76
1210,80,9351.25
1210,81,9249.36
1210,82,9410.73
1210,83,9393.32
1210,84,9349.07
1210,85,9323.61
1210,86,9358.64
1210,87,9498.57
1210,88,9427.14
1210,89,9357.85
1210,90,9344.97
1210,91,9597.55
1210,92,9466.11
1210,93,9443.7
1210,94,9413.36
1210,95,9423.63
1210,96,9411.1
1210,97,9464.17
1210,98,9431.1
1210,99,9454.47
1220,0,9566.47
1220,1,9430.03
1220,2,9521.59
1220,3,9420.68
1220,4,9403.65
1220,5,9368.44
1220,6,9488.17
1220,7,9315.36
1220,8,9454.97
1220,9,9574.87
1220,10,9440.71
1220,11,9316.22
1220,12,9315.63
1220,13,9486.24
1220,14,9412.46
1220,15,9442.76
1220,16,9463.66
1220,17,9466.69
1220,18,9303.96
1220,19,9421.31
1220,20,9482.49
1220,21,9395.71
1220,22,9394.53
1220,23,9441.27
1220,24,9328.79
1220,25,9322.45
1220,26,9474.75
1220,27,9493.36
1220,28,9499.36
1220,29,9324.11
1220,30,9366.65
1220,31,9493.23
1220,32,9331.44
1220,33,9304.4
1220,34,9451.72
1220,35,9316.89
1220,36,9338.59
1220,37,9488.28
1220,38,9365.11
1220,39,9437.42
1220,40,9450.32
1220,41,9409.83
1220,42,9498.51
1220,43,9408.39
1220,44,9530.19
1220,45,9423.58
1220,46,9419.3
1220,47,9392.34
1220,48,9410.85
1220,49,9365.02
1220,50,9379.16
1220,51,9448.85
1220,52,9267.51
1220,53,9387.51
1220,54,9379.22
1220,55,9489.77
1220,56,9380.45
1220,57,9503.4
1220,58,9384.99
1220,59,9515.65
1220,60,9426.18
1220,61,9332.02
1220,62,9402.53
1220,63,9518.24
1220,64,9386.35
1220,65,9469.54
1220,66,9380.79
1220,67,9459.14
1220,68,9467.1
1220,69,9486.52
1220,70,9414.3
1220,71,9269.68
1220,72,9472.94
1220,73,9370.6
1220,74,9520.78
1220,75,9357.55
1220,76,9504.76
1220,77,9314.71
1220,78,9329.02
1220,79,9399.46
1220,80,9350.95
1220,81,9249.06
1220,82,9410.43
1220,83,9393.02
1220,84,9348.77
1220,85,9323.31
1220,86,9358.34
1220,87,9498.27
1220,88,9426.84
1220,89,9357.55
1220,90,9344.67
1220,91,9597.25
1220,92,9465.81
1220,93,9443.4
1220,94,9413.06
1220,95,9423.33
1220,96,9410.8
1220,97,9463.87
1220,98,9430.8
1220,99,9454.17
1230,0,9555.98
1230,1,9413.61
1230,2,9509.35
1230,3,9406.47
1230,4,9390.78
1230,5,9352.61
1230,6,9475.69
1230,7,9299.75
1230,8,9441.63
1230,9,9564.61
1230,10,9426.3
1230,11,9299.32
1230,12,9298.72
1230,13,9473.55
1230,14,9398.07
1230,15,9428.53
1230,16,9450.54
1230,17,9451.72
1230,18,9287.71
1230,19,9406.95
1230,20,9469.86
1230,21,9381.15
1230,22,9377.93
1230,23,9427.86
1230,24,9311.49
1230,25,9305.81
1230,26,9461.92
1230,27,9481.07
1230,28,9487.19
1230,29,9307.44
1230,30,9351.09
1230,31,9480.89
1230,32,9313.15
1230,33,9287.2
1230,34,9437.83
1230,35,9300
1230,36,9321.57
1230,37,9475.3
1230,38,9349.47
1230,39,9424.05
1230,40,9436.79
1230,41,9394.03
1230,42,9486.28
1230,43,9392.18
1230,44,9518.79
1230,45,9410.17
1230,46,9405.05
1230,47,9377.78
1230,48,9396.41
1230,49,9349.24
1230,50,9363.91
1230,51,9435.91
1230,52,9249.31
1230,53,9371.97
1230,54,9366.63
1230,55,9477.14
1230,56,9365.06
1230,57,9491.39
1230,58,9369.93
1230,59,9503.9
1230,60,9412.99
1230,61,9315.54
1230,62,9387.91
1230,63,9506.51
1230,64,9371.25
1230,65,9456.65
1230,66,9365.55
1230,67,9446
1230,68,9455.26
1230,69,9474.06
1230,70,9399.92
1230,71,9251.59
1230,72,9459.47
1230,73,9355.13
1230,74,9508.13
1230,75,9341.57
1230,76,9492.7
1230,77,9297.85
1230,78,9312.46
1230,79,9384.73
1230,80,9333.63
1230,81,9230.38
1230,82,9396.35
1230,83,9378.34
1230,84,9332.69
1230,85,9306.62
1230,86,9341.84
1230,87,9485.88
1230,88,9412.82
1230,89,9343.71
1230,90,9328.54
1230,91,9587.52
1230,92,9452.77
1230,93,9430.19
1230,94,9398.71
1230,95,9409.19
1230,96,9397.41
1230,97,9450.42
1230,98,9416.4
1230,99,9440.82
1240,0,9555.68
1240,1,9413.31
1240,2,9509.05
1240,3,9406.17
1240,4,9390.48
1240,5,9352.31
1240,6,9475.39
1240,7,9299.45
1240,8,9441.33
1240,9,9564.31
1240,10,9426
1240,11,9299.02
1240,12,9298.42
1240,13,9473.25
1240,14,9397.77
1240,15,9428.23
1240,16,9450.24
1240,17,9451.42
1240,18,9287.41
1240,19,9406.65
1240,20,9469.56
1240,21,9380.85
1240,22,9377.63
1240,23,9427.56
1240,24,9311.19
1240,25,9305.51
1240,26,9461.62
1240,27,9480.77
1240,28,9486.89
1240,29,9307.14
1240,30,9350.79
1240,31,9480.59
1240,32,9312.85
1240,33,9286.9
1240,34,9437.53
1240,35,9299.7
1240,36,9321.27
1240,37,9475
1240,38,9349.17
1240,39,9423.75
1240,40,9436.49
1240,41,9393.73
1240,42,9485.98
1240,43,9391.88
1240,44,9518.49
1240,45,9409.87
1240,46,9404.75
1240,47,9377.48
1240,48,9396.11
1240,49,9348.94
1240,50,9363.61
1240,51,9435.61
1240,52,9249.01
1240,53,9371.67
1240,54,9366.33
1240,55,9476.84
1240,56,9364.76
1240,57,9491.09
1240,58,9369.63
1240,59,9503.6
1240,60,9412.69
1240,61,9315.24
1240,62,9387.61
1240,63,9506.21
1240,64,9370.95
1240,65,9456.35
1240,66,9365.25
1240,67,9445.7
1240,68,9454.96
1240,69,9473.76
1240,70,9399.62
1240,71,9251.29
1240,72,9459.17
1240,73,9354.83
1240,74,9507.83
1240,75,9341.27
1240,76,9492.4
1240,77,9297.55
1240,78,9312.16
1240,79,9384.43
1240,80,9333.33
1240,81,9230.08
1240,82,9396.05
1240,83,9378.04
1240,84,9332.39
1240,85,9306.32
1240,86,9341.54
1240,87,9485.58
1240,88,9412.52
1240,89,9343.41
1240,90,9328.24
1240,91,9587.22
1240,92,9452.47
1240,93,9429.89
1240,94,9398.41
1240,95,9408.89
1240,96,9397.11
1240,97,9450.12
1240,98,9416.1
1240,99,9440.52
1250,0,9555.38
1250,1,9413.01
1250,2,9508.75
1250,3,9405.87
1250,4,9390.18
1250,5,9352.01
1250,6,9475.09
1250,7,9299.15
1250,8,9441.03
1250,9,9564.01
1250,10,9425.7
1250,11,9298.72
1250,12,9298.12
1250,13,9472.95
1250,14,9397.47
1250,15,9427.93
1250,16,9449.94
1250,17,9451.12
1250,18,9287.11
1250,19,9406.35
1250,20,9469.26
1250,21,9380.55
1250,22,9377.33
1250,23,9427.26
1250,24,9310.89
1250,25,9305.21
1250,26,9461.32
1250,27,9480.47
1250,28,9486.59
1250,29,9306.84
1250,30,9350.49
1250,31,9480.29
1250,32,9312.55
1250,33,9286.6
1250,34,9437.23
1250,35,9299.4
1250,36,9320.97
1250,37,9474.7
1250,38,9348.87
1250,39,9423.45
1250,40,9436.19
1250,41,9393.43
1250,42,9485.68
1250,43,9391.58
1250,44,9518.19
1250,45,9409.57
1250,46,9404.45
1250,47,9377.18
1250,48,9395.81
1250,49,9348.64
1250,50,9363.31
1250,51,9435.31
1250,52,9248.71
1250,53,9371.37
1250,54,9366.03
1250,55,9476.54
1250,56,9364.46
1250,57,9490.79
1250,58,9369.33
1250,59,9503.3
1250,60,9412.39
1250,61,9314.94
1250,62,9387.31
1250,63,9505.91
1250,64,9370.65
1250,65,9456.05
1250,66,9364.95
1250,67,9445.4
1250,68,9454.66
1250,69,9473.46
1250,70,9399.32
1250,71,9250.99
1250,72,9458.87
1250,73,9354.53
1250,74,9507.53
1250,75,9340.97
1250,76,9492.1
1250,77,9297.25
1250,78,9311.86
1250,79,9384.13
1250,80,9333.03
1250,81,9229.78
1250,82,9395.75
1250,83,9377.74
1250,84,9332.09
1250,85,9306.02
1250,86,9341.24
1250,87,9485.28
1250,88,9412.22
1250,89,9343.11
1250,90,9327.94
1250,91,9586.92
1250,92,9452.17
1250,93,9429.59
1250,94,9398.11
1250,95,9408.59
1250,96,9396.81
1250,97,9449.82
1250,98,9415.8
1250,99,9440.22
1260,0,9544.89
1260,1,9399.32
1260,2,9497.33
1260,3,9391.66
1260,4,9375.21
1260,5,9336.16
1260,6,9462.6
1260,7,9283.53
1260,8,9427.7
1260,9,9553.74
1260,10,9412.05
1260,11,9281.83
1260,12,9281.21
1260,13,9460.42
1260,14,9383.07
1260,15,9415.2
1260,16,9436.83
1260,17,9435.45
1260,18,9270.82
1260,19,9391.76
1260,20,9456.63
1260,21,9365.34
1260,22,9360.73
1260,23,9413.85
1260,24,9293.6
1260,25,9288.21
1260,26,9448.49
1260,27,9468.26
1260,28,9474.42
1260,29,9290.18
1260,30,9334.87
1260,31,9467.42
1260,32,9296.36
1260,33,9269.4
1260,34,9423.57
1260,35,9282.51
1260,36,9303.96
1260,37,9462.08
1260,38,9333.2
1260,39,9409.5
1260,40,9422.42
1260,41,9377.6
1260,42,9473.46
1260,43,9375.36
1260,44,9506.78
1260,45,9392.8
1260,46,9390.21
1260,47,9360.15
1260,48,9381.32
1260,49,9332.86
1260,50,9347.88
1260,51,9421.33
1260,52,9230.51
1260,53,9354.78
1260,54,9349.83
1260,55,9463.91
1260,56,9349.34
1260,57,9478.08
1260,58,9354.23
1260,59,9491.4
1260,60,9398.51
1260,61,9298.46
1260,62,9370.43
1260,63,9494.19
1260,64,9355.56
1260,65,9443.14
1260,66,9351.65
1260,67,9432.47
1260,68,9441.11
1260,69,9460.76
1260,70,9384.94
1260,71,9232.91
1260,72,9445.6
1260,73,9339.06
1260,74,9493.81
1260,75,9324.97
1260,76,9480.04
1260,77,9280.25
1260,78,9295.29
1260,79,9369.41
1260,80,9318.59
1260,81,9211.11
1260,82,9381.04
1260,83,9361.53
1260,84,9316.01
1260,85,9288.92
1260,86,9325.99
1260,87,9472.86
1260,88,9398.21
1260,89,9325.88
1260,90,9311.82
1260,91,9577.36
1260,92,9438.6
1260,93,9415.73
1260,94,9381.46
1260,95,9394.44
1260,96,9380.04
1260,97,9435.77
1260,98,9401.4
1260,99,9426.66
1270,0,9544.59
1270,1,9399.02
1270,2,9497.03
1270,3,9391.36
1270,4,9374.91
1270,5,9335.86
1270,6,9462.3
1270,7,9283.23
1270,8,9427.4
1270,9,9553.44
1270,10,9411.75
1270,11,9281.53
1270,12,9280.91
1270,13,9460.12
1270,14,9382.77
1270,15,9414.9
1270,16,9436.53
1270,17,9435.15
1270,18,9270.52
1270,19,9391.46
1270,20,9456.33
1270,21,9365.04
1270,22,9360.43
1270,23,9413.55
1270,24,9293.3
1270,25,9287.91
1270,26,9448.19
1270,27,9467.96
1270,28,9474.12
1270,29,9289.88
1270,30,9334.57
1270,31,9467.12
1270,32,9296.06
1270,33,9269.1
1270,34,9423.27
1270,35,9282.21
1270,36,9303.66
1270,37,9461.78
1270,38,9332.9
1270,39,9409.2
1270,40,9422.12
1270,41,9377.3
1270,42,9473.16
1270,43,9375.06
1270,44,9506.48
1270,45,9392.5
1270,46,9389.91
1270,47,9359.85
1270,48,9381.02
1270,49,9332.56
1270,50,9347.58
1270,51,9421.03
1270,52,9230.21
1270,53,9354.48
1270,54,9349.53
1270,55,9463.61
1270,56,9349.04
1270,57,9477.78
1270,58,9353.93
1270,59,9491.1
1270,60,9398.21
1270,61,9298.16
1270,62,9370.13
1270,63,9493.89
1270,64,9355.26
1270,65,9442.84
1270,66,9351.35
1270,67,9432.17
1270,68,9440.81
1270,69,9460.46
1270,70,9384.64
1270,71,9232.61
1270,72,9445.3
1270,73,9338.76
1270,74,9493.51
1270,75,9324.67
1270,76,9479.74
1270,77,9279.95
1270,78,9294.99
1270,79,9369.11
1270,80,9318.29
1270,81,9210.81
1270,82,9380.74
1270,83,9361.23
1270,84,9315.71
1270,85,9288.62
1270,86,9325.69
1270,87,9472.56
1270,88,9397.91
1270,89,9325.59
1270,90,9311.52
1270,91,9577.06
1270,92,9438.3
1270,93,9415.43
1270,94,9381.16
1270,95,9394.14
1270,96,9379.74
1270,97,9435.47
1270,98,9401.1
1270,99,9426.36
1280,0,9544.29
1280,1,9398.72
1280,2,9496.73
1280,3,9391.06
1280,4,9374.61
1280,5,9335.56
1280,6,9462
1280,7,9282.93
1280,8,9427.1
1280,9,9553.14
1280,10,9411.45
1280,11,9281.23
1280,12,9280.61
1280,13,9459.82
1280,14,9382.47
1280,15,9414.6
1280,16,9436.23
1280,17,9434.85
1280,18,9270.22
1280,19,9391.16
1280,20,9456.03
1280,21,9364.74
1280,22,9360.13
1280,23,9413.25
1280,24,9293
1280,25,9287.61
1280,26,9447.89
1280,27,9467.66
1280,28,9473.82
1280,29,9289.58
1280,30,9334.27
1280,31,9466.82
1280,32,9295.76
1280,33,9268.8
1280,34,9422.97
1280,35,9281.91
1280,36,9303.36
1280,37,9461.48
1280,38,9332.6
1280,39,9408.9
1280,40,9421.82
1280,41,9377
1280,42,9472.86
1280,43,9374.76
1280,44,9506.18
1280,45,9392.2
1280,46,9389.61
1280,47,9359.55
1280,48,9380.72
1280,49,9332.26
1280,50,9347.28
1280,51,9420.73
1280,52,9229.91
1280,53,9354.18
1280,54,9349.23
1280,55,9463.31
1280,56,9348.74
1280,57,9477.48
1280,58,9353.63
1280,59,9490.8
1280,60,9397.91
1280,61,9297.86
1280,62,9369.83
1280,63,9493.59
1280,64,9354.96
1280,65,9442.54
1280,66,9351.05
1280,67,9431.87
1280,68,9440.51
1280,69,9460.16
1280,70,9384.34
1280,71,9232.31
1280,72,9445
1280,73,9338.46
1280,74,9493.21
1280,75,9324.37
1280,76,9479.44
1280,77,9279.65
1280,78,9294.69
1280,79,9368.81
1280,80,9317.99
1280,81,9210.51
1280,82,9380.44
1280,83,9360.93
1280,84,9315.41
1280,85,9288.32
1280,86,9325.39
1280,87,9472.26
1280,88,9397.61
1280,89,9325.29
1280,90,9311.22
1280,91,9576.76
1280,92,9438
1280,93,9415.13
1280,94,9380.86
1280,95,9393.84
1280,96,9379.44
1280,97,9435.17
1280,98,9400.8
1280,99,9426.06
1290,0,9533.8
1290,1,9385.76
1290,2,9485.31
1290,3,9376.85
1290,4,9359.33
1290,5,9319.74
1290,6,9449.52
1290,7,9267.31
1290,8,9413.76
1290,9,9542.88
1290,10,9398.19
1290,11,9264.33
1290,12,9263.68
1290,13,9447.74
1290,14,9368.08
1290,15,9400.37
1290,16,9423.11
1290,17,9422.67
1290,18,9252.3
1290,19,9376.88
1290,20,9443.4
1290,21,9349.55
1290,22,9342.63
1290,23,9399.84
1290,24,9275.7
1290,25,9272.31
1290,26,9435.06
1290,27,9455.52
1290,28,9459.34
1290,29,9272.91
1290,30,9318.58
1290,31,9454.49
1290,32,9279.96
1290,33,9251.59
1290,34,9411.27
1290,35,9265.03
1290,36,9286.34
1290,37,9448.89
1290,38,9316.96
1290,39,9393.62
1290,40,9406.14
1290,41,9362.96
1290,42,9460.63
1290,43,9358.55
1290,44,9494.77
1290,45,9376.21
1290,46,9375.37
1290,47,9344.98
1290,48,9366.58
1290,49,9316.48
1290,50,9331.92
1290,51,9408.45
1290,52,9211.71
1290,53,9338.23
1290,54,9333.77
1290,55,9450.69
1290,56,9333.26
1290,57,9465.37
1290,58,9338.48
1290,59,9478.97
1290,60,9384.08
1290,61,9281.38
1290,62,9355.2
1290,63,9481.86
1290,64,9339.86
1290,65,9429.66
1290,66,9335.82
1290,67,9418.68
1290,68,9427.37
1290,69,9447.46
1290,70,9369.96
1290,71,9214.21
1290,72,9432.07
1290,73,9323
1290,74,9481.87
1290,75,9308.33
1290,76,9467.38
1290,77,9262.78
1290,78,9278.11
1290,79,9354.09
1290,80,9303.51
1290,81,9191.82
1290,82,9365.85
1290,83,9346.24
1290,84,9299.33
1290,85,9271.63
1290,86,9308.89
1290,87,9459.87
1290,88,9383.59
1290,89,9308.17
1290,90,9295.1
1290,91,9567.26
1290,92,9424.96
1290,93,9401.4
1290,94,9366.51
1290,95,9379.69
1290,96,9363.12
1290,97,9421.71
1290,98,9386.4
1290,99,9412.91
1300,0,9533.5
1300,1,9385.46
1300,2,9485.01
1300,3,9376.55
1300,4,9359.03
1300,5,9319.44
1300,6,9449.22
1300,7,9267.01
1300,8,9413.46
1300,9,9542.58
1300,10,9397.89
1300,11,9264.03
1300,12,9263.4
1300,13,9447.44
1300,14,9367.78
1300,15,9400.07
1300,16,9422.81
1300,17,9422.37
1300,18,9252.01
1300,19,9376.58
1300,20,9443.1
1300,21,9349.25
1300,22,9342.33
1300,23,9399.54
1300,24,9275.4
1300,25,9272.01
1300,26,9434.76
1300,27,9455.22
1300,28,9459.04
1300,29,9272.61
1300,30,9318.28
1300,31,9454.19
1300,32,9279.66
1300,33,9251.3
1300,34,9410.97
1300,35,9264.73
1300,36,9286.04
1300,37,9448.59
1300,38,9316.66
1300,39,9393.32
1300,40,9405.84
1300,41,9362.66
1300,42,9460.33
1300,43,9358.25
1300,44,9494.47
1300,45,9375.91
1300,46,9375.07
1300,47,9344.68
1300,48,9366.28
1300,49,9316.18
1300,50,9331.62
1300,51,9408.15
1300,52,9211.41
1300,53,9337.93
1300,54,9333.47
1300,55,9450.39
1300,56,9332.96
1300,57,9465.07
1300,58,9338.18
1300,59,9478.67
1300,60,9383.78
1300,61,9281.08
1300,62,9354.9
1300,63,9481.56
1300,64,9339.56
1300,65,9429.36
1300,66,9335.52
1300,67,9418.38
1300,68,9427.07
1300,69,9447.16
1300,70,9369.66
1300,71,9213.92
1300,72,9431.77
1300,73,9322.7
1300,74,9481.57
1300,75,9308.03
1300,76,9467.08
1300,77,9262.48
1300,78,9277.82
1300,79,9353.79
1300,80,9303.21
1300,81,9191.53
1300,82,9365.55
1300,83,9345.94
1300,84,9299.03
1300,85,9271.33
1300,86,9308.59
1300,87,9459.57
1300,88,9383.29
1300,89,9307.88
1300,90,9294.8
1300,91,9566.96
1300,92,9424.66
1300,93,9401.1
1300,94,9366.21
1300,95,9379.39
1300,96,9362.82
1300,97,9421.41
1300,98,9386.1
1300,99,9412.61
1310,0,9533.2
1310,1,9385.16
1310,2,9484.71
1310,3,9376.25
1310,4,9358.73
1310,5,9319.14
1310,6,9448.92
1310,7,9266.71
1310,8,9413.16
1310,9,9542.28
1310,10,9397.59
1310,11,9263.73
1310,12,9263.1
1310,13,9447.14
1310,14,9367.48
1310,15,9399.77
1310,16,9422.51
1310,17,9422.07
1310,18,9251.71
1310,19,9376.28
1310,20,9442.8
1310,21,9348.95
1310,22,9342.03
1310,23,9399.24
1310,24,9275.1
1310,25,9271.71
1310,26,9434.46
1310,27,9454.92
1310,28,9458.74
1310,29,9272.31
1310,30,9317.98
1310,31,9453.89
1310,32,9279.36
1310,33,9251
1310,34,9410.67
1310,35,9264.43
1310,36,9285.74
1310,37,9448.29
1310,38,9316.36
1310,39,9393.02
1310,40,9405.54
1310,41,9362.36
1310,42,9460.03
1310,43,9357.95
1310,44,9494.17
1310,45,9375.61
1310,46,9374.77
1310,47,9344.38
1310,48,9365.98
1310,49,9315.88
1310,50,9331.32
1310,51,9407.85
1310,52,9211.11
1310,53,9337.63
1310,54,9333.17
1310,55,9450.09
1310,56,9332.66
1310,57,9464.77
1310,58,9337.88
1310,59,9478.37
1310,60,9383.48
1310,61,9280.78
1310,62,9354.6
1310,63,9481.26
1310,64,9339.26
1310,65,9429.06
1310,66,9335.22
1310,67,9418.08
1310,68,9426.77
1310,69,9446.86
1310,70,9369.36
1310,71,9213.62
1310,72,9431.47
1310,73,9322.4
1310,74,9481.27
1310,75,9307.73
1310,76,9466.78
1310,77,9262.18
1310,78,9277.52
1310,79,9353.49
1310,80,9302.91
1310,81,9191.23
1310,82,9365.25
1310,83,9345.64
1310,84,9298.73
1310,85,9271.03
1310,86,9308.29
1310,87,9459.27
1310,88,9382.99
1310,89,9307.58
1310,90,9294.5
1310,91,9566.66
1310,92,9424.36
1310,93,9400.8
1310,94,9365.91
1310,95,9379.09
1310,96,9362.52
1310,97,9421.11
1310,98,9385.8
1310,99,9412.31
1320,0,9522.71
1320,1,9371.46
1320,2,9473.29
1320,3,9362.04
1320,4,9343.76
1320,5,9303.34
1320,6,9436.43
1320,7,9248.57
1320,8,9399.82
1320,9,9532.02
1320,10,9384.04
1320,11,9246.82
1320,12,9246.16
1320,13,9434.61
1320,14,9353.08
1320,15,9385.55
1320,16,9409.4
1320,17,9409.89
1320,18,9235.43
1320,19,9361.79
1320,20,9430.17
1320,21,9333.79
1320,22,9328.33
1320,23,9385.84
1320,24,9257.79
1320,25,9255.05
1320,26,9421.63
1320,27,9442.5
1320,28,9446.58
1320,29,9255.63
1320,30,9302.36
1320,31,9441.56
1320,32,9263.11
1320,33,9233.78
1320,34,9396.96
1320,35,9247.52
1320,36,9268.71
1320,37,9435.72
1320,38,9300.72
1320,39,9379.65
1320,40,9392.33
1320,41,9347.68
1320,42,9447.81
1320,43,9342.46
1320,44,9482.76
1320,45,9362.12
1320,46,9360.52
1320,47,9329.82
1320,48,9351.3
1320,49,9300.1
1320,50,9316.11
1320,51,9393.96
1320,52,9192.89
1320,53,9323.39
1320,54,9316.96
1320,55,9437.46
1320,56,9317.59
1320,57,9452.65
1320,58,9322.65
1320,59,9466.68
1320,60,9369.02
1320,61,9264.3
1320,62,9339.97
1320,63,9469.53
1320,64,9324.16
1320,65,9416.18
1320,66,9319.84
1320,67,9404.83
1320,68,9413.31
1320,69,9434.41
1320,70,9354.98
1320,71,9195.51
1320,72,9418.91
1320,73,9306.93
1320,74,9469.95
1320,75,9291.74
1320,76,9454.72
1320,77,9245.17
1320,78,9260.93
1320,79,9338.77
1320,80,9285.58
1320,81,9172.48
1320,82,9350.59
1320,83,9330.94
1320,84,9282.65
1320,85,9254.32
1320,86,9293.26
1320,87,9446.91
1320,88,9369.22
1320,89,9293.75
1320,90,9278.36
1320,91,9556.94
1320,92,9411.31
1320,93,9386.99
1320,94,9351.55
1320,95,9364.94
1320,96,9347.89
1320,97,9407.63
1320,98,9372.67
1320,99,9398.84
1330,0,9522.41
1330,1,9371.16
1330,2,9472.99
1330,3,9361.74
1330,4,9343.46
1330,5,9303.04
1330,6,9436.13
1330,7,9248.29
1330,8,9399.52
1330,9,9531.72
1330,10,9383.74
1330,11,9246.54
1330,12,9245.89
1330,13,9434.31
1330,14,9352.78
1330,15,9385.25
1330,16,9409.1
1330,17,9409.59
1330,18,9235.15
1330,19,9361.49
1330,20,9429.87
1330,21,9333.49
1330,22,9328.03
1330,23,9385.54
1330,24,9257.5
1330,25,9254.76
1330,26,9421.33
1330,27,9442.2
1330,28,9446.28
1330,29,9255.35
1330,30,9302.06
1330,31,9441.26
1330,32,9262.81
1330,33,9233.51
1330,34,9396.66
1330,35,9247.24
1330,36,9268.43
1330,37,9435.42
1330,38,9300.42
1330,39,9379.35
1330,40,9392.03
1330,41,9347.39
1330,42,9447.51
1330,43,9342.16
1330,44,9482.46
1330,45,9361.82
1330,46,9360.22
1330,47,9329.52
1330,48,9351
1330,49,9299.8
1330,50,9315.81
1330,51,9393.66
1330,52,9192.6
1330,53,9323.09
1330,54,9316.67
1330,55,9437.16
1330,56,9317.29
1330,57,9452.35
1330,58,9322.35
1330,59,9466.38
1330,60,9368.72
1330,61,9264
1330,62,9339.68
1330,63,9469.23
1330,64,9323.86
1330,65,9415.88
1330,66,9319.55
1330,67,9404.53
1330,68,9413.01
1330,69,9434.11
1330,70,9354.68
1330,71,9195.23
1330,72,9418.61
1330,73,9306.63
1330,74,9469.65
1330,75,9291.45
1330,76,9454.42
1330,77,9244.88
1330,78,9260.66
1330,79,9338.47
1330,80,9285.29
1330,81,9172.2
1330,82,9350.29
1330,83,9330.65
1330,84,9282.35
1330,85,9254.03
1330,86,9292.96
1330,87,9446.61
1330,88,9368.92
1330,89,9293.45
1330,90,9278.07
1330,91,9556.64
1330,92,9411.01
1330,93,9386.69
1330,94,9351.26
1330,95,9364.64
1330,96,9347.59
1330,97,9407.33
1330,98,9372.37
1330,99,9398.54
1340,0,9522.11
1340,1,9370.86
1340,2,9472.69
1340,3,9361.44
1340,4,9343.16
1340,5,9302.74
1340,6,9435.83
1340,7,9247.99
1340,8,9399.22
1340,9,9531.42
1340,10,9383.44
1340,11,9246.24
1340,12,9245.59
1340,13,9434.01
1340,14,9352.48
1340,15,9384.95
1340,16,9408.8
1340,17,9409.29
1340,18,9234.85
1340,19,9361.19
1340,20,9429.57
1340,21,9333.19
1340,22,9327.73
1340,23,9385.24
1340,24,9257.2
1340,25,9254.46
1340,26,9421.03
1340,27,9441.9
1340,28,9445.98
1340,29,9255.05
1340,30,9301.76
1340,31,9440.96
1340,32,9262.51
1340,33,9233.21
1340,34,9396.36
1340,35,9246.94
1340,36,9268.13
1340,37,9435.12
1340,38,9300.12
1340,39,9379.05
1340,40,9391.73
1340,41,9347.09
1340,42,9447.21
1340,43,9341.86
1340,44,9482.16
1340,45,9361.52
1340,46,9359.92
1340,47,9329.22
1340,48,9350.7
1340,49,9299.5
1340,50,9315.51
1340,51,9393.36
1340,52,9192.3
1340,53,9322.79
1340,54,9316.37
1340,55,9436.86
1340,56,9316.99
1340,57,9452.05
1340,58,9322.05
1340,59,9466.08
1340,60,9368.42
1340,61,9263.7
1340,62,9339.38
1340,63,9468.93
1340,64,9323.56
1340,65,9415.58
1340,66,9319.25
1340,67,9404.23
1340,68,9412.71
1340,69,9433.81
1340,70,9354.38
1340,71,9194.93
1340,72,9418.31
1340,73,9306.33
1340,74,9469.35
1340,75,9291.15
1340,76,9454.12
1340,77,9244.58
1340,78,9260.36
1340,79,9338.17
1340,80,9284.99
1340,81,9171.9
1340,82,9349.99
1340,83,9330.35
1340,84,9282.05
1340,85,9253.73
1340,86,9292.66
1340,87,9446.31
1340,88,9368.62
1340,89,9293.15
1340,90,9277.77
1340,91,9556.34
1340,92,9410.71
1340,93,9386.39
1340,94,9350.96
1340,95,9364.34
1340,96,9347.29
1340,97,9407.03
1340,98,9372.07
1340,99,9398.24
1350,0,9511.62
1350,1,9354.48
1350,2,9460.45
1350,3,9347.23
1350,4,9330.29
1350,5,9286.96
1350,6,9423.34
1350,7,9231.71
1350,8,9385.88
1350,9,9521.16
1350,10,9369.02
1350,11,9229.31
1350,12,9228.63
1350,13,9421.32
1350,14,9338.09
1350,15,9370.72
1350,16,9395.68
1350,17,9394.32
1350,18,9218.6
1350,19,9346.83
1350,20,9416.93
1350,21,9318.63
1350,22,9311.12
1350,23,9371.83
1350,24,9239.88
1350,25,9237.79
1350,26,9408.2
1350,27,9429.61
1350,28,9433.81
1350,29,9238.35
1350,30,9286.18
1350,31,9428.62
1350,32,9244.22
1350,33,9215.97
1350,34,9382.47
1350,35,9230.02
1350,36,9251.08
1350,37,9422.14
1350,38,9284.47
1350,39,9365.67
1350,40,9378.19
1350,41,9333.13
1350,42,9434.98
1350,43,9328.78
1350,44,9470.75
1350,45,9348.02
1350,46,9345.68
1350,47,9314.65
1350,48,9336.26
1350,49,9283.71
1350,50,9300.18
1350,51,9379.61
1350,52,9174.08
1350,53,9306.91
1350,54,9303.79
1350,55,9424.23
1350,56,9301.6
1350,57,9440.09
1350,58,9306.98
1350,59,9454.28
1350,60,9355.27
1350,61,9247.2
1350,62,9324.73
1350,63,9457.21
1350,64,9308.45
1350,65,9402.7
1350,66,9303.99
1350,67,9391.01
1350,68,9400.86
1350,69,9421.36
1350,70,9340
1350,71,9176.81
1350,72,9404.83
1350,73,9290.84
1350,74,9456.67
1350,75,9275.14
1350,76,9442.06
1350,77,9227.69
1350,78,9243.75
1350,79,9323.4
1350,80,9267.65
1350,81,9153.19
1350,82,9335.91
1350,83,9315.64
1350,84,9265.97
1350,85,9237.02
1350,86,9276.82
1350,87,9433.96
1350,88,9354.59
1350,89,9275.73
1350,90,9261.63
1350,91,9546.61
1350,92,9397.67
1350,93,9373.18
1350,94,9336.58
1350,95,9350.19
1350,96,9332.64
1350,97,9392.26
1350,98,9357.68
1350,99,9384.83
1360,0,9511.32
1360,1,9354.19
1360,2,9460.15
1360,3,9346.93
1360,4,9329.99
1360,5,9286.66
1360,6,9423.04
1360,7,9231.45
1360,8,9385.58
1360,9,9520.86
1360,10,9368.73
1360,11,9229.04
1360,12,9228.38
1360,13,9421.02
1360,14,9337.79
1360,15,9370.42
1360,16,9395.38
1360,17,9394.02
1360,18,9218.33
1360,19,9346.53
1360,20,9416.63
1360,21,9318.33
1360,22,9310.83
1360,23,9371.53
1360,24,9239.61
1360,25,9237.51
1360,26,9407.9
1360,27,9429.31
1360,28,9433.51
1360,29,9238.08
1360,30,9285.9
1360,31,9428.32
1360,32,9243.92
1360,33,9215.71
1360,34,9382.17
1360,35,9229.75
1360,36,9250.81
1360,37,9421.84
1360,38,9284.17
1360,39,9365.37
1360,40,9377.89
1360,41,9332.83
1360,42,9434.68
1360,43,9328.48
1360,44,9470.45
1360,45,9347.72
1360,46,9345.38
1360,47,9314.35
1360,48,9335.96
1360,49,9283.43
1360,50,9299.89
1360,51,9379.31
1360,52,9173.8
1360,53,9306.61
1360,54,9303.49
1360,55,9423.93
1360,56,9301.3
1360,57,9439.79
1360,58,9306.69
1360,59,9453.98
1360,60,9354.97
1360,61,9246.92
1360,62,9324.45
1360,63,9456.91
1360,64,9308.17
1360,65,9402.4
1360,66,9303.72
1360,67,9390.71
1360,68,9400.56
1360,69,9421.06
1360,70,9339.7
1360,71,9176.54
1360,72,9404.53
1360,73,9290.56
1360,74,9456.37
1360,75,9274.86
1360,76,9441.76
1360,77,9227.41
1360,78,9243.49
1360,79,9323.1
1360,80,9267.37
1360,81,9152.92
1360,82,9335.61
1360,83,9315.36
1360,84,9265.67
1360,85,9236.74
1360,86,9276.53
1360,87,9433.66
1360,88,9354.31
1360,89,9275.47
1360,90,9261.35
1360,91,9546.31
1360,92,9397.37
1360,93,9372.88
1360,94,9336.3
1360,95,9349.89
1360,96,9332.36
1360,97,9391.96
1360,98,9357.38
1360,99,9384.53
1370,0,9511.02
1370,1,9353.89
1370,2,9459.85
1370,3,9346.63
1370,4,9329.69
1370,5,9286.36
1370,6,9422.74
1370,7,9231.15
1370,8,9385.28
1370,9,9520.56
1370,10,9368.43
1370,11,9228.74
1370,12,9228.08
1370,13,9420.72
1370,14,9337.49
1370,15,9370.12
1370,16,9395.08
1370,17,9393.72
1370,18,9218.03
1370,19,9346.23
1370,20,9416.33
1370,21,9318.03
1370,22,9310.53
1370,23,9371.23
1370,24,9239.31
1370,25,9237.21
1370,26,9407.6
1370,27,9429.01
1370,28,9433.21
1370,29,9237.78
1370,30,9285.6
1370,31,9428.02
1370,32,9243.62
1370,33,9215.41
1370,34,9381.87
1370,35,9229.45
1370,36,9250.51
1370,37,9421.54
1370,38,9283.87
1370,39,9365.07
1370,40,9377.59
1370,41,9332.53
1370,42,9434.38
1370,43,9328.18
1370,44,9470.15
1370,45,9347.42
1370,46,9345.08
1370,47,9314.05
1370,48,9335.66
1370,49,9283.13
1370,50,9299.59
1370,51,9379.01
1370,52,9173.5
1370,53,9306.31
1370,54,9303.19
1370,55,9423.63
1370,56,9301
1370,57,9439.49
1370,58,9306.39
1370,59,9453.68
1370,60,9354.67
1370,61,9246.62
1370,62,9324.15
1370,63,9456.61
1370,64,9307.87
1370,65,9402.1
1370,66,9303.42
1370,67,9390.41
1370,68,9400.26
1370,69,9420.76
1370,70,9339.4
1370,71,9176.24
1370,72,9404.23
1370,73,9290.26
1370,74,9456.07
1370,75,9274.56
1370,76,9441.46
1370,77,9227.11
1370,78,9243.19
1370,79,9322.8
1370,80,9267.07
1370,81,9152.62
1370,82,9335.31
1370,83,9315.06
1370,84,9265.37
1370,85,9236.44
1370,86,9276.23
1370,87,9433.36
1370,88,9354.01
1370,89,9275.17
1370,90,9261.05
1370,91,9546.01
1370,92,9397.07
1370,93,9372.58
1370,94,9336
1370,95,9349.59
1370,96,9332.06
1370,97,9391.66
1370,98,9357.08
1370,99,9384.23
1380,0,9500.53
1380,1,9340.2
1380,2,9447.52
1380,3,9332.4
1380,4,9314.43
1380,5,9270.61
1380,6,9410.26
1380,7,9212.92
1380,8,9371.94
1380,9,9510.29
1380,10,9354.88
1380,11,9211.8
1380,12,9211.11
1380,13,9408.18
1380,14,9323.09
1380,15,9355.89
1380,16,9381.97
1380,17,9381.54
1380,18,9200.09
1380,19,9331.76
1380,20,9403.7
1380,21,9302.91
1380,22,9296.93
1380,23,9357.82
1380,24,9221.96
1380,25,9220.53
1380,26,9394.77
1380,27,9416.63
1380,28,9421.59
1380,29,9221.07
1380,30,9269.9
1380,31,9415.68
1380,32,9227.33
1380,33,9198.15
1380,34,9368.17
1380,35,9212.51
1380,36,9233.45
1380,37,9409.47
1380,38,9268.21
1380,39,9351.69
1380,40,9364.59
1380,41,9318.69
1380,42,9422.16
1380,43,9315.1
1380,44,9458.74
1380,45,9332.82
1380,46,9330.82
1380,47,9299.48
1380,48,9321.2
1380,49,9267.32
1380,50,9284.22
1380,51,9365.14
1380,52,9155.26
1380,53,9292.52
1380,54,9286.95
1380,55,9411.01
1380,56,9285.55
1380,57,9427.4
1380,58,9291.1
1380,59,9441.87
1380,60,9340.66
1380,61,9230.11
1380,62,9309.49
1380,63,9444.88
1380,64,9292.74
1380,65,9389.05
1380,66,9288
1380,67,9377.21
1380,68,9386.74
1380,69,9408.31
1380,70,9325.02
1380,71,9158.1
1380,72,9391.32
1380,73,9274.76
1380,74,9444.65
1380,75,9258.54
1380,76,9429.4
1380,77,9210.21
1380,78,9226.57
1380,79,9308.08
1380,80,9249.72
1380,81,9133.84
1380,82,9320.73
1380,83,9300.34
1380,84,9249.28
1380,85,9219.71
1380,86,9259.79
1380,87,9421.06
1380,88,9339.96
1380,89,9258.03
1380,90,9244.89
1380,91,9536.53
1380,92,9384.02
1380,93,9359.37
1380,94,9321.62
1380,95,9335.43
1380,96,9317.39
1380,97,9378.12
1380,98,9343.95
1380,99,9370.78
1390,0,9500.23
1390,1,9339.9
1390,2,9447.22
1390,3,9332.12
1390,4,9314.14
1390,5,9270.32
1390,6,9409.96
1390,7,9212.67
1390,8,9371.65
1390,9,9509.99
1390,10,9354.6
1390,11,9211.55
1390,12,9210.87
1390,13,9407.89
1390,14,9322.79
1390,15,9355.59
1390,16,9381.67
1390,17,9381.24
1390,18,9199.84
1390,19,9331.47
1390,20,9403.4
1390,21,9302.62
1390,22,9296.63
1390,23,9357.52
1390,24,9221.71
1390,25,9220.27
1390,26,9394.47
1390,27,9416.33
1390,28,9421.29
1390,29,9220.82
1390,30,9269.63
1390,31,9415.39
1390,32,9227.03
1390,33,9197.91
1390,34,9367.87
1390,35,9212.26
1390,36,9233.19
1390,37,9409.17
1390,38,9267.93
1390,39,9351.4
1390,40,9364.29
1390,41,9318.39
1390,42,9421.86
1390,43,9314.8
1390,44,9458.44
1390,45,9332.55
1390,46,9330.54
1390,47,9299.18
1390,48,9320.92
1390,49,9267.05
1390,50,9283.95
1390,51,9364.85
1390,52,9155
1390,53,9292.22
1390,54,9286.69
1390,55,9410.71
1390,56,9285.25
1390,57,9427.1
1390,58,9290.82
1390,59,9441.57
1390,60,9340.37
1390,61,9229.84
1390,62,9309.23
1390,63,9444.58
1390,64,9292.47
1390,65,9388.75
1390,66,9287.75
1390,67,9376.91
1390,68,9386.44
1390,69,9408.01
1390,70,9324.72
1390,71,9157.85
1390,72,9391.02
1390,73,9274.49
1390,74,9444.35
1390,75,9258.27
1390,76,9429.1
1390,77,9209.95
1390,78,9226.32
1390,79,9307.78
1390,80,9249.46
1390,81,9133.59
1390,82,9320.44
1390,83,9300.07
1390,84,9248.99
1390,85,9219.45
1390,86,9259.52
1390,87,9420.76
1390,88,9339.69
1390,89,9257.79
1390,90,9244.63
1390,91,9536.23
1390,92,9383.73
1390,93,9359.08
1390,94,9321.35
1390,95,9335.14
1390,96,9317.13
1390,97,9377.82
1390,98,9343.65
1390,99,9370.48
1400,0,9499.93
1400,1,9339.6
1400,2,9446.92
1400,3,9331.82
1400,4,9313.84
1400,5,9270.02
1400,6,9409.66
1400,7,9212.37
1400,8,9371.35
1400,9,9509.69
1400,10,9354.3
1400,11,9211.25
1400,12,9210.57
1400,13,9407.59
1400,14,9322.49
1400,15,9355.29
1400,16,9381.37
1400,17,9380.94
1400,18,9199.54
1400,19,9331.17
1400,20,9403.1
1400,21,9302.32
1400,22,9296.33
1400,23,9357.22
1400,24,9221.41
1400,25,9219.97
1400,26,9394.17
1400,27,9416.03
1400,28,9420.99
1400,29,9220.52
1400,30,9269.33
1400,31,9415.09
1400,32,9226.73
1400,33,9197.61
1400,34,9367.57
1400,35,9211.96
1400,36,9232.89
1400,37,9408.87
1400,38,9267.63
1400,39,9351.1
1400,40,9363.99
1400,41,9318.09
1400,42,9421.56
1400,43,9314.5
1400,44,9458.14
1400,45,9332.25
1400,46,9330.24
1400,47,9298.88
1400,48,9320.62
1400,49,9266.75
1400,50,9283.65
1400,51,9364.55
1400,52,9154.7
1400,53,9291.92
1400,54,9286.39
1400,55,9410.41
1400,56,9284.95
1400,57,9426.8
1400,58,9290.52
1400,59,9441.27
1400,60,9340.07
1400,61,9229.54
1400,62,9308.93
1400,63,9444.28
1400,64,9292.17
1400,65,9388.45
1400,66,9287.45
1400,67,9376.61
1400,68,9386.14
1400,69,9407.71
1400,70,9324.42
1400,71,9157.55
1400,72,9390.72
1400,73,9274.19
1400,74,9444.05
1400,75,9257.97
1400,76,9428.8
1400,77,9209.65
1400,78,9226.02
1400,79,9307.48
1400,80,9249.16
1400,81,9133.29
1400,82,9320.14
1400,83,9299.77
1400,84,9248.69
1400,85,9219.15
1400,86,9259.22
1400,87,9420.46
1400,88,9339.39
1400,89,9257.49
1400,90,9244.33
1400,91,9535.93
1400,92,9383.43
1400,93,9358.78
1400,94,9321.05
1400,95,9334.84
1400,96,9316.83
1400,97,9377.52
1400,98,9343.35
1400,99,9370.18
1410,0,9489.44
1410,1,9323.19
1410,2,9434.68
1410,3,9317.58
1410,4,9300.97
1410,5,9254.22
1410,6,9397.17
1410,7,9196.07
1410,8,9357.99
1410,9,9499.43
1410,10,9339.86
1410,11,9194.3
1410,12,9193.58
1410,13,9394.88
1410,14,9308.08
1410,15,9341.05
1410,16,9368.25
1410,17,9365.94
1410,18,9183.25
1410,19,9316.78
1410,20,9390.46
1410,21,9287.73
1410,22,9279.68
1410,23,9343.81
1410,24,9204.05
1410,25,9203.27
1410,26,9381.34
1410,27,9403.73
1410,28,9408.82
1410,29,9203.79
1410,30,9253.72
1410,31,9402.73
1410,32,9208.41
1410,33,9180.34
1410,34,9353.67
1410,35,9195.01
1410,36,9215.82
1410,37,9395.89
1410,38,9251.95
1410,39,9337.7
1410,40,9350.43
1410,41,9304.11
1410,42,9409.33
1410,43,9301.41
1410,44,9446.72
1410,45,9318.75
1410,46,9315.96
1410,47,9284.29
1410,48,9306.15
1410,49,9250.92
1410,50,9268.28
1410,51,9350.77
1410,52,9136.44
1410,53,9276.02
1410,54,9273.79
1410,55,9397.78
1410,56,9269.54
1410,57,9414.82
1410,58,9275.42
1410,59,9429.45
1410,60,9326.92
1410,61,9213.01
1410,62,9294.25
1410,63,9432.55
1410,64,9277.02
1410,65,9375.56
1410,66,9272.16
1410,67,9363.39
1410,68,9374.28
1410,69,9395.24
1410,70,9310.03
1410,71,9139.4
1410,72,9377.23
1410,73,9258.68
1410,74,9431.37
1410,75,9243.71
1410,76,9416.74
1410,77,9192.73
1410,78,9209.39
1410,79,9292.71
1410,80,9231.79
1410,81,9114.55
1410,82,9306.03
1410,83,9285.03
1410,84,9232.59
1410,85,9202.4
1410,86,9243.36
1410,87,9408.11
1410,88,9325.33
1410,89,9240.04
1410,90,9228.15
1410,91,9526.2
1410,92,9370.36
1410,93,9345.54
1410,94,9306.65
1410,95,9320.67
1410,96,9302.15
1410,97,9362.74
1410,98,9328.94
1410,99,9356.75
1420,0,9489.14
1420,1,9322.93
1420,2,9434.38
1420,3,9317.3
1420,4,9300.67
1420,5,9253.95
1420,6,9396.87
1420,7,9195.83
1420,8,9357.71
1420,9,9499.13
1420,10,9339.6
1420,11,9194.05
1420,12,9193.36
1420,13,9394.59
1420,14,9307.8
1420,15,9340.77
1420,16,9367.96
1420,17,9365.67
1420,18,9183.02
1420,19,9316.51
1420,20,9390.17
1420,21,9287.46
1420,22,9279.43
1420,23,9343.51
1420,24,9203.81
1420,25,9203.02
1420,26,9381.04
1420,27,9403.44
1420,28,9408.52
1420,29,9203.55
1420,30,9253.47
1420,31,9402.46
1420,32,9208.14
1420,33,9180.11
1420,34,9353.38
1420,35,9194.77
1420,36,9215.58
1420,37,9395.59
1420,38,9251.69
1420,39,9337.42
1420,40,9350.15
1420,41,9303.82
1420,42,9409.03
1420,43,9301.12
1420,44,9446.43
1420,45,9318.45
1420,46,9315.69
1420,47,9284.02
1420,48,9305.88
1420,49,9250.67
1420,50,9268.02
1420,51,9350.49
1420,52,9136.2
1420,53,9275.74
1420,54,9273.5
1420,55,9397.48
1420,56,9269.27
1420,57,9414.54
1420,58,9275.15
1420,59,9429.16
1420,60,9326.62
1420,61,9212.76
1420,62,9294.01
1420,63,9432.26
1420,64,9276.77
1420,65,9375.27
1420,66,9271.92
1420,67,9363.09
1420,68,9373.99
1420,69,9394.95
1420,70,9309.74
1420,71,9139.16
1420,72,9376.94
1420,73,9258.42
1420,74,9431.07
1420,75,9243.43
1420,76,9416.44
1420,77,9192.49
1420,78,9209.16
1420,79,9292.41
1420,80,9231.54
1420,81,9114.32
1420,82,9305.76
1420,83,9284.78
1420,84,9232.31
1420,85,9202.15
1420,86,9243.09
1420,87,9407.82
1420,88,9325.08
1420,89,9239.8
1420,90,9227.9
1420,91,9525.9
1420,92,9370.09
1420,93,9345.27
1420,94,9306.4
1420,95,9320.39
1420,96,9301.89
1420,97,9362.45
1420,98,9328.65
1420,99,9356.47
1430,0,9488.84
1430,1,9322.63
1430,2,9434.08
1430,3,9317
1430,4,9300.37
1430,5,9253.65
1430,6,9396.57
1430,7,9195.53
1430,8,9357.41
1430,9,9498.83
1430,10,9339.3
1430,11,9193.75
1430,12,9193.06
1430,13,9394.29
1430,14,9307.5
1430,15,9340.47
1430,16,9367.66
1430,17,9365.37
1430,18,9182.72
1430,19,9316.21
1430,20,9389.87
1430,21,9287.16
1430,22,9279.13
1430,23,9343.21
1430,24,9203.51
1430,25,9202.72
1430,26,9380.74
1430,27,9403.14
1430,28,9408.22
1430,29,9203.25
1430,30,9253.17
1430,31,9402.16
1430,32,9207.84
1430,33,9179.81
1430,34,9353.08
1430,35,9194.47
1430,36,9215.28
1430,37,9395.29
1430,38,9251.39
1430,39,9337.12
1430,40,9349.85
1430,41,9303.52
1430,42,9408.73
1430,43,9300.82
1430,44,9446.13
1430,45,9318.15
1430,46,9315.39
1430,47,9283.72
1430,48,9305.58
1430,49,9250.37
1430,50,9267.72
1430,51,9350.19
1430,52,9135.9
1430,53,9275.44
1430,54,9273.2
1430,55,9397.18
1430,56,9268.97
1430,57,9414.24
1430,58,9274.85
1430,59,9428.86
1430,60,9326.32
1430,61,9212.46
1430,62,9293.71
1430,63,9431.96
1430,64,9276.47
1430,65,9374.97
1430,66,9271.62
1430,67,9362.79
1430,68,9373.69
1430,69,9394.65
1430,70,9309.44
1430,71,9138.86
1430,72,9376.64
1430,73,9258.12
1430,74,9430.77
1430,75,9243.13
1430,76,9416.14
1430,77,9192.19
1430,78,9208.86
1430,79,9292.11
1430,80,9231.24
1430,81,9114.02
1430,82,9305.46
1430,83,9284.48
1430,84,9232.01
1430,85,9201.85
1430,86,9242.79
1430,87,9407.52
1430,88,9324.78
1430,89,9239.5
1430,90,9227.6
1430,91,9525.6
1430,92,9369.79
1430,93,9344.97
1430,94,9306.1
1430,95,9320.09
1430,96,9301.59
1430,97,9362.15
1430,98,9328.35
1430,99,9356.17
1440,0,9478.35
1440,1,9308.91
1440,2,9422.65
1440,3,9302.75
1440,4,9285.36
1440,5,9237.89
1440,6,9384.07
1440,7,9177.34
1440,8,9344.03
1440,9,9488.55
1440,10,9325.63
1440,11,9176.79
1440,12,9181.32
1440,13,9381.73
1440,14,9293.07
1440,15,9327.7
1440,16,9354.52
1440,17,9352.72
1440,18,9166.42
1440,19,9301.62
1440,20,9377.21
1440,21,9271.57
1440,22,9265.32
1440,23,9329.79
1440,24,9186.14
1440,25,9185.66
1440,26,9367.89
1440,27,9390.64
1440,28,9396.4
1440,29,9186.51
1440,30,9237.49
1440,31,9389.79
1440,32,9191.56
1440,33,9167.65
1440,34,9339.36
1440,35,9177.51
1440,36,9199.89
1440,37,9382.78
1440,38,9235.69
1440,39,9323.17
1440,40,9336.52
1440,41,9288.72
1440,42,9396.5
1440,43,9287.71
1440,44,9434.7
1440,45,9304.95
1440,46,9301.11
1440,47,9269.11
1440,48,9290.77
1440,49,9235.79
1440,50,9252.38
1440,51,9336.21
1440,52,9117.63
1440,53,9261.64
1440,54,9256.93
1440,55,9384.55
1440,56,9253.75
1440,57,9402.01
1440,58,9259.56
1440,59,9417.08
1440,60,9311.92
1440,61,9195.92
1440,62,9279.02
1440,63,9420.21
1440,64,9261.31
1440,65,9361.89
1440,66,9256.17
1440,67,9349.54
1440,68,9360.29
1440,69,9381.94
1440,70,9295.04
1440,71,9120.7
1440,72,9364.04
1440,73,9242.59
1440,74,9419.37
1440,75,9227.08
1440,76,9404.07
1440,77,9175.12
1440,78,9197.16
1440,79,9277.37
1440,80,9216.73
1440,81,9095.21
1440,82,9290.67
1440,83,9269.73
1440,84,9215.89
1440,85,9185.09
1440,86,9227.49
1440,87,9395.21
1440,88,9310.7
1440,89,9226.97
1440,90,9211.17
1440,91,9515.86
1440,92,9356.7
1440,93,9331.04
1440,94,9291.68
1440,95,9305.9
1440,96,9286.9
1440,97,9348.57
1440,98,9315.2
1440,99,9342.6
1450,0,9478.05
1450,1,9308.64
1450,2,9422.36
1450,3,9302.49
1450,4,9285.1
1450,5,9237.63
1450,6,9383.79
1450,7,9177.12
1450,8,9343.77
1450,9,9488.27
1450,10,9325.38
1450,11,9176.56
1450,12,9175.84
1450,13,9381.46
1450,14,9292.81
1450,15,9327.44
1450,16,9354.24
1450,17,9352.44
1450,18,9166.19
1450,19,9301.37
1450,20,9376.94
1450,21,9271.32
1450,22,9265.05
1450,23,9329.51
1450,24,9185.92
1450,25,9185.42
1450,26,9367.61
1450,27,9390.36
1450,28,9396.11
1450,29,9186.29
1450,30,9237.25
1450,31,9389.52
1450,32,9191.28
1450,33,9162.31
1450,34,9339.08
1450,35,9177.28
1450,36,9199.63
1450,37,9382.5
1450,38,9235.44
1450,39,9322.91
1450,40,9336.26
1450,41,9288.49
1450,42,9396.21
1450,43,9287.43
1450,44,9434.43
1450,45,9304.67
1450,46,9300.85
1450,47,9268.85
1450,48,9290.52
1450,49,9235.55
1450,50,9252.13
1450,51,9335.95
1450,52,9117.4
1450,53,9261.35
1450,54,9256.7
1450,55,9384.25
1450,56,9253.51
1450,57,9401.74
1450,58,9259.31
1450,59,9416.8
1450,60,9311.64
1450,61,9195.68
1450,62,9278.78
1450,63,9419.93
1450,64,9261.08
1450,65,9361.62
1450,66,9255.95
1450,67,9349.25
1450,68,9360.02
1450,69,9381.65
1450,70,9294.76
1450,71,9120.48
1450,72,9363.78
1450,73,9242.35
1450,74,9419.07
1450,75,9226.84
1450,76,9403.78
1450,77,9174.88
1450,78,9191.99
1450,79,9277.09
1450,80,9216.46
1450,81,9094.99
1450,82,9290.42
1450,83,9269.49
1450,84,9215.63
1450,85,9184.86
1450,86,9227.24
1450,87,9394.93
1450,88,9310.46
1450,89,9221.29
1450,90,9210.94
1450,91,9515.57
1450,92,9356.44
1450,93,9330.78
1450,94,9291.44
1450,95,9305.65
1450,96,9286.66
1450,97,9348.29
1450,98,9314.92
1450,99,9342.34
1460,0,9477.75
1460,1,9308.34
1460,2,9422.06
1460,3,9302.19
1460,4,9284.8
1460,5,9237.33
1460,6,9383.49
1460,7,9176.82
1460,8,9343.47
1460,9,9487.97
1460,10,9325.08
1460,11,9176.26
1460,12,9175.54
1460,13,9381.16
1460,14,9292.51
1460,15,9327.14
1460,16,9353.94
1460,17,9352.14
1460,18,9165.89
1460,19,9301.07
1460,20,9376.64
1460,21,9271.02
1460,22,9264.75
1460,23,9329.21
1460,24,9185.62
1460,25,9185.12
1460,26,9367.31
1460,27,9390.06
1460,28,9395.81
1460,29,9185.99
1460,30,9236.95
1460,31,9389.22
1460,32,9190.98
1460,33,9162.01
1460,34,9338.78
1460,35,9176.98
1460,36,9199.33
1460,37,9382.2
1460,38,9235.14
1460,39,9322.61
1460,40,9335.96
1460,41,9288.19
1460,42,9395.91
1460,43,9287.13
1460,44,9434.13
1460,45,9304.37
1460,46,9300.55
1460,47,9268.55
1460,48,9290.22
1460,49,9235.25
1460,50,9251.83
1460,51,9335.65
1460,52,9117.1
1460,53,9261.05
1460,54,9256.4
1460,55,9383.95
1460,56,9253.21
1460,57,9401.44
1460,58,9259.01
1460,59,9416.5
1460,60,9311.34
1460,61,9195.38
1460,62,9278.48
1460,63,9419.63
1460,64,9260.78
1460,65,9361.32
1460,66,9255.65
1460,67,9348.95
1460,68,9359.72
1460,69,9381.35
1460,70,9294.46
1460,71,9120.18
1460,72,9363.48
1460,73,9242.05
1460,74,9418.77
1460,75,9226.54
1460,76,9403.48
1460,77,9174.58
1460,78,9191.69
1460,79,9276.79
1460,80,9216.16
1460,81,9094.69
1460,82,9290.12
1460,83,9269.19
1460,84,9215.33
1460,85,9184.56
1460,86,9226.94
1460,87,9394.63
1460,88,9310.16
1460,89,9220.99
1460,90,9210.64
1460,91,9515.27
1460,92,9356.14
1460,93,9330.48
1460,94,9291.14
1460,95,9305.35
1460,96,9286.36
1460,97,9347.99
1460,98,9314.62
1460,99,9342.04
1470,0,9467.25
1470,1,9294.6
1470,2,9410.62
1470,3,9287.92
1470,4,9269.78
1470,5,9221.56
1470,6,9370.97
1470,7,9165.45
1470,8,9330.08
1470,9,9477.68
1470,10,9311.41
1470,11,9163.79
1470,12,9163.79
1470,13,9368.18
1470,14,9278.07
1470,15,9314.36
1470,16,9340.79
1470,17,9339.48
1470,18,9154.45
1470,19,9288.04
1470,20,9363.97
1470,21,9255.41
1470,22,9250.92
1470,23,9315.77
1470,24,9172.94
1470,25,9172.15
1470,26,9354.45
1470,27,9375.63
1470,28,9381.63
1470,29,9174.07
1470,30,9225.52
1470,31,9376.84
1470,32,9174.76
1470,33,9149.84
1470,34,9325.11
1470,35,9164.52
1470,36,9183.92
1470,37,9369.68
1470,38,9219.55
1470,39,9308.58
1470,40,9322.12
1470,41,9276.56
1470,42,9383.66
1470,43,9274.02
1470,44,9422.67
1470,45,9291.1
1470,46,9286.25
1470,47,9253.93
1470,48,9276
1470,49,9224.64
1470,50,9236.55
1470,51,9321.59
1470,52,9103.29
1470,53,9244.42
1470,54,9244.58
1470,55,9371.3
1470,56,9241.89
1470,57,9389.19
1470,58,9243.81
1470,59,9404.71
1470,60,9296.93
1470,61,9182.94
1470,62,9268.07
1470,63,9407.87
1470,64,9249.71
1470,65,9348.23
1470,66,9244.92
1470,67,9335.74
1470,68,9346.2
1470,69,9368.86
1470,70,9280.04
1470,71,9106.84
1470,72,9350.86
1470,73,9230.35
1470,74,9407.28
1470,75,9214.62
1470,76,9391.39
1470,77,9161.77
1470,78,9179.6
1470,79,9262.04
1470,80,9201.64
1470,81,9080.76
1470,82,9275.63
1470,83,9257.07
1470,84,9199.2
1470,85,9172.15
1470,86,9215.22
1470,87,9382.32
1470,88,9300.48
1470,89,9207.1
1470,90,9198.51
1470,91,9505.52
1470,92,9343.05
1470,93,9316.54
1470,94,9280.91
1470,95,9291.14
1470,96,9275.73
1470,97,9333.97
1470,98,9300.19
1470,99,9328.68
1480,0,9466.96
1480,1,9294.34
1480,2,9410.34
1480,3,9287.68
1480,4,9269.53
1480,5,9221.32
1480,6,9370.7
1480,7,9160.34
1480,8,9329.83
1480,9,9477.4
1480,10,9311.18
1480,11,9159.06
1480,12,9158.33
1480,13,9367.92
1480,14,9277.81
1480,15,9314.11
1480,16,9340.53
1480,17,9335.96
1480,18,9149.34
1480,19,9287.8
1480,20,9363.71
1480,21,9255.17
1480,22,9246.79
1480,23,9312.27
1480,24,9168.02
1480,25,9167.83
1480,26,9354.18
1480,27,9375.39
1480,28,9381.38
1480,29,9169.02
1480,30,9221.03
1480,31,9376.59
1480,32,9174.5
1480,33,9144.51
1480,34,9324.85
1480,35,9159.79
1480,36,9183.68
1480,37,9369.42
1480,38,9219.32
1480,39,9308.33
1480,40,9321.87
1480,41,9271.94
1480,42,9383.38
1480,43,9269.99
1480,44,9422.42
1480,45,9287.22
1480,46,9286.01
1480,47,9253.68
1480,48,9275.76
1480,49,9220.45
1480,50,9236.32
1480,51,9321.35
1480,52,9098.59
1480,53,9244.17
1480,54,9239.9
1480,55,9371.03
1480,56,9237.75
1480,57,9388.94
1480,58,9243.58
1480,59,9404.45
1480,60,9296.67
1480,61,9178.6
1480,62,9263.56
1480,63,9407.6
1480,64,9245.38
1480,65,9347.97
1480,66,9240.11
1480,67,9335.46
1480,68,9345.95
1480,69,9368.6
1480,70,9279.78
1480,71,9101.79
1480,72,9350.61
1480,73,9226.28
1480,74,9406.99
1480,75,9210.21
1480,76,9391.12
1480,77,9157.28
1480,78,9174.45
1480,79,9261.77
1480,80,9201.39
1480,81,9075.71
1480,82,9275.39
1480,83,9252.69
1480,84,9198.95
1480,85,9167.56
1480,86,9211.39
1480,87,9382.06
1480,88,9296.1
1480,89,9201.45
1480,90,9193.97
1480,91,9505.24
1480,92,9342.8
1480,93,9316.29
1480,94,9276.49
1480,95,9285.31
1480,96,9271.43
1480,97,9333.71
1480,98,9299.92
1480,99,9328.43
1490,0,9466.66
1490,1,9294.04
1490,2,9410.04
1490,3,9287.38
1490,4,9269.23
1490,5,9221.02
1490,6,9370.4
1490,7,9160.04
1490,8,9329.53
1490,9,9477.1
1490,10,9310.88
1490,11,9158.76
1490,12,9158.03
1490,13,9367.62
1490,14,9277.51
1490,15,9313.81
1490,16,9340.23
1490,17,9335.66
1490,18,9149.04
1490,19,9287.5
1490,20,9363.41
1490,21,9254.87
1490,22,9246.49
1490,23,9311.97
1490,24,9167.72
1490,25,9167.53
1490,26,9353.88
1490,27,9375.09
1490,28,9381.08
1490,29,9168.72
1490,30,9220.73
1490,31,9376.29
1490,32,9174.2
1490,33,9144.21
1490,34,9324.55
1490,35,9159.49
1490,36,9183.38
1490,37,9369.12
1490,38,9219.02
1490,39,9308.03
1490,40,9321.57
1490,41,9271.64
1490,42,9383.08
1490,43,9269.69
1490,44,9422.12
1490,45,9286.92
1490,46,9285.71
1490,47,9253.38
1490,48,9275.46
1490,49,9220.15
1490,50,9236.02
1490,51,9321.05
1490,52,9098.29
1490,53,9243.87
1490,54,9239.6
1490,55,9370.73
1490,56,9237.45
1490,57,9388.64
1490,58,9243.28
1490,59,9404.15
1490,60,9296.37
1490,61,9178.3
1490,62,9263.26
1490,63,9407.3
1490,64,9245.08
1490,65,9347.67
1490,66,9239.81
1490,67,9335.16
1490,68,9345.65
1490,69,9368.3
1490,70,9279.48
1490,71,9101.49
1490,72,9350.31
1490,73,9225.98
1490,74,9406.69
1490,75,9209.91
1490,76,9390.82
1490,77,9156.98
1490,78,9174.15
1490,79,9261.47
1490,80,9201.09
1490,81,9075.41
1490,82,9275.09
1490,83,9252.39
1490,84,9198.65
1490,85,9167.26
1490,86,9211.09
1490,87,9381.76
1490,88,9295.8
1490,89,9201.15
1490,90,9193.67
1490,91,9504.94
1490,92,9342.5
1490,93,9315.99
1490,94,9276.19
1490,95,9285.01
1490,96,9271.13
1490,97,9333.41
1490,98,9299.62
1490,99,9328.13
1500,0,9456.14
1500,1,9280.3
1500,2,9397.6
1500,3,9276.25
1500,4,9257.02
1500,5,9209.17
1500,6,9357.87
1500,7,9146.65
1500,8,9318.95
1500,9,9466.8
1500,10,9300.69
1500,11,9146.28
1500,12,9146.27
1500,13,9357.52
1500,14,9263.06
1500,15,9303.72
1500,16,9327.06
1500,17,9322.48
1500,18,9137.54
1500,19,9276.14
1500,20,9352.92
1500,21,9240.96
1500,22,9233.7
1500,23,9298.52
1500,24,9152.76
1500,25,9154.54
1500,26,9341.01
1500,27,9362.58
1500,28,9369.27
1500,29,9156.79
1500,30,9209.29
1500,31,9366.11
1500,32,9157.85
1500,33,9132.03
1500,34,9313.09
1500,35,9147.01
1500,36,9167.96
1500,37,9356.99
1500,38,9206.71
1500,39,9296.93
1500,40,9311.37
1500,41,9258.27
1500,42,9370.82
1500,43,9256.56
1500,44,9413.07
1500,45,9273.37
1500,46,9274.5
1500,47,9240.61
1500,48,9264.38
1500,49,9208.24
1500,50,9223.98
1500,51,9309.88
1500,52,9084.47
1500,53,9230.04
1500,54,9227.77
1500,55,9358.71
1500,56,9226.14
1500,57,9378.29
1500,58,9231.37
1500,59,9394.36
1500,60,9284.81
1500,61,9165.85
1500,62,9252.84
1500,63,9397.61
1500,64,9233.99
1500,65,9337.03
1500,66,9228.94
1500,67,9321.89
1500,68,9334.67
1500,69,9355.56
1500,70,9267.18
1500,71,9088.14
1500,72,9339.82
1500,73,9214.27
1500,74,9395.36
1500,75,9195.99
1500,76,9378.72
1500,77,9144.15
1500,78,9162.42
1500,79,9246.7
1500,80,9186.55
1500,81,9061.42
1500,82,9263.54
1500,83,9241.78
1500,84,9185.55
1500,85,9154.43
1500,86,9199.35
1500,87,9372.15
1500,88,9285.84
1500,89,9189.27
1500,90,9181.54
1500,91,9495.32
1500,92,9332.34
1500,93,9304.84
1500,94,9265.94
1500,95,9270.79
1500,96,9258.78
1500,97,9321.83
1500,98,9286.45
1500,99,9317.27
1510,0,9455.87
1510,1,9280.06
1510,2,9397.34
1510,3,9272.87
1510,4,9253.96
1510,5,9205.79
1510,6,9357.61
1510,7,9141.58
1510,8,9315.9
1510,9,9466.54
1510,10,9296.98
1510,11,9141.57
1510,12,9140.82
1510,13,9354.79
1510,14,9262.82
1510,15,9300.78
1510,16,9326.81
1510,17,9322.23
1510,18,9132.44
1510,19,9272.67
1510,20,9350.47
1510,21,9240.73
1510,22,9229.57
1510,23,9298.26
1510,24,9152.53
1510,25,9150.23
1510,26,9340.75
1510,27,9362.33
1510,28,9369.01
1510,29,9151.75
1510,30,9204.82
1510,31,9363.12
1510,32,9157.6
1510,33,9126.72
1510,34,9310.54
1510,35,9142.3
1510,36,9167.73
1510,37,9356.74
1510,38,9203.07
1510,39,9293.84
1510,40,9308.28
1510,41,9258.03
1510,42,9370.56
1510,43,9256.31
1510,44,9410.41
1510,45,9273.12
1510,46,9271.16
1510,47,9236.06
1510,48,9260.72
1510,49,9204.07
1510,50,9220.27
1510,51,9306.82
1510,52,9079.79
1510,53,9229.78
1510,54,9223.11
1510,55,9358.45
1510,56,9222.02
1510,57,9375.62
1510,58,9227.69
1510,59,9391.93
1510,60,9282.14
1510,61,9161.52
1510,62,9248.33
1510,63,9395.28
1510,64,9229.68
1510,65,9334.32
1510,66,9224.14
1510,67,9321.62
1510,68,9331.99
1510,69,9355.3
1510,70,9264.8
1510,71,9083.1
1510,72,9336.99
1510,73,9210.21
1510,74,9395.07
1510,75,9195.76
1510,76,9378.46
1510,77,9139.68
1510,78,9157.28
1510,79,9246.45
1510,80,9186.31
1510,81,9056.38
1510,82,9260.06
1510,83,9237.4
1510,84,9182.28
1510,85,9149.87
1510,86,9195.53
1510,87,9369.66
1510,88,9281.48
1510,89,9183.61
1510,90,9177.03
1510,91,9495.06
1510,92,9329.16
1510,93,9301.81
1510,94,9261.54
1510,95,9270.56
1510,96,9254.52
1510,97,9321.58
1510,98,9286.19
1510,99,9314.32
1520,0,9455.57
1520,1,9279.76
1520,2,9397.04
1520,3,9272.57
1520,4,9253.66
1520,5,9205.49
1520,6,9357.31
1520,7,9141.28
1520,8,9315.6
1520,9,9466.24
1520,10,9296.68
1520,11,9141.27
1520,12,9140.52
1520,13,9354.49
1520,14,9262.52
1520,15,9300.48
1520,16,9326.51
1520,17,9321.93
1520,18,9132.14
1520,19,9272.37
1520,20,9350.17
1520,21,9240.43
1520,22,9229.27
1520,23,9297.96
1520,24,9152.23
1520,25,9149.93
1520,26,9340.45
1520,27,9362.03
1520,28,9368.71
1520,29,9151.45
1520,30,9204.52
1520,31,9362.82
1520,32,9157.3
1520,33,9126.42
1520,34,9310.24
1520,35,9142
1520,36,9167.43
1520,37,9356.44
1520,38,9202.77
1520,39,9293.54
1520,40,9307.98
1520,41,9257.73
1520,42,9370.26
1520,43,9256.01
1520,44,9410.11
1520,45,9272.82
1520,46,9270.86
1520,47,9235.76
1520,48,9260.42
1520,49,9203.77
1520,50,9219.97
1520,51,9306.52
1520,52,9079.49
1520,53,9229.48
1520,54,9222.81
1520,55,9358.15
1520,56,9221.72
1520,57,9375.32
1520,58,9227.39
1520,59,9391.63
1520,60,9281.84
1520,61,9161.22
1520,62,9248.03
1520,63,9394.98
1520,64,9229.38
1520,65,9334.02
1520,66,9223.84
1520,67,9321.32
1520,68,9331.69
1520,69,9355
1520,70,9264.5
1520,71,9082.8
1520,72,9336.69
1520,73,9209.91
1520,74,9394.77
1520,75,9195.46
1520,76,9378.16
1520,77,9139.38
1520,78,9156.98
1520,79,9246.15
1520,80,9186.01
1520,81,9056.08
1520,82,9259.76
1520,83,9237.1
1520,84,9181.98
1520,85,9149.57
1520,86,9195.23
1520,87,9369.36
1520,88,9281.18
1520,89,9183.31
1520,90,9176.73
1520,91,9494.76
1520,92,9328.86
1520,93,9301.51
1520,94,9261.24
1520,95,9270.26
1520,96,9254.22
1520,97,9321.28
1520,98,9285.89
1520,99,9314.02
1530,0,9445.81
1530,1,9270
1530,2,9386.52
1530,3,9261.42
1530,4,9240.6
1530,5,9192.76
1530,6,9344.77
1530,7,9127.92
1530,8,9305
1530,9,9457.57
1530,10,9286.51
1530,11,9128.77
1530,12,9128.74
1530,13,9344.37
1530,14,9252.22
1530,15,9288.86
1530,16,9313.33
1530,17,9310.16
1530,18,9119
1530,19,9261.03
1530,20,9339.67
1530,21,9230.02
1530,22,9215.6
1530,23,9284.49
1530,24,9139.53
1530,25,9137.28
1530,26,9327.56
1530,27,9349.54
1530,28,9356.49
1530,29,9139.51
1530,30,9193.01
1530,31,9353.17
1530,32,9141.05
1530,33,9114.22
1530,34,9298.77
1530,35,9129.51
1530,36,9154.96
1530,37,9345.82
1530,38,9190.45
1530,39,9282.45
1530,40,9297.43
1530,41,9247.27
1530,42,9357.98
1530,43,9242.86
1530,44,9401.05
1530,45,9261.83
1530,46,9259.65
1530,47,9225.52
1530,48,9249.17
1530,49,9191.84
1530,50,9208.17
1530,51,9295.37
1530,52,9065.65
1530,53,9215.7
1530,54,9210.95
1530,55,9345.47
1530,56,9210.62
1530,57,9365.66
1530,58,9215.7
1530,59,9382.07
1530,60,9270.23
1530,61,9148.75
1530,62,9235.32
1530,63,9385.27
1530,64,9218.28
1530,65,9323.54
1530,66,9212.95
1530,67,9309.53
1530,68,9320.55
1530,69,9344.76
1530,70,9252.18
1530,71,9069.44
1530,72,9326.64
1530,73,9198.19
1530,74,9381.06
1530,75,9183.55
1530,76,9367.47
1530,77,9126.53
1530,78,9145.24
1530,79,9233.18
1530,80,9172.97
1530,81,9042.13
1530,82,9248.35
1530,83,9226.48
1530,84,9168.86
1530,85,9137.13
1530,86,9183.48
1530,87,9359.18
1530,88,9271.47
1530,89,9169.39
1530,90,9164.81
1530,91,9486.39
1530,92,9318.68
1530,93,9290.51
1530,94,9248.66
1530,95,9256.02
1530,96,9243.55
1530,97,9309.73
1530,98,9273.43
1530,99,9303.18
1540,0,9444.78
1540,1,9265.76
1540,2,9384.85
1540,3,9258.06
1540,4,9240.36
1540,5,9189.41
1540,6,9344.53
1540,7,9122.86
1540,8,9301.96
1540,9,9455.68
1540,10,9282.81
1540,11,9124.07
1540,12,9123.31
1540,13,9341.65
1540,14,9247.82
1540,15,9285.96
1540,16,9313.1
1540,17,9306.66
1540,18,9113.94
1540,19,9257.57
1540,20,9337.24
1540,21,9224.99
1540,22,9215.36
1540,23,9284.25
1540,24,9134.64
1540,25,9132.98
1540,26,9327.32
1540,27,9349.3
1540,28,9356.24
1540,29,9134.49
1540,30,9188.54
1540,31,9350.18
1540,32,9140.81
1540,33,9108.92
1540,34,9296.24
1540,35,9124.81
1540,36,9150.12
1540,37,9343.59
1540,38,9186.83
1540,39,9279.38
1540,40,9294.35
1540,41,9242.66
1540,42,9357.73
1540,43,9242.63
1540,44,9398.4
1540,45,9257.95
1540,46,9256.32
1540,47,9220.89
1540,48,9245.53
1540,49,9187.69
1540,50,9204.46
1540,51,9292.33
1540,52,9060.99
1540,53,9212.63
1540,54,9206.31
1540,55,9345.23
1540,56,9206.03
1540,57,9363
1540,58,9212.04
1540,59,9379.65
1540,60,9267.57
1540,61,9144.44
1540,62,9230.85
1540,63,9382.95
1540,64,9213.98
1540,65,9320.84
1540,66,9208.17
1540,67,9307.91
1540,68,9317.88
1540,69,9342.25
1540,70,9249.82
1540,71,9064.41
1540,72,9323.82
1540,73,9194.14
1540,74,9380.78
1540,75,9179.17
1540,76,9365.79
1540,77,9122.08
1540,78,9140.11
1540,79,9231.13
1540,80,9168.39
1540,81,9037.1
1540,82,9244.89
1540,83,9222.11
1540,84,9165.6
1540,85,9132.58
1540,86,9179.68
1540,87,9356.71
1540,88,9267.11
1540,89,9169.17
1540,90,9160.3
1540,91,9484.73
1540,92,9315.51
1540,93,9287.5
1540,94,9244.3
1540,95,9255.81
1540,96,9239.28
1540,97,9307.48
1540,98,9271.2
1540,99,9300.24
1550,0,9444.48
1550,1,9265.46
1550,2,9384.55
1550,3,9257.76
1550,4,9240.06
1550,5,9189.11
1550,6,9344.23
1550,7,9122.56
1550,8,9301.66
1550,9,9455.38
1550,10,9282.51
1550,11,9123.77
1550,12,9123.01
1550,13,9341.35
1550,14,9247.52
1550,15,9285.66
1550,16,9312.8
1550,17,9306.36
1550,18,9113.64
1550,19,9257.27
1550,20,9336.94
1550,21,9224.69
1550,22,9215.06
1550,23,9283.95
1550,24,9134.34
1550,25,9132.68
1550,26,9327.02
1550,27,9349
1550,28,9355.94
1550,29,9134.19
1550,30,9188.24
1550,31,9349.88
1550,32,9140.51
1550,33,9108.62
1550,34,9295.94
1550,35,9124.51
1550,36,9149.82
1550,37,9343.29
1550,38,9186.53
1550,39,9279.08
1550,40,9294.05
1550,41,9242.36
1550,42,9357.43
1550,43,9242.33
1550,44,9398.1
1550,45,9257.65
1550,46,9256.02
1550,47,9220.59
1550,48,9245.23
1550,49,9187.39
1550,50,9204.16
1550,51,9292.03
1550,52,9060.69
1550,53,9212.33
1550,54,9206.01
1550,55,9344.93
1550,56,9205.73
1550,57,9362.7
1550,58,9211.74
1550,59,9379.35
1550,60,9267.27
1550,61,9144.14
1550,62,9230.55
1550,63,9382.65
1550,64,9213.68
1550,65,9320.54
1550,66,9207.87
1550,67,9307.61
1550,68,9317.58
1550,69,9341.95
1550,70,9249.52
1550,71,9064.11
1550,72,9323.52
1550,73,9193.84
1550,74,9380.48
1550,75,9178.87
1550,76,9365.49
1550,77,9121.78
1550,78,9139.81
1550,79,9230.83
1550,80,9168.09
1550,81,9036.8
1550,82,9244.59
1550,83,9221.81
1550,84,9165.3
1550,85,9132.28
1550,86,9179.38
1550,87,9356.41
1550,88,9266.81
1550,89,9168.87
1550,90,9160
1550,91,9484.43
1550,92,9315.21
1550,93,9287.2
1550,94,9244
1550,95,9255.51
1550,96,9238.98
1550,97,9307.18
1550,98,9270.9
1550,99,9299.94
1560,0,9434.7
1560,1,9256.44
1560,2,9373.66
1560,3,9246.6
1560,4,9227.82
1560,5,9176.34
1560,6,9331.67
1560,7,9112.4
1560,8,9291.05
1560,9,9446.7
1560,10,9272.46
1560,11,9111.26
1560,12,9111.22
1560,13,9331.06
1560,14,9237.21
1560,15,9274.02
1560,16,9299.6
1560,17,9297.74
1560,18,9102.15
1560,19,9246.06
1560,20,9326.42
1560,21,9214.85
1560,22,9202.26
1560,23,9273.97
1560,24,9121.61
1560,25,9120.02
1560,26,9314.12
1560,27,9336.64
1560,28,9346.67
1560,29,9122.23
1560,30,9176.83
1560,31,9340.22
1560,32,9128.43
1560,33,9096.4
1560,34,9284.27
1560,35,9113.93
1560,36,9137.33
1560,37,9332.63
1560,38,9174.19
1560,39,9268.47
1560,40,9283.27
1560,41,9232.56
1560,42,9348.11
1560,43,9229.8
1560,44,9389.02
1560,45,9247.79
1560,46,9244.79
1560,47,9210.34
1560,48,9234.12
1560,49,9175.45
1560,50,9192.29
1560,51,9281
1560,52,9046.84
1560,53,9199.51
1560,54,9194.05
1560,55,9335.35
1560,56,9194.62
1560,57,9353.05
1560,58,9199.97
1560,59,9369.71
1560,60,9256.99
1560,61,9131.66
1560,62,9220.1
1560,63,9372.93
1560,64,9202.57
1560,65,9310.04
1560,66,9197.11
1560,67,9295.85
1560,68,9308.09
1560,69,9331.7
1560,70,9237.19
1560,71,9050.74
1560,72,9312.54
1560,73,9182.1
1560,74,9369.18
1560,75,9166.93
1560,76,9354.8
1560,77,9109.05
1560,78,9128.06
1560,79,9217.8
1560,80,9155.04
1560,81,9022.83
1560,82,9233.66
1560,83,9211.18
1560,84,9152.17
1560,85,9119.82
1560,86,9166.37
1560,87,9346.19
1560,88,9256.83
1560,89,9154.94
1560,90,9148.07
1560,91,9476.05
1560,92,9305.02
1560,93,9276.69
1560,94,9233.72
1560,95,9241.26
1560,96,9228.31
1560,97,9295.65
1560,98,9258.42
1560,99,9289.22
1570,0,9433.69
1570,1,9252.21
1570,2,9372.01
1570,3,9243.25
1570,4,9224.79
1570,5,9173
1570,6,9331.44
1570,7,9106.64
1570,8,9288.02
1570,9,9444.81
1570,10,9268.78
1570,11,9106.58
1570,12,9105.8
1570,13,9328.36
1570,14,9232.83
1570,15,9271.13
1570,16,9299.38
1570,17,9293.88
1570,18,9097.08
1570,19,9242.61
1570,20,9324.01
1570,21,9209.82
1570,22,9198.16
1570,23,9270.25
1570,24,9116.74
1570,25,9115.73
1570,26,9313.89
1570,27,9336.41
1570,28,9343.47
1570,29,9117.22
1570,30,9172.38
1570,31,9337.25
1570,32,9124.51
1570,33,9091.12
1570,34,9281.75
1570,35,9107.32
1570,36,9132.5
1570,37,9330.41
1570,38,9170.59
1570,39,9265.4
1570,40,9280.21
1570,41,9228.04
1570,42,9344.91
1570,43,9225.81
1570,44,9386.39
1570,45,9243.85
1570,46,9241.48
1570,47,9205.72
1570,48,9230.49
1570,49,9171.31
1570,50,9188.6
1570,51,9277.97
1570,52,9042.19
1570,53,9196.44
1570,54,9189.42
1570,55,9332
1570,56,9190.04
1570,57,9350.4
1570,58,9196.32
1570,59,9367.3
1570,60,9253.79
1570,61,9127.35
1570,62,9215.63
1570,63,9370.62
1570,64,9198.29
1570,65,9307.36
1570,66,9192.34
1570,67,9294.24
1570,68,9305.44
1570,69,9329.2
1570,70,9234.84
1570,71,9045.72
1570,72,9309.75
1570,73,9178.07
1570,74,9368.87
1570,75,9162.56
1570,76,9353.13
1570,77,9104.61
1570,78,9122.95
1570,79,9215.76
1570,80,9150.48
1570,81,9017.83
1570,82,9230.21
1570,83,9206.82
1570,84,9148.92
1570,85,9115.28
1570,86,9162.59
1570,87,9343.74
1570,88,9252.5
1570,89,9154.74
1570,90,9143.58
1570,91,9474.4
1570,92,9301.87
1570,93,9273.69
1570,94,9229.34
1570,95,9241.06
1570,96,9224.05
1570,97,9293.41
1570,98,9256.2
1570,99,9286.29
1580,0,9433.39
1580,1,9251.91
1580,2,9371.71
1580,3,9242.95
1580,4,9224.49
1580,5,9172.7
1580,6,9331.14
1580,7,9106.34
1580,8,9287.72
1580,9,9444.51
1580,10,9268.48
1580,11,9106.28
1580,12,9105.5
1580,13,9328.06
1580,14,9232.53
1580,15,9270.83
1580,16,9299.08
1580,17,9293.58
1580,18,9096.78
1580,19,9242.31
1580,20,9323.71
1580,21,9209.52
1580,22,9197.86
1580,23,9269.95
1580,24,9116.44
1580,25,9115.43
1580,26,9313.59
1580,27,9336.11
1580,28,9343.17
1580,29,9116.92
1580,30,9172.08
1580,31,9336.95
1580,32,9124.21
1580,33,9090.82
1580,34,9281.45
1580,35,9107.02
1580,36,9132.2
1580,37,9330.11
1580,38,9170.29
1580,39,9265.1
1580,40,9279.91
1580,41,9227.74
1580,42,9344.61
1580,43,9225.51
1580,44,9386.09
1580,45,9243.55
1580,46,9241.18
1580,47,9205.42
1580,48,9230.19
1580,49,9171.01
1580,50,9188.3
1580,51,9277.67
1580,52,9041.89
1580,53,9196.14
1580,54,9189.12
1580,55,9331.7
1580,56,9189.74
1580,57,9350.1
1580,58,9196.02
1580,59,9367
1580,60,9253.49
1580,61,9127.05
1580,62,9215.33
1580,63,9370.32
1580,64,9197.99
1580,65,9307.06
1580,66,9192.04
1580,67,9293.94
1580,68,9305.14
1580,69,9328.9
1580,70,9234.54
1580,71,9045.42
1580,72,9309.45
1580,73,9177.77
1580,74,9368.57
1580,75,9162.26
1580,76,9352.83
1580,77,9104.31
1580,78,9122.65
1580,79,9215.46
1580,80,9150.18
1580,81,9017.53
1580,82,9229.91
1580,83,9206.52
1580,84,9148.62
1580,85,9114.98
1580,86,9162.29
1580,87,9343.44
1580,88,9252.2
1580,89,9154.44
1580,90,9143.28
1580,91,9474.1
1580,92,9301.57
1580,93,9273.39
1580,94,9229.04
1580,95,9240.76
1580,96,9223.75
1580,97,9293.11
1580,98,9255.9
1580,99,9285.99
1590,0,9423.6
1590,1,9242.9
1590,2,9360.81
1590,3,9231.77
1590,4,9212.24
1590,5,9160.8
1590,6,9318.57
1590,7,9096.17
1590,8,9277.96
1590,9,9435.82
1590,10,9259.16
1590,11,9093.75
1590,12,9093.69
1590,13,9317.76
1590,14,9222.2
1590,15,9261.61
1590,16,9285.87
1590,17,9285.07
1590,18,9085.32
1590,19,9232.49
1590,20,9313.18
1590,21,9199.67
1590,22,9185.05
1590,23,9259.95
1590,24,9106.38
1590,25,9104.12
1590,26,9300.67
1590,27,9324.22
1590,28,9333.89
1590,29,9106.71
1590,30,9160.65
1590,31,9327.27
1590,32,9112.12
1590,33,9078.59
1590,34,9269.77
1590,35,9098.18
1590,36,9121.62
1590,37,9319.03
1590,38,9157.94
1590,39,9254.48
1590,40,9269.12
1590,41,9217.97
1590,42,9335.27
1590,43,9213.71
1590,44,9377
1590,45,9233.68
1590,46,9229.93
1590,47,9195.16
1590,48,9219.6
1590,49,9163
1590,50,9177
1590,51,9268.12
1590,52,9030.96
1590,53,9183
1590,54,9177.99
1590,55,9322.11
1590,56,9178.61
1590,57,9340.47
1590,58,9184.31
1590,59,9357.26
1590,60,9243.22
1590,61,9116.89
1590,62,9204.86
1590,63,9360.59
1590,64,9186.86
1590,65,9296.55
1590,66,9181.26
1590,67,9281.97
1590,68,9295.63
1590,69,9318.63
1590,70,9222.19
1590,71,9032.03
1590,72,9298.45
1590,73,9166.14
1590,74,9355.84
1590,75,9152.29
1590,76,9342.12
1590,77,9091.58
1590,78,9110.88
1590,79,9202.41
1590,80,9137.11
1590,81,9006.98
1590,82,9218.97
1590,83,9195.87
1590,84,9135.47
1590,85,9105.96
1590,86,9151.4
1590,87,9333.23
1590,88,9242.2
1590,89,9143.68
1590,90,9131.33
1590,91,9465.7
1590,92,9291.36
1590,93,9262.86
1590,94,9218.75
1590,95,9232.16
1590,96,9213.06
1590,97,9280.25
1590,98,9243.41
1590,99,9275.46
1600,0,9422.59
1600,1,9235.24
1600,2,9359.17
1600,3,9228.44
1600,4,9211.32
1600,5,9156.62
1600,6,9318.35
1600,7,9089.8
1600,8,9274.08
1600,9,9433.95
1600,10,9253.78
1600,11,9089.08
1600,12,9088.29
1600,13,9315.07
1600,14,9217.83
1600,15,9256.3
1600,16,9285.67
1600,17,9278.31
1600,18,9080.26
1600,19,9227.65
1600,20,9310.78
1600,21,9194.66
1600,22,9180.96
1600,23,9256.24
1600,24,9098.84
1600,25,9098.49
1600,26,9300.46
1600,27,9323.52
1600,28,9330.71
1600,29,9100.16
1600,30,9156.22
1600,31,9324.32
1600,32,9105.62
1600,33,9073.32
1600,34,9267.26
1600,35,9089.83
1600,36,9114.89
1600,37,9316.83
1600,38,9154.34
1600,39,9251.43
1600,40,9266.07
1600,41,9213.47
1600,42,9332.08
1600,43,9212.13
1600,44,9374.38
1600,45,9229.76
1600,46,9226.63
1600,47,9190.55
1600,48,9215.45
1600,49,9154.93
1600,50,9172.63
1600,51,9263.61
1600,52,9023.39
1600,53,9179.95
1600,54,9176.23
1600,55,9318.77
1600,56,9174.05
1600,57,9337.84
1600,58,9180.65
1600,59,9354.86
1600,60,9240.04
1600,61,9110.27
1600,62,9200.4
1600,63,9358.3
1600,64,9182.59
1600,65,9293.88
1600,66,9176.51
1600,67,9280.38
1600,68,9292.99
1600,69,9316.14
1600,70,9219.86
1600,71,9027.03
1600,72,9295.67
1600,73,9162.01
1600,74,9355.55
1600,75,9147.71
1600,76,9340.47
1600,77,9087.15
1600,78,9105.78
1600,79,9200.39
1600,80,9132.56
1600,81,8998.55
1600,82,9215.53
1600,83,9191.53
1600,84,9132.24
1600,85,9097.99
1600,86,9145.54
1600,87,9330.79
1600,88,9237.88
1600,89,9136.75
1600,90,9126.86
1600,91,9464.07
1600,92,9288.23
1600,93,9259.88
1600,94,9214.39
1600,95,9226.31
1600,96,9208.82
1600,97,9278.04
1600,98,9241.2
1600,99,9272.24
1610,0,9422.29
1610,1,9234.94
1610,2,9358.87
1610,3,9228.14
1610,4,9211.02
1610,5,9156.32
1610,6,9318.05
1610,7,9089.5
1610,8,9273.78
1610,9,9433.65
1610,10,9253.48
1610,11,9088.78
1610,12,9087.99
1610,13,9314.77
1610,14,9217.53
1610,15,9256
1610,16,9285.37
1610,17,9278.01
1610,18,9079.96
1610,19,9227.35
1610,20,9310.48
1610,21,9194.36
1610,22,9180.66
1610,23,9255.94
1610,24,9098.54
1610,25,9098.19
1610,26,9300.16
1610,27,9323.22
1610,28,9330.41
1610,29,9099.86
1610,30,9155.92
1610,31,9324.02
1610,32,9105.32
1610,33,9073.02
1610,34,9266.96
1610,35,9089.53
1610,36,9114.59
1610,37,9316.53
1610,38,9154.04
1610,39,9251.13
1610,40,9265.77
1610,41,9213.17
1610,42,9331.78
1610,43,9211.83
1610,44,9374.08
1610,45,9229.46
1610,46,9226.33
1610,47,9190.25
1610,48,9215.15
1610,49,9154.63
1610,50,9172.33
1610,51,9263.31
1610,52,9023.09
1610,53,9179.65
1610,54,9175.93
1610,55,9318.47
1610,56,9173.75
1610,57,9337.54
1610,58,9180.35
1610,59,9354.56
1610,60,9239.74
1610,61,9109.97
1610,62,9200.1
1610,63,9358
1610,64,9182.29
1610,65,9293.58
1610,66,9176.21
1610,67,9280.08
1610,68,9292.69
1610,69,9315.84
1610,70,9219.56
1610,71,9026.73
1610,72,9295.37
1610,73,9161.71
1610,74,9355.25
1610,75,9147.41
1610,76,9340.17
1610,77,9086.85
1610,78,9105.48
1610,79,9200.09
1610,80,9132.26
1610,81,8998.25
1610,82,9215.23
1610,83,9191.23
1610,84,9131.94
1610,85,9097.69
1610,86,9145.24
1610,87,9330.49
1610,88,9237.58
1610,89,9136.45
1610,90,9126.56
1610,91,9463.77
1610,92,9287.93
1610,93,9259.58
1610,94,9214.09
1610,95,9226.01
1610,96,9208.52
1610,97,9277.74
1610,98,9240.9
1610,99,9271.94
1620,0,9413.53
1620,1,9225.79
1620,2,9348.78
1620,3,9216.94
1620,4,9198.75
1620,5,9145.11
1620,6,9307.48
1620,7,9080.35
1620,8,9264.01
1620,9,9425.46
1620,10,9244.43
1620,11,9078.41
1620,12,9077.42
1620,13,9305.08
1620,14,9207.19
1620,15,9246.77
1620,16,9275.52
1620,17,9268.89
1620,18,9073.02
1620,19,9217.51
1620,20,9299.93
1620,21,9185.23
1620,22,9167.83
1620,23,9245.93
1620,24,9088.47
1620,25,9086.86
1620,26,9288.45
1620,27,9312.26
1620,28,9321.49
1620,29,9090.82
1620,30,9146.34
1620,31,9315.7
1620,32,9093.19
1620,33,9065.08
1620,34,9256.6
1620,35,9080.93
1620,36,9103.99
1620,37,9307.12
1620,38,9144.74
1620,39,9241.66
1620,40,9256.77
1620,41,9203.52
1620,42,9322.57
1620,43,9200.01
1620,44,9364.98
1620,45,9220.28
1620,46,9215.27
1620,47,9179.98
1620,48,9204.99
1620,49,9146.61
1620,50,9161.02
1620,51,9254.18
1620,52,9012.14
1620,53,9168.52
1620,54,9166.09
1620,55,9308.87
1620,56,9162.61
1620,57,9328.54
1620,58,9172.36
1620,59,9345.08
1620,60,9227.65
1620,61,9099.79
1620,62,9189.62
1620,63,9348.48
1620,64,9171.15
1620,65,9284.45
1620,66,9165.41
1620,67,9271.16
1620,68,9281.84
1620,69,9305.56
1620,70,9208.6
1620,71,9017.56
1620,72,9285.28
1620,73,9152.39
1620,74,9343.84
1620,75,9135.36
1620,76,9329.45
1620,77,9075.45
1620,78,9096.55
1620,79,9187.08
1620,80,9122.08
1620,81,8987.77
1620,82,9205.49
1620,83,9180.57
1620,84,9122.46
1620,85,9088.66
1620,86,9134.33
1620,87,9321.42
1620,88,9227.82
1620,89,9128.06
1620,90,9118.76
1620,91,9455.36
1620,92,9278.73
1620,93,9249.04
1620,94,9203.78
1620,95,9217.39
1620,96,9197.81
1620,97,9266.34
1620,98,9229.67
1620,99,9262.09
1630,0,9411.5
1630,1,9220.95
1630,2,9347.15
1630,3,9213.63
1630,4,9195.75
1630,5,9140.28
1630,6,9305.27
1630,7,9071.08
1630,8,9260.15
1630,9,9423.09
1630,10,9239.57
1630,11,9071.59
1630,12,9070.78
1630,13,9301.94
1630,14,9202.84
1630,15,9242.97
1630,16,9271.95
1630,17,9265.06
1630,18,9063.41
1630,19,9212.51
1630,20,9297.55
1630,21,9178.55
1630,22,9166.61
1630,23,9242.23
1630,24,9080.95
1630,25,9080.89
1630,26,9287.03
1630,27,9310.45
1630,28,9318.32
1630,29,9082.9
1630,30,9140
1630,31,9311.38
1630,32,9088.8
1630,33,9055.52
1630,34,9253.68
1630,35,9072.34
1630,36,9097.27
1630,37,9303.72
1630,38,9138.1
1630,39,9236.92
1630,40,9251.87
1630,41,9198.2
1630,42,9319.26
1630,43,9198.45
1630,44,9362.37
1630,45,9215.99
1630,46,9211.79
1630,47,9175.39
1630,48,9200.12
1630,49,9138.56
1630,50,9156.81
1630,51,9249.08
1630,52,9004.58
1630,53,9165.15
1630,54,9159.43
1630,55,9305.55
1630,56,9158.33
1630,57,9325.07
1630,58,9164.85
1630,59,9342.56
1630,60,9225.03
1630,61,9093.19
1630,62,9185.18
1630,63,9345.97
1630,64,9166.89
1630,65,9280.23
1630,66,9160.54
1630,67,9266.49
1630,68,9278.95
1630,69,9303.09
1630,70,9204.88
1630,71,9008.34
1630,72,9282.5
1630,73,9145.94
1630,74,9343.57
1630,75,9131.02
1630,76,9327.81
1630,77,9069.54
1630,78,9088.61
1630,79,9185.07
1630,80,9117.48
1630,81,8979.27
1630,82,9200.21
1630,83,9176.24
1630,84,9115.56
1630,85,9080.69
1630,86,9129.68
1630,87,9317.89
1630,88,9223.51
1630,89,9122.32
1630,90,9110.13
1630,91,9453.75
1630,92,9274.58
1630,93,9245.42
1630,94,9199.44
1630,95,9211.56
1630,96,9193.58
1630,97,9263.9
1630,98,9227.47
1630,99,9258.32
1640,0,9411.2
1640,1,9220.65
1640,2,9346.85
1640,3,9213.33
1640,4,9195.45
1640,5,9139.98
1640,6,9304.97
1640,7,9070.78
1640,8,9259.85
1640,9,9422.79
1640,10,9239.27
1640,11,9071.29
1640,12,9070.48
1640,13,9301.64
1640,14,9202.54
1640,15,9242.67
1640,16,9271.65
1640,17,9264.76
1640,18,9063.11
1640,19,9212.21
1640,20,9297.25
1640,21,9178.25
1640,22,9166.31
1640,23,9241.93
1640,24,9080.65
1640,25,9080.59
1640,26,9286.73
1640,27,9310.15
1640,28,9318.02
1640,29,9082.6
1640,30,9139.7
1640,31,9311.08
1640,32,9088.5
1640,33,9055.22
1640,34,9253.38
1640,35,9072.04
1640,36,9096.97
1640,37,9303.42
1640,38,9137.8
1640,39,9236.62
1640,40,9251.57
1640,41,9197.9
1640,42,9318.96
1640,43,9198.15
1640,44,9362.07
1640,45,9215.69
1640,46,9211.49
1640,47,9175.09
1640,48,9199.82
1640,49,9138.26
1640,50,9156.51
1640,51,9248.78
1640,52,9004.28
1640,53,9164.85
1640,54,9159.13
1640,55,9305.25
1640,56,9158.03
1640,57,9324.77
1640,58,9164.55
1640,59,9342.26
1640,60,9224.73
1640,61,9092.89
1640,62,9184.88
1640,63,9345.67
1640,64,9166.59
1640,65,9279.93
1640,66,9160.24
1640,67,9266.19
1640,68,9278.65
1640,69,9302.79
1640,70,9204.58
1640,71,9008.04
1640,72,9282.2
1640,73,9145.64
1640,74,9343.27
1640,75,9130.72
1640,76,9327.51
1640,77,9069.24
1640,78,9088.31
1640,79,9184.77
1640,80,9117.18
1640,81,8978.97
1640,82,9199.91
1640,83,9175.94
1640,84,9115.26
1640,85,9080.39
1640,86,9129.38
1640,87,9317.59
1640,88,9223.21
1640,89,9122.02
1640,90,9109.83
1640,91,9453.45
1640,92,9274.28
1640,93,9245.12
1640,94,9199.14
1640,95,9211.26
1640,96,9193.28
1640,97,9263.6
1640,98,9227.17
1640,99,9258.02
1650,0,9402.42
1650,1,9214.5
1650,2,9336.75
1650,3,9203.72
1650,4,9186.47
1650,5,9129.89
1650,6,9296.78
1650,7,9063.42
1650,8,9251.88
1650,9,9414.58
1650,10,9232.7
1650,11,9061.87
1650,12,9064.27
1650,13,9293.76
1650,14,9197.58
1650,15,9233.42
1650,16,9263.62
1650,17,9258.06
1650,18,9056.15
1650,19,9204.45
1650,20,9287.84
1650,21,9169.78
1650,22,9158.34
1650,23,9234.53
1650,24,9072.22
1650,25,9071.38
1650,26,9279.02
1650,27,9300.78
1650,28,9310.56
1650,29,9075.5
1650,30,9133.49
1650,31,9304.92
1650,32,9079.89
1650,33,9048.07
1650,34,9244.4
1650,35,9063.43
1650,36,9089.17
1650,37,9294.84
1650,38,9130.44
1650,39,9227.14
1650,40,9242.55
1650,41,9189.2
1650,42,9311.87
1650,43,9190.12
1650,44,9355.07
1650,45,9208.76
1650,46,9202.76
1650,47,9169.22
1650,48,9189.65
1650,49,9130.7
1650,50,9145.18
1650,51,9239.63
1650,52,8995.83
1650,53,9154.86
1650,54,9151.86
1650,55,9297.12
1650,56,9149.32
1650,57,9317.04
1650,58,9156.89
1650,59,9333.78
1650,60,9217.72
1650,61,9085.29
1650,62,9178.31
1650,63,9337.6
1650,64,9157.93
1650,65,9271.7
1650,66,9150.63
1650,67,9257.59
1650,68,9271.33
1650,69,9295.26
1650,70,9193.61
1650,71,9000.62
1650,72,9273.89
1650,73,9139.34
1650,74,9335.59
1650,75,9123.59
1650,76,9317.8
1650,77,9059.99
1650,78,9079.37
1650,79,9176.47
1650,80,9108.29
1650,81,8973.74
1650,82,9191.72
1650,83,9169.93
1650,84,9105.81
1650,85,9072.19
1650,86,9120.06
1650,87,9309.52
1650,88,9216.22
1650,89,9116.26
1650,90,9102.24
1650,91,9445.4
1650,92,9265.08
1650,93,9234.57
1650,94,9191.76
1650,95,9207.77
1650,96,9186.78
1650,97,9252.96
1650,98,9218.28
1650,99,9250.18
1660,0,9400.41
1660,1,9204.05
1660,2,9335.13
1660,3,9198.81
1660,4,9180.19
1660,5,9123.97
1660,6,9292.18
1660,7,9054.31
1660,8,9246.21
1660,9,9412.22
1660,10,9224.56
1660,11,9054.09
1660,12,9053.27
1660,13,9288.65
1660,14,9187.84
1660,15,9228.15
1660,16,9258.24
1660,17,9251.95
1660,18,9046.55
1660,19,9197.55
1660,20,9284.32
1660,21,9161.3
1660,22,9149.41
1660,23,9228.22
1660,24,9063.05
1660,25,9063.64
1660,26,9273.6
1660,27,9297.56
1660,28,9305.07
1660,29,9065.63
1660,30,9123.84
1660,31,9298.45
1660,32,9069.91
1660,33,9037.73
1660,34,9239.19
1660,35,9054.85
1660,36,9081.32
1660,37,9290.14
1660,38,9121.86
1660,39,9222.94
1660,40,9237.73
1660,41,9183.63
1660,42,9306.44
1660,43,9184.77
1660,44,9350.37
1660,45,9201.89
1660,46,9196.95
1660,47,9160.22
1660,48,9185.08
1660,49,9123.45
1660,50,9140.98
1660,51,9235.53
1660,52,8985.78
1660,53,9148.72
1660,54,9146.25
1660,55,9292.32
1660,56,9142.34
1660,57,9312.49
1660,58,9149.18
1660,59,9330.22
1660,60,9211.3
1660,61,9076.11
1660,62,9169.96
1660,63,9333.65
1660,64,9151.2
1660,65,9266.58
1660,66,9144.7
1660,67,9252.77
1660,68,9266.5
1660,69,9290.04
1660,70,9189.9
1660,71,8989.66
1660,72,9269.34
1660,73,9129.87
1660,74,9330.32
1660,75,9114.43
1660,76,9315.15
1660,77,9052.08
1660,78,9071.45
1660,79,9169.75
1660,80,9099.57
1660,81,8960
1660,82,9185.53
1660,83,9160.95
1660,84,9098.88
1660,85,9063.4
1660,86,9113.26
1660,87,9305.01
1660,88,9208.82
1660,89,9107.88
1660,90,9093.41
1660,91,9443.42
1660,92,9260.94
1660,93,9231.61
1660,94,9184.48
1660,95,9196.82
1660,96,9178.35
1660,97,9249.74
1660,98,9212.48
1660,99,9244.38
1670,0,9400.11
1670,1,9203.75
1670,2,9334.83
1670,3,9198.51
1670,4,9179.89
1670,5,9123.67
1670,6,9291.88
1670,7,9054.01
1670,8,9245.91
1670,9,9411.92
1670,10,9224.26
1670,11,9053.79
1670,12,9052.97
1670,13,9288.35
1670,14,9187.54
1670,15,9227.85
1670,16,9257.94
1670,17,9251.65
1670,18,9046.25
1670,19,9197.25
1670,20,9284.02
1670,21,9161
1670,22,9149.11
1670,23,9227.92
1670,24,9062.75
1670,25,9063.34
1670,26,9273.3
1670,27,9297.26
1670,28,9304.77
1670,29,9065.33
1670,30,9123.54
1670,31,9298.15
1670,32,9069.61
1670,33,9037.43
1670,34,9238.89
1670,35,9054.55
1670,36,9081.02
1670,37,9289.84
1670,38,9121.56
1670,39,9222.64
1670,40,9237.43
1670,41,9183.33
1670,42,9306.14
1670,43,9184.47
1670,44,9350.07
1670,45,9201.59
1670,46,9196.65
1670,47,9159.92
1670,48,9184.78
1670,49,9123.15
1670,50,9140.68
1670,51,9235.23
1670,52,8985.48
1670,53,9148.42
1670,54,9145.95
1670,55,9292.02
1670,56,9142.04
1670,57,9312.19
1670,58,9148.88
1670,59,9329.92
1670,60,9211
1670,61,9075.81
1670,62,9169.66
1670,63,9333.35
1670,64,9150.9
1670,65,9266.28
1670,66,9144.4
1670,67,9252.47
1670,68,9266.2
1670,69,9289.74
1670,70,9189.6
1670,71,8989.36
1670,72,9269.04
1670,73,9129.57
1670,74,9330.02
1670,75,9114.13
1670,76,9314.85
1670,77,9051.78
1670,78,9071.15
1670,79,9169.45
1670,80,9099.27
1670,81,8959.7
1670,82,9185.23
1670,83,9160.65
1670,84,9098.58
1670,85,9063.1
1670,86,9112.96
1670,87,9304.71
1670,88,9208.52
1670,89,9107.58
1670,90,9093.11
1670,91,9443.12
1670,92,9260.64
1670,93,9231.31
1670,94,9184.18
1670,95,9196.52
1670,96,9178.05
1670,97,9249.44
1670,98,9212.18
1670,99,9244.08
1680,0,9393.04
1680,1,9199.71
1680,2,9330.23
1680,3,9192.81
1680,4,9172.13
1680,5,9116.05
1680,6,9288.79
1680,7,9050.73
1680,8,9239.96
1680,9,9405.15
1680,10,9220.16
1680,11,9045.76
1680,12,9047.35
1680,13,9280.57
1680,14,9182.57
1680,15,9220.92
1680,16,9254.98
1680,17,9247.16
1680,18,9041.44
1680,19,9192.98
1680,20,9277.02
1680,21,9154.82
1680,22,9141.12
1680,23,9220.51
1680,24,9058.24
1680,25,9058.81
1680,26,9266.32
1680,27,9291.68
1680,28,9300.58
1680,29,9059.55
1680,30,9117.35
1680,31,9292.11
1680,32,9060.94
1680,33,9031.7
1680,34,9232.19
1680,35,9051.25
1680,36,9073.21
1680,37,9285.66
1680,38,9114.73
1680,39,9218.2
1680,40,9233.79
1680,41,9180.24
1680,42,9300.14
1680,43,9177.23
1680,44,9343.05
1680,45,9195.99
1680,46,9190.96
1680,47,9154.04
1680,48,9178.35
1680,49,9118.58
1680,50,9134.73
1680,51,9229.88
1680,52,8980.11
1680,53,9140.26
1680,54,9141.51
1680,55,9283.88
1680,56,9133.32
1680,57,9308.9
1680,58,9143.41
1680,59,9324.14
1680,60,9204.96
1680,61,9068.39
1680,62,9164.81
1680,63,9327.85
1680,64,9145.45
1680,65,9260.27
1680,66,9140.96
1680,67,9245.05
1680,68,9260.79
1680,69,9283.79
1680,70,9182.13
1680,71,8981.92
1680,72,9260.71
1680,73,9123.25
1680,74,9322.88
1680,75,9108.72
1680,76,9308.23
1680,77,9047.34
1680,78,9066.3
1680,79,9161.17
1680,80,9091.38
1680,81,8954.45
1680,82,9179.43
1680,83,9154.88
1680,84,9092.12
1680,85,9057.22
1680,86,9107.12
1680,87,9301.25
1680,88,9201.51
1680,89,9101.82
1680,90,9085.5
1680,91,9436.12
1680,92,9257.4
1680,93,9224.59
1680,94,9180.1
1680,95,9193.01
1680,96,9173.19
1680,97,9242.88
1680,98,9207.1
1680,99,9240.02
1690,0,9389.32
1690,1,9190.59
1690,2,9322.3
1690,3,9184
1690,4,9164.62
1690,5,9107.66
1690,6,9279.1
1690,7,9037.53
1690,8,9232.27
1690,9,9401.36
1690,10,9210.53
1690,11,9036.6
1690,12,9035.76
1690,13,9275.36
1690,14,9172.85
1690,15,9213.32
1690,16,9244.52
1690,17,9238.72
1690,18,9029.73
1690,19,9182.59
1690,20,9271.08
1690,21,9146.87
1690,22,9132.21
1690,23,9214.22
1690,24,9045.15
1690,25,9046.4
1690,26,9260.17
1690,27,9284.67
1690,28,9293.79
1690,29,9048.57
1690,30,9107.67
1690,31,9285.52
1690,32,9053.56
1690,33,9019.93
1690,34,9224.71
1690,35,9037.36
1690,36,9065.37
1690,37,9277.47
1690,38,9105.61
1690,39,9208.97
1690,40,9223.92
1690,41,9169.19
1690,42,9293.61
1690,43,9171.08
1690,44,9338.36
1690,45,9187.8
1690,46,9182.1
1690,47,9145.05
1690,48,9170.04
1690,49,9108.34
1690,50,9125.01
1690,51,9221.18
1690,52,8966.98
1690,53,9132.15
1690,54,9129.36
1690,55,9279.09
1690,56,9126.35
1690,57,9299.78
1690,58,9133.37
1690,59,9317.78
1690,60,9197.56
1690,61,9059.03
1690,62,9154.73
1690,63,9321.32
1690,64,9135.5
1690,65,9252.93
1690,66,9128.87
1690,67,9238.84
1690,68,9254.06
1690,69,9276.99
1690,70,9174.92
1690,71,8970.97
1690,72,9255.26
1690,73,9113.8
1690,74,9318.24
1690,75,9099.65
1690,76,9302.49
1690,77,9034.61
1690,78,9054.28
1690,79,9154.38
1690,80,9081.65
1690,81,8940.67
1690,82,9170.85
1690,83,9145.66
1690,84,9082.2
1690,85,9046.1
1690,86,9096.27
1690,87,9292.13
1690,88,9194.21
1690,89,9089.9
1690,90,9076.69
1690,91,9433.09
1690,92,9247.3
1690,93,9217.8
1690,94,9169.53
1690,95,9182.07
1690,96,9163.12
1690,97,9234.3
1690,98,9198.75
1690,99,9230.32
1700,0,9389.02
1700,1,9190.29
1700,2,9322
1700,3,9183.7
1700,4,9164.32
1700,5,9107.36
1700,6,9278.8
1700,7,9037.23
1700,8,9231.97
1700,9,9401.06
1700,10,9210.23
1700,11,9036.3
1700,12,9035.46
1700,13,9275.06
1700,14,9172.55
1700,15,9213.02
1700,16,9244.22
1700,17,9238.42
1700,18,9029.43
1700,19,9182.29
1700,20,9270.78
1700,21,9146.57
1700,22,9131.91
1700,23,9213.92
1700,24,9044.85
1700,25,9046.1
1700,26,9259.87
1700,27,9284.37
1700,28,9293.49
1700,29,9048.27
1700,30,9107.37
1700,31,9285.22
1700,32,9053.26
1700,33,9019.63
1700,34,9224.41
1700,35,9037.06
1700,36,9065.07
1700,37,9277.17
1700,38,9105.31
1700,39,9208.67
1700,40,9223.62
1700,41,9168.89
1700,42,9293.31
1700,43,9170.78
1700,44,9338.06
1700,45,9187.5
1700,46,9181.8
1700,47,9144.75
1700,48,9169.74
1700,49,9108.04
1700,50,9124.71
1700,51,9220.88
1700,52,8966.68
1700,53,9131.85
1700,54,9129.06
1700,55,9278.79
1700,56,9126.05
1700,57,9299.48
1700,58,9133.07
1700,59,9317.48
1700,60,9197.26
1700,61,9058.73
1700,62,9154.43
1700,63,9321.02
1700,64,9135.2
1700,65,9252.63
1700,66,9128.57
1700,67,9238.54
1700,68,9253.76
1700,69,9276.69
1700,70,9174.62
1700,71,8970.67
1700,72,9254.96
1700,73,9113.5
1700,74,9317.94
1700,75,9099.35
1700,76,9302.19
1700,77,9034.31
1700,78,9053.98
1700,79,9154.08
1700,80,9081.35
1700,81,8940.37
1700,82,9170.55
1700,83,9145.36
1700,84,9081.9
1700,85,9045.8
1700,86,9095.97
1700,87,9291.83
1700,88,9193.91
1700,89,9089.6
1700,90,9076.39
1700,91,9432.79
1700,92,9247
1700,93,9217.5
1700,94,9169.23
1700,95,9181.77
1700,96,9162.82
1700,97,9234
1700,98,9198.45
1700,99,9230.02
1710,0,9385.98
1710,1,9186.24
1710,2,9319.73
1710,3,9179.39
1710,4,9161.68
1710,5,9104.42
1710,6,9275.69
1710,7,9033.93
1710,8,9228.66
1710,9,9395.92
1710,10,9206.11
1710,11,9032.87
1710,12,9032.71
1710,13,9271.33
1710,14,9169.99
1710,15,9209.27
1710,16,9241.25
1710,17,9233.92
1710,18,9028.01
1710,19,9178
1710,20,9268.52
1710,21,9143.85
1710,22,9129.04
1710,23,9209.71
1710,24,9040.33
1710,25,9042.04
1710,26,9257.1
1710,27,9280.68
1710,28,9289.67
1710,29,9047.93
1710,30,9103.27
1710,31,9280.29
1710,32,9049.55
1710,33,9017.22
1710,34,9220.54
1710,35,9033.75
1710,36,9060.29
1710,37,9272.97
1710,38,9103.17
1710,39,9204.21
1710,40,9219.96
1710,41,9165.79
1710,42,9288.44
1710,43,9167.82
1710,44,9335.3
1710,45,9182.16
1710,46,9179.11
1710,47,9140.71
1710,48,9166.98
1710,49,9105.74
1710,50,9122.18
1710,51,9217.25
1710,52,8963.74
1710,53,9125.83
1710,54,9128.76
1710,55,9274.86
1710,56,9122.66
1710,57,9297.97
1710,58,9130.44
1710,59,9313.75
1710,60,9192.2
1710,61,9053.21
1710,62,9150.23
1710,63,9317.21
1710,64,9132.79
1710,65,9248.05
1710,66,9125.12
1710,67,9235.56
1710,68,9249.24
1710,69,9272.75
1710,70,9170.72
1710,71,8967.35
1710,72,9252.19
1710,73,9111.96
1710,74,9315.62
1710,75,9093.86
1710,76,9300.01
1710,77,9030.49
1710,78,9050.31
1710,79,9150.94
1710,80,9075.51
1710,81,8937.09
1710,82,9165.7
1710,83,9142.18
1710,84,9077.77
1710,85,9041.62
1710,86,9094.25
1710,87,9288.35
1710,88,9190.46
1710,89,9089.3
1710,90,9073.03
1710,91,9427.64
1710,92,9243.74
1710,93,9214.93
1710,94,9165.13
1710,95,9181.47
1710,96,9159.33
1710,97,9231.32
1710,98,9194.47
1710,99,9225.95
1720,0,9378.23
1720,1,9177.04
1720,2,9309.46
1720,3,9169.19
1720,4,9149.05
1720,5,9091.25
1720,6,9266.01
1720,7,9021.31
1720,8,9218.34
1720,9,9390.5
1720,10,9196.5
1720,11,9019.1
1720,12,9018.25
1720,13,9262.07
1720,14,9157.85
1720,15,9198.49
1720,16,9230.81
1720,17,9225.94
1720,18,9012.88
1720,19,9167.63
1720,20,9257.85
1720,21,9131.71
1720,22,9115.01
1720,23,9200.21
1720,24,9027.26
1720,25,9029.15
1720,26,9246.74
1720,27,9271.78
1720,28,9281.02
1720,29,9031.3
1720,30,9091.51
1720,31,9272.58
1720,32,9037.26
1720,33,9002.13
1720,34,9210.22
1720,35,9019.87
1720,36,9047.76
1720,37,9264.3
1720,38,9089.37
1720,39,9194.99
1720,40,9209.78
1720,41,9154.54
1720,42,9280.79
1720,43,9155
1720,44,9326.35
1720,45,9173.71
1720,46,9167.26
1720,47,9129.89
1720,48,9155
1720,49,9091.96
1720,50,9109.14
1720,51,9206.82
1720,52,8948.18
1720,53,9115.93
1720,54,9112.48
1720,55,9265.87
1720,56,9110.37
1720,57,9287.19
1720,58,9117.62
1720,59,9305.43
1720,60,9183.79
1720,61,9041.95
1720,62,9139.51
1720,63,9308.99
1720,64,9119.8
1720,65,9239.45
1720,66,9113.04
1720,67,9225.01
1720,68,9241.62
1720,69,9263.94
1720,70,9159.94
1720,71,8952.28
1720,72,9241.19
1720,73,9097.73
1720,74,9306.32
1720,75,9083.01
1720,76,9289.83
1720,77,9017.15
1720,78,9037.11
1720,79,9139
1720,80,9063.73
1720,81,8921.39
1720,82,9156.17
1720,83,9130.37
1720,84,9065.52
1720,85,9028.81
1720,86,9079.19
1720,87,9279.16
1720,88,9179.59
1720,89,9075.47
1720,90,9059.96
1720,91,9422.76
1720,92,9233.65
1720,93,9203.99
1720,94,9154.58
1720,95,9167.32
1720,96,9147.89
1720,97,9220.23
1720,98,9183.75
1720,99,9216.37
1730,0,9377.93
1730,1,9176.74
1730,2,9309.16
1730,3,9168.89
1730,4,9148.75
1730,5,9090.95
1730,6,9265.71
1730,7,9021.01
1730,8,9218.04
1730,9,9390.2
1730,10,9196.2
1730,11,9018.8
1730,12,9017.95
1730,13,9261.77
1730,14,9157.55
1730,15,9198.19
1730,16,9230.51
1730,17,9225.64
1730,18,9012.58
1730,19,9167.33
1730,20,9257.55
1730,21,9131.41
1730,22,9114.71
1730,23,9199.91
1730,24,9026.96
1730,25,9028.85
1730,26,9246.44
1730,27,9271.48
1730,28,9280.72
1730,29,9031
1730,30,9091.21
1730,31,9272.28
1730,32,9036.96
1730,33,9001.83
1730,34,9209.92
1730,35,9019.57
1730,36,9047.46
1730,37,9264
1730,38,9089.07
1730,39,9194.69
1730,40,9209.48
1730,41,9154.24
1730,42,9280.49
1730,43,9154.7
1730,44,9326.05
1730,45,9173.41
1730,46,9166.96
1730,47,9129.59
1730,48,9154.7
1730,49,9091.66
1730,50,9108.84
1730,51,9206.52
1730,52,8947.88
1730,53,9115.63
1730,54,9112.18
1730,55,9265.57
1730,56,9110.07
1730,57,9286.89
1730,58,9117.32
1730,59,9305.13
1730,60,9183.49
1730,61,9041.65
1730,62,9139.21
1730,63,9308.69
1730,64,9119.5
1730,65,9239.15
1730,66,9112.74
1730,67,9224.71
1730,68,9241.32
1730,69,9263.64
1730,70,9159.64
1730,71,8951.98
1730,72,9240.89
1730,73,9097.43
1730,74,9306.02
1730,75,9082.71
1730,76,9289.53
1730,77,9016.85
1730,78,9036.81
1730,79,9138.7
1730,80,9063.43
1730,81,8921.09
1730,82,9155.87
1730,83,9130.07
1730,84,9065.22
1730,85,9028.51
1730,86,9078.89
1730,87,9278.86
1730,88,9179.29
1730,89,9075.17
1730,90,9059.66
1730,91,9422.46
1730,92,9233.35
1730,93,9203.69
1730,94,9154.28
1730,95,9167.02
1730,96,9147.59
1730,97,9219.93
1730,98,9183.45
1730,99,9216.07
1740,0,9377.63
1740,1,9173.99
1740,2,9306.88
1740,3,9166.57
1740,4,9146.1
1740,5,9089.24
1740,6,9265.41
1740,7,9020.71
1740,8,9217.74
1740,9,9387.42
1740,10,9195.9
1740,11,9018.04
1740,12,9017.65
1740,13,9259.61
1740,14,9154.98
1740,15,9196.06
1740,16,9230.21
1740,17,9224.4
1740,18,9011.14
1740,19,9167.03
1740,20,9255.27
1740,21,9128.68
1740,22,9111.82
1740,23,9197.93
1740,24,9025.02
1740,25,9026.29
1740,26,9243.65
1740,27,9271.18
1740,28,9279.76
1740,29,9030.66
1740,30,9089.95
1740,31,9269.73
1740,32,9035.03
1740,33,9001.53
1740,34,9207.25
1740,35,9019.27
1740,36,9045.88
1740,37,9262.97
1740,38,9086.91
1740,39,9193.14
1740,40,9207.76
1740,41,9153.94
1740,42,9278.5
1740,43,9154.4
1740,44,9323.27
1740,45,9169.95
1740,46,9164.26
1740,47,9128.3
1740,48,9151.92
1740,49,9091.3
1740,50,9106.29
1740,51,9206.22
1740,52,8947.58
1740,53,9113.68
1740,54,9111.88
1740,55,9264.44
1740,56,9107.76
1740,57,9285.37
1740,58,9117.02
1740,59,9304.83
1740,60,9181.28
1740,61,9039.17
1740,62,9138.91
1740,63,9308.39
1740,64,9117.08
1740,65,9238.85
1740,66,9112.44
1740,67,9224.41
1740,68,9241.02
1740,69,9261.22
1740,70,9157.44
1740,71,8951.68
1740,72,9238.1
1740,73,9095.92
1740,74,9303.72
1740,75,9080.83
1740,76,9287.34
1740,77,9014.17
1740,78,9036.51
1740,79,9136.99
1740,80,9061.38
1740,81,8920.79
1740,82,9153.95
1740,83,9129.77
1740,84,9063.23
1740,85,9028.21
1740,86,9077.16
1740,87,9278.51
1740,88,9178.99
1740,89,9074.87
1740,90,9056.87
1740,91,9419.97
1740,92,9233.05
1740,93,9201.11
1740,94,9153.98
1740,95,9166.72
1740,96,9147.29
1740,97,9218.35
1740,98,9183.11
1740,99,9215.77
1750,0,9367.14
1750,1,9162.74
1750,2,9297.44
1750,3,9154.38
1750,4,9133.16
1750,5,9074.84
1750,6,9252.92
1750,7,9002.59
1750,8,9204.4
1750,9,9379.64
1750,10,9182.36
1750,11,9001.6
1750,12,9000.74
1750,13,9248.93
1750,14,9142.86
1750,15,9183.66
1750,16,9217.09
1750,17,9213.16
1750,18,8994.34
1750,19,9152.56
1750,20,9244.62
1750,21,9115.93
1750,22,9100.77
1750,23,9186.2
1750,24,9009.36
1750,25,9011.91
1750,26,9233.31
1750,27,9258.78
1750,28,9268.25
1750,29,9014.04
1750,30,9075.2
1750,31,9259.65
1750,32,9020.45
1750,33,8984.33
1750,34,9195.91
1750,35,9002.38
1750,36,9030.14
1750,37,9251.11
1750,38,9073.13
1750,39,9181.02
1750,40,9195.86
1750,41,9140.1
1750,42,9267.96
1750,43,9138.18
1750,44,9314.34
1750,45,9159.62
1750,46,9152.42
1750,47,9114.72
1750,48,9140.26
1750,49,9075.58
1750,50,9093.23
1750,51,9192.35
1750,52,8929.38
1750,53,9101.12
1750,54,9095.68
1750,55,9252.64
1750,56,9094.75
1750,57,9274.53
1750,58,9101.82
1750,59,9293.05
1750,60,9169.2
1750,61,9024.87
1750,62,9124.28
1750,63,9296.67
1750,64,9104.11
1750,65,9225.98
1750,66,9097.07
1750,67,9211.23
1750,68,9227.93
1750,69,9250.89
1750,70,9144.96
1750,71,8933.59
1750,72,9227.7
1750,73,9081.66
1750,74,9294.4
1750,75,9066.31
1750,76,9277.17
1750,77,8999.55
1750,78,9019.94
1750,79,9123.68
1750,80,9045.81
1750,81,8902.12
1750,82,9140.97
1750,83,9115.08
1750,84,9048.84
1750,85,9011.52
1750,86,9062.1
1750,87,9266.18
1750,88,9164.97
1750,89,9057.75
1750,90,9043.24
1750,91,9412.43
1750,92,9220.01
1750,93,9189.65
1750,94,9139.62
1750,95,9152.57
1750,96,9133.83
1750,97,9206.16
1750,98,9170.02
1750,99,9202.32
1760,0,9366.84
1760,1,9162.44
1760,2,9297.14
1760,3,9154.08
1760,4,9132.86
1760,5,9074.54
1760,6,9252.62
1760,7,9002.29
1760,8,9204.1
1760,9,9379.34
1760,10,9182.06
1760,11,9001.3
1760,12,9000.44
1760,13,9248.63
1760,14,9142.56
1760,15,9183.36
1760,16,9216.79
1760,17,9212.86
1760,18,8994.04
1760,19,9152.26
1760,20,9244.32
1760,21,9115.63
1760,22,9100.47
1760,23,9185.9
1760,24,9009.06
1760,25,9011.61
1760,26,9233.01
1760,27,9258.48
1760,28,9267.95
1760,29,9013.74
1760,30,9074.9
1760,31,9259.35
1760,32,9020.15
1760,33,8984.03
1760,34,9195.61
1760,35,9002.08
1760,36,9029.84
1760,37,9250.81
1760,38,9072.83
1760,39,9180.72
1760,40,9195.56
1760,41,9139.8
1760,42,9267.66
1760,43,9137.88
1760,44,9314.04
1760,45,9159.32
1760,46,9152.12
1760,47,9114.42
1760,48,9139.96
1760,49,9075.28
1760,50,9092.93
1760,51,9192.05
1760,52,8929.08
1760,53,9100.82
1760,54,9095.38
1760,55,9252.34
1760,56,9094.45
1760,57,9274.23
1760,58,9101.52
1760,59,9292.75
1760,60,9168.9
1760,61,9024.57
1760,62,9123.98
1760,63,9296.37
1760,64,9103.81
1760,65,9225.68
1760,66,9096.77
1760,67,9210.93
1760,68,9227.63
1760,69,9250.59
1760,70,9144.66
1760,71,8933.29
1760,72,9227.4
1760,73,9081.36
1760,74,9294.1
1760,75,9066.01
1760,76,9276.87
1760,77,8999.25
1760,78,9019.64
1760,79,9123.38
1760,80,9045.51
1760,81,8901.82
1760,82,9140.67
1760,83,9114.78
1760,84,9048.54
1760,85,9011.22
1760,86,9061.8
1760,87,9265.88
1760,88,9164.67
1760,89,9057.45
1760,90,9042.94
1760,91,9412.13
1760,92,9219.71
1760,93,9189.35
1760,94,9139.32
1760,95,9152.27
1760,96,9133.53
1760,97,9205.86
1760,98,9169.72
1760,99,9202.02
1770,0,9366.54
1770,1,9162.08
1770,2,9296.84
1770,3,9153.78
1770,4,9132.56
1770,5,9074.24
1770,6,9252.32
1770,7,9001.99
1770,8,9203.8
1770,9,9379.04
1770,10,9181.76
1770,11,9001
1770,12,9000.14
1770,13,9248.33
1770,14,9142.26
1770,15,9183.06
1770,16,9216.49
1770,17,9212.56
1770,18,8993.74
1770,19,9151.96
1770,20,9244.02
1770,21,9115.33
1770,22,9100.17
1770,23,9185.6
1770,24,9008.76
1770,25,9011.31
1770,26,9232.71
1770,27,9258.18
1770,28,9266.98
1770,29,9013.38
1770,30,9074.6
1770,31,9259.05
1770,32,9019.85
1770,33,8983.73
1770,34,9195.31
1770,35,9001.78
1770,36,9029.54
1770,37,9250.51
1770,38,9072.53
1770,39,9180.42
1770,40,9194.19
1770,41,9139.5
1770,42,9267.36
1770,43,9137.58
1770,44,9313.74
1770,45,9159.02
1770,46,9151.82
1770,47,9114.12
1770,48,9139.66
1770,49,9074.98
1770,50,9092.63
1770,51,9191.75
1770,52,8928.78
1770,53,9100.52
1770,54,9095.08
1770,55,9251.2
1770,56,9094.15
1770,57,9273.93
1770,58,9101.22
1770,59,9292.45
1770,60,9168.6
1770,61,9024.27
1770,62,9123.68
1770,63,9296.07
1770,64,9103.51
1770,65,9225.38
1770,66,9096.47
1770,67,9210.63
1770,68,9227.33
1770,69,9250.29
1770,70,9144.36
1770,71,8932.99
1770,72,9227.1
1770,73,9081.06
1770,74,9293.8
1770,75,9065.71
1770,76,9276.57
1770,77,8998.95
1770,78,9019.34
1770,79,9123.08
1770,80,9045.21
1770,81,8901.52
1770,82,9140.37
1770,83,9114.48
1770,84,9048.24
1770,85,9010.92
1770,86,9061.5
1770,87,9265.52
1770,88,9164.37
1770,89,9057.15
1770,90,9042.64
1770,91,9411.83
1770,92,9219.41
1770,93,9189.05
1770,94,9139.02
1770,95,9151.97
1770,96,9133.23
1770,97,9205.56
1770,98,9169.37
1770,99,9201.72
1780,0,9356.05
1780,1,9148.45
1780,2,9285.42
1780,3,9139.57
1780,4,9117.25
1780,5,9058.42
1780,6,9239.84
1780,7,8983.88
1780,8,9190.46
1780,9,9368.77
1780,10,9168.21
1780,11,8984.11
1780,12,8983.23
1780,13,9235.8
1780,14,9127.86
1780,15,9168.84
1780,16,9203.38
1780,17,9200.38
1780,18,8975.8
1780,19,9137.48
1780,20,9231.39
1780,21,9100.14
1780,22,9086.51
1780,23,9172.19
1780,24,8991.46
1780,25,8994.66
1780,26,9219.88
1780,27,9245.77
1780,28,9255.49
1780,29,8996.77
1780,30,9058.88
1780,31,9246.71
1780,32,9003.66
1780,33,8966.53
1780,34,9181.61
1780,35,8984.89
1780,36,9012.53
1780,37,9237.92
1780,38,9056.88
1780,39,9167.04
1780,40,9181.94
1780,41,9124.56
1780,42,9255.14
1780,43,9121.37
1780,44,9302.33
1780,45,9145.52
1780,46,9137.57
1780,47,9099.55
1780,48,9125.03
1780,49,9059.2
1780,50,9077.36
1780,51,9177.87
1780,52,8910.57
1780,53,9086.36
1780,54,9078.88
1780,55,9239.41
1780,56,9079.12
1780,57,9261.85
1780,58,9086.07
1780,59,9280.69
1780,60,9154.62
1780,61,9007.79
1780,62,9109.06
1780,63,9284.34
1780,64,9088.41
1780,65,9212.49
1780,66,9081.1
1780,67,9197.44
1780,68,9214.19
1780,69,9237.83
1780,70,9129.98
1780,71,8914.9
1780,72,9214.54
1780,73,9065.59
1780,74,9282.5
1780,75,9049.66
1780,76,9264.51
1780,77,8981.94
1780,78,9002.78
1780,79,9108.36
1780,80,9027.9
1780,81,8882.84
1780,82,9125.75
1780,83,9099.79
1780,84,9032.17
1780,85,8994.22
1780,86,9045
1780,87,9253.19
1780,88,9150.36
1780,89,9043.31
1780,90,9026.52
1780,91,9402.1
1780,92,9206.37
1780,93,9175.28
1780,94,9124.67
1780,95,9137.82
1780,96,9119.82
1780,97,9192.11
1780,98,9155.02
1780,99,9188.25
1790,0,9355.75
1790,1,9148.15
1790,2,9285.12
1790,3,9139.27
1790,4,9116.95
1790,5,9058.12
1790,6,9239.54
1790,7,8983.58
1790,8,9190.16
1790,9,9368.47
1790,10,9167.91
1790,11,8983.81
1790,12,8982.93
1790,13,9235.5
1790,14,9127.56
1790,15,9168.54
1790,16,9203.08
1790,17,9200.08
1790,18,8975.5
1790,19,9137.18
1790,20,9231.09
1790,21,9099.84
1790,22,9086.21
1790,23,9171.89
1790,24,8991.16
1790,25,8994.36
1790,26,9219.58
1790,27,9245.47
1790,28,9255.19
1790,29,8996.47
1790,30,9058.58
1790,31,9246.41
1790,32,9003.36
1790,33,8966.23
1790,34,9181.31
1790,35,8984.59
1790,36,9012.23
1790,37,9237.62
1790,38,9056.58
1790,39,9166.74
1790,40,9181.64
1790,41,9124.26
1790,42,9254.84
1790,43,9121.07
1790,44,9302.03
1790,45,9145.22
1790,46,9137.27
1790,47,9099.25
1790,48,9124.73
1790,49,9058.9
1790,50,9077.06
1790,51,9177.57
1790,52,8910.27
1790,53,9086.06
1790,54,9078.58
1790,55,9239.11
1790,56,9078.82
1790,57,9261.55
1790,58,9085.77
1790,59,9280.39
1790,60,9154.32
1790,61,9007.49
1790,62,9108.76
1790,63,9284.04
1790,64,9088.11
1790,65,9212.19
1790,66,9080.8
1790,67,9197.14
1790,68,9213.89
1790,69,9237.53
1790,70,9129.68
1790,71,8914.6
1790,72,9214.24
1790,73,9065.29
1790,74,9282.2
1790,75,9049.36
1790,76,9264.21
1790,77,8981.64
1790,78,9002.48
1790,79,9108.06
1790,80,9027.6
1790,81,8882.54
1790,82,9125.45
1790,83,9099.49
1790,84,9031.87
1790,85,8993.92
1790,86,9044.7
1790,87,9252.89
1790,88,9150.06
1790,89,9043.01
1790,90,9026.22
1790,91,9401.8
1790,92,9206.07
1790,93,9174.98
1790,94,9124.37
1790,95,9137.52
1790,96,9119.52
1790,97,9191.81
1790,98,9154.72
1790,99,9187.95
1800,0,9355.45
1800,1,9147.85
1800,2,9284.82
1800,3,9138.97
1800,4,9116.65
1800,5,9057.82
1800,6,9239.24
1800,7,8983.28
1800,8,9189.86
1800,9,9368.17
1800,10,9167.61
1800,11,8983.51
1800,12,8982.63
1800,13,9235.2
1800,14,9127.26
1800,15,9168.24
1800,16,9202.78
1800,17,9199.78
1800,18,8975.2
1800,19,9136.88
1800,20,9230.79
1800,21,9099.54
1800,22,9085.91
1800,23,9171.59
1800,24,8990.86
1800,25,8994.06
1800,26,9219.28
1800,27,9245.17
1800,28,9254.89
1800,29,8996.17
1800,30,9058.28
1800,31,9246.11
1800,32,9003.06
1800,33,8965.93
1800,34,9181.01
1800,35,8984.29
1800,36,9011.93
1800,37,9237.32
1800,38,9056.28
1800,39,9166.44
1800,40,9181.34
1800,41,9123.96
1800,42,9254.54
1800,43,9120.77
1800,44,9301.73
1800,45,9144.92
1800,46,9136.97
1800,47,9098.95
1800,48,9124.43
1800,49,9058.6
1800,50,9076.76
1800,51,9177.27
1800,52,8909.97
1800,53,9085.76
1800,54,9078.28
1800,55,9238.81
1800,56,9078.52
1800,57,9261.25
1800,58,9085.47
1800,59,9280.09
1800,60,9154.02
1800,61,9007.19
1800,62,9108.46
1800,63,9283.74
1800,64,9087.81
1800,65,9211.89
1800,66,9080.5
1800,67,9196.84
1800,68,9213.59
1800,69,9237.23
1800,70,9129.38
1800,71,8914.3
1800,72,9213.94
1800,73,9064.99
1800,74,9281.9
1800,75,9049.06
1800,76,9263.91
1800,77,8981.34
1800,78,9002.18
1800,79,9107.76
1800,80,9027.3
1800,81,8882.24
1800,82,9125.15
1800,83,9099.19
1800,84,9031.57
1800,85,8993.62
1800,86,9044.4
1800,87,9252.59
1800,88,9149.76
1800,89,9042.71
1800,90,9025.92
1800,91,9401.5
1800,92,9205.77
1800,93,9174.68
1800,94,9124.07
1800,95,9137.22
1800,96,9119.22
1800,97,9191.51
1800,98,9154.42
1800,99,9187.65
1810,0,9344.96
1810,1,9131.54
1810,2,9273.4
1810,3,9124.76
1810,4,9101.68
1810,5,9042.11
1810,6,9226.75
1810,7,8967.1
1810,8,9176.52
1810,9,9357.91
1810,10,9153.2
1810,11,8966.61
1810,12,8965.72
1810,13,9222.51
1810,14,9112.87
1810,15,9154.01
1810,16,9189.66
1810,17,9187.15
1810,18,8958.94
1810,19,9122.51
1810,20,9218.16
1810,21,9082.9
1810,22,9069.31
1810,23,9158.19
1810,24,8973.57
1810,25,8977.41
1810,26,9206.45
1810,27,9232.88
1810,28,9242.24
1810,29,8979.51
1810,30,9042.72
1810,31,9233.78
1810,32,8984.77
1810,33,8948.73
1810,34,9167.12
1810,35,8967.4
1810,36,8996.58
1810,37,9224.34
1810,38,9040.64
1810,39,9153.07
1810,40,9167.8
1810,41,9109.97
1810,42,9242.31
1810,43,9107.69
1810,44,9290.32
1810,45,9131.43
1810,46,9122.73
1810,47,9084.39
1810,48,9109.99
1810,49,9044.09
1810,50,9061.55
1810,51,9164.33
1810,52,8891.77
1810,53,9069.91
1810,54,9065.69
1810,55,9226.19
1810,56,9063.14
1810,57,9249.3
1810,58,9070.37
1810,59,9268.35
1810,60,9140.88
1810,61,8990.71
1810,62,9093.83
1810,63,9272.01
1810,64,9072.71
1810,65,9198.84
1810,66,9065.26
1810,67,9183.74
1810,68,9201.75
1810,69,9224.78
1810,70,9115
1810,71,8896.21
1810,72,9201.37
1810,73,9049.52
1810,74,9269.25
1810,75,9033.07
1810,76,9251.85
1810,77,8964.48
1810,78,8985.61
1810,79,9093.04
1810,80,9009.98
1810,81,8863.56
1810,82,9111.07
1810,83,9084.5
1810,84,9015.49
1810,85,8976.93
1810,86,9028.57
1810,87,9240.31
1810,88,9135.67
1810,89,9028.88
1810,90,9009.79
1810,91,9391.78
1810,92,9192.72
1810,93,9161.47
1810,94,9109.72
1810,95,9123.07
1810,96,9104.58
1810,97,9177.95
1810,98,9140.03
1810,99,9174.3
1820,0,9344.66
1820,1,9131.24
1820,2,9273.1
1820,3,9124.46
1820,4,9101.38
1820,5,9041.81
1820,6,9226.45
1820,7,8966.8
1820,8,9176.22
1820,9,9357.61
1820,10,9152.9
1820,11,8966.31
1820,12,8965.42
1820,13,9222.21
1820,14,9112.57
1820,15,9153.71
1820,16,9189.36
1820,17,9186.85
1820,18,8958.64
1820,19,9122.21
1820,20,9217.86
1820,21,9082.6
1820,22,9069.01
1820,23,9157.89
1820,24,8973.27
1820,25,8977.11
1820,26,9206.15
1820,27,9232.58
1820,28,9241.94
1820,29,8979.21
1820,30,9042.42
1820,31,9233.48
1820,32,8984.47
1820,33,8948.43
1820,34,9166.82
1820,35,8967.1
1820,36,8996.28
1820,37,9224.04
1820,38,9040.34
1820,39,9152.77
1820,40,9167.5
1820,41,9109.67
1820,42,9242.01
1820,43,9107.39
1820,44,9290.02
1820,45,9131.13
1820,46,9122.43
1820,47,9084.09
1820,48,9109.69
1820,49,9043.79
1820,50,9061.25
1820,51,9164.03
1820,52,8891.47
1820,53,9069.61
1820,54,9065.39
1820,55,9225.89
1820,56,9062.84
1820,57,9249
1820,58,9070.07
1820,59,9268.05
1820,60,9140.58
1820,61,8990.41
1820,62,9093.53
1820,63,9271.71
1820,64,9072.41
1820,65,9198.54
1820,66,9064.96
1820,67,9183.44
1820,68,9201.45
1820,69,9224.48
1820,70,9114.7
1820,71,8895.91
1820,72,9201.07
1820,73,9049.22
1820,74,9268.95
1820,75,9032.77
1820,76,9251.55
1820,77,8964.18
1820,78,8985.31
1820,79,9092.74
1820,80,9009.68
1820,81,8863.26
1820,82,9110.77
1820,83,9084.2
1820,84,9015.19
1820,85,8976.63
1820,86,9028.27
1820,87,9240.01
1820,88,9135.37
1820,89,9028.58
1820,90,9009.49
1820,91,9391.48
1820,92,9192.42
1820,93,9161.17
1820,94,9109.42
1820,95,9122.77
1820,96,9104.28
1820,97,9177.65
1820,98,9139.73
1820,99,9174
1830,0,9344.36
1830,1,9130.94
1830,2,9272.8
1830,3,9124.16
1830,4,9101.08
1830,5,9041.51
1830,6,9226.15
1830,7,8966.5
1830,8,9175.92
1830,9,9357.31
1830,10,9152.6
1830,11,8966.01
1830,12,8965.12
1830,13,9221.91
1830,14,9112.27
1830,15,9153.41
1830,16,9189.06
1830,17,9186.55
1830,18,8958.34
1830,19,9121.91
1830,20,9217.56
1830,21,9082.3
1830,22,9068.71
1830,23,9157.59
1830,24,8972.97
1830,25,8976.81
1830,26,9205.85
1830,27,9232.28
1830,28,9241.64
1830,29,8978.91
1830,30,9042.12
1830,31,9233.18
1830,32,8984.17
1830,33,8948.13
1830,34,9166.52
1830,35,8966.8
1830,36,8995.98
1830,37,9223.74
1830,38,9040.04
1830,39,9152.47
1830,40,9167.2
1830,41,9109.37
1830,42,9241.71
1830,43,9107.09
1830,44,9289.72
1830,45,9130.83
1830,46,9122.13
1830,47,9083.79
1830,48,9109.39
1830,49,9043.49
1830,50,9060.95
1830,51,9163.73
1830,52,8891.17
1830,53,9069.31
1830,54,9065.09
1830,55,9225.59
1830,56,9062.54
1830,57,9248.7
1830,58,9069.77
1830,59,9267.75
1830,60,9140.28
1830,61,8990.11
1830,62,9093.23
1830,63,9271.41
1830,64,9072.11
1830,65,9198.24
1830,66,9064.66
1830,67,9183.14
1830,68,9201.15
1830,69,9224.18
1830,70,9114.4
1830,71,8895.61
1830,72,9200.77
1830,73,9048.92
1830,74,9268.65
1830,75,9032.47
1830,76,9251.25
1830,77,8963.88
1830,78,8985.01
1830,79,9092.44
1830,80,9009.38
1830,81,8862.96
1830,82,9110.47
1830,83,9083.9
1830,84,9014.89
1830,85,8976.33
1830,86,9027.97
1830,87,9239.71
1830,88,9135.07
1830,89,9028.28
1830,90,9009.19
1830,91,9391.18
1830,92,9192.12
1830,93,9160.87
1830,94,9109.12
1830,95,9122.47
1830,96,9103.98
1830,97,9177.35
1830,98,9139.43
1830,99,9173.7
1840,0,9333.87
1840,1,9117.25
1840,2,9261.38
1840,3,9109.95
1840,4,9085.77
1840,5,9026.56
1840,6,9213.67
1840,7,8948.38
1840,8,9162.59
1840,9,9347.05
1840,10,9139.08
1840,11,8949.12
1840,12,8948.21
1840,13,9209.37
1840,14,9097.87
1840,15,9139.18
1840,16,9175.95
1840,17,9172.43
1840,18,8940.39
1840,19,9107.46
1840,20,9204.93
1840,21,9068.46
1840,22,9055.05
1840,23,9144.18
1840,24,8958.08
1840,25,8960.17
1840,26,9193.02
1840,27,9219.9
1840,28,9229.95
1840,29,8962.24
1840,30,9026.56
1840,31,9220.85
1840,32,8968.38
1840,33,8930.94
1840,34,9152.81
1840,35,8949.91
1840,36,8980.63
1840,37,9211.67
1840,38,9024.4
1840,39,9139.09
1840,40,9154.2
1840,41,9094.65
1840,42,9229.49
1840,43,9094.01
1840,44,9278.31
1840,45,9117.34
1840,46,9107.89
1840,47,9069.22
1840,48,9094.74
1840,49,9027.71
1840,50,9045.68
1840,51,9149.88
1840,52,8872.97
1840,53,9055.52
1840,54,9048.71
1840,55,9213.58
1840,56,9047.5
1840,57,9236.62
1840,58,9054.51
1840,59,9256
1840,60,9126.27
1840,61,8973.63
1840,62,9078.61
1840,63,9259.69
1840,64,9057.02
1840,65,9185.19
1840,66,9049.29
1840,67,9169.95
1840,68,9188.12
1840,69,9211.73
1840,70,9100.02
1840,71,8877.53
1840,72,9188.2
1840,73,9033.45
1840,74,9257.38
1840,75,9016.48
1840,76,9239.19
1840,77,8947.02
1840,78,8968.44
1840,79,9077.72
1840,80,8992.06
1840,81,8844.23
1840,82,9095.84
1840,83,9069.21
1840,84,8998.81
1840,85,8959.63
1840,86,9012.72
1840,87,9227.92
1840,88,9121.05
1840,89,9014.44
1840,90,8993.07
1840,91,9381.45
1840,92,9179.08
1840,93,9147.1
1840,94,9094.76
1840,95,9108.32
1840,96,9090.57
1840,97,9166.46
1840,98,9126.3
1840,99,9160.27
1850,0,9333.57
1850,1,9116.95
1850,2,9261.08
1850,3,9109.65
1850,4,9085.47
1850,5,9026.26
1850,6,9213.37
1850,7,8948.08
1850,8,9162.29
1850,9,9346.75
1850,10,9138.78
1850,11,8948.82
1850,12,8947.91
1850,13,9209.07
1850,14,9097.57
1850,15,9138.88
1850,16,9175.65
1850,17,9172.13
1850,18,8940.09
1850,19,9107.16
1850,20,9204.63
1850,21,9068.16
1850,22,9054.75
1850,23,9143.88
1850,24,8957.78
1850,25,8959.87
1850,26,9192.72
1850,27,9219.6
1850,28,9229.65
1850,29,8961.94
1850,30,9026.26
1850,31,9220.55
1850,32,8968.08
1850,33,8930.64
1850,34,9152.51
1850,35,8949.61
1850,36,8980.33
1850,37,9211.37
1850,38,9024.1
1850,39,9138.79
1850,40,9153.9
1850,41,9094.35
1850,42,9229.19
1850,43,9093.71
1850,44,9278.01
1850,45,9117.04
1850,46,9107.59
1850,47,9068.92
1850,48,9094.44
1850,49,9027.41
1850,50,9045.38
1850,51,9149.58
1850,52,8872.67
1850,53,9055.22
1850,54,9048.41
1850,55,9213.28
1850,56,9047.2
1850,57,9236.32
1850,58,9054.21
1850,59,9255.7
1850,60,9125.97
1850,61,8973.33
1850,62,9078.31
1850,63,9259.39
1850,64,9056.72
1850,65,9184.89
1850,66,9048.99
1850,67,9169.65
1850,68,9187.82
1850,69,9211.43
1850,70,9099.72
1850,71,8877.23
1850,72,9187.9
1850,73,9033.15
1850,74,9257.08
1850,75,9016.18
1850,76,9238.89
1850,77,8946.72
1850,78,8968.14
1850,79,9077.42
1850,80,8991.76
1850,81,8843.93
1850,82,9095.54
1850,83,9068.91
1850,84,8998.51
1850,85,8959.33
1850,86,9012.42
1850,87,9227.62
1850,88,9120.75
1850,89,9014.14
1850,90,8992.77
1850,91,9381.15
1850,92,9178.78
1850,93,9146.8
1850,94,9094.46
1850,95,9108.02
1850,96,9090.27
1850,97,9166.16
1850,98,9126
1850,99,9159.97
1860,0,9333.27
1860,1,9116.65
1860,2,9260.78
1860,3,9109.35
1860,4,9085.17
1860,5,9025.96
1860,6,9213.07
1860,7,8947.78
1860,8,9161.99
1860,9,9346.45
1860,10,9138.48
1860,11,8948.52
1860,12,8947.61
1860,13,9208.77
1860,14,9097.27
1860,15,9138.58
1860,16,9175.35
1860,17,9171.83
1860,18,8939.79
1860,19,9106.86
1860,20,9204.33
1860,21,9067.86
1860,22,9054.45
1860,23,9143.58
1860,24,8957.48
1860,25,8959.57
1860,26,9192.42
1860,27,9219.3
1860,28,9229.35
1860,29,8961.64
1860,30,9025.96
1860,31,9220.25
1860,32,8967.78
1860,33,8930.34
1860,34,9152.21
1860,35,8949.31
1860,36,8980.03
1860,37,9211.07
1860,38,9023.8
1860,39,9138.49
1860,40,9153.6
1860,41,9094.05
1860,42,9228.89
1860,43,9093.41
1860,44,9277.71
1860,45,9116.74
1860,46,9107.29
1860,47,9068.62
1860,48,9094.14
1860,49,9027.11
1860,50,9045.08
1860,51,9149.28
1860,52,8872.37
1860,53,9054.92
1860,54,9048.11
1860,55,9212.98
1860,56,9046.9
1860,57,9236.02
1860,58,9053.91
1860,59,9255.4
1860,60,9125.67
1860,61,8973.03
1860,62,9078.01
1860,63,9259.09
1860,64,9056.42
1860,65,9184.59
1860,66,9048.69
1860,67,9169.35
1860,68,9187.52
1860,69,9211.13
1860,70,9099.42
1860,71,8876.93
1860,72,9187.6
1860,73,9032.85
1860,74,9256.78
1860,75,9015.88
1860,76,9238.59
1860,77,8946.42
1860,78,8967.84
1860,79,9077.12
1860,80,8991.46
1860,81,8843.63
1860,82,9095.24
1860,83,9068.61
1860,84,8998.21
1860,85,8959.03
1860,86,9012.12
1860,87,9227.32
1860,88,9120.45
1860,89,9013.84
1860,90,8992.47
1860,91,9380.85
1860,92,9178.48
1860,93,9146.5
1860,94,9094.16
1860,95,9107.72
1860,96,9089.97
1860,97,9165.86
1860,98,9125.7
1860,99,9159.67
1870,0,9322.78
1870,1,9103.79
1870,2,9249.36
1870,3,9095.13
1870,4,9070.2
1870,5,9010.22
1870,6,9200.58
1870,7,8931.58
1870,8,9148.65
1870,9,9336.18
1870,10,9125.05
1870,11,8931.62
1870,12,8930.7
1870,13,9196.08
1870,14,9082.88
1870,15,9124.36
1870,16,9162.24
1870,17,9159.65
1870,18,8923.57
1870,19,9092.5
1870,20,9191.69
1870,21,9053.3
1870,22,9037.85
1870,23,9130.17
1870,24,8940.18
1870,25,8942.92
1870,26,9179.59
1870,27,9207.01
1870,28,9214.38
1870,29,8945.18
1870,30,9010.39
1870,31,9207.91
1870,32,8952.05
1870,33,8913.14
1870,34,9138.33
1870,35,8932.43
1870,36,8963.01
1870,37,9198.99
1870,38,9008.15
1870,39,9125.11
1870,40,9140.06
1870,41,9080.2
1870,42,9216.66
1870,43,9076.56
1870,44,9266.31
1870,45,9103.33
1870,46,9093.04
1870,47,9054.05
1870,48,9079.7
1870,49,9011.34
1870,50,9030.39
1870,51,9137
1870,52,8854.17
1870,53,9039.24
1870,54,9031.83
1870,55,9200.36
1870,56,9031.51
1870,57,9222.84
1870,58,9038.71
1870,59,9243.66
1870,60,9112.27
1870,61,8956.55
1870,62,9063.39
1870,63,9247.59
1870,64,9041.32
1870,65,9171.54
1870,66,9033.46
1870,67,9156.24
1870,68,9175.68
1870,69,9198.68
1870,70,9085.04
1870,71,8858.84
1870,72,9175.03
1870,73,9017.38
1870,74,9245.37
1870,75,9001.81
1870,76,9226.53
1870,77,8929.55
1870,78,8951.28
1870,79,9062.4
1870,80,8974.15
1870,81,8824.96
1870,82,9081.16
1870,83,9053.92
1870,84,8982.13
1870,85,8942.34
1870,86,8995.7
1870,87,9215.02
1870,88,9106.36
1870,89,8996.46
1870,90,8976.35
1870,91,9371.12
1870,92,9165.44
1870,93,9133.3
1870,94,9079.81
1870,95,9093.58
1870,96,9075.34
1870,97,9150.58
1870,98,9112.57
1870,99,9146.52
1880,0,9322.48
1880,1,9103.49
1880,2,9249.06
1880,3,9094.83
1880,4,9069.9
1880,5,9009.92
1880,6,9200.28
1880,7,8931.28
1880,8,9148.35
1880,9,9335.88
1880,10,9124.75
1880,11,8931.32
1880,12,8930.4
1880,13,9195.78
1880,14,9082.58
1880,15,9124.06
1880,16,9161.94
1880,17,9159.35
1880,18,8923.27
1880,19,9092.2
1880,20,9191.39
1880,21,9053
1880,22,9037.55
1880,23,9129.87
1880,24,8939.88
1880,25,8942.62
1880,26,9179.29
1880,27,9206.71
1880,28,9214.08
1880,29,8944.88
1880,30,9010.09
1880,31,9207.61
1880,32,8951.75
1880,33,8912.84
1880,34,9138.03
1880,35,8932.13
1880,36,8962.71
1880,37,9198.69
1880,38,9007.85
1880,39,9124.81
1880,40,9139.76
1880,41,9079.9
1880,42,9216.36
1880,43,9076.26
1880,44,9266.01
1880,45,9103.03
1880,46,9092.74
1880,47,9053.75
1880,48,9079.4
1880,49,9011.04
1880,50,9030.09
1880,51,9136.7
1880,52,8853.87
1880,53,9038.94
1880,54,9031.53
1880,55,9200.06
1880,56,9031.21
1880,57,9222.54
1880,58,9038.41
1880,59,9243.36
1880,60,9111.97
1880,61,8956.25
1880,62,9063.09
1880,63,9247.29
1880,64,9041.02
1880,65,9171.24
1880,66,9033.16
1880,67,9155.94
1880,68,9175.38
1880,69,9198.38
1880,70,9084.74
1880,71,8858.54
1880,72,9174.73
1880,73,9017.08
1880,74,9245.07
1880,75,9001.51
1880,76,9226.23
1880,77,8929.25
1880,78,8950.98
1880,79,9062.1
1880,80,8973.85
1880,81,8824.66
1880,82,9080.86
1880,83,9053.62
1880,84,8981.83
1880,85,8942.04
1880,86,8995.4
1880,87,9214.72
1880,88,9106.06
1880,89,8996.16
1880,90,8976.05
1880,91,9370.82
1880,92,9165.14
1880,93,9133
1880,94,9079.51
1880,95,9093.28
1880,96,9075.04
1880,97,9150.28
1880,98,9112.27
1880,99,9146.22
1890,0,9322.18
1890,1,9103.19
1890,2,9248.76
1890,3,9094.53
1890,4,9069.6
1890,5,9009.62
1890,6,9199.98
1890,7,8930.98
1890,8,9148.05
1890,9,9335.58
1890,10,9124.45
1890,11,8931.02
1890,12,8930.1
1890,13,9195.48
1890,14,9082.28
1890,15,9123.76
1890,16,9161.64
1890,17,9159.05
1890,18,8922.97
1890,19,9091.9
1890,20,9191.09
1890,21,9052.7
1890,22,9037.25
1890,23,9129.57
1890,24,8939.58
1890,25,8942.32
1890,26,9178.99
1890,27,9206.41
1890,28,9213.78
1890,29,8944.58
1890,30,9009.79
1890,31,9207.31
1890,32,8951.45
1890,33,8912.54
1890,34,9137.73
1890,35,8931.83
1890,36,8962.41
1890,37,9198.39
1890,38,9007.55
1890,39,9124.51
1890,40,9139.46
1890,41,9079.6
1890,42,9216.06
1890,43,9075.96
1890,44,9265.71
1890,45,9102.73
1890,46,9092.44
1890,47,9053.45
1890,48,9079.1
1890,49,9010.74
1890,50,9029.79
1890,51,9136.4
1890,52,8853.57
1890,53,9038.64
1890,54,9031.23
1890,55,9199.76
1890,56,9030.91
1890,57,9222.24
1890,58,9038.11
1890,59,9243.06
1890,60,9111.67
1890,61,8955.95
1890,62,9062.79
1890,63,9246.99
1890,64,9040.72
1890,65,9170.94
1890,66,9032.86
1890,67,9155.64
1890,68,9175.08
1890,69,9198.08
1890,70,9084.44
1890,71,8858.24
1890,72,9174.43
1890,73,9016.78
1890,74,9244.77
1890,75,9001.21
1890,76,9225.93
1890,77,8928.95
1890,78,8950.68
1890,79,9061.8
1890,80,8973.55
1890,81,8824.36
1890,82,9080.56
1890,83,9053.32
1890,84,8981.53
1890,85,8941.74
1890,86,8995.1
1890,87,9214.42
1890,88,9105.76
1890,89,8995.86
1890,90,8975.75
1890,91,9370.52
1890,92,9164.84
1890,93,9132.7
1890,94,9079.21
1890,95,9092.98
1890,96,9074.74
1890,97,9149.98
1890,98,9111.97
1890,99,9145.92
1900,0,9311.69
1900,1,9090.23
1900,2,9237.34
1900,3,9080.32
1900,4,9054.29
1900,5,8994.68
1900,6,9187.49
1900,7,8915.36
1900,8,9134.71
1900,9,9325.32
1900,10,9111.04
1900,11,8914.13
1900,12,8913.19
1900,13,9183.41
1900,14,9067.88
1900,15,9109.53
1900,16,9148.52
1900,17,9145.04
1900,18,8906.72
1900,19,9078.93
1900,20,9178.46
1900,21,9038.87
1900,22,9019.71
1900,23,9116.16
1900,24,8924.7
1900,25,8925.79
1900,26,9166.16
1900,27,9194.6
1900,28,9200.79
1900,29,8927.91
1900,30,8994.23
1900,31,9194.98
1900,32,8935.66
1900,33,8895.34
1900,34,9126.02
1900,35,8914.94
1900,36,8947.07
1900,37,9186.32
1900,38,8991.91
1900,39,9108.94
1900,40,9126.28
1900,41,9064.94
1900,42,9203.84
1900,43,9059.12
1900,44,9254.3
1900,45,9086.7
1900,46,9078.2
1900,47,9038.89
1900,48,9064.46
1900,49,8994.96
1900,50,9014.58
1900,51,9124.11
1900,52,8835.37
1900,53,9022.7
1900,54,9015.77
1900,55,9187.75
1900,56,9015.88
1900,57,9210.15
1900,58,9022.86
1900,59,9231.37
1900,60,9095.43
1900,61,8939.47
1900,62,9048.16
1900,63,9235.26
1900,64,9025.62
1900,65,9157.89
1900,66,9017.63
1900,67,9142.45
1900,68,9162.04
1900,69,9185.63
1900,70,9070.06
1900,71,8840.15
1900,72,9161.86
1900,73,9001.32
1900,74,9233.47
1900,75,8985.23
1900,76,9213.87
1900,77,8912.09
1900,78,8934.11
1900,79,9047.08
1900,80,8959.07
1900,81,8805.63
1900,82,9065.94
1900,83,9038.63
1900,84,8965.45
1900,85,8925.04
1900,86,8979.85
1900,87,9202.63
1900,88,9091.99
1900,89,8982.02
1900,90,8959.62
1900,91,9360.79
1900,92,9151.8
1900,93,9118.92
1900,94,9064.86
1900,95,9078.83
1900,96,9061.38
1900,97,9139.09
1900,98,9098.84
1900,99,9132.62
1910,0,9311.39
1910,1,9089.93
1910,2,9237.04
1910,3,9080.02
1910,4,9053.99
1910,5,8994.38
1910,6,9187.19
1910,7,8915.06
1910,8,9134.41
1910,9,9325.02
1910,10,9110.74
1910,11,8913.83
1910,12,8912.89
1910,13,9183.11
1910,14,9067.58
1910,15,9109.23
1910,16,9148.22
1910,17,9144.74
1910,18,8906.42
1910,19,9078.63
1910,20,9178.16
1910,21,9038.57
1910,22,9019.41
1910,23,9115.86
1910,24,8924.4
1910,25,8925.49
1910,26,9165.86
1910,27,9194.3
1910,28,9200.49
1910,29,8927.61
1910,30,8993.93
1910,31,9194.68
1910,32,8935.36
1910,33,8895.04
1910,34,9125.72
1910,35,8914.64
1910,36,8946.77
1910,37,9186.02
1910,38,8991.61
1910,39,9108.64
1910,40,9125.98
1910,41,9064.64
1910,42,9203.54
1910,43,9058.82
1910,44,9254
1910,45,9086.4
1910,46,9077.9
1910,47,9038.59
1910,48,9064.16
1910,49,8994.66
1910,50,9014.28
1910,51,9123.81
1910,52,8835.07
1910,53,9022.4
1910,54,9015.47
1910,55,9187.45
1910,56,9015.58
1910,57,9209.85
1910,58,9022.56
1910,59,9231.07
1910,60,9095.13
1910,61,8939.17
1910,62,9047.86
1910,63,9234.96
1910,64,9025.32
1910,65,9157.59
1910,66,9017.33
1910,67,9142.15
1910,68,9161.74
1910,69,9185.33
1910,70,9069.76
1910,71,8839.85
1910,72,9161.56
1910,73,9001.02
1910,74,9233.17
1910,75,8984.93
1910,76,9213.57
1910,77,8911.79
1910,78,8933.81
1910,79,9046.78
1910,80,8958.77
1910,81,8805.33
1910,82,9065.64
1910,83,9038.33
1910,84,8965.15
1910,85,8924.74
1910,86,8979.55
1910,87,9202.33
1910,88,9091.69
1910,89,8981.72
1910,90,8959.32
1910,91,9360.49
1910,92,9151.5
1910,93,9118.62
1910,94,9064.56
1910,95,9078.53
1910,96,9061.08
1910,97,9138.79
1910,98,9098.54
1910,99,9132.32
1920,0,9311.09
1920,1,9089.63
1920,2,9236.74
1920,3,9079.72
1920,4,9053.69
1920,5,8994.08
1920,6,9186.89
1920,7,8914.76
1920,8,9134.11
1920,9,9324.72
1920,10,9110.44
1920,11,8913.53
1920,12,8912.59
1920,13,9182.81
1920,14,9067.28
1920,15,9108.93
1920,16,9147.92
1920,17,9144.44
1920,18,8906.12
1920,19,9078.33
1920,20,9177.86
1920,21,9038.27
1920,22,9019.11
1920,23,9115.56
1920,24,8924.1
1920,25,8925.19
1920,26,9165.56
1920,27,9194
1920,28,9200.19
1920,29,8927.31
1920,30,8993.63
1920,31,9194.38
1920,32,8935.06
1920,33,8894.74
1920,34,9125.42
1920,35,8914.34
1920,36,8946.47
1920,37,9185.72
1920,38,8991.31
1920,39,9108.34
1920,40,9125.68
1920,41,9064.34
1920,42,9203.24
1920,43,9058.52
1920,44,9253.7
1920,45,9086.1
1920,46,9077.6
1920,47,9038.29
1920,48,9063.86
1920,49,8994.36
1920,50,9013.98
1920,51,9123.51
1920,52,8834.77
1920,53,9022.1
1920,54,9015.17
1920,55,9187.15
1920,56,9015.28
1920,57,9209.55
1920,58,9022.26
1920,59,9230.77
1920,60,9094.83
1920,61,8938.87
1920,62,9047.56
1920,63,9234.66
1920,64,9025.02
1920,65,9157.29
1920,66,9017.03
1920,67,9141.85
1920,68,9161.44
1920,69,9185.03
1920,70,9069.46
1920,71,8839.55
1920,72,9161.26
1920,73,9000.72
1920,74,9232.87
1920,75,8984.63
1920,76,9213.27
1920,77,8911.49
1920,78,8933.51
1920,79,9046.48
1920,80,8958.47
1920,81,8805.03
1920,82,9065.34
1920,83,9038.03
1920,84,8964.85
1920,85,8924.44
1920,86,8979.25
1920,87,9202.03
1920,88,9091.39
1920,89,8981.42
1920,90,8959.02
1920,91,9360.19
1920,92,9151.2
1920,93,9118.32
1920,94,9064.26
1920,95,9078.23
1920,96,9060.78
1920,97,9138.49
1920,98,9098.24
1920,99,9132.02
1930,0,9300.6
1930,1,9073.27
1930,2,9225.32
1930,3,9065.51
1930,4,9040.82
1930,5,8978.31
1930,6,9174.41
1930,7,8898.52
1930,8,9120.77
1930,9,9314.46
1930,10,9096.03
1930,11,8896.63
1930,12,8895.67
1930,13,9170.12
1930,14,9052.89
1930,15,9094.7
1930,16,9134.81
1930,17,9129.47
1930,18,8889.85
1930,19,9063.97
1930,20,9165.23
1930,21,9023.71
1930,22,9002.51
1930,23,9102.16
1930,24,8906.8
1930,25,8908.55
1930,26,9152.73
1930,27,9181.71
1930,28,9188.02
1930,29,8910.64
1930,30,8978.07
1930,31,9182.05
1930,32,8916.77
1930,33,8877.53
1930,34,9111.53
1930,35,8897.45
1930,36,8929.45
1930,37,9172.74
1930,38,8975.66
1930,39,9094.96
1930,40,9112.14
1930,41,9050.38
1930,42,9191.01
1930,43,9045.43
1930,44,9242.29
1930,45,9072.61
1930,46,9063.36
1930,47,9023.72
1930,48,9049.42
1930,49,8978.58
1930,50,8998.74
1930,51,9110.57
1930,52,8816.56
1930,53,9006.22
1930,54,9002.58
1930,55,9174.53
1930,56,8999.89
1930,57,9196.37
1930,58,9007.19
1930,59,9219.03
1930,60,9081.69
1930,61,8922.38
1930,62,9032.94
1930,63,9222.94
1930,64,9009.92
1930,65,9144.41
1930,66,9001.79
1930,67,9128.72
1930,68,9149.6
1930,69,9172.58
1930,70,9055.08
1930,71,8821.45
1930,72,9147.79
1930,73,8985.25
1930,74,9220.21
1930,75,8968.64
1930,76,9201.21
1930,77,8894.62
1930,78,8916.94
1930,79,9031.76
1930,80,8941.15
1930,81,8786.34
1930,82,9051.25
1930,83,9023.34
1930,84,8948.77
1930,85,8907.75
1930,86,8963.42
1930,87,9189.69
1930,88,9077.37
1930,89,8967.59
1930,90,8942.9
1930,91,9350.46
1930,92,9138.15
1930,93,9105.11
1930,94,9049.9
1930,95,9064.08
1930,96,9046.15
1930,97,9124.99
1930,98,9083.84
1930,99,9118.67
1940,0,9300.3
1940,1,9072.97
1940,2,9225.02
1940,3,9065.21
1940,4,9040.52
1940,5,8978.01
1940,6,9174.11
1940,7,8898.23
1940,8,9120.47
1940,9,9314.16
1940,10,9095.73
1940,11,8896.33
1940,12,8895.38
1940,13,9169.82
1940,14,9052.59
1940,15,9094.4
1940,16,9134.51
1940,17,9129.17
1940,18,8889.56
1940,19,9063.67
1940,20,9164.93
1940,21,9023.41
1940,22,9002.21
1940,23,9101.86
1940,24,8906.5
1940,25,8908.25
1940,26,9152.43
1940,27,9181.41
1940,28,9187.72
1940,29,8910.35
1940,30,8977.77
1940,31,9181.75
1940,32,8916.47
1940,33,8877.24
1940,34,9111.23
1940,35,8897.15
1940,36,8929.15
1940,37,9172.44
1940,38,8975.36
1940,39,9094.66
1940,40,9111.84
1940,41,9050.08
1940,42,9190.71
1940,43,9045.13
1940,44,9241.99
1940,45,9072.31
1940,46,9063.06
1940,47,9023.42
1940,48,9049.12
1940,49,8978.28
1940,50,8998.44
1940,51,9110.27
1940,52,8816.26
1940,53,9005.92
1940,54,9002.28
1940,55,9174.23
1940,56,8999.59
1940,57,9196.07
1940,58,9006.89
1940,59,9218.73
1940,60,9081.39
1940,61,8922.08
1940,62,9032.64
1940,63,9222.64
1940,64,9009.62
1940,65,9144.11
1940,66,9001.49
1940,67,9128.42
1940,68,9149.3
1940,69,9172.28
1940,70,9054.78
1940,71,8821.16
1940,72,9147.49
1940,73,8984.95
1940,74,9219.91
1940,75,8968.34
1940,76,9200.91
1940,77,8894.32
1940,78,8916.64
1940,79,9031.46
1940,80,8940.85
1940,81,8786.05
1940,82,9050.95
1940,83,9023.04
1940,84,8948.47
1940,85,8907.45
1940,86,8963.12
1940,87,9189.39
1940,88,9077.07
1940,89,8967.29
1940,90,8942.6
1940,91,9350.16
1940,92,9137.85
1940,93,9104.81
1940,94,9049.6
1940,95,9063.78
1940,96,9045.85
1940,97,9124.69
1940,98,9083.54
1940,99,9118.37
1950,0,9300
1950,1,9072.67
1950,2,9224.72
1950,3,9064.91
1950,4,9040.22
1950,5,8977.71
1950,6,9173.81
1950,7,8897.93
1950,8,9120.17
1950,9,9313.86
1950,10,9095.43
1950,11,8896.03
1950,12,8895.08
1950,13,9169.52
1950,14,9052.29
1950,15,9094.1
1950,16,9134.21
1950,17,9128.87
1950,18,8889.26
1950,19,9063.37
1950,20,9164.63
1950,21,9023.11
1950,22,9001.91
1950,23,9101.56
1950,24,8906.2
1950,25,8907.95
1950,26,9152.13
1950,27,9181.11
1950,28,9187.42
1950,29,8910.05
1950,30,8977.47
1950,31,9181.45
1950,32,8916.17
1950,33,8876.94
1950,34,9110.93
1950,35,8896.85
1950,36,8928.85
1950,37,9172.14
1950,38,8975.06
1950,39,9094.36
1950,40,9111.54
1950,41,9049.78
1950,42,9190.41
1950,43,9044.83
1950,44,9241.69
1950,45,9072.01
1950,46,9062.76
1950,47,9023.12
1950,48,9048.82
1950,49,8977.98
1950,50,8998.14
1950,51,9109.97
1950,52,8815.96
1950,53,9005.62
1950,54,9001.98
1950,55,9173.93
1950,56,8999.29
1950,57,9195.77
1950,58,9006.59
1950,59,9218.43
1950,60,9081.09
1950,61,8921.78
1950,62,9032.34
1950,63,9222.34
1950,64,9009.32
1950,65,9143.81
1950,66,9001.19
1950,67,9128.12
1950,68,9149
1950,69,9171.98
1950,70,9054.48
1950,71,8820.86
1950,72,9147.19
1950,73,8984.65
1950,74,9219.61
1950,75,8968.04
1950,76,9200.61
1950,77,8894.02
1950,78,8916.34
1950,79,9031.16
1950,80,8940.55
1950,81,8785.75
1950,82,9050.65
1950,83,9022.74
1950,84,8948.17
1950,85,8907.15
1950,86,8962.82
1950,87,9189.09
1950,88,9076.77
1950,89,8966.99
1950,90,8942.3
1950,91,9349.86
1950,92,9137.55
1950,93,9104.51
1950,94,9049.3
1950,95,9063.48
1950,96,9045.55
1950,97,9124.39
1950,98,9083.24
1950,99,9118.07
1960,0,9289.51
1960,1,9057.59
1960,2,9212.49
1960,3,9050.7
1960,4,9025.25
1960,5,8962.76
1960,6,9161.32
1960,7,8882.31
1960,8,9106.84
1960,9,9303.59
1960,10,9082
1960,11,8879.13
1960,12,8878.14
1960,13,9156.83
1960,14,9037.9
1960,15,9079.87
1960,16,9121.09
1960,17,9114.84
1960,18,8872.99
1960,19,9049.01
1960,20,9152
1960,21,9009.27
1960,22,8985.31
1960,23,9088.15
1960,24,8891.31
1960,25,8891.3
1960,26,9139.3
1960,27,9168.82
1960,28,9176.74
1960,29,8893.36
1960,30,8961.89
1960,31,9169.11
1960,32,8900.43
1960,33,8859.72
1960,34,9097.05
1960,35,8879.94
1960,36,8913.5
1960,37,9160.07
1960,38,8959.42
1960,39,9080.99
1960,40,9098
1960,41,9036.47
1960,42,9178.19
1960,43,9031.75
1960,44,9230.28
1960,45,9058.6
1960,46,9048.51
1960,47,9008.55
1960,48,9034.38
1960,49,8962.2
1960,50,8982.89
1960,51,9097.69
1960,52,8797.75
1960,53,8989.94
1960,54,8985.68
1960,55,9162.3
1960,56,8983.9
1960,57,9183.77
1960,58,8991.38
1960,59,9206.69
1960,60,9068.61
1960,61,8905.3
1960,62,9017.7
1960,63,9210.61
1960,64,8994.22
1960,65,9130.76
1960,66,8985.95
1960,67,9114.91
1960,68,9137.15
1960,69,9159.52
1960,70,9040.1
1960,71,8802.75
1960,72,9133.71
1960,73,8969.18
1960,74,9208.63
1960,75,8951.93
1960,76,9188.54
1960,77,8877.15
1960,78,8899.75
1960,79,9016.44
1960,80,8923.22
1960,81,8767.05
1960,82,9036.57
1960,83,9008.04
1960,84,8932.09
1960,85,8890.44
1960,86,8947.57
1960,87,9177.3
1960,88,9062.75
1960,89,8953.15
1960,90,8926.17
1960,91,9340.13
1960,92,9124.51
1960,93,9091.31
1960,94,9034.94
1960,95,9049.33
1960,96,9032.15
1960,97,9113.5
1960,98,9070.11
1960,99,9104.73
1970,0,9289.21
1970,1,9057.29
1970,2,9212.19
1970,3,9050.4
1970,4,9024.95
1970,5,8962.46
1970,6,9161.02
1970,7,8882.01
1970,8,9106.54
1970,9,9303.29
1970,10,9081.7
1970,11,8878.84
1970,12,8877.87
1970,13,9156.53
1970,14,9037.6
1970,15,9079.57
1970,16,9120.79
1970,17,9114.54
1970,18,8872.71
1970,19,9048.71
1970,20,9151.7
1970,21,9008.97
1970,22,8985.01
1970,23,9087.85
1970,24,8891.01
1970,25,8891
1970,26,9139
1970,27,9168.52
1970,28,9176.44
1970,29,8893.08
1970,30,8961.6
1970,31,9168.81
1970,32,8900.13
1970,33,8859.44
1970,34,9096.75
1970,35,8879.66
1970,36,8913.2
1970,37,9159.77
1970,38,8959.12
1970,39,9080.69
1970,40,9097.7
1970,41,9036.17
1970,42,9177.89
1970,43,9031.45
1970,44,9229.98
1970,45,9058.3
1970,46,9048.21
1970,47,9008.25
1970,48,9034.08
1970,49,8961.9
1970,50,8982.59
1970,51,9097.39
1970,52,8797.46
1970,53,8989.64
1970,54,8985.4
1970,55,9162
1970,56,8983.6
1970,57,9183.47
1970,58,8991.08
1970,59,9206.39
1970,60,9068.31
1970,61,8905
1970,62,9017.41
1970,63,9210.31
1970,64,8993.93
1970,65,9130.46
1970,66,8985.66
1970,67,9114.61
1970,68,9136.85
1970,69,9159.22
1970,70,9039.8
1970,71,8802.47
1970,72,9133.41
1970,73,8968.88
1970,74,9208.33
1970,75,8951.64
1970,76,9188.24
1970,77,8876.86
1970,78,8899.48
1970,79,9016.14
1970,80,8922.93
1970,81,8766.77
1970,82,9036.27
1970,83,9007.75
1970,84,8931.79
1970,85,8890.15
1970,86,8947.27
1970,87,9177
1970,88,9062.46
1970,89,8952.85
1970,90,8925.88
1970,91,9339.83
1970,92,9124.21
1970,93,9091.01
1970,94,9034.65
1970,95,9049.03
1970,96,9031.86
1970,97,9113.2
1970,98,9069.81
1970,99,9104.43
1980,0,9288.91
1980,1,9056.99
1980,2,9211.89
1980,3,9050.1
1980,4,9024.65
1980,5,8962.16
1980,6,9160.72
1980,7,8881.71
1980,8,9106.24
1980,9,9302.99
1980,10,9081.4
1980,11,8878.54
1980,12,8877.57
1980,13,9156.23
1980,14,9037.3
1980,15,9079.27
1980,16,9120.49
1980,17,9114.24
1980,18,8872.41
1980,19,9048.41
1980,20,9151.4
1980,21,9008.67
1980,22,8984.71
1980,23,9087.55
1980,24,8890.71
1980,25,8890.7
1980,26,9138.7
1980,27,9168.22
1980,28,9176.14
1980,29,8892.78
1980,30,8961.3
1980,31,9168.51
1980,32,8899.83
1980,33,8859.14
1980,34,9096.45
1980,35,8879.36
1980,36,8912.9
1980,37,9159.47
1980,38,8958.82
1980,39,9080.39
1980,40,9097.4
1980,41,9035.87
1980,42,9177.59
1980,43,9031.15
1980,44,9229.68
1980,45,9058
1980,46,9047.91
1980,47,9007.95
1980,48,9033.78
1980,49,8961.6
1980,50,8982.29
1980,51,9097.09
1980,52,8797.16
1980,53,8989.34
1980,54,8985.1
1980,55,9161.7
1980,56,8983.3
1980,57,9183.17
1980,58,8990.78
1980,59,9206.09
1980,60,9068.01
1980,61,8904.7
1980,62,9017.11
1980,63,9210.01
1980,64,8993.63
1980,65,9130.16
1980,66,8985.36
1980,67,9114.31
1980,68,9136.55
1980,69,9158.92
1980,70,9039.5
1980,71,8802.17
1980,72,9133.11
1980,73,8968.58
1980,74,9208.03
1980,75,8951.34
1980,76,9187.94
1980,77,8876.56
1980,78,8899.18
1980,79,9015.84
1980,80,8922.63
1980,81,8766.47
1980,82,9035.97
1980,83,9007.45
1980,84,8931.49
1980,85,8889.85
1980,86,8946.97
1980,87,9176.7
1980,88,9062.16
1980,89,8952.55
1980,90,8925.58
1980,91,9339.53
1980,92,9123.91
1980,93,9090.71
1980,94,9034.35
1980,95,9048.73
1980,96,9031.56
1980,97,9112.9
1980,98,9069.51
1980,99,9104.13
1990,0,9278.42
1990,1,9044.09
1990,2,9200.47
1990,3,9035.89
1990,4,9009.39
1990,5,8946.46
1990,6,9148.24
1990,7,8865.51
1990,8,9092.9
1990,9,9292.73
1990,10,9068.1
1990,11,8861.62
1990,12,8860.62
1990,13,9144.16
1990,14,9022.9
1990,15,9065.05
1990,16,9107.38
1990,17,9102.06
1990,18,8854.48
1990,19,9034.08
1990,20,9138.77
1990,21,8993.3
1990,22,8967.22
1990,23,9074.14
1990,24,8875.82
1990,25,8875.38
1990,26,9125.87
1990,27,9156.03
1990,28,9165.45
1990,29,8876.28
1990,30,8945.61
1990,31,9155.64
1990,32,8884.05
1990,33,8841.9
1990,34,9084.74
1990,35,8862.44
1990,36,8897.55
1990,37,9147.39
1990,38,8943.17
1990,39,9065.11
1990,40,9085.24
1990,41,9022.03
1990,42,9165.36
1990,43,9014.29
1990,44,9218.27
1990,45,9043.41
1990,46,9033.67
1990,47,8993.38
1990,48,9019.63
1990,49,8947.09
1990,50,8967.12
1990,51,9084.81
1990,52,8778.93
1990,53,8973.38
1990,54,8969.22
1990,55,9149.07
1990,56,8967.85
1990,57,9170.45
1990,58,8975.6
1990,59,9194.21
1990,60,9054.18
1990,61,8888.2
1990,62,9002.47
1990,63,9198.51
1990,64,8978.51
1990,65,9117.11
1990,66,8970.1
1990,67,9101.12
1990,68,9123.44
1990,69,9146.22
1990,70,9025.12
1990,71,8784.05
1990,72,9120.14
1990,73,8953.09
1990,74,9196.58
1990,75,8935.25
1990,76,9175.88
1990,77,8859.67
1990,78,8882.57
1990,79,9001.12
1990,80,8908.16
1990,81,8747.76
1990,82,9021.83
1990,83,8992.74
1990,84,8915.41
1990,85,8873.14
1990,86,8930.58
1990,87,9164.43
1990,88,9048.12
1990,89,8935.42
1990,90,8909.37
1990,91,9329.99
1990,92,9110.87
1990,93,9076.99
1990,94,9019.97
1990,95,9034.58
1990,96,9016.9
1990,97,9098.72
1990,98,9055.12
1990,99,9090.98
2000,0,9278.12
2000,1,9043.79
2000,2,9200.17
2000,3,9035.59
2000,4,9009.09
2000,5,8946.16
2000,6,9147.94
2000,7,8865.25
2000,8,9092.6
2000,9,9292.43
2000,10,9067.81
2000,11,8861.34
2000,12,8860.36
2000,13,9143.86
2000,14,9022.6
2000,15,9064.75
2000,16,9107.08
2000,17,9101.76
2000,18,8854.21
2000,19,9033.78
2000,20,9138.47
2000,21,8993.01
2000,22,8966.94
2000,23,9073.84
2000,24,8875.53
2000,25,8875.1
2000,26,9125.57
2000,27,9155.73
2000,28,9165.15
2000,29,8876.02
2000,30,8945.34
2000,31,9155.34
2000,32,8883.75
2000,33,8841.64
2000,34,9084.44
2000,35,8862.17
2000,36,8897.25
2000,37,9147.09
2000,38,8942.88
2000,39,9064.81
2000,40,9084.94
2000,41,9021.73
2000,42,9165.06
2000,43,9014.01
2000,44,9217.97
2000,45,9043.12
2000,46,9033.37
2000,47,8993.08
2000,48,9019.34
2000,49,8946.8
2000,50,8966.83
2000,51,9084.51
2000,52,8778.66
2000,53,8973.08
2000,54,8968.95
2000,55,9148.77
2000,56,8967.55
2000,57,9170.15
2000,58,8975.31
2000,59,9193.91
2000,60,9053.88
2000,61,8887.92
2000,62,9002.19
2000,63,9198.21
2000,64,8978.23
2000,65,9116.81
2000,66,8969.83
2000,67,9100.82
2000,68,9123.14
2000,69,9145.92
2000,70,9024.82
2000,71,8783.78
2000,72,9119.84
2000,73,8952.81
2000,74,9196.28
2000,75,8934.97
2000,76,9175.58
2000,77,8859.39
2000,78,8882.31
2000,79,9000.82
2000,80,8907.86
2000,81,8747.5
2000,82,9021.53
2000,83,8992.46
2000,84,8915.11
2000,85,8872.86
2000,86,8930.29
2000,87,9164.13
2000,88,9047.84
2000,89,8935.17
2000,90,8909.09
2000,91,9329.69
2000,92,9110.57
2000,93,9076.69
2000,94,9019.7
2000,95,9034.28
2000,96,9016.62
2000,97,9098.42
2000,98,9054.82
2000,99,9090.68
2010,0,9277.82
2010,1,9043.49
2010,2,9199.87
2010,3,9035.29
2010,4,9008.79
2010,5,8945.86
2010,6,9147.64
2010,7,8864.95
2010,8,9092.3
2010,9,9292.13
2010,10,9067.51
2010,11,8861.04
2010,12,8860.06
2010,13,9143.56
2010,14,9022.3
2010,15,9064.45
2010,16,9106.78
2010,17,9101.46
2010,18,8853.91
2010,19,9033.48
2010,20,9138.17
2010,21,8992.71
2010,22,8966.64
2010,23,9073.54
2010,24,8875.23
2010,25,8874.8
2010,26,9125.27
2010,27,9155.43
2010,28,9164.85
2010,29,8875.72
2010,30,8945.04
2010,31,9155.04
2010,32,8883.45
2010,33,8841.34
2010,34,9084.14
2010,35,8861.87
2010,36,8896.95
2010,37,9146.79
2010,38,8942.58
2010,39,9064.51
2010,40,9084.64
2010,41,9021.43
2010,42,9164.76
2010,43,9013.71
2010,44,9217.67
2010,45,9042.82
2010,46,9033.07
2010,47,8992.78
2010,48,9019.04
2010,49,8946.5
2010,50,8966.53
2010,51,9084.21
2010,52,8778.36
2010,53,8972.78
2010,54,8968.65
2010,55,9148.47
2010,56,8967.25
2010,57,9169.85
2010,58,8975.01
2010,59,9193.61
2010,60,9053.58
2010,61,8887.62
2010,62,9001.89
2010,63,9197.91
2010,64,8977.93
2010,65,9116.51
2010,66,8969.53
2010,67,9100.52
2010,68,9122.84
2010,69,9145.62
2010,70,9024.52
2010,71,8783.48
2010,72,9119.54
2010,73,8952.51
2010,74,9195.98
2010,75,8934.67
2010,76,9175.28
2010,77,8859.09
2010,78,8882.01
2010,79,9000.52
2010,80,8907.56
2010,81,8747.2
2010,82,9021.23
2010,83,8992.16
2010,84,8914.81
2010,85,8872.56
2010,86,8929.99
2010,87,9163.83
2010,88,9047.54
2010,89,8934.87
2010,90,8908.79
2010,91,9329.39
2010,92,9110.27
2010,93,9076.39
2010,94,9019.4
2010,95,9033.98
2010,96,9016.32
2010,97,9098.12
2010,98,9054.52
2010,99,9090.38
2020,0,9267.33
2020,1,9030.63
2020,2,9187.63
2020,3,9021.06
2020,4,8993.82
2020,5,8930.13
2020,6,9135.15
2020,7,8848.72
2020,8,9078.95
2020,9,9281.87
2020,10,9054.05
2020,11,8844.11
2020,12,8843.09
2020,13,9130.86
2020,14,9007.9
2020,15,9050.21
2020,16,9093.66
2020,17,9088.83
2020,18,8837.61
2020,19,9019.1
2020,20,9125.54
2020,21,8978.86
2020,22,8950.01
2020,23,9060.13
2020,24,8857.88
2020,25,8858.12
2020,26,9112.44
2020,27,9143.14
2020,28,9154.17
2020,29,8859
2020,30,8929.43
2020,31,9142.7
2020,32,8867.67
2020,33,8824.09
2020,34,9070.26
2020,35,8844.94
2020,36,8881.59
2020,37,9134.31
2020,38,8926.91
2020,39,9051.13
2020,40,9071.42
2020,41,9007.58
2020,42,9152.54
2020,43,9000.62
2020,44,9206.26
2020,45,9029.33
2020,46,9018.81
2020,47,8978.21
2020,48,9004.58
2020,49,8931.96
2020,50,8951.25
2020,51,9071.91
2020,52,8760.12
2020,53,8957.24
2020,54,8952.32
2020,55,9135.85
2020,56,8951.85
2020,57,9157.85
2020,58,8959.74
2020,59,9181.86
2020,60,9040.44
2020,61,8871.11
2020,62,8987.23
2020,63,9186.19
2020,64,8962.8
2020,65,9103.46
2020,66,8954.25
2020,67,9087.3
2020,68,9110.99
2020,69,9133.17
2020,70,9010.14
2020,71,8765.35
2020,72,9106.06
2020,73,8937.01
2020,74,9184.57
2020,75,8918.65
2020,76,9163.22
2020,77,8842.19
2020,78,8865.39
2020,79,8985.8
2020,80,8890.2
2020,81,8728.42
2020,82,9007.13
2020,83,8977.43
2020,84,8898.72
2020,85,8855.83
2020,86,8914.71
2020,87,9151.55
2020,88,9033.49
2020,89,8921.03
2020,90,8892.63
2020,91,9319.66
2020,92,9097.21
2020,93,9063.18
2020,94,9005.01
2020,95,9019.82
2020,96,9001.66
2020,97,9084.56
2020,98,9041.39
2020,99,9077.03
2030,0,9267.03
2030,1,9030.33
2030,2,9187.33
2030,3,9020.78
2030,4,8993.52
2030,5,8929.85
2030,6,9134.85
2030,7,8848.47
2030,8,9078.66
2030,9,9281.57
2030,10,9053.78
2030,11,8843.85
2030,12,8842.85
2030,13,9130.57
2030,14,9007.61
2030,15,9049.92
2030,16,9093.36
2030,17,9088.53
2030,18,8837.36
2030,19,9018.82
2030,20,9125.24
2030,21,8978.57
2030,22,8949.74
2030,23,9059.83
2030,24,8857.63
2030,25,8857.85
2030,26,9112.14
2030,27,9142.84
2030,28,9153.87
2030,29,8858.75
2030,30,8929.17
2030,31,9142.41
2030,32,8867.37
2030,33,8823.85
2030,34,9069.96
2030,35,8844.68
2030,36,8881.3
2030,37,9134.01
2030,38,8926.63
2030,39,9050.84
2030,40,9071.13
2030,41,9007.29
2030,42,9152.24
2030,43,9000.32
2030,44,9205.96
2030,45,9029.03
2030,46,9018.53
2030,47,8977.92
2030,48,9004.3
2030,49,8931.69
2030,50,8950.97
2030,51,9071.62
2030,52,8759.86
2030,53,8956.95
2030,54,8952.06
2030,55,9135.55
2030,56,8951.56
2030,57,9157.55
2030,58,8959.46
2030,59,9181.56
2030,60,9040.14
2030,61,8870.84
2030,62,8986.97
2030,63,9185.89
2030,64,8962.53
2030,65,9103.16
2030,66,8954
2030,67,9087
2030,68,9110.69
2030,69,9132.87
2030,70,9009.84
2030,71,8765.1
2030,72,9105.76
2030,73,8936.74
2030,74,9184.27
2030,75,8918.38
2030,76,9162.92
2030,77,8841.93
2030,78,8865.14
2030,79,8985.5
2030,80,8889.94
2030,81,8728.17
2030,82,9006.85
2030,83,8977.17
2030,84,8898.43
2030,85,8855.57
2030,86,8914.44
2030,87,9151.25
2030,88,9033.23
2030,89,8920.74
2030,90,8892.37
2030,91,9319.36
2030,92,9096.92
2030,93,9062.88
2030,94,9004.74
2030,95,9019.53
2030,96,9001.39
2030,97,9084.26
2030,98,9041.09
2030,99,9076.74
2040,0,9266.73
2040,1,9030.03
2040,2,9187.03
2040,3,9020.48
2040,4,8993.22
2040,5,8929.55
2040,6,9134.55
2040,7,8848.17
2040,8,9078.36
2040,9,9281.27
2040,10,9053.48
2040,11,8843.55
2040,12,8842.55
2040,13,9130.27
2040,14,9007.31
2040,15,9049.62
2040,16,9093.06
2040,17,9088.23
2040,18,8837.06
2040,19,9018.52
2040,20,9124.94
2040,21,8978.27
2040,22,8949.44
2040,23,9059.53
2040,24,8857.33
2040,25,8857.55
2040,26,9111.84
2040,27,9142.54
2040,28,9153.57
2040,29,8858.45
2040,30,8928.87
2040,31,9142.11
2040,32,8867.07
2040,33,8823.55
2040,34,9069.66
2040,35,8844.38
2040,36,8881
2040,37,9133.71
2040,38,8926.33
2040,39,9050.54
2040,40,9070.83
2040,41,9006.99
2040,42,9151.94
2040,43,9000.02
2040,44,9205.66
2040,45,9028.73
2040,46,9018.23
2040,47,8977.62
2040,48,9004
2040,49,8931.39
2040,50,8950.67
2040,51,9071.32
2040,52,8759.56
2040,53,8956.65
2040,54,8951.76
2040,55,9135.25
2040,56,8951.26
2040,57,9157.25
2040,58,8959.16
2040,59,9181.26
2040,60,9039.84
2040,61,8870.54
2040,62,8986.67
2040,63,9185.59
2040,64,8962.23
2040,65,9102.86
2040,66,8953.7
2040,67,9086.7
2040,68,9110.39
2040,69,9132.57
2040,70,9009.54
2040,71,8764.8
2040,72,9105.46
2040,73,8936.44
2040,74,9183.97
2040,75,8918.08
2040,76,9162.62
2040,77,8841.63
2040,78,8864.84
2040,79,8985.2
2040,80,8889.64
2040,81,8727.87
2040,82,9006.55
2040,83,8976.87
2040,84,8898.13
2040,85,8855.27
2040,86,8914.14
2040,87,9150.95
2040,88,9032.93
2040,89,8920.44
2040,90,8892.07
2040,91,9319.06
2040,92,9096.62
2040,93,9062.58
2040,94,9004.44
2040,95,9019.23
2040,96,9001.09
2040,97,9083.96
2040,98,9040.79
2040,99,9076.44
2050,0,9256.24
2050,1,9017.09
2050,2,9174.79
2050,3,9006.24
2050,4,8978.23
2050,5,8913.73
2050,6,9122.06
2050,7,8831.86
2050,8,9065
2050,9,9271
2050,10,9040.01
2050,11,8826.6
2050,12,8825.57
2050,13,9117.56
2050,14,8992.89
2050,15,9035.37
2050,16,9079.94
2050,17,9076.05
2050,18,8820.77
2050,19,9004.13
2050,20,9112.29
2050,21,8963.68
2050,22,8932.79
2050,23,9046.12
2050,24,8839.97
2050,25,8840.86
2050,26,9099.01
2050,27,9130.25
2050,28,9141.4
2050,29,8841.72
2050,30,8913.26
2050,31,9129.75
2050,32,8851.36
2050,33,8806.28
2050,34,9055.76
2050,35,8827.43
2050,36,8863.93
2050,37,9121.15
2050,38,8910.66
2050,39,9037.14
2050,40,9057.27
2050,41,8992.94
2050,42,9139.71
2050,43,8986.94
2050,44,9194.24
2050,45,9015.23
2050,46,9003.95
2050,47,8963.03
2050,48,8989.52
2050,49,8915.57
2050,50,8935.33
2050,51,9057.54
2050,52,8741.3
2050,53,8941.02
2050,54,8935.42
2050,55,9122.62
2050,56,8935.85
2050,57,9145.26
2050,58,8944
2050,59,9169.48
2050,60,9026.69
2050,61,8854.01
2050,62,8971.99
2050,63,9173.85
2050,64,8947.09
2050,65,9089.97
2050,66,8938.4
2050,67,9073.44
2050,68,9098.53
2050,69,9120.11
2050,70,8995.15
2050,71,8746.64
2050,72,9091.97
2050,73,8920.93
2050,74,9172.63
2050,75,8902.01
2050,76,9150.56
2050,77,8824.71
2050,78,8848.21
2050,79,8970.43
2050,80,8872.27
2050,81,8709.13
2050,82,8992.43
2050,83,8962.13
2050,84,8882.03
2050,85,8838.52
2050,86,8898.84
2050,87,9138.59
2050,88,9018.86
2050,89,8902.99
2050,90,8875.89
2050,91,9309.34
2050,92,9083.55
2050,93,9049.35
2050,94,8990.04
2050,95,9005.05
2050,96,8986.41
2050,97,9070.46
2050,98,9026.38
2050,99,9063.02
2060,0,9255.94
2060,1,9016.8
2060,2,9174.49
2060,3,9005.97
2060,4,8977.96
2060,5,8913.46
2060,6,9121.76
2060,7,8831.62
2060,8,9064.72
2060,9,9270.7
2060,10,9039.75
2060,11,8826.35
2060,12,8825.34
2060,13,9117.28
2060,14,8992.61
2060,15,9035.09
2060,16,9079.65
2060,17,9075.75
2060,18,8820.54
2060,19,9003.86
2060,20,9112
2060,21,8963.41
2060,22,8932.54
2060,23,9045.83
2060,24,8839.73
2060,25,8840.61
2060,26,9098.71
2060,27,9129.95
2060,28,9141.1
2060,29,8841.49
2060,30,8913.01
2060,31,9129.48
2060,32,8851.07
2060,33,8806.05
2060,34,9055.47
2060,35,8827.19
2060,36,8863.69
2060,37,9120.85
2060,38,8910.39
2060,39,9036.86
2060,40,9056.99
2060,41,8992.66
2060,42,9139.41
2060,43,8986.64
2060,44,9193.95
2060,45,9014.93
2060,46,9003.68
2060,47,8962.75
2060,48,8989.26
2060,49,8915.32
2060,50,8935.06
2060,51,9057.27
2060,52,8741.06
2060,53,8940.74
2060,54,8935.18
2060,55,9122.32
2060,56,8935.57
2060,57,9144.98
2060,58,8943.74
2060,59,9169.19
2060,60,9026.39
2060,61,8853.76
2060,62,8971.74
2060,63,9173.56
2060,64,8946.84
2060,65,9089.68
2060,66,8938.16
2060,67,9073.14
2060,68,9098.25
2060,69,9119.82
2060,70,8994.86
2060,71,8746.41
2060,72,9091.69
2060,73,8920.67
2060,74,9172.33
2060,75,8901.76
2060,76,9150.26
2060,77,8824.46
2060,78,8847.98
2060,79,8970.13
2060,80,8872.02
2060,81,8708.89
2060,82,8992.16
2060,83,8961.88
2060,84,8881.76
2060,85,8838.27
2060,86,8898.58
2060,87,9138.3
2060,88,9018.61
2060,89,8902.75
2060,90,8875.64
2060,91,9309.04
2060,92,9083.28
2060,93,9049.08
2060,94,8989.79
2060,95,9004.78
2060,96,8986.16
2060,97,9070.17
2060,98,9026.09
2060,99,9062.75
2070,0,9255.64
2070,1,9016.5
2070,2,9174.19
2070,3,9005.67
2070,4,8977.66
2070,5,8913.16
2070,6,9121.46
2070,7,8831.32
2070,8,9064.42
2070,9,9270.4
2070,10,9039.45
2070,11,8826.05
2070,12,8825.04
2070,13,9116.98
2070,14,8992.31
2070,15,9034.79
2070,16,9079.35
2070,17,9075.45
2070,18,8820.24
2070,19,9003.56
2070,20,9111.7
2070,21,8963.11
2070,22,8932.24
2070,23,9045.53
2070,24,8839.43
2070,25,8840.31
2070,26,9098.41
2070,27,9129.65
2070,28,9140.8
2070,29,8841.19
2070,30,8912.71
2070,31,9129.18
2070,32,8850.77
2070,33,8805.75
2070,34,9055.17
2070,35,8826.89
2070,36,8863.39
2070,37,9120.55
2070,38,8910.09
2070,39,9036.56
2070,40,9056.69
2070,41,8992.36
2070,42,9139.11
2070,43,8986.34
2070,44,9193.65
2070,45,9014.63
2070,46,9003.38
2070,47,8962.45
2070,48,8988.96
2070,49,8915.02
2070,50,8934.76
2070,51,9056.97
2070,52,8740.76
2070,53,8940.44
2070,54,8934.88
2070,55,9122.02
2070,56,8935.27
2070,57,9144.68
2070,58,8943.44
2070,59,9168.89
2070,60,9026.09
2070,61,8853.46
2070,62,8971.44
2070,63,9173.26
2070,64,8946.54
2070,65,9089.38
2070,66,8937.86
2070,67,9072.84
2070,68,9097.95
2070,69,9119.52
2070,70,8994.56
2070,71,8746.11
2070,72,9091.39
2070,73,8920.37
2070,74,9172.03
2070,75,8901.46
2070,76,9149.96
2070,77,8824.16
2070,78,8847.68
2070,79,8969.83
2070,80,8871.72
2070,81,8708.59
2070,82,8991.86
2070,83,8961.58
2070,84,8881.46
2070,85,8837.97
2070,86,8898.28
2070,87,9138
2070,88,9018.31
2070,89,8902.45
2070,90,8875.34
2070,91,9308.74
2070,92,9082.98
2070,93,9048.78
2070,94,8989.49
2070,95,9004.48
2070,96,8985.86
2070,97,9069.87
2070,98,9025.79
2070,99,9062.45
2080,0,9245.15
2080,1,9003.59
2080,2,9161.95
2080,3,8991.41
2080,4,8962.65
2080,5,8897.38
2080,6,9108.96
2080,7,8815.04
2080,8,9051.05
2080,9,9260.13
2080,10,9025.97
2080,11,8809.09
2080,12,8813.3
2080,13,9104.25
2080,14,8977.89
2080,15,9020.53
2080,16,9066.21
2080,17,9063.25
2080,18,8803.94
2080,19,8989.15
2080,20,9099.05
2080,21,8948.5
2080,22,8915.58
2080,23,9032.1
2080,24,8822.06
2080,25,8823.6
2080,26,9085.56
2080,27,9117.35
2080,28,9130.11
2080,29,8824.44
2080,30,8897.08
2080,31,9116.81
2080,32,8834.98
2080,33,8793.59
2080,34,9041.26
2080,35,8809.93
2080,36,8846.3
2080,37,9108.02
2080,38,8894.4
2080,39,9023.15
2080,40,9043.44
2080,41,8978.49
2080,42,9126.88
2080,43,8973.24
2080,44,9182.22
2080,45,9001.12
2080,46,8989.1
2080,47,8947.85
2080,48,8974.47
2080,49,8899.18
2080,50,8919.41
2080,51,9043.17
2080,52,8722.48
2080,53,8924.84
2080,54,8918.52
2080,55,9109.39
2080,56,8919.85
2080,57,9132.6
2080,58,8928.15
2080,59,9157.09
2080,60,9012.95
2080,61,8836.92
2080,62,8956.75
2080,63,9161.51
2080,64,8931.38
2080,65,9076.48
2080,66,8922.56
2080,67,9059.57
2080,68,9086.07
2080,69,9107.04
2080,70,8980.15
2080,71,8727.94
2080,72,9077.88
2080,73,8904.84
2080,74,9160.65
2080,75,8885.41
2080,76,9137.89
2080,77,8807.23
2080,78,8835.98
2080,79,8955.04
2080,80,8854.34
2080,81,8689.78
2080,82,8977.74
2080,83,8946.83
2080,84,8865.33
2080,85,8821.21
2080,86,8882.98
2080,87,9125.67
2080,88,9004.23
2080,89,8884.99
2080,90,8859.15
2080,91,9299
2080,92,9069.9
2080,93,9035.53
2080,94,8975.07
2080,95,8990.29
2080,96,8971.16
2080,97,9056.31
2080,98,9012.64
2080,99,9049.02
2090,0,9244.85
2090,1,9003.31
2090,2,9161.66
2090,3,8991.16
2090,4,8962.39
2090,5,8897.12
2090,6,9108.68
2090,7,8814.81
2090,8,9050.79
2090,9,9259.84
2090,10,9025.72
2090,11,8808.86
2090,12,8807.83
2090,13,9103.99
2090,14,8977.62
2090,15,9020.27
2090,16,9065.93
2090,17,9062.97
2090,18,8803.72
2090,19,8988.9
2090,20,9098.77
2090,21,8948.25
2090,22,8915.34
2090,23,9031.82
2090,24,8821.84
2090,25,8823.36
2090,26,9085.28
2090,27,9117.06
2090,28,9129.82
2090,29,8824.22
2090,30,8896.84
2090,31,9116.54
2090,32,8834.71
2090,33,8788.25
2090,34,9040.98
2090,35,8809.7
2090,36,8846.07
2090,37,9107.74
2090,38,8894.15
2090,39,9022.88
2090,40,9043.18
2090,41,8978.22
2090,42,9126.59
2090,43,8972.96
2090,44,9181.95
2090,45,9000.84
2090,46,8988.84
2090,47,8947.58
2090,48,8974.22
2090,49,8898.94
2090,50,8919.16
2090,51,9042.91
2090,52,8722.25
2090,53,8924.58
2090,54,8918.29
2090,55,9109.1
2090,56,8919.59
2090,57,9132.33
2090,58,8927.9
2090,59,9156.81
2090,60,9012.65
2090,61,8836.68
2090,62,8956.52
2090,63,9161.24
2090,64,8931.14
2090,65,9076.21
2090,66,8922.33
2090,67,9059.28
2090,68,9085.8
2090,69,9106.77
2090,70,8979.88
2090,71,8727.72
2090,72,9077.62
2090,73,8904.6
2090,74,9160.35
2090,75,8885.17
2090,76,9137.6
2090,77,8807
2090,78,8830.81
2090,79,8954.76
2090,80,8854.11
2090,81,8689.56
2090,82,8977.48
2090,83,8946.59
2090,84,8865.08
2090,85,8820.98
2090,86,8882.73
2090,87,9125.39
2090,88,9004
2090,89,8884.77
2090,90,8858.92
2090,91,9298.71
2090,92,9069.64
2090,93,9035.27
2090,94,8974.84
2090,95,8990.04
2090,96,8970.93
2090,97,9056.03
2090,98,9012.36
2090,99,9048.76
2100,0,9244.55
2100,1,9003.01
2100,2,9161.36
2100,3,8990.86
2100,4,8962.09
2100,5,8896.82
2100,6,9108.38
2100,7,8814.51
2100,8,9050.49
2100,9,9259.54
2100,10,9025.42
2100,11,8808.56
2100,12,8807.53
2100,13,9103.69
2100,14,8977.32
2100,15,9019.97
2100,16,9065.63
2100,17,9062.67
2100,18,8803.42
2100,19,8988.6
2100,20,9098.47
2100,21,8947.95
2100,22,8915.04
2100,23,9031.52
2100,24,8821.54
2100,25,8823.06
2100,26,9084.98
2100,27,9116.76
2100,28,9129.52
2100,29,8823.92
2100,30,8896.54
2100,31,9116.24
2100,32,8834.41
2100,33,8787.95
2100,34,9040.68
2100,35,8809.4
2100,36,8845.77
2100,37,9107.44
2100,38,8893.85
2100,39,9022.58
2100,40,9042.88
2100,41,8977.92
2100,42,9126.29
2100,43,8972.66
2100,44,9181.65
2100,45,9000.54
2100,46,8988.54
2100,47,8947.28
2100,48,8973.92
2100,49,8898.64
2100,50,8918.86
2100,51,9042.61
2100,52,8721.95
2100,53,8924.28
2100,54,8917.99
2100,55,9108.8
2100,56,8919.29
2100,57,9132.03
2100,58,8927.6
2100,59,9156.51
2100,60,9012.35
2100,61,8836.38
2100,62,8956.22
2100,63,9160.94
2100,64,8930.84
2100,65,9075.91
2100,66,8922.03
2100,67,9058.98
2100,68,9085.5
2100,69,9106.47
2100,70,8979.58
2100,71,8727.42
2100,72,9077.32
2100,73,8904.3
2100,74,9160.05
2100,75,8884.87
2100,76,9137.3
2100,77,8806.7
2100,78,8830.51
2100,79,8954.46
2100,80,8853.81
2100,81,8689.26
2100,82,8977.18
2100,83,8946.29
2100,84,8864.78
2100,85,8820.68
2100,86,8882.43
2100,87,9125.09
2100,88,9003.7
2100,89,8884.47
2100,90,8858.62
2100,91,9298.41
2100,92,9069.34
2100,93,9034.97
2100,94,8974.54
2100,95,8989.74
2100,96,8970.63
2100,97,9055.73
2100,98,9012.06
2100,99,9048.46
2110,0,9234.05
2110,1,8989.68
2110,2,9149.91
2110,3,8976.59
2110,4,8946.73
2110,5,8880.97
2110,6,9095.86
2110,7,8803.07
2110,8,9037.1
2110,9,9249.25
2110,10,9011.74
2110,11,8796.09
2110,12,8795.77
2110,13,9090.7
2110,14,8962.88
2110,15,9007.19
2110,16,9052.48
2110,17,9049.93
2110,18,8790.27
2110,19,8975.57
2110,20,9085.8
2110,21,8932.73
2110,22,8901.35
2110,23,9018.08
2110,24,8808.86
2110,25,8810.09
2110,26,9072.12
2110,27,9102.12
2110,28,9114.99
2110,29,8812
2110,30,8885.12
2110,31,9103.86
2110,32,8818.18
2110,33,8775.78
2110,34,9027.01
2110,35,8796.94
2110,36,8833.32
2110,37,9094.84
2110,38,8878.14
2110,39,9008.55
2110,40,9029.04
2110,41,8967.37
2110,42,9114.04
2110,43,8960.91
2110,44,9170.19
2110,45,8987.26
2110,46,8974.24
2110,47,8932.67
2110,48,8959.22
2110,49,8886.74
2110,50,8903.56
2110,51,9028.55
2110,52,8708.14
2110,53,8907.63
2110,54,8906.17
2110,55,9096.15
2110,56,8908.1
2110,57,9119.9
2110,58,8912.39
2110,59,9144.72
2110,60,8998.46
2110,61,8823.95
2110,62,8945.81
2110,63,9149.17
2110,64,8919.77
2110,65,9062.98
2110,66,8911.31
2110,67,9045.77
2110,68,9072.32
2110,69,9093.98
2110,70,8965.16
2110,71,8714.09
2110,72,9064.7
2110,73,8892.6
2110,74,9148.65
2110,75,8872.94
2110,76,9125.22
2110,77,8793.88
2110,78,8818.8
2110,79,8939.71
2110,80,8839.28
2110,81,8675.33
2110,82,8962.51
2110,83,8934.17
2110,84,8848.64
2110,85,8808.27
2110,86,8870.71
2110,87,9112.69
2110,88,8993.76
2110,89,8870.58
2110,90,8846.73
2110,91,9288.66
2110,92,9056.24
2110,93,9021.15
2110,94,8964.3
2110,95,8975.53
2110,96,8959.99
2110,97,9042.21
2110,98,8997.63
2110,99,9035.26
2120,0,9233.76
2120,1,8989.42
2120,2,9149.64
2120,3,8976.34
2120,4,8946.48
2120,5,8880.73
2120,6,9095.59
2120,7,8797.96
2120,8,9036.85
2120,9,9248.98
2120,10,9011.51
2120,11,8791.36
2120,12,8790.32
2120,13,9090.44
2120,14,8962.62
2120,15,9006.94
2120,16,9052.22
2120,17,9046.42
2120,18,8785.17
2120,19,8975.33
2120,20,9085.54
2120,21,8932.49
2120,22,8897.21
2120,23,9014.58
2120,24,8803.94
2120,25,8805.76
2120,26,9071.85
2120,27,9101.87
2120,28,9114.74
2120,29,8806.96
2120,30,8880.63
2120,31,9103.61
2120,32,8817.92
2120,33,8770.45
2120,34,9026.75
2120,35,8792.21
2120,36,8828.46
2120,37,9094.57
2120,38,8877.9
2120,39,9008.31
2120,40,9028.79
2120,41,8962.73
2120,42,9113.76
2120,43,8956.87
2120,44,9169.94
2120,45,8983.38
2120,46,8974
2120,47,8932.42
2120,48,8958.98
2120,49,8882.56
2120,50,8903.32
2120,51,9028.3
2120,52,8703.45
2120,53,8907.38
2120,54,8901.49
2120,55,9095.87
2120,56,8903.96
2120,57,9119.64
2120,58,8912.16
2120,59,9144.46
2120,60,8998.2
2120,61,8819.6
2120,62,8941.29
2120,63,9148.91
2120,64,8915.44
2120,65,9062.73
2120,66,8906.5
2120,67,9045.49
2120,68,9072.06
2120,69,9093.72
2120,70,8964.9
2120,71,8709.03
2120,72,9064.45
2120,73,8888.53
2120,74,9148.35
2120,75,8868.53
2120,76,9124.94
2120,77,8789.4
2120,78,8813.64
2120,79,8939.44
2120,80,8839.03
2120,81,8670.28
2120,82,8962.27
2120,83,8929.78
2120,84,8848.4
2120,85,8803.68
2120,86,8866.87
2120,87,9112.43
2120,88,8989.38
2120,89,8864.93
2120,90,8842.2
2120,91,9288.38
2120,92,9055.99
2120,93,9020.9
2120,94,8959.88
2120,95,8969.7
2120,96,8955.69
2120,97,9041.94
2120,98,8997.36
2120,99,9035.01
2130,0,9233.46
2130,1,8989.12
2130,2,9149.34
2130,3,8976.04
2130,4,8946.18
2130,5,8880.43
2130,6,9095.29
2130,7,8797.66
2130,8,9036.55
2130,9,9248.68
2130,10,9011.21
2130,11,8791.06
2130,12,8790.02
2130,13,9090.14
2130,14,8962.32
2130,15,9006.64
2130,16,9051.92
2130,17,9046.12
2130,18,8784.87
2130,19,8975.03
2130,20,9085.24
2130,21,8932.19
2130,22,8896.91
2130,23,9014.28
2130,24,8803.64
2130,25,8805.46
2130,26,9071.55
2130,27,9101.57
2130,28,9114.44
2130,29,8806.66
2130,30,8880.33
2130,31,9103.31
2130,32,8817.62
2130,33,8770.15
2130,34,9026.45
2130,35,8791.91
2130,36,8828.16
2130,37,9094.27
2130,38,8877.6
2130,39,9008.01
2130,40,9028.49
2130,41,8962.43
2130,42,9113.46
2130,43,8956.57
2130,44,9169.64
2130,45,8983.08
2130,46,8973.7
2130,47,8932.12
2130,48,8958.68
2130,49,8882.26
2130,50,8903.02
2130,51,9028
2130,52,8703.15
2130,53,8907.08
2130,54,8901.19
2130,55,9095.57
2130,56,8903.66
2130,57,9119.34
2130,58,8911.86
2130,59,9144.16
2130,60,8997.9
2130,61,8819.3
2130,62,8940.99
2130,63,9148.61
2130,64,8915.14
2130,65,9062.43
2130,66,8906.2
2130,67,9045.19
2130,68,9071.76
2130,69,9093.42
2130,70,8964.6
2130,71,8708.73
2130,72,9064.15
2130,73,8888.23
2130,74,9148.05
2130,75,8868.23
2130,76,9124.64
2130,77,8789.1
2130,78,8813.34
2130,79,8939.14
2130,80,8838.73
2130,81,8669.98
2130,82,8961.97
2130,83,8929.48
2130,84,8848.1
2130,85,8803.38
2130,86,8866.57
2130,87,9112.13
2130,88,8989.08
2130,89,8864.63
2130,90,8841.9
2130,91,9288.08
2130,92,9055.69
2130,93,9020.6
2130,94,8959.58
2130,95,8969.4
2130,96,8955.39
2130,97,9041.64
2130,98,8997.06
2130,99,9034.71
2140,0,9222.95
2140,1,8976.17
2140,2,9137.88
2140,3,8964.91
2140,4,8933.97
2140,5,8867.75
2140,6,9082.76
2140,7,8786.24
2140,8,9025.97
2140,9,9238.37
2140,10,9001.34
2140,11,8778.58
2140,12,8778.25
2140,13,9080.51
2140,14,8947.87
2140,15,8995.03
2140,16,9038.75
2140,17,9033.89
2140,18,8771.64
2140,19,8963.88
2140,20,9074.75
2140,21,8916.64
2140,22,8884.14
2140,23,9000.83
2140,24,8790.95
2140,25,8792.9
2140,26,9058.67
2140,27,9089.35
2140,28,9102.65
2140,29,8794.92
2140,30,8868.94
2140,31,9093.67
2140,32,8801.79
2140,33,8757.97
2140,34,9016.99
2140,35,8779.44
2140,36,8815.69
2140,37,9082.15
2140,38,8865.3
2140,39,8998.11
2140,40,9015.87
2140,41,8948.52
2140,42,9101.2
2140,43,8943.44
2140,44,9160.59
2140,45,8970.51
2140,46,8962.49
2140,47,8917.49
2140,48,8947.6
2140,49,8870.35
2140,50,8891.05
2140,51,9018.49
2140,52,8689.33
2140,53,8893.85
2140,54,8889.71
2140,55,9082.9
2140,56,8892.39
2140,57,9109
2140,58,8899.98
2140,59,9134.43
2140,60,8986.45
2140,61,8806.85
2140,62,8930.57
2140,63,9139.15
2140,64,8904.06
2140,65,9051.96
2140,66,8895.46
2140,67,9031.97
2140,68,9060.71
2140,69,9080.67
2140,70,8952.29
2140,71,8695.38
2140,72,9053.71
2140,73,8876.52
2140,74,9136.64
2140,75,8856.34
2140,76,9112.54
2140,77,8776.4
2140,78,8801.62
2140,79,8924.37
2140,80,8824.19
2140,81,8655.99
2140,82,8950.46
2140,83,8918.88
2140,84,8835
2140,85,8790.96
2140,86,8853.65
2140,87,9101.99
2140,88,8979.13
2140,89,8852.8
2140,90,8829.99
2140,91,9278.51
2140,92,9045.53
2140,93,9009.5
2140,94,8949.33
2140,95,8955.18
2140,96,8944.74
2140,97,9027.48
2140,98,8983.88
2140,99,9024.22
2150,0,9222.67
2150,1,8975.92
2150,2,9137.62
2150,3,8961.53
2150,4,8930.92
2150,5,8864.38
2150,6,9082.51
2150,7,8781.14
2150,8,9022.91
2150,9,9238.12
2150,10,8997.62
2150,11,8773.87
2150,12,8772.81
2150,13,9077.77
2150,14,8947.63
2150,15,8992.11
2150,16,9038.5
2150,17,9033.64
2150,18,8766.56
2150,19,8960.41
2150,20,9072.31
2150,21,8916.41
2150,22,8880.01
2150,23,9000.57
2150,24,8786.04
2150,25,8788.58
2150,26,9058.42
2150,27,9089.1
2150,28,9102.39
2150,29,8789.89
2150,30,8864.46
2150,31,9090.67
2150,32,8801.54
2150,33,8752.65
2150,34,9014.44
2150,35,8774.72
2150,36,8810.84
2150,37,9081.9
2150,38,8861.66
2150,39,8995.01
2150,40,9015.61
2150,41,8948.29
2150,42,9100.94
2150,43,8939.42
2150,44,9157.93
2150,45,8970.26
2150,46,8959.15
2150,47,8917.25
2150,48,8943.94
2150,49,8866.18
2150,50,8887.33
2150,51,9015.42
2150,52,8684.65
2150,53,8890.79
2150,54,8885.05
2150,55,9082.64
2150,56,8888.27
2150,57,9106.33
2150,58,8896.31
2150,59,9131.99
2150,60,8983.77
2150,61,8802.52
2150,62,8926.07
2150,63,9136.81
2150,64,8899.75
2150,65,9049.25
2150,66,8890.66
2150,67,9031.7
2150,68,9058.03
2150,69,9080.41
2150,70,8949.92
2150,71,8690.34
2150,72,9050.88
2150,73,8872.46
2150,74,9136.35
2150,75,8851.95
2150,76,9112.28
2150,77,8771.93
2150,78,8796.48
2150,79,8924.12
2150,80,8823.95
2150,81,8650.95
2150,82,8946.99
2150,83,8914.49
2150,84,8831.72
2150,85,8786.39
2150,86,8849.84
2150,87,9099.52
2150,88,8974.77
2150,89,8847.13
2150,90,8825.47
2150,91,9278.25
2150,92,9042.35
2150,93,9006.48
2150,94,8944.93
2150,95,8954.95
2150,96,8940.46
2150,97,9027.23
2150,98,8983.63
2150,99,9021.26
2160,0,9222.37
2160,1,8975.62
2160,2,9137.32
2160,3,8961.23
2160,4,8930.62
2160,5,8864.08
2160,6,9082.21
2160,7,8780.84
2160,8,9022.61
2160,9,9237.82
2160,10,8997.32
2160,11,8773.57
2160,12,8772.51
2160,13,9077.47
2160,14,8947.33
2160,15,8991.81
2160,16,9038.2
2160,17,9033.34
2160,18,8766.26
2160,19,8960.11
2160,20,9072.01
2160,21,8916.11
2160,22,8879.71
2160,23,9000.27
2160,24,8785.74
2160,25,8788.28
2160,26,9058.12
2160,27,9088.8
2160,28,9102.09
2160,29,8789.59
2160,30,8864.16
2160,31,9090.37
2160,32,8801.24
2160,33,8752.35
2160,34,9014.14
2160,35,8774.42
2160,36,8810.54
2160,37,9081.6
2160,38,8861.36
2160,39,8994.71
2160,40,9015.31
2160,41,8947.99
2160,42,9100.64
2160,43,8939.12
2160,44,9157.63
2160,45,8969.96
2160,46,8958.85
2160,47,8916.95
2160,48,8943.64
2160,49,8865.88
2160,50,8887.03
2160,51,9015.12
2160,52,8684.35
2160,53,8890.49
2160,54,8884.75
2160,55,9082.34
2160,56,8887.97
2160,57,9106.03
2160,58,8896.01
2160,59,9131.69
2160,60,8983.47
2160,61,8802.22
2160,62,8925.77
2160,63,9136.51
2160,64,8899.45
2160,65,9048.95
2160,66,8890.36
2160,67,9031.4
2160,68,9057.73
2160,69,9080.11
2160,70,8949.62
2160,71,8690.04
2160,72,9050.58
2160,73,8872.16
2160,74,9136.05
2160,75,8851.65
2160,76,9111.98
2160,77,8771.63
2160,78,8796.18
2160,79,8923.82
2160,80,8823.65
2160,81,8650.65
2160,82,8946.69
2160,83,8914.19
2160,84,8831.42
2160,85,8786.09
2160,86,8849.54
2160,87,9099.22
2160,88,8974.47
2160,89,8846.83
2160,90,8825.17
2160,91,9277.95
2160,92,9042.05
2160,93,9006.18
2160,94,8944.63
2160,95,8954.65
2160,96,8940.16
2160,97,9026.93
2160,98,8983.33
2160,99,9020.96
2170,0,9212.61
2170,1,8966.68
2170,2,9126.45
2170,3,8950.08
2170,4,8918.39
2170,5,8851.39
2170,6,9069.66
2170,7,8769.42
2170,8,9012.02
2170,9,9229.15
2170,10,8987.29
2170,11,8761.07
2170,12,8760.72
2170,13,9067.2
2170,14,8937.03
2170,15,8980.19
2170,16,9025.02
2170,17,9021.09
2170,18,8754.83
2170,19,8948.91
2170,20,9061.5
2170,21,8906.29
2170,22,8866.93
2170,23,8986.8
2170,24,8773.04
2170,25,8775.64
2170,26,9045.23
2170,27,9076.45
2170,28,9091.35
2170,29,8777.64
2170,30,8852.76
2170,31,9080.73
2170,32,8785.43
2170,33,8740.15
2170,34,9002.49
2170,35,8761.93
2170,36,8798.06
2170,37,9071.47
2170,38,8849.04
2170,39,8984.12
2170,40,9004.88
2170,41,8938.37
2170,42,9088.37
2170,43,8925.98
2170,44,9148.57
2170,45,8956.4
2170,46,8947.63
2170,47,8906.72
2170,48,8932.54
2170,49,8853.96
2170,50,8875.1
2170,51,9004.1
2170,52,8670.51
2170,53,8877.26
2170,54,8872.81
2170,55,9069.66
2170,56,8876.87
2170,57,9096.31
2170,58,8884.15
2170,59,9122
2170,60,8970.28
2170,61,8789.76
2170,62,8915.33
2170,63,9126.81
2170,64,8888.35
2170,65,9038.29
2170,66,8879.61
2170,67,9019.43
2170,68,9048.25
2170,69,9069.88
2170,70,8937.3
2170,71,8676.68
2170,72,9039.62
2170,73,8860.44
2170,74,9124.6
2170,75,8841.75
2170,76,9101.3
2170,77,8758.92
2170,78,8784.44
2170,79,8910.8
2170,80,8810.62
2170,81,8636.64
2170,82,8935.77
2170,83,8903.58
2170,84,8818.3
2170,85,8773.65
2170,86,8836.63
2170,87,9089.07
2170,88,8964.5
2170,89,8835.9
2170,90,8813.26
2170,91,9269.58
2170,92,9031.87
2170,93,8995.68
2170,94,8934.37
2170,95,8940.41
2170,96,8929.5
2170,97,9014.05
2170,98,8972.14
2170,99,9010.18
2180,0,9211.58
2180,1,8962.44
2180,2,9124.78
2180,3,8946.72
2180,4,8915.35
2180,5,8848.04
2180,6,9069.42
2180,7,8764.34
2180,8,9008.97
2180,9,9227.25
2180,10,8983.59
2180,11,8756.37
2180,12,8755.3
2180,13,9064.48
2180,14,8932.63
2180,15,8977.28
2180,16,9024.79
2180,17,9020.86
2180,18,8749.74
2180,19,8945.45
2180,20,9059.08
2180,21,8901.25
2180,22,8862.81
2180,23,8986.56
2180,24,8768.15
2180,25,8771.34
2180,26,9044.99
2180,27,9076.21
2180,28,9091.1
2180,29,8772.63
2180,30,8848.3
2180,31,9077.74
2180,32,8785.19
2180,33,8734.86
2180,34,8999.96
2180,35,8757.23
2180,36,8793.23
2180,37,9069.23
2180,38,8845.42
2180,39,8981.04
2180,40,9001.8
2180,41,8933.85
2180,42,9088.12
2180,43,8925.74
2180,44,9145.92
2180,45,8956.17
2180,46,8944.31
2180,47,8902.08
2180,48,8928.9
2180,49,8849.8
2180,50,8871.39
2180,51,9001.06
2180,52,8665.85
2180,53,8874.18
2180,54,8868.16
2180,55,9069.42
2180,56,8872.28
2180,57,9093.65
2180,58,8880.49
2180,59,9119.58
2180,60,8970.03
2180,61,8785.44
2180,62,8910.85
2180,63,9124.49
2180,64,8884.05
2180,65,9035.6
2180,66,8874.83
2180,67,9017.81
2180,68,9045.59
2180,69,9067.36
2180,70,8934.94
2180,71,8671.65
2180,72,9036.81
2180,73,8856.39
2180,74,9124.33
2180,75,8837.14
2180,76,9099.62
2180,77,8754.47
2180,78,8779.31
2180,79,8908.75
2180,80,8806.04
2180,81,8631.62
2180,82,8932.3
2180,83,8899.2
2180,84,8815.04
2180,85,8769.09
2180,86,8832.83
2180,87,9086.61
2180,88,8960.15
2180,89,8829.15
2180,90,8808.75
2180,91,9267.92
2180,92,9028.71
2180,93,8992.67
2180,94,8929.98
2180,95,8940.2
2180,96,8925.23
2180,97,9011.82
2180,98,8969.9
2180,99,9007.23
2190,0,9211.28
2190,1,8962.14
2190,2,9124.48
2190,3,8946.42
2190,4,8915.05
2190,5,8847.74
2190,6,9069.12
2190,7,8764.04
2190,8,9008.67
2190,9,9226.95
2190,10,8983.29
2190,11,8756.07
2190,12,8755
2190,13,9064.18
2190,14,8932.33
2190,15,8976.98
2190,16,9024.49
2190,17,9020.56
2190,18,8749.44
2190,19,8945.15
2190,20,9058.78
2190,21,8900.95
2190,22,8862.51
2190,23,8986.26
2190,24,8767.85
2190,25,8771.04
2190,26,9044.69
2190,27,9075.91
2190,28,9090.8
2190,29,8772.33
2190,30,8848
2190,31,9077.44
2190,32,8784.89
2190,33,8734.56
2190,34,8999.66
2190,35,8756.93
2190,36,8792.93
2190,37,9068.93
2190,38,8845.12
2190,39,8980.74
2190,40,9001.5
2190,41,8933.55
2190,42,9087.82
2190,43,8925.44
2190,44,9145.62
2190,45,8955.87
2190,46,8944.01
2190,47,8901.78
2190,48,8928.6
2190,49,8849.5
2190,50,8871.09
2190,51,9000.76
2190,52,8665.55
2190,53,8873.88
2190,54,8867.86
2190,55,9069.12
2190,56,8871.98
2190,57,9093.35
2190,58,8880.19
2190,59,9119.28
2190,60,8969.73
2190,61,8785.14
2190,62,8910.55
2190,63,9124.19
2190,64,8883.75
2190,65,9035.3
2190,66,8874.53
2190,67,9017.51
2190,68,9045.29
2190,69,9067.06
2190,70,8934.64
2190,71,8671.35
2190,72,9036.51
2190,73,8856.09
2190,74,9124.03
2190,75,8836.84
2190,76,9099.32
2190,77,8754.17
2190,78,8779.01
2190,79,8908.45
2190,80,8805.74
2190,81,8631.32
2190,82,8932
2190,83,8898.9
2190,84,8814.74
2190,85,8768.79
2190,86,8832.53
2190,87,9086.31
2190,88,8959.85
2190,89,8828.85
2190,90,8808.45
2190,91,9267.62
2190,92,9028.41
2190,93,8992.37
2190,94,8929.68
2190,95,8939.9
2190,96,8924.93
2190,97,9011.52
2190,98,8969.6
2190,99,9006.93
2200,0,9201.51
2200,1,8953.22
2200,2,9113.6
2200,3,8935.26
2200,4,8902.81
2200,5,8835.07
2200,6,9056.56
2200,7,8752.64
2200,8,8998.06
2200,9,9218.27
2200,10,8973.25
2200,11,8743.56
2200,12,8743.2
2200,13,9053.89
2200,14,8922.02
2200,15,8965.35
2200,16,9011.3
2200,17,9011.49
2200,18,8737.96
2200,19,8933.93
2200,20,9048.26
2200,21,8891.85
2200,22,8849.71
2200,23,8976.28
2200,24,8755.12
2200,25,8758.38
2200,26,9031.78
2200,27,9063.54
2200,28,9083.03
2200,29,8760.36
2200,30,8836.58
2200,31,9067.78
2200,32,8772.8
2200,33,8722.34
2200,34,8987.99
2200,35,8746.35
2200,36,8782.36
2200,37,9058.37
2200,38,8832.78
2200,39,8970.12
2200,40,8990.72
2200,41,8923.92
2200,42,9078.49
2200,43,8912.28
2200,44,9136.54
2200,45,8946.01
2200,46,8932.78
2200,47,8891.54
2200,48,8917.49
2200,49,8838.85
2200,50,8859.22
2200,51,8989.73
2200,52,8651.69
2200,53,8860.72
2200,54,8855.91
2200,55,9059.54
2200,56,8860.87
2200,57,9083.68
2200,58,8868.36
2200,59,9109.65
2200,60,8959.49
2200,61,8772.66
2200,62,8900.09
2200,63,9114.46
2200,64,8872.64
2200,65,9024.62
2200,66,8863.76
2200,67,9005.59
2200,68,9035.79
2200,69,9056.81
2200,70,8922.3
2200,71,8657.98
2200,72,9025.53
2200,73,8844.35
2200,74,9112.62
2200,75,8824.84
2200,76,9088.62
2200,77,8741.45
2200,78,8767.26
2200,79,8895.41
2200,80,8792.68
2200,81,8617.35
2200,82,8921.08
2200,83,8888.27
2200,84,8801.61
2200,85,8756.34
2200,86,8819.63
2200,87,9076.19
2200,88,8949.87
2200,89,8814.92
2200,90,8796.52
2200,91,9259.24
2200,92,9018.22
2200,93,8981.86
2200,94,8919.4
2200,95,8925.65
2200,96,8914.25
2200,97,8999.88
2200,98,8957.13
2200,99,8996.22
2210,0,9200.49
2210,1,8948.99
2210,2,9111.94
2210,3,8931.91
2210,4,8899.78
2210,5,8831.74
2210,6,9056.33
2210,7,8747.57
2210,8,8995.04
2210,9,9216.39
2210,10,8969.56
2210,11,8738.88
2210,12,8737.79
2210,13,9051.19
2210,14,8917.64
2210,15,8962.46
2210,16,9011.07
2210,17,9007.63
2210,18,8732.89
2210,19,8930.49
2210,20,9045.84
2210,21,8886.82
2210,22,8845.61
2210,23,8972.56
2210,24,8750.25
2210,25,8754.09
2210,26,9031.56
2210,27,9063.32
2210,28,9079.82
2210,29,8755.36
2210,30,8832.14
2210,31,9064.81
2210,32,8768.88
2210,33,8717.06
2210,34,8985.47
2210,35,8739.74
2210,36,8777.28
2210,37,9056.15
2210,38,8829.17
2210,39,8967.06
2210,40,8987.66
2210,41,8919.4
2210,42,9075.29
2210,43,8912.06
2210,44,9133.91
2210,45,8942.08
2210,46,8929.46
2210,47,8886.92
2210,48,8913.86
2210,49,8834.7
2210,50,8855.52
2210,51,8986.7
2210,52,8647.04
2210,53,8857.66
2210,54,8851.28
2210,55,9056.19
2210,56,8856.29
2210,57,9081.03
2210,58,8864.71
2210,59,9107.24
2210,60,8956.3
2210,61,8768.36
2210,62,8895.62
2210,63,9112.16
2210,64,8868.35
2210,65,9021.95
2210,66,8859
2210,67,9003.98
2210,68,9033.14
2210,69,9054.31
2210,70,8919.96
2210,71,8652.97
2210,72,9022.73
2210,73,8840.33
2210,74,9112.32
2210,75,8820.47
2210,76,9086.96
2210,77,8737
2210,78,8762.14
2210,79,8893.37
2210,80,8788.12
2210,81,8612.35
2210,82,8917.62
2210,83,8883.91
2210,84,8798.36
2210,85,8751.8
2210,86,8815.85
2210,87,9073.74
2210,88,8945.53
2210,89,8814.72
2210,90,8792.03
2210,91,9257.59
2210,92,9015.06
2210,93,8978.86
2210,94,8915.02
2210,95,8925.45
2210,96,8909.99
2210,97,8997.64
2210,98,8954.91
2210,99,8993.29
2220,0,9200.19
2220,1,8948.69
2220,2,9111.64
2220,3,8931.61
2220,4,8899.48
2220,5,8831.44
2220,6,9056.03
2220,7,8747.27
2220,8,8994.74
2220,9,9216.09
2220,10,8969.26
2220,11,8738.58
2220,12,8737.49
2220,13,9050.89
2220,14,8917.34
2220,15,8962.16
2220,16,9010.77
2220,17,9007.33
2220,18,8732.59
2220,19,8930.19
2220,20,9045.54
2220,21,8886.52
2220,22,8845.31
2220,23,8972.26
2220,24,8749.95
2220,25,8753.79
2220,26,9031.26
2220,27,9063.02
2220,28,9079.52
2220,29,8755.06
2220,30,8831.84
2220,31,9064.51
2220,32,8768.58
2220,33,8716.76
2220,34,8985.17
2220,35,8739.44
2220,36,8776.98
2220,37,9055.85
2220,38,8828.87
2220,39,8966.76
2220,40,8987.36
2220,41,8919.1
2220,42,9074.99
2220,43,8911.76
2220,44,9133.61
2220,45,8941.78
2220,46,8929.16
2220,47,8886.62
2220,48,8913.56
2220,49,8834.4
2220,50,8855.22
2220,51,8986.4
2220,52,8646.74
2220,53,8857.36
2220,54,8850.98
2220,55,9055.89
2220,56,8855.99
2220,57,9080.73
2220,58,8864.41
2220,59,9106.94
2220,60,8956
2220,61,8768.06
2220,62,8895.32
2220,63,9111.86
2220,64,8868.05
2220,65,9021.65
2220,66,8858.7
2220,67,9003.68
2220,68,9032.84
2220,69,9054.01
2220,70,8919.66
2220,71,8652.67
2220,72,9022.43
2220,73,8840.03
2220,74,9112.02
2220,75,8820.17
2220,76,9086.66
2220,77,8736.7
2220,78,8761.84
2220,79,8893.07
2220,80,8787.82
2220,81,8612.05
2220,82,8917.32
2220,83,8883.61
2220,84,8798.06
2220,85,8751.5
2220,86,8815.55
2220,87,9073.44
2220,88,8945.23
2220,89,8814.42
2220,90,8791.73
2220,91,9257.29
2220,92,9014.76
2220,93,8978.56
2220,94,8914.72
2220,95,8925.15
2220,96,8909.69
2220,97,8997.34
2220,98,8954.61
2220,99,8992.99
2230,0,9190.4
2230,1,8938.9
2230,2,9101.57
2230,3,8920.43
2230,4,8887.22
2230,5,8819.54
2230,6,9043.46
2230,7,8733.89
2230,8,8984.98
2230,9,9207.39
2230,10,8959.94
2230,11,8726.05
2230,12,8725.68
2230,13,9040.74
2230,14,8907.01
2230,15,8952.94
2230,16,8997.57
2230,17,8998.71
2230,18,8721.12
2230,19,8920.36
2230,20,9035.01
2230,21,8876.04
2230,22,8832.5
2230,23,8962.26
2230,24,8739.89
2230,25,8742.47
2230,26,9018.34
2230,27,9051.13
2230,28,9070.24
2230,29,8743.08
2230,30,8820.41
2230,31,9054.83
2230,32,8756
2230,33,8704.53
2230,34,8973.67
2230,35,8728.54
2230,36,8766.39
2230,37,9045.17
2230,38,8816.52
2230,39,8956.13
2230,40,8976.79
2230,41,8909.29
2230,42,9065.65
2230,43,8899.96
2230,44,9124.52
2230,45,8931.91
2230,46,8917.92
2230,47,8876.36
2230,48,8903.35
2230,49,8826.39
2230,50,8843.93
2230,51,8976.85
2230,52,8635.82
2230,53,8846.34
2230,54,8839.84
2230,55,9046.3
2230,56,8844.71
2230,57,9070.94
2230,58,8852.66
2230,59,9097.18
2230,60,8944.32
2230,61,8757.89
2230,62,8884.86
2230,63,9102.12
2230,64,8856.93
2230,65,9011.13
2230,66,8847.92
2230,67,8991.88
2230,68,9021.59
2230,69,9043.74
2230,70,8907.31
2230,71,8639.28
2230,72,9011.97
2230,73,8828.39
2230,74,9100.62
2230,75,8808.22
2230,76,9075.95
2230,77,8723.97
2230,78,8750.07
2230,79,8880.08
2230,80,8774.75
2230,81,8601.5
2230,82,8905.8
2230,83,8872.97
2230,84,8784.92
2230,85,8742.48
2230,86,8804.34
2230,87,9063.19
2230,88,8935.24
2230,89,8803.66
2230,90,8779.78
2230,91,9249.11
2230,92,9004.56
2230,93,8967.44
2230,94,8904.43
2230,95,8916.55
2230,96,8900.89
2230,97,8985.22
2230,98,8942.12
2230,99,8982.46
2240,0,9189.4
2240,1,8934.69
2240,2,9099.01
2240,3,8917.1
2240,4,8884.21
2240,5,8815.32
2240,6,9043.25
2240,7,8728.86
2240,8,8981.1
2240,9,9205.53
2240,10,8955.44
2240,11,8721.38
2240,12,8720.28
2240,13,9038.06
2240,14,8902.64
2240,15,8947.63
2240,16,8997.36
2240,17,8994.86
2240,18,8714.3
2240,19,8915.43
2240,20,9032.61
2240,21,8871.03
2240,22,8831.32
2240,23,8958.55
2240,24,8732.35
2240,25,8736.84
2240,26,9018.13
2240,27,9050.33
2240,28,9067.05
2240,29,8738.1
2240,30,8815.92
2240,31,9051.87
2240,32,8752.1
2240,33,8699.26
2240,34,8971.17
2240,35,8722.25
2240,36,8759.66
2240,37,9042.96
2240,38,8812.93
2240,39,8953.08
2240,40,8973.74
2240,41,8904.8
2240,42,9062.47
2240,43,8895.25
2240,44,9121.9
2240,45,8927.98
2240,46,8914.62
2240,47,8871.75
2240,48,8899.12
2240,49,8818.32
2240,50,8839.55
2240,51,8972.25
2240,52,8628.24
2240,53,8842.94
2240,54,8834.3
2240,55,9042.96
2240,56,8840.62
2240,57,9068.31
2240,58,8849
2240,59,9094.78
2240,60,8941.69
2240,61,8751.28
2240,62,8880.4
2240,63,9099.83
2240,64,8852.66
2240,65,9008.47
2240,66,8843.16
2240,67,8990.29
2240,68,9018.95
2240,69,9041.26
2240,70,8904.98
2240,71,8634.28
2240,72,9009.19
2240,73,8824.26
2240,74,9100.33
2240,75,8803.86
2240,76,9074.3
2240,77,8719.54
2240,78,8744.98
2240,79,8878.05
2240,80,8770.2
2240,81,8593.07
2240,82,8902.36
2240,83,8868.63
2240,84,8781.68
2240,85,8734.51
2240,86,8799.99
2240,87,9060.76
2240,88,8930.92
2240,89,8796.94
2240,90,8775.3
2240,91,9247.48
2240,92,9001.42
2240,93,8964.46
2240,94,8900.07
2240,95,8910.7
2240,96,8893.08
2240,97,8983.01
2240,98,8939.91
2240,99,8979.25
2250,0,9189.1
2250,1,8934.39
2250,2,9098.71
2250,3,8916.8
2250,4,8883.91
2250,5,8815.02
2250,6,9042.95
2250,7,8728.56
2250,8,8980.8
2250,9,9205.23
2250,10,8955.14
2250,11,8721.08
2250,12,8719.98
2250,13,9037.76
2250,14,8902.34
2250,15,8947.33
2250,16,8997.06
2250,17,8994.56
2250,18,8714
2250,19,8915.13
2250,20,9032.31
2250,21,8870.73
2250,22,8831.02
2250,23,8958.25
2250,24,8732.05
2250,25,8736.54
2250,26,9017.83
2250,27,9050.03
2250,28,9066.75
2250,29,8737.8
2250,30,8815.62
2250,31,9051.57
2250,32,8751.8
2250,33,8698.96
2250,34,8970.87
2250,35,8721.95
2250,36,8759.36
2250,37,9042.66
2250,38,8812.63
2250,39,8952.78
2250,40,8973.44
2250,41,8904.5
2250,42,9062.17
2250,43,8894.95
2250,44,9121.6
2250,45,8927.68
2250,46,8914.32
2250,47,8871.45
2250,48,8898.82
2250,49,8818.02
2250,50,8839.25
2250,51,8971.95
2250,52,8627.94
2250,53,8842.64
2250,54,8834
2250,55,9042.66
2250,56,8840.32
2250,57,9068.01
2250,58,8848.7
2250,59,9094.48
2250,60,8941.39
2250,61,8750.98
2250,62,8880.1
2250,63,9099.53
2250,64,8852.36
2250,65,9008.17
2250,66,8842.86
2250,67,8989.99
2250,68,9018.65
2250,69,9040.96
2250,70,8904.68
2250,71,8633.98
2250,72,9008.89
2250,73,8823.96
2250,74,9100.03
2250,75,8803.56
2250,76,9074
2250,77,8719.24
2250,78,8744.68
2250,79,8877.75
2250,80,8769.9
2250,81,8592.77
2250,82,8902.06
2250,83,8868.33
2250,84,8781.38
2250,85,8734.21
2250,86,8799.69
2250,87,9060.46
2250,88,8930.62
2250,89,8796.64
2250,90,8775
2250,91,9247.18
2250,92,9001.12
2250,93,8964.16
2250,94,8899.77
2250,95,8910.4
2250,96,8892.78
2250,97,8982.71
2250,98,8939.61
2250,99,8978.95
2260,0,9179.92
2260,1,8925.39
2260,2,9088.62
2260,3,8905.61
2260,4,8871.64
2260,5,8804.94
2260,6,9032.38
2260,7,8719.41
2260,8,8971.03
2260,9,9196.81
2260,10,8946.09
2260,11,8710.71
2260,12,8709.4
2260,13,9028.06
2260,14,8892
2260,15,8938.1
2260,16,8984.98
2260,17,8985.3
2260,18,8707.06
2260,19,8905.29
2260,20,9021.77
2260,21,8861.6
2260,22,8818.19
2260,23,8948.24
2260,24,8721.98
2260,25,8725.21
2260,26,9006.12
2260,27,9039.07
2260,28,9057.45
2260,29,8728.76
2260,30,8806.04
2260,31,9043.25
2260,32,8739.61
2260,33,8691.02
2260,34,8962.08
2260,35,8713.35
2260,36,8748.76
2260,37,9033.25
2260,38,8803.33
2260,39,8943.32
2260,40,8964.44
2260,41,8894.61
2260,42,9052.95
2260,43,8883.13
2260,44,9112.5
2260,45,8916.65
2260,46,8903.26
2260,47,8861.17
2260,48,8888.66
2260,49,8810
2260,50,8827.93
2260,51,8962.82
2260,52,8617
2260,53,8831.54
2260,54,8824.15
2260,55,9033.75
2260,56,8829.18
2260,57,9059.01
2260,58,8840.74
2260,59,9085.01
2260,60,8929.7
2260,61,8740.79
2260,62,8869.62
2260,63,9090.02
2260,64,8841.21
2260,65,8999.95
2260,66,8832.07
2260,67,8981.07
2260,68,9007.61
2260,69,9030.68
2260,70,8893.72
2260,71,8624.81
2260,72,8998.79
2260,73,8817.67
2260,74,9088.67
2260,75,8791.54
2260,76,9063.27
2260,77,8707.84
2260,78,8735.75
2260,79,8864.75
2260,80,8759.72
2260,81,8582.29
2260,82,8892.33
2260,83,8857.67
2260,84,8771.94
2260,85,8725.17
2260,86,8788.79
2260,87,9051.38
2260,88,8920.86
2260,89,8788.25
2260,90,8767.21
2260,91,9238.77
2260,92,8991.93
2260,93,8953.62
2260,94,8889.46
2260,95,8901.78
2260,96,8883.96
2260,97,8972.24
2260,98,8927.1
2260,99,8969.1
2270,0,9178.31
2270,1,8920.39
2270,2,9086.99
2270,3,8902.29
2270,4,8868.36
2270,5,8798.85
2270,6,9030.16
2270,7,8710.14
2270,8,8967.16
2270,9,9194.66
2270,10,8941.32
2270,11,8703.89
2270,12,8702.77
2270,13,9024.92
2270,14,8887.65
2270,15,8932.8
2270,16,8983.64
2270,17,8981.47
2270,18,8695.81
2270,19,8900.38
2270,20,9019.38
2270,21,8855.78
2270,22,8817.12
2270,23,8944.54
2270,24,8714.46
2270,25,8719.6
2270,26,9004.7
2270,27,9037.35
2270,28,9054.29
2270,29,8720.83
2270,30,8799.66
2270,31,9038.94
2270,32,8735.31
2270,33,8681.46
2270,34,8956.86
2270,35,8704.76
2270,36,8742.05
2270,37,9029.72
2270,38,8796.64
2270,39,8939.11
2270,40,8959.82
2270,41,8888.29
2270,42,9049.64
2270,43,8878.44
2270,44,9109.89
2270,45,8912.8
2270,46,8899.78
2270,47,8856.58
2270,48,8884.08
2270,49,8801.95
2270,50,8823.72
2270,51,8957.8
2270,52,8609.44
2270,53,8828.17
2270,54,8817.32
2270,55,9030.43
2270,56,8824.63
2270,57,9055.65
2270,58,8833.23
2270,59,9082.48
2270,60,8927.08
2270,61,8734.2
2270,62,8865.17
2270,63,9087.51
2270,64,8836.96
2270,65,8994.94
2270,66,8827.19
2270,67,8976.48
2270,68,9004.73
2270,69,9028.21
2270,70,8890
2270,71,8615.59
2270,72,8996.02
2270,73,8808.19
2270,74,9088.4
2270,75,8787.2
2270,76,9061.64
2270,77,8702.07
2270,78,8727.81
2270,79,8862.73
2270,80,8752.28
2270,81,8573.79
2270,82,8887.21
2270,83,8853.34
2270,84,8765
2270,85,8717.21
2270,86,8786.4
2270,87,9047.72
2270,88,8916.55
2270,89,8782.51
2270,90,8758.58
2270,91,9237.15
2270,92,8987.78
2270,93,8949.42
2270,94,8885.12
2270,95,8895.95
2270,96,8879.11
2270,97,8969
2270,98,8924.91
2270,99,8965.21
2280,0,9178.01
2280,1,8920.09
2280,2,9086.69
2280,3,8901.99
2280,4,8868.06
2280,5,8798.55
2280,6,9029.86
2280,7,8709.84
2280,8,8966.86
2280,9,9194.36
2280,10,8941.02
2280,11,8703.59
2280,12,8702.47
2280,13,9024.62
2280,14,8887.35
2280,15,8932.5
2280,16,8983.34
2280,17,8981.17
2280,18,8695.51
2280,19,8900.08
2280,20,9019.08
2280,21,8855.48
2280,22,8816.82
2280,23,8944.24
2280,24,8714.16
2280,25,8719.3
2280,26,9004.4
2280,27,9037.05
2280,28,9053.99
2280,29,8720.53
2280,30,8799.36
2280,31,9038.64
2280,32,8735.01
2280,33,8681.16
2280,34,8956.56
2280,35,8704.46
2280,36,8741.75
2280,37,9029.42
2280,38,8796.34
2280,39,8938.81
2280,40,8959.52
2280,41,8887.99
2280,42,9049.34
2280,43,8878.14
2280,44,9109.59
2280,45,8912.5
2280,46,8899.48
2280,47,8856.28
2280,48,8883.78
2280,49,8801.65
2280,50,8823.42
2280,51,8957.5
2280,52,8609.14
2280,53,8827.87
2280,54,8817.02
2280,55,9030.13
2280,56,8824.33
2280,57,9055.35
2280,58,8832.93
2280,59,9082.18
2280,60,8926.78
2280,61,8733.9
2280,62,8864.87
2280,63,9087.21
2280,64,8836.66
2280,65,8994.64
2280,66,8826.89
2280,67,8976.18
2280,68,9004.43
2280,69,9027.91
2280,70,8889.7
2280,71,8615.29
2280,72,8995.72
2280,73,8807.89
2280,74,9088.1
2280,75,8786.9
2280,76,9061.34
2280,77,8701.77
2280,78,8727.51
2280,79,8862.43
2280,80,8751.98
2280,81,8573.49
2280,82,8886.91
2280,83,8853.04
2280,84,8764.7
2280,85,8716.91
2280,86,8786.1
2280,87,9047.42
2280,88,8916.25
2280,89,8782.21
2280,90,8758.28
2280,91,9236.85
2280,92,8987.48
2280,93,8949.12
2280,94,8884.82
2280,95,8895.65
2280,96,8878.81
2280,97,8968.7
2280,98,8924.61
2280,99,8964.91
2290,0,9169.23
2290,1,8913.95
2290,2,9076.59
2290,3,8892.38
2290,4,8859.08
2290,5,8788.46
2290,6,9021.67
2290,7,8702.48
2290,8,8958.89
2290,9,9186.16
2290,10,8934.51
2290,11,8694.17
2290,12,8696.25
2290,13,9016.74
2290,14,8882.39
2290,15,8923.25
2290,16,8975.31
2290,17,8974.35
2290,18,8688.56
2290,19,8892.31
2290,20,9009.67
2290,21,8847.01
2290,22,8808.84
2290,23,8936.84
2290,24,8705.73
2290,25,8710.09
2290,26,8996.69
2290,27,9027.67
2290,28,9046.52
2290,29,8714.29
2290,30,8793.15
2290,31,9032.47
2290,32,8726.4
2290,33,8674.01
2290,34,8947.58
2290,35,8695.85
2290,36,8733.95
2290,37,9020.84
2290,38,8787.85
2290,39,8929.33
2290,40,8950.5
2290,41,8879.23
2290,42,9042.25
2290,43,8870.11
2290,44,9102.59
2290,45,8905.58
2290,46,8890.75
2290,47,8850.41
2290,48,8873.61
2290,49,8794.09
2290,50,8812.09
2290,51,8948.36
2290,52,8600.69
2290,53,8817.82
2290,54,8809.74
2290,55,9022
2290,56,8815.63
2290,57,9047.63
2290,58,8825.21
2290,59,9073.7
2290,60,8919.76
2290,61,8726.29
2290,62,8857.38
2290,63,9079.14
2290,64,8828
2290,65,8986.41
2290,66,8817.28
2290,67,8967.25
2290,68,8997.11
2290,69,9020.38
2290,70,8878.72
2290,71,8607.87
2290,72,8987.41
2290,73,8801.59
2290,74,9080.42
2290,75,8779.74
2290,76,9051.63
2290,77,8692.52
2290,78,8718.57
2290,79,8854.13
2290,80,8743.1
2290,81,8568.26
2290,82,8878.71
2290,83,8847.09
2290,84,8755.25
2290,85,8708.71
2290,86,8776.78
2290,87,9039.35
2290,88,8909.26
2290,89,8776.45
2290,90,8750.69
2290,91,9228.81
2290,92,8978.27
2290,93,8938.57
2290,94,8877.44
2290,95,8892.16
2290,96,8872.31
2290,97,8959.57
2290,98,8915.72
2290,99,8957.07
2300,0,9167.22
2300,1,8906.84
2300,2,9074.16
2300,3,8887.48
2300,4,8852.8
2300,5,8782.44
2300,6,9017.08
2300,7,8693.92
2300,8,8953.22
2300,9,9183.8
2300,10,8927.29
2300,11,8686.39
2300,12,8685.26
2300,13,9011.63
2300,14,8872.65
2300,15,8917.98
2300,16,8969.93
2300,17,8968.69
2300,18,8678.96
2300,19,8885.41
2300,20,9006.15
2300,21,8840.62
2300,22,8799.92
2300,23,8930.53
2300,24,8696.56
2300,25,8702.35
2300,26,8991.27
2300,27,9024.46
2300,28,9041.52
2300,29,8703.57
2300,30,8783.49
2300,31,9026.01
2300,32,8719.01
2300,33,8663.66
2300,34,8942.37
2300,35,8687.27
2300,36,8724.43
2300,37,9016.53
2300,38,8780.4
2300,39,8925.13
2300,40,8945.68
2300,41,8873.66
2300,42,9036.82
2300,43,8861.62
2300,44,9097.89
2300,45,8898.8
2300,46,8884.93
2300,47,8841.42
2300,48,8869.04
2300,49,8785.57
2300,50,8807.87
2300,51,8944.92
2300,52,8590.64
2300,53,8811.96
2300,54,8800.43
2300,55,9017.2
2300,56,8808.65
2300,57,9043.05
2300,58,8817.5
2300,59,9070.14
2300,60,8913.3
2300,61,8717.11
2300,62,8849.95
2300,63,9075.18
2300,64,8821.26
2300,65,8981.46
2300,66,8811.36
2300,67,8962.67
2300,68,8992.28
2300,69,9015.16
2300,70,8875.02
2300,71,8596.9
2300,72,8981.94
2300,73,8792.12
2300,74,9076.49
2300,75,8770.57
2300,76,9048.98
2300,77,8684.61
2300,78,8710.64
2300,79,8847.41
2300,80,8734.37
2300,81,8554.52
2300,82,8872.52
2300,83,8838.05
2300,84,8748.32
2300,85,8699.92
2300,86,8769.31
2300,87,9034.74
2300,88,8901.94
2300,89,8768.07
2300,90,8741.86
2300,91,9226.82
2300,92,8974.14
2300,93,8935.61
2300,94,8870.16
2300,95,8881.21
2300,96,8865.12
2300,97,8954.94
2300,98,8909.92
2300,99,8951.27
2310,0,9166.92
2310,1,8906.54
2310,2,9073.86
2310,3,8887.18
2310,4,8852.5
2310,5,8782.14
2310,6,9016.78
2310,7,8693.62
2310,8,8952.92
2310,9,9183.5
2310,10,8926.99
2310,11,8686.09
2310,12,8684.96
2310,13,9011.33
2310,14,8872.35
2310,15,8917.68
2310,16,8969.63
2310,17,8968.39
2310,18,8678.66
2310,19,8885.11
2310,20,9005.85
2310,21,8840.32
2310,22,8799.62
2310,23,8930.23
2310,24,8696.26
2310,25,8702.05
2310,26,8990.97
2310,27,9024.16
2310,28,9041.22
2310,29,8703.27
2310,30,8783.19
2310,31,9025.71
2310,32,8718.71
2310,33,8663.36
2310,34,8942.07
2310,35,8686.97
2310,36,8724.13
2310,37,9016.23
2310,38,8780.1
2310,39,8924.83
2310,40,8945.38
2310,41,8873.36
2310,42,9036.52
2310,43,8861.32
2310,44,9097.59
2310,45,8898.5
2310,46,8884.63
2310,47,8841.12
2310,48,8868.74
2310,49,8785.27
2310,50,8807.57
2310,51,8944.62
2310,52,8590.34
2310,53,8811.66
2310,54,8800.13
2310,55,9016.9
2310,56,8808.35
2310,57,9042.75
2310,58,8817.2
2310,59,9069.84
2310,60,8913
2310,61,8716.81
2310,62,8849.65
2310,63,9074.88
2310,64,8820.96
2310,65,8981.16
2310,66,8811.06
2310,67,8962.37
2310,68,8991.98
2310,69,9014.86
2310,70,8874.72
2310,71,8596.6
2310,72,8981.64
2310,73,8791.82
2310,74,9076.19
2310,75,8770.27
2310,76,9048.68
2310,77,8684.31
2310,78,8710.34
2310,79,8847.11
2310,80,8734.07
2310,81,8554.22
2310,82,8872.22
2310,83,8837.75
2310,84,8748.02
2310,85,8699.62
2310,86,8769.01
2310,87,9034.44
2310,88,8901.64
2310,89,8767.77
2310,90,8741.56
2310,91,9226.52
2310,92,8973.84
2310,93,8935.31
2310,94,8869.86
2310,95,8880.91
2310,96,8864.82
2310,97,8954.64
2310,98,8909.62
2310,99,8950.97
2320,0,9159.85
2320,1,8902.5
2320,2,9069.25
2320,3,8881.47
2320,4,8844.74
2320,5,8774.52
2320,6,9013.68
2320,7,8690.34
2320,8,8946.97
2320,9,9176.73
2320,10,8922.88
2320,11,8678.06
2320,12,8679.34
2320,13,9003.55
2320,14,8867.38
2320,15,8910.75
2320,16,8966.67
2320,17,8963.9
2320,18,8673.84
2320,19,8880.84
2320,20,8998.85
2320,21,8834.13
2320,22,8791.63
2320,23,8922.82
2320,24,8691.75
2320,25,8697.52
2320,26,8983.99
2320,27,9018.57
2320,28,9036.99
2320,29,8697.49
2320,30,8777.01
2320,31,9019.67
2320,32,8710.07
2320,33,8657.63
2320,34,8935.37
2320,35,8683.67
2320,36,8716.32
2320,37,9012.05
2320,38,8773.27
2320,39,8920.38
2320,40,8941.73
2320,41,8870.28
2320,42,9030.52
2320,43,8854.09
2320,44,9090.57
2320,45,8892.89
2320,46,8878.95
2320,47,8835.23
2320,48,8862.31
2320,49,8780.7
2320,50,8801.62
2320,51,8939.27
2320,52,8584.96
2320,53,8803.54
2320,54,8795.69
2320,55,9008.76
2320,56,8799.63
2320,57,9039.46
2320,58,8814.59
2320,59,9064.07
2320,60,8906.96
2320,61,8709.39
2320,62,8844.8
2320,63,9069.38
2320,64,8815.51
2320,65,8975.15
2320,66,8807.62
2320,67,8954.96
2320,68,8986.57
2320,69,9008.91
2320,70,8867.25
2320,71,8589.17
2320,72,8973.32
2320,73,8785.5
2320,74,9069.05
2320,75,8764.77
2320,76,9042.06
2320,77,8679.87
2320,78,8705.49
2320,79,8838.83
2320,80,8726.19
2320,81,8548.97
2320,82,8866.42
2320,83,8831.98
2320,84,8741.56
2320,85,8693.74
2320,86,8763.18
2320,87,9030.98
2320,88,8894.63
2320,89,8762
2320,90,8733.95
2320,91,9219.52
2320,92,8970.6
2320,93,8928.6
2320,94,8865.06
2320,95,8877.4
2320,96,8859.92
2320,97,8948.07
2320,98,8902.37
2320,99,8946.91
2330,0,9156.13
2330,1,8893.38
2330,2,9061.32
2330,3,8872.66
2330,4,8837.23
2330,5,8766.13
2330,6,9003.99
2330,7,8677.15
2330,8,8939.29
2330,9,9172.94
2330,10,8913.26
2330,11,8668.9
2330,12,8667.75
2330,13,8998.34
2330,14,8857.66
2330,15,8903.15
2330,16,8956.22
2330,17,8955.47
2330,18,8662.09
2330,19,8870.45
2330,20,8992.92
2330,21,8824.94
2330,22,8781.89
2330,23,8913.3
2330,24,8678.66
2330,25,8685.11
2330,26,8977.84
2330,27,9011.57
2330,28,9027.92
2330,29,8686.5
2330,30,8767.33
2330,31,9012.54
2330,32,8702.7
2330,33,8645.86
2330,34,8927.89
2330,35,8669.78
2330,36,8708.48
2330,37,9003.86
2330,38,8764.16
2330,39,8911.16
2330,40,8931.54
2330,41,8859.22
2330,42,9023.99
2330,43,8844.18
2330,44,9085.88
2330,45,8881.09
2330,46,8870.09
2330,47,8826.25
2330,48,8854
2330,49,8770.46
2330,50,8792.11
2330,51,8930.56
2330,52,8571.84
2330,53,8795.43
2330,54,8783.54
2330,55,9003.97
2330,56,8792.66
2330,57,9030.29
2330,58,8801.72
2330,59,9057.65
2330,60,8897.17
2330,61,8700.03
2330,62,8834.72
2330,63,9063.08
2330,64,8805.56
2330,65,8967.81
2330,66,8795.53
2330,67,8948.7
2330,68,8979.84
2330,69,9002.1
2330,70,8860.04
2330,71,8578.21
2330,72,8967.87
2330,73,8776.05
2330,74,9064.41
2330,75,8755.7
2330,76,9036.32
2330,77,8667.14
2330,78,8693.47
2330,79,8832.04
2330,80,8716.45
2330,81,8535.24
2330,82,8857.84
2330,83,8822.76
2330,84,8731.65
2330,85,8682.62
2330,86,8752.33
2330,87,9021.87
2330,88,8887.32
2330,89,8750.09
2330,90,8725.13
2330,91,9216.5
2330,92,8960.49
2330,93,8921.68
2330,94,8855.21
2330,95,8866.46
2330,96,8849.89
2330,97,8939.49
2330,98,8894.92
2330,99,8937.16
2340,0,9155.83
2340,1,8893.08
2340,2,9061.02
2340,3,8872.36
2340,4,8836.93
2340,5,8765.83
2340,6,9003.69
2340,7,8676.85
2340,8,8938.99
2340,9,9172.64
2340,10,8912.96
2340,11,8668.6
2340,12,8667.45
2340,13,8998.04
2340,14,8857.36
2340,15,8902.85
2340,16,8955.92
2340,17,8955.17
2340,18,8661.79
2340,19,8870.15
2340,20,8992.62
2340,21,8824.64
2340,22,8781.59
2340,23,8913
2340,24,8678.36
2340,25,8684.81
2340,26,8977.54
2340,27,9011.27
2340,28,9027.62
2340,29,8686.2
2340,30,8767.03
2340,31,9012.24
2340,32,8702.4
2340,33,8645.56
2340,34,8927.59
2340,35,8669.48
2340,36,8708.18
2340,37,9003.56
2340,38,8763.86
2340,39,8910.86
2340,40,8931.24
2340,41,8858.92
2340,42,9023.69
2340,43,8843.88
2340,44,9085.58
2340,45,8880.79
2340,46,8869.79
2340,47,8825.95
2340,48,8853.7
2340,49,8770.16
2340,50,8791.81
2340,51,8930.26
2340,52,8571.54
2340,53,8795.13
2340,54,8783.24
2340,55,9003.67
2340,56,8792.36
2340,57,9029.99
2340,58,8801.42
2340,59,9057.35
2340,60,8896.87
2340,61,8699.73
2340,62,8834.42
2340,63,9062.78
2340,64,8805.26
2340,65,8967.51
2340,66,8795.23
2340,67,8948.4
2340,68,8979.54
2340,69,9001.8
2340,70,8859.74
2340,71,8577.91
2340,72,8967.57
2340,73,8775.75
2340,74,9064.11
2340,75,8755.4
2340,76,9036.02
2340,77,8666.84
2340,78,8693.17
2340,79,8831.74
2340,80,8716.15
2340,81,8534.94
2340,82,8857.54
2340,83,8822.46
2340,84,8731.35
2340,85,8682.32
2340,86,8752.03
2340,87,9021.57
2340,88,8887.02
2340,89,8749.79
2340,90,8724.83
2340,91,9216.2
2340,92,8960.19
2340,93,8921.38
2340,94,8854.91
2340,95,8866.16
2340,96,8849.59
2340,97,8939.19
2340,98,8894.62
2340,99,8936.86
2350,0,9152.79
2350,1,8889.04
2350,2,9058.76
2350,3,8868.06
2350,4,8834.29
2350,5,8762.9
2350,6,9000.58
2350,7,8673.56
2350,8,8935.68
2350,9,9167.49
2350,10,8908.84
2350,11,8665.17
2350,12,8664.69
2350,13,8994.31
2350,14,8854.8
2350,15,8899.1
2350,16,8952.94
2350,17,8950.66
2350,18,8660.36
2350,19,8865.86
2350,20,8990.35
2350,21,8821.93
2350,22,8778.72
2350,23,8908.79
2350,24,8673.84
2350,25,8680.74
2350,26,8974.77
2350,27,9007.58
2350,28,9023.8
2350,29,8685.87
2350,30,8762.93
2350,31,9007.31
2350,32,8698.61
2350,33,8643.16
2350,34,8923.73
2350,35,8666.17
2350,36,8703.4
2350,37,8999.36
2350,38,8761.71
2350,39,8906.39
2350,40,8927.58
2350,41,8855.82
2350,42,9018.82
2350,43,8840.91
2350,44,9082.82
2350,45,8875.45
2350,46,8867.1
2350,47,8821.91
2350,48,8850.94
2350,49,8767.87
2350,50,8789.27
2350,51,8926.63
2350,52,8568.6
2350,53,8789.47
2350,54,8782.94
2350,55,8999.74
2350,56,8788.96
2350,57,9028.48
2350,58,8798.79
2350,59,9053.63
2350,60,8891.81
2350,61,8694.21
2350,62,8830.22
2350,63,9058.97
2350,64,8802.85
2350,65,8962.92
2350,66,8791.77
2350,67,8945.42
2350,68,8975.01
2350,69,8997.86
2350,70,8855.84
2350,71,8574.59
2350,72,8964.8
2350,73,8774.22
2350,74,9061.79
2350,75,8749.98
2350,76,9033.84
2350,77,8663.01
2350,78,8689.51
2350,79,8828.61
2350,80,8710.32
2350,81,8531.66
2350,82,8852.69
2350,83,8819.28
2350,84,8727.22
2350,85,8678.14
2350,86,8750.31
2350,87,9018.09
2350,88,8883.58
2350,89,8749.49
2350,90,8721.47
2350,91,9211.05
2350,92,8956.94
2350,93,8918.81
2350,94,8850.81
2350,95,8865.86
2350,96,8846.11
2350,97,8936.51
2350,98,8890.64
2350,99,8932.79
2360,0,9145.04
2360,1,8879.84
2360,2,9049.3
2360,3,8857.85
2360,4,8821.33
2360,5,8749.74
2360,6,8990.9
2360,7,8660.3
2360,8,8925.35
2360,9,9162.07
2360,10,8899.24
2360,11,8651.4
2360,12,8650.24
2360,13,8985.67
2360,14,8842.66
2360,15,8888.32
2360,16,8942.5
2360,17,8942.69
2360,18,8643.55
2360,19,8856.88
2360,20,8979.69
2360,21,8809.2
2360,22,8763.78
2360,23,8896.06
2360,24,8660.77
2360,25,8668
2360,26,8964.41
2360,27,8998.9
2360,28,9012.84
2360,29,8669.24
2360,30,8751.17
2360,31,8999.6
2360,32,8686.21
2360,33,8628.07
2360,34,8915.58
2360,35,8652.29
2360,36,8690.87
2360,37,8990.7
2360,38,8747.91
2360,39,8897.96
2360,40,8915.66
2360,41,8843.88
2360,42,9011.17
2360,43,8826.73
2360,44,9073.87
2360,45,8864.48
2360,46,8855.25
2360,47,8811.08
2360,48,8839.26
2360,49,8754.08
2360,50,8776.22
2360,51,8917.68
2360,52,8553.03
2360,53,8779.23
2360,54,8767.49
2360,55,8990.75
2360,56,8777.04
2360,57,9017.62
2360,58,8785.88
2360,59,9045.28
2360,60,8882.75
2360,61,8682.95
2360,62,8819.5
2360,63,9050.76
2360,64,8789.87
2360,65,8954.33
2360,66,8779.69
2360,67,8934.91
2360,68,8966.19
2360,69,8988.8
2360,70,8845.06
2360,71,8559.52
2360,72,8954.7
2360,73,8759.98
2360,74,9052.44
2360,75,8739.12
2360,76,9023.66
2360,77,8649.68
2360,78,8676.31
2360,79,8816.72
2360,80,8701.37
2360,81,8515.91
2360,82,8842.63
2360,83,8807.47
2360,84,8714.97
2360,85,8665.33
2360,86,8736.47
2360,87,9008.92
2360,88,8872.71
2360,89,8732.37
2360,90,8708.41
2360,91,9206.17
2360,92,8946.85
2360,93,8907.32
2360,94,8840.26
2360,95,8851.71
2360,96,8834.66
2360,97,8925.4
2360,98,8881.19
2360,99,8923.41
2370,0,9144.74
2370,1,8879.54
2370,2,9049
2370,3,8857.55
2370,4,8821.03
2370,5,8749.44
2370,6,8990.6
2370,7,8660
2370,8,8925.05
2370,9,9161.77
2370,10,8898.94
2370,11,8651.1
2370,12,8649.94
2370,13,8985.37
2370,14,8842.36
2370,15,8888.02
2370,16,8942.2
2370,17,8942.39
2370,18,8643.25
2370,19,8856.58
2370,20,8979.39
2370,21,8808.9
2370,22,8763.48
2370,23,8895.76
2370,24,8660.47
2370,25,8667.7
2370,26,8964.11
2370,27,8998.6
2370,28,9012.54
2370,29,8668.94
2370,30,8750.87
2370,31,8999.3
2370,32,8685.91
2370,33,8627.77
2370,34,8915.28
2370,35,8651.99
2370,36,8690.57
2370,37,8990.4
2370,38,8747.61
2370,39,8897.66
2370,40,8915.36
2370,41,8843.58
2370,42,9010.87
2370,43,8826.43
2370,44,9073.57
2370,45,8864.18
2370,46,8854.95
2370,47,8810.78
2370,48,8838.96
2370,49,8753.78
2370,50,8775.92
2370,51,8917.38
2370,52,8552.73
2370,53,8778.93
2370,54,8767.19
2370,55,8990.45
2370,56,8776.74
2370,57,9017.32
2370,58,8785.58
2370,59,9044.98
2370,60,8882.45
2370,61,8682.65
2370,62,8819.2
2370,63,9050.46
2370,64,8789.57
2370,65,8954.03
2370,66,8779.39
2370,67,8934.61
2370,68,8965.89
2370,69,8988.5
2370,70,8844.76
2370,71,8559.22
2370,72,8954.4
2370,73,8759.68
2370,74,9052.14
2370,75,8738.82
2370,76,9023.36
2370,77,8649.38
2370,78,8676.01
2370,79,8816.42
2370,80,8701.07
2370,81,8515.61
2370,82,8842.33
2370,83,8807.17
2370,84,8714.67
2370,85,8665.03
2370,86,8736.17
2370,87,9008.62
2370,88,8872.41
2370,89,8732.07
2370,90,8708.11
2370,91,9205.87
2370,92,8946.55
2370,93,8907.02
2370,94,8839.96
2370,95,8851.41
2370,96,8834.36
2370,97,8925.1
2370,98,8880.89
2370,99,8923.11
2380,0,9144.44
2380,1,8876.78
2380,2,9046.72
2380,3,8855.23
2380,4,8818.38
2380,5,8747.73
2380,6,8990.3
2380,7,8659.7
2380,8,8924.75
2380,9,9158.99
2380,10,8898.64
2380,11,8650.34
2380,12,8649.64
2380,13,8983.21
2380,14,8839.8
2380,15,8885.89
2380,16,8941.9
2380,17,8941.18
2380,18,8641.81
2380,19,8856.28
2380,20,8977.1
2380,21,8806.16
2380,22,8760.59
2380,23,8893.78
2380,24,8658.53
2380,25,8665.13
2380,26,8961.32
2380,27,8998.3
2380,28,9011.58
2380,29,8668.59
2380,30,8749.6
2380,31,8996.75
2380,32,8683.97
2380,33,8627.47
2380,34,8912.61
2380,35,8651.69
2380,36,8688.99
2380,37,8989.38
2380,38,8745.46
2380,39,8896.11
2380,40,8913.63
2380,41,8843.28
2380,42,9008.88
2380,43,8826.13
2380,44,9070.79
2380,45,8860.72
2380,46,8852.25
2380,47,8809.49
2380,48,8836.19
2380,49,8753.43
2380,50,8773.37
2380,51,8917.08
2380,52,8552.43
2380,53,8776.98
2380,54,8766.89
2380,55,8989.32
2380,56,8774.43
2380,57,9015.8
2380,58,8785.28
2380,59,9044.68
2380,60,8880.24
2380,61,8680.17
2380,62,8818.9
2380,63,9050.16
2380,64,8787.14
2380,65,8953.73
2380,66,8779.09
2380,67,8934.31
2380,68,8965.59
2380,69,8986.09
2380,70,8842.56
2380,71,8558.92
2380,72,8951.61
2380,73,8758.17
2380,74,9049.84
2380,75,8736.94
2380,76,9021.16
2380,77,8646.69
2380,78,8675.71
2380,79,8814.71
2380,80,8699.02
2380,81,8515.31
2380,82,8840.42
2380,83,8806.87
2380,84,8712.67
2380,85,8664.73
2380,86,8734.44
2380,87,9008.27
2380,88,8872.11
2380,89,8731.77
2380,90,8705.32
2380,91,9203.38
2380,92,8946.25
2380,93,8904.44
2380,94,8839.66
2380,95,8851.11
2380,96,8834.06
2380,97,8923.53
2380,98,8880.55
2380,99,8922.81
2390,0,9133.95
2390,1,8866.19
2390,2,9037.22
2390,3,8843.04
2390,4,8805.76
2390,5,8733.39
2390,6,8977.39
2390,7,8643.49
2390,8,8911.41
2390,9,9151.21
2390,10,8885.27
2390,11,8633.91
2390,12,8632.72
2390,13,8972.89
2390,14,8827.67
2390,15,8874.64
2390,16,8928.79
2390,17,8926.66
2390,18,8624.55
2390,19,8841.88
2390,20,8966.45
2390,21,8793.47
2390,22,8746.53
2390,23,8878.82
2390,24,8641.18
2390,25,8650.23
2390,26,8950.98
2390,27,8983.92
2390,28,8997.26
2390,29,8652.17
2390,30,8735
2390,31,8986.13
2390,32,8669.91
2390,33,8610.27
2390,34,8901.37
2390,35,8634.8
2390,36,8671.89
2390,37,8978.03
2390,38,8731.67
2390,39,8884.34
2390,40,8902.09
2390,41,8825.99
2390,42,8998.34
2390,43,8809.29
2390,44,9061.86
2390,45,8847.68
2390,46,8840.4
2390,47,8795.91
2390,48,8824.11
2390,49,8737.33
2390,50,8760.14
2390,51,8904.8
2390,52,8534.23
2390,53,8762.22
2390,54,8751.04
2390,55,8977.52
2390,56,8761.29
2390,57,9004.31
2390,58,8770.15
2390,59,9032.73
2390,60,8868.32
2390,61,8665.87
2390,62,8804.28
2390,63,9038.64
2390,64,8773.95
2390,65,8940.85
2390,66,8763.86
2390,67,8921.12
2390,68,8952.1
2390,69,8975.5
2390,70,8830.08
2390,71,8540.83
2390,72,8941.05
2390,73,8743.91
2390,74,9040.41
2390,75,8724.25
2390,76,9010.99
2390,77,8631.72
2390,78,8657.32
2390,79,8801.4
2390,80,8684.79
2390,81,8496.61
2390,82,8827.3
2390,83,8790.31
2390,84,8698.29
2390,85,8648.03
2390,86,8719.44
2390,87,8996
2390,88,8858.09
2390,89,8714.51
2390,90,8691.45
2390,91,9195.95
2390,92,8933.21
2390,93,8892.84
2390,94,8825.3
2390,95,8831.37
2390,96,8818.34
2390,97,8910.6
2390,98,8866.19
2390,99,8909.67
2400,0,9133.65
2400,1,8865.89
2400,2,9036.92
2400,3,8842.74
2400,4,8805.46
2400,5,8733.09
2400,6,8977.09
2400,7,8643.19
2400,8,8911.11
2400,9,9150.91
2400,10,8884.97
2400,11,8633.61
2400,12,8632.42
2400,13,8972.59
2400,14,8827.37
2400,15,8874.34
2400,16,8928.49
2400,17,8926.36
2400,18,8624.25
2400,19,8841.58
2400,20,8966.15
2400,21,8793.17
2400,22,8746.23
2400,23,8878.52
2400,24,8640.88
2400,25,8649.93
2400,26,8950.68
2400,27,8983.62
2400,28,8996.96
2400,29,8651.87
2400,30,8734.7
2400,31,8985.83
2400,32,8669.61
2400,33,8609.97
2400,34,8901.07
2400,35,8634.5
2400,36,8671.59
2400,37,8977.73
2400,38,8731.37
2400,39,8884.04
2400,40,8901.79
2400,41,8825.69
2400,42,8998.04
2400,43,8808.99
2400,44,9061.56
2400,45,8847.38
2400,46,8840.1
2400,47,8795.61
2400,48,8823.81
2400,49,8737.03
2400,50,8759.84
2400,51,8904.5
2400,52,8533.93
2400,53,8761.92
2400,54,8750.74
2400,55,8977.22
2400,56,8760.99
2400,57,9004.01
2400,58,8769.85
2400,59,9032.43
2400,60,8868.02
2400,61,8665.57
2400,62,8803.98
2400,63,9038.34
2400,64,8773.65
2400,65,8940.55
2400,66,8763.56
2400,67,8920.82
2400,68,8951.8
2400,69,8975.2
2400,70,8829.78
2400,71,8540.53
2400,72,8940.75
2400,73,8743.61
2400,74,9040.11
2400,75,8723.95
2400,76,9010.69
2400,77,8631.42
2400,78,8657.02
2400,79,8801.1
2400,80,8684.49
2400,81,8496.31
2400,82,8827
2400,83,8790.01
2400,84,8697.99
2400,85,8647.73
2400,86,8719.14
2400,87,8995.7
2400,88,8857.79
2400,89,8714.21
2400,90,8691.15
2400,91,9195.65
2400,92,8932.91
2400,93,8892.54
2400,94,8825
2400,95,8831.07
2400,96,8818.04
2400,97,8910.3
2400,98,8865.89
2400,99,8909.37
2410,0,9133.35
2410,1,8865.52
2410,2,9036.62
2410,3,8842.44
2410,4,8805.16
2410,5,8732.79
2410,6,8976.79
2410,7,8642.89
2410,8,8910.81
2410,9,9150.61
2410,10,8884.67
2410,11,8633.31
2410,12,8632.12
2410,13,8972.29
2410,14,8827.07
2410,15,8874.04
2410,16,8928.19
2410,17,8926.06
2410,18,8623.95
2410,19,8841.28
2410,20,8965.85
2410,21,8792.87
2410,22,8745.93
2410,23,8878.22
2410,24,8640.58
2410,25,8649.63
2410,26,8950.38
2410,27,8983.32
2410,28,8995.99
2410,29,8651.51
2410,30,8734.4
2410,31,8985.53
2410,32,8669.31
2410,33,8609.67
2410,34,8900.77
2410,35,8634.2
2410,36,8671.29
2410,37,8977.43
2410,38,8731.07
2410,39,8883.74
2410,40,8900.42
2410,41,8825.39
2410,42,8997.74
2410,43,8808.69
2410,44,9061.26
2410,45,8847.08
2410,46,8839.8
2410,47,8795.31
2410,48,8823.51
2410,49,8736.73
2410,50,8759.54
2410,51,8904.2
2410,52,8533.63
2410,53,8761.62
2410,54,8750.44
2410,55,8976.07
2410,56,8760.69
2410,57,9003.71
2410,58,8769.55
2410,59,9032.13
2410,60,8867.72
2410,61,8665.27
2410,62,8803.68
2410,63,9038.04
2410,64,8773.35
2410,65,8940.25
2410,66,8763.26
2410,67,8920.52
2410,68,8951.5
2410,69,8974.9
2410,70,8829.48
2410,71,8540.23
2410,72,8940.45
2410,73,8743.31
2410,74,9039.81
2410,75,8723.65
2410,76,9010.39
2410,77,8631.12
2410,78,8656.72
2410,79,8800.8
2410,80,8684.19
2410,81,8496.01
2410,82,8826.7
2410,83,8789.71
2410,84,8697.69
2410,85,8647.43
2410,86,8718.84
2410,87,8995.33
2410,88,8857.49
2410,89,8713.91
2410,90,8690.85
2410,91,9195.35
2410,92,8932.61
2410,93,8892.24
2410,94,8824.7
2410,95,8830.77
2410,96,8817.74
2410,97,8910
2410,98,8865.54
2410,99,8909.07
2420,0,9122.86
2420,1,8851.89
2420,2,9025.2
2420,3,8828.23
2420,4,8789.9
2420,5,8717.08
2420,6,8964.31
2420,7,8624.77
2420,8,8897.47
2420,9,9140.35
2420,10,8871.13
2420,11,8616.41
2420,12,8615.21
2420,13,8959.75
2420,14,8812.68
2420,15,8859.81
2420,16,8915.07
2420,17,8913.43
2420,18,8606.05
2420,19,8826.8
2420,20,8953.22
2420,21,8777.79
2420,22,8732.32
2420,23,8864.81
2420,24,8623.29
2420,25,8632.98
2420,26,8937.55
2420,27,8970.91
2420,28,8985.98
2420,29,8634.91
2420,30,8718.73
2420,31,8973.2
2420,32,8653.1
2420,33,8592.47
2420,34,8887.06
2420,35,8617.32
2420,36,8655.94
2420,37,8965.35
2420,38,8715.43
2420,39,8870.36
2420,40,8888.16
2420,41,8811.55
2420,42,8985.52
2420,43,8795.61
2420,44,9049.85
2420,45,8832.51
2420,46,8825.56
2420,47,8780.75
2420,48,8809.07
2420,49,8722.22
2420,50,8744.19
2420,51,8890.32
2420,52,8515.43
2420,53,8747.42
2420,54,8734.24
2420,55,8964.29
2420,56,8745.24
2420,57,8991.61
2420,58,8754.36
2420,59,9020.31
2420,60,8853.73
2420,61,8648.79
2420,62,8789.05
2420,63,9026.31
2420,64,8758.25
2420,65,8927.2
2420,66,8747.89
2420,67,8907.33
2420,68,8938.4
2420,69,8962.45
2420,70,8815.1
2420,71,8522.15
2420,72,8927.53
2420,73,8727.84
2420,74,9028.35
2420,75,8707.57
2420,76,8998.33
2420,77,8614.12
2420,78,8640.15
2420,79,8786.08
2420,80,8666.87
2420,81,8477.33
2420,82,8812.13
2420,83,8775.02
2420,84,8681.61
2420,85,8630.74
2420,86,8702.45
2420,87,8983.11
2420,88,8843.47
2420,89,8696.83
2420,90,8674.73
2420,91,9185.87
2420,92,8919.56
2420,93,8878.53
2420,94,8810.35
2420,95,8816.62
2420,96,8803.11
2420,97,8896.44
2420,98,8851.19
2420,99,8895.6
2430,0,9122.56
2430,1,8851.59
2430,2,9024.9
2430,3,8827.93
2430,4,8789.6
2430,5,8716.78
2430,6,8964.01
2430,7,8624.47
2430,8,8897.17
2430,9,9140.05
2430,10,8870.83
2430,11,8616.11
2430,12,8614.91
2430,13,8959.45
2430,14,8812.38
2430,15,8859.51
2430,16,8914.77
2430,17,8913.13
2430,18,8605.75
2430,19,8826.5
2430,20,8952.92
2430,21,8777.49
2430,22,8732.02
2430,23,8864.51
2430,24,8622.99
2430,25,8632.68
2430,26,8937.25
2430,27,8970.61
2430,28,8985.68
2430,29,8634.61
2430,30,8718.43
2430,31,8972.9
2430,32,8652.8
2430,33,8592.17
2430,34,8886.76
2430,35,8617.02
2430,36,8655.64
2430,37,8965.05
2430,38,8715.13
2430,39,8870.06
2430,40,8887.86
2430,41,8811.25
2430,42,8985.22
2430,43,8795.31
2430,44,9049.55
2430,45,8832.21
2430,46,8825.26
2430,47,8780.45
2430,48,8808.77
2430,49,8721.92
2430,50,8743.89
2430,51,8890.02
2430,52,8515.13
2430,53,8747.12
2430,54,8733.94
2430,55,8963.99
2430,56,8744.94
2430,57,8991.31
2430,58,8754.06
2430,59,9020.01
2430,60,8853.43
2430,61,8648.49
2430,62,8788.75
2430,63,9026.01
2430,64,8757.95
2430,65,8926.9
2430,66,8747.59
2430,67,8907.03
2430,68,8938.1
2430,69,8962.15
2430,70,8814.8
2430,71,8521.85
2430,72,8927.23
2430,73,8727.54
2430,74,9028.05
2430,75,8707.27
2430,76,8998.03
2430,77,8613.82
2430,78,8639.85
2430,79,8785.78
2430,80,8666.57
2430,81,8477.03
2430,82,8811.83
2430,83,8774.72
2430,84,8681.31
2430,85,8630.44
2430,86,8702.15
2430,87,8982.81
2430,88,8843.17
2430,89,8696.53
2430,90,8674.43
2430,91,9185.57
2430,92,8919.26
2430,93,8878.23
2430,94,8810.05
2430,95,8816.32
2430,96,8802.81
2430,97,8896.14
2430,98,8850.89
2430,99,8895.3
2440,0,9122.26
2440,1,8851.29
2440,2,9024.6
2440,3,8827.63
2440,4,8789.3
2440,5,8716.48
2440,6,8963.71
2440,7,8624.17
2440,8,8896.87
2440,9,9139.75
2440,10,8870.53
2440,11,8615.81
2440,12,8614.61
2440,13,8959.15
2440,14,8812.08
2440,15,8859.21
2440,16,8914.47
2440,17,8912.83
2440,18,8605.45
2440,19,8826.2
2440,20,8952.62
2440,21,8777.19
2440,22,8731.72
2440,23,8864.21
2440,24,8622.69
2440,25,8632.38
2440,26,8936.95
2440,27,8970.31
2440,28,8985.38
2440,29,8634.31
2440,30,8718.13
2440,31,8972.6
2440,32,8652.5
2440,33,8591.87
2440,34,8886.46
2440,35,8616.72
2440,36,8655.34
2440,37,8964.75
2440,38,8714.83
2440,39,8869.76
2440,40,8887.56
2440,41,8810.95
2440,42,8984.92
2440,43,8795.01
2440,44,9049.25
2440,45,8831.91
2440,46,8824.96
2440,47,8780.15
2440,48,8808.47
2440,49,8721.62
2440,50,8743.59
2440,51,8889.72
2440,52,8514.83
2440,53,8746.82
2440,54,8733.64
2440,55,8963.69
2440,56,8744.64
2440,57,8991.01
2440,58,8753.76
2440,59,9019.71
2440,60,8853.13
2440,61,8648.19
2440,62,8788.45
2440,63,9025.71
2440,64,8757.65
2440,65,8926.6
2440,66,8747.29
2440,67,8906.73
2440,68,8937.8
2440,69,8961.85
2440,70,8814.5
2440,71,8521.55
2440,72,8926.93
2440,73,8727.24
2440,74,9027.75
2440,75,8706.97
2440,76,8997.73
2440,77,8613.52
2440,78,8639.55
2440,79,8785.48
2440,80,8666.27
2440,81,8476.73
2440,82,8811.53
2440,83,8774.42
2440,84,8681.01
2440,85,8630.14
2440,86,8701.85
2440,87,8982.51
2440,88,8842.87
2440,89,8696.23
2440,90,8674.13
2440,91,9185.27
2440,92,8918.96
2440,93,8877.93
2440,94,8809.75
2440,95,8816.02
2440,96,8802.51
2440,97,8895.84
2440,98,8850.59
2440,99,8895
2450,0,9111.77
2450,1,8837.59
2450,2,9013.18
2450,3,8813.42
2450,4,8774.34
2450,5,8700.73
2450,6,8951.22
2450,7,8606.05
2450,8,8883.54
2450,9,9129.48
2450,10,8856.92
2450,11,8598.92
2450,12,8597.7
2450,13,8946.62
2450,14,8797.68
2450,15,8846.49
2450,16,8901.36
2450,17,8900.17
2450,18,8589.2
2450,19,8811.67
2450,20,8939.99
2450,21,8761.75
2450,22,8718.04
2450,23,8850.8
2450,24,8605.39
2450,25,8615.39
2450,26,8924.12
2450,27,8957.85
2450,28,8974.7
2450,29,8617.64
2450,30,8702.51
2450,31,8960.26
2450,32,8636.26
2450,33,8574.67
2450,34,8872.75
2450,35,8599.83
2450,36,8638.33
2450,37,8952.24
2450,38,8699.18
2450,39,8855.86
2450,40,8874.36
2450,41,8796.27
2450,42,8972.69
2450,43,8781.92
2450,44,9037.84
2450,45,8818.74
2450,46,8810.72
2450,47,8765.58
2450,48,8793.81
2450,49,8705.84
2450,50,8728.36
2450,51,8875.79
2450,52,8496.63
2450,53,8732.59
2450,54,8717.44
2450,55,8951.07
2450,56,8729.58
2450,57,8978.91
2450,58,8738.54
2450,59,9008
2450,60,8838.65
2450,61,8631.71
2450,62,8773.83
2450,63,9013.99
2450,64,8742.56
2450,65,8913.72
2450,66,8731.92
2450,67,8893.45
2450,68,8924.31
2450,69,8949.4
2450,70,8800.12
2450,71,8503.46
2450,72,8914.36
2450,73,8711.77
2450,74,9016.37
2450,75,8690.98
2450,76,8985.67
2450,77,8596.52
2450,78,8622.99
2450,79,8770.76
2450,80,8651.8
2450,81,8458
2450,82,8796.89
2450,83,8759.73
2450,84,8664.93
2450,85,8613.44
2450,86,8686.59
2450,87,8970.21
2450,88,8829.11
2450,89,8682.4
2450,90,8658
2450,91,9175.54
2450,92,8905.92
2450,93,8864.14
2450,94,8795.4
2450,95,8801.87
2450,96,8787.87
2450,97,8882.31
2450,98,8837.47
2450,99,8881.86
2460,0,9111.47
2460,1,8837.29
2460,2,9012.88
2460,3,8813.12
2460,4,8774.04
2460,5,8700.43
2460,6,8950.92
2460,7,8605.75
2460,8,8883.24
2460,9,9129.18
2460,10,8856.62
2460,11,8598.62
2460,12,8597.4
2460,13,8946.32
2460,14,8797.38
2460,15,8846.19
2460,16,8901.06
2460,17,8899.87
2460,18,8588.9
2460,19,8811.37
2460,20,8939.69
2460,21,8761.45
2460,22,8717.74
2460,23,8850.5
2460,24,8605.09
2460,25,8615.09
2460,26,8923.82
2460,27,8957.55
2460,28,8974.4
2460,29,8617.34
2460,30,8702.21
2460,31,8959.96
2460,32,8635.96
2460,33,8574.37
2460,34,8872.45
2460,35,8599.53
2460,36,8638.03
2460,37,8951.94
2460,38,8698.88
2460,39,8855.56
2460,40,8874.06
2460,41,8795.97
2460,42,8972.39
2460,43,8781.62
2460,44,9037.54
2460,45,8818.44
2460,46,8810.42
2460,47,8765.28
2460,48,8793.51
2460,49,8705.54
2460,50,8728.06
2460,51,8875.49
2460,52,8496.33
2460,53,8732.29
2460,54,8717.14
2460,55,8950.77
2460,56,8729.28
2460,57,8978.61
2460,58,8738.24
2460,59,9007.7
2460,60,8838.35
2460,61,8631.41
2460,62,8773.53
2460,63,9013.69
2460,64,8742.26
2460,65,8913.42
2460,66,8731.62
2460,67,8893.15
2460,68,8924.01
2460,69,8949.1
2460,70,8799.82
2460,71,8503.16
2460,72,8914.06
2460,73,8711.47
2460,74,9016.07
2460,75,8690.68
2460,76,8985.37
2460,77,8596.22
2460,78,8622.69
2460,79,8770.46
2460,80,8651.5
2460,81,8457.7
2460,82,8796.59
2460,83,8759.43
2460,84,8664.63
2460,85,8613.14
2460,86,8686.29
2460,87,8969.91
2460,88,8828.81
2460,89,8682.1
2460,90,8657.7
2460,91,9175.24
2460,92,8905.62
2460,93,8863.84
2460,94,8795.1
2460,95,8801.57
2460,96,8787.57
2460,97,8882.01
2460,98,8837.17
2460,99,8881.56
2470,0,9111.17
2470,1,8836.99
2470,2,9012.58
2470,3,8812.82
2470,4,8773.74
2470,5,8700.13
2470,6,8950.62
2470,7,8605.45
2470,8,8882.94
2470,9,9128.88
2470,10,8856.32
2470,11,8598.32
2470,12,8597.1
2470,13,8946.02
2470,14,8797.08
2470,15,8845.89
2470,16,8900.76
2470,17,8899.57
2470,18,8588.6
2470,19,8811.07
2470,20,8939.39
2470,21,8761.15
2470,22,8717.44
2470,23,8850.2
2470,24,8604.79
2470,25,8614.79
2470,26,8923.52
2470,27,8957.25
2470,28,8974.1
2470,29,8617.04
2470,30,8701.91
2470,31,8959.66
2470,32,8635.66
2470,33,8574.07
2470,34,8872.15
2470,35,8599.23
2470,36,8637.73
2470,37,8951.64
2470,38,8698.58
2470,39,8855.26
2470,40,8873.76
2470,41,8795.67
2470,42,8972.09
2470,43,8781.32
2470,44,9037.24
2470,45,8818.14
2470,46,8810.12
2470,47,8764.98
2470,48,8793.21
2470,49,8705.24
2470,50,8727.76
2470,51,8875.19
2470,52,8496.03
2470,53,8731.99
2470,54,8716.84
2470,55,8950.47
2470,56,8728.98
2470,57,8978.31
2470,58,8737.94
2470,59,9007.4
2470,60,8838.05
2470,61,8631.11
2470,62,8773.23
2470,63,9013.39
2470,64,8741.96
2470,65,8913.12
2470,66,8731.32
2470,67,8892.85
2470,68,8923.71
2470,69,8948.8
2470,70,8799.52
2470,71,8502.86
2470,72,8913.76
2470,73,8711.17
2470,74,9015.77
2470,75,8690.38
2470,76,8985.07
2470,77,8595.92
2470,78,8622.39
2470,79,8770.16
2470,80,8651.2
2470,81,8457.4
2470,82,8796.29
2470,83,8759.13
2470,84,8664.33
2470,85,8612.84
2470,86,8685.99
2470,87,8969.61
2470,88,8828.51
2470,89,8681.8
2470,90,8657.4
2470,91,9174.94
2470,92,8905.32
2470,93,8863.54
2470,94,8794.8
2470,95,8801.27
2470,96,8787.27
2470,97,8881.71
2470,98,8836.87
2470,99,8881.26
2480,0,9100.68
2480,1,8824.13
2480,2,9000.34
2480,3,8798.61
2480,4,8758.77
2480,5,8684.41
2480,6,8938.14
2480,7,8589.2
2480,8,8869.6
2480,9,9118.62
2480,10,8842.89
2480,11,8581.42
2480,12,8580.19
2480,13,8933.33
2480,14,8782.69
2480,15,8831.66
2480,16,8887.64
2480,17,8887.39
2480,18,8572.38
2480,19,8796.7
2480,20,8926.76
2480,21,8747.31
2480,22,8700.84
2480,23,8836.79
2480,24,8587.5
2480,25,8598.14
2480,26,8910.69
2480,27,8944.96
2480,28,8963.43
2480,29,8600.38
2480,30,8686.35
2480,31,8947.33
2480,32,8619.86
2480,33,8556.87
2480,34,8858.27
2480,35,8582.34
2480,36,8622.38
2480,37,8939.14
2480,38,8682.94
2480,39,8841.89
2480,40,8860.55
2480,41,8781.83
2480,42,8959.87
2480,43,8768.24
2480,44,9025.83
2480,45,8804.65
2480,46,8795.87
2480,47,8750.41
2480,48,8778.77
2480,49,8690.72
2480,50,8712.46
2480,51,8861.43
2480,52,8477.83
2480,53,8716.45
2480,54,8700.56
2480,55,8937.84
2480,56,8713.59
2480,57,8966.27
2480,58,8722.67
2480,59,8995.63
2480,60,8824.92
2480,61,8614.63
2480,62,8758.6
2480,63,9001.66
2480,64,8726.86
2480,65,8900.07
2480,66,8716.09
2480,67,8879.59
2480,68,8911.87
2480,69,8936.35
2480,70,8785.14
2480,71,8484.77
2480,72,8900.29
2480,73,8695.7
2480,74,9004.37
2480,75,8674.4
2480,76,8973.01
2480,77,8579.05
2480,78,8605.82
2480,79,8755.39
2480,80,8633.88
2480,81,8438.67
2480,82,8782.21
2480,83,8744.44
2480,84,8648.25
2480,85,8596.15
2480,86,8669.6
2480,87,8957.32
2480,88,8814.49
2480,89,8664.41
2480,90,8641.28
2480,91,9165.21
2480,92,8892.28
2480,93,8850.33
2480,94,8780.44
2480,95,8787.12
2480,96,8772.64
2480,97,8868.15
2480,98,8823.74
2480,99,8867.87
2490,0,9100.38
2490,1,8823.83
2490,2,9000.04
2490,3,8798.31
2490,4,8758.47
2490,5,8684.11
2490,6,8937.84
2490,7,8588.9
2490,8,8869.3
2490,9,9118.32
2490,10,8842.59
2490,11,8581.12
2490,12,8579.89
2490,13,8933.03
2490,14,8782.39
2490,15,8831.36
2490,16,8887.34
2490,17,8887.09
2490,18,8572.08
2490,19,8796.4
2490,20,8926.46
2490,21,8747.01
2490,22,8700.54
2490,23,8836.49
2490,24,8587.2
2490,25,8597.84
2490,26,8910.39
2490,27,8944.66
2490,28,8963.13
2490,29,8600.08
2490,30,8686.05
2490,31,8947.03
2490,32,8619.56
2490,33,8556.57
2490,34,8857.97
2490,35,8582.04
2490,36,8622.08
2490,37,8938.84
2490,38,8682.64
2490,39,8841.59
2490,40,8860.25
2490,41,8781.53
2490,42,8959.57
2490,43,8767.94
2490,44,9025.53
2490,45,8804.35
2490,46,8795.57
2490,47,8750.11
2490,48,8778.47
2490,49,8690.42
2490,50,8712.16
2490,51,8861.13
2490,52,8477.53
2490,53,8716.15
2490,54,8700.26
2490,55,8937.54
2490,56,8713.29
2490,57,8965.97
2490,58,8722.37
2490,59,8995.33
2490,60,8824.62
2490,61,8614.33
2490,62,8758.3
2490,63,9001.36
2490,64,8726.56
2490,65,8899.77
2490,66,8715.79
2490,67,8879.29
2490,68,8911.57
2490,69,8936.05
2490,70,8784.84
2490,71,8484.47
2490,72,8899.99
2490,73,8695.4
2490,74,9004.07
2490,75,8674.1
2490,76,8972.71
2490,77,8578.75
2490,78,8605.52
2490,79,8755.09
2490,80,8633.58
2490,81,8438.37
2490,82,8781.91
2490,83,8744.14
2490,84,8647.95
2490,85,8595.85
2490,86,8669.3
2490,87,8957.02
2490,88,8814.19
2490,89,8664.11
2490,90,8640.98
2490,91,9164.91
2490,92,8891.98
2490,93,8850.03
2490,94,8780.14
2490,95,8786.82
2490,96,8772.34
2490,97,8867.85
2490,98,8823.44
2490,99,8867.57
2500,0,9100.08
2500,1,8823.53
2500,2,8999.74
2500,3,8798.01
2500,4,8758.17
2500,5,8683.81
2500,6,8937.54
2500,7,8588.6
2500,8,8869
2500,9,9118.02
2500,10,8842.29
2500,11,8580.82
2500,12,8579.59
2500,13,8932.73
2500,14,8782.09
2500,15,8831.06
2500,16,8887.04
2500,17,8886.79
2500,18,8571.78
2500,19,8796.1
2500,20,8926.16
2500,21,8746.71
2500,22,8700.24
2500,23,8836.19
2500,24,8586.9
2500,25,8597.54
2500,26,8910.09
2500,27,8944.36
2500,28,8962.83
2500,29,8599.78
2500,30,8685.75
2500,31,8946.73
2500,32,8619.26
2500,33,8556.27
2500,34,8857.67
2500,35,8581.74
2500,36,8621.78
2500,37,8938.54
2500,38,8682.34
2500,39,8841.29
2500,40,8859.95
2500,41,8781.23
2500,42,8959.27
2500,43,8767.64
2500,44,9025.23
2500,45,8804.05
2500,46,8795.27
2500,47,8749.81
2500,48,8778.17
2500,49,8690.12
2500,50,8711.86
2500,51,8860.83
2500,52,8477.23
2500,53,8715.85
2500,54,8699.96
2500,55,8937.24
2500,56,8712.99
2500,57,8965.67
2500,58,8722.07
2500,59,8995.03
2500,60,8824.32
2500,61,8614.03
2500,62,8758
2500,63,9001.06
2500,64,8726.26
2500,65,8899.47
2500,66,8715.49
2500,67,8878.99
2500,68,8911.27
2500,69,8935.75
2500,70,8784.54
2500,71,8484.17
2500,72,8899.69
2500,73,8695.1
2500,74,9003.77
2500,75,8673.8
2500,76,8972.41
2500,77,8578.45
2500,78,8605.22
2500,79,8754.79
2500,80,8633.28
2500,81,8438.07
2500,82,8781.61
2500,83,8743.84
2500,84,8647.65
2500,85,8595.55
2500,86,8669
2500,87,8956.72
2500,88,8813.89
2500,89,8663.81
2500,90,8640.68
2500,91,9164.61
2500,92,8891.68
2500,93,8849.73
2500,94,8779.84
2500,95,8786.52
2500,96,8772.04
2500,97,8867.55
2500,98,8823.14
2500,99,8867.27
2510,0,9089.59
2510,1,8807.23
2510,2,8988.32
2510,3,8783.8
2510,4,8743.2
2510,5,8668
2510,6,8925.05
2510,7,8572.99
2510,8,8855.66
2510,9,9107.76
2510,10,8827.89
2510,11,8563.93
2510,12,8562.68
2510,13,8920.04
2510,14,8767.69
2510,15,8816.83
2510,16,8873.93
2510,17,8871.7
2510,18,8555.56
2510,19,8781.74
2510,20,8913.53
2510,21,8732.15
2510,22,8683.64
2510,23,8822.79
2510,24,8569.6
2510,25,8580.89
2510,26,8897.26
2510,27,8932.07
2510,28,8950.66
2510,29,8583.31
2510,30,8670.19
2510,31,8934.4
2510,32,8600.97
2510,33,8539.07
2510,34,8843.78
2510,35,8564.85
2510,36,8604.76
2510,37,8925.57
2510,38,8666.7
2510,39,8827.91
2510,40,8846.41
2510,41,8767.23
2510,42,8947.04
2510,43,8751.43
2510,44,9013.83
2510,45,8790.64
2510,46,8781.03
2510,47,8735.25
2510,48,8763.73
2510,49,8674.34
2510,50,8697.18
2510,51,8847.89
2510,52,8459.02
2510,53,8700.27
2510,54,8687.37
2510,55,8924.61
2510,56,8697.61
2510,57,8953.67
2510,58,8706.97
2510,59,8983.29
2510,60,8812.61
2510,61,8597.55
2510,62,8743.38
2510,63,8989.56
2510,64,8711.16
2510,65,8886.59
2510,66,8700.25
2510,67,8865.95
2510,68,8899.42
2510,69,8923.3
2510,70,8770.16
2510,71,8466.08
2510,72,8887.12
2510,73,8679.64
2510,74,8991.12
2510,75,8655.9
2510,76,8960.35
2510,77,8561.59
2510,78,8588.65
2510,79,8740.07
2510,80,8615.96
2510,81,8419.4
2510,82,8767.52
2510,83,8729.15
2510,84,8631.57
2510,85,8578.86
2510,86,8652.51
2510,87,8944.34
2510,88,8799.8
2510,89,8646.43
2510,90,8624.56
2510,91,9154.88
2510,92,8878.63
2510,93,8836.52
2510,94,8765.49
2510,95,8772.38
2510,96,8755.27
2510,97,8853.29
2510,98,8808.74
2510,99,8854.12
2520,0,9089.29
2520,1,8806.93
2520,2,8988.02
2520,3,8783.5
2520,4,8742.9
2520,5,8667.7
2520,6,8924.75
2520,7,8572.69
2520,8,8855.36
2520,9,9107.46
2520,10,8827.59
2520,11,8563.63
2520,12,8562.38
2520,13,8919.74
2520,14,8767.39
2520,15,8816.53
2520,16,8873.63
2520,17,8871.4
2520,18,8555.26
2520,19,8781.44
2520,20,8913.23
2520,21,8731.85
2520,22,8683.34
2520,23,8822.49
2520,24,8569.3
2520,25,8580.59
2520,26,8896.96
2520,27,8931.77
2520,28,8950.36
2520,29,8583.01
2520,30,8669.89
2520,31,8934.1
2520,32,8600.67
2520,33,8538.77
2520,34,8843.48
2520,35,8564.55
2520,36,8604.46
2520,37,8925.27
2520,38,8666.4
2520,39,8827.61
2520,40,8846.11
2520,41,8766.93
2520,42,8946.74
2520,43,8751.13
2520,44,9013.53
2520,45,8790.34
2520,46,8780.73
2520,47,8734.95
2520,48,8763.43
2520,49,8674.04
2520,50,8696.88
2520,51,8847.59
2520,52,8458.72
2520,53,8699.97
2520,54,8687.07
2520,55,8924.31
2520,56,8697.31
2520,57,8953.37
2520,58,8706.67
2520,59,8982.99
2520,60,8812.31
2520,61,8597.25
2520,62,8743.08
2520,63,8989.26
2520,64,8710.86
2520,65,8886.29
2520,66,8699.95
2520,67,8865.65
2520,68,8899.12
2520,69,8923
2520,70,8769.86
2520,71,8465.78
2520,72,8886.82
2520,73,8679.34
2520,74,8990.82
2520,75,8655.6
2520,76,8960.05
2520,77,8561.29
2520,78,8588.35
2520,79,8739.77
2520,80,8615.66
2520,81,8419.1
2520,82,8767.22
2520,83,8728.85
2520,84,8631.27
2520,85,8578.56
2520,86,8652.21
2520,87,8944.04
2520,88,8799.5
2520,89,8646.13
2520,90,8624.26
2520,91,9154.58
2520,92,8878.33
2520,93,8836.22
2520,94,8765.19
2520,95,8772.08
2520,96,8754.97
2520,97,8852.99
2520,98,8808.44
2520,99,8853.82
2530,0,9088.99
2530,1,8806.63
2530,2,8987.72
2530,3,8783.2
2530,4,8742.6
2530,5,8667.4
2530,6,8924.45
2530,7,8572.39
2530,8,8855.06
2530,9,9107.16
2530,10,8827.29
2530,11,8563.33
2530,12,8562.08
2530,13,8919.44
2530,14,8767.09
2530,15,8816.23
2530,16,8873.33
2530,17,8871.1
2530,18,8554.96
2530,19,8781.14
2530,20,8912.93
2530,21,8731.55
2530,22,8683.04
2530,23,8822.19
2530,24,8569
2530,25,8580.29
2530,26,8896.66
2530,27,8931.47
2530,28,8950.06
2530,29,8582.71
2530,30,8669.59
2530,31,8933.8
2530,32,8600.37
2530,33,8538.47
2530,34,8843.18
2530,35,8564.25
2530,36,8604.16
2530,37,8924.97
2530,38,8666.1
2530,39,8827.31
2530,40,8845.81
2530,41,8766.63
2530,42,8946.44
2530,43,8750.83
2530,44,9013.23
2530,45,8790.04
2530,46,8780.43
2530,47,8734.65
2530,48,8763.13
2530,49,8673.74
2530,50,8696.58
2530,51,8847.29
2530,52,8458.42
2530,53,8699.67
2530,54,8686.77
2530,55,8924.01
2530,56,8697.01
2530,57,8953.07
2530,58,8706.37
2530,59,8982.69
2530,60,8812.01
2530,61,8596.95
2530,62,8742.78
2530,63,8988.96
2530,64,8710.56
2530,65,8885.99
2530,66,8699.65
2530,67,8865.35
2530,68,8898.82
2530,69,8922.7
2530,70,8769.56
2530,71,8465.48
2530,72,8886.52
2530,73,8679.04
2530,74,8990.52
2530,75,8655.3
2530,76,8959.75
2530,77,8560.99
2530,78,8588.05
2530,79,8739.47
2530,80,8615.36
2530,81,8418.8
2530,82,8766.92
2530,83,8728.55
2530,84,8630.97
2530,85,8578.26
2530,86,8651.91
2530,87,8943.74
2530,88,8799.2
2530,89,8645.83
2530,90,8623.96
2530,91,9154.28
2530,92,8878.03
2530,93,8835.92
2530,94,8764.89
2530,95,8771.78
2530,96,8754.67
2530,97,8852.69
2530,98,8808.14
2530,99,8853.52
2540,0,9078.5
2540,1,8792.93
2540,2,8976.31
2540,3,8768.98
2540,4,8727.29
2540,5,8651.54
2540,6,8911.96
2540,7,8554.27
2540,8,8841.73
2540,9,9096.9
2540,10,8813.7
2540,11,8546.43
2540,12,8545.17
2540,13,8906.9
2540,14,8752.7
2540,15,8803.5
2540,16,8860.21
2540,17,8858.32
2540,18,8537.01
2540,19,8766.63
2540,20,8900.3
2540,21,8716.33
2540,22,8669.38
2540,23,8808.78
2540,24,8551.7
2540,25,8563.65
2540,26,8883.83
2540,27,8919.02
2540,28,8937.89
2540,29,8566.05
2540,30,8653.86
2540,31,8921.46
2540,32,8584.18
2540,33,8521.28
2540,34,8829.48
2540,35,8547.36
2540,36,8587.15
2540,37,8912.34
2540,38,8650.42
2540,39,8813.43
2540,40,8832.49
2540,41,8750.73
2540,42,8934.22
2540,43,8734.62
2540,44,9001.82
2540,45,8776.54
2540,46,8766.19
2540,47,8720.08
2540,48,8748.69
2540,49,8657.97
2540,50,8681.26
2540,51,8833.38
2540,52,8440.22
2540,53,8685.5
2540,54,8670.57
2540,55,8911.39
2540,56,8681.97
2540,57,8940.99
2540,58,8691.2
2540,59,8970.89
2540,60,8798.06
2540,61,8580.47
2540,62,8728.16
2540,63,8977.24
2540,64,8695.46
2540,65,8873.07
2540,66,8684.28
2540,67,8852.16
2540,68,8885.7
2540,69,8909.99
2540,70,8755.18
2540,71,8447.39
2540,72,8873.63
2540,73,8663.57
2540,74,8979.25
2540,75,8639.24
2540,76,8947.69
2540,77,8543.99
2540,78,8571.49
2540,79,8724.75
2540,80,8598.04
2540,81,8400.12
2540,82,8752.3
2540,83,8713.86
2540,84,8614.89
2540,85,8561.56
2540,86,8635.37
2540,87,8931.32
2540,88,8785.18
2540,89,8628.69
2540,90,8607.83
2540,91,9144.55
2540,92,8864.99
2540,93,8821.49
2540,94,8750.54
2540,95,8757.63
2540,96,8741.21
2540,97,8839.27
2540,98,8793.74
2540,99,8840.02
2550,0,9078.2
2550,1,8792.63
2550,2,8976.01
2550,3,8768.68
2550,4,8726.99
2550,5,8651.24
2550,6,8911.66
2550,7,8553.97
2550,8,8841.43
2550,9,9096.6
2550,10,8813.4
2550,11,8546.13
2550,12,8544.87
2550,13,8906.6
2550,14,8752.4
2550,15,8803.2
2550,16,8859.91
2550,17,8858.02
2550,18,8536.71
2550,19,8766.33
2550,20,8900
2550,21,8716.03
2550,22,8669.08
2550,23,8808.48
2550,24,8551.4
2550,25,8563.35
2550,26,8883.53
2550,27,8918.72
2550,28,8937.59
2550,29,8565.75
2550,30,8653.56
2550,31,8921.16
2550,32,8583.88
2550,33,8520.98
2550,34,8829.18
2550,35,8547.06
2550,36,8586.85
2550,37,8912.04
2550,38,8650.12
2550,39,8813.13
2550,40,8832.19
2550,41,8750.43
2550,42,8933.92
2550,43,8734.32
2550,44,9001.52
2550,45,8776.24
2550,46,8765.89
2550,47,8719.78
2550,48,8748.39
2550,49,8657.67
2550,50,8680.96
2550,51,8833.08
2550,52,8439.92
2550,53,8685.2
2550,54,8670.27
2550,55,8911.09
2550,56,8681.67
2550,57,8940.69
2550,58,8690.9
2550,59,8970.59
2550,60,8797.76
2550,61,8580.17
2550,62,8727.86
2550,63,8976.94
2550,64,8695.16
2550,65,8872.77
2550,66,8683.98
2550,67,8851.86
2550,68,8885.4
2550,69,8909.69
2550,70,8754.88
2550,71,8447.09
2550,72,8873.33
2550,73,8663.27
2550,74,8978.95
2550,75,8638.94
2550,76,8947.39
2550,77,8543.69
2550,78,8571.19
2550,79,8724.45
2550,80,8597.74
2550,81,8399.82
2550,82,8752
2550,83,8713.56
2550,84,8614.59
2550,85,8561.26
2550,86,8635.07
2550,87,8931.02
2550,88,8784.88
2550,89,8628.39
2550,90,8607.53
2550,91,9144.25
2550,92,8864.69
2550,93,8821.19
2550,94,8750.24
2550,95,8757.33
2550,96,8740.91
2550,97,8838.97
2550,98,8793.44
2550,99,8839.72
2560,0,9077.9
2560,1,8792.33
2560,2,8975.71
2560,3,8768.38
2560,4,8726.69
2560,5,8650.94
2560,6,8911.36
2560,7,8553.67
2560,8,8841.13
2560,9,9096.3
2560,10,8813.1
2560,11,8545.83
2560,12,8544.57
2560,13,8906.3
2560,14,8752.1
2560,15,8802.9
2560,16,8859.61
2560,17,8857.72
2560,18,8536.41
2560,19,8766.03
2560,20,8899.7
2560,21,8715.73
2560,22,8668.78
2560,23,8808.18
2560,24,8551.1
2560,25,8563.05
2560,26,8883.23
2560,27,8918.42
2560,28,8937.29
2560,29,8565.45
2560,30,8653.26
2560,31,8920.86
2560,32,8583.58
2560,33,8520.68
2560,34,8828.88
2560,35,8546.76
2560,36,8586.55
2560,37,8911.74
2560,38,8649.82
2560,39,8812.83
2560,40,8831.89
2560,41,8750.13
2560,42,8933.62
2560,43,8734.02
2560,44,9001.22
2560,45,8775.94
2560,46,8765.59
2560,47,8719.48
2560,48,8748.09
2560,49,8657.37
2560,50,8680.66
2560,51,8832.78
2560,52,8439.62
2560,53,8684.9
2560,54,8669.97
2560,55,8910.79
2560,56,8681.37
2560,57,8940.39
2560,58,8690.6
2560,59,8970.29
2560,60,8797.46
2560,61,8579.87
2560,62,8727.56
2560,63,8976.64
2560,64,8694.86
2560,65,8872.47
2560,66,8683.68
2560,67,8851.56
2560,68,8885.1
2560,69,8909.39
2560,70,8754.58
2560,71,8446.79
2560,72,8873.03
2560,73,8662.97
2560,74,8978.65
2560,75,8638.64
2560,76,8947.09
2560,77,8543.39
2560,78,8570.89
2560,79,8724.15
2560,80,8597.44
2560,81,8399.52
2560,82,8751.7
2560,83,8713.26
2560,84,8614.29
2560,85,8560.96
2560,86,8634.77
2560,87,8930.72
2560,88,8784.58
2560,89,8628.09
2560,90,8607.23
2560,91,9143.95
2560,92,8864.39
2560,93,8820.89
2560,94,8749.94
2560,95,8757.03
2560,96,8740.61
2560,97,8838.67
2560,98,8793.14
2560,99,8839.42
2570,0,9067.41
2570,1,8778.64
2570,2,8964.29
2570,3,8754.17
2570,4,8711.41
2570,5,8635.15
2570,6,8898.88
2570,7,8535.55
2570,8,8827.79
2570,9,9086.03
2570,10,8799.5
2570,11,8528.94
2570,12,8527.65
2570,13,8893.77
2570,14,8737.7
2570,15,8790.18
2570,16,8846.5
2570,17,8845.55
2570,18,8518.48
2570,19,8751.49
2570,20,8887.06
2570,21,8700.57
2570,22,8655.15
2570,23,8794.77
2570,24,8533.8
2570,25,8546.05
2570,26,8870.4
2570,27,8905.96
2570,28,8925.13
2570,29,8548.78
2570,30,8637.57
2570,31,8908.53
2570,32,8567.39
2570,33,8503.47
2570,34,8815.17
2570,35,8529.87
2570,36,8569.53
2570,37,8899.17
2570,38,8634.18
2570,39,8798.93
2570,40,8818.57
2570,41,8735.26
2570,42,8921.39
2570,43,8718.53
2570,44,8989.81
2570,45,8762.77
2570,46,8751.34
2570,47,8704.91
2570,48,8733.65
2570,49,8641.59
2570,50,8665.39
2570,51,8818.84
2570,52,8421.42
2570,53,8670.79
2570,54,8653.77
2570,55,8898.16
2570,56,8665.9
2570,57,8928.34
2570,58,8675.5
2570,59,8958.55
2570,60,8783.53
2570,61,8563.39
2570,62,8712.93
2570,63,8964.91
2570,64,8679.77
2570,65,8859.59
2570,66,8668.31
2570,67,8838.46
2570,68,8871.92
2570,69,8896.94
2570,70,8740.19
2570,71,8428.7
2570,72,8860.46
2570,73,8647.5
2570,74,8967.32
2570,75,8622.64
2570,76,8935.03
2570,77,8526.38
2570,78,8554.31
2570,79,8709.43
2570,80,8582.97
2570,81,8380.84
2570,82,8737.11
2570,83,8698.57
2570,84,8598.21
2570,85,8544.27
2570,86,8619.52
2570,87,8918.36
2570,88,8770.57
2570,89,8614.26
2570,90,8591.11
2570,91,9134.22
2570,92,8851.35
2570,93,8807.15
2570,94,8735.58
2570,95,8742.88
2570,96,8725.97
2570,97,8825.18
2570,98,8778.74
2570,99,8826.28
2580,0,9067.11
2580,1,8778.34
2580,2,8963.99
2580,3,8753.87
2580,4,8711.11
2580,5,8634.85
2580,6,8898.58
2580,7,8535.25
2580,8,8827.49
2580,9,9085.73
2580,10,8799.2
2580,11,8528.64
2580,12,8527.36
2580,13,8893.47
2580,14,8737.4
2580,15,8789.88
2580,16,8846.2
2580,17,8845.25
2580,18,8518.19
2580,19,8751.19
2580,20,8886.76
2580,21,8700.27
2580,22,8654.85
2580,23,8794.47
2580,24,8533.51
2580,25,8545.75
2580,26,8870.1
2580,27,8905.66
2580,28,8924.83
2580,29,8548.48
2580,30,8637.27
2580,31,8908.23
2580,32,8567.09
2580,33,8503.18
2580,34,8814.87
2580,35,8529.57
2580,36,8569.23
2580,37,8898.87
2580,38,8633.88
2580,39,8798.63
2580,40,8818.27
2580,41,8734.96
2580,42,8921.09
2580,43,8718.23
2580,44,8989.51
2580,45,8762.47
2580,46,8751.04
2580,47,8704.61
2580,48,8733.35
2580,49,8641.29
2580,50,8665.09
2580,51,8818.54
2580,52,8421.12
2580,53,8670.49
2580,54,8653.47
2580,55,8897.86
2580,56,8665.6
2580,57,8928.04
2580,58,8675.2
2580,59,8958.25
2580,60,8783.23
2580,61,8563.09
2580,62,8712.63
2580,63,8964.61
2580,64,8679.47
2580,65,8859.29
2580,66,8668.02
2580,67,8838.16
2580,68,8871.62
2580,69,8896.64
2580,70,8739.89
2580,71,8428.4
2580,72,8860.16
2580,73,8647.2
2580,74,8967.02
2580,75,8622.34
2580,76,8934.73
2580,77,8526.08
2580,78,8554.02
2580,79,8709.13
2580,80,8582.67
2580,81,8380.54
2580,82,8736.81
2580,83,8698.27
2580,84,8597.91
2580,85,8543.97
2580,86,8619.22
2580,87,8918.06
2580,88,8770.27
2580,89,8613.96
2580,90,8590.81
2580,91,9133.92
2580,92,8851.05
2580,93,8806.85
2580,94,8735.28
2580,95,8742.58
2580,96,8725.67
2580,97,8824.88
2580,98,8778.44
2580,99,8825.98
2590,0,9066.81
2590,1,8778.04
2590,2,8963.69
2590,3,8753.57
2590,4,8710.81
2590,5,8634.55
2590,6,8898.28
2590,7,8534.95
2590,8,8827.19
2590,9,9085.43
2590,10,8798.9
2590,11,8528.34
2590,12,8527.06
2590,13,8893.17
2590,14,8737.1
2590,15,8789.58
2590,16,8845.9
2590,17,8844.95
2590,18,8517.89
2590,19,8750.89
2590,20,8886.46
2590,21,8699.97
2590,22,8654.55
2590,23,8794.17
2590,24,8533.21
2590,25,8545.45
2590,26,8869.8
2590,27,8905.36
2590,28,8924.53
2590,29,8548.18
2590,30,8636.97
2590,31,8907.93
2590,32,8566.79
2590,33,8502.88
2590,34,8814.57
2590,35,8529.27
2590,36,8568.93
2590,37,8898.57
2590,38,8633.58
2590,39,8798.33
2590,40,8817.97
2590,41,8734.66
2590,42,8920.79
2590,43,8717.93
2590,44,8989.21
2590,45,8762.17
2590,46,8750.74
2590,47,8704.31
2590,48,8733.05
2590,49,8640.99
2590,50,8664.79
2590,51,8818.24
2590,52,8420.82
2590,53,8670.19
2590,54,8653.17
2590,55,8897.56
2590,56,8665.3
2590,57,8927.74
2590,58,8674.9
2590,59,8957.95
2590,60,8782.93
2590,61,8562.79
2590,62,8712.33
2590,63,8964.31
2590,64,8679.17
2590,65,8858.99
2590,66,8667.72
2590,67,8837.86
2590,68,8871.32
2590,69,8896.34
2590,70,8739.59
2590,71,8428.1
2590,72,8859.86
2590,73,8646.9
2590,74,8966.72
2590,75,8622.04
2590,76,8934.43
2590,77,8525.78
2590,78,8553.72
2590,79,8708.83
2590,80,8582.37
2590,81,8380.24
2590,82,8736.51
2590,83,8697.97
2590,84,8597.61
2590,85,8543.67
2590,86,8618.92
2590,87,8917.76
2590,88,8769.97
2590,89,8613.66
2590,90,8590.51
2590,91,9133.62
2590,92,8850.75
2590,93,8806.55
2590,94,8734.98
2590,95,8742.28
2590,96,8725.37
2590,97,8824.58
2590,98,8778.14
2590,99,8825.68
2600,0,9056.32
2600,1,8762.99
2600,2,8952.27
2600,3,8739.36
2600,4,8695.84
2600,5,8619.61
2600,6,8885.79
2600,7,8519.27
2600,8,8813.85
2600,9,9075.17
2600,10,8785.47
2600,11,8511.43
2600,12,8510.12
2600,13,8880.48
2600,14,8722.71
2600,15,8775.35
2600,16,8832.78
2600,17,8830.92
2600,18,8501.62
2600,19,8736.53
2600,20,8873.83
2600,21,8686.14
2600,22,8637.95
2600,23,8780.76
2600,24,8518.32
2600,25,8528.8
2600,26,8856.97
2600,27,8893.07
2600,28,8911.89
2600,29,8531.5
2600,30,8621.4
2600,31,8895.6
2600,32,8550.99
2600,33,8485.65
2600,34,8800.68
2600,35,8512.36
2600,36,8553.58
2600,37,8886.5
2600,38,8617.94
2600,39,8784.95
2600,40,8804.76
2600,41,8721.35
2600,42,8908.57
2600,43,8704.85
2600,44,8977.8
2600,45,8748.76
2600,46,8736.5
2600,47,8689.75
2600,48,8718.61
2600,49,8625.21
2600,50,8649.57
2600,51,8805.96
2600,52,8402.6
2600,53,8654.94
2600,54,8636.87
2600,55,8885.94
2600,56,8649.91
2600,57,8915.77
2600,58,8659.63
2600,59,8946.21
2600,60,8770.45
2600,61,8546.3
2600,62,8697.7
2600,63,8952.59
2600,64,8664.07
2600,65,8845.94
2600,66,8652.47
2600,67,8824.67
2600,68,8859.47
2600,69,8883.89
2600,70,8725.21
2600,71,8410
2600,72,8847.3
2600,73,8631.43
2600,74,8955.74
2600,75,8606.05
2600,76,8922.37
2600,77,8508.91
2600,78,8537.13
2600,79,8694.11
2600,80,8565.04
2600,81,8361.49
2600,82,8722.43
2600,83,8683.27
2600,84,8581.54
2600,85,8526.96
2600,86,8603.66
2600,87,8905.97
2600,88,8755.87
2600,89,8599.82
2600,90,8574.38
2600,91,9123.9
2600,92,8837.7
2600,93,8793.34
2600,94,8720.62
2600,95,8728.13
2600,96,8712
2600,97,8813.7
2600,98,8765.01
2600,99,8812.33
2610,0,9056.02
2610,1,8762.69
2610,2,8951.97
2610,3,8739.06
2610,4,8695.54
2610,5,8619.31
2610,6,8885.49
2610,7,8518.97
2610,8,8813.55
2610,9,9074.87
2610,10,8785.17
2610,11,8511.14
2610,12,8509.85
2610,13,8880.18
2610,14,8722.41
2610,15,8775.05
2610,16,8832.48
2610,17,8830.62
2610,18,8501.34
2610,19,8736.23
2610,20,8873.53
2610,21,8685.84
2610,22,8637.65
2610,23,8780.46
2610,24,8518.02
2610,25,8528.5
2610,26,8856.67
2610,27,8892.77
2610,28,8911.59
2610,29,8531.22
2610,30,8621.11
2610,31,8895.3
2610,32,8550.69
2610,33,8485.38
2610,34,8800.38
2610,35,8512.08
2610,36,8553.28
2610,37,8886.2
2610,38,8617.64
2610,39,8784.65
2610,40,8804.46
2610,41,8721.05
2610,42,8908.27
2610,43,8704.55
2610,44,8977.5
2610,45,8748.46
2610,46,8736.2
2610,47,8689.45
2610,48,8718.31
2610,49,8624.91
2610,50,8649.27
2610,51,8805.66
2610,52,8402.32
2610,53,8654.64
2610,54,8636.59
2610,55,8885.64
2610,56,8649.61
2610,57,8915.47
2610,58,8659.33
2610,59,8945.91
2610,60,8770.15
2610,61,8546.01
2610,62,8697.41
2610,63,8952.29
2610,64,8663.77
2610,65,8845.64
2610,66,8652.18
2610,67,8824.37
2610,68,8859.17
2610,69,8883.59
2610,70,8724.91
2610,71,8409.72
2610,72,8847
2610,73,8631.13
2610,74,8955.44
2610,75,8605.76
2610,76,8922.07
2610,77,8508.62
2610,78,8536.85
2610,79,8693.81
2610,80,8564.75
2610,81,8361.21
2610,82,8722.13
2610,83,8682.98
2610,84,8581.24
2610,85,8526.67
2610,86,8603.36
2610,87,8905.67
2610,88,8755.57
2610,89,8599.52
2610,90,8574.09
2610,91,9123.6
2610,92,8837.4
2610,93,8793.04
2610,94,8720.33
2610,95,8727.83
2610,96,8711.71
2610,97,8813.4
2610,98,8764.71
2610,99,8812.03
2620,0,9055.72
2620,1,8762.39
2620,2,8951.67
2620,3,8738.76
2620,4,8695.24
2620,5,8619.01
2620,6,8885.19
2620,7,8518.67
2620,8,8813.25
2620,9,9074.57
2620,10,8784.87
2620,11,8510.84
2620,12,8509.55
2620,13,8879.88
2620,14,8722.11
2620,15,8774.75
2620,16,8832.18
2620,17,8830.32
2620,18,8501.04
2620,19,8735.93
2620,20,8873.23
2620,21,8685.54
2620,22,8637.35
2620,23,8780.16
2620,24,8517.72
2620,25,8528.2
2620,26,8856.37
2620,27,8892.47
2620,28,8911.29
2620,29,8530.92
2620,30,8620.81
2620,31,8895
2620,32,8550.39
2620,33,8485.08
2620,34,8800.08
2620,35,8511.78
2620,36,8552.98
2620,37,8885.9
2620,38,8617.34
2620,39,8784.35
2620,40,8804.16
2620,41,8720.75
2620,42,8907.97
2620,43,8704.25
2620,44,8977.2
2620,45,8748.16
2620,46,8735.9
2620,47,8689.15
2620,48,8718.01
2620,49,8624.61
2620,50,8648.97
2620,51,8805.36
2620,52,8402.02
2620,53,8654.34
2620,54,8636.29
2620,55,8885.34
2620,56,8649.31
2620,57,8915.17
2620,58,8659.03
2620,59,8945.61
2620,60,8769.85
2620,61,8545.71
2620,62,8697.11
2620,63,8951.99
2620,64,8663.47
2620,65,8845.34
2620,66,8651.88
2620,67,8824.07
2620,68,8858.87
2620,69,8883.29
2620,70,8724.61
2620,71,8409.42
2620,72,8846.7
2620,73,8630.83
2620,74,8955.14
2620,75,8605.46
2620,76,8921.77
2620,77,8508.32
2620,78,8536.55
2620,79,8693.51
2620,80,8564.45
2620,81,8360.91
2620,82,8721.83
2620,83,8682.68
2620,84,8580.94
2620,85,8526.37
2620,86,8603.06
2620,87,8905.37
2620,88,8755.27
2620,89,8599.22
2620,90,8573.79
2620,91,9123.3
2620,92,8837.1
2620,93,8792.74
2620,94,8720.03
2620,95,8727.53
2620,96,8711.41
2620,97,8813.1
2620,98,8764.41
2620,99,8811.73
2630,0,9045.23
2630,1,8748.69
2630,2,8940.25
2630,3,8724.55
2630,4,8679.98
2630,5,8603.3
2630,6,8872.71
2630,7,8500.52
2630,8,8799.91
2630,9,9064.31
2630,10,8771.23
2630,11,8493.92
2630,12,8492.6
2630,13,8867.34
2630,14,8707.71
2630,15,8762.02
2630,16,8819.07
2630,17,8817.69
2630,18,8483.1
2630,19,8721.37
2630,20,8860.6
2630,21,8670.47
2630,22,8623.74
2630,23,8766.76
2630,24,8500.39
2630,25,8511.18
2630,26,8843.54
2630,27,8879.98
2630,28,8899.65
2630,29,8514.22
2630,30,8605.17
2630,31,8882.66
2630,32,8534.21
2630,33,8467.84
2630,34,8786.4
2630,35,8494.86
2630,36,8537.63
2630,37,8873.83
2630,38,8601.69
2630,39,8770.43
2630,40,8790.42
2630,41,8706.74
2630,42,8895.74
2630,43,8691.16
2630,44,8965.79
2630,45,8733.58
2630,46,8721.66
2630,47,8674.58
2630,48,8703.87
2630,49,8610.09
2630,50,8633.63
2630,51,8791.41
2630,52,8383.79
2630,53,8640.22
2630,54,8620.06
2630,55,8872.71
2630,56,8633.85
2630,57,8903.1
2630,58,8643.92
2630,59,8933.81
2630,60,8755.95
2630,61,8529.21
2630,62,8682.46
2630,63,8940.26
2630,64,8648.35
2630,65,8832.29
2630,66,8636.48
2630,67,8811.01
2630,68,8845.69
2630,69,8870.59
2630,70,8710.23
2630,71,8391.29
2630,72,8833.8
2630,73,8615.34
2630,74,8943.72
2630,75,8589.43
2630,76,8909.71
2630,77,8491.29
2630,78,8519.95
2630,79,8678.79
2630,80,8549.97
2630,81,8342.2
2630,82,8707.26
2630,83,8666.45
2630,84,8564.86
2630,85,8509.65
2630,86,8586.67
2630,87,8893.09
2630,88,8741.24
2630,89,8581.28
2630,90,8557.64
2630,91,9113.57
2630,92,8824.06
2630,93,8779.02
2630,94,8705.65
2630,95,8713.38
2630,96,8696.76
2630,97,8799.53
2630,98,8750.02
2630,99,8798.19
2640,0,9044.93
2640,1,8748.39
2640,2,8939.95
2640,3,8724.25
2640,4,8679.68
2640,5,8603
2640,6,8872.41
2640,7,8500.26
2640,8,8799.61
2640,9,9064.01
2640,10,8770.94
2640,11,8493.64
2640,12,8492.34
2640,13,8867.04
2640,14,8707.41
2640,15,8761.72
2640,16,8818.77
2640,17,8817.39
2640,18,8482.84
2640,19,8721.07
2640,20,8860.3
2640,21,8670.17
2640,22,8623.44
2640,23,8766.46
2640,24,8500.12
2640,25,8510.9
2640,26,8843.24
2640,27,8879.68
2640,28,8899.35
2640,29,8513.95
2640,30,8604.89
2640,31,8882.36
2640,32,8533.91
2640,33,8467.58
2640,34,8786.1
2640,35,8494.59
2640,36,8537.34
2640,37,8873.53
2640,38,8601.39
2640,39,8770.13
2640,40,8790.12
2640,41,8706.44
2640,42,8895.44
2640,43,8690.86
2640,44,8965.49
2640,45,8733.29
2640,46,8721.36
2640,47,8674.28
2640,48,8703.57
2640,49,8609.81
2640,50,8633.34
2640,51,8791.11
2640,52,8383.52
2640,53,8639.92
2640,54,8619.79
2640,55,8872.41
2640,56,8633.55
2640,57,8902.8
2640,58,8643.63
2640,59,8933.51
2640,60,8755.65
2640,61,8528.93
2640,62,8682.18
2640,63,8939.96
2640,64,8648.07
2640,65,8831.99
2640,66,8636.21
2640,67,8810.71
2640,68,8845.39
2640,69,8870.29
2640,70,8709.93
2640,71,8391.03
2640,72,8833.5
2640,73,8615.06
2640,74,8943.42
2640,75,8589.15
2640,76,8909.41
2640,77,8491.02
2640,78,8519.69
2640,79,8678.49
2640,80,8549.67
2640,81,8341.94
2640,82,8706.96
2640,83,8666.17
2640,84,8564.56
2640,85,8509.38
2640,86,8586.38
2640,87,8892.79
2640,88,8740.96
2640,89,8581.03
2640,90,8557.36
2640,91,9113.27
2640,92,8823.76
2640,93,8778.72
2640,94,8705.38
2640,95,8713.08
2640,96,8696.48
2640,97,8799.23
2640,98,8749.72
2640,99,8797.89
2650,0,9044.63
2650,1,8748.09
2650,2,8939.65
2650,3,8723.95
2650,4,8679.38
2650,5,8602.7
2650,6,8872.11
2650,7,8499.96
2650,8,8799.31
2650,9,9063.71
2650,10,8770.64
2650,11,8493.34
2650,12,8492.04
2650,13,8866.74
2650,14,8707.11
2650,15,8761.42
2650,16,8818.47
2650,17,8817.09
2650,18,8482.54
2650,19,8720.77
2650,20,8860
2650,21,8669.87
2650,22,8623.14
2650,23,8766.16
2650,24,8499.82
2650,25,8510.6
2650,26,8842.94
2650,27,8879.38
2650,28,8899.05
2650,29,8513.65
2650,30,8604.59
2650,31,8882.06
2650,32,8533.61
2650,33,8467.28
2650,34,8785.8
2650,35,8494.29
2650,36,8537.04
2650,37,8873.23
2650,38,8601.09
2650,39,8769.83
2650,40,8789.82
2650,41,8706.14
2650,42,8895.14
2650,43,8690.56
2650,44,8965.19
2650,45,8732.99
2650,46,8721.06
2650,47,8673.98
2650,48,8703.27
2650,49,8609.51
2650,50,8633.04
2650,51,8790.81
2650,52,8383.22
2650,53,8639.62
2650,54,8619.49
2650,55,8872.11
2650,56,8633.25
2650,57,8902.5
2650,58,8643.33
2650,59,8933.21
2650,60,8755.35
2650,61,8528.63
2650,62,8681.88
2650,63,8939.66
2650,64,8647.77
2650,65,8831.69
2650,66,8635.91
2650,67,8810.41
2650,68,8845.09
2650,69,8869.99
2650,70,8709.63
2650,71,8390.73
2650,72,8833.2
2650,73,8614.76
2650,74,8943.12
2650,75,8588.85
2650,76,8909.11
2650,77,8490.72
2650,78,8519.39
2650,79,8678.19
2650,80,8549.37
2650,81,8341.64
2650,82,8706.66
2650,83,8665.87
2650,84,8564.26
2650,85,8509.08
2650,86,8586.08
2650,87,8892.49
2650,88,8740.66
2650,89,8580.73
2650,90,8557.06
2650,91,9112.97
2650,92,8823.46
2650,93,8778.42
2650,94,8705.08
2650,95,8712.78
2650,96,8696.18
2650,97,8798.93
2650,98,8749.42
2650,99,8797.59
2660,0,9034.14
2660,1,8735.11
2660,2,8927.41
2660,3,8709.72
2660,4,8664.41
2660,5,8586.85
2660,6,8859.62
2660,7,8484.31
2660,8,8785.97
2660,9,9053.44
2660,10,8757.19
2660,11,8476.41
2660,12,8475.07
2660,13,8854.05
2660,14,8692.72
2660,15,8747.19
2660,16,8805.35
2660,17,8804.92
2660,18,8466.23
2660,19,8706.4
2660,20,8847.37
2660,21,8655.29
2660,22,8606.51
2660,23,8752.75
2660,24,8482.48
2660,25,8493.92
2660,26,8830.11
2660,27,8867.09
2660,28,8886.88
2660,29,8496.94
2660,30,8588.99
2660,31,8869.72
2660,32,8517.91
2660,33,8450.03
2660,34,8771.92
2660,35,8477.36
2660,36,8519.97
2660,37,8860.62
2660,38,8585.42
2660,39,8756.44
2660,40,8776.27
2660,41,8690.26
2660,42,8882.92
2660,43,8674.32
2660,44,8953.78
2660,45,8719.58
2660,46,8706.8
2660,47,8659.41
2660,48,8688.81
2660,49,8593.7
2660,50,8617.77
2660,51,8778.51
2660,52,8364.97
2660,53,8624.03
2660,54,8603.16
2660,55,8859.48
2660,56,8617.86
2660,57,8890.48
2660,58,8628.2
2660,59,8921.46
2660,60,8742.14
2660,61,8512.11
2660,62,8667.22
2660,63,8927.93
2660,64,8632.64
2660,65,8818.8
2660,66,8620.64
2660,67,8797.35
2660,68,8833.25
2660,69,8857.54
2660,70,8695.25
2660,71,8372.59
2660,72,8819.72
2660,73,8599.26
2660,74,8931.84
2660,75,8572.82
2660,76,8897.05
2660,77,8473.82
2660,78,8502.77
2660,79,8663.47
2660,80,8532.02
2660,81,8322.91
2660,82,8692.56
2660,83,8651.15
2660,84,8548.16
2660,85,8492.34
2660,86,8569.55
2660,87,8880.09
2660,88,8726.61
2660,89,8566.88
2660,90,8540.9
2660,91,9103.24
2660,92,8810.41
2660,93,8765.21
2660,94,8690.69
2660,95,8698.62
2660,96,8682.75
2660,97,8785.48
2660,98,8735.02
2660,99,8784.23
2670,0,9033.84
2670,1,8734.81
2670,2,8927.11
2670,3,8709.44
2670,4,8664.11
2670,5,8586.57
2670,6,8859.32
2670,7,8484.04
2670,8,8785.68
2670,9,9053.14
2670,10,8756.91
2670,11,8476.15
2670,12,8474.83
2670,13,8853.75
2670,14,8692.42
2670,15,8746.89
2670,16,8805.05
2670,17,8804.62
2670,18,8465.98
2670,19,8706.11
2670,20,8847.07
2670,21,8655
2670,22,8606.24
2670,23,8752.45
2670,24,8482.23
2670,25,8493.66
2670,26,8829.81
2670,27,8866.79
2670,28,8886.58
2670,29,8496.69
2670,30,8588.73
2670,31,8869.43
2670,32,8517.61
2670,33,8449.78
2670,34,8771.62
2670,35,8477.1
2670,36,8519.72
2670,37,8860.32
2670,38,8585.14
2670,39,8756.15
2670,40,8775.98
2670,41,8690
2670,42,8882.62
2670,43,8674.05
2670,44,8953.48
2670,45,8719.28
2670,46,8706.51
2670,47,8659.11
2670,48,8688.53
2670,49,8593.43
2670,50,8617.49
2670,51,8778.22
2670,52,8364.71
2670,53,8623.74
2670,54,8602.9
2670,55,8859.18
2670,56,8617.57
2670,57,8890.18
2670,58,8627.92
2670,59,8921.16
2670,60,8741.84
2670,61,8511.84
2670,62,8666.96
2670,63,8927.63
2670,64,8632.38
2670,65,8818.5
2670,66,8620.38
2670,67,8797.05
2670,68,8832.95
2670,69,8857.24
2670,70,8694.95
2670,71,8372.34
2670,72,8819.42
2670,73,8598.99
2670,74,8931.54
2670,75,8572.55
2670,76,8896.75
2670,77,8473.55
2670,78,8502.52
2670,79,8663.17
2670,80,8531.76
2670,81,8322.66
2670,82,8692.28
2670,83,8650.88
2670,84,8547.88
2670,85,8492.08
2670,86,8569.27
2670,87,8879.79
2670,88,8726.34
2670,89,8566.59
2670,90,8540.64
2670,91,9102.94
2670,92,8810.12
2670,93,8764.92
2670,94,8690.42
2670,95,8698.33
2670,96,8682.49
2670,97,8785.18
2670,98,8734.72
2670,99,8783.94
2680,0,9033.54
2680,1,8734.51
2680,2,8926.81
2680,3,8709.14
2680,4,8663.81
2680,5,8586.27
2680,6,8859.02
2680,7,8483.74
2680,8,8785.38
2680,9,9052.84
2680,10,8756.61
2680,11,8475.85
2680,12,8474.53
2680,13,8853.45
2680,14,8692.12
2680,15,8746.59
2680,16,8804.75
2680,17,8804.32
2680,18,8465.68
2680,19,8705.81
2680,20,8846.77
2680,21,8654.7
2680,22,8605.94
2680,23,8752.15
2680,24,8481.93
2680,25,8493.36
2680,26,8829.51
2680,27,8866.49
2680,28,8886.28
2680,29,8496.39
2680,30,8588.43
2680,31,8869.13
2680,32,8517.31
2680,33,8449.48
2680,34,8771.32
2680,35,8476.8
2680,36,8519.42
2680,37,8860.02
2680,38,8584.84
2680,39,8755.85
2680,40,8775.68
2680,41,8689.7
2680,42,8882.32
2680,43,8673.75
2680,44,8953.18
2680,45,8718.98
2680,46,8706.21
2680,47,8658.81
2680,48,8688.23
2680,49,8593.13
2680,50,8617.19
2680,51,8777.92
2680,52,8364.41
2680,53,8623.44
2680,54,8602.6
2680,55,8858.88
2680,56,8617.27
2680,57,8889.88
2680,58,8627.62
2680,59,8920.86
2680,60,8741.54
2680,61,8511.54
2680,62,8666.66
2680,63,8927.33
2680,64,8632.08
2680,65,8818.2
2680,66,8620.08
2680,67,8796.75
2680,68,8832.65
2680,69,8856.94
2680,70,8694.65
2680,71,8372.04
2680,72,8819.12
2680,73,8598.69
2680,74,8931.24
2680,75,8572.25
2680,76,8896.45
2680,77,8473.25
2680,78,8502.22
2680,79,8662.87
2680,80,8531.46
2680,81,8322.36
2680,82,8691.98
2680,83,8650.58
2680,84,8547.58
2680,85,8491.78
2680,86,8568.97
2680,87,8879.49
2680,88,8726.04
2680,89,8566.29
2680,90,8540.34
2680,91,9102.64
2680,92,8809.82
2680,93,8764.62
2680,94,8690.12
2680,95,8698.03
2680,96,8682.19
2680,97,8784.88
2680,98,8734.42
2680,99,8783.64
2690,0,9023.05
2690,1,8720.8
2690,2,8915.39
2690,3,8694.9
2690,4,8648.49
2690,5,8570.53
2690,6,8846.53
2690,7,8467.45
2690,8,8772.02
2690,9,9042.58
2690,10,8742.9
2690,11,8458.9
2690,12,8457.55
2690,13,8840.5
2690,14,8677.71
2690,15,8733.85
2690,16,8791.63
2690,17,8791.69
2690,18,8447.68
2690,19,8691.18
2690,20,8834.13
2690,21,8639.26
2690,22,8592.28
2690,23,8738.74
2690,24,8464.57
2690,25,8476.31
2690,26,8816.67
2690,27,8854.68
2690,28,8875.63
2690,29,8479.66
2690,30,8572.66
2690,31,8856.24
2690,32,8501
2690,33,8432.22
2690,34,8757.67
2690,35,8459.85
2690,36,8504.04
2690,37,8847.94
2690,38,8569.17
2690,39,8741.86
2690,40,8762.2
2690,41,8675.84
2690,42,8870.1
2690,43,8660.66
2690,44,8941.76
2690,45,8705.73
2690,46,8691.94
2690,47,8641.73
2690,48,8674.05
2690,49,8578.58
2690,50,8601.99
2690,51,8763.9
2690,52,8346.16
2690,53,8610.02
2690,54,8586.35
2690,55,8846.26
2690,56,8602.2
2690,57,8877.15
2690,58,8612.3
2690,59,8908.92
2690,60,8727.67
2690,61,8495.01
2690,62,8651.98
2690,63,8915.6
2690,64,8616.93
2690,65,8805.14
2690,66,8604.79
2690,67,8783.56
2690,68,8819.62
2690,69,8844.24
2690,70,8680.27
2690,71,8353.89
2690,72,8806.08
2690,73,8583.18
2690,74,8919.66
2690,75,8556.22
2690,76,8884.39
2690,77,8456.2
2690,78,8485.59
2690,79,8648.14
2690,80,8516.96
2690,81,8303.57
2690,82,8677.51
2690,83,8634.33
2690,84,8531.47
2690,85,8474.64
2690,86,8552.55
2690,87,8867.21
2690,88,8711.98
2690,89,8548.32
2690,90,8524.06
2690,91,9093.04
2690,92,8796.75
2690,93,8750.84
2690,94,8675.72
2690,95,8683.85
2690,96,8667.51
2690,97,8770.65
2690,98,8721.29
2690,99,8770.03
2700,0,9022.75
2700,1,8720.52
2700,2,8915.09
2700,3,8694.63
2700,4,8648.21
2700,5,8570.26
2700,6,8846.23
2700,7,8467.22
2700,8,8771.74
2700,9,9042.28
2700,10,8742.63
2700,11,8458.65
2700,12,8457.32
2700,13,8840.22
2700,14,8677.42
2700,15,8733.57
2700,16,8791.34
2700,17,8791.39
2700,18,8447.44
2700,19,8690.91
2700,20,8833.84
2700,21,8638.99
2700,22,8591.99
2700,23,8738.44
2700,24,8464.33
2700,25,8476.06
2700,26,8816.38
2700,27,8854.38
2700,28,8875.33
2700,29,8479.42
2700,30,8572.41
2700,31,8855.96
2700,32,8500.71
2700,33,8431.99
2700,34,8757.38
2700,35,8459.61
2700,36,8503.77
2700,37,8847.65
2700,38,8568.9
2700,39,8741.58
2700,40,8761.92
2700,41,8675.56
2700,42,8869.8
2700,43,8660.37
2700,44,8941.47
2700,45,8705.44
2700,46,8691.67
2700,47,8641.49
2700,48,8673.78
2700,49,8578.33
2700,50,8601.73
2700,51,8763.62
2700,52,8345.91
2700,53,8609.72
2700,54,8586.1
2700,55,8845.96
2700,56,8601.94
2700,57,8876.87
2700,58,8612.03
2700,59,8908.63
2700,60,8727.39
2700,61,8494.76
2700,62,8651.74
2700,63,8915.31
2700,64,8616.68
2700,65,8804.85
2700,66,8604.55
2700,67,8783.26
2700,68,8819.33
2700,69,8843.94
2700,70,8679.97
2700,71,8353.65
2700,72,8805.79
2700,73,8582.92
2700,74,8919.36
2700,75,8555.97
2700,76,8884.09
2700,77,8455.95
2700,78,8485.35
2700,79,8647.85
2700,80,8516.68
2700,81,8303.33
2700,82,8677.25
2700,83,8634.08
2700,84,8531.2
2700,85,8474.39
2700,86,8552.29
2700,87,8866.92
2700,88,8711.73
2700,89,8548.09
2700,90,8523.81
2700,91,9092.74
2700,92,8796.47
2700,93,8750.56
2700,94,8675.47
2700,95,8683.58
2700,96,8667.26
2700,97,8770.35
2700,98,8720.99
2700,99,8769.75
2710,0,9022.45
2710,1,8720.22
2710,2,8914.79
2710,3,8694.33
2710,4,8647.91
2710,5,8569.96
2710,6,8845.93
2710,7,8466.92
2710,8,8771.44
2710,9,9041.98
2710,10,8742.33
2710,11,8458.35
2710,12,8457.02
2710,13,8839.92
2710,14,8677.12
2710,15,8733.27
2710,16,8791.04
2710,17,8791.09
2710,18,8447.14
2710,19,8690.61
2710,20,8833.54
2710,21,8638.69
2710,22,8591.69
2710,23,8738.14
2710,24,8464.03
2710,25,8475.76
2710,26,8816.08
2710,27,8854.08
2710,28,8875.03
2710,29,8479.12
2710,30,8572.11
2710,31,8855.66
2710,32,8500.41
2710,33,8431.69
2710,34,8757.08
2710,35,8459.31
2710,36,8503.47
2710,37,8847.35
2710,38,8568.6
2710,39,8741.28
2710,40,8761.62
2710,41,8675.26
2710,42,8869.5
2710,43,8660.07
2710,44,8941.17
2710,45,8705.14
2710,46,8691.37
2710,47,8641.19
2710,48,8673.48
2710,49,8578.03
2710,50,8601.43
2710,51,8763.32
2710,52,8345.61
2710,53,8609.42
2710,54,8585.8
2710,55,8845.66
2710,56,8601.64
2710,57,8876.57
2710,58,8611.73
2710,59,8908.33
2710,60,8727.09
2710,61,8494.46
2710,62,8651.44
2710,63,8915.01
2710,64,8616.38
2710,65,8804.55
2710,66,8604.25
2710,67,8782.96
2710,68,8819.03
2710,69,8843.64
2710,70,8679.67
2710,71,8353.35
2710,72,8805.49
2710,73,8582.62
2710,74,8919.06
2710,75,8555.67
2710,76,8883.79
2710,77,8455.65
2710,78,8485.05
2710,79,8647.55
2710,80,8516.38
2710,81,8303.03
2710,82,8676.95
2710,83,8633.78
2710,84,8530.9
2710,85,8474.09
2710,86,8551.99
2710,87,8866.62
2710,88,8711.43
2710,89,8547.79
2710,90,8523.51
2710,91,9092.44
2710,92,8796.17
2710,93,8750.26
2710,94,8675.17
2710,95,8683.28
2710,96,8666.96
2710,97,8770.05
2710,98,8720.69
2710,99,8769.45
2720,0,9011.96
2720,1,8706.76
2720,2,8902.42
2720,3,8680.07
2720,4,8632.91
2720,5,8554.11
2720,6,8833.43
2720,7,8448.72
2720,8,8758.06
2720,9,9031.09
2720,10,8728.72
2720,11,8441.39
2720,12,8441.43
2720,13,8825.93
2720,14,8662.7
2720,15,8718.76
2720,16,8777.9
2720,17,8775.96
2720,18,8430.81
2720,19,8676.07
2720,20,8820.88
2720,21,8623.48
2720,22,8577.97
2720,23,8721.69
2720,24,8446.66
2720,25,8459.05
2720,26,8803.23
2720,27,8841.64
2720,28,8862.86
2720,29,8462.38
2720,30,8556.43
2720,31,8843.29
2720,32,8481.58
2720,33,8416.18
2720,34,8743.34
2720,35,8442.35
2720,36,8486.38
2720,37,8834.75
2720,38,8552.91
2720,39,8727.39
2720,40,8748.04
2720,41,8660.35
2720,42,8857.26
2720,43,8643.36
2720,44,8929.74
2720,45,8688.03
2720,46,8677.08
2720,47,8626.58
2720,48,8658.76
2720,49,8562.19
2720,50,8586.14
2720,51,8749.4
2720,52,8327.34
2720,53,8592.8
2720,54,8569.53
2720,55,8833.02
2720,56,8586.52
2720,57,8864.42
2720,58,8596.6
2720,59,8896.59
2720,60,8712.59
2720,61,8477.92
2720,62,8636.74
2720,63,8903.26
2720,64,8602.23
2720,65,8791.64
2720,66,8588.8
2720,67,8770.07
2720,68,8805.39
2720,69,8831.16
2720,70,8665.27
2720,71,8335.18
2720,72,8792.89
2720,73,8567.09
2720,74,8905.47
2720,75,8539.62
2720,76,8871.72
2720,77,8438.58
2720,78,8470.06
2720,79,8632.81
2720,80,8498.99
2720,81,8284.28
2720,82,8662.24
2720,83,8620.19
2720,84,8514.78
2720,85,8457.33
2720,86,8535.45
2720,87,8854.23
2720,88,8697.65
2720,89,8533.92
2720,90,8507.32
2720,91,9082.23
2720,92,8783.09
2720,93,8736.42
2720,94,8660.75
2720,95,8669.09
2720,96,8653.44
2720,97,8756.56
2720,98,8706.27
2720,99,8755.94
2730,0,9011.66
2730,1,8706.48
2730,2,8902.12
2730,3,8679.82
2730,4,8632.64
2730,5,8553.86
2730,6,8833.15
2730,7,8448.5
2730,8,8757.8
2730,9,9030.8
2730,10,8728.47
2730,11,8441.16
2730,12,8441.18
2730,13,8825.66
2730,14,8662.43
2730,15,8718.49
2730,16,8777.62
2730,17,8775.7
2730,18,8430.59
2730,19,8675.82
2730,20,8820.61
2730,21,8623.22
2730,22,8577.69
2730,23,8721.43
2730,24,8446.43
2730,25,8458.81
2730,26,8802.94
2730,27,8841.36
2730,28,8862.56
2730,29,8462.16
2730,30,8556.2
2730,31,8843.03
2730,32,8481.33
2730,33,8415.93
2730,34,8743.07
2730,35,8442.12
2730,36,8486.16
2730,37,8834.47
2730,38,8552.66
2730,39,8727.12
2730,40,8747.78
2730,41,8660.12
2730,42,8856.97
2730,43,8643.12
2730,44,8929.47
2730,45,8687.79
2730,46,8676.83
2730,47,8626.32
2730,48,8658.5
2730,49,8561.95
2730,50,8585.89
2730,51,8749.13
2730,52,8327.11
2730,53,8592.54
2730,54,8569.3
2730,55,8832.73
2730,56,8586.28
2730,57,8864.15
2730,58,8596.35
2730,59,8896.31
2730,60,8712.32
2730,61,8477.68
2730,62,8636.51
2730,63,8902.98
2730,64,8601.95
2730,65,8791.37
2730,66,8588.58
2730,67,8769.78
2730,68,8805.12
2730,69,8830.88
2730,70,8664.99
2730,71,8334.96
2730,72,8792.63
2730,73,8566.85
2730,74,8905.17
2730,75,8539.38
2730,76,8871.43
2730,77,8438.35
2730,78,8469.8
2730,79,8632.52
2730,80,8498.76
2730,81,8284.05
2730,82,8661.99
2730,83,8619.91
2730,84,8514.52
2730,85,8457.1
2730,86,8535.21
2730,87,8853.95
2730,88,8697.37
2730,89,8533.66
2730,90,8507.08
2730,91,9081.94
2730,92,8782.83
2730,93,8736.16
2730,94,8660.52
2730,95,8668.84
2730,96,8653.17
2730,97,8756.28
2730,98,8705.99
2730,99,8755.68
2740,0,9011.36
2740,1,8706.18
2740,2,8901.82
2740,3,8679.52
2740,4,8632.34
2740,5,8553.56
2740,6,8832.85
2740,7,8448.2
2740,8,8757.5
2740,9,9030.5
2740,10,8728.17
2740,11,8440.86
2740,12,8440.88
2740,13,8825.36
2740,14,8662.13
2740,15,8718.19
2740,16,8777.32
2740,17,8775.4
2740,18,8430.29
2740,19,8675.52
2740,20,8820.31
2740,21,8622.92
2740,22,8577.39
2740,23,8721.13
2740,24,8446.13
2740,25,8458.51
2740,26,8802.64
2740,27,8841.06
2740,28,8862.26
2740,29,8461.86
2740,30,8555.9
2740,31,8842.73
2740,32,8481.03
2740,33,8415.63
2740,34,8742.77
2740,35,8441.82
2740,36,8485.86
2740,37,8834.17
2740,38,8552.36
2740,39,8726.82
2740,40,8747.48
2740,41,8659.82
2740,42,8856.67
2740,43,8642.82
2740,44,8929.17
2740,45,8687.49
2740,46,8676.53
2740,47,8626.02
2740,48,8658.2
2740,49,8561.65
2740,50,8585.59
2740,51,8748.83
2740,52,8326.81
2740,53,8592.24
2740,54,8569
2740,55,8832.43
2740,56,8585.98
2740,57,8863.85
2740,58,8596.05
2740,59,8896.01
2740,60,8712.02
2740,61,8477.38
2740,62,8636.21
2740,63,8902.68
2740,64,8601.65
2740,65,8791.07
2740,66,8588.28
2740,67,8769.48
2740,68,8804.82
2740,69,8830.58
2740,70,8664.69
2740,71,8334.66
2740,72,8792.33
2740,73,8566.55
2740,74,8904.87
2740,75,8539.08
2740,76,8871.13
2740,77,8438.05
2740,78,8469.5
2740,79,8632.22
2740,80,8498.46
2740,81,8283.75
2740,82,8661.69
2740,83,8619.61
2740,84,8514.22
2740,85,8456.8
2740,86,8534.91
2740,87,8853.65
2740,88,8697.07
2740,89,8533.36
2740,90,8506.78
2740,91,9081.64
2740,92,8782.53
2740,93,8735.86
2740,94,8660.22
2740,95,8668.54
2740,96,8652.87
2740,97,8755.98
2740,98,8705.69
2740,99,8755.38
2750,0,9000.85
2750,1,8692.44
2750,2,8890.38
2750,3,8665.25
2750,4,8616.98
2750,5,8538.55
2750,6,8820.33
2750,7,8434.87
2750,8,8744.11
2750,9,9020.21
2750,10,8714.5
2750,11,8428.39
2750,12,8429.12
2750,13,8812.78
2750,14,8647.69
2750,15,8705.42
2750,16,8764.17
2750,17,8761.34
2750,18,8417.13
2750,19,8660.89
2750,20,8807.63
2750,21,8609.03
2750,22,8563.7
2750,23,8707.69
2750,24,8431.18
2750,25,8445.54
2750,26,8789.78
2750,27,8829.23
2750,28,8850.55
2750,29,8449.94
2750,30,8544.47
2750,31,8830.34
2750,32,8464.81
2750,33,8403.45
2750,34,8729.06
2750,35,8429.36
2750,36,8470.45
2750,37,8822.06
2750,38,8536.65
2750,39,8712.84
2750,40,8733.68
2750,41,8649.32
2750,42,8844.42
2750,43,8629.7
2750,44,8917.71
2750,45,8674.25
2750,46,8662.23
2750,47,8611.4
2750,48,8643.5
2750,49,8549.75
2750,50,8570.3
2750,51,8734.82
2750,52,8313
2750,53,8578.1
2750,54,8557.18
2750,55,8820.41
2750,56,8574.79
2750,57,8851.73
2750,58,8580.87
2750,59,8884.26
2750,60,8697.47
2750,61,8464.95
2750,62,8625.8
2750,63,8890.92
2750,64,8590.58
2750,65,8777.98
2750,66,8577.42
2750,67,8756.41
2750,68,8791.6
2750,69,8818.09
2750,70,8650.28
2750,71,8321.33
2750,72,8779.71
2750,73,8554.85
2750,74,8893.59
2750,75,8527.19
2750,76,8859.04
2750,77,8425.23
2750,78,8457.79
2750,79,8617.47
2750,80,8483.94
2750,81,8269.83
2750,82,8647.01
2750,83,8607.5
2750,84,8498.08
2750,85,8444.39
2750,86,8523.19
2750,87,8841.82
2750,88,8687.39
2750,89,8519.47
2750,90,8494.9
2750,91,9071.89
2750,92,8769.44
2750,93,8722.04
2750,94,8649.98
2750,95,8654.33
2750,96,8643.51
2750,97,8745.06
2750,98,8691.26
2750,99,8742.01
2760,0,9000.56
2760,1,8692.18
2760,2,8890.11
2760,3,8665.01
2760,4,8616.73
2760,5,8538.31
2760,6,8820.06
2760,7,8429.79
2760,8,8743.86
2760,9,9019.94
2760,10,8714.27
2760,11,8423.66
2760,12,8423.66
2760,13,8812.52
2760,14,8647.43
2760,15,8705.17
2760,16,8763.91
2760,17,8761.1
2760,18,8412.04
2760,19,8660.65
2760,20,8807.37
2760,21,8608.79
2760,22,8563.44
2760,23,8707.43
2760,24,8430.95
2760,25,8441.22
2760,26,8789.51
2760,27,8828.95
2760,28,8850.27
2760,29,8444.89
2760,30,8539.98
2760,31,8830.09
2760,32,8464.54
2760,33,8398.13
2760,34,8728.8
2760,35,8424.63
2760,36,8470.21
2760,37,8821.8
2760,38,8536.41
2760,39,8712.59
2760,40,8733.43
2760,41,8644.68
2760,42,8844.15
2760,43,8629.43
2760,44,8917.46
2760,45,8673.98
2760,46,8661.98
2760,47,8611.15
2760,48,8643.27
2760,49,8545.57
2760,50,8570.06
2760,51,8734.57
2760,52,8308.31
2760,53,8577.83
2760,54,8552.5
2760,55,8820.13
2760,56,8570.65
2760,57,8851.48
2760,58,8580.64
2760,59,8884
2760,60,8697.22
2760,61,8460.6
2760,62,8621.29
2760,63,8890.65
2760,64,8586.26
2760,65,8777.72
2760,66,8572.61
2760,67,8756.14
2760,68,8791.34
2760,69,8817.83
2760,70,8650.01
2760,71,8316.27
2760,72,8779.46
2760,73,8550.78
2760,74,8893.29
2760,75,8522.78
2760,76,8858.77
2760,77,8420.75
2760,78,8452.63
2760,79,8617.2
2760,80,8483.69
2760,81,8264.78
2760,82,8646.77
2760,83,8603.11
2760,84,8497.84
2760,85,8439.8
2760,86,8519.35
2760,87,8841.56
2760,88,8683.01
2760,89,8519.22
2760,90,8490.36
2760,91,9071.61
2760,92,8769.19
2760,93,8721.79
2760,94,8645.56
2760,95,8654.09
2760,96,8639.2
2760,97,8744.8
2760,98,8691
2760,99,8741.76
2770,0,9000.26
2770,1,8691.88
2770,2,8889.81
2770,3,8664.71
2770,4,8616.43
2770,5,8538.01
2770,6,8819.76
2770,7,8429.49
2770,8,8743.56
2770,9,9019.64
2770,10,8713.97
2770,11,8423.36
2770,12,8423.36
2770,13,8812.22
2770,14,8647.13
2770,15,8704.87
2770,16,8763.61
2770,17,8760.8
2770,18,8411.74
2770,19,8660.35
2770,20,8807.07
2770,21,8608.49
2770,22,8563.14
2770,23,8707.13
2770,24,8430.65
2770,25,8440.92
2770,26,8789.21
2770,27,8828.65
2770,28,8849.97
2770,29,8444.59
2770,30,8539.68
2770,31,8829.79
2770,32,8464.24
2770,33,8397.83
2770,34,8728.5
2770,35,8424.33
2770,36,8469.91
2770,37,8821.5
2770,38,8536.11
2770,39,8712.29
2770,40,8733.13
2770,41,8644.38
2770,42,8843.85
2770,43,8629.13
2770,44,8917.16
2770,45,8673.68
2770,46,8661.68
2770,47,8610.85
2770,48,8642.97
2770,49,8545.27
2770,50,8569.76
2770,51,8734.27
2770,52,8308.01
2770,53,8577.53
2770,54,8552.2
2770,55,8819.83
2770,56,8570.35
2770,57,8851.18
2770,58,8580.34
2770,59,8883.7
2770,60,8696.92
2770,61,8460.3
2770,62,8620.99
2770,63,8890.35
2770,64,8585.96
2770,65,8777.42
2770,66,8572.31
2770,67,8755.84
2770,68,8791.04
2770,69,8817.53
2770,70,8649.71
2770,71,8315.97
2770,72,8779.16
2770,73,8550.48
2770,74,8892.99
2770,75,8522.48
2770,76,8858.47
2770,77,8420.45
2770,78,8452.33
2770,79,8616.9
2770,80,8483.39
2770,81,8264.48
2770,82,8646.47
2770,83,8602.81
2770,84,8497.54
2770,85,8439.5
2770,86,8519.05
2770,87,8841.26
2770,88,8682.71
2770,89,8518.92
2770,90,8490.06
2770,91,9071.31
2770,92,8768.89
2770,93,8721.49
2770,94,8645.26
2770,95,8653.79
2770,96,8638.9
2770,97,8744.5
2770,98,8690.7
2770,99,8741.46
2780,0,8989.75
2780,1,8678.13
2780,2,8878.35
2780,3,8653.57
2780,4,8603.91
2780,5,8526.14
2780,6,8807.23
2780,7,8419.36
2780,8,8732.98
2780,9,9009.33
2780,10,8703.72
2780,11,8410.88
2780,12,8411.6
2780,13,8802.12
2780,14,8632.68
2780,15,8694.78
2780,16,8750.45
2780,17,8747.61
2780,18,8400.32
2780,19,8650.57
2780,20,8796.58
2780,21,8594.58
2780,22,8549.46
2780,23,8693.67
2780,24,8415.68
2780,25,8427.93
2780,26,8776.34
2780,27,8816.81
2780,28,8839.25
2780,29,8432.66
2780,30,8528.24
2780,31,8820.16
2780,32,8448.01
2780,33,8385.64
2780,34,8717.08
2780,35,8411.86
2780,36,8454.49
2780,37,8809.37
2780,38,8523.81
2780,39,8701.13
2780,40,8722.16
2780,41,8630.84
2780,42,8831.59
2780,43,8616
2780,44,8908.11
2780,45,8660.42
2780,46,8650.48
2780,47,8596.22
2780,48,8632.18
2780,49,8533.36
2780,50,8558.51
2780,51,8723.05
2780,52,8294.18
2780,53,8563.36
2780,54,8540.37
2780,55,8807.82
2780,56,8554.81
2780,57,8840.83
2780,58,8568.59
2780,59,8874.12
2780,60,8686.89
2780,61,8447.85
2780,62,8610.56
2780,63,8880.66
2780,64,8574.87
2780,65,8766.78
2780,66,8561.57
2780,67,8742.84
2780,68,8780.25
2780,69,8804.79
2780,70,8637.41
2780,71,8302.63
2780,72,8769.12
2780,73,8538.77
2780,74,8881.64
2780,75,8510.56
2780,76,8846.37
2780,77,8407.61
2780,78,8440.61
2780,79,8602.14
2780,80,8468.85
2780,81,8250.54
2780,82,8635.22
2780,83,8590.68
2780,84,8484.44
2780,85,8427.08
2780,86,8507.32
2780,87,8831.65
2780,88,8673.01
2780,89,8507.18
2780,90,8478.16
2780,91,9061.71
2780,92,8758.73
2780,93,8710.48
2780,94,8635.01
2780,95,8642.8
2780,96,8626.55
2780,97,8732.62
2780,98,8676.25
2780,99,8730.98
2790,0,8989.47
2790,1,8677.88
2790,2,8878.09
2790,3,8650.19
2790,4,8600.86
2790,5,8522.77
2790,6,8806.97
2790,7,8413.57
2790,8,8729.93
2790,9,9009.07
2790,10,8700.01
2790,11,8406.17
2790,12,8406.15
2790,13,8799.39
2790,14,8632.44
2790,15,8691.84
2790,16,8750.2
2790,17,8747.36
2790,18,8395.22
2790,19,8647.08
2790,20,8794.14
2790,21,8594.35
2790,22,8545.34
2790,23,8693.42
2790,24,8415.46
2790,25,8423.62
2790,26,8776.08
2790,27,8816.55
2790,28,8836.68
2790,29,8427.63
2790,30,8523.76
2790,31,8817.16
2790,32,8447.76
2790,33,8380.33
2790,34,8714.53
2790,35,8407.14
2790,36,8454.26
2790,37,8809.12
2790,38,8520.17
2790,39,8698.04
2790,40,8719.07
2790,41,8630.6
2790,42,8831.32
2790,43,8611.99
2790,44,8905.45
2790,45,8660.17
2790,46,8647.14
2790,47,8595.99
2790,48,8628.53
2790,49,8529.19
2790,50,8554.78
2790,51,8719.99
2790,52,8289.51
2790,53,8560.29
2790,54,8535.7
2790,55,8807.56
2790,56,8554.57
2790,57,8838.16
2790,58,8564.92
2790,59,8871.68
2790,60,8684.21
2790,61,8443.52
2790,62,8606.06
2790,63,8878.33
2790,64,8570.56
2790,65,8764.07
2790,66,8556.77
2790,67,8742.58
2790,68,8777.57
2790,69,8804.53
2790,70,8635.03
2790,71,8297.59
2790,72,8766.29
2790,73,8534.71
2790,74,8881.35
2790,75,8506.16
2790,76,8846.11
2790,77,8403.14
2790,78,8435.47
2790,79,8601.88
2790,80,8468.61
2790,81,8245.5
2790,82,8631.74
2790,83,8586.3
2790,84,8481.16
2790,85,8422.51
2790,86,8503.5
2790,87,8829.17
2790,88,8668.64
2790,89,8501.52
2790,90,8473.64
2790,91,9061.45
2790,92,8755.55
2790,93,8707.46
2790,94,8630.61
2790,95,8635.92
2790,96,8622.29
2790,97,8732.37
2790,98,8676
2790,99,8728.02
2800,0,8989.17
2800,1,8677.58
2800,2,8877.79
2800,3,8649.89
2800,4,8600.56
2800,5,8522.47
2800,6,8806.67
2800,7,8413.27
2800,8,8729.63
2800,9,9008.77
2800,10,8699.71
2800,11,8405.87
2800,12,8405.85
2800,13,8799.09
2800,14,8632.14
2800,15,8691.54
2800,16,8749.9
2800,17,8747.06
2800,18,8394.92
2800,19,8646.78
2800,20,8793.84
2800,21,8594.05
2800,22,8545.04
2800,23,8693.12
2800,24,8415.16
2800,25,8423.32
2800,26,8775.78
2800,27,8816.25
2800,28,8836.38
2800,29,8427.33
2800,30,8523.46
2800,31,8816.86
2800,32,8447.46
2800,33,8380.03
2800,34,8714.23
2800,35,8406.84
2800,36,8453.96
2800,37,8808.82
2800,38,8519.87
2800,39,8697.74
2800,40,8718.77
2800,41,8630.3
2800,42,8831.02
2800,43,8611.69
2800,44,8905.15
2800,45,8659.87
2800,46,8646.84
2800,47,8595.69
2800,48,8628.23
2800,49,8528.89
2800,50,8554.48
2800,51,8719.69
2800,52,8289.21
2800,53,8559.99
2800,54,8535.4
2800,55,8807.26
2800,56,8554.27
2800,57,8837.86
2800,58,8564.62
2800,59,8871.38
2800,60,8683.91
2800,61,8443.22
2800,62,8605.76
2800,63,8878.03
2800,64,8570.26
2800,65,8763.77
2800,66,8556.47
2800,67,8742.28
2800,68,8777.27
2800,69,8804.23
2800,70,8634.73
2800,71,8297.29
2800,72,8765.99
2800,73,8534.41
2800,74,8881.05
2800,75,8505.86
2800,76,8845.81
2800,77,8402.84
2800,78,8435.17
2800,79,8601.58
2800,80,8468.31
2800,81,8245.2
2800,82,8631.44
2800,83,8586
2800,84,8480.86
2800,85,8422.21
2800,86,8503.2
2800,87,8828.87
2800,88,8668.34
2800,89,8501.22
2800,90,8473.34
2800,91,9061.15
2800,92,8755.25
2800,93,8707.16
2800,94,8630.31
2800,95,8635.62
2800,96,8621.99
2800,97,8732.07
2800,98,8675.7
2800,99,8727.72
2810,0,8979.41
2810,1,8664.08
2810,2,8866.69
2810,3,8638.74
2810,4,8588.01
2810,5,8509.77
2810,6,8794.12
2810,7,8401.83
2810,8,8719.03
2810,9,8999.49
2810,10,8689.45
2810,11,8393.37
2810,12,8394.07
2810,13,8787.53
2810,14,8621.84
2810,15,8679.8
2810,16,8736.72
2810,17,8734.68
2810,18,8381.76
2810,19,8635.35
2810,20,8783.34
2810,21,8583.67
2810,22,8531.34
2810,23,8679.89
2810,24,8402.45
2810,25,8410.32
2810,26,8762.89
2810,27,8804.09
2810,28,8825.29
2810,29,8415.38
2810,30,8512.01
2810,31,8807.21
2810,32,8431.75
2810,33,8367.83
2810,34,8702.81
2810,35,8394.35
2810,36,8441.48
2810,37,8798.23
2810,38,8507.55
2810,39,8686.56
2810,40,8707.78
2810,41,8620.53
2810,42,8818.75
2810,43,8598.54
2810,44,8896.08
2810,45,8646.65
2810,46,8635.62
2810,47,8585.45
2810,48,8617.43
2810,49,8516.97
2810,50,8542.57
2810,51,8708.45
2810,52,8275.37
2810,53,8546.16
2810,54,8523.55
2810,55,8794.58
2810,56,8543.08
2810,57,8828.16
2810,58,8552.88
2810,59,8861.71
2810,60,8672.4
2810,61,8430.76
2810,62,8595.33
2810,63,8868.32
2810,64,8556.07
2810,65,8753.29
2810,66,8545.72
2810,67,8730.51
2810,68,8766.45
2810,69,8791.47
2810,70,8622.41
2810,71,8283.93
2810,72,8755.62
2810,73,8522.69
2810,74,8867.3
2810,75,8493.95
2810,76,8835.12
2810,77,8390
2810,78,8423.43
2810,79,8588.62
2810,80,8458.17
2810,81,8231.25
2810,82,8620.01
2810,83,8572.37
2810,84,8467.74
2810,85,8409.77
2810,86,8491.45
2810,87,8818.71
2810,88,8654.52
2810,89,8488.62
2810,90,8461.42
2810,91,9052.3
2810,92,8745.07
2810,93,8696.13
2810,94,8620.05
2810,95,8621.39
2810,96,8608.44
2810,97,8720.49
2810,98,8663.24
2810,99,8716.79
2820,0,8978.38
2820,1,8660.14
2820,2,8865.02
2820,3,8635.38
2820,4,8584.97
2820,5,8506.42
2820,6,8793.88
2820,7,8396.76
2820,8,8715.99
2820,9,8997.59
2820,10,8685.76
2820,11,8388.67
2820,12,8390.01
2820,13,8784.83
2820,14,8617.44
2820,15,8676.89
2820,16,8736.48
2820,17,8731.19
2820,18,8376.69
2820,19,8631.89
2820,20,8780.91
2820,21,8578.64
2820,22,8527.24
2820,23,8676.41
2820,24,8397.56
2820,25,8406.02
2820,26,8762.65
2820,27,8803.84
2820,28,8822.71
2820,29,8410.36
2820,30,8507.54
2820,31,8804.22
2820,32,8428.38
2820,33,8364.27
2820,34,8700.28
2820,35,8389.65
2820,36,8436.64
2820,37,8796
2820,38,8503.93
2820,39,8683.49
2820,40,8704.71
2820,41,8615.91
2820,42,8818.5
2820,43,8594.54
2820,44,8893.44
2820,45,8642.79
2820,46,8632.3
2820,47,8580.82
2820,48,8613.79
2820,49,8512.82
2820,50,8538.86
2820,51,8705.41
2820,52,8270.7
2820,53,8543.1
2820,54,8518.91
2820,55,8794.33
2820,56,8538.49
2820,57,8825.5
2820,58,8549.22
2820,59,8859.29
2820,60,8669.73
2820,61,8426.44
2820,62,8590.84
2820,63,8866
2820,64,8555.83
2820,65,8750.59
2820,66,8540.94
2820,67,8728.88
2820,68,8763.78
2820,69,8791.23
2820,70,8620.05
2820,71,8278.9
2820,72,8752.8
2820,73,8518.65
2820,74,8867.03
2820,75,8489.56
2820,76,8833.44
2820,77,8385.54
2820,78,8419.91
2820,79,8586.56
2820,80,8453.56
2820,81,8226.23
2820,82,8616.54
2820,83,8568.03
2820,84,8464.48
2820,85,8405.21
2820,86,8487.64
2820,87,8816.25
2820,88,8654.28
2820,89,8482.98
2820,90,8456.91
2820,91,9050.64
2820,92,8741.9
2820,93,8693.12
2820,94,8615.66
2820,95,8621.17
2820,96,8608.2
2820,97,8718.24
2820,98,8661
2820,99,8713.85
2830,0,8978.08
2830,1,8659.84
2830,2,8864.72
2830,3,8635.08
2830,4,8584.67
2830,5,8506.12
2830,6,8793.58
2830,7,8396.46
2830,8,8715.69
2830,9,8997.29
2830,10,8685.46
2830,11,8388.37
2830,12,8389.71
2830,13,8784.53
2830,14,8617.14
2830,15,8676.59
2830,16,8736.18
2830,17,8730.89
2830,18,8376.39
2830,19,8631.59
2830,20,8780.61
2830,21,8578.34
2830,22,8526.94
2830,23,8676.11
2830,24,8397.26
2830,25,8405.72
2830,26,8762.35
2830,27,8803.54
2830,28,8822.41
2830,29,8410.06
2830,30,8507.24
2830,31,8803.92
2830,32,8428.08
2830,33,8363.97
2830,34,8699.98
2830,35,8389.35
2830,36,8436.34
2830,37,8795.7
2830,38,8503.63
2830,39,8683.19
2830,40,8704.41
2830,41,8615.61
2830,42,8818.2
2830,43,8594.24
2830,44,8893.14
2830,45,8642.49
2830,46,8632
2830,47,8580.52
2830,48,8613.49
2830,49,8512.52
2830,50,8538.56
2830,51,8705.11
2830,52,8270.4
2830,53,8542.8
2830,54,8518.61
2830,55,8794.03
2830,56,8538.19
2830,57,8825.2
2830,58,8548.92
2830,59,8858.99
2830,60,8669.43
2830,61,8426.14
2830,62,8590.54
2830,63,8865.7
2830,64,8555.53
2830,65,8750.29
2830,66,8540.64
2830,67,8728.58
2830,68,8763.48
2830,69,8790.93
2830,70,8619.75
2830,71,8278.6
2830,72,8752.5
2830,73,8518.35
2830,74,8866.73
2830,75,8489.26
2830,76,8833.14
2830,77,8385.24
2830,78,8419.61
2830,79,8586.26
2830,80,8453.26
2830,81,8225.93
2830,82,8616.24
2830,83,8567.73
2830,84,8464.18
2830,85,8404.91
2830,86,8487.34
2830,87,8815.95
2830,88,8653.98
2830,89,8482.68
2830,90,8456.61
2830,91,9050.34
2830,92,8741.6
2830,93,8692.82
2830,94,8615.36
2830,95,8620.87
2830,96,8607.9
2830,97,8717.94
2830,98,8660.7
2830,99,8713.55
2840,0,8968.31
2840,1,8650.07
2840,2,8854.67
2840,3,8623.92
2840,4,8572.11
2840,5,8493.36
2840,6,8781.02
2840,7,8383.08
2840,8,8705.08
2840,9,8988.61
2840,10,8675.28
2840,11,8375.86
2840,12,8377.91
2840,13,8774.4
2840,14,8606.83
2840,15,8664.96
2840,16,8722.99
2840,17,8719.11
2840,18,8363.22
2840,19,8620.25
2840,20,8770.09
2840,21,8567.9
2840,22,8513.22
2840,23,8666.13
2840,24,8384.54
2840,25,8393.06
2840,26,8749.45
2840,27,8791.06
2840,28,8813.14
2840,29,8398.1
2840,30,8495.69
2840,31,8794.26
2840,32,8415.51
2840,33,8351.76
2840,34,8688.49
2840,35,8378.53
2840,36,8423.85
2840,37,8785.06
2840,38,8491.29
2840,39,8672.58
2840,40,8693.85
2840,41,8605.11
2840,42,8808.87
2840,43,8582.46
2840,44,8884.06
2840,45,8632.64
2840,46,8620.77
2840,47,8570.27
2840,48,8602.37
2840,49,8500.58
2840,50,8526.67
2840,51,8693.95
2840,52,8256.55
2840,53,8529.05
2840,54,8507.49
2840,55,8784.45
2840,56,8526.99
2840,57,8815.49
2840,58,8537.23
2840,59,8849.34
2840,60,8657.8
2840,61,8413.66
2840,62,8580.09
2840,63,8855.98
2840,64,8544.42
2840,65,8739.79
2840,66,8529.74
2840,67,8716.81
2840,68,8752.35
2840,69,8780.68
2840,70,8607.42
2840,71,8265.22
2840,72,8742.44
2840,73,8506.6
2840,74,8852.97
2840,75,8477.35
2840,76,8822.45
2840,77,8372.38
2840,78,8407.86
2840,79,8573.28
2840,80,8440.21
2840,81,8211.96
2840,82,8604.8
2840,83,8557.1
2840,84,8451.05
2840,85,8392.46
2840,86,8475.58
2840,87,8805.74
2840,88,8644
2840,89,8470.9
2840,90,8444.68
2840,91,9041.96
2840,92,8731.41
2840,93,8681.77
2840,94,8605.08
2840,95,8606.63
2840,96,8597.23
2840,97,8706.39
2840,98,8648.22
2840,99,8702.7
2850,0,8967.29
2850,1,8645.85
2850,2,8853
2850,3,8620.57
2850,4,8569.09
2850,5,8490.03
2850,6,8780.79
2850,7,8378.04
2850,8,8702.05
2850,9,8986.73
2850,10,8671.6
2850,11,8371.18
2850,12,8372.5
2850,13,8771.7
2850,14,8602.45
2850,15,8662.07
2850,16,8722.77
2850,17,8715.62
2850,18,8358.17
2850,19,8616.81
2850,20,8767.68
2850,21,8562.88
2850,22,8513
2850,23,8662.4
2850,24,8379.67
2850,25,8388.77
2850,26,8749.22
2850,27,8790.83
2850,28,8809.94
2850,29,8393.09
2850,30,8491.25
2850,31,8791.29
2850,32,8411.59
2850,33,8346.47
2850,34,8685.97
2850,35,8372.16
2850,36,8419.03
2850,37,8782.84
2850,38,8487.68
2850,39,8669.51
2850,40,8690.78
2850,41,8600.51
2850,42,8805.67
2850,43,8578.46
2850,44,8881.43
2850,45,8628.7
2850,46,8617.45
2850,47,8565.65
2850,48,8598.75
2850,49,8496.44
2850,50,8522.98
2850,51,8690.93
2850,52,8251.9
2850,53,8526
2850,54,8505.63
2850,55,8781.1
2850,56,8522.41
2850,57,8812.84
2850,58,8533.59
2850,59,8846.93
2850,60,8655.15
2850,61,8409.36
2850,62,8575.61
2850,63,8853.68
2850,64,8540.14
2850,65,8737.11
2850,66,8524.97
2850,67,8715.2
2850,68,8749.7
2850,69,8778.18
2850,70,8605.07
2850,71,8260.21
2850,72,8739.63
2850,73,8502.58
2850,74,8852.66
2850,75,8472.98
2850,76,8820.78
2850,77,8367.94
2850,78,8402.75
2850,79,8571.24
2850,80,8435.65
2850,81,8206.95
2850,82,8601.35
2850,83,8552.74
2850,84,8447.8
2850,85,8387.92
2850,86,8471.79
2850,87,8803.29
2850,88,8639.67
2850,89,8465.27
2850,90,8440.19
2850,91,9040.31
2850,92,8728.26
2850,93,8678.78
2850,94,8600.7
2850,95,8606.43
2850,96,8592.97
2850,97,8704.15
2850,98,8646
2850,99,8699.78
2860,0,8966.99
2860,1,8645.55
2860,2,8852.7
2860,3,8620.27
2860,4,8568.79
2860,5,8489.73
2860,6,8780.49
2860,7,8377.74
2860,8,8701.75
2860,9,8986.43
2860,10,8671.3
2860,11,8370.88
2860,12,8372.2
2860,13,8771.4
2860,14,8602.15
2860,15,8661.77
2860,16,8722.47
2860,17,8715.32
2860,18,8357.87
2860,19,8616.51
2860,20,8767.38
2860,21,8562.58
2860,22,8512.7
2860,23,8662.1
2860,24,8379.37
2860,25,8388.47
2860,26,8748.92
2860,27,8790.53
2860,28,8809.64
2860,29,8392.79
2860,30,8490.95
2860,31,8790.99
2860,32,8411.29
2860,33,8346.17
2860,34,8685.67
2860,35,8371.86
2860,36,8418.73
2860,37,8782.54
2860,38,8487.38
2860,39,8669.21
2860,40,8690.48
2860,41,8600.21
2860,42,8805.37
2860,43,8578.16
2860,44,8881.13
2860,45,8628.4
2860,46,8617.15
2860,47,8565.35
2860,48,8598.45
2860,49,8496.14
2860,50,8522.68
2860,51,8690.63
2860,52,8251.6
2860,53,8525.7
2860,54,8505.33
2860,55,8780.8
2860,56,8522.11
2860,57,8812.54
2860,58,8533.29
2860,59,8846.63
2860,60,8654.85
2860,61,8409.06
2860,62,8575.31
2860,63,8853.38
2860,64,8539.84
2860,65,8736.81
2860,66,8524.67
2860,67,8714.9
2860,68,8749.4
2860,69,8777.88
2860,70,8604.77
2860,71,8259.91
2860,72,8739.33
2860,73,8502.28
2860,74,8852.36
2860,75,8472.68
2860,76,8820.48
2860,77,8367.64
2860,78,8402.45
2860,79,8570.94
2860,80,8435.35
2860,81,8206.65
2860,82,8601.05
2860,83,8552.44
2860,84,8447.5
2860,85,8387.62
2860,86,8471.49
2860,87,8802.99
2860,88,8639.37
2860,89,8464.97
2860,90,8439.89
2860,91,9040.01
2860,92,8727.96
2860,93,8678.48
2860,94,8600.4
2860,95,8606.13
2860,96,8592.67
2860,97,8703.85
2860,98,8645.7
2860,99,8699.48
2870,0,8957.21
2870,1,8635.76
2870,2,8842.63
2870,3,8609.09
2870,4,8556.53
2870,5,8477.83
2870,6,8767.92
2870,7,8364.35
2870,8,8691.99
2870,9,8977.74
2870,10,8661.98
2870,11,8358.35
2870,12,8360.39
2870,13,8761.25
2870,14,8591.82
2870,15,8651.63
2870,16,8709.26
2870,17,8706.19
2870,18,8346.4
2870,19,8606.68
2870,20,8756.85
2870,21,8551.84
2870,22,8499.89
2870,23,8652.11
2870,24,8369.31
2870,25,8377.16
2870,26,8736.01
2870,27,8778.64
2870,28,8800.81
2870,29,8380.82
2870,30,8479.52
2870,31,8781.31
2870,32,8398.7
2870,33,8333.94
2870,34,8674.17
2870,35,8360.98
2870,36,8408.14
2870,37,8772.37
2870,38,8475.03
2870,39,8658.08
2870,40,8679.91
2870,41,8590.57
2870,42,8796.03
2870,43,8566.35
2870,44,8872.04
2870,45,8618.53
2870,46,8605.91
2870,47,8552.54
2870,48,8588.24
2870,49,8488.13
2870,50,8511.39
2870,51,8681.07
2870,52,8240.67
2870,53,8514.61
2870,54,8494.2
2870,55,8771.21
2870,56,8510.84
2870,57,8802.76
2870,58,8521.47
2870,59,8836.88
2870,60,8643.24
2870,61,8398.89
2870,62,8564.85
2870,63,8843.64
2870,64,8528.71
2870,65,8726.3
2870,66,8513.89
2870,67,8703
2870,68,8738.2
2870,69,8768.37
2870,70,8592.43
2870,71,8246.52
2870,72,8728.87
2870,73,8490.64
2870,74,8840.91
2870,75,8460.66
2870,76,8809.77
2870,77,8354.9
2870,78,8390.68
2870,79,8557.95
2870,80,8422.28
2870,81,8196.1
2870,82,8589.54
2870,83,8541.79
2870,84,8434.36
2870,85,8378.6
2870,86,8460.28
2870,87,8792.81
2870,88,8629.37
2870,89,8454.22
2870,90,8427.95
2870,91,9031.83
2870,92,8717.75
2870,93,8667.37
2870,94,8590.11
2870,95,8597.52
2870,96,8581.98
2870,97,8691.67
2870,98,8633.21
2870,99,8688.95
2880,0,8956.2
2880,1,8631.55
2880,2,8840.98
2880,3,8605.76
2880,4,8553.52
2880,5,8473.67
2880,6,8767.71
2880,7,8359.32
2880,8,8688.11
2880,9,8975.87
2880,10,8657.42
2880,11,8353.68
2880,12,8354.99
2880,13,8758.56
2880,14,8587.46
2880,15,8648.74
2880,16,8709.05
2880,17,8702.35
2880,18,8339.6
2880,19,8601.69
2880,20,8754.45
2880,21,8546.84
2880,22,8498.72
2880,23,8648.39
2880,24,8361.77
2880,25,8371.53
2880,26,8735.79
2880,27,8777.79
2880,28,8797.63
2880,29,8375.83
2880,30,8475.03
2880,31,8778.36
2880,32,8394.8
2880,33,8328.67
2880,34,8671.66
2880,35,8354.67
2880,36,8401.41
2880,37,8770.16
2880,38,8471.44
2880,39,8655.03
2880,40,8676.86
2880,41,8586.07
2880,42,8792.85
2880,43,8564.77
2880,44,8869.42
2880,45,8614.6
2880,46,8602.61
2880,47,8548.03
2880,48,8584.01
2880,49,8480.06
2880,50,8507.01
2880,51,8676.41
2880,52,8233.1
2880,53,8511.22
2880,54,8488.83
2880,55,8767.88
2880,56,8506.76
2880,57,8800.12
2880,58,8517.81
2880,59,8834.48
2880,60,8640.61
2880,61,8392.28
2880,62,8560.39
2880,63,8841.35
2880,64,8524.44
2880,65,8723.63
2880,66,8509
2880,67,8701.41
2880,68,8735.56
2880,69,8764.88
2880,70,8590.09
2880,71,8241.52
2880,72,8726.09
2880,73,8486.51
2880,74,8840.62
2880,75,8456.31
2880,76,8808.12
2880,77,8350.33
2880,78,8385.58
2880,79,8555.92
2880,80,8417.73
2880,81,8187.67
2880,82,8586.1
2880,83,8537.45
2880,84,8431.12
2880,85,8370.63
2880,86,8454.76
2880,87,8790.37
2880,88,8625.05
2880,89,8447.51
2880,90,8423.47
2880,91,9030.2
2880,92,8714.62
2880,93,8664.39
2880,94,8585.75
2880,95,8591.68
2880,96,8577.74
2880,97,8689.46
2880,98,8631.01
2880,99,8685.68
2890,0,8955.9
2890,1,8631.25
2890,2,8840.68
2890,3,8605.46
2890,4,8553.22
2890,5,8473.37
2890,6,8767.41
2890,7,8359.02
2890,8,8687.81
2890,9,8975.57
2890,10,8657.12
2890,11,8353.38
2890,12,8354.69
2890,13,8758.26
2890,14,8587.16
2890,15,8648.44
2890,16,8708.75
2890,17,8702.05
2890,18,8339.3
2890,19,8601.39
2890,20,8754.15
2890,21,8546.54
2890,22,8498.42
2890,23,8648.09
2890,24,8361.47
2890,25,8371.23
2890,26,8735.49
2890,27,8777.49
2890,28,8797.33
2890,29,8375.53
2890,30,8474.73
2890,31,8778.06
2890,32,8394.5
2890,33,8328.37
2890,34,8671.36
2890,35,8354.37
2890,36,8401.11
2890,37,8769.86
2890,38,8471.14
2890,39,8654.73
2890,40,8676.56
2890,41,8585.77
2890,42,8792.55
2890,43,8564.47
2890,44,8869.12
2890,45,8614.3
2890,46,8602.31
2890,47,8547.73
2890,48,8583.71
2890,49,8479.76
2890,50,8506.71
2890,51,8676.11
2890,52,8232.8
2890,53,8510.92
2890,54,8488.53
2890,55,8767.58
2890,56,8506.46
2890,57,8799.82
2890,58,8517.51
2890,59,8834.18
2890,60,8640.31
2890,61,8391.98
2890,62,8560.09
2890,63,8841.05
2890,64,8524.14
2890,65,8723.33
2890,66,8508.7
2890,67,8701.11
2890,68,8735.26
2890,69,8764.58
2890,70,8589.79
2890,71,8241.22
2890,72,8725.79
2890,73,8486.21
2890,74,8840.32
2890,75,8456.01
2890,76,8807.82
2890,77,8350.03
2890,78,8385.28
2890,79,8555.62
2890,80,8417.43
2890,81,8187.37
2890,82,8585.8
2890,83,8537.15
2890,84,8430.82
2890,85,8370.33
2890,86,8454.46
2890,87,8790.07
2890,88,8624.75
2890,89,8447.21
2890,90,8423.17
2890,91,9029.9
2890,92,8714.32
2890,93,8664.09
2890,94,8585.45
2890,95,8591.38
2890,96,8577.44
2890,97,8689.16
2890,98,8630.71
2890,99,8685.38
2900,0,8947.14
2900,1,8622.18
2900,2,8830.6
2900,3,8594.27
2900,4,8540.95
2900,5,8463.29
2900,6,8756.84
2900,7,8349.88
2900,8,8678.04
2900,9,8967.16
2900,10,8648.07
2900,11,8343.01
2900,12,8344.11
2900,13,8748.57
2900,14,8576.82
2900,15,8639.2
2900,16,8698.91
2900,17,8693.41
2900,18,8332.36
2900,19,8591.55
2900,20,8743.6
2900,21,8537.4
2900,22,8485.59
2900,23,8638.09
2900,24,8351.4
2900,25,8359.9
2900,26,8723.79
2900,27,8766.53
2900,28,8788.03
2900,29,8366.49
2900,30,8465.15
2900,31,8769.74
2900,32,8382.26
2900,33,8320.43
2900,34,8662.58
2900,35,8345.77
2900,36,8390.51
2900,37,8760.45
2900,38,8461.83
2900,39,8645.27
2900,40,8667.56
2900,41,8576.12
2900,42,8783.33
2900,43,8552.66
2900,44,8860.02
2900,45,8605.5
2900,46,8591.25
2900,47,8537.45
2900,48,8573.55
2900,49,8471.74
2900,50,8495.4
2900,51,8666.99
2900,52,8221.86
2900,53,8499.79
2900,54,8478.69
2900,55,8757.97
2900,56,8495.32
2900,57,8790.83
2900,58,8509.52
2900,59,8824.71
2900,60,8630.22
2900,61,8381.8
2900,62,8549.61
2900,63,8831.53
2900,64,8513
2900,65,8715.12
2900,66,8497.91
2900,67,8692.19
2900,68,8724.76
2900,69,8757.06
2900,70,8578.83
2900,71,8232.05
2900,72,8715.69
2900,73,8479.92
2900,74,8828.99
2900,75,8443.95
2900,76,8797.1
2900,77,8338.64
2900,78,8376.35
2900,79,8542.61
2900,80,8407.25
2900,81,8176.89
2900,82,8576.07
2900,83,8526.49
2900,84,8421.39
2900,85,8361.29
2900,86,8443.55
2900,87,8781
2900,88,8615
2900,89,8438.82
2900,90,8415.37
2900,91,9021.75
2900,92,8705.12
2900,93,8653.55
2900,94,8575.14
2900,95,8582.76
2900,96,8568.62
2900,97,8677.84
2900,98,8619.47
2900,99,8675.53
2910,0,8945.11
2910,1,8617.25
2910,2,8828.97
2910,3,8590.95
2910,4,8537.64
2910,5,8457.25
2910,6,8754.62
2910,7,8340.61
2910,8,8674.18
2910,9,8965.01
2910,10,8643.27
2910,11,8336.19
2910,12,8337.48
2910,13,8745.43
2910,14,8572.46
2910,15,8633.91
2910,16,8695.34
2910,17,8689.57
2910,18,8322.77
2910,19,8586.61
2910,20,8741.21
2910,21,8531.05
2910,22,8480.62
2910,23,8634.39
2910,24,8343.87
2910,25,8354.28
2910,26,8722.36
2910,27,8765.38
2910,28,8782.55
2910,29,8358.56
2910,30,8458.81
2910,31,8765.42
2910,32,8377.98
2910,33,8310.87
2910,34,8657.36
2910,35,8337.18
2910,36,8383.8
2910,37,8757.49
2910,38,8455.2
2910,39,8641.06
2910,40,8662.94
2910,41,8569.8
2910,42,8780.02
2910,43,8547.96
2910,44,8857.41
2910,45,8600.51
2910,46,8587.77
2910,47,8532.86
2910,48,8568.97
2910,49,8463.68
2910,50,8491.73
2910,51,8661.93
2910,52,8214.3
2910,53,8493.61
2910,54,8472.03
2910,55,8754.65
2910,56,8490.68
2910,57,8787.48
2910,58,8502.01
2910,59,8822.25
2910,60,8627.6
2910,61,8375.2
2910,62,8545.17
2910,63,8829.25
2910,64,8508.74
2910,65,8710.15
2910,66,8493.03
2910,67,8687.7
2910,68,8721.87
2910,69,8751.57
2910,70,8575.11
2910,71,8222.83
2910,72,8712.92
2910,73,8470.44
2910,74,8828.68
2910,75,8439.61
2910,76,8795.46
2910,77,8332.73
2910,78,8368.41
2910,79,8540.6
2910,80,8399.81
2910,81,8168.4
2910,82,8571.07
2910,83,8522.16
2910,84,8414.45
2910,85,8353.33
2910,86,8437.65
2910,87,8777.38
2910,88,8610.69
2910,89,8429.81
2910,90,8406.74
2910,91,9020.14
2910,92,8700.97
2910,93,8650.05
2910,94,8570.79
2910,95,8573.51
2910,96,8560.83
2910,97,8673.66
2910,98,8617.28
2910,99,8671.93
2920,0,8944.81
2920,1,8616.95
2920,2,8828.67
2920,3,8590.65
2920,4,8537.34
2920,5,8456.95
2920,6,8754.32
2920,7,8340.31
2920,8,8673.88
2920,9,8964.71
2920,10,8642.97
2920,11,8335.89
2920,12,8337.18
2920,13,8745.13
2920,14,8572.16
2920,15,8633.61
2920,16,8695.04
2920,17,8689.27
2920,18,8322.47
2920,19,8586.31
2920,20,8740.91
2920,21,8530.75
2920,22,8480.32
2920,23,8634.09
2920,24,8343.57
2920,25,8353.98
2920,26,8722.06
2920,27,8765.08
2920,28,8782.25
2920,29,8358.26
2920,30,8458.51
2920,31,8765.12
2920,32,8377.68
2920,33,8310.57
2920,34,8657.06
2920,35,8336.88
2920,36,8383.5
2920,37,8757.19
2920,38,8454.9
2920,39,8640.76
2920,40,8662.64
2920,41,8569.5
2920,42,8779.72
2920,43,8547.66
2920,44,8857.11
2920,45,8600.21
2920,46,8587.47
2920,47,8532.56
2920,48,8568.67
2920,49,8463.38
2920,50,8491.43
2920,51,8661.63
2920,52,8214
2920,53,8493.31
2920,54,8471.73
2920,55,8754.35
2920,56,8490.38
2920,57,8787.18
2920,58,8501.71
2920,59,8821.95
2920,60,8627.3
2920,61,8374.9
2920,62,8544.87
2920,63,8828.95
2920,64,8508.44
2920,65,8709.85
2920,66,8492.73
2920,67,8687.4
2920,68,8721.57
2920,69,8751.27
2920,70,8574.81
2920,71,8222.53
2920,72,8712.62
2920,73,8470.14
2920,74,8828.38
2920,75,8439.31
2920,76,8795.16
2920,77,8332.43
2920,78,8368.11
2920,79,8540.3
2920,80,8399.51
2920,81,8168.1
2920,82,8570.77
2920,83,8521.86
2920,84,8414.15
2920,85,8353.03
2920,86,8437.35
2920,87,8777.08
2920,88,8610.39
2920,89,8429.51
2920,90,8406.44
2920,91,9019.84
2920,92,8700.67
2920,93,8649.75
2920,94,8570.49
2920,95,8573.21
2920,96,8560.53
2920,97,8673.36
2920,98,8616.98
2920,99,8671.63
2930,0,8944.51
2930,1,8616.65
2930,2,8828.37
2930,3,8590.35
2930,4,8537.04
2930,5,8456.65
2930,6,8754.02
2930,7,8340.01
2930,8,8673.58
2930,9,8964.41
2930,10,8642.67
2930,11,8335.59
2930,12,8336.88
2930,13,8744.83
2930,14,8571.86
2930,15,8633.31
2930,16,8694.74
2930,17,8688.97
2930,18,8322.17
2930,19,8586.01
2930,20,8740.61
2930,21,8530.45
2930,22,8480.02
2930,23,8633.79
2930,24,8343.27
2930,25,8353.68
2930,26,8721.76
2930,27,8764.78
2930,28,8781.95
2930,29,8357.96
2930,30,8458.21
2930,31,8764.82
2930,32,8377.38
2930,33,8310.27
2930,34,8656.76
2930,35,8336.58
2930,36,8383.2
2930,37,8756.89
2930,38,8454.6
2930,39,8640.46
2930,40,8662.34
2930,41,8569.2
2930,42,8779.42
2930,43,8547.36
2930,44,8856.81
2930,45,8599.91
2930,46,8587.17
2930,47,8532.26
2930,48,8568.37
2930,49,8463.08
2930,50,8491.13
2930,51,8661.33
2930,52,8213.7
2930,53,8493.01
2930,54,8471.43
2930,55,8754.05
2930,56,8490.08
2930,57,8786.88
2930,58,8501.41
2930,59,8821.65
2930,60,8627
2930,61,8374.6
2930,62,8544.57
2930,63,8828.65
2930,64,8508.14
2930,65,8709.55
2930,66,8492.43
2930,67,8687.1
2930,68,8721.27
2930,69,8750.97
2930,70,8574.51
2930,71,8222.23
2930,72,8712.32
2930,73,8469.84
2930,74,8828.08
2930,75,8439.01
2930,76,8794.86
2930,77,8332.13
2930,78,8367.81
2930,79,8540
2930,80,8399.21
2930,81,8167.8
2930,82,8570.47
2930,83,8521.56
2930,84,8413.85
2930,85,8352.73
2930,86,8437.05
2930,87,8776.78
2930,88,8610.09
2930,89,8429.21
2930,90,8406.14
2930,91,9019.54
2930,92,8700.37
2930,93,8649.45
2930,94,8570.19
2930,95,8572.91
2930,96,8560.23
2930,97,8673.06
2930,98,8616.68
2930,99,8671.33
2940,0,8944.21
2940,1,8616.35
2940,2,8828.07
2940,3,8590.05
2940,4,8536.74
2940,5,8456.35
2940,6,8753.72
2940,7,8339.71
2940,8,8673.28
2940,9,8964.11
2940,10,8642.37
2940,11,8335.29
2940,12,8336.58
2940,13,8744.53
2940,14,8571.56
2940,15,8633.01
2940,16,8694.44
2940,17,8688.67
2940,18,8321.87
2940,19,8585.71
2940,20,8740.31
2940,21,8530.15
2940,22,8479.72
2940,23,8633.49
2940,24,8342.97
2940,25,8353.38
2940,26,8721.46
2940,27,8764.48
2940,28,8781.65
2940,29,8357.66
2940,30,8457.91
2940,31,8764.52
2940,32,8377.08
2940,33,8309.97
2940,34,8656.46
2940,35,8336.28
2940,36,8382.9
2940,37,8756.59
2940,38,8454.3
2940,39,8640.16
2940,40,8662.04
2940,41,8568.9
2940,42,8779.12
2940,43,8547.06
2940,44,8856.51
2940,45,8599.61
2940,46,8586.87
2940,47,8531.96
2940,48,8568.07
2940,49,8462.78
2940,50,8490.83
2940,51,8661.03
2940,52,8213.4
2940,53,8492.71
2940,54,8471.13
2940,55,8753.75
2940,56,8489.78
2940,57,8786.58
2940,58,8501.11
2940,59,8821.35
2940,60,8626.7
2940,61,8374.3
2940,62,8544.27
2940,63,8828.35
2940,64,8507.84
2940,65,8709.25
2940,66,8492.13
2940,67,8686.8
2940,68,8720.97
2940,69,8750.67
2940,70,8574.21
2940,71,8221.93
2940,72,8712.02
2940,73,8469.54
2940,74,8827.78
2940,75,8438.71
2940,76,8794.56
2940,77,8331.83
2940,78,8367.51
2940,79,8539.7
2940,80,8398.91
2940,81,8167.5
2940,82,8570.17
2940,83,8521.26
2940,84,8413.55
2940,85,8352.43
2940,86,8436.75
2940,87,8776.48
2940,88,8609.79
2940,89,8428.91
2940,90,8405.84
2940,91,9019.24
2940,92,8700.07
2940,93,8649.15
2940,94,8569.89
2940,95,8572.61
2940,96,8559.93
2940,97,8672.76
2940,98,8616.38
2940,99,8671.03
2950,0,8943.91
2950,1,8616.05
2950,2,8827.77
2950,3,8589.75
2950,4,8536.44
2950,5,8456.05
2950,6,8753.42
2950,7,8339.41
2950,8,8672.98
2950,9,8963.81
2950,10,8642.07
2950,11,8334.99
2950,12,8336.28
2950,13,8744.23
2950,14,8571.26
2950,15,8632.71
2950,16,8694.14
2950,17,8688.37
2950,18,8321.57
2950,19,8585.41
2950,20,8740.01
2950,21,8529.85
2950,22,8479.42
2950,23,8633.19
2950,24,8342.67
2950,25,8353.08
2950,26,8721.16
2950,27,8764.18
2950,28,8781.35
2950,29,8357.36
2950,30,8457.61
2950,31,8764.22
2950,32,8376.78
2950,33,8309.67
2950,34,8656.16
2950,35,8335.98
2950,36,8382.6
2950,37,8756.29
2950,38,8454
2950,39,8639.86
2950,40,8661.74
2950,41,8568.6
2950,42,8778.82
2950,43,8546.76
2950,44,8856.21
2950,45,8599.31
2950,46,8586.57
2950,47,8531.66
2950,48,8567.77
2950,49,8462.48
2950,50,8490.53
2950,51,8660.73
2950,52,8213.1
2950,53,8492.41
2950,54,8470.83
2950,55,8753.45
2950,56,8489.48
2950,57,8786.28
2950,58,8500.81
2950,59,8821.05
2950,60,8626.4
2950,61,8374
2950,62,8543.97
2950,63,8828.05
2950,64,8507.54
2950,65,8708.95
2950,66,8491.83
2950,67,8686.5
2950,68,8720.67
2950,69,8750.37
2950,70,8573.91
2950,71,8221.63
2950,72,8711.72
2950,73,8469.24
2950,74,8827.48
2950,75,8438.41
2950,76,8794.26
2950,77,8331.53
2950,78,8367.21
2950,79,8539.4
2950,80,8398.61
2950,81,8167.2
2950,82,8569.87
2950,83,8520.96
2950,84,8413.25
2950,85,8352.13
2950,86,8436.45
2950,87,8776.18
2950,88,8609.49
2950,89,8428.61
2950,90,8405.54
2950,91,9018.94
2950,92,8699.77
2950,93,8648.85
2950,94,8569.59
2950,95,8572.31
2950,96,8559.63
2950,97,8672.46
2950,98,8616.08
2950,99,8670.73
2960,0,8943.61
2960,1,8615.75
2960,2,8827.47
2960,3,8589.45
2960,4,8536.14
2960,5,8455.75
2960,6,8753.12
2960,7,8339.11
2960,8,8672.68
2960,9,8963.51
2960,10,8641.77
2960,11,8334.69
2960,12,8335.98
2960,13,8743.93
2960,14,8570.96
2960,15,8632.41
2960,16,8693.84
2960,17,8688.07
2960,18,8321.27
2960,19,8585.11
2960,20,8739.71
2960,21,8529.55
2960,22,8479.12
2960,23,8632.89
2960,24,8342.37
2960,25,8352.78
2960,26,8720.86
2960,27,8763.88
2960,28,8781.05
2960,29,8357.06
2960,30,8457.31
2960,31,8763.92
2960,32,8376.48
2960,33,8309.37
2960,34,8655.86
2960,35,8335.68
2960,36,8382.3
2960,37,8755.99
2960,38,8453.7
2960,39,8639.56
2960,40,8661.44
2960,41,8568.3
2960,42,8778.52
2960,43,8546.46
2960,44,8855.91
2960,45,8599.01
2960,46,8586.27
2960,47,8531.36
2960,48,8567.47
2960,49,8462.18
2960,50,8490.23
2960,51,8660.43
2960,52,8212.8
2960,53,8492.11
2960,54,8470.53
2960,55,8753.15
2960,56,8489.18
2960,57,8785.98
2960,58,8500.51
2960,59,8820.75
2960,60,8626.1
2960,61,8373.7
2960,62,8543.67
2960,63,8827.75
2960,64,8507.24
2960,65,8708.65
2960,66,8491.53
2960,67,8686.2
2960,68,8720.37
2960,69,8750.07
2960,70,8573.61
2960,71,8221.33
2960,72,8711.42
2960,73,8468.94
2960,74,8827.18
2960,75,8438.11
2960,76,8793.96
2960,77,8331.23
2960,78,8366.91
2960,79,8539.1
2960,80,8398.31
2960,81,8166.9
2960,82,8569.57
2960,83,8520.66
2960,84,8412.95
2960,85,8351.83
2960,86,8436.15
2960,87,8775.88
2960,88,8609.19
2960,89,8428.31
2960,90,8405.24
2960,91,9018.64
2960,92,8699.47
2960,93,8648.55
2960,94,8569.29
2960,95,8572.01
2960,96,8559.33
2960,97,8672.16
2960,98,8615.78
2960,99,8670.43
2970,0,8943.31
2970,1,8615.45
2970,2,8827.17
2970,3,8589.15
2970,4,8535.84
2970,5,8455.45
2970,6,8752.82
2970,7,8338.81
2970,8,8672.38
2970,9,8963.21
2970,10,8641.47
2970,11,8334.39
2970,12,8335.68
2970,13,8743.63
2970,14,8570.66
2970,15,8632.11
2970,16,8693.54
2970,17,8687.77
2970,18,8320.97
2970,19,8584.81
2970,20,8739.41
2970,21,8529.25
2970,22,8478.82
2970,23,8632.59
2970,24,8342.07
2970,25,8352.48
2970,26,8720.56
2970,27,8763.58
2970,28,8780.75
2970,29,8356.76
2970,30,8457.01
2970,31,8763.62
2970,32,8376.18
2970,33,8309.07
2970,34,8655.56
2970,35,8335.38
2970,36,8382
2970,37,8755.69
2970,38,8453.4
2970,39,8639.26
2970,40,8661.14
2970,41,8568
2970,42,8778.22
2970,43,8546.16
2970,44,8855.61
2970,45,8598.71
2970,46,8585.97
2970,47,8531.06
2970,48,8567.17
2970,49,8461.88
2970,50,8489.93
2970,51,8660.13
2970,52,8212.5
2970,53,8491.81
2970,54,8470.23
2970,55,8752.85
2970,56,8488.88
2970,57,8785.68
2970,58,8500.21
2970,59,8820.45
2970,60,8625.8
2970,61,8373.4
2970,62,8543.37
2970,63,8827.45
2970,64,8506.94
2970,65,8708.35
2970,66,8491.23
2970,67,8685.9
2970,68,8720.07
2970,69,8749.77
2970,70,8573.31
2970,71,8221.03
2970,72,8711.12
2970,73,8468.64
2970,74,8826.88
2970,75,8437.81
2970,76,8793.66
2970,77,8330.93
2970,78,8366.61
2970,79,8538.8
2970,80,8398.01
2970,81,8166.6
2970,82,8569.27
2970,83,8520.36
2970,84,8412.65
2970,85,8351.53
2970,86,8435.85
2970,87,8775.58
2970,88,8608.89
2970,89,8428.01
2970,90,8404.94
2970,91,9018.34
2970,92,8699.17
2970,93,8648.25
2970,94,8568.99
2970,95,8571.71
2970,96,8559.03
2970,97,8671.86
2970,98,8615.48
2970,99,8670.13
2980,0,8943.01
2980,1,8615.15
2980,2,8826.87
2980,3,8588.85
2980,4,8535.54
2980,5,8455.15
2980,6,8752.52
2980,7,8338.51
2980,8,8672.08
2980,9,8962.91
2980,10,8641.17
2980,11,8334.09
2980,12,8335.38
2980,13,8743.33
2980,14,8570.36
2980,15,8631.81
2980,16,8693.24
2980,17,8687.47
2980,18,8320.67
2980,19,8584.51
2980,20,8739.11
2980,21,8528.95
2980,22,8478.52
2980,23,8632.29
2980,24,8341.77
2980,25,8352.18
2980,26,8720.26
2980,27,8763.28
2980,28,8780.45
2980,29,8356.46
2980,30,8456.71
2980,31,8763.32
2980,32,8375.88
2980,33,8308.77
2980,34,8655.26
2980,35,8335.08
2980,36,8381.7
2980,37,8755.39
2980,38,8453.1
2980,39,8638.96
2980,40,8660.84
2980,41,8567.7
2980,42,8777.92
2980,43,8545.86
2980,44,8855.31
2980,45,8598.41
2980,46,8585.67
2980,47,8530.76
2980,48,8566.87
2980,49,8461.58
2980,50,8489.63
2980,51,8659.83
2980,52,8212.2
2980,53,8491.51
2980,54,8469.93
2980,55,8752.55
2980,56,8488.58
2980,57,8785.38
2980,58,8499.91
2980,59,8820.15
2980,60,8625.5
2980,61,8373.1
2980,62,8543.07
2980,63,8827.15
2980,64,8506.64
2980,65,8708.05
2980,66,8490.93
2980,67,8685.6
2980,68,8719.77
2980,69,8749.47
2980,70,8573.01
2980,71,8220.73
2980,72,8710.82
2980,73,8468.34
2980,74,8826.58
2980,75,8437.51
2980,76,8793.36
2980,77,8330.63
2980,78,8366.31
2980,79,8538.5
2980,80,8397.71
2980,81,8166.3
2980,82,8568.97
2980,83,8520.06
2980,84,8412.35
2980,85,8351.23
2980,86,8435.55
2980,87,8775.28
2980,88,8608.59
2980,89,8427.71
2980,90,8404.64
2980,91,9018.04
2980,92,8698.87
2980,93,8647.95
2980,94,8568.69
2980,95,8571.41
2980,96,8558.73
2980,97,8671.56
2980,98,8615.18
2980,99,8669.83
2990,0,8942.71
2990,1,8614.85
2990,2,8826.57
2990,3,8588.55
2990,4,8535.24
2990,5,8454.85
2990,6,8752.22
2990,7,8338.21
2990,8,8671.78
2990,9,8962.61
2990,10,8640.87
2990,11,8333.79
2990,12,8335.08
2990,13,8743.03
2990,14,8570.06
2990,15,8631.51
2990,16,8692.94
2990,17,8687.17
2990,18,8320.37
2990,19,8584.21
2990,20,8738.81
2990,21,8528.65
2990,22,8478.22
2990,23,8631.99
2990,24,8341.47
2990,25,8351.88
2990,26,8719.96
2990,27,8762.98
2990,28,8780.15
2990,29,8356.16
2990,30,8456.41
2990,31,8763.02
2990,32,8375.58
2990,33,8308.47
2990,34,8654.96
2990,35,8334.78
2990,36,8381.4
2990,37,8755.09
2990,38,8452.8
2990,39,8638.66
2990,40,8660.54
2990,41,8567.4
2990,42,8777.62
2990,43,8545.56
2990,44,8855.01
2990,45,8598.11
2990,46,8585.37
2990,47,8530.46
2990,48,8566.57
2990,49,8461.28
2990,50,8489.33
2990,51,8659.53
2990,52,8211.9
2990,53,8491.21
2990,54,8469.63
2990,55,8752.25
2990,56,8488.28
2990,57,8785.08
2990,58,8499.61
2990,59,8819.85
2990,60,8625.2
2990,61,8372.8
2990,62,8542.77
2990,63,8826.85
2990,64,8506.34
2990,65,8707.75
2990,66,8490.63
2990,67,8685.3
2990,68,8719.47
2990,69,8749.17
2990,70,8572.71
2990,71,8220.43
2990,72,8710.52
2990,73,8468.04
2990,74,8826.28
2990,75,8437.21
2990,76,8793.06
2990,77,8330.33
2990,78,8366.01
2990,79,8538.2
2990,80,8397.41
2990,81,8166
2990,82,8568.67
2990,83,8519.76
2990,84,8412.05
2990,85,8350.93
2990,86,8435.25
2990,87,8774.98
2990,88,8608.29
2990,89,8427.41
2990,90,8404.34
2990,91,9017.74
2990,92,8698.57
2990,93,8647.65
2990,94,8568.39
2990,95,8571.11
2990,96,8558.43
2990,97,8671.26
2990,98,8614.88
2990,99,8669.53
