time,node_id,residual_energy
0,0,10000
0,1,10000
0,2,10000
0,3,10000
0,4,10000
0,5,10000
0,6,10000
0,7,10000
0,8,10000
0,9,10000
0,10,10000
0,11,10000
0,12,10000
0,13,10000
0,14,10000
0,15,10000
0,16,10000
0,17,10000
0,18,10000
0,19,10000
0,20,10000
0,21,10000
0,22,10000
0,23,10000
0,24,10000
0,25,10000
0,26,10000
0,27,10000
0,28,10000
0,29,10000
0,30,10000
0,31,10000
0,32,10000
0,33,10000
0,34,10000
0,35,10000
0,36,10000
0,37,10000
0,38,10000
0,39,10000
0,40,10000
0,41,10000
0,42,10000
0,43,10000
0,44,10000
0,45,10000
0,46,10000
0,47,10000
0,48,10000
0,49,10000
0,50,10000
0,51,10000
0,52,10000
0,53,10000
0,54,10000
0,55,10000
0,56,10000
0,57,10000
0,58,10000
0,59,10000
0,60,10000
0,61,10000
0,62,10000
0,63,10000
0,64,10000
0,65,10000
0,66,10000
0,67,10000
0,68,10000
0,69,10000
0,70,10000
0,71,10000
0,72,10000
0,73,10000
0,74,10000
0,75,10000
0,76,10000
0,77,10000
0,78,10000
0,79,10000
0,80,10000
0,81,10000
0,82,10000
0,83,10000
0,84,10000
0,85,10000
0,86,10000
0,87,10000
0,88,10000
0,89,10000
0,90,10000
0,91,10000
0,92,10000
0,93,10000
0,94,10000
0,95,10000
0,96,10000
0,97,10000
0,98,10000
0,99,10000
10,0,9999.73
10,1,9999.73
10,2,9999.73
10,3,9999.73
10,4,9999.73
10,5,9999.73
10,6,9999.73
10,7,9999.73
10,8,9999.73
10,9,9999.73
10,10,9999.73
10,11,9999.73
10,12,9999.73
10,13,9999.73
10,14,9999.73
10,15,9999.73
10,16,9999.73
10,17,9999.73
10,18,9999.73
10,19,9999.73
10,20,9999.73
10,21,9999.73
10,22,9999.73
10,23,9999.73
10,24,9999.73
10,25,9999.73
10,26,9999.73
10,27,9999.73
10,28,9999.73
10,29,9999.73
10,30,9999.73
10,31,9999.73
10,32,9999.73
10,33,9999.73
10,34,9999.73
10,35,9999.73
10,36,9999.73
10,37,9999.73
10,38,9999.73
10,39,9999.73
10,40,9999.73
10,41,9999.73
10,42,9999.73
10,43,9999.73
10,44,9999.73
10,45,9999.73
10,46,9999.73
10,47,9999.73
10,48,9999.73
10,49,9999.73
10,50,9999.73
10,51,9999.73
10,52,9999.73
10,53,9999.73
10,54,9999.73
10,55,9999.73
10,56,9999.73
10,57,9999.73
10,58,9999.73
10,59,9999.73
10,60,9999.73
10,61,9999.73
10,62,9999.73
10,63,9999.73
10,64,9999.73
10,65,9999.73
10,66,9999.73
10,67,9999.73
10,68,9999.73
10,69,9999.73
10,70,9999.73
10,71,9999.73
10,72,9999.73
10,73,9999.73
10,74,9999.73
10,75,9999.73
10,76,9999.73
10,77,9999.73
10,78,9999.73
10,79,9999.73
10,80,9999.73
10,81,9999.73
10,82,9999.73
10,83,9999.73
10,84,9999.73
10,85,9999.73
10,86,9999.73
10,87,9999.73
10,88,9999.73
10,89,9999.73
10,90,9999.73
10,91,9999.73
10,92,9999.73
10,93,9999.73
10,94,9999.73
10,95,9999.73
10,96,9999.73
10,97,9999.73
10,98,9999.73
10,99,9999.73
20,0,9999.43
20,1,9999.43
20,2,9999.43
20,3,9999.43
20,4,9999.43
20,5,9999.43
20,6,9999.43
20,7,9999.43
20,8,9999.43
20,9,9999.43
20,10,9999.43
20,11,9999.43
20,12,9999.43
20,13,9999.43
20,14,9999.43
20,15,9999.43
20,16,9999.43
20,17,9999.43
20,18,9999.43
20,19,9999.43
20,20,9999.43
20,21,9999.43
20,22,9999.43
20,23,9999.43
20,24,9999.43
20,25,9999.43
20,26,9999.43
20,27,9999.43
20,28,9999.43
20,29,9999.43
20,30,9999.43
20,31,9999.43
20,32,9999.43
20,33,9999.43
20,34,9999.43
20,35,9999.43
20,36,9999.43
20,37,9999.43
20,38,9999.43
20,39,9999.43
20,40,9999.43
20,41,9999.43
20,42,9999.43
20,43,9999.43
20,44,9999.43
20,45,9999.43
20,46,9999.43
20,47,9999.43
20,48,9999.43
20,49,9999.43
20,50,9999.43
20,51,9999.43
20,52,9999.43
20,53,9999.43
20,54,9999.43
20,55,9999.43
20,56,9999.43
20,57,9999.43
20,58,9999.43
20,59,9999.43
20,60,9999.43
20,61,9999.43
20,62,9999.43
20,63,9999.43
20,64,9999.43
20,65,9999.43
20,66,9999.43
20,67,9999.43
20,68,9999.43
20,69,9999.43
20,70,9999.43
20,71,9999.43
20,72,9999.43
20,73,9999.43
20,74,9999.43
20,75,9999.43
20,76,9999.43
20,77,9999.43
20,78,9999.43
20,79,9999.43
20,80,9999.43
20,81,9999.43
20,82,9999.43
20,83,9999.43
20,84,9999.43
20,85,9999.43
20,86,9999.43
20,87,9999.43
20,88,9999.43
20,89,9999.43
20,90,9999.43
20,91,9999.43
20,92,9999.43
20,93,9999.43
20,94,9999.43
20,95,9999.43
20,96,9999.43
20,97,9999.43
20,98,9999.43
20,99,9999.43
30,0,9999.13
30,1,9999.13
30,2,9999.13
30,3,9999.13
30,4,9999.13
30,5,9999.13
30,6,9999.13
30,7,9999.13
30,8,9999.13
30,9,9999.13
30,10,9999.13
30,11,9999.13
30,12,9999.13
30,13,9999.13
30,14,9999.13
30,15,9999.13
30,16,9999.13
30,17,9999.13
30,18,9999.13
30,19,9999.13
30,20,9999.13
30,21,9999.13
30,22,9999.13
30,23,9999.13
30,24,9999.13
30,25,9999.13
30,26,9999.13
30,27,9999.13
30,28,9999.13
30,29,9999.13
30,30,9999.13
30,31,9999.13
30,32,9999.13
30,33,9999.13
30,34,9999.13
30,35,9999.13
30,36,9999.13
30,37,9999.13
30,38,9999.13
30,39,9999.13
30,40,9999.13
30,41,9999.13
30,42,9999.13
30,43,9999.13
30,44,9999.13
30,45,9999.13
30,46,9999.13
30,47,9999.13
30,48,9999.13
30,49,9999.13
30,50,9999.13
30,51,9999.13
30,52,9999.13
30,53,9999.13
30,54,9999.13
30,55,9999.13
30,56,9999.13
30,57,9999.13
30,58,9999.13
30,59,9999.13
30,60,9999.13
30,61,9999.13
30,62,9999.13
30,63,9999.13
30,64,9999.13
30,65,9999.13
30,66,9999.13
30,67,9999.13
30,68,9999.13
30,69,9999.13
30,70,9999.13
30,71,9999.13
30,72,9999.13
30,73,9999.13
30,74,9999.13
30,75,9999.13
30,76,9999.13
30,77,9999.13
30,78,9999.13
30,79,9999.13
30,80,9999.13
30,81,9999.13
30,82,9999.13
30,83,9999.13
30,84,9999.13
30,85,9999.13
30,86,9999.13
30,87,9999.13
30,88,9999.13
30,89,9999.13
30,90,9999.13
30,91,9999.13
30,92,9999.13
30,93,9999.13
30,94,9999.13
30,95,9999.13
30,96,9999.13
30,97,9999.13
30,98,9999.13
30,99,9999.13
40,0,9989.64
40,1,9990.2
40,2,9987.87
40,3,9988.05
40,4,9989.35
40,5,9987.43
40,6,9987.96
40,7,9986.03
40,8,9988.99
40,9,9991.23
40,10,9987.86
40,11,9988.21
40,12,9987.75
40,13,9988.21
40,14,9988.56
40,15,9989.53
40,16,9988
40,17,9988.59
40,18,9990.36
40,19,9988.79
40,20,9985.09
40,21,9987.7
40,22,9989.5
40,23,9986.43
40,24,9986.03
40,25,9986.09
40,26,9990.52
40,27,9988.33
40,28,9988.06
40,29,9988.87
40,30,9985.99
40,31,9991.43
40,32,9988.68
40,33,9986.72
40,34,9988.24
40,35,9990.54
40,36,9989.74
40,37,9988.47
40,38,9985.65
40,39,9985.99
40,40,9990.15
40,41,9988.31
40,42,9986.12
40,43,9987.74
40,44,9987.9
40,45,9989.65
40,46,9986.06
40,47,9990.94
40,48,9985.2
40,49,9987.27
40,50,9990.62
40,51,9991.37
40,52,9988.38
40,53,9987.65
40,54,9987.3
40,55,9988.17
40,56,9987.51
40,57,9986.94
40,58,9988.76
40,59,9990.82
40,60,9987.61
40,61,9988.59
40,62,9988.81
40,63,9988
40,64,9987.26
40,65,9986.06
40,66,9985.19
40,67,9987.97
40,68,9988.27
40,69,9987.79
40,70,9988.37
40,71,9988.16
40,72,9985.97
40,73,9990.37
40,74,9989.69
40,75,9989.06
40,76,9987.69
40,77,9990.48
40,78,9985.42
40,79,9990.79
40,80,9985.89
40,81,9990.68
40,82,9988.53
40,83,9987.8
40,84,9988.31
40,85,9987.02
40,86,9990.07
40,87,9985.64
40,88,9989.36
40,89,9987.37
40,90,9988.75
40,91,9988.85
40,92,9985.21
40,93,9988.29
40,94,9989.5
40,95,9990.6
40,96,9990.75
40,97,9989.24
40,98,9990.06
40,99,9988.06
50,0,9989.34
50,1,9989.9
50,2,9987.57
50,3,9987.75
50,4,9989.05
50,5,9987.13
50,6,9987.66
50,7,9985.73
50,8,9988.69
50,9,9990.93
50,10,9987.56
50,11,9987.91
50,12,9987.45
50,13,9987.91
50,14,9988.26
50,15,9989.23
50,16,9987.7
50,17,9988.29
50,18,9990.06
50,19,9988.49
50,20,9984.79
50,21,9987.4
50,22,9989.2
50,23,9986.13
50,24,9985.73
50,25,9985.79
50,26,9990.22
50,27,9988.03
50,28,9987.76
50,29,9988.57
50,30,9985.69
50,31,9991.13
50,32,9988.38
50,33,9986.42
50,34,9987.94
50,35,9990.24
50,36,9989.44
50,37,9988.17
50,38,9985.35
50,39,9985.69
50,40,9989.85
50,41,9988.01
50,42,9985.82
50,43,9987.44
50,44,9987.6
50,45,9989.35
50,46,9985.76
50,47,9990.64
50,48,9984.9
50,49,9986.97
50,50,9990.32
50,51,9991.07
50,52,9988.08
50,53,9987.35
50,54,9987
50,55,9987.87
50,56,9987.21
50,57,9986.64
50,58,9988.46
50,59,9990.52
50,60,9987.31
50,61,9988.29
50,62,9988.51
50,63,9987.7
50,64,9986.96
50,65,9985.76
50,66,9984.89
50,67,9987.67
50,68,9987.97
50,69,9987.49
50,70,9988.07
50,71,9987.86
50,72,9985.67
50,73,9990.07
50,74,9989.39
50,75,9988.76
50,76,9987.39
50,77,9990.18
50,78,9985.12
50,79,9990.49
50,80,9985.59
50,81,9990.38
50,82,9988.23
50,83,9987.5
50,84,9988.01
50,85,9986.72
50,86,9989.77
50,87,9985.34
50,88,9989.06
50,89,9987.07
50,90,9988.45
50,91,9988.55
50,92,9984.91
50,93,9987.99
50,94,9989.2
50,95,9990.3
50,96,9990.45
50,97,9988.94
50,98,9989.76
50,99,9987.76
60,0,9989.04
60,1,9989.6
60,2,9987.27
60,3,9987.45
60,4,9988.75
60,5,9986.83
60,6,9987.36
60,7,9985.43
60,8,9988.39
60,9,9990.63
60,10,9987.26
60,11,9987.61
60,12,9987.15
60,13,9987.61
60,14,9987.96
60,15,9988.93
60,16,9987.4
60,17,9987.99
60,18,9989.76
60,19,9988.19
60,20,9984.49
60,21,9987.1
60,22,9988.9
60,23,9985.83
60,24,9985.43
60,25,9985.49
60,26,9989.92
60,27,9987.73
60,28,9987.46
60,29,9988.27
60,30,9985.39
60,31,9990.83
60,32,9988.08
60,33,9986.12
60,34,9987.64
60,35,9989.94
60,36,9989.14
60,37,9987.87
60,38,9985.05
60,39,9985.39
60,40,9989.55
60,41,9987.71
60,42,9985.52
60,43,9987.14
60,44,9987.3
60,45,9989.05
60,46,9985.46
60,47,9990.34
60,48,9984.6
60,49,9986.67
60,50,9990.02
60,51,9990.77
60,52,9987.78
60,53,9987.05
60,54,9986.7
60,55,9987.57
60,56,9986.91
60,57,9986.34
60,58,9988.16
60,59,9990.22
60,60,9987.01
60,61,9987.99
60,62,9988.21
60,63,9987.4
60,64,9986.66
60,65,9985.46
60,66,9984.59
60,67,9987.37
60,68,9987.67
60,69,9987.19
60,70,9987.77
60,71,9987.56
60,72,9985.37
60,73,9989.77
60,74,9989.09
60,75,9988.46
60,76,9987.09
60,77,9989.88
60,78,9984.82
60,79,9990.19
60,80,9985.29
60,81,9990.08
60,82,9987.93
60,83,9987.2
60,84,9987.71
60,85,9986.42
60,86,9989.47
60,87,9985.04
60,88,9988.76
60,89,9986.77
60,90,9988.15
60,91,9988.25
60,92,9984.61
60,93,9987.69
60,94,9988.9
60,95,9990
60,96,9990.15
60,97,9988.64
60,98,9989.46
60,99,9987.46
70,0,9979.52
70,1,9980.7
70,2,9976.02
70,3,9978.27
70,4,9978.97
70,5,9975.16
70,6,9976.2
70,7,9972.34
70,8,9978.26
70,9,9982.74
70,10,9976.04
70,11,9976.7
70,12,9977.05
70,13,9976.7
70,14,9977.41
70,15,9979.34
70,16,9976.28
70,17,9977.46
70,18,9981.04
70,19,9977.85
70,20,9971.73
70,21,9975.67
70,22,9979.27
70,23,9973.13
70,24,9973.61
70,25,9972.46
70,26,9981.36
70,27,9978.2
70,28,9976.4
70,29,9979.28
70,30,9973.54
70,31,9983.13
70,32,9977.64
70,33,9973.52
70,34,9976.75
70,35,9981.36
70,36,9979.79
70,37,9977.22
70,38,9972.85
70,39,9972.27
70,40,9980.58
70,41,9978.17
70,42,9973.8
70,43,9975.74
70,44,9976.08
70,45,9980.85
70,46,9972.39
70,47,9982.16
70,48,9971.95
70,49,9974.82
70,50,9981.52
70,51,9983
70,52,9977.04
70,53,9975.57
70,54,9974.88
70,55,9976.62
70,56,9975.3
70,57,9974.15
70,58,9977.8
70,59,9981.92
70,60,9975.49
70,61,9977.45
70,62,9977.91
70,63,9976.28
70,64,9974.79
70,65,9973.68
70,66,9970.66
70,67,9976.21
70,68,9976.82
70,69,9975.85
70,70,9977.01
70,71,9977.88
70,72,9972.17
70,73,9981.01
70,74,9980.92
70,75,9978.35
70,76,9975.66
70,77,9981.22
70,78,9972.38
70,79,9981.86
70,80,9972.06
70,81,9981.64
70,82,9979.7
70,83,9975.64
70,84,9976.89
70,85,9974.32
70,86,9980.42
70,87,9971.56
70,88,9978.99
70,89,9975.02
70,90,9977.78
70,91,9977.93
70,92,9970.71
70,93,9976.85
70,94,9979.28
70,95,9981.48
70,96,9981.77
70,97,9980.02
70,98,9980.17
70,99,9976.39
80,0,9979.22
80,1,9980.4
80,2,9975.72
80,3,9977.97
80,4,9978.67
80,5,9974.86
80,6,9975.9
80,7,9972.04
80,8,9977.96
80,9,9982.44
80,10,9975.74
80,11,9976.4
80,12,9976.75
80,13,9976.4
80,14,9977.11
80,15,9979.04
80,16,9975.98
80,17,9977.16
80,18,9980.74
80,19,9977.55
80,20,9971.43
80,21,9975.37
80,22,9978.97
80,23,9972.83
80,24,9973.31
80,25,9972.16
80,26,9981.06
80,27,9977.9
80,28,9976.1
80,29,9978.98
80,30,9973.24
80,31,9982.83
80,32,9977.34
80,33,9973.22
80,34,9976.45
80,35,9981.06
80,36,9979.49
80,37,9976.92
80,38,9972.55
80,39,9971.97
80,40,9980.28
80,41,9977.87
80,42,9973.5
80,43,9975.44
80,44,9975.78
80,45,9980.55
80,46,9972.09
80,47,9981.86
80,48,9971.65
80,49,9974.52
80,50,9981.22
80,51,9982.7
80,52,9976.74
80,53,9975.27
80,54,9974.58
80,55,9976.32
80,56,9975
80,57,9973.85
80,58,9977.5
80,59,9981.62
80,60,9975.19
80,61,9977.15
80,62,9977.61
80,63,9975.98
80,64,9974.49
80,65,9973.38
80,66,9970.36
80,67,9975.91
80,68,9976.52
80,69,9975.55
80,70,9976.71
80,71,9977.58
80,72,9971.87
80,73,9980.71
80,74,9980.62
80,75,9978.05
80,76,9975.36
80,77,9980.92
80,78,9972.08
80,79,9981.56
80,80,9971.76
80,81,9981.34
80,82,9979.4
80,83,9975.34
80,84,9976.59
80,85,9974.02
80,86,9980.12
80,87,9971.26
80,88,9978.69
80,89,9974.72
80,90,9977.48
80,91,9977.63
80,92,9970.41
80,93,9976.55
80,94,9978.98
80,95,9981.18
80,96,9981.47
80,97,9979.72
80,98,9979.87
80,99,9976.09
90,0,9978.92
90,1,9980.1
90,2,9975.42
90,3,9977.67
90,4,9978.37
90,5,9974.56
90,6,9975.6
90,7,9971.74
90,8,9977.66
90,9,9982.14
90,10,9975.44
90,11,9976.1
90,12,9976.45
90,13,9976.1
90,14,9976.81
90,15,9978.74
90,16,9975.68
90,17,9976.86
90,18,9980.44
90,19,9977.25
90,20,9971.13
90,21,9975.07
90,22,9978.67
90,23,9972.53
90,24,9973.01
90,25,9971.86
90,26,9980.76
90,27,9977.6
90,28,9975.8
90,29,9978.68
90,30,9972.94
90,31,9982.53
90,32,9977.04
90,33,9972.92
90,34,9976.15
90,35,9980.76
90,36,9979.19
90,37,9976.62
90,38,9972.25
90,39,9971.67
90,40,9979.98
90,41,9977.57
90,42,9973.2
90,43,9975.14
90,44,9975.48
90,45,9980.25
90,46,9971.79
90,47,9981.56
90,48,9971.35
90,49,9974.22
90,50,9980.92
90,51,9982.4
90,52,9976.44
90,53,9974.97
90,54,9974.28
90,55,9976.02
90,56,9974.7
90,57,9973.55
90,58,9977.2
90,59,9981.32
90,60,9974.89
90,61,9976.85
90,62,9977.31
90,63,9975.68
90,64,9974.19
90,65,9973.08
90,66,9970.06
90,67,9975.61
90,68,9976.22
90,69,9975.25
90,70,9976.41
90,71,9977.28
90,72,9971.57
90,73,9980.41
90,74,9980.32
90,75,9977.75
90,76,9975.06
90,77,9980.62
90,78,9971.78
90,79,9981.26
90,80,9971.46
90,81,9981.04
90,82,9979.1
90,83,9975.04
90,84,9976.29
90,85,9973.72
90,86,9979.82
90,87,9970.96
90,88,9978.39
90,89,9974.42
90,90,9977.18
90,91,9977.33
90,92,9970.11
90,93,9976.25
90,94,9978.68
90,95,9980.88
90,96,9981.17
90,97,9979.42
90,98,9979.57
90,99,9975.79
100,0,9969.51
100,1,9971.19
100,2,9964.17
100,3,9967.87
100,4,9968.59
100,5,9962.78
100,6,9964.5
100,7,9958.65
100,8,9967.52
100,9,9974.25
100,10,9964.04
100,11,9965.19
100,12,9966.36
100,13,9965.19
100,14,9966.26
100,15,9969.15
100,16,9964.57
100,17,9966.33
100,18,9971.59
100,19,9966.92
100,20,9958.38
100,21,9963.65
100,22,9969.05
100,23,9959.84
100,24,9961.2
100,25,9958.83
100,26,9972.08
100,27,9968.07
100,28,9964.75
100,29,9969.69
100,30,9961.09
100,31,9974.84
100,32,9966.6
100,33,9960.44
100,34,9965.26
100,35,9972.17
100,36,9969.13
100,37,9965.96
100,38,9960.06
100,39,9958.25
100,40,9970.41
100,41,9968.03
100,42,9961.47
100,43,9963.75
100,44,9964.26
100,45,9972.04
100,46,9958.73
100,47,9973.38
100,48,9958.7
100,49,9962.37
100,50,9972.42
100,51,9972.22
100,52,9965.98
100,53,9963.49
100,54,9962.46
100,55,9965.07
100,56,9963.21
100,57,9961.63
100,58,9966.85
100,59,9973.01
100,60,9963.45
100,61,9966.31
100,62,9967.01
100,63,9964.55
100,64,9962.32
100,65,9961.29
100,66,9956.13
100,67,9964.47
100,68,9965.38
100,69,9964.16
100,70,9965.66
100,71,9968.02
100,72,9958.49
100,73,9971.65
100,74,9972.16
100,75,9967.75
100,76,9963.62
100,77,9971.97
100,78,9959.35
100,79,9972.92
100,80,9958.23
100,81,9972.85
100,82,9968.5
100,83,9963.63
100,84,9965.47
100,85,9961.61
100,86,9970.77
100,87,9957.47
100,88,9968.62
100,89,9962.67
100,90,9966.81
100,91,9967.14
100,92,9956.19
100,93,9965.42
100,94,9969.05
100,95,9972.37
100,96,9972.79
100,97,9970.81
100,98,9970.42
100,99,9965.03
110,0,9969.21
110,1,9970.89
110,2,9963.87
110,3,9967.57
110,4,9968.29
110,5,9962.48
110,6,9964.2
110,7,9958.35
110,8,9967.22
110,9,9973.95
110,10,9963.74
110,11,9964.89
110,12,9966.06
110,13,9964.89
110,14,9965.96
110,15,9968.85
110,16,9964.27
110,17,9966.03
110,18,9971.29
110,19,9966.62
110,20,9958.08
110,21,9963.35
110,22,9968.75
110,23,9959.54
110,24,9960.9
110,25,9958.53
110,26,9971.78
110,27,9967.77
110,28,9964.45
110,29,9969.39
110,30,9960.79
110,31,9974.54
110,32,9966.3
110,33,9960.14
110,34,9964.96
110,35,9971.87
110,36,9968.83
110,37,9965.66
110,38,9959.76
110,39,9957.95
110,40,9970.11
110,41,9967.73
110,42,9961.17
110,43,9963.45
110,44,9963.96
110,45,9971.74
110,46,9958.43
110,47,9973.08
110,48,9958.4
110,49,9962.07
110,50,9972.12
110,51,9971.92
110,52,9965.68
110,53,9963.19
110,54,9962.16
110,55,9964.77
110,56,9962.91
110,57,9961.33
110,58,9966.55
110,59,9972.71
110,60,9963.15
110,61,9966.01
110,62,9966.71
110,63,9964.25
110,64,9962.02
110,65,9960.99
110,66,9955.83
110,67,9964.17
110,68,9965.08
110,69,9963.86
110,70,9965.36
110,71,9967.72
110,72,9958.19
110,73,9971.35
110,74,9971.86
110,75,9967.45
110,76,9963.32
110,77,9971.67
110,78,9959.05
110,79,9972.62
110,80,9957.93
110,81,9972.55
110,82,9968.2
110,83,9963.33
110,84,9965.17
110,85,9961.31
110,86,9970.47
110,87,9957.17
110,88,9968.32
110,89,9962.37
110,90,9966.51
110,91,9966.84
110,92,9955.9
110,93,9965.12
110,94,9968.75
110,95,9972.07
110,96,9972.49
110,97,9970.51
110,98,9970.12
110,99,9964.73
120,0,9968.91
120,1,9970.59
120,2,9963.57
120,3,9967.27
120,4,9967.99
120,5,9962.18
120,6,9963.9
120,7,9958.05
120,8,9966.92
120,9,9973.65
120,10,9963.44
120,11,9964.59
120,12,9965.76
120,13,9964.59
120,14,9965.66
120,15,9968.55
120,16,9963.97
120,17,9965.73
120,18,9970.99
120,19,9966.32
120,20,9957.78
120,21,9963.05
120,22,9968.45
120,23,9959.24
120,24,9960.6
120,25,9958.23
120,26,9971.48
120,27,9967.47
120,28,9964.15
120,29,9969.09
120,30,9960.49
120,31,9974.24
120,32,9966
120,33,9959.84
120,34,9964.66
120,35,9971.57
120,36,9968.53
120,37,9965.36
120,38,9959.46
120,39,9957.65
120,40,9969.81
120,41,9967.43
120,42,9960.87
120,43,9963.15
120,44,9963.66
120,45,9971.44
120,46,9958.13
120,47,9972.78
120,48,9958.1
120,49,9961.77
120,50,9971.82
120,51,9971.62
120,52,9965.38
120,53,9962.89
120,54,9961.86
120,55,9964.47
120,56,9962.61
120,57,9961.03
120,58,9966.25
120,59,9972.41
120,60,9962.85
120,61,9965.71
120,62,9966.41
120,63,9963.95
120,64,9961.72
120,65,9960.69
120,66,9955.53
120,67,9963.87
120,68,9964.78
120,69,9963.56
120,70,9965.06
120,71,9967.42
120,72,9957.89
120,73,9971.05
120,74,9971.56
120,75,9967.15
120,76,9963.02
120,77,9971.37
120,78,9958.75
120,79,9972.32
120,80,9957.63
120,81,9972.25
120,82,9967.9
120,83,9963.03
120,84,9964.87
120,85,9961.01
120,86,9970.17
120,87,9956.87
120,88,9968.02
120,89,9962.07
120,90,9966.21
120,91,9966.54
120,92,9955.6
120,93,9964.82
120,94,9968.45
120,95,9971.77
120,96,9972.19
120,97,9970.21
120,98,9969.82
120,99,9964.43
130,0,9959.54
130,1,9961.68
130,2,9952.31
130,3,9957.89
130,4,9958.21
130,5,9952.12
130,6,9952.8
130,7,9944.96
130,8,9956.79
130,9,9965.76
130,10,9952.04
130,11,9953.68
130,12,9955.67
130,13,9953.68
130,14,9955.11
130,15,9958.97
130,16,9952.85
130,17,9955.21
130,18,9962.34
130,19,9955.99
130,20,9945.03
130,21,9951.62
130,22,9958.83
130,23,9946.55
130,24,9949.23
130,25,9945.19
130,26,9962.7
130,27,9957.95
130,28,9953.1
130,29,9960.1
130,30,9948.64
130,31,9966.54
130,32,9955.56
130,33,9947.74
130,34,9953.78
130,35,9962.99
130,36,9958.47
130,37,9954.7
130,38,9947.26
130,39,9944.34
130,40,9960.23
130,41,9957.97
130,42,9949.15
130,43,9951.75
130,44,9952.44
130,45,9963.39
130,46,9945.06
130,47,9964.51
130,48,9945.45
130,49,9949.92
130,50,9963.32
130,51,9961.44
130,52,9954.82
130,53,9951.41
130,54,9950.05
130,55,9953.52
130,56,9951.12
130,57,9949
130,58,9955.89
130,59,9964.11
130,60,9951.33
130,61,9955.17
130,62,9956.11
130,63,9952.83
130,64,9949.85
130,65,9948.91
130,66,9941.58
130,67,9952.72
130,68,9954.09
130,69,9952.38
130,70,9954.67
130,71,9958.17
130,72,9944.84
130,73,9962.29
130,74,9963.4
130,75,9957.16
130,76,9951.59
130,77,9962.72
130,78,9946.32
130,79,9964
130,80,9944.41
130,81,9963.97
130,82,9957.75
130,83,9951.97
130,84,9954.05
130,85,9948.9
130,86,9961.12
130,87,9943.38
130,88,9958.25
130,89,9950.32
130,90,9955.83
130,91,9955.89
130,92,9941.67
130,93,9953.98
130,94,9958.83
130,95,9963.25
130,96,9963.81
130,97,9961.59
130,98,9961.03
130,99,9953.57
140,0,9959.24
140,1,9961.38
140,2,9952.01
140,3,9957.59
140,4,9957.91
140,5,9951.82
140,6,9952.5
140,7,9944.66
140,8,9956.49
140,9,9965.46
140,10,9951.74
140,11,9953.38
140,12,9955.37
140,13,9953.38
140,14,9954.81
140,15,9958.67
140,16,9952.55
140,17,9954.91
140,18,9962.04
140,19,9955.69
140,20,9944.73
140,21,9951.32
140,22,9958.53
140,23,9946.25
140,24,9948.93
140,25,9944.89
140,26,9962.4
140,27,9957.65
140,28,9952.8
140,29,9959.8
140,30,9948.34
140,31,9966.24
140,32,9955.26
140,33,9947.44
140,34,9953.48
140,35,9962.69
140,36,9958.17
140,37,9954.4
140,38,9946.96
140,39,9944.04
140,40,9959.93
140,41,9957.67
140,42,9948.85
140,43,9951.45
140,44,9952.14
140,45,9963.09
140,46,9944.77
140,47,9964.21
140,48,9945.15
140,49,9949.62
140,50,9963.02
140,51,9961.14
140,52,9954.52
140,53,9951.11
140,54,9949.75
140,55,9953.22
140,56,9950.82
140,57,9948.7
140,58,9955.59
140,59,9963.81
140,60,9951.03
140,61,9954.87
140,62,9955.81
140,63,9952.53
140,64,9949.55
140,65,9948.61
140,66,9941.3
140,67,9952.42
140,68,9953.79
140,69,9952.08
140,70,9954.37
140,71,9957.87
140,72,9944.55
140,73,9961.99
140,74,9963.1
140,75,9956.86
140,76,9951.29
140,77,9962.42
140,78,9946.02
140,79,9963.7
140,80,9944.11
140,81,9963.67
140,82,9957.45
140,83,9951.67
140,84,9953.75
140,85,9948.6
140,86,9960.82
140,87,9943.09
140,88,9957.95
140,89,9950.02
140,90,9955.53
140,91,9955.59
140,92,9941.4
140,93,9953.68
140,94,9958.53
140,95,9962.95
140,96,9963.51
140,97,9961.29
140,98,9960.73
140,99,9953.27
150,0,9958.94
150,1,9961.08
150,2,9951.71
150,3,9957.29
150,4,9957.61
150,5,9951.52
150,6,9952.2
150,7,9944.36
150,8,9956.19
150,9,9965.16
150,10,9951.44
150,11,9953.08
150,12,9955.07
150,13,9953.08
150,14,9954.51
150,15,9958.37
150,16,9952.25
150,17,9954.61
150,18,9961.74
150,19,9955.39
150,20,9944.43
150,21,9951.02
150,22,9958.23
150,23,9945.95
150,24,9948.63
150,25,9944.59
150,26,9962.1
150,27,9957.35
150,28,9952.5
150,29,9959.5
150,30,9948.04
150,31,9965.94
150,32,9954.96
150,33,9947.14
150,34,9953.18
150,35,9962.39
150,36,9957.87
150,37,9954.1
150,38,9946.66
150,39,9943.74
150,40,9959.63
150,41,9957.37
150,42,9948.55
150,43,9951.15
150,44,9951.84
150,45,9962.79
150,46,9944.47
150,47,9963.91
150,48,9944.85
150,49,9949.32
150,50,9962.72
150,51,9960.84
150,52,9954.22
150,53,9950.81
150,54,9949.45
150,55,9952.92
150,56,9950.52
150,57,9948.4
150,58,9955.29
150,59,9963.51
150,60,9950.73
150,61,9954.57
150,62,9955.51
150,63,9952.23
150,64,9949.25
150,65,9948.31
150,66,9941
150,67,9952.12
150,68,9953.49
150,69,9951.78
150,70,9954.07
150,71,9957.57
150,72,9944.25
150,73,9961.69
150,74,9962.8
150,75,9956.56
150,76,9950.99
150,77,9962.12
150,78,9945.72
150,79,9963.4
150,80,9943.81
150,81,9963.37
150,82,9957.15
150,83,9951.37
150,84,9953.45
150,85,9948.3
150,86,9960.52
150,87,9942.79
150,88,9957.65
150,89,9949.72
150,90,9955.23
150,91,9955.29
150,92,9941.1
150,93,9953.38
150,94,9958.23
150,95,9962.65
150,96,9963.21
150,97,9960.99
150,98,9960.43
150,99,9952.97
160,0,9949.56
160,1,9951.77
160,2,9940.46
160,3,9948.56
160,4,9947.84
160,5,9941.47
160,6,9941.1
160,7,9931.26
160,8,9946.05
160,9,9957.36
160,10,9940.04
160,11,9942.17
160,12,9944.98
160,13,9942.17
160,14,9942.17
160,15,9948.79
160,16,9941.86
160,17,9944.08
160,18,9949.63
160,19,9945.09
160,20,9931.67
160,21,9939.6
160,22,9948.61
160,23,9933.24
160,24,9936.81
160,25,9931.54
160,26,9950.52
160,27,9947.81
160,28,9941.44
160,29,9949.4
160,30,9936.19
160,31,9954.94
160,32,9944.52
160,33,9934.59
160,34,9942.29
160,35,9953.8
160,36,9947.81
160,37,9944.31
160,38,9934.45
160,39,9928.99
160,40,9950.06
160,41,9947.67
160,42,9936.82
160,43,9939.91
160,44,9940.62
160,45,9952.3
160,46,9930.56
160,47,9953.3
160,48,9932.19
160,49,9937.46
160,50,9954.23
160,51,9950.66
160,52,9943.7
160,53,9939.32
160,54,9937.62
160,55,9941.98
160,56,9939.03
160,57,9936.41
160,58,9944.94
160,59,9953.9
160,60,9939.7
160,61,9944.03
160,62,9945.21
160,63,9941.11
160,64,9937.38
160,65,9936.53
160,66,9927.04
160,67,9940.97
160,68,9942.64
160,69,9940.63
160,70,9943.71
160,71,9948.16
160,72,9931.18
160,73,9953.16
160,74,9953.12
160,75,9946.57
160,76,9939.55
160,77,9949.91
160,78,9933.28
160,79,9953.26
160,80,9930.57
160,81,9955.12
160,82,9946.55
160,83,9939.89
160,84,9942.63
160,85,9936.19
160,86,9951.47
160,87,9929.28
160,88,9947.88
160,89,9937.98
160,90,9942.64
160,91,9944.61
160,92,9927.15
160,93,9942.55
160,94,9949.1
160,95,9954.14
160,96,9954.81
160,97,9947.91
160,98,9951.22
160,99,9942.14
170,0,9949.26
170,1,9951.47
170,2,9940.16
170,3,9948.26
170,4,9947.54
170,5,9941.17
170,6,9940.8
170,7,9930.97
170,8,9945.75
170,9,9957.06
170,10,9939.74
170,11,9941.87
170,12,9944.68
170,13,9941.87
170,14,9941.88
170,15,9948.49
170,16,9941.56
170,17,9943.78
170,18,9949.35
170,19,9944.79
170,20,9931.38
170,21,9939.3
170,22,9948.31
170,23,9932.96
170,24,9936.51
170,25,9931.26
170,26,9950.22
170,27,9947.51
170,28,9941.15
170,29,9949.1
170,30,9935.9
170,31,9954.64
170,32,9944.23
170,33,9934.3
170,34,9941.99
170,35,9953.5
170,36,9947.51
170,37,9944.01
170,38,9934.16
170,39,9928.72
170,40,9949.76
170,41,9947.37
170,42,9936.53
170,43,9939.62
170,44,9940.32
170,45,9952
170,46,9930.29
170,47,9953
170,48,9931.91
170,49,9937.17
170,50,9953.93
170,51,9950.36
170,52,9943.4
170,53,9939.03
170,54,9937.33
170,55,9941.68
170,56,9938.74
170,57,9936.11
170,58,9944.64
170,59,9953.6
170,60,9939.4
170,61,9943.73
170,62,9944.91
170,63,9940.81
170,64,9937.08
170,65,9936.23
170,66,9926.77
170,67,9940.67
170,68,9942.34
170,69,9940.34
170,70,9943.41
170,71,9947.86
170,72,9930.9
170,73,9952.86
170,74,9952.82
170,75,9946.27
170,76,9939.27
170,77,9949.63
170,78,9932.99
170,79,9952.96
170,80,9930.29
170,81,9954.82
170,82,9946.25
170,83,9939.59
170,84,9942.33
170,85,9935.9
170,86,9951.17
170,87,9929.01
170,88,9947.58
170,89,9937.68
170,90,9942.35
170,91,9944.31
170,92,9926.9
170,93,9942.25
170,94,9948.8
170,95,9953.84
170,96,9954.51
170,97,9947.62
170,98,9950.92
170,99,9941.84
180,0,9948.96
180,1,9951.17
180,2,9939.86
180,3,9947.96
180,4,9947.24
180,5,9940.87
180,6,9940.5
180,7,9930.67
180,8,9945.45
180,9,9956.76
180,10,9939.44
180,11,9941.57
180,12,9944.38
180,13,9941.57
180,14,9941.58
180,15,9948.19
180,16,9941.26
180,17,9943.48
180,18,9949.05
180,19,9944.49
180,20,9931.08
180,21,9939
180,22,9948.01
180,23,9932.66
180,24,9936.21
180,25,9930.96
180,26,9949.92
180,27,9947.21
180,28,9940.85
180,29,9948.8
180,30,9935.6
180,31,9954.34
180,32,9943.93
180,33,9934
180,34,9941.69
180,35,9953.2
180,36,9947.21
180,37,9943.71
180,38,9933.86
180,39,9928.42
180,40,9949.46
180,41,9947.07
180,42,9936.23
180,43,9939.32
180,44,9940.02
180,45,9951.7
180,46,9929.99
180,47,9952.7
180,48,9931.61
180,49,9936.87
180,50,9953.63
180,51,9950.06
180,52,9943.1
180,53,9938.73
180,54,9937.03
180,55,9941.38
180,56,9938.44
180,57,9935.81
180,58,9944.34
180,59,9953.3
180,60,9939.1
180,61,9943.43
180,62,9944.61
180,63,9940.51
180,64,9936.78
180,65,9935.93
180,66,9926.47
180,67,9940.37
180,68,9942.04
180,69,9940.04
180,70,9943.11
180,71,9947.56
180,72,9930.6
180,73,9952.56
180,74,9952.52
180,75,9945.97
180,76,9938.97
180,77,9949.33
180,78,9932.69
180,79,9952.66
180,80,9929.99
180,81,9954.52
180,82,9945.95
180,83,9939.29
180,84,9942.03
180,85,9935.6
180,86,9950.87
180,87,9928.71
180,88,9947.28
180,89,9937.38
180,90,9942.05
180,91,9944.01
180,92,9926.6
180,93,9941.95
180,94,9948.5
180,95,9953.54
180,96,9954.21
180,97,9947.32
180,98,9950.62
180,99,9941.54
190,0,9939.59
190,1,9941.86
190,2,9928.6
190,3,9939.24
190,4,9937.46
190,5,9930.82
190,6,9929.39
190,7,9917.56
190,8,9935.31
190,9,9948.96
190,10,9928.03
190,11,9930.65
190,12,9934.28
190,13,9930.65
190,14,9929.22
190,15,9938.6
190,16,9930.53
190,17,9932.94
190,18,9936.93
190,19,9934.17
190,20,9918.3
190,21,9927.57
190,22,9938.39
190,23,9919.94
190,24,9924.4
190,25,9917.89
190,26,9938.32
190,27,9937.68
190,28,9929.77
190,29,9938.68
190,30,9923.73
190,31,9943.32
190,32,9933.47
190,33,9921.91
190,34,9930.8
190,35,9944.62
190,36,9937.15
190,37,9933.91
190,38,9921.64
190,39,9913.67
190,40,9939.87
190,41,9937.36
190,42,9924.48
190,43,9928.06
190,44,9928.8
190,45,9941.37
190,46,9916.08
190,47,9942.07
190,48,9918.93
190,49,9925
190,50,9945.13
190,51,9939.88
190,52,9932.55
190,53,9927.22
190,54,9925.19
190,55,9930.43
190,56,9926.92
190,57,9923.8
190,58,9933.98
190,59,9943.69
190,60,9928.06
190,61,9932.88
190,62,9934.31
190,63,9929.37
190,64,9924.9
190,65,9924.15
190,66,9912.5
190,67,9929.21
190,68,9931.18
190,69,9928.86
190,70,9932.73
190,71,9938.15
190,72,9917.52
190,73,9944.03
190,74,9942.83
190,75,9935.98
190,76,9927.5
190,77,9937.1
190,78,9920.23
190,79,9942.52
190,80,9916.73
190,81,9946.26
190,82,9935.34
190,83,9927.8
190,84,9931.2
190,85,9923.47
190,86,9941.83
190,87,9915.18
190,88,9937.51
190,89,9925.62
190,90,9929.44
190,91,9933.35
190,92,9912.64
190,93,9931.1
190,94,9939.37
190,95,9945.02
190,96,9945.84
190,97,9934.22
190,98,9941.4
190,99,9930.68
200,0,9939.29
200,1,9941.56
200,2,9928.31
200,3,9938.94
200,4,9937.16
200,5,9930.52
200,6,9929.1
200,7,9917.28
200,8,9935.02
200,9,9948.66
200,10,9927.74
200,11,9930.36
200,12,9933.98
200,13,9930.37
200,14,9928.94
200,15,9938.3
200,16,9930.25
200,17,9932.66
200,18,9936.66
200,19,9933.89
200,20,9918.03
200,21,9927.28
200,22,9938.09
200,23,9919.68
200,24,9924.1
200,25,9917.63
200,26,9938.04
200,27,9937.38
200,28,9929.49
200,29,9938.39
200,30,9923.45
200,31,9943.04
200,32,9933.19
200,33,9921.63
200,34,9930.51
200,35,9944.32
200,36,9936.85
200,37,9933.62
200,38,9921.37
200,39,9913.42
200,40,9939.58
200,41,9937.07
200,42,9924.2
200,43,9927.78
200,44,9928.51
200,45,9941.07
200,46,9915.82
200,47,9941.79
200,48,9918.66
200,49,9924.72
200,50,9944.83
200,51,9939.59
200,52,9932.26
200,53,9926.95
200,54,9924.92
200,55,9930.13
200,56,9926.65
200,57,9923.51
200,58,9933.68
200,59,9943.4
200,60,9927.78
200,61,9932.59
200,62,9934.01
200,63,9929.09
200,64,9924.62
200,65,9923.85
200,66,9912.24
200,67,9928.93
200,68,9930.9
200,69,9928.58
200,70,9932.44
200,71,9937.86
200,72,9917.26
200,73,9943.73
200,74,9942.54
200,75,9935.68
200,76,9927.24
200,77,9936.83
200,78,9919.96
200,79,9942.23
200,80,9916.46
200,81,9945.96
200,82,9935.06
200,83,9927.51
200,84,9930.91
200,85,9923.19
200,86,9941.53
200,87,9914.92
200,88,9937.21
200,89,9925.33
200,90,9929.17
200,91,9933.05
200,92,9912.39
200,93,9930.81
200,94,9939.07
200,95,9944.72
200,96,9945.54
200,97,9933.95
200,98,9941.1
200,99,9930.4
210,0,9938.99
210,1,9941.26
210,2,9928.01
210,3,9938.64
210,4,9936.86
210,5,9930.22
210,6,9928.8
210,7,9916.98
210,8,9934.72
210,9,9948.36
210,10,9927.44
210,11,9930.06
210,12,9933.68
210,13,9930.07
210,14,9928.64
210,15,9938
210,16,9929.95
210,17,9932.36
210,18,9936.36
210,19,9933.59
210,20,9917.73
210,21,9926.98
210,22,9937.79
210,23,9919.38
210,24,9923.8
210,25,9917.33
210,26,9937.74
210,27,9937.08
210,28,9929.19
210,29,9938.09
210,30,9923.15
210,31,9942.74
210,32,9932.89
210,33,9921.33
210,34,9930.21
210,35,9944.02
210,36,9936.55
210,37,9933.32
210,38,9921.07
210,39,9913.12
210,40,9939.28
210,41,9936.77
210,42,9923.9
210,43,9927.48
210,44,9928.21
210,45,9940.77
210,46,9915.52
210,47,9941.49
210,48,9918.36
210,49,9924.42
210,50,9944.53
210,51,9939.29
210,52,9931.96
210,53,9926.65
210,54,9924.62
210,55,9929.83
210,56,9926.35
210,57,9923.21
210,58,9933.38
210,59,9943.1
210,60,9927.48
210,61,9932.29
210,62,9933.71
210,63,9928.79
210,64,9924.32
210,65,9923.55
210,66,9911.94
210,67,9928.63
210,68,9930.6
210,69,9928.28
210,70,9932.14
210,71,9937.56
210,72,9916.96
210,73,9943.43
210,74,9942.24
210,75,9935.38
210,76,9926.94
210,77,9936.53
210,78,9919.66
210,79,9941.93
210,80,9916.16
210,81,9945.66
210,82,9934.76
210,83,9927.21
210,84,9930.61
210,85,9922.89
210,86,9941.23
210,87,9914.62
210,88,9936.91
210,89,9925.03
210,90,9928.87
210,91,9932.75
210,92,9912.09
210,93,9930.51
210,94,9938.77
210,95,9944.42
210,96,9945.24
210,97,9933.65
210,98,9940.8
210,99,9930.1
220,0,9929.44
220,1,9932.37
220,2,9916.74
220,3,9929.47
220,4,9927.07
220,5,9918.54
220,6,9917.62
220,7,9903.85
220,8,9924.57
220,9,9940.48
220,10,9916.21
220,11,9919.13
220,12,9923.59
220,13,9919.13
220,14,9918.08
220,15,9928.41
220,16,9918.8
220,17,9921.81
220,18,9927.64
220,19,9923.23
220,20,9904.94
220,21,9915.54
220,22,9928.17
220,23,9906.64
220,24,9911.99
220,25,9904.25
220,26,9929.18
220,27,9927.54
220,28,9918.11
220,29,9929.09
220,30,9911.27
220,31,9935.05
220,32,9922.42
220,33,9908.7
220,34,9919.3
220,35,9935.43
220,36,9927.2
220,37,9922.63
220,38,9908.83
220,39,9899.95
220,40,9930.3
220,41,9927.21
220,42,9912.15
220,43,9916.05
220,44,9916.97
220,45,9932.57
220,46,9902.41
220,47,9933.31
220,48,9905.66
220,49,9912.53
220,50,9936.03
220,51,9931.52
220,52,9921.2
220,53,9915.13
220,54,9912.76
220,55,9918.87
220,56,9914.7
220,57,9911
220,58,9923.01
220,59,9934.79
220,60,9915.92
220,61,9921.72
220,62,9923.39
220,63,9917.64
220,64,9912.42
220,65,9911.77
220,66,9897.96
220,67,9917.45
220,68,9919.73
220,69,9916.91
220,70,9921.36
220,71,9928.28
220,72,9903.7
220,73,9934.67
220,74,9934.07
220,75,9925.24
220,76,9915.46
220,77,9927.87
220,78,9907.19
220,79,9933.6
220,80,9902.89
220,81,9937.22
220,82,9926.53
220,83,9915.64
220,84,9919.76
220,85,9910.75
220,86,9932.18
220,87,9901.09
220,88,9927.12
220,89,9913.26
220,90,9918.48
220,91,9922.41
220,92,9898.12
220,93,9919.65
220,94,9929.13
220,95,9935.91
220,96,9936.87
220,97,9925.03
220,98,9931.51
220,99,9919.01
230,0,9929.16
230,1,9932.07
230,2,9916.46
230,3,9929.17
230,4,9926.78
230,5,9918.26
230,6,9917.35
230,7,9903.59
230,8,9924.29
230,9,9940.18
230,10,9915.94
230,11,9918.86
230,12,9923.29
230,13,9918.86
230,14,9917.79
230,15,9928.12
230,16,9918.54
230,17,9921.53
230,18,9927.35
230,19,9922.95
230,20,9904.68
230,21,9915.26
230,22,9927.88
230,23,9906.39
230,24,9911.69
230,25,9904
230,26,9928.89
230,27,9927.25
230,28,9917.84
230,29,9928.8
230,30,9911
230,31,9934.75
230,32,9922.15
230,33,9908.44
230,34,9919.02
230,35,9935.13
230,36,9926.92
230,37,9922.37
230,38,9908.57
230,39,9899.7
230,40,9930.01
230,41,9926.93
230,42,9911.88
230,43,9915.79
230,44,9916.69
230,45,9932.27
230,46,9902.16
230,47,9933.01
230,48,9905.41
230,49,9912.27
230,50,9935.73
230,51,9931.22
230,52,9920.93
230,53,9914.87
230,54,9912.5
230,55,9918.59
230,56,9914.44
230,57,9910.73
230,58,9922.73
230,59,9934.49
230,60,9915.66
230,61,9921.45
230,62,9923.11
230,63,9917.36
230,64,9912.15
230,65,9911.47
230,66,9897.72
230,67,9917.18
230,68,9919.45
230,69,9916.65
230,70,9921.09
230,71,9928.01
230,72,9903.45
230,73,9934.37
230,74,9933.78
230,75,9924.96
230,76,9915.21
230,77,9927.58
230,78,9906.93
230,79,9933.3
230,80,9902.64
230,81,9936.92
230,82,9926.23
230,83,9915.36
230,84,9919.48
230,85,9910.49
230,86,9931.88
230,87,9900.84
230,88,9926.84
230,89,9912.98
230,90,9918.19
230,91,9922.13
230,92,9897.89
230,93,9919.38
230,94,9928.84
230,95,9935.61
230,96,9936.57
230,97,9924.74
230,98,9931.21
230,99,9918.74
240,0,9928.86
240,1,9931.77
240,2,9916.16
240,3,9928.87
240,4,9926.48
240,5,9917.96
240,6,9917.05
240,7,9903.29
240,8,9923.99
240,9,9939.88
240,10,9915.64
240,11,9918.56
240,12,9922.99
240,13,9918.56
240,14,9917.49
240,15,9927.82
240,16,9918.24
240,17,9921.23
240,18,9927.05
240,19,9922.65
240,20,9904.38
240,21,9914.96
240,22,9927.58
240,23,9906.09
240,24,9911.39
240,25,9903.7
240,26,9928.59
240,27,9926.95
240,28,9917.54
240,29,9928.5
240,30,9910.7
240,31,9934.45
240,32,9921.85
240,33,9908.14
240,34,9918.72
240,35,9934.83
240,36,9926.62
240,37,9922.07
240,38,9908.27
240,39,9899.4
240,40,9929.71
240,41,9926.63
240,42,9911.58
240,43,9915.49
240,44,9916.39
240,45,9931.97
240,46,9901.86
240,47,9932.71
240,48,9905.11
240,49,9911.97
240,50,9935.43
240,51,9930.92
240,52,9920.63
240,53,9914.57
240,54,9912.2
240,55,9918.29
240,56,9914.14
240,57,9910.43
240,58,9922.43
240,59,9934.19
240,60,9915.36
240,61,9921.15
240,62,9922.81
240,63,9917.06
240,64,9911.85
240,65,9911.17
240,66,9897.42
240,67,9916.88
240,68,9919.15
240,69,9916.35
240,70,9920.79
240,71,9927.71
240,72,9903.15
240,73,9934.07
240,74,9933.48
240,75,9924.66
240,76,9914.91
240,77,9927.28
240,78,9906.63
240,79,9933
240,80,9902.34
240,81,9936.62
240,82,9925.93
240,83,9915.06
240,84,9919.18
240,85,9910.19
240,86,9931.58
240,87,9900.54
240,88,9926.54
240,89,9912.68
240,90,9917.89
240,91,9921.83
240,92,9897.59
240,93,9919.08
240,94,9928.54
240,95,9935.31
240,96,9936.27
240,97,9924.44
240,98,9930.91
240,99,9918.44
250,0,9919.43
250,1,9922.84
250,2,9904.88
250,3,9919.07
250,4,9916.68
250,5,9906.14
250,6,9905.9
250,7,9890.15
250,8,9913.82
250,9,9931.98
250,10,9904.2
250,11,9907.61
250,12,9912.88
250,13,9907.61
250,14,9906.91
250,15,9918.22
250,16,9907.07
250,17,9910.67
250,18,9918.17
250,19,9912.28
250,20,9891.57
250,21,9903.5
250,22,9917.94
250,23,9893.34
250,24,9899.58
250,25,9890.6
250,26,9919.88
250,27,9917.4
250,28,9906.44
250,29,9919.49
250,30,9898.81
250,31,9926.74
250,32,9911.37
250,33,9895.6
250,34,9907.8
250,35,9926.23
250,36,9916.53
250,37,9911.36
250,38,9896.02
250,39,9885.93
250,40,9920.1
250,41,9917.07
250,42,9899.81
250,43,9904.04
250,44,9905.14
250,45,9923.76
250,46,9888.74
250,47,9924.52
250,48,9892.4
250,49,9900.07
250,50,9926.92
250,51,9920.71
250,52,9910.12
250,53,9903.04
250,54,9900.33
250,55,9907.31
250,56,9902.6
250,57,9898.46
250,58,9912.04
250,59,9925.87
250,60,9903.87
250,61,9910.57
250,62,9912.48
250,63,9905.9
250,64,9899.94
250,65,9899.37
250,66,9883.42
250,67,9905.69
250,68,9908.27
250,69,9905.21
250,70,9910
250,71,9918.41
250,72,9890.02
250,73,9925.29
250,74,9925.3
250,75,9914.64
250,76,9903.42
250,77,9918.61
250,78,9894.15
250,79,9924.66
250,80,9889.06
250,81,9928.42
250,82,9915.3
250,83,9903.6
250,84,9908.33
250,85,9898.04
250,86,9922.52
250,87,9886.99
250,88,9916.74
250,89,9900.9
250,90,9907.49
250,91,9911.61
250,92,9883.61
250,93,9908.2
250,94,9918.89
250,95,9926.78
250,96,9927.88
250,97,9915.81
250,98,9921.74
250,99,9907.63
260,0,9919.16
260,1,9922.56
260,2,9904.61
260,3,9918.77
260,4,9916.41
260,5,9905.88
260,6,9905.65
260,7,9889.9
260,8,9913.55
260,9,9931.69
260,10,9903.93
260,11,9907.35
260,12,9912.6
260,13,9907.36
260,14,9906.64
260,15,9917.93
260,16,9906.83
260,17,9910.41
260,18,9917.9
260,19,9912.02
260,20,9891.33
260,21,9903.24
260,22,9917.66
260,23,9893.1
260,24,9899.29
260,25,9890.37
260,26,9919.6
260,27,9917.13
260,28,9906.19
260,29,9919.22
260,30,9898.56
260,31,9926.45
260,32,9911.12
260,33,9895.35
260,34,9907.54
260,35,9925.95
260,36,9916.26
260,37,9911.11
260,38,9895.78
260,39,9885.69
260,40,9919.84
260,41,9916.8
260,42,9899.56
260,43,9903.8
260,44,9904.87
260,45,9923.46
260,46,9888.5
260,47,9924.23
260,48,9892.17
260,49,9899.82
260,50,9926.64
260,51,9920.45
260,52,9909.86
260,53,9902.79
260,54,9900.09
260,55,9907.04
260,56,9902.35
260,57,9898.2
260,58,9911.78
260,59,9925.59
260,60,9903.62
260,61,9910.31
260,62,9912.21
260,63,9905.64
260,64,9899.69
260,65,9899.09
260,66,9883.19
260,67,9905.44
260,68,9908.01
260,69,9904.96
260,70,9909.75
260,71,9918.15
260,72,9889.78
260,73,9925.01
260,74,9925.02
260,75,9914.37
260,76,9903.18
260,77,9918.33
260,78,9893.9
260,79,9924.37
260,80,9888.81
260,81,9928.13
260,82,9915.04
260,83,9903.34
260,84,9908.06
260,85,9897.79
260,86,9922.24
260,87,9886.76
260,88,9916.47
260,89,9900.63
260,90,9907.22
260,91,9911.34
260,92,9883.39
260,93,9907.95
260,94,9918.62
260,95,9926.49
260,96,9927.6
260,97,9915.52
260,98,9921.46
260,99,9907.38
270,0,9918.86
270,1,9922.26
270,2,9904.31
270,3,9918.47
270,4,9916.11
270,5,9905.58
270,6,9905.35
270,7,9889.6
270,8,9913.25
270,9,9931.39
270,10,9903.63
270,11,9907.05
270,12,9912.3
270,13,9907.06
270,14,9906.34
270,15,9917.63
270,16,9906.53
270,17,9910.11
270,18,9917.6
270,19,9911.72
270,20,9891.03
270,21,9902.94
270,22,9917.36
270,23,9892.8
270,24,9898.99
270,25,9890.07
270,26,9919.3
270,27,9916.83
270,28,9905.89
270,29,9918.92
270,30,9898.26
270,31,9926.15
270,32,9910.82
270,33,9895.05
270,34,9907.24
270,35,9925.65
270,36,9915.96
270,37,9910.81
270,38,9895.48
270,39,9885.39
270,40,9919.54
270,41,9916.5
270,42,9899.26
270,43,9903.5
270,44,9904.57
270,45,9923.16
270,46,9888.2
270,47,9923.93
270,48,9891.87
270,49,9899.52
270,50,9926.34
270,51,9920.15
270,52,9909.56
270,53,9902.49
270,54,9899.79
270,55,9906.74
270,56,9902.05
270,57,9897.9
270,58,9911.48
270,59,9925.29
270,60,9903.32
270,61,9910.01
270,62,9911.91
270,63,9905.34
270,64,9899.39
270,65,9898.79
270,66,9882.89
270,67,9905.14
270,68,9907.71
270,69,9904.66
270,70,9909.45
270,71,9917.85
270,72,9889.48
270,73,9924.71
270,74,9924.72
270,75,9914.07
270,76,9902.88
270,77,9918.03
270,78,9893.6
270,79,9924.07
270,80,9888.51
270,81,9927.83
270,82,9914.74
270,83,9903.04
270,84,9907.76
270,85,9897.49
270,86,9921.94
270,87,9886.46
270,88,9916.17
270,89,9900.33
270,90,9906.92
270,91,9911.04
270,92,9883.09
270,93,9907.65
270,94,9918.32
270,95,9926.19
270,96,9927.3
270,97,9915.22
270,98,9921.16
270,99,9907.08
280,0,9909.36
280,1,9913.32
280,2,9893.01
280,3,9908.67
280,4,9906.29
280,5,9893.79
280,6,9894.14
280,7,9876.45
280,8,9903.07
280,9,9923.48
280,10,9892.18
280,11,9896.09
280,12,9902.18
280,13,9896.09
280,14,9895.75
280,15,9908.02
280,16,9895.34
280,17,9899.53
280,18,9908.76
280,19,9901.34
280,20,9878.21
280,21,9891.47
280,22,9907.71
280,23,9881.07
280,24,9887.15
280,25,9876.95
280,26,9910.63
280,27,9907.25
280,28,9894.77
280,29,9909.89
280,30,9886.35
280,31,9918.43
280,32,9900.32
280,33,9882.56
280,34,9896.3
280,35,9917.03
280,36,9906.5
280,37,9900.09
280,38,9883.22
280,39,9872.2
280,40,9910.52
280,41,9906.92
280,42,9887.48
280,43,9892.03
280,44,9893.31
280,45,9914.96
280,46,9877.07
280,47,9915.73
280,48,9879.14
280,49,9887.61
280,50,9917.81
280,51,9909.92
280,52,9898.77
280,53,9890.94
280,54,9887.9
280,55,9895.75
280,56,9890.38
280,57,9885.66
280,58,9901.07
280,59,9916.96
280,60,9891.81
280,61,9899.42
280,62,9901.57
280,63,9894.17
280,64,9887.46
280,65,9886.98
280,66,9870.87
280,67,9893.92
280,68,9896.81
280,69,9893.26
280,70,9898.64
280,71,9908.55
280,72,9876.28
280,73,9915.92
280,74,9916.53
280,75,9903.98
280,76,9891.38
280,77,9909.34
280,78,9881.1
280,79,9915.72
280,80,9875.22
280,81,9919.37
280,82,9904.09
280,83,9891.63
280,84,9896.89
280,85,9885.32
280,86,9912.86
280,87,9872.9
280,88,9906.35
280,89,9888.54
280,90,9896.5
280,91,9900.76
280,92,9870.1
280,93,9896.75
280,94,9908.65
280,95,9917.65
280,96,9918.9
280,97,9906.58
280,98,9912.03
280,99,9895.95
290,0,9909.1
290,1,9913.04
290,2,9892.76
290,3,9908.38
290,4,9906.03
290,5,9893.54
290,6,9893.9
290,7,9876.21
290,8,9902.82
290,9,9923.21
290,10,9891.93
290,11,9895.85
290,12,9901.9
290,13,9895.86
290,14,9895.5
290,15,9907.75
290,16,9895.11
290,17,9899.28
290,18,9908.5
290,19,9901.09
290,20,9877.98
290,21,9891.22
290,22,9907.44
290,23,9879.81
290,24,9886.88
290,25,9876.74
290,26,9910.37
290,27,9907
290,28,9894.54
290,29,9909.63
290,30,9886.11
290,31,9918.16
290,32,9900.08
290,33,9882.32
290,34,9896.05
290,35,9916.76
290,36,9906.25
290,37,9899.86
290,38,9882.99
290,39,9871.97
290,40,9910.27
290,41,9906.67
290,42,9887.25
290,43,9891.8
290,44,9893.06
290,45,9914.66
290,46,9874.84
290,47,9915.46
290,48,9878.92
290,49,9887.37
290,50,9917.55
290,51,9909.67
290,52,9898.52
290,53,9890.71
290,54,9887.67
290,55,9895.5
290,56,9890.15
290,57,9885.42
290,58,9900.82
290,59,9916.69
290,60,9891.57
290,61,9899.17
290,62,9901.31
290,63,9893.92
290,64,9887.22
290,65,9886.71
290,66,9868.66
290,67,9893.69
290,68,9896.57
290,69,9893.03
290,70,9898.4
290,71,9908.3
290,72,9876.06
290,73,9915.65
290,74,9916.27
290,75,9903.73
290,76,9891.16
290,77,9909.08
290,78,9880.87
290,79,9915.44
290,80,9874.99
290,81,9919.1
290,82,9903.85
290,83,9891.38
290,84,9896.64
290,85,9885.08
290,86,9912.59
290,87,9872.68
290,88,9906.1
290,89,9888.29
290,90,9896.25
290,91,9900.5
290,92,9868.89
290,93,9896.51
290,94,9908.39
290,95,9917.38
290,96,9918.63
290,97,9906.31
290,98,9911.77
290,99,9895.72
300,0,9908.8
300,1,9912.74
300,2,9892.46
300,3,9908.08
300,4,9905.73
300,5,9893.24
300,6,9893.6
300,7,9875.91
300,8,9902.52
300,9,9922.91
300,10,9891.63
300,11,9895.55
300,12,9901.6
300,13,9895.56
300,14,9895.2
300,15,9907.45
300,16,9894.81
300,17,9898.98
300,18,9908.2
300,19,9900.79
300,20,9877.68
300,21,9890.92
300,22,9907.14
300,23,9879.51
300,24,9886.58
300,25,9876.44
300,26,9910.07
300,27,9906.7
300,28,9894.24
300,29,9909.33
300,30,9885.81
300,31,9917.86
300,32,9899.78
300,33,9882.02
300,34,9895.75
300,35,9916.46
300,36,9905.95
300,37,9899.56
300,38,9882.69
300,39,9871.67
300,40,9909.97
300,41,9906.37
300,42,9886.95
300,43,9891.5
300,44,9892.76
300,45,9914.36
300,46,9874.54
300,47,9915.16
300,48,9878.62
300,49,9887.07
300,50,9917.25
300,51,9909.37
300,52,9898.22
300,53,9890.41
300,54,9887.37
300,55,9895.2
300,56,9889.85
300,57,9885.12
300,58,9900.52
300,59,9916.39
300,60,9891.27
300,61,9898.87
300,62,9901.01
300,63,9893.62
300,64,9886.92
300,65,9886.41
300,66,9868.36
300,67,9893.39
300,68,9896.27
300,69,9892.73
300,70,9898.1
300,71,9908
300,72,9875.76
300,73,9915.35
300,74,9915.97
300,75,9903.43
300,76,9890.86
300,77,9908.78
300,78,9880.57
300,79,9915.14
300,80,9874.69
300,81,9918.8
300,82,9903.55
300,83,9891.08
300,84,9896.34
300,85,9884.78
300,86,9912.29
300,87,9872.38
300,88,9905.8
300,89,9887.99
300,90,9895.95
300,91,9900.2
300,92,9868.59
300,93,9896.21
300,94,9908.09
300,95,9917.08
300,96,9918.33
300,97,9906.01
300,98,9911.47
300,99,9895.42
310,0,9899.28
310,1,9903.79
310,2,9881.15
310,3,9898.26
310,4,9895.9
310,5,9881.46
310,6,9882.37
310,7,9862.74
310,8,9892.32
310,9,9914.98
310,10,9881.47
310,11,9884.57
310,12,9891.47
310,13,9884.58
310,14,9884.59
310,15,9897.82
310,16,9884.03
310,17,9889.25
310,18,9899.37
310,19,9890.42
310,20,9866.08
310,21,9879.44
310,22,9897.48
310,23,9867.76
310,24,9874.73
310,25,9863.31
310,26,9901.4
310,27,9900.11
310,28,9886.02
310,29,9900.28
310,30,9874.08
310,31,9910.12
310,32,9889.9
310,33,9869.52
310,34,9884.81
310,35,9907.83
310,36,9896.49
310,37,9889.7
310,38,9870.41
310,39,9860.9
310,40,9900.94
310,41,9896.77
310,42,9875.15
310,43,9881.19
310,44,9881.48
310,45,9906.14
310,46,9863.4
310,47,9906.94
310,48,9867.05
310,49,9875.15
310,50,9908.71
310,51,9899.13
310,52,9887.43
310,53,9878.85
310,54,9878.24
310,55,9884.2
310,56,9878.16
310,57,9872.87
310,58,9890.47
310,59,9908.04
310,60,9883.35
310,61,9888.26
310,62,9892.11
310,63,9882.43
310,64,9874.98
310,65,9874.59
310,66,9856.33
310,67,9883.4
310,68,9885.35
310,69,9881.31
310,70,9887.27
310,71,9898.92
310,72,9867.54
310,73,9906.54
310,74,9907.76
310,75,9893.32
310,76,9879.34
310,77,9900.08
310,78,9868.06
310,79,9906.77
310,80,9864.06
310,81,9910.33
310,82,9892.89
310,83,9879.67
310,84,9885.46
310,85,9872.6
310,86,9903.21
310,87,9864.26
310,88,9895.97
310,89,9876.69
310,90,9885.78
310,91,9889.89
310,92,9855.58
310,93,9885.3
310,94,9900.08
310,95,9908.52
310,96,9909.91
310,97,9897.35
310,98,9902.34
310,99,9884.28
320,0,9899.03
320,1,9903.53
320,2,9880.92
320,3,9897.98
320,4,9895.66
320,5,9881.22
320,6,9882.14
320,7,9862.52
320,8,9892.09
320,9,9914.72
320,10,9879.93
320,11,9884.35
320,12,9891.21
320,13,9884.35
320,14,9884.35
320,15,9897.57
320,16,9883.4
320,17,9888.16
320,18,9899.12
320,19,9890.16
320,20,9864.63
320,21,9879.2
320,22,9897.23
320,23,9866.52
320,24,9874.47
320,25,9863.1
320,26,9901.15
320,27,9896.87
320,28,9882.89
320,29,9900.04
320,30,9873.66
320,31,9909.86
320,32,9889.04
320,33,9869.3
320,34,9884.57
320,35,9907.58
320,36,9896.24
320,37,9888.6
320,38,9870.19
320,39,9858.25
320,40,9900.7
320,41,9896.54
320,42,9874.93
320,43,9879.81
320,44,9881.24
320,45,9905.86
320,46,9861.18
320,47,9906.68
320,48,9865.67
320,49,9874.92
320,50,9908.45
320,51,9898.9
320,52,9887.19
320,53,9878.63
320,54,9875.25
320,55,9883.95
320,56,9877.95
320,57,9872.64
320,58,9889.87
320,59,9907.79
320,60,9879.46
320,61,9888.03
320,62,9890.41
320,63,9882.2
320,64,9874.76
320,65,9874.33
320,66,9854.13
320,67,9881.94
320,68,9885.13
320,69,9881.1
320,70,9887.05
320,71,9898.44
320,72,9862.32
320,73,9906.29
320,74,9907.51
320,75,9893.08
320,76,9879.13
320,77,9899.83
320,78,9867.84
320,79,9906.51
320,80,9861.16
320,81,9910.06
320,82,9892.66
320,83,9879.43
320,84,9885.22
320,85,9872.38
320,86,9902.95
320,87,9858.6
320,88,9895.72
320,89,9875.94
320,90,9885.28
320,91,9889.64
320,92,9854.39
320,93,9885.08
320,94,9898.17
320,95,9908.26
320,96,9909.65
320,97,9897.09
320,98,9902.08
320,99,9884.06
330,0,9898.73
330,1,9903.23
330,2,9880.62
330,3,9897.68
330,4,9895.36
330,5,9880.92
330,6,9881.84
330,7,9862.22
330,8,9891.79
330,9,9914.42
330,10,9879.63
330,11,9884.05
330,12,9890.91
330,13,9884.05
330,14,9884.05
330,15,9897.27
330,16,9883.1
330,17,9887.86
330,18,9898.82
330,19,9889.86
330,20,9864.33
330,21,9878.9
330,22,9896.93
330,23,9866.22
330,24,9874.17
330,25,9862.8
330,26,9900.85
330,27,9896.57
330,28,9882.59
330,29,9899.74
330,30,9873.36
330,31,9909.56
330,32,9888.74
330,33,9869
330,34,9884.27
330,35,9907.28
330,36,9895.94
330,37,9888.3
330,38,9869.89
330,39,9857.95
330,40,9900.4
330,41,9896.24
330,42,9874.63
330,43,9879.51
330,44,9880.94
330,45,9905.56
330,46,9860.88
330,47,9906.38
330,48,9865.37
330,49,9874.62
330,50,9908.15
330,51,9898.6
330,52,9886.89
330,53,9878.33
330,54,9874.95
330,55,9883.65
330,56,9877.65
330,57,9872.34
330,58,9889.57
330,59,9907.49
330,60,9879.16
330,61,9887.73
330,62,9890.11
330,63,9881.9
330,64,9874.46
330,65,9874.03
330,66,9853.83
330,67,9881.64
330,68,9884.83
330,69,9880.8
330,70,9886.75
330,71,9898.14
330,72,9862.02
330,73,9905.99
330,74,9907.21
330,75,9892.78
330,76,9878.83
330,77,9899.53
330,78,9867.54
330,79,9906.21
330,80,9860.86
330,81,9909.76
330,82,9892.36
330,83,9879.13
330,84,9884.92
330,85,9872.08
330,86,9902.65
330,87,9858.3
330,88,9895.42
330,89,9875.64
330,90,9884.98
330,91,9889.34
330,92,9854.09
330,93,9884.78
330,94,9897.87
330,95,9907.96
330,96,9909.35
330,97,9896.79
330,98,9901.78
330,99,9883.76
340,0,9889.18
340,1,9895.16
340,2,9870.58
340,3,9887.84
340,4,9885.51
340,5,9869.14
340,6,9870.6
340,7,9851.87
340,8,9881.58
340,9,9906.57
340,10,9869.45
340,11,9874.04
340,12,9881.6
340,13,9874.02
340,14,9875.74
340,15,9887.92
340,16,9872.3
340,17,9878.12
340,18,9889.98
340,19,9879.48
340,20,9852.72
340,21,9868.67
340,22,9887.25
340,23,9854.77
340,24,9862.31
340,25,9851.14
340,26,9895.08
340,27,9889.97
340,28,9874.36
340,29,9893.29
340,30,9862.42
340,31,9901.81
340,32,9879.52
340,33,9858.55
340,34,9874.66
340,35,9898.63
340,36,9886.48
340,37,9878.43
340,38,9858.74
340,39,9847.16
340,40,9891.35
340,41,9886.63
340,42,9862.81
340,43,9869.19
340,44,9869.65
340,45,9897.32
340,46,9849.72
340,47,9898.15
340,48,9856.28
340,49,9867.12
340,50,9899.6
340,51,9890.78
340,52,9876.08
340,53,9866.76
340,54,9865.81
340,55,9872.64
340,56,9868.59
340,57,9860.08
340,58,9879.51
340,59,9899.12
340,60,9871.21
340,61,9877.11
340,62,9881.2
340,63,9873.48
340,64,9863.83
340,65,9862.19
340,66,9841.79
340,67,9871.64
340,68,9873.9
340,69,9870.04
340,70,9875.91
340,71,9889.05
340,72,9853.78
340,73,9898.29
340,74,9898.98
340,75,9882.64
340,76,9870.46
340,77,9890.81
340,78,9856.28
340,79,9898.86
340,80,9850.22
340,81,9901.28
340,82,9881.68
340,83,9867.71
340,84,9874.6
340,85,9859.88
340,86,9893.55
340,87,9850.16
340,88,9885.58
340,89,9864.34
340,90,9877.75
340,91,9879.46
340,92,9845.25
340,93,9873.85
340,94,9891.41
340,95,9899.47
340,96,9900.93
340,97,9888.53
340,98,9892.65
340,99,9872.6
350,0,9888.95
350,1,9894.02
350,2,9869.07
350,3,9887.58
350,4,9885.28
350,5,9868.92
350,6,9870.39
350,7,9848.83
350,8,9881.35
350,9,9906.23
350,10,9867.93
350,11,9872.84
350,12,9880.52
350,13,9872.85
350,14,9873.2
350,15,9887.38
350,16,9871.68
350,17,9877.03
350,18,9889.75
350,19,9879.23
350,20,9851.28
350,21,9867.18
350,22,9887.01
350,23,9853.23
350,24,9862.06
350,25,9849.47
350,26,9891.94
350,27,9886.75
350,28,9871.23
350,29,9890.45
350,30,9861.22
350,31,9901.57
350,32,9878.01
350,33,9856.3
350,34,9873.09
350,35,9898.39
350,36,9886.25
350,37,9877.35
350,38,9857.4
350,39,9844.53
350,40,9891.13
350,41,9886.41
350,42,9862.61
350,43,9867.82
350,44,9869.43
350,45,9897.06
350,46,9847.52
350,47,9897.91
350,48,9852.43
350,49,9862.47
350,50,9899.36
350,51,9890.53
350,52,9875.86
350,53,9866.55
350,54,9862.84
350,55,9872.4
350,56,9865.74
350,57,9859.86
350,58,9878.91
350,59,9898.88
350,60,9867.34
350,61,9876.89
350,62,9879.51
350,63,9870.48
350,64,9862.29
350,65,9861.95
350,66,9839.6
350,67,9870.2
350,68,9873.68
350,69,9869.16
350,70,9875.7
350,71,9888.59
350,72,9848.57
350,73,9896.93
350,74,9898.75
350,75,9882.41
350,76,9867.1
350,77,9890.58
350,78,9854.81
350,79,9897.59
350,80,9847.34
350,81,9901.03
350,82,9881.47
350,83,9867.49
350,84,9873.8
350,85,9859.67
350,86,9893.31
350,87,9844.52
350,88,9885.35
350,89,9863.59
350,90,9874.3
350,91,9878.77
350,92,9839.88
350,93,9873.64
350,94,9887.94
350,95,9899.15
350,96,9900.68
350,97,9887.87
350,98,9892.41
350,99,9872.4
360,0,9888.65
360,1,9893.72
360,2,9868.77
360,3,9887.28
360,4,9884.98
360,5,9868.62
360,6,9870.09
360,7,9848.53
360,8,9881.05
360,9,9905.93
360,10,9867.63
360,11,9872.54
360,12,9880.22
360,13,9872.55
360,14,9872.9
360,15,9887.08
360,16,9871.38
360,17,9876.73
360,18,9889.45
360,19,9878.93
360,20,9850.98
360,21,9866.88
360,22,9886.71
360,23,9852.93
360,24,9861.76
360,25,9849.17
360,26,9891.64
360,27,9886.45
360,28,9870.93
360,29,9890.15
360,30,9860.92
360,31,9901.27
360,32,9877.71
360,33,9856
360,34,9872.79
360,35,9898.09
360,36,9885.95
360,37,9877.05
360,38,9857.1
360,39,9844.23
360,40,9890.83
360,41,9886.11
360,42,9862.31
360,43,9867.52
360,44,9869.13
360,45,9896.76
360,46,9847.22
360,47,9897.61
360,48,9852.13
360,49,9862.17
360,50,9899.06
360,51,9890.23
360,52,9875.56
360,53,9866.25
360,54,9862.54
360,55,9872.1
360,56,9865.44
360,57,9859.56
360,58,9878.61
360,59,9898.58
360,60,9867.04
360,61,9876.59
360,62,9879.21
360,63,9870.18
360,64,9861.99
360,65,9861.65
360,66,9839.3
360,67,9869.9
360,68,9873.38
360,69,9868.86
360,70,9875.4
360,71,9888.29
360,72,9848.27
360,73,9896.63
360,74,9898.45
360,75,9882.11
360,76,9866.8
360,77,9890.28
360,78,9854.51
360,79,9897.29
360,80,9847.04
360,81,9900.73
360,82,9881.17
360,83,9867.19
360,84,9873.5
360,85,9859.37
360,86,9893.01
360,87,9844.22
360,88,9885.05
360,89,9863.29
360,90,9874
360,91,9878.47
360,92,9839.58
360,93,9873.34
360,94,9887.64
360,95,9898.85
360,96,9900.38
360,97,9887.57
360,98,9892.11
360,99,9872.1
370,0,9879.13
370,1,9885.63
370,2,9861.79
370,3,9879.27
370,4,9875.12
370,5,9858.58
370,6,9861.4
370,7,9838.12
370,8,9873.02
370,9,9898.07
370,10,9857.44
370,11,9863.15
370,12,9870.85
370,13,9864.55
370,14,9864.58
370,15,9877.72
370,16,9861.93
370,17,9867.28
370,18,9881.35
370,19,9872.56
370,20,9840.57
370,21,9858.41
370,22,9877.96
370,23,9845.45
370,24,9851.59
370,25,9841.47
370,26,9885.82
370,27,9879.83
370,28,9863.73
370,29,9883.69
370,30,9851.17
370,31,9893.5
370,32,9868.47
370,33,9847.98
370,34,9866.14
370,35,9889.43
370,36,9876.43
370,37,9869.61
370,38,9849.85
370,39,9834.57
370,40,9881.85
370,41,9877.28
370,42,9853.8
370,43,9860.63
370,44,9860.15
370,45,9889.64
370,46,9837.2
370,47,9889.36
370,48,9845.67
370,49,9854.65
370,50,9890.49
370,51,9882.4
370,52,9866.85
370,53,9859.49
370,54,9854.8
370,55,9862.39
370,56,9856.47
370,57,9849.39
370,58,9869.38
370,59,9890.21
370,60,9859.31
370,61,9868.16
370,62,9870.28
370,63,9861.75
370,64,9855.26
370,65,9853.25
370,66,9830.58
370,67,9860.61
370,68,9865.99
370,69,9859.52
370,70,9866.86
370,71,9879.38
370,72,9840.13
370,73,9888.92
370,74,9890.84
370,75,9872
370,76,9861.18
370,77,9881.55
370,78,9847.08
370,79,9889.87
370,80,9836.38
370,81,9892.51
370,82,9872.86
370,83,9856.18
370,84,9866.05
370,85,9848.64
370,86,9884
370,87,9836.07
370,88,9875.89
370,89,9852.54
370,90,9866.76
370,91,9868.62
370,92,9832.63
370,93,9863.55
370,94,9881.12
370,95,9890.34
370,96,9891.94
370,97,9879.25
370,98,9882.92
370,99,9865.28
380,0,9878.91
380,1,9884.51
380,2,9857.22
380,3,9877.19
380,4,9874.9
380,5,9856.57
380,6,9858.64
380,7,9835.14
380,8,9870.62
380,9,9897.75
380,10,9855.93
380,11,9861.34
380,12,9869.82
380,13,9861.35
380,14,9862.05
380,15,9877.2
380,16,9859.97
380,17,9865.91
380,18,9880.34
380,19,9868.3
380,20,9837.92
380,21,9855.16
380,22,9876.8
380,23,9839.94
380,24,9849.66
380,25,9835.84
380,26,9882.69
380,27,9876.62
380,28,9859.58
380,29,9880.87
380,30,9848.77
380,31,9893.27
380,32,9866.97
380,33,9843.25
380,34,9861.6
380,35,9889.21
380,36,9875.6
380,37,9866.09
380,38,9844.61
380,39,9830.81
380,40,9881.56
380,41,9876.27
380,42,9850.29
380,43,9855.82
380,44,9857.61
380,45,9888.26
380,46,9833.86
380,47,9889.14
380,48,9839.18
380,49,9850.03
380,50,9890.26
380,51,9879.76
380,52,9864.83
380,53,9854.47
380,54,9850.42
380,55,9860.86
380,56,9853.54
380,57,9847.37
380,58,9867.96
380,59,9889.98
380,60,9855.29
380,61,9865.75
380,62,9868.62
380,63,9858.76
380,64,9849.83
380,65,9849.57
380,66,9825.08
380,67,9858.45
380,68,9862.24
380,69,9857.51
380,70,9864.35
380,71,9878.73
380,72,9834.86
380,73,9887.57
380,74,9889.99
380,75,9871.79
380,76,9855.08
380,77,9881.33
380,78,9841.78
380,79,9888.66
380,80,9833.51
380,81,9892.27
380,82,9870.28
380,83,9855.51
380,84,9862.38
380,85,9846.97
380,86,9883.66
380,87,9830.44
380,88,9874.98
380,89,9851.24
380,90,9863.33
380,91,9867.95
380,92,9825.38
380,93,9862.21
380,94,9877.72
380,95,9890.03
380,96,9891.71
380,97,9878.66
380,98,9882.7
380,99,9860.74
390,0,9878.61
390,1,9884.21
390,2,9856.92
390,3,9876.89
390,4,9874.6
390,5,9856.27
390,6,9858.34
390,7,9834.84
390,8,9870.32
390,9,9897.45
390,10,9855.63
390,11,9861.04
390,12,9869.52
390,13,9861.05
390,14,9861.75
390,15,9876.9
390,16,9859.67
390,17,9865.61
390,18,9880.04
390,19,9868
390,20,9837.62
390,21,9854.86
390,22,9876.5
390,23,9839.64
390,24,9849.36
390,25,9835.54
390,26,9882.39
390,27,9876.32
390,28,9859.28
390,29,9880.57
390,30,9848.47
390,31,9892.97
390,32,9866.67
390,33,9842.95
390,34,9861.3
390,35,9888.91
390,36,9875.3
390,37,9865.79
390,38,9844.31
390,39,9830.51
390,40,9881.26
390,41,9875.97
390,42,9849.99
390,43,9855.52
390,44,9857.31
390,45,9887.96
390,46,9833.56
390,47,9888.84
390,48,9838.88
390,49,9849.73
390,50,9889.96
390,51,9879.46
390,52,9864.53
390,53,9854.17
390,54,9850.12
390,55,9860.56
390,56,9853.24
390,57,9847.07
390,58,9867.66
390,59,9889.68
390,60,9854.99
390,61,9865.45
390,62,9868.32
390,63,9858.46
390,64,9849.53
390,65,9849.27
390,66,9824.78
390,67,9858.15
390,68,9861.94
390,69,9857.21
390,70,9864.05
390,71,9878.43
390,72,9834.56
390,73,9887.27
390,74,9889.69
390,75,9871.49
390,76,9854.78
390,77,9881.03
390,78,9841.48
390,79,9888.36
390,80,9833.21
390,81,9891.97
390,82,9869.98
390,83,9855.21
390,84,9862.08
390,85,9846.67
390,86,9883.36
390,87,9830.14
390,88,9874.68
390,89,9850.94
390,90,9863.03
390,91,9867.65
390,92,9825.08
390,93,9861.91
390,94,9877.42
390,95,9889.73
390,96,9891.41
390,97,9878.36
390,98,9882.4
390,99,9860.44
400,0,9870.41
400,1,9876.1
400,2,9849.92
400,3,9870.43
400,4,9866.11
400,5,9849.88
400,6,9852.46
400,7,9826.23
400,8,9865.78
400,9,9890.67
400,10,9846.89
400,11,9853.58
400,12,9860.71
400,13,9856.39
400,14,9854.8
400,15,9870.48
400,16,9852.85
400,17,9860.05
400,18,9872.61
400,19,9862.36
400,20,9832.98
400,21,9846.37
400,22,9868.21
400,23,9834.51
400,24,9841.81
400,25,9830.43
400,26,9876.57
400,27,9869.72
400,28,9854.32
400,29,9874.09
400,30,9844.89
400,31,9886.85
400,32,9860.59
400,33,9838.37
400,34,9854.62
400,35,9882.2
400,36,9868.79
400,37,9860.47
400,38,9839.68
400,39,9824.57
400,40,9876.77
400,41,9873.71
400,42,9844.65
400,43,9850.41
400,44,9851.25
400,45,9880.82
400,46,9830.37
400,47,9882.43
400,48,9832.41
400,49,9843.83
400,50,9883.24
400,51,9871.61
400,52,9858.08
400,53,9848.1
400,54,9843.51
400,55,9854.29
400,56,9846.97
400,57,9842.44
400,58,9861.43
400,59,9883.89
400,60,9849.54
400,61,9860.01
400,62,9863.1
400,63,9852.37
400,64,9842.78
400,65,9843.12
400,66,9821.13
400,67,9852.04
400,68,9856.03
400,69,9850.7
400,70,9859.92
400,71,9874.25
400,72,9827.79
400,73,9879.79
400,74,9883.46
400,75,9865.01
400,76,9849.82
400,77,9873.79
400,78,9836.45
400,79,9882.75
400,80,9829.06
400,81,9885.56
400,82,9866.17
400,83,9848.59
400,84,9857.5
400,85,9840.09
400,86,9876.82
400,87,9823.46
400,88,9867.74
400,89,9845.61
400,90,9855.77
400,91,9860.49
400,92,9820.67
400,93,9856.72
400,94,9872.7
400,95,9882.37
400,96,9886.47
400,97,9871.84
400,98,9875.01
400,99,9855.16
410,0,9868.85
410,1,9875
410,2,9845.37
410,3,9866.79
410,4,9864.53
410,5,9844.24
410,6,9846.89
410,7,9821.45
410,8,9859.89
410,9,9889.26
410,10,9843.93
410,11,9849.83
410,12,9859.13
410,13,9849.84
410,14,9850.9
410,15,9867.01
410,16,9848.26
410,17,9854.78
410,18,9870.95
410,19,9857.37
410,20,9824.57
410,21,9843.14
410,22,9866.58
410,23,9826.65
410,24,9837.25
410,25,9822.21
410,26,9873.46
410,27,9866.49
410,28,9847.93
410,29,9871.28
410,30,9836.32
410,31,9884.98
410,32,9855.93
410,33,9830.22
410,34,9850.12
410,35,9880.02
410,36,9865.58
410,37,9854.84
410,38,9831.81
410,39,9817.09
410,40,9871.99
410,41,9866.14
410,42,9837.97
410,43,9843.83
410,44,9845.8
410,45,9879.46
410,46,9820.19
410,47,9880.36
410,48,9825.94
410,49,9837.58
410,50,9881.17
410,51,9868.98
410,52,9853.5
410,53,9842.4
410,54,9838.01
410,55,9849.31
410,56,9841.33
410,57,9834.59
410,58,9857.01
410,59,9881.08
410,60,9843.18
410,61,9854.61
410,62,9857.72
410,63,9847.04
410,64,9837.36
410,65,9837.19
410,66,9810.55
410,67,9846.7
410,68,9850.8
410,69,9845.58
410,70,9853.01
410,71,9868.88
410,72,9821.13
410,73,9878.21
410,74,9881.24
410,75,9861.15
410,76,9843.05
410,77,9872.08
410,78,9828.75
410,79,9879.73
410,80,9819.69
410,81,9883.24
410,82,9859.09
410,83,9843.55
410,84,9850.96
410,85,9834.27
410,86,9874.02
410,87,9816.36
410,88,9864.61
410,89,9838.89
410,90,9852.36
410,91,9857.1
410,92,9810.88
410,93,9850.78
410,94,9867.5
410,95,9880.92
410,96,9882.74
410,97,9869.44
410,98,9873.01
410,99,9849.08
420,0,9868.55
420,1,9874.7
420,2,9845.07
420,3,9866.49
420,4,9864.23
420,5,9843.94
420,6,9846.59
420,7,9821.15
420,8,9859.59
420,9,9888.96
420,10,9843.63
420,11,9849.53
420,12,9858.83
420,13,9849.54
420,14,9850.6
420,15,9866.71
420,16,9847.96
420,17,9854.48
420,18,9870.65
420,19,9857.07
420,20,9824.27
420,21,9842.84
420,22,9866.28
420,23,9826.35
420,24,9836.95
420,25,9821.91
420,26,9873.16
420,27,9866.19
420,28,9847.63
420,29,9870.98
420,30,9836.02
420,31,9884.68
420,32,9855.63
420,33,9829.92
420,34,9849.82
420,35,9879.72
420,36,9865.28
420,37,9854.54
420,38,9831.51
420,39,9816.79
420,40,9871.69
420,41,9865.84
420,42,9837.67
420,43,9843.53
420,44,9845.5
420,45,9879.16
420,46,9819.89
420,47,9880.06
420,48,9825.64
420,49,9837.28
420,50,9880.87
420,51,9868.68
420,52,9853.2
420,53,9842.1
420,54,9837.71
420,55,9849.01
420,56,9841.03
420,57,9834.29
420,58,9856.71
420,59,9880.78
420,60,9842.88
420,61,9854.31
420,62,9857.42
420,63,9846.74
420,64,9837.06
420,65,9836.89
420,66,9810.25
420,67,9846.4
420,68,9850.5
420,69,9845.28
420,70,9852.71
420,71,9868.58
420,72,9820.83
420,73,9877.91
420,74,9880.94
420,75,9860.85
420,76,9842.75
420,77,9871.78
420,78,9828.45
420,79,9879.43
420,80,9819.39
420,81,9882.94
420,82,9858.79
420,83,9843.25
420,84,9850.66
420,85,9833.97
420,86,9873.72
420,87,9816.06
420,88,9864.31
420,89,9838.59
420,90,9852.06
420,91,9856.8
420,92,9810.58
420,93,9850.48
420,94,9867.2
420,95,9880.62
420,96,9882.44
420,97,9869.14
420,98,9872.71
420,99,9848.78
430,0,9867.01
430,1,9870.19
430,2,9839.47
430,3,9860.85
430,4,9861.97
430,5,9839.61
430,6,9844.91
430,7,9815.69
430,8,9856.88
430,9,9883.64
430,10,9840.1
430,11,9846.56
430,12,9853.56
430,13,9846.31
430,14,9846.83
430,15,9862.43
430,16,9847.66
430,17,9851.2
430,18,9868.6
430,19,9853.68
430,20,9819.62
430,21,9839.54
430,22,9862.67
430,23,9823
430,24,9831.38
430,25,9818.58
430,26,9869.12
430,27,9862.18
430,28,9843.72
430,29,9867.3
430,30,9832.43
430,31,9882.36
430,32,9852.08
430,33,9825.33
430,34,9844.47
430,35,9875.3
430,36,9862.34
430,37,9850.55
430,38,9827.91
430,39,9814.63
430,40,9868.99
430,41,9863.57
430,42,9833.77
430,43,9843.23
430,44,9841.21
430,45,9876.15
430,46,9816.7
430,47,9878.77
430,48,9824.49
430,49,9832.6
430,50,9875.65
430,51,9864.61
430,52,9848.28
430,53,9838.36
430,54,9834.4
430,55,9846.71
430,56,9839.02
430,57,9831.59
430,58,9853.19
430,59,9876.9
430,60,9840.83
430,61,9853.07
430,62,9854.79
430,63,9843.3
430,64,9831.82
430,65,9832.15
430,66,9806.59
430,67,9844.08
430,68,9848.99
430,69,9843.44
430,70,9850.22
430,71,9867.82
430,72,9819.42
430,73,9874.61
430,74,9880.59
430,75,9858.64
430,76,9842.45
430,77,9869.43
430,78,9824.7
430,79,9875.09
430,80,9817.01
430,81,9878.56
430,82,9854.97
430,83,9838.53
430,84,9846.06
430,85,9831.21
430,86,9870.68
430,87,9814.41
430,88,9860.45
430,89,9833.25
430,90,9848.46
430,91,9853.4
430,92,9810.28
430,93,9847.2
430,94,9862.46
430,95,9878.51
430,96,9878.24
430,97,9864.56
430,98,9868.33
430,99,9844.47
440,0,9858.83
440,1,9865.48
440,2,9833.52
440,3,9856.39
440,4,9854.15
440,5,9831.87
440,6,9835.19
440,7,9807.77
440,8,9849.15
440,9,9880.77
440,10,9831.92
440,11,9838.33
440,12,9848.43
440,13,9838.34
440,14,9839.75
440,15,9856.83
440,16,9836.54
440,17,9843.66
440,18,9861.52
440,19,9846.44
440,20,9811.22
440,21,9831.12
440,22,9856.37
440,23,9813.36
440,24,9824.84
440,25,9808.58
440,26,9864.2
440,27,9856.37
440,28,9836.28
440,29,9861.69
440,30,9823.87
440,31,9876.68
440,32,9844.89
440,33,9817.15
440,34,9838.64
440,35,9870.83
440,36,9854.93
440,37,9843.58
440,38,9819.02
440,39,9803.37
440,40,9862.42
440,41,9856.01
440,42,9825.65
440,43,9831.84
440,44,9833.99
440,45,9870.66
440,46,9806.53
440,47,9871.59
440,48,9812.69
440,49,9825.13
440,50,9872.07
440,51,9858.21
440,52,9842.45
440,53,9830.32
440,54,9825.59
440,55,9837.76
440,56,9829.13
440,57,9822.08
440,58,9846.05
440,59,9872.18
440,60,9831.13
440,61,9843.48
440,62,9846.82
440,63,9835.32
440,64,9824.9
440,65,9824.81
440,66,9796.02
440,67,9834.96
440,68,9839.36
440,69,9833.92
440,70,9841.66
440,71,9859.02
440,72,9807.45
440,73,9868.85
440,74,9872.48
440,75,9850.54
440,76,9831.03
440,77,9862.83
440,78,9815.72
440,79,9870.8
440,80,9805.86
440,81,9874.47
440,82,9847.9
440,83,9831.55
440,84,9839.54
440,85,9821.56
440,86,9864.37
440,87,9802.28
440,88,9854.24
440,89,9826.55
440,90,9841.38
440,91,9846.3
440,92,9796.37
440,93,9839.34
440,94,9857.27
440,95,9871.8
440,96,9873.77
440,97,9860.23
440,98,9863.28
440,99,9837.73
450,0,9858.53
450,1,9865.18
450,2,9833.22
450,3,9856.09
450,4,9853.85
450,5,9831.57
450,6,9834.89
450,7,9807.47
450,8,9848.85
450,9,9880.47
450,10,9831.62
450,11,9838.03
450,12,9848.13
450,13,9838.04
450,14,9839.45
450,15,9856.53
450,16,9836.24
450,17,9843.36
450,18,9861.22
450,19,9846.14
450,20,9810.92
450,21,9830.82
450,22,9856.07
450,23,9813.06
450,24,9824.54
450,25,9808.28
450,26,9863.9
450,27,9856.07
450,28,9835.98
450,29,9861.39
450,30,9823.57
450,31,9876.38
450,32,9844.59
450,33,9816.85
450,34,9838.34
450,35,9870.53
450,36,9854.63
450,37,9843.28
450,38,9818.72
450,39,9803.07
450,40,9862.12
450,41,9855.71
450,42,9825.35
450,43,9831.54
450,44,9833.69
450,45,9870.36
450,46,9806.23
450,47,9871.29
450,48,9812.39
450,49,9824.83
450,50,9871.77
450,51,9857.91
450,52,9842.15
450,53,9830.02
450,54,9825.29
450,55,9837.46
450,56,9828.83
450,57,9821.78
450,58,9845.75
450,59,9871.88
450,60,9830.83
450,61,9843.18
450,62,9846.52
450,63,9835.02
450,64,9824.6
450,65,9824.51
450,66,9795.72
450,67,9834.66
450,68,9839.06
450,69,9833.62
450,70,9841.36
450,71,9858.72
450,72,9807.15
450,73,9868.55
450,74,9872.18
450,75,9850.24
450,76,9830.73
450,77,9862.53
450,78,9815.42
450,79,9870.5
450,80,9805.56
450,81,9874.17
450,82,9847.6
450,83,9831.25
450,84,9839.24
450,85,9821.26
450,86,9864.07
450,87,9801.98
450,88,9853.94
450,89,9826.25
450,90,9841.08
450,91,9846
450,92,9796.07
450,93,9839.04
450,94,9856.97
450,95,9871.5
450,96,9873.47
450,97,9859.93
450,98,9862.98
450,99,9837.43
460,0,9856.98
460,1,9862.87
460,2,9831.42
460,3,9854.68
460,4,9851.58
460,5,9829.57
460,6,9834.59
460,7,9805.69
460,8,9848.55
460,9,9878.84
460,10,9829.67
460,11,9837.73
460,12,9845.69
460,13,9837.74
460,14,9837.22
460,15,9854.44
460,16,9835.94
460,17,9843.06
460,18,9860.92
460,19,9845.84
460,20,9809.96
460,21,9829.04
460,22,9854.46
460,23,9812.76
460,24,9822.47
460,25,9807.98
460,26,9863.6
460,27,9855.11
460,28,9835.68
460,29,9861.03
460,30,9822.62
460,31,9876.08
460,32,9844.29
460,33,9814.98
460,34,9836.67
460,35,9870.23
460,36,9854.33
460,37,9842.98
460,38,9817.76
460,39,9800.9
460,40,9861.82
460,41,9855.41
460,42,9824.2
460,43,9831.24
460,44,9830.98
460,45,9870.01
460,46,9804.47
460,47,9870.99
460,48,9811.23
460,49,9824.53
460,50,9871.47
460,51,9857.61
460,52,9841.85
460,53,9829.72
460,54,9824.99
460,55,9835.15
460,56,9828.53
460,57,9819.06
460,58,9845.45
460,59,9871.58
460,60,9830.53
460,61,9842.88
460,62,9846.22
460,63,9834.72
460,64,9822.39
460,65,9822.42
460,66,9793.72
460,67,9834.36
460,68,9838.76
460,69,9833.32
460,70,9841.06
460,71,9858.42
460,72,9806.85
460,73,9868.25
460,74,9871.82
460,75,9848.02
460,76,9830.43
460,77,9862.23
460,78,9814.09
460,79,9870.2
460,80,9803.17
460,81,9873.25
460,82,9847.3
460,83,9828.89
460,84,9836.53
460,85,9820.96
460,86,9862.16
460,87,9801.68
460,88,9853.64
460,89,9823.34
460,90,9840.78
460,91,9844.35
460,92,9795.77
460,93,9838.74
460,94,9856.67
460,95,9869.38
460,96,9873.17
460,97,9859.57
460,98,9860.12
460,99,9837.13
470,0,9848.69
470,1,9855.98
470,2,9821.67
470,3,9846.63
470,4,9843.77
470,5,9819.62
470,6,9823.43
470,7,9794.08
470,8,9838.42
470,9,9872.29
470,10,9820.12
470,11,9826.83
470,12,9837.74
470,13,9826.84
470,14,9828.6
470,15,9846.64
470,16,9824.83
470,17,9832.53
470,18,9852.21
470,19,9835.51
470,20,9797.87
470,21,9819.1
470,22,9846.15
470,23,9800.07
470,24,9812.44
470,25,9794.95
470,26,9855.05
470,27,9846.24
470,28,9824.62
470,29,9852.1
470,30,9811.42
470,31,9868.39
470,32,9833.86
470,33,9803.97
470,34,9827.15
470,35,9861.65
470,36,9844.99
470,37,9832.33
470,38,9806.22
470,39,9789.65
470,40,9852.85
470,41,9845.88
470,42,9813.33
470,43,9819.85
470,44,9822.17
470,45,9861.86
470,46,9792.87
470,47,9862.82
470,48,9799.45
470,49,9812.68
470,50,9862.98
470,51,9849.84
470,52,9831.12
470,53,9818.24
470,54,9813.17
470,55,9826.22
470,56,9816.93
470,57,9809.3
470,58,9835.1
470,59,9863.28
470,60,9819.02
470,61,9832.34
470,62,9835.92
470,63,9823.6
470,64,9812.43
470,65,9812.43
470,66,9781.49
470,67,9823.21
470,68,9827.91
470,69,9821.98
470,70,9830.31
470,71,9849.17
470,72,9793.64
470,73,9859.49
470,74,9863.72
470,75,9839.82
470,76,9819
470,77,9853.58
470,78,9802.7
470,79,9861.87
470,80,9792.03
470,81,9865.44
470,82,9839.07
470,83,9819.4
470,84,9828.12
470,85,9808.86
470,86,9854.73
470,87,9788.2
470,88,9843.87
470,89,9814.2
470,90,9830.41
470,91,9835.37
470,92,9781.87
470,93,9827.91
470,94,9847.05
470,95,9862.69
470,96,9864.8
470,97,9851.01
470,98,9853.39
470,99,9826.07
480,0,9848.39
480,1,9855.68
480,2,9821.37
480,3,9846.33
480,4,9843.47
480,5,9819.32
480,6,9823.13
480,7,9793.78
480,8,9838.12
480,9,9871.99
480,10,9819.82
480,11,9826.53
480,12,9837.44
480,13,9826.54
480,14,9828.3
480,15,9846.34
480,16,9824.53
480,17,9832.23
480,18,9851.91
480,19,9835.21
480,20,9797.57
480,21,9818.8
480,22,9845.85
480,23,9799.77
480,24,9812.14
480,25,9794.65
480,26,9854.75
480,27,9845.94
480,28,9824.32
480,29,9851.8
480,30,9811.12
480,31,9868.09
480,32,9833.56
480,33,9803.67
480,34,9826.85
480,35,9861.35
480,36,9844.69
480,37,9832.03
480,38,9805.92
480,39,9789.35
480,40,9852.55
480,41,9845.58
480,42,9813.03
480,43,9819.55
480,44,9821.87
480,45,9861.56
480,46,9792.57
480,47,9862.52
480,48,9799.15
480,49,9812.38
480,50,9862.68
480,51,9849.54
480,52,9830.82
480,53,9817.94
480,54,9812.87
480,55,9825.92
480,56,9816.63
480,57,9809
480,58,9834.8
480,59,9862.98
480,60,9818.72
480,61,9832.04
480,62,9835.62
480,63,9823.3
480,64,9812.13
480,65,9812.13
480,66,9781.19
480,67,9822.91
480,68,9827.61
480,69,9821.68
480,70,9830.01
480,71,9848.87
480,72,9793.34
480,73,9859.19
480,74,9863.42
480,75,9839.52
480,76,9818.7
480,77,9853.28
480,78,9802.4
480,79,9861.57
480,80,9791.73
480,81,9865.14
480,82,9838.77
480,83,9819.1
480,84,9827.82
480,85,9808.56
480,86,9854.43
480,87,9787.9
480,88,9843.57
480,89,9813.9
480,90,9830.11
480,91,9835.07
480,92,9781.57
480,93,9827.61
480,94,9846.75
480,95,9862.39
480,96,9864.5
480,97,9850.71
480,98,9853.09
480,99,9825.77
490,0,9848.09
490,1,9855.38
490,2,9821.07
490,3,9846.03
490,4,9843.17
490,5,9819.02
490,6,9822.83
490,7,9793.48
490,8,9837.82
490,9,9871.69
490,10,9819.52
490,11,9826.23
490,12,9837.14
490,13,9826.24
490,14,9828
490,15,9846.04
490,16,9824.23
490,17,9831.93
490,18,9851.61
490,19,9834.91
490,20,9796.64
490,21,9818.5
490,22,9845.55
490,23,9799.47
490,24,9811.84
490,25,9794.35
490,26,9854.45
490,27,9845.64
490,28,9824.02
490,29,9851.5
490,30,9810.76
490,31,9867.79
490,32,9833.26
490,33,9803.37
490,34,9826.55
490,35,9861.05
490,36,9844.39
490,37,9831.73
490,38,9805.29
490,39,9789.05
490,40,9852.25
490,41,9845.28
490,42,9812.35
490,43,9819.25
490,44,9821.57
490,45,9861.2
490,46,9792.27
490,47,9862.22
490,48,9798.46
490,49,9812.08
490,50,9862.38
490,51,9849.24
490,52,9830.52
490,53,9817.64
490,54,9812.57
490,55,9825.62
490,56,9816.33
490,57,9807.61
490,58,9834.5
490,59,9862.68
490,60,9818.42
490,61,9831.74
490,62,9835.32
490,63,9823
490,64,9811.83
490,65,9811.83
490,66,9780.89
490,67,9822.61
490,68,9827.31
490,69,9821.38
490,70,9829.71
490,71,9848.57
490,72,9793.04
490,73,9858.89
490,74,9863.12
490,75,9839.22
490,76,9818.4
490,77,9852.98
490,78,9801.77
490,79,9861.27
490,80,9791.43
490,81,9864.84
490,82,9838.47
490,83,9817.8
490,84,9827.52
490,85,9808.26
490,86,9854.13
490,87,9787.6
490,88,9843.27
490,89,9813.6
490,90,9829.81
490,91,9834.77
490,92,9781.27
490,93,9827.31
490,94,9846.45
490,95,9862.09
490,96,9864.2
490,97,9850.41
490,98,9852.79
490,99,9825.47
500,0,9838.57
500,1,9846.48
500,2,9809.82
500,3,9836.86
500,4,9833.4
500,5,9807.35
500,6,9811.68
500,7,9780.39
500,8,9827.69
500,9,9863.8
500,10,9808.31
500,11,9815.32
500,12,9827.05
500,13,9815.33
500,14,9817.46
500,15,9836.46
500,16,9813.11
500,17,9821.4
500,18,9842.88
500,19,9824.57
500,20,9784.51
500,21,9807.08
500,22,9835.93
500,23,9786.78
500,24,9800.03
500,25,9781.32
500,26,9845.88
500,27,9836.11
500,28,9812.97
500,29,9842.51
500,30,9798.97
500,31,9860.09
500,32,9822.82
500,33,9791
500,34,9815.67
500,35,9852.46
500,36,9835.04
500,37,9821.07
500,38,9793.43
500,39,9775.93
500,40,9843.28
500,41,9835.75
500,42,9801.01
500,43,9807.85
500,44,9810.36
500,45,9853.06
500,46,9779.21
500,47,9854.04
500,48,9786.2
500,49,9800.23
500,50,9853.89
500,51,9841.48
500,52,9819.79
500,53,9806.16
500,54,9800.76
500,55,9814.67
500,56,9804.72
500,57,9796.52
500,58,9824.14
500,59,9854.37
500,60,9806.9
500,61,9821.2
500,62,9825.01
500,63,9811.88
500,64,9799.97
500,65,9800.05
500,66,9766.96
500,67,9811.46
500,68,9816.47
500,69,9810.05
500,70,9818.96
500,71,9839.31
500,72,9779.85
500,73,9850.13
500,74,9854.97
500,75,9829.11
500,76,9806.97
500,77,9844.33
500,78,9789.67
500,79,9852.94
500,80,9778.21
500,81,9856.4
500,82,9830.24
500,83,9807.26
500,84,9816.7
500,85,9796.16
500,86,9845.09
500,87,9774.12
500,88,9833.5
500,89,9801.85
500,90,9819.44
500,91,9824.46
500,92,9767.37
500,93,9816.47
500,94,9836.82
500,95,9853.57
500,96,9855.83
500,97,9841.8
500,98,9843.51
500,99,9814.41
510,0,9838.27
510,1,9846.18
510,2,9809.52
510,3,9836.56
510,4,9833.1
510,5,9807.05
510,6,9811.38
510,7,9780.09
510,8,9827.39
510,9,9863.5
510,10,9808.01
510,11,9815.02
510,12,9826.75
510,13,9815.03
510,14,9817.16
510,15,9836.16
510,16,9812.81
510,17,9821.1
510,18,9842.58
510,19,9824.27
510,20,9784.21
510,21,9806.78
510,22,9835.63
510,23,9786.48
510,24,9799.73
510,25,9781.02
510,26,9845.58
510,27,9835.81
510,28,9812.67
510,29,9842.21
510,30,9798.67
510,31,9859.79
510,32,9822.52
510,33,9790.7
510,34,9815.37
510,35,9852.16
510,36,9834.74
510,37,9820.77
510,38,9793.13
510,39,9775.63
510,40,9842.98
510,41,9835.45
510,42,9800.71
510,43,9807.55
510,44,9810.06
510,45,9852.76
510,46,9778.91
510,47,9853.74
510,48,9785.9
510,49,9799.93
510,50,9853.59
510,51,9841.18
510,52,9819.49
510,53,9805.86
510,54,9800.46
510,55,9814.37
510,56,9804.42
510,57,9796.22
510,58,9823.84
510,59,9854.07
510,60,9806.6
510,61,9820.9
510,62,9824.71
510,63,9811.58
510,64,9799.67
510,65,9799.75
510,66,9766.66
510,67,9811.16
510,68,9816.17
510,69,9809.75
510,70,9818.66
510,71,9839.01
510,72,9779.55
510,73,9849.83
510,74,9854.67
510,75,9828.81
510,76,9806.67
510,77,9844.03
510,78,9789.37
510,79,9852.64
510,80,9777.91
510,81,9856.1
510,82,9829.94
510,83,9806.96
510,84,9816.4
510,85,9795.86
510,86,9844.79
510,87,9773.82
510,88,9833.2
510,89,9801.55
510,90,9819.14
510,91,9824.16
510,92,9767.07
510,93,9816.17
510,94,9836.52
510,95,9853.27
510,96,9855.53
510,97,9841.5
510,98,9843.21
510,99,9814.11
520,0,9837.97
520,1,9845.88
520,2,9809.22
520,3,9836.26
520,4,9832.8
520,5,9806.75
520,6,9811.08
520,7,9779.79
520,8,9827.09
520,9,9863.2
520,10,9807.71
520,11,9814.72
520,12,9826.45
520,13,9814.73
520,14,9816.86
520,15,9835.86
520,16,9812.51
520,17,9820.8
520,18,9842.28
520,19,9823.97
520,20,9783.91
520,21,9806.48
520,22,9835.33
520,23,9786.18
520,24,9799.43
520,25,9780.72
520,26,9845.28
520,27,9835.51
520,28,9812.37
520,29,9841.91
520,30,9798.37
520,31,9859.49
520,32,9822.22
520,33,9790.4
520,34,9815.07
520,35,9851.86
520,36,9834.44
520,37,9820.47
520,38,9792.83
520,39,9775.33
520,40,9842.68
520,41,9835.15
520,42,9800.41
520,43,9807.25
520,44,9809.76
520,45,9852.46
520,46,9778.61
520,47,9853.44
520,48,9785.6
520,49,9799.63
520,50,9853.29
520,51,9840.88
520,52,9819.19
520,53,9805.56
520,54,9800.16
520,55,9814.07
520,56,9804.12
520,57,9795.92
520,58,9823.54
520,59,9853.77
520,60,9806.3
520,61,9820.6
520,62,9824.41
520,63,9811.28
520,64,9799.37
520,65,9799.45
520,66,9766.36
520,67,9810.86
520,68,9815.87
520,69,9809.45
520,70,9818.36
520,71,9838.71
520,72,9779.25
520,73,9849.53
520,74,9854.37
520,75,9828.51
520,76,9806.37
520,77,9843.73
520,78,9789.07
520,79,9852.34
520,80,9777.61
520,81,9855.8
520,82,9829.64
520,83,9806.66
520,84,9816.1
520,85,9795.56
520,86,9844.49
520,87,9773.52
520,88,9832.9
520,89,9801.25
520,90,9818.84
520,91,9823.86
520,92,9766.77
520,93,9815.87
520,94,9836.22
520,95,9852.97
520,96,9855.23
520,97,9841.2
520,98,9842.91
520,99,9813.81
530,0,9828.47
530,1,9836.97
530,2,9797.97
530,3,9826.47
530,4,9823.02
530,5,9795.06
530,6,9799.93
530,7,9766.7
530,8,9816.95
530,9,9855.31
530,10,9796.47
530,11,9803.82
530,12,9816.35
530,13,9803.83
530,14,9806.31
530,15,9826.27
530,16,9801.4
530,17,9810.28
530,18,9833.53
530,19,9813.64
530,20,9771.16
530,21,9795.06
530,22,9825.72
530,23,9773.49
530,24,9787.62
530,25,9767.68
530,26,9836.69
530,27,9825.98
530,28,9801.32
530,29,9832.93
530,30,9786.53
530,31,9851.8
530,32,9811.78
530,33,9778.02
530,34,9804.18
530,35,9843.28
530,36,9825.07
530,37,9809.82
530,38,9780.64
530,39,9762.21
530,40,9833.71
530,41,9825.62
530,42,9788.69
530,43,9795.86
530,44,9798.54
530,45,9844.26
530,46,9765.55
530,47,9845.27
530,48,9772.95
530,49,9787.78
530,50,9844.79
530,51,9833.11
530,52,9808.45
530,53,9794.08
530,54,9788.34
530,55,9803.12
530,56,9792.52
530,57,9783.75
530,58,9813.18
530,59,9845.47
530,60,9794.78
530,61,9810.06
530,62,9814.11
530,63,9800.16
530,64,9787.5
530,65,9787.67
530,66,9752.43
530,67,9799.72
530,68,9805.03
530,69,9798.12
530,70,9807.62
530,71,9829.46
530,72,9766.08
530,73,9840.77
530,74,9846.21
530,75,9818.43
530,76,9794.95
530,77,9835.08
530,78,9776.64
530,79,9844.01
530,80,9764.38
530,81,9847.37
530,82,9819.05
530,83,9795.34
530,84,9805.28
530,85,9783.45
530,86,9835.44
530,87,9760.04
530,88,9823.13
530,89,9789.5
530,90,9808.46
530,91,9813.57
530,92,9752.86
530,93,9805.04
530,94,9826.6
530,95,9844.45
530,96,9846.86
530,97,9832.58
530,98,9833.86
530,99,9802.75
540,0,9828.17
540,1,9836.67
540,2,9797.67
540,3,9826.17
540,4,9822.72
540,5,9794.76
540,6,9799.63
540,7,9766.4
540,8,9816.65
540,9,9855.01
540,10,9796.17
540,11,9803.52
540,12,9816.05
540,13,9803.53
540,14,9806.01
540,15,9825.97
540,16,9801.1
540,17,9809.98
540,18,9833.23
540,19,9813.34
540,20,9770.86
540,21,9794.76
540,22,9825.42
540,23,9773.19
540,24,9787.32
540,25,9767.38
540,26,9836.39
540,27,9825.68
540,28,9801.02
540,29,9832.63
540,30,9786.23
540,31,9851.5
540,32,9811.48
540,33,9777.72
540,34,9803.88
540,35,9842.98
540,36,9824.77
540,37,9809.52
540,38,9780.34
540,39,9761.91
540,40,9833.41
540,41,9825.32
540,42,9788.39
540,43,9795.56
540,44,9798.24
540,45,9843.96
540,46,9765.25
540,47,9844.97
540,48,9772.65
540,49,9787.48
540,50,9844.49
540,51,9832.81
540,52,9808.15
540,53,9793.78
540,54,9788.04
540,55,9802.82
540,56,9792.22
540,57,9783.45
540,58,9812.88
540,59,9845.17
540,60,9794.48
540,61,9809.76
540,62,9813.81
540,63,9799.86
540,64,9787.2
540,65,9787.37
540,66,9752.13
540,67,9799.42
540,68,9804.73
540,69,9797.82
540,70,9807.32
540,71,9829.16
540,72,9765.78
540,73,9840.47
540,74,9845.91
540,75,9818.13
540,76,9794.65
540,77,9834.78
540,78,9776.34
540,79,9843.71
540,80,9764.08
540,81,9847.07
540,82,9818.75
540,83,9795.04
540,84,9804.98
540,85,9783.15
540,86,9835.14
540,87,9759.74
540,88,9822.83
540,89,9789.2
540,90,9808.16
540,91,9813.27
540,92,9752.56
540,93,9804.74
540,94,9826.3
540,95,9844.15
540,96,9846.56
540,97,9832.28
540,98,9833.56
540,99,9802.45
550,0,9827.87
550,1,9836.37
550,2,9797.37
550,3,9825.87
550,4,9822.42
550,5,9794.46
550,6,9799.33
550,7,9766.1
550,8,9816.35
550,9,9854.71
550,10,9795.87
550,11,9803.22
550,12,9815.75
550,13,9803.23
550,14,9805.71
550,15,9825.67
550,16,9800.8
550,17,9809.68
550,18,9832.93
550,19,9813.04
550,20,9770.56
550,21,9794.46
550,22,9825.12
550,23,9772.89
550,24,9787.02
550,25,9767.08
550,26,9836.09
550,27,9825.38
550,28,9800.72
550,29,9832.33
550,30,9785.93
550,31,9851.2
550,32,9811.18
550,33,9777.42
550,34,9803.58
550,35,9842.68
550,36,9824.47
550,37,9809.22
550,38,9780.04
550,39,9761.61
550,40,9833.11
550,41,9825.02
550,42,9788.09
550,43,9795.26
550,44,9797.94
550,45,9843.66
550,46,9764.95
550,47,9844.67
550,48,9772.35
550,49,9787.18
550,50,9844.19
550,51,9832.51
550,52,9807.85
550,53,9793.48
550,54,9787.74
550,55,9802.52
550,56,9791.92
550,57,9783.15
550,58,9812.58
550,59,9844.87
550,60,9794.18
550,61,9809.46
550,62,9813.51
550,63,9799.56
550,64,9786.9
550,65,9787.07
550,66,9751.83
550,67,9799.12
550,68,9804.43
550,69,9797.52
550,70,9807.02
550,71,9828.86
550,72,9765.48
550,73,9840.17
550,74,9845.61
550,75,9817.83
550,76,9794.35
550,77,9834.48
550,78,9776.04
550,79,9843.41
550,80,9763.78
550,81,9846.77
550,82,9818.45
550,83,9794.74
550,84,9804.68
550,85,9782.85
550,86,9834.84
550,87,9759.44
550,88,9822.53
550,89,9788.9
550,90,9807.86
550,91,9812.97
550,92,9752.26
550,93,9804.44
550,94,9826
550,95,9843.85
550,96,9846.26
550,97,9831.98
550,98,9833.26
550,99,9802.15
560,0,9818.34
560,1,9827.47
560,2,9786.12
560,3,9816.7
560,4,9812.65
560,5,9782.81
560,6,9788.18
560,7,9753.01
560,8,9806.22
560,9,9846.82
560,10,9784.66
560,11,9792.32
560,12,9805.66
560,13,9792.33
560,14,9795.16
560,15,9816.09
560,16,9789.68
560,17,9799.15
560,18,9824.21
560,19,9802.71
560,20,9757.81
560,21,9783.04
560,22,9815.5
560,23,9760.2
560,24,9775.21
560,25,9754.05
560,26,9827.54
560,27,9815.86
560,28,9789.66
560,29,9823.34
560,30,9774.08
560,31,9843.5
560,32,9800.74
560,33,9764.83
560,34,9792.7
560,35,9834.09
560,36,9815.13
560,37,9798.56
560,38,9767.84
560,39,9748.48
560,40,9824.14
560,41,9815.48
560,42,9776.37
560,43,9783.87
560,44,9786.73
560,45,9835.45
560,46,9751.88
560,47,9836.49
560,48,9759.71
560,49,9775.34
560,50,9835.7
560,51,9824.75
560,52,9797.12
560,53,9782
560,54,9775.92
560,55,9791.58
560,56,9780.32
560,57,9770.97
560,58,9802.23
560,59,9836.57
560,60,9782.66
560,61,9798.92
560,62,9803.21
560,63,9788.44
560,64,9775.04
560,65,9775.3
560,66,9737.9
560,67,9787.97
560,68,9793.59
560,69,9786.19
560,70,9796.27
560,71,9819.6
560,72,9752.28
560,73,9831.41
560,74,9837.45
560,75,9807.71
560,76,9782.92
560,77,9825.83
560,78,9763.61
560,79,9835.08
560,80,9750.55
560,81,9838.34
560,82,9810.23
560,83,9783.19
560,84,9793.86
560,85,9770.75
560,86,9825.8
560,87,9745.96
560,88,9812.76
560,89,9777.15
560,90,9797.49
560,91,9802.66
560,92,9738.36
560,93,9793.61
560,94,9816.38
560,95,9835.34
560,96,9837.89
560,97,9823.37
560,98,9823.97
560,99,9791.1
570,0,9818.04
570,1,9827.17
570,2,9785.82
570,3,9816.4
570,4,9812.35
570,5,9782.51
570,6,9787.88
570,7,9752.71
570,8,9805.92
570,9,9846.52
570,10,9784.36
570,11,9792.02
570,12,9805.36
570,13,9792.03
570,14,9794.86
570,15,9815.79
570,16,9789.38
570,17,9798.85
570,18,9823.91
570,19,9802.41
570,20,9757.51
570,21,9782.74
570,22,9815.2
570,23,9759.9
570,24,9774.91
570,25,9753.75
570,26,9827.24
570,27,9815.56
570,28,9789.36
570,29,9823.04
570,30,9773.78
570,31,9843.2
570,32,9800.44
570,33,9764.53
570,34,9792.4
570,35,9833.79
570,36,9814.83
570,37,9798.26
570,38,9767.54
570,39,9748.18
570,40,9823.84
570,41,9815.18
570,42,9776.07
570,43,9783.57
570,44,9786.43
570,45,9835.15
570,46,9751.58
570,47,9836.19
570,48,9759.41
570,49,9775.04
570,50,9835.4
570,51,9824.45
570,52,9796.82
570,53,9781.7
570,54,9775.62
570,55,9791.28
570,56,9780.02
570,57,9770.67
570,58,9801.93
570,59,9836.27
570,60,9782.36
570,61,9798.62
570,62,9802.91
570,63,9788.14
570,64,9774.74
570,65,9775
570,66,9737.6
570,67,9787.67
570,68,9793.29
570,69,9785.89
570,70,9795.97
570,71,9819.3
570,72,9751.98
570,73,9831.11
570,74,9837.15
570,75,9807.41
570,76,9782.62
570,77,9825.53
570,78,9763.31
570,79,9834.78
570,80,9750.25
570,81,9838.04
570,82,9809.93
570,83,9782.89
570,84,9793.56
570,85,9770.45
570,86,9825.5
570,87,9745.66
570,88,9812.46
570,89,9776.85
570,90,9797.19
570,91,9802.36
570,92,9738.06
570,93,9793.31
570,94,9816.08
570,95,9835.04
570,96,9837.59
570,97,9823.07
570,98,9823.67
570,99,9790.8
580,0,9817.74
580,1,9826.87
580,2,9785.52
580,3,9816.1
580,4,9812.05
580,5,9782.21
580,6,9787.58
580,7,9752.41
580,8,9805.62
580,9,9846.22
580,10,9784.06
580,11,9791.72
580,12,9805.06
580,13,9791.73
580,14,9794.56
580,15,9815.49
580,16,9789.08
580,17,9798.55
580,18,9823.61
580,19,9802.11
580,20,9757.21
580,21,9782.44
580,22,9814.9
580,23,9759.6
580,24,9774.61
580,25,9753.45
580,26,9826.94
580,27,9815.26
580,28,9789.06
580,29,9822.74
580,30,9773.48
580,31,9842.9
580,32,9800.14
580,33,9764.23
580,34,9792.1
580,35,9833.49
580,36,9814.53
580,37,9797.96
580,38,9767.24
580,39,9747.88
580,40,9823.54
580,41,9814.88
580,42,9775.77
580,43,9783.27
580,44,9786.13
580,45,9834.85
580,46,9751.28
580,47,9835.89
580,48,9759.11
580,49,9774.74
580,50,9835.1
580,51,9824.15
580,52,9796.52
580,53,9781.4
580,54,9775.32
580,55,9790.98
580,56,9779.72
580,57,9770.37
580,58,9801.63
580,59,9835.97
580,60,9782.06
580,61,9798.32
580,62,9802.61
580,63,9787.84
580,64,9774.44
580,65,9774.7
580,66,9737.3
580,67,9787.37
580,68,9792.99
580,69,9785.59
580,70,9795.67
580,71,9819
580,72,9751.68
580,73,9830.81
580,74,9836.85
580,75,9807.11
580,76,9782.32
580,77,9825.23
580,78,9763.01
580,79,9834.48
580,80,9749.95
580,81,9837.74
580,82,9809.63
580,83,9782.59
580,84,9793.26
580,85,9770.15
580,86,9825.2
580,87,9745.36
580,88,9812.16
580,89,9776.55
580,90,9796.89
580,91,9802.06
580,92,9737.76
580,93,9793.01
580,94,9815.78
580,95,9834.74
580,96,9837.29
580,97,9822.77
580,98,9823.37
580,99,9790.5
590,0,9808.33
590,1,9817.96
590,2,9774.27
590,3,9806.3
590,4,9802.27
590,5,9770.43
590,6,9776.48
590,7,9739.32
590,8,9795.49
590,9,9838.33
590,10,9772.66
590,11,9780.81
590,12,9794.96
590,13,9780.82
590,14,9784.01
590,15,9805.9
590,16,9777.96
590,17,9788.02
590,18,9814.77
590,19,9791.78
590,20,9744.45
590,21,9771.02
590,22,9805.29
590,23,9746.91
590,24,9762.81
590,25,9740.42
590,26,9818.26
590,27,9805.73
590,28,9778.01
590,29,9813.75
590,30,9761.63
590,31,9835.21
590,32,9789.7
590,33,9751.76
590,34,9781.22
590,35,9824.91
590,36,9804.47
590,37,9787.31
590,38,9755.05
590,39,9734.76
590,40,9814.56
590,41,9805.35
590,42,9764.05
590,43,9771.87
590,44,9774.91
590,45,9826.65
590,46,9738.22
590,47,9827.72
590,48,9746.46
590,49,9762.89
590,50,9826.6
590,51,9813.97
590,52,9786.07
590,53,9769.92
590,54,9763.51
590,55,9780.03
590,56,9768.23
590,57,9758.45
590,58,9791.27
590,59,9827.67
590,60,9770.62
590,61,9787.78
590,62,9792.31
590,63,9776.72
590,64,9762.57
590,65,9762.92
590,66,9723.37
590,67,9776.22
590,68,9782.14
590,69,9774.52
590,70,9784.92
590,71,9809.74
590,72,9738.6
590,73,9822.05
590,74,9828.7
590,75,9797.12
590,76,9770.89
590,77,9816.58
590,78,9750.58
590,79,9826.15
590,80,9736.73
590,81,9829.56
590,82,9799.04
590,83,9771.18
590,84,9782.44
590,85,9758.04
590,86,9816.16
590,87,9731.88
590,88,9802.39
590,89,9764.8
590,90,9786.52
590,91,9791.85
590,92,9723.85
590,93,9782.17
590,94,9806.15
590,95,9826.22
590,96,9828.92
590,97,9814.15
590,98,9814.23
590,99,9779.74
600,0,9808.03
600,1,9817.66
600,2,9773.97
600,3,9806
600,4,9801.97
600,5,9770.13
600,6,9776.18
600,7,9739.02
600,8,9795.19
600,9,9838.03
600,10,9772.36
600,11,9780.51
600,12,9794.66
600,13,9780.52
600,14,9783.71
600,15,9805.6
600,16,9777.66
600,17,9787.72
600,18,9814.47
600,19,9791.48
600,20,9744.15
600,21,9770.72
600,22,9804.99
600,23,9746.61
600,24,9762.51
600,25,9740.12
600,26,9817.96
600,27,9805.43
600,28,9777.71
600,29,9813.45
600,30,9761.33
600,31,9834.91
600,32,9789.4
600,33,9751.46
600,34,9780.92
600,35,9824.61
600,36,9804.17
600,37,9787.01
600,38,9754.75
600,39,9734.46
600,40,9814.26
600,41,9805.05
600,42,9763.75
600,43,9771.57
600,44,9774.61
600,45,9826.35
600,46,9737.92
600,47,9827.42
600,48,9746.16
600,49,9762.59
600,50,9826.3
600,51,9813.67
600,52,9785.77
600,53,9769.62
600,54,9763.21
600,55,9779.73
600,56,9767.93
600,57,9758.15
600,58,9790.97
600,59,9827.37
600,60,9770.32
600,61,9787.48
600,62,9792.01
600,63,9776.42
600,64,9762.27
600,65,9762.62
600,66,9723.07
600,67,9775.92
600,68,9781.84
600,69,9774.22
600,70,9784.62
600,71,9809.44
600,72,9738.3
600,73,9821.75
600,74,9828.4
600,75,9796.82
600,76,9770.59
600,77,9816.28
600,78,9750.28
600,79,9825.85
600,80,9736.43
600,81,9829.26
600,82,9798.74
600,83,9770.88
600,84,9782.14
600,85,9757.74
600,86,9815.86
600,87,9731.58
600,88,9802.09
600,89,9764.5
600,90,9786.22
600,91,9791.55
600,92,9723.55
600,93,9781.87
600,94,9805.85
600,95,9825.92
600,96,9828.62
600,97,9813.85
600,98,9813.93
600,99,9779.44
610,0,9807.73
610,1,9817.36
610,2,9773.67
610,3,9805.7
610,4,9801.67
610,5,9769.83
610,6,9775.88
610,7,9738.72
610,8,9794.89
610,9,9837.73
610,10,9772.06
610,11,9780.21
610,12,9794.36
610,13,9780.22
610,14,9783.41
610,15,9805.3
610,16,9777.36
610,17,9787.42
610,18,9814.17
610,19,9791.18
610,20,9743.85
610,21,9770.42
610,22,9804.69
610,23,9746.31
610,24,9762.21
610,25,9739.82
610,26,9817.66
610,27,9805.13
610,28,9777.41
610,29,9813.15
610,30,9761.03
610,31,9834.61
610,32,9789.1
610,33,9751.16
610,34,9780.62
610,35,9824.31
610,36,9803.87
610,37,9786.71
610,38,9754.45
610,39,9734.16
610,40,9813.96
610,41,9804.75
610,42,9763.45
610,43,9771.27
610,44,9774.31
610,45,9826.05
610,46,9737.62
610,47,9827.12
610,48,9745.86
610,49,9762.29
610,50,9826
610,51,9813.37
610,52,9785.47
610,53,9769.32
610,54,9762.91
610,55,9779.43
610,56,9767.63
610,57,9757.85
610,58,9790.67
610,59,9827.07
610,60,9770.02
610,61,9787.18
610,62,9791.71
610,63,9776.12
610,64,9761.97
610,65,9762.32
610,66,9722.77
610,67,9775.62
610,68,9781.54
610,69,9773.92
610,70,9784.32
610,71,9809.14
610,72,9738
610,73,9821.45
610,74,9828.1
610,75,9796.52
610,76,9770.29
610,77,9815.98
610,78,9749.98
610,79,9825.55
610,80,9736.13
610,81,9828.96
610,82,9798.44
610,83,9770.58
610,84,9781.84
610,85,9757.44
610,86,9815.56
610,87,9731.28
610,88,9801.79
610,89,9764.2
610,90,9785.92
610,91,9791.25
610,92,9723.25
610,93,9781.57
610,94,9805.55
610,95,9825.62
610,96,9828.32
610,97,9813.55
610,98,9813.63
610,99,9779.14
620,0,9798.19
620,1,9808.46
620,2,9762.43
620,3,9796.54
620,4,9791.89
620,5,9758.18
620,6,9764.72
620,7,9725.63
620,8,9784.75
620,9,9829.85
620,10,9760.86
620,11,9769.31
620,12,9784.27
620,13,9769.32
620,14,9772.86
620,15,9795.71
620,16,9766.25
620,17,9776.9
620,18,9805.46
620,19,9780.84
620,20,9731.1
620,21,9759
620,22,9795.07
620,23,9733.62
620,24,9750.4
620,25,9726.79
620,26,9809.11
620,27,9795.6
620,28,9766.36
620,29,9804.16
620,30,9749.18
620,31,9826.92
620,32,9778.66
620,33,9738.57
620,34,9769.73
620,35,9815.72
620,36,9794.54
620,37,9776.05
620,38,9742.26
620,39,9721.04
620,40,9804.99
620,41,9795.22
620,42,9751.73
620,43,9759.88
620,44,9763.1
620,45,9817.85
620,46,9724.56
620,47,9818.95
620,48,9733.22
620,49,9750.44
620,50,9817.51
620,51,9805.61
620,52,9774.73
620,53,9757.85
620,54,9751.09
620,55,9768.48
620,56,9756.02
620,57,9745.67
620,58,9780.32
620,59,9818.77
620,60,9758.5
620,61,9776.64
620,62,9781.41
620,63,9765
620,64,9750.11
620,65,9750.54
620,66,9708.84
620,67,9764.47
620,68,9770.7
620,69,9762.58
620,70,9773.57
620,71,9799.89
620,72,9724.8
620,73,9812.69
620,74,9819.94
620,75,9786.4
620,76,9758.87
620,77,9807.33
620,78,9737.55
620,79,9817.22
620,80,9722.9
620,81,9820.52
620,82,9790.21
620,83,9759.04
620,84,9771.02
620,85,9745.34
620,86,9806.51
620,87,9717.8
620,88,9792.02
620,89,9752.45
620,90,9775.54
620,91,9780.93
620,92,9709.35
620,93,9770.74
620,94,9795.93
620,95,9817.1
620,96,9819.94
620,97,9804.94
620,98,9804.35
620,99,9768.08
630,0,9797.89
630,1,9808.16
630,2,9762.13
630,3,9796.24
630,4,9791.59
630,5,9757.88
630,6,9764.42
630,7,9725.33
630,8,9784.45
630,9,9829.55
630,10,9760.56
630,11,9769.01
630,12,9783.97
630,13,9769.02
630,14,9772.56
630,15,9795.41
630,16,9765.95
630,17,9776.6
630,18,9805.16
630,19,9780.54
630,20,9730.8
630,21,9758.7
630,22,9794.77
630,23,9733.32
630,24,9750.1
630,25,9726.49
630,26,9808.81
630,27,9795.3
630,28,9766.06
630,29,9803.86
630,30,9748.88
630,31,9826.62
630,32,9778.36
630,33,9738.27
630,34,9769.43
630,35,9815.42
630,36,9794.24
630,37,9775.75
630,38,9741.96
630,39,9720.74
630,40,9804.69
630,41,9794.92
630,42,9751.43
630,43,9759.58
630,44,9762.8
630,45,9817.55
630,46,9724.26
630,47,9818.65
630,48,9732.92
630,49,9750.14
630,50,9817.21
630,51,9805.31
630,52,9774.43
630,53,9757.55
630,54,9750.79
630,55,9768.18
630,56,9755.72
630,57,9745.37
630,58,9780.02
630,59,9818.47
630,60,9758.2
630,61,9776.34
630,62,9781.11
630,63,9764.7
630,64,9749.81
630,65,9750.24
630,66,9708.54
630,67,9764.17
630,68,9770.4
630,69,9762.28
630,70,9773.27
630,71,9799.59
630,72,9724.5
630,73,9812.39
630,74,9819.64
630,75,9786.1
630,76,9758.57
630,77,9807.03
630,78,9737.25
630,79,9816.92
630,80,9722.6
630,81,9820.22
630,82,9789.91
630,83,9758.74
630,84,9770.72
630,85,9745.04
630,86,9806.21
630,87,9717.5
630,88,9791.72
630,89,9752.15
630,90,9775.24
630,91,9780.63
630,92,9709.05
630,93,9770.44
630,94,9795.63
630,95,9816.8
630,96,9819.64
630,97,9804.64
630,98,9804.05
630,99,9767.78
640,0,9797.59
640,1,9807.86
640,2,9761.83
640,3,9795.94
640,4,9791.29
640,5,9757.58
640,6,9764.12
640,7,9725.03
640,8,9784.15
640,9,9829.25
640,10,9760.26
640,11,9768.71
640,12,9783.67
640,13,9768.72
640,14,9772.26
640,15,9795.11
640,16,9765.65
640,17,9776.3
640,18,9804.86
640,19,9780.24
640,20,9730.5
640,21,9758.4
640,22,9794.47
640,23,9733.02
640,24,9749.8
640,25,9726.19
640,26,9808.51
640,27,9795
640,28,9765.76
640,29,9803.56
640,30,9748.58
640,31,9826.32
640,32,9778.06
640,33,9737.97
640,34,9769.13
640,35,9815.12
640,36,9793.94
640,37,9775.45
640,38,9741.66
640,39,9720.44
640,40,9804.39
640,41,9794.62
640,42,9751.13
640,43,9759.28
640,44,9762.5
640,45,9817.25
640,46,9723.96
640,47,9818.35
640,48,9732.62
640,49,9749.84
640,50,9816.91
640,51,9805.01
640,52,9774.13
640,53,9757.25
640,54,9750.49
640,55,9767.88
640,56,9755.42
640,57,9745.07
640,58,9779.72
640,59,9818.17
640,60,9757.9
640,61,9776.04
640,62,9780.81
640,63,9764.4
640,64,9749.51
640,65,9749.94
640,66,9708.24
640,67,9763.87
640,68,9770.1
640,69,9761.98
640,70,9772.97
640,71,9799.29
640,72,9724.2
640,73,9812.09
640,74,9819.34
640,75,9785.8
640,76,9758.27
640,77,9806.73
640,78,9736.95
640,79,9816.62
640,80,9722.3
640,81,9819.92
640,82,9789.61
640,83,9758.44
640,84,9770.42
640,85,9744.74
640,86,9805.91
640,87,9717.2
640,88,9791.42
640,89,9751.85
640,90,9774.94
640,91,9780.33
640,92,9708.75
640,93,9770.14
640,94,9795.33
640,95,9816.5
640,96,9819.34
640,97,9804.34
640,98,9803.75
640,99,9767.48
650,0,9788.08
650,1,9798.96
650,2,9750.58
650,3,9786.14
650,4,9781.52
650,5,9745.9
650,6,9752.97
650,7,9711.95
650,8,9774.02
650,9,9821.36
650,10,9749.04
650,11,9757.81
650,12,9773.57
650,13,9757.82
650,14,9761.71
650,15,9785.53
650,16,9754.53
650,17,9765.77
650,18,9796.12
650,19,9769.91
650,20,9717.75
650,21,9746.98
650,22,9784.86
650,23,9720.33
650,24,9737.99
650,25,9713.16
650,26,9799.94
650,27,9785.48
650,28,9754.7
650,29,9794.58
650,30,9736.73
650,31,9818.62
650,32,9767.63
650,33,9725.6
650,34,9758.25
650,35,9806.54
650,36,9784.58
650,37,9764.8
650,38,9729.46
650,39,9707.32
650,40,9795.42
650,41,9785.09
650,42,9739.42
650,43,9747.89
650,44,9751.28
650,45,9809.05
650,46,9710.9
650,47,9810.17
650,48,9719.97
650,49,9737.99
650,50,9808.42
650,51,9797.25
650,52,9763.4
650,53,9745.77
650,54,9738.67
650,55,9756.93
650,56,9743.82
650,57,9732.89
650,58,9769.36
650,59,9809.86
650,60,9746.38
650,61,9765.5
650,62,9770.51
650,63,9753.28
650,64,9737.64
650,65,9738.16
650,66,9694.31
650,67,9752.72
650,68,9759.26
650,69,9750.65
650,70,9762.23
650,71,9790.03
650,72,9711.01
650,73,9803.33
650,74,9811.18
650,75,9775.7
650,76,9746.84
650,77,9798.08
650,78,9724.52
650,79,9808.29
650,80,9709.07
650,81,9811.49
650,82,9781.38
650,83,9746.89
650,84,9759.59
650,85,9732.64
650,86,9796.87
650,87,9703.71
650,88,9781.65
650,89,9740.1
650,90,9764.57
650,91,9770.03
650,92,9694.85
650,93,9759.3
650,94,9785.7
650,95,9807.99
650,96,9810.97
650,97,9795.72
650,98,9794.46
650,99,9756.42
660,0,9787.78
660,1,9798.66
660,2,9750.28
660,3,9785.84
660,4,9781.22
660,5,9745.6
660,6,9752.67
660,7,9711.65
660,8,9773.72
660,9,9821.06
660,10,9748.74
660,11,9757.51
660,12,9773.27
660,13,9757.52
660,14,9761.41
660,15,9785.23
660,16,9754.23
660,17,9765.47
660,18,9795.82
660,19,9769.61
660,20,9717.45
660,21,9746.68
660,22,9784.56
660,23,9720.03
660,24,9737.69
660,25,9712.86
660,26,9799.64
660,27,9785.18
660,28,9754.4
660,29,9794.28
660,30,9736.43
660,31,9818.32
660,32,9767.33
660,33,9725.3
660,34,9757.95
660,35,9806.24
660,36,9784.28
660,37,9764.5
660,38,9729.16
660,39,9707.02
660,40,9795.12
660,41,9784.79
660,42,9739.12
660,43,9747.59
660,44,9750.98
660,45,9808.75
660,46,9710.6
660,47,9809.87
660,48,9719.67
660,49,9737.69
660,50,9808.12
660,51,9796.95
660,52,9763.1
660,53,9745.47
660,54,9738.37
660,55,9756.63
660,56,9743.52
660,57,9732.59
660,58,9769.06
660,59,9809.56
660,60,9746.08
660,61,9765.2
660,62,9770.21
660,63,9752.98
660,64,9737.34
660,65,9737.86
660,66,9694.01
660,67,9752.42
660,68,9758.96
660,69,9750.35
660,70,9761.93
660,71,9789.73
660,72,9710.71
660,73,9803.03
660,74,9810.88
660,75,9775.4
660,76,9746.54
660,77,9797.78
660,78,9724.22
660,79,9807.99
660,80,9708.77
660,81,9811.19
660,82,9781.08
660,83,9746.59
660,84,9759.29
660,85,9732.34
660,86,9796.57
660,87,9703.41
660,88,9781.35
660,89,9739.8
660,90,9764.27
660,91,9769.73
660,92,9694.55
660,93,9759
660,94,9785.4
660,95,9807.69
660,96,9810.67
660,97,9795.42
660,98,9794.16
660,99,9756.12
670,0,9787.48
670,1,9798.36
670,2,9749.98
670,3,9785.54
670,4,9780.92
670,5,9745.3
670,6,9752.37
670,7,9711.35
670,8,9773.42
670,9,9820.76
670,10,9748.44
670,11,9757.21
670,12,9772.97
670,13,9757.22
670,14,9761.11
670,15,9784.93
670,16,9753.93
670,17,9765.17
670,18,9795.52
670,19,9769.31
670,20,9717.15
670,21,9746.38
670,22,9784.26
670,23,9719.73
670,24,9737.39
670,25,9712.56
670,26,9799.34
670,27,9784.88
670,28,9754.1
670,29,9793.98
670,30,9736.13
670,31,9818.02
670,32,9767.03
670,33,9725
670,34,9757.65
670,35,9805.94
670,36,9783.98
670,37,9764.2
670,38,9728.86
670,39,9706.72
670,40,9794.82
670,41,9784.49
670,42,9738.82
670,43,9747.29
670,44,9750.68
670,45,9808.45
670,46,9710.3
670,47,9809.57
670,48,9719.37
670,49,9737.39
670,50,9807.82
670,51,9796.65
670,52,9762.8
670,53,9745.17
670,54,9738.07
670,55,9756.33
670,56,9743.22
670,57,9732.29
670,58,9768.76
670,59,9809.26
670,60,9745.78
670,61,9764.9
670,62,9769.91
670,63,9752.68
670,64,9737.04
670,65,9737.56
670,66,9693.71
670,67,9752.12
670,68,9758.66
670,69,9750.05
670,70,9761.63
670,71,9789.43
670,72,9710.41
670,73,9802.73
670,74,9810.58
670,75,9775.1
670,76,9746.24
670,77,9797.48
670,78,9723.92
670,79,9807.69
670,80,9708.47
670,81,9810.89
670,82,9780.78
670,83,9746.29
670,84,9758.99
670,85,9732.04
670,86,9796.27
670,87,9703.11
670,88,9781.05
670,89,9739.5
670,90,9763.97
670,91,9769.43
670,92,9694.25
670,93,9758.7
670,94,9785.1
670,95,9807.39
670,96,9810.37
670,97,9795.12
670,98,9793.86
670,99,9755.82
680,0,9777.98
680,1,9789.44
680,2,9738.73
680,3,9775.75
680,4,9771.14
680,5,9733.62
680,6,9741.22
680,7,9698.26
680,8,9763.29
680,9,9812.87
680,10,9737.2
680,11,9746.3
680,12,9762.87
680,13,9746.31
680,14,9750.56
680,15,9775.34
680,16,9742.82
680,17,9754.64
680,18,9786.77
680,19,9758.98
680,20,9704.39
680,21,9734.97
680,22,9774.64
680,23,9707.04
680,24,9725.59
680,25,9699.53
680,26,9790.75
680,27,9775.35
680,28,9743.05
680,29,9784.99
680,30,9724.28
680,31,9810.33
680,32,9756.59
680,33,9712.61
680,34,9746.77
680,35,9797.35
680,36,9774.61
680,37,9753.54
680,38,9716.67
680,39,9693.6
680,40,9785.85
680,41,9774.96
680,42,9727.1
680,43,9735.9
680,44,9739.47
680,45,9800.25
680,46,9697.23
680,47,9801.4
680,48,9706.73
680,49,9725.54
680,50,9799.32
680,51,9788.88
680,52,9752.07
680,53,9733.69
680,54,9726.25
680,55,9745.38
680,56,9731.62
680,57,9720.12
680,58,9758.4
680,59,9800.96
680,60,9734.26
680,61,9754.36
680,62,9759.61
680,63,9741.56
680,64,9725.18
680,65,9725.78
680,66,9679.78
680,67,9740.98
680,68,9747.82
680,69,9738.72
680,70,9750.88
680,71,9780.18
680,72,9697.24
680,73,9793.97
680,74,9802.42
680,75,9765.01
680,76,9734.82
680,77,9788.83
680,78,9711.49
680,79,9799.36
680,80,9695.24
680,81,9802.46
680,82,9770.19
680,83,9734.97
680,84,9748.17
680,85,9719.93
680,86,9787.23
680,87,9689.63
680,88,9771.28
680,89,9727.75
680,90,9753.6
680,91,9759.14
680,92,9680.34
680,93,9747.87
680,94,9775.48
680,95,9798.87
680,96,9802
680,97,9786.51
680,98,9784.82
680,99,9744.76
690,0,9777.68
690,1,9789.14
690,2,9738.43
690,3,9775.45
690,4,9770.84
690,5,9733.32
690,6,9740.92
690,7,9697.96
690,8,9762.99
690,9,9812.57
690,10,9736.9
690,11,9746
690,12,9762.57
690,13,9746.01
690,14,9750.26
690,15,9775.04
690,16,9742.52
690,17,9754.34
690,18,9786.47
690,19,9758.68
690,20,9704.09
690,21,9734.67
690,22,9774.34
690,23,9706.74
690,24,9725.29
690,25,9699.23
690,26,9790.45
690,27,9775.05
690,28,9742.75
690,29,9784.69
690,30,9723.98
690,31,9810.03
690,32,9756.29
690,33,9712.31
690,34,9746.47
690,35,9797.05
690,36,9774.31
690,37,9753.24
690,38,9716.37
690,39,9693.3
690,40,9785.55
690,41,9774.66
690,42,9726.8
690,43,9735.6
690,44,9739.17
690,45,9799.95
690,46,9696.93
690,47,9801.1
690,48,9706.43
690,49,9725.24
690,50,9799.02
690,51,9788.58
690,52,9751.77
690,53,9733.39
690,54,9725.95
690,55,9745.08
690,56,9731.32
690,57,9719.82
690,58,9758.1
690,59,9800.66
690,60,9733.96
690,61,9754.06
690,62,9759.31
690,63,9741.26
690,64,9724.88
690,65,9725.48
690,66,9679.48
690,67,9740.68
690,68,9747.52
690,69,9738.42
690,70,9750.58
690,71,9779.88
690,72,9696.94
690,73,9793.67
690,74,9802.12
690,75,9764.71
690,76,9734.52
690,77,9788.53
690,78,9711.19
690,79,9799.06
690,80,9694.94
690,81,9802.16
690,82,9769.89
690,83,9734.67
690,84,9747.87
690,85,9719.63
690,86,9786.93
690,87,9689.33
690,88,9770.98
690,89,9727.45
690,90,9753.3
690,91,9758.84
690,92,9680.04
690,93,9747.57
690,94,9775.18
690,95,9798.57
690,96,9801.7
690,97,9786.21
690,98,9784.52
690,99,9744.46
700,0,9777.38
700,1,9788.84
700,2,9738.13
700,3,9775.15
700,4,9770.54
700,5,9733.02
700,6,9740.62
700,7,9697.66
700,8,9762.69
700,9,9812.27
700,10,9736.6
700,11,9745.7
700,12,9762.27
700,13,9745.71
700,14,9749.96
700,15,9774.74
700,16,9742.22
700,17,9754.04
700,18,9786.17
700,19,9758.38
700,20,9703.79
700,21,9734.37
700,22,9774.04
700,23,9706.44
700,24,9724.99
700,25,9698.93
700,26,9790.15
700,27,9774.75
700,28,9742.45
700,29,9784.39
700,30,9723.68
700,31,9809.73
700,32,9755.99
700,33,9712.01
700,34,9746.17
700,35,9796.75
700,36,9774.01
700,37,9752.94
700,38,9716.07
700,39,9693
700,40,9785.25
700,41,9774.36
700,42,9726.5
700,43,9735.3
700,44,9738.87
700,45,9799.65
700,46,9696.63
700,47,9800.8
700,48,9706.13
700,49,9724.94
700,50,9798.72
700,51,9788.28
700,52,9751.47
700,53,9733.09
700,54,9725.65
700,55,9744.78
700,56,9731.02
700,57,9719.52
700,58,9757.8
700,59,9800.36
700,60,9733.66
700,61,9753.76
700,62,9759.01
700,63,9740.96
700,64,9724.58
700,65,9725.18
700,66,9679.18
700,67,9740.38
700,68,9747.22
700,69,9738.12
700,70,9750.28
700,71,9779.58
700,72,9696.64
700,73,9793.37
700,74,9801.82
700,75,9764.41
700,76,9734.22
700,77,9788.23
700,78,9710.89
700,79,9798.76
700,80,9694.64
700,81,9801.86
700,82,9769.59
700,83,9734.37
700,84,9747.57
700,85,9719.33
700,86,9786.63
700,87,9689.03
700,88,9770.68
700,89,9727.15
700,90,9753
700,91,9758.54
700,92,9679.74
700,93,9747.27
700,94,9774.88
700,95,9798.27
700,96,9801.4
700,97,9785.91
700,98,9784.22
700,99,9744.16
710,0,9767.93
710,1,9779.93
710,2,9726.88
710,3,9765.35
710,4,9760.76
710,5,9721.28
710,6,9729.47
710,7,9684.57
710,8,9752.55
710,9,9804.38
710,10,9725.2
710,11,9734.8
710,12,9752.18
710,13,9734.81
710,14,9739.41
710,15,9765.16
710,16,9731.1
710,17,9743.51
710,18,9777.37
710,19,9748.04
710,20,9691.04
710,21,9722.95
710,22,9764.43
710,23,9693.74
710,24,9713.18
710,25,9685.9
710,26,9781.52
710,27,9765.22
710,28,9731.4
710,29,9775.4
710,30,9711.83
710,31,9802.03
710,32,9745.55
710,33,9699.58
710,34,9735.28
710,35,9788.17
710,36,9764.59
710,37,9742.29
710,38,9703.88
710,39,9679.88
710,40,9776.28
710,41,9764.83
710,42,9714.78
710,43,9723.9
710,44,9727.65
710,45,9791.45
710,46,9683.57
710,47,9792.63
710,48,9693.48
710,49,9713.1
710,50,9790.23
710,51,9778.11
710,52,9740.74
710,53,9721.61
710,54,9713.83
710,55,9733.83
710,56,9719.41
710,57,9707.63
710,58,9747.45
710,59,9792.06
710,60,9722.22
710,61,9743.22
710,62,9748.71
710,63,9729.84
710,64,9712.71
710,65,9713.4
710,66,9665.25
710,67,9729.23
710,68,9736.38
710,69,9727.08
710,70,9739.53
710,71,9770.32
710,72,9683.52
710,73,9784.61
710,74,9793.67
710,75,9754.38
710,76,9722.79
710,77,9779.58
710,78,9698.46
710,79,9790.43
710,80,9681.42
710,81,9793.71
710,82,9759
710,83,9723
710,84,9736.75
710,85,9707.23
710,86,9777.58
710,87,9675.55
710,88,9760.91
710,89,9715.41
710,90,9742.63
710,91,9748.3
710,92,9665.84
710,93,9736.44
710,94,9765.26
710,95,9789.75
710,96,9793.03
710,97,9777.29
710,98,9775.11
710,99,9733.1
720,0,9767.63
720,1,9779.63
720,2,9726.58
720,3,9765.05
720,4,9760.46
720,5,9720.98
720,6,9729.17
720,7,9684.27
720,8,9752.25
720,9,9804.08
720,10,9724.9
720,11,9734.5
720,12,9751.88
720,13,9734.51
720,14,9739.11
720,15,9764.86
720,16,9730.8
720,17,9743.21
720,18,9777.07
720,19,9747.74
720,20,9690.74
720,21,9722.65
720,22,9764.13
720,23,9693.44
720,24,9712.88
720,25,9685.6
720,26,9781.22
720,27,9764.92
720,28,9731.1
720,29,9775.1
720,30,9711.53
720,31,9801.73
720,32,9745.25
720,33,9699.28
720,34,9734.98
720,35,9787.87
720,36,9764.29
720,37,9741.99
720,38,9703.58
720,39,9679.58
720,40,9775.98
720,41,9764.53
720,42,9714.48
720,43,9723.6
720,44,9727.35
720,45,9791.15
720,46,9683.27
720,47,9792.33
720,48,9693.18
720,49,9712.8
720,50,9789.93
720,51,9777.81
720,52,9740.44
720,53,9721.31
720,54,9713.53
720,55,9733.53
720,56,9719.11
720,57,9707.33
720,58,9747.15
720,59,9791.76
720,60,9721.92
720,61,9742.92
720,62,9748.41
720,63,9729.54
720,64,9712.41
720,65,9713.1
720,66,9664.95
720,67,9728.93
720,68,9736.08
720,69,9726.78
720,70,9739.23
720,71,9770.02
720,72,9683.22
720,73,9784.31
720,74,9793.37
720,75,9754.08
720,76,9722.49
720,77,9779.28
720,78,9698.16
720,79,9790.13
720,80,9681.12
720,81,9793.41
720,82,9758.7
720,83,9722.7
720,84,9736.45
720,85,9706.93
720,86,9777.28
720,87,9675.25
720,88,9760.61
720,89,9715.11
720,90,9742.33
720,91,9748
720,92,9665.54
720,93,9736.14
720,94,9764.96
720,95,9789.45
720,96,9792.73
720,97,9776.99
720,98,9774.81
720,99,9732.8
730,0,9767.33
730,1,9779.33
730,2,9726.28
730,3,9764.75
730,4,9760.16
730,5,9720.68
730,6,9728.87
730,7,9683.97
730,8,9751.95
730,9,9803.78
730,10,9724.6
730,11,9734.2
730,12,9751.58
730,13,9734.21
730,14,9738.81
730,15,9764.56
730,16,9730.5
730,17,9742.91
730,18,9776.77
730,19,9747.44
730,20,9690.44
730,21,9722.35
730,22,9763.83
730,23,9693.14
730,24,9712.58
730,25,9685.3
730,26,9780.92
730,27,9764.62
730,28,9730.8
730,29,9774.8
730,30,9711.23
730,31,9801.43
730,32,9744.95
730,33,9698.98
730,34,9734.68
730,35,9787.57
730,36,9763.99
730,37,9741.69
730,38,9703.28
730,39,9679.28
730,40,9775.68
730,41,9764.23
730,42,9714.18
730,43,9723.3
730,44,9727.05
730,45,9790.85
730,46,9682.97
730,47,9792.03
730,48,9692.88
730,49,9712.5
730,50,9789.63
730,51,9777.51
730,52,9740.14
730,53,9721.01
730,54,9713.23
730,55,9733.23
730,56,9718.81
730,57,9707.03
730,58,9746.85
730,59,9791.46
730,60,9721.62
730,61,9742.62
730,62,9748.11
730,63,9729.24
730,64,9712.11
730,65,9712.8
730,66,9664.65
730,67,9728.63
730,68,9735.78
730,69,9726.48
730,70,9738.93
730,71,9769.72
730,72,9682.92
730,73,9784.01
730,74,9793.07
730,75,9753.78
730,76,9722.19
730,77,9778.98
730,78,9697.86
730,79,9789.83
730,80,9680.82
730,81,9793.11
730,82,9758.4
730,83,9722.4
730,84,9736.15
730,85,9706.63
730,86,9776.98
730,87,9674.95
730,88,9760.31
730,89,9714.81
730,90,9742.03
730,91,9747.7
730,92,9665.24
730,93,9735.84
730,94,9764.66
730,95,9789.15
730,96,9792.43
730,97,9776.69
730,98,9774.51
730,99,9732.5
740,0,9757.96
740,1,9770.02
740,2,9715.03
740,3,9756.03
740,4,9750.39
740,5,9710.62
740,6,9717.77
740,7,9670.88
740,8,9741.82
740,9,9795.98
740,10,9713.19
740,11,9723.29
740,12,9741.48
740,13,9723.31
740,14,9726.47
740,15,9754.97
740,16,9720.11
740,17,9732.39
740,18,9764.68
740,19,9737.14
740,20,9677.69
740,21,9710.93
740,22,9754.21
740,23,9680.45
740,24,9700.77
740,25,9672.26
740,26,9769.35
740,27,9755.09
740,28,9719.74
740,29,9764.69
740,30,9699.38
740,31,9790.43
740,32,9734.51
740,33,9686.44
740,34,9723.8
740,35,9778.98
740,36,9753.93
740,37,9731.9
740,38,9691.08
740,39,9664.56
740,40,9766.11
740,41,9754.52
740,42,9702.46
740,43,9712.06
740,44,9715.84
740,45,9780.36
740,46,9669.1
740,47,9781.41
740,48,9680.23
740,49,9700.65
740,50,9781.13
740,51,9767.33
740,52,9729.62
740,53,9709.53
740,54,9701.42
740,55,9722.28
740,56,9707.33
740,57,9695.05
740,58,9736.49
740,59,9781.85
740,60,9710.59
740,61,9732.08
740,62,9737.81
740,63,9718.12
740,64,9700.25
740,65,9701.02
740,66,9650.72
740,67,9717.48
740,68,9724.93
740,69,9715.34
740,70,9728.58
740,71,9760.31
740,72,9669.88
740,73,9775.48
740,74,9783.39
740,75,9743.79
740,76,9710.76
740,77,9766.78
740,78,9685.43
740,79,9779.7
740,80,9667.59
740,81,9784.87
740,82,9747.81
740,83,9710.93
740,84,9725.33
740,85,9694.52
740,86,9767.94
740,87,9661.47
740,88,9750.54
740,89,9703.06
740,90,9729.44
740,91,9737.01
740,92,9651.32
740,93,9725
740,94,9755.52
740,95,9780.64
740,96,9784.03
740,97,9763.62
740,98,9765.31
740,99,9721.68
750,0,9757.66
750,1,9769.72
750,2,9714.73
750,3,9755.73
750,4,9750.09
750,5,9710.32
750,6,9717.47
750,7,9670.58
750,8,9741.52
750,9,9795.68
750,10,9712.89
750,11,9722.99
750,12,9741.18
750,13,9723.01
750,14,9726.17
750,15,9754.67
750,16,9719.81
750,17,9732.09
750,18,9764.38
750,19,9736.84
750,20,9677.39
750,21,9710.63
750,22,9753.91
750,23,9680.15
750,24,9700.47
750,25,9671.96
750,26,9769.05
750,27,9754.79
750,28,9719.44
750,29,9764.39
750,30,9699.08
750,31,9790.13
750,32,9734.21
750,33,9686.14
750,34,9723.5
750,35,9778.68
750,36,9753.63
750,37,9731.6
750,38,9690.78
750,39,9664.26
750,40,9765.81
750,41,9754.22
750,42,9702.16
750,43,9711.76
750,44,9715.54
750,45,9780.06
750,46,9668.8
750,47,9781.11
750,48,9679.93
750,49,9700.35
750,50,9780.83
750,51,9767.03
750,52,9729.32
750,53,9709.23
750,54,9701.12
750,55,9721.98
750,56,9707.03
750,57,9694.75
750,58,9736.19
750,59,9781.55
750,60,9710.29
750,61,9731.78
750,62,9737.51
750,63,9717.82
750,64,9699.95
750,65,9700.72
750,66,9650.42
750,67,9717.18
750,68,9724.63
750,69,9715.04
750,70,9728.28
750,71,9760.01
750,72,9669.58
750,73,9775.18
750,74,9783.09
750,75,9743.49
750,76,9710.46
750,77,9766.48
750,78,9685.13
750,79,9779.4
750,80,9667.29
750,81,9784.57
750,82,9747.51
750,83,9710.63
750,84,9725.03
750,85,9694.22
750,86,9767.64
750,87,9661.17
750,88,9750.24
750,89,9702.76
750,90,9729.14
750,91,9736.71
750,92,9651.03
750,93,9724.7
750,94,9755.22
750,95,9780.34
750,96,9783.73
750,97,9763.32
750,98,9765.01
750,99,9721.38
760,0,9757.36
760,1,9769.42
760,2,9714.43
760,3,9755.43
760,4,9749.79
760,5,9710.02
760,6,9717.17
760,7,9670.28
760,8,9741.22
760,9,9795.38
760,10,9712.59
760,11,9722.69
760,12,9740.88
760,13,9722.71
760,14,9725.87
760,15,9754.37
760,16,9719.51
760,17,9731.79
760,18,9764.08
760,19,9736.54
760,20,9677.09
760,21,9710.33
760,22,9753.61
760,23,9679.85
760,24,9700.17
760,25,9671.66
760,26,9768.75
760,27,9754.49
760,28,9719.14
760,29,9764.09
760,30,9698.78
760,31,9789.83
760,32,9733.91
760,33,9685.84
760,34,9723.2
760,35,9778.38
760,36,9753.33
760,37,9731.3
760,38,9690.48
760,39,9663.96
760,40,9765.51
760,41,9753.92
760,42,9701.86
760,43,9711.46
760,44,9715.24
760,45,9779.76
760,46,9668.5
760,47,9780.81
760,48,9679.63
760,49,9700.05
760,50,9780.53
760,51,9766.73
760,52,9729.02
760,53,9708.93
760,54,9700.82
760,55,9721.68
760,56,9706.73
760,57,9694.45
760,58,9735.89
760,59,9781.25
760,60,9709.99
760,61,9731.48
760,62,9737.21
760,63,9717.52
760,64,9699.65
760,65,9700.42
760,66,9650.12
760,67,9716.88
760,68,9724.33
760,69,9714.74
760,70,9727.98
760,71,9759.71
760,72,9669.28
760,73,9774.88
760,74,9782.79
760,75,9743.19
760,76,9710.16
760,77,9766.18
760,78,9684.83
760,79,9779.1
760,80,9666.99
760,81,9784.27
760,82,9747.21
760,83,9710.33
760,84,9724.73
760,85,9693.92
760,86,9767.34
760,87,9660.87
760,88,9749.94
760,89,9702.46
760,90,9728.84
760,91,9736.41
760,92,9650.73
760,93,9724.4
760,94,9754.92
760,95,9780.04
760,96,9783.43
760,97,9763.02
760,98,9764.71
760,99,9721.08
770,0,9747.92
770,1,9760.5
770,2,9703.18
770,3,9745.63
770,4,9740.01
770,5,9698.27
770,6,9706.01
770,7,9657.19
770,8,9731.09
770,9,9787.49
770,10,9701.19
770,11,9711.79
770,12,9730.79
770,13,9711.8
770,14,9715.32
770,15,9744.78
770,16,9708.39
770,17,9721.26
770,18,9755.27
770,19,9726.21
770,20,9664.33
770,21,9698.91
770,22,9743.99
770,23,9667.15
770,24,9688.37
770,25,9658.62
770,26,9760.1
770,27,9744.96
770,28,9708.09
770,29,9755.1
770,30,9686.93
770,31,9782.13
770,32,9723.47
770,33,9673.38
770,34,9712.32
770,35,9769.79
770,36,9743.27
770,37,9720.64
770,38,9678.29
770,39,9650.83
770,40,9756.54
770,41,9744.39
770,42,9690.14
770,43,9700.07
770,44,9704.02
770,45,9771.56
770,46,9655.43
770,47,9772.64
770,48,9666.98
770,49,9688.2
770,50,9772.04
770,51,9756.56
770,52,9718.58
770,53,9697.45
770,54,9689
770,55,9710.74
770,56,9695.12
770,57,9682.55
770,58,9725.53
770,59,9772.95
770,60,9698.55
770,61,9720.94
770,62,9726.91
770,63,9706.4
770,64,9687.78
770,65,9688.64
770,66,9636.18
770,67,9705.73
770,68,9713.49
770,69,9703.69
770,70,9717.23
770,71,9750.45
770,72,9656.16
770,73,9766.12
770,74,9774.63
770,75,9733.17
770,76,9698.73
770,77,9757.53
770,78,9672.4
770,79,9770.76
770,80,9653.76
770,81,9776.11
770,82,9736.62
770,83,9698.95
770,84,9713.91
770,85,9681.82
770,86,9758.29
770,87,9647.38
770,88,9740.17
770,89,9690.71
770,90,9718.47
770,91,9726.18
770,92,9636.8
770,93,9713.57
770,94,9745.3
770,95,9771.52
770,96,9775.06
770,97,9754.41
770,98,9755.59
770,99,9710.03
780,0,9747.62
780,1,9760.2
780,2,9702.88
780,3,9745.33
780,4,9739.71
780,5,9697.97
780,6,9705.71
780,7,9656.89
780,8,9730.79
780,9,9787.19
780,10,9700.89
780,11,9711.49
780,12,9730.49
780,13,9711.5
780,14,9715.02
780,15,9744.48
780,16,9708.09
780,17,9720.96
780,18,9754.97
780,19,9725.91
780,20,9664.03
780,21,9698.61
780,22,9743.69
780,23,9666.86
780,24,9688.07
780,25,9658.33
780,26,9759.8
780,27,9744.66
780,28,9707.79
780,29,9754.8
780,30,9686.63
780,31,9781.83
780,32,9723.17
780,33,9673.08
780,34,9712.02
780,35,9769.49
780,36,9742.97
780,37,9720.34
780,38,9677.99
780,39,9650.53
780,40,9756.24
780,41,9744.09
780,42,9689.84
780,43,9699.77
780,44,9703.72
780,45,9771.26
780,46,9655.13
780,47,9772.34
780,48,9666.69
780,49,9687.9
780,50,9771.74
780,51,9756.26
780,52,9718.28
780,53,9697.15
780,54,9688.7
780,55,9710.44
780,56,9694.82
780,57,9682.25
780,58,9725.23
780,59,9772.65
780,60,9698.25
780,61,9720.64
780,62,9726.61
780,63,9706.1
780,64,9687.48
780,65,9688.34
780,66,9635.89
780,67,9705.43
780,68,9713.19
780,69,9703.39
780,70,9716.93
780,71,9750.15
780,72,9655.87
780,73,9765.82
780,74,9774.33
780,75,9732.87
780,76,9698.44
780,77,9757.23
780,78,9672.1
780,79,9770.46
780,80,9653.47
780,81,9775.81
780,82,9736.32
780,83,9698.65
780,84,9713.61
780,85,9681.52
780,86,9757.99
780,87,9647.09
780,88,9739.87
780,89,9690.41
780,90,9718.17
780,91,9725.88
780,92,9636.52
780,93,9713.27
780,94,9745
780,95,9771.22
780,96,9774.76
780,97,9754.11
780,98,9755.29
780,99,9709.73
790,0,9747.32
790,1,9759.9
790,2,9702.58
790,3,9745.03
790,4,9739.41
790,5,9697.67
790,6,9705.41
790,7,9656.59
790,8,9730.49
790,9,9786.89
790,10,9700.59
790,11,9711.19
790,12,9730.19
790,13,9711.2
790,14,9714.72
790,15,9744.18
790,16,9707.79
790,17,9720.66
790,18,9754.67
790,19,9725.61
790,20,9663.73
790,21,9698.31
790,22,9743.39
790,23,9666.56
790,24,9687.77
790,25,9658.03
790,26,9759.5
790,27,9744.36
790,28,9707.49
790,29,9754.5
790,30,9686.33
790,31,9781.53
790,32,9722.87
790,33,9672.78
790,34,9711.72
790,35,9769.19
790,36,9742.67
790,37,9720.04
790,38,9677.69
790,39,9650.23
790,40,9755.94
790,41,9743.79
790,42,9689.54
790,43,9699.47
790,44,9703.42
790,45,9770.96
790,46,9654.83
790,47,9772.04
790,48,9666.39
790,49,9687.6
790,50,9771.44
790,51,9755.96
790,52,9717.98
790,53,9696.85
790,54,9688.4
790,55,9710.14
790,56,9694.52
790,57,9681.95
790,58,9724.93
790,59,9772.35
790,60,9697.95
790,61,9720.34
790,62,9726.31
790,63,9705.8
790,64,9687.18
790,65,9688.04
790,66,9635.59
790,67,9705.13
790,68,9712.89
790,69,9703.09
790,70,9716.63
790,71,9749.85
790,72,9655.57
790,73,9765.52
790,74,9774.03
790,75,9732.57
790,76,9698.14
790,77,9756.93
790,78,9671.8
790,79,9770.16
790,80,9653.17
790,81,9775.51
790,82,9736.02
790,83,9698.35
790,84,9713.31
790,85,9681.22
790,86,9757.69
790,87,9646.79
790,88,9739.57
790,89,9690.11
790,90,9717.87
790,91,9725.58
790,92,9636.22
790,93,9712.97
790,94,9744.7
790,95,9770.92
790,96,9774.46
790,97,9753.81
790,98,9754.99
790,99,9709.43
800,0,9737.9
800,1,9750.99
800,2,9691.33
800,3,9735.23
800,4,9729.64
800,5,9685.9
800,6,9694.31
800,7,9643.5
800,8,9720.35
800,9,9779
800,10,9689.18
800,11,9700.29
800,12,9720.09
800,13,9700.3
800,14,9704.17
800,15,9734.6
800,16,9696.66
800,17,9710.13
800,18,9745.84
800,19,9715.28
800,20,9650.96
800,21,9686.89
800,22,9733.78
800,23,9653.85
800,24,9675.96
800,25,9644.98
800,26,9750.84
800,27,9734.84
800,28,9696.42
800,29,9745.52
800,30,9674.47
800,31,9773.84
800,32,9712.43
800,33,9660.31
800,34,9700.83
800,35,9760.61
800,36,9732.62
800,37,9709.38
800,38,9665.48
800,39,9637.1
800,40,9746.97
800,41,9734.26
800,42,9677.81
800,43,9688.06
800,44,9692.21
800,45,9762.76
800,46,9641.75
800,47,9763.87
800,48,9653.72
800,49,9675.74
800,50,9762.95
800,51,9745.78
800,52,9707.54
800,53,9685.36
800,54,9676.57
800,55,9699.19
800,56,9682.91
800,57,9670.04
800,58,9714.57
800,59,9764.05
800,60,9686.5
800,61,9709.8
800,62,9716
800,63,9694.68
800,64,9675.32
800,65,9676.26
800,66,9621.63
800,67,9693.97
800,68,9702.05
800,69,9692.02
800,70,9705.88
800,71,9740.6
800,72,9642.46
800,73,9756.76
800,74,9765.87
800,75,9722.56
800,76,9686.69
800,77,9748.28
800,78,9659.36
800,79,9761.83
800,80,9639.92
800,81,9767.34
800,82,9725.42
800,83,9686.95
800,84,9702.49
800,85,9669.11
800,86,9748.65
800,87,9633.29
800,88,9729.8
800,89,9678.36
800,90,9707.5
800,91,9715.38
800,92,9622.28
800,93,9702.13
800,94,9735.08
800,95,9762.4
800,96,9766.09
800,97,9745.19
800,98,9745.86
800,99,9698.67
810,0,9737.6
810,1,9750.69
810,2,9691.03
810,3,9734.93
810,4,9729.34
810,5,9685.6
810,6,9694.01
810,7,9643.2
810,8,9720.05
810,9,9778.7
810,10,9688.88
810,11,9699.99
810,12,9719.79
810,13,9700
810,14,9703.87
810,15,9734.3
810,16,9696.37
810,17,9709.83
810,18,9745.54
810,19,9714.98
810,20,9650.68
810,21,9686.59
810,22,9733.48
810,23,9653.57
810,24,9675.66
810,25,9644.7
810,26,9750.54
810,27,9734.54
810,28,9696.13
810,29,9745.22
810,30,9674.18
810,31,9773.54
810,32,9712.13
810,33,9660.02
810,34,9700.53
810,35,9760.31
810,36,9732.32
810,37,9709.09
810,38,9665.2
810,39,9636.81
810,40,9746.67
810,41,9733.96
810,42,9677.52
810,43,9687.78
810,44,9691.91
810,45,9762.46
810,46,9641.47
810,47,9763.57
810,48,9653.44
810,49,9675.45
810,50,9762.65
810,51,9745.48
810,52,9707.24
810,53,9685.07
810,54,9676.28
810,55,9698.89
810,56,9682.62
810,57,9669.74
810,58,9714.27
810,59,9763.75
810,60,9686.21
810,61,9709.5
810,62,9715.7
810,63,9694.38
810,64,9675.02
810,65,9675.96
810,66,9621.36
810,67,9693.68
810,68,9701.75
810,69,9691.72
810,70,9705.59
810,71,9740.3
810,72,9642.18
810,73,9756.46
810,74,9765.57
810,75,9722.26
810,76,9686.41
810,77,9747.98
810,78,9659.07
810,79,9761.53
810,80,9639.64
810,81,9767.04
810,82,9725.13
810,83,9686.65
810,84,9702.19
810,85,9668.82
810,86,9748.35
810,87,9633.01
810,88,9729.5
810,89,9678.06
810,90,9707.2
810,91,9715.08
810,92,9622.02
810,93,9701.84
810,94,9734.78
810,95,9762.1
810,96,9765.79
810,97,9744.89
810,98,9745.56
810,99,9698.38
820,0,9737.3
820,1,9750.39
820,2,9690.73
820,3,9734.63
820,4,9729.04
820,5,9685.3
820,6,9693.71
820,7,9642.9
820,8,9719.75
820,9,9778.4
820,10,9688.58
820,11,9699.69
820,12,9719.49
820,13,9699.7
820,14,9703.57
820,15,9734
820,16,9696.07
820,17,9709.53
820,18,9745.24
820,19,9714.68
820,20,9650.38
820,21,9686.29
820,22,9733.18
820,23,9653.27
820,24,9675.36
820,25,9644.4
820,26,9750.24
820,27,9734.24
820,28,9695.83
820,29,9744.92
820,30,9673.88
820,31,9773.24
820,32,9711.83
820,33,9659.72
820,34,9700.23
820,35,9760.01
820,36,9732.02
820,37,9708.79
820,38,9664.9
820,39,9636.51
820,40,9746.37
820,41,9733.66
820,42,9677.22
820,43,9687.48
820,44,9691.61
820,45,9762.16
820,46,9641.17
820,47,9763.27
820,48,9653.14
820,49,9675.15
820,50,9762.35
820,51,9745.18
820,52,9706.94
820,53,9684.77
820,54,9675.98
820,55,9698.59
820,56,9682.32
820,57,9669.44
820,58,9713.97
820,59,9763.45
820,60,9685.91
820,61,9709.2
820,62,9715.4
820,63,9694.08
820,64,9674.72
820,65,9675.66
820,66,9621.06
820,67,9693.38
820,68,9701.45
820,69,9691.42
820,70,9705.29
820,71,9740
820,72,9641.88
820,73,9756.16
820,74,9765.27
820,75,9721.96
820,76,9686.11
820,77,9747.68
820,78,9658.77
820,79,9761.23
820,80,9639.34
820,81,9766.74
820,82,9724.83
820,83,9686.35
820,84,9701.89
820,85,9668.52
820,86,9748.05
820,87,9632.71
820,88,9729.2
820,89,9677.76
820,90,9706.9
820,91,9714.78
820,92,9621.72
820,93,9701.54
820,94,9734.48
820,95,9761.8
820,96,9765.49
820,97,9744.59
820,98,9745.26
820,99,9698.08
830,0,9727.81
830,1,9741.48
830,2,9679.47
830,3,9724.84
830,4,9719.26
830,5,9673.6
830,6,9682.54
830,7,9629.8
830,8,9709.62
830,9,9770.51
830,10,9677.33
830,11,9688.77
830,12,9709.4
830,13,9688.78
830,14,9693.02
830,15,9724.41
830,16,9684.93
830,17,9698.99
830,18,9736.48
830,19,9704.33
830,20,9637.6
830,21,9674.86
830,22,9723.56
830,23,9640.54
830,24,9663.55
830,25,9631.33
830,26,9741.64
830,27,9724.71
830,28,9684.75
830,29,9735.93
830,30,9662.01
830,31,9765.55
830,32,9701.37
830,33,9647.3
830,34,9689.34
830,35,9751.42
830,36,9722.64
830,37,9698.11
830,38,9652.67
830,39,9623.36
830,40,9737.4
830,41,9724.12
830,42,9665.48
830,43,9676.06
830,44,9680.38
830,45,9753.96
830,46,9628.07
830,47,9755.09
830,48,9640.46
830,49,9663.28
830,50,9753.85
830,51,9737.42
830,52,9696.2
830,53,9673.27
830,54,9664.13
830,55,9687.63
830,56,9670.69
830,57,9657.25
830,58,9703.61
830,59,9755.14
830,60,9674.37
830,61,9698.65
830,62,9705.1
830,63,9682.94
830,64,9662.84
830,65,9663.88
830,66,9607.09
830,67,9682.21
830,68,9690.59
830,69,9680.07
830,70,9694.52
830,71,9730.73
830,72,9628.69
830,73,9747.4
830,74,9757.12
830,75,9711.88
830,76,9674.65
830,77,9739.03
830,78,9646.32
830,79,9752.9
830,80,9626.08
830,81,9758.31
830,82,9714.22
830,83,9675.02
830,84,9691.06
830,85,9656.39
830,86,9739.01
830,87,9619.19
830,88,9719.42
830,89,9666
830,90,9696.52
830,91,9704.49
830,92,9607.76
830,93,9690.68
830,94,9724.85
830,95,9753.28
830,96,9757.12
830,97,9735.98
830,98,9736.2
830,99,9687
840,0,9727.51
840,1,9741.18
840,2,9679.18
840,3,9724.54
840,4,9718.96
840,5,9673.31
840,6,9682.26
840,7,9629.51
840,8,9709.32
840,9,9770.21
840,10,9677.04
840,11,9688.48
840,12,9709.1
840,13,9688.5
840,14,9692.72
840,15,9724.11
840,16,9684.66
840,17,9698.7
840,18,9736.18
840,19,9704.04
840,20,9637.32
840,21,9674.57
840,22,9723.26
840,23,9640.27
840,24,9663.25
840,25,9631.07
840,26,9741.34
840,27,9724.41
840,28,9684.48
840,29,9735.63
840,30,9661.73
840,31,9765.25
840,32,9701.09
840,33,9647.02
840,34,9689.05
840,35,9751.12
840,36,9722.34
840,37,9697.83
840,38,9652.4
840,39,9623.09
840,40,9737.1
840,41,9723.83
840,42,9665.2
840,43,9675.79
840,44,9680.09
840,45,9753.66
840,46,9627.8
840,47,9754.79
840,48,9640.2
840,49,9663
840,50,9753.55
840,51,9737.12
840,52,9695.9
840,53,9673
840,54,9663.86
840,55,9687.34
840,56,9670.41
840,57,9656.96
840,58,9703.32
840,59,9754.84
840,60,9674.09
840,61,9698.36
840,62,9704.8
840,63,9682.66
840,64,9662.55
840,65,9663.58
840,66,9606.83
840,67,9681.93
840,68,9690.3
840,69,9679.79
840,70,9694.24
840,71,9730.44
840,72,9628.42
840,73,9747.1
840,74,9756.82
840,75,9711.59
840,76,9674.38
840,77,9738.73
840,78,9646.05
840,79,9752.6
840,80,9625.81
840,81,9758.01
840,82,9713.94
840,83,9674.73
840,84,9690.77
840,85,9656.11
840,86,9738.71
840,87,9618.93
840,88,9719.13
840,89,9665.71
840,90,9696.22
840,91,9704.19
840,92,9607.51
840,93,9690.4
840,94,9724.55
840,95,9752.98
840,96,9756.82
840,97,9735.68
840,98,9735.9
840,99,9686.72
850,0,9727.21
850,1,9740.88
850,2,9678.88
850,3,9724.24
850,4,9718.66
850,5,9673.01
850,6,9681.96
850,7,9629.21
850,8,9709.02
850,9,9769.91
850,10,9676.74
850,11,9688.18
850,12,9708.8
850,13,9688.2
850,14,9692.42
850,15,9723.81
850,16,9684.36
850,17,9698.4
850,18,9735.88
850,19,9703.74
850,20,9637.02
850,21,9674.27
850,22,9722.96
850,23,9639.97
850,24,9662.95
850,25,9630.77
850,26,9741.04
850,27,9724.11
850,28,9684.18
850,29,9735.33
850,30,9661.43
850,31,9764.95
850,32,9700.79
850,33,9646.72
850,34,9688.75
850,35,9750.82
850,36,9722.04
850,37,9697.53
850,38,9652.1
850,39,9622.79
850,40,9736.8
850,41,9723.53
850,42,9664.9
850,43,9675.49
850,44,9679.79
850,45,9753.36
850,46,9627.5
850,47,9754.49
850,48,9639.9
850,49,9662.7
850,50,9753.25
850,51,9736.82
850,52,9695.6
850,53,9672.7
850,54,9663.56
850,55,9687.04
850,56,9670.11
850,57,9656.66
850,58,9703.02
850,59,9754.54
850,60,9673.79
850,61,9698.06
850,62,9704.5
850,63,9682.36
850,64,9662.25
850,65,9663.28
850,66,9606.53
850,67,9681.63
850,68,9690
850,69,9679.49
850,70,9693.94
850,71,9730.14
850,72,9628.12
850,73,9746.8
850,74,9756.52
850,75,9711.29
850,76,9674.08
850,77,9738.43
850,78,9645.75
850,79,9752.3
850,80,9625.51
850,81,9757.71
850,82,9713.64
850,83,9674.43
850,84,9690.47
850,85,9655.81
850,86,9738.41
850,87,9618.63
850,88,9718.83
850,89,9665.41
850,90,9695.92
850,91,9703.89
850,92,9607.21
850,93,9690.1
850,94,9724.25
850,95,9752.68
850,96,9756.52
850,97,9735.38
850,98,9735.6
850,99,9686.42
860,0,9717.72
860,1,9731.96
860,2,9667.61
860,3,9714.44
860,4,9708.87
860,5,9661.27
860,6,9670.78
860,7,9616.09
860,8,9698.87
860,9,9762.02
860,10,9665.31
860,11,9677.25
860,12,9698.7
860,13,9677.26
860,14,9681.85
860,15,9714.22
860,16,9673.2
860,17,9687.84
860,18,9727.1
860,19,9693.38
860,20,9624.23
860,21,9662.83
860,22,9713.34
860,23,9627.23
860,24,9651.15
860,25,9617.69
860,26,9732.42
860,27,9714.56
860,28,9673.08
860,29,9726.33
860,30,9649.54
860,31,9757.25
860,32,9690.32
860,33,9634.27
860,34,9677.84
860,35,9742.23
860,36,9712.63
860,37,9686.84
860,38,9639.87
860,39,9609.62
860,40,9727.81
860,41,9713.98
860,42,9653.14
860,43,9664.05
860,44,9668.55
860,45,9745.16
860,46,9614.39
860,47,9746.32
860,48,9627.2
860,49,9650.82
860,50,9744.75
860,51,9726.62
860,52,9684.85
860,53,9661.18
860,54,9651.7
860,55,9676.07
860,56,9658.47
860,57,9644.46
860,58,9692.64
860,59,9746.24
860,60,9662.24
860,61,9687.49
860,62,9694.18
860,63,9671.21
860,64,9650.36
860,65,9651.5
860,66,9592.54
860,67,9670.45
860,68,9679.13
860,69,9668.12
860,70,9683.16
860,71,9720.86
860,72,9614.93
860,73,9738.04
860,74,9748.35
860,75,9701.21
860,76,9662.61
860,77,9729.77
860,78,9633.28
860,79,9743.97
860,80,9612.24
860,81,9749.27
860,82,9703.01
860,83,9663.07
860,84,9679.63
860,85,9643.67
860,86,9729.36
860,87,9605.1
860,88,9709.04
860,89,9653.64
860,90,9685.53
860,91,9693.62
860,92,9593.24
860,93,9679.24
860,94,9714.61
860,95,9744.16
860,96,9748.15
860,97,9726.76
860,98,9726.52
860,99,9675.32
870,0,9717.43
870,1,9731.66
870,2,9667.33
870,3,9714.14
870,4,9708.58
870,5,9660.99
870,6,9670.51
870,7,9615.83
870,8,9698.59
870,9,9761.72
870,10,9665.03
870,11,9676.98
870,12,9698.4
870,13,9676.99
870,14,9681.57
870,15,9713.92
870,16,9672.94
870,17,9687.57
870,18,9726.81
870,19,9693.11
870,20,9623.97
870,21,9662.55
870,22,9713.05
870,23,9626.98
870,24,9650.85
870,25,9617.44
870,26,9732.13
870,27,9714.28
870,28,9672.82
870,29,9726.04
870,30,9649.28
870,31,9756.95
870,32,9690.05
870,33,9634.01
870,34,9677.56
870,35,9741.94
870,36,9712.34
870,37,9686.58
870,38,9639.61
870,39,9609.37
870,40,9727.53
870,41,9713.7
870,42,9652.88
870,43,9663.79
870,44,9668.28
870,45,9744.86
870,46,9614.14
870,47,9746.02
870,48,9626.95
870,49,9650.55
870,50,9744.46
870,51,9726.34
870,52,9684.57
870,53,9660.92
870,54,9651.44
870,55,9675.79
870,56,9658.21
870,57,9644.18
870,58,9692.36
870,59,9745.94
870,60,9661.97
870,61,9687.22
870,62,9693.9
870,63,9670.94
870,64,9650.09
870,65,9651.2
870,66,9592.3
870,67,9670.18
870,68,9678.86
870,69,9667.86
870,70,9682.89
870,71,9720.58
870,72,9614.68
870,73,9737.74
870,74,9748.06
870,75,9700.93
870,76,9662.36
870,77,9729.48
870,78,9633.02
870,79,9743.67
870,80,9611.98
870,81,9748.97
870,82,9702.75
870,83,9662.78
870,84,9679.35
870,85,9643.41
870,86,9729.06
870,87,9604.85
870,88,9708.75
870,89,9653.36
870,90,9685.25
870,91,9693.33
870,92,9593.01
870,93,9678.97
870,94,9714.33
870,95,9743.86
870,96,9747.85
870,97,9726.46
870,98,9726.23
870,99,9675.06
880,0,9717.13
880,1,9731.36
880,2,9667.03
880,3,9713.84
880,4,9708.28
880,5,9660.69
880,6,9670.21
880,7,9615.53
880,8,9698.29
880,9,9761.42
880,10,9664.73
880,11,9676.68
880,12,9698.1
880,13,9676.69
880,14,9681.27
880,15,9713.62
880,16,9672.64
880,17,9687.27
880,18,9726.51
880,19,9692.81
880,20,9623.67
880,21,9662.25
880,22,9712.75
880,23,9626.68
880,24,9650.55
880,25,9617.14
880,26,9731.83
880,27,9713.98
880,28,9672.52
880,29,9725.74
880,30,9648.98
880,31,9756.65
880,32,9689.75
880,33,9633.71
880,34,9677.26
880,35,9741.64
880,36,9712.04
880,37,9686.28
880,38,9639.31
880,39,9609.07
880,40,9727.23
880,41,9713.4
880,42,9652.58
880,43,9663.49
880,44,9667.98
880,45,9744.56
880,46,9613.84
880,47,9745.72
880,48,9626.65
880,49,9650.25
880,50,9744.16
880,51,9726.04
880,52,9684.27
880,53,9660.62
880,54,9651.14
880,55,9675.49
880,56,9657.91
880,57,9643.88
880,58,9692.06
880,59,9745.64
880,60,9661.67
880,61,9686.92
880,62,9693.6
880,63,9670.64
880,64,9649.79
880,65,9650.9
880,66,9592
880,67,9669.88
880,68,9678.56
880,69,9667.56
880,70,9682.59
880,71,9720.28
880,72,9614.38
880,73,9737.44
880,74,9747.76
880,75,9700.63
880,76,9662.06
880,77,9729.18
880,78,9632.72
880,79,9743.37
880,80,9611.68
880,81,9748.67
880,82,9702.45
880,83,9662.48
880,84,9679.05
880,85,9643.11
880,86,9728.76
880,87,9604.55
880,88,9708.45
880,89,9653.06
880,90,9684.95
880,91,9693.03
880,92,9592.71
880,93,9678.67
880,94,9714.03
880,95,9743.56
880,96,9747.55
880,97,9726.16
880,98,9725.93
880,99,9674.76
890,0,9707.69
890,1,9722.44
890,2,9655.75
890,3,9704.04
890,4,9698.48
890,5,9648.88
890,6,9659.06
890,7,9602.39
890,8,9688.12
890,9,9753.52
890,10,9653.29
890,11,9665.73
890,12,9687.99
890,13,9665.75
890,14,9670.69
890,15,9704.02
890,16,9661.47
890,17,9676.7
890,18,9717.64
890,19,9682.43
890,20,9610.86
890,21,9650.79
890,22,9703.11
890,23,9613.93
890,24,9638.73
890,25,9604.04
890,26,9723.14
890,27,9704.42
890,28,9661.42
890,29,9716.72
890,30,9637.08
890,31,9748.94
890,32,9679.26
890,33,9621.18
890,34,9666.35
890,35,9733.04
890,36,9701.95
890,37,9675.57
890,38,9627.06
890,39,9595.89
890,40,9718.23
890,41,9703.83
890,42,9640.81
890,43,9652.04
890,44,9656.72
890,45,9736.36
890,46,9600.71
890,47,9737.53
890,48,9613.94
890,49,9638.36
890,50,9735.65
890,51,9715.83
890,52,9673.78
890,53,9649.09
890,54,9639.27
890,55,9664.5
890,56,9646.37
890,57,9631.93
890,58,9681.66
890,59,9737.32
890,60,9650.18
890,61,9676.34
890,62,9683.27
890,63,9659.47
890,64,9637.88
890,65,9639.11
890,66,9577.99
890,67,9658.68
890,68,9667.68
890,69,9656.43
890,70,9671.8
890,71,9710.99
890,72,9601.23
890,73,9728.66
890,74,9739.58
890,75,9690.6
890,76,9650.57
890,77,9720.5
890,78,9620.23
890,79,9735.02
890,80,9598.39
890,81,9740.49
890,82,9691.81
890,83,9651.05
890,84,9668.19
890,85,9630.95
890,86,9719.7
890,87,9591
890,88,9698.65
890,89,9641.27
890,90,9674.54
890,91,9682.8
890,92,9578.71
890,93,9667.79
890,94,9704.37
890,95,9735.03
890,96,9739.16
890,97,9717.53
890,98,9716.77
890,99,9663.96
900,0,9707.42
900,1,9722.15
900,2,9655.48
900,3,9703.74
900,4,9698.21
900,5,9648.62
900,6,9658.81
900,7,9602.14
900,8,9687.86
900,9,9753.23
900,10,9653.03
900,11,9665.47
900,12,9687.7
900,13,9665.49
900,14,9670.42
900,15,9703.74
900,16,9661.22
900,17,9676.44
900,18,9717.37
900,19,9682.17
900,20,9610.61
900,21,9650.53
900,22,9702.83
900,23,9613.69
900,24,9638.44
900,25,9603.81
900,26,9722.86
900,27,9704.15
900,28,9661.17
900,29,9716.45
900,30,9636.82
900,31,9748.66
900,32,9679.01
900,33,9620.94
900,34,9666.08
900,35,9732.75
900,36,9701.69
900,37,9675.32
900,38,9626.81
900,39,9595.64
900,40,9717.96
900,41,9703.56
900,42,9640.56
900,43,9651.8
900,44,9656.46
900,45,9736.06
900,46,9600.48
900,47,9737.24
900,48,9613.71
900,49,9638.1
900,50,9735.36
900,51,9715.57
900,52,9673.52
900,53,9648.84
900,54,9639.02
900,55,9664.24
900,56,9646.12
900,57,9631.66
900,58,9681.4
900,59,9737.04
900,60,9649.93
900,61,9676.08
900,62,9683
900,63,9659.22
900,64,9637.62
900,65,9638.82
900,66,9577.76
900,67,9658.44
900,68,9667.42
900,69,9656.18
900,70,9671.54
900,71,9710.73
900,72,9601
900,73,9728.38
900,74,9739.3
900,75,9690.33
900,76,9650.33
900,77,9720.23
900,78,9619.99
900,79,9734.74
900,80,9598.15
900,81,9740.19
900,82,9691.55
900,83,9650.78
900,84,9667.93
900,85,9630.7
900,86,9719.42
900,87,9590.77
900,88,9698.38
900,89,9641.01
900,90,9674.28
900,91,9682.53
900,92,9578.5
900,93,9667.53
900,94,9704.1
900,95,9734.74
900,96,9738.88
900,97,9717.25
900,98,9716.49
900,99,9663.7
910,0,9707.12
910,1,9721.85
910,2,9655.18
910,3,9703.44
910,4,9697.91
910,5,9648.32
910,6,9658.51
910,7,9601.84
910,8,9687.56
910,9,9752.93
910,10,9652.73
910,11,9665.17
910,12,9687.4
910,13,9665.19
910,14,9670.12
910,15,9703.44
910,16,9660.92
910,17,9676.14
910,18,9717.07
910,19,9681.87
910,20,9610.31
910,21,9650.23
910,22,9702.53
910,23,9613.39
910,24,9638.14
910,25,9603.51
910,26,9722.56
910,27,9703.85
910,28,9660.87
910,29,9716.15
910,30,9636.52
910,31,9748.36
910,32,9678.71
910,33,9620.64
910,34,9665.78
910,35,9732.45
910,36,9701.39
910,37,9675.02
910,38,9626.51
910,39,9595.34
910,40,9717.66
910,41,9703.26
910,42,9640.26
910,43,9651.5
910,44,9656.16
910,45,9735.76
910,46,9600.18
910,47,9736.94
910,48,9613.41
910,49,9637.8
910,50,9735.06
910,51,9715.27
910,52,9673.22
910,53,9648.54
910,54,9638.72
910,55,9663.94
910,56,9645.82
910,57,9631.36
910,58,9681.1
910,59,9736.74
910,60,9649.63
910,61,9675.78
910,62,9682.7
910,63,9658.92
910,64,9637.32
910,65,9638.52
910,66,9577.46
910,67,9658.14
910,68,9667.12
910,69,9655.88
910,70,9671.24
910,71,9710.43
910,72,9600.7
910,73,9728.08
910,74,9739
910,75,9690.03
910,76,9650.03
910,77,9719.93
910,78,9619.69
910,79,9734.44
910,80,9597.85
910,81,9739.89
910,82,9691.25
910,83,9650.48
910,84,9667.63
910,85,9630.4
910,86,9719.12
910,87,9590.47
910,88,9698.08
910,89,9640.71
910,90,9673.98
910,91,9682.23
910,92,9578.2
910,93,9667.23
910,94,9703.8
910,95,9734.44
910,96,9738.58
910,97,9716.95
910,98,9716.19
910,99,9663.4
920,0,9697.69
920,1,9712.91
920,2,9643.88
920,3,9693.63
920,4,9688.09
920,5,9636.46
920,6,9647.35
920,7,9588.69
920,8,9677.37
920,9,9745.02
920,10,9641.27
920,11,9654.21
920,12,9677.28
920,13,9654.23
920,14,9659.52
920,15,9693.82
920,16,9649.74
920,17,9665.56
920,18,9708.17
920,19,9671.48
920,20,9597.49
920,21,9638.76
920,22,9692.88
920,23,9601.66
920,24,9626.31
920,25,9590.4
920,26,9713.82
920,27,9694.28
920,28,9649.75
920,29,9707.12
920,30,9624.61
920,31,9740.63
920,32,9668.21
920,33,9608.07
920,34,9654.85
920,35,9723.84
920,36,9691.28
920,37,9664.3
920,38,9614.25
920,39,9581.87
920,40,9708.03
920,41,9693.68
920,42,9628.48
920,43,9640.04
920,44,9644.9
920,45,9727.55
920,46,9589.05
920,47,9728.72
920,48,9600.68
920,49,9625.89
920,50,9726.54
920,51,9705.04
920,52,9662.69
920,53,9636.99
920,54,9626.83
920,55,9652.94
920,56,9634.27
920,57,9619.37
920,58,9670.69
920,59,9728.4
920,60,9638.12
920,61,9665.18
920,62,9672.35
920,63,9647.74
920,64,9625.4
920,65,9626.72
920,66,9565.45
920,67,9646.92
920,68,9656.22
920,69,9644.72
920,70,9660.43
920,71,9701.12
920,72,9587.56
920,73,9719.29
920,74,9730.81
920,75,9679.99
920,76,9638.53
920,77,9711.24
920,78,9607.19
920,79,9726.08
920,80,9584.55
920,81,9731.67
920,82,9680.6
920,83,9639
920,84,9656.76
920,85,9618.23
920,86,9710.05
920,87,9576.91
920,88,9688.27
920,89,9628.91
920,90,9663.56
920,91,9672.01
920,92,9565.21
920,93,9656.34
920,94,9694.14
920,95,9725.9
920,96,9730.18
920,97,9708.3
920,98,9706.99
920,99,9652.56
930,0,9697.43
930,1,9712.63
930,2,9643.63
930,3,9693.34
930,4,9687.83
930,5,9636.22
930,6,9647.11
930,7,9588.45
930,8,9677.12
930,9,9744.74
930,10,9641.02
930,11,9653.97
930,12,9677.01
930,13,9653.99
930,14,9659.27
930,15,9693.55
930,16,9649.5
930,17,9665.31
930,18,9707.91
930,19,9671.24
930,20,9597.26
930,21,9638.51
930,22,9692.62
930,23,9600.4
930,24,9626.03
930,25,9590.18
930,26,9713.56
930,27,9694.03
930,28,9649.51
930,29,9706.87
930,30,9624.37
930,31,9740.36
930,32,9667.97
930,33,9607.84
930,34,9654.6
930,35,9723.57
930,36,9691.03
930,37,9664.06
930,38,9614.02
930,39,9581.64
930,40,9707.78
930,41,9693.43
930,42,9628.24
930,43,9639.81
930,44,9644.65
930,45,9727.26
930,46,9586.81
930,47,9728.45
930,48,9600.46
930,49,9625.66
930,50,9726.27
930,51,9704.79
930,52,9662.44
930,53,9636.76
930,54,9626.6
930,55,9652.69
930,56,9634.03
930,57,9619.12
930,58,9670.44
930,59,9728.14
930,60,9637.89
930,61,9664.94
930,62,9672.09
930,63,9647.5
930,64,9625.16
930,65,9626.45
930,66,9563.23
930,67,9646.69
930,68,9655.98
930,69,9644.48
930,70,9660.19
930,71,9700.87
930,72,9587.34
930,73,9719.02
930,74,9730.55
930,75,9679.74
930,76,9638.3
930,77,9710.98
930,78,9606.96
930,79,9725.8
930,80,9584.33
930,81,9731.39
930,82,9680.36
930,83,9638.75
930,84,9656.51
930,85,9618
930,86,9709.78
930,87,9576.69
930,88,9688.01
930,89,9628.66
930,90,9663.31
930,91,9671.75
930,92,9563.99
930,93,9656.1
930,94,9693.88
930,95,9725.63
930,96,9729.91
930,97,9708.03
930,98,9706.73
930,99,9652.32
940,0,9697.13
940,1,9712.33
940,2,9643.33
940,3,9693.04
940,4,9687.53
940,5,9635.92
940,6,9646.81
940,7,9588.15
940,8,9676.82
940,9,9744.44
940,10,9640.72
940,11,9653.67
940,12,9676.71
940,13,9653.69
940,14,9658.97
940,15,9693.25
940,16,9649.2
940,17,9665.01
940,18,9707.61
940,19,9670.94
940,20,9596.96
940,21,9638.21
940,22,9692.32
940,23,9600.1
940,24,9625.73
940,25,9589.88
940,26,9713.26
940,27,9693.73
940,28,9649.21
940,29,9706.57
940,30,9624.07
940,31,9740.06
940,32,9667.67
940,33,9607.54
940,34,9654.3
940,35,9723.27
940,36,9690.73
940,37,9663.76
940,38,9613.72
940,39,9581.34
940,40,9707.48
940,41,9693.13
940,42,9627.94
940,43,9639.51
940,44,9644.35
940,45,9726.96
940,46,9586.51
940,47,9728.15
940,48,9600.16
940,49,9625.36
940,50,9725.97
940,51,9704.49
940,52,9662.14
940,53,9636.46
940,54,9626.3
940,55,9652.39
940,56,9633.73
940,57,9618.82
940,58,9670.14
940,59,9727.84
940,60,9637.59
940,61,9664.64
940,62,9671.79
940,63,9647.2
940,64,9624.86
940,65,9626.15
940,66,9562.93
940,67,9646.39
940,68,9655.68
940,69,9644.18
940,70,9659.89
940,71,9700.57
940,72,9587.04
940,73,9718.72
940,74,9730.25
940,75,9679.44
940,76,9638
940,77,9710.68
940,78,9606.66
940,79,9725.5
940,80,9584.03
940,81,9731.09
940,82,9680.06
940,83,9638.45
940,84,9656.21
940,85,9617.7
940,86,9709.48
940,87,9576.39
940,88,9687.71
940,89,9628.36
940,90,9663.01
940,91,9671.45
940,92,9563.69
940,93,9655.8
940,94,9693.58
940,95,9725.33
940,96,9729.61
940,97,9707.73
940,98,9706.43
940,99,9652.02
950,0,9687.58
950,1,9703.38
950,2,9632.02
950,3,9683.22
950,4,9677.7
950,5,9624.16
950,6,9635.58
950,7,9574.98
950,8,9666.63
950,9,9736.52
950,10,9630.72
950,11,9642.69
950,12,9666.57
950,13,9642.71
950,14,9648.36
950,15,9683.61
950,16,9638.42
950,17,9655.28
950,18,9698.8
950,19,9660.57
950,20,9585.36
950,21,9626.73
950,22,9682.65
950,23,9588.35
950,24,9613.89
950,25,9576.75
950,26,9704.62
950,27,9687.14
950,28,9641
950,29,9697.52
950,30,9612.35
950,31,9732.32
950,32,9657.79
950,33,9595.07
950,34,9643.35
950,35,9714.64
950,36,9681.3
950,37,9653.91
950,38,9601.44
950,39,9570.57
950,40,9698.45
950,41,9683.54
950,42,9616.14
950,43,9629.2
950,44,9633.07
950,45,9718.73
950,46,9575.37
950,47,9719.94
950,48,9588.62
950,49,9613.43
950,50,9717.43
950,51,9696.69
950,52,9651.34
950,53,9624.9
950,54,9617.17
950,55,9641.39
950,56,9622.05
950,57,9606.57
950,58,9660.09
950,59,9719.49
950,60,9629.66
950,61,9654.03
950,62,9662.89
950,63,9636.01
950,64,9612.92
950,65,9614.33
950,66,9550.9
950,67,9636.4
950,68,9644.76
950,69,9632.77
950,70,9649.07
950,71,9691.49
950,72,9578.8
950,73,9709.91
950,74,9722.03
950,75,9669.3
950,76,9626.49
950,77,9701.97
950,78,9594.15
950,79,9717.13
950,80,9573.4
950,81,9722.62
950,82,9669.4
950,83,9627.06
950,84,9645.32
950,85,9605.52
950,86,9700.39
950,87,9568.26
950,88,9677.89
950,89,9617.09
950,90,9652.83
950,91,9661.11
950,92,9550.69
950,93,9644.89
950,94,9685.57
950,95,9716.77
950,96,9721.19
950,97,9699.07
950,98,9697.32
950,99,9640.88
960,0,9687.34
960,1,9703.12
960,2,9631.79
960,3,9682.95
960,4,9677.45
960,5,9623.93
960,6,9635.35
960,7,9574.76
960,8,9666.39
960,9,9736.25
960,10,9629.18
960,11,9642.47
960,12,9666.31
960,13,9642.48
960,14,9648.11
960,15,9683.36
960,16,9637.79
960,17,9654.18
960,18,9698.55
960,19,9660.3
960,20,9583.9
960,21,9626.49
960,22,9682.4
960,23,9587.1
960,24,9613.62
960,25,9576.54
960,26,9704.37
960,27,9683.9
960,28,9637.86
960,29,9697.28
960,30,9611.92
960,31,9732.07
960,32,9656.92
960,33,9594.84
960,34,9643.11
960,35,9714.38
960,36,9681.05
960,37,9652.81
960,38,9601.23
960,39,9567.92
960,40,9698.21
960,41,9683.3
960,42,9615.92
960,43,9627.81
960,44,9632.83
960,45,9718.46
960,46,9573.15
960,47,9719.68
960,48,9587.21
960,49,9613.21
960,50,9717.17
960,51,9696.43
960,52,9651.1
960,53,9624.68
960,54,9614.18
960,55,9641.14
960,56,9621.83
960,57,9606.34
960,58,9659.48
960,59,9719.23
960,60,9625.77
960,61,9653.8
960,62,9661.19
960,63,9635.77
960,64,9612.69
960,65,9614.07
960,66,9548.7
960,67,9634.94
960,68,9644.53
960,69,9632.55
960,70,9648.85
960,71,9691.01
960,72,9573.58
960,73,9709.66
960,74,9721.79
960,75,9669.06
960,76,9626.28
960,77,9701.73
960,78,9593.93
960,79,9716.87
960,80,9570.5
960,81,9722.36
960,82,9669.17
960,83,9626.82
960,84,9645.09
960,85,9605.3
960,86,9700.13
960,87,9562.61
960,88,9677.64
960,89,9616.31
960,90,9652.33
960,91,9660.86
960,92,9549.49
960,93,9644.66
960,94,9683.66
960,95,9716.51
960,96,9720.94
960,97,9698.82
960,98,9697.07
960,99,9640.66
970,0,9687.04
970,1,9702.82
970,2,9631.49
970,3,9682.65
970,4,9677.15
970,5,9623.63
970,6,9635.05
970,7,9574.46
970,8,9666.09
970,9,9735.95
970,10,9628.88
970,11,9642.17
970,12,9666.01
970,13,9642.18
970,14,9647.81
970,15,9683.06
970,16,9637.49
970,17,9653.88
970,18,9698.25
970,19,9660
970,20,9583.6
970,21,9626.19
970,22,9682.1
970,23,9586.8
970,24,9613.32
970,25,9576.24
970,26,9704.07
970,27,9683.6
970,28,9637.56
970,29,9696.98
970,30,9611.62
970,31,9731.77
970,32,9656.62
970,33,9594.54
970,34,9642.81
970,35,9714.08
970,36,9680.75
970,37,9652.51
970,38,9600.93
970,39,9567.62
970,40,9697.91
970,41,9683
970,42,9615.62
970,43,9627.51
970,44,9632.53
970,45,9718.16
970,46,9572.85
970,47,9719.38
970,48,9586.91
970,49,9612.91
970,50,9716.87
970,51,9696.13
970,52,9650.8
970,53,9624.38
970,54,9613.88
970,55,9640.84
970,56,9621.53
970,57,9606.04
970,58,9659.18
970,59,9718.93
970,60,9625.47
970,61,9653.5
970,62,9660.89
970,63,9635.47
970,64,9612.39
970,65,9613.77
970,66,9548.4
970,67,9634.64
970,68,9644.23
970,69,9632.25
970,70,9648.55
970,71,9690.71
970,72,9573.28
970,73,9709.36
970,74,9721.49
970,75,9668.76
970,76,9625.98
970,77,9701.43
970,78,9593.63
970,79,9716.57
970,80,9570.2
970,81,9722.06
970,82,9668.87
970,83,9626.52
970,84,9644.79
970,85,9605
970,86,9699.83
970,87,9562.31
970,88,9677.34
970,89,9616.01
970,90,9652.03
970,91,9660.56
970,92,9549.19
970,93,9644.36
970,94,9683.36
970,95,9716.21
970,96,9720.64
970,97,9698.52
970,98,9696.77
970,99,9640.36
980,0,9677.51
980,1,9694.74
980,2,9621.45
980,3,9672.81
980,4,9667.31
980,5,9611.81
980,6,9623.81
980,7,9564.08
980,8,9655.88
980,9,9728.1
980,10,9618.7
980,11,9632.16
980,12,9656.67
980,13,9632.15
980,14,9639.5
980,15,9673.72
980,16,9626.69
980,17,9644.14
980,18,9689.39
980,19,9649.62
980,20,9571.99
980,21,9615.93
980,22,9672.42
980,23,9575.35
980,24,9601.46
980,25,9564.59
980,26,9698.27
980,27,9677
980,28,9629.33
980,29,9690.53
980,30,9600.68
980,31,9724.01
980,32,9647.4
980,33,9582.51
980,34,9633.2
980,35,9705.44
980,36,9671.26
980,37,9642.64
980,38,9589.75
980,39,9556.83
980,40,9688.87
980,41,9673.39
980,42,9603.81
980,43,9617.19
980,44,9621.24
980,45,9709.92
980,46,9561.69
980,47,9711.15
980,48,9577.82
980,49,9605.4
980,50,9708.32
980,51,9685.87
980,52,9639.99
980,53,9612.81
980,54,9604.73
980,55,9629.83
980,56,9612.48
980,57,9594.08
980,58,9649.12
980,59,9710.57
980,60,9617.7
980,61,9642.88
980,62,9651.98
980,63,9627.05
980,64,9601.76
980,65,9601.93
980,66,9536.36
980,67,9624.63
980,68,9633.31
980,69,9621.47
980,70,9637.71
980,71,9681.62
980,72,9565.06
980,73,9701.66
980,74,9713.26
980,75,9658.65
980,76,9617.61
980,77,9692.71
980,78,9582.34
980,79,9709.19
980,80,9559.56
980,81,9713.87
980,82,9658.19
980,83,9615.09
980,84,9637.35
980,85,9592.8
980,86,9690.73
980,87,9554.17
980,88,9667.5
980,89,9604.68
980,90,9644.8
980,91,9650.7
980,92,9540.35
980,93,9633.44
980,94,9676.86
980,95,9707.71
980,96,9712.21
980,97,9690.23
980,98,9687.61
980,99,9629.21
990,0,9677.28
990,1,9693.6
990,2,9619.94
990,3,9672.55
990,4,9667.08
990,5,9611.59
990,6,9623.6
990,7,9561.07
990,8,9655.66
990,9,9727.76
990,10,9617.18
990,11,9630.96
990,12,9655.61
990,13,9630.98
990,14,9636.96
990,15,9673.17
990,16,9626.07
990,17,9643.05
990,18,9689.16
990,19,9649.37
990,20,9570.55
990,21,9614.47
990,22,9672.18
990,23,9573.81
990,24,9601.22
990,25,9562.91
990,26,9695.13
990,27,9673.77
990,28,9626.2
990,29,9687.69
990,30,9599.47
990,31,9723.77
990,32,9645.88
990,33,9581.81
990,34,9631.63
990,35,9705.2
990,36,9671.04
990,37,9641.55
990,38,9588.43
990,39,9554.2
990,40,9688.64
990,41,9673.17
990,42,9603.6
990,43,9615.82
990,44,9621.02
990,45,9709.65
990,46,9559.48
990,47,9710.9
990,48,9573.97
990,49,9600.76
990,50,9708.08
990,51,9685.65
990,52,9639.77
990,53,9612.6
990,54,9601.76
990,55,9629.59
990,56,9609.62
990,57,9593.86
990,58,9648.53
990,59,9710.33
990,60,9613.73
990,61,9642.66
990,62,9650.29
990,63,9624.05
990,64,9600.23
990,65,9601.69
990,66,9534.17
990,67,9623.19
990,68,9633.09
990,69,9620.92
990,70,9637.5
990,71,9681.15
990,72,9559.85
990,73,9700.3
990,74,9713.03
990,75,9658.42
990,76,9614.25
990,77,9692.48
990,78,9580.9
990,79,9707.94
990,80,9556.67
990,81,9713.62
990,82,9657.98
990,83,9614.86
990,84,9633.67
990,85,9592.59
990,86,9690.49
990,87,9548.53
990,88,9667.27
990,89,9603.95
990,90,9641.36
990,91,9650.02
990,92,9534.98
990,93,9633.23
990,94,9673.43
990,95,9707.39
990,96,9711.96
990,97,9689.6
990,98,9687.37
990,99,9629
