time,node_id,residual_energy
0,0,10000
0,1,10000
0,2,10000
0,3,10000
0,4,10000
0,5,10000
0,6,10000
0,7,10000
0,8,10000
0,9,10000
0,10,10000
0,11,10000
0,12,10000
0,13,10000
0,14,10000
0,15,10000
0,16,10000
0,17,10000
0,18,10000
0,19,10000
0,20,10000
0,21,10000
0,22,10000
0,23,10000
0,24,10000
0,25,10000
0,26,10000
0,27,10000
0,28,10000
0,29,10000
0,30,10000
0,31,10000
0,32,10000
0,33,10000
0,34,10000
0,35,10000
0,36,10000
0,37,10000
0,38,10000
0,39,10000
0,40,10000
0,41,10000
0,42,10000
0,43,10000
0,44,10000
0,45,10000
0,46,10000
0,47,10000
0,48,10000
0,49,10000
0,50,10000
0,51,10000
0,52,10000
0,53,10000
0,54,10000
0,55,10000
0,56,10000
0,57,10000
0,58,10000
0,59,10000
0,60,10000
0,61,10000
0,62,10000
0,63,10000
0,64,10000
0,65,10000
0,66,10000
0,67,10000
0,68,10000
0,69,10000
0,70,10000
0,71,10000
0,72,10000
0,73,10000
0,74,10000
0,75,10000
0,76,10000
0,77,10000
0,78,10000
0,79,10000
0,80,10000
0,81,10000
0,82,10000
0,83,10000
0,84,10000
0,85,10000
0,86,10000
0,87,10000
0,88,10000
0,89,10000
0,90,10000
0,91,10000
0,92,10000
0,93,10000
0,94,10000
0,95,10000
0,96,10000
0,97,10000
0,98,10000
0,99,10000
10,0,9999.73
10,1,9999.73
10,2,9999.73
10,3,9999.73
10,4,9999.73
10,5,9999.73
10,6,9999.73
10,7,9999.73
10,8,9999.73
10,9,9999.73
10,10,9999.73
10,11,9999.73
10,12,9999.73
10,13,9999.73
10,14,9999.73
10,15,9999.73
10,16,9999.73
10,17,9999.73
10,18,9999.73
10,19,9999.73
10,20,9999.73
10,21,9999.73
10,22,9999.73
10,23,9999.73
10,24,9999.73
10,25,9999.73
10,26,9999.73
10,27,9999.73
10,28,9999.73
10,29,9999.73
10,30,9999.73
10,31,9999.73
10,32,9999.73
10,33,9999.73
10,34,9999.73
10,35,9999.73
10,36,9999.73
10,37,9999.73
10,38,9999.73
10,39,9999.73
10,40,9999.73
10,41,9999.73
10,42,9999.73
10,43,9999.73
10,44,9999.73
10,45,9999.73
10,46,9999.73
10,47,9999.73
10,48,9999.73
10,49,9999.73
10,50,9999.73
10,51,9999.73
10,52,9999.73
10,53,9999.73
10,54,9999.73
10,55,9999.73
10,56,9999.73
10,57,9999.73
10,58,9999.73
10,59,9999.73
10,60,9999.73
10,61,9999.73
10,62,9999.73
10,63,9999.73
10,64,9999.73
10,65,9999.73
10,66,9999.73
10,67,9999.73
10,68,9999.73
10,69,9999.73
10,70,9999.73
10,71,9999.73
10,72,9999.73
10,73,9999.73
10,74,9999.73
10,75,9999.73
10,76,9999.73
10,77,9999.73
10,78,9999.73
10,79,9999.73
10,80,9999.73
10,81,9999.73
10,82,9999.73
10,83,9999.73
10,84,9999.73
10,85,9999.73
10,86,9999.73
10,87,9999.73
10,88,9999.73
10,89,9999.73
10,90,9999.73
10,91,9999.73
10,92,9999.73
10,93,9999.73
10,94,9999.73
10,95,9999.73
10,96,9999.73
10,97,9999.73
10,98,9999.73
10,99,9999.73
20,0,9999.43
20,1,9999.43
20,2,9999.43
20,3,9999.43
20,4,9999.43
20,5,9999.43
20,6,9999.43
20,7,9999.43
20,8,9999.43
20,9,9999.43
20,10,9999.43
20,11,9999.43
20,12,9999.43
20,13,9999.43
20,14,9999.43
20,15,9999.43
20,16,9999.43
20,17,9999.43
20,18,9999.43
20,19,9999.43
20,20,9999.43
20,21,9999.43
20,22,9999.43
20,23,9999.43
20,24,9999.43
20,25,9999.43
20,26,9999.43
20,27,9999.43
20,28,9999.43
20,29,9999.43
20,30,9999.43
20,31,9999.43
20,32,9999.43
20,33,9999.43
20,34,9999.43
20,35,9999.43
20,36,9999.43
20,37,9999.43
20,38,9999.43
20,39,9999.43
20,40,9999.43
20,41,9999.43
20,42,9999.43
20,43,9999.43
20,44,9999.43
20,45,9999.43
20,46,9999.43
20,47,9999.43
20,48,9999.43
20,49,9999.43
20,50,9999.43
20,51,9999.43
20,52,9999.43
20,53,9999.43
20,54,9999.43
20,55,9999.43
20,56,9999.43
20,57,9999.43
20,58,9999.43
20,59,9999.43
20,60,9999.43
20,61,9999.43
20,62,9999.43
20,63,9999.43
20,64,9999.43
20,65,9999.43
20,66,9999.43
20,67,9999.43
20,68,9999.43
20,69,9999.43
20,70,9999.43
20,71,9999.43
20,72,9999.43
20,73,9999.43
20,74,9999.43
20,75,9999.43
20,76,9999.43
20,77,9999.43
20,78,9999.43
20,79,9999.43
20,80,9999.43
20,81,9999.43
20,82,9999.43
20,83,9999.43
20,84,9999.43
20,85,9999.43
20,86,9999.43
20,87,9999.43
20,88,9999.43
20,89,9999.43
20,90,9999.43
20,91,9999.43
20,92,9999.43
20,93,9999.43
20,94,9999.43
20,95,9999.43
20,96,9999.43
20,97,9999.43
20,98,9999.43
20,99,9999.43
30,0,9999.13
30,1,9999.13
30,2,9999.13
30,3,9999.13
30,4,9999.13
30,5,9999.13
30,6,9999.13
30,7,9999.13
30,8,9999.13
30,9,9999.13
30,10,9999.13
30,11,9999.13
30,12,9999.13
30,13,9999.13
30,14,9999.13
30,15,9999.13
30,16,9999.13
30,17,9999.13
30,18,9999.13
30,19,9999.13
30,20,9999.13
30,21,9999.13
30,22,9999.13
30,23,9999.13
30,24,9999.13
30,25,9999.13
30,26,9999.13
30,27,9999.13
30,28,9999.13
30,29,9999.13
30,30,9999.13
30,31,9999.13
30,32,9999.13
30,33,9999.13
30,34,9999.13
30,35,9999.13
30,36,9999.13
30,37,9999.13
30,38,9999.13
30,39,9999.13
30,40,9999.13
30,41,9999.13
30,42,9999.13
30,43,9999.13
30,44,9999.13
30,45,9999.13
30,46,9999.13
30,47,9999.13
30,48,9999.13
30,49,9999.13
30,50,9999.13
30,51,9999.13
30,52,9999.13
30,53,9999.13
30,54,9999.13
30,55,9999.13
30,56,9999.13
30,57,9999.13
30,58,9999.13
30,59,9999.13
30,60,9999.13
30,61,9999.13
30,62,9999.13
30,63,9999.13
30,64,9999.13
30,65,9999.13
30,66,9999.13
30,67,9999.13
30,68,9999.13
30,69,9999.13
30,70,9999.13
30,71,9999.13
30,72,9999.13
30,73,9999.13
30,74,9999.13
30,75,9999.13
30,76,9999.13
30,77,9999.13
30,78,9999.13
30,79,9999.13
30,80,9999.13
30,81,9999.13
30,82,9999.13
30,83,9999.13
30,84,9999.13
30,85,9999.13
30,86,9999.13
30,87,9999.13
30,88,9999.13
30,89,9999.13
30,90,9999.13
30,91,9999.13
30,92,9999.13
30,93,9999.13
30,94,9999.13
30,95,9999.13
30,96,9999.13
30,97,9999.13
30,98,9999.13
30,99,9999.13
40,0,9990.64
40,1,9987.77
40,2,9989.61
40,3,9984.34
40,4,9986.49
40,5,9988.46
40,6,9989.74
40,7,9986.5
40,8,9988.89
40,9,9984.84
40,10,9990.05
40,11,9988.25
40,12,9989.15
40,13,9988.66
40,14,9985.5
40,15,9990.6
40,16,9985.92
40,17,9987.37
40,18,9989.98
40,19,9989.89
40,20,9986.54
40,21,9989.32
40,22,9988.79
40,23,9988.3
40,24,9988.72
40,25,9988.3
40,26,9987.34
40,27,9988.94
40,28,9988.12
40,29,9990.01
40,30,9988.99
40,31,9987.43
40,32,9989.05
40,33,9987.74
40,34,9988.49
40,35,9988.08
40,36,9984.98
40,37,9985.41
40,38,9987.44
40,39,9987.96
40,40,9988.58
40,41,9987.11
40,42,9988.66
40,43,9985.27
40,44,9988.39
40,45,9986.07
40,46,9987.2
40,47,9989.48
40,48,9989.33
40,49,9989.34
40,50,9990.55
40,51,9988.88
40,52,9986.15
40,53,9991.08
40,54,9989.92
40,55,9988.19
40,56,9987.03
40,57,9987.44
40,58,9987.23
40,59,9988.45
40,60,9985.86
40,61,9984.35
40,62,9983.9
40,63,9988.7
40,64,9987.65
40,65,9988.77
40,66,9988.27
40,67,9987.52
40,68,9986.51
40,69,9986.28
40,70,9989.26
40,71,9987.07
40,72,9988.15
40,73,9988.8
40,74,9989.4
40,75,9986.69
40,76,9987.03
40,77,9988.67
40,78,9987.16
40,79,9989.74
40,80,9986.93
40,81,9987.26
40,82,9987.18
40,83,9989.94
40,84,9991.72
40,85,9987.89
40,86,9988
40,87,9988.97
40,88,9990.69
40,89,9987.41
40,90,9986.03
40,91,9987.58
40,92,9987.13
40,93,9986.28
40,94,9986.15
40,95,9986.91
40,96,9986.42
40,97,9988.42
40,98,9987.82
40,99,9984.33
50,0,9990.34
50,1,9987.47
50,2,9989.31
50,3,9984.04
50,4,9986.19
50,5,9988.16
50,6,9989.44
50,7,9986.2
50,8,9988.59
50,9,9984.54
50,10,9989.75
50,11,9987.95
50,12,9988.85
50,13,9988.36
50,14,9985.2
50,15,9990.3
50,16,9985.62
50,17,9987.07
50,18,9989.68
50,19,9989.59
50,20,9986.24
50,21,9989.02
50,22,9988.49
50,23,9988
50,24,9988.42
50,25,9988
50,26,9987.04
50,27,9988.64
50,28,9987.82
50,29,9989.71
50,30,9988.69
50,31,9987.13
50,32,9988.75
50,33,9987.44
50,34,9988.19
50,35,9987.78
50,36,9984.68
50,37,9985.11
50,38,9987.14
50,39,9987.66
50,40,9988.28
50,41,9986.81
50,42,9988.36
50,43,9984.97
50,44,9988.09
50,45,9985.77
50,46,9986.9
50,47,9989.18
50,48,9989.03
50,49,9989.04
50,50,9990.25
50,51,9988.58
50,52,9985.85
50,53,9990.78
50,54,9989.62
50,55,9987.89
50,56,9986.73
50,57,9987.14
50,58,9986.93
50,59,9988.15
50,60,9985.56
50,61,9984.05
50,62,9983.6
50,63,9988.4
50,64,9987.35
50,65,9988.47
50,66,9987.97
50,67,9987.22
50,68,9986.21
50,69,9985.98
50,70,9988.96
50,71,9986.77
50,72,9987.85
50,73,9988.5
50,74,9989.1
50,75,9986.39
50,76,9986.73
50,77,9988.37
50,78,9986.86
50,79,9989.44
50,80,9986.63
50,81,9986.96
50,82,9986.88
50,83,9989.64
50,84,9991.42
50,85,9987.59
50,86,9987.7
50,87,9988.67
50,88,9990.39
50,89,9987.11
50,90,9985.73
50,91,9987.28
50,92,9986.83
50,93,9985.98
50,94,9985.85
50,95,9986.61
50,96,9986.12
50,97,9988.12
50,98,9987.52
50,99,9984.03
60,0,9990.04
60,1,9987.17
60,2,9989.01
60,3,9983.74
60,4,9985.89
60,5,9987.86
60,6,9989.14
60,7,9985.9
60,8,9988.29
60,9,9984.24
60,10,9989.45
60,11,9987.65
60,12,9988.55
60,13,9988.06
60,14,9984.9
60,15,9990
60,16,9985.32
60,17,9986.77
60,18,9989.38
60,19,9989.29
60,20,9985.94
60,21,9988.72
60,22,9988.19
60,23,9987.7
60,24,9988.12
60,25,9987.7
60,26,9986.74
60,27,9988.34
60,28,9987.52
60,29,9989.41
60,30,9988.39
60,31,9986.83
60,32,9988.45
60,33,9987.14
60,34,9987.89
60,35,9987.48
60,36,9984.38
60,37,9984.81
60,38,9986.84
60,39,9987.36
60,40,9987.98
60,41,9986.51
60,42,9988.06
60,43,9984.67
60,44,9987.79
60,45,9985.47
60,46,9986.6
60,47,9988.88
60,48,9988.73
60,49,9988.74
60,50,9989.95
60,51,9988.28
60,52,9985.55
60,53,9990.48
60,54,9989.32
60,55,9987.59
60,56,9986.43
60,57,9986.84
60,58,9986.63
60,59,9987.85
60,60,9985.26
60,61,9983.75
60,62,9983.3
60,63,9988.1
60,64,9987.05
60,65,9988.17
60,66,9987.67
60,67,9986.92
60,68,9985.91
60,69,9985.68
60,70,9988.66
60,71,9986.47
60,72,9987.55
60,73,9988.2
60,74,9988.8
60,75,9986.09
60,76,9986.43
60,77,9988.07
60,78,9986.56
60,79,9989.14
60,80,9986.33
60,81,9986.66
60,82,9986.58
60,83,9989.34
60,84,9991.12
60,85,9987.29
60,86,9987.4
60,87,9988.37
60,88,9990.09
60,89,9986.81
60,90,9985.43
60,91,9986.98
60,92,9986.53
60,93,9985.68
60,94,9985.55
60,95,9986.31
60,96,9985.82
60,97,9987.82
60,98,9987.22
60,99,9983.73
70,0,9981.35
70,1,9975.82
70,2,9979.51
70,3,9968.82
70,4,9974.56
70,5,9977.38
70,6,9978.65
70,7,9971.57
70,8,9978.01
70,9,9970.88
70,10,9980.81
70,11,9976.96
70,12,9978.5
70,13,9977.54
70,14,9971.51
70,15,9981.3
70,16,9972.14
70,17,9975.43
70,18,9980.18
70,19,9979.98
70,20,9976.29
70,21,9978.94
70,22,9978.08
70,23,9976.27
70,24,9977.45
70,25,9976.91
70,26,9975.01
70,27,9978.12
70,28,9976.63
70,29,9980.21
70,30,9976.07
70,31,9976.16
70,32,9979.63
70,33,9976.59
70,34,9977.22
70,35,9974.98
70,36,9972.42
70,37,9972.63
70,38,9976.67
70,39,9977.83
70,40,9977.5
70,41,9974.56
70,42,9977.92
70,43,9973.72
70,44,9976.68
70,45,9972.34
70,46,9977.16
70,47,9978.87
70,48,9978.88
70,49,9979.5
70,50,9978.72
70,51,9978
70,52,9972.43
70,53,9982.4
70,54,9979.94
70,55,9976.58
70,56,9975.69
70,57,9975.09
70,58,9975.43
70,59,9977.09
70,60,9974.4
70,61,9970.14
70,62,9969.14
70,63,9977.82
70,64,9975.37
70,65,9977.74
70,66,9977.18
70,67,9974.92
70,68,9974.21
70,69,9975.14
70,70,9979.42
70,71,9974.88
70,72,9976.67
70,73,9977.87
70,74,9977.6
70,75,9973.78
70,76,9974.38
70,77,9978.2
70,78,9974.24
70,79,9980.41
70,80,9974.39
70,81,9974.92
70,82,9973.07
70,83,9979.99
70,84,9983.44
70,85,9975.19
70,86,9976.04
70,87,9977.76
70,88,9981.58
70,89,9972.81
70,90,9975.31
70,91,9975.7
70,92,9974.53
70,93,9975.27
70,94,9972.66
70,95,9975.7
70,96,9976.7
70,97,9973.37
70,98,9976.93
70,99,9971.17
80,0,9981.05
80,1,9975.52
80,2,9979.21
80,3,9968.53
80,4,9974.26
80,5,9977.08
80,6,9978.35
80,7,9971.27
80,8,9977.71
80,9,9970.58
80,10,9980.51
80,11,9976.66
80,12,9978.2
80,13,9977.24
80,14,9971.21
80,15,9981
80,16,9971.84
80,17,9975.13
80,18,9979.88
80,19,9979.68
80,20,9975.99
80,21,9978.64
80,22,9977.78
80,23,9975.97
80,24,9977.15
80,25,9976.61
80,26,9974.71
80,27,9977.82
80,28,9976.33
80,29,9979.91
80,30,9975.77
80,31,9975.86
80,32,9979.33
80,33,9976.29
80,34,9976.92
80,35,9974.68
80,36,9972.12
80,37,9972.33
80,38,9976.37
80,39,9977.53
80,40,9977.2
80,41,9974.26
80,42,9977.62
80,43,9973.42
80,44,9976.38
80,45,9972.04
80,46,9976.86
80,47,9978.57
80,48,9978.58
80,49,9979.2
80,50,9978.42
80,51,9977.7
80,52,9972.13
80,53,9982.1
80,54,9979.64
80,55,9976.28
80,56,9975.39
80,57,9974.79
80,58,9975.13
80,59,9976.79
80,60,9974.1
80,61,9969.84
80,62,9968.84
80,63,9977.52
80,64,9975.07
80,65,9977.44
80,66,9976.88
80,67,9974.62
80,68,9973.91
80,69,9974.84
80,70,9979.12
80,71,9974.58
80,72,9976.37
80,73,9977.57
80,74,9977.3
80,75,9973.48
80,76,9974.08
80,77,9977.9
80,78,9973.94
80,79,9980.11
80,80,9974.09
80,81,9974.62
80,82,9972.77
80,83,9979.69
80,84,9983.14
80,85,9974.89
80,86,9975.74
80,87,9977.46
80,88,9981.28
80,89,9972.51
80,90,9975.01
80,91,9975.4
80,92,9974.23
80,93,9974.97
80,94,9972.36
80,95,9975.4
80,96,9976.4
80,97,9973.07
80,98,9976.63
80,99,9970.87
90,0,9980.75
90,1,9975.22
90,2,9978.91
90,3,9968.23
90,4,9973.96
90,5,9976.78
90,6,9978.05
90,7,9970.97
90,8,9977.41
90,9,9970.28
90,10,9980.21
90,11,9976.36
90,12,9977.9
90,13,9976.94
90,14,9970.91
90,15,9980.7
90,16,9971.54
90,17,9974.83
90,18,9979.58
90,19,9979.38
90,20,9975.69
90,21,9978.34
90,22,9977.48
90,23,9975.67
90,24,9976.85
90,25,9976.31
90,26,9974.41
90,27,9977.52
90,28,9976.03
90,29,9979.61
90,30,9975.47
90,31,9975.56
90,32,9979.03
90,33,9975.99
90,34,9976.62
90,35,9974.38
90,36,9971.82
90,37,9972.03
90,38,9976.07
90,39,9977.23
90,40,9976.9
90,41,9973.96
90,42,9977.32
90,43,9973.12
90,44,9976.08
90,45,9971.74
90,46,9976.56
90,47,9978.27
90,48,9978.28
90,49,9978.9
90,50,9978.12
90,51,9977.4
90,52,9971.83
90,53,9981.8
90,54,9979.34
90,55,9975.98
90,56,9975.09
90,57,9974.49
90,58,9974.83
90,59,9976.49
90,60,9973.8
90,61,9969.54
90,62,9968.54
90,63,9977.22
90,64,9974.77
90,65,9977.14
90,66,9976.58
90,67,9974.32
90,68,9973.61
90,69,9974.54
90,70,9978.82
90,71,9974.28
90,72,9976.07
90,73,9977.27
90,74,9977
90,75,9973.18
90,76,9973.78
90,77,9977.6
90,78,9973.64
90,79,9979.81
90,80,9973.79
90,81,9974.32
90,82,9972.47
90,83,9979.39
90,84,9982.84
90,85,9974.59
90,86,9975.44
90,87,9977.16
90,88,9980.98
90,89,9972.21
90,90,9974.71
90,91,9975.1
90,92,9973.93
90,93,9974.67
90,94,9972.06
90,95,9975.1
90,96,9976.1
90,97,9972.77
90,98,9976.33
90,99,9970.57
100,0,9971.96
100,1,9963.86
100,2,9969.33
100,3,9953.15
100,4,9962.52
100,5,9965.51
100,6,9968.99
100,7,9957.65
100,8,9966.88
100,9,9958.55
100,10,9972.3
100,11,9965.46
100,12,9967.69
100,13,9966.43
100,14,9957.47
100,15,9970.27
100,16,9958.48
100,17,9961.71
100,18,9970.28
100,19,9969.68
100,20,9965.06
100,21,9968.59
100,22,9967.12
100,23,9964.15
100,24,9965.52
100,25,9965.52
100,26,9962.74
100,27,9967.26
100,28,9965.16
100,29,9970.34
100,30,9962.72
100,31,9964.92
100,32,9970.17
100,33,9965.39
100,34,9965.87
100,35,9962.21
100,36,9959.89
100,37,9957.8
100,38,9966.87
100,39,9967.22
100,40,9962.04
100,41,9962.06
100,42,9967.15
100,43,9962.18
100,44,9964.94
100,45,9958.53
100,46,9965
100,47,9966.47
100,48,9968.16
100,49,9969.58
100,50,9967.49
100,51,9967.02
100,52,9958.72
100,53,9973.7
100,54,9970.07
100,55,9964.84
100,56,9966.16
100,57,9962.4
100,58,9962.88
100,59,9965.59
100,60,9962.38
100,61,9957.31
100,62,9954.27
100,63,9966.99
100,64,9962.98
100,65,9966.56
100,66,9965.87
100,67,9962.27
100,68,9959.85
100,69,9962.71
100,70,9970.4
100,71,9964.26
100,72,9965.21
100,73,9966.88
100,74,9965.83
100,75,9961.68
100,76,9963.86
100,77,9967.37
100,78,9961.09
100,79,9970.86
100,80,9961.89
100,81,9962.38
100,82,9959.21
100,83,9969.48
100,84,9974.96
100,85,9962.87
100,86,9964.65
100,87,9967.08
100,88,9970.18
100,89,9958.99
100,90,9962.59
100,91,9963.46
100,92,9961.79
100,93,9963.12
100,94,9960.55
100,95,9962.2
100,96,9963.18
100,97,9958.31
100,98,9966.12
100,99,9958.84
110,0,9971.66
110,1,9963.56
110,2,9969.03
110,3,9952.87
110,4,9962.22
110,5,9965.21
110,6,9968.69
110,7,9957.35
110,8,9966.58
110,9,9958.25
110,10,9972
110,11,9965.16
110,12,9967.39
110,13,9966.13
110,14,9957.17
110,15,9969.97
110,16,9958.18
110,17,9961.41
110,18,9969.98
110,19,9969.38
110,20,9964.76
110,21,9968.29
110,22,9966.82
110,23,9963.85
110,24,9965.22
110,25,9965.22
110,26,9962.44
110,27,9966.96
110,28,9964.86
110,29,9970.04
110,30,9962.42
110,31,9964.62
110,32,9969.87
110,33,9965.09
110,34,9965.57
110,35,9961.91
110,36,9959.59
110,37,9957.51
110,38,9966.57
110,39,9966.92
110,40,9961.74
110,41,9961.76
110,42,9966.85
110,43,9961.88
110,44,9964.64
110,45,9958.25
110,46,9964.7
110,47,9966.18
110,48,9967.86
110,49,9969.28
110,50,9967.19
110,51,9966.72
110,52,9958.42
110,53,9973.4
110,54,9969.77
110,55,9964.54
110,56,9965.86
110,57,9962.1
110,58,9962.58
110,59,9965.29
110,60,9962.08
110,61,9957.01
110,62,9953.98
110,63,9966.69
110,64,9962.68
110,65,9966.26
110,66,9965.57
110,67,9961.97
110,68,9959.55
110,69,9962.41
110,70,9970.1
110,71,9963.96
110,72,9964.91
110,73,9966.58
110,74,9965.53
110,75,9961.38
110,76,9963.56
110,77,9967.07
110,78,9960.79
110,79,9970.56
110,80,9961.59
110,81,9962.08
110,82,9958.91
110,83,9969.18
110,84,9974.66
110,85,9962.57
110,86,9964.35
110,87,9966.78
110,88,9969.88
110,89,9958.69
110,90,9962.29
110,91,9963.16
110,92,9961.49
110,93,9962.82
110,94,9960.25
110,95,9961.91
110,96,9962.88
110,97,9958.02
110,98,9965.82
110,99,9958.54
120,0,9971.36
120,1,9963.26
120,2,9968.73
120,3,9952.57
120,4,9961.92
120,5,9964.91
120,6,9968.39
120,7,9957.05
120,8,9966.28
120,9,9957.95
120,10,9971.7
120,11,9964.86
120,12,9967.09
120,13,9965.83
120,14,9956.87
120,15,9969.67
120,16,9957.88
120,17,9961.11
120,18,9969.68
120,19,9969.08
120,20,9964.46
120,21,9967.99
120,22,9966.52
120,23,9963.55
120,24,9964.92
120,25,9964.92
120,26,9962.14
120,27,9966.66
120,28,9964.56
120,29,9969.74
120,30,9962.12
120,31,9964.32
120,32,9969.57
120,33,9964.79
120,34,9965.27
120,35,9961.61
120,36,9959.29
120,37,9957.21
120,38,9966.27
120,39,9966.62
120,40,9961.44
120,41,9961.46
120,42,9966.55
120,43,9961.58
120,44,9964.34
120,45,9957.95
120,46,9964.4
120,47,9965.88
120,48,9967.56
120,49,9968.98
120,50,9966.89
120,51,9966.42
120,52,9958.12
120,53,9973.1
120,54,9969.47
120,55,9964.24
120,56,9965.56
120,57,9961.8
120,58,9962.28
120,59,9964.99
120,60,9961.78
120,61,9956.71
120,62,9953.68
120,63,9966.39
120,64,9962.38
120,65,9965.96
120,66,9965.27
120,67,9961.67
120,68,9959.25
120,69,9962.11
120,70,9969.8
120,71,9963.66
120,72,9964.61
120,73,9966.28
120,74,9965.23
120,75,9961.08
120,76,9963.26
120,77,9966.77
120,78,9960.49
120,79,9970.26
120,80,9961.29
120,81,9961.78
120,82,9958.61
120,83,9968.88
120,84,9974.36
120,85,9962.27
120,86,9964.05
120,87,9966.48
120,88,9969.58
120,89,9958.39
120,90,9961.99
120,91,9962.86
120,92,9961.19
120,93,9962.52
120,94,9959.95
120,95,9961.61
120,96,9962.58
120,97,9957.72
120,98,9965.52
120,99,9958.24
130,0,9962.45
130,1,9951.8
130,2,9955.88
130,3,9938.25
130,4,9949.03
130,5,9950.5
130,6,9957.08
130,7,9940.33
130,8,9955.95
130,9,9941.83
130,10,9962.29
130,11,9948.93
130,12,9954.54
130,13,9952.33
130,14,9943.36
130,15,9958.34
130,16,9944.93
130,17,9949.02
130,18,9958.51
130,19,9956.77
130,20,9951.34
130,21,9953.81
130,22,9954.14
130,23,9951.75
130,24,9949.39
130,25,9954.55
130,26,9946.08
130,27,9951.98
130,28,9951.41
130,29,9958.91
130,30,9949.59
130,31,9950.75
130,32,9960.64
130,33,9950
130,34,9950.55
130,35,9949.78
130,36,9946.07
130,37,9943.17
130,38,9955.08
130,39,9953.09
130,40,9948.63
130,41,9945.28
130,42,9954.29
130,43,9949.65
130,44,9950.48
130,45,9943.26
130,46,9952.48
130,47,9953.6
130,48,9954.93
130,49,9959.54
130,50,9955.42
130,51,9955.95
130,52,9940.15
130,53,9963.86
130,54,9957.38
130,55,9952.99
130,56,9951.74
130,57,9950.63
130,58,9946.17
130,59,9951.4
130,60,9947.54
130,61,9944.89
130,62,9940.65
130,63,9953.49
130,64,9950
130,65,9951.96
130,66,9951.56
130,67,9947.21
130,68,9943.36
130,69,9949.22
130,70,9958.4
130,71,9950.75
130,72,9949.51
130,73,9953.41
130,74,9954.11
130,75,9946.74
130,76,9951.4
130,77,9954.07
130,78,9948.71
130,79,9960.74
130,80,9944.75
130,81,9950.31
130,82,9942.71
130,83,9956.9
130,84,9964.21
130,85,9950.43
130,86,9951.83
130,87,9953.17
130,88,9958.87
130,89,9943.89
130,90,9950.76
130,91,9951.32
130,92,9948.5
130,93,9950.91
130,94,9948.56
130,95,9947.47
130,96,9950.75
130,97,9943.05
130,98,9952.09
130,99,9946.67
140,0,9962.15
140,1,9951.5
140,2,9955.6
140,3,9937.98
140,4,9948.75
140,5,9950.23
140,6,9956.78
140,7,9940.08
140,8,9955.65
140,9,9941.57
140,10,9961.99
140,11,9948.67
140,12,9954.24
140,13,9952.05
140,14,9943.08
140,15,9958.06
140,16,9944.64
140,17,9948.73
140,18,9958.21
140,19,9956.49
140,20,9951.04
140,21,9953.53
140,22,9953.85
140,23,9951.45
140,24,9949.12
140,25,9954.25
140,26,9945.83
140,27,9951.73
140,28,9951.13
140,29,9958.61
140,30,9949.3
140,31,9950.49
140,32,9960.34
140,33,9949.74
140,34,9950.28
140,35,9949.48
140,36,9945.8
140,37,9942.89
140,38,9954.78
140,39,9952.82
140,40,9948.33
140,41,9945.02
140,42,9954.01
140,43,9949.36
140,44,9950.18
140,45,9942.99
140,46,9952.19
140,47,9953.31
140,48,9954.65
140,49,9959.24
140,50,9955.14
140,51,9955.65
140,52,9939.9
140,53,9963.56
140,54,9957.09
140,55,9952.69
140,56,9951.46
140,57,9950.33
140,58,9945.91
140,59,9951.1
140,60,9947.26
140,61,9944.59
140,62,9940.36
140,63,9953.2
140,64,9949.7
140,65,9951.69
140,66,9951.27
140,67,9946.95
140,68,9943.09
140,69,9948.94
140,70,9958.11
140,71,9950.46
140,72,9949.23
140,73,9953.12
140,74,9953.81
140,75,9946.45
140,76,9951.11
140,77,9953.77
140,78,9948.41
140,79,9960.44
140,80,9944.5
140,81,9950.01
140,82,9942.44
140,83,9956.6
140,84,9963.91
140,85,9950.13
140,86,9951.53
140,87,9952.89
140,88,9958.57
140,89,9943.63
140,90,9950.46
140,91,9951.02
140,92,9948.22
140,93,9950.62
140,94,9948.26
140,95,9947.2
140,96,9950.46
140,97,9942.77
140,98,9951.81
140,99,9946.37
150,0,9961.85
150,1,9951.2
150,2,9955.3
150,3,9937.68
150,4,9948.45
150,5,9949.93
150,6,9956.48
150,7,9939.78
150,8,9955.35
150,9,9941.27
150,10,9961.69
150,11,9948.37
150,12,9953.94
150,13,9951.75
150,14,9942.78
150,15,9957.76
150,16,9944.34
150,17,9948.43
150,18,9957.91
150,19,9956.19
150,20,9950.74
150,21,9953.23
150,22,9953.55
150,23,9951.15
150,24,9948.82
150,25,9953.95
150,26,9945.53
150,27,9951.43
150,28,9950.83
150,29,9958.31
150,30,9949
150,31,9950.19
150,32,9960.04
150,33,9949.44
150,34,9949.98
150,35,9949.18
150,36,9945.5
150,37,9942.59
150,38,9954.48
150,39,9952.52
150,40,9948.03
150,41,9944.72
150,42,9953.71
150,43,9949.06
150,44,9949.88
150,45,9942.69
150,46,9951.89
150,47,9953.01
150,48,9954.35
150,49,9958.94
150,50,9954.84
150,51,9955.35
150,52,9939.6
150,53,9963.26
150,54,9956.79
150,55,9952.39
150,56,9951.16
150,57,9950.03
150,58,9945.61
150,59,9950.8
150,60,9946.96
150,61,9944.29
150,62,9940.06
150,63,9952.9
150,64,9949.4
150,65,9951.39
150,66,9950.97
150,67,9946.65
150,68,9942.79
150,69,9948.64
150,70,9957.81
150,71,9950.16
150,72,9948.93
150,73,9952.82
150,74,9953.51
150,75,9946.15
150,76,9950.81
150,77,9953.47
150,78,9948.11
150,79,9960.14
150,80,9944.2
150,81,9949.71
150,82,9942.14
150,83,9956.3
150,84,9963.61
150,85,9949.83
150,86,9951.23
150,87,9952.59
150,88,9958.27
150,89,9943.33
150,90,9950.16
150,91,9950.72
150,92,9947.92
150,93,9950.32
150,94,9947.96
150,95,9946.9
150,96,9950.16
150,97,9942.47
150,98,9951.51
150,99,9946.07
160,0,9952.82
160,1,9939.7
160,2,9945.58
160,3,9927.24
160,4,9935.19
160,5,9939.16
160,6,9946.43
160,7,9927.66
160,8,9944.73
160,9,9929.42
160,10,9952.93
160,11,9936.31
160,12,9942.1
160,13,9940.72
160,14,9929.26
160,15,9948.2
160,16,9934.12
160,17,9936.71
160,18,9948.42
160,19,9944.91
160,20,9940.1
160,21,9941.35
160,22,9944.56
160,23,9939.21
160,24,9935.84
160,25,9943.61
160,26,9933.83
160,27,9941.08
160,28,9940.82
160,29,9948.88
160,30,9935.8
160,31,9934.69
160,32,9951.11
160,33,9938.67
160,34,9938.78
160,35,9939.83
160,36,9934.04
160,37,9928.38
160,38,9942.56
160,39,9942.42
160,40,9936.65
160,41,9933.67
160,42,9943.39
160,43,9936.6
160,44,9939.06
160,45,9929.19
160,46,9940.42
160,47,9942.81
160,48,9944.68
160,49,9950.39
160,50,9943.72
160,51,9946.28
160,52,9927.12
160,53,9954.66
160,54,9946.77
160,55,9939.31
160,56,9940.11
160,57,9937.6
160,58,9934.12
160,59,9937.92
160,60,9936.32
160,61,9933.18
160,62,9926.87
160,63,9942.4
160,64,9936.8
160,65,9939.29
160,66,9939.97
160,67,9932.11
160,68,9930.39
160,69,9935.57
160,70,9947.93
160,71,9940.24
160,72,9934.98
160,73,9942.3
160,74,9942.31
160,75,9931.73
160,76,9938.24
160,77,9943
160,78,9936.3
160,79,9950.25
160,80,9932.29
160,81,9938.11
160,82,9928.98
160,83,9946.61
160,84,9954.41
160,85,9937.25
160,86,9938.76
160,87,9940.02
160,88,9948.73
160,89,9931.35
160,90,9938.81
160,91,9938.83
160,92,9936.27
160,93,9940.55
160,94,9934.63
160,95,9935.72
160,96,9940.19
160,97,9928.24
160,98,9940.08
160,99,9932.86
170,0,9952.52
170,1,9939.41
170,2,9945.28
170,3,9926.94
170,4,9934.91
170,5,9938.86
170,6,9946.13
170,7,9927.38
170,8,9944.43
170,9,9929.12
170,10,9952.63
170,11,9936.02
170,12,9941.81
170,13,9940.42
170,14,9928.98
170,15,9947.9
170,16,9933.82
170,17,9936.42
170,18,9948.12
170,19,9944.61
170,20,9939.8
170,21,9941.06
170,22,9944.26
170,23,9938.91
170,24,9935.56
170,25,9943.31
170,26,9933.53
170,27,9940.78
170,28,9940.52
170,29,9948.58
170,30,9935.52
170,31,9934.44
170,32,9950.81
170,33,9938.37
170,34,9938.49
170,35,9939.53
170,36,9933.75
170,37,9928.11
170,38,9942.26
170,39,9942.12
170,40,9936.35
170,41,9933.37
170,42,9943.1
170,43,9936.32
170,44,9938.76
170,45,9928.94
170,46,9940.14
170,47,9942.51
170,48,9944.38
170,49,9950.09
170,50,9943.42
170,51,9945.98
170,52,9926.84
170,53,9954.36
170,54,9946.47
170,55,9939.05
170,56,9939.82
170,57,9937.31
170,58,9933.83
170,59,9937.63
170,60,9936.02
170,61,9932.88
170,62,9926.6
170,63,9942.1
170,64,9936.52
170,65,9938.99
170,66,9939.67
170,67,9931.86
170,68,9930.1
170,69,9935.31
170,70,9947.63
170,71,9939.94
170,72,9934.71
170,73,9942
170,74,9942.02
170,75,9931.45
170,76,9937.97
170,77,9942.7
170,78,9936.02
170,79,9949.95
170,80,9932
170,81,9937.81
170,82,9928.7
170,83,9946.31
170,84,9954.11
170,85,9936.97
170,86,9938.48
170,87,9939.75
170,88,9948.43
170,89,9931.06
170,90,9938.51
170,91,9938.53
170,92,9935.97
170,93,9940.25
170,94,9934.36
170,95,9935.43
170,96,9939.89
170,97,9927.98
170,98,9939.78
170,99,9932.56
180,0,9952.22
180,1,9939.11
180,2,9944.98
180,3,9926.64
180,4,9934.61
180,5,9938.56
180,6,9945.83
180,7,9927.08
180,8,9944.13
180,9,9928.82
180,10,9952.33
180,11,9935.72
180,12,9941.51
180,13,9940.12
180,14,9928.68
180,15,9947.6
180,16,9933.52
180,17,9936.12
180,18,9947.82
180,19,9944.31
180,20,9939.5
180,21,9940.76
180,22,9943.96
180,23,9938.61
180,24,9935.26
180,25,9943.01
180,26,9933.23
180,27,9940.48
180,28,9940.22
180,29,9948.28
180,30,9935.22
180,31,9934.14
180,32,9950.51
180,33,9938.07
180,34,9938.19
180,35,9939.23
180,36,9933.45
180,37,9927.81
180,38,9941.96
180,39,9941.82
180,40,9936.05
180,41,9933.07
180,42,9942.8
180,43,9936.02
180,44,9938.46
180,45,9928.64
180,46,9939.84
180,47,9942.21
180,48,9944.08
180,49,9949.79
180,50,9943.12
180,51,9945.68
180,52,9926.54
180,53,9954.06
180,54,9946.17
180,55,9938.75
180,56,9939.52
180,57,9937.01
180,58,9933.53
180,59,9937.33
180,60,9935.72
180,61,9932.58
180,62,9926.3
180,63,9941.8
180,64,9936.22
180,65,9938.69
180,66,9939.37
180,67,9931.56
180,68,9929.8
180,69,9935.01
180,70,9947.33
180,71,9939.64
180,72,9934.41
180,73,9941.7
180,74,9941.72
180,75,9931.15
180,76,9937.67
180,77,9942.4
180,78,9935.72
180,79,9949.65
180,80,9931.7
180,81,9937.51
180,82,9928.4
180,83,9946.01
180,84,9953.81
180,85,9936.67
180,86,9938.18
180,87,9939.45
180,88,9948.13
180,89,9930.76
180,90,9938.21
180,91,9938.23
180,92,9935.67
180,93,9939.95
180,94,9934.06
180,95,9935.13
180,96,9939.59
180,97,9927.68
180,98,9939.48
180,99,9932.26
190,0,9942.91
190,1,9927.61
190,2,9932.26
190,3,9913.85
190,4,9922.19
190,5,9928.08
190,6,9935.49
190,7,9914.83
190,8,9933.18
190,9,9916.86
190,10,9943.64
190,11,9922.94
190,12,9930.64
190,13,9930.56
190,14,9912.91
190,15,9939.11
190,16,9920.76
190,17,9922.34
190,18,9938.23
190,19,9934.08
190,20,9926.05
190,21,9928.86
190,22,9933.92
190,23,9926.53
190,24,9923.22
190,25,9932.71
190,26,9921.52
190,27,9927.66
190,28,9929.73
190,29,9937.58
190,30,9923.47
190,31,9921.84
190,32,9941.5
190,33,9927.05
190,34,9927.15
190,35,9929.22
190,36,9922.31
190,37,9916.29
190,38,9931.73
190,39,9931.6
190,40,9922
190,41,9921.47
190,42,9929.47
190,43,9924.07
190,44,9926.44
190,45,9916.41
190,46,9928.52
190,47,9930.04
190,48,9933.19
190,49,9938.73
190,50,9932.53
190,51,9934.85
190,52,9913.56
190,53,9945.68
190,54,9936.95
190,55,9925.09
190,56,9927.97
190,57,9925.35
190,58,9921.48
190,59,9925.7
190,60,9922.44
190,61,9921.69
190,62,9912.95
190,63,9931.26
190,64,9923.47
190,65,9928.63
190,66,9927.98
190,67,9918.75
190,68,9919.47
190,69,9921.88
190,70,9937.45
190,71,9929.26
190,72,9921.22
190,73,9930.8
190,74,9930.5
190,75,9920
190,76,9925.91
190,77,9931.74
190,78,9924.23
190,79,9940.52
190,80,9917.31
190,81,9927.38
190,82,9916.56
190,83,9936.26
190,84,9945.57
190,85,9924.92
190,86,9925.58
190,87,9926.98
190,88,9938.48
190,89,9916.66
190,90,9926.74
190,91,9926.22
190,92,9923.34
190,93,9930.52
190,94,9921.38
190,95,9921.94
190,96,9927.72
190,97,9915.42
190,98,9928.76
190,99,9919.22
200,0,9942.61
200,1,9927.33
200,2,9931.99
200,3,9913.59
200,4,9921.93
200,5,9927.79
200,6,9935.19
200,7,9914.56
200,8,9932.9
200,9,9916.59
200,10,9943.34
200,11,9922.66
200,12,9930.36
200,13,9930.26
200,14,9912.69
200,15,9938.81
200,16,9920.51
200,17,9922.09
200,18,9937.93
200,19,9933.79
200,20,9925.79
200,21,9928.59
200,22,9933.63
200,23,9926.26
200,24,9922.95
200,25,9932.43
200,26,9921.25
200,27,9927.4
200,28,9929.44
200,29,9937.3
200,30,9923.19
200,31,9921.56
200,32,9941.21
200,33,9926.77
200,34,9926.87
200,35,9928.92
200,36,9922.02
200,37,9916.02
200,38,9931.43
200,39,9931.31
200,40,9921.71
200,41,9921.19
200,42,9929.23
200,43,9923.8
200,44,9926.16
200,45,9916.14
200,46,9928.25
200,47,9929.76
200,48,9932.91
200,49,9938.45
200,50,9932.24
200,51,9934.58
200,52,9913.29
200,53,9945.38
200,54,9936.66
200,55,9924.85
200,56,9927.69
200,57,9925.06
200,58,9921.2
200,59,9925.42
200,60,9922.17
200,61,9921.4
200,62,9912.69
200,63,9930.97
200,64,9923.2
200,65,9928.33
200,66,9927.69
200,67,9918.49
200,68,9919.17
200,69,9921.64
200,70,9937.15
200,71,9928.97
200,72,9920.97
200,73,9930.51
200,74,9930.22
200,75,9919.71
200,76,9925.63
200,77,9931.45
200,78,9923.96
200,79,9940.22
200,80,9917.07
200,81,9927.1
200,82,9916.27
200,83,9935.96
200,84,9945.27
200,85,9924.64
200,86,9925.31
200,87,9926.72
200,88,9938.18
200,89,9916.4
200,90,9926.46
200,91,9925.94
200,92,9923.06
200,93,9930.23
200,94,9921.12
200,95,9921.69
200,96,9927.45
200,97,9915.14
200,98,9928.48
200,99,9918.92
210,0,9942.31
210,1,9927.03
210,2,9931.69
210,3,9913.29
210,4,9921.63
210,5,9927.49
210,6,9934.89
210,7,9914.26
210,8,9932.6
210,9,9916.29
210,10,9943.04
210,11,9922.36
210,12,9930.06
210,13,9929.96
210,14,9912.39
210,15,9938.51
210,16,9920.21
210,17,9921.79
210,18,9937.63
210,19,9933.49
210,20,9925.49
210,21,9928.29
210,22,9933.33
210,23,9925.96
210,24,9922.65
210,25,9932.13
210,26,9920.95
210,27,9927.1
210,28,9929.14
210,29,9937
210,30,9922.89
210,31,9921.26
210,32,9940.91
210,33,9926.47
210,34,9926.57
210,35,9928.62
210,36,9921.72
210,37,9915.72
210,38,9931.13
210,39,9931.01
210,40,9921.41
210,41,9920.89
210,42,9928.93
210,43,9923.5
210,44,9925.86
210,45,9915.84
210,46,9927.95
210,47,9929.46
210,48,9932.61
210,49,9938.15
210,50,9931.94
210,51,9934.28
210,52,9912.99
210,53,9945.08
210,54,9936.36
210,55,9924.55
210,56,9927.39
210,57,9924.76
210,58,9920.9
210,59,9925.12
210,60,9921.87
210,61,9921.1
210,62,9912.39
210,63,9930.67
210,64,9922.9
210,65,9928.03
210,66,9927.39
210,67,9918.19
210,68,9918.87
210,69,9921.34
210,70,9936.85
210,71,9928.67
210,72,9920.67
210,73,9930.21
210,74,9929.92
210,75,9919.41
210,76,9925.33
210,77,9931.15
210,78,9923.66
210,79,9939.92
210,80,9916.77
210,81,9926.8
210,82,9915.97
210,83,9935.66
210,84,9944.97
210,85,9924.34
210,86,9925.01
210,87,9926.42
210,88,9937.88
210,89,9916.1
210,90,9926.16
210,91,9925.64
210,92,9922.76
210,93,9929.93
210,94,9920.82
210,95,9921.39
210,96,9927.15
210,97,9914.84
210,98,9928.18
210,99,9918.62
220,0,9932.23
220,1,9915.48
220,2,9921.85
220,3,9900.61
220,4,9907.95
220,5,9917.49
220,6,9922.53
220,7,9902.46
220,8,9919.65
220,9,9904.39
220,10,9934.75
220,11,9910.14
220,12,9919.01
220,13,9919.26
220,14,9898.87
220,15,9930.26
220,16,9909.62
220,17,9909.45
220,18,9927.91
220,19,9923.01
220,20,9915.53
220,21,9916.27
220,22,9924.06
220,23,9913.68
220,24,9910.41
220,25,9919.66
220,26,9907.57
220,27,9914.8
220,28,9918.29
220,29,9927.5
220,30,9910.79
220,31,9906.79
220,32,9931.94
220,33,9912.31
220,34,9912.47
220,35,9917.4
220,36,9909.15
220,37,9901.59
220,38,9920.61
220,39,9920.05
220,40,9910.96
220,41,9909.36
220,42,9916.24
220,43,9911.08
220,44,9914.05
220,45,9904.81
220,46,9917.87
220,47,9917.5
220,48,9922.47
220,49,9927.27
220,50,9922.87
220,51,9924.52
220,52,9900.02
220,53,9936.85
220,54,9925.64
220,55,9910.99
220,56,9916.08
220,57,9913.27
220,58,9909.65
220,59,9913.56
220,60,9908.61
220,61,9913.34
220,62,9899
220,63,9920.01
220,64,9910.43
220,65,9918.08
220,66,9916.18
220,67,9906.77
220,68,9908.12
220,69,9907.49
220,70,9927
220,71,9918.29
220,72,9906.83
220,73,9919.58
220,74,9918.64
220,75,9905.62
220,76,9911.84
220,77,9920.38
220,78,9909.55
220,79,9930.92
220,80,9902.5
220,81,9915.26
220,82,9903.92
220,83,9927.25
220,84,9935.86
220,85,9912.65
220,86,9913.21
220,87,9914.15
220,88,9928.06
220,89,9903.17
220,90,9913.34
220,91,9915.59
220,92,9909.27
220,93,9916.05
220,94,9910.11
220,95,9908.37
220,96,9915.36
220,97,9900.89
220,98,9917.55
220,99,9906.72
230,0,9931.95
230,1,9915.21
230,2,9921.56
230,3,9900.37
230,4,9907.71
230,5,9917.21
230,6,9922.27
230,7,9902.21
230,8,9919.4
230,9,9904.13
230,10,9934.46
230,11,9909.87
230,12,9918.75
230,13,9918.98
230,14,9898.63
230,15,9929.98
230,16,9909.34
230,17,9909.2
230,18,9927.63
230,19,9922.73
230,20,9915.25
230,21,9916.01
230,22,9923.79
230,23,9913.42
230,24,9910.15
230,25,9919.41
230,26,9907.34
230,27,9914.55
230,28,9918.02
230,29,9927.21
230,30,9910.54
230,31,9906.56
230,32,9931.66
230,33,9912.08
230,34,9912.23
230,35,9917.14
230,36,9908.91
230,37,9901.36
230,38,9920.31
230,39,9919.8
230,40,9910.69
230,41,9909.1
230,42,9916
230,43,9910.83
230,44,9913.8
230,45,9904.55
230,46,9917.6
230,47,9917.24
230,48,9922.19
230,49,9927
230,50,9922.57
230,51,9924.24
230,52,9899.77
230,53,9936.56
230,54,9925.37
230,55,9910.76
230,56,9915.82
230,57,9913.02
230,58,9909.38
230,59,9913.29
230,60,9908.37
230,61,9913.06
230,62,9898.78
230,63,9919.74
230,64,9910.19
230,65,9917.8
230,66,9915.9
230,67,9906.52
230,68,9907.85
230,69,9907.27
230,70,9926.71
230,71,9918.01
230,72,9906.6
230,73,9919.3
230,74,9918.38
230,75,9905.37
230,76,9911.59
230,77,9920.1
230,78,9909.32
230,79,9930.63
230,80,9902.27
230,81,9915
230,82,9903.66
230,83,9926.96
230,84,9935.57
230,85,9912.39
230,86,9912.95
230,87,9913.9
230,88,9927.77
230,89,9902.9
230,90,9913.09
230,91,9915.33
230,92,9909.04
230,93,9915.8
230,94,9909.84
230,95,9908.13
230,96,9915.1
230,97,9900.65
230,98,9917.27
230,99,9906.42
240,0,9931.65
240,1,9914.91
240,2,9921.26
240,3,9900.07
240,4,9907.41
240,5,9916.91
240,6,9921.97
240,7,9901.91
240,8,9919.1
240,9,9903.83
240,10,9934.16
240,11,9909.57
240,12,9918.45
240,13,9918.68
240,14,9898.33
240,15,9929.68
240,16,9909.04
240,17,9908.9
240,18,9927.33
240,19,9922.43
240,20,9914.95
240,21,9915.71
240,22,9923.49
240,23,9913.12
240,24,9909.85
240,25,9919.11
240,26,9907.04
240,27,9914.25
240,28,9917.72
240,29,9926.91
240,30,9910.24
240,31,9906.26
240,32,9931.36
240,33,9911.78
240,34,9911.93
240,35,9916.84
240,36,9908.61
240,37,9901.06
240,38,9920.01
240,39,9919.5
240,40,9910.39
240,41,9908.8
240,42,9915.7
240,43,9910.53
240,44,9913.5
240,45,9904.25
240,46,9917.3
240,47,9916.94
240,48,9921.89
240,49,9926.7
240,50,9922.27
240,51,9923.94
240,52,9899.47
240,53,9936.26
240,54,9925.07
240,55,9910.46
240,56,9915.52
240,57,9912.72
240,58,9909.08
240,59,9912.99
240,60,9908.07
240,61,9912.76
240,62,9898.48
240,63,9919.44
240,64,9909.89
240,65,9917.5
240,66,9915.6
240,67,9906.22
240,68,9907.55
240,69,9906.97
240,70,9926.41
240,71,9917.71
240,72,9906.3
240,73,9919
240,74,9918.08
240,75,9905.07
240,76,9911.29
240,77,9919.8
240,78,9909.02
240,79,9930.33
240,80,9901.97
240,81,9914.7
240,82,9903.36
240,83,9926.66
240,84,9935.27
240,85,9912.09
240,86,9912.65
240,87,9913.6
240,88,9927.47
240,89,9902.6
240,90,9912.79
240,91,9915.03
240,92,9908.74
240,93,9915.5
240,94,9909.54
240,95,9907.83
240,96,9914.8
240,97,9900.35
240,98,9916.97
240,99,9906.12
250,0,9922.72
250,1,9903.34
250,2,9908.67
250,3,9890.45
250,4,9894.37
250,5,9906.25
250,6,9909.25
250,7,9894.28
250,8,9906.63
250,9,9896.26
250,10,9925.62
250,11,9896.59
250,12,9907.27
250,13,9909.32
250,14,9888.18
250,15,9921.59
250,16,9898.53
250,17,9897.76
250,18,9916.3
250,19,9911.69
250,20,9903.51
250,21,9903.29
250,22,9914.72
250,23,9903.15
250,24,9897.42
250,25,9906.85
250,26,9895.17
250,27,9904.96
250,28,9906.6
250,29,9915.94
250,30,9899.7
250,31,9895.47
250,32,9922.81
250,33,9899.82
250,34,9900.16
250,35,9905.59
250,36,9895.36
250,37,9890.57
250,38,9906.67
250,39,9909.23
250,40,9895.92
250,41,9898.2
250,42,9905.86
250,43,9899.12
250,44,9902.49
250,45,9892.51
250,46,9907.52
250,47,9905.12
250,48,9910.49
250,49,9917.59
250,50,9910.53
250,51,9913.8
250,52,9887.67
250,53,9927.34
250,54,9914.53
250,55,9900.01
250,56,9903.55
250,57,9899.19
250,58,9897.14
250,59,9902.07
250,60,9896.43
250,61,9902.94
250,62,9889.64
250,63,9908.26
250,64,9899.02
250,65,9907.5
250,66,9904.15
250,67,9894.37
250,68,9895.08
250,69,9898.09
250,70,9917.19
250,71,9907.37
250,72,9892.68
250,73,9908.27
250,74,9907.51
250,75,9892.21
250,76,9901.85
250,77,9909.59
250,78,9895.1
250,79,9920.71
250,80,9889.76
250,81,9905.1
250,82,9891.14
250,83,9914.64
250,84,9926.71
250,85,9900.25
250,86,9901.01
250,87,9901.26
250,88,9917.46
250,89,9890.39
250,90,9901.75
250,91,9903.13
250,92,9896.73
250,93,9903.77
250,94,9897.39
250,95,9894.91
250,96,9902.89
250,97,9889.22
250,98,9906.3
250,99,9897.46
260,0,9922.44
260,1,9901.03
260,2,9908.42
260,3,9886.2
260,4,9894.13
260,5,9902.52
260,6,9909.01
260,7,9889.29
260,8,9906.4
260,9,9891.68
260,10,9925.36
260,11,9894.02
260,12,9905.86
260,13,9906.48
260,14,9882.7
260,15,9921.34
260,16,9898.28
260,17,9897.5
260,18,9916.05
260,19,9908.26
260,20,9903.26
260,21,9903.05
260,22,9912.03
260,23,9899.76
260,24,9895.4
260,25,9906.61
260,26,9890.64
260,27,9900.29
260,28,9906.35
260,29,9915.68
260,30,9896.38
260,31,9890.76
260,32,9919.26
260,33,9899.58
260,34,9899.91
260,35,9905.35
260,36,9895.12
260,37,9887.33
260,38,9906.4
260,39,9905.31
260,40,9895.67
260,41,9893.65
260,42,9901.3
260,43,9898.88
260,44,9898.66
260,45,9892.27
260,46,9907.27
260,47,9904.87
260,48,9910.24
260,49,9915.21
260,50,9910.28
260,51,9913.54
260,52,9882.68
260,53,9927.08
260,54,9912.55
260,55,9896.24
260,56,9903.31
260,57,9898.95
260,58,9896.9
260,59,9899.41
260,60,9892.75
260,61,9902.68
260,62,9884.1
260,63,9908.01
260,64,9898.77
260,65,9907.24
260,66,9903.9
260,67,9894.13
260,68,9894.84
260,69,9893.01
260,70,9914.6
260,71,9904.17
260,72,9892.45
260,73,9908.01
260,74,9906.19
260,75,9891.96
260,76,9897.97
260,77,9907.13
260,78,9894.89
260,79,9920.44
260,80,9889.52
260,81,9901.76
260,82,9890.9
260,83,9914.4
260,84,9926.44
260,85,9897.78
260,86,9898.46
260,87,9901.03
260,88,9917.19
260,89,9889.02
260,90,9901.5
260,91,9902.88
260,92,9896.49
260,93,9903.51
260,94,9897.15
260,95,9894.68
260,96,9902.65
260,97,9884.88
260,98,9903.35
260,99,9897.17
270,0,9922.14
270,1,9900.73
270,2,9908.12
270,3,9885.9
270,4,9893.83
270,5,9902.22
270,6,9908.71
270,7,9888.99
270,8,9906.1
270,9,9891.38
270,10,9925.06
270,11,9893.72
270,12,9905.56
270,13,9906.18
270,14,9882.4
270,15,9921.04
270,16,9897.98
270,17,9897.2
270,18,9915.75
270,19,9907.96
270,20,9902.96
270,21,9902.75
270,22,9911.73
270,23,9899.46
270,24,9895.1
270,25,9906.31
270,26,9890.34
270,27,9899.99
270,28,9906.05
270,29,9915.38
270,30,9896.08
270,31,9890.46
270,32,9918.96
270,33,9899.28
270,34,9899.61
270,35,9905.05
270,36,9894.82
270,37,9887.03
270,38,9906.1
270,39,9905.01
270,40,9895.37
270,41,9893.35
270,42,9901
270,43,9898.58
270,44,9898.36
270,45,9891.97
270,46,9906.97
270,47,9904.57
270,48,9909.94
270,49,9914.91
270,50,9909.98
270,51,9913.24
270,52,9882.38
270,53,9926.78
270,54,9912.25
270,55,9895.94
270,56,9903.01
270,57,9898.65
270,58,9896.6
270,59,9899.11
270,60,9892.45
270,61,9902.38
270,62,9883.8
270,63,9907.71
270,64,9898.47
270,65,9906.94
270,66,9903.6
270,67,9893.83
270,68,9894.54
270,69,9892.71
270,70,9914.3
270,71,9903.87
270,72,9892.15
270,73,9907.71
270,74,9905.89
270,75,9891.66
270,76,9897.67
270,77,9906.83
270,78,9894.59
270,79,9920.14
270,80,9889.22
270,81,9901.46
270,82,9890.6
270,83,9914.1
270,84,9926.14
270,85,9897.48
270,86,9898.16
270,87,9900.73
270,88,9916.89
270,89,9888.72
270,90,9901.2
270,91,9902.58
270,92,9896.19
270,93,9903.21
270,94,9896.85
270,95,9894.38
270,96,9902.35
270,97,9884.58
270,98,9903.05
270,99,9896.87
280,0,9913.1
280,1,9889.15
280,2,9898.13
280,3,9872.77
280,4,9881.19
280,5,9893.53
280,6,9899.51
280,7,9880.69
280,8,9896.59
280,9,9882.61
280,10,9916.51
280,11,9883.18
280,12,9894.15
280,13,9896.01
280,14,9874.13
280,15,9914.11
280,16,9888.35
280,17,9886.73
280,18,9905.77
280,19,9896.98
280,20,9891.72
280,21,9892.04
280,22,9903.8
280,23,9889.24
280,24,9883.96
280,25,9893.15
280,26,9881.17
280,27,9889.03
280,28,9895.54
280,29,9905.91
280,30,9887.52
280,31,9881
280,32,9909.92
280,33,9887.52
280,34,9889.93
280,35,9894.52
280,36,9886.59
280,37,9876.34
280,38,9897.29
280,39,9895.03
280,40,9886.53
280,41,9883.22
280,42,9891.11
280,43,9889.96
280,44,9889.65
280,45,9880.8
280,46,9894.35
280,47,9892.51
280,48,9899.03
280,49,9907.53
280,50,9902.22
280,51,9904.89
280,52,9874.03
280,53,9918.35
280,54,9901.31
280,55,9885.77
280,56,9893.25
280,57,9889.86
280,58,9887.18
280,59,9887.49
280,60,9882.95
280,61,9891.62
280,62,9873.56
280,63,9896.85
280,64,9888.11
280,65,9896.88
280,66,9892.27
280,67,9882.52
280,68,9881.63
280,69,9877.86
280,70,9905.06
280,71,9893.12
280,72,9882.32
280,73,9896.91
280,74,9893.76
280,75,9876.91
280,76,9886.99
280,77,9897.03
280,78,9879.89
280,79,9911.74
280,80,9877.34
280,81,9893.38
280,82,9878.56
280,83,9904.88
280,84,9917.05
280,85,9886.34
280,86,9885.56
280,87,9888.12
280,88,9906.72
280,89,9876.49
280,90,9890.79
280,91,9895.32
280,92,9887.42
280,93,9890.5
280,94,9884.44
280,95,9881.25
280,96,9892.36
280,97,9876.33
280,98,9892.27
280,99,9885.5
290,0,9912.84
290,1,9888.92
290,2,9894.82
290,3,9872.55
290,4,9880.96
290,5,9889.78
290,6,9896.15
290,7,9876.19
290,8,9892.28
290,9,9878.49
290,10,9914.57
290,11,9879.01
290,12,9893.92
290,13,9895.76
290,14,9868.68
290,15,9911.95
290,16,9888.11
290,17,9883.16
290,18,9905.52
290,19,9893.56
290,20,9891.48
290,21,9891.8
290,22,9901.38
290,23,9885.87
290,24,9879.76
290,25,9892.94
290,26,9876.64
290,27,9884.36
290,28,9895.3
290,29,9903.75
290,30,9883.82
290,31,9876.35
290,32,9909.67
290,33,9887.29
290,34,9885.72
290,35,9891.04
290,36,9882.47
290,37,9872.19
290,38,9896.16
290,39,9891.02
290,40,9883.99
290,41,9878.7
290,42,9888.87
290,43,9885.89
290,44,9885.95
290,45,9880.57
290,46,9894.14
290,47,9892.28
290,48,9895.65
290,49,9904.62
290,50,9899.85
290,51,9901.49
290,52,9869.04
290,53,9915.91
290,54,9901.07
290,55,9881.68
290,56,9889.76
290,57,9886.49
290,58,9882.71
290,59,9887.25
290,60,9878.98
290,61,9891.36
290,62,9868.73
290,63,9896.61
290,64,9884.31
290,65,9893.62
290,66,9892.02
290,67,9882.29
290,68,9878.09
290,69,9877.68
290,70,9902.53
290,71,9889.91
290,72,9877.74
290,73,9896.66
290,74,9893.53
290,75,9876.69
290,76,9886.75
290,77,9894.54
290,78,9879.7
290,79,9910.34
290,80,9872.68
290,81,9890.22
290,82,9878.32
290,83,9902.37
290,84,9914.8
290,85,9886.1
290,86,9885.34
290,87,9887.9
290,88,9906.46
290,89,9872.43
290,90,9887.13
290,91,9892.22
290,92,9882.86
290,93,9890.25
290,94,9884.21
290,95,9881.04
290,96,9892.11
290,97,9871.99
290,98,9892.02
290,99,9885.23
300,0,9912.54
300,1,9888.62
300,2,9894.52
300,3,9872.25
300,4,9880.66
300,5,9889.48
300,6,9895.85
300,7,9875.89
300,8,9891.98
300,9,9878.19
300,10,9914.27
300,11,9878.71
300,12,9893.62
300,13,9895.46
300,14,9868.38
300,15,9911.65
300,16,9887.81
300,17,9882.86
300,18,9905.22
300,19,9893.26
300,20,9891.18
300,21,9891.5
300,22,9901.08
300,23,9885.57
300,24,9879.46
300,25,9892.64
300,26,9876.34
300,27,9884.06
300,28,9895
300,29,9903.45
300,30,9883.52
300,31,9876.05
300,32,9909.37
300,33,9886.99
300,34,9885.42
300,35,9890.74
300,36,9882.17
300,37,9871.89
300,38,9895.86
300,39,9890.72
300,40,9883.69
300,41,9878.4
300,42,9888.57
300,43,9885.59
300,44,9885.65
300,45,9880.27
300,46,9893.84
300,47,9891.98
300,48,9895.35
300,49,9904.32
300,50,9899.55
300,51,9901.19
300,52,9868.74
300,53,9915.61
300,54,9900.77
300,55,9881.38
300,56,9889.46
300,57,9886.19
300,58,9882.41
300,59,9886.95
300,60,9878.68
300,61,9891.06
300,62,9868.43
300,63,9896.31
300,64,9884.01
300,65,9893.32
300,66,9891.72
300,67,9881.99
300,68,9877.79
300,69,9877.38
300,70,9902.23
300,71,9889.61
300,72,9877.44
300,73,9896.36
300,74,9893.23
300,75,9876.39
300,76,9886.45
300,77,9894.24
300,78,9879.4
300,79,9910.04
300,80,9872.38
300,81,9889.92
300,82,9878.02
300,83,9902.07
300,84,9914.5
300,85,9885.8
300,86,9885.04
300,87,9887.6
300,88,9906.16
300,89,9872.13
300,90,9886.83
300,91,9891.92
300,92,9882.56
300,93,9889.95
300,94,9883.91
300,95,9880.74
300,96,9891.81
300,97,9871.69
300,98,9891.72
300,99,9884.93
310,0,9900.64
310,1,9876.98
310,2,9884.37
310,3,9862.49
310,4,9870.95
310,5,9880.97
310,6,9885.89
310,7,9867.51
310,8,9881.19
310,9,9866.98
310,10,9907.37
310,11,9865.84
310,12,9882.01
310,13,9888.06
310,14,9860.13
310,15,9903.2
310,16,9878.87
310,17,9875.31
310,18,9895.1
310,19,9883.44
310,20,9881.75
310,21,9881.26
310,22,9892.3
310,23,9875.23
310,24,9868.06
310,25,9880.6
310,26,9864.9
310,27,9873.59
310,28,9883.86
310,29,9893.65
310,30,9875.19
310,31,9866.89
310,32,9900.34
310,33,9875.34
310,34,9874.14
310,35,9880.73
310,36,9872.78
310,37,9861.01
310,38,9887.05
310,39,9883.2
310,40,9875.67
310,41,9871.13
310,42,9878.67
310,43,9877.04
310,44,9877.46
310,45,9868.42
310,46,9881.19
310,47,9882.68
310,48,9884.38
310,49,9896.68
310,50,9891.76
310,51,9890.63
310,52,9860.39
310,53,9907.31
310,54,9889.78
310,55,9871.11
310,56,9879.85
310,57,9875.16
310,58,9872.17
310,59,9875.32
310,60,9867.17
310,61,9882.12
310,62,9859.49
310,63,9885.24
310,64,9876.41
310,65,9884.31
310,66,9880.51
310,67,9870.19
310,68,9870.21
310,69,9868.37
310,70,9893.08
310,71,9881.57
310,72,9867.32
310,73,9885.64
310,74,9881.06
310,75,9862.79
310,76,9875.07
310,77,9884.29
310,78,9867.74
310,79,9900.02
310,80,9860.75
310,81,9881.98
310,82,9869.67
310,83,9894.43
310,84,9904.66
310,85,9873.4
310,86,9872.75
310,87,9877.97
310,88,9895.8
310,89,9862.67
310,90,9874.35
310,91,9884.32
310,92,9874.04
310,93,9877.43
310,94,9871.49
310,95,9874.8
310,96,9882.47
310,97,9863.43
310,98,9881.04
310,99,9874.09
320,0,9900.42
320,1,9876.7
320,2,9881
320,3,9860.35
320,4,9867.62
320,5,9877.34
320,6,9882.94
320,7,9863.04
320,8,9879.23
320,9,9862.51
320,10,9905.48
320,11,9861.34
320,12,9881.8
320,13,9885.04
320,14,9850.97
320,15,9900.46
320,16,9875.72
320,17,9868.69
320,18,9894.87
320,19,9880.03
320,20,9878.76
320,21,9877.7
320,22,9889.68
320,23,9871.9
320,24,9863.88
320,25,9879.85
320,26,9860.39
320,27,9868.33
320,28,9883.64
320,29,9891.54
320,30,9871.84
320,31,9862.59
320,32,9900.11
320,33,9875.13
320,34,9870.03
320,35,9874.17
320,36,9868.93
320,37,9856.87
320,38,9886.02
320,39,9879.2
320,40,9872.88
320,41,9863.59
320,42,9876.74
320,43,9872.89
320,44,9873.62
320,45,9868.2
320,46,9880.99
320,47,9879.69
320,48,9881.02
320,49,9894.26
320,50,9888.82
320,51,9890.4
320,52,9855.42
320,53,9904.81
320,54,9889.56
320,55,9868.64
320,56,9876.34
320,57,9872.01
320,58,9867.63
320,59,9875.09
320,60,9863.55
320,61,9880.43
320,62,9854.13
320,63,9885.01
320,64,9872.3
320,65,9881.11
320,66,9880.28
320,67,9869.97
320,68,9863.43
320,69,9862.41
320,70,9890.59
320,71,9878.34
320,72,9862.61
320,73,9885.4
320,74,9880.85
320,75,9862.58
320,76,9874.84
320,77,9881.84
320,78,9865.59
320,79,9899.79
320,80,9855.92
320,81,9878.69
320,82,9865.75
320,83,9891.94
320,84,9902.41
320,85,9873.2
320,86,9872.28
320,87,9877.44
320,88,9895.56
320,89,9855.68
320,90,9874.13
320,91,9881.26
320,92,9869.33
320,93,9877.2
320,94,9871.28
320,95,9867.85
320,96,9881.6
320,97,9859.39
320,98,9878.19
320,99,9873.8
330,0,9900.12
330,1,9876.4
330,2,9880.7
330,3,9860.05
330,4,9867.32
330,5,9877.04
330,6,9882.64
330,7,9862.74
330,8,9878.93
330,9,9862.21
330,10,9905.18
330,11,9861.04
330,12,9881.5
330,13,9884.74
330,14,9850.67
330,15,9900.16
330,16,9875.42
330,17,9868.39
330,18,9894.57
330,19,9879.73
330,20,9878.46
330,21,9877.4
330,22,9889.38
330,23,9871.6
330,24,9863.58
330,25,9879.55
330,26,9860.09
330,27,9868.03
330,28,9883.34
330,29,9891.24
330,30,9871.54
330,31,9862.29
330,32,9899.81
330,33,9874.83
330,34,9869.73
330,35,9873.87
330,36,9868.63
330,37,9856.57
330,38,9885.72
330,39,9878.9
330,40,9872.58
330,41,9863.29
330,42,9876.44
330,43,9872.59
330,44,9873.32
330,45,9867.9
330,46,9880.69
330,47,9879.39
330,48,9880.72
330,49,9893.96
330,50,9888.52
330,51,9890.1
330,52,9855.12
330,53,9904.51
330,54,9889.26
330,55,9868.34
330,56,9876.04
330,57,9871.71
330,58,9867.33
330,59,9874.79
330,60,9863.25
330,61,9880.13
330,62,9853.83
330,63,9884.71
330,64,9872
330,65,9880.81
330,66,9879.98
330,67,9869.67
330,68,9863.13
330,69,9862.11
330,70,9890.29
330,71,9878.04
330,72,9862.31
330,73,9885.1
330,74,9880.55
330,75,9862.28
330,76,9874.54
330,77,9881.54
330,78,9865.29
330,79,9899.49
330,80,9855.62
330,81,9878.39
330,82,9865.45
330,83,9891.64
330,84,9902.11
330,85,9872.9
330,86,9871.98
330,87,9877.14
330,88,9895.26
330,89,9855.38
330,90,9873.83
330,91,9880.96
330,92,9869.03
330,93,9876.9
330,94,9870.98
330,95,9867.55
330,96,9881.3
330,97,9859.09
330,98,9877.89
330,99,9873.5
340,0,9888.35
340,1,9864.72
340,2,9870.43
340,3,9850.19
340,4,9858.18
340,5,9868.26
340,6,9875.05
340,7,9854.28
340,8,9870.44
340,9,9854.34
340,10,9899.02
340,11,9852.42
340,12,9869.64
340,13,9877
340,14,9840.55
340,15,9893.45
340,16,9870.17
340,17,9860.12
340,18,9885.75
340,19,9869.51
340,20,9869.93
340,21,9865.95
340,22,9882.35
340,23,9859.22
340,24,9854.18
340,25,9870.9
340,26,9849.88
340,27,9858.75
340,28,9873.51
340,29,9881.42
340,30,9862.92
340,31,9851.54
340,32,9891.82
340,33,9864.9
340,34,9861.81
340,35,9864.67
340,36,9859.81
340,37,9845.65
340,38,9877.68
340,39,9868.99
340,40,9867.17
340,41,9853.34
340,42,9866.51
340,43,9864.97
340,44,9865.67
340,45,9857.89
340,46,9876.17
340,47,9870.25
340,48,9869.69
340,49,9888.86
340,50,9879.61
340,51,9881.38
340,52,9846.71
340,53,9896.37
340,54,9878.25
340,55,9857.95
340,56,9866.81
340,57,9862.37
340,58,9858.29
340,59,9863.19
340,60,9854.24
340,61,9870.39
340,62,9845.04
340,63,9874.03
340,64,9863.76
340,65,9873.71
340,66,9868.95
340,67,9859.98
340,68,9856.25
340,69,9853.09
340,70,9881.28
340,71,9867.33
340,72,9852.44
340,73,9874.51
340,74,9870.88
340,75,9852.53
340,76,9865.73
340,77,9871.47
340,78,9853.66
340,79,9889.75
340,80,9845.68
340,81,9870.87
340,82,9857.41
340,83,9883.84
340,84,9894.82
340,85,9861.82
340,86,9860.13
340,87,9867.66
340,88,9886.07
340,89,9845.85
340,90,9865.94
340,91,9873.46
340,92,9858.99
340,93,9868.17
340,94,9860.75
340,95,9861.66
340,96,9874.21
340,97,9847.65
340,98,9867.42
340,99,9857.81
350,0,9888.14
350,1,9860.98
350,2,9867.14
350,3,9845
350,4,9853.92
350,5,9864.67
350,6,9871.71
350,7,9845.88
350,8,9863.79
350,9,9845.78
350,10,9897.46
350,11,9843.64
350,12,9869.45
350,13,9875.17
350,14,9835.26
350,15,9889.31
350,16,9863.32
350,17,9856.36
350,18,9883.33
350,19,9865.67
350,20,9866.45
350,21,9861.84
350,22,9879.92
350,23,9859.02
350,24,9847.49
350,25,9866.66
350,26,9845.44
350,27,9853.58
350,28,9869.87
350,29,9879.2
350,30,9859.33
350,31,9847.1
350,32,9889.5
350,33,9858.63
350,34,9853.89
350,35,9859.3
350,36,9855.82
350,37,9841.2
350,38,9877.39
350,39,9864.96
350,40,9862.6
350,41,9848.86
350,42,9860.95
350,43,9857.01
350,44,9858.4
350,45,9853.03
350,46,9868.58
350,47,9865.32
350,48,9866.42
350,49,9884.36
350,50,9876.53
350,51,9878
350,52,9839.08
350,53,9894.2
350,54,9878.04
350,55,9850.22
350,56,9862.54
350,57,9858.97
350,58,9853.84
350,59,9860.73
350,60,9850.46
350,61,9868.6
350,62,9840.36
350,63,9870.21
350,64,9859.93
350,65,9868.25
350,66,9866.47
350,67,9855.07
350,68,9849.83
350,69,9848.45
350,70,9878.9
350,71,9863.67
350,72,9847.94
350,73,9872.7
350,74,9866.3
350,75,9845.95
350,76,9861.29
350,77,9869.35
350,78,9848.91
350,79,9888.25
350,80,9839.76
350,81,9864.73
350,82,9850.74
350,83,9882.03
350,84,9892.9
350,85,9861.14
350,86,9859.24
350,87,9862.03
350,88,9883.58
350,89,9838.56
350,90,9858.98
350,91,9867.56
350,92,9854.43
350,93,9864.75
350,94,9856.26
350,95,9854.73
350,96,9866.03
350,97,9843.4
350,98,9864.74
350,99,9856.91
360,0,9887.84
360,1,9860.68
360,2,9866.84
360,3,9844.7
360,4,9853.62
360,5,9864.37
360,6,9871.41
360,7,9845.58
360,8,9863.49
360,9,9845.48
360,10,9897.16
360,11,9843.34
360,12,9869.15
360,13,9874.87
360,14,9834.96
360,15,9889.01
360,16,9863.02
360,17,9856.06
360,18,9883.03
360,19,9865.37
360,20,9866.15
360,21,9861.54
360,22,9879.62
360,23,9858.72
360,24,9847.19
360,25,9866.36
360,26,9845.14
360,27,9853.28
360,28,9869.57
360,29,9878.9
360,30,9859.03
360,31,9846.8
360,32,9889.2
360,33,9858.33
360,34,9853.59
360,35,9859
360,36,9855.52
360,37,9840.9
360,38,9877.09
360,39,9864.66
360,40,9862.3
360,41,9848.56
360,42,9860.65
360,43,9856.71
360,44,9858.1
360,45,9852.73
360,46,9868.28
360,47,9865.02
360,48,9866.12
360,49,9884.06
360,50,9876.23
360,51,9877.7
360,52,9838.78
360,53,9893.9
360,54,9877.74
360,55,9849.92
360,56,9862.24
360,57,9858.67
360,58,9853.54
360,59,9860.43
360,60,9850.16
360,61,9868.3
360,62,9840.06
360,63,9869.91
360,64,9859.63
360,65,9867.95
360,66,9866.17
360,67,9854.77
360,68,9849.53
360,69,9848.15
360,70,9878.6
360,71,9863.37
360,72,9847.64
360,73,9872.4
360,74,9866
360,75,9845.65
360,76,9860.99
360,77,9869.05
360,78,9848.61
360,79,9887.95
360,80,9839.46
360,81,9864.43
360,82,9850.44
360,83,9881.73
360,84,9892.6
360,85,9860.84
360,86,9858.94
360,87,9861.73
360,88,9883.28
360,89,9838.26
360,90,9858.68
360,91,9867.26
360,92,9854.13
360,93,9864.45
360,94,9855.96
360,95,9854.43
360,96,9865.73
360,97,9843.1
360,98,9864.44
360,99,9856.61
370,0,9878.73
370,1,9853.89
370,2,9856.51
370,3,9834.72
370,4,9844.44
370,5,9856.44
370,6,9863.95
370,7,9837.01
370,8,9859.03
370,9,9836.84
370,10,9890.97
370,11,9835.72
370,12,9863.99
370,13,9867.46
370,14,9826.16
370,15,9882.34
370,16,9855.9
370,17,9846.79
370,18,9874.74
370,19,9859.2
370,20,9857.53
370,21,9854.6
370,22,9872.6
370,23,9849.16
370,24,9839.9
370,25,9861.64
370,26,9835.15
370,27,9844.02
370,28,9863.22
370,29,9870.82
370,30,9850.5
370,31,9838.91
370,32,9881.49
370,33,9848.16
370,34,9844.33
370,35,9849.54
370,36,9846.91
370,37,9832.27
370,38,9868.37
370,39,9856.89
370,40,9855.24
370,41,9841.09
370,42,9854.76
370,43,9848.25
370,44,9849.74
370,45,9843.48
370,46,9863.63
370,47,9856.47
370,48,9859.79
370,49,9875.73
370,50,9862.8
370,51,9868.82
370,52,9830.27
370,53,9885.89
370,54,9869.81
370,55,9843.55
370,56,9854.44
370,57,9851.99
370,58,9845.63
370,59,9851.59
370,60,9841.38
370,61,9860.86
370,62,9831.33
370,63,9862.81
370,64,9852.5
370,65,9861.3
370,66,9857.32
370,67,9845.76
370,68,9840.77
370,69,9842.88
370,70,9870.18
370,71,9854.98
370,72,9838.07
370,73,9863.32
370,74,9856.18
370,75,9837.86
370,76,9851.92
370,77,9858.86
370,78,9846.31
370,79,9879.71
370,80,9829.55
370,81,9856.87
370,82,9840.62
370,83,9873.49
370,84,9884.27
370,85,9854.84
370,86,9850.74
370,87,9852.8
370,88,9874.05
370,89,9828.93
370,90,9854.89
370,91,9858.63
370,92,9844.17
370,93,9855.85
370,94,9845.69
370,95,9848.3
370,96,9858.59
370,97,9834.62
370,98,9857.87
370,99,9845.42
380,0,9875.93
380,1,9847.07
380,2,9853.22
380,3,9830.29
380,4,9840.05
380,5,9849.6
380,6,9858.41
380,7,9832.75
380,8,9851.38
380,9,9832.37
380,10,9887.72
380,11,9829.81
380,12,9856.89
380,13,9863.53
380,14,9820.86
380,15,9877.81
380,16,9851.31
380,17,9841.83
380,18,9872.34
380,19,9853.2
380,20,9854.56
380,21,9848.45
380,22,9870.03
380,23,9845.93
380,24,9833.6
380,25,9854.21
380,26,9832.06
380,27,9839.47
380,28,9856.5
380,29,9868.59
380,30,9844.37
380,31,9834.53
380,32,9879.9
380,33,9844.13
380,34,9840.32
380,35,9843.13
380,36,9840.81
380,37,9828.84
380,38,9867.49
380,39,9850.65
380,40,9849.93
380,41,9832.13
380,42,9847.2
380,43,9841.61
380,44,9844.75
380,45,9839.38
380,46,9856.08
380,47,9853.19
380,48,9853.97
380,49,9872.91
380,50,9859.11
380,51,9864.47
380,52,9825.37
380,53,9882.71
380,54,9866.54
380,55,9835.78
380,56,9848.06
380,57,9846.23
380,58,9841.08
380,59,9849.77
380,60,9837.75
380,61,9858.73
380,62,9826.54
380,63,9858.57
380,64,9844.54
380,65,9855.5
380,66,9855.14
380,67,9842.54
380,68,9834.77
380,69,9834.48
380,70,9866.3
380,71,9850.49
380,72,9833.61
380,73,9860.11
380,74,9854.44
380,75,9832.16
380,76,9848.73
380,77,9858.65
380,78,9835.53
380,79,9878.47
380,80,9825.47
380,81,9850.66
380,82,9837.2
380,83,9871.36
380,84,9878.1
380,85,9848.25
380,86,9847.69
380,87,9851.12
380,88,9871.65
380,89,9821.34
380,90,9844.76
380,91,9854.09
380,92,9839.59
380,93,9851.49
380,94,9843.19
380,95,9841.06
380,96,9854.28
380,97,9830.48
380,98,9852.89
380,99,9842
390,0,9875.63
390,1,9846.77
390,2,9852.92
390,3,9829.99
390,4,9839.75
390,5,9849.3
390,6,9858.11
390,7,9832.45
390,8,9851.08
390,9,9832.07
390,10,9887.42
390,11,9829.51
390,12,9856.59
390,13,9863.23
390,14,9820.56
390,15,9877.51
390,16,9851.01
390,17,9841.53
390,18,9872.04
390,19,9852.9
390,20,9854.26
390,21,9848.15
390,22,9869.73
390,23,9845.63
390,24,9833.3
390,25,9853.91
390,26,9831.76
390,27,9839.17
390,28,9856.2
390,29,9868.29
390,30,9844.07
390,31,9834.23
390,32,9879.6
390,33,9843.83
390,34,9840.02
390,35,9842.83
390,36,9840.51
390,37,9828.54
390,38,9867.19
390,39,9850.35
390,40,9849.63
390,41,9831.83
390,42,9846.9
390,43,9841.31
390,44,9844.45
390,45,9839.08
390,46,9855.78
390,47,9852.89
390,48,9853.67
390,49,9872.61
390,50,9858.81
390,51,9864.17
390,52,9825.07
390,53,9882.41
390,54,9866.24
390,55,9835.48
390,56,9847.76
390,57,9845.93
390,58,9840.78
390,59,9849.47
390,60,9837.45
390,61,9858.43
390,62,9826.24
390,63,9858.27
390,64,9844.24
390,65,9855.2
390,66,9854.84
390,67,9842.24
390,68,9834.47
390,69,9834.18
390,70,9866
390,71,9850.19
390,72,9833.31
390,73,9859.81
390,74,9854.14
390,75,9831.86
390,76,9848.43
390,77,9858.35
390,78,9835.23
390,79,9878.17
390,80,9825.17
390,81,9850.36
390,82,9836.9
390,83,9871.06
390,84,9877.8
390,85,9847.95
390,86,9847.39
390,87,9850.82
390,88,9871.35
390,89,9821.04
390,90,9844.46
390,91,9853.79
390,92,9839.29
390,93,9851.19
390,94,9842.89
390,95,9840.76
390,96,9853.98
390,97,9830.18
390,98,9852.59
390,99,9841.7
400,0,9868.65
400,1,9843.4
400,2,9846.97
400,3,9823.81
400,4,9833.66
400,5,9841.65
400,6,9850.24
400,7,9828.06
400,8,9844.25
400,9,9823.94
400,10,9882.07
400,11,9823.84
400,12,9851.33
400,13,9856.71
400,14,9813.68
400,15,9872.52
400,16,9846.36
400,17,9835.76
400,18,9866.31
400,19,9848.59
400,20,9846.87
400,21,9846.18
400,22,9862.81
400,23,9842.81
400,24,9827.91
400,25,9849.31
400,26,9827.24
400,27,9836.4
400,28,9848.87
400,29,9861.51
400,30,9835.68
400,31,9826.46
400,32,9874.47
400,33,9840.71
400,34,9836.21
400,35,9835.24
400,36,9832.89
400,37,9822.21
400,38,9859.46
400,39,9845.09
400,40,9844.81
400,41,9824.29
400,42,9843.78
400,43,9837.75
400,44,9837.34
400,45,9834.1
400,46,9851.04
400,47,9849.5
400,48,9848.35
400,49,9869.01
400,50,9849.66
400,51,9859.12
400,52,9818.57
400,53,9876.96
400,54,9860.83
400,55,9831.66
400,56,9841.8
400,57,9837.64
400,58,9836.91
400,59,9844.43
400,60,9831.25
400,61,9852.71
400,62,9821.94
400,63,9855.33
400,64,9836.46
400,65,9848.28
400,66,9849.56
400,67,9838.6
400,68,9828.34
400,69,9831.41
400,70,9859.08
400,71,9843.7
400,72,9826.96
400,73,9852.21
400,74,9851.48
400,75,9827.3
400,76,9841.97
400,77,9852.27
400,78,9832.89
400,79,9873.6
400,80,9821.69
400,81,9843.16
400,82,9831.51
400,83,9868.03
400,84,9872.38
400,85,9845.95
400,86,9842.53
400,87,9848.56
400,88,9867.47
400,89,9813.61
400,90,9837.7
400,91,9847.47
400,92,9832.57
400,93,9842.71
400,94,9837.33
400,95,9838.06
400,96,9851.63
400,97,9823.32
400,98,9846.91
400,99,9833.98
410,0,9863.74
410,1,9835.43
410,2,9839.21
410,3,9816.82
410,4,9823.47
410,5,9834.62
410,6,9846.92
410,7,9816.72
410,8,9839.29
410,9,9816.53
410,10,9878.17
410,11,9811.88
410,12,9844.77
410,13,9851.52
410,14,9804.72
410,15,9866.67
410,16,9839.73
410,17,9826.91
410,18,9861.24
410,19,9839.14
410,20,9841.59
410,21,9835.58
410,22,9857.89
410,23,9832.73
410,24,9819.73
410,25,9841.66
410,26,9817.93
410,27,9826.35
410,28,9842.04
410,29,9856.58
410,30,9832.16
410,31,9818.54
410,32,9869.5
410,33,9829.08
410,34,9826.76
410,35,9828.94
410,36,9826.04
410,37,9812.96
410,38,9858.55
410,39,9836.52
410,40,9837.62
410,41,9817.8
410,42,9832.63
410,43,9827.79
410,44,9829.93
410,45,9823.03
410,46,9843.7
410,47,9839.96
410,48,9839.24
410,49,9860.12
410,50,9843.36
410,51,9852.11
410,52,9807.23
410,53,9871.22
410,54,9854.01
410,55,9820.65
410,56,9833.47
410,57,9831.16
410,58,9824.24
410,59,9836.8
410,60,9823.28
410,61,9851.03
410,62,9809.64
410,63,9846.92
410,64,9831.75
410,65,9842.65
410,66,9843.31
410,67,9829.05
410,68,9819.31
410,69,9822.53
410,70,9854.96
410,71,9836.39
410,72,9815.99
410,73,9847.71
410,74,9843.42
410,75,9818.49
410,76,9836.3
410,77,9847.34
410,78,9821.98
410,79,9868.22
410,80,9810.87
410,81,9837
410,82,9822.34
410,83,9859.23
410,84,9864.11
410,85,9835.87
410,86,9836.1
410,87,9839.34
410,88,9859.68
410,89,9805.87
410,90,9832.1
410,91,9841.24
410,92,9824.77
410,93,9836.04
410,94,9827.11
410,95,9829.24
410,96,9842.56
410,97,9817.01
410,98,9840.92
410,99,9826.54
420,0,9863.44
420,1,9835.13
420,2,9838.91
420,3,9816.52
420,4,9823.17
420,5,9834.32
420,6,9846.62
420,7,9816.42
420,8,9838.99
420,9,9816.23
420,10,9877.87
420,11,9811.58
420,12,9844.47
420,13,9851.22
420,14,9804.42
420,15,9866.37
420,16,9839.43
420,17,9826.61
420,18,9860.94
420,19,9838.84
420,20,9841.29
420,21,9835.28
420,22,9857.59
420,23,9832.43
420,24,9819.43
420,25,9841.36
420,26,9817.63
420,27,9826.05
420,28,9841.74
420,29,9856.28
420,30,9831.86
420,31,9818.24
420,32,9869.2
420,33,9828.78
420,34,9826.46
420,35,9828.64
420,36,9825.74
420,37,9812.66
420,38,9858.25
420,39,9836.22
420,40,9837.32
420,41,9817.5
420,42,9832.33
420,43,9827.49
420,44,9829.63
420,45,9822.73
420,46,9843.4
420,47,9839.66
420,48,9838.94
420,49,9859.82
420,50,9843.06
420,51,9851.81
420,52,9806.93
420,53,9870.92
420,54,9853.71
420,55,9820.35
420,56,9833.17
420,57,9830.86
420,58,9823.94
420,59,9836.5
420,60,9822.98
420,61,9850.73
420,62,9809.34
420,63,9846.62
420,64,9831.45
420,65,9842.35
420,66,9843.01
420,67,9828.75
420,68,9819.01
420,69,9822.23
420,70,9854.66
420,71,9836.09
420,72,9815.69
420,73,9847.41
420,74,9843.12
420,75,9818.19
420,76,9836
420,77,9847.04
420,78,9821.68
420,79,9867.92
420,80,9810.57
420,81,9836.7
420,82,9822.04
420,83,9858.93
420,84,9863.81
420,85,9835.57
420,86,9835.8
420,87,9839.04
420,88,9859.38
420,89,9805.57
420,90,9831.8
420,91,9840.94
420,92,9824.47
420,93,9835.74
420,94,9826.81
420,95,9828.94
420,96,9842.26
420,97,9816.71
420,98,9840.62
420,99,9826.24
430,0,9860.74
430,1,9831.68
430,2,9836.28
430,3,9816.22
430,4,9819.49
430,5,9832.08
430,6,9844.93
430,7,9815.57
430,8,9835.56
430,9,9812.85
430,10,9874.43
430,11,9808.99
430,12,9842.81
430,13,9847.85
430,14,9801.81
430,15,9864.61
430,16,9835.77
430,17,9824.47
430,18,9859.93
430,19,9835.93
430,20,9839.67
430,21,9833.36
430,22,9852.52
430,23,9829.59
430,24,9815.96
430,25,9838.68
430,26,9815.76
430,27,9823.27
430,28,9837.12
430,29,9851.96
430,30,9827.52
430,31,9815.9
430,32,9868.87
430,33,9825.64
430,34,9822.66
430,35,9823.62
430,36,9824.02
430,37,9810.46
430,38,9856.07
430,39,9833.09
430,40,9834.9
430,41,9813.59
430,42,9832.03
430,43,9823.9
430,44,9827.45
430,45,9820.09
430,46,9843.1
430,47,9834.7
430,48,9836.21
430,49,9856.24
430,50,9841.76
430,51,9850.6
430,52,9802.97
430,53,9867.32
430,54,9852.69
430,55,9820.05
430,56,9830.56
430,57,9826.22
430,58,9821.61
430,59,9834.58
430,60,9818.77
430,61,9847.49
430,62,9808.49
430,63,9843.68
430,64,9828.42
430,65,9839.16
430,66,9840.86
430,67,9826.21
430,68,9814.2
430,69,9821.93
430,70,9851.58
430,71,9831.16
430,72,9811.21
430,73,9842.32
430,74,9840.46
430,75,9816.42
430,76,9832.89
430,77,9845.34
430,78,9821.38
430,79,9866.44
430,80,9807.06
430,81,9833.2
430,82,9817.13
430,83,9855.88
430,84,9861.09
430,85,9833.55
430,86,9834.31
430,87,9836.83
430,88,9855.44
430,89,9803.41
430,90,9828.75
430,91,9836.81
430,92,9819.35
430,93,9831.18
430,94,9824.63
430,95,9826.27
430,96,9839.92
430,97,9812.5
430,98,9837.99
430,99,9821.83
440,0,9851.55
440,1,9821.36
440,2,9824.01
440,3,9799.98
440,4,9806.31
440,5,9819.85
440,6,9829.4
440,7,9800.83
440,8,9822.34
440,9,9798.88
440,10,9864.13
440,11,9793.7
440,12,9830.84
440,13,9835.69
440,14,9787.62
440,15,9851.01
440,16,9827.23
440,17,9812.1
440,18,9850
440,19,9823.97
440,20,9829.69
440,21,9820.92
440,22,9841.62
440,23,9817.78
440,24,9802.37
440,25,9828.38
440,26,9801.08
440,27,9808.21
440,28,9826.79
440,29,9841.38
440,30,9816.85
440,31,9801.94
440,32,9860.21
440,33,9812.78
440,34,9810.79
440,35,9809.73
440,36,9810.75
440,37,9795.8
440,38,9844.64
440,39,9821.01
440,40,9820.29
440,41,9799.93
440,42,9814.45
440,43,9811.98
440,44,9815.16
440,45,9808.88
440,46,9829.51
440,47,9825.98
440,48,9824.39
440,49,9845.37
440,50,9827.52
440,51,9836.72
440,52,9790.29
440,53,9855.47
440,54,9841.68
440,55,9802.96
440,56,9814.43
440,57,9815.23
440,58,9807.85
440,59,9822.97
440,60,9808.61
440,61,9837.01
440,62,9792.83
440,63,9833.39
440,64,9815.82
440,65,9825.55
440,66,9828.7
440,67,9810.88
440,68,9801.08
440,69,9808.16
440,70,9838.9
440,71,9821.61
440,72,9799.03
440,73,9832.85
440,74,9829.79
440,75,9803.03
440,76,9821.65
440,77,9834.38
440,78,9807.25
440,79,9856.75
440,80,9794.06
440,81,9817.62
440,82,9801.38
440,83,9844.11
440,84,9845.31
440,85,9815.49
440,86,9821.42
440,87,9825.89
440,88,9847.06
440,89,9790.61
440,90,9814.88
440,91,9822.4
440,92,9807.17
440,93,9820.44
440,94,9811.77
440,95,9813.12
440,96,9828.32
440,97,9800.42
440,98,9827.6
440,99,9807.7
450,0,9851.25
450,1,9821.06
450,2,9823.71
450,3,9799.68
450,4,9806.01
450,5,9819.55
450,6,9829.1
450,7,9800.53
450,8,9822.04
450,9,9798.58
450,10,9863.83
450,11,9793.4
450,12,9830.54
450,13,9835.39
450,14,9787.32
450,15,9850.71
450,16,9826.93
450,17,9811.8
450,18,9849.7
450,19,9823.67
450,20,9829.39
450,21,9820.62
450,22,9841.32
450,23,9817.48
450,24,9802.07
450,25,9828.08
450,26,9800.78
450,27,9807.91
450,28,9826.49
450,29,9841.08
450,30,9816.55
450,31,9801.64
450,32,9859.91
450,33,9812.48
450,34,9810.49
450,35,9809.43
450,36,9810.45
450,37,9795.5
450,38,9844.34
450,39,9820.71
450,40,9819.99
450,41,9799.63
450,42,9814.15
450,43,9811.68
450,44,9814.86
450,45,9808.58
450,46,9829.21
450,47,9825.68
450,48,9824.09
450,49,9845.07
450,50,9827.22
450,51,9836.42
450,52,9789.99
450,53,9855.17
450,54,9841.38
450,55,9802.66
450,56,9814.13
450,57,9814.93
450,58,9807.55
450,59,9822.67
450,60,9808.31
450,61,9836.71
450,62,9792.53
450,63,9833.09
450,64,9815.52
450,65,9825.25
450,66,9828.4
450,67,9810.58
450,68,9800.78
450,69,9807.86
450,70,9838.6
450,71,9821.31
450,72,9798.73
450,73,9832.55
450,74,9829.49
450,75,9802.73
450,76,9821.35
450,77,9834.08
450,78,9806.95
450,79,9856.45
450,80,9793.76
450,81,9817.32
450,82,9801.08
450,83,9843.81
450,84,9845.01
450,85,9815.19
450,86,9821.12
450,87,9825.59
450,88,9846.76
450,89,9790.31
450,90,9814.58
450,91,9822.1
450,92,9806.87
450,93,9820.14
450,94,9811.47
450,95,9812.82
450,96,9828.02
450,97,9800.12
450,98,9827.3
450,99,9807.4
460,0,9850.95
460,1,9820.76
460,2,9821.12
460,3,9799.38
460,4,9804.92
460,5,9817.93
460,6,9828.8
460,7,9800.19
460,8,9821.74
460,9,9797.53
460,10,9863.53
460,11,9792.01
460,12,9828.75
460,13,9835.09
460,14,9787.02
460,15,9850.41
460,16,9825.85
460,17,9811.5
460,18,9848.58
460,19,9820.8
460,20,9829.09
460,21,9820.32
460,22,9841.02
460,23,9817.18
460,24,9801.77
460,25,9827.78
460,26,9798.94
460,27,9807.61
460,28,9825.3
460,29,9840.78
460,30,9814.9
460,31,9801.34
460,32,9859.56
460,33,9812.13
460,34,9808.85
460,35,9806.8
460,36,9808.75
460,37,9795.2
460,38,9842.24
460,39,9820.36
460,40,9817.64
460,41,9798.01
460,42,9813.85
460,43,9811.33
460,44,9813.93
460,45,9808.28
460,46,9828.91
460,47,9824.28
460,48,9821.41
460,49,9844.71
460,50,9826.92
460,51,9835.14
460,52,9788.69
460,53,9854.87
460,54,9840.36
460,55,9802.36
460,56,9813.77
460,57,9813.47
460,58,9807.25
460,59,9820.71
460,60,9807.2
460,61,9836.41
460,62,9791.72
460,63,9832.79
460,64,9815.22
460,65,9824.95
460,66,9826.24
460,67,9810.28
460,68,9798.45
460,69,9807.56
460,70,9838.3
460,71,9820.1
460,72,9797.79
460,73,9830.77
460,74,9829.19
460,75,9801.07
460,76,9821.05
460,77,9832.37
460,78,9806.65
460,79,9854.98
460,80,9793.04
460,81,9817.02
460,82,9799.61
460,83,9843.51
460,84,9842.35
460,85,9813.11
460,86,9819.7
460,87,9825.29
460,88,9845.02
460,89,9789.95
460,90,9814.22
460,91,9820.33
460,92,9805.47
460,93,9818.33
460,94,9811.17
460,95,9812.52
460,96,9827.72
460,97,9799.82
460,98,9827
460,99,9805.45
470,0,9839.8
470,1,9808.32
470,2,9809.96
470,3,9786.16
470,4,9793.1
470,5,9806.21
470,6,9817.78
470,7,9788.77
470,8,9810.31
470,9,9783.22
470,10,9856.35
470,11,9777.84
470,12,9818.83
470,13,9825.32
470,14,9772.93
470,15,9840.66
470,16,9816.29
470,17,9800.46
470,18,9838.71
470,19,9809.56
470,20,9819.14
470,21,9808.49
470,22,9831.64
470,23,9805.4
470,24,9786.89
470,25,9817.87
470,26,9787.06
470,27,9795.31
470,28,9814.18
470,29,9829.86
470,30,9804.47
470,31,9790.03
470,32,9850.96
470,33,9797.78
470,34,9797.26
470,35,9797.64
470,36,9799.24
470,37,9784.28
470,38,9834.4
470,39,9810.17
470,40,9807.97
470,41,9786.72
470,42,9801.16
470,43,9800.42
470,44,9801.37
470,45,9795.51
470,46,9818.61
470,47,9813.31
470,48,9809.72
470,49,9833.89
470,50,9812.88
470,51,9823.62
470,52,9776.74
470,53,9844.76
470,54,9831.04
470,55,9788.28
470,56,9802.6
470,57,9802.02
470,58,9796.43
470,59,9811.37
470,60,9796.25
470,61,9829.26
470,62,9777.05
470,63,9820.77
470,64,9803.29
470,65,9814.61
470,66,9817.01
470,67,9798.46
470,68,9789.3
470,69,9794.32
470,70,9827.46
470,71,9809.15
470,72,9786.1
470,73,9820.13
470,74,9816.94
470,75,9788.72
470,76,9810.73
470,77,9822.83
470,78,9794.33
470,79,9847.05
470,80,9778.27
470,81,9804.32
470,82,9786.56
470,83,9830.75
470,84,9829.9
470,85,9803.46
470,86,9810.86
470,87,9813.06
470,88,9835.03
470,89,9777.19
470,90,9804.71
470,91,9809.45
470,92,9793.21
470,93,9807.03
470,94,9797.97
470,95,9801.75
470,96,9817.33
470,97,9787.73
470,98,9814.84
470,99,9794.84
480,0,9839.5
480,1,9808.02
480,2,9809.66
480,3,9785.86
480,4,9792.8
480,5,9805.91
480,6,9817.48
480,7,9788.47
480,8,9810.01
480,9,9782.92
480,10,9856.05
480,11,9777.54
480,12,9818.53
480,13,9825.02
480,14,9772.63
480,15,9840.36
480,16,9815.99
480,17,9800.16
480,18,9838.41
480,19,9809.26
480,20,9818.84
480,21,9808.19
480,22,9831.34
480,23,9805.1
480,24,9786.59
480,25,9817.57
480,26,9786.76
480,27,9795.01
480,28,9813.88
480,29,9829.56
480,30,9804.17
480,31,9789.73
480,32,9850.66
480,33,9797.48
480,34,9796.96
480,35,9797.34
480,36,9798.94
480,37,9783.98
480,38,9834.1
480,39,9809.87
480,40,9807.67
480,41,9786.42
480,42,9800.86
480,43,9800.12
480,44,9801.07
480,45,9795.21
480,46,9818.31
480,47,9813.01
480,48,9809.42
480,49,9833.59
480,50,9812.58
480,51,9823.32
480,52,9776.44
480,53,9844.46
480,54,9830.74
480,55,9787.98
480,56,9802.3
480,57,9801.72
480,58,9796.13
480,59,9811.07
480,60,9795.95
480,61,9828.96
480,62,9776.75
480,63,9820.47
480,64,9802.99
480,65,9814.31
480,66,9816.71
480,67,9798.16
480,68,9789
480,69,9794.02
480,70,9827.16
480,71,9808.85
480,72,9785.8
480,73,9819.83
480,74,9816.64
480,75,9788.42
480,76,9810.43
480,77,9822.53
480,78,9794.03
480,79,9846.75
480,80,9777.97
480,81,9804.02
480,82,9786.26
480,83,9830.45
480,84,9829.6
480,85,9803.16
480,86,9810.56
480,87,9812.76
480,88,9834.73
480,89,9776.89
480,90,9804.41
480,91,9809.15
480,92,9792.91
480,93,9806.73
480,94,9797.67
480,95,9801.45
480,96,9817.03
480,97,9787.43
480,98,9814.54
480,99,9794.54
490,0,9839.2
490,1,9807.72
490,2,9809.36
490,3,9785.56
490,4,9792.5
490,5,9805.61
490,6,9817.18
490,7,9788.11
490,8,9809.71
490,9,9781.77
490,10,9855.75
490,11,9776.18
490,12,9818.23
490,13,9824.72
490,14,9772.33
490,15,9840.06
490,16,9815.69
490,17,9799.86
490,18,9838.11
490,19,9808.96
490,20,9818.54
490,21,9807.89
490,22,9831.04
490,23,9804.8
490,24,9786.29
490,25,9817.27
490,26,9786.46
490,27,9794.71
490,28,9813.58
490,29,9829.26
490,30,9803.87
490,31,9789.43
490,32,9850.31
490,33,9797.12
490,34,9796.66
490,35,9797.04
490,36,9798.64
490,37,9783.68
490,38,9833.8
490,39,9809.5
490,40,9807.37
490,41,9786.12
490,42,9800.56
490,43,9799.82
490,44,9800.77
490,45,9794.91
490,46,9818.01
490,47,9812.71
490,48,9809.12
490,49,9833.29
490,50,9812.28
490,51,9823.02
490,52,9776.14
490,53,9844.16
490,54,9829.71
490,55,9787.68
490,56,9802
490,57,9801.42
490,58,9795.83
490,59,9810.77
490,60,9795.65
490,61,9828.66
490,62,9775.93
490,63,9820.17
490,64,9802.69
490,65,9814.01
490,66,9816.41
490,67,9797.86
490,68,9788.7
490,69,9793.72
490,70,9826.86
490,71,9808.55
490,72,9785.5
490,73,9819.53
490,74,9816.34
490,75,9788.12
490,76,9810.13
490,77,9822.23
490,78,9793.73
490,79,9846.45
490,80,9777.23
490,81,9803.72
490,82,9785.96
490,83,9830.15
490,84,9829.3
490,85,9802.86
490,86,9810.26
490,87,9812.46
490,88,9834.43
490,89,9776.59
490,90,9804.11
490,91,9808.85
490,92,9792.61
490,93,9806.43
490,94,9797.37
490,95,9801.15
490,96,9816.73
490,97,9787.13
490,98,9814.24
490,99,9794.24
500,0,9830.06
500,1,9796.44
500,2,9795.97
500,3,9773.29
500,4,9778.47
500,5,9788.4
500,6,9804.37
500,7,9775.13
500,8,9799.44
500,9,9768.6
500,10,9848.3
500,11,9764.96
500,12,9805.28
500,13,9811.76
500,14,9757.59
500,15,9830.24
500,16,9803.36
500,17,9789.28
500,18,9826.81
500,19,9797.07
500,20,9807.91
500,21,9797.87
500,22,9820.99
500,23,9793.1
500,24,9772.94
500,25,9804.23
500,26,9774.03
500,27,9779.83
500,28,9802.16
500,29,9819.93
500,30,9793.05
500,31,9777.25
500,32,9842.39
500,33,9784.09
500,34,9785.23
500,35,9786.12
500,36,9786.42
500,37,9771.21
500,38,9825.71
500,39,9799.03
500,40,9795.02
500,41,9774.59
500,42,9785.42
500,43,9787.9
500,44,9786.13
500,45,9781.17
500,46,9808.64
500,47,9800.92
500,48,9797.97
500,49,9823.34
500,50,9802.99
500,51,9812.3
500,52,9762.69
500,53,9833.21
500,54,9820.7
500,55,9774.72
500,56,9791.54
500,57,9788.99
500,58,9782.17
500,59,9799.9
500,60,9784.99
500,61,9820.28
500,62,9761.87
500,63,9808.84
500,64,9791.31
500,65,9804.14
500,66,9806.17
500,67,9783.89
500,68,9775.48
500,69,9782.41
500,70,9817.08
500,71,9797.14
500,72,9771.93
500,73,9810.81
500,74,9806.81
500,75,9773.93
500,76,9798.2
500,77,9811.4
500,78,9780.7
500,79,9838.85
500,80,9765.47
500,81,9791.24
500,82,9772.93
500,83,9819.72
500,84,9817.25
500,85,9789.34
500,86,9799.96
500,87,9799.74
500,88,9823.07
500,89,9763.2
500,90,9791.16
500,91,9795.9
500,92,9778.34
500,93,9793.66
500,94,9784.49
500,95,9790.4
500,96,9805.14
500,97,9773.52
500,98,9802.87
500,99,9784.38
510,0,9829.76
510,1,9796.14
510,2,9795.67
510,3,9772.99
510,4,9778.17
510,5,9788.1
510,6,9804.07
510,7,9774.83
510,8,9799.14
510,9,9768.3
510,10,9848
510,11,9764.66
510,12,9804.98
510,13,9811.46
510,14,9757.29
510,15,9829.94
510,16,9803.06
510,17,9788.98
510,18,9826.51
510,19,9796.77
510,20,9807.61
510,21,9797.57
510,22,9820.69
510,23,9792.8
510,24,9772.64
510,25,9803.93
510,26,9773.73
510,27,9779.53
510,28,9801.86
510,29,9819.63
510,30,9792.75
510,31,9776.95
510,32,9842.09
510,33,9783.79
510,34,9784.93
510,35,9785.82
510,36,9786.12
510,37,9770.91
510,38,9825.41
510,39,9798.73
510,40,9794.72
510,41,9774.29
510,42,9785.12
510,43,9787.6
510,44,9785.83
510,45,9780.87
510,46,9808.34
510,47,9800.62
510,48,9797.67
510,49,9823.04
510,50,9802.69
510,51,9812
510,52,9762.39
510,53,9832.91
510,54,9820.4
510,55,9774.42
510,56,9791.24
510,57,9788.69
510,58,9781.87
510,59,9799.6
510,60,9784.69
510,61,9819.98
510,62,9761.57
510,63,9808.54
510,64,9791.01
510,65,9803.84
510,66,9805.87
510,67,9783.59
510,68,9775.18
510,69,9782.11
510,70,9816.78
510,71,9796.84
510,72,9771.63
510,73,9810.51
510,74,9806.51
510,75,9773.63
510,76,9797.9
510,77,9811.1
510,78,9780.4
510,79,9838.55
510,80,9765.17
510,81,9790.94
510,82,9772.63
510,83,9819.42
510,84,9816.95
510,85,9789.04
510,86,9799.66
510,87,9799.44
510,88,9822.77
510,89,9762.9
510,90,9790.86
510,91,9795.6
510,92,9778.04
510,93,9793.36
510,94,9784.19
510,95,9790.1
510,96,9804.84
510,97,9773.22
510,98,9802.57
510,99,9784.08
520,0,9829.46
520,1,9795.84
520,2,9795.37
520,3,9772.69
520,4,9777.87
520,5,9787.8
520,6,9803.77
520,7,9774.53
520,8,9798.84
520,9,9768
520,10,9847.7
520,11,9764.36
520,12,9804.68
520,13,9811.16
520,14,9756.99
520,15,9829.64
520,16,9802.76
520,17,9788.68
520,18,9826.21
520,19,9796.47
520,20,9807.31
520,21,9797.27
520,22,9820.39
520,23,9792.5
520,24,9772.34
520,25,9803.63
520,26,9773.43
520,27,9779.23
520,28,9801.56
520,29,9819.33
520,30,9792.45
520,31,9776.65
520,32,9841.79
520,33,9783.49
520,34,9784.63
520,35,9785.52
520,36,9785.82
520,37,9770.61
520,38,9825.11
520,39,9798.43
520,40,9794.42
520,41,9773.99
520,42,9784.82
520,43,9787.3
520,44,9785.53
520,45,9780.57
520,46,9808.04
520,47,9800.32
520,48,9797.37
520,49,9822.74
520,50,9802.39
520,51,9811.7
520,52,9762.09
520,53,9832.61
520,54,9820.1
520,55,9774.12
520,56,9790.94
520,57,9788.39
520,58,9781.57
520,59,9799.3
520,60,9784.39
520,61,9819.68
520,62,9761.27
520,63,9808.24
520,64,9790.71
520,65,9803.54
520,66,9805.57
520,67,9783.29
520,68,9774.88
520,69,9781.81
520,70,9816.48
520,71,9796.54
520,72,9771.33
520,73,9810.21
520,74,9806.21
520,75,9773.33
520,76,9797.6
520,77,9810.8
520,78,9780.1
520,79,9838.25
520,80,9764.87
520,81,9790.64
520,82,9772.33
520,83,9819.12
520,84,9816.65
520,85,9788.74
520,86,9799.36
520,87,9799.14
520,88,9822.47
520,89,9762.6
520,90,9790.56
520,91,9795.3
520,92,9777.74
520,93,9793.06
520,94,9783.89
520,95,9789.8
520,96,9804.54
520,97,9772.92
520,98,9802.27
520,99,9783.78
530,0,9818.2
530,1,9784.13
530,2,9782.01
530,3,9761.61
530,4,9763.41
530,5,9773.54
530,6,9791.34
530,7,9764.38
530,8,9783.77
530,9,9752.25
530,10,9838.17
530,11,9748.88
530,12,9792.26
530,13,9797.36
530,14,9743.6
530,15,9820.31
530,16,9790.58
530,17,9774.99
530,18,9816.07
530,19,9782.41
530,20,9795.04
530,21,9784.97
530,22,9809
530,23,9781.8
530,24,9757.1
530,25,9791.44
530,26,9759.59
530,27,9766.01
530,28,9790.5
530,29,9808.37
530,30,9781
530,31,9763.92
530,32,9832.39
530,33,9768.94
530,34,9771.75
530,35,9772.79
530,36,9774.7
530,37,9759.69
530,38,9814.94
530,39,9785.98
530,40,9782.71
530,41,9758.26
530,42,9771.18
530,43,9774.71
530,44,9770.97
530,45,9765.98
530,46,9796.69
530,47,9789.47
530,48,9783.91
530,49,9812.94
530,50,9792.73
530,51,9798.75
530,52,9749.34
530,53,9820.71
530,54,9809.38
530,55,9757.98
530,56,9777.87
530,57,9776.25
530,58,9767.2
530,59,9788.59
530,60,9772.31
530,61,9806.88
530,62,9746.57
530,63,9797.09
530,64,9775.64
530,65,9792.15
530,66,9794.75
530,67,9769.34
530,68,9763.33
530,69,9768.68
530,70,9805.28
530,71,9783.27
530,72,9758.06
530,73,9799.94
530,74,9793.79
530,75,9757.74
530,76,9785.78
530,77,9800
530,78,9766.55
530,79,9828.03
530,80,9750.49
530,81,9780.18
530,82,9759.38
530,83,9808.56
530,84,9801.81
530,85,9776.97
530,86,9789.66
530,87,9787.33
530,88,9811.15
530,89,9749.66
530,90,9777.62
530,91,9785.16
530,92,9763.15
530,93,9781.05
530,94,9771.79
530,95,9778.6
530,96,9791.25
530,97,9761.48
530,98,9791.22
530,99,9774.89
540,0,9817.9
540,1,9783.83
540,2,9781.71
540,3,9761.31
540,4,9763.11
540,5,9773.24
540,6,9791.04
540,7,9764.08
540,8,9783.47
540,9,9751.95
540,10,9837.87
540,11,9748.58
540,12,9791.96
540,13,9797.06
540,14,9743.3
540,15,9820.01
540,16,9790.28
540,17,9774.69
540,18,9815.77
540,19,9782.11
540,20,9794.74
540,21,9784.67
540,22,9808.7
540,23,9781.5
540,24,9756.8
540,25,9791.14
540,26,9759.29
540,27,9765.71
540,28,9790.2
540,29,9808.07
540,30,9780.7
540,31,9763.62
540,32,9832.09
540,33,9768.64
540,34,9771.45
540,35,9772.49
540,36,9774.4
540,37,9759.39
540,38,9814.64
540,39,9785.68
540,40,9782.41
540,41,9757.96
540,42,9770.88
540,43,9774.41
540,44,9770.67
540,45,9765.68
540,46,9796.39
540,47,9789.17
540,48,9783.61
540,49,9812.64
540,50,9792.43
540,51,9798.45
540,52,9749.04
540,53,9820.41
540,54,9809.08
540,55,9757.68
540,56,9777.57
540,57,9775.95
540,58,9766.9
540,59,9788.29
540,60,9772.01
540,61,9806.58
540,62,9746.27
540,63,9796.79
540,64,9775.34
540,65,9791.85
540,66,9794.45
540,67,9769.04
540,68,9763.03
540,69,9768.38
540,70,9804.98
540,71,9782.97
540,72,9757.76
540,73,9799.64
540,74,9793.49
540,75,9757.44
540,76,9785.48
540,77,9799.7
540,78,9766.25
540,79,9827.73
540,80,9750.19
540,81,9779.88
540,82,9759.08
540,83,9808.26
540,84,9801.51
540,85,9776.67
540,86,9789.36
540,87,9787.03
540,88,9810.85
540,89,9749.36
540,90,9777.32
540,91,9784.86
540,92,9762.85
540,93,9780.75
540,94,9771.49
540,95,9778.3
540,96,9790.95
540,97,9761.18
540,98,9790.92
540,99,9774.59
550,0,9817.6
550,1,9783.53
550,2,9781.41
550,3,9761.01
550,4,9762.81
550,5,9772.94
550,6,9790.74
550,7,9763.78
550,8,9783.17
550,9,9751.65
550,10,9837.57
550,11,9748.28
550,12,9791.66
550,13,9796.76
550,14,9743
550,15,9819.71
550,16,9789.98
550,17,9774.39
550,18,9815.47
550,19,9781.81
550,20,9794.44
550,21,9784.37
550,22,9808.4
550,23,9781.2
550,24,9756.5
550,25,9790.84
550,26,9758.99
550,27,9765.41
550,28,9789.9
550,29,9807.77
550,30,9780.4
550,31,9763.32
550,32,9831.79
550,33,9768.34
550,34,9771.15
550,35,9772.19
550,36,9774.1
550,37,9759.09
550,38,9814.34
550,39,9785.38
550,40,9782.11
550,41,9757.66
550,42,9770.58
550,43,9774.11
550,44,9770.37
550,45,9765.38
550,46,9796.09
550,47,9788.87
550,48,9783.31
550,49,9812.34
550,50,9792.13
550,51,9798.15
550,52,9748.74
550,53,9820.11
550,54,9808.78
550,55,9757.38
550,56,9777.27
550,57,9775.65
550,58,9766.6
550,59,9787.99
550,60,9771.71
550,61,9806.28
550,62,9745.97
550,63,9796.49
550,64,9775.04
550,65,9791.55
550,66,9794.15
550,67,9768.74
550,68,9762.73
550,69,9768.08
550,70,9804.68
550,71,9782.67
550,72,9757.46
550,73,9799.34
550,74,9793.19
550,75,9757.14
550,76,9785.18
550,77,9799.4
550,78,9765.95
550,79,9827.43
550,80,9749.89
550,81,9779.58
550,82,9758.78
550,83,9807.96
550,84,9801.21
550,85,9776.37
550,86,9789.06
550,87,9786.73
550,88,9810.55
550,89,9749.06
550,90,9777.02
550,91,9784.56
550,92,9762.55
550,93,9780.45
550,94,9771.19
550,95,9778
550,96,9790.65
550,97,9760.88
550,98,9790.62
550,99,9774.29
560,0,9807.5
560,1,9772.83
560,2,9767.19
560,3,9745.65
560,4,9747.57
560,5,9759.1
560,6,9779.61
560,7,9752.69
560,8,9769.38
560,9,9736.38
560,10,9828.2
560,11,9736.31
560,12,9779.13
560,13,9785.82
560,14,9730.22
560,15,9808.67
560,16,9778.46
560,17,9760.96
560,18,9804.61
560,19,9769.82
560,20,9784.72
560,21,9774.67
560,22,9798.16
560,23,9769.64
560,24,9743.08
560,25,9779.7
560,26,9745.05
560,27,9753.55
560,28,9777.14
560,29,9797.18
560,30,9769.16
560,31,9751.92
560,32,9823.79
560,33,9753.7
560,34,9758.64
560,35,9761.45
560,36,9761.98
560,37,9747.8
560,38,9807.28
560,39,9773.14
560,40,9770.4
560,41,9743.82
560,42,9759.43
560,43,9760.85
560,44,9756.11
560,45,9750.86
560,46,9785.6
560,47,9776.77
560,48,9772.38
560,49,9801.5
560,50,9781.26
560,51,9786.16
560,52,9734.54
560,53,9808.03
560,54,9798.83
560,55,9746.09
560,56,9764.18
560,57,9762.28
560,58,9751.79
560,59,9777.7
560,60,9760.42
560,61,9796.27
560,62,9732.72
560,63,9786.01
560,64,9761.1
560,65,9780.47
560,66,9782.93
560,67,9757.3
560,68,9749.72
560,69,9755.23
560,70,9793.72
560,71,9769.33
560,72,9742.9
560,73,9790.7
560,74,9782.2
560,75,9741.93
560,76,9773.27
560,77,9788.56
560,78,9753.51
560,79,9819.27
560,80,9734.93
560,81,9766.54
560,82,9746.7
560,83,9797.75
560,84,9788.64
560,85,9765.05
560,86,9779.88
560,87,9776.2
560,88,9800.37
560,89,9737.23
560,90,9765
560,91,9774.14
560,92,9746.9
560,93,9767.62
560,94,9759.81
560,95,9766.63
560,96,9780.36
560,97,9746.88
560,98,9779.54
560,99,9765.78
570,0,9807.2
570,1,9772.53
570,2,9766.89
570,3,9745.35
570,4,9747.27
570,5,9758.8
570,6,9779.31
570,7,9752.39
570,8,9769.08
570,9,9736.08
570,10,9827.9
570,11,9736.01
570,12,9778.83
570,13,9785.52
570,14,9729.92
570,15,9808.37
570,16,9778.16
570,17,9760.66
570,18,9804.31
570,19,9769.52
570,20,9784.42
570,21,9774.37
570,22,9797.86
570,23,9769.34
570,24,9742.78
570,25,9779.4
570,26,9744.75
570,27,9753.25
570,28,9776.84
570,29,9796.88
570,30,9768.86
570,31,9751.62
570,32,9823.49
570,33,9753.4
570,34,9758.34
570,35,9761.15
570,36,9761.68
570,37,9747.5
570,38,9806.98
570,39,9772.84
570,40,9770.1
570,41,9743.52
570,42,9759.13
570,43,9760.55
570,44,9755.81
570,45,9750.56
570,46,9785.3
570,47,9776.47
570,48,9772.08
570,49,9801.2
570,50,9780.96
570,51,9785.86
570,52,9734.24
570,53,9807.73
570,54,9798.53
570,55,9745.79
570,56,9763.88
570,57,9761.98
570,58,9751.49
570,59,9777.4
570,60,9760.12
570,61,9795.97
570,62,9732.42
570,63,9785.71
570,64,9760.8
570,65,9780.17
570,66,9782.63
570,67,9757
570,68,9749.42
570,69,9754.93
570,70,9793.42
570,71,9769.03
570,72,9742.6
570,73,9790.4
570,74,9781.9
570,75,9741.63
570,76,9772.97
570,77,9788.26
570,78,9753.21
570,79,9818.97
570,80,9734.63
570,81,9766.24
570,82,9746.4
570,83,9797.45
570,84,9788.34
570,85,9764.75
570,86,9779.58
570,87,9775.9
570,88,9800.07
570,89,9736.93
570,90,9764.7
570,91,9773.84
570,92,9746.6
570,93,9767.32
570,94,9759.51
570,95,9766.33
570,96,9780.06
570,97,9746.58
570,98,9779.24
570,99,9765.48
580,0,9806.9
580,1,9772.23
580,2,9766.59
580,3,9745.05
580,4,9746.97
580,5,9758.5
580,6,9779.01
580,7,9752.09
580,8,9768.78
580,9,9735.78
580,10,9827.6
580,11,9735.71
580,12,9778.53
580,13,9785.22
580,14,9729.62
580,15,9808.07
580,16,9777.86
580,17,9760.36
580,18,9804.01
580,19,9769.22
580,20,9784.12
580,21,9774.07
580,22,9797.56
580,23,9769.04
580,24,9742.48
580,25,9779.1
580,26,9744.45
580,27,9752.95
580,28,9776.54
580,29,9796.58
580,30,9768.56
580,31,9751.32
580,32,9823.19
580,33,9753.1
580,34,9758.04
580,35,9760.85
580,36,9761.38
580,37,9747.2
580,38,9806.68
580,39,9772.54
580,40,9769.8
580,41,9743.22
580,42,9758.83
580,43,9760.25
580,44,9755.51
580,45,9750.26
580,46,9785
580,47,9776.17
580,48,9771.78
580,49,9800.9
580,50,9780.66
580,51,9785.56
580,52,9733.94
580,53,9807.43
580,54,9798.23
580,55,9745.49
580,56,9763.58
580,57,9761.68
580,58,9751.19
580,59,9777.1
580,60,9759.82
580,61,9795.67
580,62,9732.12
580,63,9785.41
580,64,9760.5
580,65,9779.87
580,66,9782.33
580,67,9756.7
580,68,9749.12
580,69,9754.63
580,70,9793.12
580,71,9768.73
580,72,9742.3
580,73,9790.1
580,74,9781.6
580,75,9741.33
580,76,9772.67
580,77,9787.96
580,78,9752.91
580,79,9818.67
580,80,9734.33
580,81,9765.94
580,82,9746.1
580,83,9797.15
580,84,9788.04
580,85,9764.45
580,86,9779.28
580,87,9775.6
580,88,9799.77
580,89,9736.63
580,90,9764.4
580,91,9773.54
580,92,9746.3
580,93,9767.02
580,94,9759.21
580,95,9766.03
580,96,9779.76
580,97,9746.28
580,98,9778.94
580,99,9765.18
590,0,9796.16
590,1,9760.54
590,2,9752.25
590,3,9729.58
590,4,9735.03
590,5,9744.83
590,6,9767.93
590,7,9738.86
590,8,9755.12
590,9,9722.15
590,10,9818.2
590,11,9722.37
590,12,9765.97
590,13,9771.47
590,14,9715.65
590,15,9798.87
590,16,9765.77
590,17,9749.6
590,18,9793
590,19,9757.16
590,20,9771.92
590,21,9762.12
590,22,9787.25
590,23,9758.23
590,24,9729.04
590,25,9766.55
590,26,9730.53
590,27,9739
590,28,9765.38
590,29,9786.19
590,30,9756.45
590,31,9738.48
590,32,9815.17
590,33,9739.48
590,34,9745.87
590,35,9748.48
590,36,9751.01
590,37,9734.94
590,38,9795.38
590,39,9759.66
590,40,9754.62
590,41,9729.6
590,42,9743.31
590,43,9748.6
590,44,9743.54
590,45,9736.34
590,46,9773.94
590,47,9763.93
590,48,9760.72
590,49,9790.7
590,50,9771.23
590,51,9772.3
590,52,9719.75
590,53,9798.02
590,54,9788.49
590,55,9729.68
590,56,9750.48
590,57,9747.68
590,58,9739.33
590,59,9766.05
590,60,9749.06
590,61,9786.32
590,62,9721.23
590,63,9773.28
590,64,9745.41
590,65,9769.05
590,66,9771.13
590,67,9743.24
590,68,9736.13
590,69,9740.81
590,70,9782.38
590,71,9756.81
590,72,9729.86
590,73,9775.84
590,74,9769.32
590,75,9727.32
590,76,9758.99
590,77,9775.69
590,78,9739.1
590,79,9809.9
590,80,9721.32
590,81,9753.8
590,82,9733.28
590,83,9786.95
590,84,9774.02
590,85,9752.94
590,86,9770.23
590,87,9764.64
590,88,9787.7
590,89,9723.75
590,90,9751.96
590,91,9762.73
590,92,9731.54
590,93,9754.5
590,94,9745.64
590,95,9753.18
590,96,9767.54
590,97,9732.4
590,98,9767.95
590,99,9755.09
600,0,9795.86
600,1,9760.24
600,2,9751.95
600,3,9729.28
600,4,9734.73
600,5,9744.53
600,6,9767.63
600,7,9738.56
600,8,9754.82
600,9,9721.85
600,10,9817.9
600,11,9722.07
600,12,9765.67
600,13,9771.17
600,14,9715.35
600,15,9798.57
600,16,9765.47
600,17,9749.3
600,18,9792.7
600,19,9756.86
600,20,9771.62
600,21,9761.82
600,22,9786.95
600,23,9757.93
600,24,9728.74
600,25,9766.25
600,26,9730.23
600,27,9738.7
600,28,9765.08
600,29,9785.89
600,30,9756.15
600,31,9738.18
600,32,9814.87
600,33,9739.18
600,34,9745.57
600,35,9748.18
600,36,9750.71
600,37,9734.64
600,38,9795.08
600,39,9759.36
600,40,9754.32
600,41,9729.3
600,42,9743.01
600,43,9748.3
600,44,9743.24
600,45,9736.04
600,46,9773.64
600,47,9763.63
600,48,9760.42
600,49,9790.4
600,50,9770.93
600,51,9772
600,52,9719.45
600,53,9797.72
600,54,9788.19
600,55,9729.38
600,56,9750.18
600,57,9747.38
600,58,9739.03
600,59,9765.75
600,60,9748.76
600,61,9786.02
600,62,9720.93
600,63,9772.98
600,64,9745.11
600,65,9768.75
600,66,9770.83
600,67,9742.94
600,68,9735.83
600,69,9740.51
600,70,9782.08
600,71,9756.51
600,72,9729.56
600,73,9775.54
600,74,9769.02
600,75,9727.02
600,76,9758.69
600,77,9775.39
600,78,9738.8
600,79,9809.6
600,80,9721.02
600,81,9753.5
600,82,9732.98
600,83,9786.65
600,84,9773.72
600,85,9752.64
600,86,9769.93
600,87,9764.34
600,88,9787.4
600,89,9723.45
600,90,9751.66
600,91,9762.43
600,92,9731.24
600,93,9754.2
600,94,9745.34
600,95,9752.88
600,96,9767.24
600,97,9732.1
600,98,9767.65
600,99,9754.79
610,0,9795.56
610,1,9759.94
610,2,9751.65
610,3,9728.98
610,4,9734.43
610,5,9744.23
610,6,9767.33
610,7,9738.26
610,8,9754.52
610,9,9721.55
610,10,9817.6
610,11,9721.77
610,12,9765.37
610,13,9770.87
610,14,9715.05
610,15,9798.27
610,16,9765.17
610,17,9749
610,18,9792.4
610,19,9756.56
610,20,9771.32
610,21,9761.52
610,22,9786.65
610,23,9757.63
610,24,9728.44
610,25,9765.95
610,26,9729.93
610,27,9738.4
610,28,9764.78
610,29,9785.59
610,30,9755.85
610,31,9737.88
610,32,9814.57
610,33,9738.88
610,34,9745.27
610,35,9747.88
610,36,9750.41
610,37,9734.34
610,38,9794.78
610,39,9759.06
610,40,9754.02
610,41,9729
610,42,9742.71
610,43,9748
610,44,9742.94
610,45,9735.74
610,46,9773.34
610,47,9763.33
610,48,9760.12
610,49,9790.1
610,50,9770.63
610,51,9771.7
610,52,9719.15
610,53,9797.42
610,54,9787.89
610,55,9729.08
610,56,9749.88
610,57,9747.08
610,58,9738.73
610,59,9765.45
610,60,9748.46
610,61,9785.72
610,62,9720.63
610,63,9772.68
610,64,9744.81
610,65,9768.45
610,66,9770.53
610,67,9742.64
610,68,9735.53
610,69,9740.21
610,70,9781.78
610,71,9756.21
610,72,9729.26
610,73,9775.24
610,74,9768.72
610,75,9726.72
610,76,9758.39
610,77,9775.09
610,78,9738.5
610,79,9809.3
610,80,9720.72
610,81,9753.2
610,82,9732.68
610,83,9786.35
610,84,9773.42
610,85,9752.34
610,86,9769.63
610,87,9764.04
610,88,9787.1
610,89,9723.15
610,90,9751.36
610,91,9762.13
610,92,9730.94
610,93,9753.9
610,94,9745.04
610,95,9752.58
610,96,9766.94
610,97,9731.8
610,98,9767.35
610,99,9754.49
620,0,9785.21
620,1,9750.4
620,2,9740.23
620,3,9716.23
620,4,9722.88
620,5,9730.77
620,6,9754.75
620,7,9727.37
620,8,9742.09
620,9,9708.02
620,10,9810.65
620,11,9708.11
620,12,9752.79
620,13,9759.64
620,14,9701.69
620,15,9791.68
620,16,9755.67
620,17,9740.05
620,18,9781.21
620,19,9744.48
620,20,9759.39
620,21,9752.17
620,22,9777.89
620,23,9746.19
620,24,9714.98
620,25,9753.84
620,26,9718.71
620,27,9727.02
620,28,9755.41
620,29,9777.2
620,30,9743.6
620,31,9725.52
620,32,9806.44
620,33,9728.97
620,34,9736.26
620,35,9736.45
620,36,9738.48
620,37,9723.12
620,38,9783.51
620,39,9746.03
620,40,9739.62
620,41,9719.3
620,42,9730.96
620,43,9736.7
620,44,9731.84
620,45,9724
620,46,9764.14
620,47,9754.72
620,48,9747.54
620,49,9780.94
620,50,9763.29
620,51,9762.59
620,52,9705.13
620,53,9790.06
620,54,9778.04
620,55,9717.1
620,56,9741.04
620,57,9734.59
620,58,9730.09
620,59,9755.06
620,60,9737.61
620,61,9773.97
620,62,9707.24
620,63,9762
620,64,9736.51
620,65,9760.59
620,66,9760.03
620,67,9731.46
620,68,9723.91
620,69,9727.1
620,70,9773.28
620,71,9747.01
620,72,9717.53
620,73,9766.2
620,74,9756.81
620,75,9715.65
620,76,9744.96
620,77,9763.48
620,78,9725.2
620,79,9800.98
620,80,9710.89
620,81,9745.64
620,82,9719.12
620,83,9774.84
620,84,9763.57
620,85,9740.03
620,86,9760.16
620,87,9754.66
620,88,9775.61
620,89,9712.75
620,90,9739.16
620,91,9751.36
620,92,9720.89
620,93,9745.05
620,94,9731.9
620,95,9741.77
620,96,9756.72
620,97,9718.39
620,98,9756.48
620,99,9745.6
630,0,9784.91
630,1,9750.1
630,2,9739.93
630,3,9715.93
630,4,9722.58
630,5,9730.47
630,6,9754.45
630,7,9727.07
630,8,9741.79
630,9,9707.72
630,10,9810.35
630,11,9707.81
630,12,9752.49
630,13,9759.34
630,14,9701.39
630,15,9791.38
630,16,9755.37
630,17,9739.75
630,18,9780.91
630,19,9744.18
630,20,9759.09
630,21,9751.87
630,22,9777.59
630,23,9745.89
630,24,9714.68
630,25,9753.54
630,26,9718.41
630,27,9726.72
630,28,9755.11
630,29,9776.9
630,30,9743.3
630,31,9725.22
630,32,9806.14
630,33,9728.67
630,34,9735.96
630,35,9736.15
630,36,9738.18
630,37,9722.82
630,38,9783.21
630,39,9745.73
630,40,9739.32
630,41,9719
630,42,9730.66
630,43,9736.4
630,44,9731.54
630,45,9723.7
630,46,9763.84
630,47,9754.42
630,48,9747.24
630,49,9780.64
630,50,9762.99
630,51,9762.29
630,52,9704.83
630,53,9789.76
630,54,9777.74
630,55,9716.8
630,56,9740.74
630,57,9734.29
630,58,9729.79
630,59,9754.76
630,60,9737.31
630,61,9773.67
630,62,9706.94
630,63,9761.7
630,64,9736.21
630,65,9760.29
630,66,9759.73
630,67,9731.16
630,68,9723.61
630,69,9726.8
630,70,9772.98
630,71,9746.71
630,72,9717.23
630,73,9765.9
630,74,9756.51
630,75,9715.35
630,76,9744.66
630,77,9763.18
630,78,9724.9
630,79,9800.68
630,80,9710.59
630,81,9745.34
630,82,9718.82
630,83,9774.54
630,84,9763.27
630,85,9739.73
630,86,9759.86
630,87,9754.36
630,88,9775.31
630,89,9712.45
630,90,9738.86
630,91,9751.06
630,92,9720.59
630,93,9744.75
630,94,9731.6
630,95,9741.47
630,96,9756.42
630,97,9718.09
630,98,9756.18
630,99,9745.3
640,0,9784.61
640,1,9749.8
640,2,9739.63
640,3,9715.63
640,4,9722.28
640,5,9730.17
640,6,9754.15
640,7,9726.77
640,8,9741.49
640,9,9707.42
640,10,9810.05
640,11,9707.51
640,12,9752.19
640,13,9759.04
640,14,9701.09
640,15,9791.08
640,16,9755.07
640,17,9739.45
640,18,9780.61
640,19,9743.88
640,20,9758.79
640,21,9751.57
640,22,9777.29
640,23,9745.59
640,24,9714.38
640,25,9753.24
640,26,9718.11
640,27,9726.42
640,28,9754.81
640,29,9776.6
640,30,9743
640,31,9724.92
640,32,9805.84
640,33,9728.37
640,34,9735.66
640,35,9735.85
640,36,9737.88
640,37,9722.52
640,38,9782.91
640,39,9745.43
640,40,9739.02
640,41,9718.7
640,42,9730.36
640,43,9736.1
640,44,9731.24
640,45,9723.4
640,46,9763.54
640,47,9754.12
640,48,9746.94
640,49,9780.34
640,50,9762.69
640,51,9761.99
640,52,9704.53
640,53,9789.46
640,54,9777.44
640,55,9716.5
640,56,9740.44
640,57,9733.99
640,58,9729.49
640,59,9754.46
640,60,9737.01
640,61,9773.37
640,62,9706.64
640,63,9761.4
640,64,9735.91
640,65,9759.99
640,66,9759.43
640,67,9730.86
640,68,9723.31
640,69,9726.5
640,70,9772.68
640,71,9746.41
640,72,9716.93
640,73,9765.6
640,74,9756.21
640,75,9715.05
640,76,9744.36
640,77,9762.88
640,78,9724.6
640,79,9800.38
640,80,9710.29
640,81,9745.04
640,82,9718.52
640,83,9774.24
640,84,9762.97
640,85,9739.43
640,86,9759.56
640,87,9754.06
640,88,9775.01
640,89,9712.15
640,90,9738.56
640,91,9750.76
640,92,9720.29
640,93,9744.45
640,94,9731.3
640,95,9741.17
640,96,9756.12
640,97,9717.79
640,98,9755.88
640,99,9745
650,0,9771.85
650,1,9736
650,2,9723.29
650,3,9697.93
650,4,9708.24
650,5,9712.85
650,6,9740.26
650,7,9711.75
650,8,9727.2
650,9,9691.43
650,10,9799.68
650,11,9690.96
650,12,9736.9
650,13,9746.74
650,14,9681.99
650,15,9778.68
650,16,9742.63
650,17,9723.76
650,18,9766.79
650,19,9728.33
650,20,9745.58
650,21,9736.82
650,22,9764.23
650,23,9730.44
650,24,9696.58
650,25,9738.54
650,26,9701.54
650,27,9708.92
650,28,9738.71
650,29,9764.88
650,30,9726.78
650,31,9710.3
650,32,9796.53
650,33,9711.36
650,34,9720.99
650,35,9720.61
650,36,9721.37
650,37,9708.95
650,38,9772.29
650,39,9727.47
650,40,9720.76
650,41,9701.49
650,42,9711.75
650,43,9720.1
650,44,9714.93
650,45,9706.23
650,46,9751.36
650,47,9738.34
650,48,9732.1
650,49,9769.37
650,50,9750.94
650,51,9746.75
650,52,9689.06
650,53,9777
650,54,9765.91
650,55,9697.57
650,56,9726.69
650,57,9717.36
650,58,9711.98
650,59,9741.44
650,60,9720.91
650,61,9763.82
650,62,9690.65
650,63,9747.51
650,64,9721.85
650,65,9748.75
650,66,9746.57
650,67,9714.32
650,68,9708.76
650,69,9710.2
650,70,9760.35
650,71,9732.04
650,72,9703.3
650,73,9750.95
650,74,9742.62
650,75,9697.43
650,76,9728.02
650,77,9749.05
650,78,9708.84
650,79,9791.06
650,80,9694.12
650,81,9732.49
650,82,9702.41
650,83,9761.71
650,84,9745.68
650,85,9723.61
650,86,9748.34
650,87,9740.43
650,88,9760.9
650,89,9697.54
650,90,9723.23
650,91,9735.47
650,92,9700.44
650,93,9729.63
650,94,9714.56
650,95,9727.41
650,96,9742.7
650,97,9701.74
650,98,9742.4
650,99,9732.4
660,0,9771.55
660,1,9735.7
660,2,9722.99
660,3,9697.65
660,4,9707.94
660,5,9712.55
660,6,9739.96
660,7,9711.46
660,8,9726.9
660,9,9691.13
660,10,9799.38
660,11,9690.67
660,12,9736.6
660,13,9746.44
660,14,9681.7
660,15,9778.38
660,16,9742.33
660,17,9723.46
660,18,9766.49
660,19,9728.03
660,20,9745.28
660,21,9736.52
660,22,9763.93
660,23,9730.14
660,24,9696.29
660,25,9738.24
660,26,9701.24
660,27,9708.63
660,28,9738.41
660,29,9764.58
660,30,9726.48
660,31,9710
660,32,9796.23
660,33,9711.06
660,34,9720.69
660,35,9720.31
660,36,9721.07
660,37,9708.65
660,38,9771.99
660,39,9727.17
660,40,9720.46
660,41,9701.2
660,42,9711.47
660,43,9719.8
660,44,9714.63
660,45,9705.94
660,46,9751.06
660,47,9738.04
660,48,9731.8
660,49,9769.07
660,50,9750.64
660,51,9746.45
660,52,9688.76
660,53,9776.7
660,54,9765.61
660,55,9697.3
660,56,9726.39
660,57,9717.06
660,58,9711.69
660,59,9741.14
660,60,9720.61
660,61,9763.52
660,62,9690.36
660,63,9747.21
660,64,9721.55
660,65,9748.45
660,66,9746.27
660,67,9714.03
660,68,9708.46
660,69,9709.9
660,70,9760.05
660,71,9731.74
660,72,9703
660,73,9750.65
660,74,9742.32
660,75,9697.13
660,76,9727.72
660,77,9748.75
660,78,9708.54
660,79,9790.76
660,80,9693.82
660,81,9732.19
660,82,9702.11
660,83,9761.41
660,84,9745.38
660,85,9723.31
660,86,9748.04
660,87,9740.13
660,88,9760.6
660,89,9697.24
660,90,9722.93
660,91,9735.17
660,92,9700.16
660,93,9729.33
660,94,9714.26
660,95,9727.11
660,96,9742.4
660,97,9701.44
660,98,9742.1
660,99,9732.1
670,0,9771.25
670,1,9735.4
670,2,9722.69
670,3,9697.35
670,4,9707.64
670,5,9712.25
670,6,9739.66
670,7,9711.16
670,8,9726.6
670,9,9690.83
670,10,9799.08
670,11,9690.37
670,12,9736.3
670,13,9746.14
670,14,9681.4
670,15,9778.08
670,16,9742.03
670,17,9723.16
670,18,9766.19
670,19,9727.73
670,20,9744.98
670,21,9736.22
670,22,9763.63
670,23,9729.84
670,24,9695.99
670,25,9737.94
670,26,9700.94
670,27,9708.33
670,28,9738.11
670,29,9764.28
670,30,9726.18
670,31,9709.7
670,32,9795.93
670,33,9710.76
670,34,9720.39
670,35,9720.01
670,36,9720.77
670,37,9708.35
670,38,9771.69
670,39,9726.87
670,40,9720.16
670,41,9700.9
670,42,9711.17
670,43,9719.5
670,44,9714.33
670,45,9705.64
670,46,9750.76
670,47,9737.74
670,48,9731.5
670,49,9768.77
670,50,9750.34
670,51,9746.15
670,52,9688.46
670,53,9776.4
670,54,9765.31
670,55,9697
670,56,9726.09
670,57,9716.76
670,58,9711.39
670,59,9740.84
670,60,9720.31
670,61,9763.22
670,62,9690.06
670,63,9746.91
670,64,9721.25
670,65,9748.15
670,66,9745.97
670,67,9713.73
670,68,9708.16
670,69,9709.6
670,70,9759.75
670,71,9731.44
670,72,9702.7
670,73,9750.35
670,74,9742.02
670,75,9696.83
670,76,9727.42
670,77,9748.45
670,78,9708.24
670,79,9790.46
670,80,9693.52
670,81,9731.89
670,82,9701.81
670,83,9761.11
670,84,9745.08
670,85,9723.01
670,86,9747.74
670,87,9739.83
670,88,9760.3
670,89,9696.94
670,90,9722.63
670,91,9734.87
670,92,9699.86
670,93,9729.03
670,94,9713.96
670,95,9726.81
670,96,9742.1
670,97,9701.14
670,98,9741.8
670,99,9731.8
680,0,9759.94
680,1,9724.32
680,2,9708.52
680,3,9683.49
680,4,9694.85
680,5,9698.27
680,6,9728.15
680,7,9700.42
680,8,9713.45
680,9,9679.17
680,10,9791.22
680,11,9678.47
680,12,9723.26
680,13,9733.72
680,14,9668.77
680,15,9768.38
680,16,9729.86
680,17,9711.3
680,18,9753.94
680,19,9715.75
680,20,9731.79
680,21,9726.06
680,22,9752.45
680,23,9718
680,24,9682.9
680,25,9724.65
680,26,9684.88
680,27,9696.54
680,28,9725.32
680,29,9754.38
680,30,9712.48
680,31,9696.74
680,32,9787.4
680,33,9698.88
680,34,9706.07
680,35,9708.64
680,36,9707.69
680,37,9693.92
680,38,9760.94
680,39,9715.3
680,40,9704.92
680,41,9685.59
680,42,9697.2
680,43,9706.74
680,44,9699.7
680,45,9692.16
680,46,9740.39
680,47,9723.65
680,48,9720.12
680,49,9758.16
680,50,9739.49
680,51,9734.26
680,52,9675.05
680,53,9764.41
680,54,9756.14
680,55,9682.97
680,56,9713.08
680,57,9704.75
680,58,9699.1
680,59,9730.58
680,60,9705.42
680,61,9750.52
680,62,9678.57
680,63,9733.55
680,64,9706.92
680,65,9737.47
680,66,9735.23
680,67,9698.03
680,68,9696.45
680,69,9696.78
680,70,9750.13
680,71,9717.16
680,72,9690.89
680,73,9737.2
680,74,9730.81
680,75,9684.32
680,76,9715.15
680,77,9736.12
680,78,9696.96
680,79,9782.32
680,80,9681.84
680,81,9719.45
680,82,9690.36
680,83,9751.62
680,84,9735.62
680,85,9710.92
680,86,9737.84
680,87,9728.45
680,88,9748.65
680,89,9682.96
680,90,9710.83
680,91,9721.56
680,92,9686.5
680,93,9714.91
680,94,9698.82
680,95,9713.34
680,96,9729.14
680,97,9685.94
680,98,9730.83
680,99,9723.85
690,0,9759.64
690,1,9724.02
690,2,9708.22
690,3,9683.19
690,4,9694.55
690,5,9697.97
690,6,9727.85
690,7,9700.12
690,8,9713.15
690,9,9678.87
690,10,9790.92
690,11,9678.17
690,12,9722.96
690,13,9733.42
690,14,9668.47
690,15,9768.08
690,16,9729.56
690,17,9711
690,18,9753.64
690,19,9715.45
690,20,9731.49
690,21,9725.76
690,22,9752.15
690,23,9717.7
690,24,9682.6
690,25,9724.35
690,26,9684.58
690,27,9696.24
690,28,9725.02
690,29,9754.08
690,30,9712.18
690,31,9696.44
690,32,9787.1
690,33,9698.58
690,34,9705.77
690,35,9708.34
690,36,9707.39
690,37,9693.62
690,38,9760.64
690,39,9715
690,40,9704.62
690,41,9685.29
690,42,9696.9
690,43,9706.44
690,44,9699.4
690,45,9691.86
690,46,9740.09
690,47,9723.35
690,48,9719.82
690,49,9757.86
690,50,9739.19
690,51,9733.96
690,52,9674.75
690,53,9764.11
690,54,9755.84
690,55,9682.67
690,56,9712.78
690,57,9704.45
690,58,9698.8
690,59,9730.28
690,60,9705.12
690,61,9750.22
690,62,9678.27
690,63,9733.25
690,64,9706.62
690,65,9737.17
690,66,9734.93
690,67,9697.73
690,68,9696.15
690,69,9696.48
690,70,9749.83
690,71,9716.86
690,72,9690.59
690,73,9736.9
690,74,9730.51
690,75,9684.02
690,76,9714.85
690,77,9735.82
690,78,9696.66
690,79,9782.02
690,80,9681.54
690,81,9719.15
690,82,9690.06
690,83,9751.32
690,84,9735.32
690,85,9710.62
690,86,9737.54
690,87,9728.15
690,88,9748.35
690,89,9682.66
690,90,9710.53
690,91,9721.26
690,92,9686.2
690,93,9714.61
690,94,9698.52
690,95,9713.04
690,96,9728.84
690,97,9685.64
690,98,9730.53
690,99,9723.55
700,0,9759.34
700,1,9723.72
700,2,9707.92
700,3,9682.89
700,4,9694.25
700,5,9697.67
700,6,9727.55
700,7,9699.82
700,8,9712.85
700,9,9678.57
700,10,9790.62
700,11,9677.87
700,12,9722.66
700,13,9733.12
700,14,9668.17
700,15,9767.78
700,16,9729.26
700,17,9710.7
700,18,9753.34
700,19,9715.15
700,20,9731.19
700,21,9725.46
700,22,9751.85
700,23,9717.4
700,24,9682.3
700,25,9724.05
700,26,9684.28
700,27,9695.94
700,28,9724.72
700,29,9753.78
700,30,9711.88
700,31,9696.14
700,32,9786.8
700,33,9698.28
700,34,9705.47
700,35,9708.04
700,36,9707.09
700,37,9693.32
700,38,9760.34
700,39,9714.7
700,40,9704.32
700,41,9684.99
700,42,9696.6
700,43,9706.14
700,44,9699.1
700,45,9691.56
700,46,9739.79
700,47,9723.05
700,48,9719.52
700,49,9757.56
700,50,9738.89
700,51,9733.66
700,52,9674.45
700,53,9763.81
700,54,9755.54
700,55,9682.37
700,56,9712.48
700,57,9704.15
700,58,9698.5
700,59,9729.98
700,60,9704.82
700,61,9749.92
700,62,9677.97
700,63,9732.95
700,64,9706.32
700,65,9736.87
700,66,9734.63
700,67,9697.43
700,68,9695.85
700,69,9696.18
700,70,9749.53
700,71,9716.56
700,72,9690.29
700,73,9736.6
700,74,9730.21
700,75,9683.72
700,76,9714.55
700,77,9735.52
700,78,9696.36
700,79,9781.72
700,80,9681.24
700,81,9718.85
700,82,9689.76
700,83,9751.02
700,84,9735.02
700,85,9710.32
700,86,9737.24
700,87,9727.85
700,88,9748.05
700,89,9682.36
700,90,9710.23
700,91,9720.96
700,92,9685.9
700,93,9714.31
700,94,9698.22
700,95,9712.74
700,96,9728.54
700,97,9685.34
700,98,9730.23
700,99,9723.25
710,0,9748.04
710,1,9710.45
710,2,9695.23
710,3,9670.28
710,4,9679.36
710,5,9684.46
710,6,9717.09
710,7,9689.18
710,8,9701.19
710,9,9667.05
710,10,9781.65
710,11,9666.24
710,12,9710.89
710,13,9720.27
710,14,9652.75
710,15,9758.11
710,16,9719.58
710,17,9698.19
710,18,9742.08
710,19,9703.33
710,20,9720.38
710,21,9712.63
710,22,9742.36
710,23,9705.71
710,24,9668.92
710,25,9712.84
710,26,9668.33
710,27,9680.11
710,28,9712.7
710,29,9744.02
710,30,9700.95
710,31,9683.36
710,32,9778.42
710,33,9686.21
710,34,9690.77
710,35,9695.67
710,36,9694.11
710,37,9679.22
710,38,9749.87
710,39,9701.01
710,40,9689.14
710,41,9670.1
710,42,9684.63
710,43,9693.51
710,44,9687.01
710,45,9675.73
710,46,9729.11
710,47,9711.26
710,48,9705.85
710,49,9747.25
710,50,9727.89
710,51,9718.58
710,52,9660.32
710,53,9753.07
710,54,9746.54
710,55,9665.18
710,56,9699.66
710,57,9688.54
710,58,9684.4
710,59,9719.83
710,60,9693.71
710,61,9736.97
710,62,9666.56
710,63,9719.84
710,64,9692.04
710,65,9727.34
710,66,9724.12
710,67,9682.15
710,68,9684.82
710,69,9683.08
710,70,9738.03
710,71,9702.13
710,72,9676.79
710,73,9727.99
710,74,9718.86
710,75,9669.03
710,76,9700.49
710,77,9724.11
710,78,9683.99
710,79,9773.41
710,80,9666.04
710,81,9707.15
710,82,9676.32
710,83,9741.57
710,84,9725.48
710,85,9698.44
710,86,9728.6
710,87,9717.25
710,88,9735.31
710,89,9670.77
710,90,9699.74
710,91,9710.93
710,92,9670.09
710,93,9700.46
710,94,9683.34
710,95,9700.91
710,96,9716.7
710,97,9672.99
710,98,9719.52
710,99,9715.81
720,0,9747.74
720,1,9710.15
720,2,9694.93
720,3,9669.98
720,4,9679.06
720,5,9684.16
720,6,9716.79
720,7,9688.88
720,8,9700.89
720,9,9666.75
720,10,9781.35
720,11,9665.94
720,12,9710.59
720,13,9719.97
720,14,9652.47
720,15,9757.81
720,16,9719.28
720,17,9697.89
720,18,9741.78
720,19,9703.03
720,20,9720.08
720,21,9712.33
720,22,9742.06
720,23,9705.41
720,24,9668.62
720,25,9712.54
720,26,9668.04
720,27,9679.83
720,28,9712.4
720,29,9743.72
720,30,9700.65
720,31,9683.06
720,32,9778.12
720,33,9685.91
720,34,9690.47
720,35,9695.37
720,36,9693.81
720,37,9678.93
720,38,9749.57
720,39,9700.72
720,40,9688.84
720,41,9669.81
720,42,9684.33
720,43,9693.21
720,44,9686.71
720,45,9675.45
720,46,9728.81
720,47,9710.96
720,48,9705.55
720,49,9746.95
720,50,9727.59
720,51,9718.28
720,52,9660.02
720,53,9752.77
720,54,9746.24
720,55,9664.91
720,56,9699.36
720,57,9688.24
720,58,9684.1
720,59,9719.53
720,60,9693.41
720,61,9736.67
720,62,9666.26
720,63,9719.54
720,64,9691.74
720,65,9727.04
720,66,9723.82
720,67,9681.86
720,68,9684.52
720,69,9682.78
720,70,9737.73
720,71,9701.83
720,72,9676.49
720,73,9727.69
720,74,9718.56
720,75,9668.73
720,76,9700.2
720,77,9723.81
720,78,9683.69
720,79,9773.11
720,80,9665.75
720,81,9706.85
720,82,9676.02
720,83,9741.27
720,84,9725.18
720,85,9698.14
720,86,9728.3
720,87,9716.95
720,88,9735.01
720,89,9670.47
720,90,9699.44
720,91,9710.63
720,92,9669.81
720,93,9700.16
720,94,9683.04
720,95,9700.61
720,96,9716.4
720,97,9672.69
720,98,9719.22
720,99,9715.51
730,0,9747.44
730,1,9709.85
730,2,9694.63
730,3,9669.68
730,4,9678.76
730,5,9683.86
730,6,9716.49
730,7,9688.58
730,8,9700.59
730,9,9666.45
730,10,9781.05
730,11,9665.64
730,12,9710.29
730,13,9719.67
730,14,9652.17
730,15,9757.51
730,16,9718.98
730,17,9697.59
730,18,9741.48
730,19,9702.73
730,20,9719.78
730,21,9712.03
730,22,9741.76
730,23,9705.11
730,24,9668.32
730,25,9712.24
730,26,9667.74
730,27,9679.53
730,28,9712.1
730,29,9743.42
730,30,9700.35
730,31,9682.76
730,32,9777.82
730,33,9685.61
730,34,9690.17
730,35,9695.07
730,36,9693.51
730,37,9678.63
730,38,9749.27
730,39,9700.42
730,40,9688.54
730,41,9669.51
730,42,9684.03
730,43,9692.91
730,44,9686.41
730,45,9675.15
730,46,9728.51
730,47,9710.66
730,48,9705.25
730,49,9746.65
730,50,9727.29
730,51,9717.98
730,52,9659.72
730,53,9752.47
730,54,9745.94
730,55,9664.61
730,56,9699.06
730,57,9687.94
730,58,9683.8
730,59,9719.23
730,60,9693.11
730,61,9736.37
730,62,9665.96
730,63,9719.24
730,64,9691.44
730,65,9726.74
730,66,9723.52
730,67,9681.56
730,68,9684.22
730,69,9682.48
730,70,9737.43
730,71,9701.53
730,72,9676.19
730,73,9727.39
730,74,9718.26
730,75,9668.43
730,76,9699.9
730,77,9723.51
730,78,9683.39
730,79,9772.81
730,80,9665.45
730,81,9706.55
730,82,9675.72
730,83,9740.97
730,84,9724.88
730,85,9697.84
730,86,9728
730,87,9716.65
730,88,9734.71
730,89,9670.17
730,90,9699.14
730,91,9710.33
730,92,9669.51
730,93,9699.86
730,94,9682.74
730,95,9700.31
730,96,9716.1
730,97,9672.39
730,98,9718.92
730,99,9715.21
740,0,9734.6
740,1,9695.56
740,2,9681.31
740,3,9652.12
740,4,9663.7
740,5,9667.01
740,6,9702.84
740,7,9674.3
740,8,9685.1
740,9,9651.83
740,10,9772.04
740,11,9649.19
740,12,9697.12
740,13,9710
740,14,9636.95
740,15,9747.82
740,16,9705.54
740,17,9685.24
740,18,9728.56
740,19,9687.43
740,20,9707.27
740,21,9698.7
740,22,9729.73
740,23,9690.23
740,24,9650.83
740,25,9699.64
740,26,9651.7
740,27,9664.15
740,28,9699.97
740,29,9733.36
740,30,9687.13
740,31,9670.31
740,32,9768.39
740,33,9669.66
740,34,9676.47
740,35,9682.3
740,36,9680.7
740,37,9662.33
740,38,9736.99
740,39,9685.3
740,40,9675.27
740,41,9655.71
740,42,9666.3
740,43,9675.94
740,44,9673.42
740,45,9658.15
740,46,9716.83
740,47,9699.49
740,48,9689.41
740,49,9734.91
740,50,9715.35
740,51,9703.79
740,52,9641.95
740,53,9740.77
740,54,9734.7
740,55,9647.17
740,56,9685.8
740,57,9672.33
740,58,9669.2
740,59,9705.81
740,60,9677.14
740,61,9724.39
740,62,9650.22
740,63,9706.89
740,64,9677.67
740,65,9715.68
740,66,9710.44
740,67,9666.67
740,68,9672.67
740,69,9669.89
740,70,9727.63
740,71,9687.4
740,72,9662.09
740,73,9714.5
740,74,9705.33
740,75,9651.8
740,76,9683.96
740,77,9709.57
740,78,9671.4
740,79,9763.85
740,80,9649.34
740,81,9692.06
740,82,9661.03
740,83,9729.28
740,84,9712.74
740,85,9685.71
740,86,9718.01
740,87,9703.79
740,88,9720.39
740,89,9658.27
740,90,9685.2
740,91,9696.71
740,92,9652.81
740,93,9685.51
740,94,9667.65
740,95,9684.46
740,96,9704.18
740,97,9657.72
740,98,9705.61
740,99,9707.49
750,0,9734.3
750,1,9695.28
750,2,9681.03
750,3,9651.87
750,4,9663.45
750,5,9666.72
750,6,9702.56
750,7,9674.04
750,8,9684.82
750,9,9651.57
750,10,9771.74
750,11,9648.94
750,12,9696.82
750,13,9709.7
750,14,9636.69
750,15,9747.52
750,16,9705.25
750,17,9684.96
750,18,9728.26
750,19,9687.16
750,20,9706.98
750,21,9698.41
750,22,9729.43
750,23,9689.95
750,24,9650.57
750,25,9699.34
750,26,9651.44
750,27,9663.9
750,28,9699.67
750,29,9733.06
750,30,9686.85
750,31,9670.03
750,32,9768.09
750,33,9669.39
750,34,9676.19
750,35,9682.01
750,36,9680.43
750,37,9662.07
750,38,9736.69
750,39,9685.03
750,40,9674.98
750,41,9655.41
750,42,9666.05
750,43,9675.67
750,44,9673.14
750,45,9657.89
750,46,9716.53
750,47,9699.19
750,48,9689.14
750,49,9734.61
750,50,9715.05
750,51,9703.51
750,52,9641.68
750,53,9740.48
750,54,9734.4
750,55,9646.92
750,56,9685.51
750,57,9672.06
750,58,9668.94
750,59,9705.51
750,60,9676.86
750,61,9724.09
750,62,9649.96
750,63,9706.59
750,64,9677.41
750,65,9715.38
750,66,9710.14
750,67,9666.4
750,68,9672.38
750,69,9669.59
750,70,9727.33
750,71,9687.12
750,72,9661.83
750,73,9714.2
750,74,9705.03
750,75,9651.53
750,76,9683.69
750,77,9709.27
750,78,9671.1
750,79,9763.55
750,80,9649.07
750,81,9691.77
750,82,9660.75
750,83,9728.98
750,84,9712.45
750,85,9685.41
750,86,9717.71
750,87,9703.49
750,88,9720.1
750,89,9657.99
750,90,9684.91
750,91,9696.43
750,92,9652.56
750,93,9685.23
750,94,9667.37
750,95,9684.19
750,96,9703.88
750,97,9657.45
750,98,9705.32
750,99,9707.19
760,0,9734
760,1,9694.98
760,2,9680.73
760,3,9651.57
760,4,9663.15
760,5,9666.42
760,6,9702.26
760,7,9673.74
760,8,9684.52
760,9,9651.27
760,10,9771.44
760,11,9648.64
760,12,9696.52
760,13,9709.4
760,14,9636.39
760,15,9747.22
760,16,9704.95
760,17,9684.66
760,18,9727.96
760,19,9686.86
760,20,9706.68
760,21,9698.11
760,22,9729.13
760,23,9689.65
760,24,9650.27
760,25,9699.04
760,26,9651.14
760,27,9663.6
760,28,9699.37
760,29,9732.76
760,30,9686.55
760,31,9669.73
760,32,9767.79
760,33,9669.09
760,34,9675.89
760,35,9681.71
760,36,9680.13
760,37,9661.77
760,38,9736.39
760,39,9684.73
760,40,9674.68
760,41,9655.11
760,42,9665.75
760,43,9675.37
760,44,9672.84
760,45,9657.59
760,46,9716.23
760,47,9698.89
760,48,9688.84
760,49,9734.31
760,50,9714.75
760,51,9703.21
760,52,9641.38
760,53,9740.18
760,54,9734.1
760,55,9646.62
760,56,9685.21
760,57,9671.76
760,58,9668.64
760,59,9705.21
760,60,9676.56
760,61,9723.79
760,62,9649.66
760,63,9706.29
760,64,9677.11
760,65,9715.08
760,66,9709.84
760,67,9666.1
760,68,9672.08
760,69,9669.29
760,70,9727.03
760,71,9686.82
760,72,9661.53
760,73,9713.9
760,74,9704.73
760,75,9651.23
760,76,9683.39
760,77,9708.97
760,78,9670.8
760,79,9763.25
760,80,9648.77
760,81,9691.47
760,82,9660.45
760,83,9728.68
760,84,9712.15
760,85,9685.11
760,86,9717.41
760,87,9703.19
760,88,9719.8
760,89,9657.69
760,90,9684.61
760,91,9696.13
760,92,9652.26
760,93,9684.93
760,94,9667.07
760,95,9683.89
760,96,9703.58
760,97,9657.15
760,98,9705.02
760,99,9706.89
770,0,9722.93
770,1,9681.9
770,2,9666.37
770,3,9638.22
770,4,9646.88
770,5,9651.44
770,6,9687.86
770,7,9658.93
770,8,9672.29
770,9,9635.84
770,10,9761.82
770,11,9632.02
770,12,9684.44
770,13,9695.8
770,14,9623.08
770,15,9735.63
770,16,9691.58
770,17,9671.45
770,18,9715.7
770,19,9671.46
770,20,9693.69
770,21,9685.84
770,22,9718.04
770,23,9674.66
770,24,9633.28
770,25,9685.62
770,26,9635.2
770,27,9646.79
770,28,9687.45
770,29,9721.59
770,30,9671.32
770,31,9656.18
770,32,9758.76
770,33,9653.27
770,34,9660.79
770,35,9667.97
770,36,9667.16
770,37,9645.97
770,38,9725.22
770,39,9669.27
770,40,9661.15
770,41,9641.52
770,42,9652.31
770,43,9658.72
770,44,9658.61
770,45,9644.55
770,46,9703.81
770,47,9688.16
770,48,9672.66
770,49,9722.65
770,50,9702.44
770,51,9688.31
770,52,9625.6
770,53,9727.11
770,54,9723.83
770,55,9633.32
770,56,9671.67
770,57,9657.04
770,58,9650.7
770,59,9692.74
770,60,9658.7
770,61,9713.65
770,62,9634.59
770,63,9694.91
770,64,9662.19
770,65,9703.83
770,66,9697
770,67,9650.38
770,68,9658.64
770,69,9656.7
770,70,9716.22
770,71,9672.53
770,72,9646.81
770,73,9702.45
770,74,9691.72
770,75,9634.49
770,76,9668.05
770,77,9696.13
770,78,9658.8
770,79,9755.02
770,80,9632.7
770,81,9678.23
770,82,9646.41
770,83,9717.48
770,84,9699.83
770,85,9670.94
770,86,9703.41
770,87,9690.57
770,88,9705.31
770,89,9643.21
770,90,9670.73
770,91,9681.04
770,92,9635.34
770,93,9670.43
770,94,9652.8
770,95,9668.56
770,96,9691.07
770,97,9642.42
770,98,9691.93
770,99,9696.14
780,0,9722.63
780,1,9681.63
780,2,9666.09
780,3,9637.94
780,4,9646.62
780,5,9651.15
780,6,9687.59
780,7,9658.68
780,8,9672
780,9,9635.59
780,10,9761.52
780,11,9631.78
780,12,9684.14
780,13,9695.5
780,14,9622.8
780,15,9735.34
780,16,9691.3
780,17,9671.16
780,18,9715.4
780,19,9671.2
780,20,9693.41
780,21,9685.56
780,22,9717.76
780,23,9674.39
780,24,9633.03
780,25,9685.33
780,26,9634.94
780,27,9646.55
780,28,9687.17
780,29,9721.29
780,30,9671.04
780,31,9655.91
780,32,9758.46
780,33,9653.01
780,34,9660.52
780,35,9667.67
780,36,9666.88
780,37,9645.72
780,38,9724.92
780,39,9669.01
780,40,9660.88
780,41,9641.23
780,42,9652.03
780,43,9658.47
780,44,9658.34
780,45,9644.26
780,46,9703.52
780,47,9687.86
780,48,9672.39
780,49,9722.36
780,50,9702.14
780,51,9688.04
780,52,9625.35
780,53,9726.83
780,54,9723.53
780,55,9633.04
780,56,9671.39
780,57,9656.77
780,58,9650.45
780,59,9692.45
780,60,9658.42
780,61,9713.35
780,62,9634.34
780,63,9694.62
780,64,9661.93
780,65,9703.53
780,66,9696.71
780,67,9650.13
780,68,9658.36
780,69,9656.41
780,70,9715.92
780,71,9672.26
780,72,9646.55
780,73,9702.15
780,74,9691.43
780,75,9634.24
780,76,9667.79
780,77,9695.83
780,78,9658.5
780,79,9754.72
780,80,9632.45
780,81,9677.94
780,82,9646.13
780,83,9717.18
780,84,9699.55
780,85,9670.66
780,86,9703.11
780,87,9690.28
780,88,9705.03
780,89,9642.94
780,90,9670.45
780,91,9680.77
780,92,9635.1
780,93,9670.16
780,94,9652.53
780,95,9668.3
780,96,9690.78
780,97,9642.16
780,98,9691.65
780,99,9695.84
790,0,9722.33
790,1,9681.33
790,2,9665.79
790,3,9637.64
790,4,9646.32
790,5,9650.85
790,6,9687.29
790,7,9658.38
790,8,9671.7
790,9,9635.29
790,10,9761.22
790,11,9631.48
790,12,9683.84
790,13,9695.2
790,14,9622.5
790,15,9735.04
790,16,9691
790,17,9670.86
790,18,9715.1
790,19,9670.9
790,20,9693.11
790,21,9685.26
790,22,9717.46
790,23,9674.09
790,24,9632.73
790,25,9685.03
790,26,9634.64
790,27,9646.25
790,28,9686.87
790,29,9720.99
790,30,9670.74
790,31,9655.61
790,32,9758.16
790,33,9652.71
790,34,9660.22
790,35,9667.37
790,36,9666.58
790,37,9645.42
790,38,9724.62
790,39,9668.71
790,40,9660.58
790,41,9640.93
790,42,9651.73
790,43,9658.17
790,44,9658.04
790,45,9643.96
790,46,9703.22
790,47,9687.56
790,48,9672.09
790,49,9722.06
790,50,9701.84
790,51,9687.74
790,52,9625.05
790,53,9726.53
790,54,9723.23
790,55,9632.74
790,56,9671.09
790,57,9656.47
790,58,9650.15
790,59,9692.15
790,60,9658.12
790,61,9713.05
790,62,9634.04
790,63,9694.32
790,64,9661.63
790,65,9703.23
790,66,9696.41
790,67,9649.83
790,68,9658.06
790,69,9656.11
790,70,9715.62
790,71,9671.96
790,72,9646.25
790,73,9701.85
790,74,9691.13
790,75,9633.94
790,76,9667.49
790,77,9695.53
790,78,9658.2
790,79,9754.42
790,80,9632.15
790,81,9677.64
790,82,9645.83
790,83,9716.88
790,84,9699.25
790,85,9670.36
790,86,9702.81
790,87,9689.98
790,88,9704.73
790,89,9642.64
790,90,9670.15
790,91,9680.47
790,92,9634.8
790,93,9669.86
790,94,9652.23
790,95,9668
790,96,9690.48
790,97,9641.86
790,98,9691.35
790,99,9695.54
800,0,9711.09
800,1,9667.1
800,2,9651.4
800,3,9624.38
800,4,9630.13
800,5,9637.09
800,6,9673.4
800,7,9643.5
800,8,9659.57
800,9,9619.97
800,10,9750.66
800,11,9614.24
800,12,9670.92
800,13,9685.52
800,14,9608.4
800,15,9723.28
800,16,9678.03
800,17,9657.84
800,18,9701.73
800,19,9657.84
800,20,9680.18
800,21,9672.89
800,22,9705.12
800,23,9661.03
800,24,9615.9
800,25,9672.12
800,26,9618.89
800,27,9629.51
800,28,9673.98
800,29,9709.47
800,30,9656.59
800,31,9642.01
800,32,9748.81
800,33,9636.63
800,34,9644.57
800,35,9654
800,36,9653.64
800,37,9629.61
800,38,9714.48
800,39,9653.5
800,40,9646.89
800,41,9627.77
800,42,9634.35
800,43,9645.57
800,44,9643.88
800,45,9630.85
800,46,9689.56
800,47,9676.56
800,48,9658.42
800,49,9710.06
800,50,9690.02
800,51,9673.57
800,52,9609.59
800,53,9712.27
800,54,9712.27
800,55,9619.82
800,56,9656.37
800,57,9642.07
800,58,9636.68
800,59,9678.24
800,60,9640.95
800,61,9703.61
800,62,9618.51
800,63,9682.2
800,64,9645.85
800,65,9691.52
800,66,9683.49
800,67,9634.09
800,68,9644.72
800,69,9643.5
800,70,9703.49
800,71,9657.46
800,72,9631.07
800,73,9688.23
800,74,9679.86
800,75,9616.83
800,76,9652.88
800,77,9682.85
800,78,9646.36
800,79,9744.78
800,80,9616.81
800,81,9661.94
800,82,9631.26
800,83,9705.71
800,84,9687.01
800,85,9656.79
800,86,9688.35
800,87,9677.5
800,88,9691.53
800,89,9627.6
800,90,9656.28
800,91,9665.76
800,92,9617.97
800,93,9653.77
800,94,9636.93
800,95,9656.07
800,96,9677.79
800,97,9626.67
800,98,9679.34
800,99,9681.4
810,0,9709.18
810,1,9662.87
810,2,9646.25
810,3,9619.23
810,4,9624.41
810,5,9633.25
810,6,9669.93
810,7,9637.32
810,8,9656.71
810,9,9614.25
810,10,9747.69
810,11,9607.53
810,12,9666.13
810,13,9682.25
810,14,9603.39
810,15,9720.81
810,16,9674.31
810,17,9653.25
810,18,9696.78
810,19,9651.99
810,20,9677.08
810,21,9668.68
810,22,9701.68
810,23,9655.51
810,24,9609.5
810,25,9670.01
810,26,9618.65
810,27,9629.28
810,28,9670.18
810,29,9705.51
810,30,9653.45
810,31,9637.88
810,32,9745.86
810,33,9636.39
810,34,9641.92
810,35,9649.43
810,36,9649.09
810,37,9624.01
810,38,9712.19
810,39,9653.26
810,40,9641.89
810,41,9623.15
810,42,9634.13
810,43,9640.5
810,44,9638.9
810,45,9625.9
810,46,9689.28
810,47,9673.67
810,48,9652.63
810,49,9706.43
810,50,9687.6
810,51,9669.89
810,52,9605.57
810,53,9708.9
810,54,9708.53
810,55,9614.51
810,56,9653.51
810,57,9639.42
810,58,9631.87
810,59,9673.44
810,60,9637.93
810,61,9700.95
810,62,9612.46
810,63,9678.43
810,64,9640.68
810,65,9687.97
810,66,9678.95
810,67,9629.66
810,68,9640.57
810,69,9640.9
810,70,9699.62
810,71,9653.29
810,72,9625.88
810,73,9684.92
810,74,9677.51
810,75,9616.58
810,76,9649.47
810,77,9678.36
810,78,9643.41
810,79,9742.39
810,80,9613.6
810,81,9658.62
810,82,9626.24
810,83,9702.14
810,84,9682.36
810,85,9651.71
810,86,9684.73
810,87,9674.19
810,88,9686.69
810,89,9623.27
810,90,9653.79
810,91,9662.36
810,92,9612.46
810,93,9653.52
810,94,9634.25
810,95,9652.07
810,96,9673.83
810,97,9622.89
810,98,9674.46
810,99,9678.57
820,0,9708.88
820,1,9662.57
820,2,9645.95
820,3,9618.93
820,4,9624.11
820,5,9632.95
820,6,9669.63
820,7,9637.02
820,8,9656.41
820,9,9613.95
820,10,9747.39
820,11,9607.23
820,12,9665.83
820,13,9681.95
820,14,9603.09
820,15,9720.51
820,16,9674.01
820,17,9652.95
820,18,9696.48
820,19,9651.69
820,20,9676.78
820,21,9668.38
820,22,9701.38
820,23,9655.21
820,24,9609.2
820,25,9669.71
820,26,9618.35
820,27,9628.98
820,28,9669.88
820,29,9705.21
820,30,9653.15
820,31,9637.58
820,32,9745.56
820,33,9636.09
820,34,9641.62
820,35,9649.13
820,36,9648.79
820,37,9623.71
820,38,9711.89
820,39,9652.96
820,40,9641.59
820,41,9622.85
820,42,9633.83
820,43,9640.2
820,44,9638.6
820,45,9625.6
820,46,9688.98
820,47,9673.37
820,48,9652.33
820,49,9706.13
820,50,9687.3
820,51,9669.59
820,52,9605.27
820,53,9708.6
820,54,9708.23
820,55,9614.21
820,56,9653.21
820,57,9639.12
820,58,9631.57
820,59,9673.14
820,60,9637.63
820,61,9700.65
820,62,9612.16
820,63,9678.13
820,64,9640.38
820,65,9687.67
820,66,9678.65
820,67,9629.36
820,68,9640.27
820,69,9640.6
820,70,9699.32
820,71,9652.99
820,72,9625.58
820,73,9684.62
820,74,9677.21
820,75,9616.28
820,76,9649.17
820,77,9678.06
820,78,9643.11
820,79,9742.09
820,80,9613.3
820,81,9658.32
820,82,9625.94
820,83,9701.84
820,84,9682.06
820,85,9651.41
820,86,9684.43
820,87,9673.89
820,88,9686.39
820,89,9622.97
820,90,9653.49
820,91,9662.06
820,92,9612.16
820,93,9653.22
820,94,9633.95
820,95,9651.77
820,96,9673.53
820,97,9622.59
820,98,9674.16
820,99,9678.27
830,0,9693.87
830,1,9648.82
830,2,9631.5
830,3,9605.61
830,4,9607.72
830,5,9620.21
830,6,9656.2
830,7,9622
830,8,9641.9
830,9,9598.69
830,10,9733.14
830,11,9594.96
830,12,9652.9
830,13,9667.8
830,14,9586.06
830,15,9708.57
830,16,9661.84
830,17,9640.67
830,18,9682.76
830,19,9638.5
830,20,9662.86
830,21,9653.99
830,22,9689.45
830,23,9641.88
830,24,9596.67
830,25,9658.72
830,26,9602.02
830,27,9617.68
830,28,9657.55
830,29,9693.89
830,30,9637.7
830,31,9624.06
830,32,9733.53
830,33,9623.98
830,34,9626.74
830,35,9635.51
830,36,9635.97
830,37,9608.3
830,38,9698.2
830,39,9637.57
830,40,9627.71
830,41,9609.55
830,42,9621.36
830,43,9627.7
830,44,9624.29
830,45,9612.36
830,46,9678.63
830,47,9662.46
830,48,9638.62
830,49,9693.99
830,50,9674.43
830,51,9657.85
830,52,9589.79
830,53,9694.09
830,54,9696.02
830,55,9601.99
830,56,9638.43
830,57,9624.26
830,58,9618.89
830,59,9657.53
830,60,9623.2
830,61,9683.83
830,62,9596.1
830,63,9666.68
830,64,9624.67
830,65,9676.04
830,66,9663.68
830,67,9614.45
830,68,9627.04
830,69,9629.63
830,70,9687.17
830,71,9639.11
830,72,9610.25
830,73,9666.96
830,74,9662.15
830,75,9603.57
830,76,9636.24
830,77,9664.74
830,78,9631.1
830,79,9729.9
830,80,9597.33
830,81,9642.9
830,82,9612.1
830,83,9690.58
830,84,9669.2
830,85,9631.8
830,86,9670.78
830,87,9661.19
830,88,9672.9
830,89,9610.2
830,90,9641.13
830,91,9647.28
830,92,9595.46
830,93,9637.71
830,94,9620.01
830,95,9640.05
830,96,9660.71
830,97,9607.35
830,98,9662.86
830,99,9661.48
840,0,9693.63
840,1,9644.59
840,2,9626.37
840,3,9598.8
840,4,9602.02
840,5,9614.19
840,6,9652.66
840,7,9615.88
840,8,9639.03
840,9,9593.06
840,10,9732.91
840,11,9588.18
840,12,9648.16
840,13,9667.57
840,14,9581.13
840,15,9702.6
840,16,9655.87
840,17,9634.87
840,18,9677.75
840,19,9632.61
840,20,9659.75
840,21,9649.76
840,22,9683.37
840,23,9636.35
840,24,9585.34
840,25,9653.65
840,26,9601.78
840,27,9608.23
840,28,9653.77
840,29,9688.82
840,30,9634.56
840,31,9619.93
840,32,9730.69
840,33,9621.38
840,34,9619.95
840,35,9630.93
840,36,9631.42
840,37,9602.62
840,38,9697.96
840,39,9637.33
840,40,9622.7
840,41,9601.5
840,42,9614.71
840,43,9620.09
840,44,9619.33
840,45,9605.45
840,46,9673.42
840,47,9657.69
840,48,9627.96
840,49,9690.31
840,50,9668.58
840,51,9651.91
840,52,9585.82
840,53,9687.34
840,54,9692.35
840,55,9595.39
840,56,9631.92
840,57,9621.95
840,58,9611.31
840,59,9652.77
840,60,9616.46
840,61,9683.6
840,62,9590.12
840,63,9662.9
840,64,9619.57
840,65,9670.65
840,66,9659.19
840,67,9609.97
840,68,9620.48
840,69,9623.87
840,70,9681.91
840,71,9634.92
840,72,9605.09
840,73,9666.74
840,74,9661.91
840,75,9600.69
840,76,9632.8
840,77,9660.28
840,78,9626.18
840,79,9727.62
840,80,9590.51
840,81,9636.45
840,82,9607.21
840,83,9687.1
840,84,9664.58
840,85,9626.67
840,86,9667.16
840,87,9657.85
840,88,9667.98
840,89,9603.3
840,90,9638.57
840,91,9643.91
840,92,9590.02
840,93,9631.08
840,94,9617.32
840,95,9634.95
840,96,9655.28
840,97,9603.56
840,98,9657.96
840,99,9661.24
850,0,9693.33
850,1,9644.29
850,2,9626.07
850,3,9598.5
850,4,9601.72
850,5,9613.89
850,6,9652.36
850,7,9615.58
850,8,9638.73
850,9,9592.76
850,10,9732.61
850,11,9587.88
850,12,9647.86
850,13,9667.27
850,14,9580.83
850,15,9702.3
850,16,9655.57
850,17,9634.57
850,18,9677.45
850,19,9632.31
850,20,9659.45
850,21,9649.46
850,22,9683.07
850,23,9636.05
850,24,9585.04
850,25,9653.35
850,26,9601.48
850,27,9607.93
850,28,9653.47
850,29,9688.52
850,30,9634.26
850,31,9619.63
850,32,9730.39
850,33,9621.08
850,34,9619.65
850,35,9630.63
850,36,9631.12
850,37,9602.32
850,38,9697.66
850,39,9637.03
850,40,9622.4
850,41,9601.2
850,42,9614.41
850,43,9619.79
850,44,9619.03
850,45,9605.15
850,46,9673.12
850,47,9657.39
850,48,9627.66
850,49,9690.01
850,50,9668.28
850,51,9651.61
850,52,9585.52
850,53,9687.04
850,54,9692.05
850,55,9595.09
850,56,9631.62
850,57,9621.65
850,58,9611.01
850,59,9652.47
850,60,9616.16
850,61,9683.3
850,62,9589.82
850,63,9662.6
850,64,9619.27
850,65,9670.35
850,66,9658.89
850,67,9609.67
850,68,9620.18
850,69,9623.57
850,70,9681.61
850,71,9634.62
850,72,9604.79
850,73,9666.44
850,74,9661.61
850,75,9600.39
850,76,9632.5
850,77,9659.98
850,78,9625.88
850,79,9727.32
850,80,9590.21
850,81,9636.15
850,82,9606.91
850,83,9686.8
850,84,9664.28
850,85,9626.37
850,86,9666.86
850,87,9657.55
850,88,9667.68
850,89,9603
850,90,9638.27
850,91,9643.61
850,92,9589.72
850,93,9630.78
850,94,9617.02
850,95,9634.65
850,96,9654.98
850,97,9603.26
850,98,9657.66
850,99,9660.94
860,0,9681.38
860,1,9633.19
860,2,9616.15
860,3,9585.1
860,4,9590.85
860,5,9603.2
860,6,9643.86
860,7,9604.5
860,8,9627.43
860,9,9581.38
860,10,9723.56
860,11,9575.32
860,12,9635.73
860,13,9653.88
860,14,9567.44
860,15,9694.77
860,16,9646.87
860,17,9624.47
860,18,9665.79
860,19,9620.44
860,20,9651.34
860,21,9640.53
860,22,9675.44
860,23,9625.74
860,24,9570.63
860,25,9642.33
860,26,9588.5
860,27,9595.68
860,28,9643.38
860,29,9680.26
860,30,9623.36
860,31,9610.96
860,32,9720.9
860,33,9610.08
860,34,9610.67
860,35,9620.7
860,36,9622.95
860,37,9589.73
860,38,9687.23
860,39,9627.06
860,40,9611.73
860,41,9591.5
860,42,9601.97
860,43,9607.76
860,44,9609.32
860,45,9591.73
860,46,9662.81
860,47,9648.44
860,48,9615.95
860,49,9680.24
860,50,9660.6
860,51,9642.66
860,52,9573.97
860,53,9678.35
860,54,9681.2
860,55,9582.98
860,56,9620.32
860,57,9610.71
860,58,9598.84
860,59,9640.25
860,60,9604.8
860,61,9674.03
860,62,9577.87
860,63,9653.44
860,64,9609.37
860,65,9661.98
860,66,9647.64
860,67,9597.88
860,68,9611.5
860,69,9612.32
860,70,9673.03
860,71,9623.13
860,72,9591.59
860,73,9655.44
860,74,9650.82
860,75,9588.57
860,76,9621.67
860,77,9646.44
860,78,9613.85
860,79,9718.96
860,80,9578.4
860,81,9624.55
860,82,9596.3
860,83,9677.16
860,84,9653.79
860,85,9612.21
860,86,9654.99
860,87,9646.73
860,88,9656.08
860,89,9592.04
860,90,9626.98
860,91,9633.62
860,92,9579.2
860,93,9618.3
860,94,9607.77
860,95,9623.38
860,96,9642.02
860,97,9591.68
860,98,9648.16
860,99,9651.46
870,0,9681.1
870,1,9632.92
870,2,9615.86
870,3,9584.86
870,4,9590.58
870,5,9602.9
870,6,9643.57
870,7,9604.25
870,8,9627.16
870,9,9581.11
870,10,9723.26
870,11,9575.08
870,12,9635.46
870,13,9653.59
870,14,9567.19
870,15,9694.47
870,16,9646.58
870,17,9624.2
870,18,9665.52
870,19,9620.18
870,20,9651.04
870,21,9640.25
870,22,9675.14
870,23,9625.46
870,24,9570.4
870,25,9642.06
870,26,9588.24
870,27,9595.43
870,28,9643.09
870,29,9679.96
870,30,9623.08
870,31,9610.67
870,32,9720.62
870,33,9609.8
870,34,9610.37
870,35,9620.41
870,36,9622.65
870,37,9589.48
870,38,9686.93
870,39,9626.78
870,40,9611.45
870,41,9591.21
870,42,9601.72
870,43,9607.51
870,44,9609.03
870,45,9591.49
870,46,9662.53
870,47,9648.14
870,48,9615.68
870,49,9679.95
870,50,9660.3
870,51,9642.37
870,52,9573.71
870,53,9678.05
870,54,9680.93
870,55,9582.73
870,56,9620.04
870,57,9610.43
870,58,9598.58
870,59,9639.98
870,60,9604.52
870,61,9673.73
870,62,9577.61
870,63,9653.16
870,64,9609.08
870,65,9661.69
870,66,9647.37
870,67,9597.61
870,68,9611.2
870,69,9612.06
870,70,9672.74
870,71,9622.86
870,72,9591.34
870,73,9655.14
870,74,9650.55
870,75,9588.3
870,76,9621.4
870,77,9646.19
870,78,9613.59
870,79,9718.66
870,80,9578.13
870,81,9624.25
870,82,9596.02
870,83,9676.87
870,84,9653.51
870,85,9611.97
870,86,9654.72
870,87,9646.45
870,88,9655.81
870,89,9591.77
870,90,9626.72
870,91,9633.33
870,92,9578.92
870,93,9618.03
870,94,9607.48
870,95,9623.12
870,96,9641.78
870,97,9591.41
870,98,9647.88
870,99,9651.16
880,0,9680.8
880,1,9632.62
880,2,9615.56
880,3,9584.56
880,4,9590.28
880,5,9602.6
880,6,9643.27
880,7,9603.95
880,8,9626.86
880,9,9580.81
880,10,9722.96
880,11,9574.78
880,12,9635.16
880,13,9653.29
880,14,9566.89
880,15,9694.17
880,16,9646.28
880,17,9623.9
880,18,9665.22
880,19,9619.88
880,20,9650.74
880,21,9639.95
880,22,9674.84
880,23,9625.16
880,24,9570.1
880,25,9641.76
880,26,9587.94
880,27,9595.13
880,28,9642.79
880,29,9679.66
880,30,9622.78
880,31,9610.37
880,32,9720.32
880,33,9609.5
880,34,9610.07
880,35,9620.11
880,36,9622.35
880,37,9589.18
880,38,9686.63
880,39,9626.48
880,40,9611.15
880,41,9590.91
880,42,9601.42
880,43,9607.21
880,44,9608.73
880,45,9591.19
880,46,9662.23
880,47,9647.84
880,48,9615.38
880,49,9679.65
880,50,9660
880,51,9642.07
880,52,9573.41
880,53,9677.75
880,54,9680.63
880,55,9582.43
880,56,9619.74
880,57,9610.13
880,58,9598.28
880,59,9639.68
880,60,9604.22
880,61,9673.43
880,62,9577.31
880,63,9652.86
880,64,9608.78
880,65,9661.39
880,66,9647.07
880,67,9597.31
880,68,9610.9
880,69,9611.76
880,70,9672.44
880,71,9622.56
880,72,9591.04
880,73,9654.84
880,74,9650.25
880,75,9588
880,76,9621.1
880,77,9645.89
880,78,9613.29
880,79,9718.36
880,80,9577.83
880,81,9623.95
880,82,9595.72
880,83,9676.57
880,84,9653.21
880,85,9611.67
880,86,9654.42
880,87,9646.15
880,88,9655.51
880,89,9591.47
880,90,9626.42
880,91,9633.03
880,92,9578.62
880,93,9617.73
880,94,9607.18
880,95,9622.82
880,96,9641.48
880,97,9591.11
880,98,9647.58
880,99,9650.86
890,0,9669.78
890,1,9621.28
890,2,9600.57
890,3,9572.55
890,4,9579.06
890,5,9589.8
890,6,9631.94
890,7,9593.9
890,8,9615.73
890,9,9569.98
890,10,9713.37
890,11,9563.41
890,12,9622.68
890,13,9644.46
890,14,9555.6
890,15,9681.65
890,16,9633.62
890,17,9613.3
890,18,9650.69
890,19,9606.44
890,20,9636.68
890,21,9628.55
890,22,9664.93
890,23,9613.89
890,24,9558.12
890,25,9630.93
890,26,9576.25
890,27,9582.61
890,28,9633.49
890,29,9668.57
890,30,9611.91
890,31,9596.39
890,32,9711.26
890,33,9599.84
890,34,9595.71
890,35,9608.5
890,36,9612.1
890,37,9576.08
890,38,9675.87
890,39,9614.18
890,40,9601.77
890,41,9580.8
890,42,9588.29
890,43,9598.82
890,44,9598.72
890,45,9578.6
890,46,9651.7
890,47,9635.87
890,48,9602.6
890,49,9669.22
890,50,9650.78
890,51,9631.04
890,52,9561.28
890,53,9664.41
890,54,9670.52
890,55,9569.59
890,56,9605.53
890,57,9599.54
890,58,9585.02
890,59,9629.49
890,60,9593.15
890,61,9663.19
890,62,9566.72
890,63,9642.68
890,64,9598.27
890,65,9650.66
890,66,9636.18
890,67,9587.09
890,68,9597.94
890,69,9598.67
890,70,9663.91
890,71,9612.26
890,72,9577.77
890,73,9642.88
890,74,9638.73
890,75,9578.33
890,76,9610.95
890,77,9634.23
890,78,9601.17
890,79,9709.18
890,80,9565.99
890,81,9612.44
890,82,9584.92
890,83,9668.62
890,84,9644.82
890,85,9597.05
890,86,9639.22
890,87,9635.42
890,88,9642.52
890,89,9580.2
890,90,9615.36
890,91,9622.19
890,92,9568.39
890,93,9606.68
890,94,9597.3
890,95,9611.36
890,96,9629.15
890,97,9582.61
890,98,9637.87
890,99,9637.74
900,0,9664
900,1,9613.05
900,2,9590.72
900,3,9560.78
900,4,9568.26
900,5,9581.35
900,6,9622.76
900,7,9584.97
900,8,9606.03
900,9,9561.03
900,10,9706.37
900,11,9553.3
900,12,9618.05
900,13,9637.8
900,14,9543.15
900,15,9676.97
900,16,9624.86
900,17,9605.14
900,18,9645.62
900,19,9598.6
900,20,9630.83
900,21,9620.06
900,22,9657.29
900,23,9607.23
900,24,9549.3
900,25,9623.84
900,26,9565.69
900,27,9570.74
900,28,9626.11
900,29,9661.23
900,30,9602.92
900,31,9590.8
900,32,9706.31
900,33,9588.58
900,34,9590.38
900,35,9601.37
900,36,9603.5
900,37,9564.72
900,38,9670.95
900,39,9603.74
900,40,9593.89
900,41,9568.41
900,42,9576.09
900,43,9586.73
900,44,9588.09
900,45,9566.71
900,46,9645.22
900,47,9628.82
900,48,9595.02
900,49,9661.83
900,50,9643.8
900,51,9621.38
900,52,9550.72
900,53,9659.27
900,54,9663.75
900,55,9557.75
900,56,9600.58
900,57,9590.34
900,58,9574.93
900,59,9622.11
900,60,9584.66
900,61,9656.19
900,62,9557.43
900,63,9632.39
900,64,9583.13
900,65,9644.85
900,66,9629.44
900,67,9577.08
900,68,9589.35
900,69,9592.6
900,70,9654.07
900,71,9602.72
900,72,9566.94
900,73,9635.34
900,74,9632.27
900,75,9565.88
900,76,9601.11
900,77,9628.42
900,78,9593.21
900,79,9704.64
900,80,9555.87
900,81,9604.26
900,82,9577.36
900,83,9662.85
900,84,9638.96
900,85,9591.79
900,86,9634.51
900,87,9626.12
900,88,9637.47
900,89,9571.17
900,90,9607.58
900,91,9613.05
900,92,9555.34
900,93,9597.08
900,94,9586.5
900,95,9601.98
900,96,9619.18
900,97,9570.91
900,98,9630.18
900,99,9631.63
910,0,9663.7
910,1,9612.75
910,2,9590.42
910,3,9560.48
910,4,9567.96
910,5,9581.05
910,6,9622.46
910,7,9584.67
910,8,9605.73
910,9,9560.73
910,10,9706.07
910,11,9553
910,12,9617.75
910,13,9637.5
910,14,9542.85
910,15,9676.67
910,16,9624.56
910,17,9604.84
910,18,9645.32
910,19,9598.3
910,20,9630.53
910,21,9619.76
910,22,9656.99
910,23,9606.93
910,24,9549
910,25,9623.54
910,26,9565.39
910,27,9570.44
910,28,9625.81
910,29,9660.93
910,30,9602.62
910,31,9590.5
910,32,9706.01
910,33,9588.28
910,34,9590.08
910,35,9601.07
910,36,9603.2
910,37,9564.42
910,38,9670.65
910,39,9603.44
910,40,9593.59
910,41,9568.11
910,42,9575.79
910,43,9586.43
910,44,9587.79
910,45,9566.41
910,46,9644.92
910,47,9628.52
910,48,9594.72
910,49,9661.53
910,50,9643.5
910,51,9621.08
910,52,9550.42
910,53,9658.97
910,54,9663.45
910,55,9557.45
910,56,9600.28
910,57,9590.04
910,58,9574.63
910,59,9621.81
910,60,9584.36
910,61,9655.89
910,62,9557.13
910,63,9632.09
910,64,9582.83
910,65,9644.55
910,66,9629.14
910,67,9576.78
910,68,9589.05
910,69,9592.3
910,70,9653.77
910,71,9602.42
910,72,9566.64
910,73,9635.04
910,74,9631.97
910,75,9565.58
910,76,9600.81
910,77,9628.12
910,78,9592.91
910,79,9704.34
910,80,9555.57
910,81,9603.96
910,82,9577.06
910,83,9662.55
910,84,9638.66
910,85,9591.49
910,86,9634.21
910,87,9625.82
910,88,9637.17
910,89,9570.87
910,90,9607.28
910,91,9612.75
910,92,9555.04
910,93,9596.78
910,94,9586.2
910,95,9601.68
910,96,9618.88
910,97,9570.61
910,98,9629.88
910,99,9631.33
920,0,9651.39
920,1,9600.81
920,2,9579.98
920,3,9549.11
920,4,9556.53
920,5,9573.65
920,6,9612.71
920,7,9574.14
920,8,9594.22
920,9,9549.94
920,10,9698.66
920,11,9540.06
920,12,9604.55
920,13,9624
920,14,9532.85
920,15,9667.68
920,16,9615.01
920,17,9596.57
920,18,9632.05
920,19,9584.96
920,20,9620.01
920,21,9607.63
920,22,9646.87
920,23,9596.16
920,24,9535.84
920,25,9612.29
920,26,9553.3
920,27,9559.58
920,28,9616.92
920,29,9650.73
920,30,9591.95
920,31,9582.58
920,32,9696.81
920,33,9577.33
920,34,9581.3
920,35,9589.47
920,36,9595.11
920,37,9552.69
920,38,9659.16
920,39,9593.14
920,40,9582.44
920,41,9556.48
920,42,9563.62
920,43,9578.55
920,44,9577.67
920,45,9555.81
920,46,9634.47
920,47,9618.81
920,48,9582.23
920,49,9650.84
920,50,9634.16
920,51,9611.42
920,52,9542.21
920,53,9649.61
920,54,9652.07
920,55,9545.23
920,56,9591.12
920,57,9579.54
920,58,9561.51
920,59,9610.71
920,60,9574.66
920,61,9643
920,62,9546.41
920,63,9621.13
920,64,9572.3
920,65,9636.29
920,66,9617.87
920,67,9565.66
920,68,9577.84
920,69,9580.74
920,70,9644.3
920,71,9592.02
920,72,9555.64
920,73,9627.19
920,74,9620.26
920,75,9553.06
920,76,9592.92
920,77,9615.08
920,78,9580.74
920,79,9694.14
920,80,9543.58
920,81,9594.11
920,82,9566.05
920,83,9653.5
920,84,9628.76
920,85,9577.1
920,86,9623.15
920,87,9615.38
920,88,9624.57
920,89,9561.58
920,90,9597.1
920,91,9600.62
920,92,9542.88
920,93,9584.72
920,94,9575.81
920,95,9590
920,96,9606.95
920,97,9562.38
920,98,9618.41
920,99,9622.03
930,0,9645.47
930,1,9591.67
930,2,9573.32
930,3,9542.08
930,4,9548.77
930,5,9567.6
930,6,9606.64
930,7,9562.1
930,8,9587.48
930,9,9543.33
930,10,9691.45
930,11,9533.21
930,12,9599.96
930,13,9617.06
930,14,9525.07
930,15,9661.41
930,16,9608.81
930,17,9586.33
930,18,9626.92
930,19,9574.2
930,20,9613.37
930,21,9599.26
930,22,9640.54
930,23,9586.72
930,24,9524.63
930,25,9607.01
930,26,9545.49
930,27,9552.01
930,28,9607.99
930,29,9641.82
930,30,9584.98
930,31,9576.25
930,32,9691.04
930,33,9570
930,34,9574.45
930,35,9579.46
930,36,9588.92
930,37,9541.34
930,38,9653.3
930,39,9585.4
930,40,9576.27
930,41,9548.36
930,42,9556.93
930,43,9566.28
930,44,9570.42
930,45,9548.74
930,46,9629
930,47,9611.22
930,48,9571.5
930,49,9642.23
930,50,9628.09
930,51,9605.13
930,52,9530.75
930,53,9642.62
930,54,9646.02
930,55,9538.65
930,56,9584.45
930,57,9572.67
930,58,9553.98
930,59,9602.39
930,60,9567.76
930,61,9636.32
930,62,9539.81
930,63,9613.16
930,64,9565.14
930,65,9630.82
930,66,9610.19
930,67,9559.31
930,68,9571.05
930,69,9574.7
930,70,9638.77
930,71,9585.72
930,72,9548.31
930,73,9619.54
930,74,9613.75
930,75,9545.09
930,76,9586.3
930,77,9610.6
930,78,9573.02
930,79,9688.51
930,80,9535.97
930,81,9587.51
930,82,9559.98
930,83,9648.22
930,84,9619.45
930,85,9571.65
930,86,9617.28
930,87,9608.22
930,88,9619.43
930,89,9554.5
930,90,9591.73
930,91,9593.47
930,92,9534.51
930,93,9577.4
930,94,9568.9
930,95,9580.97
930,96,9601.18
930,97,9555.35
930,98,9610.13
930,99,9615.36
940,0,9645.17
940,1,9591.37
940,2,9573.02
940,3,9541.78
940,4,9548.47
940,5,9567.3
940,6,9606.34
940,7,9561.8
940,8,9587.18
940,9,9543.03
940,10,9691.15
940,11,9532.91
940,12,9599.66
940,13,9616.76
940,14,9524.77
940,15,9661.11
940,16,9608.51
940,17,9586.03
940,18,9626.62
940,19,9573.9
940,20,9613.07
940,21,9598.96
940,22,9640.24
940,23,9586.42
940,24,9524.33
940,25,9606.71
940,26,9545.19
940,27,9551.71
940,28,9607.69
940,29,9641.52
940,30,9584.68
940,31,9575.95
940,32,9690.74
940,33,9569.7
940,34,9574.15
940,35,9579.16
940,36,9588.62
940,37,9541.04
940,38,9653
940,39,9585.1
940,40,9575.97
940,41,9548.06
940,42,9556.63
940,43,9565.98
940,44,9570.12
940,45,9548.44
940,46,9628.7
940,47,9610.92
940,48,9571.2
940,49,9641.93
940,50,9627.79
940,51,9604.83
940,52,9530.45
940,53,9642.32
940,54,9645.72
940,55,9538.35
940,56,9584.15
940,57,9572.37
940,58,9553.68
940,59,9602.09
940,60,9567.46
940,61,9636.02
940,62,9539.51
940,63,9612.86
940,64,9564.84
940,65,9630.52
940,66,9609.89
940,67,9559.01
940,68,9570.75
940,69,9574.4
940,70,9638.47
940,71,9585.42
940,72,9548.01
940,73,9619.24
940,74,9613.45
940,75,9544.79
940,76,9586
940,77,9610.3
940,78,9572.72
940,79,9688.21
940,80,9535.67
940,81,9587.21
940,82,9559.68
940,83,9647.92
940,84,9619.15
940,85,9571.35
940,86,9616.98
940,87,9607.92
940,88,9619.13
940,89,9554.2
940,90,9591.43
940,91,9593.17
940,92,9534.21
940,93,9577.1
940,94,9568.6
940,95,9580.67
940,96,9600.88
940,97,9555.05
940,98,9609.83
940,99,9615.06
950,0,9632.68
950,1,9579.83
950,2,9562.59
950,3,9531.76
950,4,9539.4
950,5,9558.77
950,6,9595.48
950,7,9552.49
950,8,9575.47
950,9,9532.39
950,10,9683.85
950,11,9521.54
950,12,9587.32
950,13,9604.63
950,14,9516.18
950,15,9652.48
950,16,9599.2
950,17,9576.65
950,18,9614.54
950,19,9562.39
950,20,9602.16
950,21,9588.44
950,22,9631.37
950,23,9574.42
950,24,9513.03
950,25,9595.48
950,26,9535.22
950,27,9540.67
950,28,9598.2
950,29,9633.22
950,30,9573.96
950,31,9565.78
950,32,9681.9
950,33,9558.78
950,34,9564.05
950,35,9566.62
950,36,9579
950,37,9529.24
950,38,9641.36
950,39,9576.84
950,40,9565.49
950,41,9540.23
950,42,9546.75
950,43,9557.49
950,44,9560.26
950,45,9539.81
950,46,9618.03
950,47,9601.74
950,48,9561
950,49,9631.63
950,50,9618.38
950,51,9593.03
950,52,9520.13
950,53,9633.13
950,54,9634.11
950,55,9528.14
950,56,9572.55
950,57,9560.95
950,58,9541.35
950,59,9590.97
950,60,9557.62
950,61,9623.3
950,62,9528.93
950,63,9602.74
950,64,9555.97
950,65,9622.73
950,66,9598.8
950,67,9549.87
950,68,9562.13
950,69,9564.99
950,70,9630.99
950,71,9574.31
950,72,9536.53
950,73,9608.88
950,74,9601.4
950,75,9533.55
950,76,9574.57
950,77,9599.92
950,78,9560.38
950,79,9677.9
950,80,9523.81
950,81,9575.4
950,82,9551.25
950,83,9637.71
950,84,9609.44
950,85,9554.63
950,86,9607.02
950,87,9597.73
950,88,9607.21
950,89,9545.08
950,90,9579.9
950,91,9582.13
950,92,9525.61
950,93,9565.55
950,94,9557.35
950,95,9568.18
950,96,9589.46
950,97,9544.48
950,98,9598.25
950,99,9601.64
960,0,9630.34
960,1,9570.7
960,2,9555.95
960,3,9523.2
960,4,9529.39
960,5,9552.84
960,6,9588.59
960,7,9539.5
960,8,9568.81
960,9,9525.39
960,10,9676.72
960,11,9514.42
960,12,9581.86
960,13,9597.81
960,14,9504.46
960,15,9646.25
960,16,9593.03
960,17,9566.49
960,18,9608.65
960,19,9551.43
960,20,9595.22
960,21,9580.12
960,22,9625.07
960,23,9568.87
960,24,9506.77
960,25,9590.28
960,26,9525.43
960,27,9531.45
960,28,9588.88
960,29,9624.32
960,30,9567.05
960,31,9559.6
960,32,9676.2
960,33,9551.59
960,34,9557.36
960,35,9556.69
960,36,9572.91
960,37,9521.96
960,38,9635.57
960,39,9566.15
960,40,9559.31
960,41,9528.64
960,42,9537.79
960,43,9546.68
960,44,9551.6
960,45,9529.5
960,46,9612.6
960,47,9594.24
960,48,9548.53
960,49,9623.03
960,50,9612.36
960,51,9586.8
960,52,9511.11
960,53,9626.22
960,54,9630.64
960,55,9519.94
960,56,9565.98
960,57,9554.22
960,58,9533.96
960,59,9586.29
960,60,9550.8
960,61,9616.68
960,62,9522.39
960,63,9594.78
960,64,9544.84
960,65,9617.32
960,66,9594.4
960,67,9540.49
960,68,9555.31
960,69,9558.34
960,70,9625.45
960,71,9567.28
960,72,9528.97
960,73,9601.24
960,74,9599.09
960,75,9524.35
960,76,9568.11
960,77,9595.41
960,78,9557.43
960,79,9672.33
960,80,9516.24
960,81,9568.88
960,82,9541.87
960,83,9632.46
960,84,9600.14
960,85,9544.41
960,86,9603.41
960,87,9594.26
960,88,9601.99
960,89,9538.08
960,90,9574.7
960,91,9575.01
960,92,9513.28
960,93,9558.28
960,94,9550.53
960,95,9564.06
960,96,9583.5
960,97,9536.32
960,98,9593.29
960,99,9595.04
970,0,9630.04
970,1,9570.4
970,2,9555.65
970,3,9522.9
970,4,9529.09
970,5,9552.54
970,6,9588.29
970,7,9539.2
970,8,9568.51
970,9,9525.09
970,10,9676.42
970,11,9514.12
970,12,9581.56
970,13,9597.51
970,14,9504.16
970,15,9645.95
970,16,9592.73
970,17,9566.19
970,18,9608.35
970,19,9551.13
970,20,9594.92
970,21,9579.82
970,22,9624.77
970,23,9568.57
970,24,9506.47
970,25,9589.98
970,26,9525.13
970,27,9531.15
970,28,9588.58
970,29,9624.02
970,30,9566.75
970,31,9559.3
970,32,9675.9
970,33,9551.29
970,34,9557.06
970,35,9556.39
970,36,9572.61
970,37,9521.66
970,38,9635.27
970,39,9565.85
970,40,9559.01
970,41,9528.34
970,42,9537.49
970,43,9546.38
970,44,9551.3
970,45,9529.2
970,46,9612.3
970,47,9593.94
970,48,9548.23
970,49,9622.73
970,50,9612.06
970,51,9586.5
970,52,9510.81
970,53,9625.92
970,54,9630.34
970,55,9519.64
970,56,9565.68
970,57,9553.92
970,58,9533.66
970,59,9585.99
970,60,9550.5
970,61,9616.38
970,62,9522.09
970,63,9594.48
970,64,9544.54
970,65,9617.02
970,66,9594.1
970,67,9540.19
970,68,9555.01
970,69,9558.04
970,70,9625.15
970,71,9566.98
970,72,9528.67
970,73,9600.94
970,74,9598.79
970,75,9524.05
970,76,9567.81
970,77,9595.11
970,78,9557.13
970,79,9672.03
970,80,9515.94
970,81,9568.58
970,82,9541.57
970,83,9632.16
970,84,9599.84
970,85,9544.11
970,86,9603.11
970,87,9593.96
970,88,9601.69
970,89,9537.78
970,90,9574.4
970,91,9574.71
970,92,9512.98
970,93,9557.98
970,94,9550.23
970,95,9563.76
970,96,9583.2
970,97,9536.02
970,98,9592.99
970,99,9594.74
980,0,9620.19
980,1,9560.3
980,2,9545.21
980,3,9514.83
980,4,9519.27
980,5,9544.46
980,6,9578.45
980,7,9530.34
980,8,9558.54
980,9,9514.56
980,10,9667.83
980,11,9505.13
980,12,9570.38
980,13,9586.92
980,14,9494.46
980,15,9636.38
980,16,9585
980,17,9559.69
980,18,9597.63
980,19,9540.05
980,20,9588.14
980,21,9569.55
980,22,9616.55
980,23,9557.76
980,24,9494.13
980,25,9579.66
980,26,9515.09
980,27,9524.21
980,28,9580.14
980,29,9615.97
980,30,9559.15
980,31,9551.34
980,32,9668.78
980,33,9541.56
980,34,9547.94
980,35,9544.89
980,36,9565.74
980,37,9515.49
980,38,9625.28
980,39,9557.64
980,40,9548.52
980,41,9520.19
980,42,9529
980,43,9537.81
980,44,9542.92
980,45,9520.51
980,46,9601.91
980,47,9584.12
980,48,9537.47
980,49,9613.6
980,50,9602.35
980,51,9576.44
980,52,9502.53
980,53,9618.93
980,54,9621
980,55,9510.16
980,56,9559.12
980,57,9544.06
980,58,9523.99
980,59,9576.85
980,60,9541.44
980,61,9604.29
980,62,9512.39
980,63,9585.08
980,64,9535.61
980,65,9608.91
980,66,9582.94
980,67,9529.6
980,68,9549.69
980,69,9551.02
980,70,9617.94
980,71,9557.07
980,72,9520.34
980,73,9590.82
980,74,9589.28
980,75,9513.75
980,76,9559.82
980,77,9584.64
980,78,9547.84
980,79,9663.23
980,80,9506.1
980,81,9557.76
980,82,9533.11
980,83,9625.2
980,84,9587.28
980,85,9531.73
980,86,9592.93
980,87,9584.99
980,88,9591.03
980,89,9531.89
980,90,9565.18
980,91,9567.29
980,92,9503.95
980,93,9548.34
980,94,9543.7
980,95,9553.47
980,96,9572.26
980,97,9527.68
980,98,9582.64
980,99,9583.38
990,0,9617.89
990,1,9558.33
990,2,9544.98
990,3,9508.86
990,4,9519.04
990,5,9543.12
990,6,9575.15
990,7,9528.94
990,8,9558.32
990,9,9514.34
990,10,9667.58
990,11,9502.73
990,12,9568.43
990,13,9584.35
990,14,9490.81
990,15,9636.14
990,16,9583.98
990,17,9556.89
990,18,9597.42
990,19,9537.56
990,20,9583.12
990,21,9569.32
990,22,9614.96
990,23,9555.57
990,24,9493.12
990,25,9578.06
990,26,9512.05
990,27,9518.69
990,28,9579.43
990,29,9615.72
990,30,9555.61
990,31,9549.49
990,32,9668.53
990,33,9541.09
990,34,9545.53
990,35,9544.64
990,36,9563.72
990,37,9509.62
990,38,9625.03
990,39,9554.12
990,40,9548.3
990,41,9516.73
990,42,9524.22
990,43,9533.1
990,44,9538.53
990,45,9515.61
990,46,9601.02
990,47,9583.89
990,48,9537.25
990,49,9611.8
990,50,9602.11
990,51,9573.09
990,52,9498.58
990,53,9615.99
990,54,9620.03
990,55,9506.92
990,56,9555.04
990,57,9543.42
990,58,9519.97
990,59,9574.52
990,60,9541.2
990,61,9604.04
990,62,9512.16
990,63,9583.5
990,64,9531.31
990,65,9607.73
990,66,9582.72
990,67,9527.57
990,68,9546.17
990,69,9545.32
990,70,9617.69
990,71,9554.31
990,72,9517.03
990,73,9590.57
990,74,9586.35
990,75,9510.13
990,76,9555.08
990,77,9584.42
990,78,9546.61
990,79,9662.99
990,80,9503.22
990,81,9556.12
990,82,9532.19
990,83,9621.58
990,84,9586.27
990,85,9531.48
990,86,9591.33
990,87,9583.17
990,88,9590.82
990,89,9528.32
990,90,9562.5
990,91,9562.96
990,92,9498.82
990,93,9545.41
990,94,9538.37
990,95,9552.18
990,96,9571.91
990,97,9523.77
990,98,9581.18
990,99,9581.09
1000,0,9617.59
1000,1,9558.03
1000,2,9544.68
1000,3,9508.56
1000,4,9518.74
1000,5,9542.82
1000,6,9574.85
1000,7,9528.64
1000,8,9558.02
1000,9,9514.04
1000,10,9667.28
1000,11,9502.43
1000,12,9568.13
1000,13,9584.05
1000,14,9490.51
1000,15,9635.84
1000,16,9583.68
1000,17,9556.59
1000,18,9597.12
1000,19,9537.26
1000,20,9582.82
1000,21,9569.02
1000,22,9614.66
1000,23,9555.27
1000,24,9492.82
1000,25,9577.76
1000,26,9511.75
1000,27,9518.39
1000,28,9579.13
1000,29,9615.42
1000,30,9555.31
1000,31,9549.19
1000,32,9668.23
1000,33,9540.79
1000,34,9545.23
1000,35,9544.34
1000,36,9563.42
1000,37,9509.32
1000,38,9624.73
1000,39,9553.82
1000,40,9548
1000,41,9516.43
1000,42,9523.92
1000,43,9532.8
1000,44,9538.23
1000,45,9515.31
1000,46,9600.72
1000,47,9583.59
1000,48,9536.95
1000,49,9611.5
1000,50,9601.81
1000,51,9572.79
1000,52,9498.28
1000,53,9615.69
1000,54,9619.73
1000,55,9506.62
1000,56,9554.74
1000,57,9543.12
1000,58,9519.67
1000,59,9574.22
1000,60,9540.9
1000,61,9603.74
1000,62,9511.86
1000,63,9583.2
1000,64,9531.01
1000,65,9607.43
1000,66,9582.42
1000,67,9527.27
1000,68,9545.87
1000,69,9545.02
1000,70,9617.39
1000,71,9554.01
1000,72,9516.73
1000,73,9590.27
1000,74,9586.05
1000,75,9509.83
1000,76,9554.78
1000,77,9584.12
1000,78,9546.31
1000,79,9662.69
1000,80,9502.92
1000,81,9555.82
1000,82,9531.89
1000,83,9621.28
1000,84,9585.97
1000,85,9531.18
1000,86,9591.03
1000,87,9582.87
1000,88,9590.52
1000,89,9528.02
1000,90,9562.2
1000,91,9562.66
1000,92,9498.52
1000,93,9545.11
1000,94,9538.07
1000,95,9551.88
1000,96,9571.61
1000,97,9523.47
1000,98,9580.88
1000,99,9580.79
1010,0,9608.84
1010,1,9549.61
1010,2,9535.6
1010,3,9498.47
1010,4,9509.53
1010,5,9536.16
1010,6,9564.9
1010,7,9523.77
1010,8,9548.1
1010,9,9504.96
1010,10,9658.54
1010,11,9495.72
1010,12,9560.6
1010,13,9571.92
1010,14,9482.1
1010,15,9630
1010,16,9576.57
1010,17,9549.94
1010,18,9590.36
1010,19,9526.83
1010,20,9575.51
1010,21,9561.23
1010,22,9608.57
1010,23,9545.05
1010,24,9486.61
1010,25,9568.34
1010,26,9501.65
1010,27,9511.53
1010,28,9571.04
1010,29,9607.08
1010,30,9547.75
1010,31,9541.2
1010,32,9661.21
1010,33,9531.07
1010,34,9537.41
1010,35,9536.89
1010,36,9557.37
1010,37,9502.32
1010,38,9617.91
1010,39,9545.63
1010,40,9539.57
1010,41,9508.25
1010,42,9515.54
1010,43,9525.95
1010,44,9529.79
1010,45,9506.42
1010,46,9590.13
1010,47,9572.54
1010,48,9529.72
1010,49,9603.85
1010,50,9593.31
1010,51,9562.66
1010,52,9489.98
1010,53,9608.71
1010,54,9612
1010,55,9497.24
1010,56,9546.41
1010,57,9535.08
1010,58,9509.98
1010,59,9565.04
1010,60,9534.36
1010,61,9595.02
1010,62,9503
1010,63,9572.62
1010,64,9522.02
1010,65,9600.36
1010,66,9573.31
1010,67,9518.64
1010,68,9540.37
1010,69,9538.08
1010,70,9610.49
1010,71,9546.43
1010,72,9510.88
1010,73,9582.78
1010,74,9576.34
1010,75,9501.95
1010,76,9548.81
1010,77,9575.42
1010,78,9536.2
1010,79,9654.57
1010,80,9493.04
1010,81,9548.19
1010,82,9523.37
1010,83,9612.47
1010,84,9575.13
1010,85,9523.57
1010,86,9582.75
1010,87,9574.5
1010,88,9582.86
1010,89,9522.05
1010,90,9553.01
1010,91,9555.21
1010,92,9490.31
1010,93,9535.43
1010,94,9528.83
1010,95,9543.23
1010,96,9564.32
1010,97,9515.01
1010,98,9570.68
1010,99,9571.91
1020,0,9606.62
1020,1,9545.76
1020,2,9533.96
1020,3,9495.47
1020,4,9505.63
1020,5,9534.74
1020,6,9563.74
1020,7,9518.29
1020,8,9547.89
1020,9,9503.42
1020,10,9658.31
1020,11,9491.06
1020,12,9555.62
1020,13,9571.46
1020,14,9479.06
1020,15,9625.92
1020,16,9576.33
1020,17,9547.35
1020,18,9585.39
1020,19,9523.88
1020,20,9570.77
1020,21,9558.47
1020,22,9608.32
1020,23,9543.82
1020,24,9480.66
1020,25,9567.4
1020,26,9498.52
1020,27,9508.6
1020,28,9570.81
1020,29,9606.84
1020,30,9547.11
1020,31,9539.33
1020,32,9660.97
1020,33,9530.86
1020,34,9535.77
1020,35,9534.48
1020,36,9554.17
1020,37,9497.35
1020,38,9616.33
1020,39,9544.38
1020,40,9537.26
1020,41,9506.1
1020,42,9511.88
1020,43,9524.11
1020,44,9527.73
1020,45,9501.74
1020,46,9588.47
1020,47,9572.29
1020,48,9524.56
1020,49,9600.31
1020,50,9591.16
1020,51,9562.45
1020,52,9489.75
1020,53,9605.5
1020,54,9610.16
1020,55,9495.07
1020,56,9545.2
1020,57,9534.84
1020,58,9507.88
1020,59,9564.82
1020,60,9534.11
1020,61,9594.07
1020,62,9501.08
1020,63,9569.32
1020,64,9519.18
1020,65,9599.92
1020,66,9572.68
1020,67,9516.48
1020,68,9537
1020,69,9535.28
1020,70,9608.6
1020,71,9542.11
1020,72,9505.74
1020,73,9582.54
1020,74,9576.12
1020,75,9495.7
1020,76,9546.12
1020,77,9572.42
1020,78,9535.15
1020,79,9654.34
1020,80,9490.52
1020,81,9547.95
1020,82,9521.37
1020,83,9612.25
1020,84,9572.98
1020,85,9518.61
1020,86,9579.81
1020,87,9573.33
1020,88,9578.31
1020,89,9518.53
1020,90,9552
1020,91,9554.08
1020,92,9487.94
1020,93,9532.4
1020,94,9525.54
1020,95,9540.72
1020,96,9559.54
1020,97,9512.21
1020,98,9569.06
1020,99,9571.68
1030,0,9606.32
1030,1,9545.46
1030,2,9533.66
1030,3,9495.17
1030,4,9505.33
1030,5,9534.44
1030,6,9563.44
1030,7,9517.99
1030,8,9547.59
1030,9,9503.12
1030,10,9658.01
1030,11,9490.76
1030,12,9555.32
1030,13,9571.16
1030,14,9478.76
1030,15,9625.62
1030,16,9576.03
1030,17,9547.05
1030,18,9585.09
1030,19,9523.58
1030,20,9570.47
1030,21,9558.17
1030,22,9608.02
1030,23,9543.52
1030,24,9480.36
1030,25,9567.1
1030,26,9498.22
1030,27,9508.3
1030,28,9570.51
1030,29,9606.54
1030,30,9546.81
1030,31,9539.03
1030,32,9660.67
1030,33,9530.56
1030,34,9535.47
1030,35,9534.18
1030,36,9553.87
1030,37,9497.05
1030,38,9616.03
1030,39,9544.08
1030,40,9536.96
1030,41,9505.8
1030,42,9511.58
1030,43,9523.81
1030,44,9527.43
1030,45,9501.44
1030,46,9588.17
1030,47,9571.99
1030,48,9524.26
1030,49,9600.01
1030,50,9590.86
1030,51,9562.15
1030,52,9489.45
1030,53,9605.2
1030,54,9609.86
1030,55,9494.77
1030,56,9544.9
1030,57,9534.54
1030,58,9507.58
1030,59,9564.52
1030,60,9533.81
1030,61,9593.77
1030,62,9500.78
1030,63,9569.02
1030,64,9518.88
1030,65,9599.62
1030,66,9572.38
1030,67,9516.18
1030,68,9536.7
1030,69,9534.98
1030,70,9608.3
1030,71,9541.81
1030,72,9505.44
1030,73,9582.24
1030,74,9575.82
1030,75,9495.4
1030,76,9545.82
1030,77,9572.12
1030,78,9534.85
1030,79,9654.04
1030,80,9490.22
1030,81,9547.65
1030,82,9521.07
1030,83,9611.95
1030,84,9572.68
1030,85,9518.31
1030,86,9579.51
1030,87,9573.03
1030,88,9578.01
1030,89,9518.23
1030,90,9551.7
1030,91,9553.78
1030,92,9487.64
1030,93,9532.1
1030,94,9525.24
1030,95,9540.42
1030,96,9559.24
1030,97,9511.91
1030,98,9568.76
1030,99,9571.38
1040,0,9600.23
1040,1,9541.57
1040,2,9526.53
1040,3,9489.27
1040,4,9497.37
1040,5,9529.79
1040,6,9558.8
1040,7,9512.46
1040,8,9541.28
1040,9,9497.11
1040,10,9650.6
1040,11,9483.96
1040,12,9547.93
1040,13,9564.46
1040,14,9471.25
1040,15,9619.66
1040,16,9572.13
1040,17,9541.24
1040,18,9581.58
1040,19,9517.46
1040,20,9563.75
1040,21,9555.21
1040,22,9602.27
1040,23,9540.75
1040,24,9474.16
1040,25,9561.1
1040,26,9491.56
1040,27,9504.83
1040,28,9563.92
1040,29,9600.13
1040,30,9539.26
1040,31,9532.05
1040,32,9655.26
1040,33,9525.6
1040,34,9529.25
1040,35,9529.2
1040,36,9549.02
1040,37,9490.02
1040,38,9610.96
1040,39,9538.22
1040,40,9531.41
1040,41,9498.82
1040,42,9505.09
1040,43,9516.98
1040,44,9520.79
1040,45,9496.97
1040,46,9581.13
1040,47,9565.04
1040,48,9518.22
1040,49,9592.45
1040,50,9584.11
1040,51,9556.94
1040,52,9481.01
1040,53,9599.35
1040,54,9604.23
1040,55,9487.89
1040,56,9538.3
1040,57,9529.13
1040,58,9498.49
1040,59,9560.13
1040,60,9527.33
1040,61,9586.74
1040,62,9494.6
1040,63,9559.65
1040,64,9511.74
1040,65,9593.32
1040,66,9569.22
1040,67,9509.95
1040,68,9531.93
1040,69,9529.7
1040,70,9602.48
1040,71,9534.37
1040,72,9500.85
1040,73,9576.18
1040,74,9570.52
1040,75,9490.3
1040,76,9541.26
1040,77,9569.17
1040,78,9530.46
1040,79,9647.88
1040,80,9483.21
1040,81,9541.47
1040,82,9514.48
1040,83,9606.97
1040,84,9567.45
1040,85,9514.72
1040,86,9573.18
1040,87,9565.02
1040,88,9574.47
1040,89,9512.77
1040,90,9546.35
1040,91,9547.84
1040,92,9479.94
1040,93,9526.22
1040,94,9516.06
1040,95,9536.41
1040,96,9554.67
1040,97,9506.32
1040,98,9564.03
1040,99,9564.25
1050,0,9594.8
1050,1,9535.37
1050,2,9520.28
1050,3,9484.07
1050,4,9489.85
1050,5,9523.47
1050,6,9553.18
1050,7,9507.91
1050,8,9537.51
1050,9,9487.9
1050,10,9646.1
1050,11,9479.24
1050,12,9544
1050,13,9560.7
1050,14,9464.65
1050,15,9616.31
1050,16,9564.67
1050,17,9533.23
1050,18,9572.39
1050,19,9510.67
1050,20,9559.98
1050,21,9547.84
1050,22,9597.68
1050,23,9530.63
1050,24,9467.04
1050,25,9556.8
1050,26,9485.44
1050,27,9498.18
1050,28,9559.55
1050,29,9594.48
1050,30,9536.23
1050,31,9529.18
1050,32,9653.12
1050,33,9520.65
1050,34,9524.17
1050,35,9521.04
1050,36,9540.83
1050,37,9484.85
1050,38,9607.81
1050,39,9534.72
1050,40,9526.07
1050,41,9493.46
1050,42,9499.63
1050,43,9509.47
1050,44,9514.17
1050,45,9489.67
1050,46,9575.6
1050,47,9558.72
1050,48,9508.24
1050,49,9587.07
1050,50,9580.39
1050,51,9551.72
1050,52,9476.89
1050,53,9594.36
1050,54,9600.31
1050,55,9483.54
1050,56,9536.86
1050,57,9524.58
1050,58,9493.87
1050,59,9550.46
1050,60,9524.51
1050,61,9579.74
1050,62,9490
1050,63,9558.05
1050,64,9505.08
1050,65,9591.29
1050,66,9561.19
1050,67,9505.41
1050,68,9527.13
1050,69,9524.86
1050,70,9597.96
1050,71,9531.79
1050,72,9491.55
1050,73,9571.71
1050,74,9564.51
1050,75,9481.1
1050,76,9537.19
1050,77,9560.43
1050,78,9523.81
1050,79,9644.6
1050,80,9480.04
1050,81,9537.07
1050,82,9511.09
1050,83,9602.81
1050,84,9559.62
1050,85,9504.98
1050,86,9567.73
1050,87,9563.08
1050,88,9565.45
1050,89,9505.74
1050,90,9541.52
1050,91,9544.68
1050,92,9474.55
1050,93,9519.97
1050,94,9514.1
1050,95,9529.59
1050,96,9548.04
1050,97,9499.52
1050,98,9556.88
1050,99,9562.08
1060,0,9594.5
1060,1,9535.07
1060,2,9519.98
1060,3,9483.77
1060,4,9489.55
1060,5,9523.17
1060,6,9552.88
1060,7,9507.61
1060,8,9537.21
1060,9,9487.6
1060,10,9645.8
1060,11,9478.94
1060,12,9543.7
1060,13,9560.4
1060,14,9464.35
1060,15,9616.01
1060,16,9564.37
1060,17,9532.93
1060,18,9572.09
1060,19,9510.37
1060,20,9559.68
1060,21,9547.54
1060,22,9597.38
1060,23,9530.33
1060,24,9466.74
1060,25,9556.5
1060,26,9485.14
1060,27,9497.88
1060,28,9559.25
1060,29,9594.18
1060,30,9535.93
1060,31,9528.88
1060,32,9652.82
1060,33,9520.35
1060,34,9523.87
1060,35,9520.74
1060,36,9540.53
1060,37,9484.55
1060,38,9607.51
1060,39,9534.42
1060,40,9525.77
1060,41,9493.16
1060,42,9499.33
1060,43,9509.17
1060,44,9513.87
1060,45,9489.37
1060,46,9575.3
1060,47,9558.42
1060,48,9507.94
1060,49,9586.77
1060,50,9580.09
1060,51,9551.42
1060,52,9476.59
1060,53,9594.06
1060,54,9600.01
1060,55,9483.24
1060,56,9536.56
1060,57,9524.28
1060,58,9493.57
1060,59,9550.16
1060,60,9524.21
1060,61,9579.44
1060,62,9489.7
1060,63,9557.75
1060,64,9504.78
1060,65,9590.99
1060,66,9560.89
1060,67,9505.11
1060,68,9526.83
1060,69,9524.56
1060,70,9597.66
1060,71,9531.49
1060,72,9491.25
1060,73,9571.41
1060,74,9564.21
1060,75,9480.8
1060,76,9536.89
1060,77,9560.13
1060,78,9523.51
1060,79,9644.3
1060,80,9479.74
1060,81,9536.77
1060,82,9510.79
1060,83,9602.51
1060,84,9559.32
1060,85,9504.68
1060,86,9567.43
1060,87,9562.78
1060,88,9565.15
1060,89,9505.44
1060,90,9541.22
1060,91,9544.38
1060,92,9474.25
1060,93,9519.67
1060,94,9513.8
1060,95,9529.29
1060,96,9547.74
1060,97,9499.22
1060,98,9556.58
1060,99,9561.78
1070,0,9592.31
1070,1,9531.14
1070,2,9517.88
1070,3,9481.32
1070,4,9486.61
1070,5,9519.27
1070,6,9550.25
1070,7,9507.27
1070,8,9534.81
1070,9,9486.04
1070,10,9640.97
1070,11,9477.73
1070,12,9541.14
1070,13,9555.42
1070,14,9461.25
1070,15,9613.37
1070,16,9560.32
1070,17,9529.67
1070,18,9568.42
1070,19,9508.27
1070,20,9555.02
1070,21,9544.58
1070,22,9592.83
1070,23,9527.59
1070,24,9463.48
1070,25,9552.27
1070,26,9483.16
1070,27,9497.58
1070,28,9556.33
1070,29,9591.59
1070,30,9531.18
1070,31,9524.76
1070,32,9648.83
1070,33,9517.48
1070,34,9518.82
1070,35,9519.04
1070,36,9536.86
1070,37,9481.98
1070,38,9606.95
1070,39,9531.54
1070,40,9524.34
1070,41,9491.13
1070,42,9497.22
1070,43,9506.46
1070,44,9510.96
1070,45,9486.64
1070,46,9572
1070,47,9553.38
1070,48,9506.55
1070,49,9583.69
1070,50,9575.63
1070,51,9549.23
1070,52,9474.59
1070,53,9591.56
1070,54,9598.62
1070,55,9481.4
1070,56,9533.07
1070,57,9519.8
1070,58,9488.89
1070,59,9547.61
1070,60,9519.41
1070,61,9576.2
1070,62,9488.2
1070,63,9553.1
1070,64,9502.29
1070,65,9586.57
1070,66,9557.65
1070,67,9503.66
1070,68,9522.02
1070,69,9520.86
1070,70,9593.99
1070,71,9529.58
1070,72,9489.69
1070,73,9567.2
1070,74,9559.86
1070,75,9476.64
1070,76,9534.54
1070,77,9557.13
1070,78,9520.81
1070,79,9639.2
1070,80,9475.16
1070,81,9532.53
1070,82,9508.58
1070,83,9597.48
1070,84,9554.11
1070,85,9501.04
1070,86,9565.18
1070,87,9559.19
1070,88,9561.45
1070,89,9503.36
1070,90,9538.83
1070,91,9540.25
1070,92,9471.05
1070,93,9515.72
1070,94,9508.66
1070,95,9525.24
1070,96,9545.37
1070,97,9496.39
1070,98,9551.81
1070,99,9556.57
1080,0,9581.91
1080,1,9524.14
1080,2,9504.44
1080,3,9472.78
1080,4,9473
1080,5,9512.08
1080,6,9539.29
1080,7,9497.51
1080,8,9524.32
1080,9,9472.35
1080,10,9635.17
1080,11,9467.46
1080,12,9532.34
1080,13,9545.89
1080,14,9451.02
1080,15,9606.67
1080,16,9554.21
1080,17,9518.99
1080,18,9560.93
1080,19,9497.13
1080,20,9548.73
1080,21,9537.09
1080,22,9587.41
1080,23,9517.41
1080,24,9453.43
1080,25,9546.7
1080,26,9474.72
1080,27,9487.77
1080,28,9548.83
1080,29,9582.14
1080,30,9525.4
1080,31,9516.56
1080,32,9645.45
1080,33,9508.42
1080,34,9514.47
1080,35,9507.16
1080,36,9527.07
1080,37,9472.33
1080,38,9599.09
1080,39,9523.65
1080,40,9514.86
1080,41,9480.39
1080,42,9483.19
1080,43,9495.27
1080,44,9499.19
1080,45,9475.76
1080,46,9565.75
1080,47,9546.68
1080,48,9492.22
1080,49,9576.79
1080,50,9570.14
1080,51,9537.66
1080,52,9464.32
1080,53,9583.61
1080,54,9590.45
1080,55,9472.13
1080,56,9526.82
1080,57,9512.33
1080,58,9477.06
1080,59,9536.09
1080,60,9513.64
1080,61,9566.71
1080,62,9473.73
1080,63,9542.63
1080,64,9489.95
1080,65,9580.26
1080,66,9547.13
1080,67,9494.33
1080,68,9517.46
1080,69,9512.14
1080,70,9587.44
1080,71,9517.17
1080,72,9477.32
1080,73,9560.97
1080,74,9553.67
1080,75,9469.63
1080,76,9524.06
1080,77,9548.29
1080,78,9513.26
1080,79,9634.81
1080,80,9467.58
1080,81,9527.25
1080,82,9497.1
1080,83,9592.38
1080,84,9546.2
1080,85,9491.11
1080,86,9557.55
1080,87,9551.61
1080,88,9553.3
1080,89,9493.33
1080,90,9531.81
1080,91,9532.59
1080,92,9461.14
1080,93,9508.12
1080,94,9502.72
1080,95,9516.63
1080,96,9535.8
1080,97,9486.77
1080,98,9541.02
1080,99,9550.87
1090,0,9581.61
1090,1,9523.84
1090,2,9504.14
1090,3,9472.48
1090,4,9472.7
1090,5,9511.78
1090,6,9538.99
1090,7,9497.21
1090,8,9524.02
1090,9,9472.05
1090,10,9634.87
1090,11,9467.16
1090,12,9532.04
1090,13,9545.59
1090,14,9450.72
1090,15,9606.37
1090,16,9553.91
1090,17,9518.69
1090,18,9560.63
1090,19,9496.83
1090,20,9548.43
1090,21,9536.79
1090,22,9587.11
1090,23,9517.11
1090,24,9453.13
1090,25,9546.4
1090,26,9474.42
1090,27,9487.47
1090,28,9548.53
1090,29,9581.84
1090,30,9525.1
1090,31,9516.26
1090,32,9645.15
1090,33,9508.12
1090,34,9514.17
1090,35,9506.86
1090,36,9526.77
1090,37,9472.03
1090,38,9598.79
1090,39,9523.35
1090,40,9514.56
1090,41,9480.09
1090,42,9482.89
1090,43,9494.97
1090,44,9498.89
1090,45,9475.46
1090,46,9565.45
1090,47,9546.38
1090,48,9491.92
1090,49,9576.49
1090,50,9569.84
1090,51,9537.36
1090,52,9464.02
1090,53,9583.31
1090,54,9590.15
1090,55,9471.83
1090,56,9526.52
1090,57,9512.03
1090,58,9476.76
1090,59,9535.79
1090,60,9513.34
1090,61,9566.41
1090,62,9473.43
1090,63,9542.33
1090,64,9489.65
1090,65,9579.96
1090,66,9546.83
1090,67,9494.03
1090,68,9517.16
1090,69,9511.84
1090,70,9587.14
1090,71,9516.87
1090,72,9477.02
1090,73,9560.67
1090,74,9553.37
1090,75,9469.33
1090,76,9523.76
1090,77,9547.99
1090,78,9512.96
1090,79,9634.51
1090,80,9467.28
1090,81,9526.95
1090,82,9496.8
1090,83,9592.08
1090,84,9545.9
1090,85,9490.81
1090,86,9557.25
1090,87,9551.31
1090,88,9553
1090,89,9493.03
1090,90,9531.51
1090,91,9532.29
1090,92,9460.84
1090,93,9507.82
1090,94,9502.42
1090,95,9516.33
1090,96,9535.5
1090,97,9486.47
1090,98,9540.72
1090,99,9550.57
1100,0,9579.37
1100,1,9523
1100,2,9502.01
1100,3,9472.18
1100,4,9472.4
1100,5,9511.48
1100,6,9538.69
1100,7,9496.87
1100,8,9523.72
1100,9,9470.45
1100,10,9633.15
1100,11,9465.86
1100,12,9531.74
1100,13,9544.15
1100,14,9449.12
1100,15,9604.66
1100,16,9553.61
1100,17,9518.39
1100,18,9560.33
1100,19,9494.74
1100,20,9546.58
1100,21,9536.49
1100,22,9585.3
1100,23,9514.41
1100,24,9452.83
1100,25,9544.15
1100,26,9472.4
1100,27,9487.17
1100,28,9548.23
1100,29,9579.25
1100,30,9524.05
1100,31,9515.96
1100,32,9644.5
1100,33,9507.77
1100,34,9512.24
1100,35,9505.22
1100,36,9526.47
1100,37,9471.73
1100,38,9598.15
1100,39,9523
1100,40,9513.09
1100,41,9479.79
1100,42,9482.59
1100,43,9494.28
1100,44,9498.59
1100,45,9475.16
1100,46,9563.86
1100,47,9544.47
1100,48,9490.59
1100,49,9576.14
1100,50,9568.24
1100,51,9537.06
1100,52,9463.72
1100,53,9583.01
1100,54,9588.72
1100,55,9471.53
1100,56,9526.16
1100,57,9510.35
1100,58,9475.35
1100,59,9533.26
1100,60,9511.49
1100,61,9564.9
1100,62,9471.84
1100,63,9541.45
1100,64,9487.18
1100,65,9577.49
1100,66,9546.53
1100,67,9493.73
1100,68,9516.86
1100,69,9511.54
1100,70,9586.84
1100,71,9516.57
1100,72,9475.33
1100,73,9558.23
1100,74,9551.11
1100,75,9467.7
1100,76,9523.46
1100,77,9547.69
1100,78,9510.56
1100,79,9632.54
1100,80,9465.5
1100,81,9525.27
1100,82,9494.52
1100,83,9591.78
1100,84,9543.96
1100,85,9490.51
1100,86,9554.87
1100,87,9549.21
1100,88,9552.7
1100,89,9491.04
1100,90,9531.14
1100,91,9531.39
1100,92,9458.87
1100,93,9506.05
1100,94,9501.27
1100,95,9515.28
1100,96,9535.2
1100,97,9486.17
1100,98,9540.42
1100,99,9548.72
1110,0,9570.15
1110,1,9511.35
1110,2,9493.39
1110,3,9459.16
1110,4,9460.98
1110,5,9500.63
1110,6,9525.13
1110,7,9486.5
1110,8,9513.99
1110,9,9457
1110,10,9622.8
1110,11,9455.62
1110,12,9519.7
1110,13,9536.35
1110,14,9437.44
1110,15,9595.82
1110,16,9543.23
1110,17,9504.4
1110,18,9548.77
1110,19,9484.82
1110,20,9537.11
1110,21,9526.65
1110,22,9577.03
1110,23,9505.47
1110,24,9439.84
1110,25,9536.39
1110,26,9461.1
1110,27,9474.71
1110,28,9536.84
1110,29,9569.77
1110,30,9513.99
1110,31,9505
1110,32,9637.61
1110,33,9497.87
1110,34,9504.04
1110,35,9496.07
1110,36,9513.31
1110,37,9459.9
1110,38,9589.93
1110,39,9512.45
1110,40,9503.58
1110,41,9468.76
1110,42,9471.47
1110,43,9480.77
1110,44,9488.41
1110,45,9461.4
1110,46,9547.34
1110,47,9534.42
1110,48,9481.14
1110,49,9565.05
1110,50,9559.31
1110,51,9526.82
1110,52,9452.17
1110,53,9574.14
1110,54,9579.81
1110,55,9459.86
1110,56,9516.42
1110,57,9503.05
1110,58,9465.57
1110,59,9525.48
1110,60,9504.18
1110,61,9556.26
1110,62,9462.67
1110,63,9529.34
1110,64,9478.92
1110,65,9571.28
1110,66,9536.92
1110,67,9483.54
1110,68,9507.28
1110,69,9499.39
1110,70,9576.81
1110,71,9504.56
1110,72,9462.42
1110,73,9551.81
1110,74,9542.66
1110,75,9456.01
1110,76,9514.1
1110,77,9535.9
1110,78,9502.76
1110,79,9624.86
1110,80,9455.08
1110,81,9517.2
1110,82,9483.33
1110,83,9582.71
1110,84,9532.72
1110,85,9477.48
1110,86,9545.93
1110,87,9540.29
1110,88,9539.73
1110,89,9481.26
1110,90,9521.46
1110,91,9521.35
1110,92,9444.76
1110,93,9494.92
1110,94,9490.11
1110,95,9505.58
1110,96,9524.28
1110,97,9474.11
1110,98,9528.73
1110,99,9539.79
1120,0,9569.85
1120,1,9511.05
1120,2,9493.09
1120,3,9458.86
1120,4,9460.68
1120,5,9500.33
1120,6,9524.83
1120,7,9486.2
1120,8,9513.69
1120,9,9456.7
1120,10,9622.5
1120,11,9455.32
1120,12,9519.4
1120,13,9536.05
1120,14,9437.14
1120,15,9595.52
1120,16,9542.93
1120,17,9504.1
1120,18,9548.47
1120,19,9484.52
1120,20,9536.81
1120,21,9526.35
1120,22,9576.73
1120,23,9505.17
1120,24,9439.54
1120,25,9536.09
1120,26,9460.8
1120,27,9474.41
1120,28,9536.54
1120,29,9569.47
1120,30,9513.69
1120,31,9504.7
1120,32,9637.31
1120,33,9497.57
1120,34,9503.74
1120,35,9495.77
1120,36,9513.01
1120,37,9459.6
1120,38,9589.63
1120,39,9512.15
1120,40,9503.28
1120,41,9468.46
1120,42,9471.17
1120,43,9480.47
1120,44,9488.11
1120,45,9461.1
1120,46,9547.04
1120,47,9534.12
1120,48,9480.84
1120,49,9564.75
1120,50,9559.01
1120,51,9526.52
1120,52,9451.87
1120,53,9573.84
1120,54,9579.51
1120,55,9459.56
1120,56,9516.12
1120,57,9502.75
1120,58,9465.27
1120,59,9525.18
1120,60,9503.88
1120,61,9555.96
1120,62,9462.37
1120,63,9529.04
1120,64,9478.62
1120,65,9570.98
1120,66,9536.62
1120,67,9483.24
1120,68,9506.98
1120,69,9499.09
1120,70,9576.51
1120,71,9504.26
1120,72,9462.12
1120,73,9551.51
1120,74,9542.36
1120,75,9455.71
1120,76,9513.8
1120,77,9535.6
1120,78,9502.46
1120,79,9624.56
1120,80,9454.78
1120,81,9516.9
1120,82,9483.03
1120,83,9582.41
1120,84,9532.42
1120,85,9477.18
1120,86,9545.63
1120,87,9539.99
1120,88,9539.43
1120,89,9480.96
1120,90,9521.16
1120,91,9521.05
1120,92,9444.46
1120,93,9494.62
1120,94,9489.81
1120,95,9505.28
1120,96,9523.98
1120,97,9473.81
1120,98,9528.43
1120,99,9539.49
1130,0,9569.55
1130,1,9510.75
1130,2,9492.79
1130,3,9458.56
1130,4,9460.38
1130,5,9500.03
1130,6,9524.53
1130,7,9485.84
1130,8,9513.39
1130,9,9456.4
1130,10,9622.2
1130,11,9453.96
1130,12,9519.1
1130,13,9535.75
1130,14,9436.84
1130,15,9595.22
1130,16,9542.63
1130,17,9503.8
1130,18,9548.17
1130,19,9484.22
1130,20,9536.51
1130,21,9526.05
1130,22,9576.43
1130,23,9504.87
1130,24,9439.24
1130,25,9535.79
1130,26,9460.5
1130,27,9474.11
1130,28,9536.24
1130,29,9569.17
1130,30,9513.39
1130,31,9504.4
1130,32,9636.95
1130,33,9497.21
1130,34,9503.44
1130,35,9495.47
1130,36,9512.71
1130,37,9459.3
1130,38,9588.94
1130,39,9511.79
1130,40,9502.98
1130,41,9468.16
1130,42,9470.87
1130,43,9480.17
1130,44,9487.81
1130,45,9460.8
1130,46,9546.74
1130,47,9533.82
1130,48,9479.57
1130,49,9564.45
1130,50,9558.71
1130,51,9526.22
1130,52,9451.57
1130,53,9573.54
1130,54,9579.21
1130,55,9459.26
1130,56,9515.82
1130,57,9502.45
1130,58,9464.97
1130,59,9524.88
1130,60,9503.58
1130,61,9555.66
1130,62,9462.07
1130,63,9528.74
1130,64,9478.32
1130,65,9570.68
1130,66,9536.32
1130,67,9482.94
1130,68,9506.68
1130,69,9498.79
1130,70,9576.21
1130,71,9503.96
1130,72,9461.82
1130,73,9551.21
1130,74,9542.06
1130,75,9455.41
1130,76,9513.5
1130,77,9535.3
1130,78,9502.16
1130,79,9623.53
1130,80,9454.48
1130,81,9516.6
1130,82,9482.73
1130,83,9582.11
1130,84,9532.12
1130,85,9476.88
1130,86,9545.33
1130,87,9539.69
1130,88,9539.13
1130,89,9480.66
1130,90,9520.86
1130,91,9520.75
1130,92,9444.16
1130,93,9494.32
1130,94,9489.51
1130,95,9504.98
1130,96,9523.68
1130,97,9473.51
1130,98,9528.13
1130,99,9539.19
1140,0,9557.31
1140,1,9498.4
1140,2,9482.09
1140,3,9445.86
1140,4,9448.81
1140,5,9489.93
1140,6,9510.75
1140,7,9474.88
1140,8,9499.53
1140,9,9441.48
1140,10,9611.51
1140,11,9443.62
1140,12,9508.57
1140,13,9523.5
1140,14,9423.88
1140,15,9586.51
1140,16,9532.19
1140,17,9489.79
1140,18,9535.56
1140,19,9471.79
1140,20,9525.73
1140,21,9515.62
1140,22,9566.42
1140,23,9490.39
1140,24,9426.28
1140,25,9523.3
1140,26,9448.73
1140,27,9462.06
1140,28,9525.77
1140,29,9557.23
1140,30,9502.57
1140,31,9492.06
1140,32,9628.22
1140,33,9485.56
1140,34,9492.5
1140,35,9484.78
1140,36,9499.39
1140,37,9447.55
1140,38,9580.24
1140,39,9499.11
1140,40,9491.93
1140,41,9456.98
1140,42,9459.49
1140,43,9466.26
1140,44,9477.67
1140,45,9446
1140,46,9527.76
1140,47,9523.74
1140,48,9467.19
1140,49,9551.31
1140,50,9548.36
1140,51,9515.93
1140,52,9440.43
1140,53,9564.56
1140,54,9569.93
1140,55,9443.8
1140,56,9505.14
1140,57,9491.47
1140,58,9450.99
1140,59,9512.88
1140,60,9492.2
1140,61,9543.86
1140,62,9451.47
1140,63,9514.23
1140,64,9463.77
1140,65,9560.56
1140,66,9526.49
1140,67,9472.78
1140,68,9497.04
1140,69,9487.77
1140,70,9567.31
1140,71,9492.2
1140,72,9448.82
1140,73,9542.84
1140,74,9531.81
1140,75,9442.35
1140,76,9500.68
1140,77,9523.1
1140,78,9491.31
1140,79,9613.87
1140,80,9443.69
1140,81,9507.03
1140,82,9469.69
1140,83,9572.94
1140,84,9517.18
1140,85,9462.59
1140,86,9535.22
1140,87,9526.91
1140,88,9527.3
1140,89,9469.13
1140,90,9511.51
1140,91,9507.24
1140,92,9430.06
1140,93,9482.92
1140,94,9478.95
1140,95,9490.95
1140,96,9512.77
1140,97,9462.18
1140,98,9517.75
1140,99,9528.15
1150,0,9557.01
1150,1,9498.1
1150,2,9481.79
1150,3,9445.56
1150,4,9448.51
1150,5,9489.63
1150,6,9510.45
1150,7,9474.58
1150,8,9499.23
1150,9,9441.18
1150,10,9611.21
1150,11,9443.32
1150,12,9508.27
1150,13,9523.2
1150,14,9423.58
1150,15,9586.21
1150,16,9531.89
1150,17,9489.49
1150,18,9535.26
1150,19,9471.49
1150,20,9525.43
1150,21,9515.32
1150,22,9566.12
1150,23,9490.09
1150,24,9425.98
1150,25,9523
1150,26,9448.43
1150,27,9461.76
1150,28,9525.47
1150,29,9556.93
1150,30,9502.27
1150,31,9491.76
1150,32,9627.92
1150,33,9485.26
1150,34,9492.2
1150,35,9484.48
1150,36,9499.09
1150,37,9447.25
1150,38,9579.94
1150,39,9498.81
1150,40,9491.63
1150,41,9456.68
1150,42,9459.19
1150,43,9465.96
1150,44,9477.37
1150,45,9445.7
1150,46,9527.46
1150,47,9523.44
1150,48,9466.89
1150,49,9551.01
1150,50,9548.06
1150,51,9515.63
1150,52,9440.13
1150,53,9564.26
1150,54,9569.63
1150,55,9443.5
1150,56,9504.84
1150,57,9491.17
1150,58,9450.69
1150,59,9512.58
1150,60,9491.9
1150,61,9543.56
1150,62,9451.17
1150,63,9513.93
1150,64,9463.47
1150,65,9560.26
1150,66,9526.19
1150,67,9472.48
1150,68,9496.74
1150,69,9487.47
1150,70,9567.01
1150,71,9491.9
1150,72,9448.52
1150,73,9542.54
1150,74,9531.51
1150,75,9442.05
1150,76,9500.38
1150,77,9522.8
1150,78,9491.01
1150,79,9613.57
1150,80,9443.39
1150,81,9506.73
1150,82,9469.39
1150,83,9572.64
1150,84,9516.88
1150,85,9462.29
1150,86,9534.92
1150,87,9526.61
1150,88,9527
1150,89,9468.83
1150,90,9511.21
1150,91,9506.94
1150,92,9429.76
1150,93,9482.62
1150,94,9478.65
1150,95,9490.65
1150,96,9512.47
1150,97,9461.88
1150,98,9517.45
1150,99,9527.85
1160,0,9556.71
1160,1,9497.8
1160,2,9481.49
1160,3,9445.26
1160,4,9448.21
1160,5,9489.33
1160,6,9510.15
1160,7,9474.28
1160,8,9498.93
1160,9,9440.88
1160,10,9610.91
1160,11,9443.02
1160,12,9507.97
1160,13,9522.9
1160,14,9423.28
1160,15,9585.91
1160,16,9531.59
1160,17,9489.19
1160,18,9534.96
1160,19,9471.19
1160,20,9525.13
1160,21,9515.02
1160,22,9565.82
1160,23,9489.79
1160,24,9425.68
1160,25,9522.7
1160,26,9448.13
1160,27,9461.46
1160,28,9525.17
1160,29,9556.63
1160,30,9501.97
1160,31,9491.46
1160,32,9627.62
1160,33,9484.96
1160,34,9491.9
1160,35,9484.18
1160,36,9498.79
1160,37,9446.95
1160,38,9579.64
1160,39,9498.51
1160,40,9491.33
1160,41,9456.38
1160,42,9458.89
1160,43,9465.66
1160,44,9477.07
1160,45,9445.4
1160,46,9527.16
1160,47,9523.14
1160,48,9466.59
1160,49,9550.71
1160,50,9547.76
1160,51,9515.33
1160,52,9439.83
1160,53,9563.96
1160,54,9569.33
1160,55,9443.2
1160,56,9504.54
1160,57,9490.87
1160,58,9450.39
1160,59,9512.28
1160,60,9491.6
1160,61,9543.26
1160,62,9450.87
1160,63,9513.63
1160,64,9463.17
1160,65,9559.96
1160,66,9525.89
1160,67,9472.18
1160,68,9496.44
1160,69,9487.17
1160,70,9566.71
1160,71,9491.6
1160,72,9448.22
1160,73,9542.24
1160,74,9531.21
1160,75,9441.75
1160,76,9500.08
1160,77,9522.5
1160,78,9490.71
1160,79,9613.27
1160,80,9443.09
1160,81,9506.43
1160,82,9469.09
1160,83,9572.34
1160,84,9516.58
1160,85,9461.99
1160,86,9534.62
1160,87,9526.31
1160,88,9526.7
1160,89,9468.53
1160,90,9510.91
1160,91,9506.64
1160,92,9429.46
1160,93,9482.32
1160,94,9478.35
1160,95,9490.35
1160,96,9512.17
1160,97,9461.58
1160,98,9517.15
1160,99,9527.55
1170,0,9540.84
1170,1,9475.63
1170,2,9461.48
1170,3,9426.1
1170,4,9429.85
1170,5,9468.34
1170,6,9491.94
1170,7,9451.31
1170,8,9481.51
1170,9,9420.68
1170,10,9593.07
1170,11,9418.25
1170,12,9490.88
1170,13,9504.07
1170,14,9399.53
1170,15,9567.52
1170,16,9511.72
1170,17,9469.83
1170,18,9515.19
1170,19,9448.52
1170,20,9503.26
1170,21,9496.21
1170,22,9546.07
1170,23,9470.14
1170,24,9406.15
1170,25,9501.38
1170,26,9427.83
1170,27,9436.15
1170,28,9506.96
1170,29,9535.57
1170,30,9485.23
1170,31,9471.99
1170,32,9613.57
1170,33,9466.9
1170,34,9476.35
1170,35,9463.3
1170,36,9479.83
1170,37,9427.82
1170,38,9564.93
1170,39,9481.43
1170,40,9468.43
1170,41,9439.27
1170,42,9434.14
1170,43,9446.86
1170,44,9450.85
1170,45,9425.8
1170,46,9504.83
1170,47,9506.72
1170,48,9446.64
1170,49,9530.84
1170,50,9529.71
1170,51,9496.78
1170,52,9417.45
1170,53,9548.35
1170,54,9553.44
1170,55,9418.9
1170,56,9489.24
1170,57,9471.91
1170,58,9428.48
1170,59,9492.89
1170,60,9476.14
1170,61,9526.47
1170,62,9428.66
1170,63,9494.59
1170,64,9437.54
1170,65,9544.18
1170,66,9507.34
1170,67,9449.33
1170,68,9480.63
1170,69,9470.29
1170,70,9547.14
1170,71,9468.68
1170,72,9425.8
1170,73,9524.16
1170,74,9507.29
1170,75,9419.9
1170,76,9477.88
1170,77,9507.05
1170,78,9470.92
1170,79,9597.68
1170,80,9424.37
1170,81,9486.41
1170,82,9446.63
1170,83,9554.75
1170,84,9494.16
1170,85,9435.62
1170,86,9517.13
1170,87,9510.22
1170,88,9508.19
1170,89,9448.24
1170,90,9494.29
1170,91,9488.81
1170,92,9409.95
1170,93,9462.46
1170,94,9460.19
1170,95,9473.08
1170,96,9490.61
1170,97,9439.26
1170,98,9499.36
1170,99,9509.41
1180,0,9540.54
1180,1,9475.34
1180,2,9461.21
1180,3,9425.83
1180,4,9429.55
1180,5,9468.05
1180,6,9491.66
1180,7,9451.06
1180,8,9481.21
1180,9,9420.4
1180,10,9592.77
1180,11,9417.99
1180,12,9490.6
1180,13,9503.77
1180,14,9399.26
1180,15,9567.22
1180,16,9511.44
1180,17,9469.55
1180,18,9514.94
1180,19,9448.26
1180,20,9502.97
1180,21,9495.94
1180,22,9545.78
1180,23,9469.89
1180,24,9405.9
1180,25,9501.09
1180,26,9427.53
1180,27,9435.89
1180,28,9506.66
1180,29,9535.27
1180,30,9484.93
1180,31,9471.7
1180,32,9613.27
1180,33,9466.6
1180,34,9476.05
1180,35,9463.02
1180,36,9479.55
1180,37,9427.58
1180,38,9564.63
1180,39,9481.13
1180,40,9468.16
1180,41,9438.97
1180,42,9433.87
1180,43,9446.56
1180,44,9450.58
1180,45,9425.54
1180,46,9504.53
1180,47,9506.42
1180,48,9446.38
1180,49,9530.56
1180,50,9529.41
1180,51,9496.49
1180,52,9417.17
1180,53,9548.05
1180,54,9553.15
1180,55,9418.63
1180,56,9488.94
1180,57,9471.61
1180,58,9428.21
1180,59,9492.62
1180,60,9475.84
1180,61,9526.17
1180,62,9428.39
1180,63,9494.3
1180,64,9437.28
1180,65,9543.88
1180,66,9507.06
1180,67,9449.06
1180,68,9480.33
1180,69,9469.99
1180,70,9546.84
1180,71,9468.4
1180,72,9425.55
1180,73,9523.86
1180,74,9507.01
1180,75,9419.6
1180,76,9477.58
1180,77,9506.78
1180,78,9470.62
1180,79,9597.38
1180,80,9424.07
1180,81,9486.12
1180,82,9446.33
1180,83,9554.45
1180,84,9493.89
1180,85,9435.36
1180,86,9516.84
1180,87,9509.93
1180,88,9507.94
1180,89,9447.95
1180,90,9493.99
1180,91,9488.51
1180,92,9409.65
1180,93,9462.16
1180,94,9459.89
1180,95,9472.8
1180,96,9490.32
1180,97,9438.99
1180,98,9499.1
1180,99,9509.11
1190,0,9540.24
1190,1,9475.04
1190,2,9460.91
1190,3,9425.53
1190,4,9429.25
1190,5,9467.75
1190,6,9491.36
1190,7,9450.76
1190,8,9480.91
1190,9,9420.1
1190,10,9592.47
1190,11,9417.69
1190,12,9490.3
1190,13,9503.47
1190,14,9398.96
1190,15,9566.92
1190,16,9511.14
1190,17,9469.25
1190,18,9514.64
1190,19,9447.96
1190,20,9502.67
1190,21,9495.64
1190,22,9545.48
1190,23,9469.59
1190,24,9405.6
1190,25,9500.79
1190,26,9427.23
1190,27,9435.59
1190,28,9506.36
1190,29,9534.97
1190,30,9484.63
1190,31,9471.4
1190,32,9612.97
1190,33,9466.3
1190,34,9475.75
1190,35,9462.72
1190,36,9479.25
1190,37,9427.28
1190,38,9564.33
1190,39,9480.83
1190,40,9467.86
1190,41,9438.67
1190,42,9433.57
1190,43,9446.26
1190,44,9450.28
1190,45,9425.24
1190,46,9504.23
1190,47,9506.12
1190,48,9446.08
1190,49,9530.26
1190,50,9529.11
1190,51,9496.19
1190,52,9416.87
1190,53,9547.75
1190,54,9552.85
1190,55,9418.33
1190,56,9488.64
1190,57,9471.31
1190,58,9427.91
1190,59,9492.32
1190,60,9475.54
1190,61,9525.87
1190,62,9428.09
1190,63,9494
1190,64,9436.98
1190,65,9543.58
1190,66,9506.76
1190,67,9448.76
1190,68,9480.03
1190,69,9469.69
1190,70,9546.54
1190,71,9468.1
1190,72,9425.25
1190,73,9523.56
1190,74,9506.71
1190,75,9419.3
1190,76,9477.28
1190,77,9506.48
1190,78,9470.32
1190,79,9597.08
1190,80,9423.77
1190,81,9485.82
1190,82,9446.03
1190,83,9554.15
1190,84,9493.59
1190,85,9435.06
1190,86,9516.54
1190,87,9509.63
1190,88,9507.64
1190,89,9447.65
1190,90,9493.69
1190,91,9488.21
1190,92,9409.35
1190,93,9461.86
1190,94,9459.59
1190,95,9472.5
1190,96,9490.02
1190,97,9438.69
1190,98,9498.8
1190,99,9508.81
1200,0,9516.69
1200,1,9452.62
1200,2,9433.69
1200,3,9399.83
1200,4,9409.55
1200,5,9446.05
1200,6,9466.47
1200,7,9427.85
1200,8,9460.49
1200,9,9393.31
1200,10,9573.32
1200,11,9392.25
1200,12,9470.4
1200,13,9481.32
1200,14,9375.53
1200,15,9547.54
1200,16,9488.39
1200,17,9443.54
1200,18,9501.66
1200,19,9431.39
1200,20,9481.25
1200,21,9475.13
1200,22,9526.33
1200,23,9449.25
1200,24,9387.75
1200,25,9482.65
1200,26,9409.79
1200,27,9410.4
1200,28,9486.96
1200,29,9512.79
1200,30,9464.09
1200,31,9450.09
1200,32,9597.4
1200,33,9450.78
1200,34,9456.3
1200,35,9437.63
1200,36,9454.2
1200,37,9410.48
1200,38,9543.34
1200,39,9462
1200,40,9444.05
1200,41,9413.84
1200,42,9407.98
1200,43,9420.56
1200,44,9427.56
1200,45,9398.3
1200,46,9484.6
1200,47,9485.45
1200,48,9418
1200,49,9509.17
1200,50,9514.36
1200,51,9474.02
1200,52,9395.03
1200,53,9530.75
1200,54,9533.06
1200,55,9393.12
1200,56,9472.42
1200,57,9452.22
1200,58,9403.13
1200,59,9467.83
1200,60,9457.7
1200,61,9504.86
1200,62,9400.15
1200,63,9474.48
1200,64,9411.74
1200,65,9524.98
1200,66,9484.41
1200,67,9424.94
1200,68,9457.43
1200,69,9448.83
1200,70,9525.08
1200,71,9444.11
1200,72,9401.38
1200,73,9504.33
1200,74,9488.02
1200,75,9392.69
1200,76,9454.79
1200,77,9485.87
1200,78,9451.85
1200,79,9576.89
1200,80,9406.87
1200,81,9466.92
1200,82,9423.87
1200,83,9533.96
1200,84,9468.4
1200,85,9416.41
1200,86,9494.27
1200,87,9488.08
1200,88,9491.67
1200,89,9426.17
1200,90,9475.2
1200,91,9466.79
1200,92,9383.32
1200,93,9442.23
1200,94,9439.3
1200,95,9451.34
1200,96,9467.67
1200,97,9416.84
1200,98,9484.42
1200,99,9486.34
1210,0,9516.46
1210,1,9452.4
1210,2,9433.46
1210,3,9399.61
1210,4,9403.79
1210,5,9445.81
1210,6,9466.25
1210,7,9427.65
1210,8,9460.21
1210,9,9393.09
1210,10,9573.08
1210,11,9392.04
1210,12,9470.19
1210,13,9481.07
1210,14,9375.3
1210,15,9547.25
1210,16,9488.14
1210,17,9443.32
1210,18,9493.31
1210,19,9423.94
1210,20,9480.98
1210,21,9474.92
1210,22,9526.06
1210,23,9441.66
1210,24,9379.75
1210,25,9482.38
1210,26,9409.49
1210,27,9410.16
1210,28,9486.72
1210,29,9512.54
1210,30,9463.82
1210,31,9449.86
1210,32,9597.14
1210,33,9450.48
1210,34,9456.01
1210,35,9437.41
1210,36,9453.98
1210,37,9402.12
1210,38,9543.09
1210,39,9461.73
1210,40,9443.83
1210,41,9413.59
1210,42,9407.78
1210,43,9420.33
1210,44,9427.32
1210,45,9398.09
1210,46,9484.31
1210,47,9485.21
1210,48,9417.79
1210,49,9508.95
1210,50,9514.07
1210,51,9473.8
1210,52,9394.78
1210,53,9530.46
1210,54,9532.83
1210,55,9392.92
1210,56,9472.12
1210,57,9451.94
1210,58,9402.88
1210,59,9467.61
1210,60,9457.43
1210,61,9504.63
1210,62,9399.93
1210,63,9474.25
1210,64,9411.5
1210,65,9524.71
1210,66,9484.2
1210,67,9424.73
1210,68,9457.17
1210,69,9448.57
1210,70,9524.82
1210,71,9443.88
1210,72,9401.15
1210,73,9504.07
1210,74,9487.76
1210,75,9392.44
1210,76,9454.55
1210,77,9485.66
1210,78,9451.6
1210,79,9576.63
1210,80,9406.57
1210,81,9466.66
1210,82,9423.63
1210,83,9533.7
1210,84,9468.18
1210,85,9408.68
1210,86,9494.05
1210,87,9487.86
1210,88,9483.18
1210,89,9425.91
1210,90,9474.96
1210,91,9466.52
1210,92,9383.09
1210,93,9441.93
1210,94,9439.02
1210,95,9451.12
1210,96,9467.45
1210,97,9416.6
1210,98,9476.81
1210,99,9486.1
1220,0,9516.16
1220,1,9452.1
1220,2,9433.16
1220,3,9399.31
1220,4,9403.49
1220,5,9445.51
1220,6,9465.95
1220,7,9427.35
1220,8,9459.91
1220,9,9392.79
1220,10,9572.78
1220,11,9391.74
1220,12,9469.89
1220,13,9480.77
1220,14,9375
1220,15,9546.95
1220,16,9487.84
1220,17,9443.02
1220,18,9493.01
1220,19,9423.64
1220,20,9480.68
1220,21,9474.62
1220,22,9525.76
1220,23,9441.36
1220,24,9379.45
1220,25,9482.08
1220,26,9409.19
1220,27,9409.86
1220,28,9486.42
1220,29,9512.24
1220,30,9463.52
1220,31,9449.56
1220,32,9596.84
1220,33,9450.18
1220,34,9455.71
1220,35,9437.11
1220,36,9453.68
1220,37,9401.82
1220,38,9542.79
1220,39,9461.43
1220,40,9443.53
1220,41,9413.29
1220,42,9407.48
1220,43,9420.03
1220,44,9427.02
1220,45,9397.79
1220,46,9484.01
1220,47,9484.91
1220,48,9417.49
1220,49,9508.65
1220,50,9513.77
1220,51,9473.5
1220,52,9394.48
1220,53,9530.16
1220,54,9532.53
1220,55,9392.62
1220,56,9471.82
1220,57,9451.64
1220,58,9402.58
1220,59,9467.31
1220,60,9457.13
1220,61,9504.33
1220,62,9399.63
1220,63,9473.95
1220,64,9411.2
1220,65,9524.41
1220,66,9483.9
1220,67,9424.43
1220,68,9456.87
1220,69,9448.27
1220,70,9524.52
1220,71,9443.58
1220,72,9400.85
1220,73,9503.77
1220,74,9487.46
1220,75,9392.14
1220,76,9454.25
1220,77,9485.36
1220,78,9451.3
1220,79,9576.33
1220,80,9406.27
1220,81,9466.36
1220,82,9423.33
1220,83,9533.4
1220,84,9467.88
1220,85,9408.38
1220,86,9493.75
1220,87,9487.56
1220,88,9482.88
1220,89,9425.61
1220,90,9474.66
1220,91,9466.22
1220,92,9382.79
1220,93,9441.63
1220,94,9438.72
1220,95,9450.82
1220,96,9467.15
1220,97,9416.3
1220,98,9476.51
1220,99,9485.8
1230,0,9501.13
1230,1,9433.13
1230,2,9410.66
1230,3,9379.95
1230,4,9383.32
1230,5,9427.58
1230,6,9446.56
1230,7,9405.76
1230,8,9443.78
1230,9,9371.76
1230,10,9558.69
1230,11,9368.1
1230,12,9457.42
1230,13,9468.95
1230,14,9355.18
1230,15,9531.99
1230,16,9471.68
1230,17,9422.88
1230,18,9480.37
1230,19,9402.76
1230,20,9461.93
1230,21,9458.62
1230,22,9507.59
1230,23,9420.56
1230,24,9362.41
1230,25,9468.48
1230,26,9391.4
1230,27,9388.32
1230,28,9470.42
1230,29,9495.05
1230,30,9445.59
1230,31,9430.6
1230,32,9585.61
1230,33,9434.74
1230,34,9440.49
1230,35,9418.17
1230,36,9433.83
1230,37,9384.86
1230,38,9529.32
1230,39,9443.73
1230,40,9421.84
1230,41,9395.39
1230,42,9386.06
1230,43,9399.18
1230,44,9409.24
1230,45,9380.69
1230,46,9465.85
1230,47,9469.11
1230,48,9397.65
1230,49,9491.28
1230,50,9495.5
1230,51,9456.97
1230,52,9375
1230,53,9514.87
1230,54,9517.88
1230,55,9370.96
1230,56,9456.97
1230,57,9435.66
1230,58,9382.79
1230,59,9450.35
1230,60,9442.14
1230,61,9489.22
1230,62,9377.82
1230,63,9458.02
1230,64,9389.94
1230,65,9509.7
1230,66,9468.1
1230,67,9404.15
1230,68,9439.12
1230,69,9431.16
1230,70,9504.47
1230,71,9423.6
1230,72,9381.64
1230,73,9488.41
1230,74,9470.81
1230,75,9373.98
1230,76,9435.8
1230,77,9471.19
1230,78,9438.05
1230,79,9562.37
1230,80,9388.3
1230,81,9448.59
1230,82,9405.39
1230,83,9518.26
1230,84,9448.49
1230,85,9395.31
1230,86,9480
1230,87,9471.16
1230,88,9469.08
1230,89,9407.61
1230,90,9458.44
1230,91,9447.47
1230,92,9361.71
1230,93,9423.72
1230,94,9421.53
1230,95,9433.18
1230,96,9450.64
1230,97,9397.13
1230,98,9462.21
1230,99,9467.27
1240,0,9500.83
1240,1,9432.84
1240,2,9410.41
1240,3,9379.69
1240,4,9383.08
1240,5,9427.3
1240,6,9446.28
1240,7,9405.49
1240,8,9443.51
1240,9,9371.49
1240,10,9558.39
1240,11,9367.86
1240,12,9457.12
1240,13,9468.65
1240,14,9354.93
1240,15,9531.72
1240,16,9471.41
1240,17,9422.59
1240,18,9480.07
1240,19,9402.47
1240,20,9461.67
1240,21,9458.32
1240,22,9507.32
1240,23,9420.26
1240,24,9362.11
1240,25,9468.18
1240,26,9391.15
1240,27,9388.07
1240,28,9470.13
1240,29,9494.78
1240,30,9445.33
1240,31,9430.32
1240,32,9585.31
1240,33,9434.47
1240,34,9440.22
1240,35,9417.88
1240,36,9433.55
1240,37,9384.56
1240,38,9529.02
1240,39,9443.47
1240,40,9421.58
1240,41,9395.14
1240,42,9385.79
1240,43,9398.94
1240,44,9408.99
1240,45,9380.43
1240,46,9465.56
1240,47,9468.81
1240,48,9397.37
1240,49,9490.98
1240,50,9495.22
1240,51,9456.7
1240,52,9374.74
1240,53,9514.6
1240,54,9517.58
1240,55,9370.68
1240,56,9456.7
1240,57,9435.39
1240,58,9382.53
1240,59,9450.05
1240,60,9441.88
1240,61,9488.92
1240,62,9377.55
1240,63,9457.72
1240,64,9389.68
1240,65,9509.41
1240,66,9467.8
1240,67,9403.87
1240,68,9438.87
1240,69,9430.88
1240,70,9504.19
1240,71,9423.34
1240,72,9381.39
1240,73,9488.13
1240,74,9470.51
1240,75,9373.74
1240,76,9435.52
1240,77,9470.89
1240,78,9437.75
1240,79,9562.07
1240,80,9388.04
1240,81,9448.31
1240,82,9405.11
1240,83,9517.98
1240,84,9448.2
1240,85,9395.01
1240,86,9479.7
1240,87,9470.86
1240,88,9468.78
1240,89,9407.36
1240,90,9458.14
1240,91,9447.21
1240,92,9361.48
1240,93,9423.47
1240,94,9421.27
1240,95,9432.88
1240,96,9450.37
1240,97,9396.86
1240,98,9461.91
1240,99,9466.97
1250,0,9500.53
1250,1,9432.54
1250,2,9410.11
1250,3,9379.39
1250,4,9382.78
1250,5,9427
1250,6,9445.98
1250,7,9405.19
1250,8,9443.21
1250,9,9371.19
1250,10,9558.09
1250,11,9367.56
1250,12,9456.82
1250,13,9468.35
1250,14,9354.63
1250,15,9531.42
1250,16,9471.11
1250,17,9422.29
1250,18,9479.77
1250,19,9402.17
1250,20,9461.37
1250,21,9458.02
1250,22,9507.02
1250,23,9419.96
1250,24,9361.81
1250,25,9467.88
1250,26,9390.85
1250,27,9387.77
1250,28,9469.83
1250,29,9494.48
1250,30,9445.03
1250,31,9430.02
1250,32,9585.01
1250,33,9434.17
1250,34,9439.92
1250,35,9417.58
1250,36,9433.25
1250,37,9384.26
1250,38,9528.72
1250,39,9443.17
1250,40,9421.28
1250,41,9394.84
1250,42,9385.49
1250,43,9398.64
1250,44,9408.69
1250,45,9380.13
1250,46,9465.26
1250,47,9468.51
1250,48,9397.07
1250,49,9490.68
1250,50,9494.92
1250,51,9456.4
1250,52,9374.44
1250,53,9514.3
1250,54,9517.28
1250,55,9370.38
1250,56,9456.4
1250,57,9435.09
1250,58,9382.23
1250,59,9449.75
1250,60,9441.58
1250,61,9488.62
1250,62,9377.25
1250,63,9457.42
1250,64,9389.38
1250,65,9509.11
1250,66,9467.5
1250,67,9403.57
1250,68,9438.57
1250,69,9430.58
1250,70,9503.89
1250,71,9423.04
1250,72,9381.09
1250,73,9487.83
1250,74,9470.21
1250,75,9373.44
1250,76,9435.22
1250,77,9470.59
1250,78,9437.45
1250,79,9561.77
1250,80,9387.74
1250,81,9448.01
1250,82,9404.81
1250,83,9517.68
1250,84,9447.9
1250,85,9394.71
1250,86,9479.4
1250,87,9470.56
1250,88,9468.48
1250,89,9407.06
1250,90,9457.84
1250,91,9446.91
1250,92,9361.18
1250,93,9423.17
1250,94,9420.97
1250,95,9432.58
1250,96,9450.07
1250,97,9396.56
1250,98,9461.61
1250,99,9466.67
1260,0,9487.86
1260,1,9417.97
1260,2,9391.85
1260,3,9361.09
1260,4,9364.17
1260,5,9415.18
1260,6,9429.56
1260,7,9389.38
1260,8,9426.65
1260,9,9353.67
1260,10,9547.18
1260,11,9348.08
1260,12,9445
1260,13,9454.55
1260,14,9335.48
1260,15,9514.57
1260,16,9455.06
1260,17,9407.55
1260,18,9466.34
1260,19,9386.2
1260,20,9444.78
1260,21,9445.42
1260,22,9489.61
1260,23,9406.92
1260,24,9348.9
1260,25,9451.96
1260,26,9370.71
1260,27,9371.06
1260,28,9455.33
1260,29,9477.48
1260,30,9427.09
1260,31,9417.83
1260,32,9573.76
1260,33,9417.48
1260,34,9425.01
1260,35,9404.24
1260,36,9419.03
1260,37,9371.93
1260,38,9515.86
1260,39,9427.35
1260,40,9403.49
1260,41,9374.46
1260,42,9367.81
1260,43,9385.18
1260,44,9394.6
1260,45,9362.51
1260,46,9446.54
1260,47,9457.07
1260,48,9381.06
1260,49,9477.06
1260,50,9478.15
1260,51,9439.49
1260,52,9355.21
1260,53,9499.1
1260,54,9505.43
1260,55,9353.47
1260,56,9441.06
1260,57,9420.04
1260,58,9365.52
1260,59,9437.85
1260,60,9426.25
1260,61,9475.91
1260,62,9358.96
1260,63,9446.55
1260,64,9374.54
1260,65,9494.58
1260,66,9454.74
1260,67,9387.22
1260,68,9422.6
1260,69,9417.27
1260,70,9489.11
1260,71,9405.56
1260,72,9367.46
1260,73,9472.46
1260,74,9454.54
1260,75,9351.96
1260,76,9420.29
1260,77,9460.18
1260,78,9423.56
1260,79,9549.11
1260,80,9369.75
1260,81,9430.92
1260,82,9392.55
1260,83,9503.06
1260,84,9431.75
1260,85,9375.95
1260,86,9467.03
1260,87,9457.61
1260,88,9456.48
1260,89,9388.98
1260,90,9443.42
1260,91,9428.36
1260,92,9347.58
1260,93,9402.99
1260,94,9403
1260,95,9420.22
1260,96,9433.14
1260,97,9381.19
1260,98,9446.75
1260,99,9449.67
1270,0,9487.56
1270,1,9417.67
1270,2,9391.56
1270,3,9360.79
1270,4,9363.9
1270,5,9414.88
1270,6,9429.26
1270,7,9389.08
1270,8,9426.35
1270,9,9353.37
1270,10,9546.88
1270,11,9347.8
1270,12,9444.7
1270,13,9454.25
1270,14,9335.19
1270,15,9514.27
1270,16,9454.76
1270,17,9407.25
1270,18,9466.04
1270,19,9385.9
1270,20,9444.48
1270,21,9445.12
1270,22,9489.31
1270,23,9406.62
1270,24,9348.6
1270,25,9451.66
1270,26,9370.42
1270,27,9370.77
1270,28,9455.03
1270,29,9477.18
1270,30,9426.8
1270,31,9417.53
1270,32,9573.46
1270,33,9417.18
1270,34,9424.71
1270,35,9403.94
1270,36,9418.73
1270,37,9371.63
1270,38,9515.56
1270,39,9427.06
1270,40,9403.19
1270,41,9374.18
1270,42,9367.51
1270,43,9384.88
1270,44,9394.3
1270,45,9362.21
1270,46,9446.24
1270,47,9456.77
1270,48,9380.76
1270,49,9476.76
1270,50,9477.85
1270,51,9439.19
1270,52,9354.91
1270,53,9498.8
1270,54,9505.13
1270,55,9353.17
1270,56,9440.76
1270,57,9419.74
1270,58,9365.22
1270,59,9437.55
1270,60,9425.95
1270,61,9475.61
1270,62,9358.66
1270,63,9446.25
1270,64,9374.24
1270,65,9494.28
1270,66,9454.44
1270,67,9386.92
1270,68,9422.3
1270,69,9416.97
1270,70,9488.81
1270,71,9405.26
1270,72,9367.16
1270,73,9472.16
1270,74,9454.24
1270,75,9351.68
1270,76,9419.99
1270,77,9459.88
1270,78,9423.26
1270,79,9548.81
1270,80,9369.45
1270,81,9430.62
1270,82,9392.25
1270,83,9502.76
1270,84,9431.45
1270,85,9375.65
1270,86,9466.73
1270,87,9457.31
1270,88,9456.18
1270,89,9388.69
1270,90,9443.12
1270,91,9428.07
1270,92,9347.28
1270,93,9402.7
1270,94,9402.7
1270,95,9419.92
1270,96,9432.84
1270,97,9380.89
1270,98,9446.45
1270,99,9449.37
1280,0,9487.26
1280,1,9417.37
1280,2,9391.26
1280,3,9360.49
1280,4,9363.6
1280,5,9414.58
1280,6,9428.96
1280,7,9388.78
1280,8,9426.05
1280,9,9353.07
1280,10,9546.58
1280,11,9347.5
1280,12,9444.4
1280,13,9453.95
1280,14,9334.89
1280,15,9513.97
1280,16,9454.46
1280,17,9406.95
1280,18,9465.74
1280,19,9385.6
1280,20,9444.18
1280,21,9444.82
1280,22,9489.01
1280,23,9406.32
1280,24,9348.3
1280,25,9451.36
1280,26,9370.12
1280,27,9370.47
1280,28,9454.73
1280,29,9476.88
1280,30,9426.5
1280,31,9417.23
1280,32,9573.16
1280,33,9416.88
1280,34,9424.41
1280,35,9403.64
1280,36,9418.43
1280,37,9371.33
1280,38,9515.26
1280,39,9426.76
1280,40,9402.89
1280,41,9373.88
1280,42,9367.21
1280,43,9384.58
1280,44,9394
1280,45,9361.91
1280,46,9445.94
1280,47,9456.47
1280,48,9380.46
1280,49,9476.46
1280,50,9477.55
1280,51,9438.89
1280,52,9354.61
1280,53,9498.5
1280,54,9504.83
1280,55,9352.87
1280,56,9440.46
1280,57,9419.44
1280,58,9364.92
1280,59,9437.25
1280,60,9425.65
1280,61,9475.31
1280,62,9358.36
1280,63,9445.95
1280,64,9373.94
1280,65,9493.98
1280,66,9454.14
1280,67,9386.62
1280,68,9422
1280,69,9416.67
1280,70,9488.51
1280,71,9404.96
1280,72,9366.86
1280,73,9471.86
1280,74,9453.94
1280,75,9351.38
1280,76,9419.69
1280,77,9459.58
1280,78,9422.96
1280,79,9548.51
1280,80,9369.15
1280,81,9430.32
1280,82,9391.95
1280,83,9502.46
1280,84,9431.15
1280,85,9375.35
1280,86,9466.43
1280,87,9457.01
1280,88,9455.88
1280,89,9388.39
1280,90,9442.82
1280,91,9427.77
1280,92,9346.98
1280,93,9402.4
1280,94,9402.4
1280,95,9419.62
1280,96,9432.54
1280,97,9380.59
1280,98,9446.15
1280,99,9449.07
1290,0,9475.04
1290,1,9402.3
1290,2,9375.82
1290,3,9345.93
1290,4,9346.72
1290,5,9401.02
1290,6,9412.59
1290,7,9372.75
1290,8,9415.46
1290,9,9336.89
1290,10,9534.75
1290,11,9329.03
1290,12,9428.53
1290,13,9444.11
1290,14,9322.99
1290,15,9503.6
1290,16,9444.2
1290,17,9391.31
1290,18,9453.74
1290,19,9369.42
1290,20,9432.28
1290,21,9428.35
1290,22,9476.88
1290,23,9388.45
1290,24,9333.93
1290,25,9439.41
1290,26,9357.79
1290,27,9354.19
1290,28,9441.72
1290,29,9464.66
1290,30,9414.16
1290,31,9403.14
1290,32,9563.31
1290,33,9401.29
1290,34,9414.81
1290,35,9388.9
1290,36,9402.84
1290,37,9352.67
1290,38,9500.98
1290,39,9414.74
1290,40,9385.12
1290,41,9361.73
1290,42,9351.5
1290,43,9371.17
1290,44,9379.67
1290,45,9343.97
1290,46,9433.21
1290,47,9445.19
1290,48,9365.48
1290,49,9462.4
1290,50,9464.22
1290,51,9422.63
1290,52,9341.94
1290,53,9487.74
1290,54,9492.78
1290,55,9339.43
1290,56,9431.09
1290,57,9408.92
1290,58,9352.56
1290,59,9420.3
1290,60,9414.33
1290,61,9460.95
1290,62,9342.31
1290,63,9433.57
1290,64,9358.99
1290,65,9483.29
1290,66,9438.71
1290,67,9373.8
1290,68,9410.73
1290,69,9403.53
1290,70,9474.83
1290,71,9390.85
1290,72,9352.94
1290,73,9461.49
1290,74,9442.83
1290,75,9337.43
1290,76,9406.39
1290,77,9447.5
1290,78,9411.52
1290,79,9537.19
1290,80,9357.88
1290,81,9418.56
1290,82,9379.32
1290,83,9491.45
1290,84,9416
1290,85,9363.39
1290,86,9455.34
1290,87,9442.22
1290,88,9438.52
1290,89,9375.38
1290,90,9428.72
1290,91,9413.99
1290,92,9333.65
1290,93,9388.2
1290,94,9391.67
1290,95,9405.25
1290,96,9420.73
1290,97,9367.03
1290,98,9433.39
1290,99,9434.3
1300,0,9474.74
1300,1,9402
1300,2,9375.52
1300,3,9345.63
1300,4,9346.42
1300,5,9400.72
1300,6,9412.29
1300,7,9372.45
1300,8,9415.16
1300,9,9336.59
1300,10,9534.45
1300,11,9328.73
1300,12,9428.23
1300,13,9443.81
1300,14,9322.69
1300,15,9503.3
1300,16,9443.9
1300,17,9391.01
1300,18,9453.44
1300,19,9369.12
1300,20,9431.98
1300,21,9428.05
1300,22,9476.58
1300,23,9388.15
1300,24,9333.63
1300,25,9439.11
1300,26,9357.49
1300,27,9353.89
1300,28,9441.42
1300,29,9464.36
1300,30,9413.86
1300,31,9402.84
1300,32,9563.01
1300,33,9400.99
1300,34,9414.51
1300,35,9388.6
1300,36,9402.54
1300,37,9352.39
1300,38,9500.68
1300,39,9414.44
1300,40,9384.82
1300,41,9361.43
1300,42,9351.2
1300,43,9370.87
1300,44,9379.37
1300,45,9343.68
1300,46,9432.91
1300,47,9444.89
1300,48,9365.18
1300,49,9462.1
1300,50,9463.92
1300,51,9422.33
1300,52,9341.64
1300,53,9487.44
1300,54,9492.48
1300,55,9339.13
1300,56,9430.79
1300,57,9408.62
1300,58,9352.26
1300,59,9420
1300,60,9414.03
1300,61,9460.65
1300,62,9342.01
1300,63,9433.27
1300,64,9358.69
1300,65,9482.99
1300,66,9438.41
1300,67,9373.5
1300,68,9410.43
1300,69,9403.23
1300,70,9474.53
1300,71,9390.55
1300,72,9352.64
1300,73,9461.19
1300,74,9442.53
1300,75,9337.13
1300,76,9406.09
1300,77,9447.2
1300,78,9411.22
1300,79,9536.89
1300,80,9357.58
1300,81,9418.26
1300,82,9379.02
1300,83,9491.15
1300,84,9415.7
1300,85,9363.09
1300,86,9455.04
1300,87,9441.92
1300,88,9438.23
1300,89,9375.08
1300,90,9428.42
1300,91,9413.69
1300,92,9333.35
1300,93,9387.9
1300,94,9391.37
1300,95,9404.95
1300,96,9420.43
1300,97,9366.73
1300,98,9433.09
1300,99,9434
1310,0,9474.44
1310,1,9401.7
1310,2,9375.22
1310,3,9345.33
1310,4,9346.12
1310,5,9400.42
1310,6,9411.99
1310,7,9372.15
1310,8,9414.86
1310,9,9336.29
1310,10,9534.15
1310,11,9328.43
1310,12,9427.93
1310,13,9443.51
1310,14,9322.39
1310,15,9503
1310,16,9443.6
1310,17,9390.71
1310,18,9453.14
1310,19,9368.82
1310,20,9431.68
1310,21,9427.75
1310,22,9476.28
1310,23,9387.85
1310,24,9333.33
1310,25,9438.81
1310,26,9357.19
1310,27,9353.59
1310,28,9441.12
1310,29,9464.06
1310,30,9413.56
1310,31,9402.54
1310,32,9562.71
1310,33,9400.69
1310,34,9414.21
1310,35,9388.3
1310,36,9402.24
1310,37,9352.09
1310,38,9500.38
1310,39,9414.14
1310,40,9384.52
1310,41,9361.13
1310,42,9350.9
1310,43,9370.57
1310,44,9379.07
1310,45,9343.38
1310,46,9432.61
1310,47,9444.59
1310,48,9364.88
1310,49,9461.8
1310,50,9463.62
1310,51,9422.03
1310,52,9341.34
1310,53,9487.14
1310,54,9492.18
1310,55,9338.83
1310,56,9430.49
1310,57,9408.32
1310,58,9351.96
1310,59,9419.7
1310,60,9413.73
1310,61,9460.35
1310,62,9341.71
1310,63,9432.97
1310,64,9358.39
1310,65,9482.69
1310,66,9438.11
1310,67,9373.2
1310,68,9410.13
1310,69,9402.93
1310,70,9474.23
1310,71,9390.25
1310,72,9352.34
1310,73,9460.89
1310,74,9442.23
1310,75,9336.83
1310,76,9405.79
1310,77,9446.9
1310,78,9410.92
1310,79,9536.59
1310,80,9357.28
1310,81,9417.96
1310,82,9378.72
1310,83,9490.85
1310,84,9415.4
1310,85,9362.79
1310,86,9454.74
1310,87,9441.62
1310,88,9437.93
1310,89,9374.78
1310,90,9428.12
1310,91,9413.39
1310,92,9333.05
1310,93,9387.6
1310,94,9391.07
1310,95,9404.65
1310,96,9420.13
1310,97,9366.43
1310,98,9432.79
1310,99,9433.7
1320,0,9458.97
1320,1,9384.21
1320,2,9352.59
1320,3,9329.35
1320,4,9328.9
1320,5,9383.2
1320,6,9396.35
1320,7,9356.12
1320,8,9398.53
1320,9,9314.55
1320,10,9521.14
1320,11,9310.47
1320,12,9416.12
1320,13,9429.49
1320,14,9303.48
1320,15,9486.37
1320,16,9427.27
1320,17,9375.63
1320,18,9441.18
1320,19,9352.79
1320,20,9412.22
1320,21,9414.34
1320,22,9456.13
1320,23,9371.2
1320,24,9314.5
1320,25,9423
1320,26,9337.34
1320,27,9338.44
1320,28,9425.61
1320,29,9446.22
1320,30,9395.31
1320,31,9387.63
1320,32,9549.35
1320,33,9380.03
1320,34,9398.53
1320,35,9374.05
1320,36,9389.34
1320,37,9335.46
1320,38,9488.67
1320,39,9395.86
1320,40,9366.54
1320,41,9341.89
1320,42,9335.01
1320,43,9349.99
1320,44,9358.62
1320,45,9326.06
1320,46,9416.81
1320,47,9428.67
1320,48,9348.33
1320,49,9448.17
1320,50,9447.16
1320,51,9406.02
1320,52,9324.61
1320,53,9470.76
1320,54,9480.17
1320,55,9320.04
1320,56,9415.37
1320,57,9391.82
1320,58,9332.23
1320,59,9403.41
1320,60,9395.44
1320,61,9448.2
1320,62,9321.5
1320,63,9420.16
1320,64,9343.53
1320,65,9467.63
1320,66,9425.32
1320,67,9358.15
1320,68,9391.49
1320,69,9384.54
1320,70,9456.1
1320,71,9370.01
1320,72,9332.03
1320,73,9445.23
1320,74,9424.86
1320,75,9315.43
1320,76,9387.38
1320,77,9433.49
1320,78,9395.8
1320,79,9521.91
1320,80,9339.85
1320,81,9402.31
1320,82,9361.23
1320,83,9476.13
1320,84,9399.86
1320,85,9339.22
1320,86,9440.62
1320,87,9428.88
1320,88,9424.58
1320,89,9356.07
1320,90,9414.36
1320,91,9394.27
1320,92,9313.57
1320,93,9367.87
1320,94,9373.43
1320,95,9390.73
1320,96,9404.23
1320,97,9349.15
1320,98,9418.91
1320,99,9415.51
1330,0,9458.67
1330,1,9383.91
1330,2,9352.36
1330,3,9329.07
1330,4,9328.61
1330,5,9382.92
1330,6,9396.06
1330,7,9355.82
1330,8,9398.25
1330,9,9314.29
1330,10,9520.84
1330,11,9310.18
1330,12,9415.82
1330,13,9429.19
1330,14,9303.21
1330,15,9486.09
1330,16,9426.99
1330,17,9375.33
1330,18,9440.88
1330,19,9352.49
1330,20,9411.98
1330,21,9414.04
1330,22,9455.88
1330,23,9370.9
1330,24,9314.22
1330,25,9422.71
1330,26,9337.08
1330,27,9338.14
1330,28,9425.32
1330,29,9445.94
1330,30,9395.04
1330,31,9387.33
1330,32,9549.05
1330,33,9379.75
1330,34,9398.25
1330,35,9373.75
1330,36,9389.04
1330,37,9335.17
1330,38,9488.37
1330,39,9395.59
1330,40,9366.24
1330,41,9341.63
1330,42,9334.73
1330,43,9349.74
1330,44,9358.39
1330,45,9325.78
1330,46,9416.52
1330,47,9428.38
1330,48,9348.05
1330,49,9447.87
1330,50,9446.87
1330,51,9405.72
1330,52,9324.33
1330,53,9470.48
1330,54,9479.87
1330,55,9319.78
1330,56,9415.09
1330,57,9391.52
1330,58,9331.98
1330,59,9403.11
1330,60,9395.17
1330,61,9447.9
1330,62,9321.25
1330,63,9419.86
1330,64,9343.23
1330,65,9467.33
1330,66,9425.02
1330,67,9357.85
1330,68,9391.23
1330,69,9384.28
1330,70,9455.84
1330,71,9369.77
1330,72,9331.79
1330,73,9444.94
1330,74,9424.58
1330,75,9315.18
1330,76,9387.11
1330,77,9433.19
1330,78,9395.5
1330,79,9521.61
1330,80,9339.58
1330,81,9402.03
1330,82,9360.94
1330,83,9475.84
1330,84,9399.56
1330,85,9338.92
1330,86,9440.32
1330,87,9428.58
1330,88,9424.28
1330,89,9355.81
1330,90,9414.06
1330,91,9394.01
1330,92,9313.33
1330,93,9367.61
1330,94,9373.15
1330,95,9390.43
1330,96,9403.93
1330,97,9348.87
1330,98,9418.61
1330,99,9415.22
1340,0,9458.37
1340,1,9383.61
1340,2,9352.06
1340,3,9328.77
1340,4,9328.31
1340,5,9382.62
1340,6,9395.76
1340,7,9355.52
1340,8,9397.95
1340,9,9313.99
1340,10,9520.54
1340,11,9309.88
1340,12,9415.52
1340,13,9428.89
1340,14,9302.91
1340,15,9485.79
1340,16,9426.69
1340,17,9375.03
1340,18,9440.58
1340,19,9352.19
1340,20,9411.68
1340,21,9413.74
1340,22,9455.58
1340,23,9370.6
1340,24,9313.92
1340,25,9422.41
1340,26,9336.78
1340,27,9337.84
1340,28,9425.02
1340,29,9445.64
1340,30,9394.74
1340,31,9387.03
1340,32,9548.75
1340,33,9379.45
1340,34,9397.95
1340,35,9373.45
1340,36,9388.74
1340,37,9334.87
1340,38,9488.07
1340,39,9395.29
1340,40,9365.94
1340,41,9341.33
1340,42,9334.43
1340,43,9349.44
1340,44,9358.09
1340,45,9325.48
1340,46,9416.22
1340,47,9428.08
1340,48,9347.75
1340,49,9447.57
1340,50,9446.57
1340,51,9405.42
1340,52,9324.03
1340,53,9470.18
1340,54,9479.57
1340,55,9319.48
1340,56,9414.79
1340,57,9391.22
1340,58,9331.68
1340,59,9402.81
1340,60,9394.87
1340,61,9447.6
1340,62,9320.95
1340,63,9419.56
1340,64,9342.93
1340,65,9467.03
1340,66,9424.72
1340,67,9357.55
1340,68,9390.93
1340,69,9383.98
1340,70,9455.54
1340,71,9369.47
1340,72,9331.49
1340,73,9444.64
1340,74,9424.28
1340,75,9314.88
1340,76,9386.81
1340,77,9432.89
1340,78,9395.2
1340,79,9521.31
1340,80,9339.28
1340,81,9401.73
1340,82,9360.64
1340,83,9475.54
1340,84,9399.26
1340,85,9338.62
1340,86,9440.02
1340,87,9428.28
1340,88,9423.98
1340,89,9355.51
1340,90,9413.76
1340,91,9393.71
1340,92,9313.03
1340,93,9367.31
1340,94,9372.85
1340,95,9390.13
1340,96,9403.63
1340,97,9348.57
1340,98,9418.31
1340,99,9414.92
1350,0,9447.27
1350,1,9368.22
1350,2,9334.33
1350,3,9312.24
1350,4,9309.66
1350,5,9368.89
1350,6,9378.91
1350,7,9337.52
1350,8,9381.48
1350,9,9300.31
1350,10,9507.38
1350,11,9290.58
1350,12,9405.41
1350,13,9417.78
1350,14,9287.04
1350,15,9470.79
1350,16,9409.45
1350,17,9359.35
1350,18,9428.63
1350,19,9334.99
1350,20,9395.4
1350,21,9400.14
1350,22,9437.29
1350,23,9357.54
1350,24,9301.5
1350,25,9406.62
1350,26,9319.6
1350,27,9321.43
1350,28,9408.52
1350,29,9431.28
1350,30,9375.95
1350,31,9372.84
1350,32,9537.16
1350,33,9364.06
1350,34,9384.53
1350,35,9357.65
1350,36,9373.4
1350,37,9319.86
1350,38,9476.24
1350,39,9376.87
1350,40,9347.1
1350,41,9324.77
1350,42,9317.58
1350,43,9332.63
1350,44,9341.3
1350,45,9308.16
1350,46,9403.34
1350,47,9416.07
1350,48,9331.14
1350,49,9434.71
1350,50,9430.68
1350,51,9388.46
1350,52,9310.97
1350,53,9455.03
1350,54,9468.01
1350,55,9302.97
1350,56,9398.45
1350,57,9374.43
1350,58,9317.34
1350,59,9385.98
1350,60,9379.5
1350,61,9436.66
1350,62,9305.8
1350,63,9407.82
1350,64,9326.57
1350,65,9454.66
1350,66,9413.6
1350,67,9341.46
1350,68,9375.13
1350,69,9368.61
1350,70,9440.26
1350,71,9352.74
1350,72,9315.04
1350,73,9431.07
1350,74,9410.92
1350,75,9295.3
1350,76,9372.11
1350,77,9422.03
1350,78,9382.54
1350,79,9508.71
1350,80,9321.79
1350,81,9384.24
1350,82,9347.5
1350,83,9462.52
1350,84,9382.36
1350,85,9322.12
1350,86,9429.03
1350,87,9415.53
1350,88,9410.69
1350,89,9336.22
1350,90,9401.24
1350,91,9377.96
1350,92,9296.51
1350,93,9345.72
1350,94,9357.86
1350,95,9376.57
1350,96,9386.72
1350,97,9333.16
1350,98,9406.11
1350,99,9402.66
1360,0,9446.97
1360,1,9367.94
1360,2,9334.09
1360,3,9311.99
1360,4,9309.43
1360,5,9368.6
1360,6,9378.63
1360,7,9337.25
1360,8,9381.22
1360,9,9300.04
1360,10,9507.08
1360,11,9290.35
1360,12,9405.11
1360,13,9417.48
1360,14,9286.78
1360,15,9470.52
1360,16,9409.19
1360,17,9359.08
1360,18,9428.33
1360,19,9334.71
1360,20,9395.14
1360,21,9399.84
1360,22,9437.03
1360,23,9357.24
1360,24,9301.2
1360,25,9406.33
1360,26,9319.36
1360,27,9321.19
1360,28,9408.25
1360,29,9431.01
1360,30,9375.69
1360,31,9372.55
1360,32,9536.86
1360,33,9363.79
1360,34,9384.26
1360,35,9357.37
1360,36,9373.13
1360,37,9319.58
1360,38,9475.94
1360,39,9376.62
1360,40,9346.85
1360,41,9324.53
1360,42,9317.31
1360,43,9332.41
1360,44,9341.06
1360,45,9307.91
1360,46,9403.06
1360,47,9415.77
1360,48,9330.86
1360,49,9434.41
1360,50,9430.4
1360,51,9388.19
1360,52,9310.67
1360,53,9454.77
1360,54,9467.71
1360,55,9302.7
1360,56,9398.18
1360,57,9374.15
1360,58,9317.08
1360,59,9385.69
1360,60,9379.25
1360,61,9436.36
1360,62,9305.53
1360,63,9407.52
1360,64,9326.31
1360,65,9454.37
1360,66,9413.3
1360,67,9341.18
1360,68,9374.88
1360,69,9368.34
1360,70,9439.99
1360,71,9352.48
1360,72,9314.79
1360,73,9430.8
1360,74,9410.63
1360,75,9295.07
1360,76,9371.83
1360,77,9421.73
1360,78,9382.24
1360,79,9508.41
1360,80,9321.53
1360,81,9383.97
1360,82,9347.23
1360,83,9462.24
1360,84,9382.09
1360,85,9321.82
1360,86,9428.73
1360,87,9415.23
1360,88,9410.39
1360,89,9335.97
1360,90,9400.94
1360,91,9377.71
1360,92,9296.28
1360,93,9345.48
1360,94,9357.6
1360,95,9376.27
1360,96,9386.45
1360,97,9332.9
1360,98,9405.81
1360,99,9402.36
1370,0,9446.67
1370,1,9367.64
1370,2,9333.79
1370,3,9311.69
1370,4,9309.13
1370,5,9368.3
1370,6,9378.33
1370,7,9336.95
1370,8,9380.92
1370,9,9299.74
1370,10,9506.78
1370,11,9290.05
1370,12,9404.81
1370,13,9417.18
1370,14,9286.48
1370,15,9470.22
1370,16,9408.89
1370,17,9358.78
1370,18,9428.03
1370,19,9334.41
1370,20,9394.84
1370,21,9399.54
1370,22,9436.73
1370,23,9356.94
1370,24,9300.9
1370,25,9406.03
1370,26,9319.06
1370,27,9320.89
1370,28,9407.95
1370,29,9430.71
1370,30,9375.39
1370,31,9372.25
1370,32,9536.56
1370,33,9363.49
1370,34,9383.96
1370,35,9357.07
1370,36,9372.83
1370,37,9319.28
1370,38,9475.64
1370,39,9376.32
1370,40,9346.55
1370,41,9324.23
1370,42,9317.01
1370,43,9332.11
1370,44,9340.76
1370,45,9307.61
1370,46,9402.76
1370,47,9415.47
1370,48,9330.56
1370,49,9434.11
1370,50,9430.1
1370,51,9387.89
1370,52,9310.37
1370,53,9454.47
1370,54,9467.41
1370,55,9302.4
1370,56,9397.88
1370,57,9373.85
1370,58,9316.78
1370,59,9385.39
1370,60,9378.95
1370,61,9436.06
1370,62,9305.23
1370,63,9407.22
1370,64,9326.01
1370,65,9454.07
1370,66,9413
1370,67,9340.88
1370,68,9374.58
1370,69,9368.04
1370,70,9439.69
1370,71,9352.18
1370,72,9314.49
1370,73,9430.5
1370,74,9410.33
1370,75,9294.77
1370,76,9371.53
1370,77,9421.43
1370,78,9381.94
1370,79,9508.11
1370,80,9321.23
1370,81,9383.67
1370,82,9346.93
1370,83,9461.94
1370,84,9381.79
1370,85,9321.52
1370,86,9428.43
1370,87,9414.93
1370,88,9410.09
1370,89,9335.67
1370,90,9400.64
1370,91,9377.41
1370,92,9295.98
1370,93,9345.18
1370,94,9357.3
1370,95,9375.97
1370,96,9386.15
1370,97,9332.6
1370,98,9405.51
1370,99,9402.06
1380,0,9435.35
1380,1,9352.94
1380,2,9314.88
1380,3,9295.34
1380,4,9290.44
1380,5,9355.04
1380,6,9361.92
1380,7,9321.66
1380,8,9370.11
1380,9,9285.58
1380,10,9495.22
1380,11,9269.93
1380,12,9394.11
1380,13,9405.54
1380,14,9270.75
1380,15,9455.33
1380,16,9391.57
1380,17,9342.81
1380,18,9416.05
1380,19,9322.07
1380,20,9378.64
1380,21,9389.39
1380,22,9418.26
1380,23,9343.74
1380,24,9288.19
1380,25,9392.53
1380,26,9308.35
1380,27,9304.25
1380,28,9391.43
1380,29,9415.69
1380,30,9356.81
1380,31,9361.83
1380,32,9524.76
1380,33,9348.12
1380,34,9369.68
1380,35,9341.26
1380,36,9357.53
1380,37,9304.47
1380,38,9464
1380,39,9357.88
1380,40,9326.84
1380,41,9307.27
1380,42,9300.27
1380,43,9314.41
1380,44,9322.73
1380,45,9290.37
1380,46,9388.74
1380,47,9403.28
1380,48,9314.48
1380,49,9420.11
1380,50,9414.85
1380,51,9371.12
1380,52,9297.52
1380,53,9440.28
1380,54,9455.43
1380,55,9285.92
1380,56,9381.73
1380,57,9357.14
1380,58,9302.31
1380,59,9370.51
1380,60,9363.22
1380,61,9424.06
1380,62,9290.48
1380,63,9394.47
1380,64,9309.59
1380,65,9441.61
1380,66,9401.04
1380,67,9324.81
1380,68,9358.06
1380,69,9353.48
1380,70,9423.78
1380,71,9336.26
1380,72,9298
1380,73,9416.63
1380,74,9397.21
1380,75,9275.9
1380,76,9357.31
1380,77,9410.51
1380,78,9369.43
1380,79,9495.41
1380,80,9304.18
1380,81,9366.15
1380,82,9333.58
1380,83,9449.38
1380,84,9364.63
1380,85,9305.06
1380,86,9417.42
1380,87,9402.95
1380,88,9398.74
1380,89,9316.23
1380,90,9387.1
1380,91,9357.4
1380,92,9279.36
1380,93,9326.84
1380,94,9342.59
1380,95,9362.24
1380,96,9369.51
1380,97,9317.95
1380,98,9393.16
1380,99,9389.63
1390,0,9435.05
1390,1,9352.67
1390,2,9314.65
1390,3,9295.09
1390,4,9290.22
1390,5,9354.76
1390,6,9361.65
1390,7,9321.41
1390,8,9369.81
1390,9,9285.32
1390,10,9494.92
1390,11,9269.71
1390,12,9393.81
1390,13,9405.24
1390,14,9270.5
1390,15,9455.07
1390,16,9391.32
1390,17,9342.54
1390,18,9415.75
1390,19,9321.77
1390,20,9378.39
1390,21,9389.09
1390,22,9418.01
1390,23,9343.44
1390,24,9287.89
1390,25,9392.25
1390,26,9308.05
1390,27,9304.02
1390,28,9391.16
1390,29,9415.44
1390,30,9356.57
1390,31,9361.53
1390,32,9524.46
1390,33,9347.86
1390,34,9369.42
1390,35,9340.99
1390,36,9357.27
1390,37,9304.2
1390,38,9463.7
1390,39,9357.63
1390,40,9326.6
1390,41,9307.04
1390,42,9300.01
1390,43,9314.19
1390,44,9322.5
1390,45,9290.12
1390,46,9388.47
1390,47,9402.99
1390,48,9314.21
1390,49,9419.83
1390,50,9414.59
1390,51,9370.85
1390,52,9297.22
1390,53,9440.03
1390,54,9455.13
1390,55,9285.66
1390,56,9381.48
1390,57,9356.87
1390,58,9302.06
1390,59,9370.23
1390,60,9362.98
1390,61,9423.76
1390,62,9290.23
1390,63,9394.17
1390,64,9309.34
1390,65,9441.33
1390,66,9400.74
1390,67,9324.54
1390,68,9357.82
1390,69,9353.21
1390,70,9423.52
1390,71,9336.01
1390,72,9297.76
1390,73,9416.37
1390,74,9396.91
1390,75,9275.68
1390,76,9357.03
1390,77,9410.21
1390,78,9369.13
1390,79,9495.11
1390,80,9303.94
1390,81,9365.89
1390,82,9333.31
1390,83,9449.11
1390,84,9364.37
1390,85,9304.76
1390,86,9417.12
1390,87,9402.65
1390,88,9398.44
1390,89,9315.99
1390,90,9386.8
1390,91,9357.16
1390,92,9279.14
1390,93,9326.61
1390,94,9342.34
1390,95,9361.94
1390,96,9369.25
1390,97,9317.69
1390,98,9392.86
1390,99,9389.34
1400,0,9434.75
1400,1,9352.37
1400,2,9314.35
1400,3,9294.79
1400,4,9289.92
1400,5,9354.46
1400,6,9361.35
1400,7,9321.11
1400,8,9369.51
1400,9,9285.02
1400,10,9494.62
1400,11,9269.41
1400,12,9393.51
1400,13,9404.94
1400,14,9270.2
1400,15,9454.77
1400,16,9391.02
1400,17,9342.24
1400,18,9415.45
1400,19,9321.47
1400,20,9378.09
1400,21,9388.79
1400,22,9417.71
1400,23,9343.14
1400,24,9287.59
1400,25,9391.95
1400,26,9307.75
1400,27,9303.72
1400,28,9390.86
1400,29,9415.14
1400,30,9356.27
1400,31,9361.23
1400,32,9524.16
1400,33,9347.56
1400,34,9369.12
1400,35,9340.69
1400,36,9356.97
1400,37,9303.9
1400,38,9463.4
1400,39,9357.33
1400,40,9326.3
1400,41,9306.74
1400,42,9299.71
1400,43,9313.89
1400,44,9322.2
1400,45,9289.82
1400,46,9388.17
1400,47,9402.69
1400,48,9313.91
1400,49,9419.53
1400,50,9414.29
1400,51,9370.55
1400,52,9296.92
1400,53,9439.73
1400,54,9454.83
1400,55,9285.36
1400,56,9381.18
1400,57,9356.57
1400,58,9301.76
1400,59,9369.93
1400,60,9362.68
1400,61,9423.46
1400,62,9289.93
1400,63,9393.87
1400,64,9309.04
1400,65,9441.03
1400,66,9400.44
1400,67,9324.24
1400,68,9357.52
1400,69,9352.91
1400,70,9423.22
1400,71,9335.71
1400,72,9297.46
1400,73,9416.07
1400,74,9396.61
1400,75,9275.38
1400,76,9356.73
1400,77,9409.91
1400,78,9368.83
1400,79,9494.81
1400,80,9303.64
1400,81,9365.59
1400,82,9333.01
1400,83,9448.81
1400,84,9364.07
1400,85,9304.46
1400,86,9416.82
1400,87,9402.35
1400,88,9398.14
1400,89,9315.69
1400,90,9386.5
1400,91,9356.86
1400,92,9278.84
1400,93,9326.31
1400,94,9342.04
1400,95,9361.64
1400,96,9368.95
1400,97,9317.39
1400,98,9392.56
1400,99,9389.04
1410,0,9423.58
1410,1,9336.93
1410,2,9296.09
1410,3,9277.12
1410,4,9270.78
1410,5,9341.9
1410,6,9349.54
1410,7,9304.53
1410,8,9354.34
1410,9,9268.37
1410,10,9482.47
1410,11,9249.16
1410,12,9382.89
1410,13,9389.99
1410,14,9257.72
1410,15,9439.9
1410,16,9375.33
1410,17,9325.89
1410,18,9403.49
1410,19,9304.38
1410,20,9360.33
1410,21,9377.54
1410,22,9400.26
1410,23,9329.83
1410,24,9274.41
1410,25,9377.63
1410,26,9290.2
1410,27,9287.3
1410,28,9375
1410,29,9400.11
1410,30,9337.99
1410,31,9346.98
1410,32,9512.18
1410,33,9332.15
1410,34,9352.81
1410,35,9324.48
1410,36,9341.29
1410,37,9291.11
1410,38,9444.38
1410,39,9339.04
1410,40,9306.7
1410,41,9286.95
1410,42,9283.26
1410,43,9293.31
1410,44,9304.19
1410,45,9271.4
1410,46,9373.37
1410,47,9388.48
1410,48,9299.32
1410,49,9405.26
1410,50,9400.15
1410,51,9353.71
1410,52,9283.89
1410,53,9423.26
1410,54,9443.12
1410,55,9269.09
1410,56,9364.99
1410,57,9339.28
1410,58,9285.68
1410,59,9354.86
1410,60,9347.54
1410,61,9413.73
1410,62,9272
1410,63,9380.4
1410,64,9292.78
1410,65,9428.07
1410,66,9388.37
1410,67,9308.35
1410,68,9338.69
1410,69,9340.32
1410,70,9407.84
1410,71,9318.72
1410,72,9279.66
1410,73,9402.02
1410,74,9380.66
1410,75,9261.06
1410,76,9342.1
1410,77,9399.52
1410,78,9356.25
1410,79,9481.76
1410,80,9285.65
1410,81,9347.64
1410,82,9318.52
1410,83,9433.4
1410,84,9346.47
1410,85,9285.84
1410,86,9405.33
1410,87,9391.59
1410,88,9386.76
1410,89,9295.81
1410,90,9374.5
1410,91,9336.94
1410,92,9259.04
1410,93,9308.92
1410,94,9323.97
1410,95,9348.24
1410,96,9357.14
1410,97,9301.59
1410,98,9379.86
1410,99,9373.94
1420,0,9423.28
1420,1,9336.67
1420,2,9295.87
1420,3,9276.89
1420,4,9270.57
1420,5,9341.64
1420,6,9349.24
1420,7,9304.29
1420,8,9354.1
1420,9,9268.13
1420,10,9482.18
1420,11,9248.95
1420,12,9382.59
1420,13,9389.7
1420,14,9257.43
1420,15,9439.65
1420,16,9375.09
1420,17,9325.64
1420,18,9403.2
1420,19,9304.12
1420,20,9360.1
1420,21,9377.24
1420,22,9400.02
1420,23,9329.54
1420,24,9274.12
1420,25,9377.36
1420,26,9289.97
1420,27,9287.08
1420,28,9374.75
1420,29,9399.87
1420,30,9337.76
1420,31,9346.72
1420,32,9511.89
1420,33,9331.9
1420,34,9352.56
1420,35,9324.22
1420,36,9341.04
1420,37,9290.82
1420,38,9444.08
1420,39,9338.81
1420,40,9306.47
1420,41,9286.73
1420,42,9283.01
1420,43,9293.11
1420,44,9303.98
1420,45,9271.17
1420,46,9373.12
1420,47,9388.2
1420,48,9299.08
1420,49,9404.98
1420,50,9399.89
1420,51,9353.47
1420,52,9283.6
1420,53,9423.01
1420,54,9442.82
1420,55,9268.83
1420,56,9364.75
1420,57,9339.02
1420,58,9285.44
1420,59,9354.59
1420,60,9347.31
1420,61,9413.43
1420,62,9271.76
1420,63,9380.12
1420,64,9292.55
1420,65,9427.81
1420,66,9388.08
1420,67,9308.09
1420,68,9338.47
1420,69,9340.02
1420,70,9407.6
1420,71,9318.49
1420,72,9279.43
1420,73,9401.78
1420,74,9380.4
1420,75,9260.78
1420,76,9341.84
1420,77,9399.22
1420,78,9355.96
1420,79,9481.47
1420,80,9285.42
1420,81,9347.39
1420,82,9318.26
1420,83,9433.15
1420,84,9346.22
1420,85,9285.55
1420,86,9405.03
1420,87,9391.29
1420,88,9386.46
1420,89,9295.59
1420,90,9374.21
1420,91,9336.72
1420,92,9258.83
1420,93,9308.71
1420,94,9323.73
1420,95,9347.95
1420,96,9356.84
1420,97,9301.35
1420,98,9379.58
1420,99,9373.66
1430,0,9422.98
1430,1,9336.37
1430,2,9295.57
1430,3,9276.59
1430,4,9270.27
1430,5,9341.34
1430,6,9348.94
1430,7,9303.99
1430,8,9353.8
1430,9,9267.83
1430,10,9481.88
1430,11,9248.65
1430,12,9382.29
1430,13,9389.4
1430,14,9257.13
1430,15,9439.35
1430,16,9374.79
1430,17,9325.34
1430,18,9402.9
1430,19,9303.82
1430,20,9359.8
1430,21,9376.94
1430,22,9399.72
1430,23,9329.24
1430,24,9273.82
1430,25,9377.06
1430,26,9289.67
1430,27,9286.78
1430,28,9374.45
1430,29,9399.57
1430,30,9337.46
1430,31,9346.42
1430,32,9511.59
1430,33,9331.6
1430,34,9352.26
1430,35,9323.92
1430,36,9340.74
1430,37,9290.52
1430,38,9443.78
1430,39,9338.51
1430,40,9306.17
1430,41,9286.43
1430,42,9282.71
1430,43,9292.81
1430,44,9303.68
1430,45,9270.87
1430,46,9372.82
1430,47,9387.9
1430,48,9298.78
1430,49,9404.68
1430,50,9399.59
1430,51,9353.17
1430,52,9283.3
1430,53,9422.71
1430,54,9442.52
1430,55,9268.53
1430,56,9364.45
1430,57,9338.72
1430,58,9285.14
1430,59,9354.29
1430,60,9347.01
1430,61,9413.13
1430,62,9271.46
1430,63,9379.82
1430,64,9292.25
1430,65,9427.51
1430,66,9387.78
1430,67,9307.79
1430,68,9338.17
1430,69,9339.72
1430,70,9407.3
1430,71,9318.19
1430,72,9279.13
1430,73,9401.48
1430,74,9380.1
1430,75,9260.48
1430,76,9341.54
1430,77,9398.92
1430,78,9355.66
1430,79,9481.17
1430,80,9285.12
1430,81,9347.09
1430,82,9317.96
1430,83,9432.85
1430,84,9345.92
1430,85,9285.25
1430,86,9404.73
1430,87,9390.99
1430,88,9386.16
1430,89,9295.29
1430,90,9373.91
1430,91,9336.42
1430,92,9258.53
1430,93,9308.41
1430,94,9323.43
1430,95,9347.65
1430,96,9356.54
1430,97,9301.05
1430,98,9379.28
1430,99,9373.36
1440,0,9410.3
1440,1,9320.78
1440,2,9276.74
1440,3,9261.1
1440,4,9251.18
1440,5,9328.62
1440,6,9332.78
1440,7,9288.62
1440,8,9340.02
1440,9,9253.59
1440,10,9468.77
1440,11,9232.76
1440,12,9370.03
1440,13,9377.18
1440,14,9244.91
1440,15,9426.28
1440,16,9358.22
1440,17,9308.5
1440,18,9390.86
1440,19,9291.77
1440,20,9340.74
1440,21,9366.33
1440,22,9383.92
1440,23,9316.29
1440,24,9260.67
1440,25,9362.83
1440,26,9270.7
1440,27,9273.32
1440,28,9358.42
1440,29,9386.15
1440,30,9320.13
1440,31,9333.23
1440,32,9500.01
1440,33,9315.75
1440,34,9336.46
1440,35,9309.26
1440,36,9328.55
1440,37,9278.01
1440,38,9428.74
1440,39,9320.25
1440,40,9289.89
1440,41,9270.67
1440,42,9268.22
1440,43,9278.13
1440,44,9285.59
1440,45,9253.58
1440,46,9359.2
1440,47,9372.81
1440,48,9284.43
1440,49,9390.89
1440,50,9379.56
1440,51,9336.84
1440,52,9266.16
1440,53,9408.38
1440,54,9431.45
1440,55,9253.54
1440,56,9349.3
1440,57,9325.18
1440,58,9266.98
1440,59,9341.89
1440,60,9330.6
1440,61,9401.86
1440,62,9256.65
1440,63,9367.83
1440,64,9278.2
1440,65,9416.16
1440,66,9376.64
1440,67,9292.9
1440,68,9322.59
1440,69,9327.62
1440,70,9389.17
1440,71,9305.47
1440,72,9265.25
1440,73,9388.85
1440,74,9364.56
1440,75,9241.09
1440,76,9326.62
1440,77,9382.65
1440,78,9343.21
1440,79,9468.13
1440,80,9268.68
1440,81,9331.36
1440,82,9301.67
1440,83,9421.08
1440,84,9329.3
1440,85,9265.4
1440,86,9393.25
1440,87,9380.33
1440,88,9372.93
1440,89,9277.53
1440,90,9362.19
1440,91,9322.78
1440,92,9243.7
1440,93,9294.44
1440,94,9306.69
1440,95,9334.81
1440,96,9340.57
1440,97,9286.87
1440,98,9367.36
1440,99,9358.4
1450,0,9410.02
1450,1,9320.53
1450,2,9276.54
1450,3,9260.86
1450,4,9250.98
1450,5,9328.33
1450,6,9332.53
1450,7,9288.4
1450,8,9339.74
1450,9,9253.31
1450,10,9468.49
1450,11,9232.51
1450,12,9369.74
1450,13,9376.88
1450,14,9244.63
1450,15,9425.99
1450,16,9357.99
1450,17,9308.25
1450,18,9390.59
1450,19,9291.47
1450,20,9340.52
1450,21,9366.03
1450,22,9383.66
1450,23,9316.01
1450,24,9260.39
1450,25,9362.55
1450,26,9270.48
1450,27,9273.05
1450,28,9358.18
1450,29,9385.87
1450,30,9319.91
1450,31,9332.96
1450,32,9499.71
1450,33,9315.51
1450,34,9336.22
1450,35,9309
1450,36,9328.26
1450,37,9277.74
1450,38,9428.44
1450,39,9320.03
1450,40,9289.63
1450,41,9270.42
1450,42,9267.96
1450,43,9277.86
1450,44,9285.38
1450,45,9253.35
1450,46,9358.92
1450,47,9372.55
1450,48,9284.2
1450,49,9390.62
1450,50,9379.31
1450,51,9336.6
1450,52,9265.93
1450,53,9408.11
1450,54,9431.15
1450,55,9253.28
1450,56,9349.03
1450,57,9324.9
1450,58,9266.75
1450,59,9341.6
1450,60,9330.38
1450,61,9401.56
1450,62,9256.38
1450,63,9367.55
1450,64,9277.92
1450,65,9415.86
1450,66,9376.35
1450,67,9292.64
1450,68,9322.34
1450,69,9327.33
1450,70,9388.93
1450,71,9305.19
1450,72,9264.98
1450,73,9388.57
1450,74,9364.3
1450,75,9240.89
1450,76,9326.35
1450,77,9382.36
1450,78,9342.91
1450,79,9467.85
1450,80,9268.46
1450,81,9331.13
1450,82,9301.42
1450,83,9420.79
1450,84,9329.06
1450,85,9265.14
1450,86,9392.96
1450,87,9380.03
1450,88,9372.67
1450,89,9277.31
1450,90,9361.91
1450,91,9322.5
1450,92,9243.44
1450,93,9294.18
1450,94,9306.47
1450,95,9334.53
1450,96,9340.33
1450,97,9286.61
1450,98,9367.08
1450,99,9358.14
1460,0,9409.72
1460,1,9320.23
1460,2,9276.24
1460,3,9260.56
1460,4,9250.68
1460,5,9328.03
1460,6,9332.23
1460,7,9288.1
1460,8,9339.44
1460,9,9253.01
1460,10,9468.19
1460,11,9232.21
1460,12,9369.44
1460,13,9376.58
1460,14,9244.33
1460,15,9425.69
1460,16,9357.69
1460,17,9307.95
1460,18,9390.29
1460,19,9291.17
1460,20,9340.22
1460,21,9365.73
1460,22,9383.36
1460,23,9315.71
1460,24,9260.09
1460,25,9362.25
1460,26,9270.18
1460,27,9272.75
1460,28,9357.88
1460,29,9385.57
1460,30,9319.61
1460,31,9332.66
1460,32,9499.41
1460,33,9315.21
1460,34,9335.92
1460,35,9308.7
1460,36,9327.96
1460,37,9277.44
1460,38,9428.14
1460,39,9319.73
1460,40,9289.33
1460,41,9270.12
1460,42,9267.66
1460,43,9277.56
1460,44,9285.08
1460,45,9253.05
1460,46,9358.62
1460,47,9372.25
1460,48,9283.9
1460,49,9390.32
1460,50,9379.01
1460,51,9336.3
1460,52,9265.63
1460,53,9407.81
1460,54,9430.85
1460,55,9252.98
1460,56,9348.73
1460,57,9324.6
1460,58,9266.45
1460,59,9341.3
1460,60,9330.08
1460,61,9401.26
1460,62,9256.08
1460,63,9367.25
1460,64,9277.62
1460,65,9415.56
1460,66,9376.05
1460,67,9292.34
1460,68,9322.04
1460,69,9327.03
1460,70,9388.63
1460,71,9304.89
1460,72,9264.68
1460,73,9388.27
1460,74,9364
1460,75,9240.59
1460,76,9326.05
1460,77,9382.06
1460,78,9342.61
1460,79,9467.55
1460,80,9268.16
1460,81,9330.83
1460,82,9301.12
1460,83,9420.49
1460,84,9328.76
1460,85,9264.84
1460,86,9392.66
1460,87,9379.73
1460,88,9372.37
1460,89,9277.01
1460,90,9361.61
1460,91,9322.2
1460,92,9243.14
1460,93,9293.88
1460,94,9306.17
1460,95,9334.23
1460,96,9340.03
1460,97,9286.31
1460,98,9366.78
1460,99,9357.84
1470,0,9395.6
1470,1,9304.84
1470,2,9260.27
1470,3,9243.72
1470,4,9238.96
1470,5,9316.96
1470,6,9317.69
1470,7,9272.31
1470,8,9325.58
1470,9,9239.34
1470,10,9455.2
1470,11,9216.46
1470,12,9358.92
1470,13,9364.74
1470,14,9229.77
1470,15,9412.99
1470,16,9343.02
1470,17,9291.36
1470,18,9378.22
1470,19,9278.35
1470,20,9325.7
1470,21,9351.19
1470,22,9371.64
1470,23,9298.08
1470,24,9247.13
1470,25,9348.19
1470,26,9255.97
1470,27,9258.83
1470,28,9343.55
1470,29,9373.23
1470,30,9307.89
1470,31,9320.55
1470,32,9487.52
1470,33,9299.61
1470,34,9324.32
1470,35,9292.78
1470,36,9314.6
1470,37,9264.89
1470,38,9409.57
1470,39,9308.21
1470,40,9274.45
1470,41,9255.91
1470,42,9252.17
1470,43,9259.68
1470,44,9269.06
1470,45,9236.28
1470,46,9346.3
1470,47,9360.73
1470,48,9269.65
1470,49,9376.23
1470,50,9363.27
1470,51,9320.37
1470,52,9250.76
1470,53,9396.31
1470,54,9419.9
1470,55,9237.51
1470,56,9333.54
1470,57,9310.13
1470,58,9255.01
1470,59,9326.69
1470,60,9318.98
1470,61,9390.83
1470,62,9242.04
1470,63,9354.86
1470,64,9263.21
1470,65,9403.81
1470,66,9361.52
1470,67,9277.05
1470,68,9305.15
1470,69,9312.05
1470,70,9372.21
1470,71,9288.66
1470,72,9249.55
1470,73,9378.82
1470,74,9349.02
1470,75,9226.4
1470,76,9311.38
1470,77,9365.49
1470,78,9330.55
1470,79,9456.41
1470,80,9255.11
1470,81,9315.34
1470,82,9289.15
1470,83,9408.09
1470,84,9314.65
1470,85,9251.24
1470,86,9381.46
1470,87,9365.88
1470,88,9360.64
1470,89,9261.9
1470,90,9346.84
1470,91,9310.03
1470,92,9227.8
1470,93,9275.93
1470,94,9293.1
1470,95,9320.99
1470,96,9326.19
1470,97,9270.65
1470,98,9356.2
1470,99,9343.98
1480,0,9395.34
1480,1,9304.6
1480,2,9260.03
1480,3,9243.51
1480,4,9238.67
1480,5,9316.67
1480,6,9317.45
1480,7,9272.08
1480,8,9325.32
1480,9,9239.08
1480,10,9454.94
1480,11,9216.22
1480,12,9358.62
1480,13,9364.44
1480,14,9229.53
1480,15,9412.72
1480,16,9342.77
1480,17,9291.12
1480,18,9377.96
1480,19,9278.08
1480,20,9325.44
1480,21,9350.95
1480,22,9371.35
1480,23,9297.85
1480,24,9246.86
1480,25,9347.93
1480,26,9255.72
1480,27,9258.59
1480,28,9343.3
1480,29,9372.95
1480,30,9307.6
1480,31,9320.28
1480,32,9487.24
1480,33,9299.33
1480,34,9324.04
1480,35,9292.56
1480,36,9314.33
1480,37,9264.63
1480,38,9409.29
1480,39,9307.94
1480,40,9274.2
1480,41,9255.65
1480,42,9251.93
1480,43,9259.47
1480,44,9268.82
1480,45,9236.06
1480,46,9346.02
1480,47,9360.45
1480,48,9269.4
1480,49,9375.98
1480,50,9362.99
1480,51,9320.13
1480,52,9250.52
1480,53,9396.03
1480,54,9419.6
1480,55,9237.27
1480,56,9333.28
1480,57,9309.87
1480,58,9254.73
1480,59,9326.44
1480,60,9318.7
1480,61,9390.54
1480,62,9241.78
1480,63,9354.59
1480,64,9262.95
1480,65,9403.52
1480,66,9361.27
1480,67,9276.81
1480,68,9304.91
1480,69,9311.8
1480,70,9371.95
1480,71,9288.43
1480,72,9249.3
1480,73,9378.52
1480,74,9348.77
1480,75,9226.15
1480,76,9311.12
1480,77,9365.23
1480,78,9330.27
1480,79,9456.11
1480,80,9254.85
1480,81,9315.07
1480,82,9288.88
1480,83,9407.82
1480,84,9314.39
1480,85,9250.99
1480,86,9381.18
1480,87,9365.62
1480,88,9360.38
1480,89,9261.64
1480,90,9346.57
1480,91,9309.75
1480,92,9227.56
1480,93,9275.71
1480,94,9292.83
1480,95,9320.73
1480,96,9325.94
1480,97,9270.42
1480,98,9355.93
1480,99,9343.69
1490,0,9395.04
1490,1,9304.3
1490,2,9259.73
1490,3,9243.21
1490,4,9238.37
1490,5,9316.37
1490,6,9317.15
1490,7,9271.78
1490,8,9325.02
1490,9,9238.78
1490,10,9454.64
1490,11,9215.92
1490,12,9358.32
1490,13,9364.14
1490,14,9229.23
1490,15,9412.42
1490,16,9342.47
1490,17,9290.82
1490,18,9377.66
1490,19,9277.78
1490,20,9325.14
1490,21,9350.65
1490,22,9371.05
1490,23,9297.55
1490,24,9246.56
1490,25,9347.63
1490,26,9255.42
1490,27,9258.29
1490,28,9343
1490,29,9372.65
1490,30,9307.3
1490,31,9319.98
1490,32,9486.94
1490,33,9299.03
1490,34,9323.74
1490,35,9292.26
1490,36,9314.03
1490,37,9264.33
1490,38,9408.99
1490,39,9307.64
1490,40,9273.9
1490,41,9255.35
1490,42,9251.63
1490,43,9259.17
1490,44,9268.52
1490,45,9235.76
1490,46,9345.72
1490,47,9360.15
1490,48,9269.1
1490,49,9375.68
1490,50,9362.69
1490,51,9319.83
1490,52,9250.22
1490,53,9395.73
1490,54,9419.3
1490,55,9236.97
1490,56,9332.98
1490,57,9309.57
1490,58,9254.43
1490,59,9326.14
1490,60,9318.4
1490,61,9390.24
1490,62,9241.48
1490,63,9354.29
1490,64,9262.65
1490,65,9403.22
1490,66,9360.97
1490,67,9276.51
1490,68,9304.61
1490,69,9311.5
1490,70,9371.65
1490,71,9288.13
1490,72,9249
1490,73,9378.22
1490,74,9348.47
1490,75,9225.85
1490,76,9310.82
1490,77,9364.93
1490,78,9329.97
1490,79,9455.81
1490,80,9254.55
1490,81,9314.77
1490,82,9288.58
1490,83,9407.52
1490,84,9314.09
1490,85,9250.69
1490,86,9380.88
1490,87,9365.32
1490,88,9360.08
1490,89,9261.34
1490,90,9346.27
1490,91,9309.45
1490,92,9227.26
1490,93,9275.41
1490,94,9292.53
1490,95,9320.43
1490,96,9325.64
1490,97,9270.12
1490,98,9355.63
1490,99,9343.39
1500,0,9382.66
1500,1,9289.33
1500,2,9244.35
1500,3,9230.1
1500,4,9221.8
1500,5,9303.46
1500,6,9305.18
1500,7,9256.84
1500,8,9314.01
1500,9,9226.4
1500,10,9442.23
1500,11,9199.85
1500,12,9344.2
1500,13,9352.6
1500,14,9214.33
1500,15,9401.22
1500,16,9327.56
1500,17,9275.8
1500,18,9364.38
1500,19,9261.89
1500,20,9312.54
1500,21,9335.95
1500,22,9359.2
1500,23,9285.57
1500,24,9233.62
1500,25,9336.68
1500,26,9243.14
1500,27,9241.6
1500,28,9330.03
1500,29,9359
1500,30,9295.37
1500,31,9305.38
1500,32,9477.13
1500,33,9284.25
1500,34,9312.36
1500,35,9277.45
1500,36,9299.8
1500,37,9251.22
1500,38,9392.91
1500,39,9293.57
1500,40,9256.74
1500,41,9241.64
1500,42,9236.6
1500,43,9244.41
1500,44,9253.23
1500,45,9218.7
1500,46,9335.9
1500,47,9349
1500,48,9254.02
1500,49,9360.93
1500,50,9349.51
1500,51,9304.27
1500,52,9238.22
1500,53,9382.09
1500,54,9406.37
1500,55,9225.84
1500,56,9315.32
1500,57,9298.47
1500,58,9241.81
1500,59,9311.36
1500,60,9304.14
1500,61,9375.7
1500,62,9227.59
1500,63,9341.56
1500,64,9248.1
1500,65,9393.12
1500,66,9346.42
1500,67,9260.34
1500,68,9293.24
1500,69,9299.09
1500,70,9356.57
1500,71,9273
1500,72,9234.9
1500,73,9367.02
1500,74,9336.73
1500,75,9213.87
1500,76,9296.29
1500,77,9350.25
1500,78,9317.93
1500,79,9444.55
1500,80,9243.8
1500,81,9299.8
1500,82,9276.74
1500,83,9395.25
1500,84,9298.75
1500,85,9235.99
1500,86,9367.84
1500,87,9352.29
1500,88,9348.72
1500,89,9248.88
1500,90,9333.53
1500,91,9297.57
1500,92,9209.62
1500,93,9262.18
1500,94,9277.98
1500,95,9306.58
1500,96,9310.12
1500,97,9254.76
1500,98,9344.91
1500,99,9331.65
1510,0,9382.4
1510,1,9289.1
1510,2,9244.12
1510,3,9229.87
1510,4,9221.58
1510,5,9303.21
1510,6,9304.92
1510,7,9256.63
1510,8,9313.73
1510,9,9226.14
1510,10,9441.97
1510,11,9199.63
1510,12,9343.96
1510,13,9352.32
1510,14,9214.1
1510,15,9400.94
1510,16,9327.33
1510,17,9275.56
1510,18,9364.15
1510,19,9261.66
1510,20,9312.28
1510,21,9335.72
1510,22,9358.93
1510,23,9279.85
1510,24,9233.37
1510,25,9336.39
1510,26,9242.87
1510,27,9241.39
1510,28,9329.77
1510,29,9358.75
1510,30,9295.1
1510,31,9305.15
1510,32,9476.84
1510,33,9283.96
1510,34,9312.09
1510,35,9277.22
1510,36,9299.57
1510,37,9250.98
1510,38,9392.65
1510,39,9293.34
1510,40,9256.52
1510,41,9241.39
1510,42,9236.37
1510,43,9244.18
1510,44,9253.01
1510,45,9218.49
1510,46,9335.61
1510,47,9348.73
1510,48,9253.79
1510,49,9360.7
1510,50,9349.23
1510,51,9304.04
1510,52,9237.97
1510,53,9381.84
1510,54,9406.11
1510,55,9225.57
1510,56,9315.08
1510,57,9298.18
1510,58,9241.56
1510,59,9311.13
1510,60,9303.91
1510,61,9375.47
1510,62,9227.35
1510,63,9341.32
1510,64,9247.86
1510,65,9392.83
1510,66,9346.19
1510,67,9260.12
1510,68,9292.96
1510,69,9298.83
1510,70,9356.31
1510,71,9272.78
1510,72,9234.67
1510,73,9366.75
1510,74,9336.46
1510,75,9213.61
1510,76,9296.05
1510,77,9349.98
1510,78,9317.66
1510,79,9444.27
1510,80,9243.52
1510,81,9299.52
1510,82,9276.48
1510,83,9395
1510,84,9298.52
1510,85,9235.77
1510,86,9367.59
1510,87,9352.04
1510,88,9348.47
1510,89,9248.62
1510,90,9333.29
1510,91,9297.31
1510,92,9209.41
1510,93,9261.92
1510,94,9277.75
1510,95,9306.34
1510,96,9309.9
1510,97,9254.54
1510,98,9344.65
1510,99,9331.38
1520,0,9382.1
1520,1,9288.8
1520,2,9243.82
1520,3,9229.57
1520,4,9221.28
1520,5,9302.91
1520,6,9304.62
1520,7,9256.33
1520,8,9313.43
1520,9,9225.84
1520,10,9441.67
1520,11,9199.33
1520,12,9343.66
1520,13,9352.02
1520,14,9213.8
1520,15,9400.64
1520,16,9327.03
1520,17,9275.26
1520,18,9363.85
1520,19,9261.36
1520,20,9311.98
1520,21,9335.42
1520,22,9358.63
1520,23,9279.55
1520,24,9233.07
1520,25,9336.09
1520,26,9242.57
1520,27,9241.09
1520,28,9329.47
1520,29,9358.45
1520,30,9294.8
1520,31,9304.85
1520,32,9476.54
1520,33,9283.66
1520,34,9311.79
1520,35,9276.92
1520,36,9299.27
1520,37,9250.68
1520,38,9392.35
1520,39,9293.04
1520,40,9256.22
1520,41,9241.09
1520,42,9236.07
1520,43,9243.88
1520,44,9252.71
1520,45,9218.19
1520,46,9335.31
1520,47,9348.43
1520,48,9253.49
1520,49,9360.4
1520,50,9348.93
1520,51,9303.74
1520,52,9237.67
1520,53,9381.54
1520,54,9405.81
1520,55,9225.27
1520,56,9314.78
1520,57,9297.88
1520,58,9241.26
1520,59,9310.83
1520,60,9303.61
1520,61,9375.17
1520,62,9227.05
1520,63,9341.02
1520,64,9247.56
1520,65,9392.53
1520,66,9345.89
1520,67,9259.82
1520,68,9292.66
1520,69,9298.53
1520,70,9356.01
1520,71,9272.48
1520,72,9234.37
1520,73,9366.45
1520,74,9336.16
1520,75,9213.31
1520,76,9295.75
1520,77,9349.68
1520,78,9317.36
1520,79,9443.97
1520,80,9243.22
1520,81,9299.22
1520,82,9276.18
1520,83,9394.7
1520,84,9298.22
1520,85,9235.47
1520,86,9367.29
1520,87,9351.74
1520,88,9348.17
1520,89,9248.32
1520,90,9332.99
1520,91,9297.01
1520,92,9209.11
1520,93,9261.62
1520,94,9277.45
1520,95,9306.04
1520,96,9309.6
1520,97,9254.24
1520,98,9344.35
1520,99,9331.08
1530,0,9371.26
1530,1,9277.97
1530,2,9230.85
1530,3,9220.68
1530,4,9209.86
1530,5,9293.86
1530,6,9293.17
1530,7,9247.05
1530,8,9298.04
1530,9,9212.58
1530,10,9431.99
1530,11,9186.84
1530,12,9333.14
1530,13,9340.25
1530,14,9202.96
1530,15,9385.79
1530,16,9315.78
1530,17,9263.09
1530,18,9354.19
1530,19,9248.45
1530,20,9300.35
1530,21,9325.36
1530,22,9347.42
1530,23,9269.4
1530,24,9220.11
1530,25,9322.58
1530,26,9230.32
1530,27,9232.14
1530,28,9315.18
1530,29,9345.11
1530,30,9285.02
1530,31,9293.96
1530,32,9464.72
1530,33,9273.12
1530,34,9303.08
1530,35,9264.27
1530,36,9287.73
1530,37,9237.68
1530,38,9376.79
1530,39,9283.52
1530,40,9242.59
1530,41,9227.77
1530,42,9227.2
1530,43,9233.67
1530,44,9238.29
1530,45,9207.7
1530,46,9324.98
1530,47,9336.57
1530,48,9240.64
1530,49,9351.37
1530,50,9335.67
1530,51,9293.57
1530,52,9226.03
1530,53,9368.3
1530,54,9395.17
1530,55,9212.33
1530,56,9302
1530,57,9287.64
1530,58,9230.96
1530,59,9297.78
1530,60,9293.35
1530,61,9361.71
1530,62,9212.94
1530,63,9328.33
1530,64,9233.1
1530,65,9382.6
1530,66,9332.92
1530,67,9246.62
1530,68,9279.91
1530,69,9286.27
1530,70,9342.47
1530,71,9263.05
1530,72,9222.84
1530,73,9357.27
1530,74,9325.24
1530,75,9201.76
1530,76,9281.85
1530,77,9334.17
1530,78,9305.45
1530,79,9434.87
1530,80,9232.93
1530,81,9288.53
1530,82,9264.16
1530,83,9382.95
1530,84,9285.9
1530,85,9222.89
1530,86,9355.73
1530,87,9341.61
1530,88,9337.28
1530,89,9238.42
1530,90,9323
1530,91,9287.54
1530,92,9196.35
1530,93,9248.77
1530,94,9263.61
1530,95,9294.14
1530,96,9299.23
1530,97,9244.9
1530,98,9333.98
1530,99,9321.18
1540,0,9371
1540,1,9277.71
1540,2,9230.61
1540,3,9213.69
1540,4,9205.22
1540,5,9289.41
1540,6,9292.92
1540,7,9241.04
1540,8,9297.82
1540,9,9212.34
1540,10,9431.72
1540,11,9186.59
1540,12,9332.87
1540,13,9340
1540,14,9202.71
1540,15,9385.57
1540,16,9315.53
1540,17,9262.83
1540,18,9347.98
1540,19,9248.2
1540,20,9300.09
1540,21,9320.2
1540,22,9347.16
1540,23,9263.84
1540,24,9219.87
1540,25,9322.35
1540,26,9230.07
1540,27,9227.11
1540,28,9314.95
1540,29,9344.87
1540,30,9284.75
1540,31,9293.72
1540,32,9464.47
1540,33,9272.84
1540,34,9302.8
1540,35,9264.03
1540,36,9287.48
1540,37,9237.46
1540,38,9376.52
1540,39,9277.78
1540,40,9240.07
1540,41,9227.53
1540,42,9221.35
1540,43,9226.61
1540,44,9236.97
1540,45,9207.44
1540,46,9324.7
1540,47,9336.31
1540,48,9240.4
1540,49,9346.43
1540,50,9335.4
1540,51,9288.26
1540,52,9224.5
1540,53,9368.07
1540,54,9394.9
1540,55,9212.1
1540,56,9301.73
1540,57,9287.36
1540,58,9230.7
1540,59,9297.53
1540,60,9293.09
1540,61,9361.48
1540,62,9212.71
1540,63,9328.09
1540,64,9232.88
1540,65,9382.33
1540,66,9332.7
1540,67,9246.39
1540,68,9279.67
1540,69,9286.02
1540,70,9342.21
1540,71,9256.64
1540,72,9222.6
1540,73,9357
1540,74,9324.98
1540,75,9201.51
1540,76,9281.62
1540,77,9333.92
1540,78,9305.19
1540,79,9434.59
1540,80,9232.67
1540,81,9288.27
1540,82,9263.91
1540,83,9382.7
1540,84,9285.65
1540,85,9222.66
1540,86,9355.49
1540,87,9337.28
1540,88,9337.04
1540,89,9232.23
1540,90,9322.74
1540,91,9281.11
1540,92,9196.12
1540,93,9248.52
1540,94,9263.39
1540,95,9293.89
1540,96,9298.98
1540,97,9238.79
1540,98,9327.63
1540,99,9320.91
1550,0,9370.7
1550,1,9277.41
1550,2,9230.31
1550,3,9213.39
1550,4,9204.92
1550,5,9289.11
1550,6,9292.62
1550,7,9240.74
1550,8,9297.52
1550,9,9212.04
1550,10,9431.42
1550,11,9186.29
1550,12,9332.57
1550,13,9339.7
1550,14,9202.41
1550,15,9385.27
1550,16,9315.23
1550,17,9262.53
1550,18,9347.68
1550,19,9247.9
1550,20,9299.79
1550,21,9319.9
1550,22,9346.86
1550,23,9263.54
1550,24,9219.57
1550,25,9322.05
1550,26,9229.77
1550,27,9226.81
1550,28,9314.65
1550,29,9344.57
1550,30,9284.45
1550,31,9293.42
1550,32,9464.17
1550,33,9272.54
1550,34,9302.5
1550,35,9263.73
1550,36,9287.18
1550,37,9237.16
1550,38,9376.22
1550,39,9277.48
1550,40,9239.77
1550,41,9227.23
1550,42,9221.05
1550,43,9226.31
1550,44,9236.67
1550,45,9207.14
1550,46,9324.4
1550,47,9336.01
1550,48,9240.1
1550,49,9346.13
1550,50,9335.1
1550,51,9287.96
1550,52,9224.2
1550,53,9367.77
1550,54,9394.6
1550,55,9211.8
1550,56,9301.43
1550,57,9287.06
1550,58,9230.4
1550,59,9297.23
1550,60,9292.79
1550,61,9361.18
1550,62,9212.41
1550,63,9327.79
1550,64,9232.58
1550,65,9382.03
1550,66,9332.4
1550,67,9246.09
1550,68,9279.37
1550,69,9285.72
1550,70,9341.91
1550,71,9256.34
1550,72,9222.3
1550,73,9356.7
1550,74,9324.68
1550,75,9201.21
1550,76,9281.32
1550,77,9333.62
1550,78,9304.89
1550,79,9434.29
1550,80,9232.37
1550,81,9287.97
1550,82,9263.61
1550,83,9382.4
1550,84,9285.35
1550,85,9222.36
1550,86,9355.19
1550,87,9336.98
1550,88,9336.74
1550,89,9231.93
1550,90,9322.44
1550,91,9280.81
1550,92,9195.82
1550,93,9248.22
1550,94,9263.09
1550,95,9293.59
1550,96,9298.68
1550,97,9238.49
1550,98,9327.33
1550,99,9320.61
1560,0,9359.07
1560,1,9267
1560,2,9221.06
1560,3,9204.78
1560,4,9194.66
1560,5,9277.3
1560,6,9281.12
1560,7,9230.54
1560,8,9287.15
1560,9,9199.3
1560,10,9422.57
1560,11,9173.69
1560,12,9322.15
1560,13,9329.02
1560,14,9194.46
1560,15,9375.21
1560,16,9303.18
1560,17,9252.33
1560,18,9337
1560,19,9235.26
1560,20,9287
1560,21,9311.07
1560,22,9337.33
1560,23,9252.93
1560,24,9211.08
1560,25,9313.69
1560,26,9217.7
1560,27,9218.7
1560,28,9306.33
1560,29,9336.35
1560,30,9272.87
1560,31,9286.77
1560,32,9451.58
1560,33,9259.5
1560,34,9292.92
1560,35,9253.99
1560,36,9276.57
1560,37,9226.17
1560,38,9361.2
1560,39,9267.68
1560,40,9225.95
1560,41,9217.78
1560,42,9210.52
1560,43,9216.21
1560,44,9226.06
1560,45,9196.54
1560,46,9313.97
1560,47,9327.29
1560,48,9227.79
1560,49,9336.97
1560,50,9323.31
1560,51,9276.94
1560,52,9216.4
1560,53,9358.98
1560,54,9383.79
1560,55,9203.86
1560,56,9286.75
1560,57,9275.39
1560,58,9219.98
1560,59,9285.95
1560,60,9282.3
1560,61,9352.21
1560,62,9201.98
1560,63,9320.19
1560,64,9222.57
1560,65,9370.59
1560,66,9323.83
1560,67,9234.74
1560,68,9268.68
1560,69,9273.4
1560,70,9327.68
1560,71,9245.9
1560,72,9212.59
1560,73,9348.24
1560,74,9313.01
1560,75,9189.42
1560,76,9272.55
1560,77,9321.27
1560,78,9293.72
1560,79,9425.63
1560,80,9220.72
1560,81,9277.13
1560,82,9251.67
1560,83,9370.73
1560,84,9273.37
1560,85,9209.8
1560,86,9343.44
1560,87,9327.1
1560,88,9323.26
1560,89,9221.75
1560,90,9312.07
1560,91,9271.15
1560,92,9187.87
1560,93,9235.19
1560,94,9251.21
1560,95,9285.72
1560,96,9288.31
1560,97,9228.96
1560,98,9317.25
1560,99,9310.68
1570,0,9356.24
1570,1,9266.75
1570,2,9215.17
1570,3,9198.98
1570,4,9188.53
1570,5,9277.07
1570,6,9277.48
1570,7,9225.12
1570,8,9286.9
1570,9,9196.77
1570,10,9418.41
1570,11,9169.06
1570,12,9321.9
1570,13,9328.77
1570,14,9188.63
1570,15,9374.95
1570,16,9302.94
1570,17,9246.93
1570,18,9336.77
1570,19,9231.5
1570,20,9286.76
1570,21,9306.04
1570,22,9334.19
1570,23,9247.4
1570,24,9206.38
1570,25,9309.09
1570,26,9217.46
1570,27,9212.8
1570,28,9302.9
1570,29,9331.33
1570,30,9272.63
1570,31,9282.31
1570,32,9451.34
1570,33,9259.24
1570,34,9292.66
1570,35,9248.36
1570,36,9271.28
1570,37,9219.95
1570,38,9360.95
1570,39,9267.43
1570,40,9225.73
1570,41,9213.11
1570,42,9205.4
1570,43,9210.34
1570,44,9220.64
1570,45,9190.55
1570,46,9313.71
1570,47,9324.08
1570,48,9224.4
1570,49,9332.04
1570,50,9318.4
1570,51,9272.77
1570,52,9209.85
1570,53,9354.26
1570,54,9383.54
1570,55,9198.72
1570,56,9286.5
1570,57,9275.14
1570,58,9217.86
1570,59,9281.51
1570,60,9282.06
1570,61,9347.46
1570,62,9196.97
1570,63,9315.8
1570,64,9217.33
1570,65,9370.34
1570,66,9319.09
1570,67,9229.53
1570,68,9268.44
1570,69,9273.17
1570,70,9327.44
1570,71,9240.27
1570,72,9207.15
1570,73,9345.32
1570,74,9312.76
1570,75,9189.18
1570,76,9267.4
1570,77,9316.37
1570,78,9293.46
1570,79,9425.36
1570,80,9218.84
1570,81,9273.38
1570,82,9251.44
1570,83,9370.5
1570,84,9269.05
1570,85,9209.58
1570,86,9341.26
1570,87,9322.82
1570,88,9323.06
1570,89,9219.35
1570,90,9309.02
1570,91,9267.76
1570,92,9182.72
1570,93,9233.42
1570,94,9250.97
1570,95,9281.47
1570,96,9284.97
1570,97,9222.86
1570,98,9310.99
1570,99,9308.19
1580,0,9355.94
1580,1,9266.45
1580,2,9214.87
1580,3,9198.68
1580,4,9188.23
1580,5,9276.77
1580,6,9277.18
1580,7,9224.82
1580,8,9286.6
1580,9,9196.47
1580,10,9418.11
1580,11,9168.76
1580,12,9321.6
1580,13,9328.47
1580,14,9188.33
1580,15,9374.65
1580,16,9302.64
1580,17,9246.63
1580,18,9336.47
1580,19,9231.2
1580,20,9286.46
1580,21,9305.74
1580,22,9333.89
1580,23,9247.1
1580,24,9206.08
1580,25,9308.79
1580,26,9217.16
1580,27,9212.5
1580,28,9302.6
1580,29,9331.03
1580,30,9272.33
1580,31,9282.01
1580,32,9451.04
1580,33,9258.94
1580,34,9292.36
1580,35,9248.06
1580,36,9270.98
1580,37,9219.65
1580,38,9360.65
1580,39,9267.13
1580,40,9225.43
1580,41,9212.81
1580,42,9205.1
1580,43,9210.04
1580,44,9220.34
1580,45,9190.25
1580,46,9313.41
1580,47,9323.78
1580,48,9224.1
1580,49,9331.74
1580,50,9318.1
1580,51,9272.47
1580,52,9209.55
1580,53,9353.96
1580,54,9383.24
1580,55,9198.42
1580,56,9286.2
1580,57,9274.84
1580,58,9217.56
1580,59,9281.21
1580,60,9281.76
1580,61,9347.16
1580,62,9196.67
1580,63,9315.5
1580,64,9217.03
1580,65,9370.04
1580,66,9318.79
1580,67,9229.23
1580,68,9268.14
1580,69,9272.87
1580,70,9327.14
1580,71,9239.97
1580,72,9206.85
1580,73,9345.02
1580,74,9312.46
1580,75,9188.88
1580,76,9267.1
1580,77,9316.07
1580,78,9293.16
1580,79,9425.06
1580,80,9218.54
1580,81,9273.08
1580,82,9251.14
1580,83,9370.2
1580,84,9268.75
1580,85,9209.28
1580,86,9340.96
1580,87,9322.52
1580,88,9322.76
1580,89,9219.05
1580,90,9308.72
1580,91,9267.46
1580,92,9182.42
1580,93,9233.12
1580,94,9250.67
1580,95,9281.17
1580,96,9284.67
1580,97,9222.56
1580,98,9310.69
1580,99,9307.89
1590,0,9344.37
1590,1,9258.93
1590,2,9207.11
1590,3,9192.89
1590,4,9179.13
1590,5,9268.5
1590,6,9270.63
1590,7,9215.72
1590,8,9275.89
1590,9,9187.76
1590,10,9409.64
1590,11,9160.04
1590,12,9311.43
1590,13,9319.16
1590,14,9181.23
1590,15,9366.5
1590,16,9294.15
1590,17,9236.41
1590,18,9330.96
1590,19,9222.27
1590,20,9276.22
1590,21,9298.83
1590,22,9325.47
1590,23,9237.01
1590,24,9197.45
1590,25,9299.34
1590,26,9208.57
1590,27,9204.46
1590,28,9294.8
1590,29,9321.21
1590,30,9264.97
1590,31,9275.25
1590,32,9442.62
1590,33,9249.72
1590,34,9283.66
1590,35,9238.21
1590,36,9263.56
1590,37,9210.84
1590,38,9345.6
1590,39,9259.81
1590,40,9217.15
1590,41,9203.29
1590,42,9197.75
1590,43,9202.29
1590,44,9209.56
1590,45,9184.03
1590,46,9304.55
1590,47,9315.58
1590,48,9214.88
1590,49,9322.48
1590,50,9308.34
1590,51,9261.07
1590,52,9200.79
1590,53,9345.27
1590,54,9373.3
1590,55,9190.46
1590,56,9276.85
1590,57,9266.21
1590,58,9212.26
1590,59,9270.91
1590,60,9275.88
1590,61,9338.07
1590,62,9188.27
1590,63,9305.98
1590,64,9207.05
1590,65,9360.41
1590,66,9309.68
1590,67,9220.54
1590,68,9257.55
1590,69,9264.25
1590,70,9319.04
1590,71,9230.41
1590,72,9197.03
1590,73,9338.85
1590,74,9301.33
1590,75,9177.14
1590,76,9258.24
1590,77,9303.86
1590,78,9284.02
1590,79,9416.98
1590,80,9207.68
1590,81,9265.64
1590,82,9243.06
1590,83,9359.66
1590,84,9256.94
1590,85,9196.76
1590,86,9329.13
1590,87,9314.32
1590,88,9311.8
1590,89,9210.18
1590,90,9298.64
1590,91,9256.6
1590,92,9173.64
1590,93,9219.95
1590,94,9242.15
1590,95,9273.08
1590,96,9274.34
1590,97,9216.55
1590,98,9300.64
1590,99,9298.7
1600,0,9341.89
1600,1,9254.37
1600,2,9201.32
1600,3,9188.65
1600,4,9173.39
1600,5,9263.98
1600,6,9263
1600,7,9209.67
1600,8,9275.65
1600,9,9183.13
1600,10,9405.54
1600,11,9153.79
1600,12,9311.19
1600,13,9316.09
1600,14,9173.89
1600,15,9359.17
1600,16,9290.15
1600,17,9233.18
1600,18,9322.03
1600,19,9218.28
1600,20,9272.95
1600,21,9290.71
1600,22,9321.77
1600,23,9231.49
1600,24,9191.35
1600,25,9299.08
1600,26,9206.32
1600,27,9199.8
1600,28,9291.39
1600,29,9317.03
1600,30,9262.2
1600,31,9270.86
1600,32,9438.54
1600,33,9246.76
1600,34,9282.79
1600,35,9232.52
1600,36,9254.68
1600,37,9204.52
1600,38,9345.36
1600,39,9257.27
1600,40,9209.59
1600,41,9198.6
1600,42,9189.19
1600,43,9197.44
1600,44,9204.33
1600,45,9176.03
1600,46,9304.31
1600,47,9312.44
1600,48,9209.55
1600,49,9317.55
1600,50,9302.83
1600,51,9257.12
1600,52,9194.22
1600,53,9340.58
1600,54,9373.05
1600,55,9185.41
1600,56,9273.1
1600,57,9263.27
1600,58,9208.36
1600,59,9265.76
1600,60,9272.4
1600,61,9333.27
1600,62,9184.05
1600,63,9301.92
1600,64,9202.07
1600,65,9358.86
1600,66,9304.95
1600,67,9215.42
1600,68,9254.1
1600,69,9261.24
1600,70,9315.14
1600,71,9224.22
1600,72,9192.1
1600,73,9336.27
1600,74,9301.1
1600,75,9176.92
1600,76,9253.2
1600,77,9298.95
1600,78,9281.83
1600,79,9415.57
1600,80,9204.93
1600,81,9260.38
1600,82,9238.95
1600,83,9359.43
1600,84,9252.49
1600,85,9196.56
1600,86,9327.25
1600,87,9310.21
1600,88,9309.09
1600,89,9205.78
1600,90,9298.41
1600,91,9256.36
1600,92,9168.54
1600,93,9219.73
1600,94,9239.58
1600,95,9268.89
1600,96,9270.82
1600,97,9209.25
1600,98,9294.48
1600,99,9295.71
1610,0,9341.59
1610,1,9254.07
1610,2,9201.02
1610,3,9188.35
1610,4,9173.09
1610,5,9263.68
1610,6,9262.7
1610,7,9209.37
1610,8,9275.35
1610,9,9182.83
1610,10,9405.24
1610,11,9153.49
1610,12,9310.89
1610,13,9315.79
1610,14,9173.59
1610,15,9358.87
1610,16,9289.85
1610,17,9232.88
1610,18,9321.73
1610,19,9217.98
1610,20,9272.65
1610,21,9290.41
1610,22,9321.47
1610,23,9231.19
1610,24,9191.05
1610,25,9298.78
1610,26,9206.02
1610,27,9199.5
1610,28,9291.09
1610,29,9316.73
1610,30,9261.9
1610,31,9270.56
1610,32,9438.24
1610,33,9246.46
1610,34,9282.49
1610,35,9232.22
1610,36,9254.38
1610,37,9204.22
1610,38,9345.06
1610,39,9256.97
1610,40,9209.29
1610,41,9198.3
1610,42,9188.89
1610,43,9197.14
1610,44,9204.03
1610,45,9175.73
1610,46,9304.01
1610,47,9312.14
1610,48,9209.25
1610,49,9317.25
1610,50,9302.53
1610,51,9256.82
1610,52,9193.92
1610,53,9340.28
1610,54,9372.75
1610,55,9185.11
1610,56,9272.8
1610,57,9262.97
1610,58,9208.06
1610,59,9265.46
1610,60,9272.1
1610,61,9332.97
1610,62,9183.75
1610,63,9301.62
1610,64,9201.77
1610,65,9358.56
1610,66,9304.65
1610,67,9215.12
1610,68,9253.8
1610,69,9260.94
1610,70,9314.84
1610,71,9223.92
1610,72,9191.8
1610,73,9335.97
1610,74,9300.8
1610,75,9176.62
1610,76,9252.9
1610,77,9298.65
1610,78,9281.53
1610,79,9415.27
1610,80,9204.63
1610,81,9260.08
1610,82,9238.65
1610,83,9359.13
1610,84,9252.19
1610,85,9196.26
1610,86,9326.95
1610,87,9309.91
1610,88,9308.79
1610,89,9205.48
1610,90,9298.11
1610,91,9256.06
1610,92,9168.24
1610,93,9219.43
1610,94,9239.28
1610,95,9268.59
1610,96,9270.52
1610,97,9208.95
1610,98,9294.18
1610,99,9295.41
1620,0,9333.71
1620,1,9246.52
1620,2,9190.71
1620,3,9179.61
1620,4,9166.51
1620,5,9256.84
1620,6,9256.25
1620,7,9200.48
1620,8,9267.74
1620,9,9171.88
1620,10,9396.82
1620,11,9143.03
1620,12,9300.45
1620,13,9307.2
1620,14,9165.57
1620,15,9350.22
1620,16,9280.82
1620,17,9224.22
1620,18,9312.21
1620,19,9208.9
1620,20,9261.08
1620,21,9282.31
1620,22,9312.17
1620,23,9222.72
1620,24,9181.77
1620,25,9289.91
1620,26,9195.62
1620,27,9191.45
1620,28,9282.53
1620,29,9309.85
1620,30,9252.12
1620,31,9263.83
1620,32,9428.15
1620,33,9236.19
1620,34,9273.59
1620,35,9222.24
1620,36,9244.35
1620,37,9195.45
1620,38,9335.45
1620,39,9247.73
1620,40,9200.75
1620,41,9188.71
1620,42,9181.71
1620,43,9186.27
1620,44,9195.71
1620,45,9166.1
1620,46,9295.4
1620,47,9303.43
1620,48,9199.92
1620,49,9307.92
1620,50,9291.72
1620,51,9246.93
1620,52,9185.88
1620,53,9330.77
1620,54,9364.18
1620,55,9177.68
1620,56,9258.75
1620,57,9254.08
1620,58,9198.71
1620,59,9254.86
1620,60,9261.68
1620,61,9322.84
1620,62,9175.5
1620,63,9293.23
1620,64,9193.1
1620,65,9350.87
1620,66,9295.41
1620,67,9206.48
1620,68,9243.28
1620,69,9248.84
1620,70,9302.41
1620,71,9215.32
1620,72,9182.44
1620,73,9329.7
1620,74,9289.59
1620,75,9169.13
1620,76,9239.27
1620,77,9283.67
1620,78,9272.28
1620,79,9406.9
1620,80,9193.32
1620,81,9253.49
1620,82,9231.63
1620,83,9348.5
1620,84,9243.02
1620,85,9188.63
1620,86,9316.84
1620,87,9301.96
1620,88,9297.79
1620,89,9197.38
1620,90,9289.85
1620,91,9246.47
1620,92,9158.1
1620,93,9209.27
1620,94,9229.46
1620,95,9260.32
1620,96,9260.17
1620,97,9202.76
1620,98,9284.88
1620,99,9286.53
1630,0,9329.74
1630,1,9238.04
1630,2,9184.86
1630,3,9174.57
1630,4,9158.64
1630,5,9249.44
1630,6,9247.5
1630,7,9194.09
1630,8,9259.93
1630,9,9167.73
1630,10,9392.65
1630,11,9136.67
1630,12,9299.32
1630,13,9304.52
1630,14,9160.21
1630,15,9348.46
1630,16,9277.1
1630,17,9219.91
1630,18,9309.98
1630,19,9201.84
1630,20,9260.86
1630,21,9275.55
1630,22,9304.88
1630,23,9215.49
1630,24,9175.71
1630,25,9288.33
1630,26,9189.47
1630,27,9186.93
1630,28,9279.17
1630,29,9304.47
1630,30,9246.14
1630,31,9255.99
1630,32,9425.13
1630,33,9233.23
1630,34,9269.76
1630,35,9216.45
1630,36,9238.99
1630,37,9189.13
1630,38,9331.46
1630,39,9244.85
1630,40,9192.64
1630,41,9186.02
1630,42,9174.73
1630,43,9179.15
1630,44,9187.92
1630,45,9159.32
1630,46,9293.47
1630,47,9300.33
1630,48,9193.89
1630,49,9302.58
1630,50,9286.8
1630,51,9245.2
1630,52,9181.81
1630,53,9330.54
1630,54,9360.66
1630,55,9168.98
1630,56,9257.11
1630,57,9252.55
1630,58,9194.28
1630,59,9249.87
1630,60,9257.51
1630,61,9318.37
1630,62,9169.38
1630,63,9288.86
1630,64,9187.1
1630,65,9348.2
1630,66,9290.64
1630,67,9201.42
1630,68,9242.63
1630,69,9248.63
1630,70,9299.52
1630,71,9210.8
1630,72,9177.06
1630,73,9324.27
1630,74,9289.37
1630,75,9164.23
1630,76,9235.4
1630,77,9283.47
1630,78,9270.01
1630,79,9404.8
1630,80,9192.08
1630,81,9250.29
1630,82,9226.91
1630,83,9346.97
1630,84,9236.1
1630,85,9183.39
1630,86,9313.18
1630,87,9296.66
1630,88,9297.59
1630,89,9189.42
1630,90,9285.64
1630,91,9243.02
1630,92,9153.02
1630,93,9207.09
1630,94,9226.88
1630,95,9256.39
1630,96,9255.4
1630,97,9195.05
1630,98,9278.51
1630,99,9283.11
1640,0,9329.44
1640,1,9237.74
1640,2,9184.56
1640,3,9174.27
1640,4,9158.34
1640,5,9249.14
1640,6,9247.2
1640,7,9193.79
1640,8,9259.63
1640,9,9167.43
1640,10,9392.35
1640,11,9136.37
1640,12,9299.02
1640,13,9304.22
1640,14,9159.91
1640,15,9348.16
1640,16,9276.8
1640,17,9219.61
1640,18,9309.68
1640,19,9201.54
1640,20,9260.56
1640,21,9275.25
1640,22,9304.58
1640,23,9215.19
1640,24,9175.41
1640,25,9288.03
1640,26,9189.17
1640,27,9186.63
1640,28,9278.87
1640,29,9304.17
1640,30,9245.84
1640,31,9255.69
1640,32,9424.83
1640,33,9232.93
1640,34,9269.46
1640,35,9216.15
1640,36,9238.69
1640,37,9188.83
1640,38,9331.16
1640,39,9244.55
1640,40,9192.34
1640,41,9185.72
1640,42,9174.43
1640,43,9178.85
1640,44,9187.62
1640,45,9159.02
1640,46,9293.17
1640,47,9300.03
1640,48,9193.59
1640,49,9302.28
1640,50,9286.5
1640,51,9244.9
1640,52,9181.51
1640,53,9330.24
1640,54,9360.36
1640,55,9168.68
1640,56,9256.81
1640,57,9252.25
1640,58,9193.98
1640,59,9249.57
1640,60,9257.21
1640,61,9318.07
1640,62,9169.08
1640,63,9288.56
1640,64,9186.8
1640,65,9347.9
1640,66,9290.34
1640,67,9201.12
1640,68,9242.33
1640,69,9248.33
1640,70,9299.22
1640,71,9210.5
1640,72,9176.76
1640,73,9323.97
1640,74,9289.07
1640,75,9163.93
1640,76,9235.1
1640,77,9283.17
1640,78,9269.71
1640,79,9404.5
1640,80,9191.78
1640,81,9249.99
1640,82,9226.61
1640,83,9346.67
1640,84,9235.8
1640,85,9183.09
1640,86,9312.88
1640,87,9296.36
1640,88,9297.29
1640,89,9189.12
1640,90,9285.34
1640,91,9242.72
1640,92,9152.72
1640,93,9206.79
1640,94,9226.58
1640,95,9256.09
1640,96,9255.1
1640,97,9194.75
1640,98,9278.21
1640,99,9282.81
1650,0,9321.23
1650,1,9229.29
1650,2,9176.79
1650,3,9165.58
1650,4,9151.57
1650,5,9242
1650,6,9236.61
1650,7,9187.41
1650,8,9251.72
1650,9,9158.81
1650,10,9383.12
1650,11,9125.95
1650,12,9293.3
1650,13,9295.4
1650,14,9152.17
1650,15,9339.74
1650,16,9267.86
1650,17,9211.48
1650,18,9304.2
1650,19,9192.7
1650,20,9254.68
1650,21,9266.32
1650,22,9296.06
1650,23,9206.87
1650,24,9166.27
1650,25,9278.93
1650,26,9178.76
1650,27,9178.92
1650,28,9270.06
1650,29,9297.79
1650,30,9238.03
1650,31,9248.66
1650,32,9416.19
1650,33,9223.81
1650,34,9262.82
1650,35,9208.14
1650,36,9230.96
1650,37,9180.03
1650,38,9324.91
1650,39,9237.22
1650,40,9184.14
1650,41,9176.09
1650,42,9167.28
1650,43,9171.46
1650,44,9179.2
1650,45,9153.11
1650,46,9284.78
1650,47,9291.37
1650,48,9184.16
1650,49,9293.6
1650,50,9279.17
1650,51,9235.44
1650,52,9173.49
1650,53,9323.43
1650,54,9350.72
1650,55,9161.14
1650,56,9248.48
1650,57,9244.47
1650,58,9188.36
1650,59,9241
1650,60,9252.38
1650,61,9311.79
1650,62,9160.12
1650,63,9280.19
1650,64,9180.47
1650,65,9340.04
1650,66,9281.76
1650,67,9192.42
1650,68,9237.17
1650,69,9240.63
1650,70,9289.14
1650,71,9204.73
1650,72,9172.59
1650,73,9317.26
1650,74,9281.73
1650,75,9157.11
1650,76,9224.2
1650,77,9275.93
1650,78,9260.41
1650,79,9395.27
1650,80,9183.98
1650,81,9242.32
1650,82,9221.03
1650,83,9338.83
1650,84,9226.45
1650,85,9177.74
1650,86,9305.73
1650,87,9289.08
1650,88,9290.02
1650,89,9181.5
1650,90,9277.28
1650,91,9233.17
1650,92,9144.51
1650,93,9202.78
1650,94,9217.89
1650,95,9247.62
1650,96,9245.13
1650,97,9188.42
1650,98,9270.63
1650,99,9273.68
1660,0,9317.31
1660,1,9224.8
1660,2,9168.69
1660,3,9160.62
1660,4,9144.23
1660,5,9233.91
1660,6,9232.36
1660,7,9178.68
1660,8,9247.94
1660,9,9154.38
1660,10,9379.05
1660,11,9119.5
1660,12,9287.52
1660,13,9292.79
1660,14,9146.51
1660,15,9337.04
1660,16,9263.57
1660,17,9207.21
1660,18,9297.88
1660,19,9183.47
1660,20,9243.42
1660,21,9260.66
1660,22,9290.67
1660,23,9199.27
1660,24,9162.3
1660,25,9274.38
1660,26,9176.47
1660,27,9174.42
1660,28,9266.71
1660,29,9290.13
1660,30,9231.49
1660,31,9240.81
1660,32,9414.46
1660,33,9219.24
1660,34,9257.31
1660,35,9201.46
1660,36,9225.55
1660,37,9173.74
1660,38,9318.17
1660,39,9232.02
1660,40,9175.93
1660,41,9173.23
1660,42,9160.08
1660,43,9166.81
1660,44,9173.17
1660,45,9142.77
1660,46,9283.52
1660,47,9288.18
1660,48,9178.06
1660,49,9288.63
1660,50,9275.93
1660,51,9229.74
1660,52,9168.29
1660,53,9320.76
1660,54,9347.98
1660,55,9156.18
1660,56,9238.93
1660,57,9240.18
1660,58,9180.01
1660,59,9234.08
1660,60,9243.38
1660,61,9305.07
1660,62,9155.97
1660,63,9275.88
1660,64,9171.98
1660,65,9336.44
1660,66,9275.36
1660,67,9187.43
1660,68,9225.21
1660,69,9235.78
1660,70,9285.97
1660,71,9195.32
1660,72,9163.5
1660,73,9310.66
1660,74,9277.86
1660,75,9149.26
1660,76,9218.67
1660,77,9268.71
1660,78,9258.41
1660,79,9394.5
1660,80,9177.22
1660,81,9235.01
1660,82,9215.94
1660,83,9335.73
1660,84,9220.09
1660,85,9170.31
1660,86,9299.23
1660,87,9282.23
1660,88,9280.81
1660,89,9177.39
1660,90,9274.09
1660,91,9224.91
1660,92,9138.06
1660,93,9194.47
1660,94,9214.05
1660,95,9243.48
1660,96,9241.43
1660,97,9181.71
1660,98,9262.47
1660,99,9270.58
1670,0,9317.01
1670,1,9224.5
1670,2,9168.39
1670,3,9160.32
1670,4,9143.93
1670,5,9233.61
1670,6,9232.06
1670,7,9178.38
1670,8,9247.64
1670,9,9154.08
1670,10,9378.75
1670,11,9119.2
1670,12,9287.22
1670,13,9292.49
1670,14,9146.21
1670,15,9336.74
1670,16,9263.27
1670,17,9206.91
1670,18,9297.58
1670,19,9183.17
1670,20,9243.12
1670,21,9260.36
1670,22,9290.37
1670,23,9198.97
1670,24,9162
1670,25,9274.08
1670,26,9176.17
1670,27,9174.12
1670,28,9266.41
1670,29,9289.83
1670,30,9231.19
1670,31,9240.51
1670,32,9414.16
1670,33,9218.94
1670,34,9257.01
1670,35,9201.16
1670,36,9225.25
1670,37,9173.44
1670,38,9317.87
1670,39,9231.72
1670,40,9175.63
1670,41,9172.93
1670,42,9159.78
1670,43,9166.51
1670,44,9172.87
1670,45,9142.47
1670,46,9283.22
1670,47,9287.88
1670,48,9177.76
1670,49,9288.33
1670,50,9275.63
1670,51,9229.44
1670,52,9167.99
1670,53,9320.46
1670,54,9347.68
1670,55,9155.88
1670,56,9238.63
1670,57,9239.88
1670,58,9179.71
1670,59,9233.78
1670,60,9243.08
1670,61,9304.77
1670,62,9155.67
1670,63,9275.58
1670,64,9171.68
1670,65,9336.14
1670,66,9275.06
1670,67,9187.13
1670,68,9224.91
1670,69,9235.48
1670,70,9285.67
1670,71,9195.02
1670,72,9163.2
1670,73,9310.36
1670,74,9277.56
1670,75,9148.96
1670,76,9218.37
1670,77,9268.41
1670,78,9258.11
1670,79,9394.2
1670,80,9176.92
1670,81,9234.71
1670,82,9215.64
1670,83,9335.43
1670,84,9219.79
1670,85,9170.01
1670,86,9298.93
1670,87,9281.93
1670,88,9280.51
1670,89,9177.09
1670,90,9273.79
1670,91,9224.61
1670,92,9137.76
1670,93,9194.17
1670,94,9213.75
1670,95,9243.18
1670,96,9241.13
1670,97,9181.41
1670,98,9262.17
1670,99,9270.28
1680,0,9312.63
1680,1,9218.9
1680,2,9162.39
1680,3,9156.42
1680,4,9140.98
1680,5,9226.57
1680,6,9225.95
1680,7,9177.21
1680,8,9243.57
1680,9,9147.93
1680,10,9372.07
1680,11,9112.79
1680,12,9280.42
1680,13,9287.04
1680,14,9141.44
1680,15,9332.95
1680,16,9257.16
1680,17,9203.04
1680,18,9292.94
1680,19,9179.28
1680,20,9237.28
1680,21,9253.65
1680,22,9281.84
1680,23,9192.15
1680,24,9158.47
1680,25,9264.95
1680,26,9172.07
1680,27,9169.79
1680,28,9259.87
1680,29,9286.57
1680,30,9228
1680,31,9235.25
1680,32,9405.45
1680,33,9216.36
1680,34,9253.91
1680,35,9195.16
1680,36,9219.31
1680,37,9169.21
1680,38,9311.61
1680,39,9224.39
1680,40,9171.45
1680,41,9168.13
1680,42,9152.77
1680,43,9163.96
1680,44,9168.67
1680,45,9136.71
1680,46,9277.75
1680,47,9281.14
1680,48,9170.8
1680,49,9284.46
1680,50,9271.68
1680,51,9224.73
1680,52,9162.69
1680,53,9313.15
1680,54,9343.22
1680,55,9149.48
1680,56,9234.61
1680,57,9232.1
1680,58,9172.66
1680,59,9230.38
1680,60,9238.17
1680,61,9300.91
1680,62,9147.66
1680,63,9270.01
1680,64,9165.32
1680,65,9328.48
1680,66,9269.02
1680,67,9181.51
1680,68,9219.63
1680,69,9229.79
1680,70,9279.52
1680,71,9189.28
1680,72,9157.55
1680,73,9303.45
1680,74,9271.25
1680,75,9146.2
1680,76,9210.67
1680,77,9263.79
1680,78,9250.17
1680,79,9390.74
1680,80,9173.63
1680,81,9226.97
1680,82,9209.28
1680,83,9331.34
1680,84,9215.79
1680,85,9164.9
1680,86,9293.9
1680,87,9276.97
1680,88,9275.96
1680,89,9169.3
1680,90,9265.83
1680,91,9220.11
1680,92,9130.22
1680,93,9190.05
1680,94,9209.88
1680,95,9237.56
1680,96,9235.13
1680,97,9174.92
1680,98,9257.84
1680,99,9265.58
1690,0,9305.42
1690,1,9209.12
1690,2,9152.11
1690,3,9149.5
1690,4,9127.74
1690,5,9218.76
1690,6,9217.89
1690,7,9166.77
1690,8,9237.01
1690,9,9138.83
1690,10,9365.19
1690,11,9101.91
1690,12,9271.02
1690,13,9279.54
1690,14,9132.13
1690,15,9321.91
1690,16,9249.79
1690,17,9190.17
1690,18,9282.18
1690,19,9166.83
1690,20,9226.42
1690,21,9245.41
1690,22,9278.27
1690,23,9182.46
1690,24,9145.03
1690,25,9261.91
1690,26,9163.6
1690,27,9161.41
1690,28,9254.89
1690,29,9275.78
1690,30,9217.6
1690,31,9225.9
1690,32,9402.98
1690,33,9209.36
1690,34,9245.34
1690,35,9185.73
1690,36,9208.87
1690,37,9156.5
1690,38,9304.01
1690,39,9218.18
1690,40,9160.08
1690,41,9160.01
1690,42,9145.29
1690,43,9152.96
1690,44,9158.35
1690,45,9126.37
1690,46,9269.86
1690,47,9276
1690,48,9164.17
1690,49,9276.87
1690,50,9263.28
1690,51,9216.94
1690,52,9153.08
1690,53,9309.58
1690,54,9336.65
1690,55,9139.83
1690,56,9222.91
1690,57,9226.29
1690,58,9165.23
1690,59,9220.76
1690,60,9231.26
1690,61,9292.6
1690,62,9140.23
1690,63,9261.51
1690,64,9157.27
1690,65,9324.67
1690,66,9260.74
1690,67,9171.14
1690,68,9209.56
1690,69,9223.35
1690,70,9272.23
1690,71,9180.93
1690,72,9147.92
1690,73,9295.47
1690,74,9264.78
1690,75,9136.8
1690,76,9201.51
1690,77,9251.54
1690,78,9246.08
1690,79,9384.11
1690,80,9163.09
1690,81,9223.54
1690,82,9203.45
1690,83,9323.4
1690,84,9206.28
1690,85,9156.05
1690,86,9284.7
1690,87,9268.51
1690,88,9264.79
1690,89,9164.6
1690,90,9260.19
1690,91,9208.63
1690,92,9123.33
1690,93,9181.95
1690,94,9200.79
1690,95,9231.83
1690,96,9227.76
1690,97,9167.11
1690,98,9246.15
1690,99,9259.89
1700,0,9305.12
1700,1,9208.82
1700,2,9151.81
1700,3,9149.2
1700,4,9127.44
1700,5,9218.46
1700,6,9217.59
1700,7,9166.47
1700,8,9236.71
1700,9,9138.53
1700,10,9364.89
1700,11,9101.61
1700,12,9270.72
1700,13,9279.24
1700,14,9131.83
1700,15,9321.61
1700,16,9249.49
1700,17,9189.87
1700,18,9281.88
1700,19,9166.53
1700,20,9226.12
1700,21,9245.11
1700,22,9277.97
1700,23,9182.16
1700,24,9144.73
1700,25,9261.61
1700,26,9163.3
1700,27,9161.11
1700,28,9254.59
1700,29,9275.48
1700,30,9217.3
1700,31,9225.6
1700,32,9402.68
1700,33,9209.06
1700,34,9245.04
1700,35,9185.43
1700,36,9208.57
1700,37,9156.2
1700,38,9303.71
1700,39,9217.88
1700,40,9159.78
1700,41,9159.71
1700,42,9144.99
1700,43,9152.66
1700,44,9158.05
1700,45,9126.07
1700,46,9269.56
1700,47,9275.7
1700,48,9163.87
1700,49,9276.57
1700,50,9262.98
1700,51,9216.64
1700,52,9152.78
1700,53,9309.28
1700,54,9336.35
1700,55,9139.53
1700,56,9222.61
1700,57,9225.99
1700,58,9164.93
1700,59,9220.46
1700,60,9230.96
1700,61,9292.3
1700,62,9139.93
1700,63,9261.21
1700,64,9156.97
1700,65,9324.37
1700,66,9260.44
1700,67,9170.84
1700,68,9209.26
1700,69,9223.05
1700,70,9271.93
1700,71,9180.63
1700,72,9147.62
1700,73,9295.17
1700,74,9264.48
1700,75,9136.5
1700,76,9201.21
1700,77,9251.24
1700,78,9245.78
1700,79,9383.81
1700,80,9162.79
1700,81,9223.24
1700,82,9203.15
1700,83,9323.1
1700,84,9205.98
1700,85,9155.75
1700,86,9284.4
1700,87,9268.21
1700,88,9264.49
1700,89,9164.3
1700,90,9259.89
1700,91,9208.33
1700,92,9123.03
1700,93,9181.65
1700,94,9200.49
1700,95,9231.53
1700,96,9227.46
1700,97,9166.81
1700,98,9245.85
1700,99,9259.59
1710,0,9301.63
1710,1,9206.61
1710,2,9149.1
1710,3,9145.34
1710,4,9124.49
1710,5,9215.68
1710,6,9215.51
1710,7,9165.28
1710,8,9233.29
1710,9,9136.19
1710,10,9361.68
1710,11,9098.74
1710,12,9267.03
1710,13,9274.2
1710,14,9128.42
1710,15,9317.78
1710,16,9245.16
1710,17,9186.12
1710,18,9281.58
1710,19,9164.29
1710,20,9222.62
1710,21,9241.76
1710,22,9273.3
1710,23,9179.82
1710,24,9141.15
1710,25,9257.84
1710,26,9160.67
1710,27,9156.79
1710,28,9250.77
1710,29,9272.14
1710,30,9214.07
1710,31,9221.86
1710,32,9399.14
1710,33,9206.5
1710,34,9241.95
1710,35,9184.24
1710,36,9205.7
1710,37,9152.03
1710,38,9301.4
1710,39,9214.36
1710,40,9157.73
1710,41,9154.91
1710,42,9142.65
1710,43,9150.06
1710,44,9154.81
1710,45,9125.77
1710,46,9266.76
1710,47,9271.31
1710,48,9161.31
1710,49,9272.6
1710,50,9261.15
1710,51,9211.96
1710,52,9149.54
1710,53,9306.78
1710,54,9331.86
1710,55,9137.01
1710,56,9220.9
1710,57,9222.73
1710,58,9159.82
1710,59,9216.97
1710,60,9226.59
1710,61,9288.24
1710,62,9137.04
1710,63,9256.22
1710,64,9154.99
1710,65,9320.64
1710,66,9256.8
1710,67,9169.2
1710,68,9206.19
1710,69,9220.87
1710,70,9266.5
1710,71,9176.95
1710,72,9144.63
1710,73,9291.71
1710,74,9259.55
1710,75,9133.02
1710,76,9198.72
1710,77,9250.94
1710,78,9241.61
1710,79,9380.35
1710,80,9159.55
1710,81,9218.86
1710,82,9200.4
1710,83,9319.47
1710,84,9203.81
1710,85,9155.45
1710,86,9280.67
1710,87,9265.14
1710,88,9264.19
1710,89,9160.87
1710,90,9256.54
1710,91,9203.83
1710,92,9120.05
1710,93,9178.27
1710,94,9196.61
1710,95,9228.56
1710,96,9224.42
1710,97,9163.15
1710,98,9241.61
1710,99,9256.24
1720,0,9293.46
1720,1,9197.19
1720,2,9139.95
1720,3,9139.17
1720,4,9115.82
1720,5,9207.28
1720,6,9207.01
1720,7,9156.39
1720,8,9222.84
1720,9,9123.58
1720,10,9351.67
1720,11,9088.6
1720,12,9259.5
1720,13,9269.12
1720,14,9118.24
1720,15,9312.18
1720,16,9236.61
1720,17,9176.92
1720,18,9270.02
1720,19,9154.05
1720,20,9212.59
1720,21,9231.21
1720,22,9267.24
1720,23,9169.35
1720,24,9132.62
1720,25,9252.25
1720,26,9151.09
1720,27,9151.24
1720,28,9242.25
1720,29,9265.12
1720,30,9208.21
1720,31,9214.13
1720,32,9393.64
1720,33,9200
1720,34,9234.7
1720,35,9173.11
1720,36,9194.02
1720,37,9143.22
1720,38,9288.8
1720,39,9208.35
1720,40,9146.39
1720,41,9149.73
1720,42,9130.99
1720,43,9141.12
1720,44,9142.4
1720,45,9114.95
1720,46,9258.3
1720,47,9266.04
1720,48,9152.03
1720,49,9265
1720,50,9252.5
1720,51,9205.72
1720,52,9142.97
1720,53,9298.42
1720,54,9325.2
1720,55,9127.68
1720,56,9209.35
1720,57,9215.47
1720,58,9154.2
1720,59,9207.29
1720,60,9220.37
1720,61,9280
1720,62,9125.4
1720,63,9250.61
1720,64,9146.27
1720,65,9314.32
1720,66,9247.1
1720,67,9154.63
1720,68,9197.8
1720,69,9211.66
1720,70,9258.12
1720,71,9166.52
1720,72,9137.05
1720,73,9283.31
1720,74,9255.45
1720,75,9123.26
1720,76,9188.13
1720,77,9239.59
1720,78,9236.3
1720,79,9373.96
1720,80,9150.76
1720,81,9212.34
1720,82,9191.89
1720,83,9311.36
1720,84,9193.25
1720,85,9142.11
1720,86,9270.26
1720,87,9254.79
1720,88,9253.22
1720,89,9151.87
1720,90,9247.77
1720,91,9196.71
1720,92,9112.6
1720,93,9169.47
1720,94,9190.98
1720,95,9218.77
1720,96,9217.53
1720,97,9154.39
1720,98,9235.34
1720,99,9248.95
1730,0,9293.16
1730,1,9196.89
1730,2,9139.65
1730,3,9138.87
1730,4,9115.52
1730,5,9206.98
1730,6,9206.71
1730,7,9156.09
1730,8,9222.54
1730,9,9123.28
1730,10,9351.37
1730,11,9088.3
1730,12,9259.2
1730,13,9268.82
1730,14,9117.94
1730,15,9311.88
1730,16,9236.31
1730,17,9176.62
1730,18,9269.72
1730,19,9153.75
1730,20,9212.29
1730,21,9230.91
1730,22,9266.94
1730,23,9169.05
1730,24,9132.32
1730,25,9251.95
1730,26,9150.79
1730,27,9150.94
1730,28,9241.95
1730,29,9264.82
1730,30,9207.91
1730,31,9213.83
1730,32,9393.34
1730,33,9199.7
1730,34,9234.4
1730,35,9172.81
1730,36,9193.72
1730,37,9142.92
1730,38,9288.5
1730,39,9208.05
1730,40,9146.09
1730,41,9149.43
1730,42,9130.69
1730,43,9140.82
1730,44,9142.1
1730,45,9114.65
1730,46,9258
1730,47,9265.74
1730,48,9151.73
1730,49,9264.7
1730,50,9252.2
1730,51,9205.42
1730,52,9142.67
1730,53,9298.12
1730,54,9324.9
1730,55,9127.38
1730,56,9209.05
1730,57,9215.17
1730,58,9153.9
1730,59,9206.99
1730,60,9220.07
1730,61,9279.7
1730,62,9125.1
1730,63,9250.31
1730,64,9145.97
1730,65,9314.02
1730,66,9246.8
1730,67,9154.33
1730,68,9197.5
1730,69,9211.36
1730,70,9257.82
1730,71,9166.22
1730,72,9136.75
1730,73,9283.01
1730,74,9255.15
1730,75,9122.96
1730,76,9187.83
1730,77,9239.29
1730,78,9236
1730,79,9373.66
1730,80,9150.46
1730,81,9212.04
1730,82,9191.59
1730,83,9311.06
1730,84,9192.95
1730,85,9141.81
1730,86,9269.96
1730,87,9254.49
1730,88,9252.92
1730,89,9151.57
1730,90,9247.47
1730,91,9196.41
1730,92,9112.3
1730,93,9169.17
1730,94,9190.68
1730,95,9218.47
1730,96,9217.23
1730,97,9154.09
1730,98,9235.04
1730,99,9248.65
1740,0,9292.86
1740,1,9196.59
1740,2,9136.94
1740,3,9138.57
1740,4,9115.22
1740,5,9204.23
1740,6,9206.41
1740,7,9155.74
1740,8,9220.65
1740,9,9120.88
1740,10,9351.07
1740,11,9088
1740,12,9258.9
1740,13,9266.79
1740,14,9117.64
1740,15,9309.99
1740,16,9234.89
1740,17,9174.53
1740,18,9269.42
1740,19,9151.47
1740,20,9210.34
1740,21,9230.61
1740,22,9265.33
1740,23,9167.41
1740,24,9132.02
1740,25,9249.82
1740,26,9148.55
1740,27,9150.64
1740,28,9240.4
1740,29,9264.52
1740,30,9207.18
1740,31,9213.53
1740,32,9392.07
1740,33,9198.43
1740,34,9234.1
1740,35,9171.62
1740,36,9190.88
1740,37,9142.62
1740,38,9286.08
1740,39,9205.49
1740,40,9144.01
1740,41,9147.84
1740,42,9130.39
1740,43,9140.46
1740,44,9141.8
1740,45,9114.35
1740,46,9257.7
1740,47,9263.21
1740,48,9150.33
1740,49,9264.35
1740,50,9250.57
1740,51,9204.23
1740,52,9142.37
1740,53,9295.6
1740,54,9322.8
1740,55,9127.08
1740,56,9207.75
1740,57,9211.85
1740,58,9151.12
1740,59,9204.9
1740,60,9219.77
1740,61,9279.4
1740,62,9124.8
1740,63,9250.01
1740,64,9144.01
1740,65,9312.14
1740,66,9246.5
1740,67,9154.03
1740,68,9196.16
1740,69,9209.27
1740,70,9256.75
1740,71,9165.92
1740,72,9136.45
1740,73,9281.14
1740,74,9253.24
1740,75,9122.66
1740,76,9186.83
1740,77,9238.99
1740,78,9234.42
1740,79,9371.91
1740,80,9150.16
1740,81,9209.71
1740,82,9191.29
1740,83,9310.76
1740,84,9190.73
1740,85,9141.51
1740,86,9269.66
1740,87,9254.19
1740,88,9252.62
1740,89,9151.21
1740,90,9247.11
1740,91,9194.91
1740,92,9110.79
1740,93,9168.87
1740,94,9187.9
1740,95,9218.17
1740,96,9216.93
1740,97,9153.79
1740,98,9234.74
1740,99,9248.35
1750,0,9281.53
1750,1,9186.64
1750,2,9124.55
1750,3,9126.04
1750,4,9102.45
1750,5,9195.69
1750,6,9192.38
1750,7,9144.4
1750,8,9207.81
1750,9,9108.75
1750,10,9337.92
1750,11,9071.25
1750,12,9245.45
1750,13,9257.92
1750,14,9104.58
1750,15,9302.93
1750,16,9222.67
1750,17,9163.45
1750,18,9256.25
1750,19,9141.74
1750,20,9200.27
1750,21,9216.36
1750,22,9254.35
1750,23,9156.42
1750,24,9120.31
1750,25,9241.18
1750,26,9140.77
1750,27,9136.98
1750,28,9231.92
1750,29,9251.98
1750,30,9199.18
1750,31,9202.11
1750,32,9383.94
1750,33,9189.64
1750,34,9224.46
1750,35,9159.56
1750,36,9180.8
1750,37,9131.02
1750,38,9273.57
1750,39,9198.74
1750,40,9130.53
1750,41,9135.38
1750,42,9115.99
1750,43,9127.39
1750,44,9128.88
1750,45,9100.44
1750,46,9247.01
1750,47,9255.77
1750,48,9139.89
1750,49,9250.1
1750,50,9236.28
1750,51,9190.91
1750,52,9128.95
1750,53,9288.52
1750,54,9312.55
1750,55,9111.58
1750,56,9195.07
1750,57,9203.93
1750,58,9142.35
1750,59,9193.71
1750,60,9208.66
1750,61,9265.16
1750,62,9111.59
1750,63,9237.6
1750,64,9130.51
1750,65,9303.99
1750,66,9232.43
1750,67,9139.43
1750,68,9186.92
1750,69,9199.81
1750,70,9244.39
1750,71,9152.41
1750,72,9125.78
1750,73,9271.56
1750,74,9244.23
1750,75,9109.98
1750,76,9174.42
1750,77,9227.57
1750,78,9224.95
1750,79,9364.98
1750,80,9139.14
1750,81,9199.99
1750,82,9180.46
1750,83,9299.84
1750,84,9180.34
1750,85,9128.37
1750,86,9256.9
1750,87,9241.07
1750,88,9239.51
1750,89,9138.61
1750,90,9234.31
1750,91,9185.08
1750,92,9100.71
1750,93,9157.2
1750,94,9180.77
1750,95,9206.86
1750,96,9204.77
1750,97,9141.56
1750,98,9224.5
1750,99,9238
1760,0,9281.23
1760,1,9186.34
1760,2,9124.25
1760,3,9125.74
1760,4,9102.15
1760,5,9195.39
1760,6,9192.08
1760,7,9144.1
1760,8,9207.51
1760,9,9108.45
1760,10,9337.62
1760,11,9070.95
1760,12,9245.15
1760,13,9257.62
1760,14,9104.28
1760,15,9302.63
1760,16,9222.37
1760,17,9163.15
1760,18,9255.95
1760,19,9141.44
1760,20,9199.97
1760,21,9216.06
1760,22,9254.05
1760,23,9156.12
1760,24,9120.01
1760,25,9240.88
1760,26,9140.47
1760,27,9136.68
1760,28,9231.62
1760,29,9251.68
1760,30,9198.88
1760,31,9201.81
1760,32,9383.64
1760,33,9189.34
1760,34,9224.16
1760,35,9159.26
1760,36,9180.5
1760,37,9130.72
1760,38,9273.27
1760,39,9198.44
1760,40,9130.23
1760,41,9135.08
1760,42,9115.69
1760,43,9127.09
1760,44,9128.58
1760,45,9100.14
1760,46,9246.71
1760,47,9255.47
1760,48,9139.59
1760,49,9249.8
1760,50,9235.98
1760,51,9190.61
1760,52,9128.65
1760,53,9288.22
1760,54,9312.25
1760,55,9111.28
1760,56,9194.77
1760,57,9203.63
1760,58,9142.05
1760,59,9193.41
1760,60,9208.36
1760,61,9264.86
1760,62,9111.29
1760,63,9237.3
1760,64,9130.21
1760,65,9303.69
1760,66,9232.13
1760,67,9139.13
1760,68,9186.62
1760,69,9199.51
1760,70,9244.09
1760,71,9152.11
1760,72,9125.48
1760,73,9271.26
1760,74,9243.93
1760,75,9109.68
1760,76,9174.12
1760,77,9227.27
1760,78,9224.65
1760,79,9364.68
1760,80,9138.84
1760,81,9199.69
1760,82,9180.16
1760,83,9299.54
1760,84,9180.04
1760,85,9128.07
1760,86,9256.6
1760,87,9240.77
1760,88,9239.21
1760,89,9138.31
1760,90,9234.01
1760,91,9184.78
1760,92,9100.41
1760,93,9156.9
1760,94,9180.47
1760,95,9206.56
1760,96,9204.47
1760,97,9141.26
1760,98,9224.2
1760,99,9237.7
1770,0,9280.93
1770,1,9186.04
1770,2,9123.95
1770,3,9125.44
1770,4,9101.85
1770,5,9195.09
1770,6,9191.78
1770,7,9143.74
1770,8,9207.21
1770,9,9108.15
1770,10,9337.32
1770,11,9070.65
1770,12,9244.85
1770,13,9257.32
1770,14,9103.98
1770,15,9302.33
1770,16,9222.07
1770,17,9162.85
1770,18,9255.65
1770,19,9141.14
1770,20,9199.67
1770,21,9215.76
1770,22,9253.75
1770,23,9155.82
1770,24,9119.71
1770,25,9240.02
1770,26,9140.17
1770,27,9136.38
1770,28,9231.32
1770,29,9251.38
1770,30,9198.58
1770,31,9201.51
1770,32,9383.28
1770,33,9188.98
1770,34,9223.86
1770,35,9158.09
1770,36,9180.2
1770,37,9130.42
1770,38,9272.97
1770,39,9198.07
1770,40,9129.93
1770,41,9134.78
1770,42,9115.39
1770,43,9126.79
1770,44,9128.28
1770,45,9099.84
1770,46,9246.41
1770,47,9255.17
1770,48,9139.29
1770,49,9249.5
1770,50,9235.68
1770,51,9190.31
1770,52,9128.35
1770,53,9287.92
1770,54,9311.95
1770,55,9110.98
1770,56,9194.47
1770,57,9203.33
1770,58,9141.75
1770,59,9193.11
1770,60,9208.06
1770,61,9264.56
1770,62,9110.99
1770,63,9237
1770,64,9129.91
1770,65,9303.39
1770,66,9231.83
1770,67,9138.83
1770,68,9186.32
1770,69,9199.21
1770,70,9243.79
1770,71,9151.81
1770,72,9125.18
1770,73,9270.96
1770,74,9243.63
1770,75,9109.38
1770,76,9173.82
1770,77,9226.97
1770,78,9224.35
1770,79,9364.38
1770,80,9138.54
1770,81,9199.39
1770,82,9179.86
1770,83,9299.24
1770,84,9179.74
1770,85,9127.77
1770,86,9256.3
1770,87,9240.47
1770,88,9238.91
1770,89,9138.01
1770,90,9233.71
1770,91,9184.48
1770,92,9100.11
1770,93,9156.6
1770,94,9180.17
1770,95,9206.26
1770,96,9204.17
1770,97,9140.96
1770,98,9223.9
1770,99,9237.4
1780,0,9267.8
1780,1,9172.34
1780,2,9111.67
1780,3,9114.68
1780,4,9089.3
1780,5,9181.97
1780,6,9178.33
1780,7,9129.3
1780,8,9195.41
1780,9,9092.25
1780,10,9323.81
1780,11,9057.38
1780,12,9233.35
1780,13,9246.67
1780,14,9091.52
1780,15,9290.45
1780,16,9209.63
1780,17,9146.47
1780,18,9244.03
1780,19,9127.5
1780,20,9186.64
1780,21,9201.26
1780,22,9242.07
1780,23,9141
1780,24,9103.72
1780,25,9231.17
1780,26,9130.07
1780,27,9126.65
1780,28,9219.66
1780,29,9239.88
1780,30,9187.25
1780,31,9187.38
1780,32,9373.71
1780,33,9179.6
1780,34,9214.86
1780,35,9147.58
1780,36,9166.45
1780,37,9113.9
1780,38,9259.58
1780,39,9188.14
1780,40,9116.49
1780,41,9123.56
1780,42,9102.35
1780,43,9114.75
1780,44,9112.99
1780,45,9086.03
1780,46,9236.35
1780,47,9243.57
1780,48,9124.74
1780,49,9235.46
1780,50,9223.22
1780,51,9175.67
1780,52,9115.27
1780,53,9276.96
1780,54,9301.86
1780,55,9096.09
1780,56,9182.79
1780,57,9192.75
1780,58,9127.13
1780,59,9180
1780,60,9197.18
1780,61,9251.26
1780,62,9097.33
1780,63,9222.53
1780,64,9115.97
1780,65,9293.68
1780,66,9217.63
1780,67,9124.08
1780,68,9175.59
1780,69,9188.98
1780,70,9231.52
1780,71,9138.4
1780,72,9112.13
1780,73,9259.24
1780,74,9232.79
1780,75,9096.95
1780,76,9160.02
1780,77,9215.48
1780,78,9213.33
1780,79,9355.22
1780,80,9127.91
1780,81,9188.64
1780,82,9170.07
1780,83,9288.08
1780,84,9167.24
1780,85,9114.8
1780,86,9244.69
1780,87,9227.35
1780,88,9227.89
1780,89,9126.31
1780,90,9221.07
1780,91,9170.38
1780,92,9087.54
1780,93,9144.87
1780,94,9167.41
1780,95,9195.63
1780,96,9191.26
1780,97,9130.84
1780,98,9208.12
1780,99,9227.15
1790,0,9267.5
1790,1,9172.04
1790,2,9111.37
1790,3,9114.38
1790,4,9089
1790,5,9181.67
1790,6,9178.03
1790,7,9129
1790,8,9195.11
1790,9,9091.95
1790,10,9323.51
1790,11,9057.08
1790,12,9233.05
1790,13,9246.37
1790,14,9091.22
1790,15,9290.15
1790,16,9209.33
1790,17,9146.17
1790,18,9243.73
1790,19,9127.2
1790,20,9186.34
1790,21,9200.96
1790,22,9241.77
1790,23,9140.7
1790,24,9103.42
1790,25,9230.87
1790,26,9129.77
1790,27,9126.35
1790,28,9219.36
1790,29,9239.58
1790,30,9186.95
1790,31,9187.08
1790,32,9373.41
1790,33,9179.3
1790,34,9214.56
1790,35,9147.28
1790,36,9166.15
1790,37,9113.6
1790,38,9259.28
1790,39,9187.84
1790,40,9116.19
1790,41,9123.26
1790,42,9102.05
1790,43,9114.45
1790,44,9112.69
1790,45,9085.73
1790,46,9236.05
1790,47,9243.27
1790,48,9124.44
1790,49,9235.16
1790,50,9222.92
1790,51,9175.37
1790,52,9114.97
1790,53,9276.66
1790,54,9301.56
1790,55,9095.79
1790,56,9182.49
1790,57,9192.45
1790,58,9126.83
1790,59,9179.7
1790,60,9196.88
1790,61,9250.96
1790,62,9097.03
1790,63,9222.23
1790,64,9115.67
1790,65,9293.38
1790,66,9217.33
1790,67,9123.78
1790,68,9175.29
1790,69,9188.68
1790,70,9231.22
1790,71,9138.1
1790,72,9111.83
1790,73,9258.94
1790,74,9232.49
1790,75,9096.65
1790,76,9159.72
1790,77,9215.18
1790,78,9213.03
1790,79,9354.92
1790,80,9127.61
1790,81,9188.34
1790,82,9169.77
1790,83,9287.78
1790,84,9166.94
1790,85,9114.5
1790,86,9244.39
1790,87,9227.05
1790,88,9227.59
1790,89,9126.01
1790,90,9220.77
1790,91,9170.08
1790,92,9087.24
1790,93,9144.57
1790,94,9167.11
1790,95,9195.33
1790,96,9190.96
1790,97,9130.54
1790,98,9207.82
1790,99,9226.85
1800,0,9267.2
1800,1,9171.74
1800,2,9111.07
1800,3,9114.08
1800,4,9088.7
1800,5,9181.37
1800,6,9177.73
1800,7,9128.7
1800,8,9194.81
1800,9,9091.65
1800,10,9323.21
1800,11,9056.78
1800,12,9232.75
1800,13,9246.07
1800,14,9090.92
1800,15,9289.85
1800,16,9209.03
1800,17,9145.87
1800,18,9243.43
1800,19,9126.9
1800,20,9186.04
1800,21,9200.66
1800,22,9241.47
1800,23,9140.4
1800,24,9103.12
1800,25,9230.57
1800,26,9129.47
1800,27,9126.05
1800,28,9219.06
1800,29,9239.28
1800,30,9186.65
1800,31,9186.78
1800,32,9373.11
1800,33,9179
1800,34,9214.26
1800,35,9146.98
1800,36,9165.85
1800,37,9113.3
1800,38,9258.98
1800,39,9187.54
1800,40,9115.89
1800,41,9122.96
1800,42,9101.75
1800,43,9114.15
1800,44,9112.39
1800,45,9085.43
1800,46,9235.75
1800,47,9242.97
1800,48,9124.14
1800,49,9234.86
1800,50,9222.62
1800,51,9175.07
1800,52,9114.67
1800,53,9276.36
1800,54,9301.26
1800,55,9095.49
1800,56,9182.19
1800,57,9192.15
1800,58,9126.53
1800,59,9179.4
1800,60,9196.58
1800,61,9250.66
1800,62,9096.73
1800,63,9221.93
1800,64,9115.37
1800,65,9293.08
1800,66,9217.03
1800,67,9123.48
1800,68,9174.99
1800,69,9188.38
1800,70,9230.92
1800,71,9137.8
1800,72,9111.53
1800,73,9258.64
1800,74,9232.19
1800,75,9096.35
1800,76,9159.42
1800,77,9214.88
1800,78,9212.73
1800,79,9354.62
1800,80,9127.31
1800,81,9188.04
1800,82,9169.47
1800,83,9287.48
1800,84,9166.64
1800,85,9114.2
1800,86,9244.09
1800,87,9226.75
1800,88,9227.29
1800,89,9125.71
1800,90,9220.47
1800,91,9169.78
1800,92,9086.94
1800,93,9144.27
1800,94,9166.81
1800,95,9195.03
1800,96,9190.66
1800,97,9130.24
1800,98,9207.52
1800,99,9226.55
1810,0,9255.18
1810,1,9158.71
1810,2,9096.36
1810,3,9102
1810,4,9071.76
1810,5,9169.45
1810,6,9166.93
1810,7,9113.49
1810,8,9182.54
1810,9,9075.75
1810,10,9311.69
1810,11,9040.31
1810,12,9220.73
1810,13,9236.3
1810,14,9081.53
1810,15,9278.32
1810,16,9195.8
1810,17,9131.42
1810,18,9231.79
1810,19,9114.92
1810,20,9176.65
1810,21,9186.38
1810,22,9230.03
1810,23,9127.58
1810,24,9089.09
1810,25,9221.66
1810,26,9118.71
1810,27,9113.51
1810,28,9207.31
1810,29,9227.87
1810,30,9176.42
1810,31,9173.9
1810,32,9364.46
1810,33,9170.41
1810,34,9203.69
1810,35,9135.38
1810,36,9152.88
1810,37,9099.02
1810,38,9242.26
1810,39,9178.49
1810,40,9100.87
1810,41,9112.59
1810,42,9092
1810,43,9102
1810,44,9100.9
1810,45,9072.13
1810,46,9225.37
1810,47,9233.72
1810,48,9109.57
1810,49,9220.46
1810,50,9209.98
1810,51,9160.41
1810,52,9102.49
1810,53,9267.11
1810,54,9291.4
1810,55,9082.68
1810,56,9167.83
1810,57,9182.13
1810,58,9111.58
1810,59,9166.27
1810,60,9184.24
1810,61,9236.83
1810,62,9081.67
1810,63,9210.16
1810,64,9101.93
1810,65,9282.62
1810,66,9202.73
1810,67,9108.39
1810,68,9160.77
1810,69,9177.64
1810,70,9221.14
1810,71,9125.75
1810,72,9097.72
1810,73,9244.68
1810,74,9223.41
1810,75,9084.4
1810,76,9146.2
1810,77,9203.33
1810,78,9201.06
1810,79,9345.18
1810,80,9117.52
1810,81,9177.33
1810,82,9160.42
1810,83,9275.69
1810,84,9153.15
1810,85,9101.81
1810,86,9231.33
1810,87,9213.61
1810,88,9212.02
1810,89,9113.62
1810,90,9207.41
1810,91,9157.91
1810,92,9073.68
1810,93,9132.19
1810,94,9156.84
1810,95,9182.76
1810,96,9180.88
1810,97,9120.15
1810,98,9191.75
1810,99,9212.77
1820,0,9254.88
1820,1,9158.41
1820,2,9096.06
1820,3,9101.7
1820,4,9071.46
1820,5,9169.15
1820,6,9166.63
1820,7,9113.19
1820,8,9182.24
1820,9,9075.45
1820,10,9311.39
1820,11,9040.01
1820,12,9220.43
1820,13,9236
1820,14,9081.23
1820,15,9278.02
1820,16,9195.5
1820,17,9131.12
1820,18,9231.49
1820,19,9114.62
1820,20,9176.35
1820,21,9186.08
1820,22,9229.73
1820,23,9127.28
1820,24,9088.79
1820,25,9221.36
1820,26,9118.41
1820,27,9113.21
1820,28,9207.01
1820,29,9227.57
1820,30,9176.12
1820,31,9173.6
1820,32,9364.16
1820,33,9170.11
1820,34,9203.39
1820,35,9135.08
1820,36,9152.58
1820,37,9098.72
1820,38,9241.96
1820,39,9178.19
1820,40,9100.57
1820,41,9112.29
1820,42,9091.7
1820,43,9101.7
1820,44,9100.6
1820,45,9071.83
1820,46,9225.07
1820,47,9233.42
1820,48,9109.27
1820,49,9220.16
1820,50,9209.68
1820,51,9160.11
1820,52,9102.19
1820,53,9266.81
1820,54,9291.1
1820,55,9082.38
1820,56,9167.53
1820,57,9181.83
1820,58,9111.28
1820,59,9165.97
1820,60,9183.94
1820,61,9236.53
1820,62,9081.37
1820,63,9209.86
1820,64,9101.63
1820,65,9282.32
1820,66,9202.43
1820,67,9108.09
1820,68,9160.47
1820,69,9177.34
1820,70,9220.84
1820,71,9125.45
1820,72,9097.42
1820,73,9244.38
1820,74,9223.11
1820,75,9084.1
1820,76,9145.9
1820,77,9203.03
1820,78,9200.76
1820,79,9344.88
1820,80,9117.22
1820,81,9177.03
1820,82,9160.12
1820,83,9275.39
1820,84,9152.85
1820,85,9101.51
1820,86,9231.03
1820,87,9213.31
1820,88,9211.72
1820,89,9113.32
1820,90,9207.11
1820,91,9157.61
1820,92,9073.38
1820,93,9131.89
1820,94,9156.54
1820,95,9182.46
1820,96,9180.58
1820,97,9119.85
1820,98,9191.45
1820,99,9212.47
1830,0,9254.58
1830,1,9158.11
1830,2,9095.76
1830,3,9101.4
1830,4,9071.16
1830,5,9168.85
1830,6,9166.33
1830,7,9112.89
1830,8,9181.94
1830,9,9075.15
1830,10,9311.09
1830,11,9039.71
1830,12,9220.13
1830,13,9235.7
1830,14,9080.93
1830,15,9277.72
1830,16,9195.2
1830,17,9130.82
1830,18,9231.19
1830,19,9114.32
1830,20,9176.05
1830,21,9185.78
1830,22,9229.43
1830,23,9126.98
1830,24,9088.49
1830,25,9221.06
1830,26,9118.11
1830,27,9112.91
1830,28,9206.71
1830,29,9227.27
1830,30,9175.82
1830,31,9173.3
1830,32,9363.86
1830,33,9169.81
1830,34,9203.09
1830,35,9134.78
1830,36,9152.28
1830,37,9098.42
1830,38,9241.66
1830,39,9177.89
1830,40,9100.27
1830,41,9111.99
1830,42,9091.4
1830,43,9101.4
1830,44,9100.3
1830,45,9071.53
1830,46,9224.77
1830,47,9233.12
1830,48,9108.97
1830,49,9219.86
1830,50,9209.38
1830,51,9159.81
1830,52,9101.89
1830,53,9266.51
1830,54,9290.8
1830,55,9082.08
1830,56,9167.23
1830,57,9181.53
1830,58,9110.98
1830,59,9165.67
1830,60,9183.64
1830,61,9236.23
1830,62,9081.07
1830,63,9209.56
1830,64,9101.33
1830,65,9282.02
1830,66,9202.13
1830,67,9107.79
1830,68,9160.17
1830,69,9177.04
1830,70,9220.54
1830,71,9125.15
1830,72,9097.12
1830,73,9244.08
1830,74,9222.81
1830,75,9083.8
1830,76,9145.6
1830,77,9202.73
1830,78,9200.46
1830,79,9344.58
1830,80,9116.92
1830,81,9176.73
1830,82,9159.82
1830,83,9275.09
1830,84,9152.55
1830,85,9101.21
1830,86,9230.73
1830,87,9213.01
1830,88,9211.42
1830,89,9113.02
1830,90,9206.81
1830,91,9157.31
1830,92,9073.08
1830,93,9131.59
1830,94,9156.24
1830,95,9182.16
1830,96,9180.28
1830,97,9119.55
1830,98,9191.15
1830,99,9212.17
1840,0,9243.61
1840,1,9148.07
1840,2,9084.22
1840,3,9089.03
1840,4,9060.36
1840,5,9154.92
1840,6,9155.43
1840,7,9102.69
1840,8,9174.09
1840,9,9061.83
1840,10,9298.64
1840,11,9027.56
1840,12,9208.24
1840,13,9226.06
1840,14,9068.37
1840,15,9268.99
1840,16,9183.5
1840,17,9115.7
1840,18,9219.52
1840,19,9103.84
1840,20,9166.85
1840,21,9170.93
1840,22,9220.57
1840,23,9116.94
1840,24,9076.22
1840,25,9213.98
1840,26,9105.93
1840,27,9103.29
1840,28,9198.22
1840,29,9216.26
1840,30,9166.47
1840,31,9160.08
1840,32,9353.82
1840,33,9159.79
1840,34,9193.11
1840,35,9121.74
1840,36,9139.36
1840,37,9085.37
1840,38,9232.19
1840,39,9169.53
1840,40,9088.25
1840,41,9100.59
1840,42,9080.22
1840,43,9091.3
1840,44,9088.64
1840,45,9058.78
1840,46,9213.09
1840,47,9223.74
1840,48,9097.47
1840,49,9206.01
1840,50,9199.97
1840,51,9149.27
1840,52,9089.57
1840,53,9257.73
1840,54,9280.93
1840,55,9069.02
1840,56,9153.35
1840,57,9171.61
1840,58,9098.45
1840,59,9153.67
1840,60,9173.34
1840,61,9223.14
1840,62,9071.18
1840,63,9196.75
1840,64,9090.41
1840,65,9274.06
1840,66,9192.4
1840,67,9094.13
1840,68,9148.88
1840,69,9167.87
1840,70,9209.67
1840,71,9112.81
1840,72,9086.67
1840,73,9231.97
1840,74,9214.38
1840,75,9072.01
1840,76,9131.78
1840,77,9191.12
1840,78,9192
1840,79,9334.92
1840,80,9105.58
1840,81,9165.95
1840,82,9150.18
1840,83,9263.52
1840,84,9140.46
1840,85,9089.08
1840,86,9219.16
1840,87,9203.87
1840,88,9200.47
1840,89,9101.12
1840,90,9194.59
1840,91,9148.21
1840,92,9063.22
1840,93,9120.02
1840,94,9146.65
1840,95,9171.57
1840,96,9170.44
1840,97,9109.78
1840,98,9180.83
1840,99,9201.41
1850,0,9243.31
1850,1,9147.77
1850,2,9083.92
1850,3,9088.73
1850,4,9060.06
1850,5,9154.62
1850,6,9155.13
1850,7,9102.39
1850,8,9173.79
1850,9,9061.53
1850,10,9298.34
1850,11,9027.26
1850,12,9207.94
1850,13,9225.76
1850,14,9068.07
1850,15,9268.69
1850,16,9183.2
1850,17,9115.4
1850,18,9219.22
1850,19,9103.54
1850,20,9166.55
1850,21,9170.63
1850,22,9220.27
1850,23,9116.64
1850,24,9075.92
1850,25,9213.68
1850,26,9105.63
1850,27,9102.99
1850,28,9197.92
1850,29,9215.96
1850,30,9166.17
1850,31,9159.78
1850,32,9353.52
1850,33,9159.49
1850,34,9192.81
1850,35,9121.44
1850,36,9139.06
1850,37,9085.07
1850,38,9231.89
1850,39,9169.23
1850,40,9087.95
1850,41,9100.29
1850,42,9079.92
1850,43,9091
1850,44,9088.34
1850,45,9058.48
1850,46,9212.79
1850,47,9223.44
1850,48,9097.17
1850,49,9205.71
1850,50,9199.67
1850,51,9148.97
1850,52,9089.27
1850,53,9257.43
1850,54,9280.63
1850,55,9068.72
1850,56,9153.05
1850,57,9171.31
1850,58,9098.15
1850,59,9153.37
1850,60,9173.04
1850,61,9222.84
1850,62,9070.88
1850,63,9196.45
1850,64,9090.11
1850,65,9273.76
1850,66,9192.1
1850,67,9093.83
1850,68,9148.58
1850,69,9167.57
1850,70,9209.37
1850,71,9112.51
1850,72,9086.37
1850,73,9231.67
1850,74,9214.08
1850,75,9071.71
1850,76,9131.48
1850,77,9190.82
1850,78,9191.7
1850,79,9334.62
1850,80,9105.28
1850,81,9165.65
1850,82,9149.88
1850,83,9263.22
1850,84,9140.16
1850,85,9088.78
1850,86,9218.86
1850,87,9203.57
1850,88,9200.17
1850,89,9100.82
1850,90,9194.29
1850,91,9147.91
1850,92,9062.92
1850,93,9119.72
1850,94,9146.35
1850,95,9171.27
1850,96,9170.14
1850,97,9109.48
1850,98,9180.53
1850,99,9201.11
1860,0,9243.01
1860,1,9147.47
1860,2,9083.62
1860,3,9088.43
1860,4,9059.76
1860,5,9154.32
1860,6,9154.83
1860,7,9102.09
1860,8,9173.49
1860,9,9061.23
1860,10,9298.04
1860,11,9026.96
1860,12,9207.64
1860,13,9225.46
1860,14,9067.77
1860,15,9268.39
1860,16,9182.9
1860,17,9115.1
1860,18,9218.92
1860,19,9103.24
1860,20,9166.25
1860,21,9170.33
1860,22,9219.97
1860,23,9116.34
1860,24,9075.62
1860,25,9213.38
1860,26,9105.33
1860,27,9102.69
1860,28,9197.62
1860,29,9215.66
1860,30,9165.87
1860,31,9159.48
1860,32,9353.22
1860,33,9159.19
1860,34,9192.51
1860,35,9121.14
1860,36,9138.76
1860,37,9084.77
1860,38,9231.59
1860,39,9168.93
1860,40,9087.65
1860,41,9099.99
1860,42,9079.62
1860,43,9090.7
1860,44,9088.04
1860,45,9058.18
1860,46,9212.49
1860,47,9223.14
1860,48,9096.87
1860,49,9205.41
1860,50,9199.37
1860,51,9148.67
1860,52,9088.97
1860,53,9257.13
1860,54,9280.33
1860,55,9068.42
1860,56,9152.75
1860,57,9171.01
1860,58,9097.85
1860,59,9153.07
1860,60,9172.74
1860,61,9222.54
1860,62,9070.58
1860,63,9196.15
1860,64,9089.81
1860,65,9273.46
1860,66,9191.8
1860,67,9093.53
1860,68,9148.28
1860,69,9167.27
1860,70,9209.07
1860,71,9112.21
1860,72,9086.07
1860,73,9231.37
1860,74,9213.78
1860,75,9071.41
1860,76,9131.18
1860,77,9190.52
1860,78,9191.4
1860,79,9334.32
1860,80,9104.98
1860,81,9165.35
1860,82,9149.58
1860,83,9262.92
1860,84,9139.86
1860,85,9088.48
1860,86,9218.56
1860,87,9203.27
1860,88,9199.87
1860,89,9100.52
1860,90,9193.99
1860,91,9147.61
1860,92,9062.62
1860,93,9119.42
1860,94,9146.05
1860,95,9170.97
1860,96,9169.84
1860,97,9109.18
1860,98,9180.23
1860,99,9200.81
1870,0,9232.04
1870,1,9137.5
1870,2,9072.11
1870,3,9076.07
1870,4,9049.17
1870,5,9140.32
1870,6,9143.92
1870,7,9091.85
1870,8,9165.73
1870,9,9048.05
1870,10,9285.89
1870,11,9014.88
1870,12,9196.53
1870,13,9214.69
1870,14,9055.11
1870,15,9259.04
1870,16,9171.91
1870,17,9100.02
1870,18,9207.21
1870,19,9088.12
1870,20,9157.16
1870,21,9155.2
1870,22,9209.89
1870,23,9102.79
1870,24,9063.47
1870,25,9206.25
1870,26,9093.48
1870,27,9093.11
1870,28,9188.99
1870,29,9204.77
1870,30,9156.46
1870,31,9145.94
1870,32,9343.07
1870,33,9149.97
1870,34,9184.74
1870,35,9107.76
1870,36,9125.79
1870,37,9071.59
1870,38,9221.99
1870,39,9160.52
1870,40,9075.85
1870,41,9090.42
1870,42,9068.51
1870,43,9080.53
1870,44,9076.4
1870,45,9045.48
1870,46,9201.1
1870,47,9213.73
1870,48,9085.88
1870,49,9191.78
1870,50,9189.06
1870,51,9138.45
1870,52,9076.47
1870,53,9248.24
1870,54,9268.64
1870,55,9055.12
1870,56,9139
1870,57,9161.67
1870,58,9085.25
1870,59,9141.06
1870,60,9162.53
1870,61,9209.31
1870,62,9059.67
1870,63,9181.34
1870,64,9078.67
1870,65,9265.49
1870,66,9181.97
1870,67,9079.63
1870,68,9138.3
1870,69,9158.66
1870,70,9198.05
1870,71,9099.86
1870,72,9075.58
1870,73,9220.31
1870,74,9205.48
1870,75,9064.03
1870,76,9117.33
1870,77,9178.86
1870,78,9182.74
1870,79,9324.61
1870,80,9093.44
1870,81,9154.53
1870,82,9138.3
1870,83,9251.68
1870,84,9127.79
1870,85,9076.35
1870,86,9206.37
1870,87,9194.14
1870,88,9188.95
1870,89,9090.69
1870,90,9181.39
1870,91,9136.7
1870,92,9053.21
1870,93,9107.9
1870,94,9136.52
1870,95,9158.73
1870,96,9159.91
1870,97,9099.21
1870,98,9169.84
1870,99,9191.27
1880,0,9231.74
1880,1,9137.2
1880,2,9071.81
1880,3,9075.77
1880,4,9048.87
1880,5,9140.02
1880,6,9143.62
1880,7,9091.55
1880,8,9165.43
1880,9,9047.75
1880,10,9285.59
1880,11,9014.58
1880,12,9196.23
1880,13,9214.39
1880,14,9054.81
1880,15,9258.74
1880,16,9171.61
1880,17,9099.72
1880,18,9206.91
1880,19,9087.82
1880,20,9156.86
1880,21,9154.9
1880,22,9209.59
1880,23,9102.49
1880,24,9063.17
1880,25,9205.95
1880,26,9093.18
1880,27,9092.81
1880,28,9188.69
1880,29,9204.47
1880,30,9156.16
1880,31,9145.64
1880,32,9342.77
1880,33,9149.67
1880,34,9184.44
1880,35,9107.46
1880,36,9125.49
1880,37,9071.29
1880,38,9221.69
1880,39,9160.22
1880,40,9075.55
1880,41,9090.12
1880,42,9068.21
1880,43,9080.23
1880,44,9076.1
1880,45,9045.18
1880,46,9200.8
1880,47,9213.43
1880,48,9085.58
1880,49,9191.48
1880,50,9188.76
1880,51,9138.15
1880,52,9076.17
1880,53,9247.94
1880,54,9268.34
1880,55,9054.82
1880,56,9138.7
1880,57,9161.37
1880,58,9084.95
1880,59,9140.76
1880,60,9162.23
1880,61,9209.01
1880,62,9059.37
1880,63,9181.04
1880,64,9078.37
1880,65,9265.19
1880,66,9181.67
1880,67,9079.33
1880,68,9138
1880,69,9158.36
1880,70,9197.75
1880,71,9099.56
1880,72,9075.28
1880,73,9220.01
1880,74,9205.18
1880,75,9063.73
1880,76,9117.03
1880,77,9178.56
1880,78,9182.44
1880,79,9324.31
1880,80,9093.14
1880,81,9154.23
1880,82,9138
1880,83,9251.38
1880,84,9127.49
1880,85,9076.05
1880,86,9206.07
1880,87,9193.84
1880,88,9188.65
1880,89,9090.39
1880,90,9181.09
1880,91,9136.4
1880,92,9052.91
1880,93,9107.6
1880,94,9136.22
1880,95,9158.43
1880,96,9159.61
1880,97,9098.91
1880,98,9169.54
1880,99,9190.97
1890,0,9231.44
1890,1,9136.9
1890,2,9071.51
1890,3,9075.47
1890,4,9048.57
1890,5,9139.72
1890,6,9143.32
1890,7,9091.25
1890,8,9165.13
1890,9,9047.45
1890,10,9285.29
1890,11,9014.28
1890,12,9195.93
1890,13,9214.09
1890,14,9054.51
1890,15,9258.44
1890,16,9171.31
1890,17,9099.42
1890,18,9206.61
1890,19,9087.52
1890,20,9156.56
1890,21,9154.6
1890,22,9209.29
1890,23,9102.19
1890,24,9062.87
1890,25,9205.65
1890,26,9092.88
1890,27,9092.51
1890,28,9188.39
1890,29,9204.17
1890,30,9155.86
1890,31,9145.34
1890,32,9342.47
1890,33,9149.37
1890,34,9184.14
1890,35,9107.16
1890,36,9125.19
1890,37,9070.99
1890,38,9221.39
1890,39,9159.92
1890,40,9075.25
1890,41,9089.82
1890,42,9067.91
1890,43,9079.93
1890,44,9075.8
1890,45,9044.88
1890,46,9200.5
1890,47,9213.13
1890,48,9085.28
1890,49,9191.18
1890,50,9188.46
1890,51,9137.85
1890,52,9075.87
1890,53,9247.64
1890,54,9268.04
1890,55,9054.52
1890,56,9138.4
1890,57,9161.07
1890,58,9084.65
1890,59,9140.46
1890,60,9161.93
1890,61,9208.71
1890,62,9059.07
1890,63,9180.74
1890,64,9078.07
1890,65,9264.89
1890,66,9181.37
1890,67,9079.03
1890,68,9137.7
1890,69,9158.06
1890,70,9197.45
1890,71,9099.26
1890,72,9074.98
1890,73,9219.71
1890,74,9204.88
1890,75,9063.43
1890,76,9116.73
1890,77,9178.26
1890,78,9182.14
1890,79,9324.01
1890,80,9092.84
1890,81,9153.93
1890,82,9137.7
1890,83,9251.08
1890,84,9127.19
1890,85,9075.75
1890,86,9205.77
1890,87,9193.54
1890,88,9188.35
1890,89,9090.09
1890,90,9180.79
1890,91,9136.1
1890,92,9052.61
1890,93,9107.3
1890,94,9135.92
1890,95,9158.13
1890,96,9159.31
1890,97,9098.61
1890,98,9169.24
1890,99,9190.67
1900,0,9217.5
1900,1,9127.03
1900,2,9055.64
1900,3,9063.14
1900,4,9033.26
1900,5,9127.78
1900,6,9133.26
1900,7,9076.36
1900,8,9153.23
1900,9,9035.71
1900,10,9273.79
1900,11,8997.72
1900,12,9184.12
1900,13,9201.19
1900,14,9041.68
1900,15,9245.56
1900,16,9161.39
1900,17,9084.9
1900,18,9192.98
1900,19,9073.97
1900,20,9143.6
1900,21,9139.31
1900,22,9197.99
1900,23,9088.99
1900,24,9052.33
1900,25,9194.28
1900,26,9080.58
1900,27,9079.02
1900,28,9174.11
1900,29,9189.03
1900,30,9141.84
1900,31,9130.29
1900,32,9330.88
1900,33,9138.58
1900,34,9172.21
1900,35,9095.29
1900,36,9112.93
1900,37,9059.45
1900,38,9207.86
1900,39,9147.77
1900,40,9060.45
1900,41,9076.68
1900,42,9055.02
1900,43,9064.36
1900,44,9064.18
1900,45,9032.22
1900,46,9189.41
1900,47,9202.37
1900,48,9070.36
1900,49,9180.05
1900,50,9177.38
1900,51,9126.03
1900,52,9066.14
1900,53,9236.27
1900,54,9256.45
1900,55,9044.49
1900,56,9121.72
1900,57,9150.78
1900,58,9070.13
1900,59,9125.82
1900,60,9148.01
1900,61,9195.51
1900,62,9045.11
1900,63,9168.4
1900,64,9064.24
1900,65,9254.76
1900,66,9171.45
1900,67,9063.47
1900,68,9122.49
1900,69,9146.21
1900,70,9186.55
1900,71,9086.9
1900,72,9060.66
1900,73,9204.73
1900,74,9192.23
1900,75,9052.49
1900,76,9102.84
1900,77,9164.57
1900,78,9173.37
1900,79,9313.72
1900,80,9081.71
1900,81,9142.65
1900,82,9128.52
1900,83,9239.45
1900,84,9115.26
1900,85,9061.49
1900,86,9194.47
1900,87,9184.3
1900,88,9177.45
1900,89,9077.33
1900,90,9170.93
1900,91,9121
1900,92,9038.92
1900,93,9095.95
1900,94,9122.99
1900,95,9145.97
1900,96,9147.97
1900,97,9088.33
1900,98,9158.81
1900,99,9178.31
1910,0,9217.2
1910,1,9126.73
1910,2,9055.34
1910,3,9062.84
1910,4,9032.96
1910,5,9127.48
1910,6,9132.96
1910,7,9076.06
1910,8,9152.93
1910,9,9035.41
1910,10,9273.49
1910,11,8997.42
1910,12,9183.82
1910,13,9200.89
1910,14,9041.38
1910,15,9245.26
1910,16,9161.09
1910,17,9084.6
1910,18,9192.68
1910,19,9073.67
1910,20,9143.3
1910,21,9139.01
1910,22,9197.69
1910,23,9088.69
1910,24,9052.03
1910,25,9193.98
1910,26,9080.28
1910,27,9078.72
1910,28,9173.81
1910,29,9188.73
1910,30,9141.54
1910,31,9129.99
1910,32,9330.58
1910,33,9138.28
1910,34,9171.91
1910,35,9094.99
1910,36,9112.63
1910,37,9059.15
1910,38,9207.56
1910,39,9147.47
1910,40,9060.15
1910,41,9076.38
1910,42,9054.72
1910,43,9064.06
1910,44,9063.88
1910,45,9031.92
1910,46,9189.11
1910,47,9202.07
1910,48,9070.06
1910,49,9179.75
1910,50,9177.08
1910,51,9125.73
1910,52,9065.84
1910,53,9235.97
1910,54,9256.15
1910,55,9044.19
1910,56,9121.42
1910,57,9150.48
1910,58,9069.83
1910,59,9125.52
1910,60,9147.71
1910,61,9195.21
1910,62,9044.81
1910,63,9168.1
1910,64,9063.94
1910,65,9254.46
1910,66,9171.15
1910,67,9063.17
1910,68,9122.19
1910,69,9145.91
1910,70,9186.25
1910,71,9086.6
1910,72,9060.36
1910,73,9204.43
1910,74,9191.93
1910,75,9052.19
1910,76,9102.54
1910,77,9164.27
1910,78,9173.07
1910,79,9313.42
1910,80,9081.41
1910,81,9142.35
1910,82,9128.22
1910,83,9239.15
1910,84,9114.96
1910,85,9061.19
1910,86,9194.17
1910,87,9184
1910,88,9177.15
1910,89,9077.03
1910,90,9170.63
1910,91,9120.7
1910,92,9038.62
1910,93,9095.65
1910,94,9122.69
1910,95,9145.67
1910,96,9147.67
1910,97,9088.03
1910,98,9158.51
1910,99,9178.01
1920,0,9216.9
1920,1,9126.43
1920,2,9055.04
1920,3,9062.54
1920,4,9032.66
1920,5,9127.18
1920,6,9132.66
1920,7,9075.76
1920,8,9152.63
1920,9,9035.11
1920,10,9273.19
1920,11,8997.12
1920,12,9183.52
1920,13,9200.59
1920,14,9041.08
1920,15,9244.96
1920,16,9160.79
1920,17,9084.3
1920,18,9192.38
1920,19,9073.37
1920,20,9143
1920,21,9138.71
1920,22,9197.39
1920,23,9088.39
1920,24,9051.73
1920,25,9193.68
1920,26,9079.98
1920,27,9078.42
1920,28,9173.51
1920,29,9188.43
1920,30,9141.24
1920,31,9129.69
1920,32,9330.28
1920,33,9137.98
1920,34,9171.61
1920,35,9094.69
1920,36,9112.33
1920,37,9058.85
1920,38,9207.26
1920,39,9147.17
1920,40,9059.85
1920,41,9076.08
1920,42,9054.42
1920,43,9063.76
1920,44,9063.58
1920,45,9031.62
1920,46,9188.81
1920,47,9201.77
1920,48,9069.76
1920,49,9179.45
1920,50,9176.78
1920,51,9125.43
1920,52,9065.54
1920,53,9235.67
1920,54,9255.85
1920,55,9043.89
1920,56,9121.12
1920,57,9150.18
1920,58,9069.53
1920,59,9125.22
1920,60,9147.41
1920,61,9194.91
1920,62,9044.51
1920,63,9167.8
1920,64,9063.64
1920,65,9254.16
1920,66,9170.85
1920,67,9062.87
1920,68,9121.89
1920,69,9145.61
1920,70,9185.95
1920,71,9086.3
1920,72,9060.06
1920,73,9204.13
1920,74,9191.63
1920,75,9051.89
1920,76,9102.24
1920,77,9163.97
1920,78,9172.77
1920,79,9313.12
1920,80,9081.11
1920,81,9142.05
1920,82,9127.92
1920,83,9238.85
1920,84,9114.66
1920,85,9060.89
1920,86,9193.87
1920,87,9183.7
1920,88,9176.85
1920,89,9076.73
1920,90,9170.33
1920,91,9120.4
1920,92,9038.32
1920,93,9095.35
1920,94,9122.39
1920,95,9145.37
1920,96,9147.37
1920,97,9087.73
1920,98,9158.21
1920,99,9177.71
1930,0,9203.23
1930,1,9112.53
1930,2,9039.86
1930,3,9050.45
1930,4,9017.02
1930,5,9114.57
1930,6,9121.2
1930,7,9060.9
1930,8,9139.08
1930,9,9022.36
1930,10,9260.83
1930,11,8984.59
1930,12,9171.96
1930,13,9189.54
1930,14,9027.02
1930,15,9234.13
1930,16,9148.26
1930,17,9068.84
1930,18,9180.7
1930,19,9059.59
1930,20,9132.22
1930,21,9124.03
1930,22,9186.83
1930,23,9076.53
1930,24,9039.1
1930,25,9184.86
1930,26,9067.73
1930,27,9065.14
1930,28,9159.71
1930,29,9177.8
1930,30,9129.32
1930,31,9114.06
1930,32,9319.31
1930,33,9128.1
1930,34,9161.39
1930,35,9080.99
1930,36,9096.33
1930,37,9045.23
1930,38,9195.35
1930,39,9136.15
1930,40,9047.3
1930,41,9063.34
1930,42,9040.66
1930,43,9051.47
1930,44,9051.74
1930,45,9019.77
1930,46,9177.62
1930,47,9191.21
1930,48,9054.8
1930,49,9165.58
1930,50,9165.77
1930,51,9110.22
1930,52,9052.06
1930,53,9227.07
1930,54,9244.6
1930,55,9028.92
1930,56,9107.7
1930,57,9139.75
1930,58,9056.99
1930,59,9112.48
1930,60,9137.26
1930,61,9180.66
1930,62,9031.59
1930,63,9152.58
1930,64,9048.95
1930,65,9244.53
1930,66,9156.99
1930,67,9046.22
1930,68,9111.6
1930,69,9133.96
1930,70,9174.11
1930,71,9073.33
1930,72,9045.48
1930,73,9192.26
1930,74,9181.19
1930,75,9040.93
1930,76,9088.22
1930,77,9150.48
1930,78,9162.61
1930,79,9303.36
1930,80,9069.95
1930,81,9131.33
1930,82,9116.48
1930,83,9227.94
1930,84,9098.48
1930,85,9047.43
1930,86,9180.07
1930,87,9171.06
1930,88,9161.53
1930,89,9063.96
1930,90,9158.21
1930,91,9107.53
1930,92,9024.8
1930,93,9082.99
1930,94,9111.81
1930,95,9131.75
1930,96,9132.9
1930,97,9073.57
1930,98,9143.32
1930,99,9165.3
1940,0,9202.93
1940,1,9112.23
1940,2,9039.56
1940,3,9050.15
1940,4,9016.72
1940,5,9114.27
1940,6,9120.9
1940,7,9060.6
1940,8,9138.78
1940,9,9022.06
1940,10,9260.53
1940,11,8984.29
1940,12,9171.66
1940,13,9189.24
1940,14,9026.72
1940,15,9233.83
1940,16,9147.96
1940,17,9068.54
1940,18,9180.4
1940,19,9059.29
1940,20,9131.92
1940,21,9123.73
1940,22,9186.53
1940,23,9076.23
1940,24,9038.8
1940,25,9184.56
1940,26,9067.43
1940,27,9064.84
1940,28,9159.41
1940,29,9177.5
1940,30,9129.02
1940,31,9113.76
1940,32,9319.01
1940,33,9127.8
1940,34,9161.09
1940,35,9080.69
1940,36,9096.03
1940,37,9044.93
1940,38,9195.05
1940,39,9135.85
1940,40,9047
1940,41,9063.04
1940,42,9040.36
1940,43,9051.17
1940,44,9051.44
1940,45,9019.47
1940,46,9177.32
1940,47,9190.91
1940,48,9054.5
1940,49,9165.28
1940,50,9165.47
1940,51,9109.92
1940,52,9051.76
1940,53,9226.77
1940,54,9244.3
1940,55,9028.62
1940,56,9107.4
1940,57,9139.45
1940,58,9056.69
1940,59,9112.18
1940,60,9136.96
1940,61,9180.36
1940,62,9031.29
1940,63,9152.28
1940,64,9048.65
1940,65,9244.23
1940,66,9156.69
1940,67,9045.92
1940,68,9111.3
1940,69,9133.66
1940,70,9173.81
1940,71,9073.03
1940,72,9045.18
1940,73,9191.96
1940,74,9180.89
1940,75,9040.63
1940,76,9087.92
1940,77,9150.18
1940,78,9162.31
1940,79,9303.06
1940,80,9069.65
1940,81,9131.03
1940,82,9116.18
1940,83,9227.64
1940,84,9098.18
1940,85,9047.13
1940,86,9179.77
1940,87,9170.76
1940,88,9161.23
1940,89,9063.66
1940,90,9157.91
1940,91,9107.23
1940,92,9024.5
1940,93,9082.69
1940,94,9111.51
1940,95,9131.45
1940,96,9132.6
1940,97,9073.27
1940,98,9143.02
1940,99,9165
1950,0,9202.63
1950,1,9111.93
1950,2,9039.26
1950,3,9049.85
1950,4,9016.42
1950,5,9113.97
1950,6,9120.6
1950,7,9060.3
1950,8,9138.48
1950,9,9021.76
1950,10,9260.23
1950,11,8983.99
1950,12,9171.36
1950,13,9188.94
1950,14,9026.42
1950,15,9233.53
1950,16,9147.66
1950,17,9068.24
1950,18,9180.1
1950,19,9058.99
1950,20,9131.62
1950,21,9123.43
1950,22,9186.23
1950,23,9075.93
1950,24,9038.5
1950,25,9184.26
1950,26,9067.13
1950,27,9064.54
1950,28,9159.11
1950,29,9177.2
1950,30,9128.72
1950,31,9113.46
1950,32,9318.71
1950,33,9127.5
1950,34,9160.79
1950,35,9080.39
1950,36,9095.73
1950,37,9044.63
1950,38,9194.75
1950,39,9135.55
1950,40,9046.7
1950,41,9062.74
1950,42,9040.06
1950,43,9050.87
1950,44,9051.14
1950,45,9019.17
1950,46,9177.02
1950,47,9190.61
1950,48,9054.2
1950,49,9164.98
1950,50,9165.17
1950,51,9109.62
1950,52,9051.46
1950,53,9226.47
1950,54,9244
1950,55,9028.32
1950,56,9107.1
1950,57,9139.15
1950,58,9056.39
1950,59,9111.88
1950,60,9136.66
1950,61,9180.06
1950,62,9030.99
1950,63,9151.98
1950,64,9048.35
1950,65,9243.93
1950,66,9156.39
1950,67,9045.62
1950,68,9111
1950,69,9133.36
1950,70,9173.51
1950,71,9072.73
1950,72,9044.88
1950,73,9191.66
1950,74,9180.59
1950,75,9040.33
1950,76,9087.62
1950,77,9149.88
1950,78,9162.01
1950,79,9302.76
1950,80,9069.35
1950,81,9130.73
1950,82,9115.88
1950,83,9227.34
1950,84,9097.88
1950,85,9046.83
1950,86,9179.47
1950,87,9170.46
1950,88,9160.93
1950,89,9063.36
1950,90,9157.61
1950,91,9106.93
1950,92,9024.2
1950,93,9082.39
1950,94,9111.21
1950,95,9131.15
1950,96,9132.3
1950,97,9072.97
1950,98,9142.72
1950,99,9164.7
1960,0,9191.57
1960,1,9101.56
1960,2,9027.57
1960,3,9038.38
1960,4,9004.16
1960,5,9101.29
1960,6,9109.52
1960,7,9048.22
1960,8,9128.56
1960,9,9010.32
1960,10,9249.43
1960,11,8971.53
1960,12,9160.19
1960,13,9175.87
1960,14,9017.19
1960,15,9223.06
1960,16,9136.64
1960,17,9057.01
1960,18,9168.42
1960,19,9047.46
1960,20,9120.94
1960,21,9110.94
1960,22,9175.79
1960,23,9062.85
1960,24,9027.89
1960,25,9175.71
1960,26,9054.65
1960,27,9055.13
1960,28,9146.14
1960,29,9165.99
1960,30,9118.8
1960,31,9100.28
1960,32,9308.83
1960,33,9118.12
1960,34,9151.27
1960,35,9068.68
1960,36,9083.93
1960,37,9033.05
1960,38,9186.02
1960,39,9123.85
1960,40,9035.16
1960,41,9052.35
1960,42,9030.18
1960,43,9038.45
1960,44,9039.49
1960,45,9010.46
1960,46,9165.2
1960,47,9182.07
1960,48,9043.54
1960,49,9154.05
1960,50,9155.48
1960,51,9098.01
1960,52,9042.04
1960,53,9219.02
1960,54,9233.89
1960,55,9017.02
1960,56,9095.87
1960,57,9130.88
1960,58,9047.5
1960,59,9099.26
1960,60,9126.25
1960,61,9169.53
1960,62,9021.24
1960,63,9140.04
1960,64,9037.26
1960,65,9235.86
1960,66,9146.31
1960,67,9033.78
1960,68,9099.63
1960,69,9121.9
1960,70,9162.64
1960,71,9063.1
1960,72,9034.65
1960,73,9180.01
1960,74,9168.71
1960,75,9028.32
1960,76,9077.3
1960,77,9138.05
1960,78,9153.36
1960,79,9294
1960,80,9058.17
1960,81,9120.6
1960,82,9107.13
1960,83,9216.4
1960,84,9084.88
1960,85,9036.38
1960,86,9167.81
1960,87,9160.98
1960,88,9150.1
1960,89,9053.63
1960,90,9148.54
1960,91,9095.15
1960,92,9014.1
1960,93,9070
1960,94,9100.94
1960,95,9120.73
1960,96,9121.59
1960,97,9062.4
1960,98,9133.04
1960,99,9153.71
1970,0,9191.27
1970,1,9101.26
1970,2,9027.27
1970,3,9038.08
1970,4,9003.86
1970,5,9100.99
1970,6,9109.22
1970,7,9047.92
1970,8,9128.26
1970,9,9010.02
1970,10,9249.13
1970,11,8971.23
1970,12,9159.89
1970,13,9175.57
1970,14,9016.89
1970,15,9222.76
1970,16,9136.34
1970,17,9056.71
1970,18,9168.12
1970,19,9047.16
1970,20,9120.64
1970,21,9110.64
1970,22,9175.49
1970,23,9062.55
1970,24,9027.59
1970,25,9175.41
1970,26,9054.35
1970,27,9054.83
1970,28,9145.84
1970,29,9165.69
1970,30,9118.5
1970,31,9099.98
1970,32,9308.53
1970,33,9117.82
1970,34,9150.97
1970,35,9068.38
1970,36,9083.63
1970,37,9032.75
1970,38,9185.72
1970,39,9123.55
1970,40,9034.86
1970,41,9052.05
1970,42,9029.88
1970,43,9038.15
1970,44,9039.19
1970,45,9010.16
1970,46,9164.9
1970,47,9181.77
1970,48,9043.24
1970,49,9153.75
1970,50,9155.18
1970,51,9097.71
1970,52,9041.74
1970,53,9218.72
1970,54,9233.59
1970,55,9016.72
1970,56,9095.57
1970,57,9130.58
1970,58,9047.2
1970,59,9098.96
1970,60,9125.95
1970,61,9169.23
1970,62,9020.94
1970,63,9139.74
1970,64,9036.96
1970,65,9235.56
1970,66,9146.01
1970,67,9033.48
1970,68,9099.33
1970,69,9121.6
1970,70,9162.34
1970,71,9062.8
1970,72,9034.35
1970,73,9179.71
1970,74,9168.41
1970,75,9028.02
1970,76,9077
1970,77,9137.75
1970,78,9153.06
1970,79,9293.7
1970,80,9057.87
1970,81,9120.3
1970,82,9106.83
1970,83,9216.1
1970,84,9084.58
1970,85,9036.08
1970,86,9167.51
1970,87,9160.68
1970,88,9149.8
1970,89,9053.33
1970,90,9148.24
1970,91,9094.85
1970,92,9013.8
1970,93,9069.7
1970,94,9100.64
1970,95,9120.43
1970,96,9121.29
1970,97,9062.1
1970,98,9132.74
1970,99,9153.41
1980,0,9190.97
1980,1,9100.96
1980,2,9026.97
1980,3,9037.78
1980,4,9003.56
1980,5,9100.69
1980,6,9108.92
1980,7,9047.62
1980,8,9127.96
1980,9,9009.72
1980,10,9248.83
1980,11,8970.93
1980,12,9159.59
1980,13,9175.27
1980,14,9016.59
1980,15,9222.46
1980,16,9136.04
1980,17,9056.41
1980,18,9167.82
1980,19,9046.86
1980,20,9120.34
1980,21,9110.34
1980,22,9175.19
1980,23,9062.25
1980,24,9027.29
1980,25,9175.11
1980,26,9054.05
1980,27,9054.53
1980,28,9145.54
1980,29,9165.39
1980,30,9118.2
1980,31,9099.68
1980,32,9308.23
1980,33,9117.52
1980,34,9150.67
1980,35,9068.08
1980,36,9083.33
1980,37,9032.45
1980,38,9185.42
1980,39,9123.25
1980,40,9034.56
1980,41,9051.75
1980,42,9029.58
1980,43,9037.85
1980,44,9038.89
1980,45,9009.86
1980,46,9164.6
1980,47,9181.47
1980,48,9042.94
1980,49,9153.45
1980,50,9154.88
1980,51,9097.41
1980,52,9041.44
1980,53,9218.42
1980,54,9233.29
1980,55,9016.42
1980,56,9095.27
1980,57,9130.28
1980,58,9046.9
1980,59,9098.66
1980,60,9125.65
1980,61,9168.93
1980,62,9020.64
1980,63,9139.44
1980,64,9036.66
1980,65,9235.26
1980,66,9145.71
1980,67,9033.18
1980,68,9099.03
1980,69,9121.3
1980,70,9162.04
1980,71,9062.5
1980,72,9034.05
1980,73,9179.41
1980,74,9168.11
1980,75,9027.72
1980,76,9076.7
1980,77,9137.45
1980,78,9152.76
1980,79,9293.4
1980,80,9057.57
1980,81,9120
1980,82,9106.53
1980,83,9215.8
1980,84,9084.28
1980,85,9035.78
1980,86,9167.21
1980,87,9160.38
1980,88,9149.5
1980,89,9053.03
1980,90,9147.94
1980,91,9094.55
1980,92,9013.5
1980,93,9069.4
1980,94,9100.34
1980,95,9120.13
1980,96,9120.99
1980,97,9061.8
1980,98,9132.44
1980,99,9153.11
1990,0,9179.41
1990,1,9090.69
1990,2,9012.21
1990,3,9028.13
1990,4,8988.05
1990,5,9087.96
1990,6,9097.77
1990,7,9036.71
1990,8,9117.69
1990,9,8998.87
1990,10,9236.59
1990,11,8958.72
1990,12,9149.58
1990,13,9161.98
1990,14,9006.34
1990,15,9212.25
1990,16,9122.43
1990,17,9045.3
1990,18,9156.14
1990,19,9035.52
1990,20,9109.49
1990,21,9095.3
1990,22,9164.67
1990,23,9050.53
1990,24,9016.19
1990,25,9165.37
1990,26,9041.7
1990,27,9041.13
1990,28,9133.53
1990,29,9154.27
1990,30,9107.9
1990,31,9086.29
1990,32,9298.25
1990,33,9106.66
1990,34,9140.45
1990,35,9056.43
1990,36,9071.55
1990,37,9019.9
1990,38,9176.57
1990,39,9113.56
1990,40,9019.78
1990,41,9041.23
1990,42,9019.71
1990,43,9025.25
1990,44,9027.23
1990,45,9000.27
1990,46,9152.76
1990,47,9172.9
1990,48,9032.12
1990,49,9139.88
1990,50,9144.23
1990,51,9083.47
1990,52,9027.45
1990,53,9211.11
1990,54,9223.29
1990,55,9005.06
1990,56,9080.5
1990,57,9122
1990,58,9032.15
1990,59,9086.65
1990,60,9115
1990,61,9154.36
1990,62,9010.33
1990,63,9125.22
1990,64,9025.34
1990,65,9225.76
1990,66,9135.55
1990,67,9021.4
1990,68,9086.79
1990,69,9109.66
1990,70,9152
1990,71,9053
1990,72,9020.92
1990,73,9167.47
1990,74,9156.1
1990,75,9014.74
1990,76,9066.94
1990,77,9125.5
1990,78,9144.11
1990,79,9284.09
1990,80,9045.89
1990,81,9110.96
1990,82,9097.83
1990,83,9204.23
1990,84,9071.18
1990,85,9025.4
1990,86,9155.19
1990,87,9148
1990,88,9138.72
1990,89,9042.86
1990,90,9134.17
1990,91,9082.62
1990,92,8999.92
1990,93,9057.02
1990,94,9089.98
1990,95,9108.67
1990,96,9110.62
1990,97,9051.13
1990,98,9121.97
1990,99,9140.42
2000,0,9179.11
2000,1,9090.39
2000,2,9011.91
2000,3,9027.83
2000,4,8987.75
2000,5,9087.66
2000,6,9097.47
2000,7,9036.41
2000,8,9117.39
2000,9,8998.57
2000,10,9236.29
2000,11,8958.42
2000,12,9149.28
2000,13,9161.68
2000,14,9006.04
2000,15,9211.95
2000,16,9122.13
2000,17,9045
2000,18,9155.84
2000,19,9035.22
2000,20,9109.19
2000,21,9095
2000,22,9164.37
2000,23,9050.23
2000,24,9015.89
2000,25,9165.07
2000,26,9041.4
2000,27,9040.83
2000,28,9133.23
2000,29,9153.97
2000,30,9107.6
2000,31,9085.99
2000,32,9297.95
2000,33,9106.36
2000,34,9140.15
2000,35,9056.13
2000,36,9071.25
2000,37,9019.6
2000,38,9176.27
2000,39,9113.26
2000,40,9019.48
2000,41,9040.93
2000,42,9019.41
2000,43,9024.95
2000,44,9026.93
2000,45,8999.97
2000,46,9152.46
2000,47,9172.6
2000,48,9031.82
2000,49,9139.58
2000,50,9143.93
2000,51,9083.17
2000,52,9027.15
2000,53,9210.81
2000,54,9222.99
2000,55,9004.76
2000,56,9080.2
2000,57,9121.7
2000,58,9031.85
2000,59,9086.35
2000,60,9114.7
2000,61,9154.07
2000,62,9010.03
2000,63,9124.92
2000,64,9025.04
2000,65,9225.46
2000,66,9135.25
2000,67,9021.1
2000,68,9086.49
2000,69,9109.36
2000,70,9151.7
2000,71,9052.7
2000,72,9020.62
2000,73,9167.17
2000,74,9155.8
2000,75,9014.44
2000,76,9066.64
2000,77,9125.2
2000,78,9143.81
2000,79,9283.79
2000,80,9045.59
2000,81,9110.66
2000,82,9097.53
2000,83,9203.93
2000,84,9070.88
2000,85,9025.1
2000,86,9154.89
2000,87,9147.7
2000,88,9138.42
2000,89,9042.56
2000,90,9133.87
2000,91,9082.32
2000,92,8999.62
2000,93,9056.72
2000,94,9089.68
2000,95,9108.37
2000,96,9110.32
2000,97,9050.83
2000,98,9121.67
2000,99,9140.12
2010,0,9178.81
2010,1,9090.09
2010,2,9011.61
2010,3,9027.53
2010,4,8987.45
2010,5,9087.36
2010,6,9097.17
2010,7,9036.11
2010,8,9117.09
2010,9,8998.27
2010,10,9235.99
2010,11,8958.12
2010,12,9148.98
2010,13,9161.38
2010,14,9005.74
2010,15,9211.65
2010,16,9121.83
2010,17,9044.7
2010,18,9155.54
2010,19,9034.92
2010,20,9108.89
2010,21,9094.7
2010,22,9164.07
2010,23,9049.93
2010,24,9015.59
2010,25,9164.77
2010,26,9041.1
2010,27,9040.53
2010,28,9132.93
2010,29,9153.67
2010,30,9107.3
2010,31,9085.69
2010,32,9297.65
2010,33,9106.06
2010,34,9139.85
2010,35,9055.83
2010,36,9070.95
2010,37,9019.3
2010,38,9175.97
2010,39,9112.96
2010,40,9019.18
2010,41,9040.63
2010,42,9019.11
2010,43,9024.65
2010,44,9026.63
2010,45,8999.67
2010,46,9152.16
2010,47,9172.3
2010,48,9031.52
2010,49,9139.28
2010,50,9143.63
2010,51,9082.87
2010,52,9026.85
2010,53,9210.51
2010,54,9222.69
2010,55,9004.46
2010,56,9079.9
2010,57,9121.4
2010,58,9031.55
2010,59,9086.05
2010,60,9114.4
2010,61,9153.77
2010,62,9009.73
2010,63,9124.62
2010,64,9024.74
2010,65,9225.16
2010,66,9134.95
2010,67,9020.8
2010,68,9086.19
2010,69,9109.06
2010,70,9151.4
2010,71,9052.4
2010,72,9020.32
2010,73,9166.87
2010,74,9155.5
2010,75,9014.14
2010,76,9066.34
2010,77,9124.9
2010,78,9143.51
2010,79,9283.49
2010,80,9045.29
2010,81,9110.36
2010,82,9097.23
2010,83,9203.63
2010,84,9070.58
2010,85,9024.8
2010,86,9154.59
2010,87,9147.4
2010,88,9138.12
2010,89,9042.26
2010,90,9133.57
2010,91,9082.02
2010,92,8999.32
2010,93,9056.42
2010,94,9089.38
2010,95,9108.07
2010,96,9110.02
2010,97,9050.53
2010,98,9121.37
2010,99,9139.82
2020,0,9164.11
2020,1,9076.08
2020,2,8996.08
2020,3,9014.6
2020,4,8971.04
2020,5,9069.98
2020,6,9082.76
2020,7,9018.93
2020,8,9105.48
2020,9,8983.11
2020,10,9219.69
2020,11,8941.18
2020,12,9138.07
2020,13,9148
2020,14,8991.07
2020,15,9199
2020,16,9108.26
2020,17,9028.66
2020,18,9141.72
2020,19,9020.82
2020,20,9095.34
2020,21,9079.41
2020,22,9151.2
2020,23,9034.29
2020,24,8999.91
2020,25,9154.41
2020,26,9027.16
2020,27,9027.17
2020,28,9118.46
2020,29,9139.25
2020,30,9093.72
2020,31,9072.07
2020,32,9285.47
2020,33,9094.28
2020,34,9128.55
2020,35,9040.17
2020,36,9052.23
2020,37,9003.19
2020,38,9161.93
2020,39,9101.63
2020,40,9002.87
2020,41,9027.52
2020,42,9006.22
2020,43,9008.87
2020,44,9010.4
2020,45,8986.16
2020,46,9139.79
2020,47,9161.54
2020,48,9016.32
2020,49,9123.76
2020,50,9130.95
2020,51,9068.64
2020,52,9013.59
2020,53,9202.58
2020,54,9211.53
2020,55,8986.31
2020,56,9068.04
2020,57,9112.7
2020,58,9017.35
2020,59,9072.31
2020,60,9100.97
2020,61,9136.4
2020,62,8996.32
2020,63,9110.59
2020,64,9009.5
2020,65,9215.93
2020,66,9123.35
2020,67,9006.99
2020,68,9073.86
2020,69,9096.93
2020,70,9137.77
2020,71,9040.08
2020,72,9006.1
2020,73,9154.17
2020,74,9141.43
2020,75,9001.37
2020,76,9049.8
2020,77,9111.85
2020,78,9133.17
2020,79,9272.94
2020,80,9033.15
2020,81,9099.25
2020,82,9087.95
2020,83,9191.63
2020,84,9055.72
2020,85,9010.25
2020,86,9139.96
2020,87,9134.39
2020,88,9123.22
2020,89,9029.17
2020,90,9120.32
2020,91,9067.37
2020,92,8985.44
2020,93,9043.48
2020,94,9076.76
2020,95,9097.29
2020,96,9093.45
2020,97,9035.03
2020,98,9106.7
2020,99,9125.47
2030,0,9163.83
2030,1,9075.81
2030,2,8995.81
2030,3,9014.32
2030,4,8970.78
2030,5,9069.71
2030,6,9082.48
2030,7,9018.68
2030,8,9105.18
2030,9,8982.83
2030,10,9219.42
2030,11,8940.92
2030,12,9137.78
2030,13,9147.7
2030,14,8990.8
2030,15,9198.7
2030,16,9107.96
2030,17,9028.41
2030,18,9141.45
2030,19,9020.54
2030,20,9095.04
2030,21,9079.15
2030,22,9150.9
2030,23,9034.02
2030,24,8999.65
2030,25,9154.11
2030,26,9026.86
2030,27,9026.9
2030,28,9118.16
2030,29,9138.96
2030,30,9093.42
2030,31,9071.77
2030,32,9285.17
2030,33,9093.98
2030,34,9128.25
2030,35,9039.9
2030,36,9051.97
2030,37,9002.94
2030,38,9161.64
2030,39,9101.33
2030,40,9002.6
2030,41,9027.22
2030,42,9005.94
2030,43,9008.6
2030,44,9010.13
2030,45,8985.89
2030,46,9139.49
2030,47,9161.24
2030,48,9016.05
2030,49,9123.49
2030,50,9130.65
2030,51,9068.38
2030,52,9013.32
2030,53,9202.28
2030,54,9211.23
2030,55,8986.05
2030,56,9067.74
2030,57,9112.4
2030,58,9017.08
2030,59,9072.01
2030,60,9100.67
2030,61,9136.15
2030,62,8996.04
2030,63,9110.3
2030,64,9009.23
2030,65,9215.63
2030,66,9123.08
2030,67,9006.69
2030,68,9073.56
2030,69,9096.63
2030,70,9137.47
2030,71,9039.8
2030,72,9005.83
2030,73,9153.87
2030,74,9141.13
2030,75,9001.07
2030,76,9049.53
2030,77,9111.58
2030,78,9132.87
2030,79,9272.64
2030,80,9032.85
2030,81,9098.95
2030,82,9087.65
2030,83,9191.33
2030,84,9055.42
2030,85,9009.98
2030,86,9139.68
2030,87,9134.1
2030,88,9122.95
2030,89,9028.88
2030,90,9120.05
2030,91,9067.07
2030,92,8985.16
2030,93,9043.18
2030,94,9076.46
2030,95,9097.01
2030,96,9093.16
2030,97,9034.76
2030,98,9106.43
2030,99,9125.19
2040,0,9163.53
2040,1,9075.51
2040,2,8995.51
2040,3,9014.02
2040,4,8970.48
2040,5,9069.41
2040,6,9082.18
2040,7,9018.38
2040,8,9104.88
2040,9,8982.53
2040,10,9219.12
2040,11,8940.62
2040,12,9137.48
2040,13,9147.4
2040,14,8990.5
2040,15,9198.4
2040,16,9107.66
2040,17,9028.11
2040,18,9141.15
2040,19,9020.24
2040,20,9094.74
2040,21,9078.85
2040,22,9150.6
2040,23,9033.72
2040,24,8999.35
2040,25,9153.81
2040,26,9026.56
2040,27,9026.6
2040,28,9117.86
2040,29,9138.66
2040,30,9093.12
2040,31,9071.47
2040,32,9284.87
2040,33,9093.68
2040,34,9127.95
2040,35,9039.6
2040,36,9051.67
2040,37,9002.64
2040,38,9161.34
2040,39,9101.03
2040,40,9002.3
2040,41,9026.92
2040,42,9005.64
2040,43,9008.3
2040,44,9009.83
2040,45,8985.59
2040,46,9139.19
2040,47,9160.94
2040,48,9015.75
2040,49,9123.19
2040,50,9130.35
2040,51,9068.08
2040,52,9013.02
2040,53,9201.98
2040,54,9210.93
2040,55,8985.75
2040,56,9067.44
2040,57,9112.1
2040,58,9016.78
2040,59,9071.71
2040,60,9100.37
2040,61,9135.85
2040,62,8995.74
2040,63,9110
2040,64,9008.93
2040,65,9215.33
2040,66,9122.78
2040,67,9006.39
2040,68,9073.26
2040,69,9096.33
2040,70,9137.17
2040,71,9039.5
2040,72,9005.53
2040,73,9153.57
2040,74,9140.83
2040,75,9000.77
2040,76,9049.23
2040,77,9111.28
2040,78,9132.57
2040,79,9272.34
2040,80,9032.55
2040,81,9098.65
2040,82,9087.35
2040,83,9191.03
2040,84,9055.12
2040,85,9009.68
2040,86,9139.38
2040,87,9133.8
2040,88,9122.65
2040,89,9028.58
2040,90,9119.75
2040,91,9066.77
2040,92,8984.86
2040,93,9042.88
2040,94,9076.16
2040,95,9096.71
2040,96,9092.86
2040,97,9034.46
2040,98,9106.13
2040,99,9124.89
2050,0,9148.65
2050,1,9061.91
2050,2,8980.59
2050,3,9001.18
2050,4,8954.92
2050,5,9055.02
2050,6,9067.88
2050,7,9001.99
2050,8,9092.93
2050,9,8967.47
2050,10,9204.57
2050,11,8925.01
2050,12,9125.98
2050,13,9130.26
2050,14,8975.72
2050,15,9186.89
2050,16,9094.94
2050,17,9011.74
2050,18,9127.34
2050,19,9005.06
2050,20,9081.07
2050,21,9064.24
2050,22,9137.94
2050,23,9017.99
2050,24,8983.7
2050,25,9143.62
2050,26,9014.61
2050,27,9013.23
2050,28,9103.32
2050,29,9125.9
2050,30,9079.36
2050,31,9057.57
2050,32,9274.14
2050,33,9081.76
2050,34,9115.63
2050,35,9023.82
2050,36,9037.41
2050,37,8984.3
2050,38,9147.59
2050,39,9088.86
2050,40,8986.77
2050,41,9013.93
2050,42,8991.96
2050,43,8994.38
2050,44,8994.9
2050,45,8972.09
2050,46,9127.56
2050,47,9149.21
2050,48,9000.85
2050,49,9109.18
2050,50,9118.74
2050,51,9054.21
2050,52,9000.06
2050,53,9194.79
2050,54,9197.24
2050,55,8972.16
2050,56,9053.3
2050,57,9102.55
2050,58,9001.08
2050,59,9056.21
2050,60,9088.45
2050,61,9121.54
2050,62,8981.3
2050,63,9095.33
2050,64,8995.91
2050,65,9204.25
2050,66,9108.83
2050,67,8989.61
2050,68,9059.13
2050,69,9085.45
2050,70,9123.14
2050,71,9025.34
2050,72,8991.33
2050,73,9141.58
2050,74,9130.83
2050,75,8987.5
2050,76,9034.71
2050,77,9098.2
2050,78,9121.07
2050,79,9262.55
2050,80,9021.26
2050,81,9086.89
2050,82,9075.55
2050,83,9180.61
2050,84,9039.92
2050,85,8995.7
2050,86,9125.12
2050,87,9121.35
2050,88,9109.77
2050,89,9015.55
2050,90,9105.65
2050,91,9052.98
2050,92,8972.47
2050,93,9029.79
2050,94,9064
2050,95,9086.62
2050,96,9080.71
2050,97,9019.57
2050,98,9090.58
2050,99,9111.95
2060,0,9148.38
2060,1,9061.63
2060,2,8980.33
2060,3,9000.89
2060,4,8954.67
2060,5,9054.73
2060,6,9067.62
2060,7,9001.75
2060,8,9092.63
2060,9,8967.19
2060,10,9204.28
2060,11,8924.74
2060,12,9125.68
2060,13,9129.97
2060,14,8975.45
2060,15,9186.59
2060,16,9094.64
2060,17,9011.5
2060,18,9127.06
2060,19,9004.78
2060,20,9080.78
2060,21,9063.96
2060,22,9137.65
2060,23,9017.74
2060,24,8983.46
2060,25,9143.32
2060,26,9014.31
2060,27,9012.94
2060,28,9103.02
2060,29,9125.61
2060,30,9079.07
2060,31,9057.28
2060,32,9273.84
2060,33,9081.46
2060,34,9115.34
2060,35,9023.56
2060,36,9037.12
2060,37,8984.06
2060,38,9147.32
2060,39,9088.56
2060,40,8986.49
2060,41,9013.63
2060,42,8991.68
2060,43,8994.1
2060,44,8994.63
2060,45,8971.81
2060,46,9127.26
2060,47,9148.91
2060,48,9000.58
2060,49,9108.91
2060,50,9118.44
2060,51,9053.94
2060,52,8999.78
2060,53,9194.49
2060,54,9196.95
2060,55,8971.87
2060,56,9053
2060,57,9102.25
2060,58,9000.8
2060,59,9055.94
2060,60,9088.15
2060,61,9121.28
2060,62,8981.03
2060,63,9095.03
2060,64,8995.62
2060,65,9203.95
2060,66,9108.55
2060,67,8989.35
2060,68,9058.85
2060,69,9085.15
2060,70,9122.85
2060,71,9025.06
2060,72,8991.05
2060,73,9141.28
2060,74,9130.53
2060,75,8987.2
2060,76,9034.43
2060,77,9097.92
2060,78,9120.77
2060,79,9262.25
2060,80,9020.96
2060,81,9086.59
2060,82,9075.25
2060,83,9180.31
2060,84,9039.64
2060,85,8995.43
2060,86,9124.86
2060,87,9121.06
2060,88,9109.49
2060,89,9015.27
2060,90,9105.37
2060,91,9052.7
2060,92,8972.19
2060,93,9029.5
2060,94,9063.7
2060,95,9086.33
2060,96,9080.41
2060,97,9019.3
2060,98,9090.31
2060,99,9111.66
2070,0,9148.08
2070,1,9061.33
2070,2,8980.03
2070,3,9000.59
2070,4,8954.37
2070,5,9054.43
2070,6,9067.32
2070,7,9001.45
2070,8,9092.33
2070,9,8966.89
2070,10,9203.98
2070,11,8924.44
2070,12,9125.38
2070,13,9129.67
2070,14,8975.15
2070,15,9186.29
2070,16,9094.34
2070,17,9011.2
2070,18,9126.76
2070,19,9004.48
2070,20,9080.48
2070,21,9063.66
2070,22,9137.35
2070,23,9017.44
2070,24,8983.16
2070,25,9143.02
2070,26,9014.01
2070,27,9012.64
2070,28,9102.72
2070,29,9125.31
2070,30,9078.77
2070,31,9056.98
2070,32,9273.54
2070,33,9081.16
2070,34,9115.04
2070,35,9023.26
2070,36,9036.82
2070,37,8983.76
2070,38,9147.02
2070,39,9088.26
2070,40,8986.19
2070,41,9013.33
2070,42,8991.38
2070,43,8993.8
2070,44,8994.33
2070,45,8971.51
2070,46,9126.96
2070,47,9148.61
2070,48,9000.28
2070,49,9108.61
2070,50,9118.14
2070,51,9053.64
2070,52,8999.48
2070,53,9194.19
2070,54,9196.65
2070,55,8971.57
2070,56,9052.7
2070,57,9101.95
2070,58,9000.5
2070,59,9055.64
2070,60,9087.85
2070,61,9120.98
2070,62,8980.73
2070,63,9094.73
2070,64,8995.32
2070,65,9203.65
2070,66,9108.25
2070,67,8989.05
2070,68,9058.55
2070,69,9084.85
2070,70,9122.55
2070,71,9024.76
2070,72,8990.75
2070,73,9140.98
2070,74,9130.23
2070,75,8986.9
2070,76,9034.13
2070,77,9097.62
2070,78,9120.47
2070,79,9261.95
2070,80,9020.66
2070,81,9086.29
2070,82,9074.95
2070,83,9180.01
2070,84,9039.34
2070,85,8995.13
2070,86,9124.56
2070,87,9120.76
2070,88,9109.19
2070,89,9014.97
2070,90,9105.07
2070,91,9052.4
2070,92,8971.89
2070,93,9029.2
2070,94,9063.4
2070,95,9086.03
2070,96,9080.11
2070,97,9019
2070,98,9090.01
2070,99,9111.36
2080,0,9136.07
2080,1,9047.45
2080,2,8965.14
2080,3,8987.65
2080,4,8938.63
2080,5,9040.93
2080,6,9053.24
2080,7,8987.01
2080,8,9080.18
2080,9,8953.8
2080,10,9191.11
2080,11,8907.92
2080,12,9109.02
2080,13,9117.15
2080,14,8960.69
2080,15,9175.26
2080,16,9082.44
2080,17,8995.38
2080,18,9110.99
2080,19,8989.94
2080,20,9067.22
2080,21,9048.18
2080,22,9124.17
2080,23,9002.77
2080,24,8967.36
2080,25,9132.41
2080,26,9003.49
2080,27,8999.8
2080,28,9089.54
2080,29,9112.42
2080,30,9066.63
2080,31,9040.54
2080,32,9263.24
2080,33,9067.28
2080,34,9103.86
2080,35,9008.57
2080,36,9022.39
2080,37,8966.42
2080,38,9134.82
2080,39,9078.7
2080,40,8969.98
2080,41,9000.26
2080,42,8977.93
2080,43,8979.67
2080,44,8978.97
2080,45,8958.03
2080,46,9116.32
2080,47,9137.7
2080,48,8986.8
2080,49,9096.07
2080,50,9106.4
2080,51,9037.7
2080,52,8984.37
2080,53,9187.2
2080,54,9184.3
2080,55,8957.82
2080,56,9042.57
2080,57,9092.85
2080,58,8985.32
2080,59,9039.65
2080,60,9075.43
2080,61,9103.67
2080,62,8967.9
2080,63,9078.83
2080,64,8979.41
2080,65,9194.17
2080,66,9096.82
2080,67,8975.15
2080,68,9046.14
2080,69,9073.69
2080,70,9110.53
2080,71,9012.1
2080,72,8978.67
2080,73,9128.81
2080,74,9119.68
2080,75,8974.86
2080,76,9021.74
2080,77,9084.41
2080,78,9110.77
2080,79,9251.71
2080,80,9009.74
2080,81,9075.5
2080,82,9065.17
2080,83,9169.63
2080,84,9023.09
2080,85,8980.81
2080,86,9109.96
2080,87,9110.22
2080,88,9097
2080,89,9002.37
2080,90,9092.34
2080,91,9040.32
2080,92,8960.33
2080,93,9016.01
2080,94,9052.27
2080,95,9075.51
2080,96,9066.93
2080,97,9004.7
2080,98,9076.72
2080,99,9099.38
2090,0,9135.77
2090,1,9047.2
2090,2,8964.9
2090,3,8987.39
2090,4,8938.39
2090,5,9040.64
2090,6,9052.98
2090,7,8986.79
2090,8,9079.88
2090,9,8953.55
2090,10,9190.83
2090,11,8907.69
2090,12,9108.75
2090,13,9116.88
2090,14,8960.45
2090,15,9174.97
2090,16,9082.16
2090,17,8995.15
2090,18,9110.74
2090,19,8989.69
2090,20,9066.95
2090,21,9047.94
2090,22,9123.89
2090,23,9002.52
2090,24,8967.13
2090,25,9132.11
2090,26,9003.2
2090,27,8999.55
2090,28,9089.26
2090,29,9112.16
2090,30,9066.35
2090,31,9040.31
2090,32,9262.94
2090,33,9066.98
2090,34,9103.58
2090,35,9008.32
2090,36,9022.12
2090,37,8966.19
2090,38,9134.56
2090,39,9078.41
2090,40,8969.73
2090,41,8999.99
2090,42,8977.68
2090,43,8979.43
2090,44,8978.73
2090,45,8957.78
2090,46,9116.03
2090,47,9137.42
2090,48,8986.55
2090,49,9095.83
2090,50,9106.11
2090,51,9037.46
2090,52,8984.13
2090,53,9186.9
2090,54,9184.02
2090,55,8957.54
2090,56,9042.27
2090,57,9092.55
2090,58,8985.08
2090,59,9039.41
2090,60,9075.16
2090,61,9103.44
2090,62,8967.64
2090,63,9078.56
2090,64,8979.16
2090,65,9193.87
2090,66,9096.57
2090,67,8974.89
2090,68,9045.85
2090,69,9073.39
2090,70,9110.25
2090,71,9011.84
2090,72,8978.43
2090,73,9128.52
2090,74,9119.39
2090,75,8974.57
2090,76,9021.46
2090,77,9084.17
2090,78,9110.48
2090,79,9251.41
2090,80,9009.44
2090,81,9075.22
2090,82,9064.89
2090,83,9169.33
2090,84,9022.85
2090,85,8980.57
2090,86,9109.71
2090,87,9109.96
2090,88,9096.75
2090,89,9002.1
2090,90,9092.1
2090,91,9040.03
2090,92,8960.08
2090,93,9015.73
2090,94,9051.97
2090,95,9075.24
2090,96,9066.66
2090,97,9004.46
2090,98,9076.44
2090,99,9099.09
2100,0,9135.47
2100,1,9046.9
2100,2,8964.6
2100,3,8987.09
2100,4,8938.09
2100,5,9040.34
2100,6,9052.68
2100,7,8986.49
2100,8,9079.58
2100,9,8953.25
2100,10,9190.53
2100,11,8907.39
2100,12,9108.45
2100,13,9116.58
2100,14,8960.15
2100,15,9174.67
2100,16,9081.86
2100,17,8994.85
2100,18,9110.44
2100,19,8989.39
2100,20,9066.65
2100,21,9047.64
2100,22,9123.59
2100,23,9002.22
2100,24,8966.83
2100,25,9131.81
2100,26,9002.9
2100,27,8999.25
2100,28,9088.96
2100,29,9111.86
2100,30,9066.05
2100,31,9040.01
2100,32,9262.64
2100,33,9066.68
2100,34,9103.28
2100,35,9008.02
2100,36,9021.82
2100,37,8965.89
2100,38,9134.26
2100,39,9078.11
2100,40,8969.43
2100,41,8999.69
2100,42,8977.38
2100,43,8979.13
2100,44,8978.43
2100,45,8957.48
2100,46,9115.73
2100,47,9137.12
2100,48,8986.25
2100,49,9095.53
2100,50,9105.81
2100,51,9037.16
2100,52,8983.83
2100,53,9186.6
2100,54,9183.72
2100,55,8957.24
2100,56,9041.97
2100,57,9092.25
2100,58,8984.78
2100,59,9039.11
2100,60,9074.86
2100,61,9103.14
2100,62,8967.34
2100,63,9078.26
2100,64,8978.86
2100,65,9193.57
2100,66,9096.27
2100,67,8974.59
2100,68,9045.55
2100,69,9073.09
2100,70,9109.95
2100,71,9011.54
2100,72,8978.13
2100,73,9128.22
2100,74,9119.09
2100,75,8974.27
2100,76,9021.16
2100,77,9083.87
2100,78,9110.18
2100,79,9251.11
2100,80,9009.14
2100,81,9074.92
2100,82,9064.59
2100,83,9169.03
2100,84,9022.55
2100,85,8980.27
2100,86,9109.41
2100,87,9109.66
2100,88,9096.45
2100,89,9001.8
2100,90,9091.8
2100,91,9039.73
2100,92,8959.78
2100,93,9015.43
2100,94,9051.67
2100,95,9074.94
2100,96,9066.36
2100,97,9004.16
2100,98,9076.14
2100,99,9098.79
2110,0,9123.14
2110,1,9037.92
2110,2,8954.04
2110,3,8978.07
2110,4,8927.11
2110,5,9029.29
2110,6,9044.97
2110,7,8975.55
2110,8,9069.76
2110,9,8945.24
2110,10,9180.44
2110,11,8896.25
2110,12,9099.22
2110,13,9109.3
2110,14,8950.79
2110,15,9166.08
2110,16,9071.22
2110,17,8985.61
2110,18,9101.84
2110,19,8980.91
2110,20,9055.43
2110,21,9036.93
2110,22,9113.46
2110,23,8993.71
2110,24,8955.47
2110,25,9122.46
2110,26,8992.75
2110,27,8989.94
2110,28,9077.75
2110,29,9101.16
2110,30,9056.87
2110,31,9025.71
2110,32,9254.16
2110,33,9054.66
2110,34,9093.75
2110,35,8999.28
2110,36,9009.79
2110,37,8954.17
2110,38,9125.43
2110,39,9068.24
2110,40,8958.22
2110,41,8990.97
2110,42,8971.21
2110,43,8967.9
2110,44,8965.08
2110,45,8948.8
2110,46,9105.19
2110,47,9128.34
2110,48,8976.55
2110,49,9088.05
2110,50,9095.48
2110,51,9027.51
2110,52,8975.64
2110,53,9178.69
2110,54,9175.42
2110,55,8945.04
2110,56,9031.87
2110,57,9084.75
2110,58,8975.93
2110,59,9026.29
2110,60,9064.19
2110,61,9094.1
2110,62,8959.47
2110,63,9065.53
2110,64,8970.44
2110,65,9185.52
2110,66,9087.81
2110,67,8964.49
2110,68,9033.15
2110,69,9063.22
2110,70,9097.68
2110,71,9003.28
2110,72,8968.39
2110,73,9117.17
2110,74,9109.55
2110,75,8962.41
2110,76,9014.25
2110,77,9073.43
2110,78,9101.37
2110,79,9242.86
2110,80,8999.02
2110,81,9066.58
2110,82,9058.91
2110,83,9160.52
2110,84,9009
2110,85,8970.2
2110,86,9098.72
2110,87,9099.43
2110,88,9088.01
2110,89,8992.31
2110,90,9080.18
2110,91,9027.62
2110,92,8951.99
2110,93,9004.6
2110,94,9040.82
2110,95,9068.73
2110,96,9059.04
2110,97,8994.51
2110,98,9062.91
2110,99,9088.09
2120,0,9122.87
2120,1,9037.62
2120,2,8953.74
2120,3,8977.77
2120,4,8926.82
2120,5,9029.01
2120,6,9044.67
2120,7,8975.28
2120,8,9069.46
2120,9,8944.94
2120,10,9180.14
2120,11,8895.97
2120,12,9098.92
2120,13,9109
2120,14,8950.49
2120,15,9165.78
2120,16,9070.93
2120,17,8985.31
2120,18,9101.54
2120,19,8980.61
2120,20,9055.14
2120,21,9036.64
2120,22,9113.16
2120,23,8993.41
2120,24,8955.19
2120,25,9122.16
2120,26,8992.45
2120,27,8989.64
2120,28,9077.47
2120,29,9100.87
2120,30,9056.57
2120,31,9025.45
2120,32,9253.86
2120,33,9054.37
2120,34,9093.46
2120,35,8998.98
2120,36,9009.51
2120,37,8953.89
2120,38,9125.13
2120,39,9067.95
2120,40,8957.93
2120,41,8990.67
2120,42,8970.91
2120,43,8967.62
2120,44,8964.83
2120,45,8948.5
2120,46,9104.91
2120,47,9128.04
2120,48,8976.25
2120,49,9087.75
2120,50,9095.18
2120,51,9027.22
2120,52,8975.34
2120,53,9178.39
2120,54,9175.12
2120,55,8944.76
2120,56,9031.57
2120,57,9084.45
2120,58,8975.63
2120,59,9026.02
2120,60,9063.9
2120,61,9093.8
2120,62,8959.17
2120,63,9065.24
2120,64,8970.14
2120,65,9185.22
2120,66,9087.51
2120,67,8964.2
2120,68,9032.87
2120,69,9062.92
2120,70,9097.41
2120,71,9002.98
2120,72,8968.09
2120,73,9116.89
2120,74,9109.25
2120,75,8962.13
2120,76,9013.95
2120,77,9073.15
2120,78,9101.07
2120,79,9242.56
2120,80,8998.73
2120,81,9066.28
2120,82,9058.61
2120,83,9160.22
2120,84,9008.74
2120,85,8969.91
2120,86,9098.44
2120,87,9099.14
2120,88,9087.71
2120,89,8992.01
2120,90,9079.9
2120,91,9027.34
2120,92,8951.69
2120,93,9004.33
2120,94,9040.53
2120,95,9068.43
2120,96,9058.74
2120,97,8994.21
2120,98,9062.64
2120,99,9087.8
2130,0,9122.57
2130,1,9037.32
2130,2,8953.44
2130,3,8977.47
2130,4,8926.52
2130,5,9028.71
2130,6,9044.37
2130,7,8974.98
2130,8,9069.16
2130,9,8944.64
2130,10,9179.84
2130,11,8895.67
2130,12,9098.62
2130,13,9108.7
2130,14,8950.19
2130,15,9165.48
2130,16,9070.63
2130,17,8985.01
2130,18,9101.24
2130,19,8980.31
2130,20,9054.84
2130,21,9036.34
2130,22,9112.86
2130,23,8993.11
2130,24,8954.89
2130,25,9121.86
2130,26,8992.15
2130,27,8989.34
2130,28,9077.17
2130,29,9100.57
2130,30,9056.27
2130,31,9025.15
2130,32,9253.56
2130,33,9054.07
2130,34,9093.16
2130,35,8998.68
2130,36,9009.21
2130,37,8953.59
2130,38,9124.83
2130,39,9067.65
2130,40,8957.63
2130,41,8990.37
2130,42,8970.61
2130,43,8967.32
2130,44,8964.53
2130,45,8948.2
2130,46,9104.61
2130,47,9127.74
2130,48,8975.95
2130,49,9087.45
2130,50,9094.88
2130,51,9026.92
2130,52,8975.04
2130,53,9178.09
2130,54,9174.82
2130,55,8944.46
2130,56,9031.27
2130,57,9084.15
2130,58,8975.33
2130,59,9025.72
2130,60,9063.6
2130,61,9093.5
2130,62,8958.87
2130,63,9064.94
2130,64,8969.84
2130,65,9184.92
2130,66,9087.21
2130,67,8963.9
2130,68,9032.57
2130,69,9062.62
2130,70,9097.11
2130,71,9002.68
2130,72,8967.79
2130,73,9116.59
2130,74,9108.95
2130,75,8961.83
2130,76,9013.65
2130,77,9072.85
2130,78,9100.77
2130,79,9242.26
2130,80,8998.43
2130,81,9065.98
2130,82,9058.31
2130,83,9159.92
2130,84,9008.44
2130,85,8969.61
2130,86,9098.14
2130,87,9098.84
2130,88,9087.41
2130,89,8991.71
2130,90,9079.6
2130,91,9027.04
2130,92,8951.39
2130,93,9004.03
2130,94,9040.23
2130,95,9068.13
2130,96,9058.44
2130,97,8993.91
2130,98,9062.34
2130,99,9087.5
2140,0,9111.23
2140,1,9024.86
2140,2,8939.92
2140,3,8963.74
2140,4,8912.53
2140,5,9016.77
2140,6,9031.6
2140,7,8962.21
2140,8,9054.42
2140,9,8930.52
2140,10,9166.83
2140,11,8881.32
2140,12,9083.04
2140,13,9094.2
2140,14,8936.48
2140,15,9154.54
2140,16,9058.3
2140,17,8971.94
2140,18,9089.45
2140,19,8968.63
2140,20,9042.82
2140,21,9023.12
2140,22,9099.33
2140,23,8981.63
2140,24,8940.31
2140,25,9111.68
2140,26,8981.79
2140,27,8978.22
2140,28,9065.21
2140,29,9088.94
2140,30,9043.96
2140,31,9014
2140,32,9243.15
2140,33,9040.37
2140,34,9083.12
2140,35,8986.83
2140,36,8996.13
2140,37,8941.89
2140,38,9113.44
2140,39,9056.99
2140,40,8945.89
2140,41,8979.46
2140,42,8960.72
2140,43,8953.18
2140,44,8950.25
2140,45,8937.34
2140,46,9093.41
2140,47,9116.98
2140,48,8962.72
2140,49,9075.35
2140,50,9085.07
2140,51,9015.02
2140,52,8963.97
2140,53,9170.21
2140,54,9162.98
2140,55,8933.54
2140,56,9020.94
2140,57,9074.16
2140,58,8960.15
2140,59,9010.2
2140,60,9052.57
2140,61,9083.63
2140,62,8945.81
2140,63,9049.71
2140,64,8956.81
2140,65,9173.87
2140,66,9074.89
2140,67,8953.28
2140,68,9019.5
2140,69,9052.31
2140,70,9080.34
2140,71,8990.65
2140,72,8955.11
2140,73,9104.09
2140,74,9099.18
2140,75,8949.7
2140,76,8999.47
2140,77,9060.15
2140,78,9089.91
2140,79,9231.96
2140,80,8987.6
2140,81,9055.21
2140,82,9047.35
2140,83,9148.61
2140,84,8996.87
2140,85,8960.06
2140,86,9086.14
2140,87,9085.84
2140,88,9075.61
2140,89,8978.44
2140,90,9067.98
2140,91,9014.18
2140,92,8940.47
2140,93,8990.77
2140,94,9027.94
2140,95,9056.52
2140,96,9045.35
2140,97,8980.82
2140,98,9049.24
2140,99,9076.7
2150,0,9110.96
2150,1,9024.62
2150,2,8939.67
2150,3,8963.51
2150,4,8912.29
2150,5,9012.37
2150,6,9031.36
2150,7,8961.96
2150,8,9054.15
2150,9,8930.28
2150,10,9166.57
2150,11,8881.08
2150,12,9082.8
2150,13,9093.95
2150,14,8936.24
2150,15,9154.27
2150,16,9058.04
2150,17,8971.69
2150,18,9089.19
2150,19,8964.9
2150,20,9042.55
2150,21,9022.87
2150,22,9099.08
2150,23,8977.47
2150,24,8940.09
2150,25,9111.39
2150,26,8981.51
2150,27,8974.37
2150,28,9064.93
2150,29,9088.67
2150,30,9043.7
2150,31,9008.28
2150,32,9242.88
2150,33,9040.1
2150,34,9082.84
2150,35,8982.76
2150,36,8991.1
2150,37,8936.87
2150,38,9113.17
2150,39,9056.71
2150,40,8941.86
2150,41,8979.19
2150,42,8956.73
2150,43,8952.95
2150,44,8950.01
2150,45,8933.53
2150,46,9093.14
2150,47,9116.72
2150,48,8962.46
2150,49,9075.11
2150,50,9084.78
2150,51,9014.76
2150,52,8959.81
2150,53,9169.91
2150,54,9162.73
2150,55,8928.13
2150,56,9020.65
2150,57,9073.89
2150,58,8959.92
2150,59,9009.97
2150,60,9052.31
2150,61,9077.67
2150,62,8945.56
2150,63,9049.47
2150,64,8956.55
2150,65,9173.59
2150,66,9074.66
2150,67,8947.59
2150,68,9019.25
2150,69,9052.03
2150,70,9080.08
2150,71,8990.4
2150,72,8954.85
2150,73,9103.83
2150,74,9098.9
2150,75,8949.44
2150,76,8999.25
2150,77,9059.91
2150,78,9089.64
2150,79,9231.67
2150,80,8987.33
2150,81,9054.93
2150,82,9047.08
2150,83,9148.35
2150,84,8992.47
2150,85,8954.52
2150,86,9085.89
2150,87,9085.6
2150,88,9075.35
2150,89,8978.19
2150,90,9067.72
2150,91,9013.92
2150,92,8940.2
2150,93,8990.52
2150,94,9027.67
2150,95,9056.27
2150,96,9045.09
2150,97,8980.58
2150,98,9048.99
2150,99,9072.9
2160,0,9110.66
2160,1,9024.32
2160,2,8939.37
2160,3,8963.21
2160,4,8911.99
2160,5,9012.07
2160,6,9031.06
2160,7,8961.66
2160,8,9053.85
2160,9,8929.98
2160,10,9166.27
2160,11,8880.78
2160,12,9082.5
2160,13,9093.65
2160,14,8935.94
2160,15,9153.97
2160,16,9057.74
2160,17,8971.39
2160,18,9088.89
2160,19,8964.6
2160,20,9042.25
2160,21,9022.57
2160,22,9098.78
2160,23,8977.17
2160,24,8939.79
2160,25,9111.09
2160,26,8981.21
2160,27,8974.07
2160,28,9064.63
2160,29,9088.37
2160,30,9043.4
2160,31,9007.98
2160,32,9242.58
2160,33,9039.8
2160,34,9082.54
2160,35,8982.46
2160,36,8990.8
2160,37,8936.57
2160,38,9112.87
2160,39,9056.41
2160,40,8941.56
2160,41,8978.89
2160,42,8956.43
2160,43,8952.65
2160,44,8949.71
2160,45,8933.23
2160,46,9092.84
2160,47,9116.42
2160,48,8962.16
2160,49,9074.81
2160,50,9084.48
2160,51,9014.46
2160,52,8959.51
2160,53,9169.61
2160,54,9162.43
2160,55,8927.83
2160,56,9020.35
2160,57,9073.59
2160,58,8959.62
2160,59,9009.67
2160,60,9052.01
2160,61,9077.37
2160,62,8945.26
2160,63,9049.17
2160,64,8956.25
2160,65,9173.29
2160,66,9074.36
2160,67,8947.29
2160,68,9018.95
2160,69,9051.73
2160,70,9079.78
2160,71,8990.1
2160,72,8954.55
2160,73,9103.53
2160,74,9098.6
2160,75,8949.14
2160,76,8998.95
2160,77,9059.61
2160,78,9089.34
2160,79,9231.37
2160,80,8987.03
2160,81,9054.63
2160,82,9046.78
2160,83,9148.05
2160,84,8992.17
2160,85,8954.22
2160,86,9085.59
2160,87,9085.3
2160,88,9075.05
2160,89,8977.89
2160,90,9067.42
2160,91,9013.62
2160,92,8939.9
2160,93,8990.22
2160,94,9027.37
2160,95,9055.97
2160,96,9044.79
2160,97,8980.28
2160,98,9048.69
2160,99,9072.6
2170,0,9098.62
2170,1,9014.24
2170,2,8926.15
2170,3,8953.94
2170,4,8898.2
2170,5,9000.82
2170,6,9018.86
2170,7,8948.85
2170,8,9041.15
2170,9,8919.78
2170,10,9153.19
2170,11,8868.98
2170,12,9070.47
2170,13,9079.56
2170,14,8925.43
2170,15,9142.87
2170,16,9047.68
2170,17,8958.43
2170,18,9077.12
2170,19,8956.29
2170,20,9033.09
2170,21,9011.62
2170,22,9088.61
2170,23,8965.62
2170,24,8927.99
2170,25,9100.28
2170,26,8972.78
2170,27,8962.79
2170,28,9053.76
2170,29,9077.91
2170,30,9031.48
2170,31,8996.62
2170,32,9232.74
2170,33,9027.14
2170,34,9073.38
2170,35,8970.53
2170,36,8977.23
2170,37,8924.59
2170,38,9101.33
2170,39,9044.94
2170,40,8930.09
2170,41,8969.3
2170,42,8946.55
2170,43,8941.25
2170,44,8936.52
2170,45,8922.67
2170,46,9081.95
2170,47,9105.64
2170,48,8950.97
2170,49,9065.04
2170,50,9074.82
2170,51,9002.45
2170,52,8947.57
2170,53,9160.23
2170,54,9149.86
2170,55,8914.71
2170,56,9010.04
2170,57,9063.44
2170,58,8946.99
2170,59,8998.85
2170,60,9040.59
2170,61,9068.14
2170,62,8935.16
2170,63,9036.72
2170,64,8944.04
2170,65,9162.86
2170,66,9062.34
2170,67,8936.83
2170,68,9009.44
2170,69,9041.52
2170,70,9063.09
2170,71,8979.9
2170,72,8941.9
2170,73,9093.85
2170,74,9088.92
2170,75,8937.56
2170,76,8986.38
2170,77,9046.75
2170,78,9077.95
2170,79,9221.02
2170,80,8976.46
2170,81,9043.7
2170,82,9035.64
2170,83,9136.91
2170,84,8979.71
2170,85,8944.69
2170,86,9075.08
2170,87,9073.6
2170,88,9063.54
2170,89,8968.97
2170,90,9055.82
2170,91,9003.3
2170,92,8928.84
2170,93,8979.91
2170,94,9016.25
2170,95,9045.88
2170,96,9031.96
2170,97,8968.65
2170,98,9035.68
2170,99,9061.72
2180,0,9098.37
2180,1,9010.54
2180,2,8925.91
2180,3,8950.42
2180,4,8897.96
2180,5,8995.73
2180,6,9018.61
2180,7,8948.62
2180,8,9040.89
2180,9,8915.62
2180,10,9152.95
2180,11,8864.41
2180,12,9070.23
2180,13,9079.31
2180,14,8920.96
2180,15,9142.61
2180,16,9044.57
2180,17,8958.19
2180,18,9076.87
2180,19,8952.49
2180,20,9030.24
2180,21,9006.34
2180,22,9085.67
2180,23,8961.54
2180,24,8923.18
2180,25,9100.01
2180,26,8970.65
2180,27,8958.98
2180,28,9051.04
2180,29,9074.78
2180,30,9031.22
2180,31,8990.84
2180,32,9232.47
2180,33,9026.87
2180,34,9070.55
2180,35,8966.53
2180,36,8972.21
2180,37,8919.59
2180,38,9098.01
2180,39,9042.99
2180,40,8926.11
2180,41,8966.41
2180,42,8942.61
2180,43,8936.76
2180,44,8936.28
2180,45,8918.92
2180,46,9081.7
2180,47,9105.39
2180,48,8946.98
2180,49,9061.2
2180,50,9072.95
2180,51,9002.21
2180,52,8947.34
2180,53,9159.95
2180,54,9149.62
2180,55,8909.76
2180,56,9009.76
2180,57,9063.18
2180,58,8942.78
2180,59,8993.84
2180,60,9040.34
2180,61,9062.19
2180,62,8931.29
2180,63,9033.6
2180,64,8939.81
2180,65,9162.6
2180,66,9062.1
2180,67,8931.14
2180,68,9006.24
2180,69,9039.45
2180,70,9062.84
2180,71,8976.29
2180,72,8941.66
2180,73,9091.68
2180,74,9088.66
2180,75,8937.31
2180,76,8986.13
2180,77,9046.52
2180,78,9077.7
2180,79,9220.75
2180,80,8976.21
2180,81,9043.44
2180,82,9035.39
2180,83,9136.67
2180,84,8979.47
2180,85,8939.26
2180,86,9071.01
2180,87,9073.35
2180,88,9063.31
2180,89,8965.96
2180,90,9055.57
2180,91,9000.17
2180,92,8925
2180,93,8976.8
2180,94,9015.98
2180,95,9042.81
2180,96,9031.71
2180,97,8964.23
2180,98,9035.43
2180,99,9057.89
2190,0,9098.07
2190,1,9010.24
2190,2,8925.61
2190,3,8950.12
2190,4,8897.66
2190,5,8995.43
2190,6,9018.31
2190,7,8948.32
2190,8,9040.59
2190,9,8915.32
2190,10,9152.65
2190,11,8864.11
2190,12,9069.93
2190,13,9079.01
2190,14,8920.66
2190,15,9142.31
2190,16,9044.27
2190,17,8957.89
2190,18,9076.57
2190,19,8952.19
2190,20,9029.94
2190,21,9006.04
2190,22,9085.37
2190,23,8961.24
2190,24,8922.88
2190,25,9099.71
2190,26,8970.35
2190,27,8958.68
2190,28,9050.74
2190,29,9074.48
2190,30,9030.92
2190,31,8990.54
2190,32,9232.17
2190,33,9026.57
2190,34,9070.25
2190,35,8966.23
2190,36,8971.91
2190,37,8919.29
2190,38,9097.71
2190,39,9042.69
2190,40,8925.81
2190,41,8966.11
2190,42,8942.31
2190,43,8936.46
2190,44,8935.98
2190,45,8918.62
2190,46,9081.4
2190,47,9105.09
2190,48,8946.68
2190,49,9060.9
2190,50,9072.65
2190,51,9001.91
2190,52,8947.04
2190,53,9159.65
2190,54,9149.32
2190,55,8909.46
2190,56,9009.46
2190,57,9062.88
2190,58,8942.48
2190,59,8993.54
2190,60,9040.04
2190,61,9061.89
2190,62,8930.99
2190,63,9033.3
2190,64,8939.51
2190,65,9162.3
2190,66,9061.8
2190,67,8930.84
2190,68,9005.94
2190,69,9039.15
2190,70,9062.54
2190,71,8975.99
2190,72,8941.36
2190,73,9091.38
2190,74,9088.36
2190,75,8937.01
2190,76,8985.83
2190,77,9046.22
2190,78,9077.4
2190,79,9220.45
2190,80,8975.91
2190,81,9043.14
2190,82,9035.09
2190,83,9136.37
2190,84,8979.17
2190,85,8938.96
2190,86,9070.71
2190,87,9073.05
2190,88,9063.01
2190,89,8965.66
2190,90,9055.27
2190,91,8999.87
2190,92,8924.7
2190,93,8976.5
2190,94,9015.68
2190,95,9042.51
2190,96,9031.41
2190,97,8963.93
2190,98,9035.13
2190,99,9057.59
2200,0,9086.14
2200,1,9000.57
2200,2,8914.34
2200,3,8940.8
2200,4,8886.42
2200,5,8984.07
2200,6,9010.13
2200,7,8938.55
2200,8,9030.41
2200,9,8906.57
2200,10,9139.52
2200,11,8852.45
2200,12,9059.24
2200,13,9065.29
2200,14,8909.95
2200,15,9132.63
2200,16,9032.87
2200,17,8948.76
2200,18,9064.81
2200,19,8941.74
2200,20,9020.78
2200,21,8994.08
2200,22,9075.16
2200,23,8950.58
2200,24,8911.41
2200,25,9089.58
2200,26,8959.8
2200,27,8949.26
2200,28,9040.84
2200,29,9064.3
2200,30,9021.78
2200,31,8975.99
2200,32,9222.53
2200,33,9016.2
2200,34,9060.55
2200,35,8955
2200,36,8958.57
2200,37,8910.16
2200,38,9086.03
2200,39,9031.24
2200,40,8914.3
2200,41,8956.69
2200,42,8932.5
2200,43,8926.47
2200,44,8924.26
2200,45,8910.47
2200,46,9070.65
2200,47,9096.68
2200,48,8935.46
2200,49,9050.54
2200,50,9060.5
2200,51,8989.34
2200,52,8937.12
2200,53,9151.74
2200,54,9139.79
2200,55,8896.38
2200,56,8998.81
2200,57,9055.04
2200,58,8930.41
2200,59,8981.26
2200,60,9030
2200,61,9052.09
2200,62,8920.93
2200,63,9023.51
2200,64,8929.42
2200,65,9151.8
2200,66,9054.13
2200,67,8920.28
2200,68,8996.28
2200,69,9028.27
2200,70,9050.24
2200,71,8966.31
2200,72,8930.32
2200,73,9079.91
2200,74,9078.27
2200,75,8924.83
2200,76,8976.67
2200,77,9038.09
2200,78,9068.89
2200,79,9211.65
2200,80,8965.4
2200,81,9034.8
2200,82,9026.51
2200,83,9125.35
2200,84,8966.9
2200,85,8929.99
2200,86,9059
2200,87,9061.34
2200,88,9053.6
2200,89,8956.1
2200,90,9043.53
2200,91,8989.58
2200,92,8916.39
2200,93,8966.16
2200,94,9003.42
2200,95,9032.24
2200,96,9022.26
2200,97,8952.3
2200,98,9025.53
2200,99,9046.34
2210,0,9085.91
2210,1,8996.6
2210,2,8910.09
2210,3,8937.33
2210,4,8881.13
2210,5,8978.94
2210,6,9006.78
2210,7,8933.06
2210,8,9028.59
2210,9,8899.74
2210,10,9139.3
2210,11,8847.9
2210,12,9056.49
2210,13,9062.71
2210,14,8905.47
2210,15,9132.38
2210,16,9029.74
2210,17,8944.54
2210,18,9064.58
2210,19,8938.09
2210,20,9017.96
2210,21,8988.79
2210,22,9072.24
2210,23,8946.5
2210,24,8906.62
2210,25,9088.55
2210,26,8959.55
2210,27,8945.47
2210,28,9038.08
2210,29,9061.19
2210,30,9019.12
2210,31,8975.78
2210,32,9222.28
2210,33,9015.95
2210,34,9057.66
2210,35,8951.04
2210,36,8953.51
2210,37,8905.92
2210,38,9082.72
2210,39,9030.99
2210,40,8910.37
2210,41,8953.79
2210,42,8928.61
2210,43,8921.95
2210,44,8919.89
2210,45,8903.81
2210,46,9070.41
2210,47,9093.61
2210,48,8931.49
2210,49,9046.78
2210,50,9060.26
2210,51,8989.12
2210,52,8932.55
2210,53,9151.47
2210,54,9136.4
2210,55,8891.42
2210,56,8998.55
2210,57,9052.27
2210,58,8926.16
2210,59,8976.79
2210,60,9026.95
2210,61,9046.8
2210,62,8917.06
2210,63,9020
2210,64,8924.92
2210,65,9151.55
2210,66,9049.78
2210,67,8914.59
2210,68,8993.13
2210,69,9026.25
2210,70,9047.34
2210,71,8962.39
2210,72,8926.11
2210,73,9079.67
2210,74,9078.01
2210,75,8924.59
2210,76,8972.03
2210,77,9032.98
2210,78,9065.86
2210,79,9211.39
2210,80,8965.16
2210,81,9032.18
2210,82,9023.52
2210,83,9125.11
2210,84,8962.52
2210,85,8924.58
2210,86,9058.77
2210,87,9061.1
2210,88,9048.76
2210,89,8953.14
2210,90,9043.3
2210,91,8986.42
2210,92,8909.69
2210,93,8963.09
2210,94,9003.18
2210,95,9029.19
2210,96,9018.62
2210,97,8947.88
2210,98,9021.67
2210,99,9042.45
2220,0,9085.61
2220,1,8996.3
2220,2,8909.79
2220,3,8937.03
2220,4,8880.83
2220,5,8978.64
2220,6,9006.48
2220,7,8932.76
2220,8,9028.29
2220,9,8899.44
2220,10,9139
2220,11,8847.6
2220,12,9056.19
2220,13,9062.41
2220,14,8905.17
2220,15,9132.08
2220,16,9029.44
2220,17,8944.24
2220,18,9064.28
2220,19,8937.79
2220,20,9017.66
2220,21,8988.49
2220,22,9071.94
2220,23,8946.2
2220,24,8906.32
2220,25,9088.25
2220,26,8959.25
2220,27,8945.17
2220,28,9037.78
2220,29,9060.89
2220,30,9018.82
2220,31,8975.48
2220,32,9221.98
2220,33,9015.65
2220,34,9057.36
2220,35,8950.74
2220,36,8953.21
2220,37,8905.62
2220,38,9082.42
2220,39,9030.69
2220,40,8910.07
2220,41,8953.49
2220,42,8928.31
2220,43,8921.65
2220,44,8919.59
2220,45,8903.51
2220,46,9070.11
2220,47,9093.31
2220,48,8931.19
2220,49,9046.48
2220,50,9059.96
2220,51,8988.82
2220,52,8932.25
2220,53,9151.17
2220,54,9136.1
2220,55,8891.12
2220,56,8998.25
2220,57,9051.97
2220,58,8925.86
2220,59,8976.49
2220,60,9026.65
2220,61,9046.5
2220,62,8916.76
2220,63,9019.7
2220,64,8924.62
2220,65,9151.25
2220,66,9049.48
2220,67,8914.29
2220,68,8992.83
2220,69,9025.95
2220,70,9047.04
2220,71,8962.09
2220,72,8925.81
2220,73,9079.37
2220,74,9077.71
2220,75,8924.29
2220,76,8971.73
2220,77,9032.68
2220,78,9065.56
2220,79,9211.09
2220,80,8964.86
2220,81,9031.88
2220,82,9023.22
2220,83,9124.81
2220,84,8962.22
2220,85,8924.28
2220,86,9058.47
2220,87,9060.8
2220,88,9048.46
2220,89,8952.84
2220,90,9043
2220,91,8986.12
2220,92,8909.39
2220,93,8962.79
2220,94,9002.88
2220,95,9028.89
2220,96,9018.32
2220,97,8947.58
2220,98,9021.37
2220,99,9042.15
2230,0,9075.06
2230,1,8985.93
2230,2,8898.98
2230,3,8928.15
2230,4,8869.84
2230,5,8967.05
2230,6,8998.21
2230,7,8920.37
2230,8,9018.44
2230,9,8892.34
2230,10,9129.08
2230,11,8836.59
2230,12,9045.37
2230,13,9054.97
2230,14,8898.44
2230,15,9124.48
2230,16,9017.95
2230,17,8934.42
2230,18,9052.47
2230,19,8927.53
2230,20,9007.8
2230,21,8976.42
2230,22,9061.76
2230,23,8935.52
2230,24,8894.93
2230,25,9079.54
2230,26,8951.28
2230,27,8935.8
2230,28,9029.06
2230,29,9050.99
2230,30,9008.68
2230,31,8963.83
2230,32,9215.04
2230,33,9004.91
2230,34,9047.47
2230,35,8939.42
2230,36,8939.87
2230,37,8892.22
2230,38,9074.08
2230,39,9021.5
2230,40,8898.94
2230,41,8944.25
2230,42,8919.94
2230,43,8911.06
2230,44,8908.02
2230,45,8894.33
2230,46,9059.38
2230,47,9084.81
2230,48,8920.23
2230,49,9039.17
2230,50,9049.58
2230,51,8981.57
2230,52,8922.39
2230,53,9143.35
2230,54,9126.5
2230,55,8877.91
2230,56,8988.34
2230,57,9043.95
2230,58,8913.77
2230,59,8964.32
2230,60,9016.63
2230,61,9035.54
2230,62,8906.76
2230,63,9009.82
2230,64,8912.67
2230,65,9142.95
2230,66,9041.68
2230,67,8903.7
2230,68,8983.17
2230,69,9015.1
2230,70,9033.57
2230,71,8952.48
2230,72,8914.87
2230,73,9067.72
2230,74,9068.23
2230,75,8912.28
2230,76,8964.93
2230,77,9022.42
2230,78,9057.91
2230,79,9202.88
2230,80,8954.32
2230,81,9023.57
2230,82,9014.68
2230,83,9113.72
2230,84,8949.9
2230,85,8914.84
2230,86,9047.71
2230,87,9052.59
2230,88,9041.02
2230,89,8943.37
2230,90,9031.08
2230,91,8977.03
2230,92,8901.01
2230,93,8952.82
2230,94,8991.73
2230,95,9018.53
2230,96,9008.11
2230,97,8935.98
2230,98,9012.29
2230,99,9031.12
2240,0,9070.85
2240,1,8979.15
2240,2,8894.73
2240,3,8921.72
2240,4,8866.76
2240,5,8961.84
2240,6,8994.92
2240,7,8915.27
2240,8,9013.79
2240,9,8885.54
2240,10,9125.14
2240,11,8832.07
2240,12,9041.9
2240,13,9049.7
2240,14,8890.94
2240,15,9121.19
2240,16,9014.78
2240,17,8929.12
2240,18,9048.67
2240,19,8923.94
2240,20,9002.1
2240,21,8971.92
2240,22,9055.52
2240,23,8931.47
2240,24,8890.2
2240,25,9075.38
2240,26,8948.56
2240,27,8929.17
2240,28,9023.91
2240,29,9047.9
2240,30,9005.99
2240,31,8958.63
2240,32,9211.53
2240,33,9002.62
2240,34,9044.52
2240,35,8935.52
2240,36,8934.81
2240,37,8889.51
2240,38,9068.14
2240,39,9018.32
2240,40,8895.06
2240,41,8941.35
2240,42,8913.93
2240,43,8906.15
2240,44,8903.65
2240,45,8887.48
2240,46,9059.16
2240,47,9081.74
2240,48,8916.28
2240,49,9035.08
2240,50,9047.69
2240,51,8971.82
2240,52,8915.25
2240,53,9141.54
2240,54,9123.16
2240,55,8872.94
2240,56,8987.12
2240,57,9040.37
2240,58,8909.49
2240,59,8959.83
2240,60,9013.55
2240,61,9030.84
2240,62,8901.59
2240,63,9006.34
2240,64,8908.41
2240,65,9139.16
2240,66,9036.48
2240,67,8897.71
2240,68,8977.47
2240,69,9013.12
2240,70,9030.62
2240,71,8948.55
2240,72,8910.67
2240,73,9067.49
2240,74,9063.24
2240,75,8912.05
2240,76,8959.5
2240,77,9016.83
2240,78,9053.78
2240,79,9200.81
2240,80,8954.09
2240,81,9018.7
2240,82,9011.63
2240,83,9113.5
2240,84,8945.52
2240,85,8908.76
2240,86,9043.63
2240,87,9048.87
2240,88,9036.06
2240,89,8936.54
2240,90,9030.87
2240,91,8971.16
2240,92,8894.27
2240,93,8949.77
2240,94,8989.42
2240,95,9017.34
2240,96,9004.55
2240,97,8928.36
2240,98,9007.73
2240,99,9027.2
2250,0,9070.55
2250,1,8978.85
2250,2,8894.43
2250,3,8921.42
2250,4,8866.46
2250,5,8961.54
2250,6,8994.62
2250,7,8914.97
2250,8,9013.49
2250,9,8885.24
2250,10,9124.84
2250,11,8831.77
2250,12,9041.6
2250,13,9049.4
2250,14,8890.64
2250,15,9120.89
2250,16,9014.48
2250,17,8928.82
2250,18,9048.37
2250,19,8923.64
2250,20,9001.8
2250,21,8971.62
2250,22,9055.22
2250,23,8931.17
2250,24,8889.9
2250,25,9075.08
2250,26,8948.26
2250,27,8928.87
2250,28,9023.61
2250,29,9047.6
2250,30,9005.69
2250,31,8958.33
2250,32,9211.23
2250,33,9002.32
2250,34,9044.22
2250,35,8935.22
2250,36,8934.51
2250,37,8889.21
2250,38,9067.84
2250,39,9018.02
2250,40,8894.76
2250,41,8941.05
2250,42,8913.63
2250,43,8905.85
2250,44,8903.35
2250,45,8887.18
2250,46,9058.86
2250,47,9081.44
2250,48,8915.98
2250,49,9034.78
2250,50,9047.39
2250,51,8971.52
2250,52,8914.95
2250,53,9141.24
2250,54,9122.86
2250,55,8872.64
2250,56,8986.82
2250,57,9040.07
2250,58,8909.19
2250,59,8959.53
2250,60,9013.25
2250,61,9030.54
2250,62,8901.29
2250,63,9006.04
2250,64,8908.11
2250,65,9138.86
2250,66,9036.18
2250,67,8897.41
2250,68,8977.17
2250,69,9012.82
2250,70,9030.32
2250,71,8948.25
2250,72,8910.37
2250,73,9067.19
2250,74,9062.94
2250,75,8911.75
2250,76,8959.2
2250,77,9016.53
2250,78,9053.48
2250,79,9200.51
2250,80,8953.79
2250,81,9018.4
2250,82,9011.33
2250,83,9113.2
2250,84,8945.22
2250,85,8908.46
2250,86,9043.33
2250,87,9048.57
2250,88,9035.76
2250,89,8936.24
2250,90,9030.57
2250,91,8970.86
2250,92,8893.97
2250,93,8949.47
2250,94,8989.12
2250,95,9017.04
2250,96,9004.25
2250,97,8928.06
2250,98,9007.43
2250,99,9026.9
2260,0,9059.99
2260,1,8969.64
2260,2,8883.8
2260,3,8912.55
2260,4,8855.05
2260,5,8951.06
2260,6,8986.73
2260,7,8905.7
2260,8,9004.34
2260,9,8876.52
2260,10,9115.01
2260,11,8822.95
2260,12,9030.76
2260,13,9041.45
2260,14,8883.88
2260,15,9111.06
2260,16,9002.89
2260,17,8918.89
2260,18,9036.54
2260,19,8913.33
2260,20,8991.98
2260,21,8959.45
2260,22,9044.71
2260,23,8922.45
2260,24,8881.27
2260,25,9067.39
2260,26,8938.3
2260,27,8919.55
2260,28,9014.63
2260,29,9037.94
2260,30,8995.88
2260,31,8949.01
2260,32,9204.36
2260,33,8991.86
2260,34,9035.44
2260,35,8925.78
2260,36,8923.02
2260,37,8878.08
2260,38,9059.44
2260,39,9008.93
2260,40,8883.72
2260,41,8931.93
2260,42,8903.56
2260,43,8896.84
2260,44,8893.48
2260,45,8877.87
2260,46,9049.12
2260,47,9072.36
2260,48,8905.22
2260,49,9027.48
2260,50,9038.62
2260,51,8964.36
2260,52,8906.23
2260,53,9130.59
2260,54,9113.21
2260,55,8861.39
2260,56,8976.43
2260,57,9031.91
2260,58,8900.1
2260,59,8948.59
2260,60,9004.26
2260,61,9020.92
2260,62,8894.86
2260,63,8997.45
2260,64,8898.36
2260,65,9129.95
2260,66,9028.3
2260,67,8886.82
2260,68,8968.06
2260,69,9003.71
2260,70,9016.76
2260,71,8937.64
2260,72,8901.4
2260,73,9057.57
2260,74,9053.32
2260,75,8899.57
2260,76,8952.45
2260,77,9006.32
2260,78,9044.69
2260,79,9192.2
2260,80,8944.2
2260,81,9010.13
2260,82,9004.39
2260,83,9105.28
2260,84,8934.59
2260,85,8898.88
2260,86,9032.21
2260,87,9040.41
2260,88,9027.86
2260,89,8926.84
2260,90,9022.79
2260,91,8961.1
2260,92,8884.63
2260,93,8940.34
2260,94,8977.95
2260,95,9010.69
2260,96,8996.67
2260,97,8918.55
2260,98,8999.47
2260,99,9015.67
2270,0,9059.77
2270,1,8966.17
2270,2,8879.55
2270,3,8909.17
2270,4,8854.07
2270,5,8947.11
2270,6,8977.51
2270,7,8902.92
2270,8,8999.75
2270,9,8873.39
2270,10,9110.59
2270,11,8816.49
2270,12,9028.82
2270,13,9034.07
2270,14,8878.53
2270,15,9105.8
2270,16,9002.67
2270,17,8915.44
2270,18,9036.13
2270,19,8909.78
2270,20,8986.18
2270,21,8959.24
2270,22,9038.53
2270,23,8919.22
2270,24,8877.37
2270,25,9066.17
2270,26,8932.54
2270,27,8915.83
2270,28,9009.49
2270,29,9034.87
2270,30,8993.15
2270,31,8943.77
2270,32,9202.59
2270,33,8988.95
2270,34,9032.4
2270,35,8921.82
2270,36,8919.23
2270,37,8875.91
2270,38,9053.36
2270,39,9008.69
2270,40,8879.9
2270,41,8929.02
2270,42,8899.73
2270,43,8890.84
2270,44,8887.59
2270,45,8874.29
2270,46,9048.9
2270,47,9069.66
2270,48,8901.1
2270,49,9023.87
2270,50,9036.7
2270,51,8957.49
2270,52,8902.05
2270,53,9126.41
2270,54,9111.24
2270,55,8856.39
2270,56,8976.2
2270,57,9030.05
2270,58,8895.16
2270,59,8946.88
2270,60,9001.12
2270,61,9016.58
2270,62,8887.75
2270,63,8993.24
2270,64,8896.36
2270,65,9125.99
2270,66,9024.41
2270,67,8881.94
2270,68,8962.46
2270,69,9001.73
2270,70,9011.68
2270,71,8937.42
2270,72,8896.59
2270,73,9057.33
2270,74,9048.38
2270,75,8899.35
2270,76,8945.83
2270,77,9002.18
2270,78,9042.66
2270,79,9191.96
2270,80,8943.98
2270,81,9007.61
2270,82,8999.18
2270,83,9101.97
2270,84,8933.1
2270,85,8892.73
2270,86,9032
2270,87,9036.3
2270,88,9022.89
2270,89,8924
2270,90,9018.31
2270,91,8958.17
2270,92,8878.29
2270,93,8936.85
2270,94,8977.73
2270,95,9006.35
2270,96,8993.92
2270,97,8916.02
2270,98,8993.78
2270,99,9015.39
2280,0,9059.47
2280,1,8965.87
2280,2,8879.25
2280,3,8908.87
2280,4,8853.77
2280,5,8946.81
2280,6,8977.21
2280,7,8902.62
2280,8,8999.45
2280,9,8873.09
2280,10,9110.29
2280,11,8816.19
2280,12,9028.52
2280,13,9033.77
2280,14,8878.23
2280,15,9105.5
2280,16,9002.37
2280,17,8915.14
2280,18,9035.83
2280,19,8909.48
2280,20,8985.88
2280,21,8958.94
2280,22,9038.23
2280,23,8918.92
2280,24,8877.07
2280,25,9065.87
2280,26,8932.24
2280,27,8915.53
2280,28,9009.19
2280,29,9034.57
2280,30,8992.85
2280,31,8943.47
2280,32,9202.29
2280,33,8988.65
2280,34,9032.1
2280,35,8921.52
2280,36,8918.93
2280,37,8875.61
2280,38,9053.06
2280,39,9008.39
2280,40,8879.6
2280,41,8928.72
2280,42,8899.43
2280,43,8890.54
2280,44,8887.29
2280,45,8873.99
2280,46,9048.6
2280,47,9069.36
2280,48,8900.8
2280,49,9023.57
2280,50,9036.4
2280,51,8957.19
2280,52,8901.75
2280,53,9126.11
2280,54,9110.94
2280,55,8856.09
2280,56,8975.9
2280,57,9029.75
2280,58,8894.86
2280,59,8946.58
2280,60,9000.82
2280,61,9016.28
2280,62,8887.45
2280,63,8992.94
2280,64,8896.06
2280,65,9125.69
2280,66,9024.11
2280,67,8881.64
2280,68,8962.16
2280,69,9001.43
2280,70,9011.38
2280,71,8937.12
2280,72,8896.29
2280,73,9057.03
2280,74,9048.08
2280,75,8899.05
2280,76,8945.53
2280,77,9001.88
2280,78,9042.36
2280,79,9191.66
2280,80,8943.68
2280,81,9007.31
2280,82,8998.88
2280,83,9101.67
2280,84,8932.8
2280,85,8892.43
2280,86,9031.7
2280,87,9036
2280,88,9022.59
2280,89,8923.7
2280,90,9018.01
2280,91,8957.87
2280,92,8877.99
2280,93,8936.55
2280,94,8977.43
2280,95,9006.05
2280,96,8993.62
2280,97,8915.72
2280,98,8993.48
2280,99,9015.09
2290,0,9049.61
2290,1,8958.79
2290,2,8870.36
2290,3,8901.42
2290,4,8844.19
2290,5,8939.32
2290,6,8969.13
2290,7,8893.15
2290,8,8991.38
2290,9,8864.36
2290,10,9101.84
2290,11,8807.44
2290,12,9019.48
2290,13,9025.73
2290,14,8869.87
2290,15,9095.61
2290,16,8995.65
2290,17,8905.38
2290,18,9028.63
2290,19,8902.12
2290,20,8978.33
2290,21,8951.83
2290,22,9030.74
2290,23,8910.14
2290,24,8868.34
2290,25,9058.82
2290,26,8922.34
2290,27,8908.29
2290,28,9001.89
2290,29,9028.27
2290,30,8983.9
2290,31,8935.62
2290,32,9195.42
2290,33,8980.25
2290,34,9023.25
2290,35,8912.87
2290,36,8911.46
2290,37,8865.96
2290,38,9044.76
2290,39,9002.94
2290,40,8870.18
2290,41,8922.64
2290,42,8891.5
2290,43,8881.44
2290,44,8877.49
2290,45,8866.52
2290,46,9043.69
2290,47,9061.42
2290,48,8892.72
2290,49,9016.23
2290,50,9028.34
2290,51,8950.08
2290,52,8892.86
2290,53,9118.36
2290,54,9101.23
2290,55,8847.53
2290,56,8966.88
2290,57,9023.31
2290,58,8887.12
2290,59,8940.43
2290,60,8992.01
2290,61,9007.82
2290,62,8880.95
2290,63,8984.39
2290,64,8886.82
2290,65,9116.72
2290,66,9016.16
2290,67,8874.51
2290,68,8953.21
2290,69,8992.38
2290,70,9004.05
2290,71,8929.53
2290,72,8887.26
2290,73,9049.54
2290,74,9039.65
2290,75,8887.6
2290,76,8938.66
2290,77,8994.51
2290,78,9033.83
2290,79,9184.23
2290,80,8938.78
2290,81,8999.04
2290,82,8993.14
2290,83,9097.79
2290,84,8923.44
2290,85,8882.72
2290,86,9027.27
2290,87,9028.82
2290,88,9015.61
2290,89,8916.02
2290,90,9010.18
2290,91,8948.51
2290,92,8870.24
2290,93,8930.06
2290,94,8969.66
2290,95,8999.62
2290,96,8986.13
2290,97,8906.1
2290,98,8986.01
2290,99,9007.38
2300,0,9048.84
2300,1,8949
2300,2,8867.49
2300,3,8893.7
2300,4,8840.03
2300,5,8930.97
2300,6,8959.84
2300,7,8887.92
2300,8,8984.24
2300,9,8859.54
2300,10,9099.47
2300,11,8805.31
2300,12,9017.4
2300,13,9021.34
2300,14,8864.14
2300,15,9090.4
2300,16,8990.47
2300,17,8899.95
2300,18,9022.43
2300,19,8897.25
2300,20,8970.53
2300,21,8943.15
2300,22,9021.61
2300,23,8905.25
2300,24,8865.55
2300,25,9056.22
2300,26,8916.6
2300,27,8900.29
2300,28,8997.58
2300,29,9023.86
2300,30,8982.7
2300,31,8928.06
2300,32,9188.13
2300,33,8977.69
2300,34,9020.85
2300,35,8909.75
2300,36,8904.21
2300,37,8859.36
2300,38,9041.63
2300,39,8999.18
2300,40,8868.35
2300,41,8916.83
2300,42,8887.18
2300,43,8879.83
2300,44,8875.65
2300,45,8857.75
2300,46,9038.48
2300,47,9058.22
2300,48,8890.58
2300,49,9008.54
2300,50,9022.19
2300,51,8940.32
2300,52,8890.42
2300,53,9116.39
2300,54,9095.5
2300,55,8840.55
2300,56,8965.2
2300,57,9020.08
2300,58,8881.45
2300,59,8931.66
2300,60,8989.17
2300,61,9002.2
2300,62,8875.4
2300,63,8978.71
2300,64,8882.12
2300,65,9112.67
2300,66,9010.7
2300,67,8868.36
2300,68,8952.2
2300,69,8989.29
2300,70,9001.55
2300,71,8926.37
2300,72,8882.16
2300,73,9043.95
2300,74,9034.85
2300,75,8886.8
2300,76,8928.95
2300,77,8989.21
2300,78,9033.57
2300,79,9184
2300,80,8933.65
2300,81,8996.6
2300,82,8989.53
2300,83,9091.64
2300,84,8920.75
2300,85,8875.67
2300,86,9018.47
2300,87,9023.95
2300,88,9010.54
2300,89,8908.48
2300,90,9005.52
2300,91,8947.5
2300,92,8862.29
2300,93,8924.06
2300,94,8966.05
2300,95,8993.53
2300,96,8982.35
2300,97,8896.29
2300,98,8980.2
2300,99,9003.62
2310,0,9048.54
2310,1,8948.7
2310,2,8867.19
2310,3,8893.4
2310,4,8839.73
2310,5,8930.67
2310,6,8959.54
2310,7,8887.62
2310,8,8983.94
2310,9,8859.24
2310,10,9099.17
2310,11,8805.01
2310,12,9017.1
2310,13,9021.04
2310,14,8863.84
2310,15,9090.1
2310,16,8990.17
2310,17,8899.65
2310,18,9022.13
2310,19,8896.95
2310,20,8970.23
2310,21,8942.85
2310,22,9021.31
2310,23,8904.95
2310,24,8865.25
2310,25,9055.92
2310,26,8916.3
2310,27,8899.99
2310,28,8997.28
2310,29,9023.56
2310,30,8982.4
2310,31,8927.76
2310,32,9187.83
2310,33,8977.39
2310,34,9020.55
2310,35,8909.45
2310,36,8903.91
2310,37,8859.06
2310,38,9041.33
2310,39,8998.88
2310,40,8868.05
2310,41,8916.53
2310,42,8886.88
2310,43,8879.53
2310,44,8875.35
2310,45,8857.45
2310,46,9038.18
2310,47,9057.92
2310,48,8890.28
2310,49,9008.24
2310,50,9021.89
2310,51,8940.02
2310,52,8890.12
2310,53,9116.09
2310,54,9095.2
2310,55,8840.25
2310,56,8964.9
2310,57,9019.78
2310,58,8881.15
2310,59,8931.36
2310,60,8988.87
2310,61,9001.9
2310,62,8875.1
2310,63,8978.41
2310,64,8881.82
2310,65,9112.37
2310,66,9010.4
2310,67,8868.06
2310,68,8951.9
2310,69,8988.99
2310,70,9001.25
2310,71,8926.07
2310,72,8881.86
2310,73,9043.65
2310,74,9034.55
2310,75,8886.5
2310,76,8928.65
2310,77,8988.91
2310,78,9033.27
2310,79,9183.7
2310,80,8933.35
2310,81,8996.3
2310,82,8989.23
2310,83,9091.34
2310,84,8920.45
2310,85,8875.37
2310,86,9018.17
2310,87,9023.65
2310,88,9010.24
2310,89,8908.18
2310,90,9005.22
2310,91,8947.2
2310,92,8861.99
2310,93,8923.76
2310,94,8965.75
2310,95,8993.23
2310,96,8982.05
2310,97,8895.99
2310,98,8979.9
2310,99,9003.32
2320,0,9044.01
2320,1,8943.39
2320,2,8863.56
2320,3,8882.78
2320,4,8835.35
2320,5,8923.31
2320,6,8952.81
2320,7,8886.15
2320,8,8978.66
2320,9,8852.68
2320,10,9092.23
2320,11,8801.29
2320,12,9010.54
2320,13,9012.93
2320,14,8856.48
2320,15,9084.64
2320,16,8982.24
2320,17,8897.63
2320,18,9014.75
2320,19,8890.46
2320,20,8963.39
2320,21,8935.59
2320,22,9015.14
2320,23,8900.5
2320,24,8860.96
2320,25,9047.54
2320,26,8910.12
2320,27,8892.7
2320,28,8989.86
2320,29,9017.56
2320,30,8974.29
2320,31,8922.1
2320,32,9181.82
2320,33,8974.38
2320,34,9016.75
2320,35,8902.76
2320,36,8896.57
2320,37,8852.69
2320,38,9037.62
2320,39,8993.7
2320,40,8859.63
2320,41,8910.48
2320,42,8880.58
2320,43,8876.08
2320,44,8868.62
2320,45,8853.48
2320,46,9034.05
2320,47,9051.72
2320,48,8882.77
2320,49,9001.79
2320,50,9015.34
2320,51,8932.97
2320,52,8883.81
2320,53,9113.35
2320,54,9089.92
2320,55,8835.74
2320,56,8957.83
2320,57,9014.21
2320,58,8874.88
2320,59,8925.21
2320,60,8981.84
2320,61,8998.04
2320,62,8871.21
2320,63,8971.99
2320,64,8876.93
2320,65,9105.77
2320,66,9006.94
2320,67,8864.05
2320,68,8948.15
2320,69,8983.79
2320,70,8992.12
2320,71,8920.21
2320,72,8875.35
2320,73,9037.71
2320,74,9028.73
2320,75,8881.71
2320,76,8921.85
2320,77,8983.34
2320,78,9030.37
2320,79,9175.69
2320,80,8929.47
2320,81,8988.67
2320,82,8983.8
2320,83,9087.23
2320,84,8917.32
2320,85,8868.75
2320,86,9013.66
2320,87,9019.5
2320,88,9005.42
2320,89,8902.37
2320,90,8999.88
2320,91,8943.42
2320,92,8855.46
2320,93,8917.89
2320,94,8958.88
2320,95,8987.57
2320,96,8975.31
2320,97,8890.17
2320,98,8973.72
2320,99,8999.94
2330,0,9035.56
2330,1,8932.19
2330,2,8852.11
2330,3,8875.58
2330,4,8823.81
2330,5,8913.74
2330,6,8943.08
2330,7,8871.26
2330,8,8970.29
2330,9,8844.81
2330,10,9084.83
2330,11,8789.34
2330,12,9003.65
2330,13,9006.68
2330,14,8848.2
2330,15,9076.71
2330,16,8975.2
2330,17,8883.17
2330,18,9010.08
2330,19,8883.72
2330,20,8955.04
2330,21,8928.89
2330,22,9004.8
2330,23,8890.25
2330,24,8849.3
2330,25,9044.25
2330,26,8900.73
2330,27,8889.03
2330,28,8983.3
2330,29,9012.12
2330,30,8968.89
2330,31,8911.93
2330,32,9177.27
2330,33,8966.39
2330,34,9006.41
2330,35,8894.24
2330,36,8889.49
2330,37,8843.71
2330,38,9024.76
2330,39,8988.02
2330,40,8853.92
2330,41,8902.81
2330,42,8873.2
2330,43,8864.67
2330,44,8859.99
2330,45,8841.11
2330,46,9026.03
2330,47,9046.37
2330,48,8876.39
2330,49,8991.87
2330,50,9010.34
2330,51,8923.85
2330,52,8874.85
2330,53,9104.61
2330,54,9079.62
2330,55,8825.96
2330,56,8953.41
2330,57,9009.71
2330,58,8864.15
2330,59,8914.14
2330,60,8976.06
2330,61,8988.02
2330,62,8859.47
2330,63,8962.54
2330,64,8865.62
2330,65,9099.35
2330,66,8996.46
2330,67,8854.8
2330,68,8939.17
2330,69,8974.04
2330,70,8985.78
2330,71,8912.28
2330,72,8867.48
2330,73,9031.69
2330,74,9020.17
2330,75,8874.35
2330,76,8912.87
2330,77,8975
2330,78,9022.34
2330,79,9173.06
2330,80,8921.18
2330,81,8982.04
2330,82,8975.25
2330,83,9078.29
2330,84,8905.17
2330,85,8862.28
2330,86,9002.75
2330,87,9011.58
2330,88,8997.97
2330,89,8893.16
2330,90,8992.72
2330,91,8933.46
2330,92,8850.56
2330,93,8907.35
2330,94,8953.78
2330,95,8980.2
2330,96,8967.22
2330,97,8876.67
2330,98,8963.85
2330,99,8987.28
2340,0,9035.26
2340,1,8931.89
2340,2,8851.81
2340,3,8875.28
2340,4,8823.51
2340,5,8913.44
2340,6,8942.78
2340,7,8870.96
2340,8,8969.99
2340,9,8844.51
2340,10,9084.53
2340,11,8789.04
2340,12,9003.35
2340,13,9006.38
2340,14,8847.9
2340,15,9076.41
2340,16,8974.9
2340,17,8882.87
2340,18,9009.78
2340,19,8883.42
2340,20,8954.74
2340,21,8928.59
2340,22,9004.5
2340,23,8889.95
2340,24,8849
2340,25,9043.95
2340,26,8900.43
2340,27,8888.73
2340,28,8983
2340,29,9011.82
2340,30,8968.59
2340,31,8911.63
2340,32,9176.97
2340,33,8966.09
2340,34,9006.11
2340,35,8893.94
2340,36,8889.19
2340,37,8843.41
2340,38,9024.46
2340,39,8987.72
2340,40,8853.62
2340,41,8902.51
2340,42,8872.9
2340,43,8864.37
2340,44,8859.69
2340,45,8840.81
2340,46,9025.73
2340,47,9046.07
2340,48,8876.09
2340,49,8991.57
2340,50,9010.04
2340,51,8923.55
2340,52,8874.55
2340,53,9104.31
2340,54,9079.32
2340,55,8825.66
2340,56,8953.11
2340,57,9009.41
2340,58,8863.85
2340,59,8913.84
2340,60,8975.76
2340,61,8987.72
2340,62,8859.17
2340,63,8962.24
2340,64,8865.32
2340,65,9099.05
2340,66,8996.16
2340,67,8854.5
2340,68,8938.87
2340,69,8973.74
2340,70,8985.48
2340,71,8911.98
2340,72,8867.18
2340,73,9031.39
2340,74,9019.87
2340,75,8874.05
2340,76,8912.57
2340,77,8974.7
2340,78,9022.04
2340,79,9172.76
2340,80,8920.88
2340,81,8981.74
2340,82,8974.95
2340,83,9077.99
2340,84,8904.87
2340,85,8861.98
2340,86,9002.45
2340,87,9011.28
2340,88,8997.67
2340,89,8892.86
2340,90,8992.42
2340,91,8933.16
2340,92,8850.26
2340,93,8907.05
2340,94,8953.48
2340,95,8979.9
2340,96,8966.92
2340,97,8876.37
2340,98,8963.55
2340,99,8986.98
2350,0,9030.79
2350,1,8927.47
2350,2,8849.65
2350,3,8871.15
2350,4,8821.04
2350,5,8911.26
2350,6,8938.4
2350,7,8869.46
2350,8,8968.45
2350,9,8839.81
2350,10,9081.5
2350,11,8785.22
2350,12,8998.95
2350,13,9004.55
2350,14,8845.54
2350,15,9072.43
2350,16,8969.55
2350,17,8880.86
2350,18,9006.38
2350,19,8880.3
2350,20,8952.08
2350,21,8926.73
2350,22,9002.12
2350,23,8885.54
2350,24,8846.58
2350,25,9039.32
2350,26,8896.59
2350,27,8884.23
2350,28,8979.74
2350,29,9010.18
2350,30,8966.99
2350,31,8908.35
2350,32,9173.42
2350,33,8962.92
2350,34,9002.31
2350,35,8891.28
2350,36,8887.05
2350,37,8841.03
2350,38,9022.17
2350,39,8984.52
2350,40,8851.23
2350,41,8901.06
2350,42,8869.39
2350,43,8864.03
2350,44,8856.77
2350,45,8836.89
2350,46,9021.83
2350,47,9043.2
2350,48,8873.48
2350,49,8988
2350,50,9006.54
2350,51,8918.8
2350,52,8873.32
2350,53,9102.24
2350,54,9077.32
2350,55,8823.31
2350,56,8949.31
2350,57,9006.7
2350,58,8861.93
2350,59,8911.22
2350,60,8972.84
2350,61,8983.92
2350,62,8855.1
2350,63,8958.42
2350,64,8863.65
2350,65,9095.87
2350,66,8992.17
2350,67,8850.56
2350,68,8935.88
2350,69,8968.48
2350,70,8983.49
2350,71,8910.12
2350,72,8864.76
2350,73,9029.14
2350,74,9017.78
2350,75,8869.24
2350,76,8911.12
2350,77,8971.58
2350,78,9018.01
2350,79,9169.24
2350,80,8916.85
2350,81,8978.2
2350,82,8970.75
2350,83,9074.99
2350,84,8901.66
2350,85,8859.62
2350,86,9002.15
2350,87,9008.38
2350,88,8994.02
2350,89,8889.82
2350,90,8989.14
2350,91,8930.27
2350,92,8848.74
2350,93,8901.97
2350,94,8948.98
2350,95,8976.51
2350,96,8964.84
2350,97,8874.71
2350,98,8960.11
2350,99,8983.57
2360,0,9021.47
2360,1,8915.65
2360,2,8834.47
2360,3,8858.41
2360,4,8806.84
2360,5,8896.47
2360,6,8928.42
2360,7,8854.62
2360,8,8957.13
2360,9,8830.13
2360,10,9067.76
2360,11,8774.56
2360,12,8990.96
2360,13,8990.94
2360,14,8831.89
2360,15,9061.59
2360,16,8961.87
2360,17,8865.74
2360,18,8997.03
2360,19,8869.43
2360,20,8940.39
2360,21,8914.81
2360,22,8988.13
2360,23,8874.79
2360,24,8832.77
2360,25,9032.17
2360,26,8884.9
2360,27,8872.79
2360,28,8969
2360,29,9000.34
2360,30,8956.92
2360,31,8893.36
2360,32,9166.39
2360,33,8954.93
2360,34,8991.81
2360,35,8878.91
2360,36,8874.89
2360,37,8825.74
2360,38,9010.82
2360,39,8977.03
2360,40,8840.59
2360,41,8890.98
2360,42,8858.25
2360,43,8849.17
2360,44,8844.27
2360,45,8824.44
2360,46,9013.05
2360,47,9033.96
2360,48,8862.09
2360,49,8978.53
2360,50,8998.49
2360,51,8906.53
2360,52,8859.18
2360,53,9088.01
2360,54,9066.1
2360,55,8807.59
2360,56,8940.98
2360,57,8998.34
2360,58,8847.33
2360,59,8896.38
2360,60,8962.03
2360,61,8973.84
2360,62,8843.36
2360,63,8947.76
2360,64,8849.12
2360,65,9088.15
2360,66,8984.06
2360,67,8841.21
2360,68,8924.32
2360,69,8961.6
2360,70,8970.27
2360,71,8898.29
2360,72,8851.25
2360,73,9017.19
2360,74,9006.66
2360,75,8862.02
2360,76,8896.34
2360,77,8959.93
2360,78,9010.2
2360,79,9161.8
2360,80,8908.05
2360,81,8967.25
2360,82,8960.25
2360,83,9064.36
2360,84,8888.98
2360,85,8846.62
2360,86,8984.18
2360,87,8996.82
2360,88,8983.34
2360,89,8878.01
2360,90,8978.77
2360,91,8917.59
2360,92,8834.47
2360,93,8892.31
2360,94,8941.34
2360,95,8966.85
2360,96,8951.63
2360,97,8857.02
2360,98,8947.41
2360,99,8974.22
2370,0,9021.17
2370,1,8915.35
2370,2,8834.17
2370,3,8858.11
2370,4,8806.54
2370,5,8896.17
2370,6,8928.12
2370,7,8854.32
2370,8,8956.83
2370,9,8829.83
2370,10,9067.46
2370,11,8774.26
2370,12,8990.66
2370,13,8990.64
2370,14,8831.59
2370,15,9061.29
2370,16,8961.57
2370,17,8865.44
2370,18,8996.73
2370,19,8869.13
2370,20,8940.09
2370,21,8914.51
2370,22,8987.83
2370,23,8874.49
2370,24,8832.47
2370,25,9031.87
2370,26,8884.6
2370,27,8872.49
2370,28,8968.7
2370,29,9000.04
2370,30,8956.62
2370,31,8893.06
2370,32,9166.09
2370,33,8954.63
2370,34,8991.51
2370,35,8878.61
2370,36,8874.59
2370,37,8825.44
2370,38,9010.52
2370,39,8976.73
2370,40,8840.29
2370,41,8890.68
2370,42,8857.95
2370,43,8848.87
2370,44,8843.97
2370,45,8824.14
2370,46,9012.75
2370,47,9033.66
2370,48,8861.79
2370,49,8978.23
2370,50,8998.19
2370,51,8906.23
2370,52,8858.88
2370,53,9087.71
2370,54,9065.8
2370,55,8807.29
2370,56,8940.68
2370,57,8998.04
2370,58,8847.03
2370,59,8896.08
2370,60,8961.73
2370,61,8973.54
2370,62,8843.06
2370,63,8947.46
2370,64,8848.82
2370,65,9087.85
2370,66,8983.76
2370,67,8840.91
2370,68,8924.02
2370,69,8961.3
2370,70,8969.97
2370,71,8897.99
2370,72,8850.95
2370,73,9016.89
2370,74,9006.36
2370,75,8861.72
2370,76,8896.04
2370,77,8959.63
2370,78,9009.9
2370,79,9161.5
2370,80,8907.75
2370,81,8966.95
2370,82,8959.95
2370,83,9064.06
2370,84,8888.68
2370,85,8846.32
2370,86,8983.88
2370,87,8996.52
2370,88,8983.04
2370,89,8877.71
2370,90,8978.47
2370,91,8917.29
2370,92,8834.17
2370,93,8892.01
2370,94,8941.04
2370,95,8966.55
2370,96,8951.33
2370,97,8856.72
2370,98,8947.11
2370,99,8973.92
2380,0,9019.63
2380,1,8914.6
2380,2,8831.99
2380,3,8857.81
2380,4,8804.08
2380,5,8894.01
2380,6,8925.59
2380,7,8853.98
2380,8,8955.28
2380,9,8829.53
2380,10,9067.16
2380,11,8773.96
2380,12,8988.74
2380,13,8988.81
2380,14,8831.29
2380,15,9059.48
2380,16,8959.79
2380,17,8864.7
2380,18,8996.43
2380,19,8868.83
2380,20,8939.79
2380,21,8912.71
2380,22,8985.4
2380,23,8873.02
2380,24,8832.17
2380,25,9029.59
2380,26,8883.73
2380,27,8872.19
2380,28,8966.95
2380,29,8998.45
2380,30,8954.97
2380,31,8892.76
2380,32,9165.74
2380,33,8954.28
2380,34,8991.21
2380,35,8876.62
2380,36,8872.46
2380,37,8823.12
2380,38,9008.25
2380,39,8976.38
2380,40,8837.85
2380,41,8889.21
2380,42,8857.65
2380,43,8848.51
2380,44,8843.67
2380,45,8823.84
2380,46,9012.45
2380,47,9030.76
2380,48,8859.09
2380,49,8977.88
2380,50,8997.14
2380,51,8905.93
2380,52,8857.58
2380,53,9085.54
2380,54,9063.72
2380,55,8805.05
2380,56,8938.91
2380,57,8997.74
2380,58,8845.13
2380,59,8893.4
2380,60,8961.43
2380,61,8973.24
2380,62,8842.76
2380,63,8946.49
2380,64,8847.67
2380,65,9085.99
2380,66,8983.46
2380,67,8840.61
2380,68,8923.72
2380,69,8959.94
2380,70,8969.67
2380,71,8897.69
2380,72,8848.54
2380,73,9014.68
2380,74,9004.73
2380,75,8859.91
2380,76,8895.74
2380,77,8959.33
2380,78,9009.6
2380,79,9159.4
2380,80,8907.45
2380,81,8966.65
2380,82,8959.65
2380,83,9063.76
2380,84,8888.38
2380,85,8844.04
2380,86,8983.58
2380,87,8993.66
2380,88,8982.74
2380,89,8877.34
2380,90,8978.11
2380,91,8916.99
2380,92,8833.87
2380,93,8889.61
2380,94,8939.63
2380,95,8966.25
2380,96,8949.97
2380,97,8856.42
2380,98,8944.91
2380,99,8973.62
2390,0,9003.8
2390,1,8903.11
2390,2,8818.17
2390,3,8843.72
2390,4,8792.12
2390,5,8882.37
2390,6,8916.26
2390,7,8838.76
2390,8,8944.05
2390,9,8814.32
2390,10,9053.84
2390,11,8758.71
2390,12,8977
2390,13,8978.71
2390,14,8816.4
2390,15,9046.46
2390,16,8948.72
2390,17,8848.6
2390,18,8981.66
2390,19,8856.32
2390,20,8928.34
2390,21,8900.94
2390,22,8971.53
2390,23,8859.24
2390,24,8814.9
2390,25,9018.99
2390,26,8874.19
2390,27,8860.27
2390,28,8956.9
2390,29,8988.85
2390,30,8943.15
2390,31,8877.87
2390,32,9157.02
2390,33,8941.04
2390,34,8978.22
2390,35,8862.4
2390,36,8856.31
2390,37,8809.47
2390,38,8993.03
2390,39,8964.2
2390,40,8826.94
2390,41,8879.33
2390,42,8843.65
2390,43,8833.69
2390,44,8828.14
2390,45,8811.05
2390,46,9002.18
2390,47,9022.07
2390,48,8847.51
2390,49,8965.75
2390,50,8986.08
2390,51,8891.51
2390,52,8844.41
2390,53,9074.57
2390,54,9049.34
2390,55,8789.82
2390,56,8926.04
2390,57,8988.15
2390,58,8830.4
2390,59,8879.05
2390,60,8948.53
2390,61,8960.11
2390,62,8828.54
2390,63,8935.39
2390,64,8832.72
2390,65,9074.32
2390,66,8971.18
2390,67,8827.61
2390,68,8909.47
2390,69,8949.04
2390,70,8955.51
2390,71,8882.82
2390,72,8835.73
2390,73,9000.43
2390,74,8992.74
2390,75,8847.19
2390,76,8882.32
2390,77,8945.5
2390,78,8998.67
2390,79,9151.61
2390,80,8895.06
2390,81,8955.77
2390,82,8949.3
2390,83,9050.63
2390,84,8872.32
2390,85,8831.72
2390,86,8970.66
2390,87,8982.18
2390,88,8968.89
2390,89,8862.27
2390,90,8963.61
2390,91,8901.61
2390,92,8820.04
2390,93,8877.92
2390,94,8927.26
2390,95,8953.28
2390,96,8938.69
2390,97,8841.71
2390,98,8931.44
2390,99,8958.13
2400,0,9003.5
2400,1,8902.81
2400,2,8817.87
2400,3,8843.42
2400,4,8791.82
2400,5,8882.07
2400,6,8915.96
2400,7,8838.46
2400,8,8943.75
2400,9,8814.02
2400,10,9053.54
2400,11,8758.41
2400,12,8976.7
2400,13,8978.41
2400,14,8816.1
2400,15,9046.16
2400,16,8948.42
2400,17,8848.3
2400,18,8981.36
2400,19,8856.02
2400,20,8928.04
2400,21,8900.64
2400,22,8971.23
2400,23,8858.94
2400,24,8814.6
2400,25,9018.69
2400,26,8873.89
2400,27,8859.97
2400,28,8956.6
2400,29,8988.55
2400,30,8942.85
2400,31,8877.57
2400,32,9156.72
2400,33,8940.74
2400,34,8977.92
2400,35,8862.1
2400,36,8856.01
2400,37,8809.17
2400,38,8992.73
2400,39,8963.9
2400,40,8826.64
2400,41,8879.03
2400,42,8843.35
2400,43,8833.39
2400,44,8827.84
2400,45,8810.75
2400,46,9001.88
2400,47,9021.77
2400,48,8847.21
2400,49,8965.45
2400,50,8985.78
2400,51,8891.21
2400,52,8844.11
2400,53,9074.27
2400,54,9049.04
2400,55,8789.52
2400,56,8925.74
2400,57,8987.85
2400,58,8830.1
2400,59,8878.75
2400,60,8948.23
2400,61,8959.81
2400,62,8828.24
2400,63,8935.09
2400,64,8832.42
2400,65,9074.02
2400,66,8970.88
2400,67,8827.31
2400,68,8909.17
2400,69,8948.74
2400,70,8955.21
2400,71,8882.52
2400,72,8835.43
2400,73,9000.13
2400,74,8992.44
2400,75,8846.89
2400,76,8882.02
2400,77,8945.2
2400,78,8998.37
2400,79,9151.31
2400,80,8894.76
2400,81,8955.47
2400,82,8949
2400,83,9050.33
2400,84,8872.02
2400,85,8831.42
2400,86,8970.36
2400,87,8981.88
2400,88,8968.59
2400,89,8861.97
2400,90,8963.31
2400,91,8901.31
2400,92,8819.74
2400,93,8877.62
2400,94,8926.96
2400,95,8952.98
2400,96,8938.39
2400,97,8841.41
2400,98,8931.14
2400,99,8957.83
2410,0,9003.2
2410,1,8902.51
2410,2,8817.57
2410,3,8843.12
2410,4,8791.52
2410,5,8881.77
2410,6,8915.66
2410,7,8838.1
2410,8,8943.45
2410,9,8813.72
2410,10,9053.24
2410,11,8758.11
2410,12,8976.4
2410,13,8978.11
2410,14,8815.8
2410,15,9045.86
2410,16,8948.12
2410,17,8847.59
2410,18,8981.06
2410,19,8855.72
2410,20,8927.74
2410,21,8900.34
2410,22,8970.93
2410,23,8858.64
2410,24,8814.3
2410,25,9018.39
2410,26,8872.99
2410,27,8859.67
2410,28,8956.3
2410,29,8988.25
2410,30,8942.55
2410,31,8877.27
2410,32,9156.36
2410,33,8940.38
2410,34,8977.62
2410,35,8861.8
2410,36,8855.71
2410,37,8808.87
2410,38,8992.43
2410,39,8963.53
2410,40,8826.34
2410,41,8878.73
2410,42,8843.05
2410,43,8833.09
2410,44,8827.54
2410,45,8810.45
2410,46,9001.58
2410,47,9021.47
2410,48,8846.91
2410,49,8965.15
2410,50,8984.7
2410,51,8890.91
2410,52,8843.81
2410,53,9073.97
2410,54,9048.74
2410,55,8789.22
2410,56,8925.44
2410,57,8987.55
2410,58,8829.8
2410,59,8878.45
2410,60,8947.93
2410,61,8959.51
2410,62,8827.94
2410,63,8934.79
2410,64,8831.29
2410,65,9073.72
2410,66,8970.58
2410,67,8827.01
2410,68,8908.87
2410,69,8948.44
2410,70,8954.91
2410,71,8882.22
2410,72,8835.13
2410,73,8999.83
2410,74,8992.14
2410,75,8846.59
2410,76,8881.72
2410,77,8944.9
2410,78,8998.07
2410,79,9151.01
2410,80,8894.46
2410,81,8955.17
2410,82,8948.7
2410,83,9050.03
2410,84,8871.72
2410,85,8831.12
2410,86,8970.06
2410,87,8981.58
2410,88,8968.29
2410,89,8861.67
2410,90,8963.01
2410,91,8901.01
2410,92,8819.44
2410,93,8877.32
2410,94,8926.66
2410,95,8952.68
2410,96,8938.09
2410,97,8841.11
2410,98,8930.84
2410,99,8957.53
2420,0,8988.43
2420,1,8886.9
2420,2,8803.08
2420,3,8827.18
2420,4,8775.14
2420,5,8866.25
2420,6,8899.87
2420,7,8821.89
2420,8,8930.69
2420,9,8799.04
2420,10,9035.81
2420,11,8743.56
2420,12,8960.72
2420,13,8964.32
2420,14,8799.72
2420,15,9032.24
2420,16,8935.43
2420,17,8830.86
2420,18,8968.99
2420,19,8843.2
2420,20,8913.85
2420,21,8881.78
2420,22,8955.44
2420,23,8843.84
2420,24,8798.17
2420,25,9007.81
2420,26,8861.32
2420,27,8843.54
2420,28,8943.62
2420,29,8977.47
2420,30,8928.63
2420,31,8861.29
2420,32,9144.1
2420,33,8927.83
2420,34,8964.72
2420,35,8846.86
2420,36,8838.84
2420,37,8793.23
2420,38,8976.9
2420,39,8953.16
2420,40,8813.08
2420,41,8864.61
2420,42,8829.47
2420,43,8818.56
2420,44,8811.75
2420,45,8795.19
2420,46,8990.03
2420,47,9009.93
2420,48,8833.26
2420,49,8951.08
2420,50,8971.93
2420,51,8877.82
2420,52,8827.74
2420,53,9059.88
2420,54,9032.78
2420,55,8769.88
2420,56,8912.67
2420,57,8976.92
2420,58,8813.82
2420,59,8862.54
2420,60,8935.43
2420,61,8944.96
2420,62,8812.44
2420,63,8920.17
2420,64,8816.67
2420,65,9060.39
2420,66,8955.09
2420,67,8814.19
2420,68,8894.47
2420,69,8934.42
2420,70,8940.35
2420,71,8868.84
2420,72,8820.03
2420,73,8986.12
2420,74,8980.51
2420,75,8832.62
2420,76,8869.28
2420,77,8929.38
2420,78,8986.65
2420,79,9140.9
2420,80,8882.4
2420,81,8940.98
2420,82,8935.11
2420,83,9036.94
2420,84,8855.52
2420,85,8817.19
2420,86,8954.55
2420,87,8966.55
2420,88,8954.84
2420,89,8847.48
2420,90,8946.95
2420,91,8885.8
2420,92,8805.66
2420,93,8861.86
2420,94,8912.95
2420,95,8939.58
2420,96,8923.3
2420,97,8821.96
2420,98,8917.53
2420,99,8942
2430,0,8988.13
2430,1,8886.6
2430,2,8802.78
2430,3,8826.88
2430,4,8774.84
2430,5,8865.95
2430,6,8899.57
2430,7,8821.59
2430,8,8930.39
2430,9,8798.74
2430,10,9035.51
2430,11,8743.26
2430,12,8960.42
2430,13,8964.02
2430,14,8799.42
2430,15,9031.94
2430,16,8935.13
2430,17,8830.56
2430,18,8968.69
2430,19,8842.9
2430,20,8913.55
2430,21,8881.48
2430,22,8955.14
2430,23,8843.54
2430,24,8797.87
2430,25,9007.51
2430,26,8861.02
2430,27,8843.24
2430,28,8943.32
2430,29,8977.17
2430,30,8928.33
2430,31,8860.99
2430,32,9143.8
2430,33,8927.53
2430,34,8964.42
2430,35,8846.56
2430,36,8838.54
2430,37,8792.93
2430,38,8976.6
2430,39,8952.86
2430,40,8812.78
2430,41,8864.31
2430,42,8829.17
2430,43,8818.26
2430,44,8811.45
2430,45,8794.89
2430,46,8989.73
2430,47,9009.63
2430,48,8832.96
2430,49,8950.78
2430,50,8971.63
2430,51,8877.52
2430,52,8827.44
2430,53,9059.58
2430,54,9032.48
2430,55,8769.58
2430,56,8912.37
2430,57,8976.62
2430,58,8813.52
2430,59,8862.24
2430,60,8935.13
2430,61,8944.66
2430,62,8812.14
2430,63,8919.87
2430,64,8816.37
2430,65,9060.09
2430,66,8954.79
2430,67,8813.89
2430,68,8894.17
2430,69,8934.12
2430,70,8940.05
2430,71,8868.54
2430,72,8819.73
2430,73,8985.82
2430,74,8980.21
2430,75,8832.32
2430,76,8868.98
2430,77,8929.08
2430,78,8986.35
2430,79,9140.6
2430,80,8882.1
2430,81,8940.68
2430,82,8934.81
2430,83,9036.64
2430,84,8855.22
2430,85,8816.89
2430,86,8954.25
2430,87,8966.25
2430,88,8954.54
2430,89,8847.18
2430,90,8946.65
2430,91,8885.5
2430,92,8805.36
2430,93,8861.56
2430,94,8912.65
2430,95,8939.28
2430,96,8923
2430,97,8821.66
2430,98,8917.23
2430,99,8941.7
2440,0,8987.83
2440,1,8886.3
2440,2,8802.48
2440,3,8826.58
2440,4,8774.54
2440,5,8865.65
2440,6,8899.27
2440,7,8821.29
2440,8,8930.09
2440,9,8798.44
2440,10,9035.21
2440,11,8742.96
2440,12,8960.12
2440,13,8963.72
2440,14,8799.12
2440,15,9031.64
2440,16,8934.83
2440,17,8830.26
2440,18,8968.39
2440,19,8842.6
2440,20,8913.25
2440,21,8881.18
2440,22,8954.84
2440,23,8843.24
2440,24,8797.57
2440,25,9007.21
2440,26,8860.72
2440,27,8842.94
2440,28,8943.02
2440,29,8976.87
2440,30,8928.03
2440,31,8860.69
2440,32,9143.5
2440,33,8927.23
2440,34,8964.12
2440,35,8846.26
2440,36,8838.24
2440,37,8792.63
2440,38,8976.3
2440,39,8952.56
2440,40,8812.48
2440,41,8864.01
2440,42,8828.87
2440,43,8817.96
2440,44,8811.15
2440,45,8794.59
2440,46,8989.43
2440,47,9009.33
2440,48,8832.66
2440,49,8950.48
2440,50,8971.33
2440,51,8877.22
2440,52,8827.14
2440,53,9059.28
2440,54,9032.18
2440,55,8769.28
2440,56,8912.07
2440,57,8976.32
2440,58,8813.22
2440,59,8861.94
2440,60,8934.83
2440,61,8944.36
2440,62,8811.84
2440,63,8919.57
2440,64,8816.07
2440,65,9059.79
2440,66,8954.49
2440,67,8813.59
2440,68,8893.87
2440,69,8933.82
2440,70,8939.75
2440,71,8868.24
2440,72,8819.43
2440,73,8985.52
2440,74,8979.91
2440,75,8832.02
2440,76,8868.68
2440,77,8928.78
2440,78,8986.05
2440,79,9140.3
2440,80,8881.8
2440,81,8940.38
2440,82,8934.51
2440,83,9036.34
2440,84,8854.92
2440,85,8816.59
2440,86,8953.95
2440,87,8965.95
2440,88,8954.24
2440,89,8846.88
2440,90,8946.35
2440,91,8885.2
2440,92,8805.06
2440,93,8861.26
2440,94,8912.35
2440,95,8938.98
2440,96,8922.7
2440,97,8821.36
2440,98,8916.93
2440,99,8941.4
2450,0,8975.54
2450,1,8874.59
2450,2,8786.6
2450,3,8815.29
2450,4,8757.42
2450,5,8848.89
2450,6,8887.34
2450,7,8804.45
2450,8,8917.75
2450,9,8785.21
2450,10,9017.97
2450,11,8727.9
2450,12,8947.11
2450,13,8949.81
2450,14,8786.05
2450,15,9022.06
2450,16,8923.13
2450,17,8812.46
2450,18,8955.55
2450,19,8829
2450,20,8898.92
2450,21,8864.52
2450,22,8942.89
2450,23,8826.85
2450,24,8783.1
2450,25,8996.68
2450,26,8849.66
2450,27,8829.66
2450,28,8931.78
2450,29,8965.38
2450,30,8914
2450,31,8844.73
2450,32,9131.29
2450,33,8914.46
2450,34,8951.4
2450,35,8832.38
2450,36,8820.35
2450,37,8775.89
2450,38,8960.76
2450,39,8939.59
2450,40,8798.85
2450,41,8852.78
2450,42,8814.23
2450,43,8802.88
2450,44,8795.3
2450,45,8781.35
2450,46,8978.19
2450,47,8997.18
2450,48,8818.3
2450,49,8938.43
2450,50,8961.05
2450,51,8863.23
2450,52,8812.29
2450,53,9048.96
2450,54,9020.13
2450,55,8751.35
2450,56,8900.74
2450,57,8964.47
2450,58,8795.82
2450,59,8845.23
2450,60,8921.31
2450,61,8926.49
2450,62,8797.47
2450,63,8908.32
2450,64,8801.34
2450,65,9050
2450,66,8938.74
2450,67,8799.32
2450,68,8879.44
2450,69,8922.65
2450,70,8924.56
2450,71,8855.57
2450,72,8803.18
2450,73,8971.28
2450,74,8969.92
2450,75,8818.37
2450,76,8855.2
2450,77,8914.66
2450,78,8973.1
2450,79,9130.42
2450,80,8869.37
2450,81,8929.13
2450,82,8923.79
2450,83,9023.29
2450,84,8839.69
2450,85,8802.65
2450,86,8939.54
2450,87,8952.16
2450,88,8942.38
2450,89,8835.23
2450,90,8930.37
2450,91,8872.45
2450,92,8791.93
2450,93,8846.03
2450,94,8898.49
2450,95,8927.25
2450,96,8911.9
2450,97,8806.49
2450,98,8902.01
2450,99,8925.58
2460,0,8975.24
2460,1,8874.29
2460,2,8786.3
2460,3,8814.99
2460,4,8757.12
2460,5,8848.59
2460,6,8887.04
2460,7,8804.15
2460,8,8917.45
2460,9,8784.91
2460,10,9017.67
2460,11,8727.6
2460,12,8946.81
2460,13,8949.51
2460,14,8785.75
2460,15,9021.76
2460,16,8922.83
2460,17,8812.16
2460,18,8955.25
2460,19,8828.7
2460,20,8898.62
2460,21,8864.22
2460,22,8942.59
2460,23,8826.55
2460,24,8782.8
2460,25,8996.38
2460,26,8849.36
2460,27,8829.36
2460,28,8931.48
2460,29,8965.08
2460,30,8913.7
2460,31,8844.43
2460,32,9130.99
2460,33,8914.16
2460,34,8951.1
2460,35,8832.08
2460,36,8820.05
2460,37,8775.59
2460,38,8960.46
2460,39,8939.29
2460,40,8798.55
2460,41,8852.48
2460,42,8813.93
2460,43,8802.58
2460,44,8795
2460,45,8781.05
2460,46,8977.89
2460,47,8996.88
2460,48,8818
2460,49,8938.13
2460,50,8960.75
2460,51,8862.93
2460,52,8811.99
2460,53,9048.66
2460,54,9019.83
2460,55,8751.05
2460,56,8900.44
2460,57,8964.17
2460,58,8795.52
2460,59,8844.93
2460,60,8921.01
2460,61,8926.19
2460,62,8797.17
2460,63,8908.02
2460,64,8801.04
2460,65,9049.7
2460,66,8938.44
2460,67,8799.02
2460,68,8879.14
2460,69,8922.35
2460,70,8924.26
2460,71,8855.27
2460,72,8802.88
2460,73,8970.98
2460,74,8969.62
2460,75,8818.07
2460,76,8854.9
2460,77,8914.36
2460,78,8972.8
2460,79,9130.12
2460,80,8869.07
2460,81,8928.83
2460,82,8923.49
2460,83,9022.99
2460,84,8839.39
2460,85,8802.35
2460,86,8939.24
2460,87,8951.86
2460,88,8942.08
2460,89,8834.93
2460,90,8930.07
2460,91,8872.15
2460,92,8791.63
2460,93,8845.73
2460,94,8898.19
2460,95,8926.95
2460,96,8911.6
2460,97,8806.19
2460,98,8901.71
2460,99,8925.28
2470,0,8974.94
2470,1,8873.99
2470,2,8786
2470,3,8814.69
2470,4,8756.82
2470,5,8848.29
2470,6,8886.74
2470,7,8803.85
2470,8,8917.15
2470,9,8784.61
2470,10,9017.37
2470,11,8727.3
2470,12,8946.51
2470,13,8949.21
2470,14,8785.45
2470,15,9021.46
2470,16,8922.53
2470,17,8811.86
2470,18,8954.95
2470,19,8828.4
2470,20,8898.32
2470,21,8863.92
2470,22,8942.29
2470,23,8826.25
2470,24,8782.5
2470,25,8996.08
2470,26,8849.06
2470,27,8829.06
2470,28,8931.18
2470,29,8964.78
2470,30,8913.4
2470,31,8844.13
2470,32,9130.69
2470,33,8913.86
2470,34,8950.8
2470,35,8831.78
2470,36,8819.75
2470,37,8775.29
2470,38,8960.16
2470,39,8938.99
2470,40,8798.25
2470,41,8852.18
2470,42,8813.63
2470,43,8802.28
2470,44,8794.7
2470,45,8780.75
2470,46,8977.59
2470,47,8996.58
2470,48,8817.7
2470,49,8937.83
2470,50,8960.45
2470,51,8862.63
2470,52,8811.69
2470,53,9048.36
2470,54,9019.53
2470,55,8750.75
2470,56,8900.14
2470,57,8963.87
2470,58,8795.22
2470,59,8844.63
2470,60,8920.71
2470,61,8925.89
2470,62,8796.87
2470,63,8907.72
2470,64,8800.74
2470,65,9049.4
2470,66,8938.14
2470,67,8798.72
2470,68,8878.84
2470,69,8922.05
2470,70,8923.96
2470,71,8854.97
2470,72,8802.58
2470,73,8970.68
2470,74,8969.32
2470,75,8817.77
2470,76,8854.6
2470,77,8914.06
2470,78,8972.5
2470,79,9129.82
2470,80,8868.77
2470,81,8928.53
2470,82,8923.19
2470,83,9022.69
2470,84,8839.09
2470,85,8802.05
2470,86,8938.94
2470,87,8951.56
2470,88,8941.78
2470,89,8834.63
2470,90,8929.77
2470,91,8871.85
2470,92,8791.33
2470,93,8845.43
2470,94,8897.89
2470,95,8926.65
2470,96,8911.3
2470,97,8805.89
2470,98,8901.41
2470,99,8924.98
2480,0,8963.2
2480,1,8863.03
2480,2,8770.38
2480,3,8803.77
2480,4,8740.98
2480,5,8832.22
2480,6,8875.34
2480,7,8791.1
2480,8,8905.99
2480,9,8771.78
2480,10,9003.72
2480,11,8712.17
2480,12,8935.69
2480,13,8936.43
2480,14,8773.45
2480,15,9011.85
2480,16,8911.02
2480,17,8798.53
2480,18,8942.41
2480,19,8816.04
2480,20,8886.1
2480,21,8850.72
2480,22,8931.39
2480,23,8810.77
2480,24,8770.54
2480,25,8985.6
2480,26,8840.12
2480,27,8817.31
2480,28,8920.3
2480,29,8953.8
2480,30,8903.13
2480,31,8828.11
2480,32,9120.03
2480,33,8903.37
2480,34,8938.34
2480,35,8818.55
2480,36,8801.48
2480,37,8761.87
2480,38,8948.83
2480,39,8928.09
2480,40,8784.97
2480,41,8841.27
2480,42,8799.56
2480,43,8788.19
2480,44,8779.67
2480,45,8768.96
2480,46,8966.45
2480,47,8985.07
2480,48,8803.69
2480,49,8926.69
2480,50,8949.76
2480,51,8851.38
2480,52,8798.99
2480,53,9038.32
2480,54,9008.06
2480,55,8735.43
2480,56,8888.16
2480,57,8952.77
2480,58,8778.67
2480,59,8829.26
2480,60,8907.87
2480,61,8912.32
2480,62,8782.52
2480,63,8897.72
2480,64,8788.68
2480,65,9040.31
2480,66,8925.73
2480,67,8785.37
2480,68,8863.13
2480,69,8909.62
2480,70,8912.59
2480,71,8843.09
2480,72,8786.8
2480,73,8957.05
2480,74,8959.27
2480,75,8806.21
2480,76,8840.46
2480,77,8899.82
2480,78,8961.98
2480,79,9120.41
2480,80,8858.86
2480,81,8917.95
2480,82,8909.55
2480,83,9012.12
2480,84,8824.43
2480,85,8788.93
2480,86,8927.63
2480,87,8938.78
2480,88,8930.78
2480,89,8822.4
2480,90,8915.91
2480,91,8859.17
2480,92,8778.33
2480,93,8831.15
2480,94,8885.2
2480,95,8915.93
2480,96,8901.23
2480,97,8793.62
2480,98,8887.27
2480,99,8913.2
2490,0,8962.9
2490,1,8862.73
2490,2,8770.08
2490,3,8803.47
2490,4,8740.68
2490,5,8831.92
2490,6,8875.04
2490,7,8790.8
2490,8,8905.69
2490,9,8771.48
2490,10,9003.42
2490,11,8711.87
2490,12,8935.39
2490,13,8936.13
2490,14,8773.15
2490,15,9011.55
2490,16,8910.72
2490,17,8798.23
2490,18,8942.11
2490,19,8815.74
2490,20,8885.8
2490,21,8850.42
2490,22,8931.09
2490,23,8810.47
2490,24,8770.24
2490,25,8985.3
2490,26,8839.82
2490,27,8817.01
2490,28,8920
2490,29,8953.5
2490,30,8902.83
2490,31,8827.81
2490,32,9119.73
2490,33,8903.07
2490,34,8938.04
2490,35,8818.25
2490,36,8801.18
2490,37,8761.57
2490,38,8948.53
2490,39,8927.79
2490,40,8784.67
2490,41,8840.97
2490,42,8799.26
2490,43,8787.89
2490,44,8779.37
2490,45,8768.66
2490,46,8966.15
2490,47,8984.77
2490,48,8803.39
2490,49,8926.39
2490,50,8949.46
2490,51,8851.08
2490,52,8798.69
2490,53,9038.02
2490,54,9007.76
2490,55,8735.13
2490,56,8887.86
2490,57,8952.47
2490,58,8778.37
2490,59,8828.96
2490,60,8907.57
2490,61,8912.02
2490,62,8782.22
2490,63,8897.42
2490,64,8788.38
2490,65,9040.01
2490,66,8925.43
2490,67,8785.07
2490,68,8862.83
2490,69,8909.32
2490,70,8912.29
2490,71,8842.79
2490,72,8786.5
2490,73,8956.75
2490,74,8958.97
2490,75,8805.91
2490,76,8840.16
2490,77,8899.52
2490,78,8961.68
2490,79,9120.11
2490,80,8858.56
2490,81,8917.65
2490,82,8909.25
2490,83,9011.82
2490,84,8824.13
2490,85,8788.63
2490,86,8927.33
2490,87,8938.48
2490,88,8930.48
2490,89,8822.1
2490,90,8915.61
2490,91,8858.87
2490,92,8778.03
2490,93,8830.85
2490,94,8884.9
2490,95,8915.63
2490,96,8900.93
2490,97,8793.32
2490,98,8886.97
2490,99,8912.9
2500,0,8962.6
2500,1,8862.43
2500,2,8769.78
2500,3,8803.17
2500,4,8740.38
2500,5,8831.62
2500,6,8874.74
2500,7,8790.5
2500,8,8905.39
2500,9,8771.18
2500,10,9003.12
2500,11,8711.57
2500,12,8935.09
2500,13,8935.83
2500,14,8772.85
2500,15,9011.25
2500,16,8910.42
2500,17,8797.93
2500,18,8941.81
2500,19,8815.44
2500,20,8885.5
2500,21,8850.12
2500,22,8930.79
2500,23,8810.17
2500,24,8769.94
2500,25,8985
2500,26,8839.52
2500,27,8816.71
2500,28,8919.7
2500,29,8953.2
2500,30,8902.53
2500,31,8827.51
2500,32,9119.43
2500,33,8902.77
2500,34,8937.74
2500,35,8817.95
2500,36,8800.88
2500,37,8761.27
2500,38,8948.23
2500,39,8927.49
2500,40,8784.37
2500,41,8840.67
2500,42,8798.96
2500,43,8787.59
2500,44,8779.07
2500,45,8768.36
2500,46,8965.85
2500,47,8984.47
2500,48,8803.09
2500,49,8926.09
2500,50,8949.16
2500,51,8850.78
2500,52,8798.39
2500,53,9037.72
2500,54,9007.46
2500,55,8734.83
2500,56,8887.56
2500,57,8952.17
2500,58,8778.07
2500,59,8828.66
2500,60,8907.27
2500,61,8911.72
2500,62,8781.92
2500,63,8897.12
2500,64,8788.08
2500,65,9039.71
2500,66,8925.13
2500,67,8784.77
2500,68,8862.53
2500,69,8909.02
2500,70,8911.99
2500,71,8842.49
2500,72,8786.2
2500,73,8956.45
2500,74,8958.67
2500,75,8805.61
2500,76,8839.86
2500,77,8899.22
2500,78,8961.38
2500,79,9119.81
2500,80,8858.26
2500,81,8917.35
2500,82,8908.95
2500,83,9011.52
2500,84,8823.83
2500,85,8788.33
2500,86,8927.03
2500,87,8938.18
2500,88,8930.18
2500,89,8821.8
2500,90,8915.31
2500,91,8858.57
2500,92,8777.73
2500,93,8830.55
2500,94,8884.6
2500,95,8915.33
2500,96,8900.63
2500,97,8793.02
2500,98,8886.67
2500,99,8912.6
2510,0,8950.02
2510,1,8852.37
2510,2,8754.35
2510,3,8790.12
2510,4,8724.63
2510,5,8816
2510,6,8863.97
2510,7,8775.22
2510,8,8894.09
2510,9,8759.42
2510,10,8989.45
2510,11,8696.46
2510,12,8923.75
2510,13,8924.79
2510,14,8760.74
2510,15,9001.63
2510,16,8898.04
2510,17,8781.73
2510,18,8930.62
2510,19,8803.98
2510,20,8873.35
2510,21,8835.37
2510,22,8919.45
2510,23,8795.91
2510,24,8757.61
2510,25,8974.45
2510,26,8829.05
2510,27,8805.18
2510,28,8908.87
2510,29,8942.57
2510,30,8890.86
2510,31,8811.35
2510,32,9108.87
2510,33,8890.76
2510,34,8925.16
2510,35,8806.15
2510,36,8784.95
2510,37,8748.65
2510,38,8936.48
2510,39,8916.47
2510,40,8771.79
2510,41,8829.79
2510,42,8785.59
2510,43,8773.93
2510,44,8763.61
2510,45,8755.01
2510,46,8953.99
2510,47,8971.73
2510,48,8789.71
2510,49,8916.46
2510,50,8937.42
2510,51,8838.64
2510,52,8786.31
2510,53,9029.09
2510,54,8996.08
2510,55,8717.6
2510,56,8878.18
2510,57,8941.88
2510,58,8763.33
2510,59,8816.44
2510,60,8892.8
2510,61,8898.12
2510,62,8769.8
2510,63,8885.92
2510,64,8773.94
2510,65,9030.54
2510,66,8912.46
2510,67,8770.81
2510,68,8847.73
2510,69,8896.66
2510,70,8898.5
2510,71,8831.76
2510,72,8771.14
2510,73,8944.14
2510,74,8948.75
2510,75,8794.51
2510,76,8827.08
2510,77,8884.98
2510,78,8949.6
2510,79,9110.57
2510,80,8846.56
2510,81,8906.75
2510,82,8899.67
2510,83,9001.38
2510,84,8812.35
2510,85,8773.24
2510,86,8912.68
2510,87,8926.13
2510,88,8919.38
2510,89,8810.98
2510,90,8901.05
2510,91,8845.65
2510,92,8766.04
2510,93,8819.04
2510,94,8871.68
2510,95,8902.84
2510,96,8890.53
2510,97,8778.15
2510,98,8874.21
2510,99,8898.58
2520,0,8949.72
2520,1,8852.07
2520,2,8754.05
2520,3,8789.82
2520,4,8724.33
2520,5,8815.7
2520,6,8863.67
2520,7,8774.92
2520,8,8893.79
2520,9,8759.12
2520,10,8989.15
2520,11,8696.16
2520,12,8923.45
2520,13,8924.49
2520,14,8760.44
2520,15,9001.33
2520,16,8897.74
2520,17,8781.43
2520,18,8930.32
2520,19,8803.68
2520,20,8873.05
2520,21,8835.07
2520,22,8919.15
2520,23,8795.61
2520,24,8757.31
2520,25,8974.15
2520,26,8828.75
2520,27,8804.88
2520,28,8908.57
2520,29,8942.27
2520,30,8890.56
2520,31,8811.05
2520,32,9108.57
2520,33,8890.46
2520,34,8924.86
2520,35,8805.85
2520,36,8784.65
2520,37,8748.35
2520,38,8936.18
2520,39,8916.17
2520,40,8771.49
2520,41,8829.49
2520,42,8785.29
2520,43,8773.63
2520,44,8763.31
2520,45,8754.71
2520,46,8953.69
2520,47,8971.43
2520,48,8789.41
2520,49,8916.16
2520,50,8937.12
2520,51,8838.34
2520,52,8786.01
2520,53,9028.79
2520,54,8995.78
2520,55,8717.3
2520,56,8877.88
2520,57,8941.58
2520,58,8763.03
2520,59,8816.14
2520,60,8892.5
2520,61,8897.82
2520,62,8769.5
2520,63,8885.62
2520,64,8773.64
2520,65,9030.24
2520,66,8912.16
2520,67,8770.51
2520,68,8847.43
2520,69,8896.36
2520,70,8898.2
2520,71,8831.46
2520,72,8770.84
2520,73,8943.84
2520,74,8948.45
2520,75,8794.21
2520,76,8826.78
2520,77,8884.68
2520,78,8949.3
2520,79,9110.27
2520,80,8846.26
2520,81,8906.45
2520,82,8899.37
2520,83,9001.08
2520,84,8812.05
2520,85,8772.94
2520,86,8912.38
2520,87,8925.83
2520,88,8919.08
2520,89,8810.68
2520,90,8900.75
2520,91,8845.35
2520,92,8765.74
2520,93,8818.74
2520,94,8871.38
2520,95,8902.54
2520,96,8890.23
2520,97,8777.85
2520,98,8873.91
2520,99,8898.28
2530,0,8949.42
2530,1,8851.77
2530,2,8753.75
2530,3,8789.52
2530,4,8724.03
2530,5,8815.4
2530,6,8863.37
2530,7,8774.62
2530,8,8893.49
2530,9,8758.82
2530,10,8988.85
2530,11,8695.86
2530,12,8923.15
2530,13,8924.19
2530,14,8760.14
2530,15,9001.03
2530,16,8897.44
2530,17,8781.13
2530,18,8930.02
2530,19,8803.38
2530,20,8872.75
2530,21,8834.77
2530,22,8918.85
2530,23,8795.31
2530,24,8757.01
2530,25,8973.85
2530,26,8828.45
2530,27,8804.58
2530,28,8908.27
2530,29,8941.97
2530,30,8890.26
2530,31,8810.75
2530,32,9108.27
2530,33,8890.16
2530,34,8924.56
2530,35,8805.55
2530,36,8784.35
2530,37,8748.05
2530,38,8935.88
2530,39,8915.87
2530,40,8771.19
2530,41,8829.19
2530,42,8784.99
2530,43,8773.33
2530,44,8763.01
2530,45,8754.41
2530,46,8953.39
2530,47,8971.13
2530,48,8789.11
2530,49,8915.86
2530,50,8936.82
2530,51,8838.04
2530,52,8785.71
2530,53,9028.49
2530,54,8995.48
2530,55,8717
2530,56,8877.58
2530,57,8941.28
2530,58,8762.73
2530,59,8815.84
2530,60,8892.2
2530,61,8897.52
2530,62,8769.2
2530,63,8885.32
2530,64,8773.34
2530,65,9029.94
2530,66,8911.86
2530,67,8770.21
2530,68,8847.13
2530,69,8896.06
2530,70,8897.9
2530,71,8831.16
2530,72,8770.54
2530,73,8943.54
2530,74,8948.15
2530,75,8793.91
2530,76,8826.48
2530,77,8884.38
2530,78,8949
2530,79,9109.97
2530,80,8845.96
2530,81,8906.15
2530,82,8899.07
2530,83,9000.78
2530,84,8811.75
2530,85,8772.64
2530,86,8912.08
2530,87,8925.53
2530,88,8918.78
2530,89,8810.38
2530,90,8900.45
2530,91,8845.05
2530,92,8765.44
2530,93,8818.44
2530,94,8871.08
2530,95,8902.24
2530,96,8889.93
2530,97,8777.55
2530,98,8873.61
2530,99,8897.98
2540,0,8937.31
2540,1,8841.32
2540,2,8740.06
2540,3,8776.49
2540,4,8709.08
2540,5,8799.15
2540,6,8852.35
2540,7,8761.59
2540,8,8882.42
2540,9,8746.75
2540,10,8973.65
2540,11,8682.25
2540,12,8911.64
2540,13,8910.6
2540,14,8747.38
2540,15,8990.57
2540,16,8885.55
2540,17,8767.3
2540,18,8916.81
2540,19,8790.78
2540,20,8861.24
2540,21,8819.25
2540,22,8906.62
2540,23,8782.94
2540,24,8745.03
2540,25,8963.24
2540,26,8818.52
2540,27,8791.32
2540,28,8896.96
2540,29,8930.35
2540,30,8878.4
2540,31,8794.11
2540,32,9098.26
2540,33,8877.69
2540,34,8912.99
2540,35,8790.91
2540,36,8767.89
2540,37,8731.08
2540,38,8921.58
2540,39,8904.68
2540,40,8757.78
2540,41,8817.16
2540,42,8771.85
2540,43,8759.66
2540,44,8748.51
2540,45,8741.07
2540,46,8941.64
2540,47,8957.81
2540,48,8775.73
2540,49,8905.61
2540,50,8925.37
2540,51,8824.92
2540,52,8773.3
2540,53,9015.77
2540,54,8984.31
2540,55,8701.35
2540,56,8867.45
2540,57,8930.71
2540,58,8747.64
2540,59,8802.75
2540,60,8877.02
2540,61,8881.76
2540,62,8754.65
2540,63,8875.28
2540,64,8760.9
2540,65,9019.88
2540,66,8898.07
2540,67,8755.75
2540,68,8832.6
2540,69,8884.34
2540,70,8884.78
2540,71,8819.93
2540,72,8755.7
2540,73,8929.38
2540,74,8938.29
2540,75,8782.89
2540,76,8814.11
2540,77,8868.69
2540,78,8939.02
2540,79,9099.74
2540,80,8835.98
2540,81,8894.55
2540,82,8888.89
2540,83,8987.74
2540,84,8796.05
2540,85,8757.26
2540,86,8901.44
2540,87,8911.61
2540,88,8906.86
2540,89,8799.73
2540,90,8886.16
2540,91,8831.88
2540,92,8752.99
2540,93,8806.55
2540,94,8859.53
2540,95,8890.44
2540,96,8878.9
2540,97,8762.93
2540,98,8860.85
2540,99,8884.85
2550,0,8937.01
2550,1,8841.02
2550,2,8739.76
2550,3,8776.19
2550,4,8708.78
2550,5,8798.85
2550,6,8852.05
2550,7,8761.29
2550,8,8882.12
2550,9,8746.45
2550,10,8973.35
2550,11,8681.95
2550,12,8911.34
2550,13,8910.3
2550,14,8747.08
2550,15,8990.27
2550,16,8885.25
2550,17,8767
2550,18,8916.51
2550,19,8790.48
2550,20,8860.94
2550,21,8818.95
2550,22,8906.32
2550,23,8782.64
2550,24,8744.73
2550,25,8962.94
2550,26,8818.22
2550,27,8791.02
2550,28,8896.66
2550,29,8930.05
2550,30,8878.1
2550,31,8793.81
2550,32,9097.96
2550,33,8877.39
2550,34,8912.69
2550,35,8790.61
2550,36,8767.59
2550,37,8730.78
2550,38,8921.28
2550,39,8904.38
2550,40,8757.48
2550,41,8816.86
2550,42,8771.55
2550,43,8759.36
2550,44,8748.21
2550,45,8740.77
2550,46,8941.34
2550,47,8957.51
2550,48,8775.43
2550,49,8905.31
2550,50,8925.07
2550,51,8824.62
2550,52,8773
2550,53,9015.47
2550,54,8984.01
2550,55,8701.05
2550,56,8867.15
2550,57,8930.41
2550,58,8747.34
2550,59,8802.45
2550,60,8876.72
2550,61,8881.46
2550,62,8754.35
2550,63,8874.98
2550,64,8760.6
2550,65,9019.58
2550,66,8897.77
2550,67,8755.45
2550,68,8832.3
2550,69,8884.04
2550,70,8884.48
2550,71,8819.63
2550,72,8755.4
2550,73,8929.08
2550,74,8937.99
2550,75,8782.59
2550,76,8813.81
2550,77,8868.39
2550,78,8938.72
2550,79,9099.44
2550,80,8835.68
2550,81,8894.25
2550,82,8888.59
2550,83,8987.44
2550,84,8795.75
2550,85,8756.96
2550,86,8901.14
2550,87,8911.31
2550,88,8906.56
2550,89,8799.43
2550,90,8885.86
2550,91,8831.58
2550,92,8752.69
2550,93,8806.25
2550,94,8859.23
2550,95,8890.14
2550,96,8878.6
2550,97,8762.63
2550,98,8860.55
2550,99,8884.55
2560,0,8936.71
2560,1,8840.72
2560,2,8739.46
2560,3,8775.89
2560,4,8708.48
2560,5,8798.55
2560,6,8851.75
2560,7,8760.99
2560,8,8881.82
2560,9,8746.15
2560,10,8973.05
2560,11,8681.65
2560,12,8911.04
2560,13,8910
2560,14,8746.78
2560,15,8989.97
2560,16,8884.95
2560,17,8766.7
2560,18,8916.21
2560,19,8790.18
2560,20,8860.64
2560,21,8818.65
2560,22,8906.02
2560,23,8782.34
2560,24,8744.43
2560,25,8962.64
2560,26,8817.92
2560,27,8790.72
2560,28,8896.36
2560,29,8929.75
2560,30,8877.8
2560,31,8793.51
2560,32,9097.66
2560,33,8877.09
2560,34,8912.39
2560,35,8790.31
2560,36,8767.29
2560,37,8730.48
2560,38,8920.98
2560,39,8904.08
2560,40,8757.18
2560,41,8816.56
2560,42,8771.25
2560,43,8759.06
2560,44,8747.91
2560,45,8740.47
2560,46,8941.04
2560,47,8957.21
2560,48,8775.13
2560,49,8905.01
2560,50,8924.77
2560,51,8824.32
2560,52,8772.7
2560,53,9015.17
2560,54,8983.71
2560,55,8700.75
2560,56,8866.85
2560,57,8930.11
2560,58,8747.04
2560,59,8802.15
2560,60,8876.42
2560,61,8881.16
2560,62,8754.05
2560,63,8874.68
2560,64,8760.3
2560,65,9019.28
2560,66,8897.47
2560,67,8755.15
2560,68,8832
2560,69,8883.74
2560,70,8884.18
2560,71,8819.33
2560,72,8755.1
2560,73,8928.78
2560,74,8937.69
2560,75,8782.29
2560,76,8813.51
2560,77,8868.09
2560,78,8938.42
2560,79,9099.14
2560,80,8835.38
2560,81,8893.95
2560,82,8888.29
2560,83,8987.14
2560,84,8795.45
2560,85,8756.66
2560,86,8900.84
2560,87,8911.01
2560,88,8906.26
2560,89,8799.13
2560,90,8885.56
2560,91,8831.28
2560,92,8752.39
2560,93,8805.95
2560,94,8858.93
2560,95,8889.84
2560,96,8878.3
2560,97,8762.33
2560,98,8860.25
2560,99,8884.25
2570,0,8924
2570,1,8829.4
2570,2,8726.51
2570,3,8762.83
2570,4,8694.55
2570,5,8783.21
2570,6,8839.25
2570,7,8748.08
2570,8,8870.64
2570,9,8733.95
2570,10,8958.98
2570,11,8668.11
2570,12,8898.91
2570,13,8896.28
2570,14,8733.79
2570,15,8979.39
2570,16,8872.34
2570,17,8752.87
2570,18,8904.39
2570,19,8776.46
2570,20,8848.7
2570,21,8803.23
2570,22,8893.82
2570,23,8768.74
2570,24,8731.91
2570,25,8951.72
2570,26,8806.07
2570,27,8779.52
2570,28,8884.88
2570,29,8918.72
2570,30,8866.54
2570,31,8776.64
2570,32,9087.95
2570,33,8866.37
2570,34,8900.64
2570,35,8778.74
2570,36,8750.69
2570,37,8717.24
2570,38,8906.68
2570,39,8894.55
2570,40,8743.87
2570,41,8805.01
2570,42,8757.22
2570,43,8745.33
2570,44,8733.1
2570,45,8727.04
2570,46,8926.87
2570,47,8943.91
2570,48,8761.69
2570,49,8893.99
2570,50,8912.92
2570,51,8811.5
2570,52,8760.19
2570,53,9003.39
2570,54,8972.13
2570,55,8685.24
2570,56,8856.22
2570,57,8918.96
2570,58,8731.66
2570,59,8789.07
2570,60,8864.48
2570,61,8866.99
2570,62,8739.52
2570,63,8864.03
2570,64,8746.8
2570,65,9008.54
2570,66,8884.97
2570,67,8740.5
2570,68,8816.54
2570,69,8872.37
2570,70,8871.46
2570,71,8808.81
2570,72,8743.39
2570,73,8912.86
2570,74,8927.69
2570,75,8771.71
2570,76,8801.87
2570,77,8852.31
2570,78,8926.35
2570,79,9088.81
2570,80,8825.4
2570,81,8879.89
2570,82,8877.65
2570,83,8977.03
2570,84,8779.93
2570,85,8741.25
2570,86,8889.69
2570,87,8898.37
2570,88,8896.61
2570,89,8789.08
2570,90,8872.01
2570,91,8818.57
2570,92,8738.46
2570,93,8793.66
2570,94,8848.78
2570,95,8877.14
2570,96,8866.97
2570,97,8749.9
2570,98,8846.56
2570,99,8871.01
2580,0,8923.7
2580,1,8829.1
2580,2,8726.21
2580,3,8762.53
2580,4,8694.25
2580,5,8782.91
2580,6,8838.95
2580,7,8747.78
2580,8,8870.34
2580,9,8733.65
2580,10,8958.68
2580,11,8667.81
2580,12,8898.61
2580,13,8895.98
2580,14,8733.49
2580,15,8979.09
2580,16,8872.04
2580,17,8752.57
2580,18,8904.09
2580,19,8776.16
2580,20,8848.4
2580,21,8802.93
2580,22,8893.52
2580,23,8768.44
2580,24,8731.61
2580,25,8951.42
2580,26,8805.77
2580,27,8779.22
2580,28,8884.58
2580,29,8918.42
2580,30,8866.24
2580,31,8776.34
2580,32,9087.65
2580,33,8866.07
2580,34,8900.34
2580,35,8778.44
2580,36,8750.39
2580,37,8716.94
2580,38,8906.38
2580,39,8894.25
2580,40,8743.57
2580,41,8804.71
2580,42,8756.92
2580,43,8745.03
2580,44,8732.8
2580,45,8726.74
2580,46,8926.57
2580,47,8943.61
2580,48,8761.39
2580,49,8893.69
2580,50,8912.62
2580,51,8811.2
2580,52,8759.89
2580,53,9003.09
2580,54,8971.83
2580,55,8684.94
2580,56,8855.92
2580,57,8918.66
2580,58,8731.36
2580,59,8788.77
2580,60,8864.18
2580,61,8866.69
2580,62,8739.22
2580,63,8863.73
2580,64,8746.5
2580,65,9008.24
2580,66,8884.67
2580,67,8740.2
2580,68,8816.24
2580,69,8872.07
2580,70,8871.16
2580,71,8808.51
2580,72,8743.09
2580,73,8912.56
2580,74,8927.39
2580,75,8771.41
2580,76,8801.57
2580,77,8852.01
2580,78,8926.05
2580,79,9088.51
2580,80,8825.1
2580,81,8879.59
2580,82,8877.35
2580,83,8976.73
2580,84,8779.63
2580,85,8740.95
2580,86,8889.39
2580,87,8898.07
2580,88,8896.31
2580,89,8788.78
2580,90,8871.71
2580,91,8818.27
2580,92,8738.16
2580,93,8793.36
2580,94,8848.48
2580,95,8876.84
2580,96,8866.67
2580,97,8749.6
2580,98,8846.26
2580,99,8870.71
2590,0,8923.4
2590,1,8828.8
2590,2,8725.91
2590,3,8762.23
2590,4,8693.95
2590,5,8782.61
2590,6,8838.65
2590,7,8747.48
2590,8,8870.04
2590,9,8733.35
2590,10,8958.38
2590,11,8667.51
2590,12,8898.31
2590,13,8895.68
2590,14,8733.19
2590,15,8978.79
2590,16,8871.74
2590,17,8752.27
2590,18,8903.79
2590,19,8775.86
2590,20,8848.1
2590,21,8802.63
2590,22,8893.22
2590,23,8768.14
2590,24,8731.31
2590,25,8951.12
2590,26,8805.47
2590,27,8778.92
2590,28,8884.28
2590,29,8918.12
2590,30,8865.94
2590,31,8776.04
2590,32,9087.35
2590,33,8865.77
2590,34,8900.04
2590,35,8778.14
2590,36,8750.09
2590,37,8716.64
2590,38,8906.08
2590,39,8893.95
2590,40,8743.27
2590,41,8804.41
2590,42,8756.62
2590,43,8744.73
2590,44,8732.5
2590,45,8726.44
2590,46,8926.27
2590,47,8943.31
2590,48,8761.09
2590,49,8893.39
2590,50,8912.32
2590,51,8810.9
2590,52,8759.59
2590,53,9002.79
2590,54,8971.53
2590,55,8684.64
2590,56,8855.62
2590,57,8918.36
2590,58,8731.06
2590,59,8788.47
2590,60,8863.88
2590,61,8866.39
2590,62,8738.92
2590,63,8863.43
2590,64,8746.2
2590,65,9007.94
2590,66,8884.37
2590,67,8739.9
2590,68,8815.94
2590,69,8871.77
2590,70,8870.86
2590,71,8808.21
2590,72,8742.79
2590,73,8912.26
2590,74,8927.09
2590,75,8771.11
2590,76,8801.27
2590,77,8851.71
2590,78,8925.75
2590,79,9088.21
2590,80,8824.8
2590,81,8879.29
2590,82,8877.05
2590,83,8976.43
2590,84,8779.33
2590,85,8740.65
2590,86,8889.09
2590,87,8897.77
2590,88,8896.01
2590,89,8788.48
2590,90,8871.41
2590,91,8817.97
2590,92,8737.86
2590,93,8793.06
2590,94,8848.18
2590,95,8876.54
2590,96,8866.37
2590,97,8749.3
2590,98,8845.96
2590,99,8870.41
2600,0,8910.67
2600,1,8817.52
2600,2,8716.38
2600,3,8750.56
2600,4,8683.54
2600,5,8767.22
2600,6,8830.36
2600,7,8735.92
2600,8,8861.74
2600,9,8723.85
2600,10,8947.74
2600,11,8657.97
2600,12,8886.35
2600,13,8882.98
2600,14,8720.23
2600,15,8971.62
2600,16,8862.97
2600,17,8739.75
2600,18,8892.42
2600,19,8767.14
2600,20,8839.52
2600,21,8787.54
2600,22,8883.41
2600,23,8758.52
2600,24,8719.24
2600,25,8942.37
2600,26,8796.9
2600,27,8766.87
2600,28,8876.38
2600,29,8909.32
2600,30,8854.96
2600,31,8759.9
2600,32,9079.41
2600,33,8857.85
2600,34,8889.81
2600,35,8769.01
2600,36,8738.07
2600,37,8704.23
2600,38,8891.46
2600,39,8888.18
2600,40,8733.55
2600,41,8795.35
2600,42,8746.91
2600,43,8734.86
2600,44,8722.13
2600,45,8714.17
2600,46,8912.59
2600,47,8933.24
2600,48,8751.79
2600,49,8882.77
2600,50,8901.48
2600,51,8799.68
2600,52,8746.46
2600,53,8993.96
2600,54,8960.17
2600,55,8671.73
2600,56,8845.53
2600,57,8909.58
2600,58,8720.01
2600,59,8775.61
2600,60,8854.21
2600,61,8854.02
2600,62,8728.03
2600,63,8852.7
2600,64,8735.12
2600,65,8997.33
2600,66,8870.87
2600,67,8727.93
2600,68,8807.21
2600,69,8860.5
2600,70,8860.89
2600,71,8797.97
2600,72,8730.69
2600,73,8901.88
2600,74,8917.27
2600,75,8760.17
2600,76,8791.28
2600,77,8837.53
2600,78,8917.61
2600,79,9078.82
2600,80,8815.2
2600,81,8869.47
2600,82,8866.57
2600,83,8967.47
2600,84,8768.74
2600,85,8730.84
2600,86,8877.98
2600,87,8885.48
2600,88,8885.45
2600,89,8780.89
2600,90,8862.6
2600,91,8808.47
2600,92,8729.55
2600,93,8783.3
2600,94,8837.73
2600,95,8865.56
2600,96,8853.42
2600,97,8737.43
2600,98,8834.12
2600,99,8858.77
2610,0,8910.37
2610,1,8817.22
2610,2,8716.08
2610,3,8750.26
2610,4,8683.24
2610,5,8766.92
2610,6,8830.06
2610,7,8735.62
2610,8,8861.44
2610,9,8723.55
2610,10,8947.44
2610,11,8657.67
2610,12,8886.05
2610,13,8882.68
2610,14,8719.93
2610,15,8971.32
2610,16,8862.67
2610,17,8739.45
2610,18,8892.12
2610,19,8766.84
2610,20,8839.22
2610,21,8787.24
2610,22,8883.11
2610,23,8758.22
2610,24,8718.94
2610,25,8942.07
2610,26,8796.6
2610,27,8766.57
2610,28,8876.08
2610,29,8909.02
2610,30,8854.66
2610,31,8759.6
2610,32,9079.11
2610,33,8857.55
2610,34,8889.51
2610,35,8768.71
2610,36,8737.77
2610,37,8703.93
2610,38,8891.16
2610,39,8887.88
2610,40,8733.25
2610,41,8795.05
2610,42,8746.61
2610,43,8734.56
2610,44,8721.83
2610,45,8713.87
2610,46,8912.29
2610,47,8932.94
2610,48,8751.49
2610,49,8882.47
2610,50,8901.18
2610,51,8799.38
2610,52,8746.16
2610,53,8993.66
2610,54,8959.87
2610,55,8671.43
2610,56,8845.23
2610,57,8909.28
2610,58,8719.71
2610,59,8775.31
2610,60,8853.91
2610,61,8853.72
2610,62,8727.73
2610,63,8852.4
2610,64,8734.82
2610,65,8997.03
2610,66,8870.57
2610,67,8727.63
2610,68,8806.91
2610,69,8860.2
2610,70,8860.59
2610,71,8797.67
2610,72,8730.39
2610,73,8901.58
2610,74,8916.97
2610,75,8759.87
2610,76,8790.98
2610,77,8837.23
2610,78,8917.31
2610,79,9078.52
2610,80,8814.9
2610,81,8869.17
2610,82,8866.27
2610,83,8967.17
2610,84,8768.44
2610,85,8730.54
2610,86,8877.68
2610,87,8885.18
2610,88,8885.15
2610,89,8780.59
2610,90,8862.3
2610,91,8808.17
2610,92,8729.25
2610,93,8783
2610,94,8837.43
2610,95,8865.26
2610,96,8853.12
2610,97,8737.13
2610,98,8833.82
2610,99,8858.47
2620,0,8910.07
2620,1,8816.92
2620,2,8715.78
2620,3,8749.96
2620,4,8682.94
2620,5,8766.62
2620,6,8829.76
2620,7,8735.32
2620,8,8861.14
2620,9,8723.25
2620,10,8947.14
2620,11,8657.37
2620,12,8885.75
2620,13,8882.38
2620,14,8719.63
2620,15,8971.02
2620,16,8862.37
2620,17,8739.15
2620,18,8891.82
2620,19,8766.54
2620,20,8838.92
2620,21,8786.94
2620,22,8882.81
2620,23,8757.92
2620,24,8718.64
2620,25,8941.77
2620,26,8796.3
2620,27,8766.27
2620,28,8875.78
2620,29,8908.72
2620,30,8854.36
2620,31,8759.3
2620,32,9078.81
2620,33,8857.25
2620,34,8889.21
2620,35,8768.41
2620,36,8737.47
2620,37,8703.63
2620,38,8890.86
2620,39,8887.58
2620,40,8732.95
2620,41,8794.75
2620,42,8746.31
2620,43,8734.26
2620,44,8721.53
2620,45,8713.57
2620,46,8911.99
2620,47,8932.64
2620,48,8751.19
2620,49,8882.17
2620,50,8900.88
2620,51,8799.08
2620,52,8745.86
2620,53,8993.36
2620,54,8959.57
2620,55,8671.13
2620,56,8844.93
2620,57,8908.98
2620,58,8719.41
2620,59,8775.01
2620,60,8853.61
2620,61,8853.42
2620,62,8727.43
2620,63,8852.1
2620,64,8734.52
2620,65,8996.73
2620,66,8870.27
2620,67,8727.33
2620,68,8806.61
2620,69,8859.9
2620,70,8860.29
2620,71,8797.37
2620,72,8730.09
2620,73,8901.28
2620,74,8916.67
2620,75,8759.57
2620,76,8790.68
2620,77,8836.93
2620,78,8917.01
2620,79,9078.22
2620,80,8814.6
2620,81,8868.87
2620,82,8865.97
2620,83,8966.87
2620,84,8768.14
2620,85,8730.24
2620,86,8877.38
2620,87,8884.88
2620,88,8884.85
2620,89,8780.29
2620,90,8862
2620,91,8807.87
2620,92,8728.95
2620,93,8782.7
2620,94,8837.13
2620,95,8864.96
2620,96,8852.82
2620,97,8736.83
2620,98,8833.52
2620,99,8858.17
2630,0,8895.03
2630,1,8804.18
2630,2,8701.52
2630,3,8738.61
2630,4,8670.41
2630,5,8747.07
2630,6,8817.64
2630,7,8717.37
2630,8,8849.79
2630,9,8708.97
2630,10,8928.41
2630,11,8642.78
2630,12,8872.23
2630,13,8868.57
2630,14,8704.92
2630,15,8958.7
2630,16,8851.64
2630,17,8720.06
2630,18,8872.91
2630,19,8754.61
2630,20,8825.83
2630,21,8769.45
2630,22,8871.17
2630,23,8743.71
2630,24,8706.95
2630,25,8929.47
2630,26,8783.15
2630,27,8753.72
2630,28,8862.64
2630,29,8897.8
2630,30,8841.64
2630,31,8742.07
2630,32,9068.93
2630,33,8845.85
2630,34,8874.11
2630,35,8755.05
2630,36,8723.05
2630,37,8686.17
2630,38,8878.02
2630,39,8876.71
2630,40,8720.66
2630,41,8783.05
2630,42,8733.63
2630,43,8724.31
2630,44,8704.81
2630,45,8701.2
2630,46,8894.73
2630,47,8918.37
2630,48,8737.96
2630,49,8869.8
2630,50,8889.99
2630,51,8784.76
2630,52,8731.61
2630,53,8981.84
2630,54,8946.62
2630,55,8651
2630,56,8834.37
2630,57,8896.1
2630,58,8705.72
2630,59,8756.6
2630,60,8838.76
2630,61,8839.37
2630,62,8715.68
2630,63,8839.2
2630,64,8717.91
2630,65,8984.67
2630,66,8856.19
2630,67,8708.15
2630,68,8794.82
2630,69,8848.59
2630,70,8844.75
2630,71,8782.52
2630,72,8714.83
2630,73,8886.3
2630,74,8905.7
2630,75,8748.79
2630,76,8775.07
2630,77,8822.81
2630,78,8904.9
2630,79,9067.53
2630,80,8803.88
2630,81,8855.99
2630,82,8854.11
2630,83,8955.82
2630,84,8753.59
2630,85,8717.32
2630,86,8866.23
2630,87,8867.57
2630,88,8873.47
2630,89,8769.66
2630,90,8843.57
2630,91,8792.61
2630,92,8716.15
2630,93,8767.68
2630,94,8826.32
2630,95,8848.49
2630,96,8835.57
2630,97,8723.76
2630,98,8816.28
2630,99,8841.03
2640,0,8894.73
2640,1,8803.88
2640,2,8701.23
2640,3,8738.31
2640,4,8670.11
2640,5,8746.82
2640,6,8817.34
2640,7,8717.12
2640,8,8849.49
2640,9,8708.69
2640,10,8928.15
2640,11,8642.48
2640,12,8871.93
2640,13,8868.27
2640,14,8704.62
2640,15,8958.4
2640,16,8851.34
2640,17,8719.81
2640,18,8872.63
2640,19,8754.31
2640,20,8825.53
2640,21,8769.19
2640,22,8870.87
2640,23,8743.42
2640,24,8706.65
2640,25,8929.17
2640,26,8782.85
2640,27,8753.42
2640,28,8862.34
2640,29,8897.5
2640,30,8841.34
2640,31,8741.79
2640,32,9068.63
2640,33,8845.55
2640,34,8873.83
2640,35,8754.76
2640,36,8722.75
2640,37,8685.91
2640,38,8877.72
2640,39,8876.41
2640,40,8720.36
2640,41,8782.75
2640,42,8733.33
2640,43,8724.01
2640,44,8704.53
2640,45,8700.9
2640,46,8894.43
2640,47,8918.07
2640,48,8737.66
2640,49,8869.5
2640,50,8889.69
2640,51,8784.49
2640,52,8731.31
2640,53,8981.54
2640,54,8946.32
2640,55,8650.75
2640,56,8834.07
2640,57,8895.8
2640,58,8705.42
2640,59,8756.33
2640,60,8838.48
2640,61,8839.07
2640,62,8715.38
2640,63,8838.9
2640,64,8717.64
2640,65,8984.37
2640,66,8855.89
2640,67,8707.89
2640,68,8794.52
2640,69,8848.29
2640,70,8844.45
2640,71,8782.24
2640,72,8714.55
2640,73,8886
2640,74,8905.4
2640,75,8748.49
2640,76,8774.79
2640,77,8822.51
2640,78,8904.6
2640,79,9067.23
2640,80,8803.58
2640,81,8855.69
2640,82,8853.81
2640,83,8955.52
2640,84,8753.31
2640,85,8717.02
2640,86,8865.93
2640,87,8867.29
2640,88,8873.17
2640,89,8769.36
2640,90,8843.3
2640,91,8792.31
2640,92,8715.85
2640,93,8767.38
2640,94,8826.02
2640,95,8848.2
2640,96,8835.27
2640,97,8723.46
2640,98,8815.99
2640,99,8840.77
2650,0,8894.43
2650,1,8803.58
2650,2,8700.93
2650,3,8738.01
2650,4,8669.81
2650,5,8746.52
2650,6,8817.04
2650,7,8716.82
2650,8,8849.19
2650,9,8708.39
2650,10,8927.85
2650,11,8642.18
2650,12,8871.63
2650,13,8867.97
2650,14,8704.32
2650,15,8958.1
2650,16,8851.04
2650,17,8719.51
2650,18,8872.33
2650,19,8754.01
2650,20,8825.23
2650,21,8768.89
2650,22,8870.57
2650,23,8743.12
2650,24,8706.35
2650,25,8928.87
2650,26,8782.55
2650,27,8753.12
2650,28,8862.04
2650,29,8897.2
2650,30,8841.04
2650,31,8741.49
2650,32,9068.33
2650,33,8845.25
2650,34,8873.53
2650,35,8754.46
2650,36,8722.45
2650,37,8685.61
2650,38,8877.42
2650,39,8876.11
2650,40,8720.06
2650,41,8782.45
2650,42,8733.03
2650,43,8723.71
2650,44,8704.23
2650,45,8700.6
2650,46,8894.13
2650,47,8917.77
2650,48,8737.36
2650,49,8869.2
2650,50,8889.39
2650,51,8784.19
2650,52,8731.01
2650,53,8981.24
2650,54,8946.02
2650,55,8650.45
2650,56,8833.77
2650,57,8895.5
2650,58,8705.12
2650,59,8756.03
2650,60,8838.18
2650,61,8838.77
2650,62,8715.08
2650,63,8838.6
2650,64,8717.34
2650,65,8984.07
2650,66,8855.59
2650,67,8707.59
2650,68,8794.22
2650,69,8847.99
2650,70,8844.15
2650,71,8781.94
2650,72,8714.25
2650,73,8885.7
2650,74,8905.1
2650,75,8748.19
2650,76,8774.49
2650,77,8822.21
2650,78,8904.3
2650,79,9066.93
2650,80,8803.28
2650,81,8855.39
2650,82,8853.51
2650,83,8955.22
2650,84,8753.01
2650,85,8716.72
2650,86,8865.63
2650,87,8866.99
2650,88,8872.87
2650,89,8769.06
2650,90,8843
2650,91,8792.01
2650,92,8715.55
2650,93,8767.08
2650,94,8825.72
2650,95,8847.9
2650,96,8834.97
2650,97,8723.16
2650,98,8815.69
2650,99,8840.47
2660,0,8882.09
2660,1,8793.18
2660,2,8690.4
2660,3,8725.9
2660,4,8659.08
2660,5,8734.44
2660,6,8804.93
2660,7,8705.95
2660,8,8840.61
2660,9,8695.88
2660,10,8911.72
2660,11,8631.22
2660,12,8860.33
2660,13,8854.21
2660,14,8691.63
2660,15,8948.07
2660,16,8841.9
2660,17,8708.09
2660,18,8859.21
2660,19,8743.57
2660,20,8811.66
2660,21,8757.52
2660,22,8860.75
2660,23,8730.47
2660,24,8694.37
2660,25,8920.19
2660,26,8773.98
2660,27,8745.09
2660,28,8847.14
2660,29,8887.32
2660,30,8828.41
2660,31,8726.99
2660,32,9059.59
2660,33,8832.37
2660,34,8863.22
2660,35,8744.28
2660,36,8710.28
2660,37,8673
2660,38,8862.81
2660,39,8867.47
2660,40,8710.65
2660,41,8772.76
2660,42,8723.78
2660,43,8713.67
2660,44,8693.65
2660,45,8688.07
2660,46,8883.72
2660,47,8907.3
2660,48,8726.43
2660,49,8859.23
2660,50,8878.32
2660,51,8770.96
2660,52,8719.28
2660,53,8970.7
2660,54,8933.61
2660,55,8636.21
2660,56,8823.68
2660,57,8885.23
2660,58,8689.34
2660,59,8743.14
2660,60,8827.69
2660,61,8822.65
2660,62,8704.44
2660,63,8827.93
2660,64,8706.91
2660,65,8973.22
2660,66,8843.97
2660,67,8692.5
2660,68,8780.64
2660,69,8836.62
2660,70,8834.07
2660,71,8769.24
2660,72,8701.85
2660,73,8874.12
2660,74,8894.83
2660,75,8736.58
2660,76,8761.84
2660,77,8808.05
2660,78,8895
2660,79,9056.48
2660,80,8793.33
2660,81,8847.04
2660,82,8843.39
2660,83,8946.81
2660,84,8742.39
2660,85,8701.37
2660,86,8854.43
2660,87,8852.64
2660,88,8862.33
2660,89,8761.7
2660,90,8830.28
2660,91,8774.77
2660,92,8707.05
2660,93,8752.97
2660,94,8817.49
2660,95,8837.81
2660,96,8821.78
2660,97,8713.03
2660,98,8803.8
2660,99,8828.6
2670,0,8881.79
2670,1,8792.88
2670,2,8690.1
2670,3,8725.6
2670,4,8658.78
2670,5,8734.14
2670,6,8804.63
2670,7,8705.65
2670,8,8840.31
2670,9,8695.58
2670,10,8911.44
2670,11,8630.92
2670,12,8860.03
2670,13,8853.91
2670,14,8691.33
2670,15,8947.77
2670,16,8841.6
2670,17,8707.79
2670,18,8858.91
2670,19,8743.27
2670,20,8811.36
2670,21,8757.22
2670,22,8860.45
2670,23,8730.17
2670,24,8694.07
2670,25,8919.89
2670,26,8773.68
2670,27,8744.79
2670,28,8846.84
2670,29,8887.02
2670,30,8828.11
2670,31,8726.7
2670,32,9059.29
2670,33,8832.07
2670,34,8862.92
2670,35,8743.98
2670,36,8709.98
2670,37,8672.7
2670,38,8862.51
2670,39,8867.17
2670,40,8710.35
2670,41,8772.46
2670,42,8723.48
2670,43,8713.37
2670,44,8693.35
2670,45,8687.77
2670,46,8883.42
2670,47,8907
2670,48,8726.13
2670,49,8858.93
2670,50,8878.02
2670,51,8770.66
2670,52,8718.98
2670,53,8970.4
2670,54,8933.31
2670,55,8635.91
2670,56,8823.38
2670,57,8884.93
2670,58,8689.07
2670,59,8742.84
2670,60,8827.39
2670,61,8822.37
2670,62,8704.14
2670,63,8827.63
2670,64,8706.61
2670,65,8972.92
2670,66,8843.67
2670,67,8692.21
2670,68,8780.34
2670,69,8836.32
2670,70,8833.77
2670,71,8768.94
2670,72,8701.55
2670,73,8873.82
2670,74,8894.53
2670,75,8736.28
2670,76,8761.54
2670,77,8807.75
2670,78,8894.7
2670,79,9056.18
2670,80,8793.03
2670,81,8846.74
2670,82,8843.09
2670,83,8946.51
2670,84,8742.09
2670,85,8701.08
2670,86,8854.13
2670,87,8852.34
2670,88,8862.03
2670,89,8761.4
2670,90,8829.98
2670,91,8774.47
2670,92,8706.75
2670,93,8752.67
2670,94,8817.19
2670,95,8837.51
2670,96,8821.48
2670,97,8712.73
2670,98,8803.5
2670,99,8828.3
2680,0,8881.49
2680,1,8792.58
2680,2,8689.8
2680,3,8725.3
2680,4,8658.48
2680,5,8733.84
2680,6,8804.33
2680,7,8705.35
2680,8,8840.01
2680,9,8695.28
2680,10,8911.14
2680,11,8630.62
2680,12,8859.73
2680,13,8853.61
2680,14,8691.03
2680,15,8947.47
2680,16,8841.3
2680,17,8707.49
2680,18,8858.61
2680,19,8742.97
2680,20,8811.06
2680,21,8756.92
2680,22,8860.15
2680,23,8729.87
2680,24,8693.77
2680,25,8919.59
2680,26,8773.38
2680,27,8744.49
2680,28,8846.54
2680,29,8886.72
2680,30,8827.81
2680,31,8726.4
2680,32,9058.99
2680,33,8831.77
2680,34,8862.62
2680,35,8743.68
2680,36,8709.68
2680,37,8672.4
2680,38,8862.21
2680,39,8866.87
2680,40,8710.05
2680,41,8772.16
2680,42,8723.18
2680,43,8713.07
2680,44,8693.05
2680,45,8687.47
2680,46,8883.12
2680,47,8906.7
2680,48,8725.83
2680,49,8858.63
2680,50,8877.72
2680,51,8770.36
2680,52,8718.68
2680,53,8970.1
2680,54,8933.01
2680,55,8635.61
2680,56,8823.08
2680,57,8884.63
2680,58,8688.77
2680,59,8742.54
2680,60,8827.09
2680,61,8822.07
2680,62,8703.84
2680,63,8827.33
2680,64,8706.31
2680,65,8972.62
2680,66,8843.37
2680,67,8691.91
2680,68,8780.04
2680,69,8836.02
2680,70,8833.47
2680,71,8768.64
2680,72,8701.25
2680,73,8873.52
2680,74,8894.23
2680,75,8735.98
2680,76,8761.24
2680,77,8807.45
2680,78,8894.4
2680,79,9055.88
2680,80,8792.73
2680,81,8846.44
2680,82,8842.79
2680,83,8946.21
2680,84,8741.79
2680,85,8700.78
2680,86,8853.83
2680,87,8852.04
2680,88,8861.73
2680,89,8761.1
2680,90,8829.68
2680,91,8774.17
2680,92,8706.45
2680,93,8752.37
2680,94,8816.89
2680,95,8837.21
2680,96,8821.18
2680,97,8712.43
2680,98,8803.2
2680,99,8828
2690,0,8868.28
2690,1,8781.07
2690,2,8678.97
2690,3,8714.02
2690,4,8647.44
2690,5,8721.66
2690,6,8794.37
2690,7,8692.31
2690,8,8831.59
2690,9,8682.48
2690,10,8896.59
2690,11,8620.1
2690,12,8848.22
2690,13,8839.56
2690,14,8677.23
2690,15,8937.2
2690,16,8828.59
2690,17,8693.94
2690,18,8845.38
2690,19,8733.96
2690,20,8800.05
2690,21,8748.83
2690,22,8848.89
2690,23,8718.01
2690,24,8681.08
2690,25,8910.94
2690,26,8764.13
2690,27,8732.86
2690,28,8833.5
2690,29,8877.64
2690,30,8819.12
2690,31,8710.08
2690,32,9049.63
2690,33,8820.05
2690,34,8851.88
2690,35,8734.79
2690,36,8694
2690,37,8659.61
2690,38,8847.5
2690,39,8858.57
2690,40,8700.49
2690,41,8762.79
2690,42,8712.97
2690,43,8702.96
2690,44,8681.05
2690,45,8674.84
2690,46,8871.24
2690,47,8895.93
2690,48,8715.15
2690,49,8848.52
2690,50,8866.61
2690,51,8757.67
2690,52,8707.03
2690,53,8959.38
2690,54,8923.18
2690,55,8621.21
2690,56,8813.34
2690,57,8875.44
2690,58,8673.6
2690,59,8729.72
2690,60,8816.23
2690,61,8807.57
2690,62,8693.19
2690,63,8816.67
2690,64,8693.68
2690,65,8962.78
2690,66,8831.78
2690,67,8677.14
2690,68,8766.21
2690,69,8824.77
2690,70,8820.56
2690,71,8759.73
2690,72,8688.61
2690,73,8862.6
2690,74,8884.75
2690,75,8724.5
2690,76,8748.36
2690,77,8793.17
2690,78,8884.74
2690,79,9045.31
2690,80,8781.76
2690,81,8837.2
2690,82,8832.56
2690,83,8935.37
2690,84,8731.18
2690,85,8685.23
2690,86,8842.72
2690,87,8840.1
2690,88,8851.29
2690,89,8752.72
2690,90,8818.03
2690,91,8762.21
2690,92,8697.76
2690,93,8741.41
2690,94,8808.54
2690,95,8826.26
2690,96,8808.07
2690,97,8703.01
2690,98,8793.01
2690,99,8817.36
2700,0,8867.98
2700,1,8780.77
2700,2,8678.67
2700,3,8713.72
2700,4,8647.14
2700,5,8721.36
2700,6,8794.07
2700,7,8692.03
2700,8,8831.29
2700,9,8682.19
2700,10,8896.31
2700,11,8619.8
2700,12,8847.92
2700,13,8839.27
2700,14,8676.95
2700,15,8936.9
2700,16,8828.3
2700,17,8693.65
2700,18,8845.08
2700,19,8733.66
2700,20,8799.75
2700,21,8748.53
2700,22,8848.59
2700,23,8717.71
2700,24,8680.79
2700,25,8910.64
2700,26,8763.83
2700,27,8732.56
2700,28,8833.2
2700,29,8877.34
2700,30,8818.82
2700,31,8709.81
2700,32,9049.33
2700,33,8819.75
2700,34,8851.58
2700,35,8734.49
2700,36,8693.74
2700,37,8659.31
2700,38,8847.21
2700,39,8858.27
2700,40,8700.19
2700,41,8762.49
2700,42,8712.67
2700,43,8702.66
2700,44,8680.75
2700,45,8674.55
2700,46,8870.94
2700,47,8895.63
2700,48,8714.85
2700,49,8848.22
2700,50,8866.31
2700,51,8757.38
2700,52,8706.73
2700,53,8959.08
2700,54,8922.88
2700,55,8620.94
2700,56,8813.04
2700,57,8875.14
2700,58,8673.33
2700,59,8729.43
2700,60,8815.93
2700,61,8807.29
2700,62,8692.89
2700,63,8816.37
2700,64,8693.39
2700,65,8962.48
2700,66,8831.48
2700,67,8676.86
2700,68,8765.91
2700,69,8824.47
2700,70,8820.26
2700,71,8759.43
2700,72,8688.31
2700,73,8862.3
2700,74,8884.45
2700,75,8724.2
2700,76,8748.07
2700,77,8792.88
2700,78,8884.44
2700,79,9045.01
2700,80,8781.46
2700,81,8836.9
2700,82,8832.26
2700,83,8935.07
2700,84,8730.88
2700,85,8684.96
2700,86,8842.42
2700,87,8839.8
2700,88,8850.99
2700,89,8752.42
2700,90,8817.73
2700,91,8761.91
2700,92,8697.46
2700,93,8741.11
2700,94,8808.24
2700,95,8825.96
2700,96,8807.77
2700,97,8702.71
2700,98,8792.71
2700,99,8817.06
2710,0,8867.68
2710,1,8780.47
2710,2,8678.37
2710,3,8713.42
2710,4,8646.84
2710,5,8721.06
2710,6,8793.77
2710,7,8691.73
2710,8,8830.99
2710,9,8681.89
2710,10,8896.01
2710,11,8619.5
2710,12,8847.62
2710,13,8838.97
2710,14,8676.65
2710,15,8936.6
2710,16,8828
2710,17,8693.35
2710,18,8844.78
2710,19,8733.36
2710,20,8799.45
2710,21,8748.23
2710,22,8848.29
2710,23,8717.41
2710,24,8680.49
2710,25,8910.34
2710,26,8763.53
2710,27,8732.26
2710,28,8832.9
2710,29,8877.04
2710,30,8818.52
2710,31,8709.51
2710,32,9049.03
2710,33,8819.45
2710,34,8851.28
2710,35,8734.19
2710,36,8693.44
2710,37,8659.01
2710,38,8846.91
2710,39,8857.97
2710,40,8699.89
2710,41,8762.19
2710,42,8712.37
2710,43,8702.36
2710,44,8680.45
2710,45,8674.25
2710,46,8870.64
2710,47,8895.33
2710,48,8714.55
2710,49,8847.92
2710,50,8866.01
2710,51,8757.08
2710,52,8706.43
2710,53,8958.78
2710,54,8922.58
2710,55,8620.64
2710,56,8812.74
2710,57,8874.84
2710,58,8673.03
2710,59,8729.13
2710,60,8815.63
2710,61,8806.99
2710,62,8692.59
2710,63,8816.07
2710,64,8693.09
2710,65,8962.18
2710,66,8831.18
2710,67,8676.56
2710,68,8765.61
2710,69,8824.17
2710,70,8819.96
2710,71,8759.13
2710,72,8688.01
2710,73,8862
2710,74,8884.15
2710,75,8723.9
2710,76,8747.77
2710,77,8792.58
2710,78,8884.14
2710,79,9044.71
2710,80,8781.16
2710,81,8836.6
2710,82,8831.96
2710,83,8934.77
2710,84,8730.58
2710,85,8684.66
2710,86,8842.12
2710,87,8839.5
2710,88,8850.69
2710,89,8752.12
2710,90,8817.43
2710,91,8761.61
2710,92,8697.16
2710,93,8740.81
2710,94,8807.94
2710,95,8825.66
2710,96,8807.47
2710,97,8702.41
2710,98,8792.41
2710,99,8816.76
2720,0,8855.06
2720,1,8771.57
2720,2,8668.61
2720,3,8701.43
2720,4,8635.41
2720,5,8708.72
2720,6,8782.29
2720,7,8680.01
2720,8,8822.64
2720,9,8671.22
2720,10,8885.1
2720,11,8607.25
2720,12,8835.51
2720,13,8826.25
2720,14,8666.17
2720,15,8926.73
2720,16,8818.82
2720,17,8684.71
2720,18,8832.05
2720,19,8725.53
2720,20,8791.11
2720,21,8737.03
2720,22,8836.85
2720,23,8707.69
2720,24,8667.62
2720,25,8901.57
2720,26,8753.06
2720,27,8720.51
2720,28,8818.76
2720,29,8868.88
2720,30,8809.66
2720,31,8693.07
2720,32,9039.85
2720,33,8807.78
2720,34,8841.3
2720,35,8725.54
2720,36,8679
2720,37,8647.18
2720,38,8833.32
2720,39,8851.37
2720,40,8692.15
2720,41,8752.44
2720,42,8702.86
2720,43,8693.71
2720,44,8669.76
2720,45,8666.32
2720,46,8859.9
2720,47,8886.17
2720,48,8704.08
2720,49,8836.95
2720,50,8854.27
2720,51,8745.19
2720,52,8693.99
2720,53,8947.79
2720,54,8910.82
2720,55,8608.23
2720,56,8803.01
2720,57,8865.94
2720,58,8659.06
2720,59,8718.1
2720,60,8805.51
2720,61,8796.21
2720,62,8680.83
2720,63,8804.67
2720,64,8682.1
2720,65,8951.14
2720,66,8818.89
2720,67,8660.82
2720,68,8753.48
2720,69,8814.3
2720,70,8809.73
2720,71,8746.09
2720,72,8678.97
2720,73,8851.91
2720,74,8876.45
2720,75,8712.49
2720,76,8736.67
2720,77,8778
2720,78,8874.87
2720,79,9035.38
2720,80,8771.56
2720,81,8826.38
2720,82,8820.84
2720,83,8924.68
2720,84,8720.1
2720,85,8668.86
2720,86,8832.73
2720,87,8826.49
2720,88,8840.56
2720,89,8741.41
2720,90,8803.93
2720,91,8752.12
2720,92,8689.1
2720,93,8731.55
2720,94,8799.61
2720,95,8814.99
2720,96,8797.49
2720,97,8690.52
2720,98,8782.29
2720,99,8805.36
2730,0,8854.77
2730,1,8771.27
2730,2,8668.31
2730,3,8701.14
2730,4,8635.11
2730,5,8708.43
2730,6,8781.99
2730,7,8679.73
2730,8,8822.34
2730,9,8670.92
2730,10,8884.8
2730,11,8606.97
2730,12,8835.22
2730,13,8825.96
2730,14,8665.87
2730,15,8926.43
2730,16,8818.52
2730,17,8684.41
2730,18,8831.75
2730,19,8725.23
2730,20,8790.81
2730,21,8736.74
2730,22,8836.55
2730,23,8707.39
2730,24,8667.34
2730,25,8901.27
2730,26,8752.76
2730,27,8720.23
2730,28,8818.48
2730,29,8868.58
2730,30,8809.36
2730,31,8692.82
2730,32,9039.55
2730,33,8807.5
2730,34,8841
2730,35,8725.24
2730,36,8678.74
2730,37,8646.88
2730,38,8833.04
2730,39,8851.07
2730,40,8691.85
2730,41,8752.14
2730,42,8702.56
2730,43,8693.41
2730,44,8669.46
2730,45,8666.02
2730,46,8859.6
2730,47,8885.87
2730,48,8703.78
2730,49,8836.65
2730,50,8853.97
2730,51,8744.91
2730,52,8693.7
2730,53,8947.49
2730,54,8910.52
2730,55,8607.96
2730,56,8802.71
2730,57,8865.64
2730,58,8658.79
2730,59,8717.8
2730,60,8805.21
2730,61,8795.91
2730,62,8680.54
2730,63,8804.37
2730,64,8681.81
2730,65,8950.84
2730,66,8818.61
2730,67,8660.56
2730,68,8753.18
2730,69,8814
2730,70,8809.43
2730,71,8745.8
2730,72,8678.67
2730,73,8851.61
2730,74,8876.15
2730,75,8712.19
2730,76,8736.37
2730,77,8777.74
2730,78,8874.57
2730,79,9035.08
2730,80,8771.26
2730,81,8826.08
2730,82,8820.54
2730,83,8924.38
2730,84,8719.8
2730,85,8668.6
2730,86,8832.43
2730,87,8826.2
2730,88,8840.26
2730,89,8741.11
2730,90,8803.65
2730,91,8751.82
2730,92,8688.8
2730,93,8731.25
2730,94,8799.31
2730,95,8814.69
2730,96,8797.19
2730,97,8690.22
2730,98,8781.99
2730,99,8805.07
2740,0,8854.47
2740,1,8770.97
2740,2,8668.01
2740,3,8700.84
2740,4,8634.81
2740,5,8708.13
2740,6,8781.69
2740,7,8679.43
2740,8,8822.04
2740,9,8670.62
2740,10,8884.5
2740,11,8606.67
2740,12,8834.92
2740,13,8825.66
2740,14,8665.57
2740,15,8926.13
2740,16,8818.22
2740,17,8684.11
2740,18,8831.45
2740,19,8724.93
2740,20,8790.51
2740,21,8736.44
2740,22,8836.25
2740,23,8707.09
2740,24,8667.04
2740,25,8900.97
2740,26,8752.46
2740,27,8719.93
2740,28,8818.18
2740,29,8868.28
2740,30,8809.06
2740,31,8692.52
2740,32,9039.25
2740,33,8807.2
2740,34,8840.7
2740,35,8724.94
2740,36,8678.44
2740,37,8646.58
2740,38,8832.74
2740,39,8850.77
2740,40,8691.55
2740,41,8751.84
2740,42,8702.26
2740,43,8693.11
2740,44,8669.16
2740,45,8665.72
2740,46,8859.3
2740,47,8885.57
2740,48,8703.48
2740,49,8836.35
2740,50,8853.67
2740,51,8744.61
2740,52,8693.4
2740,53,8947.19
2740,54,8910.22
2740,55,8607.66
2740,56,8802.41
2740,57,8865.34
2740,58,8658.49
2740,59,8717.5
2740,60,8804.91
2740,61,8795.61
2740,62,8680.24
2740,63,8804.07
2740,64,8681.51
2740,65,8950.54
2740,66,8818.31
2740,67,8660.26
2740,68,8752.88
2740,69,8813.7
2740,70,8809.13
2740,71,8745.5
2740,72,8678.37
2740,73,8851.31
2740,74,8875.85
2740,75,8711.89
2740,76,8736.07
2740,77,8777.44
2740,78,8874.27
2740,79,9034.78
2740,80,8770.96
2740,81,8825.78
2740,82,8820.24
2740,83,8924.08
2740,84,8719.5
2740,85,8668.3
2740,86,8832.13
2740,87,8825.9
2740,88,8839.96
2740,89,8740.81
2740,90,8803.35
2740,91,8751.52
2740,92,8688.5
2740,93,8730.95
2740,94,8799.01
2740,95,8814.39
2740,96,8796.89
2740,97,8689.92
2740,98,8781.69
2740,99,8804.77
2750,0,8843.87
2750,1,8758.73
2750,2,8658.01
2750,3,8688.87
2750,4,8622.64
2750,5,8695.53
2750,6,8771.43
2750,7,8667.98
2750,8,8813.63
2750,9,8661.93
2750,10,8869.53
2750,11,8597.08
2750,12,8824.78
2750,13,8813.37
2750,14,8653.1
2750,15,8917.66
2750,16,8810.42
2750,17,8671.65
2750,18,8819.14
2750,19,8716.83
2750,20,8781.97
2750,21,8725.33
2750,22,8824.87
2750,23,8697.76
2750,24,8655.16
2750,25,8892.13
2750,26,8744.08
2750,27,8708.81
2750,28,8804.35
2750,29,8859.83
2750,30,8801.54
2750,31,8679.12
2750,32,9031.43
2750,33,8795.27
2750,34,8830.21
2750,35,8716.4
2750,36,8664.04
2750,37,8634.64
2750,38,8819.1
2750,39,8842.22
2750,40,8683.48
2750,41,8743.67
2750,42,8692.54
2750,43,8680.93
2750,44,8659.2
2750,45,8653.27
2750,46,8845.96
2750,47,8877.24
2750,48,8694.18
2750,49,8828.56
2750,50,8842.81
2750,51,8732.24
2750,52,8681.96
2750,53,8937.76
2750,54,8898.22
2750,55,8594.46
2750,56,8792.74
2750,57,8854.47
2750,58,8644.43
2750,59,8706.94
2750,60,8794.58
2750,61,8780.94
2750,62,8669.28
2750,63,8793.55
2750,64,8670.01
2750,65,8942.14
2750,66,8805.53
2750,67,8645.61
2750,68,8740.18
2750,69,8804.91
2750,70,8799.63
2750,71,8735.52
2750,72,8666.88
2750,73,8839.55
2750,74,8867.28
2750,75,8701.04
2750,76,8724.53
2750,77,8763.42
2750,78,8865.49
2750,79,9025.38
2750,80,8761.56
2750,81,8817.32
2750,82,8810.66
2750,83,8913.93
2750,84,8709.91
2750,85,8655.33
2750,86,8822.67
2750,87,8815.88
2750,88,8830.52
2750,89,8733.32
2750,90,8789.84
2750,91,8742.3
2750,92,8680.37
2750,93,8718.47
2750,94,8790.75
2750,95,8804.28
2750,96,8786.72
2750,97,8677.87
2750,98,8771.58
2750,99,8794.97
2760,0,8843.58
2760,1,8758.46
2760,2,8657.72
2760,3,8688.6
2760,4,8622.35
2760,5,8695.25
2760,6,8771.14
2760,7,8667.71
2760,8,8813.33
2760,9,8661.63
2760,10,8869.29
2760,11,8596.78
2760,12,8824.5
2760,13,8813.1
2760,14,8652.83
2760,15,8917.36
2760,16,8810.12
2760,17,8671.38
2760,18,8818.84
2760,19,8716.53
2760,20,8781.67
2760,21,8725.05
2760,22,8824.58
2760,23,8697.46
2760,24,8654.9
2760,25,8891.83
2760,26,8743.78
2760,27,8708.54
2760,28,8804.08
2760,29,8859.53
2760,30,8801.24
2760,31,8678.86
2760,32,9031.13
2760,33,8795
2760,34,8829.92
2760,35,8716.1
2760,36,8663.8
2760,37,8634.36
2760,38,8818.84
2760,39,8841.92
2760,40,8683.18
2760,41,8743.37
2760,42,8692.24
2760,43,8680.68
2760,44,8658.9
2760,45,8653
2760,46,8845.66
2760,47,8876.94
2760,48,8693.88
2760,49,8828.26
2760,50,8842.52
2760,51,8731.97
2760,52,8681.68
2760,53,8937.46
2760,54,8897.94
2760,55,8594.21
2760,56,8792.44
2760,57,8854.17
2760,58,8644.18
2760,59,8706.65
2760,60,8794.28
2760,61,8780.69
2760,62,8669
2760,63,8793.26
2760,64,8669.74
2760,65,8941.84
2760,66,8805.27
2760,67,8645.36
2760,68,8739.88
2760,69,8804.61
2760,70,8799.33
2760,71,8735.22
2760,72,8666.59
2760,73,8839.27
2760,74,8866.98
2760,75,8700.74
2760,76,8724.25
2760,77,8763.17
2760,78,8865.19
2760,79,9025.08
2760,80,8761.26
2760,81,8817.02
2760,82,8810.36
2760,83,8913.63
2760,84,8709.61
2760,85,8655.05
2760,86,8822.38
2760,87,8815.58
2760,88,8830.22
2760,89,8733.02
2760,90,8789.58
2760,91,8742
2760,92,8680.07
2760,93,8718.2
2760,94,8790.45
2760,95,8803.98
2760,96,8786.43
2760,97,8677.59
2760,98,8771.28
2760,99,8794.68
2770,0,8843.28
2770,1,8758.16
2770,2,8657.42
2770,3,8688.3
2770,4,8622.05
2770,5,8694.95
2770,6,8770.84
2770,7,8667.41
2770,8,8813.03
2770,9,8661.33
2770,10,8868.99
2770,11,8596.48
2770,12,8824.2
2770,13,8812.8
2770,14,8652.53
2770,15,8917.06
2770,16,8809.82
2770,17,8671.08
2770,18,8818.54
2770,19,8716.23
2770,20,8781.37
2770,21,8724.75
2770,22,8824.28
2770,23,8697.16
2770,24,8654.6
2770,25,8891.53
2770,26,8743.48
2770,27,8708.24
2770,28,8803.78
2770,29,8859.23
2770,30,8800.94
2770,31,8678.56
2770,32,9030.83
2770,33,8794.7
2770,34,8829.62
2770,35,8715.8
2770,36,8663.5
2770,37,8634.06
2770,38,8818.54
2770,39,8841.62
2770,40,8682.88
2770,41,8743.07
2770,42,8691.94
2770,43,8680.38
2770,44,8658.6
2770,45,8652.7
2770,46,8845.36
2770,47,8876.64
2770,48,8693.58
2770,49,8827.96
2770,50,8842.22
2770,51,8731.67
2770,52,8681.38
2770,53,8937.16
2770,54,8897.64
2770,55,8593.91
2770,56,8792.14
2770,57,8853.87
2770,58,8643.88
2770,59,8706.35
2770,60,8793.98
2770,61,8780.39
2770,62,8668.7
2770,63,8792.96
2770,64,8669.44
2770,65,8941.54
2770,66,8804.97
2770,67,8645.06
2770,68,8739.58
2770,69,8804.31
2770,70,8799.03
2770,71,8734.92
2770,72,8666.29
2770,73,8838.97
2770,74,8866.68
2770,75,8700.44
2770,76,8723.95
2770,77,8762.87
2770,78,8864.89
2770,79,9024.78
2770,80,8760.96
2770,81,8816.72
2770,82,8810.06
2770,83,8913.33
2770,84,8709.31
2770,85,8654.75
2770,86,8822.08
2770,87,8815.28
2770,88,8829.92
2770,89,8732.72
2770,90,8789.28
2770,91,8741.7
2770,92,8679.77
2770,93,8717.9
2770,94,8790.15
2770,95,8803.68
2770,96,8786.13
2770,97,8677.29
2770,98,8770.98
2770,99,8794.38
2780,0,8832.78
2780,1,8748.39
2780,2,8648.68
2780,3,8680.08
2780,4,8608.53
2780,5,8684.78
2780,6,8760.35
2780,7,8655.83
2780,8,8804.65
2780,9,8652.59
2780,10,8853.83
2780,11,8586.8
2780,12,8812.88
2780,13,8800.45
2780,14,8641.72
2780,15,8906.9
2780,16,8797.76
2780,17,8662.71
2780,18,8809.04
2780,19,8708.22
2780,20,8772.57
2780,21,8713.73
2780,22,8813
2780,23,8687.92
2780,24,8645.55
2780,25,8882.63
2780,26,8734.82
2780,27,8700.37
2780,28,8790.87
2780,29,8851.97
2780,30,8793.41
2780,31,8667.68
2780,32,9023.78
2780,33,8787.22
2780,34,8819.2
2780,35,8705.94
2780,36,8649.18
2780,37,8625.21
2780,38,8805.05
2780,39,8833.23
2780,40,8674.54
2780,41,8735.15
2780,42,8682.09
2780,43,8667.82
2780,44,8648.5
2780,45,8640.35
2780,46,8836.55
2780,47,8868.59
2780,48,8685.73
2780,49,8816.93
2780,50,8831.5
2780,51,8719.23
2780,52,8670.5
2780,53,8927.91
2780,54,8886.51
2780,55,8581.34
2780,56,8781.62
2780,57,8845.72
2780,58,8630.29
2780,59,8695.22
2780,60,8782.57
2780,61,8769.09
2780,62,8655.66
2780,63,8784.44
2780,64,8657.98
2780,65,8931.36
2780,66,8792.09
2780,67,8631.11
2780,68,8727.25
2780,69,8795.71
2780,70,8789.11
2780,71,8726.28
2780,72,8657.3
2780,73,8827.1
2780,74,8857.55
2780,75,8690.26
2780,76,8712.37
2780,77,8748.77
2780,78,8858.36
2780,79,9015.53
2780,80,8752.07
2780,81,8805.65
2780,82,8800.32
2780,83,8903.22
2780,84,8700.25
2780,85,8641.8
2780,86,8812.64
2780,87,8802.14
2780,88,8820.87
2780,89,8722.07
2780,90,8775.64
2780,91,8732.13
2780,92,8669.1
2780,93,8707.38
2780,94,8779.85
2780,95,8793.04
2780,96,8776.21
2780,97,8663.37
2780,98,8760.87
2780,99,8785.58
2790,0,8832.5
2790,1,8748.12
2790,2,8648.38
2790,3,8679.78
2790,4,8608.28
2790,5,8684.5
2790,6,8760.08
2790,7,8655.58
2790,8,8804.35
2790,9,8652.3
2790,10,8853.6
2790,11,8586.52
2790,12,8812.61
2790,13,8800.19
2790,14,8641.45
2790,15,8906.61
2790,16,8797.5
2790,17,8662.41
2790,18,8808.76
2790,19,8707.92
2790,20,8772.28
2790,21,8713.46
2790,22,8812.72
2790,23,8687.64
2790,24,8645.26
2790,25,8882.33
2790,26,8734.53
2790,27,8700.07
2790,28,8790.6
2790,29,8851.67
2790,30,8793.11
2790,31,8667.41
2790,32,9023.48
2790,33,8786.92
2790,34,8818.93
2790,35,8705.65
2790,36,8648.95
2790,37,8624.91
2790,38,8804.8
2790,39,8832.93
2790,40,8674.24
2790,41,8734.85
2790,42,8681.8
2790,43,8667.57
2790,44,8648.21
2790,45,8640.09
2790,46,8836.27
2790,47,8868.29
2790,48,8685.43
2790,49,8816.67
2790,50,8831.22
2790,51,8718.98
2790,52,8670.24
2790,53,8927.61
2790,54,8886.24
2790,55,8581.11
2790,56,8781.34
2790,57,8845.42
2790,58,8630.05
2790,59,8694.95
2790,60,8782.3
2790,61,8768.82
2790,62,8655.42
2790,63,8784.14
2790,64,8657.72
2790,65,8931.07
2790,66,8791.85
2790,67,8630.86
2790,68,8726.97
2790,69,8795.41
2790,70,8788.83
2790,71,8725.98
2790,72,8657
2790,73,8826.83
2790,74,8857.25
2790,75,8689.97
2790,76,8712.1
2790,77,8748.53
2790,78,8858.06
2790,79,9015.24
2790,80,8751.78
2790,81,8805.37
2790,82,8800.04
2790,83,8902.94
2790,84,8699.97
2790,85,8641.54
2790,86,8812.36
2790,87,8801.88
2790,88,8820.58
2790,89,8721.8
2790,90,8775.39
2790,91,8731.84
2790,92,8668.84
2790,93,8707.09
2790,94,8779.57
2790,95,8792.77
2790,96,8775.93
2790,97,8663.13
2790,98,8760.58
2790,99,8785.29
2800,0,8832.2
2800,1,8747.82
2800,2,8648.08
2800,3,8679.48
2800,4,8607.98
2800,5,8684.2
2800,6,8759.78
2800,7,8655.28
2800,8,8804.05
2800,9,8652
2800,10,8853.3
2800,11,8586.22
2800,12,8812.31
2800,13,8799.89
2800,14,8641.15
2800,15,8906.31
2800,16,8797.2
2800,17,8662.11
2800,18,8808.46
2800,19,8707.62
2800,20,8771.98
2800,21,8713.16
2800,22,8812.42
2800,23,8687.34
2800,24,8644.96
2800,25,8882.03
2800,26,8734.23
2800,27,8699.77
2800,28,8790.3
2800,29,8851.37
2800,30,8792.81
2800,31,8667.11
2800,32,9023.18
2800,33,8786.62
2800,34,8818.63
2800,35,8705.35
2800,36,8648.65
2800,37,8624.61
2800,38,8804.5
2800,39,8832.63
2800,40,8673.94
2800,41,8734.55
2800,42,8681.5
2800,43,8667.27
2800,44,8647.91
2800,45,8639.79
2800,46,8835.97
2800,47,8867.99
2800,48,8685.13
2800,49,8816.37
2800,50,8830.92
2800,51,8718.68
2800,52,8669.94
2800,53,8927.31
2800,54,8885.94
2800,55,8580.81
2800,56,8781.04
2800,57,8845.12
2800,58,8629.75
2800,59,8694.65
2800,60,8782
2800,61,8768.52
2800,62,8655.12
2800,63,8783.84
2800,64,8657.42
2800,65,8930.77
2800,66,8791.55
2800,67,8630.56
2800,68,8726.67
2800,69,8795.11
2800,70,8788.53
2800,71,8725.68
2800,72,8656.7
2800,73,8826.53
2800,74,8856.95
2800,75,8689.67
2800,76,8711.8
2800,77,8748.23
2800,78,8857.76
2800,79,9014.94
2800,80,8751.48
2800,81,8805.07
2800,82,8799.74
2800,83,8902.64
2800,84,8699.67
2800,85,8641.24
2800,86,8812.06
2800,87,8801.58
2800,88,8820.28
2800,89,8721.5
2800,90,8775.09
2800,91,8731.54
2800,92,8668.54
2800,93,8706.79
2800,94,8779.27
2800,95,8792.47
2800,96,8775.63
2800,97,8662.83
2800,98,8760.28
2800,99,8784.99
2810,0,8820.58
2810,1,8739.76
2810,2,8637.22
2810,3,8669.02
2810,4,8594.49
2810,5,8674.05
2810,6,8751.92
2810,7,8643.87
2810,8,8795.43
2810,9,8643.21
2810,10,8841.36
2810,11,8576.47
2810,12,8802.33
2810,13,8787.37
2810,14,8630.22
2810,15,8896.56
2810,16,8786.09
2810,17,8649.7
2810,18,8797.06
2810,19,8698.15
2810,20,8763.65
2810,21,8702.23
2810,22,8801.25
2810,23,8680.43
2810,24,8634.33
2810,25,8870.84
2810,26,8722.76
2810,27,8691.8
2810,28,8776.11
2810,29,8844
2810,30,8785.29
2810,31,8652.42
2810,32,9014.02
2810,33,8774.85
2810,34,8808.81
2810,35,8697.48
2810,36,8636.29
2810,37,8613.36
2810,38,8791.05
2810,39,8825.98
2810,40,8663.78
2810,41,8727.38
2810,42,8672.53
2810,43,8654.48
2810,44,8637.75
2810,45,8628.93
2810,46,8824.85
2810,47,8859.91
2810,48,8677.3
2810,49,8805.2
2810,50,8821.29
2810,51,8707.14
2810,52,8660.13
2810,53,8917.2
2810,54,8876.76
2810,55,8568.49
2810,56,8771.45
2810,57,8837.03
2810,58,8615.39
2810,59,8684.54
2810,60,8771.29
2810,61,8757.36
2810,62,8641.92
2810,63,8775.33
2810,64,8646.21
2810,65,8921.39
2810,66,8778.85
2810,67,8617.07
2810,68,8713.27
2810,69,8786.43
2810,70,8778.4
2810,71,8713.3
2810,72,8646.58
2810,73,8815.97
2810,74,8848.12
2810,75,8679.54
2810,76,8700.82
2810,77,8734.03
2810,78,8851.27
2810,79,9006.85
2810,80,8742.53
2810,81,8792.69
2810,82,8790.17
2810,83,8893.6
2810,84,8690.99
2810,85,8626.25
2810,86,8802.75
2810,87,8788.54
2810,88,8812.34
2810,89,8714.2
2810,90,8764.73
2810,91,8721.95
2810,92,8659.13
2810,93,8696.32
2810,94,8768.89
2810,95,8781.82
2810,96,8767.07
2810,97,8650.7
2810,98,8750.44
2810,99,8774.56
2820,0,8820.32
2820,1,8739.47
2820,2,8636.95
2820,3,8668.76
2820,4,8594.25
2820,5,8673.78
2820,6,8751.62
2820,7,8643.63
2820,8,8795.15
2820,9,8642.93
2820,10,8841.12
2820,11,8576.2
2820,12,8802.06
2820,13,8787.13
2820,14,8629.97
2820,15,8896.29
2820,16,8785.84
2820,17,8649.46
2820,18,8796.79
2820,19,8697.88
2820,20,8763.36
2820,21,8701.97
2820,22,8800.99
2820,23,8680.13
2820,24,8634.07
2820,25,8870.58
2820,26,8722.49
2820,27,8691.52
2820,28,8775.86
2820,29,8843.7
2820,30,8785
2820,31,8652.19
2820,32,9013.74
2820,33,8774.62
2820,34,8808.55
2820,35,8697.19
2820,36,8636.05
2820,37,8613.1
2820,38,8790.82
2820,39,8825.68
2820,40,8663.5
2820,41,8727.08
2820,42,8672.25
2820,43,8654.25
2820,44,8637.48
2820,45,8628.67
2820,46,8824.56
2820,47,8859.62
2820,48,8677
2820,49,8804.96
2820,50,8821.01
2820,51,8706.9
2820,52,8659.86
2820,53,8916.93
2820,54,8876.48
2820,55,8568.26
2820,56,8771.17
2820,57,8836.74
2820,58,8615.17
2820,59,8684.28
2820,60,8771.04
2820,61,8757.11
2820,62,8641.69
2820,63,8775.04
2820,64,8645.96
2820,65,8921.11
2820,66,8778.62
2820,67,8616.84
2820,68,8713.01
2820,69,8786.14
2820,70,8778.14
2820,71,8713.05
2820,72,8646.31
2820,73,8815.7
2820,74,8847.84
2820,75,8679.26
2820,76,8700.57
2820,77,8733.82
2820,78,8850.97
2820,79,9006.56
2820,80,8742.26
2820,81,8792.44
2820,82,8789.9
2820,83,8893.32
2820,84,8690.72
2820,85,8626.03
2820,86,8802.48
2820,87,8788.3
2820,88,8812.05
2820,89,8713.9
2820,90,8764.47
2820,91,8721.67
2820,92,8658.86
2820,93,8696.05
2820,94,8768.63
2820,95,8781.56
2820,96,8766.79
2820,97,8650.45
2820,98,8750.16
2820,99,8774.3
2830,0,8820.02
2830,1,8739.17
2830,2,8636.65
2830,3,8668.46
2830,4,8593.95
2830,5,8673.48
2830,6,8751.32
2830,7,8643.33
2830,8,8794.85
2830,9,8642.63
2830,10,8840.82
2830,11,8575.9
2830,12,8801.76
2830,13,8786.83
2830,14,8629.67
2830,15,8895.99
2830,16,8785.54
2830,17,8649.16
2830,18,8796.49
2830,19,8697.58
2830,20,8763.06
2830,21,8701.67
2830,22,8800.69
2830,23,8679.83
2830,24,8633.77
2830,25,8870.28
2830,26,8722.19
2830,27,8691.22
2830,28,8775.56
2830,29,8843.4
2830,30,8784.7
2830,31,8651.89
2830,32,9013.44
2830,33,8774.32
2830,34,8808.25
2830,35,8696.89
2830,36,8635.75
2830,37,8612.8
2830,38,8790.52
2830,39,8825.38
2830,40,8663.2
2830,41,8726.78
2830,42,8671.95
2830,43,8653.95
2830,44,8637.18
2830,45,8628.37
2830,46,8824.26
2830,47,8859.32
2830,48,8676.7
2830,49,8804.66
2830,50,8820.71
2830,51,8706.6
2830,52,8659.56
2830,53,8916.63
2830,54,8876.18
2830,55,8567.96
2830,56,8770.87
2830,57,8836.44
2830,58,8614.87
2830,59,8683.98
2830,60,8770.74
2830,61,8756.81
2830,62,8641.39
2830,63,8774.74
2830,64,8645.66
2830,65,8920.81
2830,66,8778.32
2830,67,8616.54
2830,68,8712.71
2830,69,8785.84
2830,70,8777.84
2830,71,8712.75
2830,72,8646.01
2830,73,8815.4
2830,74,8847.54
2830,75,8678.96
2830,76,8700.27
2830,77,8733.52
2830,78,8850.67
2830,79,9006.26
2830,80,8741.96
2830,81,8792.14
2830,82,8789.6
2830,83,8893.02
2830,84,8690.42
2830,85,8625.73
2830,86,8802.18
2830,87,8788
2830,88,8811.75
2830,89,8713.6
2830,90,8764.17
2830,91,8721.37
2830,92,8658.56
2830,93,8695.75
2830,94,8768.33
2830,95,8781.26
2830,96,8766.49
2830,97,8650.15
2830,98,8749.86
2830,99,8774
2840,0,8808.86
2840,1,8728.1
2840,2,8627.93
2840,3,8659.83
2840,4,8582.29
2840,5,8663.5
2840,6,8743.44
2840,7,8636.01
2840,8,8785.67
2840,9,8630.4
2840,10,8828.98
2840,11,8566.1
2840,12,8792.66
2840,13,8774.13
2840,14,8618.63
2840,15,8885.31
2840,16,8778.17
2840,17,8637.17
2840,18,8786.44
2840,19,8689.51
2840,20,8752.57
2840,21,8689.25
2840,22,8792.76
2840,23,8669.83
2840,24,8626.67
2840,25,8861.51
2840,26,8710.63
2840,27,8683.15
2840,28,8764.93
2840,29,8836.53
2840,30,8776.84
2840,31,8639.1
2840,32,9005.35
2840,33,8761.58
2840,34,8800.13
2840,35,8688.08
2840,36,8624.05
2840,37,8600.96
2840,38,8778.27
2840,39,8818.8
2840,40,8653.16
2840,41,8719.73
2840,42,8663.05
2840,43,8645.85
2840,44,8628.22
2840,45,8620.35
2840,46,8813.23
2840,47,8852.25
2840,48,8668.04
2840,49,8795.35
2840,50,8810.96
2840,51,8694.94
2840,52,8648.59
2840,53,8907.28
2840,54,8865.55
2840,55,8560.67
2840,56,8761.23
2840,57,8827.77
2840,58,8600.75
2840,59,8674.25
2840,60,8759.97
2840,61,8745.8
2840,62,8630.7
2840,63,8762.42
2840,64,8636.22
2840,65,8911.48
2840,66,8765.44
2840,67,8604.39
2840,68,8700.89
2840,69,8777.18
2840,70,8766.97
2840,71,8700.2
2840,72,8635.2
2840,73,8804.87
2840,74,8839.84
2840,75,8668.94
2840,76,8689.22
2840,77,8725.75
2840,78,8844.05
2840,79,8997.42
2840,80,8732.94
2840,81,8782.21
2840,82,8778.14
2840,83,8884.53
2840,84,8681.65
2840,85,8616.86
2840,86,8793.59
2840,87,8777.37
2840,88,8802.89
2840,89,8705.93
2840,90,8755.83
2840,91,8711.76
2840,92,8649.07
2840,93,8684.18
2840,94,8760.54
2840,95,8770.73
2840,96,8758.14
2840,97,8638.98
2840,98,8741.54
2840,99,8763.2
2850,0,8808.62
2850,1,8727.86
2850,2,8627.66
2850,3,8659.56
2850,4,8582.04
2850,5,8659.09
2850,6,8743.16
2850,7,8635.74
2850,8,8785.4
2850,9,8630.18
2850,10,8828.75
2850,11,8565.84
2850,12,8792.4
2850,13,8773.91
2850,14,8614.55
2850,15,8885.06
2850,16,8777.89
2850,17,8636.94
2850,18,8786.17
2850,19,8689.24
2850,20,8752.33
2850,21,8689.03
2850,22,8792.48
2850,23,8669.57
2850,24,8621.57
2850,25,8861.23
2850,26,8710.38
2850,27,8682.88
2850,28,8764.66
2850,29,8836.24
2850,30,8776.57
2850,31,8638.87
2850,32,9005.08
2850,33,8761.36
2850,34,8799.87
2850,35,8687.81
2850,36,8623.82
2850,37,8600.72
2850,38,8778.03
2850,39,8818.51
2850,40,8652.9
2850,41,8719.44
2850,42,8662.79
2850,43,8645.59
2850,44,8627.96
2850,45,8620.08
2850,46,8812.95
2850,47,8851.97
2850,48,8667.77
2850,49,8795.1
2850,50,8810.69
2850,51,8694.72
2850,52,8648.35
2850,53,8907.01
2850,54,8865.31
2850,55,8554.95
2850,56,8760.97
2850,57,8827.5
2850,58,8600.54
2850,59,8674
2850,60,8759.73
2850,61,8745.56
2850,62,8630.45
2850,63,8762.19
2850,64,8635.97
2850,65,8911.21
2850,66,8765.23
2850,67,8604.15
2850,68,8700.63
2850,69,8776.9
2850,70,8766.72
2850,71,8699.97
2850,72,8634.96
2850,73,8804.61
2850,74,8839.56
2850,75,8668.68
2850,76,8688.98
2850,77,8718.52
2850,78,8843.77
2850,79,8997.15
2850,80,8732.67
2850,81,8781.95
2850,82,8777.91
2850,83,8884.26
2850,84,8681.39
2850,85,8610.91
2850,86,8793.33
2850,87,8777.12
2850,88,8802.62
2850,89,8705.66
2850,90,8750.59
2850,91,8711.5
2850,92,8648.82
2850,93,8683.93
2850,94,8760.26
2850,95,8770.47
2850,96,8757.87
2850,97,8638.73
2850,98,8741.26
2850,99,8762.96
2860,0,8808.32
2860,1,8727.56
2860,2,8627.36
2860,3,8659.26
2860,4,8581.74
2860,5,8658.79
2860,6,8742.86
2860,7,8635.44
2860,8,8785.1
2860,9,8629.88
2860,10,8828.45
2860,11,8565.54
2860,12,8792.1
2860,13,8773.61
2860,14,8614.25
2860,15,8884.76
2860,16,8777.59
2860,17,8636.64
2860,18,8785.87
2860,19,8688.94
2860,20,8752.03
2860,21,8688.73
2860,22,8792.18
2860,23,8669.27
2860,24,8621.27
2860,25,8860.93
2860,26,8710.08
2860,27,8682.58
2860,28,8764.36
2860,29,8835.94
2860,30,8776.27
2860,31,8638.57
2860,32,9004.78
2860,33,8761.06
2860,34,8799.57
2860,35,8687.51
2860,36,8623.52
2860,37,8600.42
2860,38,8777.73
2860,39,8818.21
2860,40,8652.6
2860,41,8719.14
2860,42,8662.49
2860,43,8645.29
2860,44,8627.66
2860,45,8619.78
2860,46,8812.65
2860,47,8851.67
2860,48,8667.47
2860,49,8794.8
2860,50,8810.39
2860,51,8694.42
2860,52,8648.05
2860,53,8906.71
2860,54,8865.01
2860,55,8554.65
2860,56,8760.67
2860,57,8827.2
2860,58,8600.24
2860,59,8673.7
2860,60,8759.43
2860,61,8745.26
2860,62,8630.15
2860,63,8761.89
2860,64,8635.67
2860,65,8910.91
2860,66,8764.93
2860,67,8603.85
2860,68,8700.33
2860,69,8776.6
2860,70,8766.42
2860,71,8699.67
2860,72,8634.66
2860,73,8804.31
2860,74,8839.26
2860,75,8668.38
2860,76,8688.68
2860,77,8718.22
2860,78,8843.47
2860,79,8996.85
2860,80,8732.37
2860,81,8781.65
2860,82,8777.61
2860,83,8883.96
2860,84,8681.09
2860,85,8610.61
2860,86,8793.03
2860,87,8776.82
2860,88,8802.32
2860,89,8705.36
2860,90,8750.29
2860,91,8711.2
2860,92,8648.52
2860,93,8683.63
2860,94,8759.96
2860,95,8770.17
2860,96,8757.57
2860,97,8638.43
2860,98,8740.96
2860,99,8762.66
2870,0,8798.46
2870,1,8719.77
2870,2,8618.64
2870,3,8650.4
2870,4,8570.04
2870,5,8648.9
2870,6,8735.23
2870,7,8628.23
2870,8,8773.74
2870,9,8624.14
2870,10,8821.08
2870,11,8555.69
2870,12,8782.4
2870,13,8766.62
2870,14,8603.09
2870,15,8878.37
2870,16,8770.14
2870,17,8626.4
2870,18,8775.92
2870,19,8680.67
2870,20,8741.5
2870,21,8683.02
2870,22,8782.84
2870,23,8659.41
2870,24,8614.14
2870,25,8850.95
2870,26,8700.2
2870,27,8672.55
2870,28,8753.39
2870,29,8829
2870,30,8768.83
2870,31,8628.73
2870,32,8996.72
2870,33,8754.52
2870,34,8790.2
2870,35,8678.84
2870,36,8611.31
2870,37,8590.46
2870,38,8769.28
2870,39,8810.92
2870,40,8642.72
2870,41,8711.5
2870,42,8653.35
2870,43,8637.19
2870,44,8618.14
2870,45,8611.55
2870,46,8801.69
2870,47,8844.7
2870,48,8658.71
2870,49,8785.5
2870,50,8799.77
2870,51,8688.03
2870,52,8637.05
2870,53,8897.26
2870,54,8855.7
2870,55,8544.13
2870,56,8750.79
2870,57,8818.47
2870,58,8588.46
2870,59,8662.49
2870,60,8747.18
2870,61,8737.06
2870,62,8623.62
2870,63,8754.5
2870,64,8628.55
2870,65,8901.58
2870,66,8758.31
2870,67,8591.87
2870,68,8688.72
2870,69,8768.02
2870,70,8758.65
2870,71,8689.3
2870,72,8627.63
2870,73,8793.92
2870,74,8831.5
2870,75,8658.64
2870,76,8677.49
2870,77,8705.86
2870,78,8835.63
2870,79,8987.98
2870,80,8723.3
2870,81,8771.28
2870,82,8766.4
2870,83,8875.38
2870,84,8672.5
2870,85,8602.31
2870,86,8783.79
2870,87,8768.81
2870,88,8794.65
2870,89,8698.23
2870,90,8742.36
2870,91,8701.43
2870,92,8640.45
2870,93,8672.97
2870,94,8751.28
2870,95,8758.05
2870,96,8748
2870,97,8630.94
2870,98,8731
2870,99,8752.02
2880,0,8798.22
2880,1,8715.8
2880,2,8618.37
2880,3,8650.15
2880,4,8569.81
2880,5,8642.83
2880,6,8734.96
2880,7,8627.97
2880,8,8773.51
2880,9,8618.19
2880,10,8816.46
2880,11,8555.45
2880,12,8782.16
2880,13,8760.4
2880,14,8599.69
2880,15,8874.97
2880,16,8769.87
2880,17,8626.17
2880,18,8775.66
2880,19,8680.42
2880,20,8741.26
2880,21,8677.07
2880,22,8782.58
2880,23,8659.17
2880,24,8609.05
2880,25,8850.71
2880,26,8699.96
2880,27,8672.31
2880,28,8753.14
2880,29,8828.72
2880,30,8768.56
2880,31,8622.78
2880,32,8996.46
2880,33,8748.08
2880,34,8789.95
2880,35,8676.14
2880,36,8611.1
2880,37,8590.21
2880,38,8763.55
2880,39,8810.65
2880,40,8642.48
2880,41,8711.23
2880,42,8653.09
2880,43,8636.95
2880,44,8617.89
2880,45,8611.29
2880,46,8801.42
2880,47,8844.44
2880,48,8658.45
2880,49,8783.44
2880,50,8799.53
2880,51,8681.85
2880,52,8635.06
2880,53,8897.01
2880,54,8855.45
2880,55,8543.91
2880,56,8750.55
2880,57,8818.21
2880,58,8588.24
2880,59,8662.27
2880,60,8746.96
2880,61,8730.07
2880,62,8619.23
2880,63,8749.87
2880,64,8623.99
2880,65,8901.32
2880,66,8753.43
2880,67,8591.65
2880,68,8688.47
2880,69,8767.76
2880,70,8753.63
2880,71,8689.05
2880,72,8623.74
2880,73,8793.69
2880,74,8831.23
2880,75,8658.39
2880,76,8677.27
2880,77,8705.64
2880,78,8835.38
2880,79,8987.74
2880,80,8723.05
2880,81,8768.78
2880,82,8765.45
2880,83,8875.13
2880,84,8672.25
2880,85,8596.38
2880,86,8783.55
2880,87,8762.83
2880,88,8794.39
2880,89,8697.96
2880,90,8737.19
2880,91,8701.19
2880,92,8634.8
2880,93,8672.73
2880,94,8751.03
2880,95,8757.83
2880,96,8747.76
2880,97,8626.39
2880,98,8730.76
2880,99,8751.79
2890,0,8797.92
2890,1,8715.5
2890,2,8618.07
2890,3,8649.85
2890,4,8569.51
2890,5,8642.53
2890,6,8734.66
2890,7,8627.67
2890,8,8773.21
2890,9,8617.89
2890,10,8816.16
2890,11,8555.15
2890,12,8781.86
2890,13,8760.1
2890,14,8599.39
2890,15,8874.67
2890,16,8769.57
2890,17,8625.87
2890,18,8775.36
2890,19,8680.12
2890,20,8740.96
2890,21,8676.77
2890,22,8782.28
2890,23,8658.87
2890,24,8608.75
2890,25,8850.41
2890,26,8699.66
2890,27,8672.01
2890,28,8752.84
2890,29,8828.42
2890,30,8768.26
2890,31,8622.48
2890,32,8996.16
2890,33,8747.78
2890,34,8789.65
2890,35,8675.84
2890,36,8610.8
2890,37,8589.91
2890,38,8763.25
2890,39,8810.35
2890,40,8642.18
2890,41,8710.93
2890,42,8652.79
2890,43,8636.65
2890,44,8617.59
2890,45,8610.99
2890,46,8801.12
2890,47,8844.14
2890,48,8658.15
2890,49,8783.14
2890,50,8799.23
2890,51,8681.55
2890,52,8634.76
2890,53,8896.71
2890,54,8855.15
2890,55,8543.61
2890,56,8750.25
2890,57,8817.91
2890,58,8587.94
2890,59,8661.97
2890,60,8746.66
2890,61,8729.77
2890,62,8618.93
2890,63,8749.57
2890,64,8623.69
2890,65,8901.02
2890,66,8753.13
2890,67,8591.35
2890,68,8688.17
2890,69,8767.46
2890,70,8753.33
2890,71,8688.75
2890,72,8623.44
2890,73,8793.39
2890,74,8830.93
2890,75,8658.09
2890,76,8676.97
2890,77,8705.34
2890,78,8835.08
2890,79,8987.44
2890,80,8722.75
2890,81,8768.48
2890,82,8765.15
2890,83,8874.83
2890,84,8671.95
2890,85,8596.08
2890,86,8783.25
2890,87,8762.53
2890,88,8794.09
2890,89,8697.66
2890,90,8736.89
2890,91,8700.89
2890,92,8634.5
2890,93,8672.43
2890,94,8750.73
2890,95,8757.53
2890,96,8747.46
2890,97,8626.09
2890,98,8730.46
2890,99,8751.49
2900,0,8788.11
2900,1,8707.93
2900,2,8609.39
2900,3,8642.89
2900,4,8557.79
2900,5,8632.75
2900,6,8726.52
2900,7,8620.63
2900,8,8761.87
2900,9,8612.27
2900,10,8808.84
2900,11,8545.26
2900,12,8773.26
2900,13,8752.9
2900,14,8588.23
2900,15,8868.33
2900,16,8762.04
2900,17,8615.56
2900,18,8767.75
2900,19,8672.75
2900,20,8732.51
2900,21,8671.24
2900,22,8774.92
2900,23,8651.26
2900,24,8601.63
2900,25,8841.91
2900,26,8692.08
2900,27,8663.64
2900,28,8740.14
2900,29,8821.38
2900,30,8760.89
2900,31,8613.67
2900,32,8988.22
2900,33,8741.34
2900,34,8780.24
2900,35,8668.14
2900,36,8598.68
2900,37,8579.81
2900,38,8754.81
2900,39,8803.53
2900,40,8634.56
2900,41,8703.16
2900,42,8644.63
2900,43,8628.64
2900,44,8610.77
2900,45,8603.97
2900,46,8793.87
2900,47,8836.79
2900,48,8649.28
2900,49,8776.04
2900,50,8788.26
2900,51,8675.06
2900,52,8626.12
2900,53,8884.37
2900,54,8845.44
2900,55,8533.15
2900,56,8740.46
2900,57,8811.71
2900,58,8576.01
2900,59,8652.17
2900,60,8739.62
2900,61,8721.73
2900,62,8612.34
2900,63,8742.13
2900,64,8616.67
2900,65,8894.17
2900,66,8747.51
2900,67,8582.9
2900,68,8677.3
2900,69,8759.2
2900,70,8742.21
2900,71,8678.46
2900,72,8616.51
2900,73,8785.4
2900,74,8823.27
2900,75,8648.44
2900,76,8671.22
2900,77,8697.5
2900,78,8825.97
2900,79,8979.26
2900,80,8713.64
2900,81,8760.88
2900,82,8758.8
2900,83,8865.82
2900,84,8663.43
2900,85,8587.64
2900,86,8773.88
2900,87,8754.4
2900,88,8786.56
2900,89,8690.7
2900,90,8729.1
2900,91,8694.12
2900,92,8628.09
2900,93,8661.75
2900,94,8742.2
2900,95,8749.43
2900,96,8738.37
2900,97,8618.68
2900,98,8723.55
2900,99,8741.03
2910,0,8787.87
2910,1,8705.85
2910,2,8604.56
2910,3,8639.02
2910,4,8557.58
2910,5,8627.13
2910,6,8726.27
2910,7,8616.07
2910,8,8761.65
2910,9,8606.43
2910,10,8804.11
2910,11,8544.82
2910,12,8773.02
2910,13,8745.5
2910,14,8588.02
2910,15,8863.61
2910,16,8757.63
2910,17,8615.34
2910,18,8762.6
2910,19,8672.5
2910,20,8732.27
2910,21,8664.16
2910,22,8773.01
2910,23,8646.71
2910,24,8594.83
2910,25,8840.25
2910,26,8688.73
2910,27,8663.4
2910,28,8739.92
2910,29,8818.33
2910,30,8756.68
2910,31,8606.39
2910,32,8987.4
2910,33,8734.82
2910,34,8780.02
2910,35,8665.43
2910,36,8598.48
2910,37,8579.58
2910,38,8749.06
2910,39,8800.44
2910,40,8631
2910,41,8699.48
2910,42,8644.38
2910,43,8623.97
2910,44,8607.8
2910,45,8600.06
2910,46,8790.51
2910,47,8832.37
2910,48,8644.74
2910,49,8771.91
2910,50,8787.83
2910,51,8671.57
2910,52,8621.71
2910,53,8880.34
2910,54,8845.21
2910,55,8532.94
2910,56,8739.95
2910,57,8806.38
2910,58,8574.8
2910,59,8651.94
2910,60,8733.92
2910,61,8714.75
2910,62,8607.12
2910,63,8738.73
2910,64,8612.16
2910,65,8890.71
2910,66,8741.46
2910,67,8578.16
2910,68,8677.07
2910,69,8758.94
2910,70,8741.99
2910,71,8678.23
2910,72,8609.19
2910,73,8783.67
2910,74,8821.61
2910,75,8648.21
2910,76,8668.12
2910,77,8693.75
2910,78,8822.06
2910,79,8976.9
2910,80,8710.64
2910,81,8757.64
2910,82,8752.44
2910,83,8865.58
2910,84,8663.19
2910,85,8581.23
2910,86,8773.65
2910,87,8748.38
2910,88,8782.15
2910,89,8688.34
2910,90,8724.01
2910,91,8688.33
2910,92,8624.37
2910,93,8661.52
2910,94,8741.96
2910,95,8746
2910,96,8738.13
2910,97,8613.83
2910,98,8717.9
2910,99,8740.82
2920,0,8787.57
2920,1,8705.55
2920,2,8604.26
2920,3,8638.72
2920,4,8557.28
2920,5,8626.83
2920,6,8725.97
2920,7,8615.77
2920,8,8761.35
2920,9,8606.13
2920,10,8803.81
2920,11,8544.52
2920,12,8772.72
2920,13,8745.2
2920,14,8587.72
2920,15,8863.31
2920,16,8757.33
2920,17,8615.04
2920,18,8762.3
2920,19,8672.2
2920,20,8731.97
2920,21,8663.86
2920,22,8772.71
2920,23,8646.41
2920,24,8594.53
2920,25,8839.95
2920,26,8688.43
2920,27,8663.1
2920,28,8739.62
2920,29,8818.03
2920,30,8756.38
2920,31,8606.09
2920,32,8987.1
2920,33,8734.52
2920,34,8779.72
2920,35,8665.13
2920,36,8598.18
2920,37,8579.28
2920,38,8748.76
2920,39,8800.14
2920,40,8630.7
2920,41,8699.18
2920,42,8644.08
2920,43,8623.67
2920,44,8607.5
2920,45,8599.76
2920,46,8790.21
2920,47,8832.07
2920,48,8644.44
2920,49,8771.61
2920,50,8787.53
2920,51,8671.27
2920,52,8621.41
2920,53,8880.04
2920,54,8844.91
2920,55,8532.64
2920,56,8739.65
2920,57,8806.08
2920,58,8574.5
2920,59,8651.64
2920,60,8733.62
2920,61,8714.45
2920,62,8606.82
2920,63,8738.43
2920,64,8611.86
2920,65,8890.41
2920,66,8741.16
2920,67,8577.86
2920,68,8676.77
2920,69,8758.64
2920,70,8741.69
2920,71,8677.93
2920,72,8608.89
2920,73,8783.37
2920,74,8821.31
2920,75,8647.91
2920,76,8667.82
2920,77,8693.45
2920,78,8821.76
2920,79,8976.6
2920,80,8710.34
2920,81,8757.34
2920,82,8752.14
2920,83,8865.28
2920,84,8662.89
2920,85,8580.93
2920,86,8773.35
2920,87,8748.08
2920,88,8781.85
2920,89,8688.04
2920,90,8723.71
2920,91,8688.03
2920,92,8624.07
2920,93,8661.22
2920,94,8741.66
2920,95,8745.7
2920,96,8737.83
2920,97,8613.53
2920,98,8717.6
2920,99,8740.52
2930,0,8787.27
2930,1,8705.25
2930,2,8603.96
2930,3,8638.42
2930,4,8556.98
2930,5,8626.53
2930,6,8725.67
2930,7,8615.47
2930,8,8761.05
2930,9,8605.83
2930,10,8803.51
2930,11,8544.22
2930,12,8772.42
2930,13,8744.9
2930,14,8587.42
2930,15,8863.01
2930,16,8757.03
2930,17,8614.74
2930,18,8762
2930,19,8671.9
2930,20,8731.67
2930,21,8663.56
2930,22,8772.41
2930,23,8646.11
2930,24,8594.23
2930,25,8839.65
2930,26,8688.13
2930,27,8662.8
2930,28,8739.32
2930,29,8817.73
2930,30,8756.08
2930,31,8605.79
2930,32,8986.8
2930,33,8734.22
2930,34,8779.42
2930,35,8664.83
2930,36,8597.88
2930,37,8578.98
2930,38,8748.46
2930,39,8799.84
2930,40,8630.4
2930,41,8698.88
2930,42,8643.78
2930,43,8623.37
2930,44,8607.2
2930,45,8599.46
2930,46,8789.91
2930,47,8831.77
2930,48,8644.14
2930,49,8771.31
2930,50,8787.23
2930,51,8670.97
2930,52,8621.11
2930,53,8879.74
2930,54,8844.61
2930,55,8532.34
2930,56,8739.35
2930,57,8805.78
2930,58,8574.2
2930,59,8651.34
2930,60,8733.32
2930,61,8714.15
2930,62,8606.52
2930,63,8738.13
2930,64,8611.56
2930,65,8890.11
2930,66,8740.86
2930,67,8577.56
2930,68,8676.47
2930,69,8758.34
2930,70,8741.39
2930,71,8677.63
2930,72,8608.59
2930,73,8783.07
2930,74,8821.01
2930,75,8647.61
2930,76,8667.52
2930,77,8693.15
2930,78,8821.46
2930,79,8976.3
2930,80,8710.04
2930,81,8757.04
2930,82,8751.84
2930,83,8864.98
2930,84,8662.59
2930,85,8580.63
2930,86,8773.05
2930,87,8747.78
2930,88,8781.55
2930,89,8687.74
2930,90,8723.41
2930,91,8687.73
2930,92,8623.77
2930,93,8660.92
2930,94,8741.36
2930,95,8745.4
2930,96,8737.53
2930,97,8613.23
2930,98,8717.3
2930,99,8740.22
2940,0,8786.97
2940,1,8704.95
2940,2,8603.66
2940,3,8638.12
2940,4,8556.68
2940,5,8626.23
2940,6,8725.37
2940,7,8615.17
2940,8,8760.75
2940,9,8605.53
2940,10,8803.21
2940,11,8543.92
2940,12,8772.12
2940,13,8744.6
2940,14,8587.12
2940,15,8862.71
2940,16,8756.73
2940,17,8614.44
2940,18,8761.7
2940,19,8671.6
2940,20,8731.37
2940,21,8663.26
2940,22,8772.11
2940,23,8645.81
2940,24,8593.93
2940,25,8839.35
2940,26,8687.83
2940,27,8662.5
2940,28,8739.02
2940,29,8817.43
2940,30,8755.78
2940,31,8605.49
2940,32,8986.5
2940,33,8733.92
2940,34,8779.12
2940,35,8664.53
2940,36,8597.58
2940,37,8578.68
2940,38,8748.16
2940,39,8799.54
2940,40,8630.1
2940,41,8698.58
2940,42,8643.48
2940,43,8623.07
2940,44,8606.9
2940,45,8599.16
2940,46,8789.61
2940,47,8831.47
2940,48,8643.84
2940,49,8771.01
2940,50,8786.93
2940,51,8670.67
2940,52,8620.81
2940,53,8879.44
2940,54,8844.31
2940,55,8532.04
2940,56,8739.05
2940,57,8805.48
2940,58,8573.9
2940,59,8651.04
2940,60,8733.02
2940,61,8713.85
2940,62,8606.22
2940,63,8737.83
2940,64,8611.26
2940,65,8889.81
2940,66,8740.56
2940,67,8577.26
2940,68,8676.17
2940,69,8758.04
2940,70,8741.09
2940,71,8677.33
2940,72,8608.29
2940,73,8782.77
2940,74,8820.71
2940,75,8647.31
2940,76,8667.22
2940,77,8692.85
2940,78,8821.16
2940,79,8976
2940,80,8709.74
2940,81,8756.74
2940,82,8751.54
2940,83,8864.68
2940,84,8662.29
2940,85,8580.33
2940,86,8772.75
2940,87,8747.48
2940,88,8781.25
2940,89,8687.44
2940,90,8723.11
2940,91,8687.43
2940,92,8623.47
2940,93,8660.62
2940,94,8741.06
2940,95,8745.1
2940,96,8737.23
2940,97,8612.93
2940,98,8717
2940,99,8739.92
2950,0,8786.67
2950,1,8704.65
2950,2,8603.36
2950,3,8637.82
2950,4,8556.38
2950,5,8625.93
2950,6,8725.07
2950,7,8614.87
2950,8,8760.45
2950,9,8605.23
2950,10,8802.91
2950,11,8543.62
2950,12,8771.82
2950,13,8744.3
2950,14,8586.82
2950,15,8862.41
2950,16,8756.43
2950,17,8614.14
2950,18,8761.4
2950,19,8671.3
2950,20,8731.07
2950,21,8662.96
2950,22,8771.81
2950,23,8645.51
2950,24,8593.63
2950,25,8839.05
2950,26,8687.53
2950,27,8662.2
2950,28,8738.72
2950,29,8817.13
2950,30,8755.48
2950,31,8605.19
2950,32,8986.2
2950,33,8733.62
2950,34,8778.82
2950,35,8664.23
2950,36,8597.28
2950,37,8578.38
2950,38,8747.86
2950,39,8799.24
2950,40,8629.8
2950,41,8698.28
2950,42,8643.18
2950,43,8622.77
2950,44,8606.6
2950,45,8598.86
2950,46,8789.31
2950,47,8831.17
2950,48,8643.54
2950,49,8770.71
2950,50,8786.63
2950,51,8670.37
2950,52,8620.51
2950,53,8879.14
2950,54,8844.01
2950,55,8531.74
2950,56,8738.75
2950,57,8805.18
2950,58,8573.6
2950,59,8650.74
2950,60,8732.72
2950,61,8713.55
2950,62,8605.92
2950,63,8737.53
2950,64,8610.96
2950,65,8889.51
2950,66,8740.26
2950,67,8576.96
2950,68,8675.87
2950,69,8757.74
2950,70,8740.79
2950,71,8677.03
2950,72,8607.99
2950,73,8782.47
2950,74,8820.41
2950,75,8647.01
2950,76,8666.92
2950,77,8692.55
2950,78,8820.86
2950,79,8975.7
2950,80,8709.44
2950,81,8756.44
2950,82,8751.24
2950,83,8864.38
2950,84,8661.99
2950,85,8580.03
2950,86,8772.45
2950,87,8747.18
2950,88,8780.95
2950,89,8687.14
2950,90,8722.81
2950,91,8687.13
2950,92,8623.17
2950,93,8660.32
2950,94,8740.76
2950,95,8744.8
2950,96,8736.93
2950,97,8612.63
2950,98,8716.7
2950,99,8739.62
2960,0,8786.37
2960,1,8704.35
2960,2,8603.06
2960,3,8637.52
2960,4,8556.08
2960,5,8625.63
2960,6,8724.77
2960,7,8614.57
2960,8,8760.15
2960,9,8604.93
2960,10,8802.61
2960,11,8543.32
2960,12,8771.52
2960,13,8744
2960,14,8586.52
2960,15,8862.11
2960,16,8756.13
2960,17,8613.84
2960,18,8761.1
2960,19,8671
2960,20,8730.77
2960,21,8662.66
2960,22,8771.51
2960,23,8645.21
2960,24,8593.33
2960,25,8838.75
2960,26,8687.23
2960,27,8661.9
2960,28,8738.42
2960,29,8816.83
2960,30,8755.18
2960,31,8604.89
2960,32,8985.9
2960,33,8733.32
2960,34,8778.52
2960,35,8663.93
2960,36,8596.98
2960,37,8578.08
2960,38,8747.56
2960,39,8798.94
2960,40,8629.5
2960,41,8697.98
2960,42,8642.88
2960,43,8622.47
2960,44,8606.3
2960,45,8598.56
2960,46,8789.01
2960,47,8830.87
2960,48,8643.24
2960,49,8770.41
2960,50,8786.33
2960,51,8670.07
2960,52,8620.21
2960,53,8878.84
2960,54,8843.71
2960,55,8531.44
2960,56,8738.45
2960,57,8804.88
2960,58,8573.3
2960,59,8650.44
2960,60,8732.42
2960,61,8713.25
2960,62,8605.62
2960,63,8737.23
2960,64,8610.66
2960,65,8889.21
2960,66,8739.96
2960,67,8576.66
2960,68,8675.57
2960,69,8757.44
2960,70,8740.49
2960,71,8676.73
2960,72,8607.69
2960,73,8782.17
2960,74,8820.11
2960,75,8646.71
2960,76,8666.62
2960,77,8692.25
2960,78,8820.56
2960,79,8975.4
2960,80,8709.14
2960,81,8756.14
2960,82,8750.94
2960,83,8864.08
2960,84,8661.69
2960,85,8579.73
2960,86,8772.15
2960,87,8746.88
2960,88,8780.65
2960,89,8686.84
2960,90,8722.51
2960,91,8686.83
2960,92,8622.87
2960,93,8660.02
2960,94,8740.46
2960,95,8744.5
2960,96,8736.63
2960,97,8612.33
2960,98,8716.4
2960,99,8739.32
2970,0,8786.07
2970,1,8704.05
2970,2,8602.76
2970,3,8637.22
2970,4,8555.78
2970,5,8625.33
2970,6,8724.47
2970,7,8614.27
2970,8,8759.85
2970,9,8604.63
2970,10,8802.31
2970,11,8543.02
2970,12,8771.22
2970,13,8743.7
2970,14,8586.22
2970,15,8861.81
2970,16,8755.83
2970,17,8613.54
2970,18,8760.8
2970,19,8670.7
2970,20,8730.47
2970,21,8662.36
2970,22,8771.21
2970,23,8644.91
2970,24,8593.03
2970,25,8838.45
2970,26,8686.93
2970,27,8661.6
2970,28,8738.12
2970,29,8816.53
2970,30,8754.88
2970,31,8604.59
2970,32,8985.6
2970,33,8733.02
2970,34,8778.22
2970,35,8663.63
2970,36,8596.68
2970,37,8577.78
2970,38,8747.26
2970,39,8798.64
2970,40,8629.2
2970,41,8697.68
2970,42,8642.58
2970,43,8622.17
2970,44,8606
2970,45,8598.26
2970,46,8788.71
2970,47,8830.57
2970,48,8642.94
2970,49,8770.11
2970,50,8786.03
2970,51,8669.77
2970,52,8619.91
2970,53,8878.54
2970,54,8843.41
2970,55,8531.14
2970,56,8738.15
2970,57,8804.58
2970,58,8573
2970,59,8650.14
2970,60,8732.12
2970,61,8712.95
2970,62,8605.32
2970,63,8736.93
2970,64,8610.36
2970,65,8888.91
2970,66,8739.66
2970,67,8576.36
2970,68,8675.27
2970,69,8757.14
2970,70,8740.19
2970,71,8676.43
2970,72,8607.39
2970,73,8781.87
2970,74,8819.81
2970,75,8646.41
2970,76,8666.32
2970,77,8691.95
2970,78,8820.26
2970,79,8975.1
2970,80,8708.84
2970,81,8755.84
2970,82,8750.64
2970,83,8863.78
2970,84,8661.39
2970,85,8579.43
2970,86,8771.85
2970,87,8746.58
2970,88,8780.35
2970,89,8686.54
2970,90,8722.21
2970,91,8686.53
2970,92,8622.57
2970,93,8659.72
2970,94,8740.16
2970,95,8744.2
2970,96,8736.33
2970,97,8612.03
2970,98,8716.1
2970,99,8739.02
2980,0,8785.77
2980,1,8703.75
2980,2,8602.46
2980,3,8636.92
2980,4,8555.48
2980,5,8625.03
2980,6,8724.17
2980,7,8613.97
2980,8,8759.55
2980,9,8604.33
2980,10,8802.01
2980,11,8542.72
2980,12,8770.92
2980,13,8743.4
2980,14,8585.92
2980,15,8861.51
2980,16,8755.53
2980,17,8613.24
2980,18,8760.5
2980,19,8670.4
2980,20,8730.17
2980,21,8662.06
2980,22,8770.91
2980,23,8644.61
2980,24,8592.73
2980,25,8838.15
2980,26,8686.63
2980,27,8661.3
2980,28,8737.82
2980,29,8816.23
2980,30,8754.58
2980,31,8604.29
2980,32,8985.3
2980,33,8732.72
2980,34,8777.92
2980,35,8663.33
2980,36,8596.38
2980,37,8577.48
2980,38,8746.96
2980,39,8798.34
2980,40,8628.9
2980,41,8697.38
2980,42,8642.28
2980,43,8621.87
2980,44,8605.7
2980,45,8597.96
2980,46,8788.41
2980,47,8830.27
2980,48,8642.64
2980,49,8769.81
2980,50,8785.73
2980,51,8669.47
2980,52,8619.61
2980,53,8878.24
2980,54,8843.11
2980,55,8530.84
2980,56,8737.85
2980,57,8804.28
2980,58,8572.7
2980,59,8649.84
2980,60,8731.82
2980,61,8712.65
2980,62,8605.02
2980,63,8736.63
2980,64,8610.06
2980,65,8888.61
2980,66,8739.36
2980,67,8576.06
2980,68,8674.97
2980,69,8756.84
2980,70,8739.89
2980,71,8676.13
2980,72,8607.09
2980,73,8781.57
2980,74,8819.51
2980,75,8646.11
2980,76,8666.02
2980,77,8691.65
2980,78,8819.96
2980,79,8974.8
2980,80,8708.54
2980,81,8755.54
2980,82,8750.34
2980,83,8863.48
2980,84,8661.09
2980,85,8579.13
2980,86,8771.55
2980,87,8746.28
2980,88,8780.05
2980,89,8686.24
2980,90,8721.91
2980,91,8686.23
2980,92,8622.27
2980,93,8659.42
2980,94,8739.86
2980,95,8743.9
2980,96,8736.03
2980,97,8611.73
2980,98,8715.8
2980,99,8738.72
2990,0,8785.47
2990,1,8703.45
2990,2,8602.16
2990,3,8636.62
2990,4,8555.18
2990,5,8624.73
2990,6,8723.87
2990,7,8613.67
2990,8,8759.25
2990,9,8604.03
2990,10,8801.71
2990,11,8542.42
2990,12,8770.62
2990,13,8743.1
2990,14,8585.62
2990,15,8861.21
2990,16,8755.23
2990,17,8612.94
2990,18,8760.2
2990,19,8670.1
2990,20,8729.87
2990,21,8661.76
2990,22,8770.61
2990,23,8644.31
2990,24,8592.43
2990,25,8837.85
2990,26,8686.33
2990,27,8661
2990,28,8737.52
2990,29,8815.93
2990,30,8754.28
2990,31,8603.99
2990,32,8985
2990,33,8732.42
2990,34,8777.62
2990,35,8663.03
2990,36,8596.08
2990,37,8577.18
2990,38,8746.66
2990,39,8798.04
2990,40,8628.6
2990,41,8697.08
2990,42,8641.98
2990,43,8621.57
2990,44,8605.4
2990,45,8597.66
2990,46,8788.11
2990,47,8829.97
2990,48,8642.34
2990,49,8769.51
2990,50,8785.43
2990,51,8669.17
2990,52,8619.31
2990,53,8877.94
2990,54,8842.81
2990,55,8530.54
2990,56,8737.55
2990,57,8803.98
2990,58,8572.4
2990,59,8649.54
2990,60,8731.52
2990,61,8712.35
2990,62,8604.72
2990,63,8736.33
2990,64,8609.76
2990,65,8888.31
2990,66,8739.06
2990,67,8575.76
2990,68,8674.67
2990,69,8756.54
2990,70,8739.59
2990,71,8675.83
2990,72,8606.79
2990,73,8781.27
2990,74,8819.21
2990,75,8645.81
2990,76,8665.72
2990,77,8691.35
2990,78,8819.66
2990,79,8974.5
2990,80,8708.24
2990,81,8755.24
2990,82,8750.04
2990,83,8863.18
2990,84,8660.79
2990,85,8578.83
2990,86,8771.25
2990,87,8745.98
2990,88,8779.75
2990,89,8685.94
2990,90,8721.61
2990,91,8685.93
2990,92,8621.97
2990,93,8659.12
2990,94,8739.56
2990,95,8743.6
2990,96,8735.73
2990,97,8611.43
2990,98,8715.5
2990,99,8738.42
