time,node_id,residual_energy
0,0,10000
0,1,10000
0,2,10000
0,3,10000
0,4,10000
0,5,10000
0,6,10000
0,7,10000
0,8,10000
0,9,10000
0,10,10000
0,11,10000
0,12,10000
0,13,10000
0,14,10000
0,15,10000
0,16,10000
0,17,10000
0,18,10000
0,19,10000
0,20,10000
0,21,10000
0,22,10000
0,23,10000
0,24,10000
0,25,10000
0,26,10000
0,27,10000
0,28,10000
0,29,10000
0,30,10000
0,31,10000
0,32,10000
0,33,10000
0,34,10000
0,35,10000
0,36,10000
0,37,10000
0,38,10000
0,39,10000
0,40,10000
0,41,10000
0,42,10000
0,43,10000
0,44,10000
0,45,10000
0,46,10000
0,47,10000
0,48,10000
0,49,10000
0,50,10000
0,51,10000
0,52,10000
0,53,10000
0,54,10000
0,55,10000
0,56,10000
0,57,10000
0,58,10000
0,59,10000
0,60,10000
0,61,10000
0,62,10000
0,63,10000
0,64,10000
0,65,10000
0,66,10000
0,67,10000
0,68,10000
0,69,10000
0,70,10000
0,71,10000
0,72,10000
0,73,10000
0,74,10000
0,75,10000
0,76,10000
0,77,10000
0,78,10000
0,79,10000
0,80,10000
0,81,10000
0,82,10000
0,83,10000
0,84,10000
0,85,10000
0,86,10000
0,87,10000
0,88,10000
0,89,10000
0,90,10000
0,91,10000
0,92,10000
0,93,10000
0,94,10000
0,95,10000
0,96,10000
0,97,10000
0,98,10000
0,99,10000
10,0,9999.73
10,1,9999.73
10,2,9999.73
10,3,9999.73
10,4,9999.73
10,5,9999.73
10,6,9999.73
10,7,9999.73
10,8,9999.73
10,9,9999.73
10,10,9999.73
10,11,9999.73
10,12,9999.73
10,13,9999.73
10,14,9999.73
10,15,9999.73
10,16,9999.73
10,17,9999.73
10,18,9999.73
10,19,9999.73
10,20,9999.73
10,21,9999.73
10,22,9999.73
10,23,9999.73
10,24,9999.73
10,25,9999.73
10,26,9999.73
10,27,9999.73
10,28,9999.73
10,29,9999.73
10,30,9999.73
10,31,9999.73
10,32,9999.73
10,33,9999.73
10,34,9999.73
10,35,9999.73
10,36,9999.73
10,37,9999.73
10,38,9999.73
10,39,9999.73
10,40,9999.73
10,41,9999.73
10,42,9999.73
10,43,9999.73
10,44,9999.73
10,45,9999.73
10,46,9999.73
10,47,9999.73
10,48,9999.73
10,49,9999.73
10,50,9999.73
10,51,9999.73
10,52,9999.73
10,53,9999.73
10,54,9999.73
10,55,9999.73
10,56,9999.73
10,57,9999.73
10,58,9999.73
10,59,9999.73
10,60,9999.73
10,61,9999.73
10,62,9999.73
10,63,9999.73
10,64,9999.73
10,65,9999.73
10,66,9999.73
10,67,9999.73
10,68,9999.73
10,69,9999.73
10,70,9999.73
10,71,9999.73
10,72,9999.73
10,73,9999.73
10,74,9999.73
10,75,9999.73
10,76,9999.73
10,77,9999.73
10,78,9999.73
10,79,9999.73
10,80,9999.73
10,81,9999.73
10,82,9999.73
10,83,9999.73
10,84,9999.73
10,85,9999.73
10,86,9999.73
10,87,9999.73
10,88,9999.73
10,89,9999.73
10,90,9999.73
10,91,9999.73
10,92,9999.73
10,93,9999.73
10,94,9999.73
10,95,9999.73
10,96,9999.73
10,97,9999.73
10,98,9999.73
10,99,9999.73
20,0,9999.43
20,1,9999.43
20,2,9999.43
20,3,9999.43
20,4,9999.43
20,5,9999.43
20,6,9999.43
20,7,9999.43
20,8,9999.43
20,9,9999.43
20,10,9999.43
20,11,9999.43
20,12,9999.43
20,13,9999.43
20,14,9999.43
20,15,9999.43
20,16,9999.43
20,17,9999.43
20,18,9999.43
20,19,9999.43
20,20,9999.43
20,21,9999.43
20,22,9999.43
20,23,9999.43
20,24,9999.43
20,25,9999.43
20,26,9999.43
20,27,9999.43
20,28,9999.43
20,29,9999.43
20,30,9999.43
20,31,9999.43
20,32,9999.43
20,33,9999.43
20,34,9999.43
20,35,9999.43
20,36,9999.43
20,37,9999.43
20,38,9999.43
20,39,9999.43
20,40,9999.43
20,41,9999.43
20,42,9999.43
20,43,9999.43
20,44,9999.43
20,45,9999.43
20,46,9999.43
20,47,9999.43
20,48,9999.43
20,49,9999.43
20,50,9999.43
20,51,9999.43
20,52,9999.43
20,53,9999.43
20,54,9999.43
20,55,9999.43
20,56,9999.43
20,57,9999.43
20,58,9999.43
20,59,9999.43
20,60,9999.43
20,61,9999.43
20,62,9999.43
20,63,9999.43
20,64,9999.43
20,65,9999.43
20,66,9999.43
20,67,9999.43
20,68,9999.43
20,69,9999.43
20,70,9999.43
20,71,9999.43
20,72,9999.43
20,73,9999.43
20,74,9999.43
20,75,9999.43
20,76,9999.43
20,77,9999.43
20,78,9999.43
20,79,9999.43
20,80,9999.43
20,81,9999.43
20,82,9999.43
20,83,9999.43
20,84,9999.43
20,85,9999.43
20,86,9999.43
20,87,9999.43
20,88,9999.43
20,89,9999.43
20,90,9999.43
20,91,9999.43
20,92,9999.43
20,93,9999.43
20,94,9999.43
20,95,9999.43
20,96,9999.43
20,97,9999.43
20,98,9999.43
20,99,9999.43
30,0,9999.13
30,1,9999.13
30,2,9999.13
30,3,9999.13
30,4,9999.13
30,5,9999.13
30,6,9999.13
30,7,9999.13
30,8,9999.13
30,9,9999.13
30,10,9999.13
30,11,9999.13
30,12,9999.13
30,13,9999.13
30,14,9999.13
30,15,9999.13
30,16,9999.13
30,17,9999.13
30,18,9999.13
30,19,9999.13
30,20,9999.13
30,21,9999.13
30,22,9999.13
30,23,9999.13
30,24,9999.13
30,25,9999.13
30,26,9999.13
30,27,9999.13
30,28,9999.13
30,29,9999.13
30,30,9999.13
30,31,9999.13
30,32,9999.13
30,33,9999.13
30,34,9999.13
30,35,9999.13
30,36,9999.13
30,37,9999.13
30,38,9999.13
30,39,9999.13
30,40,9999.13
30,41,9999.13
30,42,9999.13
30,43,9999.13
30,44,9999.13
30,45,9999.13
30,46,9999.13
30,47,9999.13
30,48,9999.13
30,49,9999.13
30,50,9999.13
30,51,9999.13
30,52,9999.13
30,53,9999.13
30,54,9999.13
30,55,9999.13
30,56,9999.13
30,57,9999.13
30,58,9999.13
30,59,9999.13
30,60,9999.13
30,61,9999.13
30,62,9999.13
30,63,9999.13
30,64,9999.13
30,65,9999.13
30,66,9999.13
30,67,9999.13
30,68,9999.13
30,69,9999.13
30,70,9999.13
30,71,9999.13
30,72,9999.13
30,73,9999.13
30,74,9999.13
30,75,9999.13
30,76,9999.13
30,77,9999.13
30,78,9999.13
30,79,9999.13
30,80,9999.13
30,81,9999.13
30,82,9999.13
30,83,9999.13
30,84,9999.13
30,85,9999.13
30,86,9999.13
30,87,9999.13
30,88,9999.13
30,89,9999.13
30,90,9999.13
30,91,9999.13
30,92,9999.13
30,93,9999.13
30,94,9999.13
30,95,9999.13
30,96,9999.13
30,97,9999.13
30,98,9999.13
30,99,9999.13
40,0,9988.94
40,1,9988.29
40,2,9986.52
40,3,9985.98
40,4,9986.1
40,5,9988.08
40,6,9988.26
40,7,9986.9
40,8,9987.78
40,9,9990.93
40,10,9990.9
40,11,9986.5
40,12,9988.02
40,13,9988.51
40,14,9985.96
40,15,9990.31
40,16,9989.75
40,17,9990.18
40,18,9990.37
40,19,9986.62
40,20,9986.23
40,21,9988.01
40,22,9987.45
40,23,9988.98
40,24,9990.85
40,25,9988.16
40,26,9988.06
40,27,9988.03
40,28,9986.67
40,29,9986.17
40,30,9991.49
40,31,9990.78
40,32,9988.74
40,33,9988.5
40,34,9990.33
40,35,9988.45
40,36,9990.24
40,37,9989.15
40,38,9992.71
40,39,9987.55
40,40,9990
40,41,9984.33
40,42,9988.18
40,43,9986.93
40,44,9990.38
40,45,9986.49
40,46,9989.1
40,47,9987.63
40,48,9988.37
40,49,9988.91
40,50,9987.48
40,51,9989.34
40,52,9991.89
40,53,9991.13
40,54,9987.93
40,55,9986.97
40,56,9986.76
40,57,9986.1
40,58,9990.38
40,59,9987.43
40,60,9989.63
40,61,9992.13
40,62,9991.03
40,63,9990.29
40,64,9989.91
40,65,9987.12
40,66,9985.79
40,67,9987.5
40,68,9988
40,69,9984.46
40,70,9991.87
40,71,9988.18
40,72,9990.28
40,73,9991.67
40,74,9987.78
40,75,9987.81
40,76,9986.07
40,77,9987.29
40,78,9989.54
40,79,9990.77
40,80,9988.33
40,81,9986.09
40,82,9989.66
40,83,9990.2
40,84,9989.61
40,85,9991.12
40,86,9987
40,87,9985.41
40,88,9986.93
40,89,9986.53
40,90,9989.46
40,91,9990.16
40,92,9989.25
40,93,9991.38
40,94,9987
40,95,9986.01
40,96,9988.54
40,97,9990.94
40,98,9984.08
40,99,9989.43
50,0,9988.64
50,1,9987.99
50,2,9986.22
50,3,9985.68
50,4,9985.8
50,5,9987.78
50,6,9987.96
50,7,9986.6
50,8,9987.48
50,9,9990.63
50,10,9990.6
50,11,9986.2
50,12,9987.72
50,13,9988.21
50,14,9985.66
50,15,9990.01
50,16,9989.45
50,17,9989.88
50,18,9990.07
50,19,9986.32
50,20,9985.93
50,21,9987.71
50,22,9987.15
50,23,9988.68
50,24,9990.55
50,25,9987.86
50,26,9987.76
50,27,9987.73
50,28,9986.37
50,29,9985.87
50,30,9991.19
50,31,9990.48
50,32,9988.44
50,33,9988.2
50,34,9990.03
50,35,9988.15
50,36,9989.94
50,37,9988.85
50,38,9992.41
50,39,9987.25
50,40,9989.7
50,41,9984.03
50,42,9987.88
50,43,9986.63
50,44,9990.08
50,45,9986.19
50,46,9988.8
50,47,9987.33
50,48,9988.07
50,49,9988.61
50,50,9987.18
50,51,9989.04
50,52,9991.59
50,53,9990.83
50,54,9987.63
50,55,9986.67
50,56,9986.46
50,57,9985.8
50,58,9990.08
50,59,9987.13
50,60,9989.33
50,61,9991.83
50,62,9990.73
50,63,9989.99
50,64,9989.61
50,65,9986.82
50,66,9985.49
50,67,9987.2
50,68,9987.7
50,69,9984.16
50,70,9991.57
50,71,9987.88
50,72,9989.98
50,73,9991.37
50,74,9987.48
50,75,9987.51
50,76,9985.77
50,77,9986.99
50,78,9989.24
50,79,9990.47
50,80,9988.03
50,81,9985.79
50,82,9989.36
50,83,9989.9
50,84,9989.31
50,85,9990.82
50,86,9986.7
50,87,9985.11
50,88,9986.63
50,89,9986.23
50,90,9989.16
50,91,9989.86
50,92,9988.95
50,93,9991.08
50,94,9986.7
50,95,9985.71
50,96,9988.24
50,97,9990.64
50,98,9983.78
50,99,9989.13
60,0,9988.34
60,1,9987.69
60,2,9985.92
60,3,9985.38
60,4,9985.5
60,5,9987.48
60,6,9987.66
60,7,9986.3
60,8,9987.18
60,9,9990.33
60,10,9990.3
60,11,9985.9
60,12,9987.42
60,13,9987.91
60,14,9985.36
60,15,9989.71
60,16,9989.15
60,17,9989.58
60,18,9989.77
60,19,9986.02
60,20,9985.63
60,21,9987.41
60,22,9986.85
60,23,9988.38
60,24,9990.25
60,25,9987.56
60,26,9987.46
60,27,9987.43
60,28,9986.07
60,29,9985.57
60,30,9990.89
60,31,9990.18
60,32,9988.14
60,33,9987.9
60,34,9989.73
60,35,9987.85
60,36,9989.64
60,37,9988.55
60,38,9992.11
60,39,9986.95
60,40,9989.4
60,41,9983.73
60,42,9987.58
60,43,9986.33
60,44,9989.78
60,45,9985.89
60,46,9988.5
60,47,9987.03
60,48,9987.77
60,49,9988.31
60,50,9986.88
60,51,9988.74
60,52,9991.29
60,53,9990.53
60,54,9987.33
60,55,9986.37
60,56,9986.16
60,57,9985.5
60,58,9989.78
60,59,9986.83
60,60,9989.03
60,61,9991.53
60,62,9990.43
60,63,9989.69
60,64,9989.31
60,65,9986.52
60,66,9985.19
60,67,9986.9
60,68,9987.4
60,69,9983.86
60,70,9991.27
60,71,9987.58
60,72,9989.68
60,73,9991.07
60,74,9987.18
60,75,9987.21
60,76,9985.47
60,77,9986.69
60,78,9988.94
60,79,9990.17
60,80,9987.73
60,81,9985.49
60,82,9989.06
60,83,9989.6
60,84,9989.01
60,85,9990.52
60,86,9986.4
60,87,9984.81
60,88,9986.33
60,89,9985.93
60,90,9988.86
60,91,9989.56
60,92,9988.65
60,93,9990.78
60,94,9986.4
60,95,9985.41
60,96,9987.94
60,97,9990.34
60,98,9983.48
60,99,9988.83
70,0,9977.96
70,1,9976.22
70,2,9974.55
70,3,9973.87
70,4,9972.54
70,5,9976.2
70,6,9977.63
70,7,9973.97
70,8,9974.39
70,9,9982.34
70,10,9979.59
70,11,9972.88
70,12,9975.94
70,13,9977.28
70,14,9970.58
70,15,9977.98
70,16,9978.65
70,17,9980.04
70,18,9980.28
70,19,9973.01
70,20,9972.73
70,21,9976.75
70,22,9974.93
70,23,9977.17
70,24,9978.48
70,25,9976.89
70,26,9976.38
70,27,9977.09
70,28,9971.79
70,29,9973.28
70,30,9983.43
70,31,9979.99
70,32,9977.48
70,33,9978.74
70,34,9982.06
70,35,9976.02
70,36,9980.79
70,37,9980.17
70,38,9982.48
70,39,9975.19
70,40,9979.46
70,41,9970.35
70,42,9976.38
70,43,9972.33
70,44,9981.16
70,45,9972.96
70,46,9976.2
70,47,9975.69
70,48,9977.83
70,49,9979.53
70,50,9974.15
70,51,9977.74
70,52,9984.21
70,53,9983.26
70,54,9974.17
70,55,9971.44
70,56,9974.84
70,57,9971.7
70,58,9979.54
70,59,9972.82
70,60,9979.61
70,61,9981.41
70,62,9981.98
70,63,9976.35
70,64,9980.02
70,65,9974.61
70,66,9971.77
70,67,9974.73
70,68,9976.29
70,69,9968.94
70,70,9983.86
70,71,9975.71
70,72,9980.04
70,73,9982.18
70,74,9975.92
70,75,9978.08
70,76,9971.08
70,77,9974.27
70,78,9978.07
70,79,9980.9
70,80,9976.92
70,81,9971.05
70,82,9979.65
70,83,9979.56
70,84,9979.46
70,85,9983.24
70,86,9972.03
70,87,9974.92
70,88,9974.02
70,89,9971.77
70,90,9975.53
70,91,9979.36
70,92,9978.07
70,93,9979.28
70,94,9972.5
70,95,9975.93
70,96,9976.68
70,97,9980.02
70,98,9967.6
70,99,9978.89
80,0,9977.66
80,1,9975.92
80,2,9974.25
80,3,9973.57
80,4,9972.24
80,5,9975.9
80,6,9977.33
80,7,9973.67
80,8,9974.09
80,9,9982.04
80,10,9979.29
80,11,9972.58
80,12,9975.64
80,13,9976.98
80,14,9970.28
80,15,9977.68
80,16,9978.35
80,17,9979.74
80,18,9979.98
80,19,9972.71
80,20,9972.43
80,21,9976.45
80,22,9974.63
80,23,9976.87
80,24,9978.18
80,25,9976.59
80,26,9976.08
80,27,9976.79
80,28,9971.49
80,29,9972.98
80,30,9983.13
80,31,9979.69
80,32,9977.18
80,33,9978.44
80,34,9981.76
80,35,9975.72
80,36,9980.49
80,37,9979.87
80,38,9982.18
80,39,9974.89
80,40,9979.16
80,41,9970.05
80,42,9976.08
80,43,9972.03
80,44,9980.86
80,45,9972.66
80,46,9975.9
80,47,9975.39
80,48,9977.53
80,49,9979.23
80,50,9973.85
80,51,9977.44
80,52,9983.91
80,53,9982.96
80,54,9973.87
80,55,9971.14
80,56,9974.54
80,57,9971.4
80,58,9979.24
80,59,9972.52
80,60,9979.31
80,61,9981.11
80,62,9981.68
80,63,9976.05
80,64,9979.72
80,65,9974.31
80,66,9971.47
80,67,9974.43
80,68,9975.99
80,69,9968.64
80,70,9983.56
80,71,9975.41
80,72,9979.74
80,73,9981.88
80,74,9975.62
80,75,9977.78
80,76,9970.78
80,77,9973.97
80,78,9977.77
80,79,9980.6
80,80,9976.62
80,81,9970.75
80,82,9979.35
80,83,9979.26
80,84,9979.16
80,85,9982.94
80,86,9971.73
80,87,9974.62
80,88,9973.72
80,89,9971.47
80,90,9975.23
80,91,9979.06
80,92,9977.77
80,93,9978.98
80,94,9972.2
80,95,9975.63
80,96,9976.38
80,97,9979.72
80,98,9967.3
80,99,9978.59
90,0,9977.36
90,1,9975.62
90,2,9973.95
90,3,9973.27
90,4,9971.94
90,5,9975.6
90,6,9977.03
90,7,9973.37
90,8,9973.79
90,9,9981.74
90,10,9978.99
90,11,9972.28
90,12,9975.34
90,13,9976.68
90,14,9969.98
90,15,9977.38
90,16,9978.05
90,17,9979.44
90,18,9979.68
90,19,9972.41
90,20,9972.13
90,21,9976.15
90,22,9974.33
90,23,9976.57
90,24,9977.88
90,25,9976.29
90,26,9975.78
90,27,9976.49
90,28,9971.19
90,29,9972.68
90,30,9982.83
90,31,9979.39
90,32,9976.88
90,33,9978.14
90,34,9981.46
90,35,9975.42
90,36,9980.19
90,37,9979.57
90,38,9981.88
90,39,9974.59
90,40,9978.86
90,41,9969.75
90,42,9975.78
90,43,9971.73
90,44,9980.56
90,45,9972.36
90,46,9975.6
90,47,9975.09
90,48,9977.23
90,49,9978.93
90,50,9973.55
90,51,9977.14
90,52,9983.61
90,53,9982.66
90,54,9973.57
90,55,9970.84
90,56,9974.24
90,57,9971.1
90,58,9978.94
90,59,9972.22
90,60,9979.01
90,61,9980.81
90,62,9981.38
90,63,9975.75
90,64,9979.42
90,65,9974.01
90,66,9971.17
90,67,9974.13
90,68,9975.69
90,69,9968.34
90,70,9983.26
90,71,9975.11
90,72,9979.44
90,73,9981.58
90,74,9975.32
90,75,9977.48
90,76,9970.48
90,77,9973.67
90,78,9977.47
90,79,9980.3
90,80,9976.32
90,81,9970.45
90,82,9979.05
90,83,9978.96
90,84,9978.86
90,85,9982.64
90,86,9971.43
90,87,9974.32
90,88,9973.42
90,89,9971.17
90,90,9974.93
90,91,9978.76
90,92,9977.47
90,93,9978.68
90,94,9971.9
90,95,9975.33
90,96,9976.08
90,97,9979.42
90,98,9967
90,99,9978.29
100,0,9967.02
100,1,9965.92
100,2,9962.85
100,3,9959.59
100,4,9957.95
100,5,9962.72
100,6,9967.24
100,7,9962.61
100,8,9960.9
100,9,9974.19
100,10,9968.89
100,11,9959.29
100,12,9963.76
100,13,9966.69
100,14,9956.03
100,15,9966.54
100,16,9968.69
100,17,9969.81
100,18,9969.57
100,19,9960.63
100,20,9959.4
100,21,9964.88
100,22,9962.95
100,23,9965.91
100,24,9966.21
100,25,9966.99
100,26,9966.33
100,27,9966.2
100,28,9957.97
100,29,9962.16
100,30,9975.52
100,31,9969.32
100,32,9966.16
100,33,9968.77
100,34,9972.98
100,35,9963.34
100,36,9971.75
100,37,9971.75
100,38,9975.04
100,39,9962.78
100,40,9968.29
100,41,9953.17
100,42,9964.04
100,43,9957.72
100,44,9971.78
100,45,9959.48
100,46,9966.85
100,47,9963.94
100,48,9967.17
100,49,9969.3
100,50,9961.51
100,51,9965.68
100,52,9974.88
100,53,9975.58
100,54,9961.29
100,55,9957.9
100,56,9961.8
100,57,9957.26
100,58,9968.94
100,59,9959.93
100,60,9969.52
100,61,9970.46
100,62,9972.91
100,63,9965.41
100,64,9970.08
100,65,9961.56
100,66,9956.8
100,67,9961.88
100,68,9964.5
100,69,9953.01
100,70,9975.67
100,71,9964.05
100,72,9968.34
100,73,9973.24
100,74,9963.69
100,75,9965.82
100,76,9956.12
100,77,9965.36
100,78,9964.88
100,79,9971.19
100,80,9965.49
100,81,9955.99
100,82,9969.32
100,83,9969.1
100,84,9969.31
100,85,9974.55
100,86,9960
100,87,9961.93
100,88,9962.96
100,89,9958.5
100,90,9965.28
100,91,9968.2
100,92,9967.78
100,93,9966.94
100,94,9958.1
100,95,9965.54
100,96,9965.48
100,97,9968.67
100,98,9951.58
100,99,9969.97
110,0,9966.72
110,1,9965.62
110,2,9962.55
110,3,9959.29
110,4,9957.65
110,5,9962.42
110,6,9966.94
110,7,9962.31
110,8,9960.6
110,9,9973.89
110,10,9968.59
110,11,9958.99
110,12,9963.46
110,13,9966.39
110,14,9955.73
110,15,9966.24
110,16,9968.39
110,17,9969.51
110,18,9969.27
110,19,9960.33
110,20,9959.1
110,21,9964.58
110,22,9962.65
110,23,9965.61
110,24,9965.91
110,25,9966.69
110,26,9966.03
110,27,9965.9
110,28,9957.67
110,29,9961.86
110,30,9975.22
110,31,9969.02
110,32,9965.86
110,33,9968.47
110,34,9972.68
110,35,9963.04
110,36,9971.45
110,37,9971.45
110,38,9974.74
110,39,9962.48
110,40,9967.99
110,41,9952.87
110,42,9963.74
110,43,9957.42
110,44,9971.48
110,45,9959.18
110,46,9966.55
110,47,9963.64
110,48,9966.87
110,49,9969
110,50,9961.21
110,51,9965.38
110,52,9974.58
110,53,9975.28
110,54,9960.99
110,55,9957.6
110,56,9961.5
110,57,9956.96
110,58,9968.64
110,59,9959.63
110,60,9969.22
110,61,9970.16
110,62,9972.61
110,63,9965.11
110,64,9969.78
110,65,9961.26
110,66,9956.5
110,67,9961.58
110,68,9964.2
110,69,9952.71
110,70,9975.37
110,71,9963.75
110,72,9968.04
110,73,9972.94
110,74,9963.39
110,75,9965.52
110,76,9955.82
110,77,9965.06
110,78,9964.58
110,79,9970.89
110,80,9965.19
110,81,9955.69
110,82,9969.02
110,83,9968.8
110,84,9969.01
110,85,9974.25
110,86,9959.7
110,87,9961.63
110,88,9962.66
110,89,9958.2
110,90,9964.98
110,91,9967.9
110,92,9967.48
110,93,9966.64
110,94,9957.8
110,95,9965.24
110,96,9965.18
110,97,9968.37
110,98,9951.3
110,99,9969.67
120,0,9966.42
120,1,9965.32
120,2,9962.25
120,3,9958.99
120,4,9957.35
120,5,9962.12
120,6,9966.64
120,7,9962.01
120,8,9960.3
120,9,9973.59
120,10,9968.29
120,11,9958.69
120,12,9963.16
120,13,9966.09
120,14,9955.43
120,15,9965.94
120,16,9968.09
120,17,9969.21
120,18,9968.97
120,19,9960.03
120,20,9958.8
120,21,9964.28
120,22,9962.35
120,23,9965.31
120,24,9965.61
120,25,9966.39
120,26,9965.73
120,27,9965.6
120,28,9957.37
120,29,9961.56
120,30,9974.92
120,31,9968.72
120,32,9965.56
120,33,9968.17
120,34,9972.38
120,35,9962.74
120,36,9971.15
120,37,9971.15
120,38,9974.44
120,39,9962.18
120,40,9967.69
120,41,9952.57
120,42,9963.44
120,43,9957.12
120,44,9971.18
120,45,9958.88
120,46,9966.25
120,47,9963.34
120,48,9966.57
120,49,9968.7
120,50,9960.91
120,51,9965.08
120,52,9974.28
120,53,9974.98
120,54,9960.69
120,55,9957.3
120,56,9961.2
120,57,9956.66
120,58,9968.34
120,59,9959.33
120,60,9968.92
120,61,9969.86
120,62,9972.31
120,63,9964.81
120,64,9969.48
120,65,9960.96
120,66,9956.2
120,67,9961.28
120,68,9963.9
120,69,9952.41
120,70,9975.07
120,71,9963.45
120,72,9967.74
120,73,9972.64
120,74,9963.09
120,75,9965.22
120,76,9955.52
120,77,9964.76
120,78,9964.28
120,79,9970.59
120,80,9964.89
120,81,9955.39
120,82,9968.72
120,83,9968.5
120,84,9968.71
120,85,9973.95
120,86,9959.4
120,87,9961.33
120,88,9962.36
120,89,9957.9
120,90,9964.68
120,91,9967.6
120,92,9967.18
120,93,9966.34
120,94,9957.5
120,95,9964.94
120,96,9964.88
120,97,9968.07
120,98,9951
120,99,9969.37
130,0,9956.05
130,1,9955.59
130,2,9950.87
130,3,9947.56
130,4,9943.15
130,5,9951.03
130,6,9956.81
130,7,9950.73
130,8,9947.5
130,9,9965.9
130,10,9958.2
130,11,9945.64
130,12,9951.5
130,13,9956.04
130,14,9941.29
130,15,9956.87
130,16,9957.63
130,17,9959.43
130,18,9960.03
130,19,9949.08
130,20,9946.05
130,21,9952.94
130,22,9951.14
130,23,9954.3
130,24,9954.01
130,25,9957.11
130,26,9954.58
130,27,9955.14
130,28,9947.29
130,29,9952.54
130,30,9967.81
130,31,9958.31
130,32,9954.68
130,33,9956.69
130,34,9963.79
130,35,9950.5
130,36,9962.51
130,37,9962.38
130,38,9967.07
130,39,9950.79
130,40,9957.69
130,41,9943.86
130,42,9951.95
130,43,9943.06
130,44,9962.2
130,45,9945.93
130,46,9957.5
130,47,9956.1
130,48,9956.28
130,49,9958.83
130,50,9948.08
130,51,9954
130,52,9967.28
130,53,9967.86
130,54,9950.98
130,55,9943.94
130,56,9947.69
130,57,9942.66
130,58,9958.43
130,59,9948.87
130,60,9959.35
130,61,9959.23
130,62,9963.7
130,63,9955.48
130,64,9960.06
130,65,9948.59
130,66,9941.52
130,67,9948.86
130,68,9954.24
130,69,9941.67
130,70,9967.45
130,71,9954.55
130,72,9958.42
130,73,9964.99
130,74,9951.15
130,75,9956.08
130,76,9940.96
130,77,9957.09
130,78,9956.46
130,79,9961.51
130,80,9955.58
130,81,9940.94
130,82,9959.64
130,83,9958.51
130,84,9960.52
130,85,9965.72
130,86,9950.56
130,87,9948.46
130,88,9951.37
130,89,9945.18
130,90,9955.89
130,91,9956.9
130,92,9957.43
130,93,9954.43
130,94,9943.7
130,95,9955.15
130,96,9953.36
130,97,9957.07
130,98,9935.51
130,99,9959.09
140,0,9955.75
140,1,9955.29
140,2,9950.57
140,3,9947.26
140,4,9942.87
140,5,9950.73
140,6,9956.51
140,7,9950.43
140,8,9947.2
140,9,9965.6
140,10,9957.9
140,11,9945.35
140,12,9951.2
140,13,9955.74
140,14,9941.01
140,15,9956.57
140,16,9957.33
140,17,9959.13
140,18,9959.73
140,19,9948.78
140,20,9945.76
140,21,9952.64
140,22,9950.84
140,23,9954
140,24,9953.71
140,25,9956.81
140,26,9954.28
140,27,9954.84
140,28,9946.99
140,29,9952.24
140,30,9967.51
140,31,9958.01
140,32,9954.38
140,33,9956.39
140,34,9963.49
140,35,9950.2
140,36,9962.21
140,37,9962.08
140,38,9966.77
140,39,9950.49
140,40,9957.39
140,41,9943.56
140,42,9951.65
140,43,9942.77
140,44,9961.9
140,45,9945.63
140,46,9957.2
140,47,9955.8
140,48,9955.98
140,49,9958.53
140,50,9947.78
140,51,9953.7
140,52,9966.98
140,53,9967.56
140,54,9950.68
140,55,9943.64
140,56,9947.39
140,57,9942.37
140,58,9958.13
140,59,9948.57
140,60,9959.05
140,61,9958.93
140,62,9963.4
140,63,9955.18
140,64,9959.76
140,65,9948.29
140,66,9941.23
140,67,9948.57
140,68,9953.94
140,69,9941.37
140,70,9967.15
140,71,9954.25
140,72,9958.12
140,73,9964.69
140,74,9950.85
140,75,9955.78
140,76,9940.68
140,77,9956.79
140,78,9956.16
140,79,9961.21
140,80,9955.28
140,81,9940.66
140,82,9959.34
140,83,9958.21
140,84,9960.22
140,85,9965.42
140,86,9950.26
140,87,9948.17
140,88,9951.07
140,89,9944.89
140,90,9955.59
140,91,9956.6
140,92,9957.13
140,93,9954.13
140,94,9943.41
140,95,9954.85
140,96,9953.06
140,97,9956.77
140,98,9935.24
140,99,9958.79
150,0,9955.45
150,1,9954.99
150,2,9950.27
150,3,9946.96
150,4,9942.57
150,5,9950.43
150,6,9956.21
150,7,9950.13
150,8,9946.9
150,9,9965.3
150,10,9957.6
150,11,9945.05
150,12,9950.9
150,13,9955.44
150,14,9940.71
150,15,9956.27
150,16,9957.03
150,17,9958.83
150,18,9959.43
150,19,9948.48
150,20,9945.46
150,21,9952.34
150,22,9950.54
150,23,9953.7
150,24,9953.41
150,25,9956.51
150,26,9953.98
150,27,9954.54
150,28,9946.69
150,29,9951.94
150,30,9967.21
150,31,9957.71
150,32,9954.08
150,33,9956.09
150,34,9963.19
150,35,9949.9
150,36,9961.91
150,37,9961.78
150,38,9966.47
150,39,9950.19
150,40,9957.09
150,41,9943.26
150,42,9951.35
150,43,9942.47
150,44,9961.6
150,45,9945.33
150,46,9956.9
150,47,9955.5
150,48,9955.68
150,49,9958.23
150,50,9947.48
150,51,9953.4
150,52,9966.68
150,53,9967.26
150,54,9950.38
150,55,9943.34
150,56,9947.09
150,57,9942.07
150,58,9957.83
150,59,9948.27
150,60,9958.75
150,61,9958.63
150,62,9963.1
150,63,9954.88
150,64,9959.46
150,65,9947.99
150,66,9940.93
150,67,9948.27
150,68,9953.64
150,69,9941.07
150,70,9966.85
150,71,9953.95
150,72,9957.82
150,73,9964.39
150,74,9950.55
150,75,9955.48
150,76,9940.38
150,77,9956.49
150,78,9955.86
150,79,9960.91
150,80,9954.98
150,81,9940.36
150,82,9959.04
150,83,9957.91
150,84,9959.92
150,85,9965.12
150,86,9949.96
150,87,9947.87
150,88,9950.77
150,89,9944.59
150,90,9955.29
150,91,9956.3
150,92,9956.83
150,93,9953.83
150,94,9943.11
150,95,9954.55
150,96,9952.76
150,97,9956.47
150,98,9934.94
150,99,9958.49
160,0,9944.61
160,1,9943.14
160,2,9938.34
160,3,9934.3
160,4,9931.78
160,5,9938.89
160,6,9946.15
160,7,9937.3
160,8,9935.26
160,9,9957.52
160,10,9950.9
160,11,9932.78
160,12,9941.43
160,13,9947.53
160,14,9931.16
160,15,9946.83
160,16,9947.8
160,17,9951.21
160,18,9949.76
160,19,9935.93
160,20,9936.31
160,21,9942.83
160,22,9938.29
160,23,9943.38
160,24,9942.72
160,25,9945.77
160,26,9942.78
160,27,9945.33
160,28,9934.84
160,29,9940.56
160,30,9958.94
160,31,9949.78
160,32,9945.78
160,33,9947.69
160,34,9954.47
160,35,9938.38
160,36,9954.13
160,37,9953.95
160,38,9958.99
160,39,9938.48
160,40,9946.27
160,41,9930.79
160,42,9940.58
160,43,9933.53
160,44,9952.43
160,45,9933.02
160,46,9948.01
160,47,9948.4
160,48,9947.81
160,49,9948.29
160,50,9934.05
160,51,9944.06
160,52,9959.68
160,53,9960.69
160,54,9939.15
160,55,9929.9
160,56,9933.22
160,57,9929.15
160,58,9948
160,59,9934.19
160,60,9949.11
160,61,9951.04
160,62,9957.02
160,63,9945.6
160,64,9949.91
160,65,9935.66
160,66,9926.67
160,67,9937.83
160,68,9944.06
160,69,9927.53
160,70,9958.76
160,71,9942.4
160,72,9948.36
160,73,9956.02
160,74,9941.44
160,75,9946.22
160,76,9926.3
160,77,9945.83
160,78,9943.68
160,79,9954.54
160,80,9944.66
160,81,9929.46
160,82,9949.38
160,83,9947.65
160,84,9951.26
160,85,9957.53
160,86,9938.43
160,87,9934.77
160,88,9939.63
160,89,9935.26
160,90,9946.11
160,91,9945.54
160,92,9945.37
160,93,9942.47
160,94,9934.46
160,95,9946.82
160,96,9943.5
160,97,9948.3
160,98,9919.85
160,99,9948.15
170,0,9944.31
170,1,9942.85
170,2,9938.04
170,3,9934
170,4,9931.48
170,5,9938.6
170,6,9945.85
170,7,9937.02
170,8,9934.96
170,9,9957.22
170,10,9950.6
170,11,9932.49
170,12,9941.13
170,13,9947.23
170,14,9930.86
170,15,9946.53
170,16,9947.5
170,17,9950.91
170,18,9949.46
170,19,9935.64
170,20,9936.01
170,21,9942.53
170,22,9938
170,23,9943.08
170,24,9942.42
170,25,9945.47
170,26,9942.49
170,27,9945.03
170,28,9934.54
170,29,9940.26
170,30,9958.64
170,31,9949.48
170,32,9945.48
170,33,9947.39
170,34,9954.17
170,35,9938.08
170,36,9953.83
170,37,9953.65
170,38,9958.69
170,39,9938.18
170,40,9945.97
170,41,9930.49
170,42,9940.29
170,43,9933.23
170,44,9952.13
170,45,9932.73
170,46,9947.71
170,47,9948.1
170,48,9947.51
170,49,9947.99
170,50,9933.76
170,51,9943.76
170,52,9959.38
170,53,9960.39
170,54,9938.86
170,55,9929.6
170,56,9932.94
170,57,9928.86
170,58,9947.7
170,59,9933.92
170,60,9948.81
170,61,9950.74
170,62,9956.72
170,63,9945.3
170,64,9949.61
170,65,9935.37
170,66,9926.39
170,67,9937.54
170,68,9943.76
170,69,9927.24
170,70,9958.46
170,71,9942.1
170,72,9948.06
170,73,9955.72
170,74,9941.14
170,75,9945.92
170,76,9926.02
170,77,9945.53
170,78,9943.38
170,79,9954.24
170,80,9944.36
170,81,9929.16
170,82,9949.08
170,83,9947.35
170,84,9950.96
170,85,9957.23
170,86,9938.14
170,87,9934.5
170,88,9939.33
170,89,9934.96
170,90,9945.81
170,91,9945.24
170,92,9945.07
170,93,9942.17
170,94,9934.16
170,95,9946.52
170,96,9943.2
170,97,9948
170,98,9919.59
170,99,9947.85
180,0,9944.01
180,1,9942.55
180,2,9937.74
180,3,9933.7
180,4,9931.18
180,5,9938.3
180,6,9945.55
180,7,9936.72
180,8,9934.66
180,9,9956.92
180,10,9950.3
180,11,9932.19
180,12,9940.83
180,13,9946.93
180,14,9930.56
180,15,9946.23
180,16,9947.2
180,17,9950.61
180,18,9949.16
180,19,9935.34
180,20,9935.71
180,21,9942.23
180,22,9937.7
180,23,9942.78
180,24,9942.12
180,25,9945.17
180,26,9942.19
180,27,9944.73
180,28,9934.24
180,29,9939.96
180,30,9958.34
180,31,9949.18
180,32,9945.18
180,33,9947.09
180,34,9953.87
180,35,9937.78
180,36,9953.53
180,37,9953.35
180,38,9958.39
180,39,9937.88
180,40,9945.67
180,41,9930.19
180,42,9939.99
180,43,9932.93
180,44,9951.83
180,45,9932.43
180,46,9947.41
180,47,9947.8
180,48,9947.21
180,49,9947.69
180,50,9933.46
180,51,9943.46
180,52,9959.08
180,53,9960.09
180,54,9938.56
180,55,9929.3
180,56,9932.64
180,57,9928.56
180,58,9947.4
180,59,9933.62
180,60,9948.51
180,61,9950.44
180,62,9956.42
180,63,9945
180,64,9949.31
180,65,9935.07
180,66,9926.09
180,67,9937.24
180,68,9943.46
180,69,9926.94
180,70,9958.16
180,71,9941.8
180,72,9947.76
180,73,9955.42
180,74,9940.84
180,75,9945.62
180,76,9925.72
180,77,9945.23
180,78,9943.08
180,79,9953.94
180,80,9944.06
180,81,9928.86
180,82,9948.78
180,83,9947.05
180,84,9950.66
180,85,9956.93
180,86,9937.84
180,87,9934.2
180,88,9939.03
180,89,9934.66
180,90,9945.51
180,91,9944.94
180,92,9944.77
180,93,9941.87
180,94,9933.86
180,95,9946.22
180,96,9942.9
180,97,9947.7
180,98,9919.29
180,99,9947.55
190,0,9933.43
190,1,9930.82
190,2,9926.21
190,3,9919.01
190,4,9916.43
190,5,9926.75
190,6,9935.66
190,7,9924.34
190,8,9922.17
190,9,9948.33
190,10,9937.05
190,11,9919.15
190,12,9930.29
190,13,9935.76
190,14,9920.13
190,15,9936.87
190,16,9936.88
190,17,9941.99
190,18,9940.2
190,19,9922.55
190,20,9925.59
190,21,9931.18
190,22,9923.85
190,23,9931.68
190,24,9927.36
190,25,9933.66
190,26,9931.06
190,27,9933.44
190,28,9920.07
190,29,9928.57
190,30,9947.14
190,31,9937.93
190,32,9935.23
190,33,9934.75
190,34,9941.42
190,35,9924.13
190,36,9944.31
190,37,9944.69
190,38,9949.6
190,39,9926.39
190,40,9934.23
190,41,9916.56
190,42,9929.12
190,43,9919.8
190,44,9942.37
190,45,9919.53
190,46,9937.08
190,47,9939.83
190,48,9936.9
190,49,9937.14
190,50,9920.45
190,51,9934.24
190,52,9952.11
190,53,9951.48
190,54,9928.07
190,55,9914.26
190,56,9919.14
190,57,9916.22
190,58,9936.34
190,59,9919.61
190,60,9940.55
190,61,9938.67
190,62,9947.75
190,63,9931.79
190,64,9939.44
190,65,9922.8
190,66,9911.07
190,67,9925.64
190,68,9933.3
190,69,9912.17
190,70,9947.81
190,71,9929.06
190,72,9937.81
190,73,9947.05
190,74,9930.6
190,75,9934.77
190,76,9912.12
190,77,9932.55
190,78,9929.85
190,79,9945
190,80,9933.18
190,81,9918.5
190,82,9939.43
190,83,9935
190,84,9940.63
190,85,9945.12
190,86,9923.82
190,87,9917.96
190,88,9928.22
190,89,9923.72
190,90,9932.2
190,91,9935.72
190,92,9933.63
190,93,9928.28
190,94,9922.29
190,95,9938
190,96,9931.83
190,97,9934.3
190,98,9904.55
190,99,9935.82
200,0,9933.14
200,1,9930.54
200,2,9925.93
200,3,9918.75
200,4,9916.2
200,5,9926.47
200,6,9935.36
200,7,9924.07
200,8,9921.89
200,9,9948.03
200,10,9936.79
200,11,9918.89
200,12,9930
200,13,9935.48
200,14,9919.84
200,15,9936.57
200,16,9936.58
200,17,9941.69
200,18,9939.9
200,19,9922.27
200,20,9925.31
200,21,9930.89
200,22,9923.59
200,23,9931.39
200,24,9927.12
200,25,9933.38
200,26,9930.78
200,27,9933.14
200,28,9919.81
200,29,9928.28
200,30,9946.86
200,31,9937.65
200,32,9934.93
200,33,9934.49
200,34,9941.17
200,35,9923.89
200,36,9944.01
200,37,9944.39
200,38,9949.3
200,39,9926.1
200,40,9933.94
200,41,9916.26
200,42,9928.84
200,43,9919.53
200,44,9942.08
200,45,9919.26
200,46,9936.78
200,47,9939.53
200,48,9936.6
200,49,9936.85
200,50,9920.18
200,51,9933.94
200,52,9951.81
200,53,9951.18
200,54,9927.78
200,55,9913.99
200,56,9918.87
200,57,9915.94
200,58,9936.04
200,59,9919.35
200,60,9940.25
200,61,9938.39
200,62,9947.45
200,63,9931.52
200,64,9939.15
200,65,9922.52
200,66,9910.81
200,67,9925.37
200,68,9933.02
200,69,9911.92
200,70,9947.52
200,71,9928.78
200,72,9937.51
200,73,9946.75
200,74,9930.3
200,75,9934.49
200,76,9911.85
200,77,9932.27
200,78,9929.56
200,79,9944.71
200,80,9932.9
200,81,9918.21
200,82,9939.13
200,83,9934.72
200,84,9940.33
200,85,9944.86
200,86,9923.57
200,87,9917.74
200,88,9927.93
200,89,9923.43
200,90,9931.93
200,91,9935.42
200,92,9933.34
200,93,9928.04
200,94,9922
200,95,9937.7
200,96,9931.55
200,97,9934.05
200,98,9904.3
200,99,9935.54
210,0,9932.84
210,1,9930.24
210,2,9925.63
210,3,9918.45
210,4,9915.9
210,5,9926.17
210,6,9935.06
210,7,9923.77
210,8,9921.59
210,9,9947.73
210,10,9936.49
210,11,9918.59
210,12,9929.7
210,13,9935.18
210,14,9919.54
210,15,9936.27
210,16,9936.28
210,17,9941.39
210,18,9939.6
210,19,9921.97
210,20,9925.01
210,21,9930.59
210,22,9923.29
210,23,9931.09
210,24,9926.82
210,25,9933.08
210,26,9930.48
210,27,9932.84
210,28,9919.51
210,29,9927.98
210,30,9946.56
210,31,9937.35
210,32,9934.63
210,33,9934.19
210,34,9940.87
210,35,9923.59
210,36,9943.71
210,37,9944.09
210,38,9949
210,39,9925.8
210,40,9933.64
210,41,9915.96
210,42,9928.54
210,43,9919.23
210,44,9941.78
210,45,9918.96
210,46,9936.48
210,47,9939.23
210,48,9936.3
210,49,9936.55
210,50,9919.88
210,51,9933.64
210,52,9951.51
210,53,9950.88
210,54,9927.48
210,55,9913.69
210,56,9918.57
210,57,9915.64
210,58,9935.74
210,59,9919.05
210,60,9939.95
210,61,9938.09
210,62,9947.15
210,63,9931.22
210,64,9938.85
210,65,9922.22
210,66,9910.51
210,67,9925.07
210,68,9932.72
210,69,9911.62
210,70,9947.22
210,71,9928.48
210,72,9937.21
210,73,9946.45
210,74,9930
210,75,9934.19
210,76,9911.55
210,77,9931.97
210,78,9929.26
210,79,9944.41
210,80,9932.6
210,81,9917.91
210,82,9938.83
210,83,9934.42
210,84,9940.03
210,85,9944.56
210,86,9923.27
210,87,9917.44
210,88,9927.63
210,89,9923.13
210,90,9931.63
210,91,9935.12
210,92,9933.04
210,93,9927.74
210,94,9921.7
210,95,9937.4
210,96,9931.25
210,97,9933.75
210,98,9904
210,99,9935.24
220,0,9922.18
220,1,9918.98
220,2,9914.02
220,3,9903.8
220,4,9900.28
220,5,9915.11
220,6,9920.91
220,7,9909.51
220,8,9909.31
220,9,9938.26
220,10,9923.32
220,11,9905.55
220,12,9915.23
220,13,9924.53
220,14,9904.58
220,15,9922.33
220,16,9925.98
220,17,9928.54
220,18,9929.31
220,19,9908.95
220,20,9910.28
220,21,9917.76
220,22,9911.19
220,23,9915.91
220,24,9913.09
220,25,9919.69
220,26,9919.41
220,27,9922.67
220,28,9905.18
220,29,9912.29
220,30,9935.1
220,31,9927.7
220,32,9924.63
220,33,9922.13
220,34,9928.36
220,35,9911.08
220,36,9934.96
220,37,9932.35
220,38,9936.89
220,39,9914.14
220,40,9923.93
220,41,9905.62
220,42,9914.75
220,43,9906.15
220,44,9927.5
220,45,9906.14
220,46,9926.22
220,47,9930.16
220,48,9924.78
220,49,9922.17
220,50,9906.84
220,51,9919.71
220,52,9942.5
220,53,9941.79
220,54,9917.13
220,55,9898.69
220,56,9905.1
220,57,9901.87
220,58,9922.79
220,59,9905.46
220,60,9930.18
220,61,9927.37
220,62,9938.47
220,63,9917.67
220,64,9923.75
220,65,9910.03
220,66,9895.91
220,67,9912.29
220,68,9922.29
220,69,9896.22
220,70,9936.85
220,71,9915.55
220,72,9922.96
220,73,9934.84
220,74,9916.15
220,75,9924.82
220,76,9896.03
220,77,9919.2
220,78,9917.39
220,79,9936.68
220,80,9918.96
220,81,9904.66
220,82,9925.8
220,83,9922.35
220,84,9930.32
220,85,9933.45
220,86,9909.23
220,87,9902.18
220,88,9914.97
220,89,9908.73
220,90,9917.94
220,91,9923.32
220,92,9919.79
220,93,9915.31
220,94,9908.93
220,95,9926.54
220,96,9919.93
220,97,9923.49
220,98,9889.61
220,99,9924.5
230,0,9921.9
230,1,9918.72
230,2,9913.75
230,3,9903.55
230,4,9900.06
230,5,9914.84
230,6,9920.67
230,7,9909.28
230,8,9909.05
230,9,9937.98
230,10,9923.07
230,11,9905.3
230,12,9914.95
230,13,9924.25
230,14,9904.35
230,15,9922.1
230,16,9925.7
230,17,9928.26
230,18,9929.03
230,19,9908.68
230,20,9910.03
230,21,9917.5
230,22,9910.93
230,23,9915.68
230,24,9912.85
230,25,9919.44
230,26,9919.14
230,27,9922.39
230,28,9904.94
230,29,9912.07
230,30,9934.83
230,31,9927.41
230,32,9924.35
230,33,9921.88
230,34,9928.12
230,35,9910.82
230,36,9934.67
230,37,9932.1
230,38,9936.63
230,39,9913.87
230,40,9923.64
230,41,9905.34
230,42,9914.51
230,43,9905.89
230,44,9927.27
230,45,9905.87
230,46,9925.93
230,47,9929.87
230,48,9924.51
230,49,9921.93
230,50,9906.58
230,51,9919.48
230,52,9942.21
230,53,9941.5
230,54,9911.32
230,55,9898.43
230,56,9904.85
230,57,9901.61
230,58,9922.5
230,59,9905.21
230,60,9929.91
230,61,9927.1
230,62,9938.17
230,63,9917.41
230,64,9923.53
230,65,9909.77
230,66,9895.67
230,67,9912.04
230,68,9922.02
230,69,9895.99
230,70,9936.57
230,71,9915.29
230,72,9922.72
230,73,9934.59
230,74,9915.92
230,75,9924.54
230,76,9895.79
230,77,9918.94
230,78,9917.1
230,79,9936.38
230,80,9918.72
230,81,9904.41
230,82,9925.55
230,83,9922.09
230,84,9930.03
230,85,9933.2
230,86,9908.99
230,87,9901.96
230,88,9914.71
230,89,9908.48
230,90,9917.7
230,91,9923.07
230,92,9919.54
230,93,9915.05
230,94,9908.67
230,95,9926.27
230,96,9919.66
230,97,9923.22
230,98,9889.37
230,99,9924.23
240,0,9921.6
240,1,9918.42
240,2,9913.45
240,3,9903.25
240,4,9899.76
240,5,9914.54
240,6,9920.37
240,7,9908.98
240,8,9908.75
240,9,9937.68
240,10,9922.77
240,11,9905
240,12,9914.65
240,13,9923.95
240,14,9904.05
240,15,9921.8
240,16,9925.4
240,17,9927.96
240,18,9928.73
240,19,9908.38
240,20,9909.73
240,21,9917.2
240,22,9910.63
240,23,9915.38
240,24,9912.55
240,25,9919.14
240,26,9918.84
240,27,9922.09
240,28,9904.64
240,29,9911.77
240,30,9934.53
240,31,9927.11
240,32,9924.05
240,33,9921.58
240,34,9927.82
240,35,9910.52
240,36,9934.37
240,37,9931.8
240,38,9936.33
240,39,9913.57
240,40,9923.34
240,41,9905.04
240,42,9914.21
240,43,9905.59
240,44,9926.97
240,45,9905.57
240,46,9925.63
240,47,9929.57
240,48,9924.21
240,49,9921.63
240,50,9906.28
240,51,9919.18
240,52,9941.91
240,53,9941.2
240,54,9911.02
240,55,9898.13
240,56,9904.55
240,57,9901.31
240,58,9922.2
240,59,9904.91
240,60,9929.61
240,61,9926.8
240,62,9937.87
240,63,9917.11
240,64,9923.23
240,65,9909.47
240,66,9895.37
240,67,9911.74
240,68,9921.72
240,69,9895.69
240,70,9936.27
240,71,9914.99
240,72,9922.42
240,73,9934.29
240,74,9915.62
240,75,9924.24
240,76,9895.49
240,77,9918.64
240,78,9916.8
240,79,9936.08
240,80,9918.42
240,81,9904.11
240,82,9925.25
240,83,9921.79
240,84,9929.73
240,85,9932.9
240,86,9908.69
240,87,9901.66
240,88,9914.41
240,89,9908.18
240,90,9917.4
240,91,9922.77
240,92,9919.24
240,93,9914.75
240,94,9908.37
240,95,9925.97
240,96,9919.36
240,97,9922.92
240,98,9889.07
240,99,9923.93
250,0,9910.91
250,1,9907.81
250,2,9901.95
250,3,9888.94
250,4,9884.83
250,5,9904.06
250,6,9911.05
250,7,9896.72
250,8,9897.13
250,9,9928.96
250,10,9912.7
250,11,9891.92
250,12,9900.43
250,13,9912.57
250,14,9890.19
250,15,9913.16
250,16,9914.89
250,17,9918.79
250,18,9918.08
250,19,9895.63
250,20,9893.52
250,21,9906.02
250,22,9898.42
250,23,9904.24
250,24,9902.24
250,25,9908.54
250,26,9907.85
250,27,9911.87
250,28,9890.16
250,29,9901.91
250,30,9926.06
250,31,9917.35
250,32,9914.12
250,33,9913.35
250,34,9918.93
250,35,9898.88
250,36,9926.43
250,37,9920.81
250,38,9927.56
250,39,9901.89
250,40,9913.62
250,41,9898.13
250,42,9900.94
250,43,9892.49
250,44,9917.13
250,45,9892.7
250,46,9915.12
250,47,9921.56
250,48,9913.33
250,49,9911.28
250,50,9893.8
250,51,9907.47
250,52,9932.56
250,53,9932.12
250,54,9900.81
250,55,9883.16
250,56,9891.12
250,57,9887.4
250,58,9912.44
250,59,9891.65
250,60,9919.75
250,61,9915.2
250,62,9929.98
250,63,9903.53
250,64,9913.16
250,65,9897.35
250,66,9879.99
250,67,9898.79
250,68,9912.67
250,69,9880.41
250,70,9928.32
250,71,9901.94
250,72,9912.5
250,73,9923.86
250,74,9904.42
250,75,9914.52
250,76,9880.9
250,77,9906.19
250,78,9903.54
250,79,9927.63
250,80,9907.46
250,81,9890.39
250,82,9915.75
250,83,9910.14
250,84,9919.92
250,85,9925.9
250,86,9894.62
250,87,9889.8
250,88,9903.88
250,89,9893.71
250,90,9903.94
250,91,9914.72
250,92,9909.17
250,93,9904
250,94,9895.62
250,95,9915.99
250,96,9907.8
250,97,9912.6
250,98,9874.6
250,99,9916.13
260,0,9910.64
260,1,9907.55
260,2,9901.69
260,3,9888.71
260,4,9884.61
260,5,9903.8
260,6,9910.78
260,7,9896.48
260,8,9896.87
260,9,9928.67
260,10,9912.43
260,11,9891.68
260,12,9900.18
260,13,9912.31
260,14,9889.97
260,15,9912.88
260,16,9914.61
260,17,9918.52
260,18,9917.82
260,19,9895.38
260,20,9893.3
260,21,9905.76
260,22,9898.17
260,23,9903.98
260,24,9901.97
260,25,9908.28
260,26,9907.59
260,27,9911.59
260,28,9889.93
260,29,9901.64
260,30,9925.78
260,31,9917.08
260,32,9913.85
260,33,9913.06
260,34,9918.66
260,35,9898.63
260,36,9926.13
260,37,9920.56
260,38,9927.29
260,39,9901.63
260,40,9913.35
260,41,9897.83
260,42,9900.71
260,43,9892.25
260,44,9916.87
260,45,9892.46
260,46,9914.84
260,47,9921.27
260,48,9913.07
260,49,9911.01
260,50,9893.55
260,51,9907.23
260,52,9932.29
260,53,9931.84
260,54,9900.56
260,55,9882.91
260,56,9890.88
260,57,9887.16
260,58,9912.17
260,59,9891.42
260,60,9919.49
260,61,9914.94
260,62,9929.68
260,63,9903.29
260,64,9912.91
260,65,9897.11
260,66,9879.76
260,67,9898.56
260,68,9912.4
260,69,9880.18
260,70,9928.03
260,71,9901.69
260,72,9912.23
260,73,9923.6
260,74,9904.16
260,75,9914.25
260,76,9880.67
260,77,9905.94
260,78,9903.28
260,79,9927.33
260,80,9907.21
260,81,9890.17
260,82,9915.47
260,83,9909.88
260,84,9919.65
260,85,9925.6
260,86,9894.39
260,87,9889.55
260,88,9903.62
260,89,9893.47
260,90,9903.69
260,91,9914.43
260,92,9908.9
260,93,9903.73
260,94,9895.37
260,95,9915.72
260,96,9907.56
260,97,9912.34
260,98,9874.37
260,99,9915.84
270,0,9910.34
270,1,9907.25
270,2,9901.39
270,3,9888.41
270,4,9884.31
270,5,9903.5
270,6,9910.48
270,7,9896.18
270,8,9896.57
270,9,9928.37
270,10,9912.13
270,11,9891.38
270,12,9899.88
270,13,9912.01
270,14,9889.67
270,15,9912.58
270,16,9914.31
270,17,9918.22
270,18,9917.52
270,19,9895.08
270,20,9893
270,21,9905.46
270,22,9897.87
270,23,9903.68
270,24,9901.67
270,25,9907.98
270,26,9907.29
270,27,9911.29
270,28,9889.63
270,29,9901.34
270,30,9925.48
270,31,9916.78
270,32,9913.55
270,33,9912.76
270,34,9918.36
270,35,9898.33
270,36,9925.83
270,37,9920.26
270,38,9926.99
270,39,9901.33
270,40,9913.05
270,41,9897.53
270,42,9900.41
270,43,9891.95
270,44,9916.57
270,45,9892.16
270,46,9914.54
270,47,9920.97
270,48,9912.77
270,49,9910.71
270,50,9893.25
270,51,9906.93
270,52,9931.99
270,53,9931.54
270,54,9900.26
270,55,9882.61
270,56,9890.58
270,57,9886.86
270,58,9911.87
270,59,9891.12
270,60,9919.19
270,61,9914.64
270,62,9929.38
270,63,9902.99
270,64,9912.61
270,65,9896.81
270,66,9879.46
270,67,9898.26
270,68,9912.1
270,69,9879.88
270,70,9927.73
270,71,9901.39
270,72,9911.93
270,73,9923.3
270,74,9903.86
270,75,9913.95
270,76,9880.37
270,77,9905.64
270,78,9902.98
270,79,9927.03
270,80,9906.91
270,81,9889.87
270,82,9915.17
270,83,9909.58
270,84,9919.35
270,85,9925.3
270,86,9894.09
270,87,9889.25
270,88,9903.32
270,89,9893.17
270,90,9903.39
270,91,9914.13
270,92,9908.6
270,93,9903.43
270,94,9895.07
270,95,9915.42
270,96,9907.26
270,97,9912.04
270,98,9874.07
270,99,9915.54
280,0,9899.3
280,1,9896.55
280,2,9890.1
280,3,9874.03
280,4,9868.76
280,5,9892.88
280,6,9901.44
280,7,9884.19
280,8,9886.89
280,9,9919.3
280,10,9902.92
280,11,9880.51
280,12,9890.48
280,13,9901.56
280,14,9875.54
280,15,9904.4
280,16,9904.56
280,17,9910.15
280,18,9908.31
280,19,9882.77
280,20,9878.12
280,21,9893.7
280,22,9887.48
280,23,9892.92
280,24,9892.19
280,25,9896.68
280,26,9897.11
280,27,9901.35
280,28,9875.7
280,29,9891.34
280,30,9916.79
280,31,9909.01
280,32,9903.88
280,33,9904.6
280,34,9909.34
280,35,9885.6
280,36,9917.46
280,37,9912.8
280,38,9916.3
280,39,9889.37
280,40,9903.32
280,41,9886.9
280,42,9887.53
280,43,9882.93
280,44,9906.64
280,45,9882.05
280,46,9905.33
280,47,9912.89
280,48,9901.65
280,49,9900.62
280,50,9880.47
280,51,9895.96
280,52,9922.28
280,53,9922.47
280,54,9890.5
280,55,9868.09
280,56,9877.44
280,57,9875.87
280,58,9900.3
280,59,9877.72
280,60,9909.22
280,61,9902.71
280,62,9919.15
280,63,9890.18
280,64,9903.67
280,65,9884.73
280,66,9866.95
280,67,9890.31
280,68,9901.15
280,69,9865.25
280,70,9919.86
280,71,9888.5
280,72,9901.76
280,73,9912.47
280,74,9891.36
280,75,9902.67
280,76,9869.32
280,77,9893.14
280,78,9891.79
280,79,9915.05
280,80,9897.46
280,81,9876.09
280,82,9905.66
280,83,9897.81
280,84,9909.43
280,85,9915.38
280,86,9880
280,87,9878.95
280,88,9892.85
280,89,9878.48
280,90,9890.28
280,91,9902.74
280,92,9897.97
280,93,9890.2
280,94,9884.36
280,95,9905.41
280,96,9894.82
280,97,9903.89
280,98,9858.76
280,99,9907.62
290,0,9899.06
290,1,9891.22
290,2,9884.81
290,3,9873.81
290,4,9868.56
290,5,9887.79
290,6,9897.61
290,7,9883.58
290,8,9882.13
290,9,9916.61
290,10,9898.83
290,11,9880.26
290,12,9890.22
290,13,9901.31
290,14,9875.33
290,15,9899.74
290,16,9904.29
290,17,9907.47
290,18,9904.71
290,19,9882.53
290,20,9877.91
290,21,9893.46
290,22,9882.83
290,23,9888.1
290,24,9887.05
290,25,9896.43
290,26,9896.86
290,27,9901.09
290,28,9875.48
290,29,9886.57
290,30,9913.28
290,31,9905.9
290,32,9899.76
290,33,9900.48
290,34,9904.66
290,35,9885.37
290,36,9914.8
290,37,9908.85
290,38,9916.05
290,39,9889.13
290,40,9903.06
290,41,9886.65
290,42,9887.31
290,43,9878.43
290,44,9901.98
290,45,9878.08
290,46,9905.06
290,47,9912.62
290,48,9901.4
290,49,9895.8
290,50,9880.23
290,51,9895.73
290,52,9922.03
290,53,9922.21
290,54,9884.94
290,55,9867.48
290,56,9876.88
290,57,9875.62
290,58,9900.04
290,59,9877.5
290,60,9908.99
290,61,9902.47
290,62,9918.9
290,63,9889.95
290,64,9898.61
290,65,9884.5
290,66,9861.64
290,67,9886.07
290,68,9900.92
290,69,9865.04
290,70,9917.17
290,71,9888.27
290,72,9897.36
290,73,9912.23
290,74,9891.13
290,75,9902.43
290,76,9864.1
290,77,9892.9
290,78,9891.54
290,79,9914.8
290,80,9893.11
290,81,9875.87
290,82,9902.8
290,83,9897.56
290,84,9909.17
290,85,9915.14
290,86,9879.78
290,87,9872.43
290,88,9892.6
290,89,9878.27
290,90,9890.05
290,91,9902.51
290,92,9897.71
290,93,9889.97
290,94,9880.13
290,95,9905.15
290,96,9894.6
290,97,9899.42
290,98,9858.55
290,99,9904.36
300,0,9898.76
300,1,9890.92
300,2,9884.51
300,3,9873.51
300,4,9868.26
300,5,9887.49
300,6,9897.31
300,7,9883.28
300,8,9881.83
300,9,9916.31
300,10,9898.53
300,11,9879.96
300,12,9889.92
300,13,9901.01
300,14,9875.03
300,15,9899.44
300,16,9903.99
300,17,9907.17
300,18,9904.41
300,19,9882.23
300,20,9877.61
300,21,9893.16
300,22,9882.53
300,23,9887.8
300,24,9886.75
300,25,9896.13
300,26,9896.56
300,27,9900.79
300,28,9875.18
300,29,9886.27
300,30,9912.98
300,31,9905.6
300,32,9899.46
300,33,9900.18
300,34,9904.36
300,35,9885.07
300,36,9914.5
300,37,9908.55
300,38,9915.75
300,39,9888.83
300,40,9902.76
300,41,9886.35
300,42,9887.01
300,43,9878.13
300,44,9901.68
300,45,9877.78
300,46,9904.76
300,47,9912.32
300,48,9901.1
300,49,9895.5
300,50,9879.93
300,51,9895.43
300,52,9921.73
300,53,9921.91
300,54,9884.64
300,55,9867.18
300,56,9876.58
300,57,9875.32
300,58,9899.74
300,59,9877.2
300,60,9908.69
300,61,9902.17
300,62,9918.6
300,63,9889.65
300,64,9898.31
300,65,9884.2
300,66,9861.34
300,67,9885.77
300,68,9900.62
300,69,9864.74
300,70,9916.87
300,71,9887.97
300,72,9897.06
300,73,9911.93
300,74,9890.83
300,75,9902.13
300,76,9863.8
300,77,9892.6
300,78,9891.24
300,79,9914.5
300,80,9892.81
300,81,9875.57
300,82,9902.5
300,83,9897.26
300,84,9908.87
300,85,9914.84
300,86,9879.48
300,87,9872.13
300,88,9892.3
300,89,9877.97
300,90,9889.75
300,91,9902.21
300,92,9897.41
300,93,9889.67
300,94,9879.83
300,95,9904.85
300,96,9894.3
300,97,9899.12
300,98,9858.25
300,99,9904.06
310,0,9888.35
310,1,9880.44
310,2,9873.35
310,3,9859.41
310,4,9855.93
310,5,9877
310,6,9887.19
310,7,9871.17
310,8,9870.95
310,9,9907.92
310,10,9888.74
310,11,9871.23
310,12,9876.45
310,13,9890.12
310,14,9864.22
310,15,9889.9
310,16,9894.48
310,17,9897.85
310,18,9895.14
310,19,9869.87
310,20,9867.06
310,21,9881.18
310,22,9872.01
310,23,9877.2
310,24,9874.59
310,25,9884.96
310,26,9885.39
310,27,9890.81
310,28,9861.44
310,29,9876.81
310,30,9904.09
310,31,9895.71
310,32,9888.52
310,33,9892.07
310,34,9895.88
310,35,9873.63
310,36,9906.1
310,37,9900.81
310,38,9905.18
310,39,9877.99
310,40,9889.19
310,41,9875.79
310,42,9876.24
310,43,9865.11
310,44,9891.77
310,45,9866.47
310,46,9895.39
310,47,9903.92
310,48,9892.32
310,49,9885.8
310,50,9867.59
310,51,9886.75
310,52,9912
310,53,9912.56
310,54,9875.05
310,55,9854.3
310,56,9863.32
310,57,9861.93
310,58,9889.9
310,59,9863.8
310,60,9896.67
310,61,9892.18
310,62,9907.18
310,63,9876.44
310,64,9888.01
310,65,9872.02
310,66,9849.01
310,67,9877.39
310,68,9892.46
310,69,9849.82
310,70,9908.58
310,71,9875.3
310,72,9887.52
310,73,9901.47
310,74,9878.63
310,75,9890.61
310,76,9854.19
310,77,9880.35
310,78,9878.54
310,79,9907.5
310,80,9883.37
310,81,9866.04
310,82,9893.01
310,83,9885.53
310,84,9899.79
310,85,9906.27
310,86,9865.56
310,87,9861.83
310,88,9882.48
310,89,9867.94
310,90,9876.76
310,91,9891.73
310,92,9887.11
310,93,9877.61
310,94,9867.12
310,95,9896.48
310,96,9887.69
310,97,9889.82
310,98,9846.35
310,99,9896.88
320,0,9888.11
320,1,9875.14
320,2,9871.73
320,3,9859.2
320,4,9855.11
320,5,9871.36
320,6,9886.95
320,7,9870.96
320,8,9866.26
320,9,9905.27
320,10,9884.7
320,11,9867.23
320,12,9876.23
320,13,9889.88
320,14,9861.17
320,15,9885.28
320,16,9894.23
320,17,9895.13
320,18,9891.55
320,19,9869.65
320,20,9861.7
320,21,9880.95
320,22,9867.36
320,23,9872.42
320,24,9874.37
320,25,9884.73
320,26,9885.17
320,27,9888.91
320,28,9861.23
320,29,9871.46
320,30,9900.17
320,31,9895.47
320,32,9888.29
320,33,9888.01
320,34,9891.35
320,35,9873.4
320,36,9903.47
320,37,9895.52
320,38,9904.95
320,39,9873.22
320,40,9888.94
320,41,9875.55
320,42,9872.75
320,43,9864.9
320,44,9887.07
320,45,9866.23
320,46,9895.14
320,47,9903.67
320,48,9888.9
320,49,9881.3
320,50,9867.36
320,51,9883.16
320,52,9911.77
320,53,9912.32
320,54,9869.31
320,55,9854.08
320,56,9863.11
320,57,9861.71
320,58,9887.19
320,59,9863.6
320,60,9896.47
320,61,9888.53
320,62,9905.08
320,63,9876.23
320,64,9887.78
320,65,9871.81
320,66,9846.02
320,67,9873.1
320,68,9886.47
320,69,9849.62
320,70,9905.39
320,71,9875.08
320,72,9882.81
320,73,9901.24
320,74,9878.41
320,75,9890.37
320,76,9848.51
320,77,9880.12
320,78,9878.3
320,79,9905.19
320,80,9881.12
320,81,9862.06
320,82,9892.76
320,83,9885.3
320,84,9897.02
320,85,9902.07
320,86,9865.35
320,87,9855.3
320,88,9879.91
320,89,9862.94
320,90,9876.54
320,91,9891.5
320,92,9886.87
320,93,9877.39
320,94,9866.9
320,95,9893.27
320,96,9882
320,97,9885.4
320,98,9843.37
320,99,9893.64
330,0,9887.81
330,1,9874.84
330,2,9871.43
330,3,9858.9
330,4,9854.81
330,5,9871.06
330,6,9886.65
330,7,9870.66
330,8,9865.96
330,9,9904.97
330,10,9884.4
330,11,9866.93
330,12,9875.93
330,13,9889.58
330,14,9860.87
330,15,9884.98
330,16,9893.93
330,17,9894.83
330,18,9891.25
330,19,9869.35
330,20,9861.4
330,21,9880.65
330,22,9867.06
330,23,9872.12
330,24,9874.07
330,25,9884.43
330,26,9884.87
330,27,9888.61
330,28,9860.93
330,29,9871.16
330,30,9899.87
330,31,9895.17
330,32,9887.99
330,33,9887.71
330,34,9891.05
330,35,9873.1
330,36,9903.17
330,37,9895.22
330,38,9904.65
330,39,9872.92
330,40,9888.64
330,41,9875.25
330,42,9872.45
330,43,9864.6
330,44,9886.77
330,45,9865.93
330,46,9894.84
330,47,9903.37
330,48,9888.6
330,49,9881
330,50,9867.06
330,51,9882.86
330,52,9911.47
330,53,9912.02
330,54,9869.01
330,55,9853.78
330,56,9862.81
330,57,9861.41
330,58,9886.89
330,59,9863.3
330,60,9896.17
330,61,9888.23
330,62,9904.78
330,63,9875.93
330,64,9887.48
330,65,9871.51
330,66,9845.72
330,67,9872.8
330,68,9886.17
330,69,9849.32
330,70,9905.09
330,71,9874.78
330,72,9882.51
330,73,9900.94
330,74,9878.11
330,75,9890.07
330,76,9848.21
330,77,9879.82
330,78,9878
330,79,9904.89
330,80,9880.82
330,81,9861.76
330,82,9892.46
330,83,9885
330,84,9896.72
330,85,9901.77
330,86,9865.05
330,87,9855
330,88,9879.61
330,89,9862.64
330,90,9876.24
330,91,9891.2
330,92,9886.57
330,93,9877.09
330,94,9866.6
330,95,9892.97
330,96,9881.7
330,97,9885.1
330,98,9843.07
330,99,9893.34
340,0,9876.17
340,1,9864.78
340,2,9859.57
340,3,9850.06
340,4,9844.01
340,5,9860.88
340,6,9877.41
340,7,9859.26
340,8,9859.49
340,9,9896.73
340,10,9877.5
340,11,9861.49
340,12,9866.66
340,13,9879.35
340,14,9849.07
340,15,9876.9
340,16,9883.88
340,17,9886.84
340,18,9884.93
340,19,9857.86
340,20,9852.98
340,21,9870.17
340,22,9856.59
340,23,9861.75
340,24,9864.57
340,25,9874.37
340,26,9877.31
340,27,9879.64
340,28,9848.09
340,29,9861.14
340,30,9890.56
340,31,9889.23
340,32,9877.58
340,33,9879.57
340,34,9882.86
340,35,9864.49
340,36,9894.73
340,37,9888.49
340,38,9895.47
340,39,9860.87
340,40,9878.82
340,41,9863.41
340,42,9863.24
340,43,9856.94
340,44,9878.37
340,45,9858.29
340,46,9885.66
340,47,9894.99
340,48,9883.1
340,49,9869.92
340,50,9855.02
340,51,9873.55
340,52,9903.41
340,53,9904.27
340,54,9859.66
340,55,9841.21
340,56,9854.96
340,57,9850.56
340,58,9876.96
340,59,9851.36
340,60,9886.09
340,61,9879.17
340,62,9897.68
340,63,9863.64
340,64,9876.98
340,65,9860.13
340,66,9835.8
340,67,9861.74
340,68,9877.87
340,69,9840.85
340,70,9896.97
340,71,9862.37
340,72,9871.81
340,73,9891.46
340,74,9867.27
340,75,9883.31
340,76,9839.05
340,77,9868.21
340,78,9865.53
340,79,9897.8
340,80,9872.27
340,81,9851.78
340,82,9882.7
340,83,9873.18
340,84,9886.98
340,85,9893.33
340,86,9854.63
340,87,9844.99
340,88,9868.64
340,89,9851.87
340,90,9864.71
340,91,9885.28
340,92,9876.54
340,93,9868
340,94,9856.29
340,95,9884.49
340,96,9873.53
340,97,9874.21
340,98,9830.13
340,99,9886.58
350,0,9875.95
350,1,9861.35
350,2,9854.23
350,3,9844.37
350,4,9838.29
350,5,9855.78
350,6,9873.59
350,7,9857.53
350,8,9853.85
350,9,9894.01
350,10,9871.23
350,11,9855.54
350,12,9866.38
350,13,9879.12
350,14,9843.93
350,15,9872.84
350,16,9883.65
350,17,9884.15
350,18,9880.31
350,19,9857.2
350,20,9847.66
350,21,9866.1
350,22,9852.33
350,23,9856.99
350,24,9859.91
350,25,9869.9
350,26,9872.14
350,27,9879.4
350,28,9847.62
350,29,9856.09
350,30,9889.43
350,31,9883.41
350,32,9877.35
350,33,9875.58
350,34,9879.58
350,35,9859.87
350,36,9892.1
350,37,9885.06
350,38,9895.24
350,39,9860.66
350,40,9874.33
350,41,9863.2
350,42,9859.33
350,43,9852.53
350,44,9874.59
350,45,9854.95
350,46,9885.42
350,47,9891.81
350,48,9877.99
350,49,9864.97
350,50,9853.39
350,51,9869.06
350,52,9903.17
350,53,9902.32
350,54,9855.18
350,55,9839.49
350,56,9849.63
350,57,9848.41
350,58,9874.89
350,59,9849.09
350,60,9885.33
350,61,9875.17
350,62,9894.26
350,63,9862.62
350,64,9871.93
350,65,9858.39
350,66,9831.01
350,67,9861.53
350,68,9873
350,69,9834.66
350,70,9894.31
350,71,9860.64
350,72,9869.95
350,73,9891.23
350,74,9862.59
350,75,9878.63
350,76,9833.54
350,77,9868
350,78,9865.3
350,79,9895.57
350,80,9867.95
350,81,9846.77
350,82,9882.47
350,83,9872.96
350,84,9886.74
350,85,9890.17
350,86,9851.52
350,87,9838.43
350,88,9868.43
350,89,9846.95
350,90,9864.5
350,91,9878.88
350,92,9875.25
350,93,9860.14
350,94,9854.66
350,95,9884.25
350,96,9870.46
350,97,9872.79
350,98,9829.92
350,99,9883.74
360,0,9875.65
360,1,9861.05
360,2,9853.93
360,3,9844.07
360,4,9837.99
360,5,9855.48
360,6,9873.29
360,7,9857.23
360,8,9853.55
360,9,9893.71
360,10,9870.93
360,11,9855.24
360,12,9866.08
360,13,9878.82
360,14,9843.63
360,15,9872.54
360,16,9883.35
360,17,9883.85
360,18,9880.01
360,19,9856.9
360,20,9847.36
360,21,9865.8
360,22,9852.03
360,23,9856.69
360,24,9859.61
360,25,9869.6
360,26,9871.84
360,27,9879.1
360,28,9847.32
360,29,9855.79
360,30,9889.13
360,31,9883.11
360,32,9877.05
360,33,9875.28
360,34,9879.28
360,35,9859.57
360,36,9891.8
360,37,9884.76
360,38,9894.94
360,39,9860.36
360,40,9874.03
360,41,9862.9
360,42,9859.03
360,43,9852.23
360,44,9874.29
360,45,9854.65
360,46,9885.12
360,47,9891.51
360,48,9877.69
360,49,9864.67
360,50,9853.09
360,51,9868.76
360,52,9902.87
360,53,9902.02
360,54,9854.88
360,55,9839.19
360,56,9849.33
360,57,9848.11
360,58,9874.59
360,59,9848.79
360,60,9885.03
360,61,9874.87
360,62,9893.96
360,63,9862.32
360,64,9871.63
360,65,9858.09
360,66,9830.71
360,67,9861.23
360,68,9872.7
360,69,9834.36
360,70,9894.01
360,71,9860.34
360,72,9869.65
360,73,9890.93
360,74,9862.29
360,75,9878.33
360,76,9833.24
360,77,9867.7
360,78,9865
360,79,9895.27
360,80,9867.65
360,81,9846.47
360,82,9882.17
360,83,9872.66
360,84,9886.44
360,85,9889.87
360,86,9851.22
360,87,9838.13
360,88,9868.13
360,89,9846.65
360,90,9864.2
360,91,9878.58
360,92,9874.95
360,93,9859.84
360,94,9854.36
360,95,9883.95
360,96,9870.16
360,97,9872.49
360,98,9829.62
360,99,9883.44
370,0,9867.15
370,1,9851.98
370,2,9845.37
370,3,9839.19
370,4,9828.62
370,5,9846.22
370,6,9864.94
370,7,9850.6
370,8,9845.95
370,9,9884.93
370,10,9863.98
370,11,9844.74
370,12,9854.54
370,13,9868.61
370,14,9834.12
370,15,9865.17
370,16,9873.52
370,17,9876.16
370,18,9873.53
370,19,9850.75
370,20,9837.16
370,21,9855.49
370,22,9843.53
370,23,9846.41
370,24,9850.4
370,25,9859.63
370,26,9865.05
370,27,9870.05
370,28,9842.8
370,29,9846.59
370,30,9880.04
370,31,9875.09
370,32,9867.58
370,33,9867.05
370,34,9873.69
370,35,9851.1
370,36,9884.08
370,37,9878.5
370,38,9886.31
370,39,9850.09
370,40,9867.43
370,41,9852.47
370,42,9849.72
370,43,9844.56
370,44,9865.62
370,45,9847.61
370,46,9875.66
370,47,9882.98
370,48,9868.96
370,49,9855.49
370,50,9847.01
370,51,9862.38
370,52,9895.12
370,53,9894.55
370,54,9850.51
370,55,9831.42
370,56,9841.42
370,57,9837.34
370,58,9866.1
370,59,9841.61
370,60,9877.99
370,61,9865.61
370,62,9886.06
370,63,9852.03
370,64,9864.23
370,65,9851.69
370,66,9820.51
370,67,9852.7
370,68,9864.12
370,69,9826.46
370,70,9885.86
370,71,9853.85
370,72,9860.08
370,73,9882.17
370,74,9851.92
370,75,9870.62
370,76,9823.39
370,77,9856.3
370,78,9852.98
370,79,9888.45
370,80,9860.87
370,81,9836.54
370,82,9874.11
370,83,9862.73
370,84,9877.1
370,85,9882.96
370,86,9844.34
370,87,9829.38
370,88,9862.2
370,89,9836.58
370,90,9853.09
370,91,9872.87
370,92,9865.56
370,93,9850.34
370,94,9846.81
370,95,9875.33
370,96,9863.15
370,97,9862.49
370,98,9820.1
370,99,9876.95
380,0,9864.3
380,1,9846.42
380,2,9838.46
380,3,9829.31
380,4,9822.01
380,5,9840.91
380,6,9861.02
380,7,9844.56
380,8,9841.98
380,9,9883.79
380,10,9859.87
380,11,9843.49
380,12,9854.32
380,13,9867.04
380,14,9829.12
380,15,9859.73
380,16,9873.3
380,17,9875.69
380,18,9868.87
380,19,9844.76
380,20,9832.49
380,21,9854.51
380,22,9841.12
380,23,9842.27
380,24,9845.38
380,25,9855.88
380,26,9859.89
380,27,9868.76
380,28,9834.26
380,29,9841.89
380,30,9877.39
380,31,9873.23
380,32,9866.55
380,33,9862.73
380,34,9866.61
380,35,9846.1
380,36,9881.94
380,37,9873.34
380,38,9883.78
380,39,9848.1
380,40,9862.65
380,41,9851
380,42,9845.93
380,43,9838.67
380,44,9860.73
380,45,9842
380,46,9875.43
380,47,9879.59
380,48,9866.04
380,49,9850.25
380,50,9839.8
380,51,9859.09
380,52,9892.36
380,53,9892.05
380,54,9840.24
380,55,9824.92
380,56,9835.09
380,57,9833.95
380,58,9861.81
380,59,9833.61
380,60,9875.01
380,61,9862.68
380,62,9885.43
380,63,9848.39
380,64,9857.83
380,65,9846.23
380,66,9815.08
380,67,9852.18
380,68,9858.75
380,69,9818.69
380,70,9883.89
380,71,9846.5
380,72,9856.67
380,73,9879.89
380,74,9851.26
380,75,9866.98
380,76,9817.43
380,77,9854.57
380,78,9851.48
380,79,9886.84
380,80,9856.03
380,81,9831.43
380,82,9871.62
380,83,9860.95
380,84,9876.87
380,85,9878.4
380,86,9836.53
380,87,9821.53
380,88,9855.91
380,89,9832.52
380,90,9852.49
380,91,9866.57
380,92,9863.85
380,93,9845.25
380,94,9842.83
380,95,9875.11
380,96,9858.2
380,97,9861.62
380,98,9815.02
380,99,9873.78
390,0,9864
390,1,9846.12
390,2,9838.16
390,3,9829.01
390,4,9821.71
390,5,9840.61
390,6,9860.72
390,7,9844.26
390,8,9841.68
390,9,9883.49
390,10,9859.57
390,11,9843.19
390,12,9854.02
390,13,9866.74
390,14,9828.82
390,15,9859.43
390,16,9873
390,17,9875.39
390,18,9868.57
390,19,9844.46
390,20,9832.19
390,21,9854.21
390,22,9840.82
390,23,9841.97
390,24,9845.08
390,25,9855.58
390,26,9859.59
390,27,9868.46
390,28,9833.96
390,29,9841.59
390,30,9877.09
390,31,9872.93
390,32,9866.25
390,33,9862.43
390,34,9866.31
390,35,9845.8
390,36,9881.64
390,37,9873.04
390,38,9883.48
390,39,9847.8
390,40,9862.35
390,41,9850.7
390,42,9845.63
390,43,9838.37
390,44,9860.43
390,45,9841.7
390,46,9875.13
390,47,9879.29
390,48,9865.74
390,49,9849.95
390,50,9839.5
390,51,9858.79
390,52,9892.06
390,53,9891.75
390,54,9839.94
390,55,9824.62
390,56,9834.79
390,57,9833.65
390,58,9861.51
390,59,9833.31
390,60,9874.71
390,61,9862.38
390,62,9885.13
390,63,9848.09
390,64,9857.53
390,65,9845.93
390,66,9814.78
390,67,9851.88
390,68,9858.45
390,69,9818.39
390,70,9883.59
390,71,9846.2
390,72,9856.37
390,73,9879.59
390,74,9850.96
390,75,9866.68
390,76,9817.13
390,77,9854.27
390,78,9851.18
390,79,9886.54
390,80,9855.73
390,81,9831.13
390,82,9871.32
390,83,9860.65
390,84,9876.57
390,85,9878.1
390,86,9836.23
390,87,9821.23
390,88,9855.61
390,89,9832.22
390,90,9852.19
390,91,9866.27
390,92,9863.55
390,93,9844.95
390,94,9842.53
390,95,9874.81
390,96,9857.9
390,97,9861.32
390,98,9814.72
390,99,9873.48
400,0,9860.79
400,1,9842.76
400,2,9834.07
400,3,9823.99
400,4,9817.66
400,5,9834.77
400,6,9855
400,7,9837.63
400,8,9834.38
400,9,9875.82
400,10,9854.08
400,11,9837.85
400,12,9848.48
400,13,9861.4
400,14,9824.61
400,15,9855.74
400,16,9865.66
400,17,9869.45
400,18,9863.47
400,19,9838.44
400,20,9828.06
400,21,9848.36
400,22,9835.7
400,23,9836.43
400,24,9836.78
400,25,9848.68
400,26,9853.96
400,27,9859.8
400,28,9829.45
400,29,9836.93
400,30,9874.34
400,31,9867.4
400,32,9861.85
400,33,9855.02
400,34,9860.95
400,35,9839.38
400,36,9875
400,37,9866.67
400,38,9878.27
400,39,9840.92
400,40,9853.84
400,41,9847.58
400,42,9839.63
400,43,9830.71
400,44,9856.34
400,45,9834.71
400,46,9867.22
400,47,9872.54
400,48,9859.49
400,49,9844.11
400,50,9835.42
400,51,9853.59
400,52,9886.92
400,53,9884.72
400,54,9835.59
400,55,9817.94
400,56,9830.72
400,57,9825.57
400,58,9856.86
400,59,9829.27
400,60,9869.7
400,61,9856.62
400,62,9877.93
400,63,9842.8
400,64,9851.25
400,65,9842.09
400,66,9808.72
400,67,9846.41
400,68,9852.35
400,69,9813.98
400,70,9876.96
400,71,9842.35
400,72,9853.39
400,73,9874.86
400,74,9847.23
400,75,9860.56
400,76,9812.32
400,77,9849.19
400,78,9845.42
400,79,9880.56
400,80,9848.89
400,81,9827.45
400,82,9863.76
400,83,9854.7
400,84,9872.28
400,85,9871.84
400,86,9829.32
400,87,9818.34
400,88,9849.79
400,89,9829.54
400,90,9847.54
400,91,9860.34
400,92,9860.13
400,93,9837.08
400,94,9835.48
400,95,9868.4
400,96,9850.7
400,97,9855.18
400,98,9810.5
400,99,9867.35
410,0,9847.43
410,1,9823.38
410,2,9813.85
410,3,9806.6
410,4,9795.17
410,5,9818.19
410,6,9840.68
410,7,9822.65
410,8,9824.62
410,9,9867.05
410,10,9841.62
410,11,9822.02
410,12,9831.26
410,13,9849.9
410,14,9801.9
410,15,9840.83
410,16,9856.3
410,17,9856.47
410,18,9851.27
410,19,9825.12
410,20,9808.07
410,21,9832.88
410,22,9817.99
410,23,9820.5
410,24,9821.09
410,25,9833.76
410,26,9841.89
410,27,9852.93
410,28,9814.3
410,29,9820.95
410,30,9860.55
410,31,9855.82
410,32,9845.86
410,33,9843.32
410,34,9850.37
410,35,9822.94
410,36,9867.1
410,37,9854.7
410,38,9868.49
410,39,9828.77
410,40,9844.37
410,41,9834.8
410,42,9821.9
410,43,9814.12
410,44,9840.74
410,45,9821.32
410,46,9859.91
410,47,9866.86
410,48,9846.42
410,49,9826.87
410,50,9818.53
410,51,9838.71
410,52,9878.96
410,53,9878.86
410,54,9818.58
410,55,9804.48
410,56,9812.71
410,57,9808.44
410,58,9845.43
410,59,9813.01
410,60,9860.3
410,61,9842.13
410,62,9870.12
410,63,9829.35
410,64,9838.49
410,65,9823.17
410,66,9794.46
410,67,9830.62
410,68,9836.56
410,69,9797.82
410,70,9867.18
410,71,9827.53
410,72,9834.5
410,73,9865.03
410,74,9828.81
410,75,9852.42
410,76,9796.14
410,77,9836.16
410,78,9832.23
410,79,9871.34
410,80,9836.37
410,81,9805.22
410,82,9852.69
410,83,9838.5
410,84,9860.2
410,85,9860.16
410,86,9816.45
410,87,9799.12
410,88,9839.5
410,89,9808.88
410,90,9834.66
410,91,9847.76
410,92,9845.57
410,93,9821.86
410,94,9819.6
410,95,9861.33
410,96,9836.63
410,97,9840.42
410,98,9789.07
410,99,9858.46
420,0,9847.13
420,1,9823.08
420,2,9813.55
420,3,9806.3
420,4,9794.88
420,5,9817.89
420,6,9840.38
420,7,9822.35
420,8,9824.32
420,9,9866.75
420,10,9841.32
420,11,9821.72
420,12,9830.96
420,13,9849.6
420,14,9801.6
420,15,9840.53
420,16,9856
420,17,9856.17
420,18,9850.97
420,19,9824.82
420,20,9807.78
420,21,9832.58
420,22,9817.69
420,23,9820.2
420,24,9820.79
420,25,9833.46
420,26,9841.59
420,27,9852.63
420,28,9814
420,29,9820.65
420,30,9860.25
420,31,9855.52
420,32,9845.56
420,33,9843.02
420,34,9850.07
420,35,9822.64
420,36,9866.8
420,37,9854.4
420,38,9868.19
420,39,9828.47
420,40,9844.07
420,41,9834.5
420,42,9821.6
420,43,9813.82
420,44,9840.44
420,45,9821.02
420,46,9859.61
420,47,9866.56
420,48,9846.12
420,49,9826.57
420,50,9818.23
420,51,9838.41
420,52,9878.66
420,53,9878.56
420,54,9818.28
420,55,9804.18
420,56,9812.41
420,57,9808.14
420,58,9845.13
420,59,9812.71
420,60,9860
420,61,9841.83
420,62,9869.82
420,63,9829.05
420,64,9838.19
420,65,9822.87
420,66,9794.16
420,67,9830.32
420,68,9836.26
420,69,9797.52
420,70,9866.88
420,71,9827.23
420,72,9834.2
420,73,9864.73
420,74,9828.51
420,75,9852.12
420,76,9795.84
420,77,9835.86
420,78,9831.93
420,79,9871.04
420,80,9836.07
420,81,9804.92
420,82,9852.39
420,83,9838.2
420,84,9859.9
420,85,9859.86
420,86,9816.15
420,87,9798.83
420,88,9839.2
420,89,9808.58
420,90,9834.36
420,91,9847.46
420,92,9845.27
420,93,9821.56
420,94,9819.3
420,95,9861.03
420,96,9836.33
420,97,9840.12
420,98,9788.78
420,99,9858.16
430,0,9844.88
430,1,9819.76
430,2,9809.49
430,3,9801.14
430,4,9793.5
430,5,9814.93
430,6,9836.05
430,7,9819.08
430,8,9820.25
430,9,9862.34
430,10,9837.1
430,11,9818.2
430,12,9829.47
430,13,9847.69
430,14,9797.88
430,15,9836.86
430,16,9853.18
430,17,9852.49
430,18,9847.11
430,19,9823.1
430,20,9806.1
430,21,9829.2
430,22,9814.44
430,23,9816.82
430,24,9816.38
430,25,9831.03
430,26,9837.82
430,27,9847.66
430,28,9811.53
430,29,9817.62
430,30,9857.52
430,31,9851.56
430,32,9842.65
430,33,9840.11
430,34,9845.8
430,35,9820.71
430,36,9864.02
430,37,9850.2
430,38,9865.24
430,39,9824.74
430,40,9839.93
430,41,9827.26
430,42,9817.88
430,43,9809.59
430,44,9837.1
430,45,9817.1
430,46,9855.77
430,47,9862.23
430,48,9842.88
430,49,9824.62
430,50,9814.15
430,51,9834.24
430,52,9875.16
430,53,9873.96
430,54,9817.98
430,55,9799.08
430,56,9808.28
430,57,9804.53
430,58,9841.37
430,59,9808.7
430,60,9859.7
430,61,9838.98
430,62,9864.92
430,63,9825.74
430,64,9834.49
430,65,9818.95
430,66,9791.02
430,67,9828.54
430,68,9832.47
430,69,9793.14
430,70,9864.14
430,71,9823.32
430,72,9831.27
430,73,9861.5
430,74,9824.99
430,75,9850.43
430,76,9792.88
430,77,9834.12
430,78,9827.73
430,79,9869.26
430,80,9832.47
430,81,9801.17
430,82,9850.12
430,83,9833.44
430,84,9857.3
430,85,9855.57
430,86,9813.88
430,87,9795.99
430,88,9835.67
430,89,9805.92
430,90,9832.78
430,91,9844.85
430,92,9841.91
430,93,9816.7
430,94,9815.27
430,95,9858.93
430,96,9832.61
430,97,9835.64
430,98,9784.01
430,99,9854.84
440,0,9835.72
440,1,9808.57
440,2,9796.79
440,3,9791.42
440,4,9775.52
440,5,9803.21
440,6,9824.6
440,7,9808.8
440,8,9807.77
440,9,9854.33
440,10,9825.17
440,11,9806.15
440,12,9814
440,13,9835.2
440,14,9785.56
440,15,9825.66
440,16,9843.18
440,17,9843.28
440,18,9837.72
440,19,9812.35
440,20,9792.39
440,21,9816.17
440,22,9800.38
440,23,9803.11
440,24,9805.47
440,25,9817.03
440,26,9827.28
440,27,9840.79
440,28,9799.98
440,29,9803.73
440,30,9845.34
440,31,9842.53
440,32,9832.1
440,33,9827.33
440,34,9836.76
440,35,9806.67
440,36,9855.75
440,37,9841.91
440,38,9854.86
440,39,9815.21
440,40,9830.2
440,41,9818.57
440,42,9806.24
440,43,9798.16
440,44,9822.23
440,45,9805.95
440,46,9848.84
440,47,9854.7
440,48,9832.59
440,49,9808.12
440,50,9802.64
440,51,9823
440,52,9867.31
440,53,9867.05
440,54,9799.09
440,55,9790.55
440,56,9797.78
440,57,9791.71
440,58,9833.34
440,59,9796.36
440,60,9847.74
440,61,9825.16
440,62,9859.64
440,63,9815.35
440,64,9823.51
440,65,9808.51
440,66,9774.57
440,67,9817.32
440,68,9818.71
440,69,9782.04
440,70,9853.45
440,71,9809.44
440,72,9818.11
440,73,9852.74
440,74,9812.93
440,75,9838.64
440,76,9777.18
440,77,9819.8
440,78,9815.31
440,79,9860.64
440,80,9820.41
440,81,9790.69
440,82,9839.42
440,83,9823.94
440,84,9842.22
440,85,9843.32
440,86,9801.56
440,87,9778.95
440,88,9826.66
440,89,9792.4
440,90,9819.21
440,91,9830.72
440,92,9832.54
440,93,9805.57
440,94,9805.38
440,95,9847.73
440,96,9823.09
440,97,9825.23
440,98,9772.3
440,99,9845.9
450,0,9835.42
450,1,9808.27
450,2,9796.49
450,3,9791.12
450,4,9775.22
450,5,9802.91
450,6,9824.3
450,7,9808.5
450,8,9807.47
450,9,9854.03
450,10,9824.87
450,11,9805.85
450,12,9813.7
450,13,9834.9
450,14,9785.26
450,15,9825.36
450,16,9842.88
450,17,9842.98
450,18,9837.42
450,19,9812.05
450,20,9792.09
450,21,9815.87
450,22,9800.08
450,23,9802.81
450,24,9805.17
450,25,9816.73
450,26,9826.98
450,27,9840.49
450,28,9799.68
450,29,9803.43
450,30,9845.04
450,31,9842.23
450,32,9831.8
450,33,9827.03
450,34,9836.46
450,35,9806.37
450,36,9855.45
450,37,9841.61
450,38,9854.56
450,39,9814.91
450,40,9829.9
450,41,9818.27
450,42,9805.94
450,43,9797.86
450,44,9821.93
450,45,9805.65
450,46,9848.54
450,47,9854.4
450,48,9832.29
450,49,9807.82
450,50,9802.34
450,51,9822.7
450,52,9867.01
450,53,9866.75
450,54,9798.79
450,55,9790.25
450,56,9797.48
450,57,9791.41
450,58,9833.04
450,59,9796.06
450,60,9847.44
450,61,9824.86
450,62,9859.34
450,63,9815.05
450,64,9823.21
450,65,9808.21
450,66,9774.27
450,67,9817.02
450,68,9818.41
450,69,9781.74
450,70,9853.15
450,71,9809.14
450,72,9817.81
450,73,9852.44
450,74,9812.63
450,75,9838.34
450,76,9776.88
450,77,9819.5
450,78,9815.01
450,79,9860.34
450,80,9820.11
450,81,9790.39
450,82,9839.12
450,83,9823.64
450,84,9841.92
450,85,9843.02
450,86,9801.26
450,87,9778.65
450,88,9826.36
450,89,9792.1
450,90,9818.91
450,91,9830.42
450,92,9832.24
450,93,9805.27
450,94,9805.08
450,95,9847.43
450,96,9822.79
450,97,9824.93
450,98,9772
450,99,9845.6
460,0,9833.16
460,1,9807.97
460,2,9795.33
460,3,9789.2
460,4,9773.86
460,5,9802.61
460,6,9821.7
460,7,9808.16
460,8,9807.17
460,9,9852.16
460,10,9824.57
460,11,9805.55
460,12,9813.4
460,13,9834.56
460,14,9783.39
460,15,9825.06
460,16,9840.81
460,17,9842.68
460,18,9837.12
460,19,9810.39
460,20,9790.41
460,21,9814.83
460,22,9799.78
460,23,9801.57
460,24,9803.55
460,25,9816.37
460,26,9826.68
460,27,9838.53
460,28,9797.13
460,29,9803.13
460,30,9844.74
460,31,9841.93
460,32,9831.5
460,33,9826.73
460,34,9836.16
460,35,9804.42
460,36,9855.15
460,37,9841.31
460,38,9854.26
460,39,9813.29
460,40,9829.6
460,41,9816.77
460,42,9805.64
460,43,9795.34
460,44,9821.63
460,45,9803.05
460,46,9847.53
460,47,9852.81
460,48,9829.39
460,49,9807.52
460,50,9801.01
460,51,9822.4
460,52,9866.71
460,53,9866.45
460,54,9798.49
460,55,9788.49
460,56,9796.24
460,57,9789.06
460,58,9832.74
460,59,9795.18
460,60,9847.14
460,61,9823.9
460,62,9858.98
460,63,9813.47
460,64,9822.91
460,65,9807.44
460,66,9772.51
460,67,9816.72
460,68,9818.11
460,69,9779.96
460,70,9852.85
460,71,9807.91
460,72,9817.51
460,73,9852.14
460,74,9811.52
460,75,9838.04
460,76,9774.81
460,77,9817.82
460,78,9814.05
460,79,9858.63
460,80,9819.81
460,81,9788.62
460,82,9836.86
460,83,9821.66
460,84,9839.98
460,85,9842.72
460,86,9798.97
460,87,9778.35
460,88,9826.06
460,89,9789.67
460,90,9816.84
460,91,9830.12
460,92,9830.53
460,93,9803.65
460,94,9802.44
460,95,9847.13
460,96,9822.43
460,97,9823.1
460,98,9770.44
460,99,9845.3
470,0,9822.56
470,1,9792.2
470,2,9779.72
470,3,9776.37
470,4,9759.22
470,5,9786.97
470,6,9807.98
470,7,9792.51
470,8,9794.94
470,9,9840.27
470,10,9809.69
470,11,9790.62
470,12,9801.51
470,13,9821.52
470,14,9769.46
470,15,9811.12
470,16,9831.2
470,17,9831.22
470,18,9821.44
470,19,9797.76
470,20,9773.52
470,21,9801.59
470,22,9783.53
470,23,9787.41
470,24,9791.04
470,25,9801.49
470,26,9813.16
470,27,9828.83
470,28,9785.59
470,29,9789.26
470,30,9828.32
470,31,9830.63
470,32,9817.64
470,33,9810.89
470,34,9823.64
470,35,9790.68
470,36,9842.12
470,37,9827.41
470,38,9842.53
470,39,9798.62
470,40,9816.61
470,41,9805.07
470,42,9788.84
470,43,9782.28
470,44,9806.9
470,45,9790.63
470,46,9837.8
470,47,9844.47
470,48,9816.71
470,49,9792.52
470,50,9786.84
470,51,9807.31
470,52,9854.2
470,53,9855.73
470,54,9784.3
470,55,9776.69
470,56,9783.18
470,57,9775.01
470,58,9823.55
470,59,9782.4
470,60,9835.24
470,61,9808.15
470,62,9849.56
470,63,9801.51
470,64,9808.57
470,65,9794.76
470,66,9754.51
470,67,9804.65
470,68,9800.27
470,69,9766.96
470,70,9839.65
470,71,9791.27
470,72,9801.57
470,73,9840.82
470,74,9796.06
470,75,9826.42
470,76,9758.37
470,77,9804.02
470,78,9800.81
470,79,9849.76
470,80,9806.42
470,81,9775.53
470,82,9826.01
470,83,9807.78
470,84,9825.34
470,85,9829.66
470,86,9786.63
470,87,9762.04
470,88,9812.92
470,89,9778.04
470,90,9803.51
470,91,9814.02
470,92,9819.5
470,93,9790.18
470,94,9790.35
470,95,9834.04
470,96,9807.42
470,97,9810.14
470,98,9756.73
470,99,9833.82
480,0,9822.26
480,1,9791.9
480,2,9779.42
480,3,9776.07
480,4,9758.92
480,5,9786.67
480,6,9807.68
480,7,9792.21
480,8,9794.64
480,9,9839.97
480,10,9809.39
480,11,9790.32
480,12,9801.21
480,13,9821.22
480,14,9769.16
480,15,9810.82
480,16,9830.9
480,17,9830.92
480,18,9821.14
480,19,9797.46
480,20,9773.22
480,21,9801.29
480,22,9783.23
480,23,9787.11
480,24,9790.74
480,25,9801.19
480,26,9812.86
480,27,9828.53
480,28,9785.29
480,29,9788.96
480,30,9828.02
480,31,9830.33
480,32,9817.34
480,33,9810.59
480,34,9823.34
480,35,9790.38
480,36,9841.82
480,37,9827.11
480,38,9842.23
480,39,9798.32
480,40,9816.31
480,41,9804.77
480,42,9788.54
480,43,9781.98
480,44,9806.6
480,45,9790.33
480,46,9837.5
480,47,9844.17
480,48,9816.41
480,49,9792.22
480,50,9786.54
480,51,9807.01
480,52,9853.9
480,53,9855.43
480,54,9784
480,55,9776.39
480,56,9782.88
480,57,9774.71
480,58,9823.25
480,59,9782.1
480,60,9834.94
480,61,9807.85
480,62,9849.26
480,63,9801.21
480,64,9808.27
480,65,9794.46
480,66,9754.21
480,67,9804.35
480,68,9799.97
480,69,9766.66
480,70,9839.35
480,71,9790.97
480,72,9801.27
480,73,9840.52
480,74,9795.76
480,75,9826.12
480,76,9758.07
480,77,9803.72
480,78,9800.51
480,79,9849.46
480,80,9806.12
480,81,9775.23
480,82,9825.71
480,83,9807.48
480,84,9825.04
480,85,9829.36
480,86,9786.33
480,87,9761.74
480,88,9812.62
480,89,9777.74
480,90,9803.21
480,91,9813.72
480,92,9819.2
480,93,9789.88
480,94,9790.05
480,95,9833.74
480,96,9807.12
480,97,9809.84
480,98,9756.43
480,99,9833.52
490,0,9821.96
490,1,9791.6
490,2,9779.12
490,3,9775.77
490,4,9758.56
490,5,9786.37
490,6,9807.38
490,7,9791.85
490,8,9794.34
490,9,9839.67
490,10,9809.09
490,11,9790.02
490,12,9800.91
490,13,9820.86
490,14,9768.12
490,15,9810.52
490,16,9830.6
490,17,9830.62
490,18,9820.84
490,19,9797.16
490,20,9772.29
490,21,9800.99
490,22,9782.93
490,23,9786.81
490,24,9790.44
490,25,9800.82
490,26,9812.56
490,27,9828.23
490,28,9784.99
490,29,9788.66
490,30,9827.72
490,31,9830.03
490,32,9817.04
490,33,9810.29
490,34,9823.04
490,35,9790.08
490,36,9841.52
490,37,9826.81
490,38,9841.93
490,39,9798.02
490,40,9816.01
490,41,9804.47
490,42,9788.24
490,43,9781.68
490,44,9806.3
490,45,9790.03
490,46,9837.2
490,47,9843.87
490,48,9816.11
490,49,9791.92
490,50,9786.24
490,51,9806.71
490,52,9853.6
490,53,9855.13
490,54,9783.7
490,55,9776.09
490,56,9782.58
490,57,9774.41
490,58,9822.95
490,59,9781.22
490,60,9834.64
490,61,9807.55
490,62,9848.96
490,63,9800.91
490,64,9807.97
490,65,9793.6
490,66,9753.91
490,67,9804.05
490,68,9799.67
490,69,9766.36
490,70,9839.05
490,71,9790.67
490,72,9800.97
490,73,9840.22
490,74,9795.46
490,75,9825.82
490,76,9757.77
490,77,9803.42
490,78,9800.21
490,79,9849.16
490,80,9805.82
490,81,9774.13
490,82,9825.41
490,83,9807.18
490,84,9824.74
490,85,9829.06
490,86,9786.03
490,87,9761.44
490,88,9812.32
490,89,9776.58
490,90,9802.91
490,91,9813.42
490,92,9818.9
490,93,9789.58
490,94,9789.75
490,95,9833.44
490,96,9806.82
490,97,9809.54
490,98,9755.52
490,99,9833.22
500,0,9810.7
500,1,9772.28
500,2,9762.54
500,3,9761.24
500,4,9743.41
500,5,9771.85
500,6,9792.73
500,7,9777.98
500,8,9779.12
500,9,9828.48
500,10,9794.49
500,11,9776.67
500,12,9785.8
500,13,9807.44
500,14,9754.2
500,15,9796.53
500,16,9820.69
500,17,9819.18
500,18,9807.81
500,19,9781.76
500,20,9754.74
500,21,9787.35
500,22,9764.67
500,23,9771.14
500,24,9774.21
500,25,9786.22
500,26,9797.28
500,27,9816.84
500,28,9768.57
500,29,9772.02
500,30,9811.97
500,31,9817.39
500,32,9804.07
500,33,9794.12
500,34,9809.91
500,35,9775.25
500,36,9830.83
500,37,9811.27
500,38,9828.22
500,39,9783.04
500,40,9800.89
500,41,9791.07
500,42,9771.11
500,43,9765.64
500,44,9787.9
500,45,9774.46
500,46,9827.54
500,47,9834.01
500,48,9800.81
500,49,9773.9
500,50,9771.48
500,51,9789.95
500,52,9842.78
500,53,9843.98
500,54,9766.35
500,55,9760.78
500,56,9766.25
500,57,9758.37
500,58,9812.63
500,59,9766.49
500,60,9821.62
500,61,9794.51
500,62,9837.6
500,63,9786.4
500,64,9790.29
500,65,9778.83
500,66,9734.5
500,67,9789.65
500,68,9782.2
500,69,9750
500,70,9828.1
500,71,9773.97
500,72,9786.38
500,73,9826.68
500,74,9780.71
500,75,9813.36
500,76,9739.32
500,77,9787.95
500,78,9785.28
500,79,9840.48
500,80,9790.22
500,81,9759.1
500,82,9812.86
500,83,9792.53
500,84,9812.42
500,85,9812.73
500,86,9769.52
500,87,9742.86
500,88,9800.07
500,89,9762.93
500,90,9789.29
500,91,9798.76
500,92,9806.53
500,93,9772.19
500,94,9774.57
500,95,9821.68
500,96,9790.28
500,97,9794.6
500,98,9738.37
500,99,9821.35
510,0,9810.4
510,1,9771.98
510,2,9762.24
510,3,9760.94
510,4,9743.11
510,5,9771.55
510,6,9792.43
510,7,9777.68
510,8,9778.82
510,9,9828.18
510,10,9794.19
510,11,9776.37
510,12,9785.5
510,13,9807.14
510,14,9753.9
510,15,9796.23
510,16,9820.39
510,17,9818.88
510,18,9807.51
510,19,9781.46
510,20,9754.44
510,21,9787.05
510,22,9764.37
510,23,9770.84
510,24,9773.91
510,25,9785.92
510,26,9796.98
510,27,9816.54
510,28,9768.27
510,29,9771.72
510,30,9811.67
510,31,9817.09
510,32,9803.77
510,33,9793.82
510,34,9809.61
510,35,9774.95
510,36,9830.53
510,37,9810.97
510,38,9827.92
510,39,9782.74
510,40,9800.59
510,41,9790.77
510,42,9770.81
510,43,9765.34
510,44,9787.6
510,45,9774.16
510,46,9827.24
510,47,9833.71
510,48,9800.51
510,49,9773.6
510,50,9771.18
510,51,9789.65
510,52,9842.48
510,53,9843.68
510,54,9766.05
510,55,9760.48
510,56,9765.95
510,57,9758.07
510,58,9812.33
510,59,9766.19
510,60,9821.32
510,61,9794.21
510,62,9837.3
510,63,9786.1
510,64,9789.99
510,65,9778.53
510,66,9734.2
510,67,9789.35
510,68,9781.9
510,69,9749.7
510,70,9827.8
510,71,9773.67
510,72,9786.08
510,73,9826.38
510,74,9780.41
510,75,9813.06
510,76,9739.02
510,77,9787.65
510,78,9784.98
510,79,9840.18
510,80,9789.92
510,81,9758.8
510,82,9812.56
510,83,9792.23
510,84,9812.12
510,85,9812.43
510,86,9769.22
510,87,9742.56
510,88,9799.77
510,89,9762.63
510,90,9788.99
510,91,9798.46
510,92,9806.23
510,93,9771.89
510,94,9774.27
510,95,9821.38
510,96,9789.98
510,97,9794.3
510,98,9738.07
510,99,9821.05
520,0,9810.1
520,1,9771.68
520,2,9761.94
520,3,9760.64
520,4,9742.81
520,5,9771.25
520,6,9792.13
520,7,9777.38
520,8,9778.52
520,9,9827.88
520,10,9793.89
520,11,9776.07
520,12,9785.2
520,13,9806.84
520,14,9753.6
520,15,9795.93
520,16,9820.09
520,17,9818.58
520,18,9807.21
520,19,9781.16
520,20,9754.14
520,21,9786.75
520,22,9764.07
520,23,9770.54
520,24,9773.61
520,25,9785.62
520,26,9796.68
520,27,9816.24
520,28,9767.97
520,29,9771.42
520,30,9811.37
520,31,9816.79
520,32,9803.47
520,33,9793.52
520,34,9809.31
520,35,9774.65
520,36,9830.23
520,37,9810.67
520,38,9827.62
520,39,9782.44
520,40,9800.29
520,41,9790.47
520,42,9770.51
520,43,9765.04
520,44,9787.3
520,45,9773.86
520,46,9826.94
520,47,9833.41
520,48,9800.21
520,49,9773.3
520,50,9770.88
520,51,9789.35
520,52,9842.18
520,53,9843.38
520,54,9765.75
520,55,9760.18
520,56,9765.65
520,57,9757.77
520,58,9812.03
520,59,9765.89
520,60,9821.02
520,61,9793.91
520,62,9837
520,63,9785.8
520,64,9789.69
520,65,9778.23
520,66,9733.9
520,67,9789.05
520,68,9781.6
520,69,9749.4
520,70,9827.5
520,71,9773.37
520,72,9785.78
520,73,9826.08
520,74,9780.11
520,75,9812.76
520,76,9738.72
520,77,9787.35
520,78,9784.68
520,79,9839.88
520,80,9789.62
520,81,9758.5
520,82,9812.26
520,83,9791.93
520,84,9811.82
520,85,9812.13
520,86,9768.92
520,87,9742.26
520,88,9799.47
520,89,9762.33
520,90,9788.69
520,91,9798.16
520,92,9805.93
520,93,9771.59
520,94,9773.97
520,95,9821.08
520,96,9789.68
520,97,9794
520,98,9737.77
520,99,9820.75
530,0,9798.59
530,1,9752.27
530,2,9743.91
530,3,9746.14
530,4,9723.41
530,5,9756.6
530,6,9776.8
530,7,9761.77
530,8,9763.06
530,9,9816.66
530,10,9782.53
530,11,9762.11
530,12,9769.08
530,13,9793.89
530,14,9735.77
530,15,9781.97
530,16,9809.68
530,17,9808.66
530,18,9793.02
530,19,9765.58
530,20,9734.73
530,21,9771.71
530,22,9749.3
530,23,9754.77
530,24,9758.95
530,25,9769.15
530,26,9780.16
530,27,9805.04
530,28,9754.33
530,29,9754.78
530,30,9798.3
530,31,9804.18
530,32,9788.8
530,33,9779.37
530,34,9796.09
530,35,9758.98
530,36,9819.54
530,37,9794.97
530,38,9813.57
530,39,9765.78
530,40,9786.14
530,41,9777.3
530,42,9755.77
530,43,9750.05
530,44,9768.6
530,45,9758.29
530,46,9816.28
530,47,9824.14
530,48,9785.31
530,49,9755.32
530,50,9754.57
530,51,9772.5
530,52,9828.86
530,53,9832.75
530,54,9746.56
530,55,9746.02
530,56,9749.99
530,57,9741.78
530,58,9801.99
530,59,9750.09
530,60,9809.61
530,61,9779.35
530,62,9826.53
530,63,9771.07
530,64,9773.48
530,65,9762.67
530,66,9714.42
530,67,9773.21
530,68,9762.41
530,69,9733.02
530,70,9816.58
530,71,9756.57
530,72,9770.49
530,73,9812.27
530,74,9763.58
530,75,9801.22
530,76,9721.43
530,77,9771.88
530,78,9769.76
530,79,9830.9
530,80,9773.68
530,81,9740.77
530,82,9798.99
530,83,9777.2
530,84,9798.69
530,85,9798.75
530,86,9752.29
530,87,9723.05
530,88,9787.19
530,89,9747.52
530,90,9775.31
530,91,9783.41
530,92,9794.04
530,93,9755.49
530,94,9759.62
530,95,9808.85
530,96,9773.16
530,97,9779.4
530,98,9718.46
530,99,9810.71
540,0,9798.29
540,1,9751.97
540,2,9743.61
540,3,9745.84
540,4,9723.11
540,5,9756.3
540,6,9776.5
540,7,9761.47
540,8,9762.76
540,9,9816.36
540,10,9782.23
540,11,9761.81
540,12,9768.78
540,13,9793.59
540,14,9735.47
540,15,9781.67
540,16,9809.38
540,17,9808.36
540,18,9792.72
540,19,9765.28
540,20,9734.43
540,21,9771.41
540,22,9749
540,23,9754.47
540,24,9758.65
540,25,9768.85
540,26,9779.86
540,27,9804.74
540,28,9754.03
540,29,9754.48
540,30,9798
540,31,9803.88
540,32,9788.5
540,33,9779.07
540,34,9795.79
540,35,9758.68
540,36,9819.24
540,37,9794.67
540,38,9813.27
540,39,9765.48
540,40,9785.84
540,41,9777
540,42,9755.47
540,43,9749.75
540,44,9768.3
540,45,9757.99
540,46,9815.98
540,47,9823.84
540,48,9785.01
540,49,9755.02
540,50,9754.27
540,51,9772.2
540,52,9828.56
540,53,9832.45
540,54,9746.26
540,55,9745.72
540,56,9749.69
540,57,9741.48
540,58,9801.69
540,59,9749.79
540,60,9809.31
540,61,9779.05
540,62,9826.23
540,63,9770.77
540,64,9773.18
540,65,9762.37
540,66,9714.12
540,67,9772.91
540,68,9762.11
540,69,9732.72
540,70,9816.28
540,71,9756.27
540,72,9770.19
540,73,9811.97
540,74,9763.28
540,75,9800.92
540,76,9721.13
540,77,9771.58
540,78,9769.46
540,79,9830.6
540,80,9773.38
540,81,9740.47
540,82,9798.69
540,83,9776.9
540,84,9798.39
540,85,9798.45
540,86,9751.99
540,87,9722.75
540,88,9786.89
540,89,9747.22
540,90,9775.01
540,91,9783.11
540,92,9793.74
540,93,9755.19
540,94,9759.32
540,95,9808.55
540,96,9772.86
540,97,9779.1
540,98,9718.16
540,99,9810.41
550,0,9797.99
550,1,9751.67
550,2,9743.31
550,3,9745.54
550,4,9722.81
550,5,9756
550,6,9776.2
550,7,9761.17
550,8,9762.46
550,9,9816.06
550,10,9781.93
550,11,9761.51
550,12,9768.48
550,13,9793.29
550,14,9735.17
550,15,9781.37
550,16,9809.08
550,17,9808.06
550,18,9792.42
550,19,9764.98
550,20,9734.13
550,21,9771.11
550,22,9748.7
550,23,9754.17
550,24,9758.35
550,25,9768.55
550,26,9779.56
550,27,9804.44
550,28,9753.73
550,29,9754.18
550,30,9797.7
550,31,9803.58
550,32,9788.2
550,33,9778.77
550,34,9795.49
550,35,9758.38
550,36,9818.94
550,37,9794.37
550,38,9812.97
550,39,9765.18
550,40,9785.54
550,41,9776.7
550,42,9755.17
550,43,9749.45
550,44,9768
550,45,9757.69
550,46,9815.68
550,47,9823.54
550,48,9784.71
550,49,9754.72
550,50,9753.97
550,51,9771.9
550,52,9828.26
550,53,9832.15
550,54,9745.96
550,55,9745.42
550,56,9749.39
550,57,9741.18
550,58,9801.39
550,59,9749.49
550,60,9809.01
550,61,9778.75
550,62,9825.93
550,63,9770.47
550,64,9772.88
550,65,9762.07
550,66,9713.82
550,67,9772.61
550,68,9761.81
550,69,9732.42
550,70,9815.98
550,71,9755.97
550,72,9769.89
550,73,9811.67
550,74,9762.98
550,75,9800.62
550,76,9720.83
550,77,9771.28
550,78,9769.16
550,79,9830.3
550,80,9773.08
550,81,9740.17
550,82,9798.39
550,83,9776.6
550,84,9798.09
550,85,9798.15
550,86,9751.69
550,87,9722.45
550,88,9786.59
550,89,9746.92
550,90,9774.71
550,91,9782.81
550,92,9793.44
550,93,9754.89
550,94,9759.02
550,95,9808.25
550,96,9772.56
550,97,9778.8
550,98,9717.86
550,99,9810.11
560,0,9785.94
560,1,9732.18
560,2,9723.77
560,3,9731.1
560,4,9704.31
560,5,9741.27
560,6,9759.86
560,7,9745.67
560,8,9745.94
560,9,9803.64
560,10,9768.36
560,11,9745.9
560,12,9754.32
560,13,9780.16
560,14,9718.15
560,15,9765.96
560,16,9797.79
560,17,9795.42
560,18,9777.69
560,19,9749.31
560,20,9715.93
560,21,9756.76
560,22,9734.51
560,23,9737.3
560,24,9740.67
560,25,9751.2
560,26,9763.51
560,27,9793.26
560,28,9736.32
560,29,9736.7
560,30,9781.35
560,31,9790.06
560,32,9772.32
560,33,9761.59
560,34,9779.17
560,35,9740.37
560,36,9806.85
560,37,9778.54
560,38,9800.18
560,39,9748.5
560,40,9770.64
560,41,9757.02
560,42,9740.9
560,43,9733.84
560,44,9749.09
560,45,9742.3
560,46,9804.04
560,47,9812.32
560,48,9769.69
560,49,9736.2
560,50,9737.11
560,51,9754.9
560,52,9814.67
560,53,9820.52
560,54,9726.63
560,55,9731.15
560,56,9733.02
560,57,9724.16
560,58,9788.71
560,59,9734.56
560,60,9796.96
560,61,9763.44
560,62,9815.43
560,63,9756.52
560,64,9754.93
560,65,9746.34
560,66,9694.17
560,67,9758.66
560,68,9747.37
560,69,9716.98
560,70,9803.26
560,71,9739.53
560,72,9751.1
560,73,9797.72
560,74,9746.2
560,75,9786.81
560,76,9702.64
560,77,9755.88
560,78,9754.68
560,79,9818.84
560,80,9757.2
560,81,9722.54
560,82,9784.76
560,83,9760.75
560,84,9785.52
560,85,9783.04
560,86,9737.93
560,87,9707.02
560,88,9774.75
560,89,9729.32
560,90,9761.32
560,91,9766.61
560,92,9780.71
560,93,9737.79
560,94,9744.21
560,95,9794.67
560,96,9758.07
560,97,9764.26
560,98,9698.62
560,99,9797.37
570,0,9785.64
570,1,9731.88
570,2,9723.47
570,3,9730.8
570,4,9704.01
570,5,9740.97
570,6,9759.56
570,7,9745.37
570,8,9745.64
570,9,9803.34
570,10,9768.06
570,11,9745.6
570,12,9754.02
570,13,9779.86
570,14,9717.85
570,15,9765.66
570,16,9797.49
570,17,9795.12
570,18,9777.39
570,19,9749.01
570,20,9715.63
570,21,9756.46
570,22,9734.21
570,23,9737
570,24,9740.37
570,25,9750.9
570,26,9763.21
570,27,9792.96
570,28,9736.02
570,29,9736.4
570,30,9781.05
570,31,9789.76
570,32,9772.02
570,33,9761.29
570,34,9778.87
570,35,9740.07
570,36,9806.55
570,37,9778.24
570,38,9799.88
570,39,9748.2
570,40,9770.34
570,41,9756.72
570,42,9740.6
570,43,9733.54
570,44,9748.79
570,45,9742
570,46,9803.74
570,47,9812.02
570,48,9769.39
570,49,9735.9
570,50,9736.81
570,51,9754.6
570,52,9814.37
570,53,9820.22
570,54,9726.33
570,55,9730.85
570,56,9732.72
570,57,9723.86
570,58,9788.41
570,59,9734.26
570,60,9796.66
570,61,9763.14
570,62,9815.13
570,63,9756.22
570,64,9754.63
570,65,9746.04
570,66,9693.87
570,67,9758.36
570,68,9747.07
570,69,9716.68
570,70,9802.96
570,71,9739.23
570,72,9750.8
570,73,9797.42
570,74,9745.9
570,75,9786.51
570,76,9702.34
570,77,9755.58
570,78,9754.38
570,79,9818.54
570,80,9756.9
570,81,9722.24
570,82,9784.46
570,83,9760.45
570,84,9785.22
570,85,9782.74
570,86,9737.63
570,87,9706.72
570,88,9774.45
570,89,9729.02
570,90,9761.02
570,91,9766.31
570,92,9780.41
570,93,9737.49
570,94,9743.91
570,95,9794.37
570,96,9757.77
570,97,9763.96
570,98,9698.32
570,99,9797.07
580,0,9785.34
580,1,9731.58
580,2,9723.17
580,3,9730.5
580,4,9703.71
580,5,9740.67
580,6,9759.26
580,7,9745.07
580,8,9745.34
580,9,9803.04
580,10,9767.76
580,11,9745.3
580,12,9753.72
580,13,9779.56
580,14,9717.55
580,15,9765.36
580,16,9797.19
580,17,9794.82
580,18,9777.09
580,19,9748.71
580,20,9715.33
580,21,9756.16
580,22,9733.91
580,23,9736.7
580,24,9740.07
580,25,9750.6
580,26,9762.91
580,27,9792.66
580,28,9735.72
580,29,9736.1
580,30,9780.75
580,31,9789.46
580,32,9771.72
580,33,9760.99
580,34,9778.57
580,35,9739.77
580,36,9806.25
580,37,9777.94
580,38,9799.58
580,39,9747.9
580,40,9770.04
580,41,9756.42
580,42,9740.3
580,43,9733.24
580,44,9748.49
580,45,9741.7
580,46,9803.44
580,47,9811.72
580,48,9769.09
580,49,9735.6
580,50,9736.51
580,51,9754.3
580,52,9814.07
580,53,9819.92
580,54,9726.03
580,55,9730.55
580,56,9732.42
580,57,9723.56
580,58,9788.11
580,59,9733.96
580,60,9796.36
580,61,9762.84
580,62,9814.83
580,63,9755.92
580,64,9754.33
580,65,9745.74
580,66,9693.57
580,67,9758.06
580,68,9746.77
580,69,9716.38
580,70,9802.66
580,71,9738.93
580,72,9750.5
580,73,9797.12
580,74,9745.6
580,75,9786.21
580,76,9702.04
580,77,9755.28
580,78,9754.08
580,79,9818.24
580,80,9756.6
580,81,9721.94
580,82,9784.16
580,83,9760.15
580,84,9784.92
580,85,9782.44
580,86,9737.33
580,87,9706.42
580,88,9774.15
580,89,9728.72
580,90,9760.72
580,91,9766.01
580,92,9780.11
580,93,9737.19
580,94,9743.61
580,95,9794.07
580,96,9757.47
580,97,9763.66
580,98,9698.02
580,99,9796.77
590,0,9775.78
590,1,9717.23
590,2,9708.27
590,3,9717.13
590,4,9689.07
590,5,9725.93
590,6,9746.83
590,7,9733.1
590,8,9732.19
590,9,9792.73
590,10,9756.72
590,11,9732.29
590,12,9741.06
590,13,9768.96
590,14,9703.88
590,15,9752.73
590,16,9788.4
590,17,9785.13
590,18,9764.52
590,19,9735.94
590,20,9699.75
590,21,9744.38
590,22,9720.89
590,23,9723.3
590,24,9726.17
590,25,9737.27
590,26,9749.56
590,27,9782.75
590,28,9721.85
590,29,9721.81
590,30,9767.42
590,31,9779.94
590,32,9759.91
590,33,9746.12
590,34,9765.7
590,35,9725.7
590,36,9797.23
590,37,9765.72
590,38,9789.96
590,39,9735.97
590,40,9756.45
590,41,9742.35
590,42,9725.84
590,43,9721.23
590,44,9734.46
590,45,9729.78
590,46,9794.59
590,47,9802.53
590,48,9756.34
590,49,9721.14
590,50,9721.78
590,51,9741.13
590,52,9804.1
590,53,9809.9
590,54,9711.46
590,55,9718.84
590,56,9718.85
590,57,9709.27
590,58,9777.15
590,59,9720.96
590,60,9783.58
590,61,9749.44
590,62,9805.48
590,63,9743.6
590,64,9740.56
590,65,9731.93
590,66,9677.27
590,67,9745.65
590,68,9730.87
590,69,9703.61
590,70,9791.83
590,71,9724.5
590,72,9735.66
590,73,9787.17
590,74,9732.15
590,75,9776.97
590,76,9689.22
590,77,9742.95
590,78,9741.41
590,79,9810.93
590,80,9744.02
590,81,9707.96
590,82,9773.17
590,83,9747.28
590,84,9775.97
590,85,9771.04
590,86,9724.26
590,87,9690.86
590,88,9761.98
590,89,9714.81
590,90,9750.62
590,91,9753.54
590,92,9769.54
590,93,9722.65
590,94,9733.29
590,95,9782.76
590,96,9745.99
590,97,9751.36
590,98,9683.23
590,99,9787.08
600,0,9775.48
600,1,9716.93
600,2,9707.97
600,3,9716.83
600,4,9688.77
600,5,9725.63
600,6,9746.53
600,7,9732.8
600,8,9731.89
600,9,9792.43
600,10,9756.42
600,11,9731.99
600,12,9740.76
600,13,9768.66
600,14,9703.58
600,15,9752.43
600,16,9788.1
600,17,9784.83
600,18,9764.22
600,19,9735.64
600,20,9699.45
600,21,9744.08
600,22,9720.59
600,23,9723
600,24,9725.87
600,25,9736.97
600,26,9749.26
600,27,9782.45
600,28,9721.55
600,29,9721.51
600,30,9767.12
600,31,9779.64
600,32,9759.61
600,33,9745.82
600,34,9765.4
600,35,9725.4
600,36,9796.93
600,37,9765.42
600,38,9789.66
600,39,9735.67
600,40,9756.15
600,41,9742.05
600,42,9725.54
600,43,9720.93
600,44,9734.16
600,45,9729.48
600,46,9794.29
600,47,9802.23
600,48,9756.04
600,49,9720.84
600,50,9721.48
600,51,9740.83
600,52,9803.8
600,53,9809.6
600,54,9711.16
600,55,9718.54
600,56,9718.55
600,57,9708.97
600,58,9776.85
600,59,9720.66
600,60,9783.28
600,61,9749.14
600,62,9805.18
600,63,9743.3
600,64,9740.26
600,65,9731.63
600,66,9676.97
600,67,9745.35
600,68,9730.57
600,69,9703.31
600,70,9791.53
600,71,9724.2
600,72,9735.36
600,73,9786.87
600,74,9731.85
600,75,9776.67
600,76,9688.92
600,77,9742.65
600,78,9741.11
600,79,9810.63
600,80,9743.72
600,81,9707.66
600,82,9772.87
600,83,9746.98
600,84,9775.67
600,85,9770.74
600,86,9723.96
600,87,9690.56
600,88,9761.68
600,89,9714.51
600,90,9750.32
600,91,9753.24
600,92,9769.24
600,93,9722.35
600,94,9732.99
600,95,9782.46
600,96,9745.69
600,97,9751.06
600,98,9682.93
600,99,9786.78
610,0,9775.18
610,1,9716.63
610,2,9707.67
610,3,9716.53
610,4,9688.47
610,5,9725.33
610,6,9746.23
610,7,9732.5
610,8,9731.59
610,9,9792.13
610,10,9756.12
610,11,9731.69
610,12,9740.46
610,13,9768.36
610,14,9703.28
610,15,9752.13
610,16,9787.8
610,17,9784.53
610,18,9763.92
610,19,9735.34
610,20,9699.15
610,21,9743.78
610,22,9720.29
610,23,9722.7
610,24,9725.57
610,25,9736.67
610,26,9748.96
610,27,9782.15
610,28,9721.25
610,29,9721.21
610,30,9766.82
610,31,9779.34
610,32,9759.31
610,33,9745.52
610,34,9765.1
610,35,9725.1
610,36,9796.63
610,37,9765.12
610,38,9789.36
610,39,9735.37
610,40,9755.85
610,41,9741.75
610,42,9725.24
610,43,9720.63
610,44,9733.86
610,45,9729.18
610,46,9793.99
610,47,9801.93
610,48,9755.74
610,49,9720.54
610,50,9721.18
610,51,9740.53
610,52,9803.5
610,53,9809.3
610,54,9710.86
610,55,9718.24
610,56,9718.25
610,57,9708.67
610,58,9776.55
610,59,9720.36
610,60,9782.98
610,61,9748.84
610,62,9804.88
610,63,9743
610,64,9739.96
610,65,9731.33
610,66,9676.67
610,67,9745.05
610,68,9730.27
610,69,9703.01
610,70,9791.23
610,71,9723.9
610,72,9735.06
610,73,9786.57
610,74,9731.55
610,75,9776.37
610,76,9688.62
610,77,9742.35
610,78,9740.81
610,79,9810.33
610,80,9743.42
610,81,9707.36
610,82,9772.57
610,83,9746.68
610,84,9775.37
610,85,9770.44
610,86,9723.66
610,87,9690.26
610,88,9761.38
610,89,9714.21
610,90,9750.02
610,91,9752.94
610,92,9768.94
610,93,9722.05
610,94,9732.69
610,95,9782.16
610,96,9745.39
610,97,9750.76
610,98,9682.63
610,99,9786.48
620,0,9765.23
620,1,9705.86
620,2,9691.69
620,3,9703.23
620,4,9675.09
620,5,9712.24
620,6,9735.39
620,7,9720.65
620,8,9719.14
620,9,9780.53
620,10,9744.75
620,11,9719.89
620,12,9730.94
620,13,9758.74
620,14,9690.32
620,15,9742.25
620,16,9779.01
620,17,9776.08
620,18,9751.24
620,19,9722.35
620,20,9686.26
620,21,9730.97
620,22,9705.51
620,23,9708.21
620,24,9712.92
620,25,9722.37
620,26,9735.43
620,27,9773.21
620,28,9709.14
620,29,9706.94
620,30,9753.02
620,31,9770.16
620,32,9747.52
620,33,9733.25
620,34,9755.18
620,35,9711.87
620,36,9788.63
620,37,9753.06
620,38,9778.63
620,39,9723.86
620,40,9743.37
620,41,9730.87
620,42,9711.32
620,43,9709.26
620,44,9722.86
620,45,9717.89
620,46,9784.63
620,47,9789.27
620,48,9746.06
620,49,9706.87
620,50,9708.41
620,51,9728.47
620,52,9791.66
620,53,9799.18
620,54,9698.8
620,55,9705.63
620,56,9703.96
620,57,9696.35
620,58,9766.36
620,59,9707.52
620,60,9773.08
620,61,9736.69
620,62,9795.68
620,63,9729.87
620,64,9728.57
620,65,9717.38
620,66,9662.28
620,67,9732.5
620,68,9717.35
620,69,9689.62
620,70,9782.59
620,71,9709.35
620,72,9722.15
620,73,9774.52
620,74,9717.05
620,75,9766.13
620,76,9674.66
620,77,9729.44
620,78,9728.9
620,79,9803.02
620,80,9731.71
620,81,9694.44
620,82,9762.01
620,83,9735.31
620,84,9763.63
620,85,9760.2
620,86,9710.39
620,87,9673.99
620,88,9748.73
620,89,9700.2
620,90,9738.65
620,91,9739.62
620,92,9757.3
620,93,9707.85
620,94,9721.33
620,95,9769.77
620,96,9733.74
620,97,9739.25
620,98,9669.06
620,99,9776.36
630,0,9764.93
630,1,9705.56
630,2,9691.39
630,3,9702.93
630,4,9674.79
630,5,9711.94
630,6,9735.09
630,7,9720.35
630,8,9718.84
630,9,9780.23
630,10,9744.45
630,11,9719.59
630,12,9730.64
630,13,9758.44
630,14,9690.02
630,15,9741.95
630,16,9778.71
630,17,9775.78
630,18,9750.94
630,19,9722.05
630,20,9685.96
630,21,9730.67
630,22,9705.21
630,23,9707.91
630,24,9712.62
630,25,9722.07
630,26,9735.13
630,27,9772.91
630,28,9708.84
630,29,9706.64
630,30,9752.72
630,31,9769.86
630,32,9747.22
630,33,9732.95
630,34,9754.88
630,35,9711.57
630,36,9788.33
630,37,9752.76
630,38,9778.33
630,39,9723.56
630,40,9743.07
630,41,9730.57
630,42,9711.02
630,43,9708.96
630,44,9722.56
630,45,9717.59
630,46,9784.33
630,47,9788.97
630,48,9745.76
630,49,9706.57
630,50,9708.11
630,51,9728.17
630,52,9791.36
630,53,9798.88
630,54,9698.5
630,55,9705.33
630,56,9703.66
630,57,9696.05
630,58,9766.06
630,59,9707.22
630,60,9772.78
630,61,9736.39
630,62,9795.38
630,63,9729.57
630,64,9728.27
630,65,9717.08
630,66,9661.98
630,67,9732.2
630,68,9717.05
630,69,9689.32
630,70,9782.29
630,71,9709.05
630,72,9721.85
630,73,9774.22
630,74,9716.75
630,75,9765.83
630,76,9674.36
630,77,9729.14
630,78,9728.6
630,79,9802.72
630,80,9731.41
630,81,9694.14
630,82,9761.71
630,83,9735.01
630,84,9763.33
630,85,9759.9
630,86,9710.09
630,87,9673.69
630,88,9748.43
630,89,9699.9
630,90,9738.35
630,91,9739.32
630,92,9757
630,93,9707.55
630,94,9721.03
630,95,9769.47
630,96,9733.44
630,97,9738.95
630,98,9668.76
630,99,9776.06
640,0,9764.63
640,1,9705.26
640,2,9691.09
640,3,9702.63
640,4,9674.49
640,5,9711.64
640,6,9734.79
640,7,9720.05
640,8,9718.54
640,9,9779.93
640,10,9744.15
640,11,9719.29
640,12,9730.34
640,13,9758.14
640,14,9689.72
640,15,9741.65
640,16,9778.41
640,17,9775.48
640,18,9750.64
640,19,9721.75
640,20,9685.66
640,21,9730.37
640,22,9704.91
640,23,9707.61
640,24,9712.32
640,25,9721.77
640,26,9734.83
640,27,9772.61
640,28,9708.54
640,29,9706.34
640,30,9752.42
640,31,9769.56
640,32,9746.92
640,33,9732.65
640,34,9754.58
640,35,9711.27
640,36,9788.03
640,37,9752.46
640,38,9778.03
640,39,9723.26
640,40,9742.77
640,41,9730.27
640,42,9710.72
640,43,9708.66
640,44,9722.26
640,45,9717.29
640,46,9784.03
640,47,9788.67
640,48,9745.46
640,49,9706.27
640,50,9707.81
640,51,9727.87
640,52,9791.06
640,53,9798.58
640,54,9698.2
640,55,9705.03
640,56,9703.36
640,57,9695.75
640,58,9765.76
640,59,9706.92
640,60,9772.48
640,61,9736.09
640,62,9795.08
640,63,9729.27
640,64,9727.97
640,65,9716.78
640,66,9661.68
640,67,9731.9
640,68,9716.75
640,69,9689.02
640,70,9781.99
640,71,9708.75
640,72,9721.55
640,73,9773.92
640,74,9716.45
640,75,9765.53
640,76,9674.06
640,77,9728.84
640,78,9728.3
640,79,9802.42
640,80,9731.11
640,81,9693.84
640,82,9761.41
640,83,9734.71
640,84,9763.03
640,85,9759.6
640,86,9709.79
640,87,9673.39
640,88,9748.13
640,89,9699.6
640,90,9738.05
640,91,9739.02
640,92,9756.7
640,93,9707.25
640,94,9720.73
640,95,9769.17
640,96,9733.14
640,97,9738.65
640,98,9668.46
640,99,9775.76
650,0,9755.15
650,1,9691.64
650,2,9676.68
650,3,9689.87
650,4,9661.89
650,5,9697.64
650,6,9724.63
650,7,9708.27
650,8,9706.84
650,9,9769.49
650,10,9735.25
650,11,9706.25
650,12,9721.65
650,13,9746.14
650,14,9676.17
650,15,9730.29
650,16,9769.78
650,17,9764.39
650,18,9737.79
650,19,9708.76
650,20,9672.3
650,21,9719.31
650,22,9690.15
650,23,9693.93
650,24,9699.08
650,25,9708.23
650,26,9722.25
650,27,9764.23
650,28,9695.06
650,29,9692.87
650,30,9739.82
650,31,9760.1
650,32,9734.76
650,33,9720.23
650,34,9743.4
650,35,9698.15
650,36,9777.87
650,37,9740.27
650,38,9767.13
650,39,9711.21
650,40,9733.92
650,41,9720.5
650,42,9695.53
650,43,9697.83
650,44,9708.56
650,45,9706.25
650,46,9774.49
650,47,9777.3
650,48,9732.34
650,49,9695.15
650,50,9694.7
650,51,9715.63
650,52,9779.02
650,53,9788.59
650,54,9686.48
650,55,9692.09
650,56,9689.11
650,57,9683.18
650,58,9755.26
650,59,9694.16
650,60,9761.72
650,61,9722.35
650,62,9786.36
650,63,9716.86
650,64,9716.48
650,65,9702.6
650,66,9648.13
650,67,9719.27
650,68,9702.8
650,69,9676.77
650,70,9773.17
650,71,9694.3
650,72,9707.62
650,73,9761.7
650,74,9704.05
650,75,9754.65
650,76,9660.02
650,77,9716.63
650,78,9714.35
650,79,9793.79
650,80,9721.75
650,81,9681.69
650,82,9750.85
650,83,9720.83
650,84,9752.42
650,85,9749.02
650,86,9696.75
650,87,9658.69
650,88,9735.32
650,89,9685.44
650,90,9726.19
650,91,9727.56
650,92,9745.96
650,93,9693.88
650,94,9709.31
650,95,9758.45
650,96,9721.33
650,97,9727.22
650,98,9654.89
650,99,9766.92
660,0,9754.85
660,1,9691.34
660,2,9676.38
660,3,9689.57
660,4,9661.59
660,5,9697.34
660,6,9724.33
660,7,9707.97
660,8,9706.54
660,9,9769.19
660,10,9734.95
660,11,9705.95
660,12,9721.35
660,13,9745.84
660,14,9675.87
660,15,9729.99
660,16,9769.48
660,17,9764.09
660,18,9737.49
660,19,9708.46
660,20,9672
660,21,9719.01
660,22,9689.85
660,23,9693.63
660,24,9698.78
660,25,9707.93
660,26,9721.95
660,27,9763.93
660,28,9694.76
660,29,9692.57
660,30,9739.52
660,31,9759.8
660,32,9734.46
660,33,9719.93
660,34,9743.1
660,35,9697.85
660,36,9777.57
660,37,9739.97
660,38,9766.83
660,39,9710.91
660,40,9733.62
660,41,9720.2
660,42,9695.23
660,43,9697.53
660,44,9708.26
660,45,9705.95
660,46,9774.19
660,47,9777
660,48,9732.04
660,49,9694.85
660,50,9694.4
660,51,9715.33
660,52,9778.72
660,53,9788.29
660,54,9686.18
660,55,9691.79
660,56,9688.81
660,57,9682.88
660,58,9754.96
660,59,9693.86
660,60,9761.42
660,61,9722.05
660,62,9786.06
660,63,9716.56
660,64,9716.18
660,65,9702.3
660,66,9647.83
660,67,9718.97
660,68,9702.5
660,69,9676.47
660,70,9772.87
660,71,9694
660,72,9707.32
660,73,9761.4
660,74,9703.75
660,75,9754.35
660,76,9659.72
660,77,9716.33
660,78,9714.05
660,79,9793.49
660,80,9721.45
660,81,9681.39
660,82,9750.55
660,83,9720.53
660,84,9752.12
660,85,9748.72
660,86,9696.45
660,87,9658.39
660,88,9735.02
660,89,9685.14
660,90,9725.89
660,91,9727.26
660,92,9745.66
660,93,9693.58
660,94,9709.01
660,95,9758.15
660,96,9721.03
660,97,9726.92
660,98,9654.59
660,99,9766.62
670,0,9754.55
670,1,9691.04
670,2,9676.08
670,3,9689.27
670,4,9661.29
670,5,9697.04
670,6,9724.03
670,7,9707.67
670,8,9706.24
670,9,9768.89
670,10,9734.65
670,11,9705.65
670,12,9721.05
670,13,9745.54
670,14,9675.57
670,15,9729.69
670,16,9769.18
670,17,9763.79
670,18,9737.19
670,19,9708.16
670,20,9671.7
670,21,9718.71
670,22,9689.55
670,23,9693.33
670,24,9698.48
670,25,9707.63
670,26,9721.65
670,27,9763.63
670,28,9694.46
670,29,9692.27
670,30,9739.22
670,31,9759.5
670,32,9734.16
670,33,9719.63
670,34,9742.8
670,35,9697.55
670,36,9777.27
670,37,9739.67
670,38,9766.53
670,39,9710.61
670,40,9733.32
670,41,9719.9
670,42,9694.93
670,43,9697.23
670,44,9707.96
670,45,9705.65
670,46,9773.89
670,47,9776.7
670,48,9731.74
670,49,9694.55
670,50,9694.1
670,51,9715.03
670,52,9778.42
670,53,9787.99
670,54,9685.88
670,55,9691.49
670,56,9688.51
670,57,9682.58
670,58,9754.66
670,59,9693.56
670,60,9761.12
670,61,9721.75
670,62,9785.76
670,63,9716.26
670,64,9715.88
670,65,9702
670,66,9647.53
670,67,9718.67
670,68,9702.2
670,69,9676.17
670,70,9772.57
670,71,9693.7
670,72,9707.02
670,73,9761.1
670,74,9703.45
670,75,9754.05
670,76,9659.42
670,77,9716.03
670,78,9713.75
670,79,9793.19
670,80,9721.15
670,81,9681.09
670,82,9750.25
670,83,9720.23
670,84,9751.82
670,85,9748.42
670,86,9696.15
670,87,9658.09
670,88,9734.72
670,89,9684.84
670,90,9725.59
670,91,9726.96
670,92,9745.36
670,93,9693.28
670,94,9708.71
670,95,9757.85
670,96,9720.73
670,97,9726.62
670,98,9654.29
670,99,9766.32
680,0,9743.5
680,1,9676.54
680,2,9660.76
680,3,9676.22
680,4,9645.23
680,5,9683.77
680,6,9713.9
680,7,9696.31
680,8,9695.14
680,9,9758.63
680,10,9723.67
680,11,9692.6
680,12,9711.75
680,13,9733.71
680,14,9660.81
680,15,9720.01
680,16,9758.72
680,17,9752.75
680,18,9724.78
680,19,9694.87
680,20,9658.12
680,21,9706.53
680,22,9675.15
680,23,9680.42
680,24,9684.88
680,25,9693.6
680,26,9707.89
680,27,9753.43
680,28,9680.86
680,29,9680.6
680,30,9726.55
680,31,9749.74
680,32,9722.01
680,33,9706.91
680,34,9730.47
680,35,9684.13
680,36,9766.51
680,37,9727.29
680,38,9753.68
680,39,9699.4
680,40,9719.85
680,41,9706.27
680,42,9679.64
680,43,9685.66
680,44,9695.37
680,45,9693.96
680,46,9763.11
680,47,9767.31
680,48,9718.54
680,49,9683.27
680,50,9681.33
680,51,9701.92
680,52,9766.13
680,53,9777.9
680,54,9674.05
680,55,9678.42
680,56,9673.66
680,57,9669.81
680,58,9743.94
680,59,9681.13
680,60,9748.07
680,61,9708.08
680,62,9776.78
680,63,9703.34
680,64,9703.77
680,65,9687.73
680,66,9632.62
680,67,9707.84
680,68,9688.49
680,69,9662.45
680,70,9763.46
680,71,9678.56
680,72,9692.87
680,73,9748.44
680,74,9690.96
680,75,9742.21
680,76,9645.81
680,77,9702.7
680,78,9699.98
680,79,9783.28
680,80,9709.4
680,81,9667.03
680,82,9739.1
680,83,9706.76
680,84,9738.89
680,85,9736.12
680,86,9682.19
680,87,9642.72
680,88,9721.67
680,89,9669.44
680,90,9713.37
680,91,9715.39
680,92,9735.38
680,93,9679.22
680,94,9696.83
680,95,9744.83
680,96,9709.16
680,97,9712.31
680,98,9638.12
680,99,9756.95
690,0,9743.2
690,1,9676.24
690,2,9660.46
690,3,9675.92
690,4,9644.93
690,5,9683.47
690,6,9713.6
690,7,9696.01
690,8,9694.84
690,9,9758.33
690,10,9723.37
690,11,9692.3
690,12,9711.45
690,13,9733.41
690,14,9660.51
690,15,9719.71
690,16,9758.42
690,17,9752.45
690,18,9724.48
690,19,9694.57
690,20,9657.82
690,21,9706.23
690,22,9674.85
690,23,9680.12
690,24,9684.58
690,25,9693.3
690,26,9707.59
690,27,9753.13
690,28,9680.56
690,29,9680.3
690,30,9726.25
690,31,9749.44
690,32,9721.71
690,33,9706.61
690,34,9730.17
690,35,9683.83
690,36,9766.21
690,37,9726.99
690,38,9753.38
690,39,9699.1
690,40,9719.55
690,41,9705.97
690,42,9679.34
690,43,9685.36
690,44,9695.07
690,45,9693.66
690,46,9762.81
690,47,9767.01
690,48,9718.24
690,49,9682.97
690,50,9681.03
690,51,9701.62
690,52,9765.83
690,53,9777.6
690,54,9673.75
690,55,9678.12
690,56,9673.36
690,57,9669.51
690,58,9743.64
690,59,9680.83
690,60,9747.77
690,61,9707.78
690,62,9776.48
690,63,9703.04
690,64,9703.47
690,65,9687.43
690,66,9632.32
690,67,9707.54
690,68,9688.19
690,69,9662.15
690,70,9763.16
690,71,9678.26
690,72,9692.57
690,73,9748.14
690,74,9690.66
690,75,9741.91
690,76,9645.51
690,77,9702.4
690,78,9699.68
690,79,9782.98
690,80,9709.1
690,81,9666.73
690,82,9738.8
690,83,9706.46
690,84,9738.59
690,85,9735.82
690,86,9681.89
690,87,9642.42
690,88,9721.37
690,89,9669.14
690,90,9713.07
690,91,9715.09
690,92,9735.08
690,93,9678.92
690,94,9696.53
690,95,9744.53
690,96,9708.86
690,97,9712.01
690,98,9637.82
690,99,9756.65
700,0,9742.9
700,1,9675.94
700,2,9660.16
700,3,9675.62
700,4,9644.63
700,5,9683.17
700,6,9713.3
700,7,9695.71
700,8,9694.54
700,9,9758.03
700,10,9723.07
700,11,9692
700,12,9711.15
700,13,9733.11
700,14,9660.21
700,15,9719.41
700,16,9758.12
700,17,9752.15
700,18,9724.18
700,19,9694.27
700,20,9657.52
700,21,9705.93
700,22,9674.55
700,23,9679.82
700,24,9684.28
700,25,9693
700,26,9707.29
700,27,9752.83
700,28,9680.26
700,29,9680
700,30,9725.95
700,31,9749.14
700,32,9721.41
700,33,9706.31
700,34,9729.87
700,35,9683.53
700,36,9765.91
700,37,9726.69
700,38,9753.08
700,39,9698.8
700,40,9719.25
700,41,9705.67
700,42,9679.04
700,43,9685.06
700,44,9694.77
700,45,9693.36
700,46,9762.51
700,47,9766.71
700,48,9717.94
700,49,9682.67
700,50,9680.73
700,51,9701.32
700,52,9765.53
700,53,9777.3
700,54,9673.45
700,55,9677.82
700,56,9673.06
700,57,9669.21
700,58,9743.34
700,59,9680.53
700,60,9747.47
700,61,9707.48
700,62,9776.18
700,63,9702.74
700,64,9703.17
700,65,9687.13
700,66,9632.02
700,67,9707.24
700,68,9687.89
700,69,9661.85
700,70,9762.86
700,71,9677.96
700,72,9692.27
700,73,9747.84
700,74,9690.36
700,75,9741.61
700,76,9645.21
700,77,9702.1
700,78,9699.38
700,79,9782.68
700,80,9708.8
700,81,9666.43
700,82,9738.5
700,83,9706.16
700,84,9738.29
700,85,9735.52
700,86,9681.59
700,87,9642.12
700,88,9721.07
700,89,9668.84
700,90,9712.77
700,91,9714.79
700,92,9734.78
700,93,9678.62
700,94,9696.23
700,95,9744.23
700,96,9708.56
700,97,9711.71
700,98,9637.52
700,99,9756.35
710,0,9730.74
710,1,9662.72
710,2,9645.11
710,3,9662.56
710,4,9631.13
710,5,9669.56
710,6,9698.84
710,7,9684.26
710,8,9678.97
710,9,9746.1
710,10,9711.75
710,11,9680.15
710,12,9700.02
710,13,9720.61
710,14,9648.92
710,15,9706.89
710,16,9747.13
710,17,9740.55
710,18,9711.16
710,19,9680.59
710,20,9643.49
710,21,9693.14
710,22,9660.89
710,23,9665.48
710,24,9669.29
710,25,9679.09
710,26,9693.86
710,27,9741.34
710,28,9665.32
710,29,9663.82
710,30,9710.08
710,31,9738.66
710,32,9708.25
710,33,9693.28
710,34,9714.28
710,35,9670.81
710,36,9756.8
710,37,9713.36
710,38,9740.26
710,39,9684.11
710,40,9708.32
710,41,9694.11
710,42,9661.95
710,43,9672.17
710,44,9676.68
710,45,9680.03
710,46,9750.44
710,47,9755.46
710,48,9706.1
710,49,9667.53
710,50,9666.51
710,51,9686.35
710,52,9753.26
710,53,9766.62
710,54,9660.56
710,55,9664.85
710,56,9658.18
710,57,9656.46
710,58,9733.47
710,59,9667.73
710,60,9734.07
710,61,9693.73
710,62,9765.61
710,63,9688.24
710,64,9690.82
710,65,9669.9
710,66,9617.87
710,67,9695.69
710,68,9670.05
710,69,9647.96
710,70,9750.88
710,71,9662.83
710,72,9674.56
710,73,9736.5
710,74,9677.73
710,75,9728.66
710,76,9631.11
710,77,9687.41
710,78,9684.78
710,79,9770.31
710,80,9696.48
710,81,9652.41
710,82,9724.93
710,83,9691.61
710,84,9723.26
710,85,9720.56
710,86,9667.7
710,87,9625.58
710,88,9707.74
710,89,9654.78
710,90,9699.71
710,91,9701.03
710,92,9723.42
710,93,9664.33
710,94,9684.36
710,95,9730.74
710,96,9694.28
710,97,9695.1
710,98,9622.48
710,99,9745.65
720,0,9730.44
720,1,9662.42
720,2,9644.81
720,3,9662.26
720,4,9630.83
720,5,9669.26
720,6,9698.54
720,7,9683.96
720,8,9678.68
720,9,9745.8
720,10,9711.45
720,11,9679.85
720,12,9699.72
720,13,9720.31
720,14,9648.62
720,15,9706.59
720,16,9746.83
720,17,9740.25
720,18,9710.86
720,19,9680.29
720,20,9643.19
720,21,9692.84
720,22,9660.59
720,23,9665.18
720,24,9668.99
720,25,9678.79
720,26,9693.56
720,27,9741.04
720,28,9665.02
720,29,9663.53
720,30,9709.79
720,31,9738.36
720,32,9707.95
720,33,9692.98
720,34,9713.99
720,35,9670.51
720,36,9756.5
720,37,9713.06
720,38,9739.96
720,39,9683.81
720,40,9708.02
720,41,9693.81
720,42,9661.68
720,43,9671.87
720,44,9676.41
720,45,9679.73
720,46,9750.14
720,47,9755.16
720,48,9705.8
720,49,9667.23
720,50,9666.21
720,51,9686.07
720,52,9752.96
720,53,9766.32
720,54,9660.26
720,55,9664.55
720,56,9657.88
720,57,9656.16
720,58,9733.17
720,59,9667.43
720,60,9733.77
720,61,9693.43
720,62,9765.31
720,63,9687.94
720,64,9690.52
720,65,9669.62
720,66,9617.57
720,67,9695.39
720,68,9669.79
720,69,9647.66
720,70,9750.58
720,71,9662.53
720,72,9674.29
720,73,9736.2
720,74,9677.43
720,75,9728.36
720,76,9630.81
720,77,9687.11
720,78,9684.48
720,79,9770.01
720,80,9696.18
720,81,9652.11
720,82,9724.63
720,83,9691.31
720,84,9722.96
720,85,9720.28
720,86,9667.4
720,87,9625.31
720,88,9707.44
720,89,9654.48
720,90,9699.41
720,91,9700.73
720,92,9723.12
720,93,9664.03
720,94,9684.06
720,95,9730.44
720,96,9693.98
720,97,9694.8
720,98,9622.18
720,99,9745.35
730,0,9730.14
730,1,9662.12
730,2,9644.51
730,3,9661.96
730,4,9630.53
730,5,9668.96
730,6,9698.24
730,7,9683.66
730,8,9678.38
730,9,9745.5
730,10,9711.15
730,11,9679.55
730,12,9699.42
730,13,9720.01
730,14,9648.32
730,15,9706.29
730,16,9746.53
730,17,9739.95
730,18,9710.56
730,19,9679.99
730,20,9642.89
730,21,9692.54
730,22,9660.29
730,23,9664.88
730,24,9668.69
730,25,9678.49
730,26,9693.26
730,27,9740.74
730,28,9664.72
730,29,9663.23
730,30,9709.49
730,31,9738.06
730,32,9707.65
730,33,9692.68
730,34,9713.69
730,35,9670.21
730,36,9756.2
730,37,9712.76
730,38,9739.66
730,39,9683.51
730,40,9707.72
730,41,9693.51
730,42,9661.38
730,43,9671.57
730,44,9676.11
730,45,9679.43
730,46,9749.84
730,47,9754.86
730,48,9705.5
730,49,9666.93
730,50,9665.91
730,51,9685.77
730,52,9752.66
730,53,9766.02
730,54,9659.96
730,55,9664.25
730,56,9657.58
730,57,9655.86
730,58,9732.87
730,59,9667.13
730,60,9733.47
730,61,9693.13
730,62,9765.01
730,63,9687.64
730,64,9690.22
730,65,9669.32
730,66,9617.27
730,67,9695.09
730,68,9669.49
730,69,9647.36
730,70,9750.28
730,71,9662.23
730,72,9673.99
730,73,9735.9
730,74,9677.13
730,75,9728.06
730,76,9630.51
730,77,9686.81
730,78,9684.18
730,79,9769.71
730,80,9695.88
730,81,9651.81
730,82,9724.33
730,83,9691.01
730,84,9722.66
730,85,9719.98
730,86,9667.1
730,87,9625.01
730,88,9707.14
730,89,9654.18
730,90,9699.11
730,91,9700.43
730,92,9722.82
730,93,9663.73
730,94,9683.76
730,95,9730.14
730,96,9693.68
730,97,9694.5
730,98,9621.88
730,99,9745.05
740,0,9716.71
740,1,9644.83
740,2,9628.82
740,3,9646.16
740,4,9610.71
740,5,9648.98
740,6,9681.97
740,7,9669.84
740,8,9661.03
740,9,9731.9
740,10,9696.94
740,11,9666.35
740,12,9688.14
740,13,9703.68
740,14,9629.38
740,15,9688.33
740,16,9733.94
740,17,9727.27
740,18,9693.67
740,19,9663.48
740,20,9623.6
740,21,9676.25
740,22,9645.36
740,23,9647.77
740,24,9650.33
740,25,9659.1
740,26,9675.84
740,27,9729.28
740,28,9648.63
740,29,9646.74
740,30,9691.47
740,31,9724.93
740,32,9691.25
740,33,9674.24
740,34,9695.57
740,35,9652.29
740,36,9744.73
740,37,9697.09
740,38,9726.05
740,39,9668.44
740,40,9694.05
740,41,9679.36
740,42,9645.72
740,43,9656.89
740,44,9657.82
740,45,9664.77
740,46,9739.57
740,47,9743.92
740,48,9690.94
740,49,9648.45
740,50,9648.93
740,51,9669.89
740,52,9739.7
740,53,9753.67
740,54,9645
740,55,9648.54
740,56,9638.05
740,57,9639.78
740,58,9722.89
740,59,9651.67
740,60,9721.05
740,61,9678.85
740,62,9755.42
740,63,9672.62
740,64,9673.68
740,65,9650.02
740,66,9598.24
740,67,9680.26
740,68,9652.89
740,69,9630.26
740,70,9737.23
740,71,9642.6
740,72,9654.02
740,73,9720.34
740,74,9660.43
740,75,9714.58
740,76,9613.02
740,77,9669.75
740,78,9667.48
740,79,9757.48
740,80,9678.42
740,81,9633.99
740,82,9711.04
740,83,9676.17
740,84,9711.38
740,85,9702.29
740,86,9649.58
740,87,9603.43
740,88,9693.46
740,89,9635.71
740,90,9684.53
740,91,9686.47
740,92,9709.82
740,93,9643.7
740,94,9669.85
740,95,9715.41
740,96,9678.61
740,97,9678.65
740,98,9604.08
740,99,9732
750,0,9716.42
750,1,9644.6
750,2,9628.55
750,3,9645.88
750,4,9610.47
750,5,9648.75
750,6,9681.72
750,7,9669.58
750,8,9660.78
750,9,9731.62
750,10,9696.68
750,11,9666.07
750,12,9687.86
750,13,9703.41
750,14,9629.13
750,15,9688.08
750,16,9733.64
750,17,9726.99
750,18,9693.4
750,19,9663.21
750,20,9623.37
750,21,9675.99
750,22,9645.07
750,23,9647.52
750,24,9650.09
750,25,9658.86
750,26,9675.58
750,27,9728.98
750,28,9648.37
750,29,9646.49
750,30,9691.23
750,31,9724.65
750,32,9690.99
750,33,9674
750,34,9695.32
750,35,9652.04
750,36,9744.44
750,37,9696.83
750,38,9725.77
750,39,9668.17
750,40,9693.76
750,41,9679.08
750,42,9645.44
750,43,9656.62
750,44,9657.6
750,45,9664.5
750,46,9739.27
750,47,9743.62
750,48,9690.66
750,49,9648.21
750,50,9648.68
750,51,9669.65
750,52,9739.42
750,53,9753.38
750,54,9644.73
750,55,9648.27
750,56,9637.81
750,57,9639.52
750,58,9722.59
750,59,9651.42
750,60,9720.77
750,61,9678.58
750,62,9755.12
750,63,9672.34
750,64,9673.45
750,65,9649.78
750,66,9598
750,67,9680
750,68,9652.67
750,69,9630
750,70,9736.95
750,71,9642.36
750,72,9653.78
750,73,9720.06
750,74,9660.17
750,75,9714.3
750,76,9612.77
750,77,9669.5
750,78,9667.21
750,79,9757.18
750,80,9678.17
750,81,9633.74
750,82,9710.77
750,83,9675.89
750,84,9711.08
750,85,9702.04
750,86,9649.33
750,87,9603.21
750,88,9693.19
750,89,9635.46
750,90,9684.25
750,91,9686.22
750,92,9709.54
750,93,9643.47
750,94,9669.57
750,95,9715.13
750,96,9678.35
750,97,9678.38
750,98,9603.84
750,99,9731.72
760,0,9716.12
760,1,9644.3
760,2,9628.25
760,3,9645.58
760,4,9610.17
760,5,9648.45
760,6,9681.42
760,7,9669.28
760,8,9660.48
760,9,9731.32
760,10,9696.38
760,11,9665.77
760,12,9687.56
760,13,9703.11
760,14,9628.83
760,15,9687.78
760,16,9733.34
760,17,9726.69
760,18,9693.1
760,19,9662.91
760,20,9623.07
760,21,9675.69
760,22,9644.77
760,23,9647.22
760,24,9649.79
760,25,9658.56
760,26,9675.28
760,27,9728.68
760,28,9648.07
760,29,9646.19
760,30,9690.93
760,31,9724.35
760,32,9690.69
760,33,9673.7
760,34,9695.02
760,35,9651.74
760,36,9744.14
760,37,9696.53
760,38,9725.47
760,39,9667.87
760,40,9693.46
760,41,9678.78
760,42,9645.14
760,43,9656.32
760,44,9657.3
760,45,9664.2
760,46,9738.97
760,47,9743.32
760,48,9690.36
760,49,9647.91
760,50,9648.38
760,51,9669.35
760,52,9739.12
760,53,9753.08
760,54,9644.43
760,55,9647.97
760,56,9637.51
760,57,9639.22
760,58,9722.29
760,59,9651.12
760,60,9720.47
760,61,9678.28
760,62,9754.82
760,63,9672.04
760,64,9673.15
760,65,9649.48
760,66,9597.7
760,67,9679.7
760,68,9652.37
760,69,9629.7
760,70,9736.65
760,71,9642.06
760,72,9653.48
760,73,9719.76
760,74,9659.87
760,75,9714
760,76,9612.47
760,77,9669.2
760,78,9666.91
760,79,9756.88
760,80,9677.87
760,81,9633.44
760,82,9710.47
760,83,9675.59
760,84,9710.78
760,85,9701.74
760,86,9649.03
760,87,9602.91
760,88,9692.89
760,89,9635.16
760,90,9683.95
760,91,9685.92
760,92,9709.24
760,93,9643.17
760,94,9669.27
760,95,9714.83
760,96,9678.05
760,97,9678.08
760,98,9603.54
760,99,9731.42
770,0,9705.09
770,1,9631.95
770,2,9616.45
770,3,9632.92
770,4,9599.92
770,5,9638.36
770,6,9672.52
770,7,9659.06
770,8,9651.37
770,9,9722.12
770,10,9688.4
770,11,9656.54
770,12,9679.96
770,13,9692.84
770,14,9619.28
770,15,9675.79
770,16,9724.98
770,17,9717.64
770,18,9684.76
770,19,9649.58
770,20,9608.35
770,21,9664.93
770,22,9633.78
770,23,9638.13
770,24,9640.18
770,25,9647.76
770,26,9666.16
770,27,9720.51
770,28,9635.41
770,29,9637.13
770,30,9678.53
770,31,9713.98
770,32,9679.12
770,33,9664.27
770,34,9682.92
770,35,9640.34
770,36,9735.75
770,37,9686.26
770,38,9714.74
770,39,9658.75
770,40,9682.95
770,41,9666.43
770,42,9633.89
770,43,9646.49
770,44,9644.33
770,45,9654.64
770,46,9729.33
770,47,9733.47
770,48,9682.23
770,49,9638.57
770,50,9638.41
770,51,9659.59
770,52,9728.83
770,53,9745.35
770,54,9633.69
770,55,9636.47
770,56,9622.8
770,57,9626.68
770,58,9713.25
770,59,9641.44
770,60,9712.46
770,61,9667.51
770,62,9743.45
770,63,9661.12
770,64,9661.57
770,65,9637.75
770,66,9587.63
770,67,9667.6
770,68,9641.32
770,69,9616.53
770,70,9727.98
770,71,9630.25
770,72,9642.01
770,73,9709.24
770,74,9649.82
770,75,9706.16
770,76,9603.46
770,77,9656.07
770,78,9655.93
770,79,9747.6
770,80,9668.33
770,81,9620.24
770,82,9701.79
770,83,9664.55
770,84,9702.34
770,85,9692.01
770,86,9635.43
770,87,9593.15
770,88,9682.21
770,89,9625.09
770,90,9672.2
770,91,9675.51
770,92,9700.51
770,93,9633.2
770,94,9658.68
770,95,9705.75
770,96,9667.68
770,97,9668.47
770,98,9594.04
770,99,9722.54
780,0,9704.79
780,1,9631.65
780,2,9616.15
780,3,9632.62
780,4,9599.62
780,5,9638.06
780,6,9672.22
780,7,9658.76
780,8,9651.07
780,9,9721.82
780,10,9688.1
780,11,9656.24
780,12,9679.66
780,13,9692.54
780,14,9618.98
780,15,9675.49
780,16,9724.68
780,17,9717.34
780,18,9684.46
780,19,9649.28
780,20,9608.07
780,21,9664.63
780,22,9633.48
780,23,9637.83
780,24,9639.88
780,25,9647.46
780,26,9665.86
780,27,9720.21
780,28,9635.11
780,29,9636.83
780,30,9678.23
780,31,9713.68
780,32,9678.82
780,33,9663.97
780,34,9682.63
780,35,9640.04
780,36,9735.45
780,37,9685.96
780,38,9714.44
780,39,9658.45
780,40,9682.65
780,41,9666.13
780,42,9633.59
780,43,9646.19
780,44,9644.04
780,45,9654.34
780,46,9729.03
780,47,9733.17
780,48,9681.93
780,49,9638.27
780,50,9638.11
780,51,9659.29
780,52,9728.53
780,53,9745.05
780,54,9633.39
780,55,9636.17
780,56,9622.51
780,57,9626.38
780,58,9712.95
780,59,9641.14
780,60,9712.16
780,61,9667.21
780,62,9743.15
780,63,9660.82
780,64,9661.27
780,65,9637.45
780,66,9587.33
780,67,9667.31
780,68,9641.02
780,69,9616.23
780,70,9727.68
780,71,9629.95
780,72,9641.71
780,73,9708.94
780,74,9649.52
780,75,9705.86
780,76,9603.16
780,77,9655.77
780,78,9655.63
780,79,9747.3
780,80,9668.03
780,81,9619.94
780,82,9701.49
780,83,9664.25
780,84,9702.04
780,85,9691.71
780,86,9635.14
780,87,9592.85
780,88,9681.91
780,89,9624.79
780,90,9671.9
780,91,9675.21
780,92,9700.21
780,93,9632.9
780,94,9658.38
780,95,9705.45
780,96,9667.38
780,97,9668.17
780,98,9593.74
780,99,9722.24
790,0,9704.49
790,1,9631.35
790,2,9615.85
790,3,9632.32
790,4,9599.32
790,5,9637.76
790,6,9671.92
790,7,9658.46
790,8,9650.77
790,9,9721.52
790,10,9687.8
790,11,9655.94
790,12,9679.36
790,13,9692.24
790,14,9618.68
790,15,9675.19
790,16,9724.38
790,17,9717.04
790,18,9684.16
790,19,9648.98
790,20,9607.77
790,21,9664.33
790,22,9633.18
790,23,9637.53
790,24,9639.58
790,25,9647.16
790,26,9665.56
790,27,9719.91
790,28,9634.81
790,29,9636.53
790,30,9677.93
790,31,9713.38
790,32,9678.52
790,33,9663.67
790,34,9682.33
790,35,9639.74
790,36,9735.15
790,37,9685.66
790,38,9714.14
790,39,9658.15
790,40,9682.35
790,41,9665.83
790,42,9633.29
790,43,9645.89
790,44,9643.74
790,45,9654.04
790,46,9728.73
790,47,9732.87
790,48,9681.63
790,49,9637.97
790,50,9637.81
790,51,9658.99
790,52,9728.23
790,53,9744.75
790,54,9633.09
790,55,9635.87
790,56,9622.21
790,57,9626.08
790,58,9712.65
790,59,9640.84
790,60,9711.86
790,61,9666.91
790,62,9742.85
790,63,9660.52
790,64,9660.97
790,65,9637.15
790,66,9587.03
790,67,9667.01
790,68,9640.72
790,69,9615.93
790,70,9727.38
790,71,9629.65
790,72,9641.41
790,73,9708.64
790,74,9649.22
790,75,9705.56
790,76,9602.86
790,77,9655.47
790,78,9655.33
790,79,9747
790,80,9667.73
790,81,9619.64
790,82,9701.19
790,83,9663.95
790,84,9701.74
790,85,9691.41
790,86,9634.84
790,87,9592.55
790,88,9681.61
790,89,9624.49
790,90,9671.6
790,91,9674.91
790,92,9699.91
790,93,9632.6
790,94,9658.08
790,95,9705.15
790,96,9667.08
790,97,9667.87
790,98,9593.44
790,99,9721.94
800,0,9693.4
800,1,9616.42
800,2,9600.93
800,3,9619.94
800,4,9586.43
800,5,9622.52
800,6,9657.4
800,7,9644.86
800,8,9637.13
800,9,9707.95
800,10,9676.66
800,11,9646.26
800,12,9670.61
800,13,9681.14
800,14,9603.76
800,15,9662.88
800,16,9715.03
800,17,9705.69
800,18,9673.25
800,19,9635.6
800,20,9593.05
800,21,9650.28
800,22,9622.2
800,23,9624.74
800,24,9625.6
800,25,9633.13
800,26,9651.31
800,27,9710.26
800,28,9622.2
800,29,9620.42
800,30,9664.2
800,31,9703.07
800,32,9664.03
800,33,9649.45
800,34,9667.08
800,35,9627.87
800,36,9725.37
800,37,9672.35
800,38,9703.3
800,39,9646.37
800,40,9671
800,41,9654.35
800,42,9617.2
800,43,9634.57
800,44,9630.62
800,45,9642.63
800,46,9717.4
800,47,9721.24
800,48,9670.88
800,49,9624.38
800,50,9625.1
800,51,9644.47
800,52,9717.66
800,53,9734.27
800,54,9616.48
800,55,9623.45
800,56,9608.21
800,57,9613.57
800,58,9701.91
800,59,9627.42
800,60,9703.11
800,61,9654.97
800,62,9733.53
800,63,9646.82
800,64,9646.59
800,65,9620.4
800,66,9572.81
800,67,9656.47
800,68,9628.06
800,69,9602.85
800,70,9717.12
800,71,9611.92
800,72,9626.32
800,73,9697.99
800,74,9634.68
800,75,9694.45
800,76,9589.8
800,77,9642.31
800,78,9643.97
800,79,9737.62
800,80,9653.34
800,81,9606.34
800,82,9690.04
800,83,9648.49
800,84,9688.59
800,85,9678.55
800,86,9621.17
800,87,9577.06
800,88,9670.13
800,89,9611.78
800,90,9659.96
800,91,9659.88
800,92,9687.34
800,93,9617.74
800,94,9645.31
800,95,9693.26
800,96,9655.05
800,97,9655.11
800,98,9579.91
800,99,9710.33
810,0,9693.1
810,1,9616.19
810,2,9600.67
810,3,9619.64
810,4,9586.16
810,5,9622.29
810,6,9657.13
810,7,9644.58
810,8,9636.87
810,9,9707.67
810,10,9676.36
810,11,9645.96
810,12,9670.31
810,13,9680.84
810,14,9603.5
810,15,9662.6
810,16,9714.73
810,17,9705.4
810,18,9672.95
810,19,9635.31
810,20,9592.78
810,21,9650.01
810,22,9621.9
810,23,9624.45
810,24,9625.35
810,25,9632.86
810,26,9651.04
810,27,9709.96
810,28,9621.91
810,29,9620.18
810,30,9663.93
810,31,9702.77
810,32,9663.76
810,33,9649.21
810,34,9666.83
810,35,9627.58
810,36,9725.07
810,37,9672.09
810,38,9703
810,39,9646.07
810,40,9670.7
810,41,9654.05
810,42,9616.96
810,43,9634.27
810,44,9630.34
810,45,9642.33
810,46,9717.1
810,47,9720.94
810,48,9670.58
810,49,9624.13
810,50,9624.81
810,51,9644.22
810,52,9717.36
810,53,9733.97
810,54,9616.26
810,55,9623.16
810,56,9607.94
810,57,9613.28
810,58,9701.61
810,59,9627.15
810,60,9702.81
810,61,9654.68
810,62,9733.23
810,63,9646.54
810,64,9646.35
810,65,9620.16
810,66,9572.54
810,67,9656.18
810,68,9627.79
810,69,9602.56
810,70,9716.83
810,71,9611.68
810,72,9626.06
810,73,9697.69
810,74,9634.42
810,75,9694.15
810,76,9589.52
810,77,9642.03
810,78,9643.67
810,79,9737.32
810,80,9653.08
810,81,9606.05
810,82,9689.76
810,83,9648.24
810,84,9688.29
810,85,9678.28
810,86,9620.9
810,87,9576.84
810,88,9669.85
810,89,9611.49
810,90,9659.66
810,91,9659.62
810,92,9687.05
810,93,9617.48
810,94,9645.02
810,95,9692.97
810,96,9654.76
810,97,9654.84
810,98,9579.64
810,99,9710.05
820,0,9692.8
820,1,9615.89
820,2,9600.37
820,3,9619.34
820,4,9585.86
820,5,9621.99
820,6,9656.83
820,7,9644.28
820,8,9636.57
820,9,9707.37
820,10,9676.06
820,11,9645.66
820,12,9670.01
820,13,9680.54
820,14,9603.2
820,15,9662.3
820,16,9714.43
820,17,9705.1
820,18,9672.65
820,19,9635.01
820,20,9592.48
820,21,9649.71
820,22,9621.6
820,23,9624.15
820,24,9625.05
820,25,9632.56
820,26,9650.74
820,27,9709.66
820,28,9621.61
820,29,9619.88
820,30,9663.63
820,31,9702.47
820,32,9663.46
820,33,9648.91
820,34,9666.53
820,35,9627.28
820,36,9724.77
820,37,9671.79
820,38,9702.7
820,39,9645.77
820,40,9670.4
820,41,9653.75
820,42,9616.66
820,43,9633.97
820,44,9630.04
820,45,9642.03
820,46,9716.8
820,47,9720.64
820,48,9670.28
820,49,9623.83
820,50,9624.51
820,51,9643.92
820,52,9717.06
820,53,9733.67
820,54,9615.96
820,55,9622.86
820,56,9607.64
820,57,9612.98
820,58,9701.31
820,59,9626.85
820,60,9702.51
820,61,9654.38
820,62,9732.93
820,63,9646.24
820,64,9646.05
820,65,9619.86
820,66,9572.24
820,67,9655.88
820,68,9627.49
820,69,9602.26
820,70,9716.53
820,71,9611.38
820,72,9625.76
820,73,9697.39
820,74,9634.12
820,75,9693.85
820,76,9589.22
820,77,9641.73
820,78,9643.37
820,79,9737.02
820,80,9652.78
820,81,9605.75
820,82,9689.46
820,83,9647.94
820,84,9687.99
820,85,9677.98
820,86,9620.6
820,87,9576.54
820,88,9669.55
820,89,9611.19
820,90,9659.36
820,91,9659.32
820,92,9686.75
820,93,9617.18
820,94,9644.72
820,95,9692.67
820,96,9654.46
820,97,9654.54
820,98,9579.34
820,99,9709.75
830,0,9682.18
830,1,9603.58
830,2,9585.49
830,3,9607.11
830,4,9571.42
830,5,9611.06
830,6,9646.09
830,7,9633.24
830,8,9626.55
830,9,9696.7
830,10,9668.2
830,11,9635.13
830,12,9662.45
830,13,9670.42
830,14,9590.7
830,15,9653.02
830,16,9706.32
830,17,9697.37
830,18,9661.06
830,19,9621.66
830,20,9577.61
830,21,9637.71
830,22,9608.73
830,23,9613.87
830,24,9614.13
830,25,9618.77
830,26,9638.86
830,27,9701.4
830,28,9609.53
830,29,9608.43
830,30,9650.87
830,31,9691.87
830,32,9654.12
830,33,9638.08
830,34,9657.15
830,35,9617.65
830,36,9715.98
830,37,9661.76
830,38,9691.73
830,39,9636.54
830,40,9658.28
830,41,9641.3
830,42,9603.1
830,43,9622.68
830,44,9619.32
830,45,9630.6
830,46,9709.45
830,47,9708.94
830,48,9659.55
830,49,9613.62
830,50,9611.89
830,51,9631.8
830,52,9707.25
830,53,9725.64
830,54,9603.76
830,55,9610.9
830,56,9593.04
830,57,9600.19
830,58,9691.98
830,59,9614.88
830,60,9693.23
830,61,9643.69
830,62,9725.49
830,63,9635.51
830,64,9636.87
830,65,9604.88
830,66,9558.37
830,67,9643.8
830,68,9614.85
830,69,9589.01
830,70,9707.05
830,71,9596.01
830,72,9611.89
830,73,9686.66
830,74,9621.65
830,75,9683.1
830,76,9576.17
830,77,9628.52
830,78,9631.64
830,79,9729.19
830,80,9641.96
830,81,9593.57
830,82,9680.39
830,83,9636.82
830,84,9676.03
830,85,9668.34
830,86,9606.49
830,87,9563.3
830,88,9661.36
830,89,9598.24
830,90,9647.82
830,91,9649.37
830,92,9677.32
830,93,9606.04
830,94,9636
830,95,9682.97
830,96,9642.26
830,97,9642.18
830,98,9566.88
830,99,9700.52
840,0,9681.89
840,1,9603.31
840,2,9585.24
840,3,9606.83
840,4,9571.16
840,5,9610.77
840,6,9645.79
840,7,9632.96
840,8,9626.26
840,9,9696.4
840,10,9667.9
840,11,9634.84
840,12,9662.15
840,13,9670.12
840,14,9590.42
840,15,9652.72
840,16,9706.02
840,17,9697.07
840,18,9660.78
840,19,9621.39
840,20,9577.35
840,21,9637.42
840,22,9608.47
840,23,9613.57
840,24,9613.84
840,25,9618.5
840,26,9638.58
840,27,9701.1
840,28,9609.25
840,29,9608.15
840,30,9650.6
840,31,9691.58
840,32,9653.82
840,33,9637.79
840,34,9656.85
840,35,9617.35
840,36,9715.68
840,37,9661.47
840,38,9691.44
840,39,9636.24
840,40,9657.98
840,41,9641.01
840,42,9602.83
840,43,9622.38
840,44,9619.03
840,45,9630.31
840,46,9709.15
840,47,9708.64
840,48,9659.25
840,49,9613.32
840,50,9611.62
840,51,9631.53
840,52,9706.96
840,53,9725.34
840,54,9603.49
840,55,9610.61
840,56,9592.79
840,57,9599.91
840,58,9691.68
840,59,9614.6
840,60,9692.94
840,61,9643.39
840,62,9725.19
840,63,9635.21
840,64,9636.57
840,65,9604.63
840,66,9558.11
840,67,9643.54
840,68,9614.59
840,69,9588.74
840,70,9706.75
840,71,9595.76
840,72,9611.63
840,73,9686.37
840,74,9621.37
840,75,9682.81
840,76,9575.9
840,77,9628.25
840,78,9631.35
840,79,9728.89
840,80,9641.67
840,81,9593.29
840,82,9680.09
840,83,9636.53
840,84,9675.73
840,85,9668.04
840,86,9606.24
840,87,9563.04
840,88,9661.06
840,89,9597.96
840,90,9647.53
840,91,9649.07
840,92,9677.02
840,93,9605.76
840,94,9635.7
840,95,9682.67
840,96,9641.99
840,97,9641.89
840,98,9566.61
840,99,9700.22
850,0,9681.59
850,1,9603.01
850,2,9584.94
850,3,9606.53
850,4,9570.86
850,5,9610.47
850,6,9645.49
850,7,9632.66
850,8,9625.96
850,9,9696.1
850,10,9667.6
850,11,9634.54
850,12,9661.85
850,13,9669.82
850,14,9590.12
850,15,9652.42
850,16,9705.72
850,17,9696.77
850,18,9660.48
850,19,9621.09
850,20,9577.05
850,21,9637.12
850,22,9608.17
850,23,9613.27
850,24,9613.54
850,25,9618.2
850,26,9638.28
850,27,9700.8
850,28,9608.95
850,29,9607.85
850,30,9650.3
850,31,9691.28
850,32,9653.52
850,33,9637.49
850,34,9656.55
850,35,9617.05
850,36,9715.38
850,37,9661.17
850,38,9691.14
850,39,9635.94
850,40,9657.68
850,41,9640.71
850,42,9602.53
850,43,9622.08
850,44,9618.73
850,45,9630.01
850,46,9708.85
850,47,9708.34
850,48,9658.95
850,49,9613.02
850,50,9611.32
850,51,9631.23
850,52,9706.66
850,53,9725.04
850,54,9603.19
850,55,9610.31
850,56,9592.49
850,57,9599.61
850,58,9691.38
850,59,9614.3
850,60,9692.64
850,61,9643.09
850,62,9724.89
850,63,9634.91
850,64,9636.27
850,65,9604.33
850,66,9557.81
850,67,9643.24
850,68,9614.29
850,69,9588.44
850,70,9706.45
850,71,9595.46
850,72,9611.33
850,73,9686.07
850,74,9621.07
850,75,9682.51
850,76,9575.6
850,77,9627.95
850,78,9631.05
850,79,9728.59
850,80,9641.37
850,81,9592.99
850,82,9679.79
850,83,9636.23
850,84,9675.43
850,85,9667.74
850,86,9605.94
850,87,9562.74
850,88,9660.76
850,89,9597.66
850,90,9647.23
850,91,9648.77
850,92,9676.72
850,93,9605.46
850,94,9635.4
850,95,9682.37
850,96,9641.69
850,97,9641.59
850,98,9566.31
850,99,9699.92
860,0,9671.19
860,1,9589.05
860,2,9573.05
860,3,9594.27
860,4,9558.23
860,5,9599.74
860,6,9632.98
860,7,9621.56
860,8,9615.96
860,9,9686.68
860,10,9658.56
860,11,9624.51
860,12,9653.72
860,13,9657.42
860,14,9579.9
860,15,9643.03
860,16,9697.24
860,17,9686.7
860,18,9649.33
860,19,9607.65
860,20,9565.09
860,21,9626.53
860,22,9597.5
860,23,9600.41
860,24,9602.46
860,25,9603.01
860,26,9627.85
860,27,9690.98
860,28,9596.74
860,29,9593.71
860,30,9639.33
860,31,9680.48
860,32,9640.66
860,33,9627.15
860,34,9646.14
860,35,9606.41
860,36,9705.79
860,37,9650.99
860,38,9680.01
860,39,9624.98
860,40,9648.16
860,41,9628.51
860,42,9589.2
860,43,9611.32
860,44,9605.66
860,45,9618.68
860,46,9701.85
860,47,9696.46
860,48,9648.85
860,49,9600.14
860,50,9598.4
860,51,9621.39
860,52,9695.74
860,53,9716.93
860,54,9587.93
860,55,9598.22
860,56,9580.01
860,57,9586.87
860,58,9680.55
860,59,9603.9
860,60,9682.8
860,61,9632.94
860,62,9717.88
860,63,9622.39
860,64,9621.88
860,65,9590.66
860,66,9547.44
860,67,9633.38
860,68,9601.7
860,69,9575.24
860,70,9696.98
860,71,9581.64
860,72,9596.05
860,73,9675.24
860,74,9610.46
860,75,9672.75
860,76,9562.85
860,77,9616.95
860,78,9620.67
860,79,9720.83
860,80,9630.46
860,81,9582.67
860,82,9669.6
860,83,9625.12
860,84,9664.49
860,85,9658.3
860,86,9591.63
860,87,9550.88
860,88,9650.39
860,89,9585.28
860,90,9635.75
860,91,9638.38
860,92,9666.73
860,93,9589.63
860,94,9625.63
860,95,9672.8
860,96,9631.33
860,97,9628.42
860,98,9554.26
860,99,9689.61
870,0,9670.91
870,1,9588.81
870,2,9572.78
870,3,9594
870,4,9557.97
870,5,9599.47
870,6,9632.72
870,7,9621.29
870,8,9615.68
870,9,9686.38
870,10,9658.26
870,11,9624.22
870,12,9653.42
870,13,9657.16
870,14,9579.62
870,15,9642.74
870,16,9696.94
870,17,9686.44
870,18,9649.06
870,19,9607.39
870,20,9564.82
870,21,9626.24
870,22,9597.23
870,23,9600.15
870,24,9602.19
870,25,9602.77
870,26,9627.57
870,27,9690.68
870,28,9596.48
870,29,9593.47
870,30,9639.05
870,31,9680.21
870,32,9640.41
870,33,9626.87
870,34,9645.86
870,35,9606.13
870,36,9705.51
870,37,9650.71
870,38,9679.74
870,39,9624.7
870,40,9647.86
870,41,9628.24
870,42,9588.95
870,43,9611.04
870,44,9605.41
870,45,9618.41
870,46,9701.55
870,47,9696.17
870,48,9648.56
870,49,9599.89
870,50,9598.15
870,51,9621.12
870,52,9695.48
870,53,9716.63
870,54,9587.72
870,55,9597.95
870,56,9579.75
870,57,9586.61
870,58,9680.26
870,59,9603.62
870,60,9682.53
870,61,9632.65
870,62,9717.58
870,63,9622.13
870,64,9621.65
870,65,9590.41
870,66,9547.16
870,67,9633.11
870,68,9601.44
870,69,9574.98
870,70,9696.69
870,71,9581.39
870,72,9595.83
870,73,9674.97
870,74,9610.17
870,75,9672.46
870,76,9562.59
870,77,9616.68
870,78,9620.39
870,79,9720.53
870,80,9630.18
870,81,9582.4
870,82,9669.31
870,83,9624.85
870,84,9664.19
870,85,9658.01
870,86,9591.38
870,87,9550.62
870,88,9650.12
870,89,9585.01
870,90,9635.47
870,91,9638.11
870,92,9666.44
870,93,9589.4
870,94,9625.34
870,95,9672.52
870,96,9631.06
870,97,9628.17
870,98,9553.99
870,99,9689.34
880,0,9670.61
880,1,9588.51
880,2,9572.48
880,3,9593.7
880,4,9557.67
880,5,9599.17
880,6,9632.42
880,7,9620.99
880,8,9615.38
880,9,9686.08
880,10,9657.96
880,11,9623.92
880,12,9653.12
880,13,9656.86
880,14,9579.32
880,15,9642.44
880,16,9696.64
880,17,9686.14
880,18,9648.76
880,19,9607.09
880,20,9564.52
880,21,9625.94
880,22,9596.93
880,23,9599.85
880,24,9601.89
880,25,9602.47
880,26,9627.27
880,27,9690.38
880,28,9596.18
880,29,9593.17
880,30,9638.75
880,31,9679.91
880,32,9640.11
880,33,9626.57
880,34,9645.56
880,35,9605.83
880,36,9705.21
880,37,9650.41
880,38,9679.44
880,39,9624.4
880,40,9647.56
880,41,9627.94
880,42,9588.65
880,43,9610.74
880,44,9605.11
880,45,9618.11
880,46,9701.25
880,47,9695.87
880,48,9648.26
880,49,9599.59
880,50,9597.85
880,51,9620.82
880,52,9695.18
880,53,9716.33
880,54,9587.42
880,55,9597.65
880,56,9579.45
880,57,9586.31
880,58,9679.96
880,59,9603.32
880,60,9682.23
880,61,9632.35
880,62,9717.28
880,63,9621.83
880,64,9621.35
880,65,9590.11
880,66,9546.86
880,67,9632.81
880,68,9601.14
880,69,9574.68
880,70,9696.39
880,71,9581.09
880,72,9595.53
880,73,9674.67
880,74,9609.87
880,75,9672.16
880,76,9562.29
880,77,9616.38
880,78,9620.09
880,79,9720.23
880,80,9629.88
880,81,9582.1
880,82,9669.01
880,83,9624.55
880,84,9663.89
880,85,9657.71
880,86,9591.08
880,87,9550.32
880,88,9649.82
880,89,9584.71
880,90,9635.17
880,91,9637.81
880,92,9666.14
880,93,9589.1
880,94,9625.04
880,95,9672.22
880,96,9630.76
880,97,9627.87
880,98,9553.69
880,99,9689.04
890,0,9659.71
890,1,9575.65
890,2,9562.68
890,3,9582.95
890,4,9544.56
890,5,9585.97
890,6,9623.3
890,7,9610.09
890,8,9605.17
890,9,9676.9
890,10,9648.24
890,11,9614.94
890,12,9645.14
890,13,9646.16
890,14,9567.55
890,15,9633.2
890,16,9687.27
890,17,9677.04
890,18,9639.3
890,19,9594.52
890,20,9555.26
890,21,9614.98
890,22,9588.2
890,23,9588.69
890,24,9591.06
890,25,9593.24
890,26,9618.03
890,27,9682.71
890,28,9584.33
890,29,9581.8
890,30,9628.68
890,31,9670.81
890,32,9626.64
890,33,9613.21
890,34,9636.17
890,35,9595.23
890,36,9696.18
890,37,9641
890,38,9668.16
890,39,9614.41
890,40,9638.45
890,41,9616.04
890,42,9577.17
890,43,9601.69
890,44,9595.95
890,45,9608.44
890,46,9690.84
890,47,9684.74
890,48,9638.9
890,49,9589.66
890,50,9585.71
890,51,9609.74
890,52,9684.07
890,53,9708.14
890,54,9575.14
890,55,9585.16
890,56,9566.92
890,57,9574.88
890,58,9673.26
890,59,9591.6
890,60,9672.29
890,61,9622.16
890,62,9708.92
890,63,9610.1
890,64,9614.16
890,65,9576.15
890,66,9534.29
890,67,9623.74
890,68,9591.6
890,69,9561.8
890,70,9687.8
890,71,9567.29
890,72,9585.64
890,73,9664.28
890,74,9597.06
890,75,9664.11
890,76,9550.2
890,77,9606.7
890,78,9606.85
890,79,9712.43
890,80,9617.99
890,81,9569.95
890,82,9659.98
890,83,9615.08
890,84,9655.25
890,85,9647.78
890,86,9577.01
890,87,9542.23
890,88,9639.28
890,89,9571.17
890,90,9623.54
890,91,9626.95
890,92,9656.38
890,93,9579.95
890,94,9616.94
890,95,9661.98
890,96,9619.09
890,97,9616.13
890,98,9542.03
890,99,9679.6
900,0,9659.45
900,1,9575.42
900,2,9557.55
900,3,9582.68
900,4,9544.32
900,5,9585.73
900,6,9623.04
900,7,9609.84
900,8,9604.92
900,9,9676.64
900,10,9647.98
900,11,9614.67
900,12,9644.88
900,13,9645.9
900,14,9567.3
900,15,9632.93
900,16,9687
900,17,9676.8
900,18,9639.04
900,19,9594.27
900,20,9550.86
900,21,9614.72
900,22,9587.93
900,23,9588.45
900,24,9590.83
900,25,9588.51
900,26,9617.75
900,27,9682.41
900,28,9584.08
900,29,9581.54
900,30,9628.41
900,31,9670.56
900,32,9626.4
900,33,9612.98
900,34,9635.9
900,35,9594.97
900,36,9695.91
900,37,9640.73
900,38,9667.9
900,39,9614.13
900,40,9638.16
900,41,9615.78
900,42,9576.91
900,43,9601.43
900,44,9591.04
900,45,9608.19
900,46,9690.54
900,47,9684.47
900,48,9638.62
900,49,9589.39
900,50,9585.46
900,51,9609.51
900,52,9683.82
900,53,9707.85
900,54,9574.9
900,55,9584.91
900,56,9566.68
900,57,9574.64
900,58,9672.98
900,59,9591.35
900,60,9672.03
900,61,9621.89
900,62,9708.63
900,63,9609.84
900,64,9609.92
900,65,9575.91
900,66,9534.06
900,67,9623.47
900,68,9587.07
900,69,9561.55
900,70,9687.51
900,71,9567.05
900,72,9580.94
900,73,9664.02
900,74,9596.82
900,75,9663.83
900,76,9549.95
900,77,9602.54
900,78,9606.61
900,79,9712.14
900,80,9617.74
900,81,9569.7
900,82,9659.72
900,83,9610.62
900,84,9654.97
900,85,9647.51
900,86,9576.78
900,87,9537.36
900,88,9639.04
900,89,9570.93
900,90,9623.28
900,91,9626.72
900,92,9656.1
900,93,9575.02
900,94,9616.64
900,95,9661.72
900,96,9618.84
900,97,9615.88
900,98,9541.76
900,99,9679.34
910,0,9659.15
910,1,9575.12
910,2,9557.25
910,3,9582.38
910,4,9544.02
910,5,9585.43
910,6,9622.74
910,7,9609.54
910,8,9604.62
910,9,9676.34
910,10,9647.68
910,11,9614.37
910,12,9644.58
910,13,9645.6
910,14,9567
910,15,9632.63
910,16,9686.7
910,17,9676.5
910,18,9638.74
910,19,9593.97
910,20,9550.56
910,21,9614.42
910,22,9587.63
910,23,9588.15
910,24,9590.53
910,25,9588.21
910,26,9617.45
910,27,9682.11
910,28,9583.78
910,29,9581.24
910,30,9628.11
910,31,9670.26
910,32,9626.1
910,33,9612.68
910,34,9635.6
910,35,9594.67
910,36,9695.61
910,37,9640.43
910,38,9667.6
910,39,9613.83
910,40,9637.86
910,41,9615.48
910,42,9576.61
910,43,9601.13
910,44,9590.74
910,45,9607.89
910,46,9690.24
910,47,9684.17
910,48,9638.32
910,49,9589.09
910,50,9585.16
910,51,9609.21
910,52,9683.52
910,53,9707.55
910,54,9574.6
910,55,9584.61
910,56,9566.38
910,57,9574.34
910,58,9672.68
910,59,9591.05
910,60,9671.73
910,61,9621.59
910,62,9708.33
910,63,9609.54
910,64,9609.62
910,65,9575.61
910,66,9533.76
910,67,9623.17
910,68,9586.77
910,69,9561.25
910,70,9687.21
910,71,9566.75
910,72,9580.64
910,73,9663.72
910,74,9596.52
910,75,9663.53
910,76,9549.65
910,77,9602.24
910,78,9606.31
910,79,9711.84
910,80,9617.44
910,81,9569.4
910,82,9659.42
910,83,9610.32
910,84,9654.67
910,85,9647.21
910,86,9576.48
910,87,9537.06
910,88,9638.74
910,89,9570.63
910,90,9622.98
910,91,9626.42
910,92,9655.8
910,93,9574.72
910,94,9616.34
910,95,9661.42
910,96,9618.54
910,97,9615.58
910,98,9541.46
910,99,9679.04
920,0,9647.4
920,1,9566.65
920,2,9548.09
920,3,9570.8
920,4,9533.26
920,5,9574.07
920,6,9612.13
920,7,9601.45
920,8,9594.93
920,9,9666.01
920,10,9639.5
920,11,9605.27
920,12,9636.09
920,13,9635.65
920,14,9557.48
920,15,9623.12
920,16,9678.73
920,17,9667.89
920,18,9628.51
920,19,9583.05
920,20,9538.27
920,21,9606.37
920,22,9575.39
920,23,9580.64
920,24,9579.43
920,25,9579.05
920,26,9607.01
920,27,9674.59
920,28,9575.07
920,29,9569.89
920,30,9619.4
920,31,9661.46
920,32,9616.47
920,33,9603.79
920,34,9625.51
920,35,9585.46
920,36,9686.33
920,37,9630.93
920,38,9656.71
920,39,9604.09
920,40,9629.56
920,41,9604.69
920,42,9563.54
920,43,9592.65
920,44,9581.85
920,45,9598.48
920,46,9681.96
920,47,9673.84
920,48,9629.46
920,49,9581.22
920,50,9576.72
920,51,9598.88
920,52,9672.23
920,53,9699.32
920,54,9562.31
920,55,9574.31
920,56,9553.78
920,57,9566.19
920,58,9665.42
920,59,9582.53
920,60,9663.66
920,61,9611.47
920,62,9699.26
920,63,9598.61
920,64,9598.21
920,65,9563.42
920,66,9524.19
920,67,9614.21
920,68,9574.69
920,69,9549.9
920,70,9678.6
920,71,9554.81
920,72,9570.89
920,73,9652.59
920,74,9588.11
920,75,9653.65
920,76,9539.41
920,77,9591.35
920,78,9597.19
920,79,9704.83
920,80,9608.44
920,81,9558.98
920,82,9649.89
920,83,9600.97
920,84,9645.85
920,85,9639.18
920,86,9564.26
920,87,9528.34
920,88,9630.23
920,89,9560.02
920,90,9611.56
920,91,9616.23
920,92,9647.76
920,93,9564.2
920,94,9607.99
920,95,9652.8
920,96,9608.6
920,97,9602.91
920,98,9530.16
920,99,9669.75
930,0,9647.16
930,1,9562.48
930,2,9542.96
930,3,9570.55
930,4,9533.02
930,5,9573.83
930,6,9611.88
930,7,9601.18
930,8,9594.67
930,9,9665.76
930,10,9639.23
930,11,9605.01
930,12,9635.84
930,13,9635.4
930,14,9557.21
930,15,9622.87
930,16,9678.47
930,17,9667.63
930,18,9628.26
930,19,9582.8
930,20,9538.03
930,21,9603.17
930,22,9575.17
930,23,9577.16
930,24,9579.19
930,25,9574.26
930,26,9606.76
930,27,9674.3
930,28,9571.37
930,29,9569.65
930,30,9615.07
930,31,9661.2
930,32,9612.47
930,33,9599.7
930,34,9625.26
930,35,9585.2
930,36,9686.07
930,37,9630.67
930,38,9656.47
930,39,9603.83
930,40,9629.28
930,41,9604.43
930,42,9563.32
930,43,9592.37
930,44,9576.94
930,45,9598.21
930,46,9681.67
930,47,9673.57
930,48,9629.19
930,49,9577.47
930,50,9573.24
930,51,9598.64
930,52,9672
930,53,9699.05
930,54,9562.09
930,55,9574.06
930,56,9553.55
930,57,9562.82
930,58,9665.14
930,59,9582.26
930,60,9663.4
930,61,9611.21
930,62,9698.99
930,63,9598.36
930,64,9597.98
930,65,9563.19
930,66,9523.94
930,67,9613.95
930,68,9574.46
930,69,9549.65
930,70,9678.33
930,71,9554.56
930,72,9566.11
930,73,9652.35
930,74,9584.3
930,75,9653.39
930,76,9539.15
930,77,9591.11
930,78,9593.26
930,79,9704.55
930,80,9608.17
930,81,9558.72
930,82,9649.62
930,83,9596.51
930,84,9645.58
930,85,9635.19
930,86,9564.03
930,87,9523.51
930,88,9629.98
930,89,9559.76
930,90,9611.31
930,91,9615.98
930,92,9647.48
930,93,9563.95
930,94,9607.71
930,95,9652.54
930,96,9608.35
930,97,9602.65
930,98,9529.9
930,99,9669.5
940,0,9646.86
940,1,9562.18
940,2,9542.66
940,3,9570.25
940,4,9532.72
940,5,9573.53
940,6,9611.58
940,7,9600.88
940,8,9594.37
940,9,9665.46
940,10,9638.93
940,11,9604.71
940,12,9635.54
940,13,9635.1
940,14,9556.91
940,15,9622.57
940,16,9678.17
940,17,9667.33
940,18,9627.96
940,19,9582.5
940,20,9537.73
940,21,9602.87
940,22,9574.87
940,23,9576.86
940,24,9578.89
940,25,9573.96
940,26,9606.46
940,27,9674
940,28,9571.07
940,29,9569.35
940,30,9614.77
940,31,9660.9
940,32,9612.17
940,33,9599.4
940,34,9624.96
940,35,9584.9
940,36,9685.77
940,37,9630.37
940,38,9656.17
940,39,9603.53
940,40,9628.98
940,41,9604.13
940,42,9563.02
940,43,9592.07
940,44,9576.64
940,45,9597.91
940,46,9681.37
940,47,9673.27
940,48,9628.89
940,49,9577.17
940,50,9572.94
940,51,9598.34
940,52,9671.7
940,53,9698.75
940,54,9561.79
940,55,9573.76
940,56,9553.25
940,57,9562.52
940,58,9664.84
940,59,9581.96
940,60,9663.1
940,61,9610.91
940,62,9698.69
940,63,9598.06
940,64,9597.68
940,65,9562.89
940,66,9523.64
940,67,9613.65
940,68,9574.16
940,69,9549.35
940,70,9678.03
940,71,9554.26
940,72,9565.81
940,73,9652.05
940,74,9584
940,75,9653.09
940,76,9538.85
940,77,9590.81
940,78,9592.96
940,79,9704.25
940,80,9607.87
940,81,9558.42
940,82,9649.32
940,83,9596.21
940,84,9645.28
940,85,9634.89
940,86,9563.73
940,87,9523.21
940,88,9629.68
940,89,9559.46
940,90,9611.01
940,91,9615.68
940,92,9647.18
940,93,9563.65
940,94,9607.41
940,95,9652.24
940,96,9608.05
940,97,9602.35
940,98,9529.6
940,99,9669.2
950,0,9635.39
950,1,9552.64
950,2,9531.66
950,3,9559.92
950,4,9521.82
950,5,9562.16
950,6,9603.43
950,7,9592.88
950,8,9584.85
950,9,9658.65
950,10,9632.39
950,11,9598.04
950,12,9628.1
950,13,9626.4
950,14,9546.41
950,15,9613.28
950,16,9672.09
950,17,9659.24
950,18,9617.92
950,19,9570.76
950,20,9528.44
950,21,9594.83
950,22,9565.47
950,23,9569.45
950,24,9571.11
950,25,9563.54
950,26,9596.57
950,27,9667.08
950,28,9562.55
950,29,9558.04
950,30,9606.47
950,31,9651.81
950,32,9603.32
950,33,9590.78
950,34,9616.66
950,35,9575.44
950,36,9678.3
950,37,9620.75
950,38,9644.6
950,39,9594.91
950,40,9622.4
950,41,9594.82
950,42,9552.14
950,43,9583.64
950,44,9567.59
950,45,9589.05
950,46,9673.29
950,47,9661.4
950,48,9621.05
950,49,9569.3
950,50,9563.49
950,51,9589.14
950,52,9660.22
950,53,9690.46
950,54,9551.59
950,55,9562.3
950,56,9540.81
950,57,9552.29
950,58,9656.82
950,59,9572.47
950,60,9655.48
950,61,9603.75
950,62,9690.29
950,63,9587.64
950,64,9588.12
950,65,9550.57
950,66,9514
950,67,9603.44
950,68,9561.7
950,69,9538.12
950,70,9669.45
950,71,9541.36
950,72,9556.02
950,73,9640.79
950,74,9576.11
950,75,9644.08
950,76,9529.3
950,77,9578.92
950,78,9584.28
950,79,9696.85
950,80,9598.02
950,81,9547.74
950,82,9639.26
950,83,9585.05
950,84,9635.45
950,85,9624.79
950,86,9551.48
950,87,9515.31
950,88,9617.93
950,89,9547.76
950,90,9601.3
950,91,9606.3
950,92,9641.09
950,93,9552.54
950,94,9599.07
950,95,9642.74
950,96,9597.98
950,97,9592.65
950,98,9517.35
950,99,9661.55
960,0,9635.16
960,1,9552.39
960,2,9531.42
960,3,9559.68
960,4,9521.59
960,5,9561.93
960,6,9603.17
960,7,9592.62
960,8,9584.61
960,9,9658.37
960,10,9632.12
960,11,9597.76
960,12,9627.84
960,13,9626.15
960,14,9546.17
960,15,9613.03
960,16,9671.81
960,17,9658.99
960,18,9617.68
960,19,9570.53
960,20,9528.19
960,21,9594.57
960,22,9565.23
960,23,9569.18
960,24,9570.84
960,25,9563.31
960,26,9596.32
960,27,9666.78
960,28,9562.29
960,29,9557.81
960,30,9606.22
960,31,9651.56
960,32,9603.06
960,33,9590.52
960,34,9616.4
960,35,9575.19
960,36,9678.04
960,37,9620.5
960,38,9644.38
960,39,9594.65
960,40,9622.12
960,41,9594.56
960,42,9551.91
960,43,9583.37
960,44,9567.34
960,45,9588.8
960,46,9673.03
960,47,9661.16
960,48,9620.79
960,49,9569.04
960,50,9563.24
960,51,9588.9
960,52,9659.61
960,53,9690.2
960,54,9551.37
960,55,9562.07
960,56,9540.59
960,57,9552.04
960,58,9656.56
960,59,9572.22
960,60,9653.57
960,61,9603.48
960,62,9690.03
960,63,9587.4
960,64,9587.88
960,65,9550.36
960,66,9513.76
960,67,9603.22
960,68,9561.48
960,69,9537.88
960,70,9669.19
960,71,9541.14
960,72,9555.77
960,73,9640.56
960,74,9575.85
960,75,9643.83
960,76,9529.04
960,77,9578.7
960,78,9584.02
960,79,9696.58
960,80,9597.78
960,81,9547.49
960,82,9639.01
960,83,9584.82
960,84,9635.19
960,85,9624.55
960,86,9551.26
960,87,9515.05
960,88,9617.56
960,89,9547.52
960,90,9601.05
960,91,9606.06
960,92,9640.81
960,93,9552.31
960,94,9598.8
960,95,9642.51
960,96,9597.74
960,97,9592.39
960,98,9517.12
960,99,9661.29
970,0,9634.86
970,1,9552.09
970,2,9531.12
970,3,9559.38
970,4,9521.29
970,5,9561.63
970,6,9602.87
970,7,9592.32
970,8,9584.31
970,9,9658.07
970,10,9631.82
970,11,9597.46
970,12,9627.54
970,13,9625.85
970,14,9545.87
970,15,9612.73
970,16,9671.51
970,17,9658.69
970,18,9617.38
970,19,9570.23
970,20,9527.89
970,21,9594.27
970,22,9564.93
970,23,9568.88
970,24,9570.54
970,25,9563.01
970,26,9596.02
970,27,9666.48
970,28,9561.99
970,29,9557.51
970,30,9605.92
970,31,9651.26
970,32,9602.76
970,33,9590.22
970,34,9616.1
970,35,9574.89
970,36,9677.74
970,37,9620.2
970,38,9644.08
970,39,9594.35
970,40,9621.82
970,41,9594.26
970,42,9551.61
970,43,9583.07
970,44,9567.04
970,45,9588.5
970,46,9672.73
970,47,9660.86
970,48,9620.49
970,49,9568.74
970,50,9562.94
970,51,9588.6
970,52,9659.31
970,53,9689.9
970,54,9551.07
970,55,9561.77
970,56,9540.29
970,57,9551.74
970,58,9656.26
970,59,9571.92
970,60,9653.27
970,61,9603.18
970,62,9689.73
970,63,9587.1
970,64,9587.58
970,65,9550.06
970,66,9513.46
970,67,9602.92
970,68,9561.18
970,69,9537.58
970,70,9668.89
970,71,9540.84
970,72,9555.47
970,73,9640.26
970,74,9575.55
970,75,9643.53
970,76,9528.74
970,77,9578.4
970,78,9583.72
970,79,9696.28
970,80,9597.48
970,81,9547.19
970,82,9638.71
970,83,9584.52
970,84,9634.89
970,85,9624.25
970,86,9550.96
970,87,9514.75
970,88,9617.26
970,89,9547.22
970,90,9600.75
970,91,9605.76
970,92,9640.51
970,93,9552.01
970,94,9598.5
970,95,9642.21
970,96,9597.44
970,97,9592.09
970,98,9516.82
970,99,9660.99
980,0,9623.72
980,1,9544.43
980,2,9521.85
980,3,9549.12
980,4,9513.02
980,5,9551.95
980,6,9594.18
980,7,9584.43
980,8,9577.7
980,9,9649.93
980,10,9623.87
980,11,9588.98
980,12,9621.23
980,13,9616.91
980,14,9536.43
980,15,9603.38
980,16,9665.18
980,17,9652.76
980,18,9606.88
980,19,9559.4
980,20,9518.16
980,21,9584.75
980,22,9553.79
980,23,9562.04
980,24,9562.84
980,25,9554.75
980,26,9586.55
980,27,9659.18
980,28,9553.7
980,29,9548.11
980,30,9596.86
980,31,9642.52
980,32,9593.51
980,33,9580.12
980,34,9607.95
980,35,9568.09
980,36,9671.53
980,37,9610.47
980,38,9633.54
980,39,9584.62
980,40,9614.42
980,41,9585.34
980,42,9540.29
980,43,9574.58
980,44,9558.14
980,45,9579.15
980,46,9664.4
980,47,9650.49
980,48,9612.69
980,49,9561.67
980,50,9553.86
980,51,9578.77
980,52,9650.25
980,53,9681.22
980,54,9542.74
980,55,9550.8
980,56,9528
980,57,9541.5
980,58,9648.15
980,59,9560.6
980,60,9643.79
980,61,9594.64
980,62,9678.3
980,63,9576.48
980,64,9580.31
980,65,9540.02
980,66,9502.48
980,67,9594.01
980,68,9551.38
980,69,9525.99
980,70,9659.7
980,71,9530.3
980,72,9545.13
980,73,9628.85
980,74,9566.47
980,75,9633.44
980,76,9518.02
980,77,9568.86
980,78,9574.38
980,79,9688.32
980,80,9588.42
980,81,9536.64
980,82,9630.74
980,83,9575.1
980,84,9623
980,85,9618.05
980,86,9538.4
980,87,9506.96
980,88,9608.49
980,89,9535.46
980,90,9591.14
980,91,9598.57
980,92,9634.48
980,93,9540.8
980,94,9591.47
980,95,9632.53
980,96,9587.43
980,97,9580.68
980,98,9505.83
980,99,9653.45
990,0,9623.51
990,1,9541.26
990,2,9521.62
990,3,9548.89
990,4,9510.24
990,5,9550.11
990,6,9593.41
990,7,9583.52
990,8,9574.28
990,9,9649.68
990,10,9623.62
990,11,9588.74
990,12,9620.97
990,13,9616.67
990,14,9536.19
990,15,9603.15
990,16,9664.91
990,17,9652.5
990,18,9606.66
990,19,9559.17
990,20,9515.45
990,21,9584.51
990,22,9553.59
990,23,9559.74
990,24,9560.27
990,25,9554.51
990,26,9586.31
990,27,9658.91
990,28,9553.24
990,29,9547.22
990,30,9594.65
990,31,9642.29
990,32,9591.83
990,33,9579.9
990,34,9607.71
990,35,9564.46
990,36,9671.27
990,37,9610.08
990,38,9633.32
990,39,9584.38
990,40,9614.15
990,41,9585.1
990,42,9538.96
990,43,9574.33
990,44,9555.67
990,45,9578.92
990,46,9664.15
990,47,9650.26
990,48,9612.44
990,49,9561.42
990,50,9552.86
990,51,9577.65
990,52,9647.19
990,53,9680.97
990,54,9539.15
990,55,9550.48
990,56,9527.79
990,57,9541.26
990,58,9647.91
990,59,9560.39
990,60,9641.97
990,61,9594.39
990,62,9678.06
990,63,9576.25
990,64,9576.37
990,65,9537.35
990,66,9502.26
990,67,9592.72
990,68,9549.46
990,69,9525.77
990,70,9659.46
990,71,9527.59
990,72,9542.97
990,73,9628.47
990,74,9564.77
990,75,9633.21
990,76,9517.8
990,77,9568.62
990,78,9572.57
990,79,9688.07
990,80,9588.18
990,81,9536.41
990,82,9628.29
990,83,9573.33
990,84,9622.75
990,85,9614.64
990,86,9537.63
990,87,9504.97
990,88,9605.16
990,89,9535.24
990,90,9590.8
990,91,9598.31
990,92,9634.21
990,93,9540.59
990,94,9591.22
990,95,9630.71
990,96,9587.21
990,97,9580.44
990,98,9504.86
990,99,9653.2
1000,0,9623.21
1000,1,9540.96
1000,2,9521.32
1000,3,9548.59
1000,4,9509.94
1000,5,9549.81
1000,6,9593.11
1000,7,9583.22
1000,8,9573.98
1000,9,9649.38
1000,10,9623.32
1000,11,9588.44
1000,12,9620.67
1000,13,9616.37
1000,14,9535.89
1000,15,9602.85
1000,16,9664.61
1000,17,9652.2
1000,18,9606.36
1000,19,9558.87
1000,20,9515.15
1000,21,9584.21
1000,22,9553.29
1000,23,9559.44
1000,24,9559.97
1000,25,9554.21
1000,26,9586.01
1000,27,9658.61
1000,28,9552.94
1000,29,9546.92
1000,30,9594.35
1000,31,9641.99
1000,32,9591.53
1000,33,9579.6
1000,34,9607.41
1000,35,9564.16
1000,36,9670.97
1000,37,9609.78
1000,38,9633.02
1000,39,9584.08
1000,40,9613.85
1000,41,9584.8
1000,42,9538.66
1000,43,9574.03
1000,44,9555.37
1000,45,9578.62
1000,46,9663.85
1000,47,9649.96
1000,48,9612.14
1000,49,9561.12
1000,50,9552.56
1000,51,9577.35
1000,52,9646.89
1000,53,9680.67
1000,54,9538.85
1000,55,9550.18
1000,56,9527.49
1000,57,9540.96
1000,58,9647.61
1000,59,9560.09
1000,60,9641.67
1000,61,9594.09
1000,62,9677.76
1000,63,9575.95
1000,64,9576.07
1000,65,9537.05
1000,66,9501.96
1000,67,9592.42
1000,68,9549.16
1000,69,9525.47
1000,70,9659.16
1000,71,9527.29
1000,72,9542.67
1000,73,9628.17
1000,74,9564.47
1000,75,9632.91
1000,76,9517.5
1000,77,9568.32
1000,78,9572.27
1000,79,9687.77
1000,80,9587.88
1000,81,9536.11
1000,82,9627.99
1000,83,9573.03
1000,84,9622.45
1000,85,9614.34
1000,86,9537.33
1000,87,9504.67
1000,88,9604.86
1000,89,9534.94
1000,90,9590.5
1000,91,9598.01
1000,92,9633.91
1000,93,9540.29
1000,94,9590.92
1000,95,9630.41
1000,96,9586.91
1000,97,9580.14
1000,98,9504.56
1000,99,9652.9
1010,0,9612.71
1010,1,9533.1
1010,2,9512.16
1010,3,9538.49
1010,4,9501.57
1010,5,9541.01
1010,6,9584.73
1010,7,9574.88
1010,8,9565.95
1010,9,9642.16
1010,10,9615.33
1010,11,9578.64
1010,12,9614.94
1010,13,9607.22
1010,14,9526.97
1010,15,9597.21
1010,16,9658.19
1010,17,9645.91
1010,18,9601.14
1010,19,9548.12
1010,20,9505.62
1010,21,9576.23
1010,22,9547.57
1010,23,9552.7
1010,24,9552.4
1010,25,9545.69
1010,26,9578.48
1010,27,9651.02
1010,28,9543.02
1010,29,9539.23
1010,30,9585.38
1010,31,9634.79
1010,32,9582.45
1010,33,9569.36
1010,34,9601.13
1010,35,9556.68
1010,36,9664.92
1010,37,9599.93
1010,38,9623.76
1010,39,9576.12
1010,40,9606.35
1010,41,9573.89
1010,42,9531.2
1010,43,9566.3
1010,44,9546.86
1010,45,9571.55
1010,46,9652.62
1010,47,9641.67
1010,48,9603.44
1010,49,9553.87
1010,50,9543.76
1010,51,9570.99
1010,52,9637.96
1010,53,9672.22
1010,54,9531.06
1010,55,9540.14
1010,56,9520.24
1010,57,9532.55
1010,58,9639.44
1010,59,9551.34
1010,60,9633.33
1010,61,9585.57
1010,62,9666.2
1010,63,9565.53
1010,64,9568.71
1010,65,9530.44
1010,66,9493.85
1010,67,9583.67
1010,68,9541.37
1010,69,9514.54
1010,70,9650.17
1010,71,9515.72
1010,72,9532.6
1010,73,9619.03
1010,74,9555.5
1010,75,9624.63
1010,76,9508.8
1010,77,9558.83
1010,78,9562.67
1010,79,9681.61
1010,80,9578.76
1010,81,9527.97
1010,82,9619.15
1010,83,9563.82
1010,84,9612.34
1010,85,9607.08
1010,86,9529.51
1010,87,9496.99
1010,88,9596.99
1010,89,9524.63
1010,90,9580.72
1010,91,9590.15
1010,92,9626.43
1010,93,9531.24
1010,94,9583.48
1010,95,9621.89
1010,96,9579.32
1010,97,9570.97
1010,98,9496.61
1010,99,9646.63
1020,0,9612.14
1020,1,9531.2
1020,2,9509.33
1020,3,9536.99
1020,4,9498.55
1020,5,9538.25
1020,6,9584.5
1020,7,9572.47
1020,8,9565.72
1020,9,9641.91
1020,10,9615.09
1020,11,9578.43
1020,12,9612.77
1020,13,9607
1020,14,9525.1
1020,15,9593.21
1020,16,9656.12
1020,17,9644.14
1020,18,9597.4
1020,19,9545.95
1020,20,9502.3
1020,21,9572.94
1020,22,9542.69
1020,23,9552.45
1020,24,9550.84
1020,25,9543.37
1020,26,9575.44
1020,27,9650.78
1020,28,9542.8
1020,29,9537.32
1020,30,9583.99
1020,31,9632.33
1020,32,9582.16
1020,33,9567.71
1020,34,9597.95
1020,35,9555.42
1020,36,9662.77
1020,37,9599.72
1020,38,9622.36
1020,39,9573.36
1020,40,9606.11
1020,41,9572.43
1020,42,9526.94
1020,43,9565.34
1020,44,9545.61
1020,45,9568.77
1020,46,9652.39
1020,47,9639.03
1020,48,9603.21
1020,49,9553.64
1020,50,9540.46
1020,51,9566.34
1020,52,9636.38
1020,53,9671.99
1020,54,9528.32
1020,55,9538.64
1020,56,9512.71
1020,57,9530.24
1020,58,9639.21
1020,59,9551.11
1020,60,9632.06
1020,61,9584.96
1020,62,9665.97
1020,63,9563.63
1020,64,9564.21
1020,65,9522.2
1020,66,9491.33
1020,67,9581.7
1020,68,9537.62
1020,69,9512.89
1020,70,9649.94
1020,71,9512.05
1020,72,9530.47
1020,73,9616.44
1020,74,9552.65
1020,75,9623.89
1020,76,9507.15
1020,77,9554.48
1020,78,9562.45
1020,79,9681.36
1020,80,9577.77
1020,81,9526.5
1020,82,9618.92
1020,83,9563.6
1020,84,9612.1
1020,85,9605.5
1020,86,9523.21
1020,87,9495.07
1020,88,9594.49
1020,89,9522.65
1020,90,9579.21
1020,91,9589.91
1020,92,9626.19
1020,93,9528.67
1020,94,9583.23
1020,95,9619.08
1020,96,9577.19
1020,97,9568.68
1020,98,9491.82
1020,99,9645.13
1030,0,9611.84
1030,1,9530.9
1030,2,9509.03
1030,3,9536.69
1030,4,9498.25
1030,5,9537.95
1030,6,9584.2
1030,7,9572.17
1030,8,9565.42
1030,9,9641.61
1030,10,9614.79
1030,11,9578.13
1030,12,9612.47
1030,13,9606.7
1030,14,9524.8
1030,15,9592.91
1030,16,9655.82
1030,17,9643.84
1030,18,9597.1
1030,19,9545.65
1030,20,9502
1030,21,9572.64
1030,22,9542.39
1030,23,9552.15
1030,24,9550.54
1030,25,9543.07
1030,26,9575.14
1030,27,9650.48
1030,28,9542.5
1030,29,9537.02
1030,30,9583.69
1030,31,9632.03
1030,32,9581.86
1030,33,9567.41
1030,34,9597.65
1030,35,9555.12
1030,36,9662.47
1030,37,9599.42
1030,38,9622.06
1030,39,9573.06
1030,40,9605.81
1030,41,9572.13
1030,42,9526.64
1030,43,9565.04
1030,44,9545.31
1030,45,9568.47
1030,46,9652.09
1030,47,9638.73
1030,48,9602.91
1030,49,9553.34
1030,50,9540.16
1030,51,9566.04
1030,52,9636.08
1030,53,9671.69
1030,54,9528.02
1030,55,9538.34
1030,56,9512.41
1030,57,9529.94
1030,58,9638.91
1030,59,9550.81
1030,60,9631.76
1030,61,9584.66
1030,62,9665.67
1030,63,9563.33
1030,64,9563.91
1030,65,9521.9
1030,66,9491.03
1030,67,9581.4
1030,68,9537.32
1030,69,9512.59
1030,70,9649.64
1030,71,9511.75
1030,72,9530.17
1030,73,9616.14
1030,74,9552.35
1030,75,9623.59
1030,76,9506.85
1030,77,9554.18
1030,78,9562.15
1030,79,9681.06
1030,80,9577.47
1030,81,9526.2
1030,82,9618.62
1030,83,9563.3
1030,84,9611.8
1030,85,9605.2
1030,86,9522.91
1030,87,9494.77
1030,88,9594.19
1030,89,9522.35
1030,90,9578.91
1030,91,9589.61
1030,92,9625.89
1030,93,9528.37
1030,94,9582.93
1030,95,9618.78
1030,96,9576.89
1030,97,9568.38
1030,98,9491.52
1030,99,9644.83
1040,0,9606.53
1040,1,9523.53
1040,2,9502.53
1040,3,9529.6
1040,4,9493.99
1040,5,9530.36
1040,6,9577.73
1040,7,9564.53
1040,8,9560.2
1040,9,9634.33
1040,10,9607.84
1040,11,9572.74
1040,12,9607.5
1040,13,9603.84
1040,14,9516.92
1040,15,9587.73
1040,16,9649.58
1040,17,9638.75
1040,18,9591.17
1040,19,9539.87
1040,20,9496.31
1040,21,9565.77
1040,22,9536.71
1040,23,9545.75
1040,24,9544.63
1040,25,9535.51
1040,26,9567.59
1040,27,9644.04
1040,28,9536.68
1040,29,9529.54
1040,30,9577.78
1040,31,9624.9
1040,32,9574.86
1040,33,9559.9
1040,34,9591.5
1040,35,9550.4
1040,36,9656.74
1040,37,9594.6
1040,38,9616.93
1040,39,9565.2
1040,40,9601.7
1040,41,9567.04
1040,42,9521.74
1040,43,9558.53
1040,44,9539.02
1040,45,9561.86
1040,46,9645.82
1040,47,9633.98
1040,48,9595.42
1040,49,9547.98
1040,50,9532.86
1040,51,9561.86
1040,52,9630.91
1040,53,9664.81
1040,54,9523.65
1040,55,9533.61
1040,56,9506.82
1040,57,9522.33
1040,58,9632.35
1040,59,9542.56
1040,60,9625.38
1040,61,9577.83
1040,62,9657.2
1040,63,9558.88
1040,64,9557.27
1040,65,9515.96
1040,66,9487.55
1040,67,9575.78
1040,68,9533.85
1040,69,9505.33
1040,70,9643
1040,71,9505.8
1040,72,9523.17
1040,73,9611.37
1040,74,9543.81
1040,75,9617.65
1040,76,9501.19
1040,77,9548.47
1040,78,9557.36
1040,79,9673.31
1040,80,9569.88
1040,81,9520.2
1040,82,9611.14
1040,83,9558.66
1040,84,9602.63
1040,85,9599.23
1040,86,9516.59
1040,87,9489.2
1040,88,9589.49
1040,89,9515.7
1040,90,9574.95
1040,91,9583.83
1040,92,9620.42
1040,93,9521.67
1040,94,9577.39
1040,95,9614.73
1040,96,9573.12
1040,97,9558.5
1040,98,9483.66
1040,99,9639.1
1050,0,9600.5
1050,1,9522.84
1050,2,9496.39
1050,3,9525.73
1050,4,9486.05
1050,5,9526.49
1050,6,9573.79
1050,7,9561.44
1050,8,9555.61
1050,9,9634.1
1050,10,9606.52
1050,11,9569.41
1050,12,9604.31
1050,13,9597.54
1050,14,9513.18
1050,15,9584.5
1050,16,9647.29
1050,17,9635.41
1050,18,9587.06
1050,19,9533.27
1050,20,9488.88
1050,21,9561.56
1050,22,9531.91
1050,23,9542.42
1050,24,9539.49
1050,25,9530.72
1050,26,9564.21
1050,27,9640.68
1050,28,9531.17
1050,29,9526.91
1050,30,9572.12
1050,31,9622.08
1050,32,9571.12
1050,33,9555.94
1050,34,9587.7
1050,35,9545.09
1050,36,9653.88
1050,37,9591.27
1050,38,9610.06
1050,39,9562.22
1050,40,9598.71
1050,41,9559.71
1050,42,9514.62
1050,43,9556.22
1050,44,9534.14
1050,45,9558.44
1050,46,9640.41
1050,47,9627.25
1050,48,9594.51
1050,49,9543.66
1050,50,9528.1
1050,51,9556.03
1050,52,9623.95
1050,53,9663.02
1050,54,9516.72
1050,55,9526.93
1050,56,9497.4
1050,57,9518.57
1050,58,9630.46
1050,59,9539.14
1050,60,9620.42
1050,61,9573.95
1050,62,9655.66
1050,63,9551.01
1050,64,9552.03
1050,65,9506.68
1050,66,9479.67
1050,67,9570.51
1050,68,9527.61
1050,69,9500.1
1050,70,9640.31
1050,71,9496.58
1050,72,9518.68
1050,73,9604.36
1050,74,9540.36
1050,75,9614.99
1050,76,9495.92
1050,77,9542.55
1050,78,9552.46
1050,79,9671.88
1050,80,9568.3
1050,81,9515.79
1050,82,9609.61
1050,83,9554.01
1050,84,9601.45
1050,85,9594.45
1050,86,9508.82
1050,87,9483.72
1050,88,9582.12
1050,89,9510.08
1050,90,9567.51
1050,91,9580.28
1050,92,9618.37
1050,93,9515.78
1050,94,9575.12
1050,95,9609.18
1050,96,9565.68
1050,97,9555.97
1050,98,9477.59
1050,99,9636.2
1060,0,9600.2
1060,1,9522.54
1060,2,9496.09
1060,3,9525.43
1060,4,9485.75
1060,5,9526.19
1060,6,9573.49
1060,7,9561.14
1060,8,9555.31
1060,9,9633.8
1060,10,9606.22
1060,11,9569.11
1060,12,9604.01
1060,13,9597.24
1060,14,9512.88
1060,15,9584.2
1060,16,9646.99
1060,17,9635.11
1060,18,9586.76
1060,19,9532.97
1060,20,9488.58
1060,21,9561.26
1060,22,9531.61
1060,23,9542.12
1060,24,9539.19
1060,25,9530.42
1060,26,9563.91
1060,27,9640.38
1060,28,9530.87
1060,29,9526.61
1060,30,9571.82
1060,31,9621.78
1060,32,9570.82
1060,33,9555.64
1060,34,9587.4
1060,35,9544.79
1060,36,9653.58
1060,37,9590.97
1060,38,9609.76
1060,39,9561.92
1060,40,9598.41
1060,41,9559.41
1060,42,9514.32
1060,43,9555.92
1060,44,9533.84
1060,45,9558.14
1060,46,9640.11
1060,47,9626.95
1060,48,9594.21
1060,49,9543.36
1060,50,9527.8
1060,51,9555.73
1060,52,9623.65
1060,53,9662.72
1060,54,9516.42
1060,55,9526.63
1060,56,9497.1
1060,57,9518.27
1060,58,9630.16
1060,59,9538.84
1060,60,9620.12
1060,61,9573.65
1060,62,9655.36
1060,63,9550.71
1060,64,9551.73
1060,65,9506.38
1060,66,9479.37
1060,67,9570.21
1060,68,9527.31
1060,69,9499.8
1060,70,9640.01
1060,71,9496.28
1060,72,9518.38
1060,73,9604.06
1060,74,9540.06
1060,75,9614.69
1060,76,9495.62
1060,77,9542.25
1060,78,9552.16
1060,79,9671.58
1060,80,9568
1060,81,9515.49
1060,82,9609.31
1060,83,9553.71
1060,84,9601.15
1060,85,9594.15
1060,86,9508.52
1060,87,9483.42
1060,88,9581.82
1060,89,9509.78
1060,90,9567.21
1060,91,9579.98
1060,92,9618.07
1060,93,9515.48
1060,94,9574.82
1060,95,9608.88
1060,96,9565.38
1060,97,9555.67
1060,98,9477.29
1060,99,9635.9
1070,0,9595.82
1070,1,9519.76
1070,2,9492.99
1070,3,9523.08
1070,4,9484.01
1070,5,9523.15
1070,6,9567.65
1070,7,9558.21
1070,8,9552.12
1070,9,9629.17
1070,10,9602.71
1070,11,9565.52
1070,12,9599.02
1070,13,9594.39
1070,14,9510.6
1070,15,9581.11
1070,16,9642.65
1070,17,9631.43
1070,18,9583.6
1070,19,9531.16
1070,20,9486.11
1070,21,9556.72
1070,22,9531.31
1070,23,9537.97
1070,24,9536.6
1070,25,9527.74
1070,26,9561.38
1070,27,9636.42
1070,28,9527.29
1070,29,9523.87
1070,30,9569.33
1070,31,9618.18
1070,32,9565.55
1070,33,9552.82
1070,34,9583.61
1070,35,9540.57
1070,36,9650.08
1070,37,9586.4
1070,38,9606.42
1070,39,9558.09
1070,40,9594.36
1070,41,9554.57
1070,42,9511.48
1070,43,9552.58
1070,44,9530.86
1070,45,9553.87
1070,46,9634.88
1070,47,9622.27
1070,48,9591.21
1070,49,9539.61
1070,50,9523.6
1070,51,9555.43
1070,52,9619.84
1070,53,9660.71
1070,54,9513.16
1070,55,9524.19
1070,56,9494.59
1070,57,9513.76
1070,58,9625.44
1070,59,9534.23
1070,60,9619.82
1070,61,9570.36
1070,62,9652.37
1070,63,9546.22
1070,64,9548.25
1070,65,9503.75
1070,66,9475.95
1070,67,9568.35
1070,68,9523.84
1070,69,9495.18
1070,70,9636.6
1070,71,9493.96
1070,72,9515.73
1070,73,9600.64
1070,74,9536.64
1070,75,9610.21
1070,76,9492.05
1070,77,9540.09
1070,78,9547.25
1070,79,9667.33
1070,80,9563.76
1070,81,9512.49
1070,82,9605.05
1070,83,9550.83
1070,84,9596.48
1070,85,9590.32
1070,86,9505.73
1070,87,9479.05
1070,88,9581.52
1070,89,9507.73
1070,90,9563.07
1070,91,9575.68
1070,92,9613.39
1070,93,9511.61
1070,94,9571.43
1070,95,9608.58
1070,96,9561.6
1070,97,9552.08
1070,98,9473.22
1070,99,9632.36
1080,0,9591.29
1080,1,9511.09
1080,2,9485.04
1080,3,9515.76
1080,4,9474.15
1080,5,9513.31
1080,6,9562.84
1080,7,9553.19
1080,8,9544.31
1080,9,9625.31
1080,10,9597.77
1080,11,9560.5
1080,12,9596.16
1080,13,9588.22
1080,14,9502.29
1080,15,9574.55
1080,16,9640.01
1080,17,9626.81
1080,18,9578.14
1080,19,9519.94
1080,20,9476.09
1080,21,9552.17
1080,22,9520.2
1080,23,9534.69
1080,24,9528.62
1080,25,9519.57
1080,26,9554.2
1080,27,9631.02
1080,28,9521.24
1080,29,9515.99
1080,30,9558.34
1080,31,9612.72
1080,32,9561.47
1080,33,9545.15
1080,34,9578.25
1080,35,9534.79
1080,36,9645.6
1080,37,9581.63
1080,38,9597.78
1080,39,9551.27
1080,40,9590.93
1080,41,9549.74
1080,42,9503.33
1080,43,9546.26
1080,44,9520.63
1080,45,9548.7
1080,46,9628.88
1080,47,9617.78
1080,48,9585.47
1080,49,9533.89
1080,50,9519.46
1080,51,9545.31
1080,52,9611.4
1080,53,9655.86
1080,54,9504.06
1080,55,9515.45
1080,56,9482.19
1080,57,9507.6
1080,58,9621.69
1080,59,9529.59
1080,60,9608.79
1080,61,9562.81
1080,62,9646.34
1080,63,9540.47
1080,64,9540.23
1080,65,9494.21
1080,66,9468.59
1080,67,9559.87
1080,68,9515.33
1080,69,9488.93
1080,70,9630.55
1080,71,9484.06
1080,72,9504.25
1080,73,9592.2
1080,74,9531.01
1080,75,9605.99
1080,76,9484.99
1080,77,9530.66
1080,78,9542.44
1080,79,9662.25
1080,80,9558.66
1080,81,9505.69
1080,82,9598.91
1080,83,9544.67
1080,84,9591.2
1080,85,9583.74
1080,86,9496.82
1080,87,9472.51
1080,88,9569.79
1080,89,9498.84
1080,90,9557.04
1080,91,9570.4
1080,92,9610.72
1080,93,9504.21
1080,94,9567.54
1080,95,9597.62
1080,96,9553.93
1080,97,9542.05
1080,98,9463.18
1080,99,9628.05
1090,0,9590.99
1090,1,9510.79
1090,2,9484.74
1090,3,9515.46
1090,4,9473.85
1090,5,9513.01
1090,6,9562.54
1090,7,9552.89
1090,8,9544.01
1090,9,9625.01
1090,10,9597.47
1090,11,9560.2
1090,12,9595.86
1090,13,9587.92
1090,14,9501.99
1090,15,9574.25
1090,16,9639.71
1090,17,9626.51
1090,18,9577.84
1090,19,9519.64
1090,20,9475.79
1090,21,9551.87
1090,22,9519.9
1090,23,9534.39
1090,24,9528.32
1090,25,9519.27
1090,26,9553.9
1090,27,9630.72
1090,28,9520.94
1090,29,9515.69
1090,30,9558.04
1090,31,9612.42
1090,32,9561.17
1090,33,9544.85
1090,34,9577.95
1090,35,9534.49
1090,36,9645.3
1090,37,9581.33
1090,38,9597.48
1090,39,9550.97
1090,40,9590.63
1090,41,9549.44
1090,42,9503.03
1090,43,9545.96
1090,44,9520.33
1090,45,9548.4
1090,46,9628.58
1090,47,9617.48
1090,48,9585.17
1090,49,9533.59
1090,50,9519.16
1090,51,9545.01
1090,52,9611.1
1090,53,9655.56
1090,54,9503.76
1090,55,9515.15
1090,56,9481.89
1090,57,9507.3
1090,58,9621.39
1090,59,9529.29
1090,60,9608.49
1090,61,9562.51
1090,62,9646.04
1090,63,9540.17
1090,64,9539.93
1090,65,9493.91
1090,66,9468.29
1090,67,9559.57
1090,68,9515.03
1090,69,9488.63
1090,70,9630.25
1090,71,9483.76
1090,72,9503.95
1090,73,9591.9
1090,74,9530.71
1090,75,9605.69
1090,76,9484.69
1090,77,9530.36
1090,78,9542.14
1090,79,9661.95
1090,80,9558.36
1090,81,9505.39
1090,82,9598.61
1090,83,9544.37
1090,84,9590.9
1090,85,9583.44
1090,86,9496.52
1090,87,9472.21
1090,88,9569.49
1090,89,9498.54
1090,90,9556.74
1090,91,9570.1
1090,92,9610.42
1090,93,9503.91
1090,94,9567.24
1090,95,9597.32
1090,96,9553.63
1090,97,9541.75
1090,98,9462.88
1090,99,9627.75
1100,0,9588.72
1100,1,9510.49
1100,2,9483.97
1100,3,9513.09
1100,4,9472.96
1100,5,9512.71
1100,6,9560.27
1100,7,9552.55
1100,8,9543.71
1100,9,9623.15
1100,10,9597.17
1100,11,9559.9
1100,12,9595.56
1100,13,9587.57
1100,14,9500.38
1100,15,9573.95
1100,16,9638.16
1100,17,9626.21
1100,18,9577.54
1100,19,9517.77
1100,20,9473.38
1100,21,9550.17
1100,22,9519.6
1100,23,9532.15
1100,24,9525.76
1100,25,9518.92
1100,26,9551.69
1100,27,9628.34
1100,28,9519.65
1100,29,9515.39
1100,30,9555.6
1100,31,9612.12
1100,32,9559.48
1100,33,9544.55
1100,34,9575.09
1100,35,9534.19
1100,36,9645
1100,37,9581.03
1100,38,9597.18
1100,39,9549.24
1100,40,9589.2
1100,41,9547.56
1100,42,9500.19
1100,43,9543.54
1100,44,9520.03
1100,45,9545.95
1100,46,9626.95
1100,47,9616.17
1100,48,9582.28
1100,49,9533.29
1100,50,9517.95
1100,51,9544.71
1100,52,9610.8
1100,53,9653.62
1100,54,9503.46
1100,55,9512.65
1100,56,9479.35
1100,57,9505.12
1100,58,9621.09
1100,59,9528.28
1100,60,9608.19
1100,61,9559.93
1100,62,9644.51
1100,63,9538.53
1100,64,9539.63
1100,65,9493.61
1100,66,9466.93
1100,67,9559.27
1100,68,9514.73
1100,69,9486.64
1100,70,9627.8
1100,71,9481.36
1100,72,9503.65
1100,73,9591.6
1100,74,9527.5
1100,75,9605.39
1100,76,9483.22
1100,77,9528.09
1100,78,9541.19
1100,79,9659.89
1100,80,9555.78
1100,81,9504.17
1100,82,9596.15
1100,83,9543.15
1100,84,9589.11
1100,85,9583.14
1100,86,9496.22
1100,87,9471.91
1100,88,9569.19
1100,89,9497.36
1100,90,9554.91
1100,91,9569.8
1100,92,9609.31
1100,93,9502.83
1100,94,9566.47
1100,95,9597.02
1100,96,9553.26
1100,97,9540.11
1100,98,9460.93
1100,99,9627.45
1110,0,9581.97
1110,1,9503.03
1110,2,9472.89
1110,3,9505.28
1110,4,9462.55
1110,5,9501.3
1110,6,9552.76
1110,7,9545.02
1110,8,9533.79
1110,9,9617.8
1110,10,9590.67
1110,11,9551.73
1110,12,9588.48
1110,13,9578.99
1110,14,9492.57
1110,15,9564.76
1110,16,9632.78
1110,17,9618.25
1110,18,9566.74
1110,19,9508.59
1110,20,9463.43
1110,21,9541.85
1110,22,9508.48
1110,23,9525.21
1110,24,9517.78
1110,25,9507.73
1110,26,9541.83
1110,27,9621.81
1110,28,9511.47
1110,29,9507.87
1110,30,9546.21
1110,31,9602.94
1110,32,9550.56
1110,33,9534.25
1110,34,9567.86
1110,35,9525.91
1110,36,9636.98
1110,37,9571.07
1110,38,9585.48
1110,39,9540.64
1110,40,9582.41
1110,41,9538.38
1110,42,9489.01
1110,43,9537.53
1110,44,9508.77
1110,45,9538.82
1110,46,9619.7
1110,47,9607.41
1110,48,9577.87
1110,49,9524.85
1110,50,9508.99
1110,51,9532.22
1110,52,9598.85
1110,53,9647
1110,54,9493.17
1110,55,9503.6
1110,56,9467.71
1110,57,9496.51
1110,58,9612.86
1110,59,9519.22
1110,60,9597.16
1110,61,9553.2
1110,62,9636.19
1110,63,9530.29
1110,64,9528.32
1110,65,9481.79
1110,66,9457.68
1110,67,9549.74
1110,68,9503.59
1110,69,9479.87
1110,70,9620.67
1110,71,9469.19
1110,72,9491.4
1110,73,9579.92
1110,74,9521.5
1110,75,9597.02
1110,76,9474.64
1110,77,9518.69
1110,78,9533.15
1110,79,9652.51
1110,80,9550
1110,81,9495.88
1110,82,9588.85
1110,83,9535.52
1110,84,9580.66
1110,85,9572.82
1110,86,9484.12
1110,87,9461.49
1110,88,9557.44
1110,89,9488.5
1110,90,9546.05
1110,91,9560.75
1110,92,9603.07
1110,93,9492.56
1110,94,9560.2
1110,95,9586.08
1110,96,9542.51
1110,97,9529.98
1110,98,9450.03
1110,99,9619.41
1120,0,9581.67
1120,1,9502.73
1120,2,9472.59
1120,3,9504.98
1120,4,9462.25
1120,5,9501
1120,6,9552.46
1120,7,9544.72
1120,8,9533.49
1120,9,9617.5
1120,10,9590.37
1120,11,9551.43
1120,12,9588.18
1120,13,9578.69
1120,14,9492.27
1120,15,9564.46
1120,16,9632.48
1120,17,9617.95
1120,18,9566.44
1120,19,9508.29
1120,20,9463.13
1120,21,9541.55
1120,22,9508.18
1120,23,9524.91
1120,24,9517.48
1120,25,9507.43
1120,26,9541.53
1120,27,9621.51
1120,28,9511.17
1120,29,9507.57
1120,30,9545.91
1120,31,9602.64
1120,32,9550.26
1120,33,9533.95
1120,34,9567.56
1120,35,9525.61
1120,36,9636.68
1120,37,9570.77
1120,38,9585.18
1120,39,9540.34
1120,40,9582.11
1120,41,9538.08
1120,42,9488.71
1120,43,9537.23
1120,44,9508.47
1120,45,9538.52
1120,46,9619.4
1120,47,9607.11
1120,48,9577.57
1120,49,9524.55
1120,50,9508.69
1120,51,9531.92
1120,52,9598.55
1120,53,9646.7
1120,54,9492.87
1120,55,9503.3
1120,56,9467.41
1120,57,9496.21
1120,58,9612.56
1120,59,9518.92
1120,60,9596.86
1120,61,9552.9
1120,62,9635.89
1120,63,9529.99
1120,64,9528.02
1120,65,9481.49
1120,66,9457.38
1120,67,9549.44
1120,68,9503.29
1120,69,9479.57
1120,70,9620.37
1120,71,9468.89
1120,72,9491.1
1120,73,9579.62
1120,74,9521.2
1120,75,9596.72
1120,76,9474.34
1120,77,9518.39
1120,78,9532.85
1120,79,9652.21
1120,80,9549.7
1120,81,9495.58
1120,82,9588.55
1120,83,9535.22
1120,84,9580.36
1120,85,9572.52
1120,86,9483.82
1120,87,9461.19
1120,88,9557.14
1120,89,9488.2
1120,90,9545.75
1120,91,9560.45
1120,92,9602.77
1120,93,9492.26
1120,94,9559.9
1120,95,9585.78
1120,96,9542.21
1120,97,9529.68
1120,98,9449.73
1120,99,9619.11
1130,0,9581.37
1130,1,9502.43
1130,2,9472.29
1130,3,9504.68
1130,4,9461.9
1130,5,9500.7
1130,6,9552.16
1130,7,9544.36
1130,8,9533.19
1130,9,9617.2
1130,10,9590.07
1130,11,9551.13
1130,12,9587.88
1130,13,9578.33
1130,14,9491.97
1130,15,9564.16
1130,16,9632.18
1130,17,9617.65
1130,18,9566.14
1130,19,9507.99
1130,20,9461.95
1130,21,9541.25
1130,22,9507.88
1130,23,9524.61
1130,24,9517.18
1130,25,9507.06
1130,26,9541.23
1130,27,9621.21
1130,28,9510.87
1130,29,9507.27
1130,30,9545.61
1130,31,9602.34
1130,32,9549.96
1130,33,9533.65
1130,34,9567.26
1130,35,9525.31
1130,36,9636.38
1130,37,9570.47
1130,38,9584.88
1130,39,9540.04
1130,40,9581.81
1130,41,9537.78
1130,42,9488.41
1130,43,9536.93
1130,44,9508.17
1130,45,9538.22
1130,46,9619.1
1130,47,9606.81
1130,48,9577.27
1130,49,9524.25
1130,50,9508.39
1130,51,9531.62
1130,52,9598.25
1130,53,9646.4
1130,54,9492.57
1130,55,9503
1130,56,9467.11
1130,57,9495.91
1130,58,9612.26
1130,59,9517.88
1130,60,9596.56
1130,61,9552.6
1130,62,9635.59
1130,63,9529.69
1130,64,9527.72
1130,65,9481.19
1130,66,9456.45
1130,67,9549.14
1130,68,9502.99
1130,69,9479.27
1130,70,9620.07
1130,71,9468.59
1130,72,9490.8
1130,73,9579.32
1130,74,9520.9
1130,75,9596.42
1130,76,9474.04
1130,77,9518.09
1130,78,9532.55
1130,79,9651.91
1130,80,9549.4
1130,81,9494.37
1130,82,9588.25
1130,83,9534.92
1130,84,9580.06
1130,85,9572.22
1130,86,9483.52
1130,87,9460.89
1130,88,9556.84
1130,89,9486.99
1130,90,9545.45
1130,91,9560.15
1130,92,9602.47
1130,93,9491.96
1130,94,9559.6
1130,95,9585.48
1130,96,9541.91
1130,97,9529.38
1130,98,9449.43
1130,99,9618.81
1140,0,9574.11
1140,1,9492.34
1140,2,9460.43
1140,3,9495.08
1140,4,9452.47
1140,5,9489.29
1140,6,9542.91
1140,7,9537.11
1140,8,9524.98
1140,9,9608.09
1140,10,9583.61
1140,11,9543.07
1140,12,9582.04
1140,13,9570
1140,14,9481.93
1140,15,9555.97
1140,16,9625.92
1140,17,9610.31
1140,18,9557
1140,19,9497.48
1140,20,9452.86
1140,21,9531.86
1140,22,9498.02
1140,23,9515.3
1140,24,9506.23
1140,25,9495.61
1140,26,9533.68
1140,27,9613.38
1140,28,9501.97
1140,29,9498.33
1140,30,9536.93
1140,31,9594.87
1140,32,9542.1
1140,33,9522
1140,34,9557.65
1140,35,9516.97
1140,36,9629.99
1140,37,9562.41
1140,38,9573.17
1140,39,9531.46
1140,40,9573.93
1140,41,9527.01
1140,42,9480.2
1140,43,9529.37
1140,44,9496.8
1140,45,9531.62
1140,46,9610.4
1140,47,9596.97
1140,48,9570.85
1140,49,9516.11
1140,50,9500.48
1140,51,9520.42
1140,52,9586.3
1140,53,9638.09
1140,54,9481.29
1140,55,9492.18
1140,56,9455.6
1140,57,9487.18
1140,58,9603.98
1140,59,9510.21
1140,60,9590.31
1140,61,9544.22
1140,62,9626.77
1140,63,9520.34
1140,64,9516.49
1140,65,9471.16
1140,66,9448.36
1140,67,9540.7
1140,68,9495.61
1140,69,9467.95
1140,70,9610.66
1140,71,9457.36
1140,72,9481.43
1140,73,9569.79
1140,74,9513.15
1140,75,9588.18
1140,76,9465.87
1140,77,9506.61
1140,78,9521.88
1140,79,9644.22
1140,80,9539.83
1140,81,9487.46
1140,82,9578.37
1140,83,9526.23
1140,84,9569.51
1140,85,9562.58
1140,86,9475.84
1140,87,9451.24
1140,88,9548.28
1140,89,9478.76
1140,90,9535.21
1140,91,9551.25
1140,92,9596.9
1140,93,9480.55
1140,94,9551.58
1140,95,9574.55
1140,96,9533.26
1140,97,9521.4
1140,98,9440.44
1140,99,9610.77
1150,0,9573.81
1150,1,9492.04
1150,2,9460.13
1150,3,9494.78
1150,4,9452.17
1150,5,9488.99
1150,6,9542.61
1150,7,9536.81
1150,8,9524.68
1150,9,9607.79
1150,10,9583.31
1150,11,9542.77
1150,12,9581.74
1150,13,9569.7
1150,14,9481.63
1150,15,9555.67
1150,16,9625.62
1150,17,9610.01
1150,18,9556.7
1150,19,9497.18
1150,20,9452.56
1150,21,9531.56
1150,22,9497.72
1150,23,9515
1150,24,9505.93
1150,25,9495.31
1150,26,9533.38
1150,27,9613.08
1150,28,9501.67
1150,29,9498.03
1150,30,9536.63
1150,31,9594.57
1150,32,9541.8
1150,33,9521.7
1150,34,9557.35
1150,35,9516.67
1150,36,9629.69
1150,37,9562.11
1150,38,9572.87
1150,39,9531.16
1150,40,9573.63
1150,41,9526.71
1150,42,9479.9
1150,43,9529.07
1150,44,9496.5
1150,45,9531.32
1150,46,9610.1
1150,47,9596.67
1150,48,9570.55
1150,49,9515.81
1150,50,9500.18
1150,51,9520.12
1150,52,9586
1150,53,9637.79
1150,54,9480.99
1150,55,9491.88
1150,56,9455.3
1150,57,9486.88
1150,58,9603.68
1150,59,9509.91
1150,60,9590.01
1150,61,9543.92
1150,62,9626.47
1150,63,9520.04
1150,64,9516.19
1150,65,9470.86
1150,66,9448.06
1150,67,9540.4
1150,68,9495.31
1150,69,9467.65
1150,70,9610.36
1150,71,9457.06
1150,72,9481.13
1150,73,9569.49
1150,74,9512.85
1150,75,9587.88
1150,76,9465.57
1150,77,9506.31
1150,78,9521.58
1150,79,9643.92
1150,80,9539.53
1150,81,9487.16
1150,82,9578.07
1150,83,9525.93
1150,84,9569.21
1150,85,9562.28
1150,86,9475.54
1150,87,9450.94
1150,88,9547.98
1150,89,9478.46
1150,90,9534.91
1150,91,9550.95
1150,92,9596.6
1150,93,9480.25
1150,94,9551.28
1150,95,9574.25
1150,96,9532.96
1150,97,9521.1
1150,98,9440.14
1150,99,9610.47
1160,0,9573.51
1160,1,9491.74
1160,2,9459.83
1160,3,9494.48
1160,4,9451.87
1160,5,9488.69
1160,6,9542.31
1160,7,9536.51
1160,8,9524.38
1160,9,9607.49
1160,10,9583.01
1160,11,9542.47
1160,12,9581.44
1160,13,9569.4
1160,14,9481.33
1160,15,9555.37
1160,16,9625.32
1160,17,9609.71
1160,18,9556.4
1160,19,9496.88
1160,20,9452.26
1160,21,9531.26
1160,22,9497.42
1160,23,9514.7
1160,24,9505.63
1160,25,9495.01
1160,26,9533.08
1160,27,9612.78
1160,28,9501.37
1160,29,9497.73
1160,30,9536.33
1160,31,9594.27
1160,32,9541.5
1160,33,9521.4
1160,34,9557.05
1160,35,9516.37
1160,36,9629.39
1160,37,9561.81
1160,38,9572.57
1160,39,9530.86
1160,40,9573.33
1160,41,9526.41
1160,42,9479.6
1160,43,9528.77
1160,44,9496.2
1160,45,9531.02
1160,46,9609.8
1160,47,9596.37
1160,48,9570.25
1160,49,9515.51
1160,50,9499.88
1160,51,9519.82
1160,52,9585.7
1160,53,9637.49
1160,54,9480.69
1160,55,9491.58
1160,56,9455
1160,57,9486.58
1160,58,9603.38
1160,59,9509.61
1160,60,9589.71
1160,61,9543.62
1160,62,9626.17
1160,63,9519.74
1160,64,9515.89
1160,65,9470.56
1160,66,9447.76
1160,67,9540.1
1160,68,9495.01
1160,69,9467.35
1160,70,9610.06
1160,71,9456.76
1160,72,9480.83
1160,73,9569.19
1160,74,9512.55
1160,75,9587.58
1160,76,9465.27
1160,77,9506.01
1160,78,9521.28
1160,79,9643.62
1160,80,9539.23
1160,81,9486.86
1160,82,9577.77
1160,83,9525.63
1160,84,9568.91
1160,85,9561.98
1160,86,9475.24
1160,87,9450.64
1160,88,9547.68
1160,89,9478.16
1160,90,9534.61
1160,91,9550.65
1160,92,9596.3
1160,93,9479.95
1160,94,9550.98
1160,95,9573.95
1160,96,9532.66
1160,97,9520.8
1160,98,9439.84
1160,99,9610.17
1170,0,9563.29
1170,1,9480.72
1170,2,9451.21
1170,3,9484.7
1170,4,9442.38
1170,5,9479.84
1170,6,9531.77
1170,7,9529.2
1170,8,9510.88
1170,9,9600.49
1170,10,9571.32
1170,11,9529.3
1170,12,9572.55
1170,13,9560.49
1170,14,9467.35
1170,15,9545.2
1170,16,9616.13
1170,17,9603.45
1170,18,9546.43
1170,19,9485.67
1170,20,9442.28
1170,21,9523.13
1170,22,9486.11
1170,23,9504.39
1170,24,9497.52
1170,25,9486.71
1170,26,9520.57
1170,27,9603.21
1170,28,9492.13
1170,29,9489.27
1170,30,9527.83
1170,31,9586.63
1170,32,9532.71
1170,33,9512.49
1170,34,9546.05
1170,35,9507.67
1170,36,9619.02
1170,37,9548.1
1170,38,9560.84
1170,39,9521.56
1170,40,9563.92
1170,41,9515.61
1170,42,9465
1170,43,9519.02
1170,44,9488.48
1170,45,9519.87
1170,46,9601.04
1170,47,9586.4
1170,48,9561
1170,49,9506.83
1170,50,9491.97
1170,51,9508.49
1170,52,9575.78
1170,53,9626.14
1170,54,9474.16
1170,55,9480.57
1170,56,9443.17
1170,57,9477.74
1170,58,9592.83
1170,59,9501.14
1170,60,9580.65
1170,61,9530.81
1170,62,9616.97
1170,63,9509.68
1170,64,9506.82
1170,65,9459.31
1170,66,9439.08
1170,67,9532.29
1170,68,9482.23
1170,69,9456.67
1170,70,9600.49
1170,71,9445.25
1170,72,9471.36
1170,73,9557.3
1170,74,9503.27
1170,75,9575.07
1170,76,9452.99
1170,77,9494.4
1170,78,9510.16
1170,79,9634.07
1170,80,9530.36
1170,81,9474.18
1170,82,9568.71
1170,83,9510.37
1170,84,9559.08
1170,85,9555.48
1170,86,9463.69
1170,87,9443.59
1170,88,9535.94
1170,89,9468.99
1170,90,9524.12
1170,91,9542.39
1170,92,9588.8
1170,93,9472.55
1170,94,9540.46
1170,95,9564.92
1170,96,9524.1
1170,97,9512.89
1170,98,9424.83
1170,99,9603.6
1180,0,9562.99
1180,1,9480.42
1180,2,9450.91
1180,3,9484.4
1180,4,9442.08
1180,5,9479.54
1180,6,9531.47
1180,7,9528.9
1180,8,9510.58
1180,9,9600.19
1180,10,9571.02
1180,11,9529
1180,12,9572.25
1180,13,9560.19
1180,14,9467.05
1180,15,9544.9
1180,16,9615.83
1180,17,9603.15
1180,18,9546.13
1180,19,9485.37
1180,20,9441.98
1180,21,9522.83
1180,22,9485.81
1180,23,9504.09
1180,24,9497.22
1180,25,9486.41
1180,26,9520.27
1180,27,9602.91
1180,28,9491.83
1180,29,9488.97
1180,30,9527.53
1180,31,9586.33
1180,32,9532.41
1180,33,9512.19
1180,34,9545.75
1180,35,9507.37
1180,36,9618.72
1180,37,9547.8
1180,38,9560.54
1180,39,9521.26
1180,40,9563.62
1180,41,9515.31
1180,42,9464.7
1180,43,9518.72
1180,44,9488.18
1180,45,9519.57
1180,46,9600.74
1180,47,9586.1
1180,48,9560.7
1180,49,9506.53
1180,50,9491.67
1180,51,9508.19
1180,52,9575.48
1180,53,9625.84
1180,54,9473.86
1180,55,9480.27
1180,56,9442.87
1180,57,9477.44
1180,58,9592.53
1180,59,9500.84
1180,60,9580.35
1180,61,9530.51
1180,62,9616.67
1180,63,9509.38
1180,64,9506.52
1180,65,9459.01
1180,66,9438.78
1180,67,9531.99
1180,68,9481.93
1180,69,9456.37
1180,70,9600.19
1180,71,9444.95
1180,72,9471.06
1180,73,9557
1180,74,9502.97
1180,75,9574.77
1180,76,9452.69
1180,77,9494.1
1180,78,9509.86
1180,79,9633.77
1180,80,9530.06
1180,81,9473.88
1180,82,9568.41
1180,83,9510.07
1180,84,9558.78
1180,85,9555.18
1180,86,9463.39
1180,87,9443.29
1180,88,9535.64
1180,89,9468.69
1180,90,9523.82
1180,91,9542.09
1180,92,9588.5
1180,93,9472.25
1180,94,9540.16
1180,95,9564.62
1180,96,9523.8
1180,97,9512.59
1180,98,9424.53
1180,99,9603.3
1190,0,9562.69
1190,1,9480.12
1190,2,9450.61
1190,3,9484.1
1190,4,9441.78
1190,5,9479.24
1190,6,9531.17
1190,7,9528.6
1190,8,9510.28
1190,9,9599.89
1190,10,9570.72
1190,11,9528.7
1190,12,9571.95
1190,13,9559.89
1190,14,9466.75
1190,15,9544.6
1190,16,9615.53
1190,17,9602.85
1190,18,9545.83
1190,19,9485.07
1190,20,9441.68
1190,21,9522.53
1190,22,9485.51
1190,23,9503.79
1190,24,9496.92
1190,25,9486.11
1190,26,9519.97
1190,27,9602.61
1190,28,9491.53
1190,29,9488.67
1190,30,9527.23
1190,31,9586.03
1190,32,9532.11
1190,33,9511.89
1190,34,9545.45
1190,35,9507.07
1190,36,9618.42
1190,37,9547.5
1190,38,9560.24
1190,39,9520.96
1190,40,9563.32
1190,41,9515.01
1190,42,9464.4
1190,43,9518.42
1190,44,9487.88
1190,45,9519.27
1190,46,9600.44
1190,47,9585.8
1190,48,9560.4
1190,49,9506.23
1190,50,9491.37
1190,51,9507.89
1190,52,9575.18
1190,53,9625.54
1190,54,9473.56
1190,55,9479.97
1190,56,9442.57
1190,57,9477.14
1190,58,9592.23
1190,59,9500.54
1190,60,9580.05
1190,61,9530.21
1190,62,9616.37
1190,63,9509.08
1190,64,9506.22
1190,65,9458.71
1190,66,9438.48
1190,67,9531.69
1190,68,9481.63
1190,69,9456.07
1190,70,9599.89
1190,71,9444.65
1190,72,9470.76
1190,73,9556.7
1190,74,9502.67
1190,75,9574.47
1190,76,9452.39
1190,77,9493.8
1190,78,9509.56
1190,79,9633.47
1190,80,9529.76
1190,81,9473.58
1190,82,9568.11
1190,83,9509.77
1190,84,9558.48
1190,85,9554.88
1190,86,9463.09
1190,87,9442.99
1190,88,9535.34
1190,89,9468.39
1190,90,9523.52
1190,91,9541.79
1190,92,9588.2
1190,93,9471.95
1190,94,9539.86
1190,95,9564.32
1190,96,9523.5
1190,97,9512.29
1190,98,9424.23
1190,99,9603
1200,0,9552.21
1200,1,9468.95
1200,2,9440.58
1200,3,9474.33
1200,4,9432.29
1200,5,9465.81
1200,6,9521.55
1200,7,9521.22
1200,8,9501.92
1200,9,9592.84
1200,10,9559.42
1200,11,9515.86
1200,12,9565.73
1200,13,9550.63
1200,14,9452.81
1200,15,9534.52
1200,16,9606.31
1200,17,9596.36
1200,18,9536.07
1200,19,9473.78
1200,20,9431.75
1200,21,9514.51
1200,22,9474.11
1200,23,9493.6
1200,24,9488.84
1200,25,9476.23
1200,26,9506.18
1200,27,9595.8
1200,28,9481.17
1200,29,9478.4
1200,30,9518.96
1200,31,9578.29
1200,32,9522.75
1200,33,9501.48
1200,34,9533.14
1200,35,9498.48
1200,36,9611.49
1200,37,9534.75
1200,38,9551.37
1200,39,9511.6
1200,40,9554.19
1200,41,9504.16
1200,42,9449.36
1200,43,9507.5
1200,44,9480.25
1200,45,9509.37
1200,46,9591.5
1200,47,9575.8
1200,48,9551.22
1200,49,9497.81
1200,50,9483.5
1200,51,9497.77
1200,52,9563.26
1200,53,9616.62
1200,54,9463.75
1200,55,9470.3
1200,56,9430.42
1200,57,9466.02
1200,58,9581.79
1200,59,9492.08
1200,60,9568.97
1200,61,9521.64
1200,62,9606.87
1200,63,9499.14
1200,64,9495.31
1200,65,9447.56
1200,66,9429.8
1200,67,9523.46
1200,68,9469.93
1200,69,9445.43
1200,70,9590.21
1200,71,9433.22
1200,72,9461.27
1200,73,9548.04
1200,74,9494.7
1200,75,9561.41
1200,76,9440.11
1200,77,9482.13
1200,78,9499.87
1200,79,9624.34
1200,80,9520.95
1200,81,9461.04
1200,82,9557.91
1200,83,9496.59
1200,84,9548.25
1200,85,9545.45
1200,86,9451.45
1200,87,9435.91
1200,88,9526.82
1200,89,9458.7
1200,90,9513.29
1200,91,9532.1
1200,92,9578.53
1200,93,9461.71
1200,94,9528.83
1200,95,9553.25
1200,96,9515
1200,97,9504.09
1200,98,9408.72
1200,99,9594.47
1210,0,9551.91
1210,1,9468.65
1210,2,9440.28
1210,3,9474.03
1210,4,9431.99
1210,5,9465.51
1210,6,9521.25
1210,7,9520.92
1210,8,9501.62
1210,9,9592.54
1210,10,9559.12
1210,11,9515.56
1210,12,9565.43
1210,13,9550.33
1210,14,9452.51
1210,15,9534.22
1210,16,9606.01
1210,17,9596.06
1210,18,9535.77
1210,19,9473.48
1210,20,9431.45
1210,21,9514.21
1210,22,9473.81
1210,23,9493.3
1210,24,9488.54
1210,25,9475.93
1210,26,9505.88
1210,27,9595.5
1210,28,9480.87
1210,29,9478.1
1210,30,9518.66
1210,31,9577.99
1210,32,9522.45
1210,33,9501.18
1210,34,9532.84
1210,35,9498.18
1210,36,9611.19
1210,37,9534.45
1210,38,9551.07
1210,39,9511.3
1210,40,9553.89
1210,41,9503.86
1210,42,9449.06
1210,43,9507.2
1210,44,9479.95
1210,45,9509.07
1210,46,9591.2
1210,47,9575.5
1210,48,9550.92
1210,49,9497.51
1210,50,9483.2
1210,51,9497.47
1210,52,9562.96
1210,53,9616.32
1210,54,9463.45
1210,55,9470
1210,56,9430.12
1210,57,9465.72
1210,58,9581.49
1210,59,9491.78
1210,60,9568.67
1210,61,9521.34
1210,62,9606.57
1210,63,9498.84
1210,64,9495.01
1210,65,9447.26
1210,66,9429.5
1210,67,9523.16
1210,68,9469.63
1210,69,9445.13
1210,70,9589.91
1210,71,9432.92
1210,72,9460.97
1210,73,9547.74
1210,74,9494.4
1210,75,9561.11
1210,76,9439.81
1210,77,9481.83
1210,78,9499.57
1210,79,9624.04
1210,80,9520.65
1210,81,9460.74
1210,82,9557.61
1210,83,9496.29
1210,84,9547.95
1210,85,9545.15
1210,86,9451.15
1210,87,9435.61
1210,88,9526.52
1210,89,9458.4
1210,90,9512.99
1210,91,9531.8
1210,92,9578.23
1210,93,9461.41
1210,94,9528.53
1210,95,9552.95
1210,96,9514.7
1210,97,9503.79
1210,98,9408.42
1210,99,9594.17
1220,0,9551.61
1220,1,9468.35
1220,2,9439.98
1220,3,9473.73
1220,4,9431.69
1220,5,9465.21
1220,6,9520.95
1220,7,9520.62
1220,8,9501.32
1220,9,9592.24
1220,10,9558.82
1220,11,9515.26
1220,12,9565.13
1220,13,9550.03
1220,14,9452.21
1220,15,9533.92
1220,16,9605.71
1220,17,9595.76
1220,18,9535.47
1220,19,9473.18
1220,20,9431.15
1220,21,9513.91
1220,22,9473.51
1220,23,9493
1220,24,9488.24
1220,25,9475.63
1220,26,9505.58
1220,27,9595.2
1220,28,9480.57
1220,29,9477.8
1220,30,9518.36
1220,31,9577.69
1220,32,9522.15
1220,33,9500.88
1220,34,9532.54
1220,35,9497.88
1220,36,9610.89
1220,37,9534.15
1220,38,9550.77
1220,39,9511
1220,40,9553.59
1220,41,9503.56
1220,42,9448.76
1220,43,9506.9
1220,44,9479.65
1220,45,9508.77
1220,46,9590.9
1220,47,9575.2
1220,48,9550.62
1220,49,9497.21
1220,50,9482.9
1220,51,9497.17
1220,52,9562.66
1220,53,9616.02
1220,54,9463.15
1220,55,9469.7
1220,56,9429.82
1220,57,9465.42
1220,58,9581.19
1220,59,9491.48
1220,60,9568.37
1220,61,9521.04
1220,62,9606.27
1220,63,9498.54
1220,64,9494.71
1220,65,9446.96
1220,66,9429.2
1220,67,9522.86
1220,68,9469.33
1220,69,9444.83
1220,70,9589.61
1220,71,9432.62
1220,72,9460.67
1220,73,9547.44
1220,74,9494.1
1220,75,9560.81
1220,76,9439.51
1220,77,9481.53
1220,78,9499.27
1220,79,9623.74
1220,80,9520.35
1220,81,9460.44
1220,82,9557.31
1220,83,9495.99
1220,84,9547.65
1220,85,9544.85
1220,86,9450.85
1220,87,9435.31
1220,88,9526.22
1220,89,9458.1
1220,90,9512.69
1220,91,9531.5
1220,92,9577.93
1220,93,9461.11
1220,94,9528.23
1220,95,9552.65
1220,96,9514.4
1220,97,9503.49
1220,98,9408.12
1220,99,9593.87
1230,0,9540.74
1230,1,9457.33
1230,2,9428.1
1230,3,9464.22
1230,4,9423.11
1230,5,9456.24
1230,6,9511.48
1230,7,9513.85
1230,8,9492.13
1230,9,9582.24
1230,10,9550.87
1230,11,9505.52
1230,12,9556.36
1230,13,9539.07
1230,14,9442.15
1230,15,9525.04
1230,16,9599.12
1230,17,9587.52
1230,18,9525.77
1230,19,9461.67
1230,20,9421.1
1230,21,9505.36
1230,22,9463.74
1230,23,9484.71
1230,24,9478.37
1230,25,9464.48
1230,26,9495.46
1230,27,9585.03
1230,28,9471.25
1230,29,9466.37
1230,30,9508.99
1230,31,9566.83
1230,32,9511.84
1230,33,9491.51
1230,34,9523.33
1230,35,9488.77
1230,36,9601
1230,37,9522.59
1230,38,9541.96
1230,39,9502.31
1230,40,9544.25
1230,41,9492.35
1230,42,9438.81
1230,43,9497.76
1230,44,9468.65
1230,45,9499.65
1230,46,9582.5
1230,47,9564.18
1230,48,9539.83
1230,49,9488.38
1230,50,9475.57
1230,51,9487.21
1230,52,9554.57
1230,53,9606.57
1230,54,9451.98
1230,55,9460.1
1230,56,9417.63
1230,57,9454.06
1230,58,9572.78
1230,59,9482.85
1230,60,9559.98
1230,61,9512.58
1230,62,9596.75
1230,63,9488.53
1230,64,9485.69
1230,65,9435.76
1230,66,9420.04
1230,67,9511.16
1230,68,9457.71
1230,69,9433.46
1230,70,9579.95
1230,71,9420.41
1230,72,9449.27
1230,73,9538.76
1230,74,9485.92
1230,75,9552.92
1230,76,9431.28
1230,77,9469.72
1230,78,9489.99
1230,79,9613.11
1230,80,9510.94
1230,81,9452.42
1230,82,9547.06
1230,83,9482.27
1230,84,9537.14
1230,85,9535.69
1230,86,9439.18
1230,87,9425.48
1230,88,9517.78
1230,89,9448.37
1230,90,9502.53
1230,91,9523.28
1230,92,9571.3
1230,93,9450.48
1230,94,9518.41
1230,95,9541.4
1230,96,9505.96
1230,97,9491.08
1230,98,9396.95
1230,99,9585.84
1240,0,9540.44
1240,1,9457.03
1240,2,9427.8
1240,3,9463.92
1240,4,9422.81
1240,5,9455.94
1240,6,9511.18
1240,7,9513.55
1240,8,9491.83
1240,9,9581.94
1240,10,9550.57
1240,11,9505.22
1240,12,9556.06
1240,13,9538.77
1240,14,9441.85
1240,15,9524.74
1240,16,9598.82
1240,17,9587.22
1240,18,9525.47
1240,19,9461.37
1240,20,9420.8
1240,21,9505.06
1240,22,9463.44
1240,23,9484.41
1240,24,9478.07
1240,25,9464.18
1240,26,9495.16
1240,27,9584.73
1240,28,9470.95
1240,29,9466.07
1240,30,9508.69
1240,31,9566.53
1240,32,9511.54
1240,33,9491.21
1240,34,9523.03
1240,35,9488.47
1240,36,9600.7
1240,37,9522.29
1240,38,9541.66
1240,39,9502.01
1240,40,9543.95
1240,41,9492.05
1240,42,9438.51
1240,43,9497.46
1240,44,9468.35
1240,45,9499.35
1240,46,9582.2
1240,47,9563.88
1240,48,9539.53
1240,49,9488.08
1240,50,9475.27
1240,51,9486.91
1240,52,9554.27
1240,53,9606.27
1240,54,9451.68
1240,55,9459.8
1240,56,9417.33
1240,57,9453.76
1240,58,9572.48
1240,59,9482.55
1240,60,9559.68
1240,61,9512.28
1240,62,9596.45
1240,63,9488.23
1240,64,9485.39
1240,65,9435.46
1240,66,9419.74
1240,67,9510.86
1240,68,9457.41
1240,69,9433.16
1240,70,9579.65
1240,71,9420.11
1240,72,9448.97
1240,73,9538.46
1240,74,9485.62
1240,75,9552.62
1240,76,9430.98
1240,77,9469.42
1240,78,9489.69
1240,79,9612.81
1240,80,9510.64
1240,81,9452.12
1240,82,9546.76
1240,83,9481.97
1240,84,9536.84
1240,85,9535.39
1240,86,9438.88
1240,87,9425.18
1240,88,9517.48
1240,89,9448.07
1240,90,9502.23
1240,91,9522.98
1240,92,9571
1240,93,9450.18
1240,94,9518.11
1240,95,9541.1
1240,96,9505.66
1240,97,9490.78
1240,98,9396.65
1240,99,9585.54
1250,0,9540.14
1250,1,9456.73
1250,2,9427.5
1250,3,9463.62
1250,4,9422.51
1250,5,9455.64
1250,6,9510.88
1250,7,9513.25
1250,8,9491.53
1250,9,9581.64
1250,10,9550.27
1250,11,9504.92
1250,12,9555.76
1250,13,9538.47
1250,14,9441.55
1250,15,9524.44
1250,16,9598.52
1250,17,9586.92
1250,18,9525.17
1250,19,9461.07
1250,20,9420.5
1250,21,9504.76
1250,22,9463.14
1250,23,9484.11
1250,24,9477.77
1250,25,9463.88
1250,26,9494.86
1250,27,9584.43
1250,28,9470.65
1250,29,9465.77
1250,30,9508.39
1250,31,9566.23
1250,32,9511.24
1250,33,9490.91
1250,34,9522.73
1250,35,9488.17
1250,36,9600.4
1250,37,9521.99
1250,38,9541.36
1250,39,9501.71
1250,40,9543.65
1250,41,9491.75
1250,42,9438.21
1250,43,9497.16
1250,44,9468.05
1250,45,9499.05
1250,46,9581.9
1250,47,9563.58
1250,48,9539.23
1250,49,9487.78
1250,50,9474.97
1250,51,9486.61
1250,52,9553.97
1250,53,9605.97
1250,54,9451.38
1250,55,9459.5
1250,56,9417.03
1250,57,9453.46
1250,58,9572.18
1250,59,9482.25
1250,60,9559.38
1250,61,9511.98
1250,62,9596.15
1250,63,9487.93
1250,64,9485.09
1250,65,9435.16
1250,66,9419.44
1250,67,9510.56
1250,68,9457.11
1250,69,9432.86
1250,70,9579.35
1250,71,9419.81
1250,72,9448.67
1250,73,9538.16
1250,74,9485.32
1250,75,9552.32
1250,76,9430.68
1250,77,9469.12
1250,78,9489.39
1250,79,9612.51
1250,80,9510.34
1250,81,9451.82
1250,82,9546.46
1250,83,9481.67
1250,84,9536.54
1250,85,9535.09
1250,86,9438.58
1250,87,9424.88
1250,88,9517.18
1250,89,9447.77
1250,90,9501.93
1250,91,9522.68
1250,92,9570.7
1250,93,9449.88
1250,94,9517.81
1250,95,9540.8
1250,96,9505.36
1250,97,9490.48
1250,98,9396.35
1250,99,9585.24
1260,0,9529.11
1260,1,9446.48
1260,2,9413.4
1260,3,9452.25
1260,4,9413.43
1260,5,9441.97
1260,6,9499.02
1260,7,9504.27
1260,8,9478.67
1260,9,9571.84
1260,10,9542.43
1260,11,9495.25
1260,12,9547.61
1260,13,9528.56
1260,14,9429.14
1260,15,9513.66
1260,16,9589.61
1260,17,9580.06
1260,18,9515.5
1260,19,9448.9
1260,20,9408.61
1260,21,9494.11
1260,22,9450.16
1260,23,9475.49
1260,24,9467.98
1260,25,9453.62
1260,26,9484.44
1260,27,9571.98
1260,28,9460.69
1260,29,9455.97
1260,30,9499.35
1260,31,9556.04
1260,32,9500.94
1260,33,9477.57
1260,34,9512.01
1260,35,9475.98
1260,36,9591.15
1260,37,9509.89
1260,38,9532.42
1260,39,9492.8
1260,40,9532.94
1260,41,9481
1260,42,9426.79
1260,43,9487.61
1260,44,9457.13
1260,45,9489.28
1260,46,9570.85
1260,47,9552.82
1260,48,9528.6
1260,49,9477.15
1260,50,9464.98
1260,51,9473.45
1260,52,9546
1260,53,9595.25
1260,54,9441.97
1260,55,9447.03
1260,56,9404.84
1260,57,9442.8
1260,58,9561.65
1260,59,9473.94
1260,60,9550.91
1260,61,9503.68
1260,62,9586.77
1260,63,9478.05
1260,64,9471.18
1260,65,9422
1260,66,9406.01
1260,67,9499.44
1260,68,9446.04
1260,69,9421.72
1260,70,9568.8
1260,71,9407.76
1260,72,9438.04
1260,73,9529.36
1260,74,9474.6
1260,75,9544.54
1260,76,9418.23
1260,77,9456.08
1260,78,9479.9
1260,79,9601.71
1260,80,9497.92
1260,81,9442.92
1260,82,9535.08
1260,83,9467.81
1260,84,9525.51
1260,85,9526.38
1260,86,9425.81
1260,87,9415.22
1260,88,9508.75
1260,89,9435.16
1260,90,9490.07
1260,91,9514.65
1260,92,9560.8
1260,93,9435.59
1260,94,9509.24
1260,95,9529.5
1260,96,9493.21
1260,97,9478.88
1260,98,9384.64
1260,99,9576.27
1270,0,9528.81
1270,1,9446.18
1270,2,9413.1
1270,3,9451.95
1270,4,9413.13
1270,5,9441.67
1270,6,9498.72
1270,7,9503.97
1270,8,9478.37
1270,9,9571.54
1270,10,9542.13
1270,11,9494.95
1270,12,9547.31
1270,13,9528.26
1270,14,9428.84
1270,15,9513.36
1270,16,9589.31
1270,17,9579.76
1270,18,9515.2
1270,19,9448.6
1270,20,9408.31
1270,21,9493.81
1270,22,9449.86
1270,23,9475.19
1270,24,9467.68
1270,25,9453.32
1270,26,9484.14
1270,27,9571.68
1270,28,9460.39
1270,29,9455.67
1270,30,9499.05
1270,31,9555.74
1270,32,9500.64
1270,33,9477.27
1270,34,9511.71
1270,35,9475.68
1270,36,9590.85
1270,37,9509.59
1270,38,9532.12
1270,39,9492.5
1270,40,9532.64
1270,41,9480.7
1270,42,9426.49
1270,43,9487.31
1270,44,9456.83
1270,45,9488.98
1270,46,9570.55
1270,47,9552.52
1270,48,9528.3
1270,49,9476.85
1270,50,9464.68
1270,51,9473.15
1270,52,9545.7
1270,53,9594.95
1270,54,9441.67
1270,55,9446.73
1270,56,9404.54
1270,57,9442.5
1270,58,9561.35
1270,59,9473.64
1270,60,9550.61
1270,61,9503.38
1270,62,9586.47
1270,63,9477.75
1270,64,9470.88
1270,65,9421.7
1270,66,9405.71
1270,67,9499.14
1270,68,9445.74
1270,69,9421.42
1270,70,9568.5
1270,71,9407.46
1270,72,9437.74
1270,73,9529.06
1270,74,9474.3
1270,75,9544.24
1270,76,9417.93
1270,77,9455.78
1270,78,9479.6
1270,79,9601.41
1270,80,9497.62
1270,81,9442.62
1270,82,9534.78
1270,83,9467.51
1270,84,9525.21
1270,85,9526.08
1270,86,9425.51
1270,87,9414.92
1270,88,9508.45
1270,89,9434.86
1270,90,9489.77
1270,91,9514.35
1270,92,9560.5
1270,93,9435.29
1270,94,9508.94
1270,95,9529.2
1270,96,9492.91
1270,97,9478.58
1270,98,9384.34
1270,99,9575.97
1280,0,9528.51
1280,1,9445.88
1280,2,9412.8
1280,3,9451.65
1280,4,9412.83
1280,5,9441.37
1280,6,9498.42
1280,7,9503.67
1280,8,9478.07
1280,9,9571.24
1280,10,9541.83
1280,11,9494.65
1280,12,9547.01
1280,13,9527.96
1280,14,9428.54
1280,15,9513.06
1280,16,9589.01
1280,17,9579.46
1280,18,9514.9
1280,19,9448.3
1280,20,9408.01
1280,21,9493.51
1280,22,9449.56
1280,23,9474.89
1280,24,9467.38
1280,25,9453.02
1280,26,9483.84
1280,27,9571.38
1280,28,9460.09
1280,29,9455.37
1280,30,9498.75
1280,31,9555.44
1280,32,9500.34
1280,33,9476.97
1280,34,9511.41
1280,35,9475.38
1280,36,9590.55
1280,37,9509.29
1280,38,9531.82
1280,39,9492.2
1280,40,9532.34
1280,41,9480.4
1280,42,9426.19
1280,43,9487.01
1280,44,9456.53
1280,45,9488.68
1280,46,9570.25
1280,47,9552.22
1280,48,9528
1280,49,9476.55
1280,50,9464.38
1280,51,9472.85
1280,52,9545.4
1280,53,9594.65
1280,54,9441.37
1280,55,9446.43
1280,56,9404.24
1280,57,9442.2
1280,58,9561.05
1280,59,9473.34
1280,60,9550.31
1280,61,9503.08
1280,62,9586.17
1280,63,9477.45
1280,64,9470.58
1280,65,9421.4
1280,66,9405.41
1280,67,9498.84
1280,68,9445.44
1280,69,9421.12
1280,70,9568.2
1280,71,9407.16
1280,72,9437.44
1280,73,9528.76
1280,74,9474
1280,75,9543.94
1280,76,9417.63
1280,77,9455.48
1280,78,9479.3
1280,79,9601.11
1280,80,9497.32
1280,81,9442.32
1280,82,9534.48
1280,83,9467.21
1280,84,9524.91
1280,85,9525.78
1280,86,9425.21
1280,87,9414.62
1280,88,9508.15
1280,89,9434.56
1280,90,9489.47
1280,91,9514.05
1280,92,9560.2
1280,93,9434.99
1280,94,9508.64
1280,95,9528.9
1280,96,9492.61
1280,97,9478.28
1280,98,9384.04
1280,99,9575.67
1290,0,9517.82
1290,1,9434.67
1290,2,9401.9
1290,3,9441.41
1290,4,9400.46
1290,5,9427.58
1290,6,9488.45
1290,7,9495.75
1290,8,9466.88
1290,9,9561.6
1290,10,9530.42
1290,11,9485.1
1290,12,9538.24
1290,13,9518.01
1290,14,9415.91
1290,15,9502.35
1290,16,9582.3
1290,17,9571.44
1290,18,9503.91
1290,19,9438.41
1290,20,9395.15
1290,21,9484.47
1290,22,9436.91
1290,23,9462.7
1290,24,9457.21
1290,25,9442.16
1290,26,9472.38
1290,27,9562.74
1290,28,9450.35
1290,29,9443.64
1290,30,9489.25
1290,31,9544.56
1290,32,9489.55
1290,33,9464.29
1290,34,9500.69
1290,35,9467.05
1290,36,9582.78
1290,37,9497.58
1290,38,9522.73
1290,39,9480.55
1290,40,9520.8
1290,41,9468.65
1290,42,9411.78
1290,43,9477.74
1290,44,9442.55
1290,45,9478.48
1290,46,9558.9
1290,47,9541.95
1290,48,9517.55
1290,49,9467.32
1290,50,9452.92
1290,51,9461.49
1290,52,9537.31
1290,53,9583.51
1290,54,9430.62
1290,55,9435.57
1290,56,9392.23
1290,57,9431.61
1290,58,9547.51
1290,59,9464.64
1290,60,9541.78
1290,61,9494.24
1290,62,9574.86
1290,63,9468.23
1290,64,9456.3
1290,65,9409.64
1290,66,9395.85
1290,67,9487.29
1290,68,9432.94
1290,69,9410.13
1290,70,9557.52
1290,71,9395.66
1290,72,9425.76
1290,73,9519.74
1290,74,9464.58
1290,75,9534.6
1290,76,9408.7
1290,77,9444.55
1290,78,9469.4
1290,79,9591.74
1290,80,9486.48
1290,81,9430.72
1290,82,9526.18
1290,83,9453.14
1290,84,9514.88
1290,85,9515.64
1290,86,9413.06
1290,87,9404.64
1290,88,9499.71
1290,89,9422.05
1290,90,9477.29
1290,91,9506.05
1290,92,9553.29
1290,93,9423.47
1290,94,9498.68
1290,95,9519.88
1290,96,9484.3
1290,97,9467.15
1290,98,9371.45
1290,99,9566.44
1300,0,9517.52
1300,1,9434.37
1300,2,9401.6
1300,3,9441.11
1300,4,9400.16
1300,5,9427.28
1300,6,9488.15
1300,7,9495.45
1300,8,9466.58
1300,9,9561.3
1300,10,9530.12
1300,11,9484.8
1300,12,9537.94
1300,13,9517.71
1300,14,9415.61
1300,15,9502.05
1300,16,9582
1300,17,9571.14
1300,18,9503.61
1300,19,9438.11
1300,20,9394.85
1300,21,9484.17
1300,22,9436.61
1300,23,9462.4
1300,24,9456.91
1300,25,9441.86
1300,26,9472.08
1300,27,9562.44
1300,28,9450.05
1300,29,9443.34
1300,30,9488.95
1300,31,9544.26
1300,32,9489.25
1300,33,9463.99
1300,34,9500.39
1300,35,9466.75
1300,36,9582.48
1300,37,9497.28
1300,38,9522.43
1300,39,9480.25
1300,40,9520.5
1300,41,9468.35
1300,42,9411.48
1300,43,9477.44
1300,44,9442.25
1300,45,9478.18
1300,46,9558.6
1300,47,9541.65
1300,48,9517.25
1300,49,9467.02
1300,50,9452.62
1300,51,9461.19
1300,52,9537.01
1300,53,9583.21
1300,54,9430.32
1300,55,9435.27
1300,56,9391.93
1300,57,9431.31
1300,58,9547.21
1300,59,9464.34
1300,60,9541.48
1300,61,9493.94
1300,62,9574.56
1300,63,9467.93
1300,64,9456
1300,65,9409.34
1300,66,9395.55
1300,67,9486.99
1300,68,9432.64
1300,69,9409.83
1300,70,9557.22
1300,71,9395.36
1300,72,9425.46
1300,73,9519.44
1300,74,9464.28
1300,75,9534.3
1300,76,9408.4
1300,77,9444.25
1300,78,9469.1
1300,79,9591.44
1300,80,9486.18
1300,81,9430.42
1300,82,9525.88
1300,83,9452.84
1300,84,9514.58
1300,85,9515.34
1300,86,9412.76
1300,87,9404.34
1300,88,9499.41
1300,89,9421.75
1300,90,9476.99
1300,91,9505.75
1300,92,9552.99
1300,93,9423.17
1300,94,9498.38
1300,95,9519.58
1300,96,9484
1300,97,9466.85
1300,98,9371.15
1300,99,9566.14
1310,0,9517.22
1310,1,9434.07
1310,2,9401.3
1310,3,9440.81
1310,4,9399.86
1310,5,9426.98
1310,6,9487.85
1310,7,9495.15
1310,8,9466.28
1310,9,9561
1310,10,9529.82
1310,11,9484.5
1310,12,9537.64
1310,13,9517.41
1310,14,9415.31
1310,15,9501.75
1310,16,9581.7
1310,17,9570.84
1310,18,9503.31
1310,19,9437.81
1310,20,9394.55
1310,21,9483.87
1310,22,9436.31
1310,23,9462.1
1310,24,9456.61
1310,25,9441.56
1310,26,9471.78
1310,27,9562.14
1310,28,9449.75
1310,29,9443.04
1310,30,9488.65
1310,31,9543.96
1310,32,9488.95
1310,33,9463.69
1310,34,9500.09
1310,35,9466.45
1310,36,9582.18
1310,37,9496.98
1310,38,9522.13
1310,39,9479.95
1310,40,9520.2
1310,41,9468.05
1310,42,9411.18
1310,43,9477.14
1310,44,9441.95
1310,45,9477.88
1310,46,9558.3
1310,47,9541.35
1310,48,9516.95
1310,49,9466.72
1310,50,9452.32
1310,51,9460.89
1310,52,9536.71
1310,53,9582.91
1310,54,9430.02
1310,55,9434.97
1310,56,9391.63
1310,57,9431.01
1310,58,9546.91
1310,59,9464.04
1310,60,9541.18
1310,61,9493.64
1310,62,9574.26
1310,63,9467.63
1310,64,9455.7
1310,65,9409.04
1310,66,9395.25
1310,67,9486.69
1310,68,9432.34
1310,69,9409.53
1310,70,9556.92
1310,71,9395.06
1310,72,9425.16
1310,73,9519.14
1310,74,9463.98
1310,75,9534
1310,76,9408.1
1310,77,9443.95
1310,78,9468.8
1310,79,9591.14
1310,80,9485.88
1310,81,9430.12
1310,82,9525.58
1310,83,9452.54
1310,84,9514.28
1310,85,9515.04
1310,86,9412.46
1310,87,9404.04
1310,88,9499.11
1310,89,9421.45
1310,90,9476.69
1310,91,9505.45
1310,92,9552.69
1310,93,9422.87
1310,94,9498.08
1310,95,9519.28
1310,96,9483.7
1310,97,9466.55
1310,98,9370.85
1310,99,9565.84
1320,0,9506.48
1320,1,9424.79
1320,2,9391.06
1320,3,9431.14
1320,4,9390.52
1320,5,9416.7
1320,6,9476.15
1320,7,9486.74
1320,8,9456.05
1320,9,9551.51
1320,10,9518.22
1320,11,9476.89
1320,12,9529.38
1320,13,9507.06
1320,14,9404.65
1320,15,9491.83
1320,16,9572.74
1320,17,9563.77
1320,18,9490.37
1320,19,9425.67
1320,20,9382.04
1320,21,9475.43
1320,22,9426.73
1320,23,9452.24
1320,24,9446.28
1320,25,9431.8
1320,26,9457.28
1320,27,9553.53
1320,28,9440.22
1320,29,9433.67
1320,30,9479.29
1320,31,9533.67
1320,32,9477.86
1320,33,9453.84
1320,34,9489.17
1320,35,9458.43
1320,36,9572.56
1320,37,9486
1320,38,9513.58
1320,39,9470.04
1320,40,9509.86
1320,41,9456.59
1320,42,9397.79
1320,43,9468.87
1320,44,9432.07
1320,45,9467.98
1320,46,9549.2
1320,47,9529.73
1320,48,9508.13
1320,49,9457.39
1320,50,9443.85
1320,51,9446.26
1320,52,9525.94
1320,53,9571.81
1320,54,9419.86
1320,55,9424.37
1320,56,9379.31
1320,57,9420.52
1320,58,9536.42
1320,59,9454.16
1320,60,9528.46
1320,61,9481.94
1320,62,9564.69
1320,63,9456.49
1320,64,9444.59
1320,65,9397.37
1320,66,9383.93
1320,67,9475.65
1320,68,9421.42
1320,69,9398.33
1320,70,9547.22
1320,71,9383.56
1320,72,9413.57
1320,73,9507.78
1320,74,9453.94
1320,75,9525.94
1320,76,9397.91
1320,77,9432.71
1320,78,9457.6
1320,79,9582.29
1320,80,9474.28
1320,81,9421.63
1320,82,9517.44
1320,83,9441.25
1320,84,9503.56
1320,85,9506.76
1320,86,9403
1320,87,9394.16
1320,88,9487.23
1320,89,9409.75
1320,90,9466.46
1320,91,9497.28
1320,92,9545.51
1320,93,9412.79
1320,94,9488.18
1320,95,9507.72
1320,96,9471.86
1320,97,9454.72
1320,98,9357.96
1320,99,9557.11
1330,0,9506.18
1330,1,9424.49
1330,2,9390.76
1330,3,9430.84
1330,4,9390.22
1330,5,9416.4
1330,6,9475.85
1330,7,9486.44
1330,8,9455.75
1330,9,9551.21
1330,10,9517.92
1330,11,9476.59
1330,12,9529.08
1330,13,9506.76
1330,14,9404.35
1330,15,9491.53
1330,16,9572.44
1330,17,9563.47
1330,18,9490.07
1330,19,9425.37
1330,20,9381.74
1330,21,9475.13
1330,22,9426.43
1330,23,9451.94
1330,24,9445.98
1330,25,9431.5
1330,26,9456.98
1330,27,9553.23
1330,28,9439.92
1330,29,9433.37
1330,30,9478.99
1330,31,9533.37
1330,32,9477.56
1330,33,9453.54
1330,34,9488.87
1330,35,9458.13
1330,36,9572.26
1330,37,9485.7
1330,38,9513.28
1330,39,9469.74
1330,40,9509.56
1330,41,9456.29
1330,42,9397.49
1330,43,9468.57
1330,44,9431.77
1330,45,9467.68
1330,46,9548.9
1330,47,9529.43
1330,48,9507.83
1330,49,9457.09
1330,50,9443.55
1330,51,9445.96
1330,52,9525.64
1330,53,9571.51
1330,54,9419.56
1330,55,9424.07
1330,56,9379.01
1330,57,9420.22
1330,58,9536.12
1330,59,9453.86
1330,60,9528.16
1330,61,9481.64
1330,62,9564.39
1330,63,9456.19
1330,64,9444.29
1330,65,9397.07
1330,66,9383.63
1330,67,9475.35
1330,68,9421.12
1330,69,9398.03
1330,70,9546.92
1330,71,9383.26
1330,72,9413.27
1330,73,9507.48
1330,74,9453.64
1330,75,9525.64
1330,76,9397.61
1330,77,9432.41
1330,78,9457.3
1330,79,9581.99
1330,80,9473.98
1330,81,9421.33
1330,82,9517.14
1330,83,9440.95
1330,84,9503.26
1330,85,9506.46
1330,86,9402.7
1330,87,9393.86
1330,88,9486.93
1330,89,9409.45
1330,90,9466.16
1330,91,9496.98
1330,92,9545.21
1330,93,9412.49
1330,94,9487.88
1330,95,9507.42
1330,96,9471.56
1330,97,9454.42
1330,98,9357.66
1330,99,9556.81
1340,0,9505.88
1340,1,9424.19
1340,2,9390.46
1340,3,9430.54
1340,4,9389.92
1340,5,9416.1
1340,6,9475.55
1340,7,9486.14
1340,8,9455.45
1340,9,9550.91
1340,10,9517.62
1340,11,9476.29
1340,12,9528.78
1340,13,9506.46
1340,14,9404.05
1340,15,9491.23
1340,16,9572.14
1340,17,9563.17
1340,18,9489.77
1340,19,9425.07
1340,20,9381.44
1340,21,9474.83
1340,22,9426.13
1340,23,9451.64
1340,24,9445.68
1340,25,9431.2
1340,26,9456.68
1340,27,9552.93
1340,28,9439.62
1340,29,9433.07
1340,30,9478.69
1340,31,9533.07
1340,32,9477.26
1340,33,9453.24
1340,34,9488.57
1340,35,9457.83
1340,36,9571.96
1340,37,9485.4
1340,38,9512.98
1340,39,9469.44
1340,40,9509.26
1340,41,9455.99
1340,42,9397.19
1340,43,9468.27
1340,44,9431.47
1340,45,9467.38
1340,46,9548.6
1340,47,9529.13
1340,48,9507.53
1340,49,9456.79
1340,50,9443.25
1340,51,9445.66
1340,52,9525.34
1340,53,9571.21
1340,54,9419.26
1340,55,9423.77
1340,56,9378.71
1340,57,9419.92
1340,58,9535.82
1340,59,9453.56
1340,60,9527.86
1340,61,9481.34
1340,62,9564.09
1340,63,9455.89
1340,64,9443.99
1340,65,9396.77
1340,66,9383.33
1340,67,9475.05
1340,68,9420.82
1340,69,9397.73
1340,70,9546.62
1340,71,9382.96
1340,72,9412.97
1340,73,9507.18
1340,74,9453.34
1340,75,9525.34
1340,76,9397.31
1340,77,9432.11
1340,78,9457
1340,79,9581.69
1340,80,9473.68
1340,81,9421.03
1340,82,9516.84
1340,83,9440.65
1340,84,9502.96
1340,85,9506.16
1340,86,9402.4
1340,87,9393.56
1340,88,9486.63
1340,89,9409.15
1340,90,9465.86
1340,91,9496.68
1340,92,9544.91
1340,93,9412.19
1340,94,9487.58
1340,95,9507.12
1340,96,9471.26
1340,97,9454.12
1340,98,9357.36
1340,99,9556.51
1350,0,9493.31
1350,1,9416.14
1350,2,9379.21
1350,3,9419.49
1350,4,9377.45
1350,5,9402.44
1350,6,9464.96
1350,7,9477.8
1350,8,9442.5
1350,9,9541.63
1350,10,9509.51
1350,11,9466.84
1350,12,9520.84
1350,13,9496.21
1350,14,9394.44
1350,15,9480.26
1350,16,9564.33
1350,17,9555.26
1350,18,9478.66
1350,19,9412.24
1350,20,9369.71
1350,21,9464.87
1350,22,9416.64
1350,23,9442.54
1350,24,9435.18
1350,25,9420.16
1350,26,9442.65
1350,27,9541.14
1350,28,9430.32
1350,29,9422.49
1350,30,9469.46
1350,31,9524.54
1350,32,9467.32
1350,33,9443.2
1350,34,9477.56
1350,35,9448.91
1350,36,9563.77
1350,37,9475.39
1350,38,9504.29
1350,39,9460.55
1350,40,9495.99
1350,41,9444.92
1350,42,9385.45
1350,43,9457.58
1350,44,9420.48
1350,45,9458.39
1350,46,9537.28
1350,47,9518.39
1350,48,9498.41
1350,49,9447.19
1350,50,9435.27
1350,51,9435.99
1350,52,9516.62
1350,53,9561.93
1350,54,9408.93
1350,55,9413.67
1350,56,9367.58
1350,57,9409.46
1350,58,9525.9
1350,59,9442.74
1350,60,9515.09
1350,61,9470.55
1350,62,9553.89
1350,63,9444.55
1350,64,9430.83
1350,65,9383.9
1350,66,9370.58
1350,67,9466.1
1350,68,9408.5
1350,69,9387.17
1350,70,9534.5
1350,71,9370.4
1350,72,9401.67
1350,73,9495.45
1350,74,9442.51
1350,75,9513.64
1350,76,9385.09
1350,77,9420.03
1350,78,9445.94
1350,79,9573.14
1350,80,9461.33
1350,81,9409.29
1350,82,9508.95
1350,83,9428.2
1350,84,9493.84
1350,85,9496.91
1350,86,9390.7
1350,87,9384.34
1350,88,9475.42
1350,89,9395.74
1350,90,9455.56
1350,91,9487.51
1350,92,9537.17
1350,93,9400.29
1350,94,9479.17
1350,95,9496.22
1350,96,9460.32
1350,97,9442.83
1350,98,9342.07
1350,99,9547.6
1360,0,9493.01
1360,1,9415.84
1360,2,9378.91
1360,3,9419.19
1360,4,9377.15
1360,5,9402.14
1360,6,9464.66
1360,7,9477.5
1360,8,9442.2
1360,9,9541.33
1360,10,9509.21
1360,11,9466.54
1360,12,9520.54
1360,13,9495.91
1360,14,9394.14
1360,15,9479.96
1360,16,9564.03
1360,17,9554.96
1360,18,9478.36
1360,19,9411.94
1360,20,9369.41
1360,21,9464.57
1360,22,9416.34
1360,23,9442.24
1360,24,9434.88
1360,25,9419.86
1360,26,9442.35
1360,27,9540.84
1360,28,9430.02
1360,29,9422.19
1360,30,9469.16
1360,31,9524.24
1360,32,9467.02
1360,33,9442.9
1360,34,9477.26
1360,35,9448.61
1360,36,9563.47
1360,37,9475.09
1360,38,9503.99
1360,39,9460.25
1360,40,9495.69
1360,41,9444.62
1360,42,9385.15
1360,43,9457.28
1360,44,9420.18
1360,45,9458.09
1360,46,9536.98
1360,47,9518.09
1360,48,9498.11
1360,49,9446.89
1360,50,9434.97
1360,51,9435.69
1360,52,9516.32
1360,53,9561.63
1360,54,9408.63
1360,55,9413.37
1360,56,9367.28
1360,57,9409.16
1360,58,9525.6
1360,59,9442.44
1360,60,9514.79
1360,61,9470.25
1360,62,9553.59
1360,63,9444.25
1360,64,9430.53
1360,65,9383.6
1360,66,9370.28
1360,67,9465.8
1360,68,9408.2
1360,69,9386.87
1360,70,9534.2
1360,71,9370.1
1360,72,9401.37
1360,73,9495.15
1360,74,9442.21
1360,75,9513.34
1360,76,9384.79
1360,77,9419.73
1360,78,9445.64
1360,79,9572.84
1360,80,9461.03
1360,81,9408.99
1360,82,9508.65
1360,83,9427.9
1360,84,9493.54
1360,85,9496.61
1360,86,9390.4
1360,87,9384.04
1360,88,9475.12
1360,89,9395.44
1360,90,9455.26
1360,91,9487.21
1360,92,9536.87
1360,93,9399.99
1360,94,9478.87
1360,95,9495.92
1360,96,9460.02
1360,97,9442.53
1360,98,9341.77
1360,99,9547.3
1370,0,9492.71
1370,1,9415.54
1370,2,9378.61
1370,3,9418.89
1370,4,9376.85
1370,5,9401.84
1370,6,9464.36
1370,7,9477.2
1370,8,9441.9
1370,9,9541.03
1370,10,9508.91
1370,11,9466.24
1370,12,9520.24
1370,13,9495.61
1370,14,9393.84
1370,15,9479.66
1370,16,9563.73
1370,17,9554.66
1370,18,9478.06
1370,19,9411.64
1370,20,9369.11
1370,21,9464.27
1370,22,9416.04
1370,23,9441.94
1370,24,9434.58
1370,25,9419.56
1370,26,9442.05
1370,27,9540.54
1370,28,9429.72
1370,29,9421.89
1370,30,9468.86
1370,31,9523.94
1370,32,9466.72
1370,33,9442.6
1370,34,9476.96
1370,35,9448.31
1370,36,9563.17
1370,37,9474.79
1370,38,9503.69
1370,39,9459.95
1370,40,9495.39
1370,41,9444.32
1370,42,9384.85
1370,43,9456.98
1370,44,9419.88
1370,45,9457.79
1370,46,9536.68
1370,47,9517.79
1370,48,9497.81
1370,49,9446.59
1370,50,9434.67
1370,51,9435.39
1370,52,9516.02
1370,53,9561.33
1370,54,9408.33
1370,55,9413.07
1370,56,9366.98
1370,57,9408.86
1370,58,9525.3
1370,59,9442.14
1370,60,9514.49
1370,61,9469.95
1370,62,9553.29
1370,63,9443.95
1370,64,9430.23
1370,65,9383.3
1370,66,9369.98
1370,67,9465.5
1370,68,9407.9
1370,69,9386.57
1370,70,9533.9
1370,71,9369.8
1370,72,9401.07
1370,73,9494.85
1370,74,9441.91
1370,75,9513.04
1370,76,9384.49
1370,77,9419.43
1370,78,9445.34
1370,79,9572.54
1370,80,9460.73
1370,81,9408.69
1370,82,9508.35
1370,83,9427.6
1370,84,9493.24
1370,85,9496.31
1370,86,9390.1
1370,87,9383.74
1370,88,9474.82
1370,89,9395.14
1370,90,9454.96
1370,91,9486.91
1370,92,9536.57
1370,93,9399.69
1370,94,9478.57
1370,95,9495.62
1370,96,9459.72
1370,97,9442.23
1370,98,9341.47
1370,99,9547
1380,0,9481.76
1380,1,9407.31
1380,2,9367.13
1380,3,9407.92
1380,4,9364.54
1380,5,9388.13
1380,6,9454.24
1380,7,9470.79
1380,8,9428.92
1380,9,9533.5
1380,10,9498.89
1380,11,9458.58
1380,12,9512.94
1380,13,9485.39
1380,14,9384.75
1380,15,9468.65
1380,16,9556.13
1380,17,9546.77
1380,18,9467.91
1380,19,9401.57
1380,20,9357.45
1380,21,9455.88
1380,22,9404.86
1380,23,9432.25
1380,24,9422.78
1380,25,9407.98
1380,26,9427.94
1380,27,9529.32
1380,28,9420.58
1380,29,9412.77
1380,30,9457.68
1380,31,9515.32
1380,32,9456.27
1380,33,9431.99
1380,34,9466.04
1380,35,9439.03
1380,36,9554.73
1380,37,9465.74
1380,38,9494.88
1380,39,9449.94
1380,40,9482.86
1380,41,9432.88
1380,42,9373.46
1380,43,9449.81
1380,44,9408.84
1380,45,9448.74
1380,46,9525.33
1380,47,9506.93
1380,48,9488.78
1380,49,9436.81
1380,50,9424.92
1380,51,9425.74
1380,52,9507.33
1380,53,9553.7
1380,54,9396.79
1380,55,9404.07
1380,56,9355
1380,57,9398.87
1380,58,9515.32
1380,59,9432.47
1380,60,9501.79
1380,61,9459.17
1380,62,9542.66
1380,63,9434.22
1380,64,9418.23
1380,65,9371.63
1380,66,9357.19
1380,67,9456.42
1380,68,9399.04
1380,69,9376.16
1380,70,9524.31
1380,71,9357.2
1380,72,9388.81
1380,73,9485.77
1380,74,9433.84
1380,75,9501.37
1380,76,9372.81
1380,77,9409.18
1380,78,9434.42
1380,79,9563.1
1380,80,9448.42
1380,81,9397.03
1380,82,9498.08
1380,83,9414.89
1380,84,9484.22
1380,85,9486.73
1380,86,9379.33
1380,87,9374.17
1380,88,9466.4
1380,89,9381.92
1380,90,9442.73
1380,91,9477.13
1380,92,9528.85
1380,93,9387.77
1380,94,9470.22
1380,95,9483.97
1380,96,9448.87
1380,97,9431.85
1380,98,9326.72
1380,99,9538.91
1390,0,9481.46
1390,1,9407.01
1390,2,9366.83
1390,3,9407.62
1390,4,9364.24
1390,5,9387.84
1390,6,9453.94
1390,7,9470.49
1390,8,9428.62
1390,9,9533.2
1390,10,9498.59
1390,11,9458.28
1390,12,9512.64
1390,13,9485.09
1390,14,9384.45
1390,15,9468.35
1390,16,9555.83
1390,17,9546.47
1390,18,9467.61
1390,19,9401.27
1390,20,9357.15
1390,21,9455.58
1390,22,9404.56
1390,23,9431.95
1390,24,9422.48
1390,25,9407.68
1390,26,9427.64
1390,27,9529.02
1390,28,9420.28
1390,29,9412.47
1390,30,9457.38
1390,31,9515.02
1390,32,9455.97
1390,33,9431.69
1390,34,9465.74
1390,35,9438.73
1390,36,9554.43
1390,37,9465.44
1390,38,9494.58
1390,39,9449.64
1390,40,9482.56
1390,41,9432.58
1390,42,9373.16
1390,43,9449.51
1390,44,9408.54
1390,45,9448.44
1390,46,9525.03
1390,47,9506.63
1390,48,9488.48
1390,49,9436.51
1390,50,9424.62
1390,51,9425.44
1390,52,9507.03
1390,53,9553.4
1390,54,9396.49
1390,55,9403.77
1390,56,9354.7
1390,57,9398.57
1390,58,9515.02
1390,59,9432.17
1390,60,9501.5
1390,61,9458.87
1390,62,9542.36
1390,63,9433.92
1390,64,9417.93
1390,65,9371.33
1390,66,9356.89
1390,67,9456.12
1390,68,9398.74
1390,69,9375.86
1390,70,9524.01
1390,71,9356.9
1390,72,9388.51
1390,73,9485.47
1390,74,9433.54
1390,75,9501.07
1390,76,9372.51
1390,77,9408.88
1390,78,9434.12
1390,79,9562.8
1390,80,9448.12
1390,81,9396.73
1390,82,9497.78
1390,83,9414.59
1390,84,9483.92
1390,85,9486.43
1390,86,9379.03
1390,87,9373.87
1390,88,9466.1
1390,89,9381.62
1390,90,9442.43
1390,91,9476.83
1390,92,9528.55
1390,93,9387.47
1390,94,9469.92
1390,95,9483.67
1390,96,9448.57
1390,97,9431.55
1390,98,9326.43
1390,99,9538.61
1400,0,9481.16
1400,1,9406.71
1400,2,9366.53
1400,3,9407.32
1400,4,9363.94
1400,5,9387.54
1400,6,9453.64
1400,7,9470.19
1400,8,9428.32
1400,9,9532.9
1400,10,9498.29
1400,11,9457.98
1400,12,9512.34
1400,13,9484.79
1400,14,9384.15
1400,15,9468.05
1400,16,9555.53
1400,17,9546.17
1400,18,9467.31
1400,19,9400.97
1400,20,9356.85
1400,21,9455.28
1400,22,9404.26
1400,23,9431.65
1400,24,9422.18
1400,25,9407.38
1400,26,9427.34
1400,27,9528.72
1400,28,9419.98
1400,29,9412.17
1400,30,9457.08
1400,31,9514.72
1400,32,9455.67
1400,33,9431.39
1400,34,9465.44
1400,35,9438.43
1400,36,9554.13
1400,37,9465.14
1400,38,9494.28
1400,39,9449.34
1400,40,9482.26
1400,41,9432.28
1400,42,9372.86
1400,43,9449.21
1400,44,9408.24
1400,45,9448.14
1400,46,9524.73
1400,47,9506.33
1400,48,9488.18
1400,49,9436.21
1400,50,9424.32
1400,51,9425.14
1400,52,9506.73
1400,53,9553.1
1400,54,9396.19
1400,55,9403.47
1400,56,9354.4
1400,57,9398.27
1400,58,9514.72
1400,59,9431.87
1400,60,9501.2
1400,61,9458.57
1400,62,9542.06
1400,63,9433.62
1400,64,9417.63
1400,65,9371.03
1400,66,9356.59
1400,67,9455.82
1400,68,9398.44
1400,69,9375.56
1400,70,9523.71
1400,71,9356.6
1400,72,9388.21
1400,73,9485.17
1400,74,9433.24
1400,75,9500.77
1400,76,9372.21
1400,77,9408.58
1400,78,9433.82
1400,79,9562.5
1400,80,9447.82
1400,81,9396.43
1400,82,9497.48
1400,83,9414.29
1400,84,9483.62
1400,85,9486.13
1400,86,9378.73
1400,87,9373.57
1400,88,9465.8
1400,89,9381.32
1400,90,9442.13
1400,91,9476.53
1400,92,9528.25
1400,93,9387.17
1400,94,9469.62
1400,95,9483.37
1400,96,9448.27
1400,97,9431.25
1400,98,9326.13
1400,99,9538.31
1410,0,9470.11
1410,1,9398.76
1410,2,9355.14
1410,3,9397.91
1410,4,9355.05
1410,5,9376.94
1410,6,9444.98
1410,7,9463.31
1410,8,9418.53
1410,9,9525.49
1410,10,9490.08
1410,11,9450.27
1410,12,9504.38
1410,13,9476.1
1410,14,9376.17
1410,15,9458.41
1410,16,9547.99
1410,17,9538.11
1410,18,9457.13
1410,19,9390.28
1410,20,9347.33
1410,21,9446.87
1410,22,9394.87
1410,23,9422.28
1410,24,9410.43
1410,25,9397.25
1410,26,9417.06
1410,27,9521.37
1410,28,9411.69
1410,29,9403.21
1410,30,9446.28
1410,31,9505.34
1410,32,9445.3
1410,33,9420.81
1410,34,9455.93
1410,35,9430.6
1410,36,9544.69
1410,37,9455.24
1410,38,9483.18
1410,39,9440.66
1410,40,9471.34
1410,41,9421.28
1410,42,9361.47
1410,43,9442.28
1410,44,9399.02
1410,45,9438.13
1410,46,9515.5
1410,47,9495.91
1410,48,9481.03
1410,49,9427.15
1410,50,9414.76
1410,51,9415.53
1410,52,9497.44
1410,53,9544.56
1410,54,9386.15
1410,55,9393.39
1410,56,9342.74
1410,57,9386.85
1410,58,9506.2
1410,59,9422.95
1410,60,9493.21
1410,61,9449.24
1410,62,9533.57
1410,63,9424.06
1410,64,9407.67
1410,65,9359.5
1410,66,9346.54
1410,67,9446.65
1410,68,9389.7
1410,69,9365.93
1410,70,9514.14
1410,71,9344.5
1410,72,9376.05
1410,73,9473.41
1410,74,9425.17
1410,75,9492.46
1410,76,9363.36
1410,77,9397.86
1410,78,9423.13
1410,79,9553.09
1410,80,9438.14
1410,81,9387.88
1410,82,9487.24
1410,83,9404.36
1410,84,9474.26
1410,85,9476.58
1410,86,9367.8
1410,87,9364.55
1410,88,9456.88
1410,89,9370.68
1410,90,9431.66
1410,91,9468.13
1410,92,9521.24
1410,93,9375.03
1410,94,9461.37
1410,95,9474.9
1410,96,9440.21
1410,97,9422.26
1410,98,9315.03
1410,99,9529.19
1420,0,9469.81
1420,1,9398.46
1420,2,9354.84
1420,3,9397.61
1420,4,9354.75
1420,5,9376.64
1420,6,9444.68
1420,7,9463.01
1420,8,9418.23
1420,9,9525.19
1420,10,9489.78
1420,11,9449.97
1420,12,9504.08
1420,13,9475.8
1420,14,9375.87
1420,15,9458.11
1420,16,9547.69
1420,17,9537.81
1420,18,9456.83
1420,19,9389.98
1420,20,9347.03
1420,21,9446.57
1420,22,9394.57
1420,23,9421.98
1420,24,9410.13
1420,25,9396.95
1420,26,9416.76
1420,27,9521.07
1420,28,9411.39
1420,29,9402.91
1420,30,9445.98
1420,31,9505.04
1420,32,9445
1420,33,9420.51
1420,34,9455.63
1420,35,9430.3
1420,36,9544.39
1420,37,9454.94
1420,38,9482.88
1420,39,9440.36
1420,40,9471.04
1420,41,9420.98
1420,42,9361.17
1420,43,9441.98
1420,44,9398.72
1420,45,9437.83
1420,46,9515.2
1420,47,9495.61
1420,48,9480.73
1420,49,9426.85
1420,50,9414.46
1420,51,9415.23
1420,52,9497.14
1420,53,9544.26
1420,54,9385.85
1420,55,9393.09
1420,56,9342.44
1420,57,9386.55
1420,58,9505.9
1420,59,9422.65
1420,60,9492.91
1420,61,9448.94
1420,62,9533.27
1420,63,9423.76
1420,64,9407.37
1420,65,9359.2
1420,66,9346.24
1420,67,9446.35
1420,68,9389.4
1420,69,9365.63
1420,70,9513.84
1420,71,9344.2
1420,72,9375.75
1420,73,9473.11
1420,74,9424.87
1420,75,9492.16
1420,76,9363.06
1420,77,9397.56
1420,78,9422.83
1420,79,9552.79
1420,80,9437.84
1420,81,9387.58
1420,82,9486.94
1420,83,9404.06
1420,84,9473.96
1420,85,9476.28
1420,86,9367.5
1420,87,9364.25
1420,88,9456.58
1420,89,9370.38
1420,90,9431.36
1420,91,9467.83
1420,92,9520.94
1420,93,9374.73
1420,94,9461.07
1420,95,9474.6
1420,96,9439.91
1420,97,9421.96
1420,98,9314.73
1420,99,9528.89
1430,0,9469.51
1430,1,9398.16
1430,2,9354.54
1430,3,9397.31
1430,4,9354.45
1430,5,9376.34
1430,6,9444.38
1430,7,9462.71
1430,8,9417.93
1430,9,9524.89
1430,10,9489.48
1430,11,9449.67
1430,12,9503.78
1430,13,9475.5
1430,14,9375.57
1430,15,9457.81
1430,16,9547.39
1430,17,9537.51
1430,18,9456.53
1430,19,9389.68
1430,20,9346.73
1430,21,9446.27
1430,22,9394.27
1430,23,9421.68
1430,24,9409.83
1430,25,9396.65
1430,26,9416.46
1430,27,9520.77
1430,28,9411.09
1430,29,9402.61
1430,30,9445.68
1430,31,9504.74
1430,32,9444.7
1430,33,9420.21
1430,34,9455.33
1430,35,9430
1430,36,9544.09
1430,37,9454.64
1430,38,9482.58
1430,39,9440.06
1430,40,9470.74
1430,41,9420.68
1430,42,9360.87
1430,43,9441.68
1430,44,9398.42
1430,45,9437.53
1430,46,9514.9
1430,47,9495.31
1430,48,9480.43
1430,49,9426.55
1430,50,9414.16
1430,51,9414.93
1430,52,9496.84
1430,53,9543.96
1430,54,9385.55
1430,55,9392.79
1430,56,9342.14
1430,57,9386.25
1430,58,9505.6
1430,59,9422.35
1430,60,9492.61
1430,61,9448.64
1430,62,9532.97
1430,63,9423.46
1430,64,9407.07
1430,65,9358.9
1430,66,9345.94
1430,67,9446.05
1430,68,9389.1
1430,69,9365.33
1430,70,9513.54
1430,71,9343.9
1430,72,9375.45
1430,73,9472.81
1430,74,9424.57
1430,75,9491.86
1430,76,9362.76
1430,77,9397.26
1430,78,9422.53
1430,79,9552.49
1430,80,9437.54
1430,81,9387.28
1430,82,9486.64
1430,83,9403.76
1430,84,9473.66
1430,85,9475.98
1430,86,9367.2
1430,87,9363.95
1430,88,9456.28
1430,89,9370.08
1430,90,9431.06
1430,91,9467.53
1430,92,9520.64
1430,93,9374.43
1430,94,9460.77
1430,95,9474.3
1430,96,9439.61
1430,97,9421.66
1430,98,9314.43
1430,99,9528.59
1440,0,9458.44
1440,1,9390.26
1440,2,9344.76
1440,3,9388.01
1440,4,9345.4
1440,5,9365.01
1440,6,9435.8
1440,7,9455.71
1440,8,9408.22
1440,9,9515.95
1440,10,9481.27
1440,11,9441.94
1440,12,9495.36
1440,13,9465.33
1440,14,9367.04
1440,15,9449.53
1440,16,9539.61
1440,17,9529.34
1440,18,9445.5
1440,19,9378.79
1440,20,9335.56
1440,21,9437.85
1440,22,9383.8
1440,23,9412.6
1440,24,9398.35
1440,25,9385.72
1440,26,9405.8
1440,27,9511.84
1440,28,9402.44
1440,29,9393.84
1440,30,9435.17
1440,31,9495.28
1440,32,9434.38
1440,33,9408.17
1440,34,9445.72
1440,35,9422.05
1440,36,9534.36
1440,37,9444.82
1440,38,9473.59
1440,39,9431.48
1440,40,9459.59
1440,41,9409.8
1440,42,9349.47
1440,43,9434.59
1440,44,9389.9
1440,45,9427.35
1440,46,9505.64
1440,47,9484.52
1440,48,9473.42
1440,49,9417.29
1440,50,9404.84
1440,51,9404.07
1440,52,9488.05
1440,53,9535.61
1440,54,9375.37
1440,55,9382.73
1440,56,9330.96
1440,57,9374.65
1440,58,9498.5
1440,59,9413.75
1440,60,9485.26
1440,61,9439.18
1440,62,9524.98
1440,63,9413.94
1440,64,9397.26
1440,65,9347.31
1440,66,9335.7
1440,67,9436.75
1440,68,9380.45
1440,69,9355.69
1440,70,9504
1440,71,9332.01
1440,72,9363.71
1440,73,9463.77
1440,74,9414.99
1440,75,9483.49
1440,76,9352.82
1440,77,9386.06
1440,78,9411.97
1440,79,9543.1
1440,80,9427.72
1440,81,9377.4
1440,82,9476.46
1440,83,9394.05
1440,84,9464.24
1440,85,9466.23
1440,86,9356.34
1440,87,9354.69
1440,88,9448.18
1440,89,9359.42
1440,90,9422.02
1440,91,9458.04
1440,92,9513.11
1440,93,9363.79
1440,94,9452.46
1440,95,9466.86
1440,96,9431.48
1440,97,9413.62
1440,98,9303.13
1440,99,9519.45
1450,0,9458.14
1450,1,9389.96
1450,2,9344.46
1450,3,9387.71
1450,4,9345.1
1450,5,9364.72
1450,6,9435.5
1450,7,9455.41
1450,8,9407.92
1450,9,9515.65
1450,10,9480.97
1450,11,9441.64
1450,12,9495.06
1450,13,9465.03
1450,14,9366.74
1450,15,9449.23
1450,16,9539.31
1450,17,9529.04
1450,18,9445.2
1450,19,9378.49
1450,20,9335.26
1450,21,9437.55
1450,22,9383.51
1450,23,9412.3
1450,24,9398.05
1450,25,9385.42
1450,26,9405.5
1450,27,9511.54
1450,28,9402.14
1450,29,9393.54
1450,30,9434.87
1450,31,9494.98
1450,32,9434.08
1450,33,9407.88
1450,34,9445.42
1450,35,9421.75
1450,36,9534.06
1450,37,9444.52
1450,38,9473.29
1450,39,9431.18
1450,40,9459.29
1450,41,9409.5
1450,42,9349.17
1450,43,9434.29
1450,44,9389.6
1450,45,9427.05
1450,46,9505.34
1450,47,9484.22
1450,48,9473.12
1450,49,9416.99
1450,50,9404.54
1450,51,9403.79
1450,52,9487.75
1450,53,9535.31
1450,54,9375.07
1450,55,9382.43
1450,56,9330.66
1450,57,9374.35
1450,58,9498.2
1450,59,9413.45
1450,60,9484.96
1450,61,9438.88
1450,62,9524.68
1450,63,9413.64
1450,64,9396.96
1450,65,9347.02
1450,66,9335.4
1450,67,9436.45
1450,68,9380.15
1450,69,9355.39
1450,70,9503.7
1450,71,9331.72
1450,72,9363.42
1450,73,9463.47
1450,74,9414.69
1450,75,9483.19
1450,76,9352.52
1450,77,9385.76
1450,78,9411.67
1450,79,9542.8
1450,80,9427.42
1450,81,9377.1
1450,82,9476.16
1450,83,9393.75
1450,84,9463.94
1450,85,9465.93
1450,86,9356.04
1450,87,9354.39
1450,88,9447.88
1450,89,9359.12
1450,90,9421.72
1450,91,9457.74
1450,92,9512.81
1450,93,9363.49
1450,94,9452.16
1450,95,9466.56
1450,96,9431.18
1450,97,9413.32
1450,98,9302.83
1450,99,9519.15
1460,0,9457.84
1460,1,9389.66
1460,2,9344.16
1460,3,9387.41
1460,4,9344.8
1460,5,9364.42
1460,6,9435.2
1460,7,9455.11
1460,8,9407.62
1460,9,9515.35
1460,10,9480.67
1460,11,9441.34
1460,12,9494.76
1460,13,9464.73
1460,14,9366.44
1460,15,9448.93
1460,16,9539.01
1460,17,9528.74
1460,18,9444.9
1460,19,9378.19
1460,20,9334.96
1460,21,9437.25
1460,22,9383.21
1460,23,9412
1460,24,9397.75
1460,25,9385.12
1460,26,9405.2
1460,27,9511.24
1460,28,9401.84
1460,29,9393.24
1460,30,9434.57
1460,31,9494.68
1460,32,9433.78
1460,33,9407.58
1460,34,9445.12
1460,35,9421.45
1460,36,9533.76
1460,37,9444.22
1460,38,9472.99
1460,39,9430.88
1460,40,9458.99
1460,41,9409.2
1460,42,9348.87
1460,43,9433.99
1460,44,9389.3
1460,45,9426.75
1460,46,9505.04
1460,47,9483.92
1460,48,9472.82
1460,49,9416.69
1460,50,9404.24
1460,51,9403.49
1460,52,9487.45
1460,53,9535.01
1460,54,9374.77
1460,55,9382.13
1460,56,9330.36
1460,57,9374.05
1460,58,9497.9
1460,59,9413.15
1460,60,9484.66
1460,61,9438.58
1460,62,9524.38
1460,63,9413.34
1460,64,9396.66
1460,65,9346.72
1460,66,9335.1
1460,67,9436.15
1460,68,9379.85
1460,69,9355.09
1460,70,9503.4
1460,71,9331.42
1460,72,9363.12
1460,73,9463.17
1460,74,9414.39
1460,75,9482.89
1460,76,9352.22
1460,77,9385.46
1460,78,9411.37
1460,79,9542.5
1460,80,9427.12
1460,81,9376.8
1460,82,9475.86
1460,83,9393.45
1460,84,9463.64
1460,85,9465.63
1460,86,9355.74
1460,87,9354.09
1460,88,9447.58
1460,89,9358.82
1460,90,9421.42
1460,91,9457.44
1460,92,9512.51
1460,93,9363.19
1460,94,9451.86
1460,95,9466.26
1460,96,9430.88
1460,97,9413.02
1460,98,9302.53
1460,99,9518.85
1470,0,9446.73
1470,1,9376.26
1470,2,9332.67
1470,3,9378.23
1470,4,9333.88
1470,5,9355.09
1470,6,9422.41
1470,7,9445.34
1470,8,9393.29
1470,9,9504.1
1470,10,9472.51
1470,11,9435.2
1470,12,9486.39
1470,13,9454.58
1470,14,9357.13
1470,15,9436.42
1470,16,9531.27
1470,17,9521.56
1470,18,9434.57
1470,19,9367.79
1470,20,9324.85
1470,21,9426.79
1470,22,9373.97
1470,23,9399.9
1470,24,9384.73
1470,25,9374.31
1470,26,9394.53
1470,27,9502.16
1470,28,9392.86
1470,29,9379.94
1470,30,9422.01
1470,31,9485.41
1470,32,9423.96
1470,33,9392.05
1470,34,9432.04
1470,35,9412.43
1470,36,9523.52
1470,37,9435.7
1470,38,9464.37
1470,39,9419.97
1470,40,9448.01
1470,41,9398.69
1470,42,9337.22
1470,43,9423.99
1470,44,9375.06
1470,45,9416.63
1470,46,9495.78
1470,47,9473.11
1470,48,9465.37
1470,49,9404.47
1470,50,9392.92
1470,51,9393.99
1470,52,9480.02
1470,53,9526.86
1470,54,9360.47
1470,55,9373.18
1470,56,9319.3
1470,57,9362.53
1470,58,9488.98
1470,59,9401.57
1470,60,9477.19
1470,61,9429.2
1470,62,9516.25
1470,63,9403.66
1470,64,9387
1470,65,9337.41
1470,66,9325.63
1470,67,9426.94
1470,68,9369.22
1470,69,9345.03
1470,70,9493.96
1470,71,9321.67
1470,72,9349.15
1470,73,9454.34
1470,74,9401.61
1470,75,9474.55
1470,76,9341.96
1470,77,9375.51
1470,78,9398.68
1470,79,9534.49
1470,80,9417.39
1470,81,9366.45
1470,82,9465.76
1470,83,9383.96
1470,84,9454.89
1470,85,9455.6
1470,86,9344.82
1470,87,9344.45
1470,88,9439.1
1470,89,9347.71
1470,90,9412.14
1470,91,9445.66
1470,92,9505.51
1470,93,9351.64
1470,94,9443.55
1470,95,9458.14
1470,96,9422.65
1470,97,9404.7
1470,98,9291.24
1470,99,9510.15
1480,0,9446.45
1480,1,9376.01
1480,2,9332.37
1480,3,9377.93
1480,4,9333.6
1480,5,9354.8
1480,6,9422.13
1480,7,9445.06
1480,8,9393.04
1480,9,9503.82
1480,10,9472.21
1480,11,9434.9
1480,12,9486.09
1480,13,9454.29
1480,14,9356.83
1480,15,9436.14
1480,16,9530.97
1480,17,9521.26
1480,18,9434.28
1480,19,9367.49
1480,20,9324.55
1480,21,9426.51
1480,22,9373.68
1480,23,9399.63
1480,24,9384.49
1480,25,9374.02
1480,26,9394.23
1480,27,9501.86
1480,28,9392.56
1480,29,9379.68
1480,30,9421.75
1480,31,9485.11
1480,32,9423.66
1480,33,9391.83
1480,34,9431.77
1480,35,9412.13
1480,36,9523.23
1480,37,9435.4
1480,38,9464.07
1480,39,9419.68
1480,40,9447.71
1480,41,9398.4
1480,42,9336.93
1480,43,9423.69
1480,44,9374.81
1480,45,9416.33
1480,46,9495.48
1480,47,9472.82
1480,48,9465.07
1480,49,9404.18
1480,50,9392.65
1480,51,9393.7
1480,52,9479.72
1480,53,9526.56
1480,54,9360.23
1480,55,9372.88
1480,56,9319.01
1480,57,9362.23
1480,58,9488.68
1480,59,9401.28
1480,60,9476.89
1480,61,9428.9
1480,62,9515.95
1480,63,9403.36
1480,64,9386.7
1480,65,9337.11
1480,66,9325.33
1480,67,9426.65
1480,68,9368.93
1480,69,9344.73
1480,70,9493.66
1480,71,9321.37
1480,72,9348.91
1480,73,9454.04
1480,74,9401.34
1480,75,9474.25
1480,76,9341.66
1480,77,9375.22
1480,78,9398.41
1480,79,9534.19
1480,80,9417.09
1480,81,9366.15
1480,82,9465.47
1480,83,9383.66
1480,84,9454.59
1480,85,9455.3
1480,86,9344.53
1480,87,9344.15
1480,88,9438.8
1480,89,9347.42
1480,90,9411.84
1480,91,9445.38
1480,92,9505.21
1480,93,9351.36
1480,94,9443.25
1480,95,9457.84
1480,96,9422.35
1480,97,9404.4
1480,98,9290.95
1480,99,9509.85
1490,0,9446.15
1490,1,9375.71
1490,2,9332.07
1490,3,9377.63
1490,4,9333.3
1490,5,9354.5
1490,6,9421.83
1490,7,9444.76
1490,8,9392.74
1490,9,9503.52
1490,10,9471.91
1490,11,9434.6
1490,12,9485.79
1490,13,9453.99
1490,14,9356.53
1490,15,9435.84
1490,16,9530.67
1490,17,9520.96
1490,18,9433.98
1490,19,9367.19
1490,20,9324.25
1490,21,9426.21
1490,22,9373.38
1490,23,9399.33
1490,24,9384.19
1490,25,9373.72
1490,26,9393.93
1490,27,9501.56
1490,28,9392.26
1490,29,9379.38
1490,30,9421.45
1490,31,9484.81
1490,32,9423.36
1490,33,9391.53
1490,34,9431.47
1490,35,9411.83
1490,36,9522.93
1490,37,9435.1
1490,38,9463.77
1490,39,9419.38
1490,40,9447.41
1490,41,9398.1
1490,42,9336.63
1490,43,9423.39
1490,44,9374.51
1490,45,9416.03
1490,46,9495.18
1490,47,9472.52
1490,48,9464.77
1490,49,9403.88
1490,50,9392.35
1490,51,9393.4
1490,52,9479.42
1490,53,9526.26
1490,54,9359.93
1490,55,9372.58
1490,56,9318.71
1490,57,9361.93
1490,58,9488.38
1490,59,9400.98
1490,60,9476.59
1490,61,9428.6
1490,62,9515.65
1490,63,9403.06
1490,64,9386.4
1490,65,9336.81
1490,66,9325.03
1490,67,9426.35
1490,68,9368.63
1490,69,9344.43
1490,70,9493.36
1490,71,9321.07
1490,72,9348.61
1490,73,9453.74
1490,74,9401.04
1490,75,9473.95
1490,76,9341.36
1490,77,9374.92
1490,78,9398.11
1490,79,9533.89
1490,80,9416.79
1490,81,9365.85
1490,82,9465.17
1490,83,9383.36
1490,84,9454.29
1490,85,9455
1490,86,9344.23
1490,87,9343.85
1490,88,9438.5
1490,89,9347.12
1490,90,9411.54
1490,91,9445.08
1490,92,9504.91
1490,93,9351.06
1490,94,9442.95
1490,95,9457.54
1490,96,9422.05
1490,97,9404.1
1490,98,9290.65
1490,99,9509.55
1500,0,9438.01
1500,1,9368.35
1500,2,9321.57
1500,3,9369.62
1500,4,9323.86
1500,5,9344.82
1500,6,9414.44
1500,7,9439.04
1500,8,9386.09
1500,9,9496.42
1500,10,9464.54
1500,11,9428.26
1500,12,9477.8
1500,13,9445.26
1500,14,9348.28
1500,15,9427.31
1500,16,9523.23
1500,17,9515.34
1500,18,9428.09
1500,19,9356.67
1500,20,9314.8
1500,21,9418.12
1500,22,9364.2
1500,23,9393.16
1500,24,9376.82
1500,25,9362.98
1500,26,9383.17
1500,27,9495.17
1500,28,9383.55
1500,29,9372.26
1500,30,9412.13
1500,31,9475.96
1500,32,9413.42
1500,33,9383.22
1500,34,9423.34
1500,35,9403.83
1500,36,9513.5
1500,37,9429.05
1500,38,9454.89
1500,39,9411.07
1500,40,9437.98
1500,41,9387.71
1500,42,9325.19
1500,43,9416.19
1500,44,9364.3
1500,45,9406.71
1500,46,9485.89
1500,47,9464.24
1500,48,9458.84
1500,49,9395.76
1500,50,9385.97
1500,51,9383.99
1500,52,9470.92
1500,53,9519.19
1500,54,9349.15
1500,55,9363.97
1500,56,9308.26
1500,57,9351.26
1500,58,9479.88
1500,59,9393.2
1500,60,9469.05
1500,61,9419.66
1500,62,9506.86
1500,63,9393.14
1500,64,9376.47
1500,65,9327.57
1500,66,9315.57
1500,67,9417.23
1500,68,9361.64
1500,69,9337.67
1500,70,9485.43
1500,71,9313.75
1500,72,9341.04
1500,73,9443.99
1500,74,9391.57
1500,75,9465.62
1500,76,9332.61
1500,77,9367.64
1500,78,9390.92
1500,79,9524.17
1500,80,9408.5
1500,81,9357.33
1500,82,9458.16
1500,83,9374.11
1500,84,9446.3
1500,85,9445.86
1500,86,9333.48
1500,87,9336.73
1500,88,9430.09
1500,89,9337.43
1500,90,9402.57
1500,91,9437.19
1500,92,9497.77
1500,93,9339.66
1500,94,9434.65
1500,95,9450.73
1500,96,9414.58
1500,97,9396.89
1500,98,9279.42
1500,99,9500.79
1510,0,9437.71
1510,1,9368.05
1510,2,9321.28
1510,3,9369.32
1510,4,9323.58
1510,5,9344.55
1510,6,9414.14
1510,7,9438.74
1510,8,9385.79
1510,9,9496.12
1510,10,9464.24
1510,11,9427.96
1510,12,9477.5
1510,13,9444.96
1510,14,9347.98
1510,15,9427.01
1510,16,9522.93
1510,17,9515.04
1510,18,9427.79
1510,19,9356.39
1510,20,9314.51
1510,21,9417.82
1510,22,9363.93
1510,23,9392.86
1510,24,9376.52
1510,25,9362.71
1510,26,9382.89
1510,27,9494.87
1510,28,9383.25
1510,29,9371.96
1510,30,9411.83
1510,31,9475.67
1510,32,9413.13
1510,33,9382.92
1510,34,9423.04
1510,35,9403.53
1510,36,9513.21
1510,37,9428.75
1510,38,9454.6
1510,39,9410.77
1510,40,9437.68
1510,41,9387.44
1510,42,9324.92
1510,43,9415.89
1510,44,9364.02
1510,45,9406.41
1510,46,9485.6
1510,47,9463.94
1510,48,9458.54
1510,49,9395.46
1510,50,9385.67
1510,51,9383.72
1510,52,9470.63
1510,53,9518.89
1510,54,9348.89
1510,55,9363.68
1510,56,9307.98
1510,57,9350.97
1510,58,9479.58
1510,59,9392.9
1510,60,9468.75
1510,61,9419.36
1510,62,9506.56
1510,63,9392.85
1510,64,9376.2
1510,65,9327.28
1510,66,9315.28
1510,67,9416.95
1510,68,9361.34
1510,69,9337.37
1510,70,9485.13
1510,71,9313.45
1510,72,9340.74
1510,73,9443.71
1510,74,9391.28
1510,75,9465.32
1510,76,9332.31
1510,77,9367.34
1510,78,9390.62
1510,79,9523.89
1510,80,9408.2
1510,81,9357.03
1510,82,9457.86
1510,83,9373.81
1510,84,9446
1510,85,9445.58
1510,86,9333.2
1510,87,9336.43
1510,88,9429.8
1510,89,9337.14
1510,90,9402.28
1510,91,9436.89
1510,92,9497.47
1510,93,9339.39
1510,94,9434.35
1510,95,9450.43
1510,96,9414.28
1510,97,9396.59
1510,98,9279.14
1510,99,9500.5
1520,0,9437.41
1520,1,9367.75
1520,2,9320.98
1520,3,9369.02
1520,4,9323.28
1520,5,9344.25
1520,6,9413.84
1520,7,9438.44
1520,8,9385.49
1520,9,9495.82
1520,10,9463.94
1520,11,9427.66
1520,12,9477.2
1520,13,9444.66
1520,14,9347.68
1520,15,9426.71
1520,16,9522.63
1520,17,9514.74
1520,18,9427.49
1520,19,9356.09
1520,20,9314.21
1520,21,9417.52
1520,22,9363.63
1520,23,9392.56
1520,24,9376.22
1520,25,9362.41
1520,26,9382.59
1520,27,9494.57
1520,28,9382.95
1520,29,9371.66
1520,30,9411.53
1520,31,9475.37
1520,32,9412.83
1520,33,9382.62
1520,34,9422.74
1520,35,9403.23
1520,36,9512.91
1520,37,9428.45
1520,38,9454.3
1520,39,9410.47
1520,40,9437.38
1520,41,9387.14
1520,42,9324.62
1520,43,9415.59
1520,44,9363.72
1520,45,9406.11
1520,46,9485.3
1520,47,9463.64
1520,48,9458.24
1520,49,9395.16
1520,50,9385.37
1520,51,9383.42
1520,52,9470.33
1520,53,9518.59
1520,54,9348.59
1520,55,9363.38
1520,56,9307.68
1520,57,9350.67
1520,58,9479.28
1520,59,9392.6
1520,60,9468.45
1520,61,9419.06
1520,62,9506.26
1520,63,9392.55
1520,64,9375.9
1520,65,9326.98
1520,66,9314.98
1520,67,9416.65
1520,68,9361.04
1520,69,9337.07
1520,70,9484.83
1520,71,9313.15
1520,72,9340.44
1520,73,9443.41
1520,74,9390.98
1520,75,9465.02
1520,76,9332.01
1520,77,9367.04
1520,78,9390.32
1520,79,9523.59
1520,80,9407.9
1520,81,9356.73
1520,82,9457.56
1520,83,9373.51
1520,84,9445.7
1520,85,9445.28
1520,86,9332.9
1520,87,9336.13
1520,88,9429.5
1520,89,9336.84
1520,90,9401.98
1520,91,9436.59
1520,92,9497.17
1520,93,9339.09
1520,94,9434.05
1520,95,9450.13
1520,96,9413.98
1520,97,9396.29
1520,98,9278.84
1520,99,9500.2
1530,0,9429.43
1530,1,9358.5
1530,2,9310.61
1530,3,9360.51
1530,4,9313.61
1530,5,9333.15
1530,6,9403.67
1530,7,9432.82
1530,8,9374.47
1530,9,9487.92
1530,10,9456.71
1530,11,9418.45
1530,12,9468.88
1530,13,9435.76
1530,14,9339.33
1530,15,9418.33
1530,16,9514.12
1530,17,9506.96
1530,18,9418.84
1530,19,9344.75
1530,20,9304.62
1530,21,9409.09
1530,22,9351.62
1530,23,9384.91
1530,24,9365.64
1530,25,9351.47
1530,26,9371.95
1530,27,9484.77
1530,28,9374.52
1530,29,9362.22
1530,30,9402.65
1530,31,9466.34
1530,32,9402.11
1530,33,9371.12
1530,34,9414.68
1530,35,9394.86
1530,36,9503.33
1530,37,9420.3
1530,38,9443.78
1530,39,9402.35
1530,40,9429.06
1530,41,9379.66
1530,42,9313.03
1530,43,9408.41
1530,44,9353.87
1530,45,9396.61
1530,46,9476.07
1530,47,9452.15
1530,48,9451.8
1530,49,9382.62
1530,50,9377.3
1530,51,9371.17
1530,52,9461.78
1530,53,9510.33
1530,54,9337.85
1530,55,9354.51
1530,56,9295.97
1530,57,9339.92
1530,58,9469.37
1530,59,9384.43
1530,60,9457.88
1530,61,9410.17
1530,62,9497.83
1530,63,9382.44
1530,64,9365.76
1530,65,9316.22
1530,66,9305.45
1530,67,9407.73
1530,68,9350.6
1530,69,9324.23
1530,70,9475.52
1530,71,9302.02
1530,72,9329.51
1530,73,9432.74
1530,74,9381.28
1530,75,9457.02
1530,76,9323.27
1530,77,9355.92
1530,78,9379.92
1530,79,9514.27
1530,80,9399.43
1530,81,9348.04
1530,82,9448.56
1530,83,9363.93
1530,84,9437.52
1530,85,9435.96
1530,86,9322.02
1530,87,9326.5
1530,88,9420.96
1530,89,9327.08
1530,90,9393.17
1530,91,9428.03
1530,92,9490.39
1530,93,9327.42
1530,94,9425.74
1530,95,9442.12
1530,96,9406.39
1530,97,9388.72
1530,98,9267.75
1530,99,9491.02
1540,0,9429.15
1540,1,9358.22
1540,2,9310.34
1540,3,9360.23
1540,4,9313.34
1540,5,9332.91
1540,6,9403.4
1540,7,9432.52
1540,8,9374.22
1540,9,9487.63
1540,10,9456.41
1540,11,9418.17
1540,12,9468.59
1540,13,9435.47
1540,14,9339.04
1540,15,9418.03
1540,16,9513.84
1540,17,9506.67
1540,18,9418.56
1540,19,9344.5
1540,20,9304.34
1540,21,9408.81
1540,22,9351.39
1540,23,9384.61
1540,24,9365.38
1540,25,9351.21
1540,26,9371.68
1540,27,9484.47
1540,28,9374.22
1540,29,9361.94
1540,30,9402.37
1540,31,9466.06
1540,32,9401.84
1540,33,9370.87
1540,34,9414.39
1540,35,9394.57
1540,36,9503.06
1540,37,9420.01
1540,38,9443.52
1540,39,9402.05
1540,40,9428.76
1540,41,9379.37
1540,42,9312.77
1540,43,9408.11
1540,44,9353.59
1540,45,9396.33
1540,46,9475.79
1540,47,9451.89
1540,48,9451.5
1540,49,9382.32
1540,50,9377.01
1540,51,9370.94
1540,52,9461.5
1540,53,9510.03
1540,54,9337.59
1540,55,9354.23
1540,56,9295.72
1540,57,9339.64
1540,58,9469.1
1540,59,9384.14
1540,60,9457.63
1540,61,9409.89
1540,62,9497.55
1540,63,9382.17
1540,64,9365.5
1540,65,9315.96
1540,66,9305.17
1540,67,9407.47
1540,68,9350.34
1540,69,9323.95
1540,70,9475.25
1540,71,9301.77
1540,72,9329.25
1540,73,9432.48
1540,74,9381
1540,75,9456.74
1540,76,9322.98
1540,77,9355.66
1540,78,9379.65
1540,79,9513.99
1540,80,9399.13
1540,81,9347.75
1540,82,9448.29
1540,83,9363.65
1540,84,9437.23
1540,85,9435.69
1540,86,9321.76
1540,87,9326.23
1540,88,9420.68
1540,89,9326.81
1540,90,9392.89
1540,91,9427.75
1540,92,9490.09
1540,93,9327.16
1540,94,9425.45
1540,95,9441.84
1540,96,9406.1
1540,97,9388.42
1540,98,9267.49
1540,99,9490.74
1550,0,9428.85
1550,1,9357.92
1550,2,9310.04
1550,3,9359.93
1550,4,9313.04
1550,5,9332.61
1550,6,9403.1
1550,7,9432.22
1550,8,9373.92
1550,9,9487.33
1550,10,9456.11
1550,11,9417.87
1550,12,9468.29
1550,13,9435.17
1550,14,9338.74
1550,15,9417.73
1550,16,9513.54
1550,17,9506.37
1550,18,9418.26
1550,19,9344.2
1550,20,9304.04
1550,21,9408.51
1550,22,9351.09
1550,23,9384.31
1550,24,9365.08
1550,25,9350.91
1550,26,9371.38
1550,27,9484.17
1550,28,9373.92
1550,29,9361.64
1550,30,9402.07
1550,31,9465.76
1550,32,9401.54
1550,33,9370.57
1550,34,9414.09
1550,35,9394.27
1550,36,9502.76
1550,37,9419.71
1550,38,9443.22
1550,39,9401.75
1550,40,9428.46
1550,41,9379.07
1550,42,9312.47
1550,43,9407.81
1550,44,9353.29
1550,45,9396.03
1550,46,9475.49
1550,47,9451.59
1550,48,9451.2
1550,49,9382.02
1550,50,9376.71
1550,51,9370.64
1550,52,9461.2
1550,53,9509.73
1550,54,9337.29
1550,55,9353.93
1550,56,9295.42
1550,57,9339.34
1550,58,9468.8
1550,59,9383.84
1550,60,9457.33
1550,61,9409.59
1550,62,9497.25
1550,63,9381.87
1550,64,9365.2
1550,65,9315.66
1550,66,9304.87
1550,67,9407.17
1550,68,9350.04
1550,69,9323.65
1550,70,9474.95
1550,71,9301.47
1550,72,9328.95
1550,73,9432.18
1550,74,9380.7
1550,75,9456.44
1550,76,9322.68
1550,77,9355.36
1550,78,9379.35
1550,79,9513.69
1550,80,9398.83
1550,81,9347.45
1550,82,9447.99
1550,83,9363.35
1550,84,9436.93
1550,85,9435.39
1550,86,9321.46
1550,87,9325.93
1550,88,9420.38
1550,89,9326.51
1550,90,9392.59
1550,91,9427.45
1550,92,9489.79
1550,93,9326.86
1550,94,9425.15
1550,95,9441.54
1550,96,9405.8
1550,97,9388.12
1550,98,9267.19
1550,99,9490.44
1560,0,9420.99
1560,1,9347.7
1560,2,9299.13
1560,3,9351.42
1560,4,9303.43
1560,5,9323.02
1560,6,9395.57
1560,7,9425.19
1560,8,9363.69
1560,9,9478.42
1560,10,9447.76
1560,11,9412.22
1560,12,9460.01
1560,13,9425.19
1560,14,9329.38
1560,15,9409.57
1560,16,9505.7
1560,17,9498.83
1560,18,9408.74
1560,19,9336.76
1560,20,9294.36
1560,21,9400.68
1560,22,9342.07
1560,23,9375.7
1560,24,9353.57
1560,25,9339.97
1560,26,9360.71
1560,27,9474.42
1560,28,9365.72
1560,29,9352.07
1560,30,9393.05
1560,31,9457.07
1560,32,9391.35
1560,33,9358.04
1560,34,9404.05
1560,35,9386.57
1560,36,9493.02
1560,37,9413.13
1560,38,9434.01
1560,39,9393.79
1560,40,9420.58
1560,41,9367.8
1560,42,9300.71
1560,43,9400.65
1560,44,9343.14
1560,45,9386.3
1560,46,9466.26
1560,47,9441.01
1560,48,9444.97
1560,49,9373.62
1560,50,9367.83
1560,51,9361.45
1560,52,9452.58
1560,53,9502.79
1560,54,9326.11
1560,55,9345.53
1560,56,9285.51
1560,57,9328.35
1560,58,9460.97
1560,59,9377.43
1560,60,9446.83
1560,61,9400.77
1560,62,9486.73
1560,63,9372.33
1560,64,9354.12
1560,65,9306.25
1560,66,9295.26
1560,67,9397.66
1560,68,9338.62
1560,69,9314.87
1560,70,9465.74
1560,71,9292.63
1560,72,9316.99
1560,73,9421.19
1560,74,9371.07
1560,75,9448
1560,76,9313.93
1560,77,9343.85
1560,78,9368.95
1560,79,9505.87
1560,80,9390.72
1560,81,9338.6
1560,82,9438
1560,83,9354.63
1560,84,9429.84
1560,85,9425.97
1560,86,9310.52
1560,87,9318.74
1560,88,9410.02
1560,89,9316.67
1560,90,9385.61
1560,91,9418.77
1560,92,9482.87
1560,93,9315.1
1560,94,9416.9
1560,95,9433.56
1560,96,9396.98
1560,97,9380.5
1560,98,9256.21
1560,99,9481.29
1570,0,9420.72
1570,1,9347.44
1570,2,9298.87
1570,3,9351.15
1570,4,9303.18
1570,5,9322.78
1570,6,9395.28
1570,7,9424.91
1570,8,9363.46
1570,9,9478.15
1570,10,9447.49
1570,11,9411.92
1570,12,9459.74
1570,13,9424.93
1570,14,9329.1
1570,15,9409.3
1570,16,9505.42
1570,17,9498.55
1570,18,9408.49
1570,19,9336.48
1570,20,9294.1
1570,21,9400.4
1570,22,9341.82
1570,23,9375.42
1570,24,9353.33
1570,25,9339.72
1570,26,9360.46
1570,27,9474.12
1570,28,9365.44
1570,29,9351.81
1570,30,9392.79
1570,31,9456.81
1570,32,9391.08
1570,33,9357.82
1570,34,9403.79
1570,35,9386.3
1570,36,9492.77
1570,37,9412.84
1570,38,9433.74
1570,39,9393.51
1570,40,9420.28
1570,41,9367.57
1570,42,9300.46
1570,43,9400.36
1570,44,9342.89
1570,45,9386.04
1570,46,9466
1570,47,9440.76
1570,48,9444.68
1570,49,9373.33
1570,50,9367.56
1570,51,9361.21
1570,52,9452.32
1570,53,9502.5
1570,54,9325.87
1570,55,9345.26
1570,56,9285.26
1570,57,9328.09
1570,58,9460.69
1570,59,9377.13
1570,60,9446.6
1570,61,9400.5
1570,62,9486.47
1570,63,9372.07
1570,64,9353.88
1570,65,9305.99
1570,66,9294.99
1570,67,9397.41
1570,68,9338.38
1570,69,9314.6
1570,70,9465.48
1570,71,9292.37
1570,72,9316.75
1570,73,9420.96
1570,74,9370.81
1570,75,9447.74
1570,76,9313.66
1570,77,9343.61
1570,78,9368.69
1570,79,9505.6
1570,80,9390.44
1570,81,9338.33
1570,82,9437.75
1570,83,9354.36
1570,84,9429.56
1570,85,9425.71
1570,86,9310.28
1570,87,9318.45
1570,88,9409.77
1570,89,9316.41
1570,90,9385.33
1570,91,9418.5
1570,92,9482.58
1570,93,9314.86
1570,94,9416.62
1570,95,9433.29
1570,96,9396.71
1570,97,9380.21
1570,98,9255.96
1570,99,9481.03
1580,0,9420.42
1580,1,9347.14
1580,2,9298.57
1580,3,9350.85
1580,4,9302.88
1580,5,9322.48
1580,6,9394.98
1580,7,9424.61
1580,8,9363.16
1580,9,9477.85
1580,10,9447.19
1580,11,9411.62
1580,12,9459.44
1580,13,9424.63
1580,14,9328.8
1580,15,9409
1580,16,9505.12
1580,17,9498.25
1580,18,9408.19
1580,19,9336.18
1580,20,9293.8
1580,21,9400.1
1580,22,9341.52
1580,23,9375.12
1580,24,9353.03
1580,25,9339.42
1580,26,9360.16
1580,27,9473.82
1580,28,9365.14
1580,29,9351.51
1580,30,9392.49
1580,31,9456.51
1580,32,9390.78
1580,33,9357.52
1580,34,9403.49
1580,35,9386
1580,36,9492.47
1580,37,9412.54
1580,38,9433.44
1580,39,9393.21
1580,40,9419.98
1580,41,9367.27
1580,42,9300.16
1580,43,9400.06
1580,44,9342.59
1580,45,9385.74
1580,46,9465.7
1580,47,9440.46
1580,48,9444.38
1580,49,9373.03
1580,50,9367.26
1580,51,9360.91
1580,52,9452.02
1580,53,9502.2
1580,54,9325.57
1580,55,9344.96
1580,56,9284.96
1580,57,9327.79
1580,58,9460.39
1580,59,9376.83
1580,60,9446.3
1580,61,9400.2
1580,62,9486.17
1580,63,9371.77
1580,64,9353.58
1580,65,9305.69
1580,66,9294.69
1580,67,9397.11
1580,68,9338.08
1580,69,9314.3
1580,70,9465.18
1580,71,9292.07
1580,72,9316.45
1580,73,9420.66
1580,74,9370.51
1580,75,9447.44
1580,76,9313.36
1580,77,9343.31
1580,78,9368.39
1580,79,9505.3
1580,80,9390.14
1580,81,9338.03
1580,82,9437.45
1580,83,9354.06
1580,84,9429.26
1580,85,9425.41
1580,86,9309.98
1580,87,9318.15
1580,88,9409.47
1580,89,9316.11
1580,90,9385.03
1580,91,9418.2
1580,92,9482.28
1580,93,9314.56
1580,94,9416.32
1580,95,9432.99
1580,96,9396.41
1580,97,9379.91
1580,98,9255.66
1580,99,9480.73
1590,0,9408.86
1590,1,9337.2
1590,2,9287.58
1590,3,9342.42
1590,4,9291.73
1590,5,9312.31
1590,6,9387.38
1590,7,9417.61
1590,8,9355.1
1590,9,9468.75
1590,10,9438.65
1590,11,9401.69
1590,12,9450.96
1590,13,9414.66
1590,14,9317.95
1590,15,9399.23
1590,16,9497.09
1590,17,9490.59
1590,18,9397.46
1590,19,9325.15
1590,20,9282.22
1590,21,9392.88
1590,22,9332.62
1590,23,9366.45
1590,24,9345.92
1590,25,9329.4
1590,26,9349.2
1590,27,9464.14
1590,28,9357.03
1590,29,9341.91
1590,30,9382.66
1590,31,9447.08
1590,32,9380.52
1590,33,9346.08
1590,34,9393.42
1590,35,9378.2
1590,36,9482.6
1590,37,9400.91
1590,38,9423.59
1590,39,9385.45
1590,40,9410.52
1590,41,9358.2
1590,42,9289.1
1590,43,9390.68
1590,44,9332.14
1590,45,9375.84
1590,46,9455.47
1590,47,9429.41
1590,48,9437.65
1590,49,9361.98
1590,50,9358.15
1590,51,9351.83
1590,52,9443.39
1590,53,9494.75
1590,54,9314.87
1590,55,9337.25
1590,56,9274.94
1590,57,9316.68
1590,58,9453.15
1590,59,9369.47
1590,60,9435.87
1590,61,9391
1590,62,9475.34
1590,63,9362.07
1590,64,9343.37
1590,65,9297.63
1590,66,9285.78
1590,67,9387.9
1590,68,9330.92
1590,69,9303.52
1590,70,9456.06
1590,71,9281.55
1590,72,9305.32
1590,73,9409.87
1590,74,9360.03
1590,75,9439.2
1590,76,9304.5
1590,77,9332.69
1590,78,9357.79
1590,79,9496.57
1590,80,9379.97
1590,81,9327.13
1590,82,9427.49
1590,83,9342.97
1590,84,9420.97
1590,85,9415.44
1590,86,9300.75
1590,87,9307.79
1590,88,9400.07
1590,89,9306.09
1590,90,9376.42
1590,91,9408.96
1590,92,9475.21
1590,93,9303.54
1590,94,9407.06
1590,95,9424.34
1590,96,9388.41
1590,97,9370.66
1590,98,9244.41
1590,99,9471.35
1600,0,9408.64
1600,1,9336.96
1600,2,9287.34
1600,3,9342.16
1600,4,9291.51
1600,5,9312.08
1600,6,9387.11
1600,7,9417.34
1600,8,9354.85
1600,9,9468.49
1600,10,9438.4
1600,11,9401.46
1600,12,9450.7
1600,13,9414.42
1600,14,9317.71
1600,15,9398.98
1600,16,9496.82
1600,17,9490.32
1600,18,9397.23
1600,19,9324.92
1600,20,9281.99
1600,21,9392.61
1600,22,9332.39
1600,23,9366.19
1600,24,9341.24
1600,25,9329.15
1600,26,9348.96
1600,27,9463.87
1600,28,9356.76
1600,29,9341.66
1600,30,9382.42
1600,31,9446.83
1600,32,9380.27
1600,33,9344.7
1600,34,9393.17
1600,35,9377.94
1600,36,9482.37
1600,37,9400.68
1600,38,9423.35
1600,39,9385.18
1600,40,9410.25
1600,41,9355.9
1600,42,9288.87
1600,43,9390.43
1600,44,9331.91
1600,45,9375.59
1600,46,9455.23
1600,47,9429.18
1600,48,9437.37
1600,49,9361.73
1600,50,9357.9
1600,51,9351.6
1600,52,9443.14
1600,53,9494.48
1600,54,9314.64
1600,55,9336.99
1600,56,9273.23
1600,57,9316.44
1600,58,9452.89
1600,59,9369.2
1600,60,9435.65
1600,61,9390.75
1600,62,9475.11
1600,63,9361.82
1600,64,9342.18
1600,65,9297.37
1600,66,9285.52
1600,67,9387.66
1600,68,9326.35
1600,69,9303.27
1600,70,9455.81
1600,71,9279.91
1600,72,9304.31
1600,73,9409.65
1600,74,9359.79
1600,75,9438.94
1600,76,9304.24
1600,77,9332.45
1600,78,9357.56
1600,79,9496.32
1600,80,9379.72
1600,81,9326.89
1600,82,9427.26
1600,83,9342.71
1600,84,9420.71
1600,85,9415.2
1600,86,9300.5
1600,87,9307.56
1600,88,9399.83
1600,89,9305.84
1600,90,9376.17
1600,91,9408.71
1600,92,9474.93
1600,93,9303.3
1600,94,9406.81
1600,95,9424.09
1600,96,9388.16
1600,97,9370.39
1600,98,9244.18
1600,99,9471.11
1610,0,9408.34
1610,1,9336.66
1610,2,9287.04
1610,3,9341.86
1610,4,9291.21
1610,5,9311.78
1610,6,9386.81
1610,7,9417.04
1610,8,9354.55
1610,9,9468.19
1610,10,9438.1
1610,11,9401.16
1610,12,9450.4
1610,13,9414.12
1610,14,9317.41
1610,15,9398.68
1610,16,9496.52
1610,17,9490.02
1610,18,9396.93
1610,19,9324.62
1610,20,9281.69
1610,21,9392.31
1610,22,9332.09
1610,23,9365.89
1610,24,9340.94
1610,25,9328.85
1610,26,9348.66
1610,27,9463.57
1610,28,9356.46
1610,29,9341.36
1610,30,9382.12
1610,31,9446.53
1610,32,9379.97
1610,33,9344.4
1610,34,9392.87
1610,35,9377.64
1610,36,9482.07
1610,37,9400.38
1610,38,9423.05
1610,39,9384.88
1610,40,9409.95
1610,41,9355.6
1610,42,9288.57
1610,43,9390.13
1610,44,9331.61
1610,45,9375.29
1610,46,9454.93
1610,47,9428.88
1610,48,9437.07
1610,49,9361.43
1610,50,9357.6
1610,51,9351.3
1610,52,9442.84
1610,53,9494.18
1610,54,9314.34
1610,55,9336.69
1610,56,9272.93
1610,57,9316.14
1610,58,9452.59
1610,59,9368.9
1610,60,9435.35
1610,61,9390.45
1610,62,9474.81
1610,63,9361.52
1610,64,9341.88
1610,65,9297.07
1610,66,9285.22
1610,67,9387.36
1610,68,9326.05
1610,69,9302.97
1610,70,9455.51
1610,71,9279.61
1610,72,9304.01
1610,73,9409.35
1610,74,9359.49
1610,75,9438.64
1610,76,9303.94
1610,77,9332.15
1610,78,9357.26
1610,79,9496.02
1610,80,9379.42
1610,81,9326.59
1610,82,9426.96
1610,83,9342.41
1610,84,9420.41
1610,85,9414.9
1610,86,9300.2
1610,87,9307.26
1610,88,9399.53
1610,89,9305.54
1610,90,9375.87
1610,91,9408.41
1610,92,9474.63
1610,93,9303
1610,94,9406.51
1610,95,9423.79
1610,96,9387.86
1610,97,9370.09
1610,98,9243.88
1610,99,9470.81
1620,0,9400.72
1620,1,9329.52
1620,2,9275.96
1620,3,9333.38
1620,4,9281.73
1620,5,9302.37
1620,6,9377.39
1620,7,9409.97
1620,8,9345.67
1620,9,9460.15
1620,10,9430.25
1620,11,9392.24
1620,12,9441.69
1620,13,9404.53
1620,14,9309.44
1620,15,9389.54
1620,16,9488.13
1620,17,9481.78
1620,18,9391.15
1620,19,9313.62
1620,20,9272
1620,21,9385.01
1620,22,9322.47
1620,23,9357.63
1620,24,9333.29
1620,25,9318.6
1620,26,9337.71
1620,27,9454.57
1620,28,9347.96
1620,29,9332.7
1620,30,9373.29
1620,31,9437.02
1620,32,9369.62
1620,33,9336.06
1620,34,9384.33
1620,35,9368.83
1620,36,9472.12
1620,37,9391.08
1620,38,9414.45
1620,39,9376.4
1620,40,9399.54
1620,41,9348.58
1620,42,9276.87
1620,43,9382.85
1620,44,9325.09
1620,45,9365.85
1620,46,9445.67
1620,47,9418.11
1620,48,9429.23
1620,49,9352.82
1620,50,9349.79
1620,51,9341.45
1620,52,9432.72
1620,53,9487.7
1620,54,9304.15
1620,55,9328.26
1620,56,9263.07
1620,57,9305.06
1620,58,9444.3
1620,59,9360.47
1620,60,9425
1620,61,9380.68
1620,62,9467.76
1620,63,9352.94
1620,64,9333.3
1620,65,9287.92
1620,66,9276.57
1620,67,9378
1620,68,9316.68
1620,69,9294.21
1620,70,9446.45
1620,71,9269.33
1620,72,9296.84
1620,73,9400.24
1620,74,9353.12
1620,75,9429.55
1620,76,9293.1
1620,77,9321.26
1620,78,9346.56
1620,79,9488.69
1620,80,9370.18
1620,81,9317.39
1620,82,9417.02
1620,83,9331.3
1620,84,9412.44
1620,85,9404.85
1620,86,9293.45
1620,87,9300.06
1620,88,9390.57
1620,89,9295.42
1620,90,9367.14
1620,91,9399.54
1620,92,9467.41
1620,93,9290.96
1620,94,9398.32
1620,95,9413.68
1620,96,9380.82
1620,97,9360.92
1620,98,9232.73
1620,99,9461.23
1630,0,9396.68
1630,1,9324.96
1630,2,9275.74
1630,3,9330.25
1630,4,9281.51
1630,5,9299.97
1630,6,9373.21
1630,7,9407.7
1630,8,9342.64
1630,9,9457.79
1630,10,9425.35
1630,11,9392.01
1630,12,9441.44
1630,13,9404.3
1630,14,9305.65
1630,15,9385.97
1630,16,9487.88
1630,17,9481.47
1630,18,9382.03
1630,19,9312.74
1630,20,9267.87
1630,21,9382.56
1630,22,9320.41
1630,23,9353.81
1630,24,9328.56
1630,25,9318.37
1630,26,9337.49
1630,27,9452.88
1630,28,9347.71
1630,29,9328.49
1630,30,9371.77
1630,31,9436.79
1630,32,9369.39
1630,33,9331.28
1630,34,9380.16
1630,35,9365.69
1630,36,9471.75
1630,37,9386.41
1630,38,9410.16
1630,39,9373.17
1630,40,9397.96
1630,41,9343.69
1630,42,9274.41
1630,43,9379.73
1630,44,9320.79
1630,45,9365.61
1630,46,9445.43
1630,47,9416.76
1630,48,9426.96
1630,49,9349.72
1630,50,9348.35
1630,51,9339.6
1630,52,9432.5
1630,53,9484.49
1630,54,9303.66
1630,55,9324.32
1630,56,9261.07
1630,57,9304.83
1630,58,9444.06
1630,59,9357.41
1630,60,9424.79
1630,61,9380.45
1630,62,9463.17
1630,63,9351.51
1630,64,9330.16
1630,65,9285.06
1630,66,9272.9
1630,67,9377.38
1630,68,9314.37
1630,69,9293.62
1630,70,9442.23
1630,71,9267.43
1630,72,9291.74
1630,73,9395.1
1630,74,9349.62
1630,75,9429.32
1630,76,9292.87
1630,77,9320.02
1630,78,9346.34
1630,79,9484.37
1630,80,9366.27
1630,81,9313.88
1630,82,9416.8
1630,83,9331.05
1630,84,9408.46
1630,85,9404.62
1630,86,9288.71
1630,87,9296.57
1630,88,9386.35
1630,89,9293.51
1630,90,9362.51
1630,91,9399.3
1630,92,9464.85
1630,93,9290.75
1630,94,9394.79
1630,95,9413.46
1630,96,9377.84
1630,97,9359.1
1630,98,9230.5
1630,99,9461
1640,0,9396.38
1640,1,9324.66
1640,2,9275.44
1640,3,9329.95
1640,4,9281.21
1640,5,9299.67
1640,6,9372.91
1640,7,9407.4
1640,8,9342.34
1640,9,9457.49
1640,10,9425.05
1640,11,9391.71
1640,12,9441.14
1640,13,9404
1640,14,9305.35
1640,15,9385.67
1640,16,9487.58
1640,17,9481.17
1640,18,9381.73
1640,19,9312.44
1640,20,9267.57
1640,21,9382.26
1640,22,9320.11
1640,23,9353.51
1640,24,9328.26
1640,25,9318.07
1640,26,9337.19
1640,27,9452.58
1640,28,9347.41
1640,29,9328.19
1640,30,9371.47
1640,31,9436.49
1640,32,9369.09
1640,33,9330.98
1640,34,9379.86
1640,35,9365.39
1640,36,9471.45
1640,37,9386.11
1640,38,9409.86
1640,39,9372.87
1640,40,9397.66
1640,41,9343.39
1640,42,9274.11
1640,43,9379.43
1640,44,9320.49
1640,45,9365.31
1640,46,9445.13
1640,47,9416.46
1640,48,9426.66
1640,49,9349.42
1640,50,9348.05
1640,51,9339.3
1640,52,9432.2
1640,53,9484.19
1640,54,9303.36
1640,55,9324.02
1640,56,9260.77
1640,57,9304.53
1640,58,9443.76
1640,59,9357.11
1640,60,9424.49
1640,61,9380.15
1640,62,9462.87
1640,63,9351.21
1640,64,9329.86
1640,65,9284.76
1640,66,9272.6
1640,67,9377.08
1640,68,9314.07
1640,69,9293.32
1640,70,9441.93
1640,71,9267.13
1640,72,9291.44
1640,73,9394.8
1640,74,9349.32
1640,75,9429.02
1640,76,9292.57
1640,77,9319.72
1640,78,9346.04
1640,79,9484.07
1640,80,9365.97
1640,81,9313.58
1640,82,9416.5
1640,83,9330.75
1640,84,9408.16
1640,85,9404.32
1640,86,9288.41
1640,87,9296.27
1640,88,9386.05
1640,89,9293.21
1640,90,9362.21
1640,91,9399
1640,92,9464.55
1640,93,9290.45
1640,94,9394.49
1640,95,9413.16
1640,96,9377.54
1640,97,9358.8
1640,98,9230.2
1640,99,9460.7
1650,0,9388.85
1650,1,9317.5
1650,2,9268.06
1650,3,9322.29
1650,4,9276.34
1650,5,9295.45
1650,6,9365.3
1650,7,9403.13
1650,8,9335.14
1650,9,9450.97
1650,10,9420.44
1650,11,9382.84
1650,12,9432.23
1650,13,9396.23
1650,14,9297.29
1650,15,9376.04
1650,16,9479.17
1650,17,9472.78
1650,18,9375.98
1650,19,9305.22
1650,20,9261.05
1650,21,9374.88
1650,22,9315.41
1650,23,9345.66
1650,24,9320.48
1650,25,9311.61
1650,26,9326.26
1650,27,9445.88
1650,28,9339.21
1650,29,9321.16
1650,30,9362.74
1650,31,9429.11
1650,32,9361.81
1650,33,9322.55
1650,34,9371.22
1650,35,9356.53
1650,36,9463.71
1650,37,9376.86
1650,38,9401.35
1650,39,9365.73
1650,40,9389.96
1650,41,9336.91
1650,42,9266.59
1650,43,9372.21
1650,44,9314.03
1650,45,9361.18
1650,46,9436.52
1650,47,9409.01
1650,48,9419.63
1650,49,9340.41
1650,50,9341.09
1650,51,9333.49
1650,52,9424.64
1650,53,9476.68
1650,54,9295.6
1650,55,9316.38
1650,56,9250.75
1650,57,9299.28
1650,58,9436.05
1650,59,9350.34
1650,60,9417.69
1650,61,9370.46
1650,62,9455.82
1650,63,9342.36
1650,64,9321.35
1650,65,9276.96
1650,66,9267.26
1650,67,9371.22
1650,68,9306.65
1650,69,9286.73
1650,70,9432.93
1650,71,9258.04
1650,72,9284.34
1650,73,9389.49
1650,74,9342.78
1650,75,9421.88
1650,76,9283.68
1650,77,9309.8
1650,78,9337.07
1650,79,9476.75
1650,80,9356.6
1650,81,9304.44
1650,82,9408.72
1650,83,9319.54
1650,84,9399.5
1650,85,9398.42
1650,86,9281.32
1650,87,9289.1
1650,88,9378.1
1650,89,9287.46
1650,90,9353.38
1650,91,9393.86
1650,92,9457.18
1650,93,9283.83
1650,94,9386.36
1650,95,9404.51
1650,96,9370.5
1650,97,9349.68
1650,98,9223.44
1650,99,9453.17
1660,0,9386.85
1660,1,9313.94
1660,2,9264.49
1660,3,9318.44
1660,4,9270.95
1660,5,9286.3
1660,6,9361.23
1660,7,9398.83
1660,8,9329.22
1660,9,9448.55
1660,10,9414.3
1660,11,9382.62
1660,12,9432
1660,13,9394.17
1660,14,9293.53
1660,15,9372.49
1660,16,9478.94
1660,17,9472.49
1660,18,9371.08
1660,19,9301.35
1660,20,9256
1660,21,9371.78
1660,22,9306.37
1660,23,9341.61
1660,24,9316.99
1660,25,9307.62
1660,26,9326.05
1660,27,9444.18
1660,28,9338.97
1660,29,9316.92
1660,30,9361.04
1660,31,9427.14
1660,32,9357.25
1660,33,9315.46
1660,34,9367.08
1660,35,9353.42
1660,36,9461.26
1660,37,9372.35
1660,38,9398.41
1660,39,9362.63
1660,40,9386.48
1660,41,9331.72
1660,42,9262.24
1660,43,9369.1
1660,44,9309.61
1660,45,9355.84
1660,46,9433.03
1660,47,9405.44
1660,48,9417.41
1660,49,9337.31
1660,50,9337.71
1660,51,9325.35
1660,52,9421.01
1660,53,9474.47
1660,54,9291.69
1660,55,9313.3
1660,56,9248.8
1660,57,9293.55
1660,58,9435.75
1660,59,9347.05
1660,60,9414.02
1660,61,9370.24
1660,62,9451.13
1660,63,9341.48
1660,64,9316.78
1660,65,9272.57
1660,66,9261.69
1660,67,9367.35
1660,68,9303.32
1660,69,9284.21
1660,70,9430.97
1660,71,9252.23
1660,72,9279.41
1660,73,9383.03
1660,74,9337.2
1660,75,9418.83
1660,76,9280.27
1660,77,9308.83
1660,78,9335.59
1660,79,9472.55
1660,80,9352.72
1660,81,9300.96
1660,82,9404.76
1660,83,9319.3
1660,84,9396.84
1660,85,9393.97
1660,86,9276.34
1660,87,9285.75
1660,88,9375.15
1660,89,9282.77
1660,90,9350.49
1660,91,9389.57
1660,92,9454.59
1660,93,9278.14
1660,94,9384.24
1660,95,9400.87
1660,96,9367.55
1660,97,9347.55
1660,98,9218.89
1660,99,9450.78
1670,0,9386.55
1670,1,9313.64
1670,2,9264.19
1670,3,9318.14
1670,4,9270.65
1670,5,9286
1670,6,9360.93
1670,7,9398.53
1670,8,9328.92
1670,9,9448.25
1670,10,9414
1670,11,9382.32
1670,12,9431.7
1670,13,9393.87
1670,14,9293.23
1670,15,9372.19
1670,16,9478.64
1670,17,9472.19
1670,18,9370.78
1670,19,9301.05
1670,20,9255.7
1670,21,9371.48
1670,22,9306.07
1670,23,9341.31
1670,24,9316.69
1670,25,9307.32
1670,26,9325.75
1670,27,9443.88
1670,28,9338.67
1670,29,9316.62
1670,30,9360.74
1670,31,9426.84
1670,32,9356.95
1670,33,9315.16
1670,34,9366.78
1670,35,9353.12
1670,36,9460.96
1670,37,9372.05
1670,38,9398.11
1670,39,9362.33
1670,40,9386.18
1670,41,9331.42
1670,42,9261.94
1670,43,9368.8
1670,44,9309.31
1670,45,9355.54
1670,46,9432.73
1670,47,9405.14
1670,48,9417.11
1670,49,9337.01
1670,50,9337.41
1670,51,9325.05
1670,52,9420.71
1670,53,9474.17
1670,54,9291.39
1670,55,9313
1670,56,9248.5
1670,57,9293.25
1670,58,9435.45
1670,59,9346.75
1670,60,9413.72
1670,61,9369.94
1670,62,9450.83
1670,63,9341.18
1670,64,9316.48
1670,65,9272.27
1670,66,9261.39
1670,67,9367.05
1670,68,9303.02
1670,69,9283.91
1670,70,9430.67
1670,71,9251.93
1670,72,9279.11
1670,73,9382.73
1670,74,9336.9
1670,75,9418.53
1670,76,9279.97
1670,77,9308.53
1670,78,9335.29
1670,79,9472.25
1670,80,9352.42
1670,81,9300.66
1670,82,9404.46
1670,83,9319
1670,84,9396.54
1670,85,9393.67
1670,86,9276.04
1670,87,9285.45
1670,88,9374.85
1670,89,9282.47
1670,90,9350.19
1670,91,9389.27
1670,92,9454.29
1670,93,9277.84
1670,94,9383.94
1670,95,9400.57
1670,96,9367.25
1670,97,9347.25
1670,98,9218.59
1670,99,9450.48
1680,0,9381.89
1680,1,9306.44
1680,2,9257.46
1680,3,9310.49
1680,4,9266.07
1680,5,9281.73
1680,6,9355.33
1680,7,9393.82
1680,8,9324.67
1680,9,9440.67
1680,10,9408.46
1680,11,9378.33
1680,12,9426.23
1680,13,9386.22
1680,14,9285.38
1680,15,9365.53
1680,16,9472.69
1680,17,9466.02
1680,18,9366.09
1680,19,9295.88
1680,20,9249.29
1680,21,9363.95
1680,22,9301.38
1680,23,9334.65
1680,24,9309.28
1680,25,9300.63
1680,26,9318.56
1680,27,9434.99
1680,28,9334.09
1680,29,9309.53
1680,30,9354.63
1680,31,9421.56
1680,32,9350.78
1680,33,9310.97
1680,34,9358.45
1680,35,9348.2
1680,36,9455.55
1680,37,9365.89
1680,38,9394.2
1680,39,9355.37
1680,40,9381.17
1680,41,9325.01
1680,42,9254.39
1680,43,9361.57
1680,44,9303.07
1680,45,9350.4
1680,46,9427.41
1680,47,9401.91
1680,48,9411.25
1680,49,9329.27
1680,50,9331.34
1680,51,9319.26
1680,52,9416.05
1680,53,9467.77
1680,54,9288.25
1680,55,9309.7
1680,56,9241.59
1680,57,9286.42
1680,58,9428.68
1680,59,9340.47
1680,60,9406.82
1680,61,9362.72
1680,62,9443.72
1680,63,9333.08
1680,64,9312.26
1680,65,9269.37
1680,66,9255.66
1680,67,9361.13
1680,68,9296.7
1680,69,9276.84
1680,70,9425.01
1680,71,9248.56
1680,72,9273.42
1680,73,9377.53
1680,74,9330
1680,75,9413.64
1680,76,9272.18
1680,77,9303.1
1680,78,9328.23
1680,79,9467.53
1680,80,9344.2
1680,81,9296.41
1680,82,9397.77
1680,83,9312.29
1680,84,9392
1680,85,9388.04
1680,86,9269.54
1680,87,9279.22
1680,88,9372.56
1680,89,9276.82
1680,90,9345.71
1680,91,9384.22
1680,92,9446.82
1680,93,9270.59
1680,94,9378.72
1680,95,9397.63
1680,96,9363.09
1680,97,9339.57
1680,98,9211.98
1680,99,9444.17
1690,0,9375.75
1690,1,9301.86
1690,2,9253.16
1690,3,9307.88
1690,4,9260.46
1690,5,9272.56
1690,6,9349.13
1690,7,9390.04
1690,8,9315.66
1690,9,9437.1
1690,10,9402.47
1690,11,9371.75
1690,12,9422.41
1690,13,9383.98
1690,14,9282.02
1690,15,9360.94
1690,16,9469.47
1690,17,9464.63
1690,18,9360.28
1690,19,9289.65
1690,20,9244.41
1690,21,9362.13
1690,22,9293.53
1690,23,9333.29
1690,24,9304.95
1690,25,9296.7
1690,26,9312.18
1690,27,9431.21
1690,28,9329.85
1690,29,9305.22
1690,30,9350.44
1690,31,9416.8
1690,32,9346.27
1690,33,9303.82
1690,34,9355.35
1690,35,9343.85
1690,36,9450.63
1690,37,9362.66
1690,38,9385.75
1690,39,9352.09
1690,40,9376.17
1690,41,9320.73
1690,42,9249.87
1690,43,9358.33
1690,44,9297.89
1690,45,9344.87
1690,46,9423.75
1690,47,9393.76
1690,48,9409.5
1690,49,9324.77
1690,50,9326.96
1690,51,9312.46
1690,52,9409.39
1690,53,9464.43
1690,54,9279.61
1690,55,9301.54
1690,56,9238.25
1690,57,9281.63
1690,58,9426.28
1690,59,9336.55
1690,60,9403.26
1690,61,9359.83
1690,62,9441.01
1690,63,9331.15
1690,64,9303.27
1690,65,9262.17
1690,66,9248.32
1690,67,9356.73
1690,68,9291.31
1690,69,9272.11
1690,70,9418.68
1690,71,9241.87
1690,72,9268.66
1690,73,9369.01
1690,74,9326.07
1690,75,9409.4
1690,76,9268.98
1690,77,9297.53
1690,78,9325.71
1690,79,9460.59
1690,80,9340.97
1690,81,9289.83
1690,82,9391.56
1690,83,9307.38
1690,84,9385.11
1690,85,9382.96
1690,86,9264.69
1690,87,9275.11
1690,88,9363.23
1690,89,9270.36
1690,90,9337.21
1690,91,9379.93
1690,92,9446.32
1690,93,9265.7
1690,94,9372.73
1690,95,9388.85
1690,96,9359.25
1690,97,9334.58
1690,98,9205.91
1690,99,9440.35
1700,0,9375.45
1700,1,9301.56
1700,2,9252.86
1700,3,9307.58
1700,4,9260.16
1700,5,9272.26
1700,6,9348.83
1700,7,9389.74
1700,8,9315.36
1700,9,9436.8
1700,10,9402.17
1700,11,9371.45
1700,12,9422.11
1700,13,9383.68
1700,14,9281.72
1700,15,9360.64
1700,16,9469.17
1700,17,9464.33
1700,18,9359.98
1700,19,9289.35
1700,20,9244.11
1700,21,9361.83
1700,22,9293.23
1700,23,9332.99
1700,24,9304.65
1700,25,9296.4
1700,26,9311.88
1700,27,9430.91
1700,28,9329.55
1700,29,9304.92
1700,30,9350.14
1700,31,9416.5
1700,32,9345.97
1700,33,9303.52
1700,34,9355.05
1700,35,9343.55
1700,36,9450.33
1700,37,9362.36
1700,38,9385.45
1700,39,9351.79
1700,40,9375.87
1700,41,9320.43
1700,42,9249.57
1700,43,9358.03
1700,44,9297.59
1700,45,9344.57
1700,46,9423.45
1700,47,9393.46
1700,48,9409.2
1700,49,9324.47
1700,50,9326.66
1700,51,9312.16
1700,52,9409.09
1700,53,9464.13
1700,54,9279.31
1700,55,9301.24
1700,56,9237.95
1700,57,9281.33
1700,58,9425.98
1700,59,9336.25
1700,60,9402.96
1700,61,9359.53
1700,62,9440.71
1700,63,9330.85
1700,64,9302.97
1700,65,9261.87
1700,66,9248.02
1700,67,9356.43
1700,68,9291.01
1700,69,9271.81
1700,70,9418.38
1700,71,9241.57
1700,72,9268.36
1700,73,9368.71
1700,74,9325.77
1700,75,9409.1
1700,76,9268.68
1700,77,9297.23
1700,78,9325.41
1700,79,9460.29
1700,80,9340.67
1700,81,9289.53
1700,82,9391.26
1700,83,9307.08
1700,84,9384.81
1700,85,9382.66
1700,86,9264.39
1700,87,9274.81
1700,88,9362.93
1700,89,9270.06
1700,90,9336.91
1700,91,9379.63
1700,92,9446.02
1700,93,9265.4
1700,94,9372.43
1700,95,9388.55
1700,96,9358.95
1700,97,9334.28
1700,98,9205.61
1700,99,9440.05
1710,0,9372.11
1710,1,9298.48
1710,2,9248.49
1710,3,9304.54
1710,4,9258.7
1710,5,9271.96
1710,6,9345.95
1710,7,9386.13
1710,8,9315.06
1710,9,9430.09
1710,10,9398.98
1710,11,9368.25
1710,12,9416.59
1710,13,9380.72
1710,14,9276.65
1710,15,9352.37
1710,16,9463.2
1710,17,9460.94
1710,18,9356
1710,19,9286.46
1710,20,9239.45
1710,21,9357.36
1710,22,9292.93
1710,23,9327.94
1710,24,9301.48
1710,25,9292.88
1710,26,9309.08
1710,27,9428.12
1710,28,9325.15
1710,29,9301.78
1710,30,9344.5
1710,31,9414.34
1710,32,9342.69
1710,33,9303.22
1710,34,9350.82
1710,35,9340.4
1710,36,9447.95
1710,37,9359.16
1710,38,9381.64
1710,39,9346.47
1710,40,9370.99
1710,41,9318.69
1710,42,9246.73
1710,43,9354.48
1710,44,9294.79
1710,45,9340.89
1710,46,9421.24
1710,47,9390.11
1710,48,9406.16
1710,49,9318.23
1710,50,9321.76
1710,51,9311.86
1710,52,9405.33
1710,53,9460.6
1710,54,9276.23
1710,55,9297.96
1710,56,9233.9
1710,57,9276.55
1710,58,9420.95
1710,59,9330
1710,60,9402.66
1710,61,9357.03
1710,62,9437.35
1710,63,9326.45
1710,64,9302.67
1710,65,9258.93
1710,66,9242.44
1710,67,9353.77
1710,68,9287.49
1710,69,9268.29
1710,70,9415.08
1710,71,9238.09
1710,72,9264.93
1710,73,9367.42
1710,74,9323.67
1710,75,9404.19
1710,76,9264.43
1710,77,9294.29
1710,78,9323.48
1710,79,9459.02
1710,80,9336.05
1710,81,9284.73
1710,82,9388.22
1710,83,9304.77
1710,84,9383.41
1710,85,9378.95
1710,86,9261.65
1710,87,9271.3
1710,88,9360.68
1710,89,9266.26
1710,90,9332.33
1710,91,9376.42
1710,92,9442.36
1710,93,9262.19
1710,94,9367.11
1710,95,9385.64
1710,96,9354.67
1710,97,9328.82
1710,98,9202.3
1710,99,9436.5
1720,0,9364.02
1720,1,9291.02
1720,2,9241.73
1720,3,9297.34
1720,4,9248.69
1720,5,9260.17
1720,6,9340.81
1720,7,9381.03
1720,8,9306.03
1720,9,9427.45
1720,10,9390.32
1720,11,9360.92
1720,12,9410.94
1720,13,9373.09
1720,14,9270.54
1720,15,9347.71
1720,16,9459.92
1720,17,9456.51
1720,18,9348.27
1720,19,9277.88
1720,20,9232.28
1720,21,9353.3
1720,22,9281.03
1720,23,9323.07
1720,24,9294.78
1720,25,9285.85
1720,26,9300.83
1720,27,9421.97
1720,28,9321.02
1720,29,9293.48
1720,30,9339.18
1720,31,9405.4
1720,32,9335.22
1720,33,9292.28
1720,34,9345.83
1720,35,9334.28
1720,36,9439.85
1720,37,9350.06
1720,38,9373.22
1720,39,9341.02
1720,40,9365.67
1720,41,9309.34
1720,42,9237.67
1720,43,9348.03
1720,44,9286.45
1720,45,9333.77
1720,46,9413.27
1720,47,9382.31
1720,48,9400.63
1720,49,9312.92
1720,50,9316.98
1720,51,9302.23
1720,52,9397.04
1720,53,9454.45
1720,54,9268.57
1720,55,9289.82
1720,56,9226.94
1720,57,9269.59
1720,58,9415.89
1720,59,9325.96
1720,60,9392.59
1720,61,9349.42
1720,62,9428.82
1720,63,9319.94
1720,64,9291.24
1720,65,9251.78
1720,66,9236.56
1720,67,9345.94
1720,68,9279.25
1720,69,9261.87
1720,70,9409.33
1720,71,9231.56
1720,72,9257.78
1720,73,9355
1720,74,9316.32
1720,75,9399.69
1720,76,9259.6
1720,77,9286.14
1720,78,9315.5
1720,79,9448.54
1720,80,9327.95
1720,81,9278.33
1720,82,9381.24
1720,83,9295.71
1720,84,9373.24
1720,85,9371.72
1720,86,9252.77
1720,87,9263.6
1720,88,9350.18
1720,89,9257.99
1720,90,9323.84
1720,91,9371.55
1720,92,9437.83
1720,93,9253.22
1720,94,9361.54
1720,95,9375.74
1720,96,9351.01
1720,97,9323.84
1720,98,9192.69
1720,99,9429.53
1730,0,9363.72
1730,1,9290.72
1730,2,9241.43
1730,3,9297.04
1730,4,9248.39
1730,5,9259.87
1730,6,9340.51
1730,7,9380.73
1730,8,9305.73
1730,9,9427.15
1730,10,9390.02
1730,11,9360.62
1730,12,9410.64
1730,13,9372.79
1730,14,9270.24
1730,15,9347.41
1730,16,9459.62
1730,17,9456.21
1730,18,9347.97
1730,19,9277.58
1730,20,9231.98
1730,21,9353
1730,22,9280.73
1730,23,9322.77
1730,24,9294.48
1730,25,9285.55
1730,26,9300.53
1730,27,9421.67
1730,28,9320.72
1730,29,9293.18
1730,30,9338.88
1730,31,9405.1
1730,32,9334.92
1730,33,9291.98
1730,34,9345.53
1730,35,9333.98
1730,36,9439.55
1730,37,9349.76
1730,38,9372.92
1730,39,9340.72
1730,40,9365.37
1730,41,9309.04
1730,42,9237.37
1730,43,9347.73
1730,44,9286.15
1730,45,9333.47
1730,46,9412.97
1730,47,9382.01
1730,48,9400.33
1730,49,9312.62
1730,50,9316.68
1730,51,9301.93
1730,52,9396.74
1730,53,9454.15
1730,54,9268.27
1730,55,9289.52
1730,56,9226.64
1730,57,9269.29
1730,58,9415.59
1730,59,9325.66
1730,60,9392.29
1730,61,9349.12
1730,62,9428.52
1730,63,9319.64
1730,64,9290.94
1730,65,9251.48
1730,66,9236.26
1730,67,9345.64
1730,68,9278.95
1730,69,9261.57
1730,70,9409.03
1730,71,9231.26
1730,72,9257.48
1730,73,9354.7
1730,74,9316.02
1730,75,9399.39
1730,76,9259.3
1730,77,9285.84
1730,78,9315.2
1730,79,9448.24
1730,80,9327.65
1730,81,9278.03
1730,82,9380.94
1730,83,9295.41
1730,84,9372.94
1730,85,9371.42
1730,86,9252.47
1730,87,9263.3
1730,88,9349.88
1730,89,9257.69
1730,90,9323.54
1730,91,9371.25
1730,92,9437.53
1730,93,9252.92
1730,94,9361.24
1730,95,9375.44
1730,96,9350.71
1730,97,9323.54
1730,98,9192.39
1730,99,9429.23
1740,0,9363.42
1740,1,9290.42
1740,2,9238.85
1740,3,9296.74
1740,4,9248.05
1740,5,9259.57
1740,6,9340.21
1740,7,9380.38
1740,8,9305.43
1740,9,9424.11
1740,10,9389.72
1740,11,9360.32
1740,12,9409.03
1740,13,9370.98
1740,14,9267.9
1740,15,9345.88
1740,16,9458.31
1740,17,9454.28
1740,18,9347.67
1740,19,9277.28
1740,20,9230.51
1740,21,9351.26
1740,22,9280.43
1740,23,9321.28
1740,24,9294.18
1740,25,9283.8
1740,26,9297.67
1740,27,9419.24
1740,28,9318.92
1740,29,9292.88
1740,30,9336.83
1740,31,9404.8
1740,32,9334.11
1740,33,9291.68
1740,34,9343.41
1740,35,9331.82
1740,36,9439.25
1740,37,9349.46
1740,38,9372.62
1740,39,9338.72
1740,40,9363.47
1740,41,9308.74
1740,42,9234.5
1740,43,9345.31
1740,44,9285.85
1740,45,9331.12
1740,46,9412.67
1740,47,9381.71
1740,48,9397.35
1740,49,9310.85
1740,50,9315.02
1740,51,9301.63
1740,52,9396.44
1740,53,9452.7
1740,54,9267.97
1740,55,9289.22
1740,56,9225.72
1740,57,9267.29
1740,58,9415.29
1740,59,9324.01
1740,60,9391.99
1740,61,9346.62
1740,62,9428.17
1740,63,9317.37
1740,64,9290.64
1740,65,9251.18
1740,66,9234.02
1740,67,9345.34
1740,68,9278.65
1740,69,9260.24
1740,70,9408.73
1740,71,9230.96
1740,72,9257.18
1740,73,9354.4
1740,74,9313.79
1740,75,9399.09
1740,76,9257.14
1740,77,9285.54
1740,78,9314.03
1740,79,9447.88
1740,80,9325.89
1740,81,9276.61
1740,82,9380.64
1740,83,9293.2
1740,84,9372.64
1740,85,9371.12
1740,86,9252.17
1740,87,9263
1740,88,9349.58
1740,89,9256.19
1740,90,9323.24
1740,91,9369.11
1740,92,9436.14
1740,93,9251.85
1740,94,9358.64
1740,95,9375.14
1740,96,9349.23
1740,97,9320.87
1740,98,9192.09
1740,99,9428.93
1750,0,9351.95
1750,1,9278.73
1750,2,9230.54
1750,3,9286.73
1750,4,9238.4
1750,5,9247.95
1750,6,9328.56
1750,7,9372.8
1750,8,9291
1750,9,9417.48
1750,10,9378.01
1750,11,9349.89
1750,12,9402.36
1750,13,9362.01
1750,14,9259
1750,15,9336.1
1750,16,9450.2
1750,17,9445.85
1750,18,9334.62
1750,19,9266.79
1750,20,9221.85
1750,21,9340.84
1750,22,9271.02
1750,23,9312.92
1750,24,9280.33
1750,25,9273.7
1750,26,9286.37
1750,27,9410.59
1750,28,9312.35
1750,29,9281.69
1750,30,9326.4
1750,31,9394.81
1750,32,9324.06
1750,33,9280.63
1750,34,9332.86
1750,35,9321.66
1750,36,9428.91
1750,37,9337.24
1750,38,9361.09
1750,39,9330.29
1750,40,9356.76
1750,41,9295.84
1750,42,9223.92
1750,43,9337.69
1750,44,9273.32
1750,45,9322.87
1750,46,9401.35
1750,47,9369.38
1750,48,9392.89
1750,49,9300
1750,50,9306.86
1750,51,9291.94
1750,52,9385.51
1750,53,9444.01
1750,54,9255.91
1750,55,9278.05
1750,56,9216.33
1750,57,9257.44
1750,58,9406.06
1750,59,9314.58
1750,60,9382.01
1750,61,9337.42
1750,62,9416.69
1750,63,9308.44
1750,64,9279.01
1750,65,9241.65
1750,66,9223.12
1750,67,9335
1750,68,9267.1
1750,69,9252.31
1750,70,9396.86
1750,71,9222.12
1750,72,9246.89
1750,73,9340.97
1750,74,9306.01
1750,75,9389.76
1750,76,9247.52
1750,77,9275.35
1750,78,9303.62
1750,79,9436.38
1750,80,9314.19
1750,81,9268.77
1750,82,9367.74
1750,83,9284.54
1750,84,9361.18
1750,85,9360.74
1750,86,9242.74
1750,87,9250.35
1750,88,9338.03
1750,89,9246.93
1750,90,9310.26
1750,91,9361.98
1750,92,9426.86
1750,93,9242
1750,94,9349.77
1750,95,9362.62
1750,96,9338.8
1750,97,9311.23
1750,98,9178.32
1750,99,9418.8
1760,0,9351.65
1760,1,9278.43
1760,2,9230.24
1760,3,9286.43
1760,4,9238.1
1760,5,9247.65
1760,6,9328.26
1760,7,9372.5
1760,8,9290.7
1760,9,9417.18
1760,10,9377.71
1760,11,9349.59
1760,12,9402.06
1760,13,9361.71
1760,14,9258.7
1760,15,9335.8
1760,16,9449.9
1760,17,9445.55
1760,18,9334.32
1760,19,9266.49
1760,20,9221.55
1760,21,9340.54
1760,22,9270.72
1760,23,9312.62
1760,24,9280.03
1760,25,9273.4
1760,26,9286.07
1760,27,9410.29
1760,28,9312.05
1760,29,9281.39
1760,30,9326.1
1760,31,9394.51
1760,32,9323.76
1760,33,9280.33
1760,34,9332.56
1760,35,9321.36
1760,36,9428.61
1760,37,9336.94
1760,38,9360.79
1760,39,9329.99
1760,40,9356.46
1760,41,9295.54
1760,42,9223.62
1760,43,9337.39
1760,44,9273.02
1760,45,9322.57
1760,46,9401.05
1760,47,9369.08
1760,48,9392.59
1760,49,9299.7
1760,50,9306.56
1760,51,9291.64
1760,52,9385.21
1760,53,9443.71
1760,54,9255.61
1760,55,9277.75
1760,56,9216.03
1760,57,9257.14
1760,58,9405.76
1760,59,9314.28
1760,60,9381.71
1760,61,9337.12
1760,62,9416.39
1760,63,9308.14
1760,64,9278.71
1760,65,9241.35
1760,66,9222.82
1760,67,9334.7
1760,68,9266.8
1760,69,9252.01
1760,70,9396.56
1760,71,9221.82
1760,72,9246.59
1760,73,9340.67
1760,74,9305.71
1760,75,9389.46
1760,76,9247.22
1760,77,9275.05
1760,78,9303.32
1760,79,9436.08
1760,80,9313.89
1760,81,9268.47
1760,82,9367.44
1760,83,9284.24
1760,84,9360.88
1760,85,9360.44
1760,86,9242.44
1760,87,9250.05
1760,88,9337.73
1760,89,9246.63
1760,90,9309.96
1760,91,9361.68
1760,92,9426.56
1760,93,9241.7
1760,94,9349.47
1760,95,9362.32
1760,96,9338.5
1760,97,9310.93
1760,98,9178.02
1760,99,9418.5
1770,0,9351.35
1770,1,9278.13
1770,2,9229.94
1770,3,9286.13
1770,4,9237.74
1770,5,9247.35
1770,6,9327.96
1770,7,9372.14
1770,8,9290.4
1770,9,9416.88
1770,10,9377.41
1770,11,9349.29
1770,12,9401.76
1770,13,9361.35
1770,14,9258.4
1770,15,9335.5
1770,16,9449.6
1770,17,9445.25
1770,18,9334.02
1770,19,9266.19
1770,20,9221.25
1770,21,9340.24
1770,22,9270.42
1770,23,9312.32
1770,24,9279.73
1770,25,9273.04
1770,26,9285.77
1770,27,9409.99
1770,28,9311.75
1770,29,9281.09
1770,30,9325.8
1770,31,9394.21
1770,32,9323
1770,33,9280.03
1770,34,9332.26
1770,35,9321.06
1770,36,9428.31
1770,37,9336.64
1770,38,9360.49
1770,39,9329.69
1770,40,9356.16
1770,41,9295.24
1770,42,9223.32
1770,43,9337.09
1770,44,9272.72
1770,45,9322.27
1770,46,9400.75
1770,47,9368.78
1770,48,9392.29
1770,49,9299.4
1770,50,9306.26
1770,51,9291.34
1770,52,9384.91
1770,53,9443.41
1770,54,9255.31
1770,55,9277.45
1770,56,9215.73
1770,57,9256.84
1770,58,9405.46
1770,59,9313.98
1770,60,9381.41
1770,61,9336.82
1770,62,9416.09
1770,63,9307.84
1770,64,9278.41
1770,65,9241.05
1770,66,9222.52
1770,67,9334.4
1770,68,9266.5
1770,69,9251.71
1770,70,9396.26
1770,71,9221.52
1770,72,9246.29
1770,73,9340.37
1770,74,9305.41
1770,75,9389.16
1770,76,9246.92
1770,77,9274.75
1770,78,9303.02
1770,79,9435.78
1770,80,9313.59
1770,81,9267.02
1770,82,9367.14
1770,83,9283.94
1770,84,9360.58
1770,85,9360.14
1770,86,9242.14
1770,87,9249.75
1770,88,9337.43
1770,89,9246.33
1770,90,9309.66
1770,91,9361.38
1770,92,9426.26
1770,93,9241.4
1770,94,9349.17
1770,95,9362.02
1770,96,9338.2
1770,97,9309.98
1770,98,9177.72
1770,99,9418.2
1780,0,9339.64
1780,1,9266.63
1780,2,9219.71
1780,3,9275.85
1780,4,9227.74
1780,5,9238.76
1780,6,9316.17
1780,7,9365.17
1780,8,9280.49
1780,9,9408.74
1780,10,9366.97
1780,11,9339.22
1780,12,9392.27
1780,13,9350.82
1780,14,9250.26
1780,15,9322.19
1780,16,9440.25
1780,17,9436.29
1780,18,9324.28
1780,19,9255.02
1780,20,9209.17
1780,21,9331.26
1780,22,9261.25
1780,23,9304.78
1780,24,9270.37
1780,25,9262.45
1780,26,9274
1780,27,9402.16
1780,28,9302.69
1780,29,9271.29
1780,30,9317.87
1780,31,9384.63
1780,32,9312.76
1780,33,9266.85
1780,34,9322.99
1780,35,9311.46
1780,36,9417.79
1780,37,9327.46
1780,38,9352.71
1780,39,9320.61
1780,40,9348.54
1780,41,9284.03
1780,42,9208.37
1780,43,9326.68
1780,44,9264.51
1780,45,9311.91
1780,46,9389.05
1780,47,9357.39
1780,48,9384.08
1780,49,9286.78
1780,50,9295.98
1780,51,9281.83
1780,52,9374.54
1780,53,9435.94
1780,54,9243.67
1780,55,9269.02
1780,56,9204.79
1780,57,9245.16
1780,58,9396
1780,59,9303.68
1780,60,9369.3
1780,61,9326.37
1780,62,9405.04
1780,63,9295.9
1780,64,9270
1780,65,9231.34
1780,66,9213.04
1780,67,9323.9
1780,68,9254.61
1780,69,9242.42
1780,70,9385.88
1780,71,9209.82
1780,72,9233.98
1780,73,9330.46
1780,74,9296.96
1780,75,9380.16
1780,76,9235.41
1780,77,9264.02
1780,78,9291.26
1780,79,9426.95
1780,80,9303.98
1780,81,9257.77
1780,82,9356.9
1780,83,9272.72
1780,84,9348.62
1780,85,9350.19
1780,86,9230.97
1780,87,9241.33
1780,88,9329.41
1780,89,9236.27
1780,90,9300.78
1780,91,9351.91
1780,92,9415.7
1780,93,9230.19
1780,94,9339.34
1780,95,9352.55
1780,96,9329.86
1780,97,9298.64
1780,98,9167.09
1780,99,9407.89
1790,0,9339.34
1790,1,9266.33
1790,2,9219.41
1790,3,9275.55
1790,4,9227.44
1790,5,9238.46
1790,6,9315.87
1790,7,9364.87
1790,8,9280.19
1790,9,9408.44
1790,10,9366.67
1790,11,9338.92
1790,12,9391.97
1790,13,9350.52
1790,14,9249.96
1790,15,9321.89
1790,16,9439.95
1790,17,9435.99
1790,18,9323.98
1790,19,9254.72
1790,20,9208.87
1790,21,9330.96
1790,22,9260.95
1790,23,9304.48
1790,24,9270.07
1790,25,9262.15
1790,26,9273.7
1790,27,9401.86
1790,28,9302.39
1790,29,9270.99
1790,30,9317.57
1790,31,9384.33
1790,32,9312.46
1790,33,9266.55
1790,34,9322.69
1790,35,9311.16
1790,36,9417.49
1790,37,9327.16
1790,38,9352.41
1790,39,9320.31
1790,40,9348.24
1790,41,9283.73
1790,42,9208.07
1790,43,9326.38
1790,44,9264.21
1790,45,9311.61
1790,46,9388.75
1790,47,9357.09
1790,48,9383.78
1790,49,9286.48
1790,50,9295.68
1790,51,9281.53
1790,52,9374.24
1790,53,9435.64
1790,54,9243.37
1790,55,9268.72
1790,56,9204.49
1790,57,9244.86
1790,58,9395.7
1790,59,9303.38
1790,60,9369
1790,61,9326.07
1790,62,9404.74
1790,63,9295.6
1790,64,9269.7
1790,65,9231.04
1790,66,9212.74
1790,67,9323.6
1790,68,9254.31
1790,69,9242.12
1790,70,9385.58
1790,71,9209.52
1790,72,9233.68
1790,73,9330.16
1790,74,9296.66
1790,75,9379.86
1790,76,9235.11
1790,77,9263.72
1790,78,9290.96
1790,79,9426.65
1790,80,9303.68
1790,81,9257.47
1790,82,9356.6
1790,83,9272.42
1790,84,9348.32
1790,85,9349.89
1790,86,9230.67
1790,87,9241.03
1790,88,9329.11
1790,89,9235.97
1790,90,9300.48
1790,91,9351.61
1790,92,9415.4
1790,93,9229.89
1790,94,9339.04
1790,95,9352.25
1790,96,9329.56
1790,97,9298.34
1790,98,9166.79
1790,99,9407.59
1800,0,9339.04
1800,1,9266.03
1800,2,9219.11
1800,3,9275.25
1800,4,9227.14
1800,5,9238.16
1800,6,9315.57
1800,7,9364.57
1800,8,9279.89
1800,9,9408.14
1800,10,9366.37
1800,11,9338.62
1800,12,9391.67
1800,13,9350.22
1800,14,9249.66
1800,15,9321.59
1800,16,9439.65
1800,17,9435.69
1800,18,9323.68
1800,19,9254.42
1800,20,9208.57
1800,21,9330.66
1800,22,9260.65
1800,23,9304.18
1800,24,9269.77
1800,25,9261.85
1800,26,9273.4
1800,27,9401.56
1800,28,9302.09
1800,29,9270.69
1800,30,9317.27
1800,31,9384.03
1800,32,9312.16
1800,33,9266.25
1800,34,9322.39
1800,35,9310.86
1800,36,9417.19
1800,37,9326.86
1800,38,9352.11
1800,39,9320.01
1800,40,9347.94
1800,41,9283.43
1800,42,9207.77
1800,43,9326.08
1800,44,9263.91
1800,45,9311.31
1800,46,9388.45
1800,47,9356.79
1800,48,9383.48
1800,49,9286.18
1800,50,9295.38
1800,51,9281.23
1800,52,9373.94
1800,53,9435.34
1800,54,9243.07
1800,55,9268.42
1800,56,9204.19
1800,57,9244.56
1800,58,9395.4
1800,59,9303.08
1800,60,9368.7
1800,61,9325.77
1800,62,9404.44
1800,63,9295.3
1800,64,9269.4
1800,65,9230.74
1800,66,9212.44
1800,67,9323.3
1800,68,9254.01
1800,69,9241.82
1800,70,9385.28
1800,71,9209.22
1800,72,9233.38
1800,73,9329.86
1800,74,9296.36
1800,75,9379.56
1800,76,9234.81
1800,77,9263.42
1800,78,9290.66
1800,79,9426.35
1800,80,9303.38
1800,81,9257.17
1800,82,9356.3
1800,83,9272.12
1800,84,9348.02
1800,85,9349.59
1800,86,9230.37
1800,87,9240.73
1800,88,9328.81
1800,89,9235.67
1800,90,9300.18
1800,91,9351.31
1800,92,9415.1
1800,93,9229.59
1800,94,9338.74
1800,95,9351.95
1800,96,9329.26
1800,97,9298.04
1800,98,9166.49
1800,99,9407.29
1810,0,9327.19
1810,1,9257.16
1810,2,9208
1810,3,9265.66
1810,4,9214.77
1810,5,9229.6
1810,6,9308.1
1810,7,9357.52
1810,8,9270.04
1810,9,9399.72
1810,10,9356.18
1810,11,9328.55
1810,12,9382.06
1810,13,9339.32
1810,14,9241.7
1810,15,9308.44
1810,16,9429.34
1810,17,9427.26
1810,18,9313.93
1810,19,9243.54
1810,20,9196.88
1810,21,9321.63
1810,22,9250.42
1810,23,9294.74
1810,24,9260.42
1810,25,9251.03
1810,26,9260.63
1810,27,9393.7
1810,28,9293.35
1810,29,9260.53
1810,30,9309.46
1810,31,9373.72
1810,32,9300.56
1810,33,9255.44
1810,34,9311.71
1810,35,9301.59
1810,36,9406.51
1810,37,9317.7
1810,38,9342.85
1810,39,9310.84
1810,40,9338.32
1810,41,9272.23
1810,42,9197.62
1810,43,9319.06
1810,44,9255.45
1810,45,9301.15
1810,46,9379.63
1810,47,9345.44
1810,48,9373.98
1810,49,9274.88
1810,50,9287.63
1810,51,9271.74
1810,52,9363.43
1810,53,9427.78
1810,54,9231.68
1810,55,9259.13
1810,56,9193.19
1810,57,9232.76
1810,58,9386.22
1810,59,9295.63
1810,60,9358.78
1810,61,9314.66
1810,62,9394.24
1810,63,9283.15
1810,64,9259.58
1810,65,9221.19
1810,66,9202.24
1810,67,9312.63
1810,68,9246.43
1810,69,9229.7
1810,70,9376.09
1810,71,9200.17
1810,72,9223.49
1810,73,9319.47
1810,74,9286.43
1810,75,9369
1810,76,9225.64
1810,77,9252.81
1810,78,9279.88
1810,79,9415.84
1810,80,9291.82
1810,81,9243.02
1810,82,9346.15
1810,83,9261.28
1810,84,9338.88
1810,85,9338.25
1810,86,9219.27
1810,87,9232.29
1810,88,9318.59
1810,89,9224.91
1810,90,9289.17
1810,91,9339.9
1810,92,9406.64
1810,93,9218.32
1810,94,9331.03
1810,95,9342.37
1810,96,9320.34
1810,97,9288.54
1810,98,9155.95
1810,99,9396.28
1820,0,9326.89
1820,1,9256.86
1820,2,9207.7
1820,3,9265.36
1820,4,9214.47
1820,5,9229.3
1820,6,9307.8
1820,7,9357.22
1820,8,9269.74
1820,9,9399.42
1820,10,9355.88
1820,11,9328.25
1820,12,9381.76
1820,13,9339.02
1820,14,9241.4
1820,15,9308.14
1820,16,9429.04
1820,17,9426.96
1820,18,9313.63
1820,19,9243.24
1820,20,9196.58
1820,21,9321.33
1820,22,9250.12
1820,23,9294.44
1820,24,9260.12
1820,25,9250.73
1820,26,9260.33
1820,27,9393.4
1820,28,9293.05
1820,29,9260.23
1820,30,9309.16
1820,31,9373.42
1820,32,9300.26
1820,33,9255.14
1820,34,9311.41
1820,35,9301.29
1820,36,9406.21
1820,37,9317.4
1820,38,9342.55
1820,39,9310.54
1820,40,9338.02
1820,41,9271.93
1820,42,9197.32
1820,43,9318.76
1820,44,9255.15
1820,45,9300.85
1820,46,9379.33
1820,47,9345.14
1820,48,9373.68
1820,49,9274.58
1820,50,9287.33
1820,51,9271.44
1820,52,9363.13
1820,53,9427.48
1820,54,9231.38
1820,55,9258.83
1820,56,9192.89
1820,57,9232.46
1820,58,9385.92
1820,59,9295.33
1820,60,9358.48
1820,61,9314.36
1820,62,9393.94
1820,63,9282.85
1820,64,9259.28
1820,65,9220.89
1820,66,9201.94
1820,67,9312.33
1820,68,9246.13
1820,69,9229.4
1820,70,9375.79
1820,71,9199.87
1820,72,9223.19
1820,73,9319.17
1820,74,9286.13
1820,75,9368.7
1820,76,9225.34
1820,77,9252.51
1820,78,9279.58
1820,79,9415.54
1820,80,9291.52
1820,81,9242.72
1820,82,9345.85
1820,83,9260.98
1820,84,9338.58
1820,85,9337.95
1820,86,9218.97
1820,87,9231.99
1820,88,9318.29
1820,89,9224.61
1820,90,9288.87
1820,91,9339.6
1820,92,9406.34
1820,93,9218.02
1820,94,9330.73
1820,95,9342.07
1820,96,9320.04
1820,97,9288.24
1820,98,9155.65
1820,99,9395.98
1830,0,9326.59
1830,1,9256.56
1830,2,9207.4
1830,3,9265.06
1830,4,9214.17
1830,5,9229
1830,6,9307.5
1830,7,9356.92
1830,8,9269.44
1830,9,9399.12
1830,10,9355.58
1830,11,9327.95
1830,12,9381.46
1830,13,9338.72
1830,14,9241.1
1830,15,9307.84
1830,16,9428.74
1830,17,9426.66
1830,18,9313.33
1830,19,9242.94
1830,20,9196.28
1830,21,9321.03
1830,22,9249.82
1830,23,9294.14
1830,24,9259.82
1830,25,9250.43
1830,26,9260.03
1830,27,9393.1
1830,28,9292.75
1830,29,9259.93
1830,30,9308.86
1830,31,9373.12
1830,32,9299.96
1830,33,9254.84
1830,34,9311.11
1830,35,9300.99
1830,36,9405.91
1830,37,9317.1
1830,38,9342.25
1830,39,9310.24
1830,40,9337.72
1830,41,9271.63
1830,42,9197.02
1830,43,9318.46
1830,44,9254.85
1830,45,9300.55
1830,46,9379.03
1830,47,9344.84
1830,48,9373.38
1830,49,9274.28
1830,50,9287.03
1830,51,9271.14
1830,52,9362.83
1830,53,9427.18
1830,54,9231.08
1830,55,9258.53
1830,56,9192.59
1830,57,9232.16
1830,58,9385.62
1830,59,9295.03
1830,60,9358.18
1830,61,9314.06
1830,62,9393.64
1830,63,9282.55
1830,64,9258.98
1830,65,9220.59
1830,66,9201.64
1830,67,9312.03
1830,68,9245.83
1830,69,9229.1
1830,70,9375.49
1830,71,9199.57
1830,72,9222.89
1830,73,9318.87
1830,74,9285.83
1830,75,9368.4
1830,76,9225.04
1830,77,9252.21
1830,78,9279.28
1830,79,9415.24
1830,80,9291.22
1830,81,9242.42
1830,82,9345.55
1830,83,9260.68
1830,84,9338.28
1830,85,9337.65
1830,86,9218.67
1830,87,9231.69
1830,88,9317.99
1830,89,9224.31
1830,90,9288.57
1830,91,9339.3
1830,92,9406.04
1830,93,9217.72
1830,94,9330.43
1830,95,9341.77
1830,96,9319.74
1830,97,9287.94
1830,98,9155.35
1830,99,9395.68
1840,0,9317.67
1840,1,9247.61
1840,2,9194.87
1840,3,9257.03
1840,4,9203.97
1840,5,9220.45
1840,6,9296.86
1840,7,9349.39
1840,8,9259.79
1840,9,9390.36
1840,10,9344.96
1840,11,9319.53
1840,12,9371.73
1840,13,9329.49
1840,14,9230.47
1840,15,9296.03
1840,16,9418.71
1840,17,9418.05
1840,18,9303.86
1840,19,9233.5
1840,20,9186.05
1840,21,9310.04
1840,22,9240.9
1840,23,9284.54
1840,24,9249.7
1840,25,9239.6
1840,26,9248.08
1840,27,9384.77
1840,28,9282.83
1840,29,9249.57
1840,30,9298.53
1840,31,9362.63
1840,32,9288.16
1840,33,9245.38
1840,34,9301.2
1840,35,9292.57
1840,36,9395.01
1840,37,9306.7
1840,38,9333.9
1840,39,9302.31
1840,40,9326.35
1840,41,9259.27
1840,42,9183.95
1840,43,9308.57
1840,44,9247.26
1840,45,9289.35
1840,46,9370.13
1840,47,9331.82
1840,48,9365.64
1840,49,9264.35
1840,50,9277
1840,51,9261.88
1840,52,9354.01
1840,53,9419.34
1840,54,9216.82
1840,55,9250.35
1840,56,9182.38
1840,57,9220.61
1840,58,9376.18
1840,59,9285.46
1840,60,9348.48
1840,61,9302.47
1840,62,9384.61
1840,63,9270.4
1840,64,9250.56
1840,65,9211.48
1840,66,9191.48
1840,67,9301.19
1840,68,9234.38
1840,69,9219.51
1840,70,9364.82
1840,71,9191.85
1840,72,9214.26
1840,73,9310.07
1840,74,9276.1
1840,75,9358.25
1840,76,9215.98
1840,77,9242.94
1840,78,9266.03
1840,79,9401.99
1840,80,9281.18
1840,81,9230.31
1840,82,9335.31
1840,83,9249.62
1840,84,9330.46
1840,85,9327.44
1840,86,9210.08
1840,87,9221.21
1840,88,9309.97
1840,89,9213.37
1840,90,9279.92
1840,91,9329.01
1840,92,9397.22
1840,93,9204.28
1840,94,9321.97
1840,95,9332.43
1840,96,9310.88
1840,97,9275.82
1840,98,9144.89
1840,99,9384.89
1850,0,9317.37
1850,1,9247.31
1850,2,9194.57
1850,3,9256.73
1850,4,9203.67
1850,5,9220.15
1850,6,9296.56
1850,7,9349.09
1850,8,9259.49
1850,9,9390.06
1850,10,9344.66
1850,11,9319.23
1850,12,9371.43
1850,13,9329.19
1850,14,9230.17
1850,15,9295.73
1850,16,9418.41
1850,17,9417.75
1850,18,9303.56
1850,19,9233.2
1850,20,9185.75
1850,21,9309.74
1850,22,9240.6
1850,23,9284.24
1850,24,9249.4
1850,25,9239.3
1850,26,9247.78
1850,27,9384.47
1850,28,9282.53
1850,29,9249.27
1850,30,9298.23
1850,31,9362.33
1850,32,9287.86
1850,33,9245.08
1850,34,9300.9
1850,35,9292.27
1850,36,9394.71
1850,37,9306.4
1850,38,9333.6
1850,39,9302.01
1850,40,9326.05
1850,41,9258.97
1850,42,9183.65
1850,43,9308.27
1850,44,9246.96
1850,45,9289.05
1850,46,9369.83
1850,47,9331.52
1850,48,9365.34
1850,49,9264.05
1850,50,9276.7
1850,51,9261.58
1850,52,9353.71
1850,53,9419.04
1850,54,9216.52
1850,55,9250.05
1850,56,9182.08
1850,57,9220.31
1850,58,9375.88
1850,59,9285.16
1850,60,9348.18
1850,61,9302.17
1850,62,9384.31
1850,63,9270.1
1850,64,9250.26
1850,65,9211.18
1850,66,9191.18
1850,67,9300.89
1850,68,9234.08
1850,69,9219.21
1850,70,9364.52
1850,71,9191.55
1850,72,9213.96
1850,73,9309.77
1850,74,9275.8
1850,75,9357.95
1850,76,9215.68
1850,77,9242.64
1850,78,9265.73
1850,79,9401.69
1850,80,9280.88
1850,81,9230.01
1850,82,9335.01
1850,83,9249.32
1850,84,9330.16
1850,85,9327.14
1850,86,9209.78
1850,87,9220.91
1850,88,9309.67
1850,89,9213.07
1850,90,9279.62
1850,91,9328.71
1850,92,9396.92
1850,93,9203.98
1850,94,9321.67
1850,95,9332.13
1850,96,9310.58
1850,97,9275.52
1850,98,9144.59
1850,99,9384.59
1860,0,9317.07
1860,1,9247.01
1860,2,9194.27
1860,3,9256.43
1860,4,9203.37
1860,5,9219.85
1860,6,9296.26
1860,7,9348.79
1860,8,9259.19
1860,9,9389.76
1860,10,9344.36
1860,11,9318.93
1860,12,9371.13
1860,13,9328.89
1860,14,9229.87
1860,15,9295.43
1860,16,9418.11
1860,17,9417.45
1860,18,9303.26
1860,19,9232.9
1860,20,9185.45
1860,21,9309.44
1860,22,9240.3
1860,23,9283.94
1860,24,9249.1
1860,25,9239
1860,26,9247.48
1860,27,9384.17
1860,28,9282.23
1860,29,9248.97
1860,30,9297.93
1860,31,9362.03
1860,32,9287.56
1860,33,9244.78
1860,34,9300.6
1860,35,9291.97
1860,36,9394.41
1860,37,9306.1
1860,38,9333.3
1860,39,9301.71
1860,40,9325.75
1860,41,9258.67
1860,42,9183.35
1860,43,9307.97
1860,44,9246.66
1860,45,9288.75
1860,46,9369.53
1860,47,9331.22
1860,48,9365.04
1860,49,9263.75
1860,50,9276.4
1860,51,9261.28
1860,52,9353.41
1860,53,9418.74
1860,54,9216.22
1860,55,9249.75
1860,56,9181.78
1860,57,9220.01
1860,58,9375.58
1860,59,9284.86
1860,60,9347.88
1860,61,9301.87
1860,62,9384.01
1860,63,9269.8
1860,64,9249.96
1860,65,9210.88
1860,66,9190.88
1860,67,9300.59
1860,68,9233.78
1860,69,9218.91
1860,70,9364.22
1860,71,9191.25
1860,72,9213.66
1860,73,9309.47
1860,74,9275.5
1860,75,9357.65
1860,76,9215.38
1860,77,9242.34
1860,78,9265.43
1860,79,9401.39
1860,80,9280.58
1860,81,9229.71
1860,82,9334.71
1860,83,9249.02
1860,84,9329.86
1860,85,9326.84
1860,86,9209.48
1860,87,9220.61
1860,88,9309.37
1860,89,9212.77
1860,90,9279.32
1860,91,9328.41
1860,92,9396.62
1860,93,9203.68
1860,94,9321.37
1860,95,9331.83
1860,96,9310.28
1860,97,9275.22
1860,98,9144.29
1860,99,9384.29
1870,0,9308.34
1870,1,9236.8
1870,2,9184.41
1870,3,9247.79
1870,4,9192.94
1870,5,9211.34
1870,6,9288.77
1870,7,9341.82
1870,8,9249.66
1870,9,9381.21
1870,10,9336.61
1870,11,9310.36
1870,12,9360.83
1870,13,9318.91
1870,14,9221.33
1870,15,9283.48
1870,16,9408.3
1870,17,9409.07
1870,18,9293.99
1870,19,9223.39
1870,20,9175.05
1870,21,9301.44
1870,22,9231.48
1870,23,9276.81
1870,24,9239.16
1870,25,9228.2
1870,26,9235.36
1870,27,9375.6
1870,28,9273.39
1870,29,9240.22
1870,30,9290.39
1870,31,9351.39
1870,32,9276.5
1870,33,9235.37
1870,34,9290.96
1870,35,9283.62
1870,36,9383.37
1870,37,9295.71
1870,38,9324.71
1870,39,9293.84
1870,40,9315.42
1870,41,9248.8
1870,42,9171.05
1870,43,9298.37
1870,44,9238.35
1870,45,9276.89
1870,46,9360.61
1870,47,9322.95
1870,48,9355.84
1870,49,9253.57
1870,50,9269.37
1870,51,9251.86
1870,52,9344.74
1870,53,9411.67
1870,54,9201.48
1870,55,9240.88
1870,56,9173.22
1870,57,9209.28
1870,58,9365.73
1870,59,9277.31
1870,60,9338.17
1870,61,9291.03
1870,62,9373.75
1870,63,9259.35
1870,64,9241.55
1870,65,9202.65
1870,66,9179.93
1870,67,9289.58
1870,68,9226.04
1870,69,9207.32
1870,70,9355.01
1870,71,9183.61
1870,72,9204.45
1870,73,9299.48
1870,74,9266.25
1870,75,9347.24
1870,76,9206.39
1870,77,9233.19
1870,78,9254.74
1870,79,9391.07
1870,80,9270.35
1870,81,9217.53
1870,82,9324.42
1870,83,9240.88
1870,84,9320.95
1870,85,9316.28
1870,86,9198.49
1870,87,9213.6
1870,88,9300.3
1870,89,9201.66
1870,90,9269.19
1870,91,9316.63
1870,92,9387.61
1870,93,9193.94
1870,94,9312.94
1870,95,9322.4
1870,96,9301.44
1870,97,9262.73
1870,98,9133.96
1870,99,9373.15
1880,0,9308.04
1880,1,9236.5
1880,2,9184.11
1880,3,9247.49
1880,4,9192.64
1880,5,9211.04
1880,6,9288.47
1880,7,9341.52
1880,8,9249.36
1880,9,9380.91
1880,10,9336.31
1880,11,9310.06
1880,12,9360.53
1880,13,9318.61
1880,14,9221.03
1880,15,9283.18
1880,16,9408
1880,17,9408.77
1880,18,9293.69
1880,19,9223.09
1880,20,9174.75
1880,21,9301.14
1880,22,9231.18
1880,23,9276.51
1880,24,9238.86
1880,25,9227.9
1880,26,9235.06
1880,27,9375.3
1880,28,9273.09
1880,29,9239.92
1880,30,9290.09
1880,31,9351.09
1880,32,9276.2
1880,33,9235.07
1880,34,9290.66
1880,35,9283.32
1880,36,9383.07
1880,37,9295.41
1880,38,9324.41
1880,39,9293.54
1880,40,9315.12
1880,41,9248.5
1880,42,9170.75
1880,43,9298.07
1880,44,9238.05
1880,45,9276.59
1880,46,9360.31
1880,47,9322.65
1880,48,9355.54
1880,49,9253.27
1880,50,9269.07
1880,51,9251.56
1880,52,9344.44
1880,53,9411.37
1880,54,9201.18
1880,55,9240.58
1880,56,9172.92
1880,57,9208.98
1880,58,9365.43
1880,59,9277.01
1880,60,9337.87
1880,61,9290.73
1880,62,9373.45
1880,63,9259.05
1880,64,9241.25
1880,65,9202.35
1880,66,9179.63
1880,67,9289.28
1880,68,9225.74
1880,69,9207.02
1880,70,9354.71
1880,71,9183.31
1880,72,9204.15
1880,73,9299.18
1880,74,9265.95
1880,75,9346.94
1880,76,9206.09
1880,77,9232.89
1880,78,9254.44
1880,79,9390.77
1880,80,9270.05
1880,81,9217.23
1880,82,9324.12
1880,83,9240.58
1880,84,9320.65
1880,85,9315.98
1880,86,9198.19
1880,87,9213.3
1880,88,9300
1880,89,9201.36
1880,90,9268.89
1880,91,9316.33
1880,92,9387.31
1880,93,9193.64
1880,94,9312.64
1880,95,9322.1
1880,96,9301.14
1880,97,9262.43
1880,98,9133.66
1880,99,9372.85
1890,0,9307.74
1890,1,9236.2
1890,2,9183.81
1890,3,9247.19
1890,4,9192.34
1890,5,9210.74
1890,6,9288.17
1890,7,9341.22
1890,8,9249.06
1890,9,9380.61
1890,10,9336.01
1890,11,9309.76
1890,12,9360.23
1890,13,9318.31
1890,14,9220.73
1890,15,9282.88
1890,16,9407.7
1890,17,9408.47
1890,18,9293.39
1890,19,9222.79
1890,20,9174.45
1890,21,9300.84
1890,22,9230.88
1890,23,9276.21
1890,24,9238.56
1890,25,9227.6
1890,26,9234.76
1890,27,9375
1890,28,9272.79
1890,29,9239.62
1890,30,9289.79
1890,31,9350.79
1890,32,9275.9
1890,33,9234.77
1890,34,9290.36
1890,35,9283.02
1890,36,9382.77
1890,37,9295.11
1890,38,9324.11
1890,39,9293.24
1890,40,9314.82
1890,41,9248.2
1890,42,9170.45
1890,43,9297.77
1890,44,9237.75
1890,45,9276.29
1890,46,9360.01
1890,47,9322.35
1890,48,9355.24
1890,49,9252.97
1890,50,9268.77
1890,51,9251.26
1890,52,9344.14
1890,53,9411.07
1890,54,9200.88
1890,55,9240.28
1890,56,9172.62
1890,57,9208.68
1890,58,9365.13
1890,59,9276.71
1890,60,9337.57
1890,61,9290.43
1890,62,9373.15
1890,63,9258.75
1890,64,9240.95
1890,65,9202.05
1890,66,9179.33
1890,67,9288.98
1890,68,9225.44
1890,69,9206.72
1890,70,9354.41
1890,71,9183.01
1890,72,9203.85
1890,73,9298.88
1890,74,9265.65
1890,75,9346.64
1890,76,9205.79
1890,77,9232.59
1890,78,9254.14
1890,79,9390.47
1890,80,9269.75
1890,81,9216.93
1890,82,9323.82
1890,83,9240.28
1890,84,9320.35
1890,85,9315.68
1890,86,9197.89
1890,87,9213
1890,88,9299.7
1890,89,9201.06
1890,90,9268.59
1890,91,9316.03
1890,92,9387.01
1890,93,9193.34
1890,94,9312.34
1890,95,9321.8
1890,96,9300.84
1890,97,9262.13
1890,98,9133.36
1890,99,9372.55
1900,0,9296.33
1900,1,9228.98
1900,2,9171.18
1900,3,9239.25
1900,4,9181.68
1900,5,9202.24
1900,6,9280.68
1900,7,9335.27
1900,8,9237.02
1900,9,9369.77
1900,10,9328.28
1900,11,9301.17
1900,12,9350.25
1900,13,9308.11
1900,14,9212.21
1900,15,9273.46
1900,16,9397.63
1900,17,9399.71
1900,18,9284.24
1900,19,9212.19
1900,20,9163.89
1900,21,9292.01
1900,22,9222.13
1900,23,9267.83
1900,24,9229.9
1900,25,9214.85
1900,26,9222.52
1900,27,9366.52
1900,28,9264.28
1900,29,9230.79
1900,30,9280.68
1900,31,9340.04
1900,32,9263.82
1900,33,9225.99
1900,34,9280.51
1900,35,9274.15
1900,36,9371.66
1900,37,9284.65
1900,38,9315.87
1900,39,9285.14
1900,40,9304.32
1900,41,9237.48
1900,42,9157.46
1900,43,9288.23
1900,44,9227.77
1900,45,9264.32
1900,46,9350.96
1900,47,9311.16
1900,48,9344.74
1900,49,9243.24
1900,50,9259.73
1900,51,9241.89
1900,52,9335.58
1900,53,9403.9
1900,54,9188.37
1900,55,9232.99
1900,56,9161.97
1900,57,9196.52
1900,58,9354.83
1900,59,9269.05
1900,60,9327.86
1900,61,9279.51
1900,62,9363.03
1900,63,9246.98
1900,64,9229.61
1900,65,9191.75
1900,66,9168.49
1900,67,9277.68
1900,68,9214.18
1900,69,9194.92
1900,70,9344.13
1900,71,9173.15
1900,72,9194.83
1900,73,9288.74
1900,74,9256.49
1900,75,9336.02
1900,76,9197.09
1900,77,9222.41
1900,78,9244.03
1900,79,9381.51
1900,80,9259.33
1900,81,9204.93
1900,82,9313.5
1900,83,9231.22
1900,84,9311.3
1900,85,9302.48
1900,86,9187.23
1900,87,9202.97
1900,88,9292.78
1900,89,9189.8
1900,90,9259.4
1900,91,9305.47
1900,92,9377.85
1900,93,9179.44
1900,94,9303.88
1900,95,9312.34
1900,96,9291.94
1900,97,9251.45
1900,98,9123.11
1900,99,9361.28
1910,0,9296.03
1910,1,9228.68
1910,2,9170.88
1910,3,9238.95
1910,4,9181.38
1910,5,9201.94
1910,6,9280.38
1910,7,9334.97
1910,8,9236.72
1910,9,9369.47
1910,10,9327.98
1910,11,9300.87
1910,12,9349.95
1910,13,9307.81
1910,14,9211.91
1910,15,9273.16
1910,16,9397.33
1910,17,9399.41
1910,18,9283.94
1910,19,9211.89
1910,20,9163.59
1910,21,9291.71
1910,22,9221.83
1910,23,9267.53
1910,24,9229.6
1910,25,9214.55
1910,26,9222.22
1910,27,9366.22
1910,28,9263.98
1910,29,9230.49
1910,30,9280.38
1910,31,9339.74
1910,32,9263.52
1910,33,9225.69
1910,34,9280.21
1910,35,9273.85
1910,36,9371.36
1910,37,9284.35
1910,38,9315.57
1910,39,9284.84
1910,40,9304.02
1910,41,9237.18
1910,42,9157.16
1910,43,9287.93
1910,44,9227.47
1910,45,9264.02
1910,46,9350.66
1910,47,9310.86
1910,48,9344.44
1910,49,9242.94
1910,50,9259.43
1910,51,9241.59
1910,52,9335.28
1910,53,9403.6
1910,54,9188.07
1910,55,9232.69
1910,56,9161.67
1910,57,9196.22
1910,58,9354.53
1910,59,9268.75
1910,60,9327.56
1910,61,9279.21
1910,62,9362.73
1910,63,9246.68
1910,64,9229.31
1910,65,9191.45
1910,66,9168.19
1910,67,9277.38
1910,68,9213.88
1910,69,9194.62
1910,70,9343.83
1910,71,9172.85
1910,72,9194.53
1910,73,9288.44
1910,74,9256.19
1910,75,9335.72
1910,76,9196.79
1910,77,9222.11
1910,78,9243.73
1910,79,9381.21
1910,80,9259.03
1910,81,9204.63
1910,82,9313.2
1910,83,9230.92
1910,84,9311
1910,85,9302.18
1910,86,9186.93
1910,87,9202.67
1910,88,9292.48
1910,89,9189.5
1910,90,9259.1
1910,91,9305.17
1910,92,9377.55
1910,93,9179.14
1910,94,9303.58
1910,95,9312.04
1910,96,9291.64
1910,97,9251.15
1910,98,9122.81
1910,99,9360.98
1920,0,9295.73
1920,1,9228.38
1920,2,9170.58
1920,3,9238.65
1920,4,9181.08
1920,5,9201.64
1920,6,9280.08
1920,7,9334.67
1920,8,9236.42
1920,9,9369.17
1920,10,9327.68
1920,11,9300.57
1920,12,9349.65
1920,13,9307.51
1920,14,9211.61
1920,15,9272.86
1920,16,9397.03
1920,17,9399.11
1920,18,9283.64
1920,19,9211.59
1920,20,9163.29
1920,21,9291.41
1920,22,9221.53
1920,23,9267.23
1920,24,9229.3
1920,25,9214.25
1920,26,9221.92
1920,27,9365.92
1920,28,9263.68
1920,29,9230.19
1920,30,9280.08
1920,31,9339.44
1920,32,9263.22
1920,33,9225.39
1920,34,9279.91
1920,35,9273.55
1920,36,9371.06
1920,37,9284.05
1920,38,9315.27
1920,39,9284.54
1920,40,9303.72
1920,41,9236.88
1920,42,9156.86
1920,43,9287.63
1920,44,9227.17
1920,45,9263.72
1920,46,9350.36
1920,47,9310.56
1920,48,9344.14
1920,49,9242.64
1920,50,9259.13
1920,51,9241.29
1920,52,9334.98
1920,53,9403.3
1920,54,9187.77
1920,55,9232.39
1920,56,9161.37
1920,57,9195.92
1920,58,9354.23
1920,59,9268.45
1920,60,9327.26
1920,61,9278.91
1920,62,9362.43
1920,63,9246.38
1920,64,9229.01
1920,65,9191.15
1920,66,9167.89
1920,67,9277.08
1920,68,9213.58
1920,69,9194.32
1920,70,9343.53
1920,71,9172.55
1920,72,9194.23
1920,73,9288.14
1920,74,9255.89
1920,75,9335.42
1920,76,9196.49
1920,77,9221.81
1920,78,9243.43
1920,79,9380.91
1920,80,9258.73
1920,81,9204.33
1920,82,9312.9
1920,83,9230.62
1920,84,9310.7
1920,85,9301.88
1920,86,9186.63
1920,87,9202.37
1920,88,9292.18
1920,89,9189.2
1920,90,9258.8
1920,91,9304.87
1920,92,9377.25
1920,93,9178.84
1920,94,9303.28
1920,95,9311.74
1920,96,9291.34
1920,97,9250.85
1920,98,9122.51
1920,99,9360.68
1930,0,9284.35
1930,1,9221.11
1930,2,9160.36
1930,3,9230.86
1930,4,9168.82
1930,5,9193.15
1930,6,9272.59
1930,7,9328.79
1930,8,9228.36
1930,9,9360.62
1930,10,9319.64
1930,11,9291.81
1930,12,9342.04
1930,13,9297.97
1930,14,9203.03
1930,15,9263.02
1930,16,9386.84
1930,17,9387.26
1930,18,9274.64
1930,19,9201.11
1930,20,9152.64
1930,21,9282.59
1930,22,9212.85
1930,23,9260.4
1930,24,9219.71
1930,25,9205.72
1930,26,9209.57
1930,27,9357.21
1930,28,9254.52
1930,29,9221.17
1930,30,9272.41
1930,31,9328.64
1930,32,9251.85
1930,33,9216.22
1930,34,9269.96
1930,35,9262.36
1930,36,9359.8
1930,37,9273.46
1930,38,9306.65
1930,39,9276.26
1930,40,9293.29
1930,41,9226.23
1930,42,9143.67
1930,43,9280.85
1930,44,9218.84
1930,45,9255.19
1930,46,9341.05
1930,47,9299.37
1930,48,9337.41
1930,49,9232.13
1930,50,9251.96
1930,51,9231.95
1930,52,9326.54
1930,53,9396.23
1930,54,9171.94
1930,55,9224.02
1930,56,9150.8
1930,57,9183.08
1930,58,9343.72
1930,59,9260.6
1930,60,9317.38
1930,61,9267.76
1930,62,9352.33
1930,63,9236.29
1930,64,9220.56
1930,65,9182.2
1930,66,9156.94
1930,67,9265.93
1930,68,9204.22
1930,69,9183.2
1930,70,9336.92
1930,71,9164.25
1930,72,9185.43
1930,73,9278.11
1930,74,9246.23
1930,75,9324.58
1930,76,9187.66
1930,77,9211.73
1930,78,9234.09
1930,79,9370.41
1930,80,9248.17
1930,81,9192.17
1930,82,9305.06
1930,83,9223.18
1930,84,9301.64
1930,85,9294.23
1930,86,9176.07
1930,87,9194.67
1930,88,9284.43
1930,89,9177.8
1930,90,9248.25
1930,91,9293.49
1930,92,9367.96
1930,93,9169.06
1930,94,9294.73
1930,95,9302.25
1930,96,9282.36
1930,97,9241.55
1930,98,9112.34
1930,99,9349.56
1940,0,9284.05
1940,1,9220.81
1940,2,9160.06
1940,3,9230.56
1940,4,9168.52
1940,5,9192.85
1940,6,9272.29
1940,7,9328.49
1940,8,9228.06
1940,9,9360.32
1940,10,9319.34
1940,11,9291.51
1940,12,9341.74
1940,13,9297.67
1940,14,9202.73
1940,15,9262.72
1940,16,9386.54
1940,17,9386.96
1940,18,9274.34
1940,19,9200.81
1940,20,9152.34
1940,21,9282.29
1940,22,9212.55
1940,23,9260.1
1940,24,9219.41
1940,25,9205.42
1940,26,9209.27
1940,27,9356.91
1940,28,9254.22
1940,29,9220.87
1940,30,9272.11
1940,31,9328.34
1940,32,9251.55
1940,33,9215.92
1940,34,9269.66
1940,35,9262.06
1940,36,9359.5
1940,37,9273.16
1940,38,9306.35
1940,39,9275.96
1940,40,9292.99
1940,41,9225.93
1940,42,9143.37
1940,43,9280.55
1940,44,9218.54
1940,45,9254.89
1940,46,9340.75
1940,47,9299.07
1940,48,9337.11
1940,49,9231.83
1940,50,9251.66
1940,51,9231.65
1940,52,9326.24
1940,53,9395.93
1940,54,9171.64
1940,55,9223.72
1940,56,9150.5
1940,57,9182.78
1940,58,9343.42
1940,59,9260.3
1940,60,9317.08
1940,61,9267.46
1940,62,9352.03
1940,63,9235.99
1940,64,9220.26
1940,65,9181.9
1940,66,9156.64
1940,67,9265.63
1940,68,9203.92
1940,69,9182.9
1940,70,9336.62
1940,71,9163.95
1940,72,9185.13
1940,73,9277.81
1940,74,9245.93
1940,75,9324.28
1940,76,9187.36
1940,77,9211.43
1940,78,9233.79
1940,79,9370.11
1940,80,9247.87
1940,81,9191.87
1940,82,9304.76
1940,83,9222.88
1940,84,9301.34
1940,85,9293.93
1940,86,9175.77
1940,87,9194.37
1940,88,9284.13
1940,89,9177.5
1940,90,9247.95
1940,91,9293.19
1940,92,9367.66
1940,93,9168.76
1940,94,9294.43
1940,95,9301.95
1940,96,9282.06
1940,97,9241.25
1940,98,9112.04
1940,99,9349.26
1950,0,9283.75
1950,1,9220.51
1950,2,9159.76
1950,3,9230.26
1950,4,9168.22
1950,5,9192.55
1950,6,9271.99
1950,7,9328.19
1950,8,9227.76
1950,9,9360.02
1950,10,9319.04
1950,11,9291.21
1950,12,9341.44
1950,13,9297.37
1950,14,9202.43
1950,15,9262.42
1950,16,9386.24
1950,17,9386.66
1950,18,9274.04
1950,19,9200.51
1950,20,9152.04
1950,21,9281.99
1950,22,9212.25
1950,23,9259.8
1950,24,9219.11
1950,25,9205.12
1950,26,9208.97
1950,27,9356.61
1950,28,9253.92
1950,29,9220.57
1950,30,9271.81
1950,31,9328.04
1950,32,9251.25
1950,33,9215.62
1950,34,9269.36
1950,35,9261.76
1950,36,9359.2
1950,37,9272.86
1950,38,9306.05
1950,39,9275.66
1950,40,9292.69
1950,41,9225.63
1950,42,9143.07
1950,43,9280.25
1950,44,9218.24
1950,45,9254.59
1950,46,9340.45
1950,47,9298.77
1950,48,9336.81
1950,49,9231.53
1950,50,9251.36
1950,51,9231.35
1950,52,9325.94
1950,53,9395.63
1950,54,9171.34
1950,55,9223.42
1950,56,9150.2
1950,57,9182.48
1950,58,9343.12
1950,59,9260
1950,60,9316.78
1950,61,9267.16
1950,62,9351.73
1950,63,9235.69
1950,64,9219.96
1950,65,9181.6
1950,66,9156.34
1950,67,9265.33
1950,68,9203.62
1950,69,9182.6
1950,70,9336.32
1950,71,9163.65
1950,72,9184.83
1950,73,9277.51
1950,74,9245.63
1950,75,9323.98
1950,76,9187.06
1950,77,9211.13
1950,78,9233.49
1950,79,9369.81
1950,80,9247.57
1950,81,9191.57
1950,82,9304.46
1950,83,9222.58
1950,84,9301.04
1950,85,9293.63
1950,86,9175.47
1950,87,9194.07
1950,88,9283.83
1950,89,9177.2
1950,90,9247.65
1950,91,9292.89
1950,92,9367.36
1950,93,9168.46
1950,94,9294.13
1950,95,9301.65
1950,96,9281.76
1950,97,9240.95
1950,98,9111.74
1950,99,9348.96
1960,0,9272.3
1960,1,9211.58
1960,2,9150.52
1960,3,9222.24
1960,4,9159.86
1960,5,9182.72
1960,6,9262.91
1960,7,9319.19
1960,8,9218.22
1960,9,9351.82
1960,10,9309.41
1960,11,9282.47
1960,12,9331.14
1960,13,9287.8
1960,14,9193.78
1960,15,9252.65
1960,16,9376.2
1960,17,9377.65
1960,18,9263.2
1960,19,9189.97
1960,20,9141.49
1960,21,9273.32
1960,22,9202.34
1960,23,9252.53
1960,24,9209.68
1960,25,9192.49
1960,26,9196.63
1960,27,9347.67
1960,28,9245.2
1960,29,9211.62
1960,30,9263.97
1960,31,9317.75
1960,32,9239.9
1960,33,9205.75
1960,34,9259.8
1960,35,9253.01
1960,36,9348.02
1960,37,9262.13
1960,38,9297.57
1960,39,9267.51
1960,40,9281.75
1960,41,9218.05
1960,42,9130.12
1960,43,9271.71
1960,44,9209.75
1960,45,9242.24
1960,46,9330.85
1960,47,9287.89
1960,48,9326.9
1960,49,9221.04
1960,50,9244.66
1960,51,9220.52
1960,52,9316.72
1960,53,9388.1
1960,54,9155.66
1960,55,9215.27
1960,56,9140.64
1960,57,9169.38
1960,58,9332.94
1960,59,9252.23
1960,60,9307.3
1960,61,9254.77
1960,62,9342.71
1960,63,9224.06
1960,64,9209.97
1960,65,9173.1
1960,66,9145.65
1960,67,9254.18
1960,68,9195.56
1960,69,9171.64
1960,70,9326.78
1960,71,9156.36
1960,72,9176.27
1960,73,9267.14
1960,74,9235.9
1960,75,9313.09
1960,76,9178.04
1960,77,9201.27
1960,78,9221.44
1960,79,9359.54
1960,80,9238.22
1960,81,9177.1
1960,82,9293.84
1960,83,9213.6
1960,84,9291.62
1960,85,9280.11
1960,86,9165.1
1960,87,9185.64
1960,88,9269.55
1960,89,9166.04
1960,90,9237.3
1960,91,9282.73
1960,92,9357.96
1960,93,9154.92
1960,94,9285.48
1960,95,9292.19
1960,96,9274.2
1960,97,9231.5
1960,98,9099.92
1960,99,9337.7
1970,0,9272
1970,1,9211.28
1970,2,9150.22
1970,3,9221.94
1970,4,9159.56
1970,5,9182.42
1970,6,9262.61
1970,7,9318.89
1970,8,9217.92
1970,9,9351.52
1970,10,9309.11
1970,11,9282.17
1970,12,9330.84
1970,13,9287.5
1970,14,9193.48
1970,15,9252.35
1970,16,9375.9
1970,17,9377.35
1970,18,9262.9
1970,19,9189.67
1970,20,9141.19
1970,21,9273.02
1970,22,9202.04
1970,23,9252.23
1970,24,9209.38
1970,25,9192.19
1970,26,9196.33
1970,27,9347.37
1970,28,9244.9
1970,29,9211.32
1970,30,9263.67
1970,31,9317.45
1970,32,9239.6
1970,33,9205.45
1970,34,9259.5
1970,35,9252.71
1970,36,9347.72
1970,37,9261.83
1970,38,9297.27
1970,39,9267.21
1970,40,9281.45
1970,41,9217.75
1970,42,9129.82
1970,43,9271.41
1970,44,9209.45
1970,45,9241.94
1970,46,9330.55
1970,47,9287.59
1970,48,9326.6
1970,49,9220.74
1970,50,9244.36
1970,51,9220.22
1970,52,9316.42
1970,53,9387.8
1970,54,9155.36
1970,55,9214.97
1970,56,9140.34
1970,57,9169.08
1970,58,9332.64
1970,59,9251.93
1970,60,9307
1970,61,9254.47
1970,62,9342.41
1970,63,9223.76
1970,64,9209.67
1970,65,9172.8
1970,66,9145.35
1970,67,9253.88
1970,68,9195.26
1970,69,9171.34
1970,70,9326.48
1970,71,9156.06
1970,72,9175.97
1970,73,9266.84
1970,74,9235.6
1970,75,9312.79
1970,76,9177.74
1970,77,9200.97
1970,78,9221.14
1970,79,9359.24
1970,80,9237.92
1970,81,9176.8
1970,82,9293.54
1970,83,9213.3
1970,84,9291.32
1970,85,9279.81
1970,86,9164.8
1970,87,9185.34
1970,88,9269.25
1970,89,9165.74
1970,90,9237
1970,91,9282.43
1970,92,9357.66
1970,93,9154.62
1970,94,9285.18
1970,95,9291.89
1970,96,9273.9
1970,97,9231.2
1970,98,9099.62
1970,99,9337.4
1980,0,9271.7
1980,1,9210.98
1980,2,9149.92
1980,3,9221.64
1980,4,9159.26
1980,5,9182.12
1980,6,9262.31
1980,7,9318.59
1980,8,9217.62
1980,9,9351.22
1980,10,9308.81
1980,11,9281.87
1980,12,9330.54
1980,13,9287.2
1980,14,9193.18
1980,15,9252.05
1980,16,9375.6
1980,17,9377.05
1980,18,9262.6
1980,19,9189.37
1980,20,9140.89
1980,21,9272.72
1980,22,9201.74
1980,23,9251.93
1980,24,9209.08
1980,25,9191.89
1980,26,9196.03
1980,27,9347.07
1980,28,9244.6
1980,29,9211.02
1980,30,9263.37
1980,31,9317.15
1980,32,9239.3
1980,33,9205.15
1980,34,9259.2
1980,35,9252.41
1980,36,9347.42
1980,37,9261.53
1980,38,9296.97
1980,39,9266.91
1980,40,9281.15
1980,41,9217.45
1980,42,9129.52
1980,43,9271.11
1980,44,9209.15
1980,45,9241.64
1980,46,9330.25
1980,47,9287.29
1980,48,9326.3
1980,49,9220.44
1980,50,9244.06
1980,51,9219.92
1980,52,9316.12
1980,53,9387.5
1980,54,9155.06
1980,55,9214.67
1980,56,9140.04
1980,57,9168.78
1980,58,9332.34
1980,59,9251.63
1980,60,9306.7
1980,61,9254.17
1980,62,9342.11
1980,63,9223.46
1980,64,9209.37
1980,65,9172.5
1980,66,9145.05
1980,67,9253.58
1980,68,9194.96
1980,69,9171.04
1980,70,9326.18
1980,71,9155.76
1980,72,9175.67
1980,73,9266.54
1980,74,9235.3
1980,75,9312.49
1980,76,9177.44
1980,77,9200.67
1980,78,9220.84
1980,79,9358.94
1980,80,9237.62
1980,81,9176.5
1980,82,9293.24
1980,83,9213
1980,84,9291.02
1980,85,9279.51
1980,86,9164.5
1980,87,9185.04
1980,88,9268.95
1980,89,9165.44
1980,90,9236.7
1980,91,9282.13
1980,92,9357.36
1980,93,9154.32
1980,94,9284.88
1980,95,9291.59
1980,96,9273.6
1980,97,9230.9
1980,98,9099.32
1980,99,9337.1
1990,0,9265.12
1990,1,9201.78
1990,2,9140.53
1990,3,9213.41
1990,4,9150.67
1990,5,9172.03
1990,6,9253.11
1990,7,9312.22
1990,8,9208.11
1990,9,9340.46
1990,10,9299.02
1990,11,9273.55
1990,12,9320.6
1990,13,9278.64
1990,14,9184.51
1990,15,9240.58
1990,16,9365.46
1990,17,9367.32
1990,18,9253.52
1990,19,9180.54
1990,20,9130.6
1990,21,9265.28
1990,22,9191.62
1990,23,9244.57
1990,24,9200.02
1990,25,9181.98
1990,26,9183.79
1990,27,9339.43
1990,28,9236.08
1990,29,9201.75
1990,30,9255.19
1990,31,9306.66
1990,32,9228.76
1990,33,9195.14
1990,34,9248.8
1990,35,9243.88
1990,36,9336.47
1990,37,9250.69
1990,38,9291
1990,39,9259.14
1990,40,9269.83
1990,41,9206.52
1990,42,9116.98
1990,43,9262.44
1990,44,9200.45
1990,45,9228.62
1990,46,9320.38
1990,47,9278.55
1990,48,9319.64
1990,49,9210.11
1990,50,9237.15
1990,51,9209.03
1990,52,9306.8
1990,53,9379.79
1990,54,9146.28
1990,55,9207.4
1990,56,9129.39
1990,57,9161.13
1990,58,9321.95
1990,59,9243.72
1990,60,9297.33
1990,61,9246.07
1990,62,9332.01
1990,63,9212.11
1990,64,9199.29
1990,65,9163.93
1990,66,9134.28
1990,67,9242.53
1990,68,9186.33
1990,69,9161.75
1990,70,9317
1990,71,9147.28
1990,72,9167.03
1990,73,9257.75
1990,74,9226.31
1990,75,9301.82
1990,76,9168.45
1990,77,9191.96
1990,78,9210.42
1990,79,9349.16
1990,80,9228.03
1990,81,9166.29
1990,82,9282.92
1990,83,9203.31
1990,84,9280.71
1990,85,9269.11
1990,86,9154.89
1990,87,9176.54
1990,88,9259.9
1990,89,9154.15
1990,90,9226.05
1990,91,9270.85
1990,92,9347.76
1990,93,9140.79
1990,94,9276.14
1990,95,9281.61
1990,96,9265.25
1990,97,9221.33
1990,98,9089.57
1990,99,9329.22
2000,0,9264.82
2000,1,9201.48
2000,2,9140.23
2000,3,9213.11
2000,4,9150.37
2000,5,9171.73
2000,6,9252.81
2000,7,9311.92
2000,8,9207.81
2000,9,9340.16
2000,10,9298.72
2000,11,9273.25
2000,12,9320.3
2000,13,9278.34
2000,14,9184.21
2000,15,9240.28
2000,16,9365.16
2000,17,9367.02
2000,18,9253.22
2000,19,9180.24
2000,20,9130.3
2000,21,9264.98
2000,22,9191.32
2000,23,9244.27
2000,24,9199.72
2000,25,9181.68
2000,26,9183.49
2000,27,9339.13
2000,28,9235.78
2000,29,9201.45
2000,30,9254.89
2000,31,9306.36
2000,32,9228.46
2000,33,9194.84
2000,34,9248.5
2000,35,9243.58
2000,36,9336.17
2000,37,9250.39
2000,38,9290.7
2000,39,9258.84
2000,40,9269.53
2000,41,9206.22
2000,42,9116.68
2000,43,9262.14
2000,44,9200.15
2000,45,9228.32
2000,46,9320.08
2000,47,9278.25
2000,48,9319.34
2000,49,9209.81
2000,50,9236.85
2000,51,9208.73
2000,52,9306.5
2000,53,9379.49
2000,54,9145.98
2000,55,9207.1
2000,56,9129.09
2000,57,9160.83
2000,58,9321.65
2000,59,9243.42
2000,60,9297.03
2000,61,9245.77
2000,62,9331.71
2000,63,9211.81
2000,64,9198.99
2000,65,9163.63
2000,66,9133.98
2000,67,9242.23
2000,68,9186.03
2000,69,9161.45
2000,70,9316.7
2000,71,9146.98
2000,72,9166.73
2000,73,9257.45
2000,74,9226.01
2000,75,9301.52
2000,76,9168.15
2000,77,9191.66
2000,78,9210.12
2000,79,9348.86
2000,80,9227.73
2000,81,9165.99
2000,82,9282.62
2000,83,9203.01
2000,84,9280.41
2000,85,9268.81
2000,86,9154.59
2000,87,9176.24
2000,88,9259.6
2000,89,9153.85
2000,90,9225.75
2000,91,9270.55
2000,92,9347.46
2000,93,9140.49
2000,94,9275.84
2000,95,9281.31
2000,96,9264.95
2000,97,9221.03
2000,98,9089.27
2000,99,9328.92
2010,0,9264.52
2010,1,9201.18
2010,2,9139.93
2010,3,9212.81
2010,4,9150.07
2010,5,9171.43
2010,6,9252.51
2010,7,9311.62
2010,8,9207.51
2010,9,9339.86
2010,10,9298.42
2010,11,9272.95
2010,12,9320
2010,13,9278.04
2010,14,9183.91
2010,15,9239.98
2010,16,9364.86
2010,17,9366.72
2010,18,9252.92
2010,19,9179.94
2010,20,9130
2010,21,9264.68
2010,22,9191.02
2010,23,9243.97
2010,24,9199.42
2010,25,9181.38
2010,26,9183.19
2010,27,9338.83
2010,28,9235.48
2010,29,9201.15
2010,30,9254.59
2010,31,9306.06
2010,32,9228.16
2010,33,9194.54
2010,34,9248.2
2010,35,9243.28
2010,36,9335.87
2010,37,9250.09
2010,38,9290.4
2010,39,9258.54
2010,40,9269.23
2010,41,9205.92
2010,42,9116.38
2010,43,9261.84
2010,44,9199.85
2010,45,9228.02
2010,46,9319.78
2010,47,9277.95
2010,48,9319.04
2010,49,9209.51
2010,50,9236.55
2010,51,9208.43
2010,52,9306.2
2010,53,9379.19
2010,54,9145.68
2010,55,9206.8
2010,56,9128.79
2010,57,9160.53
2010,58,9321.35
2010,59,9243.12
2010,60,9296.73
2010,61,9245.47
2010,62,9331.41
2010,63,9211.51
2010,64,9198.69
2010,65,9163.33
2010,66,9133.68
2010,67,9241.93
2010,68,9185.73
2010,69,9161.15
2010,70,9316.4
2010,71,9146.68
2010,72,9166.43
2010,73,9257.15
2010,74,9225.71
2010,75,9301.22
2010,76,9167.85
2010,77,9191.36
2010,78,9209.82
2010,79,9348.56
2010,80,9227.43
2010,81,9165.69
2010,82,9282.32
2010,83,9202.71
2010,84,9280.11
2010,85,9268.51
2010,86,9154.29
2010,87,9175.94
2010,88,9259.3
2010,89,9153.55
2010,90,9225.45
2010,91,9270.25
2010,92,9347.16
2010,93,9140.19
2010,94,9275.54
2010,95,9281.01
2010,96,9264.65
2010,97,9220.73
2010,98,9088.97
2010,99,9328.62
2020,0,9257.97
2020,1,9192.13
2020,2,9129.28
2020,3,9203.75
2020,4,9141.92
2020,5,9161.53
2020,6,9245.03
2020,7,9304.91
2020,8,9198.02
2020,9,9330.15
2020,10,9290.32
2020,11,9264.57
2020,12,9310.21
2020,13,9267.83
2020,14,9175.55
2020,15,9229.56
2020,16,9354.79
2020,17,9354.89
2020,18,9244.31
2020,19,9171.18
2020,20,9117.81
2020,21,9258.44
2020,22,9181.16
2020,23,9235.84
2020,24,9190.2
2020,25,9172.31
2020,26,9171.21
2020,27,9329.76
2020,28,9225
2020,29,9191.38
2020,30,9246.59
2020,31,9295.75
2020,32,9216.75
2020,33,9184.8
2020,34,9239.03
2020,35,9235
2020,36,9324.18
2020,37,9240.97
2020,38,9281.73
2020,39,9250.77
2020,40,9259.43
2020,41,9195.86
2020,42,9103.92
2020,43,9254.9
2020,44,9190.36
2020,45,9219.71
2020,46,9310
2020,47,9269.04
2020,48,9308.86
2020,49,9198.48
2020,50,9229.73
2020,51,9199.23
2020,52,9298.13
2020,53,9370.95
2020,54,9133.76
2020,55,9197.89
2020,56,9117.16
2020,57,9148.65
2020,58,9310.89
2020,59,9235.67
2020,60,9287.17
2020,61,9234.08
2020,62,9320.96
2020,63,9199.77
2020,64,9189.53
2020,65,9154.3
2020,66,9123.06
2020,67,9231.11
2020,68,9174.12
2020,69,9151.71
2020,70,9308.36
2020,71,9138.22
2020,72,9158.13
2020,73,9247.05
2020,74,9219.47
2020,75,9290.58
2020,76,9159.95
2020,77,9181.65
2020,78,9200.17
2020,79,9338.61
2020,80,9217.06
2020,81,9156.21
2020,82,9271.86
2020,83,9192.48
2020,84,9269.59
2020,85,9257.5
2020,86,9147.95
2020,87,9166.19
2020,88,9246.06
2020,89,9142.31
2020,90,9214.35
2020,91,9259.41
2020,92,9337.98
2020,93,9130.7
2020,94,9268.09
2020,95,9271.3
2020,96,9257.19
2020,97,9209.71
2020,98,9077.71
2020,99,9319.86
2030,0,9257.67
2030,1,9191.83
2030,2,9128.98
2030,3,9203.45
2030,4,9141.62
2030,5,9161.23
2030,6,9244.73
2030,7,9304.61
2030,8,9197.72
2030,9,9329.85
2030,10,9290.02
2030,11,9264.27
2030,12,9309.91
2030,13,9267.53
2030,14,9175.25
2030,15,9229.26
2030,16,9354.49
2030,17,9354.59
2030,18,9244.01
2030,19,9170.88
2030,20,9117.51
2030,21,9258.14
2030,22,9180.86
2030,23,9235.54
2030,24,9189.9
2030,25,9172.01
2030,26,9170.91
2030,27,9329.46
2030,28,9224.7
2030,29,9191.08
2030,30,9246.29
2030,31,9295.45
2030,32,9216.45
2030,33,9184.5
2030,34,9238.73
2030,35,9234.7
2030,36,9323.88
2030,37,9240.67
2030,38,9281.43
2030,39,9250.47
2030,40,9259.13
2030,41,9195.56
2030,42,9103.62
2030,43,9254.6
2030,44,9190.06
2030,45,9219.41
2030,46,9309.7
2030,47,9268.74
2030,48,9308.56
2030,49,9198.18
2030,50,9229.43
2030,51,9198.93
2030,52,9297.83
2030,53,9370.65
2030,54,9133.46
2030,55,9197.59
2030,56,9116.86
2030,57,9148.35
2030,58,9310.59
2030,59,9235.37
2030,60,9286.87
2030,61,9233.78
2030,62,9320.66
2030,63,9199.47
2030,64,9189.23
2030,65,9154
2030,66,9122.76
2030,67,9230.81
2030,68,9173.82
2030,69,9151.41
2030,70,9308.06
2030,71,9137.92
2030,72,9157.83
2030,73,9246.75
2030,74,9219.17
2030,75,9290.28
2030,76,9159.65
2030,77,9181.35
2030,78,9199.87
2030,79,9338.31
2030,80,9216.76
2030,81,9155.91
2030,82,9271.56
2030,83,9192.18
2030,84,9269.29
2030,85,9257.2
2030,86,9147.65
2030,87,9165.89
2030,88,9245.76
2030,89,9142.01
2030,90,9214.05
2030,91,9259.11
2030,92,9337.68
2030,93,9130.4
2030,94,9267.79
2030,95,9271
2030,96,9256.89
2030,97,9209.41
2030,98,9077.41
2030,99,9319.56
2040,0,9257.37
2040,1,9191.53
2040,2,9128.68
2040,3,9203.15
2040,4,9141.32
2040,5,9160.93
2040,6,9244.43
2040,7,9304.31
2040,8,9197.42
2040,9,9329.55
2040,10,9289.72
2040,11,9263.97
2040,12,9309.61
2040,13,9267.23
2040,14,9174.95
2040,15,9228.96
2040,16,9354.19
2040,17,9354.29
2040,18,9243.71
2040,19,9170.58
2040,20,9117.21
2040,21,9257.84
2040,22,9180.56
2040,23,9235.24
2040,24,9189.6
2040,25,9171.71
2040,26,9170.61
2040,27,9329.16
2040,28,9224.4
2040,29,9190.78
2040,30,9245.99
2040,31,9295.15
2040,32,9216.15
2040,33,9184.2
2040,34,9238.43
2040,35,9234.4
2040,36,9323.58
2040,37,9240.37
2040,38,9281.13
2040,39,9250.17
2040,40,9258.83
2040,41,9195.26
2040,42,9103.32
2040,43,9254.3
2040,44,9189.76
2040,45,9219.11
2040,46,9309.4
2040,47,9268.44
2040,48,9308.26
2040,49,9197.88
2040,50,9229.13
2040,51,9198.63
2040,52,9297.53
2040,53,9370.35
2040,54,9133.16
2040,55,9197.29
2040,56,9116.56
2040,57,9148.05
2040,58,9310.29
2040,59,9235.07
2040,60,9286.57
2040,61,9233.48
2040,62,9320.36
2040,63,9199.17
2040,64,9188.93
2040,65,9153.7
2040,66,9122.46
2040,67,9230.51
2040,68,9173.52
2040,69,9151.11
2040,70,9307.76
2040,71,9137.62
2040,72,9157.53
2040,73,9246.45
2040,74,9218.87
2040,75,9289.98
2040,76,9159.35
2040,77,9181.05
2040,78,9199.57
2040,79,9338.01
2040,80,9216.46
2040,81,9155.61
2040,82,9271.26
2040,83,9191.88
2040,84,9268.99
2040,85,9256.9
2040,86,9147.35
2040,87,9165.59
2040,88,9245.46
2040,89,9141.71
2040,90,9213.75
2040,91,9258.81
2040,92,9337.38
2040,93,9130.1
2040,94,9267.49
2040,95,9270.7
2040,96,9256.59
2040,97,9209.11
2040,98,9077.11
2040,99,9319.26
2050,0,9245.5
2050,1,9182.41
2050,2,9117.86
2050,3,9194.74
2050,4,9129.65
2050,5,9154.28
2050,6,9237.14
2050,7,9297.99
2050,8,9187.93
2050,9,9319.95
2050,10,9281.63
2050,11,9256.21
2050,12,9299.96
2050,13,9255.86
2050,14,9165.77
2050,15,9217.86
2050,16,9343.22
2050,17,9340.9
2050,18,9234.89
2050,19,9159.85
2050,20,9105.61
2050,21,9248.68
2050,22,9173.93
2050,23,9227.96
2050,24,9180.72
2050,25,9160.88
2050,26,9158.64
2050,27,9319.43
2050,28,9216.2
2050,29,9181.65
2050,30,9239.23
2050,31,9285.01
2050,32,9204.82
2050,33,9174.74
2050,34,9229.11
2050,35,9223.31
2050,36,9312.71
2050,37,9231.51
2050,38,9273.44
2050,39,9242.37
2050,40,9249.18
2050,41,9183.85
2050,42,9090.88
2050,43,9247.4
2050,44,9181.01
2050,45,9210.8
2050,46,9300.65
2050,47,9259.37
2050,48,9297.58
2050,49,9187.13
2050,50,9220.84
2050,51,9189.47
2050,52,9288.84
2050,53,9362.65
2050,54,9119.26
2050,55,9188.09
2050,56,9105.25
2050,57,9136.26
2050,58,9299.92
2050,59,9228.41
2050,60,9278.07
2050,61,9222.91
2050,62,9310.88
2050,63,9187.83
2050,64,9178.74
2050,65,9144.08
2050,66,9113.82
2050,67,9219.93
2050,68,9163.94
2050,69,9140
2050,70,9298.38
2050,71,9127.75
2050,72,9148.9
2050,73,9237.14
2050,74,9208.73
2050,75,9279.42
2050,76,9151.55
2050,77,9170.51
2050,78,9187.67
2050,79,9328.91
2050,80,9206.11
2050,81,9144.49
2050,82,9261.95
2050,83,9183.87
2050,84,9258.49
2050,85,9248.08
2050,86,9136.62
2050,87,9157.73
2050,88,9236.34
2050,89,9130.49
2050,90,9203.28
2050,91,9248.1
2050,92,9327.65
2050,93,9117.63
2050,94,9259.04
2050,95,9259.49
2050,96,9249.32
2050,97,9202.35
2050,98,9065.88
2050,99,9310.45
2060,0,9245.21
2060,1,9182.11
2060,2,9117.56
2060,3,9194.44
2060,4,9129.35
2060,5,9153.98
2060,6,9236.84
2060,7,9297.69
2060,8,9187.63
2060,9,9319.65
2060,10,9281.33
2060,11,9255.91
2060,12,9299.66
2060,13,9255.56
2060,14,9165.47
2060,15,9217.56
2060,16,9342.92
2060,17,9340.6
2060,18,9234.59
2060,19,9159.55
2060,20,9105.31
2060,21,9248.38
2060,22,9173.63
2060,23,9227.66
2060,24,9180.42
2060,25,9160.58
2060,26,9158.34
2060,27,9319.13
2060,28,9215.9
2060,29,9181.35
2060,30,9238.93
2060,31,9284.71
2060,32,9204.52
2060,33,9174.44
2060,34,9228.81
2060,35,9223.01
2060,36,9312.41
2060,37,9231.21
2060,38,9273.14
2060,39,9242.07
2060,40,9248.88
2060,41,9183.55
2060,42,9090.58
2060,43,9247.1
2060,44,9180.71
2060,45,9210.5
2060,46,9300.35
2060,47,9259.07
2060,48,9297.28
2060,49,9186.83
2060,50,9220.54
2060,51,9189.17
2060,52,9288.54
2060,53,9362.35
2060,54,9118.96
2060,55,9187.79
2060,56,9104.95
2060,57,9135.96
2060,58,9299.62
2060,59,9228.11
2060,60,9277.77
2060,61,9222.61
2060,62,9310.58
2060,63,9187.53
2060,64,9178.44
2060,65,9143.78
2060,66,9113.52
2060,67,9219.63
2060,68,9163.64
2060,69,9139.7
2060,70,9298.08
2060,71,9127.45
2060,72,9148.6
2060,73,9236.84
2060,74,9208.43
2060,75,9279.12
2060,76,9151.25
2060,77,9170.21
2060,78,9187.37
2060,79,9328.61
2060,80,9205.81
2060,81,9144.19
2060,82,9261.65
2060,83,9183.57
2060,84,9258.19
2060,85,9247.78
2060,86,9136.32
2060,87,9157.43
2060,88,9236.04
2060,89,9130.19
2060,90,9202.98
2060,91,9247.8
2060,92,9327.35
2060,93,9117.33
2060,94,9258.74
2060,95,9259.19
2060,96,9249.02
2060,97,9202.05
2060,98,9065.58
2060,99,9310.15
2070,0,9244.91
2070,1,9181.81
2070,2,9117.26
2070,3,9194.14
2070,4,9129.05
2070,5,9153.68
2070,6,9236.54
2070,7,9297.39
2070,8,9187.33
2070,9,9319.35
2070,10,9281.03
2070,11,9255.61
2070,12,9299.36
2070,13,9255.26
2070,14,9165.17
2070,15,9217.26
2070,16,9342.62
2070,17,9340.3
2070,18,9234.29
2070,19,9159.25
2070,20,9105.01
2070,21,9248.08
2070,22,9173.33
2070,23,9227.36
2070,24,9180.12
2070,25,9160.28
2070,26,9158.04
2070,27,9318.83
2070,28,9215.6
2070,29,9181.05
2070,30,9238.63
2070,31,9284.41
2070,32,9204.22
2070,33,9174.14
2070,34,9228.51
2070,35,9222.71
2070,36,9312.11
2070,37,9230.91
2070,38,9272.84
2070,39,9241.77
2070,40,9248.58
2070,41,9183.25
2070,42,9090.28
2070,43,9246.8
2070,44,9180.41
2070,45,9210.2
2070,46,9300.05
2070,47,9258.77
2070,48,9296.98
2070,49,9186.53
2070,50,9220.24
2070,51,9188.87
2070,52,9288.24
2070,53,9362.05
2070,54,9118.66
2070,55,9187.49
2070,56,9104.65
2070,57,9135.66
2070,58,9299.32
2070,59,9227.81
2070,60,9277.47
2070,61,9222.31
2070,62,9310.28
2070,63,9187.23
2070,64,9178.14
2070,65,9143.48
2070,66,9113.22
2070,67,9219.33
2070,68,9163.34
2070,69,9139.4
2070,70,9297.78
2070,71,9127.15
2070,72,9148.3
2070,73,9236.54
2070,74,9208.13
2070,75,9278.82
2070,76,9150.95
2070,77,9169.91
2070,78,9187.07
2070,79,9328.31
2070,80,9205.51
2070,81,9143.89
2070,82,9261.35
2070,83,9183.27
2070,84,9257.89
2070,85,9247.48
2070,86,9136.02
2070,87,9157.13
2070,88,9235.74
2070,89,9129.89
2070,90,9202.68
2070,91,9247.5
2070,92,9327.05
2070,93,9117.03
2070,94,9258.44
2070,95,9258.89
2070,96,9248.72
2070,97,9201.75
2070,98,9065.28
2070,99,9309.85
2080,0,9236.56
2080,1,9172.53
2080,2,9108.37
2080,3,9186.53
2080,4,9119.77
2080,5,9146.25
2080,6,9230.73
2080,7,9290.96
2080,8,9177.81
2080,9,9309.8
2080,10,9272.96
2080,11,9247.85
2080,12,9291.15
2080,13,9243.98
2080,14,9157.78
2080,15,9204.04
2080,16,9332.56
2080,17,9329.56
2080,18,9225.05
2080,19,9151.17
2080,20,9095.1
2080,21,9238.75
2080,22,9165.09
2080,23,9219.95
2080,24,9171.17
2080,25,9151.53
2080,26,9146.27
2080,27,9309.9
2080,28,9205.12
2080,29,9171.78
2080,30,9230.73
2080,31,9274.38
2080,32,9194.27
2080,33,9164.68
2080,34,9218.32
2080,35,9215.11
2080,36,9301.29
2080,37,9220.53
2080,38,9263.99
2080,39,9235.31
2080,40,9238.54
2080,41,9171.75
2080,42,9077.81
2080,43,9239.19
2080,44,9171.44
2080,45,9197.14
2080,46,9290.68
2080,47,9249.59
2080,48,9286.94
2080,49,9176.43
2080,50,9213.86
2080,51,9182.09
2080,52,9279.45
2080,53,9353.84
2080,54,9108.43
2080,55,9179.68
2080,56,9094.17
2080,57,9123.97
2080,58,9288.83
2080,59,9220.78
2080,60,9268.1
2080,61,9214.22
2080,62,9300.55
2080,63,9175.27
2080,64,9169.62
2080,65,9133.67
2080,66,9103
2080,67,9208.94
2080,68,9152.06
2080,69,9128.42
2080,70,9288.17
2080,71,9117.12
2080,72,9139.7
2080,73,9227.4
2080,74,9199.07
2080,75,9268.29
2080,76,9143.42
2080,77,9161.96
2080,78,9175.18
2080,79,9317.63
2080,80,9193.82
2080,81,9130.92
2080,82,9250.51
2080,83,9175.34
2080,84,9245.88
2080,85,9236.55
2080,86,9129.35
2080,87,9149.32
2080,88,9221.68
2080,89,9117.88
2080,90,9192.11
2080,91,9237.03
2080,92,9317.82
2080,93,9107.84
2080,94,9250.9
2080,95,9250.12
2080,96,9241.22
2080,97,9193.04
2080,98,9054.7
2080,99,9298.96
2090,0,9236.26
2090,1,9172.23
2090,2,9108.07
2090,3,9186.23
2090,4,9119.47
2090,5,9145.95
2090,6,9230.43
2090,7,9290.66
2090,8,9177.51
2090,9,9309.5
2090,10,9272.66
2090,11,9247.55
2090,12,9290.85
2090,13,9243.68
2090,14,9157.48
2090,15,9203.74
2090,16,9332.26
2090,17,9329.26
2090,18,9224.75
2090,19,9150.87
2090,20,9094.8
2090,21,9238.45
2090,22,9164.79
2090,23,9219.65
2090,24,9170.87
2090,25,9151.23
2090,26,9145.98
2090,27,9309.6
2090,28,9204.82
2090,29,9171.48
2090,30,9230.43
2090,31,9274.08
2090,32,9193.97
2090,33,9164.39
2090,34,9218.02
2090,35,9214.81
2090,36,9300.99
2090,37,9220.23
2090,38,9263.69
2090,39,9235.01
2090,40,9238.24
2090,41,9171.45
2090,42,9077.53
2090,43,9238.89
2090,44,9171.14
2090,45,9196.85
2090,46,9290.38
2090,47,9249.29
2090,48,9286.64
2090,49,9176.13
2090,50,9213.56
2090,51,9181.79
2090,52,9279.15
2090,53,9353.54
2090,54,9108.13
2090,55,9179.38
2090,56,9093.87
2090,57,9123.67
2090,58,9288.53
2090,59,9220.48
2090,60,9267.8
2090,61,9213.92
2090,62,9300.25
2090,63,9174.98
2090,64,9169.32
2090,65,9133.37
2090,66,9102.7
2090,67,9208.64
2090,68,9151.77
2090,69,9128.12
2090,70,9287.87
2090,71,9116.82
2090,72,9139.4
2090,73,9227.1
2090,74,9198.77
2090,75,9267.99
2090,76,9143.12
2090,77,9161.66
2090,78,9174.88
2090,79,9317.33
2090,80,9193.52
2090,81,9130.62
2090,82,9250.22
2090,83,9175.04
2090,84,9245.59
2090,85,9236.25
2090,86,9129.05
2090,87,9149.02
2090,88,9221.38
2090,89,9117.58
2090,90,9191.82
2090,91,9236.73
2090,92,9317.52
2090,93,9107.54
2090,94,9250.6
2090,95,9249.82
2090,96,9240.92
2090,97,9192.74
2090,98,9054.41
2090,99,9298.66
2100,0,9235.96
2100,1,9171.93
2100,2,9107.77
2100,3,9185.93
2100,4,9119.17
2100,5,9145.65
2100,6,9230.13
2100,7,9290.36
2100,8,9177.21
2100,9,9309.2
2100,10,9272.36
2100,11,9247.25
2100,12,9290.55
2100,13,9243.38
2100,14,9157.18
2100,15,9203.44
2100,16,9331.96
2100,17,9328.96
2100,18,9224.45
2100,19,9150.57
2100,20,9094.5
2100,21,9238.15
2100,22,9164.49
2100,23,9219.35
2100,24,9170.57
2100,25,9150.93
2100,26,9145.68
2100,27,9309.3
2100,28,9204.52
2100,29,9171.18
2100,30,9230.13
2100,31,9273.78
2100,32,9193.67
2100,33,9164.09
2100,34,9217.72
2100,35,9214.51
2100,36,9300.69
2100,37,9219.93
2100,38,9263.39
2100,39,9234.71
2100,40,9237.94
2100,41,9171.15
2100,42,9077.23
2100,43,9238.59
2100,44,9170.84
2100,45,9196.55
2100,46,9290.08
2100,47,9248.99
2100,48,9286.34
2100,49,9175.83
2100,50,9213.26
2100,51,9181.49
2100,52,9278.85
2100,53,9353.24
2100,54,9107.83
2100,55,9179.08
2100,56,9093.57
2100,57,9123.37
2100,58,9288.23
2100,59,9220.18
2100,60,9267.5
2100,61,9213.62
2100,62,9299.95
2100,63,9174.68
2100,64,9169.02
2100,65,9133.07
2100,66,9102.4
2100,67,9208.34
2100,68,9151.47
2100,69,9127.82
2100,70,9287.57
2100,71,9116.52
2100,72,9139.1
2100,73,9226.8
2100,74,9198.47
2100,75,9267.69
2100,76,9142.82
2100,77,9161.36
2100,78,9174.58
2100,79,9317.03
2100,80,9193.22
2100,81,9130.32
2100,82,9249.92
2100,83,9174.74
2100,84,9245.29
2100,85,9235.95
2100,86,9128.75
2100,87,9148.72
2100,88,9221.08
2100,89,9117.28
2100,90,9191.52
2100,91,9236.43
2100,92,9317.22
2100,93,9107.24
2100,94,9250.3
2100,95,9249.52
2100,96,9240.62
2100,97,9192.44
2100,98,9054.11
2100,99,9298.36
2110,0,9228.23
2110,1,9162.95
2110,2,9099.13
2110,3,9178.7
2110,4,9107.62
2110,5,9138.35
2110,6,9224.24
2110,7,9282.08
2110,8,9169.68
2110,9,9299.6
2110,10,9263.32
2110,11,9237.83
2110,12,9280.39
2110,13,9233.97
2110,14,9150.24
2110,15,9193.83
2110,16,9321.6
2110,17,9319.53
2110,18,9214.57
2110,19,9143.01
2110,20,9085.04
2110,21,9230.95
2110,22,9157.5
2110,23,9212.86
2110,24,9161.28
2110,25,9142.17
2110,26,9133.77
2110,27,9300.51
2110,28,9194.09
2110,29,9163
2110,30,9221.83
2110,31,9263.99
2110,32,9184.4
2110,33,9154.34
2110,34,9208.41
2110,35,9206.9
2110,36,9289.95
2110,37,9211.2
2110,38,9255.29
2110,39,9228.13
2110,40,9228.03
2110,41,9163.83
2110,42,9065.96
2110,43,9230.2
2110,44,9161.9
2110,45,9184.45
2110,46,9280.6
2110,47,9240.15
2110,48,9276.47
2110,49,9165.85
2110,50,9205.89
2110,51,9174.09
2110,52,9273.89
2110,53,9348.11
2110,54,9093.33
2110,55,9171.37
2110,56,9085.72
2110,57,9111.8
2110,58,9277.56
2110,59,9212.53
2110,60,9257.26
2110,61,9205.55
2110,62,9291.42
2110,63,9163.1
2110,64,9160.47
2110,65,9123.48
2110,66,9094.75
2110,67,9198.18
2110,68,9141.29
2110,69,9118.29
2110,70,9277.78
2110,71,9107.59
2110,72,9130.67
2110,73,9216.31
2110,74,9190.7
2110,75,9257.11
2110,76,9135.44
2110,77,9153.28
2110,78,9164.59
2110,79,9307.8
2110,80,9182.76
2110,81,9121.83
2110,82,9240.32
2110,83,9164.74
2110,84,9236.21
2110,85,9226.21
2110,86,9122.29
2110,87,9139.87
2110,88,9210.73
2110,89,9106.05
2110,90,9181
2110,91,9226.15
2110,92,9307.98
2110,93,9095.62
2110,94,9243.23
2110,95,9238.15
2110,96,9233.64
2110,97,9183.99
2110,98,9043.03
2110,99,9287.76
2120,0,9227.93
2120,1,9162.65
2120,2,9098.83
2120,3,9178.4
2120,4,9107.36
2120,5,9138.05
2120,6,9223.94
2120,7,9281.78
2120,8,9169.38
2120,9,9299.3
2120,10,9263.03
2120,11,9237.53
2120,12,9280.09
2120,13,9233.67
2120,14,9149.94
2120,15,9193.53
2120,16,9321.3
2120,17,9319.23
2120,18,9214.28
2120,19,9142.71
2120,20,9084.74
2120,21,9230.65
2120,22,9157.2
2120,23,9212.56
2120,24,9160.99
2120,25,9141.87
2120,26,9133.5
2120,27,9300.21
2120,28,9193.79
2120,29,9162.7
2120,30,9221.53
2120,31,9263.69
2120,32,9184.1
2120,33,9154.06
2120,34,9208.11
2120,35,9206.6
2120,36,9289.66
2120,37,9210.9
2120,38,9254.99
2120,39,9227.83
2120,40,9227.73
2120,41,9163.53
2120,42,9065.67
2120,43,9229.9
2120,44,9161.6
2120,45,9184.17
2120,46,9280.3
2120,47,9239.85
2120,48,9276.17
2120,49,9165.55
2120,50,9205.59
2120,51,9173.79
2120,52,9273.59
2120,53,9347.81
2120,54,9093.07
2120,55,9171.07
2120,56,9085.42
2120,57,9111.51
2120,58,9277.27
2120,59,9212.23
2120,60,9256.98
2120,61,9205.25
2120,62,9291.12
2120,63,9162.81
2120,64,9160.18
2120,65,9123.18
2120,66,9094.45
2120,67,9197.88
2120,68,9140.99
2120,69,9117.99
2120,70,9277.49
2120,71,9107.29
2120,72,9130.37
2120,73,9216.02
2120,74,9190.4
2120,75,9256.81
2120,76,9135.14
2120,77,9152.98
2120,78,9164.29
2120,79,9307.5
2120,80,9182.46
2120,81,9121.53
2120,82,9240.03
2120,83,9164.44
2120,84,9235.92
2120,85,9225.92
2120,86,9121.99
2120,87,9139.57
2120,88,9210.43
2120,89,9105.76
2120,90,9180.71
2120,91,9225.85
2120,92,9307.68
2120,93,9095.34
2120,94,9242.93
2120,95,9237.86
2120,96,9233.34
2120,97,9183.69
2120,98,9042.75
2120,99,9287.47
2130,0,9227.63
2130,1,9162.35
2130,2,9098.53
2130,3,9178.1
2130,4,9107.06
2130,5,9137.75
2130,6,9223.64
2130,7,9281.48
2130,8,9169.08
2130,9,9299
2130,10,9262.73
2130,11,9237.23
2130,12,9279.79
2130,13,9233.37
2130,14,9149.64
2130,15,9193.23
2130,16,9321
2130,17,9318.93
2130,18,9213.98
2130,19,9142.41
2130,20,9084.44
2130,21,9230.35
2130,22,9156.9
2130,23,9212.26
2130,24,9160.69
2130,25,9141.57
2130,26,9133.2
2130,27,9299.91
2130,28,9193.49
2130,29,9162.4
2130,30,9221.23
2130,31,9263.39
2130,32,9183.8
2130,33,9153.76
2130,34,9207.81
2130,35,9206.3
2130,36,9289.36
2130,37,9210.6
2130,38,9254.69
2130,39,9227.53
2130,40,9227.43
2130,41,9163.23
2130,42,9065.37
2130,43,9229.6
2130,44,9161.3
2130,45,9183.87
2130,46,9280
2130,47,9239.55
2130,48,9275.87
2130,49,9165.25
2130,50,9205.29
2130,51,9173.49
2130,52,9273.29
2130,53,9347.51
2130,54,9092.77
2130,55,9170.77
2130,56,9085.12
2130,57,9111.21
2130,58,9276.97
2130,59,9211.93
2130,60,9256.68
2130,61,9204.95
2130,62,9290.82
2130,63,9162.51
2130,64,9159.88
2130,65,9122.88
2130,66,9094.15
2130,67,9197.58
2130,68,9140.69
2130,69,9117.69
2130,70,9277.19
2130,71,9106.99
2130,72,9130.07
2130,73,9215.72
2130,74,9190.1
2130,75,9256.51
2130,76,9134.84
2130,77,9152.68
2130,78,9163.99
2130,79,9307.2
2130,80,9182.16
2130,81,9121.23
2130,82,9239.73
2130,83,9164.14
2130,84,9235.62
2130,85,9225.62
2130,86,9121.69
2130,87,9139.27
2130,88,9210.13
2130,89,9105.46
2130,90,9180.41
2130,91,9225.55
2130,92,9307.38
2130,93,9095.04
2130,94,9242.63
2130,95,9237.56
2130,96,9233.04
2130,97,9183.39
2130,98,9042.45
2130,99,9287.17
2140,0,9217.34
2140,1,9153.89
2140,2,9090.03
2140,3,9169.88
2140,4,9096.02
2140,5,9127.36
2140,6,9215.93
2140,7,9273.09
2140,8,9159.43
2140,9,9289.3
2140,10,9252.81
2140,11,9229.42
2140,12,9270.21
2140,13,9221.57
2140,14,9142.09
2140,15,9182.65
2140,16,9311.07
2140,17,9309
2140,18,9203.7
2140,19,9134.84
2140,20,9073.83
2140,21,9223.9
2140,22,9146.84
2140,23,9205.69
2140,24,9152.13
2140,25,9130.89
2140,26,9120.38
2140,27,9290.78
2140,28,9183.5
2140,29,9155.08
2140,30,9212.62
2140,31,9253.4
2140,32,9171.7
2140,33,9144.91
2140,34,9198.16
2140,35,9197.55
2140,36,9278.29
2140,37,9201.28
2140,38,9247.56
2140,39,9219.4
2140,40,9220.33
2140,41,9153.6
2140,42,9054.39
2140,43,9221.01
2140,44,9153.03
2140,45,9176.34
2140,46,9270.57
2140,47,9229.28
2140,48,9269.26
2140,49,9154.39
2140,50,9198.41
2140,51,9162.43
2140,52,9265.13
2140,53,9340.9
2140,54,9080.35
2140,55,9163.62
2140,56,9077.54
2140,57,9102.23
2140,58,9266.58
2140,59,9204.08
2140,60,9246.93
2140,61,9196.83
2140,62,9282.57
2140,63,9150.63
2140,64,9150.43
2140,65,9113.93
2140,66,9085.02
2140,67,9187.59
2140,68,9130.77
2140,69,9105.95
2140,70,9268.51
2140,71,9097.11
2140,72,9120.94
2140,73,9206.51
2140,74,9182.16
2140,75,9246.11
2140,76,9127.04
2140,77,9143.78
2140,78,9150.01
2140,79,9298.01
2140,80,9172.77
2140,81,9111.3
2140,82,9230.06
2140,83,9154.73
2140,84,9225.86
2140,85,9214.82
2140,86,9112.95
2140,87,9131.51
2140,88,9204.35
2140,89,9094.18
2140,90,9170.1
2140,91,9215.13
2140,92,9297.74
2140,93,9086.15
2140,94,9235.51
2140,95,9229.52
2140,96,9225.15
2140,97,9176.23
2140,98,9031.06
2140,99,9276.07
2150,0,9217.08
2150,1,9153.59
2150,2,9089.73
2150,3,9169.58
2150,4,9095.75
2150,5,9127.1
2150,6,9215.63
2150,7,9272.79
2150,8,9159.16
2150,9,9289
2150,10,9252.54
2150,11,9229.12
2150,12,9269.91
2150,13,9221.3
2150,14,9141.79
2150,15,9182.36
2150,16,9310.78
2150,17,9308.7
2150,18,9203.43
2150,19,9134.54
2150,20,9073.54
2150,21,9223.6
2150,22,9146.57
2150,23,9205.39
2150,24,9151.85
2150,25,9130.61
2150,26,9120.13
2150,27,9290.48
2150,28,9183.21
2150,29,9154.78
2150,30,9212.32
2150,31,9253.12
2150,32,9171.43
2150,33,9144.64
2150,34,9197.87
2150,35,9197.25
2150,36,9278.02
2150,37,9200.99
2150,38,9247.26
2150,39,9219.1
2150,40,9220.03
2150,41,9153.32
2150,42,9054.11
2150,43,9220.71
2150,44,9152.73
2150,45,9176.04
2150,46,9270.28
2150,47,9229.01
2150,48,9268.96
2150,49,9154.11
2150,50,9198.11
2150,51,9162.18
2150,52,9264.84
2150,53,9340.6
2150,54,9080.08
2150,55,9163.32
2150,56,9077.24
2150,57,9101.93
2150,58,9266.3
2150,59,9203.78
2150,60,9246.66
2150,61,9196.53
2150,62,9282.28
2150,63,9150.36
2150,64,9150.16
2150,65,9113.64
2150,66,9084.73
2150,67,9187.31
2150,68,9130.49
2150,69,9105.68
2150,70,9268.23
2150,71,9096.82
2150,72,9120.66
2150,73,9206.23
2150,74,9181.86
2150,75,9245.82
2150,76,9126.74
2150,77,9143.49
2150,78,9149.76
2150,79,9297.73
2150,80,9172.47
2150,81,9111
2150,82,9229.78
2150,83,9154.43
2150,84,9225.58
2150,85,9214.54
2150,86,9112.66
2150,87,9131.22
2150,88,9204.05
2150,89,9093.9
2150,90,9169.83
2150,91,9214.84
2150,92,9297.45
2150,93,9085.85
2150,94,9235.21
2150,95,9229.23
2150,96,9224.85
2150,97,9175.93
2150,98,9030.8
2150,99,9275.79
2160,0,9216.78
2160,1,9153.29
2160,2,9089.43
2160,3,9169.28
2160,4,9095.45
2160,5,9126.8
2160,6,9215.33
2160,7,9272.49
2160,8,9158.86
2160,9,9288.7
2160,10,9252.24
2160,11,9228.82
2160,12,9269.61
2160,13,9221
2160,14,9141.49
2160,15,9182.06
2160,16,9310.48
2160,17,9308.4
2160,18,9203.13
2160,19,9134.24
2160,20,9073.24
2160,21,9223.3
2160,22,9146.27
2160,23,9205.09
2160,24,9151.55
2160,25,9130.31
2160,26,9119.83
2160,27,9290.18
2160,28,9182.91
2160,29,9154.48
2160,30,9212.02
2160,31,9252.82
2160,32,9171.13
2160,33,9144.34
2160,34,9197.57
2160,35,9196.95
2160,36,9277.72
2160,37,9200.69
2160,38,9246.96
2160,39,9218.8
2160,40,9219.73
2160,41,9153.02
2160,42,9053.81
2160,43,9220.41
2160,44,9152.43
2160,45,9175.74
2160,46,9269.98
2160,47,9228.71
2160,48,9268.66
2160,49,9153.81
2160,50,9197.81
2160,51,9161.88
2160,52,9264.54
2160,53,9340.3
2160,54,9079.78
2160,55,9163.02
2160,56,9076.94
2160,57,9101.63
2160,58,9266
2160,59,9203.48
2160,60,9246.36
2160,61,9196.23
2160,62,9281.98
2160,63,9150.06
2160,64,9149.86
2160,65,9113.34
2160,66,9084.43
2160,67,9187.01
2160,68,9130.19
2160,69,9105.38
2160,70,9267.93
2160,71,9096.52
2160,72,9120.36
2160,73,9205.93
2160,74,9181.56
2160,75,9245.52
2160,76,9126.44
2160,77,9143.19
2160,78,9149.46
2160,79,9297.43
2160,80,9172.17
2160,81,9110.7
2160,82,9229.48
2160,83,9154.13
2160,84,9225.28
2160,85,9214.24
2160,86,9112.36
2160,87,9130.92
2160,88,9203.75
2160,89,9093.6
2160,90,9169.53
2160,91,9214.54
2160,92,9297.15
2160,93,9085.55
2160,94,9234.91
2160,95,9228.93
2160,96,9224.55
2160,97,9175.63
2160,98,9030.5
2160,99,9275.49
2170,0,9206.48
2170,1,9144.65
2170,2,9081.14
2170,3,9161.23
2170,4,9084.43
2170,5,9116.29
2170,6,9205.88
2170,7,9264.1
2170,8,9151.31
2170,9,9278.85
2170,10,9242.17
2170,11,9219.01
2170,12,9259.26
2170,13,9210.81
2170,14,9133.16
2170,15,9170.55
2170,16,9300.41
2170,17,9298.31
2170,18,9194.23
2170,19,9126.63
2170,20,9064.47
2170,21,9215.82
2170,22,9137.65
2170,23,9197.27
2170,24,9143.07
2170,25,9121.81
2170,26,9107.52
2170,27,9281.46
2170,28,9172.48
2170,29,9147.22
2170,30,9204.69
2170,31,9242.85
2170,32,9160.72
2170,33,9135.6
2170,34,9188.45
2170,35,9187.91
2170,36,9267.5
2170,37,9191.49
2170,38,9240.17
2170,39,9210.56
2170,40,9209.42
2170,41,9143.51
2170,42,9042.52
2170,43,9213.35
2170,44,9143.97
2170,45,9164.04
2170,46,9261.01
2170,47,9218.35
2170,48,9261.99
2170,49,9143.59
2170,50,9190.47
2170,51,9150.71
2170,52,9255.45
2170,53,9333.52
2170,54,9068.25
2170,55,9155.45
2170,56,9069.06
2170,57,9092.49
2170,58,9255.5
2170,59,9195.52
2170,60,9237
2170,61,9185.74
2170,62,9273.17
2170,63,9139.79
2170,64,9140.26
2170,65,9104.2
2170,66,9075.16
2170,67,9177.19
2170,68,9119.28
2170,69,9094.36
2170,70,9257.55
2170,71,9087.07
2170,72,9112
2170,73,9195.54
2170,74,9173.68
2170,75,9234.95
2170,76,9119.48
2170,77,9134.95
2170,78,9137.06
2170,79,9286.67
2170,80,9160.67
2170,81,9101.71
2170,82,9218.03
2170,83,9144.4
2170,84,9215.45
2170,85,9203.74
2170,86,9103.72
2170,87,9122.47
2170,88,9198.14
2170,89,9081.34
2170,90,9157.72
2170,91,9205.74
2170,92,9288.4
2170,93,9078.14
2170,94,9225.67
2170,95,9218.92
2170,96,9218.11
2170,97,9167.61
2170,98,9020.38
2170,99,9265.02
2180,0,9206.23
2180,1,9144.38
2180,2,9080.85
2180,3,9160.95
2180,4,9084.17
2180,5,9116.04
2180,6,9205.61
2180,7,9263.8
2180,8,9151.04
2180,9,9278.57
2180,10,9241.91
2180,11,9218.74
2180,12,9258.98
2180,13,9210.53
2180,14,9132.88
2180,15,9170.28
2180,16,9300.14
2180,17,9298.02
2180,18,9193.96
2180,19,9126.34
2180,20,9064.19
2180,21,9215.53
2180,22,9137.38
2180,23,9196.98
2180,24,9142.81
2180,25,9121.52
2180,26,9107.28
2180,27,9281.17
2180,28,9172.21
2180,29,9146.92
2180,30,9204.39
2180,31,9242.58
2180,32,9160.44
2180,33,9135.34
2180,34,9188.17
2180,35,9187.63
2180,36,9267.24
2180,37,9191.22
2180,38,9239.87
2180,39,9210.26
2180,40,9209.14
2180,41,9143.24
2180,42,9042.27
2180,43,9213.05
2180,44,9143.68
2180,45,9163.78
2180,46,9260.73
2180,47,9218.09
2180,48,9261.69
2180,49,9143.32
2180,50,9190.17
2180,51,9150.47
2180,52,9255.18
2180,53,9333.22
2180,54,9067.99
2180,55,9155.17
2180,56,9068.78
2180,57,9092.21
2180,58,9255.24
2180,59,9195.23
2180,60,9236.74
2180,61,9185.48
2180,62,9272.9
2180,63,9139.52
2180,64,9140
2180,65,9103.92
2180,66,9074.89
2180,67,9176.92
2180,68,9119.02
2180,69,9094.1
2180,70,9257.29
2180,71,9086.8
2180,72,9111.73
2180,73,9195.28
2180,74,9173.4
2180,75,9234.69
2180,76,9119.18
2180,77,9134.66
2180,78,9136.81
2180,79,9286.41
2180,80,9160.41
2180,81,9101.41
2180,82,9217.79
2180,83,9144.12
2180,84,9215.19
2180,85,9203.48
2180,86,9103.44
2180,87,9122.19
2180,88,9197.84
2180,89,9081.08
2180,90,9157.48
2180,91,9205.44
2180,92,9288.12
2180,93,9077.84
2180,94,9225.4
2180,95,9218.66
2180,96,9217.81
2180,97,9167.31
2180,98,9020.12
2180,99,9264.75
2190,0,9205.93
2190,1,9144.08
2190,2,9080.55
2190,3,9160.65
2190,4,9083.87
2190,5,9115.74
2190,6,9205.31
2190,7,9263.5
2190,8,9150.74
2190,9,9278.27
2190,10,9241.61
2190,11,9218.44
2190,12,9258.68
2190,13,9210.23
2190,14,9132.58
2190,15,9169.98
2190,16,9299.84
2190,17,9297.72
2190,18,9193.66
2190,19,9126.04
2190,20,9063.89
2190,21,9215.23
2190,22,9137.08
2190,23,9196.68
2190,24,9142.51
2190,25,9121.22
2190,26,9106.98
2190,27,9280.87
2190,28,9171.91
2190,29,9146.62
2190,30,9204.09
2190,31,9242.28
2190,32,9160.14
2190,33,9135.04
2190,34,9187.87
2190,35,9187.33
2190,36,9266.94
2190,37,9190.92
2190,38,9239.57
2190,39,9209.96
2190,40,9208.84
2190,41,9142.94
2190,42,9041.97
2190,43,9212.75
2190,44,9143.38
2190,45,9163.48
2190,46,9260.43
2190,47,9217.79
2190,48,9261.39
2190,49,9143.02
2190,50,9189.87
2190,51,9150.17
2190,52,9254.88
2190,53,9332.92
2190,54,9067.69
2190,55,9154.87
2190,56,9068.48
2190,57,9091.91
2190,58,9254.94
2190,59,9194.93
2190,60,9236.44
2190,61,9185.18
2190,62,9272.6
2190,63,9139.22
2190,64,9139.7
2190,65,9103.62
2190,66,9074.59
2190,67,9176.62
2190,68,9118.72
2190,69,9093.8
2190,70,9256.99
2190,71,9086.5
2190,72,9111.43
2190,73,9194.98
2190,74,9173.1
2190,75,9234.39
2190,76,9118.88
2190,77,9134.36
2190,78,9136.51
2190,79,9286.11
2190,80,9160.11
2190,81,9101.11
2190,82,9217.49
2190,83,9143.82
2190,84,9214.89
2190,85,9203.18
2190,86,9103.14
2190,87,9121.89
2190,88,9197.54
2190,89,9080.78
2190,90,9157.18
2190,91,9205.14
2190,92,9287.82
2190,93,9077.54
2190,94,9225.1
2190,95,9218.36
2190,96,9217.51
2190,97,9167.01
2190,98,9019.82
2190,99,9264.45
2200,0,9196.76
2200,1,9136.53
2200,2,9073.55
2200,3,9152.64
2200,4,9072.44
2200,5,9108.76
2200,6,9196.37
2200,7,9255.1
2200,8,9144.28
2200,9,9268.87
2200,10,9232.18
2200,11,9210.41
2200,12,9249.05
2200,13,9198.85
2200,14,9126.41
2200,15,9158.77
2200,16,9289.87
2200,17,9289.74
2200,18,9185.37
2200,19,9118.42
2200,20,9053.73
2200,21,9207.56
2200,22,9129.23
2200,23,9190.69
2200,24,9134.03
2200,25,9111.38
2200,26,9095.69
2200,27,9271.85
2200,28,9162.55
2200,29,9139.44
2200,30,9197.38
2200,31,9232.2
2200,32,9148.4
2200,33,9126.53
2200,34,9178.85
2200,35,9179.12
2200,36,9256.55
2200,37,9182.34
2200,38,9232.72
2200,39,9203.72
2200,40,9199.02
2200,41,9133.55
2200,42,9031.15
2200,43,9206.08
2200,44,9136.02
2200,45,9151.87
2200,46,9251.42
2200,47,9207.94
2200,48,9254.52
2200,49,9132.64
2200,50,9183.92
2200,51,9142.87
2200,52,9249.65
2200,53,9326.62
2200,54,9056.19
2200,55,9147.38
2200,56,9060.3
2200,57,9081.01
2200,58,9244.48
2200,59,9189.03
2200,60,9228.02
2200,61,9174.85
2200,62,9263.89
2200,63,9127.91
2200,64,9131.02
2200,65,9096.33
2200,66,9066.34
2200,67,9166.7
2200,68,9108.29
2200,69,9082.15
2200,70,9248.36
2200,71,9078.95
2200,72,9102.59
2200,73,9186.36
2200,74,9164.52
2200,75,9223.36
2200,76,9112.14
2200,77,9126.02
2200,78,9122.88
2200,79,9276.88
2200,80,9148.82
2200,81,9091.37
2200,82,9207.85
2200,83,9134.7
2200,84,9204.95
2200,85,9191.27
2200,86,9096.99
2200,87,9114.5
2200,88,9192.13
2200,89,9069.04
2200,90,9147.21
2200,91,9196.57
2200,92,9278.9
2200,93,9066.39
2200,94,9217.63
2200,95,9210.41
2200,96,9212.9
2200,97,9159.1
2200,98,9011.18
2200,99,9253.72
2210,0,9196.51
2210,1,9136.26
2210,2,9073.27
2210,3,9152.37
2210,4,9072.2
2210,5,9108.49
2210,6,9196.11
2210,7,9254.82
2210,8,9144
2210,9,9268.61
2210,10,9231.94
2210,11,9210.14
2210,12,9248.78
2210,13,9198.6
2210,14,9126.11
2210,15,9158.52
2210,16,9289.61
2210,17,9289.45
2210,18,9185.11
2210,19,9118.14
2210,20,9053.47
2210,21,9207.28
2210,22,9128.97
2210,23,9190.39
2210,24,9133.78
2210,25,9111.12
2210,26,9095.47
2210,27,9271.59
2210,28,9162.28
2210,29,9139.15
2210,30,9197.09
2210,31,9231.95
2210,32,9148.15
2210,33,9126.28
2210,34,9178.58
2210,35,9178.84
2210,36,9256.3
2210,37,9182.08
2210,38,9232.44
2210,39,9203.42
2210,40,9198.75
2210,41,9133.29
2210,42,9030.91
2210,43,9205.8
2210,44,9135.74
2210,45,9151.62
2210,46,9251.16
2210,47,9207.69
2210,48,9254.23
2210,49,9132.39
2210,50,9183.62
2210,51,9142.61
2210,52,9249.35
2210,53,9326.32
2210,54,9055.94
2210,55,9147.11
2210,56,9060.03
2210,57,9080.76
2210,58,9244.23
2210,59,9188.73
2210,60,9227.76
2210,61,9174.6
2210,62,9263.63
2210,63,9127.66
2210,64,9130.78
2210,65,9096.04
2210,66,9066.07
2210,67,9166.45
2210,68,9108.05
2210,69,9081.91
2210,70,9248.1
2210,71,9078.66
2210,72,9102.33
2210,73,9186.1
2210,74,9164.26
2210,75,9223.11
2210,76,9111.85
2210,77,9125.75
2210,78,9122.65
2210,79,9276.61
2210,80,9148.57
2210,81,9091.11
2210,82,9207.6
2210,83,9134.43
2210,84,9204.69
2210,85,9191.04
2210,86,9096.7
2210,87,9114.23
2210,88,9191.84
2210,89,9068.79
2210,90,9146.96
2210,91,9196.29
2210,92,9278.64
2210,93,9066.15
2210,94,9217.35
2210,95,9210.14
2210,96,9212.6
2210,97,9158.81
2210,98,9010.92
2210,99,9253.47
2220,0,9196.21
2220,1,9135.96
2220,2,9072.97
2220,3,9152.07
2220,4,9071.9
2220,5,9108.19
2220,6,9195.81
2220,7,9254.52
2220,8,9143.7
2220,9,9268.31
2220,10,9231.64
2220,11,9209.84
2220,12,9248.48
2220,13,9198.3
2220,14,9125.81
2220,15,9158.22
2220,16,9289.31
2220,17,9289.15
2220,18,9184.81
2220,19,9117.84
2220,20,9053.17
2220,21,9206.98
2220,22,9128.67
2220,23,9190.09
2220,24,9133.48
2220,25,9110.82
2220,26,9095.17
2220,27,9271.29
2220,28,9161.98
2220,29,9138.85
2220,30,9196.79
2220,31,9231.65
2220,32,9147.85
2220,33,9125.98
2220,34,9178.28
2220,35,9178.54
2220,36,9256
2220,37,9181.78
2220,38,9232.14
2220,39,9203.12
2220,40,9198.45
2220,41,9132.99
2220,42,9030.61
2220,43,9205.5
2220,44,9135.44
2220,45,9151.32
2220,46,9250.86
2220,47,9207.39
2220,48,9253.93
2220,49,9132.09
2220,50,9183.32
2220,51,9142.31
2220,52,9249.05
2220,53,9326.02
2220,54,9055.64
2220,55,9146.81
2220,56,9059.73
2220,57,9080.46
2220,58,9243.93
2220,59,9188.43
2220,60,9227.46
2220,61,9174.3
2220,62,9263.33
2220,63,9127.36
2220,64,9130.48
2220,65,9095.74
2220,66,9065.77
2220,67,9166.15
2220,68,9107.75
2220,69,9081.61
2220,70,9247.8
2220,71,9078.36
2220,72,9102.03
2220,73,9185.8
2220,74,9163.96
2220,75,9222.81
2220,76,9111.55
2220,77,9125.45
2220,78,9122.35
2220,79,9276.31
2220,80,9148.27
2220,81,9090.81
2220,82,9207.3
2220,83,9134.13
2220,84,9204.39
2220,85,9190.74
2220,86,9096.4
2220,87,9113.93
2220,88,9191.54
2220,89,9068.49
2220,90,9146.66
2220,91,9195.99
2220,92,9278.34
2220,93,9065.85
2220,94,9217.05
2220,95,9209.84
2220,96,9212.3
2220,97,9158.51
2220,98,9010.62
2220,99,9253.17
2230,0,9186.9
2230,1,9128.36
2230,2,9063.75
2230,3,9144.12
2230,4,9061.92
2230,5,9101.29
2230,6,9189.65
2230,7,9245.69
2230,8,9134.48
2230,9,9258.47
2230,10,9222.4
2230,11,9201.34
2230,12,9238.45
2230,13,9186.93
2230,14,9119.54
2230,15,9147.06
2230,16,9279.8
2230,17,9279.44
2230,18,9177.31
2230,19,9110.95
2230,20,9045.45
2230,21,9198.69
2230,22,9122.1
2230,23,9182.39
2230,24,9123.72
2230,25,9101.15
2230,26,9084.49
2230,27,9262.19
2230,28,9151.79
2230,29,9131.38
2230,30,9188.56
2230,31,9222.19
2230,32,9136.13
2230,33,9116.33
2230,34,9168.99
2230,35,9170.12
2230,36,9246.39
2230,37,9173.23
2230,38,9225.02
2230,39,9195.44
2230,40,9188.4
2230,41,9123.7
2230,42,9019.78
2230,43,9197.07
2230,44,9128.01
2230,45,9139.38
2230,46,9242.05
2230,47,9197.48
2230,48,9245.14
2230,49,9122.54
2230,50,9176
2230,51,9134.74
2230,52,9240.35
2230,53,9317.39
2230,54,9043.98
2230,55,9139.32
2230,56,9051.31
2230,57,9066.98
2230,58,9233.63
2230,59,9182.55
2230,60,9217.6
2230,61,9163.66
2230,62,9254.73
2230,63,9117.92
2230,64,9121.73
2230,65,9087.51
2230,66,9057.51
2230,67,9156.61
2230,68,9097.46
2230,69,9069.88
2230,70,9237.84
2230,71,9070.06
2230,72,9093.03
2230,73,9176.66
2230,74,9156.04
2230,75,9211.72
2230,76,9103.76
2230,77,9117.01
2230,78,9108.77
2230,79,9267.19
2230,80,9137.62
2230,81,9080.09
2230,82,9197.68
2230,83,9124.29
2230,84,9194.36
2230,85,9179.66
2230,86,9089.89
2230,87,9107.56
2230,88,9181.78
2230,89,9056.81
2230,90,9136.55
2230,91,9186.65
2230,92,9269.74
2230,93,9054.65
2230,94,9209.46
2230,95,9201.56
2230,96,9205
2230,97,9150.64
2230,98,9002.07
2230,99,9242.48
2240,0,9186.67
2240,1,9128.09
2240,2,9063.49
2240,3,9143.86
2240,4,9061.69
2240,5,9101.04
2240,6,9189.37
2240,7,9245.43
2240,8,9134.24
2240,9,9258.22
2240,10,9222.16
2240,11,9201.08
2240,12,9238.2
2240,13,9186.7
2240,14,9119.26
2240,15,9146.82
2240,16,9279.55
2240,17,9279.17
2240,18,9177.05
2240,19,9110.68
2240,20,9045.18
2240,21,9198.43
2240,22,9121.84
2240,23,9182.12
2240,24,9123.49
2240,25,9100.91
2240,26,9084.28
2240,27,9261.94
2240,28,9151.54
2240,29,9131.11
2240,30,9188.3
2240,31,9221.94
2240,32,9135.89
2240,33,9115.03
2240,34,9168.74
2240,35,9169.86
2240,36,9246.15
2240,37,9172.98
2240,38,9224.75
2240,39,9195.17
2240,40,9188.15
2240,41,9123.45
2240,42,9019.55
2240,43,9196.82
2240,44,9127.74
2240,45,9139.15
2240,46,9241.79
2240,47,9197.25
2240,48,9244.88
2240,49,9122.29
2240,50,9175.72
2240,51,9134.5
2240,52,9240.11
2240,53,9317.13
2240,54,9043.75
2240,55,9139.07
2240,56,9051.06
2240,57,9066.75
2240,58,9233.4
2240,59,9182.26
2240,60,9217.37
2240,61,9163.43
2240,62,9254.48
2240,63,9117.67
2240,64,9121.5
2240,65,9087.25
2240,66,9057.25
2240,67,9156.37
2240,68,9097.22
2240,69,9069.65
2240,70,9237.61
2240,71,9069.8
2240,72,9092.79
2240,73,9176.41
2240,74,9155.8
2240,75,9211.48
2240,76,9103.49
2240,77,9116.76
2240,78,9108.56
2240,79,9266.94
2240,80,9137.37
2240,81,9079.85
2240,82,9195.4
2240,83,9124.03
2240,84,9194.12
2240,85,9179.44
2240,86,9089.62
2240,87,9107.3
2240,88,9181.54
2240,89,9056.57
2240,90,9136.33
2240,91,9186.39
2240,92,9269.49
2240,93,9054.42
2240,94,9209.2
2240,95,9201.31
2240,96,9204.74
2240,97,9150.37
2240,98,9001.82
2240,99,9242.24
2250,0,9186.37
2250,1,9127.79
2250,2,9063.19
2250,3,9143.56
2250,4,9061.39
2250,5,9100.74
2250,6,9189.07
2250,7,9245.13
2250,8,9133.94
2250,9,9257.92
2250,10,9221.86
2250,11,9200.78
2250,12,9237.9
2250,13,9186.4
2250,14,9118.96
2250,15,9146.52
2250,16,9279.25
2250,17,9278.87
2250,18,9176.75
2250,19,9110.38
2250,20,9044.88
2250,21,9198.13
2250,22,9121.54
2250,23,9181.82
2250,24,9123.19
2250,25,9100.61
2250,26,9083.98
2250,27,9261.64
2250,28,9151.24
2250,29,9130.81
2250,30,9188
2250,31,9221.64
2250,32,9135.59
2250,33,9114.73
2250,34,9168.44
2250,35,9169.56
2250,36,9245.85
2250,37,9172.68
2250,38,9224.45
2250,39,9194.87
2250,40,9187.85
2250,41,9123.15
2250,42,9019.25
2250,43,9196.52
2250,44,9127.44
2250,45,9138.85
2250,46,9241.49
2250,47,9196.95
2250,48,9244.58
2250,49,9121.99
2250,50,9175.42
2250,51,9134.2
2250,52,9239.81
2250,53,9316.83
2250,54,9043.45
2250,55,9138.77
2250,56,9050.76
2250,57,9066.45
2250,58,9233.1
2250,59,9181.96
2250,60,9217.07
2250,61,9163.13
2250,62,9254.18
2250,63,9117.37
2250,64,9121.2
2250,65,9086.95
2250,66,9056.95
2250,67,9156.07
2250,68,9096.92
2250,69,9069.35
2250,70,9237.31
2250,71,9069.5
2250,72,9092.49
2250,73,9176.11
2250,74,9155.5
2250,75,9211.18
2250,76,9103.19
2250,77,9116.46
2250,78,9108.26
2250,79,9266.64
2250,80,9137.07
2250,81,9079.55
2250,82,9195.1
2250,83,9123.73
2250,84,9193.82
2250,85,9179.14
2250,86,9089.32
2250,87,9107
2250,88,9181.24
2250,89,9056.27
2250,90,9136.03
2250,91,9186.09
2250,92,9269.19
2250,93,9054.12
2250,94,9208.9
2250,95,9201.01
2250,96,9204.44
2250,97,9150.07
2250,98,9001.52
2250,99,9241.94
2260,0,9176.84
2260,1,9121.53
2260,2,9054.37
2260,3,9136.08
2260,4,9053.98
2260,5,9092.41
2260,6,9183
2260,7,9236.06
2260,8,9127.73
2260,9,9247.87
2260,10,9215.4
2260,11,9189.88
2260,12,9226.78
2260,13,9174.94
2260,14,9110.71
2260,15,9135.71
2260,16,9269.14
2260,17,9265.76
2260,18,9168.66
2260,19,9103.71
2260,20,9034.87
2260,21,9189.84
2260,22,9114.94
2260,23,9174.06
2260,24,9114.49
2260,25,9092.22
2260,26,9077.1
2260,27,9252.27
2260,28,9140.97
2260,29,9122.29
2260,30,9182.5
2260,31,9211.64
2260,32,9123.93
2260,33,9104.96
2260,34,9159.57
2260,35,9160.03
2260,36,9235.69
2260,37,9163.71
2260,38,9217.34
2260,39,9188.39
2260,40,9178.03
2260,41,9113.94
2260,42,9008.21
2260,43,9189.89
2260,44,9121.29
2260,45,9126.66
2260,46,9232.89
2260,47,9188.76
2260,48,9234.77
2260,49,9112.59
2260,50,9168.05
2260,51,9126.79
2260,52,9232.41
2260,53,9309.93
2260,54,9033.98
2260,55,9131.25
2260,56,9042.87
2260,57,9055.11
2260,58,9222.89
2260,59,9175.92
2260,60,9208.01
2260,61,9152.81
2260,62,9246.42
2260,63,9106.3
2260,64,9112.43
2260,65,9078.65
2260,66,9050.17
2260,67,9145.92
2260,68,9086.48
2260,69,9059.53
2260,70,9230.32
2260,71,9061.6
2260,72,9083.32
2260,73,9167
2260,74,9146.42
2260,75,9200.4
2260,76,9095.75
2260,77,9108.77
2260,78,9098.46
2260,79,9258.12
2260,80,9128.97
2260,81,9072
2260,82,9185.2
2260,83,9113.27
2260,84,9183.67
2260,85,9168.84
2260,86,9082.4
2260,87,9099.42
2260,88,9172.45
2260,89,9045.01
2260,90,9125.93
2260,91,9175.76
2260,92,9260.29
2260,93,9042.53
2260,94,9201.16
2260,95,9191.89
2260,96,9196.44
2260,97,9141.22
2260,98,8993.11
2260,99,9231.18
2270,0,9176.62
2270,1,9117.3
2270,2,9054.12
2270,3,9134.48
2270,4,9050.35
2270,5,9092.18
2270,6,9179.04
2270,7,9235.81
2270,8,9123.22
2270,9,9247.63
2270,10,9215.15
2270,11,9188.27
2270,12,9226.55
2270,13,9174.72
2270,14,9110.46
2270,15,9135.49
2270,16,9268.91
2270,17,9265.51
2270,18,9168.42
2270,19,9103.45
2270,20,9034.64
2270,21,9189.59
2270,22,9114.69
2270,23,9173.81
2270,24,9112.02
2270,25,9091.98
2270,26,9072.12
2270,27,9252.03
2270,28,9140.74
2270,29,9122.04
2270,30,9178.96
2270,31,9211.41
2270,32,9123.71
2270,33,9104.75
2270,34,9159.32
2270,35,9159.79
2270,36,9235.04
2270,37,9163.48
2270,38,9217.09
2270,39,9185.6
2270,40,9176.01
2270,41,9113.71
2270,42,9008
2270,43,9189.63
2270,44,9117.13
2270,45,9126.44
2270,46,9232.65
2270,47,9185.2
2270,48,9234.53
2270,49,9112.36
2270,50,9167.79
2270,51,9126.56
2270,52,9230.72
2270,53,9309.66
2270,54,9029.98
2270,55,9131.01
2270,56,9042.64
2270,57,9054.88
2270,58,9222.42
2270,59,9173.29
2270,60,9206.25
2270,61,9151.79
2270,62,9246.17
2270,63,9106.08
2270,64,9112.22
2270,65,9077.08
2270,66,9045.74
2270,67,9145.7
2270,68,9085.74
2270,69,9059.3
2270,70,9226.34
2270,71,9059.86
2270,72,9081.37
2270,73,9166.77
2270,74,9146.19
2270,75,9199.75
2270,76,9095.5
2270,77,9108.53
2270,78,9094.33
2270,79,9256.71
2270,80,9124.87
2270,81,9068.95
2270,82,9183
2270,83,9113.03
2270,84,9180.63
2270,85,9167.57
2270,86,9082.15
2270,87,9099.18
2270,88,9172.21
2270,89,9043.99
2270,90,9124.08
2270,91,9175.52
2270,92,9260.05
2270,93,9041.69
2270,94,9200.91
2270,95,9190.46
2270,96,9196.19
2270,97,9140.96
2270,98,8992.88
2270,99,9230.96
2280,0,9176.32
2280,1,9117
2280,2,9053.82
2280,3,9134.18
2280,4,9050.05
2280,5,9091.88
2280,6,9178.74
2280,7,9235.51
2280,8,9122.92
2280,9,9247.33
2280,10,9214.85
2280,11,9187.97
2280,12,9226.25
2280,13,9174.42
2280,14,9110.16
2280,15,9135.19
2280,16,9268.61
2280,17,9265.21
2280,18,9168.12
2280,19,9103.15
2280,20,9034.34
2280,21,9189.29
2280,22,9114.39
2280,23,9173.51
2280,24,9111.72
2280,25,9091.68
2280,26,9071.82
2280,27,9251.73
2280,28,9140.44
2280,29,9121.74
2280,30,9178.66
2280,31,9211.11
2280,32,9123.41
2280,33,9104.45
2280,34,9159.02
2280,35,9159.49
2280,36,9234.74
2280,37,9163.18
2280,38,9216.79
2280,39,9185.3
2280,40,9175.71
2280,41,9113.41
2280,42,9007.7
2280,43,9189.33
2280,44,9116.83
2280,45,9126.14
2280,46,9232.35
2280,47,9184.9
2280,48,9234.23
2280,49,9112.06
2280,50,9167.49
2280,51,9126.26
2280,52,9230.42
2280,53,9309.36
2280,54,9029.68
2280,55,9130.71
2280,56,9042.34
2280,57,9054.58
2280,58,9222.12
2280,59,9172.99
2280,60,9205.95
2280,61,9151.49
2280,62,9245.87
2280,63,9105.78
2280,64,9111.92
2280,65,9076.78
2280,66,9045.44
2280,67,9145.4
2280,68,9085.44
2280,69,9059
2280,70,9226.04
2280,71,9059.56
2280,72,9081.07
2280,73,9166.47
2280,74,9145.89
2280,75,9199.45
2280,76,9095.2
2280,77,9108.23
2280,78,9094.03
2280,79,9256.41
2280,80,9124.57
2280,81,9068.65
2280,82,9182.7
2280,83,9112.73
2280,84,9180.33
2280,85,9167.27
2280,86,9081.85
2280,87,9098.88
2280,88,9171.91
2280,89,9043.69
2280,90,9123.78
2280,91,9175.22
2280,92,9259.75
2280,93,9041.39
2280,94,9200.61
2280,95,9190.16
2280,96,9195.89
2280,97,9140.66
2280,98,8992.58
2280,99,9230.66
2290,0,9168.98
2290,1,9110.35
2290,2,9046.36
2290,3,9126.08
2290,4,9042.67
2290,5,9085.12
2290,6,9172.74
2290,7,9226.71
2290,8,9115.62
2290,9,9239.16
2290,10,9206.65
2290,11,9180.02
2290,12,9216.22
2290,13,9165.45
2290,14,9102.69
2290,15,9127.74
2290,16,9259.23
2290,17,9251.17
2290,18,9160.9
2290,19,9095.44
2290,20,9026.77
2290,21,9183.27
2290,22,9106.73
2290,23,9167.61
2290,24,9104.84
2290,25,9085.04
2290,26,9064.95
2290,27,9243.1
2290,28,9131.22
2290,29,9113.98
2290,30,9173.29
2290,31,9201.6
2290,32,9117.68
2290,33,9098.36
2290,34,9150.19
2290,35,9150.78
2290,36,9228.21
2290,37,9154.75
2290,38,9209.73
2290,39,9178.88
2290,40,9168.68
2290,41,9104.28
2290,42,8998.04
2290,43,9183.83
2290,44,9110.62
2290,45,9119.57
2290,46,9223.63
2290,47,9176.95
2290,48,9225.66
2290,49,9104.1
2290,50,9160.59
2290,51,9118.95
2290,52,9223.08
2290,53,9300.71
2290,54,9023.48
2290,55,9123.19
2290,56,9033.68
2290,57,9046.87
2290,58,9214.83
2290,59,9166.67
2290,60,9197.65
2290,61,9146.2
2290,62,9238.52
2290,63,9098.31
2290,64,9105.23
2290,65,9068.88
2290,66,9038.07
2290,67,9138.83
2290,68,9075.7
2290,69,9052
2290,70,9218.76
2290,71,9051.7
2290,72,9073.43
2290,73,9157.38
2290,74,9137.83
2290,75,9192.33
2290,76,9088.4
2290,77,9101.33
2290,78,9087.19
2290,79,9247.77
2290,80,9115.29
2290,81,9061.14
2290,82,9174.4
2290,83,9103.03
2290,84,9170.36
2290,85,9161.01
2290,86,9075.34
2290,87,9091.54
2290,88,9166.7
2290,89,9035.46
2290,90,9118.21
2290,91,9167.53
2290,92,9253.24
2290,93,9034.48
2290,94,9192.67
2290,95,9181.69
2290,96,9190.39
2290,97,9132.42
2290,98,8984.27
2290,99,9221.27
2300,0,9166.38
2300,1,9106.11
2300,2,9043.81
2300,3,9124.74
2300,4,9038.47
2300,5,9084.89
2300,6,9168.79
2300,7,9226.47
2300,8,9113.46
2300,9,9236.86
2300,10,9205.15
2300,11,9176.28
2300,12,9215.1
2300,13,9162.59
2300,14,9102.45
2300,15,9124.92
2300,16,9258.65
2300,17,9250.93
2300,18,9160.67
2300,19,9095.21
2300,20,9024.05
2300,21,9178.27
2300,22,9106.51
2300,23,9166
2300,24,9098.72
2300,25,9081.42
2300,26,9059.94
2300,27,9241.88
2300,28,9129.63
2300,29,9113.7
2300,30,9170.03
2300,31,9201.12
2300,32,9111.58
2300,33,9091.88
2300,34,9149.18
2300,35,9150.55
2300,36,9224.36
2300,37,9154.52
2300,38,9208.18
2300,39,9176.08
2300,40,9163.89
2300,41,9102.54
2300,42,8996.06
2300,43,9180.46
2300,44,9106.44
2300,45,9113.84
2300,46,9223.41
2300,47,9175.84
2300,48,9223.94
2300,49,9102.34
2300,50,9159.32
2300,51,9118.73
2300,52,9222.85
2300,53,9300.43
2300,54,9016.55
2300,55,9121.52
2300,56,9031.37
2300,57,9042.09
2300,58,9211.35
2300,59,9164.54
2300,60,9196.52
2300,61,9139.65
2300,62,9235.43
2300,63,9094.56
2300,64,9101.23
2300,65,9065.38
2300,66,9037.84
2300,67,9135.75
2300,68,9073.97
2300,69,9046.62
2300,70,9215.39
2300,71,9048.17
2300,72,9069.71
2300,73,9155.51
2300,74,9134.66
2300,75,9188.69
2300,76,9088.16
2300,77,9096.22
2300,78,9079.92
2300,79,9247.54
2300,80,9113.82
2300,81,9057.62
2300,82,9171.17
2300,83,9101.92
2300,84,9169.61
2300,85,9154.53
2300,86,9072.26
2300,87,9089.41
2300,88,9162.81
2300,89,9032.3
2300,90,9109.88
2300,91,9164.58
2300,92,9250.08
2300,93,9029.69
2300,94,9192.44
2300,95,9181.47
2300,96,9188.34
2300,97,9132.17
2300,98,8984.05
2300,99,9217.64
2310,0,9166.08
2310,1,9105.81
2310,2,9043.51
2310,3,9124.44
2310,4,9038.17
2310,5,9084.59
2310,6,9168.49
2310,7,9226.17
2310,8,9113.16
2310,9,9236.56
2310,10,9204.85
2310,11,9175.98
2310,12,9214.8
2310,13,9162.29
2310,14,9102.15
2310,15,9124.62
2310,16,9258.35
2310,17,9250.63
2310,18,9160.37
2310,19,9094.91
2310,20,9023.75
2310,21,9177.97
2310,22,9106.21
2310,23,9165.7
2310,24,9098.42
2310,25,9081.12
2310,26,9059.64
2310,27,9241.58
2310,28,9129.33
2310,29,9113.4
2310,30,9169.73
2310,31,9200.82
2310,32,9111.28
2310,33,9091.58
2310,34,9148.88
2310,35,9150.25
2310,36,9224.06
2310,37,9154.22
2310,38,9207.88
2310,39,9175.78
2310,40,9163.59
2310,41,9102.24
2310,42,8995.76
2310,43,9180.16
2310,44,9106.14
2310,45,9113.54
2310,46,9223.11
2310,47,9175.54
2310,48,9223.64
2310,49,9102.04
2310,50,9159.02
2310,51,9118.43
2310,52,9222.55
2310,53,9300.13
2310,54,9016.25
2310,55,9121.22
2310,56,9031.07
2310,57,9041.79
2310,58,9211.05
2310,59,9164.24
2310,60,9196.22
2310,61,9139.35
2310,62,9235.13
2310,63,9094.26
2310,64,9100.93
2310,65,9065.08
2310,66,9037.54
2310,67,9135.45
2310,68,9073.67
2310,69,9046.32
2310,70,9215.09
2310,71,9047.87
2310,72,9069.41
2310,73,9155.21
2310,74,9134.36
2310,75,9188.39
2310,76,9087.86
2310,77,9095.92
2310,78,9079.62
2310,79,9247.24
2310,80,9113.52
2310,81,9057.32
2310,82,9170.87
2310,83,9101.62
2310,84,9169.31
2310,85,9154.23
2310,86,9071.96
2310,87,9089.11
2310,88,9162.51
2310,89,9032
2310,90,9109.58
2310,91,9164.28
2310,92,9249.78
2310,93,9029.39
2310,94,9192.14
2310,95,9181.17
2310,96,9188.04
2310,97,9131.87
2310,98,8983.75
2310,99,9217.34
2320,0,9159.92
2320,1,9099.48
2320,2,9038.67
2320,3,9116.86
2320,4,9034.91
2320,5,9079.48
2320,6,9162.58
2320,7,9220.48
2320,8,9108.44
2320,9,9232.12
2320,10,9199.34
2320,11,9172.2
2320,12,9208.76
2320,13,9156.16
2320,14,9097.94
2320,15,9117.03
2320,16,9251.33
2320,17,9242.14
2320,18,9154.94
2320,19,9087.16
2320,20,9020.95
2320,21,9171.42
2320,22,9100.95
2320,23,9159.57
2320,24,9094.01
2320,25,9076.79
2320,26,9055.58
2320,27,9236.56
2320,28,9124.32
2320,29,9105.9
2320,30,9164.42
2320,31,9196.05
2320,32,9105.13
2320,33,9087.31
2320,34,9143.56
2320,35,9142.85
2320,36,9220.89
2320,37,9148.49
2320,38,9200.84
2320,39,9169.67
2320,40,9156.09
2320,41,9096.17
2320,42,8990.2
2320,43,9174.8
2320,44,9099.94
2320,45,9108.6
2320,46,9216.53
2320,47,9169.6
2320,48,9217.42
2320,49,9096.25
2320,50,9153.05
2320,51,9112.94
2320,52,9217.46
2320,53,9294.1
2320,54,9011.78
2320,55,9117.22
2320,56,9024.88
2320,57,9033.45
2320,58,9207.71
2320,59,9158.41
2320,60,9190.87
2320,61,9134.59
2320,62,9228.69
2320,63,9086.77
2320,64,9095.29
2320,65,9057.29
2320,66,9032.18
2320,67,9130.06
2320,68,9067.57
2320,69,9039.26
2320,70,9207.7
2320,71,9040.14
2320,72,9063.45
2320,73,9150.99
2320,74,9130.8
2320,75,9182.06
2320,76,9082.07
2320,77,9089.54
2320,78,9072.8
2320,79,9242.92
2320,80,9107.92
2320,81,9053.17
2320,82,9167.6
2320,83,9095.77
2320,84,9166.47
2320,85,9150.08
2320,86,9065.47
2320,87,9084.06
2320,88,9155.07
2320,89,9024.38
2320,90,9106.37
2320,91,9156.22
2320,92,9244.19
2320,93,9024.21
2320,94,9184.63
2320,95,9175.94
2320,96,9182.59
2320,97,9123.91
2320,98,8979.01
2320,99,9211.79
2330,0,9153.82
2330,1,9097.64
2330,2,9033.46
2330,3,9115.36
2330,4,9028.87
2330,5,9076.24
2330,6,9160.95
2330,7,9217.05
2330,8,9102.75
2330,9,9226.65
2330,10,9194.98
2330,11,9164.39
2330,12,9203.38
2330,13,9150.72
2330,14,9093.28
2330,15,9113.28
2330,16,9247.22
2330,17,9233.19
2330,18,9152.66
2330,19,9084.93
2330,20,9014.85
2330,21,9171.19
2330,22,9099.26
2330,23,9159.33
2330,24,9087.92
2330,25,9072.3
2330,26,9047.44
2330,27,9232.62
2330,28,9117.5
2330,29,9105.02
2330,30,9160.55
2330,31,9190.38
2330,32,9099.19
2330,33,9079.65
2330,34,9139.37
2330,35,9141.01
2330,36,9213.11
2330,37,9145.57
2330,38,9197.84
2330,39,9166.41
2330,40,9150.84
2330,41,9091.85
2330,42,8983.69
2330,43,9171.27
2330,44,9098.09
2330,45,9101.71
2330,46,9213.9
2330,47,9165.17
2330,48,9213.61
2330,49,9091.96
2330,50,9150.97
2330,51,9109.85
2330,52,9212.91
2330,53,9291.33
2330,54,9004.69
2330,55,9110.69
2330,56,9022.38
2330,57,9029.17
2330,58,9198.83
2330,59,9156.22
2330,60,9187.17
2330,61,9128.42
2330,62,9225.43
2330,63,9083.53
2330,64,9091.87
2330,65,9053.82
2330,66,9026.43
2330,67,9125.25
2330,68,9062.13
2330,69,9034.71
2330,70,9206.71
2330,71,9038.32
2330,72,9059.01
2330,73,9144.16
2330,74,9122.67
2330,75,9175.99
2330,76,9080.53
2330,77,9085.59
2330,78,9065.81
2330,79,9235.26
2330,80,9102.38
2330,81,9048.02
2330,82,9161.51
2330,83,9090.45
2330,84,9156.12
2330,85,9143.18
2330,86,9062.09
2330,87,9081.46
2330,88,9153.75
2330,89,9020.26
2330,90,9097.28
2330,91,9153.43
2330,92,9239.45
2330,93,9017.99
2330,94,9182.11
2330,95,9169.53
2330,96,9181.27
2330,97,9123.68
2330,98,8974.41
2330,99,9208.29
2340,0,9153.52
2340,1,9097.34
2340,2,9033.16
2340,3,9115.06
2340,4,9028.57
2340,5,9075.94
2340,6,9160.65
2340,7,9216.75
2340,8,9102.45
2340,9,9226.35
2340,10,9194.68
2340,11,9164.09
2340,12,9203.08
2340,13,9150.42
2340,14,9092.98
2340,15,9112.98
2340,16,9246.92
2340,17,9232.89
2340,18,9152.36
2340,19,9084.63
2340,20,9014.55
2340,21,9170.89
2340,22,9098.96
2340,23,9159.03
2340,24,9087.62
2340,25,9072
2340,26,9047.14
2340,27,9232.32
2340,28,9117.2
2340,29,9104.72
2340,30,9160.25
2340,31,9190.08
2340,32,9098.89
2340,33,9079.35
2340,34,9139.07
2340,35,9140.71
2340,36,9212.81
2340,37,9145.27
2340,38,9197.54
2340,39,9166.11
2340,40,9150.54
2340,41,9091.55
2340,42,8983.39
2340,43,9170.97
2340,44,9097.79
2340,45,9101.41
2340,46,9213.6
2340,47,9164.87
2340,48,9213.31
2340,49,9091.66
2340,50,9150.67
2340,51,9109.55
2340,52,9212.61
2340,53,9291.03
2340,54,9004.39
2340,55,9110.39
2340,56,9022.08
2340,57,9028.87
2340,58,9198.53
2340,59,9155.92
2340,60,9186.87
2340,61,9128.12
2340,62,9225.13
2340,63,9083.23
2340,64,9091.57
2340,65,9053.52
2340,66,9026.13
2340,67,9124.95
2340,68,9061.83
2340,69,9034.41
2340,70,9206.41
2340,71,9038.02
2340,72,9058.71
2340,73,9143.86
2340,74,9122.37
2340,75,9175.69
2340,76,9080.23
2340,77,9085.29
2340,78,9065.51
2340,79,9234.96
2340,80,9102.08
2340,81,9047.72
2340,82,9161.21
2340,83,9090.15
2340,84,9155.82
2340,85,9142.88
2340,86,9061.79
2340,87,9081.16
2340,88,9153.45
2340,89,9019.96
2340,90,9096.98
2340,91,9153.13
2340,92,9239.15
2340,93,9017.69
2340,94,9181.81
2340,95,9169.23
2340,96,9180.97
2340,97,9123.38
2340,98,8974.11
2340,99,9207.99
2350,0,9153.22
2350,1,9093.55
2350,2,9030
2350,3,9112.81
2350,4,9025.32
2350,5,9075.64
2350,6,9156.7
2350,7,9213.79
2350,8,9102.15
2350,9,9223.6
2350,10,9194.38
2350,11,9162.16
2350,12,9197.12
2350,13,9144.35
2350,14,9089.83
2350,15,9109.74
2350,16,9242.7
2350,17,9230.77
2350,18,9148.11
2350,19,9081.09
2350,20,9011.66
2350,21,9169.68
2350,22,9098.66
2350,23,9154.17
2350,24,9087.32
2350,25,9069.65
2350,26,9042.99
2350,27,9229.68
2350,28,9111.99
2350,29,9101.72
2350,30,9156.59
2350,31,9185.24
2350,32,9095.04
2350,33,9079.05
2350,34,9136.55
2350,35,9137.31
2350,36,9211.05
2350,37,9141.53
2350,38,9194.06
2350,39,9162.38
2350,40,9146.45
2350,41,9090.05
2350,42,8979.69
2350,43,9167.61
2350,44,9093.95
2350,45,9098.57
2350,46,9211.94
2350,47,9162.88
2350,48,9209.59
2350,49,9087.34
2350,50,9145.99
2350,51,9109.25
2350,52,9208.89
2350,53,9285.06
2350,54,9000
2350,55,9108.5
2350,56,9019.7
2350,57,9024.49
2350,58,9196.56
2350,59,9153.46
2350,60,9184.06
2350,61,9123.42
2350,62,9223.4
2350,63,9079.26
2350,64,9091.27
2350,65,9051.09
2350,66,9022.19
2350,67,9122.07
2350,68,9058.6
2350,69,9031.2
2350,70,9204.47
2350,71,9035.46
2350,72,9058.41
2350,73,9140.49
2350,74,9122.07
2350,75,9171.67
2350,76,9077.01
2350,77,9083.92
2350,78,9061.77
2350,79,9233.13
2350,80,9098.32
2350,81,9043.64
2350,82,9159.03
2350,83,9085.26
2350,84,9152.92
2350,85,9138.73
2350,86,9057.76
2350,87,9080.86
2350,88,9152.29
2350,89,9016.8
2350,90,9094.84
2350,91,9148.72
2350,92,9236.43
2350,93,9014.93
2350,94,9179.83
2350,95,9167.19
2350,96,9178.54
2350,97,9118.86
2350,98,8973.81
2350,99,9204.81
2360,0,9141.57
2360,1,9090.76
2360,2,9023.28
2360,3,9104.69
2360,4,9021.53
2360,5,9068.7
2360,6,9153.13
2360,7,9208.67
2360,8,9096.23
2360,9,9216.55
2360,10,9186.01
2360,11,9155.05
2360,12,9192.71
2360,13,9139.51
2360,14,9086.09
2360,15,9102.57
2360,16,9236.25
2360,17,9221.64
2360,18,9145.19
2360,19,9074.97
2360,20,9005.59
2360,21,9163.01
2360,22,9090.61
2360,23,9150.54
2360,24,9078.15
2360,25,9062.56
2360,26,9036.26
2360,27,9223.57
2360,28,9106.23
2360,29,9095.78
2360,30,9153.29
2360,31,9179.9
2360,32,9088.15
2360,33,9071.1
2360,34,9129.46
2360,35,9131.7
2360,36,9202.31
2360,37,9135.81
2360,38,9190.3
2360,39,9159.79
2360,40,9138.97
2360,41,9083.54
2360,42,8972.6
2360,43,9162.69
2360,44,9089.95
2360,45,9090.15
2360,46,9205.05
2360,47,9152.86
2360,48,9203.17
2360,49,9083.42
2360,50,9142.98
2360,51,9101.81
2360,52,9203.52
2360,53,9283.11
2360,54,8995.05
2360,55,9102.93
2360,56,9012.61
2360,57,9017.99
2360,58,9187.4
2360,59,9149.87
2360,60,9175.83
2360,61,9118.5
2360,62,9215.83
2360,63,9073.25
2360,64,9083
2360,65,9045.39
2360,66,9019.43
2360,67,9114.47
2360,68,9050.86
2360,69,9022.78
2360,70,9194.99
2360,71,9029.94
2360,72,9050.16
2360,73,9134.7
2360,74,9113.98
2360,75,9164.62
2360,76,9073.87
2360,77,9074.46
2360,78,9052.3
2360,79,9226.1
2360,80,9092.46
2360,81,9039.58
2360,82,9151.81
2360,83,9081.16
2360,84,9145.53
2360,85,9130.9
2360,86,9055.09
2360,87,9074.94
2360,88,9144.83
2360,89,9008.71
2360,90,9086.45
2360,91,9142.44
2360,92,9230.03
2360,93,9006.42
2360,94,9173.59
2360,95,9159.66
2360,96,9174.29
2360,97,9113.13
2360,98,8967.25
2360,99,9197.81
2370,0,9141.27
2370,1,9090.46
2370,2,9022.98
2370,3,9104.39
2370,4,9021.23
2370,5,9068.4
2370,6,9152.83
2370,7,9208.37
2370,8,9095.93
2370,9,9216.25
2370,10,9185.71
2370,11,9154.75
2370,12,9192.41
2370,13,9139.21
2370,14,9085.79
2370,15,9102.27
2370,16,9235.95
2370,17,9221.34
2370,18,9144.89
2370,19,9074.67
2370,20,9005.29
2370,21,9162.71
2370,22,9090.31
2370,23,9150.24
2370,24,9077.85
2370,25,9062.26
2370,26,9035.96
2370,27,9223.27
2370,28,9105.93
2370,29,9095.48
2370,30,9152.99
2370,31,9179.6
2370,32,9087.85
2370,33,9070.8
2370,34,9129.16
2370,35,9131.4
2370,36,9202.01
2370,37,9135.51
2370,38,9190
2370,39,9159.49
2370,40,9138.67
2370,41,9083.24
2370,42,8972.3
2370,43,9162.39
2370,44,9089.65
2370,45,9089.85
2370,46,9204.75
2370,47,9152.56
2370,48,9202.87
2370,49,9083.12
2370,50,9142.68
2370,51,9101.51
2370,52,9203.22
2370,53,9282.81
2370,54,8994.75
2370,55,9102.63
2370,56,9012.31
2370,57,9017.69
2370,58,9187.1
2370,59,9149.57
2370,60,9175.53
2370,61,9118.2
2370,62,9215.53
2370,63,9072.95
2370,64,9082.7
2370,65,9045.09
2370,66,9019.13
2370,67,9114.17
2370,68,9050.56
2370,69,9022.48
2370,70,9194.69
2370,71,9029.64
2370,72,9049.86
2370,73,9134.4
2370,74,9113.68
2370,75,9164.32
2370,76,9073.57
2370,77,9074.16
2370,78,9052
2370,79,9225.8
2370,80,9092.16
2370,81,9039.28
2370,82,9151.51
2370,83,9080.86
2370,84,9145.23
2370,85,9130.6
2370,86,9054.79
2370,87,9074.64
2370,88,9144.53
2370,89,9008.41
2370,90,9086.15
2370,91,9142.14
2370,92,9229.73
2370,93,9006.12
2370,94,9173.29
2370,95,9159.36
2370,96,9173.99
2370,97,9112.83
2370,98,8966.95
2370,99,9197.51
2380,0,9140.97
2380,1,9090.16
2380,2,9022.03
2380,3,9104.09
2380,4,9020.88
2380,5,9068.1
2380,6,9152.53
2380,7,9206.25
2380,8,9095.63
2380,9,9213.41
2380,10,9185.41
2380,11,9154.23
2380,12,9190.93
2380,13,9137.09
2380,14,9085.49
2380,15,9100.12
2380,16,9234.8
2380,17,9219.13
2380,18,9144.59
2380,19,9074.37
2380,20,9004.99
2380,21,9162.41
2380,22,9090.01
2380,23,9149.94
2380,24,9077.55
2380,25,9059.85
2380,26,9035.66
2380,27,9222.55
2380,28,9104.28
2380,29,9095.18
2380,30,9152.69
2380,31,9178.04
2380,32,9086.34
2380,33,9070.5
2380,34,9126.56
2380,35,9129.5
2380,36,9200.32
2380,37,9135.21
2380,38,9189.7
2380,39,9157.03
2380,40,9137.41
2380,41,9082.94
2380,42,8972
2380,43,9162.09
2380,44,9089.35
2380,45,9087.43
2380,46,9203.11
2380,47,9152.26
2380,48,9199.02
2380,49,9082.82
2380,50,9140.34
2380,51,9101.21
2380,52,9202.92
2380,53,9280.48
2380,54,8993.43
2380,55,9102.33
2380,56,9012.01
2380,57,9015.86
2380,58,9186.8
2380,59,9147.03
2380,60,9175.23
2380,61,9116.35
2380,62,9215.17
2380,63,9071.43
2380,64,9082.4
2380,65,9044.79
2380,66,9018.83
2380,67,9112.66
2380,68,9050.26
2380,69,9019.21
2380,70,9194.39
2380,71,9029.34
2380,72,9049.56
2380,73,9134.1
2380,74,9113.38
2380,75,9163.12
2380,76,9073.27
2380,77,9073.86
2380,78,9050.72
2380,79,9225.44
2380,80,9090.97
2380,81,9037.63
2380,82,9151.21
2380,83,9077.82
2380,84,9144.93
2380,85,9128.21
2380,86,9054.49
2380,87,9074.34
2380,88,9144.23
2380,89,9006.46
2380,90,9085.85
2380,91,9139.3
2380,92,9229.43
2380,93,9003.34
2380,94,9172.99
2380,95,9159.06
2380,96,9173.63
2380,97,9112.53
2380,98,8966.65
2380,99,9196.79
2390,0,9129.29
2390,1,9083.5
2390,2,9014.42
2390,3,9095.95
2390,4,9010.95
2390,5,9060.75
2390,6,9145.35
2390,7,9199.03
2390,8,9088.46
2390,9,9206.7
2390,10,9176.93
2390,11,9146.11
2390,12,9181.98
2390,13,9127.5
2390,14,9077.32
2390,15,9091.99
2390,16,9226.16
2390,17,9210.92
2390,18,9136.94
2390,19,9065.2
2390,20,8996.61
2390,21,9155.6
2390,22,9082.23
2390,23,9143.87
2390,24,9066.46
2390,25,9053.19
2390,26,9024.49
2390,27,9214.15
2390,28,9094.67
2390,29,9087.39
2390,30,9143.84
2390,31,9171.91
2390,32,9077.56
2390,33,9060.75
2390,34,9119.67
2390,35,9122.61
2390,36,9192.32
2390,37,9126.83
2390,38,9182.71
2390,39,9150.41
2390,40,9126.8
2390,41,9072.81
2390,42,8960.59
2390,43,9153.47
2390,44,9082.78
2390,45,9077.58
2390,46,9196.17
2390,47,9140.99
2390,48,9194.65
2390,49,9074.78
2390,50,9134.79
2390,51,9093.64
2390,52,9194.04
2390,53,9275.43
2390,54,8983.17
2390,55,9092.04
2390,56,9001.8
2390,57,9005.04
2390,58,9176.51
2390,59,9140.56
2390,60,9164.34
2390,61,9107.05
2390,62,9208.62
2390,63,9062.33
2390,64,9073.59
2390,65,9035.81
2390,66,9010.93
2390,67,9105.05
2390,68,9039.51
2390,69,9010.79
2390,70,9186.79
2390,71,9020.18
2390,72,9039.55
2390,73,9125.3
2390,74,9105.2
2390,75,9153.44
2390,76,9063.87
2390,77,9063.61
2390,78,9038.08
2390,79,9216.79
2390,80,9082.1
2390,81,9029.16
2390,82,9141.2
2390,83,9070.65
2390,84,9134.97
2390,85,9119.92
2390,86,9044.58
2390,87,9066.84
2390,88,9134.75
2390,89,8997.78
2390,90,9075.63
2390,91,9132.27
2390,92,9219.05
2390,93,8994.75
2390,94,9161.89
2390,95,9150.59
2390,96,9168.38
2390,97,9104.88
2390,98,8954.87
2390,99,9187.17
2400,0,9128.99
2400,1,9083.2
2400,2,9014.12
2400,3,9095.65
2400,4,9010.65
2400,5,9060.45
2400,6,9145.05
2400,7,9198.73
2400,8,9088.16
2400,9,9206.4
2400,10,9176.63
2400,11,9145.81
2400,12,9181.68
2400,13,9127.2
2400,14,9077.02
2400,15,9091.69
2400,16,9225.86
2400,17,9210.62
2400,18,9136.64
2400,19,9064.9
2400,20,8996.31
2400,21,9155.3
2400,22,9081.93
2400,23,9143.57
2400,24,9066.16
2400,25,9052.89
2400,26,9024.19
2400,27,9213.85
2400,28,9094.37
2400,29,9087.09
2400,30,9143.54
2400,31,9171.61
2400,32,9077.26
2400,33,9060.45
2400,34,9119.37
2400,35,9122.31
2400,36,9192.02
2400,37,9126.53
2400,38,9182.41
2400,39,9150.11
2400,40,9126.5
2400,41,9072.51
2400,42,8960.29
2400,43,9153.17
2400,44,9082.48
2400,45,9077.28
2400,46,9195.87
2400,47,9140.69
2400,48,9194.35
2400,49,9074.48
2400,50,9134.49
2400,51,9093.34
2400,52,9193.74
2400,53,9275.13
2400,54,8982.87
2400,55,9091.74
2400,56,9001.5
2400,57,9004.74
2400,58,9176.21
2400,59,9140.26
2400,60,9164.04
2400,61,9106.75
2400,62,9208.32
2400,63,9062.03
2400,64,9073.29
2400,65,9035.51
2400,66,9010.63
2400,67,9104.75
2400,68,9039.21
2400,69,9010.49
2400,70,9186.49
2400,71,9019.88
2400,72,9039.25
2400,73,9125
2400,74,9104.9
2400,75,9153.14
2400,76,9063.57
2400,77,9063.31
2400,78,9037.78
2400,79,9216.49
2400,80,9081.8
2400,81,9028.86
2400,82,9140.9
2400,83,9070.35
2400,84,9134.67
2400,85,9119.62
2400,86,9044.28
2400,87,9066.54
2400,88,9134.45
2400,89,8997.48
2400,90,9075.33
2400,91,9131.97
2400,92,9218.75
2400,93,8994.45
2400,94,9161.59
2400,95,9150.29
2400,96,9168.08
2400,97,9104.58
2400,98,8954.57
2400,99,9186.87
2410,0,9128.69
2410,1,9082.9
2410,2,9013.82
2410,3,9095.35
2410,4,9010.3
2410,5,9060.15
2410,6,9144.75
2410,7,9198.38
2410,8,9087.86
2410,9,9206.1
2410,10,9176.33
2410,11,9145.51
2410,12,9181.38
2410,13,9126.84
2410,14,9076.72
2410,15,9091.39
2410,16,9225.56
2410,17,9210.32
2410,18,9136.34
2410,19,9064.6
2410,20,8996.01
2410,21,9155
2410,22,9081.63
2410,23,9143.27
2410,24,9065.86
2410,25,9052.53
2410,26,9023.89
2410,27,9213.55
2410,28,9094.07
2410,29,9086.79
2410,30,9143.24
2410,31,9171.31
2410,32,9076.96
2410,33,9060.15
2410,34,9119.07
2410,35,9122.01
2410,36,9191.72
2410,37,9126.23
2410,38,9182.11
2410,39,9149.81
2410,40,9126.2
2410,41,9072.21
2410,42,8959.99
2410,43,9152.87
2410,44,9082.18
2410,45,9076.98
2410,46,9195.57
2410,47,9140.39
2410,48,9194.05
2410,49,9074.18
2410,50,9134.19
2410,51,9093.04
2410,52,9193.44
2410,53,9274.83
2410,54,8981.57
2410,55,9091.44
2410,56,9001.2
2410,57,9004.44
2410,58,9175.91
2410,59,9139.96
2410,60,9163.74
2410,61,9106.45
2410,62,9208.02
2410,63,9061.73
2410,64,9072.99
2410,65,9035.21
2410,66,9010.33
2410,67,9104.45
2410,68,9038.91
2410,69,9010.19
2410,70,9186.19
2410,71,9019.58
2410,72,9038.95
2410,73,9124.7
2410,74,9104.6
2410,75,9152.84
2410,76,9063.27
2410,77,9063.01
2410,78,9037.48
2410,79,9216.19
2410,80,9080.63
2410,81,9028.56
2410,82,9140.6
2410,83,9070.05
2410,84,9134.37
2410,85,9119.32
2410,86,9043.98
2410,87,9066.24
2410,88,9134.15
2410,89,8997.18
2410,90,9075.03
2410,91,9131.67
2410,92,9218.45
2410,93,8994.15
2410,94,9161.29
2410,95,9149.99
2410,96,9167.78
2410,97,9104.28
2410,98,8954.27
2410,99,9186.57
2420,0,9118.47
2420,1,9076.21
2420,2,9005.39
2420,3,9087.16
2420,4,9000.43
2420,5,9053.03
2420,6,9138.67
2420,7,9192.76
2420,8,9079.98
2420,9,9197.56
2420,10,9167.73
2420,11,9138.29
2420,12,9173.28
2420,13,9118.28
2420,14,9069.17
2420,15,9081.56
2420,16,9216.49
2420,17,9204.04
2420,18,9129.18
2420,19,9057.95
2420,20,8987.06
2420,21,9144.96
2420,22,9074.2
2420,23,9136.82
2420,24,9058.79
2420,25,9043.91
2420,26,9012.91
2420,27,9204.58
2420,28,9084.93
2420,29,9078.98
2420,30,9137.18
2420,31,9162.42
2420,32,9067.12
2420,33,9053.03
2420,34,9110.44
2420,35,9114.32
2420,36,9182.32
2420,37,9118.14
2420,38,9175.06
2420,39,9143.89
2420,40,9118.99
2420,41,9064.31
2420,42,8948.53
2420,43,9146.97
2420,44,9075.4
2420,45,9066.12
2420,46,9186.41
2420,47,9133.7
2420,48,9186.8
2420,49,9064.8
2420,50,9127.39
2420,51,9084.34
2420,52,9186.14
2420,53,9267.78
2420,54,8972.57
2420,55,9083.86
2420,56,8991.69
2420,57,8996.69
2420,58,9165.96
2420,59,9133.67
2420,60,9154.6
2420,61,9096.6
2420,62,9199.69
2420,63,9054.22
2420,64,9064.13
2420,65,9026.32
2420,66,9004.33
2420,67,9095.72
2420,68,9029.05
2420,69,9000.52
2420,70,9178.49
2420,71,9010.98
2420,72,9029.25
2420,73,9115.7
2420,74,9096.34
2420,75,9142.4
2420,76,9056.72
2420,77,9052.96
2420,78,9027.79
2420,79,9207.73
2420,80,9071.82
2420,81,9019.97
2420,82,9130.52
2420,83,9060.97
2420,84,9124.39
2420,85,9109.7
2420,86,9038.71
2420,87,9058.67
2420,88,9127.11
2420,89,8986.86
2420,90,9064.8
2420,91,9123.46
2420,92,9208.39
2420,93,8987.3
2420,94,9152.5
2420,95,9141.76
2420,96,9162.51
2420,97,9096.82
2420,98,8945.98
2420,99,9177.27
2430,0,9118.17
2430,1,9075.91
2430,2,9005.09
2430,3,9086.86
2430,4,9000.13
2430,5,9052.73
2430,6,9138.37
2430,7,9192.46
2430,8,9079.68
2430,9,9197.26
2430,10,9167.43
2430,11,9137.99
2430,12,9172.98
2430,13,9117.98
2430,14,9068.87
2430,15,9081.26
2430,16,9216.19
2430,17,9203.74
2430,18,9128.88
2430,19,9057.65
2430,20,8986.76
2430,21,9144.66
2430,22,9073.9
2430,23,9136.52
2430,24,9058.49
2430,25,9043.61
2430,26,9012.61
2430,27,9204.28
2430,28,9084.63
2430,29,9078.68
2430,30,9136.88
2430,31,9162.12
2430,32,9066.82
2430,33,9052.73
2430,34,9110.14
2430,35,9114.02
2430,36,9182.02
2430,37,9117.84
2430,38,9174.76
2430,39,9143.59
2430,40,9118.69
2430,41,9064.01
2430,42,8948.23
2430,43,9146.67
2430,44,9075.1
2430,45,9065.82
2430,46,9186.11
2430,47,9133.4
2430,48,9186.5
2430,49,9064.5
2430,50,9127.09
2430,51,9084.04
2430,52,9185.84
2430,53,9267.48
2430,54,8972.27
2430,55,9083.56
2430,56,8991.39
2430,57,8996.39
2430,58,9165.66
2430,59,9133.37
2430,60,9154.3
2430,61,9096.3
2430,62,9199.39
2430,63,9053.92
2430,64,9063.83
2430,65,9026.02
2430,66,9004.03
2430,67,9095.42
2430,68,9028.75
2430,69,9000.22
2430,70,9178.19
2430,71,9010.68
2430,72,9028.95
2430,73,9115.4
2430,74,9096.04
2430,75,9142.1
2430,76,9056.42
2430,77,9052.66
2430,78,9027.49
2430,79,9207.43
2430,80,9071.52
2430,81,9019.67
2430,82,9130.22
2430,83,9060.67
2430,84,9124.09
2430,85,9109.4
2430,86,9038.41
2430,87,9058.37
2430,88,9126.81
2430,89,8986.56
2430,90,9064.5
2430,91,9123.16
2430,92,9208.09
2430,93,8987
2430,94,9152.2
2430,95,9141.46
2430,96,9162.21
2430,97,9096.52
2430,98,8945.68
2430,99,9176.97
2440,0,9117.87
2440,1,9075.61
2440,2,9004.79
2440,3,9086.56
2440,4,8999.83
2440,5,9052.43
2440,6,9138.07
2440,7,9192.16
2440,8,9079.38
2440,9,9196.96
2440,10,9167.13
2440,11,9137.69
2440,12,9172.68
2440,13,9117.68
2440,14,9068.57
2440,15,9080.96
2440,16,9215.89
2440,17,9203.44
2440,18,9128.58
2440,19,9057.35
2440,20,8986.46
2440,21,9144.36
2440,22,9073.6
2440,23,9136.22
2440,24,9058.19
2440,25,9043.31
2440,26,9012.31
2440,27,9203.98
2440,28,9084.33
2440,29,9078.38
2440,30,9136.58
2440,31,9161.82
2440,32,9066.52
2440,33,9052.43
2440,34,9109.84
2440,35,9113.72
2440,36,9181.72
2440,37,9117.54
2440,38,9174.46
2440,39,9143.29
2440,40,9118.39
2440,41,9063.71
2440,42,8947.93
2440,43,9146.37
2440,44,9074.8
2440,45,9065.52
2440,46,9185.81
2440,47,9133.1
2440,48,9186.2
2440,49,9064.2
2440,50,9126.79
2440,51,9083.74
2440,52,9185.54
2440,53,9267.18
2440,54,8971.97
2440,55,9083.26
2440,56,8991.09
2440,57,8996.09
2440,58,9165.36
2440,59,9133.07
2440,60,9154
2440,61,9096
2440,62,9199.09
2440,63,9053.62
2440,64,9063.53
2440,65,9025.72
2440,66,9003.73
2440,67,9095.12
2440,68,9028.45
2440,69,8999.92
2440,70,9177.89
2440,71,9010.38
2440,72,9028.65
2440,73,9115.1
2440,74,9095.74
2440,75,9141.8
2440,76,9056.12
2440,77,9052.36
2440,78,9027.19
2440,79,9207.13
2440,80,9071.22
2440,81,9019.37
2440,82,9129.92
2440,83,9060.37
2440,84,9123.79
2440,85,9109.1
2440,86,9038.11
2440,87,9058.07
2440,88,9126.51
2440,89,8986.26
2440,90,9064.2
2440,91,9122.86
2440,92,9207.79
2440,93,8986.7
2440,94,9151.9
2440,95,9141.16
2440,96,9161.91
2440,97,9096.22
2440,98,8945.38
2440,99,9176.67
2450,0,9107.63
2450,1,9064.21
2450,2,8996.29
2450,3,9077.2
2450,4,8985.39
2450,5,9045.21
2450,6,9130.93
2450,7,9181.93
2450,8,9070.91
2450,9,9188.29
2450,10,9158.45
2450,11,9128.29
2450,12,9164.73
2450,13,9109.16
2450,14,9058.46
2450,15,9065.74
2450,16,9206.87
2450,17,9197.01
2450,18,9116.88
2450,19,9049.35
2450,20,8973.4
2450,21,9134.74
2450,22,9065.59
2450,23,9126.94
2450,24,9051.05
2450,25,9035.25
2450,26,8997.47
2450,27,9195.02
2450,28,9075.22
2450,29,9066.2
2450,30,9126.86
2450,31,9149.9
2450,32,9057.58
2450,33,9041.66
2450,34,9096.36
2450,35,9105.32
2450,36,9172.42
2450,37,9104.42
2450,38,9167.37
2450,39,9134.11
2450,40,9107.01
2450,41,9053.55
2450,42,8931.68
2450,43,9136.69
2450,44,9063.64
2450,45,9054.74
2450,46,9173.99
2450,47,9125.44
2450,48,9174.95
2450,49,9050.74
2450,50,9117.56
2450,51,9075.05
2450,52,9178.39
2450,53,9261.06
2450,54,8962.14
2450,55,9075.61
2450,56,8981.85
2450,57,8986.68
2450,58,9155.42
2450,59,9124.17
2450,60,9144.89
2450,61,9086.57
2450,62,9191.01
2450,63,9045.58
2450,64,9055.07
2450,65,9017.14
2450,66,8992.72
2450,67,9086.52
2450,68,9017.66
2450,69,8990.18
2450,70,9168.66
2450,71,9001.95
2450,72,9018.95
2450,73,9106.22
2450,74,9086.78
2450,75,9131.58
2450,76,9045.98
2450,77,9043.62
2450,78,9017.61
2450,79,9199.32
2450,80,9061.09
2450,81,9006.64
2450,82,9119.8
2450,83,9049.11
2450,84,9114
2450,85,9099
2450,86,9023.89
2450,87,9050.44
2450,88,9115.63
2450,89,8975.9
2450,90,9053.94
2450,91,9112.01
2450,92,9194.75
2450,93,8974.49
2450,94,9143.16
2450,95,9132.19
2450,96,9154.31
2450,97,9090.77
2450,98,8937.24
2450,99,9167.49
2460,0,9107.33
2460,1,9063.91
2460,2,8995.99
2460,3,9076.9
2460,4,8985.09
2460,5,9044.91
2460,6,9130.63
2460,7,9181.63
2460,8,9070.61
2460,9,9187.99
2460,10,9158.15
2460,11,9127.99
2460,12,9164.43
2460,13,9108.86
2460,14,9058.16
2460,15,9065.44
2460,16,9206.57
2460,17,9196.71
2460,18,9116.58
2460,19,9049.05
2460,20,8973.1
2460,21,9134.44
2460,22,9065.29
2460,23,9126.64
2460,24,9050.75
2460,25,9034.95
2460,26,8997.17
2460,27,9194.72
2460,28,9074.92
2460,29,9065.9
2460,30,9126.56
2460,31,9149.6
2460,32,9057.28
2460,33,9041.36
2460,34,9096.06
2460,35,9105.02
2460,36,9172.12
2460,37,9104.12
2460,38,9167.07
2460,39,9133.81
2460,40,9106.71
2460,41,9053.25
2460,42,8931.38
2460,43,9136.39
2460,44,9063.34
2460,45,9054.44
2460,46,9173.69
2460,47,9125.14
2460,48,9174.65
2460,49,9050.44
2460,50,9117.26
2460,51,9074.75
2460,52,9178.09
2460,53,9260.76
2460,54,8961.84
2460,55,9075.31
2460,56,8981.55
2460,57,8986.38
2460,58,9155.12
2460,59,9123.87
2460,60,9144.59
2460,61,9086.27
2460,62,9190.71
2460,63,9045.28
2460,64,9054.77
2460,65,9016.84
2460,66,8992.42
2460,67,9086.22
2460,68,9017.36
2460,69,8989.88
2460,70,9168.36
2460,71,9001.65
2460,72,9018.65
2460,73,9105.92
2460,74,9086.48
2460,75,9131.28
2460,76,9045.68
2460,77,9043.32
2460,78,9017.31
2460,79,9199.02
2460,80,9060.79
2460,81,9006.34
2460,82,9119.5
2460,83,9048.81
2460,84,9113.7
2460,85,9098.7
2460,86,9023.59
2460,87,9050.14
2460,88,9115.33
2460,89,8975.6
2460,90,9053.64
2460,91,9111.71
2460,92,9194.45
2460,93,8974.19
2460,94,9142.86
2460,95,9131.89
2460,96,9154.01
2460,97,9090.47
2460,98,8936.94
2460,99,9167.19
2470,0,9107.03
2470,1,9063.61
2470,2,8995.69
2470,3,9076.6
2470,4,8984.79
2470,5,9044.61
2470,6,9130.33
2470,7,9181.33
2470,8,9070.31
2470,9,9187.69
2470,10,9157.85
2470,11,9127.69
2470,12,9164.13
2470,13,9108.56
2470,14,9057.86
2470,15,9065.14
2470,16,9206.27
2470,17,9196.41
2470,18,9116.28
2470,19,9048.75
2470,20,8972.8
2470,21,9134.14
2470,22,9064.99
2470,23,9126.34
2470,24,9050.45
2470,25,9034.65
2470,26,8996.87
2470,27,9194.42
2470,28,9074.62
2470,29,9065.6
2470,30,9126.26
2470,31,9149.3
2470,32,9056.98
2470,33,9041.06
2470,34,9095.76
2470,35,9104.72
2470,36,9171.82
2470,37,9103.82
2470,38,9166.77
2470,39,9133.51
2470,40,9106.41
2470,41,9052.95
2470,42,8931.08
2470,43,9136.09
2470,44,9063.04
2470,45,9054.14
2470,46,9173.39
2470,47,9124.84
2470,48,9174.35
2470,49,9050.14
2470,50,9116.96
2470,51,9074.45
2470,52,9177.79
2470,53,9260.46
2470,54,8961.54
2470,55,9075.01
2470,56,8981.25
2470,57,8986.08
2470,58,9154.82
2470,59,9123.57
2470,60,9144.29
2470,61,9085.97
2470,62,9190.41
2470,63,9044.98
2470,64,9054.47
2470,65,9016.54
2470,66,8992.12
2470,67,9085.92
2470,68,9017.06
2470,69,8989.58
2470,70,9168.06
2470,71,9001.35
2470,72,9018.35
2470,73,9105.62
2470,74,9086.18
2470,75,9130.98
2470,76,9045.38
2470,77,9043.02
2470,78,9017.01
2470,79,9198.72
2470,80,9060.49
2470,81,9006.04
2470,82,9119.2
2470,83,9048.51
2470,84,9113.4
2470,85,9098.4
2470,86,9023.29
2470,87,9049.84
2470,88,9115.03
2470,89,8975.3
2470,90,9053.34
2470,91,9111.41
2470,92,9194.15
2470,93,8973.89
2470,94,9142.56
2470,95,9131.59
2470,96,9153.71
2470,97,9090.17
2470,98,8936.64
2470,99,9166.89
2480,0,9096.78
2480,1,9052.32
2480,2,8987.15
2480,3,9067.16
2480,4,8970.28
2480,5,9036.21
2480,6,9123.22
2480,7,9171.92
2480,8,9058.66
2480,9,9179.19
2480,10,9149.08
2480,11,9119.48
2480,12,9156.57
2480,13,9100.39
2480,14,9047.86
2480,15,9055.17
2480,16,9197.23
2480,17,9190.69
2480,18,9104.73
2480,19,9040.69
2480,20,8964.26
2480,21,9124.07
2480,22,9057.66
2480,23,9119.65
2480,24,9043.33
2480,25,9026.63
2480,26,8983.09
2480,27,9185.55
2480,28,9066.16
2480,29,9053.5
2480,30,9119.28
2480,31,9141.12
2480,32,9047.99
2480,33,9030.35
2480,34,9082.35
2480,35,9096.29
2480,36,9163.63
2480,37,9090.79
2480,38,9159.68
2480,39,9124.38
2480,40,9094.67
2480,41,9042.79
2480,42,8915.13
2480,43,9129.6
2480,44,9055.37
2480,45,9044.18
2480,46,9161.89
2480,47,9117.09
2480,48,9163
2480,49,9036.58
2480,50,9108.39
2480,51,9062.23
2480,52,9170.67
2480,53,9254.4
2480,54,8951.92
2480,55,9067.32
2480,56,8971.79
2480,57,8976.85
2480,58,9145.06
2480,59,9114.65
2480,60,9135.13
2480,61,9073.04
2480,62,9182.45
2480,63,9035.34
2480,64,9045.58
2480,65,9007.84
2480,66,8981.49
2480,67,9077.43
2480,68,9006.28
2480,69,8979.77
2480,70,9158.79
2480,71,8992.91
2480,72,9008.63
2480,73,9096.74
2480,74,9077.09
2480,75,9121.1
2480,76,9036.37
2480,77,9034.24
2480,78,9006.67
2480,79,9191.06
2480,80,9050.43
2480,81,8993.46
2480,82,9109.07
2480,83,9037.29
2480,84,9103.62
2480,85,9088.64
2480,86,9010.45
2480,87,9042.18
2480,88,9104.11
2480,89,8965.04
2480,90,9043.72
2480,91,9102.5
2480,92,9185.07
2480,93,8962.41
2480,94,9133.66
2480,95,9122.76
2480,96,9146.31
2480,97,9084.46
2480,98,8928.54
2480,99,9157.85
2490,0,9096.48
2490,1,9052.02
2490,2,8986.85
2490,3,9066.86
2490,4,8969.98
2490,5,9035.91
2490,6,9122.92
2490,7,9171.62
2490,8,9058.36
2490,9,9178.89
2490,10,9148.78
2490,11,9119.18
2490,12,9156.27
2490,13,9100.09
2490,14,9047.56
2490,15,9054.87
2490,16,9196.93
2490,17,9190.39
2490,18,9104.43
2490,19,9040.39
2490,20,8963.96
2490,21,9123.77
2490,22,9057.36
2490,23,9119.35
2490,24,9043.03
2490,25,9026.33
2490,26,8982.79
2490,27,9185.25
2490,28,9065.86
2490,29,9053.2
2490,30,9118.98
2490,31,9140.82
2490,32,9047.69
2490,33,9030.05
2490,34,9082.05
2490,35,9095.99
2490,36,9163.33
2490,37,9090.49
2490,38,9159.38
2490,39,9124.08
2490,40,9094.37
2490,41,9042.49
2490,42,8914.83
2490,43,9129.3
2490,44,9055.07
2490,45,9043.88
2490,46,9161.59
2490,47,9116.79
2490,48,9162.7
2490,49,9036.28
2490,50,9108.09
2490,51,9061.93
2490,52,9170.37
2490,53,9254.1
2490,54,8951.62
2490,55,9067.02
2490,56,8971.49
2490,57,8976.55
2490,58,9144.76
2490,59,9114.35
2490,60,9134.83
2490,61,9072.74
2490,62,9182.15
2490,63,9035.04
2490,64,9045.28
2490,65,9007.54
2490,66,8981.19
2490,67,9077.13
2490,68,9005.98
2490,69,8979.47
2490,70,9158.49
2490,71,8992.61
2490,72,9008.33
2490,73,9096.44
2490,74,9076.79
2490,75,9120.8
2490,76,9036.07
2490,77,9033.94
2490,78,9006.37
2490,79,9190.76
2490,80,9050.13
2490,81,8993.16
2490,82,9108.77
2490,83,9036.99
2490,84,9103.32
2490,85,9088.34
2490,86,9010.15
2490,87,9041.88
2490,88,9103.81
2490,89,8964.74
2490,90,9043.42
2490,91,9102.2
2490,92,9184.77
2490,93,8962.11
2490,94,9133.36
2490,95,9122.46
2490,96,9146.01
2490,97,9084.16
2490,98,8928.24
2490,99,9157.55
2500,0,9096.18
2500,1,9051.72
2500,2,8986.55
2500,3,9066.56
2500,4,8969.68
2500,5,9035.61
2500,6,9122.62
2500,7,9171.32
2500,8,9058.06
2500,9,9178.59
2500,10,9148.48
2500,11,9118.88
2500,12,9155.97
2500,13,9099.79
2500,14,9047.26
2500,15,9054.57
2500,16,9196.63
2500,17,9190.09
2500,18,9104.13
2500,19,9040.09
2500,20,8963.66
2500,21,9123.47
2500,22,9057.06
2500,23,9119.05
2500,24,9042.73
2500,25,9026.03
2500,26,8982.49
2500,27,9184.95
2500,28,9065.56
2500,29,9052.9
2500,30,9118.68
2500,31,9140.52
2500,32,9047.39
2500,33,9029.75
2500,34,9081.75
2500,35,9095.69
2500,36,9163.03
2500,37,9090.19
2500,38,9159.08
2500,39,9123.78
2500,40,9094.07
2500,41,9042.19
2500,42,8914.53
2500,43,9129
2500,44,9054.77
2500,45,9043.58
2500,46,9161.29
2500,47,9116.49
2500,48,9162.4
2500,49,9035.98
2500,50,9107.79
2500,51,9061.63
2500,52,9170.07
2500,53,9253.8
2500,54,8951.32
2500,55,9066.72
2500,56,8971.19
2500,57,8976.25
2500,58,9144.46
2500,59,9114.05
2500,60,9134.53
2500,61,9072.44
2500,62,9181.85
2500,63,9034.74
2500,64,9044.98
2500,65,9007.24
2500,66,8980.89
2500,67,9076.83
2500,68,9005.68
2500,69,8979.17
2500,70,9158.19
2500,71,8992.31
2500,72,9008.03
2500,73,9096.14
2500,74,9076.49
2500,75,9120.5
2500,76,9035.77
2500,77,9033.64
2500,78,9006.07
2500,79,9190.46
2500,80,9049.83
2500,81,8992.86
2500,82,9108.47
2500,83,9036.69
2500,84,9103.02
2500,85,9088.04
2500,86,9009.85
2500,87,9041.58
2500,88,9103.51
2500,89,8964.44
2500,90,9043.12
2500,91,9101.9
2500,92,9184.47
2500,93,8961.81
2500,94,9133.06
2500,95,9122.16
2500,96,9145.71
2500,97,9083.86
2500,98,8927.94
2500,99,9157.25
2510,0,9086.92
2510,1,9040.51
2510,2,8977.51
2510,3,9057
2510,4,8959.2
2510,5,9027.19
2510,6,9111.46
2510,7,9161.65
2510,8,9049.61
2510,9,9170.09
2510,10,9136.28
2510,11,9110.41
2510,12,9145.71
2510,13,9088.39
2510,14,9037.29
2510,15,9039.57
2510,16,9183.91
2510,17,9183.49
2510,18,9092.68
2510,19,9031.99
2510,20,8950.51
2510,21,9113.25
2510,22,9049.13
2510,23,9109.51
2510,24,9031.27
2510,25,9017.62
2510,26,8967.88
2510,27,9171.99
2510,28,9055.52
2510,29,9040.82
2510,30,9107.66
2510,31,9129.14
2510,32,9038.09
2510,33,9019.1
2510,34,9068.37
2510,35,9083.74
2510,36,9151.36
2510,37,9077.26
2510,38,9151.97
2510,39,9114.69
2510,40,9081.52
2510,41,9036.25
2510,42,8898.58
2510,43,9119.07
2510,44,9042.46
2510,45,9033.82
2510,46,9149.98
2510,47,9107.92
2510,48,9152.19
2510,49,9022.46
2510,50,9098.81
2510,51,9053.83
2510,52,9159.2
2510,53,9246.9
2510,54,8936.76
2510,55,9058.95
2510,56,8961.52
2510,57,8963.81
2510,58,9134.94
2510,59,9105.09
2510,60,9125.29
2510,61,9062.7
2510,62,9174.09
2510,63,9027.5
2510,64,9036.05
2510,65,8999.76
2510,66,8970.35
2510,67,9068.25
2510,68,8994.73
2510,69,8969.79
2510,70,9148.85
2510,71,8983.8
2510,72,8998.34
2510,73,9087.24
2510,74,9067.16
2510,75,9110.36
2510,76,9025.79
2510,77,9026.87
2510,78,8995.94
2510,79,9182.67
2510,80,9036.42
2510,81,8979.97
2510,82,9098.33
2510,83,9024.68
2510,84,9093.28
2510,85,9072.86
2510,86,9001.99
2510,87,9030.34
2510,88,9092.4
2510,89,8949.11
2510,90,9032.8
2510,91,9093.14
2510,92,9170.27
2510,93,8950.43
2510,94,9124.02
2510,95,9113.34
2510,96,9139.57
2510,97,9077.92
2510,98,8914.57
2510,99,9144.19
2520,0,9086.62
2520,1,9040.21
2520,2,8977.21
2520,3,9056.7
2520,4,8958.9
2520,5,9026.89
2520,6,9111.16
2520,7,9161.35
2520,8,9049.31
2520,9,9169.79
2520,10,9135.98
2520,11,9110.11
2520,12,9145.41
2520,13,9088.09
2520,14,9036.99
2520,15,9039.27
2520,16,9183.61
2520,17,9183.19
2520,18,9092.38
2520,19,9031.69
2520,20,8950.21
2520,21,9112.95
2520,22,9048.83
2520,23,9109.21
2520,24,9030.97
2520,25,9017.32
2520,26,8967.58
2520,27,9171.69
2520,28,9055.22
2520,29,9040.52
2520,30,9107.36
2520,31,9128.84
2520,32,9037.79
2520,33,9018.8
2520,34,9068.07
2520,35,9083.44
2520,36,9151.06
2520,37,9076.96
2520,38,9151.67
2520,39,9114.39
2520,40,9081.22
2520,41,9035.95
2520,42,8898.28
2520,43,9118.77
2520,44,9042.16
2520,45,9033.52
2520,46,9149.68
2520,47,9107.62
2520,48,9151.89
2520,49,9022.16
2520,50,9098.51
2520,51,9053.53
2520,52,9158.9
2520,53,9246.6
2520,54,8936.46
2520,55,9058.65
2520,56,8961.22
2520,57,8963.51
2520,58,9134.64
2520,59,9104.79
2520,60,9124.99
2520,61,9062.4
2520,62,9173.79
2520,63,9027.2
2520,64,9035.75
2520,65,8999.46
2520,66,8970.05
2520,67,9067.95
2520,68,8994.43
2520,69,8969.49
2520,70,9148.55
2520,71,8983.5
2520,72,8998.04
2520,73,9086.94
2520,74,9066.86
2520,75,9110.06
2520,76,9025.49
2520,77,9026.57
2520,78,8995.64
2520,79,9182.37
2520,80,9036.12
2520,81,8979.67
2520,82,9098.03
2520,83,9024.38
2520,84,9092.98
2520,85,9072.56
2520,86,9001.69
2520,87,9030.04
2520,88,9092.1
2520,89,8948.81
2520,90,9032.5
2520,91,9092.84
2520,92,9169.97
2520,93,8950.13
2520,94,9123.72
2520,95,9113.04
2520,96,9139.27
2520,97,9077.62
2520,98,8914.27
2520,99,9143.89
2530,0,9086.32
2530,1,9039.91
2530,2,8976.91
2530,3,9056.4
2530,4,8958.6
2530,5,9026.59
2530,6,9110.86
2530,7,9161.05
2530,8,9049.01
2530,9,9169.49
2530,10,9135.68
2530,11,9109.81
2530,12,9145.11
2530,13,9087.79
2530,14,9036.69
2530,15,9038.97
2530,16,9183.31
2530,17,9182.89
2530,18,9092.08
2530,19,9031.39
2530,20,8949.91
2530,21,9112.65
2530,22,9048.53
2530,23,9108.91
2530,24,9030.67
2530,25,9017.02
2530,26,8967.28
2530,27,9171.39
2530,28,9054.92
2530,29,9040.22
2530,30,9107.06
2530,31,9128.54
2530,32,9037.49
2530,33,9018.5
2530,34,9067.77
2530,35,9083.14
2530,36,9150.76
2530,37,9076.66
2530,38,9151.37
2530,39,9114.09
2530,40,9080.92
2530,41,9035.65
2530,42,8897.98
2530,43,9118.47
2530,44,9041.86
2530,45,9033.22
2530,46,9149.38
2530,47,9107.32
2530,48,9151.59
2530,49,9021.86
2530,50,9098.21
2530,51,9053.23
2530,52,9158.6
2530,53,9246.3
2530,54,8936.16
2530,55,9058.35
2530,56,8960.92
2530,57,8963.21
2530,58,9134.34
2530,59,9104.49
2530,60,9124.69
2530,61,9062.1
2530,62,9173.49
2530,63,9026.9
2530,64,9035.45
2530,65,8999.16
2530,66,8969.75
2530,67,9067.65
2530,68,8994.13
2530,69,8969.19
2530,70,9148.25
2530,71,8983.2
2530,72,8997.74
2530,73,9086.64
2530,74,9066.56
2530,75,9109.76
2530,76,9025.19
2530,77,9026.27
2530,78,8995.34
2530,79,9182.07
2530,80,9035.82
2530,81,8979.37
2530,82,9097.73
2530,83,9024.08
2530,84,9092.68
2530,85,9072.26
2530,86,9001.39
2530,87,9029.74
2530,88,9091.8
2530,89,8948.51
2530,90,9032.2
2530,91,9092.54
2530,92,9169.67
2530,93,8949.83
2530,94,9123.42
2530,95,9112.74
2530,96,9138.97
2530,97,9077.32
2530,98,8913.97
2530,99,9143.59
2540,0,9076.07
2540,1,9028.79
2540,2,8968.28
2540,3,9047.48
2540,4,8944.92
2540,5,9014.9
2540,6,9103.69
2540,7,9151.34
2540,8,9037.51
2540,9,9160.96
2540,10,9128.14
2540,11,9101.08
2540,12,9136.91
2540,13,9079.63
2540,14,9026.78
2540,15,9029.56
2540,16,9171.89
2540,17,9176.15
2540,18,9080.73
2540,19,9023.77
2540,20,8938.23
2540,21,9102.34
2540,22,9041.41
2540,23,9100.22
2540,24,9019.15
2540,25,9009.16
2540,26,8953.63
2540,27,9162.57
2540,28,9045.18
2540,29,9028.15
2540,30,9099.85
2540,31,9116.64
2540,32,9029.12
2540,33,9008.73
2540,34,9054.51
2540,35,9074.61
2540,36,9139.66
2540,37,9063.79
2540,38,9144.23
2540,39,9105.05
2540,40,9069.32
2540,41,9030.61
2540,42,8882.04
2540,43,9111.73
2540,44,9034.14
2540,45,9020.08
2540,46,9138.31
2540,47,9099.77
2540,48,9141.48
2540,49,9008.24
2540,50,9089.63
2540,51,9041.69
2540,52,9151.42
2540,53,9240.7
2540,54,8922.07
2540,55,9050.51
2540,56,8951.02
2540,57,8950.79
2540,58,9121.93
2540,59,9095.33
2540,60,9116.54
2540,61,9052.72
2540,62,9165.84
2540,63,9020.33
2540,64,9026.76
2540,65,8991.52
2540,66,8959.15
2540,67,9059.35
2540,68,8983.1
2540,69,8959.18
2540,70,9138.85
2540,71,8975.95
2540,72,8989.7
2540,73,9077.7
2540,74,9057.02
2540,75,9100.03
2540,76,9015.28
2540,77,9016.28
2540,78,8985.45
2540,79,9174.22
2540,80,9021.31
2540,81,8966.76
2540,82,9087.61
2540,83,9014.86
2540,84,9082.97
2540,85,9061.83
2540,86,8993.61
2540,87,9019.77
2540,88,9086.57
2540,89,8938.89
2540,90,9021.83
2540,91,9083.59
2540,92,9160.42
2540,93,8939.29
2540,94,9114.9
2540,95,9103.79
2540,96,9132.8
2540,97,9071.01
2540,98,8906.04
2540,99,9134.87
2550,0,9075.77
2550,1,9028.49
2550,2,8967.98
2550,3,9047.18
2550,4,8944.62
2550,5,9014.6
2550,6,9103.39
2550,7,9151.04
2550,8,9037.21
2550,9,9160.66
2550,10,9127.84
2550,11,9100.78
2550,12,9136.61
2550,13,9079.33
2550,14,9026.48
2550,15,9029.26
2550,16,9171.59
2550,17,9175.85
2550,18,9080.43
2550,19,9023.47
2550,20,8937.93
2550,21,9102.04
2550,22,9041.11
2550,23,9099.92
2550,24,9018.85
2550,25,9008.86
2550,26,8953.33
2550,27,9162.27
2550,28,9044.88
2550,29,9027.85
2550,30,9099.55
2550,31,9116.34
2550,32,9028.82
2550,33,9008.43
2550,34,9054.21
2550,35,9074.31
2550,36,9139.36
2550,37,9063.49
2550,38,9143.93
2550,39,9104.75
2550,40,9069.02
2550,41,9030.31
2550,42,8881.74
2550,43,9111.43
2550,44,9033.84
2550,45,9019.78
2550,46,9138.01
2550,47,9099.47
2550,48,9141.18
2550,49,9007.94
2550,50,9089.33
2550,51,9041.39
2550,52,9151.12
2550,53,9240.4
2550,54,8921.77
2550,55,9050.21
2550,56,8950.72
2550,57,8950.49
2550,58,9121.63
2550,59,9095.03
2550,60,9116.24
2550,61,9052.42
2550,62,9165.54
2550,63,9020.03
2550,64,9026.46
2550,65,8991.22
2550,66,8958.85
2550,67,9059.05
2550,68,8982.8
2550,69,8958.88
2550,70,9138.55
2550,71,8975.65
2550,72,8989.4
2550,73,9077.4
2550,74,9056.72
2550,75,9099.73
2550,76,9014.98
2550,77,9015.98
2550,78,8985.15
2550,79,9173.92
2550,80,9021.01
2550,81,8966.46
2550,82,9087.31
2550,83,9014.56
2550,84,9082.67
2550,85,9061.53
2550,86,8993.31
2550,87,9019.47
2550,88,9086.27
2550,89,8938.59
2550,90,9021.53
2550,91,9083.29
2550,92,9160.12
2550,93,8938.99
2550,94,9114.6
2550,95,9103.49
2550,96,9132.5
2550,97,9070.71
2550,98,8905.74
2550,99,9134.57
2560,0,9075.47
2560,1,9028.19
2560,2,8967.68
2560,3,9046.88
2560,4,8944.32
2560,5,9014.3
2560,6,9103.09
2560,7,9150.74
2560,8,9036.91
2560,9,9160.36
2560,10,9127.54
2560,11,9100.48
2560,12,9136.31
2560,13,9079.03
2560,14,9026.18
2560,15,9028.96
2560,16,9171.29
2560,17,9175.55
2560,18,9080.13
2560,19,9023.17
2560,20,8937.63
2560,21,9101.74
2560,22,9040.81
2560,23,9099.62
2560,24,9018.55
2560,25,9008.56
2560,26,8953.03
2560,27,9161.97
2560,28,9044.58
2560,29,9027.55
2560,30,9099.25
2560,31,9116.04
2560,32,9028.52
2560,33,9008.13
2560,34,9053.91
2560,35,9074.01
2560,36,9139.06
2560,37,9063.19
2560,38,9143.63
2560,39,9104.45
2560,40,9068.72
2560,41,9030.01
2560,42,8881.44
2560,43,9111.13
2560,44,9033.54
2560,45,9019.48
2560,46,9137.71
2560,47,9099.17
2560,48,9140.88
2560,49,9007.64
2560,50,9089.03
2560,51,9041.09
2560,52,9150.82
2560,53,9240.1
2560,54,8921.47
2560,55,9049.91
2560,56,8950.42
2560,57,8950.19
2560,58,9121.33
2560,59,9094.73
2560,60,9115.94
2560,61,9052.12
2560,62,9165.24
2560,63,9019.73
2560,64,9026.16
2560,65,8990.92
2560,66,8958.55
2560,67,9058.75
2560,68,8982.5
2560,69,8958.58
2560,70,9138.25
2560,71,8975.35
2560,72,8989.1
2560,73,9077.1
2560,74,9056.42
2560,75,9099.43
2560,76,9014.68
2560,77,9015.68
2560,78,8984.85
2560,79,9173.62
2560,80,9020.71
2560,81,8966.16
2560,82,9087.01
2560,83,9014.26
2560,84,9082.37
2560,85,9061.23
2560,86,8993.01
2560,87,9019.17
2560,88,9085.97
2560,89,8938.29
2560,90,9021.23
2560,91,9082.99
2560,92,9159.82
2560,93,8938.69
2560,94,9114.3
2560,95,9103.19
2560,96,9132.2
2560,97,9070.41
2560,98,8905.44
2560,99,9134.27
2570,0,9065.18
2570,1,9017.13
2570,2,8959.97
2570,3,9037.82
2570,4,8934.78
2570,5,9005.86
2570,6,9095.86
2570,7,9143.15
2570,8,9025.47
2570,9,9151.49
2570,10,9120.39
2570,11,9091.51
2570,12,9128.15
2570,13,9071.23
2570,14,9016.32
2570,15,9019.57
2570,16,9159.8
2570,17,9168.74
2570,18,9068.9
2570,19,9015.52
2570,20,8926.31
2570,21,9092.24
2570,22,9033.65
2570,23,9090.84
2570,24,9006.97
2570,25,9000.89
2570,26,8938.6
2570,27,9153.2
2570,28,9034.85
2570,29,9015.44
2570,30,9091.93
2570,31,9107.86
2570,32,9019.43
2570,33,8998.22
2570,34,9040.72
2570,35,9065.71
2570,36,9131.3
2570,37,9050.41
2570,38,9136.47
2570,39,9095.45
2570,40,9056.99
2570,41,9024.91
2570,42,8865.52
2570,43,9104.29
2570,44,9025.81
2570,45,9010.66
2570,46,9126.77
2570,47,9088.74
2570,48,9130.8
2570,49,8993.92
2570,50,9080.49
2570,51,9029.18
2570,52,9143.61
2570,53,9234.45
2570,54,8911.31
2570,55,9042.07
2570,56,8940.31
2570,57,8938.62
2570,58,9108.94
2570,59,9085.59
2570,60,9107.22
2570,61,9042.26
2570,62,9158.67
2570,63,9012.96
2570,64,9017.39
2570,65,8983.14
2570,66,8950.82
2570,67,9050.49
2570,68,8971.47
2570,69,8948.9
2570,70,9128.84
2570,71,8967.93
2570,72,8981.09
2570,73,9068.2
2570,74,9049.31
2570,75,9089.91
2570,76,9004.84
2570,77,9005.63
2570,78,8975.14
2570,79,9165.7
2570,80,9006.1
2570,81,8953.6
2570,82,9076.81
2570,83,9003.03
2570,84,9072.73
2570,85,9050.89
2570,86,8985.3
2570,87,9008.26
2570,88,9080.7
2570,89,8928.71
2570,90,9010.82
2570,91,9073.92
2570,92,9150.49
2570,93,8928.43
2570,94,9105.73
2570,95,9094.12
2570,96,9126.03
2570,97,9064.15
2570,98,8897.5
2570,99,9125.71
2580,0,9064.88
2580,1,9016.83
2580,2,8959.67
2580,3,9037.52
2580,4,8934.48
2580,5,9005.56
2580,6,9095.56
2580,7,9142.85
2580,8,9025.17
2580,9,9151.19
2580,10,9120.09
2580,11,9091.21
2580,12,9127.85
2580,13,9070.93
2580,14,9016.02
2580,15,9019.27
2580,16,9159.5
2580,17,9168.44
2580,18,9068.6
2580,19,9015.22
2580,20,8926.01
2580,21,9091.94
2580,22,9033.35
2580,23,9090.54
2580,24,9006.67
2580,25,9000.59
2580,26,8938.3
2580,27,9152.9
2580,28,9034.55
2580,29,9015.14
2580,30,9091.63
2580,31,9107.56
2580,32,9019.13
2580,33,8997.92
2580,34,9040.42
2580,35,9065.41
2580,36,9131
2580,37,9050.11
2580,38,9136.17
2580,39,9095.15
2580,40,9056.69
2580,41,9024.61
2580,42,8865.22
2580,43,9103.99
2580,44,9025.51
2580,45,9010.36
2580,46,9126.47
2580,47,9088.44
2580,48,9130.5
2580,49,8993.62
2580,50,9080.19
2580,51,9028.88
2580,52,9143.31
2580,53,9234.15
2580,54,8911.01
2580,55,9041.77
2580,56,8940.01
2580,57,8938.32
2580,58,9108.64
2580,59,9085.29
2580,60,9106.92
2580,61,9041.96
2580,62,9158.37
2580,63,9012.66
2580,64,9017.09
2580,65,8982.84
2580,66,8950.52
2580,67,9050.19
2580,68,8971.17
2580,69,8948.6
2580,70,9128.54
2580,71,8967.63
2580,72,8980.79
2580,73,9067.9
2580,74,9049.01
2580,75,9089.61
2580,76,9004.54
2580,77,9005.33
2580,78,8974.84
2580,79,9165.4
2580,80,9005.8
2580,81,8953.3
2580,82,9076.51
2580,83,9002.73
2580,84,9072.43
2580,85,9050.59
2580,86,8985
2580,87,9007.96
2580,88,9080.4
2580,89,8928.41
2580,90,9010.52
2580,91,9073.62
2580,92,9150.19
2580,93,8928.13
2580,94,9105.43
2580,95,9093.82
2580,96,9125.73
2580,97,9063.85
2580,98,8897.2
2580,99,9125.41
2590,0,9064.58
2590,1,9016.53
2590,2,8959.37
2590,3,9037.22
2590,4,8934.18
2590,5,9005.26
2590,6,9095.26
2590,7,9142.55
2590,8,9024.87
2590,9,9150.89
2590,10,9119.79
2590,11,9090.91
2590,12,9127.55
2590,13,9070.63
2590,14,9015.72
2590,15,9018.97
2590,16,9159.2
2590,17,9168.14
2590,18,9068.3
2590,19,9014.92
2590,20,8925.71
2590,21,9091.64
2590,22,9033.05
2590,23,9090.24
2590,24,9006.37
2590,25,9000.29
2590,26,8938
2590,27,9152.6
2590,28,9034.25
2590,29,9014.84
2590,30,9091.33
2590,31,9107.26
2590,32,9018.83
2590,33,8997.62
2590,34,9040.12
2590,35,9065.11
2590,36,9130.7
2590,37,9049.81
2590,38,9135.87
2590,39,9094.85
2590,40,9056.39
2590,41,9024.31
2590,42,8864.92
2590,43,9103.69
2590,44,9025.21
2590,45,9010.06
2590,46,9126.17
2590,47,9088.14
2590,48,9130.2
2590,49,8993.32
2590,50,9079.89
2590,51,9028.58
2590,52,9143.01
2590,53,9233.85
2590,54,8910.71
2590,55,9041.47
2590,56,8939.71
2590,57,8938.02
2590,58,9108.34
2590,59,9084.99
2590,60,9106.62
2590,61,9041.66
2590,62,9158.07
2590,63,9012.36
2590,64,9016.79
2590,65,8982.54
2590,66,8950.22
2590,67,9049.89
2590,68,8970.87
2590,69,8948.3
2590,70,9128.24
2590,71,8967.33
2590,72,8980.49
2590,73,9067.6
2590,74,9048.71
2590,75,9089.31
2590,76,9004.24
2590,77,9005.03
2590,78,8974.54
2590,79,9165.1
2590,80,9005.5
2590,81,8953
2590,82,9076.21
2590,83,9002.43
2590,84,9072.13
2590,85,9050.29
2590,86,8984.7
2590,87,9007.66
2590,88,9080.1
2590,89,8928.11
2590,90,9010.22
2590,91,9073.32
2590,92,9149.89
2590,93,8927.83
2590,94,9105.13
2590,95,9093.52
2590,96,9125.43
2590,97,9063.55
2590,98,8896.9
2590,99,9125.11
2600,0,9056.88
2600,1,9005.79
2600,2,8949.73
2600,3,9024.72
2600,4,8918.53
2600,5,8991.87
2600,6,9083.92
2600,7,9131.14
2600,8,9013.46
2600,9,9138.26
2600,10,9110.64
2600,11,9081.73
2600,12,9116.96
2600,13,9059.52
2600,14,9002.67
2600,15,9004.47
2600,16,9147.28
2600,17,9160.17
2600,18,9057.45
2600,19,9006.14
2600,20,8915.16
2600,21,9082.03
2600,22,9021.62
2600,23,9081.38
2600,24,8994.74
2600,25,8989.93
2600,26,8924.36
2600,27,9139.88
2600,28,9020.88
2600,29,9002.73
2600,30,9079.91
2600,31,9094.79
2600,32,9009.6
2600,33,8986.37
2600,34,9027.36
2600,35,9053.86
2600,36,9118.99
2600,37,9037.09
2600,38,9126.33
2600,39,9085.99
2600,40,9044.04
2600,41,9018.27
2600,42,8847.85
2600,43,9093.55
2600,44,9012.81
2600,45,8996.85
2600,46,9115.42
2600,47,9077.77
2600,48,9119.97
2600,49,8978.94
2600,50,9071.4
2600,51,9014.99
2600,52,9132.24
2600,53,9224.87
2600,54,8895.81
2600,55,9030.32
2600,56,8929.47
2600,57,8927.15
2600,58,9095.57
2600,59,9075.77
2600,60,9093.95
2600,61,9028.36
2600,62,9149.9
2600,63,9003.84
2600,64,9007.95
2600,65,8972.1
2600,66,8937.92
2600,67,9038.32
2600,68,8954.72
2600,69,8934.72
2600,70,9118.75
2600,71,8957.92
2600,72,8968.4
2600,73,9058.67
2600,74,9037.83
2600,75,9077.17
2600,76,8995.35
2600,77,8994.91
2600,78,8961.73
2600,79,9154.6
2600,80,8991.06
2600,81,8939.93
2600,82,9066.76
2600,83,8991.1
2600,84,9062.55
2600,85,9034.91
2600,86,8977.04
2600,87,8997.77
2600,88,9073.43
2600,89,8913.47
2600,90,8999.81
2600,91,9060.77
2600,92,9135.44
2600,93,8917.59
2600,94,9096.54
2600,95,9084.26
2600,96,9116.09
2600,97,9055.6
2600,98,8885.97
2600,99,9112.52
2610,0,9056.58
2610,1,9005.49
2610,2,8949.43
2610,3,9024.42
2610,4,8918.23
2610,5,8991.57
2610,6,9083.62
2610,7,9130.84
2610,8,9013.16
2610,9,9137.96
2610,10,9110.34
2610,11,9081.43
2610,12,9116.66
2610,13,9059.22
2610,14,9002.37
2610,15,9004.17
2610,16,9146.98
2610,17,9159.87
2610,18,9057.15
2610,19,9005.84
2610,20,8914.86
2610,21,9081.73
2610,22,9021.32
2610,23,9081.08
2610,24,8994.44
2610,25,8989.63
2610,26,8924.06
2610,27,9139.58
2610,28,9020.58
2610,29,9002.43
2610,30,9079.61
2610,31,9094.49
2610,32,9009.3
2610,33,8986.07
2610,34,9027.06
2610,35,9053.56
2610,36,9118.69
2610,37,9036.79
2610,38,9126.03
2610,39,9085.69
2610,40,9043.74
2610,41,9017.97
2610,42,8847.57
2610,43,9093.25
2610,44,9012.51
2610,45,8996.55
2610,46,9115.12
2610,47,9077.47
2610,48,9119.67
2610,49,8978.64
2610,50,9071.1
2610,51,9014.69
2610,52,9131.94
2610,53,9224.57
2610,54,8895.51
2610,55,9030.02
2610,56,8929.17
2610,57,8926.85
2610,58,9095.27
2610,59,9075.47
2610,60,9093.65
2610,61,9028.06
2610,62,9149.6
2610,63,9003.54
2610,64,9007.65
2610,65,8971.8
2610,66,8937.62
2610,67,9038.02
2610,68,8954.42
2610,69,8934.42
2610,70,9118.45
2610,71,8957.62
2610,72,8968.1
2610,73,9058.37
2610,74,9037.53
2610,75,9076.87
2610,76,8995.05
2610,77,8994.61
2610,78,8961.43
2610,79,9154.3
2610,80,8990.76
2610,81,8939.63
2610,82,9066.46
2610,83,8990.8
2610,84,9062.25
2610,85,9034.61
2610,86,8976.74
2610,87,8997.47
2610,88,9073.13
2610,89,8913.17
2610,90,8999.51
2610,91,9060.47
2610,92,9135.14
2610,93,8917.29
2610,94,9096.24
2610,95,9083.96
2610,96,9115.79
2610,97,9055.3
2610,98,8885.67
2610,99,9112.22
2620,0,9056.28
2620,1,9005.19
2620,2,8949.13
2620,3,9024.12
2620,4,8917.93
2620,5,8991.27
2620,6,9083.32
2620,7,9130.54
2620,8,9012.86
2620,9,9137.66
2620,10,9110.04
2620,11,9081.13
2620,12,9116.36
2620,13,9058.92
2620,14,9002.07
2620,15,9003.87
2620,16,9146.68
2620,17,9159.57
2620,18,9056.85
2620,19,9005.54
2620,20,8914.56
2620,21,9081.43
2620,22,9021.02
2620,23,9080.78
2620,24,8994.14
2620,25,8989.33
2620,26,8923.76
2620,27,9139.28
2620,28,9020.28
2620,29,9002.13
2620,30,9079.31
2620,31,9094.19
2620,32,9009
2620,33,8985.77
2620,34,9026.76
2620,35,9053.26
2620,36,9118.39
2620,37,9036.49
2620,38,9125.73
2620,39,9085.39
2620,40,9043.44
2620,41,9017.67
2620,42,8847.27
2620,43,9092.95
2620,44,9012.21
2620,45,8996.25
2620,46,9114.82
2620,47,9077.17
2620,48,9119.37
2620,49,8978.34
2620,50,9070.8
2620,51,9014.39
2620,52,9131.64
2620,53,9224.27
2620,54,8895.21
2620,55,9029.72
2620,56,8928.87
2620,57,8926.55
2620,58,9094.97
2620,59,9075.17
2620,60,9093.35
2620,61,9027.76
2620,62,9149.3
2620,63,9003.24
2620,64,9007.35
2620,65,8971.5
2620,66,8937.32
2620,67,9037.72
2620,68,8954.12
2620,69,8934.12
2620,70,9118.15
2620,71,8957.32
2620,72,8967.8
2620,73,9058.07
2620,74,9037.23
2620,75,9076.57
2620,76,8994.75
2620,77,8994.31
2620,78,8961.13
2620,79,9154
2620,80,8990.46
2620,81,8939.33
2620,82,9066.16
2620,83,8990.5
2620,84,9061.95
2620,85,9034.31
2620,86,8976.44
2620,87,8997.17
2620,88,9072.83
2620,89,8912.87
2620,90,8999.21
2620,91,9060.17
2620,92,9134.84
2620,93,8916.99
2620,94,9095.94
2620,95,9083.66
2620,96,9115.49
2620,97,9055
2620,98,8885.37
2620,99,9111.92
2630,0,9044.64
2630,1,8997.56
2630,2,8939.91
2630,3,9014.93
2630,4,8907.71
2630,5,8982.86
2630,6,9075.98
2630,7,9122.47
2630,8,9005.84
2630,9,9128.38
2630,10,9100.85
2630,11,9071.7
2630,12,9110.92
2630,13,9051.09
2630,14,8995.95
2630,15,8994.53
2630,16,9138.82
2630,17,9152.56
2630,18,9049.84
2630,19,8997.92
2630,20,8907.54
2630,21,9072.43
2630,22,9015.68
2630,23,9074.8
2630,24,8983.26
2630,25,8980.66
2630,26,8914.22
2630,27,9132.57
2630,28,9014.81
2630,29,8994.86
2630,30,9071.73
2630,31,9085.99
2630,32,9000.28
2630,33,8978.76
2630,34,9017.4
2630,35,9046.48
2630,36,9110.86
2630,37,9028.83
2630,38,9118.64
2630,39,9079.66
2630,40,9034.74
2630,41,9009.07
2630,42,8837.9
2630,43,9085.94
2630,44,9004.45
2630,45,8987.35
2630,46,9106.74
2630,47,9067.64
2630,48,9111.76
2630,49,8969.68
2630,50,9064.92
2630,51,9005.94
2630,52,9124.39
2630,53,9218.04
2630,54,8885.42
2630,55,9021.75
2630,56,8918.47
2630,57,8917.93
2630,58,9084.6
2630,59,9069.16
2630,60,9084.84
2630,61,9018.46
2630,62,9144.82
2630,63,8995.33
2630,64,8999.8
2630,65,8963.87
2630,66,8929.62
2630,67,9029.57
2630,68,8942.98
2630,69,8924.19
2630,70,9108.63
2630,71,8950.43
2630,72,8960.93
2630,73,9049.65
2630,74,9026.7
2630,75,9068.05
2630,76,8989.06
2630,77,8987.09
2630,78,8951.87
2630,79,9146.39
2630,80,8980.52
2630,81,8930.8
2630,82,9056.56
2630,83,8983.15
2630,84,9052.47
2630,85,9024.23
2630,86,8968.82
2630,87,8990.74
2630,88,9064.01
2630,89,8903.27
2630,90,8988.75
2630,91,9050.69
2630,92,9125.54
2630,93,8910.26
2630,94,9088.21
2630,95,9074.35
2630,96,9109.34
2630,97,9046.55
2630,98,8876.86
2630,99,9104.22
2640,0,9044.34
2640,1,8997.26
2640,2,8939.61
2640,3,9014.63
2640,4,8907.41
2640,5,8982.56
2640,6,9075.68
2640,7,9122.17
2640,8,9005.54
2640,9,9128.08
2640,10,9100.55
2640,11,9071.4
2640,12,9110.62
2640,13,9050.79
2640,14,8995.65
2640,15,8994.23
2640,16,9138.52
2640,17,9152.26
2640,18,9049.54
2640,19,8997.62
2640,20,8907.24
2640,21,9072.13
2640,22,9015.38
2640,23,9074.5
2640,24,8982.96
2640,25,8980.36
2640,26,8913.92
2640,27,9132.27
2640,28,9014.51
2640,29,8994.56
2640,30,9071.43
2640,31,9085.69
2640,32,8999.98
2640,33,8978.46
2640,34,9017.1
2640,35,9046.18
2640,36,9110.56
2640,37,9028.53
2640,38,9118.34
2640,39,9079.36
2640,40,9034.44
2640,41,9008.77
2640,42,8837.6
2640,43,9085.64
2640,44,9004.15
2640,45,8987.05
2640,46,9106.44
2640,47,9067.34
2640,48,9111.46
2640,49,8969.38
2640,50,9064.62
2640,51,9005.64
2640,52,9124.09
2640,53,9217.74
2640,54,8885.12
2640,55,9021.45
2640,56,8918.17
2640,57,8917.63
2640,58,9084.3
2640,59,9068.86
2640,60,9084.54
2640,61,9018.16
2640,62,9144.52
2640,63,8995.03
2640,64,8999.5
2640,65,8963.57
2640,66,8929.32
2640,67,9029.27
2640,68,8942.68
2640,69,8923.89
2640,70,9108.33
2640,71,8950.13
2640,72,8960.63
2640,73,9049.35
2640,74,9026.4
2640,75,9067.75
2640,76,8988.76
2640,77,8986.79
2640,78,8951.57
2640,79,9146.09
2640,80,8980.22
2640,81,8930.5
2640,82,9056.26
2640,83,8982.85
2640,84,9052.17
2640,85,9023.93
2640,86,8968.52
2640,87,8990.44
2640,88,9063.71
2640,89,8902.97
2640,90,8988.45
2640,91,9050.39
2640,92,9125.24
2640,93,8909.96
2640,94,9087.91
2640,95,9074.05
2640,96,9109.04
2640,97,9046.25
2640,98,8876.56
2640,99,9103.92
2650,0,9044.04
2650,1,8996.96
2650,2,8939.31
2650,3,9014.33
2650,4,8907.11
2650,5,8982.26
2650,6,9075.38
2650,7,9121.87
2650,8,9005.24
2650,9,9127.78
2650,10,9100.25
2650,11,9071.1
2650,12,9110.32
2650,13,9050.49
2650,14,8995.35
2650,15,8993.93
2650,16,9138.22
2650,17,9151.96
2650,18,9049.24
2650,19,8997.32
2650,20,8906.94
2650,21,9071.83
2650,22,9015.08
2650,23,9074.2
2650,24,8982.66
2650,25,8980.06
2650,26,8913.62
2650,27,9131.97
2650,28,9014.21
2650,29,8994.26
2650,30,9071.13
2650,31,9085.39
2650,32,8999.68
2650,33,8978.16
2650,34,9016.8
2650,35,9045.88
2650,36,9110.26
2650,37,9028.23
2650,38,9118.04
2650,39,9079.06
2650,40,9034.14
2650,41,9008.47
2650,42,8837.3
2650,43,9085.34
2650,44,9003.85
2650,45,8986.75
2650,46,9106.14
2650,47,9067.04
2650,48,9111.16
2650,49,8969.08
2650,50,9064.32
2650,51,9005.34
2650,52,9123.79
2650,53,9217.44
2650,54,8884.82
2650,55,9021.15
2650,56,8917.87
2650,57,8917.33
2650,58,9084
2650,59,9068.56
2650,60,9084.24
2650,61,9017.86
2650,62,9144.22
2650,63,8994.73
2650,64,8999.2
2650,65,8963.27
2650,66,8929.02
2650,67,9028.97
2650,68,8942.38
2650,69,8923.59
2650,70,9108.03
2650,71,8949.83
2650,72,8960.33
2650,73,9049.05
2650,74,9026.1
2650,75,9067.45
2650,76,8988.46
2650,77,8986.49
2650,78,8951.27
2650,79,9145.79
2650,80,8979.92
2650,81,8930.2
2650,82,9055.96
2650,83,8982.55
2650,84,9051.87
2650,85,9023.63
2650,86,8968.22
2650,87,8990.14
2650,88,9063.41
2650,89,8902.67
2650,90,8988.15
2650,91,9050.09
2650,92,9124.94
2650,93,8909.66
2650,94,9087.61
2650,95,9073.75
2650,96,9108.74
2650,97,9045.95
2650,98,8876.26
2650,99,9103.62
2660,0,9033.77
2660,1,8984.75
2660,2,8929.69
2660,3,9001
2660,4,8891.55
2660,5,8968.89
2660,6,9063.97
2660,7,9110.85
2660,8,8991.53
2660,9,9117.14
2660,10,9086.23
2660,11,9058.32
2660,12,9099.56
2660,13,9039.55
2660,14,8985.27
2660,15,8979.34
2660,16,9124.39
2660,17,9141.27
2660,18,9038.11
2660,19,8988.44
2660,20,8895.32
2660,21,9058.82
2660,22,9001.77
2660,23,9065.19
2660,24,8970.71
2660,25,8969.01
2660,26,8898.98
2660,27,9119.74
2660,28,9001.62
2660,29,8982.53
2660,30,9059.41
2660,31,9073.02
2660,32,8989.6
2660,33,8966.68
2660,34,8999.22
2660,35,9034.28
2660,36,9097.97
2660,37,9015.65
2660,38,9108.6
2660,39,9066.93
2660,40,9022.28
2660,41,8999.87
2660,42,8820.23
2660,43,9075.07
2660,44,8991.41
2660,45,8973.57
2660,46,9094.51
2660,47,9056.62
2660,48,9102.04
2660,49,8954.7
2660,50,9055.81
2660,51,8993.38
2660,52,9112.94
2660,53,9208.76
2660,54,8870.2
2660,55,9009.85
2660,56,8905.39
2660,57,8903.91
2660,58,9068.89
2660,59,9055.74
2660,60,9071.68
2660,61,9004.74
2660,62,9135.33
2660,63,8985.02
2660,64,8985.93
2660,65,8952.54
2660,66,8918.32
2660,67,9017.75
2660,68,8925.83
2660,69,8910.28
2660,70,9094.16
2660,71,8939.46
2660,72,8948.29
2660,73,9037.02
2660,74,9014.69
2660,75,9051.62
2660,76,8978.79
2660,77,8974.76
2660,78,8939.76
2660,79,9135.69
2660,80,8965.02
2660,81,8916.92
2660,82,9040.82
2660,83,8969.83
2660,84,9039.52
2660,85,9008.58
2660,86,8960.48
2660,87,8978.6
2660,88,9053.52
2660,89,8888.25
2660,90,8973.41
2660,91,9038.38
2660,92,9110.83
2660,93,8899.87
2660,94,9076.08
2660,95,9062.71
2660,96,9098.82
2660,97,9035.66
2660,98,8862.53
2660,99,9093.16
2670,0,9033.47
2670,1,8984.46
2670,2,8929.39
2670,3,9000.71
2670,4,8891.27
2670,5,8968.6
2670,6,9063.67
2670,7,9110.55
2670,8,8991.26
2670,9,9116.84
2670,10,9085.97
2670,11,9058.02
2670,12,9099.26
2670,13,9039.25
2670,14,8984.97
2670,15,8979.06
2670,16,9124.09
2670,17,9140.97
2670,18,9037.81
2670,19,8988.14
2670,20,8895.03
2670,21,9058.52
2670,22,9001.49
2670,23,9064.89
2670,24,8970.41
2670,25,8968.71
2670,26,8898.71
2670,27,9119.44
2670,28,9001.32
2670,29,8982.24
2670,30,9059.11
2670,31,9072.72
2670,32,8989.3
2670,33,8966.38
2670,34,8998.95
2670,35,9033.98
2670,36,9097.67
2670,37,9015.36
2670,38,9108.3
2670,39,9066.63
2670,40,9021.98
2670,41,8999.57
2670,42,8819.98
2670,43,9074.77
2670,44,8991.11
2670,45,8973.27
2670,46,9094.21
2670,47,9056.32
2670,48,9101.74
2670,49,8954.43
2670,50,9055.51
2670,51,8993.1
2670,52,9112.64
2670,53,9208.46
2670,54,8869.91
2670,55,9009.55
2670,56,8905.09
2670,57,8903.61
2670,58,9068.62
2670,59,9055.44
2670,60,9071.38
2670,61,9004.44
2670,62,9135.03
2670,63,8984.72
2670,64,8985.66
2670,65,8952.24
2670,66,8918.03
2670,67,9017.45
2670,68,8925.55
2670,69,8909.98
2670,70,9093.88
2670,71,8939.16
2670,72,8947.99
2670,73,9036.72
2670,74,9014.4
2670,75,9051.34
2670,76,8978.49
2670,77,8974.46
2670,78,8939.46
2670,79,9135.39
2670,80,8964.73
2670,81,8916.62
2670,82,9040.56
2670,83,8969.53
2670,84,9039.22
2670,85,9008.3
2670,86,8960.18
2670,87,8978.31
2670,88,9053.22
2670,89,8887.97
2670,90,8973.13
2670,91,9038.08
2670,92,9110.54
2670,93,8899.57
2670,94,9075.78
2670,95,9062.41
2670,96,9098.52
2670,97,9035.36
2670,98,8862.25
2670,99,9092.86
2680,0,9033.17
2680,1,8984.16
2680,2,8929.09
2680,3,9000.41
2680,4,8890.97
2680,5,8968.3
2680,6,9063.37
2680,7,9110.25
2680,8,8990.96
2680,9,9116.54
2680,10,9085.67
2680,11,9057.72
2680,12,9098.96
2680,13,9038.95
2680,14,8984.67
2680,15,8978.76
2680,16,9123.79
2680,17,9140.67
2680,18,9037.51
2680,19,8987.84
2680,20,8894.73
2680,21,9058.22
2680,22,9001.19
2680,23,9064.59
2680,24,8970.11
2680,25,8968.41
2680,26,8898.41
2680,27,9119.14
2680,28,9001.02
2680,29,8981.94
2680,30,9058.81
2680,31,9072.42
2680,32,8989
2680,33,8966.08
2680,34,8998.65
2680,35,9033.68
2680,36,9097.37
2680,37,9015.06
2680,38,9108
2680,39,9066.33
2680,40,9021.68
2680,41,8999.27
2680,42,8819.68
2680,43,9074.47
2680,44,8990.81
2680,45,8972.97
2680,46,9093.91
2680,47,9056.02
2680,48,9101.44
2680,49,8954.13
2680,50,9055.21
2680,51,8992.8
2680,52,9112.34
2680,53,9208.16
2680,54,8869.61
2680,55,9009.25
2680,56,8904.79
2680,57,8903.31
2680,58,9068.32
2680,59,9055.14
2680,60,9071.08
2680,61,9004.14
2680,62,9134.73
2680,63,8984.42
2680,64,8985.36
2680,65,8951.94
2680,66,8917.73
2680,67,9017.15
2680,68,8925.25
2680,69,8909.68
2680,70,9093.58
2680,71,8938.86
2680,72,8947.69
2680,73,9036.42
2680,74,9014.1
2680,75,9051.04
2680,76,8978.19
2680,77,8974.16
2680,78,8939.16
2680,79,9135.09
2680,80,8964.43
2680,81,8916.32
2680,82,9040.26
2680,83,8969.23
2680,84,9038.92
2680,85,9008
2680,86,8959.88
2680,87,8978.01
2680,88,9052.92
2680,89,8887.67
2680,90,8972.83
2680,91,9037.78
2680,92,9110.24
2680,93,8899.27
2680,94,9075.48
2680,95,9062.11
2680,96,9098.22
2680,97,9035.06
2680,98,8861.95
2680,99,9092.56
2690,0,9021.35
2690,1,8974.43
2690,2,8919.67
2690,3,8986.92
2690,4,8876.34
2690,5,8957.72
2690,6,9053.78
2690,7,9098.32
2690,8,8977.56
2690,9,9105.48
2690,10,9074.43
2690,11,9046.87
2690,12,9089.44
2690,13,9027.67
2690,14,8972.55
2690,15,8964.22
2690,16,9109.97
2690,17,9129.46
2690,18,9026.15
2690,19,8979.39
2690,20,8880.3
2690,21,9049.19
2690,22,8988.71
2690,23,9054.39
2690,24,8959.11
2690,25,8957.43
2690,26,8884.62
2690,27,9106.83
2690,28,8990.08
2690,29,8968.18
2690,30,9048.48
2690,31,9059.23
2690,32,8978.27
2690,33,8956.19
2690,34,8983.92
2690,35,9021.68
2690,36,9085.7
2690,37,9002.56
2690,38,9098.57
2690,39,9057.34
2690,40,9008.71
2690,41,8990.81
2690,42,8802.2
2690,43,9065.11
2690,44,8978.35
2690,45,8960.53
2690,46,9083.19
2690,47,9046.66
2690,48,9091.29
2690,49,8940.67
2690,50,9046.37
2690,51,8982.28
2690,52,9101.31
2690,53,9198.44
2690,54,8855.19
2690,55,9001.09
2690,56,8894.73
2690,57,8891.37
2690,58,9053.33
2690,59,9045.36
2690,60,9058.36
2690,61,8990.97
2690,62,9127.65
2690,63,8975.7
2690,64,8976.42
2690,65,8941.74
2690,66,8905.18
2690,67,9006.25
2690,68,8908.72
2690,69,8897.23
2690,70,9082.36
2690,71,8928.98
2690,72,8937.78
2690,73,9027.49
2690,74,9002.07
2690,75,9038.57
2690,76,8967.65
2690,77,8964.85
2690,78,8927.75
2690,79,9127.1
2690,80,8949.56
2690,81,8902.59
2690,82,9028.47
2690,83,8958.83
2690,84,9030.26
2690,85,8991.75
2690,86,8950.89
2690,87,8964.74
2690,88,9046.7
2690,89,8873.35
2690,90,8962.95
2690,91,9025.16
2690,92,9096.35
2690,93,8887.43
2690,94,9067.15
2690,95,9052.57
2690,96,9089.3
2690,97,9025.14
2690,98,8850.42
2690,99,9081.77
2700,0,9021.06
2700,1,8974.13
2700,2,8919.37
2700,3,8986.63
2700,4,8876.07
2700,5,8957.42
2700,6,9053.48
2700,7,9098.02
2700,8,8977.28
2700,9,9105.18
2700,10,9074.13
2700,11,9046.57
2700,12,9089.14
2700,13,9027.37
2700,14,8972.26
2700,15,8963.95
2700,16,9109.69
2700,17,9129.16
2700,18,9025.86
2700,19,8979.09
2700,20,8880.03
2700,21,9048.89
2700,22,8988.42
2700,23,9054.09
2700,24,8958.81
2700,25,8957.13
2700,26,8884.34
2700,27,9106.53
2700,28,8989.78
2700,29,8967.9
2700,30,9048.18
2700,31,9058.95
2700,32,8977.97
2700,33,8955.89
2700,34,8983.65
2700,35,9021.38
2700,36,9085.4
2700,37,9002.28
2700,38,9098.27
2700,39,9057.04
2700,40,9008.42
2700,41,8990.51
2700,42,8801.96
2700,43,9064.81
2700,44,8978.07
2700,45,8960.25
2700,46,9082.89
2700,47,9046.36
2700,48,9090.99
2700,49,8940.39
2700,50,9046.07
2700,51,8981.98
2700,52,9101.01
2700,53,9198.14
2700,54,8854.92
2700,55,9000.79
2700,56,8894.43
2700,57,8891.07
2700,58,9053.06
2700,59,9045.06
2700,60,9058.07
2700,61,8990.67
2700,62,9127.35
2700,63,8975.4
2700,64,8976.12
2700,65,8941.44
2700,66,8904.9
2700,67,9005.95
2700,68,8908.46
2700,69,8896.93
2700,70,9082.06
2700,71,8928.68
2700,72,8937.48
2700,73,9027.19
2700,74,9001.78
2700,75,9038.27
2700,76,8967.35
2700,77,8964.55
2700,78,8927.45
2700,79,9126.8
2700,80,8949.29
2700,81,8902.3
2700,82,9028.17
2700,83,8958.53
2700,84,9029.96
2700,85,8991.48
2700,86,8950.59
2700,87,8964.47
2700,88,9046.4
2700,89,8873.08
2700,90,8962.65
2700,91,9024.86
2700,92,9096.06
2700,93,8887.13
2700,94,9066.85
2700,95,9052.27
2700,96,9089
2700,97,9024.84
2700,98,8850.13
2700,99,9081.47
2710,0,9020.76
2710,1,8973.83
2710,2,8919.07
2710,3,8986.33
2710,4,8875.77
2710,5,8957.12
2710,6,9053.18
2710,7,9097.72
2710,8,8976.98
2710,9,9104.88
2710,10,9073.83
2710,11,9046.27
2710,12,9088.84
2710,13,9027.07
2710,14,8971.96
2710,15,8963.65
2710,16,9109.39
2710,17,9128.86
2710,18,9025.56
2710,19,8978.79
2710,20,8879.73
2710,21,9048.59
2710,22,8988.12
2710,23,9053.79
2710,24,8958.51
2710,25,8956.83
2710,26,8884.04
2710,27,9106.23
2710,28,8989.48
2710,29,8967.6
2710,30,9047.88
2710,31,9058.65
2710,32,8977.67
2710,33,8955.59
2710,34,8983.35
2710,35,9021.08
2710,36,9085.1
2710,37,9001.98
2710,38,9097.97
2710,39,9056.74
2710,40,9008.12
2710,41,8990.21
2710,42,8801.66
2710,43,9064.51
2710,44,8977.77
2710,45,8959.95
2710,46,9082.59
2710,47,9046.06
2710,48,9090.69
2710,49,8940.09
2710,50,9045.77
2710,51,8981.68
2710,52,9100.71
2710,53,9197.84
2710,54,8854.62
2710,55,9000.49
2710,56,8894.13
2710,57,8890.77
2710,58,9052.76
2710,59,9044.76
2710,60,9057.77
2710,61,8990.37
2710,62,9127.05
2710,63,8975.1
2710,64,8975.82
2710,65,8941.14
2710,66,8904.6
2710,67,9005.65
2710,68,8908.16
2710,69,8896.63
2710,70,9081.76
2710,71,8928.38
2710,72,8937.18
2710,73,9026.89
2710,74,9001.48
2710,75,9037.97
2710,76,8967.05
2710,77,8964.25
2710,78,8927.15
2710,79,9126.5
2710,80,8948.99
2710,81,8902
2710,82,9027.87
2710,83,8958.23
2710,84,9029.66
2710,85,8991.18
2710,86,8950.29
2710,87,8964.17
2710,88,9046.1
2710,89,8872.78
2710,90,8962.35
2710,91,9024.56
2710,92,9095.76
2710,93,8886.83
2710,94,9066.55
2710,95,9051.97
2710,96,9088.7
2710,97,9024.54
2710,98,8849.83
2710,99,9081.17
2720,0,9010.36
2720,1,8961.59
2720,2,8909.49
2720,3,8976.76
2720,4,8860.32
2720,5,8946.77
2720,6,9041.44
2720,7,9086.98
2720,8,8966.1
2720,9,9092.79
2720,10,9062.53
2720,11,9036.63
2720,12,9079.24
2720,13,9017.35
2720,14,8961.72
2720,15,8949.14
2720,16,9095.43
2720,17,9121.59
2720,18,9016.9
2720,19,8969.62
2720,20,8865.47
2720,21,9038.91
2720,22,8975.16
2720,23,9045.67
2720,24,8946.24
2720,25,8945.61
2720,26,8868.54
2720,27,9093.84
2720,28,8979.07
2720,29,8955.26
2720,30,9038.07
2720,31,9045.5
2720,32,8967.07
2720,33,8944.98
2720,34,8970.42
2720,35,9008.81
2720,36,9074.31
2720,37,8987.72
2720,38,9088.57
2720,39,9047.98
2720,40,8995.03
2720,41,8981.69
2720,42,8784.41
2720,43,9053.76
2720,44,8965
2720,45,8947.11
2720,46,9072.47
2720,47,9036.69
2720,48,9079.73
2720,49,8926.39
2720,50,9036.9
2720,51,8972.99
2720,52,9089.51
2720,53,9189.75
2720,54,8840.92
2720,55,8991.44
2720,56,8883
2720,57,8879.25
2720,58,9042.83
2720,59,9035.16
2720,60,9045.18
2720,61,8978.26
2720,62,9119.97
2720,63,8966.73
2720,64,8966.7
2720,65,8929.9
2720,66,8892.05
2720,67,8994.93
2720,68,8891.65
2720,69,8884.38
2720,70,9070.22
2720,71,8918.01
2720,72,8925.14
2720,73,9017.95
2720,74,8989.24
2720,75,9026.01
2720,76,8956.59
2720,77,8954.33
2720,78,8914.61
2720,79,9117.88
2720,80,8934.52
2720,81,8887.97
2720,82,9017.57
2720,83,8948.97
2720,84,9018.86
2720,85,8974.85
2720,86,8938.59
2720,87,8953.93
2720,88,9039.38
2720,89,8858.54
2720,90,8951.88
2720,91,9011.76
2720,92,9082.05
2720,93,8875.33
2720,94,9056.2
2720,95,9042.13
2720,96,9080.63
2720,97,9014.43
2720,98,8836.71
2720,99,9070.51
2730,0,9010.07
2730,1,8961.33
2730,2,8909.19
2730,3,8976.46
2730,4,8860.08
2730,5,8946.49
2730,6,9041.17
2730,7,9086.69
2730,8,8965.81
2730,9,9092.5
2730,10,9062.24
2730,11,9036.33
2730,12,9078.94
2730,13,9017.05
2730,14,8961.42
2730,15,8948.89
2730,16,9095.16
2730,17,9121.29
2730,18,9016.6
2730,19,8969.32
2730,20,8865.2
2730,21,9038.61
2730,22,8974.88
2730,23,9045.37
2730,24,8945.96
2730,25,8945.31
2730,26,8868.29
2730,27,9093.57
2730,28,8978.77
2730,29,8955
2730,30,9037.77
2730,31,9045.23
2730,32,8966.77
2730,33,8944.69
2730,34,8970.14
2730,35,9008.52
2730,36,9074.03
2730,37,8987.47
2730,38,9088.27
2730,39,9047.68
2730,40,8994.75
2730,41,8981.39
2730,42,8784.19
2730,43,9053.47
2730,44,8964.74
2730,45,8946.84
2730,46,9072.18
2730,47,9036.39
2730,48,9079.44
2730,49,8926.15
2730,50,9036.6
2730,51,8972.69
2730,52,9089.22
2730,53,9189.45
2730,54,8840.64
2730,55,8991.14
2730,56,8882.71
2730,57,8878.95
2730,58,9042.53
2730,59,9034.86
2730,60,9044.9
2730,61,8977.98
2730,62,9119.67
2730,63,8966.43
2730,64,8966.41
2730,65,8929.6
2730,66,8891.78
2730,67,8994.64
2730,68,8891.4
2730,69,8884.1
2730,70,9069.93
2730,71,8917.71
2730,72,8924.87
2730,73,9017.65
2730,74,8988.97
2730,75,9025.73
2730,76,8956.31
2730,77,8954.03
2730,78,8914.33
2730,79,9117.58
2730,80,8934.26
2730,81,8887.7
2730,82,9017.28
2730,83,8948.67
2730,84,9018.56
2730,85,8974.6
2730,86,8938.29
2730,87,8953.65
2730,88,9039.08
2730,89,8858.29
2730,90,8951.59
2730,91,9011.47
2730,92,9081.79
2730,93,8875.04
2730,94,9055.91
2730,95,9041.83
2730,96,9080.33
2730,97,9014.13
2730,98,8836.46
2730,99,9070.23
2740,0,9009.77
2740,1,8961.03
2740,2,8908.89
2740,3,8976.16
2740,4,8859.78
2740,5,8946.19
2740,6,9040.87
2740,7,9086.39
2740,8,8965.51
2740,9,9092.2
2740,10,9061.94
2740,11,9036.03
2740,12,9078.64
2740,13,9016.75
2740,14,8961.12
2740,15,8948.59
2740,16,9094.86
2740,17,9120.99
2740,18,9016.3
2740,19,8969.02
2740,20,8864.9
2740,21,9038.31
2740,22,8974.58
2740,23,9045.07
2740,24,8945.66
2740,25,8945.01
2740,26,8867.99
2740,27,9093.27
2740,28,8978.47
2740,29,8954.7
2740,30,9037.47
2740,31,9044.93
2740,32,8966.47
2740,33,8944.39
2740,34,8969.84
2740,35,9008.22
2740,36,9073.73
2740,37,8987.17
2740,38,9087.97
2740,39,9047.38
2740,40,8994.45
2740,41,8981.09
2740,42,8783.89
2740,43,9053.17
2740,44,8964.44
2740,45,8946.54
2740,46,9071.88
2740,47,9036.09
2740,48,9079.14
2740,49,8925.85
2740,50,9036.3
2740,51,8972.39
2740,52,9088.92
2740,53,9189.15
2740,54,8840.34
2740,55,8990.84
2740,56,8882.41
2740,57,8878.65
2740,58,9042.23
2740,59,9034.56
2740,60,9044.6
2740,61,8977.68
2740,62,9119.37
2740,63,8966.13
2740,64,8966.11
2740,65,8929.3
2740,66,8891.48
2740,67,8994.34
2740,68,8891.1
2740,69,8883.8
2740,70,9069.63
2740,71,8917.41
2740,72,8924.57
2740,73,9017.35
2740,74,8988.67
2740,75,9025.43
2740,76,8956.01
2740,77,8953.73
2740,78,8914.03
2740,79,9117.28
2740,80,8933.96
2740,81,8887.4
2740,82,9016.98
2740,83,8948.37
2740,84,9018.26
2740,85,8974.3
2740,86,8937.99
2740,87,8953.35
2740,88,9038.78
2740,89,8857.99
2740,90,8951.29
2740,91,9011.17
2740,92,9081.49
2740,93,8874.74
2740,94,9055.61
2740,95,9041.53
2740,96,9080.03
2740,97,9013.83
2740,98,8836.16
2740,99,9069.93
2750,0,8998.24
2750,1,8948.7
2750,2,8899.83
2750,3,8967.06
2750,4,8845.52
2750,5,8937.35
2750,6,9029.97
2750,7,9075.17
2750,8,8952.59
2750,9,9083.11
2750,10,9051.57
2750,11,9024.68
2750,12,9067.64
2750,13,9005.84
2750,14,8951.55
2750,15,8934.56
2750,16,9085.16
2750,17,9111.68
2750,18,9007.83
2750,19,8959.49
2750,20,8852.81
2750,21,9027.48
2750,22,8966.02
2750,23,9037.4
2750,24,8933.76
2750,25,8936.58
2750,26,8854.11
2750,27,9080.77
2750,28,8966.78
2750,29,8941.31
2750,30,9029.53
2750,31,9035.3
2750,32,8958.66
2750,33,8933.6
2750,34,8956.38
2750,35,8998.3
2750,36,9065.47
2750,37,8974.79
2750,38,9079.84
2750,39,9037.45
2750,40,8982.36
2750,41,8969.84
2750,42,8768.29
2750,43,9045.19
2750,44,8956.35
2750,45,8933.96
2750,46,9061.07
2750,47,9025.43
2750,48,9067.87
2750,49,8912.13
2750,50,9027.09
2750,51,8963.63
2750,52,9077.53
2750,53,9180.19
2750,54,8825.56
2750,55,8981.89
2750,56,8870.38
2750,57,8865.81
2750,58,9032.38
2750,59,9024.12
2750,60,9035.8
2750,61,8965.67
2750,62,9111.12
2750,63,8957.98
2750,64,8955.24
2750,65,8919.84
2750,66,8883.4
2750,67,8983.89
2750,68,8879.9
2750,69,8872.82
2750,70,9058.19
2750,71,8908.24
2750,72,8914.32
2750,73,9007.24
2750,74,8977.57
2750,75,9014.93
2750,76,8945.71
2750,77,8942.92
2750,78,8902.42
2750,79,9109.71
2750,80,8919.43
2750,81,8873.51
2750,82,9004.81
2750,83,8938.25
2750,84,9008.23
2750,85,8959.03
2750,86,8926.18
2750,87,8943.67
2750,88,9026.03
2750,89,8843.76
2750,90,8939.78
2750,91,9000.79
2750,92,9067.44
2750,93,8863.97
2750,94,9047.28
2750,95,9031.75
2750,96,9073.14
2750,97,9003.4
2750,98,8827.14
2750,99,9056.6
2760,0,8997.98
2760,1,8948.44
2760,2,8899.53
2760,3,8966.76
2760,4,8845.28
2760,5,8937.06
2760,6,9029.7
2760,7,9074.88
2760,8,8952.33
2760,9,9082.81
2760,10,9051.29
2760,11,9024.4
2760,12,9067.34
2760,13,9005.54
2760,14,8951.25
2760,15,8934.3
2760,16,9084.86
2760,17,9111.38
2760,18,9007.53
2760,19,8959.19
2760,20,8852.54
2760,21,9027.2
2760,22,8965.72
2760,23,9037.1
2760,24,8933.49
2760,25,8936.28
2760,26,8853.86
2760,27,9080.5
2760,28,8966.5
2760,29,8941.05
2760,30,9029.23
2760,31,9035
2760,32,8958.36
2760,33,8933.32
2760,34,8956.12
2760,35,8998
2760,36,9065.17
2760,37,8974.52
2760,38,9079.54
2760,39,9037.15
2760,40,8982.07
2760,41,8969.54
2760,42,8768.06
2760,43,9044.89
2760,44,8956.05
2760,45,8933.68
2760,46,9060.79
2760,47,9025.14
2760,48,9067.59
2760,49,8911.88
2760,50,9026.8
2760,51,8963.34
2760,52,9077.25
2760,53,9179.89
2760,54,8825.3
2760,55,8981.59
2760,56,8870.12
2760,57,8865.53
2760,58,9032.09
2760,59,9023.82
2760,60,9035.5
2760,61,8965.38
2760,62,9110.82
2760,63,8957.68
2760,64,8954.98
2760,65,8919.55
2760,66,8883.1
2760,67,8983.61
2760,68,8879.61
2760,69,8872.53
2760,70,9057.92
2760,71,8907.94
2760,72,8914.05
2760,73,9006.94
2760,74,8977.3
2760,75,9014.65
2760,76,8945.43
2760,77,8942.63
2760,78,8902.13
2760,79,9109.41
2760,80,8919.17
2760,81,8873.25
2760,82,9004.56
2760,83,8937.95
2760,84,9007.94
2760,85,8958.78
2760,86,8925.88
2760,87,8943.4
2760,88,9025.73
2760,89,8843.5
2760,90,8939.51
2760,91,9000.49
2760,92,9067.19
2760,93,8863.67
2760,94,9046.98
2760,95,9031.46
2760,96,9072.84
2760,97,9003.1
2760,98,8826.85
2760,99,9056.33
2770,0,8997.68
2770,1,8948.14
2770,2,8899.23
2770,3,8966.46
2770,4,8844.98
2770,5,8936.76
2770,6,9029.4
2770,7,9074.58
2770,8,8952.03
2770,9,9082.51
2770,10,9050.99
2770,11,9024.1
2770,12,9067.04
2770,13,9005.24
2770,14,8950.95
2770,15,8934
2770,16,9084.56
2770,17,9111.08
2770,18,9007.23
2770,19,8958.89
2770,20,8852.24
2770,21,9026.9
2770,22,8965.42
2770,23,9036.8
2770,24,8933.19
2770,25,8935.98
2770,26,8853.56
2770,27,9080.2
2770,28,8966.2
2770,29,8940.75
2770,30,9028.93
2770,31,9034.7
2770,32,8958.06
2770,33,8933.02
2770,34,8955.82
2770,35,8997.7
2770,36,9064.87
2770,37,8974.22
2770,38,9079.24
2770,39,9036.85
2770,40,8981.77
2770,41,8969.24
2770,42,8767.76
2770,43,9044.59
2770,44,8955.75
2770,45,8933.38
2770,46,9060.49
2770,47,9024.84
2770,48,9067.29
2770,49,8911.58
2770,50,9026.5
2770,51,8963.04
2770,52,9076.95
2770,53,9179.59
2770,54,8825
2770,55,8981.29
2770,56,8869.82
2770,57,8865.23
2770,58,9031.79
2770,59,9023.52
2770,60,9035.2
2770,61,8965.08
2770,62,9110.52
2770,63,8957.38
2770,64,8954.68
2770,65,8919.25
2770,66,8882.8
2770,67,8983.31
2770,68,8879.31
2770,69,8872.23
2770,70,9057.62
2770,71,8907.64
2770,72,8913.75
2770,73,9006.64
2770,74,8977
2770,75,9014.35
2770,76,8945.13
2770,77,8942.33
2770,78,8901.83
2770,79,9109.11
2770,80,8918.87
2770,81,8872.95
2770,82,9004.26
2770,83,8937.65
2770,84,9007.64
2770,85,8958.48
2770,86,8925.58
2770,87,8943.1
2770,88,9025.43
2770,89,8843.2
2770,90,8939.21
2770,91,9000.19
2770,92,9066.89
2770,93,8863.37
2770,94,9046.68
2770,95,9031.16
2770,96,9072.54
2770,97,9002.8
2770,98,8826.55
2770,99,9056.03
2780,0,8985.48
2780,1,8936.78
2780,2,8890.01
2780,3,8953.44
2780,4,8835.02
2780,5,8925.2
2780,6,9018.92
2780,7,9064.26
2780,8,8940.82
2780,9,9071.46
2780,10,9038.21
2780,11,9012.95
2780,12,9056.15
2780,13,8994.93
2780,14,8940.14
2780,15,8920.55
2780,16,9070.62
2780,17,9099.6
2780,18,9000.21
2780,19,8950.33
2780,20,8840.3
2780,21,9016.27
2780,22,8955.34
2780,23,9026.73
2780,24,8920.51
2780,25,8927.48
2780,26,8844.91
2780,27,9066.94
2780,28,8955.11
2780,29,8928.82
2780,30,9017.56
2780,31,9021.78
2780,32,8949.97
2780,33,8922.25
2780,34,8942.96
2780,35,8987.28
2780,36,9053.58
2780,37,8961.75
2780,38,9070.05
2780,39,9027.79
2780,40,8969.37
2780,41,8960.98
2780,42,8757.51
2780,43,9035.46
2780,44,8944.49
2780,45,8922
2780,46,9048.89
2780,47,9014.32
2780,48,9059.18
2780,49,8897.6
2780,50,9017.98
2780,51,8951.77
2780,52,9065.54
2780,53,9171.34
2780,54,8813.61
2780,55,8970.57
2780,56,8859.21
2780,57,8856.77
2780,58,9017.79
2780,59,9012.57
2780,60,9022.79
2780,61,8953.91
2780,62,9102.28
2780,63,8948.76
2780,64,8941.68
2780,65,8910.64
2780,66,8872.11
2780,67,8971.71
2780,68,8867.26
2780,69,8861.77
2780,70,9044.85
2780,71,8899.04
2780,72,8903.55
2780,73,8995.32
2780,74,8964.35
2780,75,9002.43
2780,76,8935.53
2780,77,8931.58
2780,78,8890.79
2780,79,9099.26
2780,80,8904.49
2780,81,8862.27
2780,82,8990.78
2780,83,8926.84
2780,84,8996.52
2780,85,8948.39
2780,86,8913.5
2780,87,8930.47
2780,88,9013.99
2780,89,8829.15
2780,90,8926.69
2780,91,8989.88
2780,92,9052.8
2780,93,8855.08
2780,94,9036.62
2780,95,9020.18
2780,96,9065.01
2780,97,8992.36
2780,98,8814.6
2780,99,9042.19
2790,0,8985.24
2790,1,8936.53
2790,2,8889.72
2790,3,8953.19
2790,4,8834.73
2790,5,8924.96
2790,6,9018.66
2790,7,9063.98
2790,8,8940.56
2790,9,9071.18
2790,10,9037.98
2790,11,9012.69
2790,12,9055.85
2790,13,8994.64
2790,14,8939.87
2790,15,8920.31
2790,16,9070.38
2790,17,9099.3
2790,18,8999.91
2790,19,8950.04
2790,20,8840.04
2790,21,9016
2790,22,8955.08
2790,23,9026.46
2790,24,8920.26
2790,25,8927.18
2790,26,8844.62
2790,27,9066.68
2790,28,8954.83
2790,29,8928.56
2790,30,9017.31
2790,31,9021.53
2790,32,8949.67
2790,33,8921.99
2790,34,8942.71
2790,35,8987
2790,36,9053.31
2790,37,8961.51
2790,38,9069.76
2790,39,9027.5
2790,40,8969.1
2790,41,8960.68
2790,42,8757.24
2790,43,9035.18
2790,44,8944.24
2790,45,8921.73
2790,46,9048.62
2790,47,9014.04
2790,48,9058.88
2790,49,8897.37
2790,50,9017.68
2790,51,8951.52
2790,52,9065.27
2790,53,9171.04
2790,54,8813.33
2790,55,8970.31
2790,56,8858.94
2790,57,8856.47
2790,58,9017.55
2790,59,9012.29
2790,60,9022.54
2790,61,8953.63
2790,62,9101.98
2790,63,8948.46
2790,64,8941.46
2790,65,8910.35
2790,66,8871.85
2790,67,8971.44
2790,68,8866.99
2790,69,8861.49
2790,70,9044.61
2790,71,8898.75
2790,72,8903.29
2790,73,8995.06
2790,74,8964.1
2790,75,9002.16
2790,76,8935.25
2790,77,8931.3
2790,78,8890.51
2790,79,9098.98
2790,80,8904.24
2790,81,8861.99
2790,82,8990.56
2790,83,8926.55
2790,84,8996.25
2790,85,8948.1
2790,86,8913.2
2790,87,8930.24
2790,88,9013.69
2790,89,8828.9
2790,90,8926.45
2790,91,8989.59
2790,92,9052.55
2790,93,8854.78
2790,94,9036.35
2790,95,9019.91
2790,96,9064.71
2790,97,8992.08
2790,98,8814.36
2790,99,9041.93
2800,0,8984.94
2800,1,8936.23
2800,2,8889.42
2800,3,8952.89
2800,4,8834.43
2800,5,8924.66
2800,6,9018.36
2800,7,9063.68
2800,8,8940.26
2800,9,9070.88
2800,10,9037.68
2800,11,9012.39
2800,12,9055.55
2800,13,8994.34
2800,14,8939.57
2800,15,8920.01
2800,16,9070.08
2800,17,9099
2800,18,8999.61
2800,19,8949.74
2800,20,8839.74
2800,21,9015.7
2800,22,8954.78
2800,23,9026.16
2800,24,8919.96
2800,25,8926.88
2800,26,8844.32
2800,27,9066.38
2800,28,8954.53
2800,29,8928.26
2800,30,9017.01
2800,31,9021.23
2800,32,8949.37
2800,33,8921.69
2800,34,8942.41
2800,35,8986.7
2800,36,9053.01
2800,37,8961.21
2800,38,9069.46
2800,39,9027.2
2800,40,8968.8
2800,41,8960.38
2800,42,8756.94
2800,43,9034.88
2800,44,8943.94
2800,45,8921.43
2800,46,9048.32
2800,47,9013.74
2800,48,9058.58
2800,49,8897.07
2800,50,9017.38
2800,51,8951.22
2800,52,9064.97
2800,53,9170.74
2800,54,8813.03
2800,55,8970.01
2800,56,8858.64
2800,57,8856.17
2800,58,9017.25
2800,59,9011.99
2800,60,9022.24
2800,61,8953.33
2800,62,9101.68
2800,63,8948.16
2800,64,8941.16
2800,65,8910.05
2800,66,8871.55
2800,67,8971.14
2800,68,8866.69
2800,69,8861.19
2800,70,9044.31
2800,71,8898.45
2800,72,8902.99
2800,73,8994.76
2800,74,8963.8
2800,75,9001.86
2800,76,8934.95
2800,77,8931
2800,78,8890.21
2800,79,9098.68
2800,80,8903.94
2800,81,8861.69
2800,82,8990.26
2800,83,8926.25
2800,84,8995.95
2800,85,8947.8
2800,86,8912.9
2800,87,8929.94
2800,88,9013.39
2800,89,8828.6
2800,90,8926.15
2800,91,8989.29
2800,92,9052.25
2800,93,8854.48
2800,94,9036.05
2800,95,9019.61
2800,96,9064.41
2800,97,8991.78
2800,98,8814.06
2800,99,9041.63
2810,0,8972.74
2810,1,8925.64
2810,2,8879.38
2810,3,8943.26
2810,4,8824.48
2810,5,8915.77
2810,6,9010.24
2810,7,9052.79
2810,8,8932.09
2810,9,9059.75
2810,10,9027.16
2810,11,9003.61
2810,12,9042.62
2810,13,8982.36
2810,14,8929.73
2810,15,8911.02
2810,16,9060.54
2810,17,9089.32
2810,18,8992.67
2810,19,8940.27
2810,20,8828.25
2810,21,9005.1
2810,22,8944.71
2810,23,9017.23
2810,24,8908.11
2810,25,8916.29
2810,26,8835.64
2810,27,9058.24
2810,28,8943.05
2810,29,8917.26
2810,30,9008.87
2810,31,9011.89
2810,32,8939.25
2810,33,8913.97
2810,34,8930.33
2810,35,8973.77
2810,36,9041.9
2810,37,8953.88
2810,38,9059.9
2810,39,9015.3
2810,40,8959.45
2810,41,8953.13
2810,42,8746.74
2810,43,9026.21
2810,44,8933.45
2810,45,8912.51
2810,46,9037.77
2810,47,9003.97
2810,48,9045.6
2810,49,8888.75
2810,50,9008.29
2810,51,8939.68
2810,52,9053.13
2810,53,9159.98
2810,54,8804
2810,55,8959.97
2810,56,8848.44
2810,57,8848.45
2810,58,9007.29
2810,59,9002.72
2810,60,9012.54
2810,61,8942.73
2810,62,9092.03
2810,63,8938.83
2810,64,8932.05
2810,65,8900.12
2810,66,8864.46
2810,67,8960.55
2810,68,8855.86
2810,69,8849.41
2810,70,9035.18
2810,71,8887.68
2810,72,8892.8
2810,73,8985.78
2810,74,8951.12
2810,75,8991.61
2810,76,8925.94
2810,77,8920.41
2810,78,8877.37
2810,79,9089.61
2810,80,8894.15
2810,81,8849.14
2810,82,8981.97
2810,83,8917.36
2810,84,8986.16
2810,85,8937.72
2810,86,8901.54
2810,87,8920.46
2810,88,9003.54
2810,89,8819.48
2810,90,8914.21
2810,91,8978.97
2810,92,9043.21
2810,93,8843.69
2810,94,9026.31
2810,95,9009.99
2810,96,9054.68
2810,97,8981.66
2810,98,8802.22
2810,99,9028.71
2820,0,8972.52
2820,1,8920.79
2820,2,8876.13
2820,3,8938.86
2820,4,8818.78
2820,5,8910.53
2820,6,9005.93
2820,7,9052.55
2820,8,8927.47
2820,9,9056.29
2820,10,9022.07
2820,11,9000.3
2820,12,9042.36
2820,13,8982.11
2820,14,8925.42
2820,15,8905.54
2820,16,9055.92
2820,17,9089.05
2820,18,8988.37
2820,19,8939.99
2820,20,8823.3
2820,21,9004.85
2820,22,8940.35
2820,23,9016.98
2820,24,8907.86
2820,25,8916.03
2820,26,8829.99
2820,27,9053.81
2820,28,8942.81
2820,29,8912.51
2820,30,9004.37
2820,31,9007.57
2820,32,8938.99
2820,33,8909.38
2820,34,8930.09
2820,35,8973.54
2820,36,9041.66
2820,37,8948.68
2820,38,9059.64
2820,39,9015.05
2820,40,8955.24
2820,41,8952.85
2820,42,8739.95
2820,43,9022.7
2820,44,8928.43
2820,45,8908.08
2820,46,9037.53
2820,47,9003.7
2820,48,9045.36
2820,49,8883.25
2820,50,9008.04
2820,51,8939.45
2820,52,9052.89
2820,53,9159.73
2820,54,8798.92
2820,55,8959.72
2820,56,8848.18
2820,57,8844.25
2820,58,9002.6
2820,59,8999.09
2820,60,9008.5
2820,61,8938.88
2820,62,9091.77
2820,63,8938.56
2820,64,8926.24
2820,65,8896.83
2820,66,8859.65
2820,67,8960.3
2820,68,8850.35
2820,69,8849.16
2820,70,9030.51
2820,71,8887.43
2820,72,8888.47
2820,73,8982.53
2820,74,8950.89
2820,75,8991.37
2820,76,8922.12
2820,77,8920.15
2820,78,8877.12
2820,79,9087.04
2820,80,8888.88
2820,81,8844.56
2820,82,8976.75
2820,83,8917.1
2820,84,8985.91
2820,85,8932.35
2820,86,8901.25
2820,87,8915.09
2820,88,9003.27
2820,89,8814.2
2820,90,8913.98
2820,91,8975.27
2820,92,9038.25
2820,93,8843.45
2820,94,9022.62
2820,95,9006.77
2820,96,9054.42
2820,97,8981.39
2820,98,8801.99
2820,99,9028.47
2830,0,8972.22
2830,1,8920.49
2830,2,8875.83
2830,3,8938.56
2830,4,8818.48
2830,5,8910.23
2830,6,9005.63
2830,7,9052.25
2830,8,8927.17
2830,9,9055.99
2830,10,9021.77
2830,11,9000
2830,12,9042.06
2830,13,8981.81
2830,14,8925.12
2830,15,8905.24
2830,16,9055.62
2830,17,9088.75
2830,18,8988.07
2830,19,8939.69
2830,20,8823
2830,21,9004.55
2830,22,8940.05
2830,23,9016.68
2830,24,8907.56
2830,25,8915.73
2830,26,8829.69
2830,27,9053.51
2830,28,8942.51
2830,29,8912.21
2830,30,9004.07
2830,31,9007.27
2830,32,8938.69
2830,33,8909.08
2830,34,8929.79
2830,35,8973.24
2830,36,9041.36
2830,37,8948.38
2830,38,9059.34
2830,39,9014.75
2830,40,8954.94
2830,41,8952.55
2830,42,8739.65
2830,43,9022.4
2830,44,8928.13
2830,45,8907.78
2830,46,9037.23
2830,47,9003.4
2830,48,9045.06
2830,49,8882.95
2830,50,9007.74
2830,51,8939.15
2830,52,9052.59
2830,53,9159.43
2830,54,8798.62
2830,55,8959.42
2830,56,8847.88
2830,57,8843.95
2830,58,9002.3
2830,59,8998.79
2830,60,9008.2
2830,61,8938.58
2830,62,9091.47
2830,63,8938.26
2830,64,8925.94
2830,65,8896.53
2830,66,8859.35
2830,67,8960
2830,68,8850.05
2830,69,8848.86
2830,70,9030.21
2830,71,8887.13
2830,72,8888.17
2830,73,8982.23
2830,74,8950.59
2830,75,8991.07
2830,76,8921.82
2830,77,8919.85
2830,78,8876.82
2830,79,9086.74
2830,80,8888.58
2830,81,8844.26
2830,82,8976.45
2830,83,8916.8
2830,84,8985.61
2830,85,8932.05
2830,86,8900.95
2830,87,8914.79
2830,88,9002.97
2830,89,8813.9
2830,90,8913.68
2830,91,8974.97
2830,92,9037.95
2830,93,8843.15
2830,94,9022.32
2830,95,9006.47
2830,96,9054.12
2830,97,8981.09
2830,98,8801.69
2830,99,9028.17
2840,0,8959.85
2840,1,8911.66
2840,2,8865.91
2840,3,8927.43
2840,4,8809.27
2840,5,8898.74
2840,6,8995.01
2840,7,9040.49
2840,8,8918.79
2840,9,9046.39
2840,10,9012.21
2840,11,8989.68
2840,12,9028.59
2840,13,8972.32
2840,14,8914.13
2840,15,8896.34
2840,16,9043.77
2840,17,9078.76
2840,18,8981.5
2840,19,8930.15
2840,20,8811.43
2840,21,8993.66
2840,22,8932.17
2840,23,9008.61
2840,24,8895.72
2840,25,8907.93
2840,26,8820.9
2840,27,9045.17
2840,28,8931.33
2840,29,8903.91
2840,30,8995.7
2840,31,8998.26
2840,32,8928.6
2840,33,8897.09
2840,34,8922.25
2840,35,8963.2
2840,36,9030.38
2840,37,8940.95
2840,38,9050.81
2840,39,9004.76
2840,40,8944.52
2840,41,8943.86
2840,42,8729.46
2840,43,9013.15
2840,44,8917.74
2840,45,8898.87
2840,46,9028.08
2840,47,8993.8
2840,48,9033.99
2840,49,8874.63
2840,50,8999.28
2840,51,8927.85
2840,52,9044.11
2840,53,9149.36
2840,54,8787.48
2840,55,8949.35
2840,56,8837
2840,57,8836.03
2840,58,8991.55
2840,59,8988.03
2840,60,8998.31
2840,61,8929.23
2840,62,9083.36
2840,63,8929.46
2840,64,8915.03
2840,65,8886.58
2840,66,8848.42
2840,67,8948.41
2840,68,8839.73
2840,69,8839.1
2840,70,9018.95
2840,71,8877.61
2840,72,8878.4
2840,73,8972.65
2840,74,8938.43
2840,75,8981.91
2840,76,8912.9
2840,77,8908.91
2840,78,8867.23
2840,79,9077.9
2840,80,8878.21
2840,81,8834.65
2840,82,8964.48
2840,83,8903
2840,84,8976.08
2840,85,8921.89
2840,86,8891.93
2840,87,8903.4
2840,88,8992.85
2840,89,8802.89
2840,90,8902.98
2840,91,8966.51
2840,92,9029.53
2840,93,8832.44
2840,94,9013.14
2840,95,8996.65
2840,96,9046.23
2840,97,8971.78
2840,98,8789.99
2840,99,9018.52
2850,0,8959.63
2850,1,8906.8
2850,2,8865.65
2850,3,8927.19
2850,4,8803.57
2850,5,8898.52
2850,6,8994.78
2850,7,9040.26
2850,8,8914.17
2850,9,9042.92
2850,10,9011.97
2850,11,8989.43
2850,12,9028.34
2850,13,8968.91
2850,14,8913.89
2850,15,8890.87
2850,16,9043.53
2850,17,9078.51
2850,18,8977.26
2850,19,8929.89
2850,20,8811.2
2850,21,8993.42
2850,22,8927.8
2850,23,9005.3
2850,24,8895.49
2850,25,8904.83
2850,26,8815.33
2850,27,9040.72
2850,28,8931.08
2850,29,8899.13
2850,30,8991.19
2850,31,8993.99
2850,32,8928.35
2850,33,8896.87
2850,34,8916.99
2850,35,8959.43
2850,36,9030.14
2850,37,8935.77
2850,38,9050.54
2850,39,9004.52
2850,40,8940.35
2850,41,8943.59
2850,42,8722.67
2850,43,9012.89
2850,44,8917.51
2850,45,8894.45
2850,46,9024.56
2850,47,8993.54
2850,48,9033.75
2850,49,8869.22
2850,50,8999.03
2850,51,8927.63
2850,52,9040.29
2850,53,9149.11
2850,54,8782.45
2850,55,8949.11
2850,56,8836.77
2850,57,8831.86
2850,58,8991.31
2850,59,8987.79
2850,60,8998.06
2850,61,8925.4
2850,62,9083.09
2850,63,8929.19
2850,64,8914.81
2850,65,8886.33
2850,66,8848.19
2850,67,8948.16
2850,68,8834.21
2850,69,8835.58
2850,70,9018.72
2850,71,8877.35
2850,72,8878.15
2850,73,8972.4
2850,74,8938.21
2850,75,8978.19
2850,76,8909.09
2850,77,8908.66
2850,78,8863.7
2850,79,9077.64
2850,80,8872.94
2850,81,8830.03
2850,82,8964.27
2850,83,8902.75
2850,84,8975.82
2850,85,8916.52
2850,86,8891.64
2850,87,8903.19
2850,88,8992.6
2850,89,8797.65
2850,90,8902.74
2850,91,8962.78
2850,92,9024.63
2850,93,8832.2
2850,94,9012.88
2850,95,8996.4
2850,96,9045.95
2850,97,8971.52
2850,98,8789.78
2850,99,9014.56
2860,0,8959.33
2860,1,8906.5
2860,2,8865.35
2860,3,8926.89
2860,4,8803.27
2860,5,8898.22
2860,6,8994.48
2860,7,9039.96
2860,8,8913.87
2860,9,9042.62
2860,10,9011.67
2860,11,8989.13
2860,12,9028.04
2860,13,8968.61
2860,14,8913.59
2860,15,8890.57
2860,16,9043.23
2860,17,9078.21
2860,18,8976.96
2860,19,8929.59
2860,20,8810.9
2860,21,8993.12
2860,22,8927.5
2860,23,9005
2860,24,8895.19
2860,25,8904.53
2860,26,8815.03
2860,27,9040.42
2860,28,8930.78
2860,29,8898.83
2860,30,8990.89
2860,31,8993.69
2860,32,8928.05
2860,33,8896.57
2860,34,8916.69
2860,35,8959.13
2860,36,9029.84
2860,37,8935.47
2860,38,9050.24
2860,39,9004.22
2860,40,8940.05
2860,41,8943.29
2860,42,8722.37
2860,43,9012.59
2860,44,8917.21
2860,45,8894.15
2860,46,9024.26
2860,47,8993.24
2860,48,9033.45
2860,49,8868.92
2860,50,8998.73
2860,51,8927.33
2860,52,9039.99
2860,53,9148.81
2860,54,8782.15
2860,55,8948.81
2860,56,8836.47
2860,57,8831.56
2860,58,8991.01
2860,59,8987.49
2860,60,8997.76
2860,61,8925.1
2860,62,9082.79
2860,63,8928.89
2860,64,8914.51
2860,65,8886.03
2860,66,8847.89
2860,67,8947.86
2860,68,8833.91
2860,69,8835.28
2860,70,9018.42
2860,71,8877.05
2860,72,8877.85
2860,73,8972.1
2860,74,8937.91
2860,75,8977.89
2860,76,8908.79
2860,77,8908.36
2860,78,8863.4
2860,79,9077.34
2860,80,8872.64
2860,81,8829.73
2860,82,8963.97
2860,83,8902.45
2860,84,8975.52
2860,85,8916.22
2860,86,8891.34
2860,87,8902.89
2860,88,8992.3
2860,89,8797.35
2860,90,8902.44
2860,91,8962.48
2860,92,9024.33
2860,93,8831.9
2860,94,9012.58
2860,95,8996.1
2860,96,9045.65
2860,97,8971.22
2860,98,8789.48
2860,99,9014.26
2870,0,8951.48
2870,1,8898.12
2870,2,8855.89
2870,3,8918.2
2870,4,8793.39
2870,5,8888.47
2870,6,8985.69
2870,7,9030.42
2870,8,8905.38
2870,9,9032.95
2870,10,9002.05
2870,11,8979.02
2870,12,9017.45
2870,13,8959.56
2870,14,8905.89
2870,15,8881.7
2870,16,9033.1
2870,17,9067.83
2870,18,8969.3
2870,19,8919.9
2870,20,8802.92
2870,21,8982.39
2870,22,8919.8
2870,23,8996.8
2870,24,8883.88
2870,25,8894.69
2870,26,8805.78
2870,27,9031.83
2870,28,8923.04
2870,29,8890.97
2870,30,8982.06
2870,31,8985.09
2870,32,8919.6
2870,33,8886.35
2870,34,8908.09
2870,35,8951.18
2870,36,9020.1
2870,37,8927.09
2870,38,9041.27
2870,39,8996.66
2870,40,8929.67
2870,41,8933.7
2870,42,8712.27
2870,43,9003.57
2870,44,8908.06
2870,45,8886.25
2870,46,9015.35
2870,47,8982.75
2870,48,9023.37
2870,49,8860.19
2870,50,8989.51
2870,51,8918.05
2870,52,9029.51
2870,53,9139.96
2870,54,8772.69
2870,55,8938.75
2870,56,8825.69
2870,57,8824.56
2870,58,8980.41
2870,59,8979.66
2870,60,8988.05
2870,61,8914.35
2870,62,9074.31
2870,63,8921.37
2870,64,8903.68
2870,65,8876.63
2870,66,8838.66
2870,67,8938.52
2870,68,8823.8
2870,69,8826.51
2870,70,9007.21
2870,71,8868
2870,72,8867.01
2870,73,8962.69
2870,74,8928.93
2870,75,8970.53
2870,76,8901.54
2870,77,8897.42
2870,78,8853.64
2870,79,9068.52
2870,80,8862.81
2870,81,8819.93
2870,82,8953.13
2870,83,8888.02
2870,84,8965.7
2870,85,8905.79
2870,86,8874.68
2870,87,8892.57
2870,88,8981.84
2870,89,8786.22
2870,90,8891.99
2870,91,8951.56
2870,92,9016.08
2870,93,8823.69
2870,94,9002.83
2870,95,8985.41
2870,96,9038.2
2870,97,8961.9
2870,98,8780.18
2870,99,9007.25
2880,0,8946.61
2880,1,8893.27
2880,2,8852.61
2880,3,8913.93
2880,4,8787.71
2880,5,8888.25
2880,6,8981.43
2880,7,9026.64
2880,8,8900.77
2880,9,9029.49
2880,10,9000.34
2880,11,8978.79
2880,12,9017.21
2880,13,8956.15
2880,14,8901.53
2880,15,8876.11
2880,16,9030.77
2880,17,9067.59
2880,18,8965.12
2880,19,8919.65
2880,20,8797.88
2880,21,8982.16
2880,22,8915.44
2880,23,8993.5
2880,24,8882.52
2880,25,8894.45
2880,26,8800.77
2880,27,9026.98
2880,28,8919.35
2880,29,8886.25
2880,30,8977.53
2880,31,8980.75
2880,32,8917.2
2880,33,8884.76
2880,34,8902.85
2880,35,8947.39
2880,36,9018.42
2880,37,8921.94
2880,38,9041.02
2880,39,8993.2
2880,40,8925.53
2880,41,8933.45
2880,42,8706.17
2880,43,9000.06
2880,44,8903.01
2880,45,8881.97
2880,46,9012.68
2880,47,8982.52
2880,48,9019.58
2880,49,8854.91
2880,50,8989.26
2880,51,8912.86
2880,52,9027.82
2880,53,9137.77
2880,54,8767.68
2880,55,8938.13
2880,56,8823.56
2880,57,8820.6
2880,58,8980.18
2880,59,8976.27
2880,60,8984.11
2880,61,8910.58
2880,62,9074.05
2880,63,8919.91
2880,64,8903.48
2880,65,8876.39
2880,66,8833.91
2880,67,8936.53
2880,68,8818.28
2880,69,8823.04
2880,70,9007
2880,71,8864.93
2880,72,8866.79
2880,73,8961.9
2880,74,8925.61
2880,75,8966.47
2880,76,8897.73
2880,77,8897.19
2880,78,8850.18
2880,79,9068.27
2880,80,8857.66
2880,81,8815.32
2880,82,8951.82
2880,83,8887.78
2880,84,8965.46
2880,85,8900.43
2880,86,8874.41
2880,87,8891.96
2880,88,8981.6
2880,89,8781.02
2880,90,8889.87
2880,91,8951.33
2880,92,9010.87
2880,93,8820.25
2880,94,9002.6
2880,95,8985.18
2880,96,9036.32
2880,97,8961.65
2880,98,8774.81
2880,99,9002.83
2890,0,8946.31
2890,1,8892.97
2890,2,8852.31
2890,3,8913.63
2890,4,8787.41
2890,5,8887.95
2890,6,8981.13
2890,7,9026.34
2890,8,8900.47
2890,9,9029.19
2890,10,9000.04
2890,11,8978.49
2890,12,9016.91
2890,13,8955.85
2890,14,8901.23
2890,15,8875.81
2890,16,9030.47
2890,17,9067.29
2890,18,8964.82
2890,19,8919.35
2890,20,8797.58
2890,21,8981.86
2890,22,8915.14
2890,23,8993.2
2890,24,8882.22
2890,25,8894.15
2890,26,8800.47
2890,27,9026.68
2890,28,8919.05
2890,29,8885.95
2890,30,8977.23
2890,31,8980.45
2890,32,8916.9
2890,33,8884.46
2890,34,8902.55
2890,35,8947.09
2890,36,9018.12
2890,37,8921.64
2890,38,9040.72
2890,39,8992.9
2890,40,8925.23
2890,41,8933.15
2890,42,8705.87
2890,43,8999.76
2890,44,8902.71
2890,45,8881.67
2890,46,9012.38
2890,47,8982.22
2890,48,9019.28
2890,49,8854.61
2890,50,8988.96
2890,51,8912.56
2890,52,9027.52
2890,53,9137.47
2890,54,8767.38
2890,55,8937.83
2890,56,8823.26
2890,57,8820.3
2890,58,8979.88
2890,59,8975.97
2890,60,8983.81
2890,61,8910.28
2890,62,9073.75
2890,63,8919.61
2890,64,8903.18
2890,65,8876.09
2890,66,8833.61
2890,67,8936.23
2890,68,8817.98
2890,69,8822.74
2890,70,9006.7
2890,71,8864.63
2890,72,8866.49
2890,73,8961.6
2890,74,8925.31
2890,75,8966.17
2890,76,8897.43
2890,77,8896.89
2890,78,8849.88
2890,79,9067.97
2890,80,8857.36
2890,81,8815.02
2890,82,8951.52
2890,83,8887.48
2890,84,8965.16
2890,85,8900.13
2890,86,8874.11
2890,87,8891.66
2890,88,8981.3
2890,89,8780.72
2890,90,8889.57
2890,91,8951.03
2890,92,9010.57
2890,93,8819.95
2890,94,9002.3
2890,95,8984.88
2890,96,9036.02
2890,97,8961.35
2890,98,8774.51
2890,99,9002.53
2900,0,8937.55
2900,1,8884.4
2900,2,8846.86
2900,3,8904.22
2900,4,8777.56
2900,5,8880.45
2900,6,8972.59
2900,7,9018.14
2900,8,8891.95
2900,9,9022.13
2900,10,8990.39
2900,11,8969.34
2900,12,9011.22
2900,13,8946.78
2900,14,8893.38
2900,15,8867.64
2900,16,9020.17
2900,17,9058.69
2900,18,8957.19
2900,19,8913.8
2900,20,8786.68
2900,21,8971.56
2900,22,8906.27
2900,23,8987.11
2900,24,8873.68
2900,25,8886.14
2900,26,8791.81
2900,27,9018.07
2900,28,8909.39
2900,29,8877.88
2900,30,8968.03
2900,31,8971.6
2900,32,8908.56
2900,33,8874.59
2900,34,8893.9
2900,35,8939.56
2900,36,9010.33
2900,37,8913.93
2900,38,9032.22
2900,39,8985.2
2900,40,8915.65
2900,41,8921.68
2900,42,8695.8
2900,43,8991.07
2900,44,8896.09
2900,45,8872.41
2900,46,9003.4
2900,47,8972.57
2900,48,9010.39
2900,49,8845.93
2900,50,8982.43
2900,51,8903.47
2900,52,9018.72
2900,53,9128.19
2900,54,8757.85
2900,55,8928.71
2900,56,8814.6
2900,57,8812.04
2900,58,8971.52
2900,59,8967.99
2900,60,8973.96
2900,61,8900.99
2900,62,9065.1
2900,63,8912.1
2900,64,8893.87
2900,65,8867.72
2900,66,8824.71
2900,67,8926.61
2900,68,8808.07
2900,69,8811.86
2900,70,8996.95
2900,71,8855.47
2900,72,8856.59
2900,73,8952.18
2900,74,8916.46
2900,75,8958.82
2900,76,8889.26
2900,77,8886.62
2900,78,8839.89
2900,79,9059.26
2900,80,8847.47
2900,81,8805.11
2900,82,8942.7
2900,83,8875.32
2900,84,8955.58
2900,85,8889.87
2900,86,8863.76
2900,87,8882.6
2900,88,8972.59
2900,89,8769.49
2900,90,8879.14
2900,91,8944.13
2900,92,9002.13
2900,93,8810.33
2900,94,8993.41
2900,95,8976.59
2900,96,9028.03
2900,97,8953.14
2900,98,8766.77
2900,99,8995.35
2910,0,8934.36
2910,1,8879.71
2910,2,8838.5
2910,3,8898.97
2910,4,8771.79
2910,5,8874.71
2910,6,8968.57
2910,7,9014.32
2910,8,8887.88
2910,9,9015.96
2910,10,8986.38
2910,11,8968.1
2910,12,9005.7
2910,13,8943.03
2910,14,8885.78
2910,15,8862.07
2910,16,9014.64
2910,17,9056.3
2910,18,8952.57
2910,19,8911
2910,20,8781.64
2910,21,8970.61
2910,22,8901.94
2910,23,8982.14
2910,24,8868.83
2910,25,8881.72
2910,26,8786.41
2910,27,9011.07
2910,28,8905.58
2910,29,8872.8
2910,30,8962.41
2910,31,8966.55
2910,32,8906.18
2910,33,8869.62
2910,34,8888.28
2910,35,8933.34
2910,36,9007.05
2910,37,8908.81
2910,38,9029.8
2910,39,8981.75
2910,40,8911.18
2910,41,8920.66
2910,42,8689.05
2910,43,8988.37
2910,44,8889.3
2910,45,8867.68
2910,46,8999.05
2910,47,8971.53
2910,48,9003.55
2910,49,8840.71
2910,50,8979.21
2910,51,8899.17
2910,52,9014.95
2910,53,9125.98
2910,54,8753.44
2910,55,8927.35
2910,56,8812.17
2910,57,8807.58
2910,58,8967.05
2910,59,8962.96
2910,60,8970.06
2910,61,8896.9
2910,62,9063.46
2910,63,8910.56
2910,64,8889.61
2910,65,8864.67
2910,66,8820.66
2910,67,8923.56
2910,68,8803.19
2910,69,8809.77
2910,70,8995.29
2910,71,8853.58
2910,72,8855.47
2910,73,8950.17
2910,74,8911.8
2910,75,8951.64
2910,76,8885.54
2910,77,8886.21
2910,78,8836.84
2910,79,9056.21
2910,80,8840.45
2910,81,8799.63
2910,82,8939.4
2910,83,8871.9
2910,84,8952.65
2910,85,8884.38
2910,86,8860.01
2910,87,8875.68
2910,88,8970.43
2910,89,8764.48
2910,90,8878.93
2910,91,8936.98
2910,92,8997.42
2910,93,8806.55
2910,94,8991.34
2910,95,8973.85
2910,96,9025.79
2910,97,8950.93
2910,98,8760.83
2910,99,8989.36
2920,0,8934.06
2920,1,8879.41
2920,2,8838.2
2920,3,8898.67
2920,4,8771.49
2920,5,8874.41
2920,6,8968.27
2920,7,9014.02
2920,8,8887.58
2920,9,9015.66
2920,10,8986.08
2920,11,8967.8
2920,12,9005.4
2920,13,8942.73
2920,14,8885.48
2920,15,8861.77
2920,16,9014.34
2920,17,9056
2920,18,8952.27
2920,19,8910.7
2920,20,8781.34
2920,21,8970.31
2920,22,8901.64
2920,23,8981.84
2920,24,8868.53
2920,25,8881.42
2920,26,8786.11
2920,27,9010.77
2920,28,8905.28
2920,29,8872.5
2920,30,8962.11
2920,31,8966.25
2920,32,8905.88
2920,33,8869.32
2920,34,8887.98
2920,35,8933.04
2920,36,9006.75
2920,37,8908.51
2920,38,9029.5
2920,39,8981.45
2920,40,8910.88
2920,41,8920.36
2920,42,8688.75
2920,43,8988.07
2920,44,8889
2920,45,8867.38
2920,46,8998.75
2920,47,8971.23
2920,48,9003.25
2920,49,8840.41
2920,50,8978.91
2920,51,8898.87
2920,52,9014.65
2920,53,9125.68
2920,54,8753.14
2920,55,8927.05
2920,56,8811.87
2920,57,8807.28
2920,58,8966.75
2920,59,8962.66
2920,60,8969.76
2920,61,8896.6
2920,62,9063.16
2920,63,8910.26
2920,64,8889.31
2920,65,8864.37
2920,66,8820.36
2920,67,8923.26
2920,68,8802.89
2920,69,8809.47
2920,70,8994.99
2920,71,8853.28
2920,72,8855.17
2920,73,8949.87
2920,74,8911.5
2920,75,8951.34
2920,76,8885.24
2920,77,8885.91
2920,78,8836.54
2920,79,9055.91
2920,80,8840.15
2920,81,8799.33
2920,82,8939.1
2920,83,8871.6
2920,84,8952.35
2920,85,8884.08
2920,86,8859.71
2920,87,8875.38
2920,88,8970.13
2920,89,8764.18
2920,90,8878.63
2920,91,8936.68
2920,92,8997.12
2920,93,8806.25
2920,94,8991.04
2920,95,8973.55
2920,96,9025.49
2920,97,8950.63
2920,98,8760.53
2920,99,8989.06
2930,0,8933.76
2930,1,8879.11
2930,2,8837.9
2930,3,8898.37
2930,4,8771.19
2930,5,8874.11
2930,6,8967.97
2930,7,9013.72
2930,8,8887.28
2930,9,9015.36
2930,10,8985.78
2930,11,8967.5
2930,12,9005.1
2930,13,8942.43
2930,14,8885.18
2930,15,8861.47
2930,16,9014.04
2930,17,9055.7
2930,18,8951.97
2930,19,8910.4
2930,20,8781.04
2930,21,8970.01
2930,22,8901.34
2930,23,8981.54
2930,24,8868.23
2930,25,8881.12
2930,26,8785.81
2930,27,9010.47
2930,28,8904.98
2930,29,8872.2
2930,30,8961.81
2930,31,8965.95
2930,32,8905.58
2930,33,8869.02
2930,34,8887.68
2930,35,8932.74
2930,36,9006.45
2930,37,8908.21
2930,38,9029.2
2930,39,8981.15
2930,40,8910.58
2930,41,8920.06
2930,42,8688.45
2930,43,8987.77
2930,44,8888.7
2930,45,8867.08
2930,46,8998.45
2930,47,8970.93
2930,48,9002.95
2930,49,8840.11
2930,50,8978.61
2930,51,8898.57
2930,52,9014.35
2930,53,9125.38
2930,54,8752.84
2930,55,8926.75
2930,56,8811.57
2930,57,8806.98
2930,58,8966.45
2930,59,8962.36
2930,60,8969.46
2930,61,8896.3
2930,62,9062.86
2930,63,8909.96
2930,64,8889.01
2930,65,8864.07
2930,66,8820.06
2930,67,8922.96
2930,68,8802.59
2930,69,8809.17
2930,70,8994.69
2930,71,8852.98
2930,72,8854.87
2930,73,8949.57
2930,74,8911.2
2930,75,8951.04
2930,76,8884.94
2930,77,8885.61
2930,78,8836.24
2930,79,9055.61
2930,80,8839.85
2930,81,8799.03
2930,82,8938.8
2930,83,8871.3
2930,84,8952.05
2930,85,8883.78
2930,86,8859.41
2930,87,8875.08
2930,88,8969.83
2930,89,8763.88
2930,90,8878.33
2930,91,8936.38
2930,92,8996.82
2930,93,8805.95
2930,94,8990.74
2930,95,8973.25
2930,96,9025.19
2930,97,8950.33
2930,98,8760.23
2930,99,8988.76
2940,0,8933.46
2940,1,8878.81
2940,2,8837.6
2940,3,8898.07
2940,4,8770.89
2940,5,8873.81
2940,6,8967.67
2940,7,9013.42
2940,8,8886.98
2940,9,9015.06
2940,10,8985.48
2940,11,8967.2
2940,12,9004.8
2940,13,8942.13
2940,14,8884.88
2940,15,8861.17
2940,16,9013.74
2940,17,9055.4
2940,18,8951.67
2940,19,8910.1
2940,20,8780.74
2940,21,8969.71
2940,22,8901.04
2940,23,8981.24
2940,24,8867.93
2940,25,8880.82
2940,26,8785.51
2940,27,9010.17
2940,28,8904.68
2940,29,8871.9
2940,30,8961.51
2940,31,8965.65
2940,32,8905.28
2940,33,8868.72
2940,34,8887.38
2940,35,8932.44
2940,36,9006.15
2940,37,8907.91
2940,38,9028.9
2940,39,8980.85
2940,40,8910.28
2940,41,8919.76
2940,42,8688.15
2940,43,8987.47
2940,44,8888.4
2940,45,8866.78
2940,46,8998.15
2940,47,8970.63
2940,48,9002.65
2940,49,8839.81
2940,50,8978.31
2940,51,8898.27
2940,52,9014.05
2940,53,9125.08
2940,54,8752.54
2940,55,8926.45
2940,56,8811.27
2940,57,8806.68
2940,58,8966.15
2940,59,8962.06
2940,60,8969.16
2940,61,8896
2940,62,9062.56
2940,63,8909.66
2940,64,8888.71
2940,65,8863.77
2940,66,8819.76
2940,67,8922.66
2940,68,8802.29
2940,69,8808.87
2940,70,8994.39
2940,71,8852.68
2940,72,8854.57
2940,73,8949.27
2940,74,8910.9
2940,75,8950.74
2940,76,8884.64
2940,77,8885.31
2940,78,8835.94
2940,79,9055.31
2940,80,8839.55
2940,81,8798.73
2940,82,8938.5
2940,83,8871
2940,84,8951.75
2940,85,8883.48
2940,86,8859.11
2940,87,8874.78
2940,88,8969.53
2940,89,8763.58
2940,90,8878.03
2940,91,8936.08
2940,92,8996.52
2940,93,8805.65
2940,94,8990.44
2940,95,8972.95
2940,96,9024.89
2940,97,8950.03
2940,98,8759.93
2940,99,8988.46
2950,0,8933.16
2950,1,8878.51
2950,2,8837.3
2950,3,8897.77
2950,4,8770.59
2950,5,8873.51
2950,6,8967.37
2950,7,9013.12
2950,8,8886.68
2950,9,9014.76
2950,10,8985.18
2950,11,8966.9
2950,12,9004.5
2950,13,8941.83
2950,14,8884.58
2950,15,8860.87
2950,16,9013.44
2950,17,9055.1
2950,18,8951.37
2950,19,8909.8
2950,20,8780.44
2950,21,8969.41
2950,22,8900.74
2950,23,8980.94
2950,24,8867.63
2950,25,8880.52
2950,26,8785.21
2950,27,9009.87
2950,28,8904.38
2950,29,8871.6
2950,30,8961.21
2950,31,8965.35
2950,32,8904.98
2950,33,8868.42
2950,34,8887.08
2950,35,8932.14
2950,36,9005.85
2950,37,8907.61
2950,38,9028.6
2950,39,8980.55
2950,40,8909.98
2950,41,8919.46
2950,42,8687.85
2950,43,8987.17
2950,44,8888.1
2950,45,8866.48
2950,46,8997.85
2950,47,8970.33
2950,48,9002.35
2950,49,8839.51
2950,50,8978.01
2950,51,8897.97
2950,52,9013.75
2950,53,9124.78
2950,54,8752.24
2950,55,8926.15
2950,56,8810.97
2950,57,8806.38
2950,58,8965.85
2950,59,8961.76
2950,60,8968.86
2950,61,8895.7
2950,62,9062.26
2950,63,8909.36
2950,64,8888.41
2950,65,8863.47
2950,66,8819.46
2950,67,8922.36
2950,68,8801.99
2950,69,8808.57
2950,70,8994.09
2950,71,8852.38
2950,72,8854.27
2950,73,8948.97
2950,74,8910.6
2950,75,8950.44
2950,76,8884.34
2950,77,8885.01
2950,78,8835.64
2950,79,9055.01
2950,80,8839.25
2950,81,8798.43
2950,82,8938.2
2950,83,8870.7
2950,84,8951.45
2950,85,8883.18
2950,86,8858.81
2950,87,8874.48
2950,88,8969.23
2950,89,8763.28
2950,90,8877.73
2950,91,8935.78
2950,92,8996.22
2950,93,8805.35
2950,94,8990.14
2950,95,8972.65
2950,96,9024.59
2950,97,8949.73
2950,98,8759.63
2950,99,8988.16
2960,0,8932.86
2960,1,8878.21
2960,2,8837
2960,3,8897.47
2960,4,8770.29
2960,5,8873.21
2960,6,8967.07
2960,7,9012.82
2960,8,8886.38
2960,9,9014.46
2960,10,8984.88
2960,11,8966.6
2960,12,9004.2
2960,13,8941.53
2960,14,8884.28
2960,15,8860.57
2960,16,9013.14
2960,17,9054.8
2960,18,8951.07
2960,19,8909.5
2960,20,8780.14
2960,21,8969.11
2960,22,8900.44
2960,23,8980.64
2960,24,8867.33
2960,25,8880.22
2960,26,8784.91
2960,27,9009.57
2960,28,8904.08
2960,29,8871.3
2960,30,8960.91
2960,31,8965.05
2960,32,8904.68
2960,33,8868.12
2960,34,8886.78
2960,35,8931.84
2960,36,9005.55
2960,37,8907.31
2960,38,9028.3
2960,39,8980.25
2960,40,8909.68
2960,41,8919.16
2960,42,8687.55
2960,43,8986.87
2960,44,8887.8
2960,45,8866.18
2960,46,8997.55
2960,47,8970.03
2960,48,9002.05
2960,49,8839.21
2960,50,8977.71
2960,51,8897.67
2960,52,9013.45
2960,53,9124.48
2960,54,8751.94
2960,55,8925.85
2960,56,8810.67
2960,57,8806.08
2960,58,8965.55
2960,59,8961.46
2960,60,8968.56
2960,61,8895.4
2960,62,9061.96
2960,63,8909.06
2960,64,8888.11
2960,65,8863.17
2960,66,8819.16
2960,67,8922.06
2960,68,8801.69
2960,69,8808.27
2960,70,8993.79
2960,71,8852.08
2960,72,8853.97
2960,73,8948.67
2960,74,8910.3
2960,75,8950.14
2960,76,8884.04
2960,77,8884.71
2960,78,8835.34
2960,79,9054.71
2960,80,8838.95
2960,81,8798.13
2960,82,8937.9
2960,83,8870.4
2960,84,8951.15
2960,85,8882.88
2960,86,8858.51
2960,87,8874.18
2960,88,8968.93
2960,89,8762.98
2960,90,8877.43
2960,91,8935.48
2960,92,8995.92
2960,93,8805.05
2960,94,8989.84
2960,95,8972.35
2960,96,9024.29
2960,97,8949.43
2960,98,8759.33
2960,99,8987.86
2970,0,8932.56
2970,1,8877.91
2970,2,8836.7
2970,3,8897.17
2970,4,8769.99
2970,5,8872.91
2970,6,8966.77
2970,7,9012.52
2970,8,8886.08
2970,9,9014.16
2970,10,8984.58
2970,11,8966.3
2970,12,9003.9
2970,13,8941.23
2970,14,8883.98
2970,15,8860.27
2970,16,9012.84
2970,17,9054.5
2970,18,8950.77
2970,19,8909.2
2970,20,8779.84
2970,21,8968.81
2970,22,8900.14
2970,23,8980.34
2970,24,8867.03
2970,25,8879.92
2970,26,8784.61
2970,27,9009.27
2970,28,8903.78
2970,29,8871
2970,30,8960.61
2970,31,8964.75
2970,32,8904.38
2970,33,8867.82
2970,34,8886.48
2970,35,8931.54
2970,36,9005.25
2970,37,8907.01
2970,38,9028
2970,39,8979.95
2970,40,8909.38
2970,41,8918.86
2970,42,8687.25
2970,43,8986.57
2970,44,8887.5
2970,45,8865.88
2970,46,8997.25
2970,47,8969.73
2970,48,9001.75
2970,49,8838.91
2970,50,8977.41
2970,51,8897.37
2970,52,9013.15
2970,53,9124.18
2970,54,8751.64
2970,55,8925.55
2970,56,8810.37
2970,57,8805.78
2970,58,8965.25
2970,59,8961.16
2970,60,8968.26
2970,61,8895.1
2970,62,9061.66
2970,63,8908.76
2970,64,8887.81
2970,65,8862.87
2970,66,8818.86
2970,67,8921.76
2970,68,8801.39
2970,69,8807.97
2970,70,8993.49
2970,71,8851.78
2970,72,8853.67
2970,73,8948.37
2970,74,8910
2970,75,8949.84
2970,76,8883.74
2970,77,8884.41
2970,78,8835.04
2970,79,9054.41
2970,80,8838.65
2970,81,8797.83
2970,82,8937.6
2970,83,8870.1
2970,84,8950.85
2970,85,8882.58
2970,86,8858.21
2970,87,8873.88
2970,88,8968.63
2970,89,8762.68
2970,90,8877.13
2970,91,8935.18
2970,92,8995.62
2970,93,8804.75
2970,94,8989.54
2970,95,8972.05
2970,96,9023.99
2970,97,8949.13
2970,98,8759.03
2970,99,8987.56
2980,0,8932.26
2980,1,8877.61
2980,2,8836.4
2980,3,8896.87
2980,4,8769.69
2980,5,8872.61
2980,6,8966.47
2980,7,9012.22
2980,8,8885.78
2980,9,9013.86
2980,10,8984.28
2980,11,8966
2980,12,9003.6
2980,13,8940.93
2980,14,8883.68
2980,15,8859.97
2980,16,9012.54
2980,17,9054.2
2980,18,8950.47
2980,19,8908.9
2980,20,8779.54
2980,21,8968.51
2980,22,8899.84
2980,23,8980.04
2980,24,8866.73
2980,25,8879.62
2980,26,8784.31
2980,27,9008.97
2980,28,8903.48
2980,29,8870.7
2980,30,8960.31
2980,31,8964.45
2980,32,8904.08
2980,33,8867.52
2980,34,8886.18
2980,35,8931.24
2980,36,9004.95
2980,37,8906.71
2980,38,9027.7
2980,39,8979.65
2980,40,8909.08
2980,41,8918.56
2980,42,8686.95
2980,43,8986.27
2980,44,8887.2
2980,45,8865.58
2980,46,8996.95
2980,47,8969.43
2980,48,9001.45
2980,49,8838.61
2980,50,8977.11
2980,51,8897.07
2980,52,9012.85
2980,53,9123.88
2980,54,8751.34
2980,55,8925.25
2980,56,8810.07
2980,57,8805.48
2980,58,8964.95
2980,59,8960.86
2980,60,8967.96
2980,61,8894.8
2980,62,9061.36
2980,63,8908.46
2980,64,8887.51
2980,65,8862.57
2980,66,8818.56
2980,67,8921.46
2980,68,8801.09
2980,69,8807.67
2980,70,8993.19
2980,71,8851.48
2980,72,8853.37
2980,73,8948.07
2980,74,8909.7
2980,75,8949.54
2980,76,8883.44
2980,77,8884.11
2980,78,8834.74
2980,79,9054.11
2980,80,8838.35
2980,81,8797.53
2980,82,8937.3
2980,83,8869.8
2980,84,8950.55
2980,85,8882.28
2980,86,8857.91
2980,87,8873.58
2980,88,8968.33
2980,89,8762.38
2980,90,8876.83
2980,91,8934.88
2980,92,8995.32
2980,93,8804.45
2980,94,8989.24
2980,95,8971.75
2980,96,9023.69
2980,97,8948.83
2980,98,8758.73
2980,99,8987.26
2990,0,8931.96
2990,1,8877.31
2990,2,8836.1
2990,3,8896.57
2990,4,8769.39
2990,5,8872.31
2990,6,8966.17
2990,7,9011.92
2990,8,8885.48
2990,9,9013.56
2990,10,8983.98
2990,11,8965.7
2990,12,9003.3
2990,13,8940.63
2990,14,8883.38
2990,15,8859.67
2990,16,9012.24
2990,17,9053.9
2990,18,8950.17
2990,19,8908.6
2990,20,8779.24
2990,21,8968.21
2990,22,8899.54
2990,23,8979.74
2990,24,8866.43
2990,25,8879.32
2990,26,8784.01
2990,27,9008.67
2990,28,8903.18
2990,29,8870.4
2990,30,8960.01
2990,31,8964.15
2990,32,8903.78
2990,33,8867.22
2990,34,8885.88
2990,35,8930.94
2990,36,9004.65
2990,37,8906.41
2990,38,9027.4
2990,39,8979.35
2990,40,8908.78
2990,41,8918.26
2990,42,8686.65
2990,43,8985.97
2990,44,8886.9
2990,45,8865.28
2990,46,8996.65
2990,47,8969.13
2990,48,9001.15
2990,49,8838.31
2990,50,8976.81
2990,51,8896.77
2990,52,9012.55
2990,53,9123.58
2990,54,8751.04
2990,55,8924.95
2990,56,8809.77
2990,57,8805.18
2990,58,8964.65
2990,59,8960.56
2990,60,8967.66
2990,61,8894.5
2990,62,9061.06
2990,63,8908.16
2990,64,8887.21
2990,65,8862.27
2990,66,8818.26
2990,67,8921.16
2990,68,8800.79
2990,69,8807.37
2990,70,8992.89
2990,71,8851.18
2990,72,8853.07
2990,73,8947.77
2990,74,8909.4
2990,75,8949.24
2990,76,8883.14
2990,77,8883.81
2990,78,8834.44
2990,79,9053.81
2990,80,8838.05
2990,81,8797.23
2990,82,8937
2990,83,8869.5
2990,84,8950.25
2990,85,8881.98
2990,86,8857.61
2990,87,8873.28
2990,88,8968.03
2990,89,8762.08
2990,90,8876.53
2990,91,8934.58
2990,92,8995.02
2990,93,8804.15
2990,94,8988.94
2990,95,8971.45
2990,96,9023.39
2990,97,8948.53
2990,98,8758.43
2990,99,8986.96
