time,node_id,residual_energy
0,0,10000
0,1,10000
0,2,10000
0,3,10000
0,4,10000
0,5,10000
0,6,10000
0,7,10000
0,8,10000
0,9,10000
0,10,10000
0,11,10000
0,12,10000
0,13,10000
0,14,10000
0,15,10000
0,16,10000
0,17,10000
0,18,10000
0,19,10000
0,20,10000
0,21,10000
0,22,10000
0,23,10000
0,24,10000
0,25,10000
0,26,10000
0,27,10000
0,28,10000
0,29,10000
0,30,10000
0,31,10000
0,32,10000
0,33,10000
0,34,10000
0,35,10000
0,36,10000
0,37,10000
0,38,10000
0,39,10000
0,40,10000
0,41,10000
0,42,10000
0,43,10000
0,44,10000
0,45,10000
0,46,10000
0,47,10000
0,48,10000
0,49,10000
0,50,10000
0,51,10000
0,52,10000
0,53,10000
0,54,10000
0,55,10000
0,56,10000
0,57,10000
0,58,10000
0,59,10000
0,60,10000
0,61,10000
0,62,10000
0,63,10000
0,64,10000
0,65,10000
0,66,10000
0,67,10000
0,68,10000
0,69,10000
0,70,10000
0,71,10000
0,72,10000
0,73,10000
0,74,10000
0,75,10000
0,76,10000
0,77,10000
0,78,10000
0,79,10000
0,80,10000
0,81,10000
0,82,10000
0,83,10000
0,84,10000
0,85,10000
0,86,10000
0,87,10000
0,88,10000
0,89,10000
0,90,10000
0,91,10000
0,92,10000
0,93,10000
0,94,10000
0,95,10000
0,96,10000
0,97,10000
0,98,10000
0,99,10000
10,0,9999.73
10,1,9999.73
10,2,9999.73
10,3,9999.73
10,4,9999.73
10,5,9999.73
10,6,9999.73
10,7,9999.73
10,8,9999.73
10,9,9999.73
10,10,9999.73
10,11,9999.73
10,12,9999.73
10,13,9999.73
10,14,9999.73
10,15,9999.73
10,16,9999.73
10,17,9999.73
10,18,9999.73
10,19,9999.73
10,20,9999.73
10,21,9999.73
10,22,9999.73
10,23,9999.73
10,24,9999.73
10,25,9999.73
10,26,9999.73
10,27,9999.73
10,28,9999.73
10,29,9999.73
10,30,9999.73
10,31,9999.73
10,32,9999.73
10,33,9999.73
10,34,9999.73
10,35,9999.73
10,36,9999.73
10,37,9999.73
10,38,9999.73
10,39,9999.73
10,40,9999.73
10,41,9999.73
10,42,9999.73
10,43,9999.73
10,44,9999.73
10,45,9999.73
10,46,9999.73
10,47,9999.73
10,48,9999.73
10,49,9999.73
10,50,9999.73
10,51,9999.73
10,52,9999.73
10,53,9999.73
10,54,9999.73
10,55,9999.73
10,56,9999.73
10,57,9999.73
10,58,9999.73
10,59,9999.73
10,60,9999.73
10,61,9999.73
10,62,9999.73
10,63,9999.73
10,64,9999.73
10,65,9999.73
10,66,9999.73
10,67,9999.73
10,68,9999.73
10,69,9999.73
10,70,9999.73
10,71,9999.73
10,72,9999.73
10,73,9999.73
10,74,9999.73
10,75,9999.73
10,76,9999.73
10,77,9999.73
10,78,9999.73
10,79,9999.73
10,80,9999.73
10,81,9999.73
10,82,9999.73
10,83,9999.73
10,84,9999.73
10,85,9999.73
10,86,9999.73
10,87,9999.73
10,88,9999.73
10,89,9999.73
10,90,9999.73
10,91,9999.73
10,92,9999.73
10,93,9999.73
10,94,9999.73
10,95,9999.73
10,96,9999.73
10,97,9999.73
10,98,9999.73
10,99,9999.73
20,0,9999.43
20,1,9999.43
20,2,9999.43
20,3,9999.43
20,4,9999.43
20,5,9999.43
20,6,9999.43
20,7,9999.43
20,8,9999.43
20,9,9999.43
20,10,9999.43
20,11,9999.43
20,12,9999.43
20,13,9999.43
20,14,9999.43
20,15,9999.43
20,16,9999.43
20,17,9999.43
20,18,9999.43
20,19,9999.43
20,20,9999.43
20,21,9999.43
20,22,9999.43
20,23,9999.43
20,24,9999.43
20,25,9999.43
20,26,9999.43
20,27,9999.43
20,28,9999.43
20,29,9999.43
20,30,9999.43
20,31,9999.43
20,32,9999.43
20,33,9999.43
20,34,9999.43
20,35,9999.43
20,36,9999.43
20,37,9999.43
20,38,9999.43
20,39,9999.43
20,40,9999.43
20,41,9999.43
20,42,9999.43
20,43,9999.43
20,44,9999.43
20,45,9999.43
20,46,9999.43
20,47,9999.43
20,48,9999.43
20,49,9999.43
20,50,9999.43
20,51,9999.43
20,52,9999.43
20,53,9999.43
20,54,9999.43
20,55,9999.43
20,56,9999.43
20,57,9999.43
20,58,9999.43
20,59,9999.43
20,60,9999.43
20,61,9999.43
20,62,9999.43
20,63,9999.43
20,64,9999.43
20,65,9999.43
20,66,9999.43
20,67,9999.43
20,68,9999.43
20,69,9999.43
20,70,9999.43
20,71,9999.43
20,72,9999.43
20,73,9999.43
20,74,9999.43
20,75,9999.43
20,76,9999.43
20,77,9999.43
20,78,9999.43
20,79,9999.43
20,80,9999.43
20,81,9999.43
20,82,9999.43
20,83,9999.43
20,84,9999.43
20,85,9999.43
20,86,9999.43
20,87,9999.43
20,88,9999.43
20,89,9999.43
20,90,9999.43
20,91,9999.43
20,92,9999.43
20,93,9999.43
20,94,9999.43
20,95,9999.43
20,96,9999.43
20,97,9999.43
20,98,9999.43
20,99,9999.43
30,0,9999.13
30,1,9999.13
30,2,9999.13
30,3,9999.13
30,4,9999.13
30,5,9999.13
30,6,9999.13
30,7,9999.13
30,8,9999.13
30,9,9999.13
30,10,9999.13
30,11,9999.13
30,12,9999.13
30,13,9999.13
30,14,9999.13
30,15,9999.13
30,16,9999.13
30,17,9999.13
30,18,9999.13
30,19,9999.13
30,20,9999.13
30,21,9999.13
30,22,9999.13
30,23,9999.13
30,24,9999.13
30,25,9999.13
30,26,9999.13
30,27,9999.13
30,28,9999.13
30,29,9999.13
30,30,9999.13
30,31,9999.13
30,32,9999.13
30,33,9999.13
30,34,9999.13
30,35,9999.13
30,36,9999.13
30,37,9999.13
30,38,9999.13
30,39,9999.13
30,40,9999.13
30,41,9999.13
30,42,9999.13
30,43,9999.13
30,44,9999.13
30,45,9999.13
30,46,9999.13
30,47,9999.13
30,48,9999.13
30,49,9999.13
30,50,9999.13
30,51,9999.13
30,52,9999.13
30,53,9999.13
30,54,9999.13
30,55,9999.13
30,56,9999.13
30,57,9999.13
30,58,9999.13
30,59,9999.13
30,60,9999.13
30,61,9999.13
30,62,9999.13
30,63,9999.13
30,64,9999.13
30,65,9999.13
30,66,9999.13
30,67,9999.13
30,68,9999.13
30,69,9999.13
30,70,9999.13
30,71,9999.13
30,72,9999.13
30,73,9999.13
30,74,9999.13
30,75,9999.13
30,76,9999.13
30,77,9999.13
30,78,9999.13
30,79,9999.13
30,80,9999.13
30,81,9999.13
30,82,9999.13
30,83,9999.13
30,84,9999.13
30,85,9999.13
30,86,9999.13
30,87,9999.13
30,88,9999.13
30,89,9999.13
30,90,9999.13
30,91,9999.13
30,92,9999.13
30,93,9999.13
30,94,9999.13
30,95,9999.13
30,96,9999.13
30,97,9999.13
30,98,9999.13
30,99,9999.13
40,0,9985.84
40,1,9985.65
40,2,9985.79
40,3,9985.28
40,4,9983.86
40,5,9984.56
40,6,9984.03
40,7,9985.29
40,8,9985.48
40,9,9984.13
40,10,9987.56
40,11,9985.46
40,12,9984.79
40,13,9987.91
40,14,9984.13
40,15,9982.25
40,16,9989.2
40,17,9988.19
40,18,9986.75
40,19,9988.17
40,20,9982.39
40,21,9985.48
40,22,9987.28
40,23,9982.85
40,24,9983.62
40,25,9988.23
40,26,9982.73
40,27,9984.16
40,28,9980.94
40,29,9984.91
40,30,9985.73
40,31,9986.03
40,32,9986.64
40,33,9988.09
40,34,9983.57
40,35,9980.4
40,36,9986.03
40,37,9981.31
40,38,9985.85
40,39,9986.44
40,40,9985.88
40,41,9983.89
40,42,9986.24
40,43,9984.17
40,44,9988.11
40,45,9984.95
40,46,9987.67
40,47,9984.62
40,48,9988.06
40,49,9983.73
40,50,9982.11
40,51,9987.24
40,52,9986.36
40,53,9985.77
40,54,9981.9
40,55,9983.59
40,56,9984.29
40,57,9979.67
40,58,9982.12
40,59,9988.88
40,60,9984.4
40,61,9981.81
40,62,9983.39
40,63,9985.5
40,64,9986.1
40,65,9986.35
40,66,9984.67
40,67,9987.35
40,68,9984.11
40,69,9984.88
40,70,9984.13
40,71,9985.52
40,72,9984.09
40,73,9987.77
40,74,9988.78
40,75,9986.62
40,76,9984.57
40,77,9987.91
40,78,9982.9
40,79,9987.02
40,80,9986.95
40,81,9985.11
40,82,9982
40,83,9982.55
40,84,9986.53
40,85,9985.67
40,86,9988.83
40,87,9983.37
40,88,9984.8
40,89,9985.27
40,90,9987.91
40,91,9983.21
40,92,9985.3
40,93,9987
40,94,9983.87
40,95,9986
40,96,9981.39
40,97,9981.19
40,98,9985.32
40,99,9985.9
50,0,9985.54
50,1,9985.35
50,2,9985.49
50,3,9984.98
50,4,9983.58
50,5,9984.26
50,6,9983.73
50,7,9984.99
50,8,9985.19
50,9,9983.83
50,10,9987.26
50,11,9985.16
50,12,9984.49
50,13,9987.61
50,14,9983.83
50,15,9981.95
50,16,9988.9
50,17,9987.89
50,18,9986.45
50,19,9987.87
50,20,9982.09
50,21,9985.18
50,22,9986.98
50,23,9982.55
50,24,9983.32
50,25,9987.93
50,26,9982.43
50,27,9983.87
50,28,9980.67
50,29,9984.61
50,30,9985.43
50,31,9985.73
50,32,9986.34
50,33,9987.79
50,34,9983.27
50,35,9980.12
50,36,9985.73
50,37,9981.01
50,38,9985.55
50,39,9986.14
50,40,9985.58
50,41,9983.59
50,42,9985.94
50,43,9983.87
50,44,9987.81
50,45,9984.65
50,46,9987.37
50,47,9984.32
50,48,9987.76
50,49,9983.43
50,50,9981.82
50,51,9986.94
50,52,9986.06
50,53,9985.47
50,54,9981.62
50,55,9983.29
50,56,9983.99
50,57,9979.4
50,58,9981.83
50,59,9988.58
50,60,9984.1
50,61,9981.53
50,62,9983.09
50,63,9985.2
50,64,9985.8
50,65,9986.05
50,66,9984.37
50,67,9987.05
50,68,9983.82
50,69,9984.58
50,70,9983.83
50,71,9985.22
50,72,9983.79
50,73,9987.47
50,74,9988.48
50,75,9986.32
50,76,9984.27
50,77,9987.61
50,78,9982.61
50,79,9986.72
50,80,9986.65
50,81,9984.81
50,82,9981.71
50,83,9982.26
50,84,9986.23
50,85,9985.37
50,86,9988.53
50,87,9983.07
50,88,9984.5
50,89,9984.97
50,90,9987.61
50,91,9982.92
50,92,9985
50,93,9986.7
50,94,9983.57
50,95,9985.7
50,96,9981.13
50,97,9980.89
50,98,9985.02
50,99,9985.6
60,0,9985.24
60,1,9985.05
60,2,9985.19
60,3,9984.68
60,4,9983.28
60,5,9983.96
60,6,9983.43
60,7,9984.69
60,8,9984.89
60,9,9983.53
60,10,9986.96
60,11,9984.86
60,12,9984.19
60,13,9987.31
60,14,9983.53
60,15,9981.65
60,16,9988.6
60,17,9987.59
60,18,9986.15
60,19,9987.57
60,20,9981.79
60,21,9984.88
60,22,9986.68
60,23,9982.25
60,24,9983.02
60,25,9987.63
60,26,9982.13
60,27,9983.57
60,28,9980.37
60,29,9984.31
60,30,9985.13
60,31,9985.43
60,32,9986.04
60,33,9987.49
60,34,9982.97
60,35,9979.82
60,36,9985.43
60,37,9980.71
60,38,9985.25
60,39,9985.84
60,40,9985.28
60,41,9983.29
60,42,9985.64
60,43,9983.57
60,44,9987.51
60,45,9984.35
60,46,9987.07
60,47,9984.02
60,48,9987.46
60,49,9983.13
60,50,9981.52
60,51,9986.64
60,52,9985.76
60,53,9985.17
60,54,9981.32
60,55,9982.99
60,56,9983.69
60,57,9979.1
60,58,9981.53
60,59,9988.28
60,60,9983.8
60,61,9981.23
60,62,9982.79
60,63,9984.9
60,64,9985.5
60,65,9985.75
60,66,9984.07
60,67,9986.75
60,68,9983.52
60,69,9984.28
60,70,9983.53
60,71,9984.92
60,72,9983.49
60,73,9987.17
60,74,9988.18
60,75,9986.02
60,76,9983.97
60,77,9987.31
60,78,9982.31
60,79,9986.42
60,80,9986.35
60,81,9984.51
60,82,9981.41
60,83,9981.96
60,84,9985.93
60,85,9985.07
60,86,9988.23
60,87,9982.77
60,88,9984.2
60,89,9984.67
60,90,9987.31
60,91,9982.62
60,92,9984.7
60,93,9986.4
60,94,9983.27
60,95,9985.4
60,96,9980.83
60,97,9980.59
60,98,9984.72
60,99,9985.3
70,0,9970.73
70,1,9968.76
70,2,9973.11
70,3,9968.15
70,4,9966.53
70,5,9967.39
70,6,9967.35
70,7,9969.58
70,8,9965.36
70,9,9966.08
70,10,9970.75
70,11,9969.52
70,12,9966.31
70,13,9970.73
70,14,9963.39
70,15,9963.26
70,16,9971.19
70,17,9974.84
70,18,9969.64
70,19,9971.52
70,20,9964.97
70,21,9967.41
70,22,9971.42
70,23,9964.03
70,24,9967.65
70,25,9969.45
70,26,9963.9
70,27,9964.8
70,28,9962.25
70,29,9968.2
70,30,9967.13
70,31,9971.11
70,32,9967.77
70,33,9972.75
70,34,9963.72
70,35,9961.35
70,36,9969.75
70,37,9959.62
70,38,9969.65
70,39,9967.66
70,40,9967.54
70,41,9967.74
70,42,9971.14
70,43,9966.58
70,44,9972.73
70,45,9966.01
70,46,9973.76
70,47,9970.52
70,48,9973.52
70,49,9966.39
70,50,9963.78
70,51,9971.85
70,52,9968.76
70,53,9970.07
70,54,9963.3
70,55,9962.79
70,56,9966.34
70,57,9961.79
70,58,9960.75
70,59,9975.18
70,60,9965.21
70,61,9964.07
70,62,9962.6
70,63,9971.48
70,64,9969.57
70,65,9966.48
70,66,9965.87
70,67,9967.12
70,68,9962.95
70,69,9968.44
70,70,9965.88
70,71,9968.26
70,72,9966.44
70,73,9972.47
70,74,9975.57
70,75,9971.51
70,76,9966.45
70,77,9974.15
70,78,9963.13
70,79,9973.13
70,80,9970.04
70,81,9964.87
70,82,9962.4
70,83,9963.99
70,84,9967.73
70,85,9968.03
70,86,9973.52
70,87,9967.48
70,88,9966.61
70,89,9967.17
70,90,9968.26
70,91,9965.92
70,92,9966.53
70,93,9971.76
70,94,9965.67
70,95,9969.06
70,96,9962.27
70,97,9963.84
70,98,9963.5
70,99,9970.83
80,0,9970.43
80,1,9968.49
80,2,9972.81
80,3,9967.88
80,4,9966.3
80,5,9967.11
80,6,9967.06
80,7,9969.28
80,8,9965.12
80,9,9965.82
80,10,9970.49
80,11,9969.23
80,12,9966.05
80,13,9970.47
80,14,9963.15
80,15,9963
80,16,9970.94
80,17,9974.54
80,18,9969.36
80,19,9971.24
80,20,9964.69
80,21,9967.15
80,22,9971.14
80,23,9963.77
80,24,9967.35
80,25,9969.2
80,26,9963.65
80,27,9964.6
80,28,9961.98
80,29,9967.9
80,30,9966.86
80,31,9970.82
80,32,9967.51
80,33,9972.5
80,34,9963.47
80,35,9961.13
80,36,9969.48
80,37,9959.36
80,38,9969.35
80,39,9967.39
80,40,9967.27
80,41,9967.44
80,42,9970.84
80,43,9966.3
80,44,9972.45
80,45,9965.76
80,46,9973.47
80,47,9970.22
80,48,9973.22
80,49,9966.13
80,50,9963.53
80,51,9971.55
80,52,9968.49
80,53,9969.79
80,54,9963.07
80,55,9962.55
80,56,9966.07
80,57,9961.5
80,58,9960.51
80,59,9974.88
80,60,9964.96
80,61,9963.79
80,62,9962.34
80,63,9971.18
80,64,9969.27
80,65,9966.23
80,66,9965.62
80,67,9966.87
80,68,9962.71
80,69,9968.16
80,70,9965.63
80,71,9967.98
80,72,9966.16
80,73,9972.19
80,74,9975.27
80,75,9971.21
80,76,9966.17
80,77,9973.85
80,78,9962.87
80,79,9972.84
80,80,9969.76
80,81,9964.62
80,82,9962.15
80,83,9963.73
80,84,9967.48
80,85,9967.78
80,86,9973.24
80,87,9967.19
80,88,9966.34
80,89,9966.92
80,90,9968.03
80,91,9965.64
80,92,9966.28
80,93,9971.47
80,94,9965.42
80,95,9968.77
80,96,9962.01
80,97,9963.57
80,98,9963.23
80,99,9970.53
90,0,9970.13
90,1,9968.19
90,2,9972.51
90,3,9967.58
90,4,9966
90,5,9966.81
90,6,9966.76
90,7,9968.98
90,8,9964.82
90,9,9965.52
90,10,9970.19
90,11,9968.93
90,12,9965.75
90,13,9970.17
90,14,9962.85
90,15,9962.7
90,16,9970.64
90,17,9974.24
90,18,9969.06
90,19,9970.94
90,20,9964.39
90,21,9966.85
90,22,9970.84
90,23,9963.47
90,24,9967.05
90,25,9968.9
90,26,9963.35
90,27,9964.3
90,28,9961.68
90,29,9967.6
90,30,9966.56
90,31,9970.52
90,32,9967.21
90,33,9972.2
90,34,9963.17
90,35,9960.83
90,36,9969.18
90,37,9959.06
90,38,9969.05
90,39,9967.09
90,40,9966.97
90,41,9967.14
90,42,9970.54
90,43,9966
90,44,9972.15
90,45,9965.46
90,46,9973.17
90,47,9969.92
90,48,9972.92
90,49,9965.83
90,50,9963.23
90,51,9971.25
90,52,9968.19
90,53,9969.49
90,54,9962.77
90,55,9962.25
90,56,9965.77
90,57,9961.2
90,58,9960.21
90,59,9974.58
90,60,9964.66
90,61,9963.49
90,62,9962.04
90,63,9970.88
90,64,9968.97
90,65,9965.93
90,66,9965.32
90,67,9966.57
90,68,9962.41
90,69,9967.86
90,70,9965.33
90,71,9967.68
90,72,9965.86
90,73,9971.89
90,74,9974.97
90,75,9970.91
90,76,9965.87
90,77,9973.55
90,78,9962.57
90,79,9972.54
90,80,9969.46
90,81,9964.32
90,82,9961.85
90,83,9963.43
90,84,9967.18
90,85,9967.48
90,86,9972.94
90,87,9966.89
90,88,9966.04
90,89,9966.62
90,90,9967.73
90,91,9965.34
90,92,9965.98
90,93,9971.17
90,94,9965.12
90,95,9968.47
90,96,9961.71
90,97,9963.27
90,98,9962.93
90,99,9970.23
100,0,9955.88
100,1,9952.15
100,2,9960.33
100,3,9952.74
100,4,9951.24
100,5,9951.02
100,6,9950.74
100,7,9951.27
100,8,9945.35
100,9,9948.2
100,10,9952.88
100,11,9953.84
100,12,9947.74
100,13,9953.5
100,14,9948.85
100,15,9945.93
100,16,9956.38
100,17,9961.64
100,18,9954.06
100,19,9956.65
100,20,9947.42
100,21,9951.47
100,22,9954.11
100,23,9946.19
100,24,9951.99
100,25,9952.33
100,26,9946.86
100,27,9951.88
100,28,9944.61
100,29,9949.88
100,30,9950.46
100,31,9955.98
100,32,9949.5
100,33,9957.25
100,34,9944.12
100,35,9944.89
100,36,9952.83
100,37,9939.84
100,38,9954.3
100,39,9950.59
100,40,9950.72
100,41,9949.26
100,42,9956.66
100,43,9949.9
100,44,9958.88
100,45,9948.81
100,46,9959.87
100,47,9956.41
100,48,9960.7
100,49,9950.36
100,50,9946.66
100,51,9958.82
100,52,9952.62
100,53,9953.78
100,54,9947.51
100,55,9944.05
100,56,9950.07
100,57,9941.55
100,58,9944.55
100,59,9961.92
100,60,9947.63
100,61,9947.64
100,62,9943.63
100,63,9954.92
100,64,9954.22
100,65,9948.11
100,66,9947.52
100,67,9949.8
100,68,9942.48
100,69,9953.26
100,70,9947.27
100,71,9952.66
100,72,9949.87
100,73,9956.94
100,74,9963.7
100,75,9956.46
100,76,9950.11
100,77,9959.49
100,78,9945.3
100,79,9958.39
100,80,9954.99
100,81,9946.18
100,82,9942.72
100,83,9947.74
100,84,9950.18
100,85,9950.16
100,86,9956.95
100,87,9949.85
100,88,9950.18
100,89,9949.53
100,90,9955.69
100,91,9946.75
100,92,9947.94
100,93,9954.96
100,94,9946.65
100,95,9951.88
100,96,9943.99
100,97,9946.69
100,98,9947.32
100,99,9955.94
110,0,9955.58
110,1,9951.9
110,2,9960.03
110,3,9952.46
110,4,9945.83
110,5,9950.73
110,6,9950.49
110,7,9951.01
110,8,9945.12
110,9,9947.93
110,10,9952.64
110,11,9953.56
110,12,9947.49
110,13,9953.25
110,14,9943.6
110,15,9945.65
110,16,9956.14
110,17,9961.35
110,18,9953.79
110,19,9956.39
110,20,9947.16
110,21,9951.19
110,22,9953.85
110,23,9945.92
110,24,9951.71
110,25,9952.09
110,26,9946.62
110,27,9945.31
110,28,9944.35
110,29,9949.64
110,30,9950.17
110,31,9955.71
110,32,9949.26
110,33,9957
110,34,9943.87
110,35,9938.81
110,36,9952.57
110,37,9939.59
110,38,9954.01
110,39,9950.34
110,40,9950.47
110,41,9948.99
110,42,9956.38
110,43,9949.61
110,44,9958.62
110,45,9948.57
110,46,9959.6
110,47,9956.11
110,48,9960.41
110,49,9950.12
110,50,9946.4
110,51,9958.52
110,52,9952.37
110,53,9953.52
110,54,9941.97
110,55,9943.79
110,56,9949.79
110,57,9941.3
110,58,9939.41
110,59,9961.62
110,60,9947.37
110,61,9942.18
110,62,9943.37
110,63,9954.63
110,64,9953.92
110,65,9947.88
110,66,9947.29
110,67,9949.57
110,68,9942.25
110,69,9953
110,70,9947.03
110,71,9952.38
110,72,9949.58
110,73,9956.67
110,74,9963.4
110,75,9956.17
110,76,9944.6
110,77,9959.21
110,78,9945.03
110,79,9958.11
110,80,9954.73
110,81,9945.95
110,82,9942.48
110,83,9947.48
110,84,9949.95
110,85,9949.92
110,86,9956.69
110,87,9949.57
110,88,9949.92
110,89,9949.29
110,90,9950.2
110,91,9946.52
110,92,9947.7
110,93,9954.68
110,94,9946.41
110,95,9951.61
110,96,9943.74
110,97,9946.41
110,98,9947.04
110,99,9955.65
120,0,9955.28
120,1,9951.6
120,2,9959.73
120,3,9952.16
120,4,9945.53
120,5,9950.43
120,6,9950.19
120,7,9950.71
120,8,9944.82
120,9,9947.63
120,10,9952.34
120,11,9953.26
120,12,9947.19
120,13,9952.95
120,14,9943.3
120,15,9945.35
120,16,9955.84
120,17,9961.05
120,18,9953.49
120,19,9956.09
120,20,9946.86
120,21,9950.89
120,22,9953.55
120,23,9945.62
120,24,9951.41
120,25,9951.79
120,26,9946.32
120,27,9945.01
120,28,9944.05
120,29,9949.34
120,30,9949.87
120,31,9955.41
120,32,9948.96
120,33,9956.7
120,34,9943.57
120,35,9938.51
120,36,9952.27
120,37,9939.29
120,38,9953.71
120,39,9950.04
120,40,9950.17
120,41,9948.69
120,42,9956.08
120,43,9949.31
120,44,9958.32
120,45,9948.27
120,46,9959.3
120,47,9955.81
120,48,9960.11
120,49,9949.82
120,50,9946.1
120,51,9958.22
120,52,9952.07
120,53,9953.22
120,54,9941.67
120,55,9943.49
120,56,9949.49
120,57,9941
120,58,9939.11
120,59,9961.32
120,60,9947.07
120,61,9941.88
120,62,9943.07
120,63,9954.33
120,64,9953.62
120,65,9947.58
120,66,9946.99
120,67,9949.27
120,68,9941.95
120,69,9952.7
120,70,9946.73
120,71,9952.08
120,72,9949.28
120,73,9956.37
120,74,9963.1
120,75,9955.87
120,76,9944.3
120,77,9958.91
120,78,9944.73
120,79,9957.81
120,80,9954.43
120,81,9945.65
120,82,9942.18
120,83,9947.18
120,84,9949.65
120,85,9949.62
120,86,9956.39
120,87,9949.27
120,88,9949.62
120,89,9948.99
120,90,9949.9
120,91,9946.22
120,92,9947.4
120,93,9954.38
120,94,9946.11
120,95,9951.31
120,96,9943.44
120,97,9946.11
120,98,9946.74
120,99,9955.35
130,0,9940.43
130,1,9939.06
130,2,9946.49
130,3,9936.42
130,4,9930.09
130,5,9934.16
130,6,9934.23
130,7,9934.35
130,8,9930.02
130,9,9931.88
130,10,9939.3
130,11,9938.76
130,12,9932.93
130,13,9939.9
130,14,9928.66
130,15,9929.25
130,16,9942.58
130,17,9947.05
130,18,9938.58
130,19,9941.35
130,20,9929.66
130,21,9937.58
130,22,9935.59
130,23,9928.7
130,24,9935.05
130,25,9939.06
130,26,9933.04
130,27,9932.06
130,28,9927.17
130,29,9932.86
130,30,9936.41
130,31,9939.89
130,32,9935.29
130,33,9942.94
130,34,9928.79
130,35,9920.64
130,36,9935.94
130,37,9925.46
130,38,9939.76
130,39,9934.19
130,40,9931.93
130,41,9933.52
130,42,9941.86
130,43,9933.49
130,44,9945.02
130,45,9933.82
130,46,9945.82
130,47,9942.64
130,48,9947.2
130,49,9938.54
130,50,9932.39
130,51,9945.87
130,52,9937.49
130,53,9938.38
130,54,9924.48
130,55,9926.29
130,56,9934.07
130,57,9922.11
130,58,9923.4
130,59,9949.29
130,60,9930.17
130,61,9925.13
130,62,9928.27
130,63,9939.65
130,64,9938.8
130,65,9932.66
130,66,9930.04
130,67,9936.62
130,68,9927.83
130,69,9937.78
130,70,9932.66
130,71,9935.03
130,72,9932.41
130,73,9941.46
130,74,9951.51
130,75,9941.79
130,76,9928.52
130,77,9943.61
130,78,9930.01
130,79,9943.23
130,80,9939.89
130,81,9932.95
130,82,9925.05
130,83,9931.12
130,84,9935.05
130,85,9936.84
130,86,9944.01
130,87,9934.99
130,88,9933.83
130,89,9937.24
130,90,9936.35
130,91,9929.83
130,92,9932.39
130,93,9937.7
130,94,9931.84
130,95,9934.6
130,96,9925.75
130,97,9927.77
130,98,9932.48
130,99,9940.9
140,0,9940.15
140,1,9935.4
140,2,9946.21
140,3,9936.16
140,4,9929.85
140,5,9933.9
140,6,9933.99
140,7,9934.11
140,8,9925.17
140,9,9928.22
140,10,9935.49
140,11,9938.5
140,12,9929.13
140,13,9935.98
140,14,9923.45
140,15,9928.99
140,16,9938.3
140,17,9946.78
140,18,9938.33
140,19,9941.11
140,20,9929.42
140,21,9933.71
140,22,9935.35
140,23,9924.45
140,24,9934.8
140,25,9934.87
140,26,9928.93
140,27,9925.53
140,28,9926.92
140,29,9932.61
140,30,9936.14
140,31,9939.63
140,32,9931.23
140,33,9938.85
140,34,9924.54
140,35,9920.41
140,36,9935.69
140,37,9921.74
140,38,9939.49
140,39,9933.92
140,40,9931.68
140,41,9933.24
140,42,9941.6
140,43,9933.24
140,44,9944.77
140,45,9929.62
140,46,9945.57
140,47,9942.36
140,48,9946.93
140,49,9934.66
140,50,9928.01
140,51,9945.58
140,52,9937.24
140,53,9938.13
140,54,9924.24
140,55,9926.03
140,56,9933.81
140,57,9921.87
140,58,9923.15
140,59,9949.01
140,60,9929.92
140,61,9924.9
140,62,9923.98
140,63,9939.37
140,64,9938.5
140,65,9928.02
140,66,9929.8
140,67,9932.13
140,68,9923.01
140,69,9937.53
140,70,9928.61
140,71,9934.78
140,72,9932.16
140,73,9941.21
140,74,9951.24
140,75,9941.51
140,76,9923.08
140,77,9943.35
140,78,9925.96
140,79,9942.97
140,80,9939.65
140,81,9928.25
140,82,9924.8
140,83,9930.87
140,84,9930.36
140,85,9932.64
140,86,9943.76
140,87,9934.7
140,88,9933.58
140,89,9932.76
140,90,9930.84
140,91,9929.59
140,92,9927.97
140,93,9937.44
140,94,9927.59
140,95,9929.85
140,96,9925.51
140,97,9927.52
140,98,9932.22
140,99,9940.63
150,0,9939.85
150,1,9935.1
150,2,9945.91
150,3,9935.86
150,4,9929.55
150,5,9933.6
150,6,9933.69
150,7,9933.81
150,8,9924.87
150,9,9927.92
150,10,9935.19
150,11,9938.2
150,12,9928.83
150,13,9935.68
150,14,9923.15
150,15,9928.69
150,16,9938
150,17,9946.48
150,18,9938.03
150,19,9940.81
150,20,9929.12
150,21,9933.41
150,22,9935.05
150,23,9924.15
150,24,9934.5
150,25,9934.57
150,26,9928.63
150,27,9925.23
150,28,9926.62
150,29,9932.31
150,30,9935.84
150,31,9939.33
150,32,9930.93
150,33,9938.55
150,34,9924.24
150,35,9920.11
150,36,9935.39
150,37,9921.44
150,38,9939.19
150,39,9933.62
150,40,9931.38
150,41,9932.94
150,42,9941.3
150,43,9932.94
150,44,9944.47
150,45,9929.32
150,46,9945.27
150,47,9942.06
150,48,9946.63
150,49,9934.36
150,50,9927.71
150,51,9945.28
150,52,9936.94
150,53,9937.83
150,54,9923.94
150,55,9925.73
150,56,9933.51
150,57,9921.57
150,58,9922.85
150,59,9948.71
150,60,9929.62
150,61,9924.6
150,62,9923.68
150,63,9939.07
150,64,9938.2
150,65,9927.72
150,66,9929.5
150,67,9931.83
150,68,9922.71
150,69,9937.23
150,70,9928.31
150,71,9934.48
150,72,9931.86
150,73,9940.91
150,74,9950.94
150,75,9941.21
150,76,9922.78
150,77,9943.05
150,78,9925.66
150,79,9942.67
150,80,9939.35
150,81,9927.95
150,82,9924.5
150,83,9930.57
150,84,9930.06
150,85,9932.34
150,86,9943.46
150,87,9934.4
150,88,9933.28
150,89,9932.46
150,90,9930.54
150,91,9929.29
150,92,9927.67
150,93,9937.14
150,94,9927.29
150,95,9929.55
150,96,9925.21
150,97,9927.22
150,98,9931.92
150,99,9940.33
160,0,9926.73
160,1,9922.74
160,2,9934.03
160,3,9920.57
160,4,9916.97
160,5,9918.61
160,6,9920.88
160,7,9920.41
160,8,9912.68
160,9,9911.34
160,10,9922.68
160,11,9925.84
160,12,9914.8
160,13,9922.61
160,14,9908.67
160,15,9913.51
160,16,9927.16
160,17,9935.56
160,18,9925.21
160,19,9929
160,20,9916.63
160,21,9920.17
160,22,9922.79
160,23,9908.09
160,24,9920.29
160,25,9924.3
160,26,9915.37
160,27,9912.33
160,28,9910.4
160,29,9915.9
160,30,9922.44
160,31,9926.01
160,32,9918.49
160,33,9927.43
160,34,9905.17
160,35,9910.94
160,36,9922.61
160,37,9909.81
160,38,9928.06
160,39,9920.54
160,40,9918.27
160,41,9919.65
160,42,9928.93
160,43,9919.1
160,44,9933.83
160,45,9914.7
160,46,9934.49
160,47,9929.95
160,48,9934.92
160,49,9922.07
160,50,9913.95
160,51,9934.93
160,52,9924.92
160,53,9925.28
160,54,9911.49
160,55,9907.1
160,56,9917.9
160,57,9906.66
160,58,9907.16
160,59,9937.8
160,60,9915.17
160,61,9908.45
160,62,9908.56
160,63,9926.34
160,64,9923.17
160,65,9916.02
160,66,9913.11
160,67,9918.94
160,68,9907.58
160,69,9925.54
160,70,9914.96
160,71,9920.45
160,72,9916.92
160,73,9930.39
160,74,9940.53
160,75,9929.55
160,76,9908.66
160,77,9931.56
160,78,9909.28
160,79,9931.8
160,80,9927.71
160,81,9915.21
160,82,9907.01
160,83,9917.91
160,84,9915.99
160,85,9920.69
160,86,9932.54
160,87,9921.07
160,88,9921.06
160,89,9918.94
160,90,9916.8
160,91,9912.73
160,92,9916.77
160,93,9925.19
160,94,9913.91
160,95,9913.13
160,96,9911.27
160,97,9911.77
160,98,9917.96
160,99,9925.77
170,0,9925.5
170,1,9919.08
170,2,9932.82
170,3,9916.59
170,4,9911.63
170,5,9916.23
170,6,9917.49
170,7,9917.07
170,8,9907.8
170,9,9907.75
170,10,9918.85
170,11,9923.19
170,12,9911.05
170,13,9918.66
170,14,9903.5
170,15,9910.05
170,16,9922.86
170,17,9933.55
170,18,9922.26
170,19,9925.74
170,20,9913.27
170,21,9916.32
170,22,9919.7
170,23,9903.89
170,24,9917.26
170,25,9920.16
170,26,9911.32
170,27,9905.84
170,28,9905.12
170,29,9911.79
170,30,9919.3
170,31,9923.39
170,32,9914.46
170,33,9923.31
170,34,9904.95
170,35,9904.83
170,36,9919.63
170,37,9906.07
170,38,9926.03
170,39,9916.85
170,40,9915
170,41,9916.99
170,42,9926.46
170,43,9916.22
170,44,9930.64
170,45,9910.48
170,46,9931.74
170,47,9928.5
170,48,9932.99
170,49,9918.22
170,50,9909.61
170,51,9933.59
170,52,9921.61
170,53,9922.07
170,54,9906.07
170,55,9906.87
170,56,9914.13
170,57,9901.54
170,58,9902.05
170,59,9936.22
170,60,9911.1
170,61,9903.06
170,62,9904.31
170,63,9924.62
170,64,9922.9
170,65,9911.33
170,66,9908.81
170,67,9914.43
170,68,9902.82
170,69,9922.44
170,70,9910.95
170,71,9917.52
170,72,9914.23
170,73,9927.19
170,74,9938.93
170,75,9928.1
170,76,9903.28
170,77,9929.19
170,78,9905.34
170,79,9929.22
170,80,9924.54
170,81,9910.55
170,82,9902.58
170,83,9914.02
170,84,9911.29
170,85,9916.48
170,86,9929.68
170,87,9918.83
170,88,9917.93
170,89,9914.4
170,90,9911.25
170,91,9907.82
170,92,9912.29
170,93,9922.7
170,94,9909.71
170,95,9908.45
170,96,9905.46
170,97,9908.53
170,98,9914.38
170,99,9923.08
180,0,9925.2
180,1,9918.78
180,2,9932.52
180,3,9916.29
180,4,9911.33
180,5,9915.93
180,6,9917.19
180,7,9916.77
180,8,9907.5
180,9,9907.45
180,10,9918.55
180,11,9922.89
180,12,9910.75
180,13,9918.36
180,14,9903.2
180,15,9909.75
180,16,9922.56
180,17,9933.25
180,18,9921.96
180,19,9925.44
180,20,9912.97
180,21,9916.02
180,22,9919.4
180,23,9903.59
180,24,9916.96
180,25,9919.86
180,26,9911.02
180,27,9905.54
180,28,9904.82
180,29,9911.49
180,30,9919
180,31,9923.09
180,32,9914.16
180,33,9923.01
180,34,9904.65
180,35,9904.53
180,36,9919.33
180,37,9905.77
180,38,9925.73
180,39,9916.55
180,40,9914.7
180,41,9916.69
180,42,9926.16
180,43,9915.92
180,44,9930.34
180,45,9910.18
180,46,9931.44
180,47,9928.2
180,48,9932.69
180,49,9917.92
180,50,9909.31
180,51,9933.29
180,52,9921.31
180,53,9921.77
180,54,9905.77
180,55,9906.57
180,56,9913.83
180,57,9901.24
180,58,9901.75
180,59,9935.92
180,60,9910.8
180,61,9902.76
180,62,9904.01
180,63,9924.32
180,64,9922.6
180,65,9911.03
180,66,9908.51
180,67,9914.13
180,68,9902.52
180,69,9922.14
180,70,9910.65
180,71,9917.22
180,72,9913.93
180,73,9926.89
180,74,9938.63
180,75,9927.8
180,76,9902.98
180,77,9928.89
180,78,9905.04
180,79,9928.92
180,80,9924.24
180,81,9910.25
180,82,9902.28
180,83,9913.72
180,84,9910.99
180,85,9916.18
180,86,9929.38
180,87,9918.53
180,88,9917.63
180,89,9914.1
180,90,9910.95
180,91,9907.52
180,92,9911.99
180,93,9922.4
180,94,9909.41
180,95,9908.15
180,96,9905.16
180,97,9908.23
180,98,9914.08
180,99,9922.78
190,0,9912.57
190,1,9907.39
190,2,9921.29
190,3,9900.73
190,4,9899.73
190,5,9902.14
190,6,9903.38
190,7,9903.12
190,8,9892.78
190,9,9895.69
190,10,9904.49
190,11,9910.26
190,12,9896.46
190,13,9905.26
190,14,9888.85
190,15,9895.27
190,16,9911.85
190,17,9922.3
190,18,9909.97
190,19,9915.36
190,20,9899.49
190,21,9902.09
190,22,9906.58
190,23,9889.27
190,24,9905.1
190,25,9907.09
190,26,9897.76
190,27,9890.62
190,28,9893.03
190,29,9895.09
190,30,9905.14
190,31,9911.54
190,32,9901.81
190,33,9910.15
190,34,9887.88
190,35,9892.63
190,36,9905.56
190,37,9892.63
190,38,9913.57
190,39,9902.78
190,40,9901.64
190,41,9903.64
190,42,9914.13
190,43,9902.61
190,44,9919.68
190,45,9895.43
190,46,9920.48
190,47,9914.66
190,48,9920.65
190,49,9906.91
190,50,9895.33
190,51,9921.53
190,52,9909.45
190,53,9909.29
190,54,9893.1
190,55,9895.09
190,56,9898.23
190,57,9886.23
190,58,9885.89
190,59,9925.7
190,60,9898.76
190,61,9891.28
190,62,9889.61
190,63,9909.57
190,64,9905.96
190,65,9899.15
190,66,9894.2
190,67,9901.97
190,68,9887.56
190,69,9909.8
190,70,9900.07
190,71,9902.1
190,72,9897.95
190,73,9915.79
190,74,9927.42
190,75,9914.72
190,76,9887.47
190,77,9916.82
190,78,9889.67
190,79,9918.41
190,80,9912.69
190,81,9897.06
190,82,9890.29
190,83,9902.83
190,84,9895.77
190,85,9904.58
190,86,9915.95
190,87,9903.05
190,88,9904.97
190,89,9900.15
190,90,9898.05
190,91,9893.92
190,92,9899.92
190,93,9907.56
190,94,9896.23
190,95,9892.04
190,96,9891.07
190,97,9893.07
190,98,9901.33
190,99,9910.45
200,0,9911.45
200,1,9903.7
200,2,9920.12
200,3,9900.5
200,4,9894.41
200,5,9899.92
200,6,9900.11
200,7,9899.79
200,8,9887.96
200,9,9890.81
200,10,9900.67
200,11,9907.6
200,12,9892.77
200,13,9901.28
200,14,9883.72
200,15,9891.92
200,16,9907.54
200,17,9920.27
200,18,9907.07
200,19,9912.1
200,20,9896.07
200,21,9898.25
200,22,9903.53
200,23,9885.11
200,24,9902.14
200,25,9903.01
200,26,9893.77
200,27,9884.2
200,28,9887.7
200,29,9894.86
200,30,9902.02
200,31,9908.9
200,32,9897.83
200,33,9906.06
200,34,9883.76
200,35,9886.53
200,36,9902.68
200,37,9888.86
200,38,9911.58
200,39,9899.2
200,40,9898.52
200,41,9901.15
200,42,9911.63
200,43,9899.8
200,44,9916.46
200,45,9891.17
200,46,9917.62
200,47,9913.26
200,48,9918.69
200,49,9903.07
200,50,9891.01
200,51,9920.12
200,52,9906.23
200,53,9906
200,54,9887.78
200,55,9889.47
200,56,9894.45
200,57,9881.18
200,58,9880.8
200,59,9924.07
200,60,9893.5
200,61,9881.16
200,62,9885.39
200,63,9907.83
200,64,9905.66
200,65,9894.43
200,66,9889.95
200,67,9897.44
200,68,9882.86
200,69,9906.72
200,70,9896.07
200,71,9899.28
200,72,9897.7
200,73,9912.57
200,74,9925.77
200,75,9913.33
200,76,9882.2
200,77,9914.31
200,78,9885.86
200,79,9915.85
200,80,9909.46
200,81,9892.45
200,82,9885.37
200,83,9897.71
200,84,9891.07
200,85,9900.35
200,86,9913.07
200,87,9902.8
200,88,9901.86
200,89,9895.54
200,90,9892.46
200,91,9889.07
200,92,9895.44
200,93,9905.12
200,94,9892.08
200,95,9887.45
200,96,9885.39
200,97,9892.84
200,98,9897.72
200,99,9907.67
210,0,9911.15
210,1,9903.4
210,2,9919.82
210,3,9900.2
210,4,9894.11
210,5,9899.62
210,6,9899.81
210,7,9899.49
210,8,9887.66
210,9,9890.51
210,10,9900.37
210,11,9907.3
210,12,9892.47
210,13,9900.98
210,14,9883.42
210,15,9891.62
210,16,9907.24
210,17,9919.97
210,18,9906.77
210,19,9911.8
210,20,9895.77
210,21,9897.95
210,22,9903.23
210,23,9884.81
210,24,9901.84
210,25,9902.71
210,26,9893.47
210,27,9883.9
210,28,9887.4
210,29,9894.56
210,30,9901.72
210,31,9908.6
210,32,9897.53
210,33,9905.76
210,34,9883.46
210,35,9886.23
210,36,9902.38
210,37,9888.56
210,38,9911.28
210,39,9898.9
210,40,9898.22
210,41,9900.85
210,42,9911.33
210,43,9899.5
210,44,9916.16
210,45,9890.87
210,46,9917.32
210,47,9912.96
210,48,9918.39
210,49,9902.77
210,50,9890.71
210,51,9919.82
210,52,9905.93
210,53,9905.7
210,54,9887.48
210,55,9889.17
210,56,9894.15
210,57,9880.88
210,58,9880.5
210,59,9923.77
210,60,9893.2
210,61,9880.86
210,62,9885.09
210,63,9907.53
210,64,9905.36
210,65,9894.13
210,66,9889.65
210,67,9897.14
210,68,9882.56
210,69,9906.42
210,70,9895.77
210,71,9898.98
210,72,9897.4
210,73,9912.27
210,74,9925.47
210,75,9913.03
210,76,9881.9
210,77,9914.01
210,78,9885.56
210,79,9915.55
210,80,9909.16
210,81,9892.15
210,82,9885.07
210,83,9897.41
210,84,9890.77
210,85,9900.05
210,86,9912.77
210,87,9902.5
210,88,9901.56
210,89,9895.24
210,90,9892.16
210,91,9888.77
210,92,9895.14
210,93,9904.82
210,94,9891.78
210,95,9887.15
210,96,9885.09
210,97,9892.54
210,98,9897.42
210,99,9907.37
220,0,9900.09
220,1,9890.14
220,2,9908.01
220,3,9885.59
220,4,9882.57
220,5,9886.03
220,6,9886.23
220,7,9885.78
220,8,9873.85
220,9,9875.13
220,10,9886.66
220,11,9894.71
220,12,9878.19
220,13,9887.77
220,14,9869.16
220,15,9879.35
220,16,9896.63
220,17,9909.83
220,18,9893.86
220,19,9901.7
220,20,9884.03
220,21,9884.5
220,22,9892.05
220,23,9870.32
220,24,9887.37
220,25,9889.02
220,26,9882.43
220,27,9870.93
220,28,9875.72
220,29,9880.61
220,30,9890.14
220,31,9897.12
220,32,9885.31
220,33,9893.47
220,34,9868.61
220,35,9878.28
220,36,9890.94
220,37,9874
220,38,9898.88
220,39,9886.14
220,40,9885.36
220,41,9889.58
220,42,9898.85
220,43,9887.33
220,44,9905.58
220,45,9877.71
220,46,9906.15
220,47,9899.59
220,48,9906.61
220,49,9890.74
220,50,9877.05
220,51,9908.13
220,52,9893.85
220,53,9893.04
220,54,9874.97
220,55,9872.13
220,56,9879.63
220,57,9867.55
220,58,9868.67
220,59,9913.35
220,60,9878.28
220,61,9869.44
220,62,9870.75
220,63,9896.92
220,64,9891.12
220,65,9879.55
220,66,9875.31
220,67,9884.67
220,68,9868.97
220,69,9895.18
220,70,9883.31
220,71,9884.11
220,72,9886.5
220,73,9901.28
220,74,9914.34
220,75,9900.72
220,76,9871.63
220,77,9901.85
220,78,9871.78
220,79,9904.97
220,80,9896.82
220,81,9878.95
220,82,9870.15
220,83,9883.45
220,84,9875.82
220,85,9888.36
220,86,9902.26
220,87,9888.17
220,88,9888.19
220,89,9881.88
220,90,9879.44
220,91,9875.26
220,92,9883.9
220,93,9892.75
220,94,9878.1
220,95,9872.85
220,96,9869.68
220,97,9879.34
220,98,9885.81
220,99,9895.02
230,0,9896.5
230,1,9889.9
230,2,9907.76
230,3,9885.36
230,4,9882.32
230,5,9885.78
230,6,9885.98
230,7,9885.54
230,8,9873.21
230,9,9874.91
230,10,9886.42
230,11,9894.45
230,12,9877.95
230,13,9887.53
230,14,9868.94
230,15,9879.09
230,16,9892.33
230,17,9909.55
230,18,9893.6
230,19,9901.43
230,20,9883.77
230,21,9884.27
230,22,9891.78
230,23,9870.08
230,24,9887.14
230,25,9888.79
230,26,9882.18
230,27,9867.44
230,28,9870.59
230,29,9880.37
230,30,9889.88
230,31,9896.87
230,32,9885.05
230,33,9893.23
230,34,9868.39
230,35,9872.18
230,36,9890.69
230,37,9873.76
230,38,9898.62
230,39,9885.88
230,40,9885.1
230,41,9885.26
230,42,9898.59
230,43,9887.07
230,44,9905.33
230,45,9877.48
230,46,9905.88
230,47,9899.33
230,48,9906.35
230,49,9890.49
230,50,9876.82
230,51,9907.86
230,52,9893.58
230,53,9892.79
230,54,9874.73
230,55,9871.91
230,56,9879.38
230,57,9861.19
230,58,9864.56
230,59,9913.07
230,60,9878.06
230,61,9864.07
230,62,9870.51
230,63,9896.64
230,64,9890.85
230,65,9879.32
230,66,9875.08
230,67,9884.41
230,68,9868.12
230,69,9894.92
230,70,9883.08
230,71,9883.88
230,72,9886.23
230,73,9901
230,74,9914.07
230,75,9900.46
230,76,9866.4
230,77,9901.59
230,78,9871.53
230,79,9904.69
230,80,9896.57
230,81,9877.77
230,82,9869.91
230,83,9883.22
230,84,9875.59
230,85,9888.12
230,86,9901.99
230,87,9887.93
230,88,9887.94
230,89,9881.66
230,90,9879.19
230,91,9875.03
230,92,9879.4
230,93,9892.5
230,94,9877.87
230,95,9872.61
230,96,9869.46
230,97,9874.87
230,98,9885.56
230,99,9894.76
240,0,9896.2
240,1,9889.6
240,2,9907.46
240,3,9885.06
240,4,9882.02
240,5,9885.48
240,6,9885.68
240,7,9885.24
240,8,9872.91
240,9,9874.61
240,10,9886.12
240,11,9894.15
240,12,9877.65
240,13,9887.23
240,14,9868.64
240,15,9878.79
240,16,9892.03
240,17,9909.25
240,18,9893.3
240,19,9901.13
240,20,9883.47
240,21,9883.97
240,22,9891.48
240,23,9869.78
240,24,9886.84
240,25,9888.49
240,26,9881.88
240,27,9867.14
240,28,9870.29
240,29,9880.07
240,30,9889.58
240,31,9896.57
240,32,9884.75
240,33,9892.93
240,34,9868.09
240,35,9871.88
240,36,9890.39
240,37,9873.46
240,38,9898.32
240,39,9885.58
240,40,9884.8
240,41,9884.96
240,42,9898.29
240,43,9886.77
240,44,9905.03
240,45,9877.18
240,46,9905.58
240,47,9899.03
240,48,9906.05
240,49,9890.19
240,50,9876.52
240,51,9907.56
240,52,9893.28
240,53,9892.49
240,54,9874.43
240,55,9871.61
240,56,9879.08
240,57,9860.89
240,58,9864.26
240,59,9912.77
240,60,9877.76
240,61,9863.77
240,62,9870.21
240,63,9896.34
240,64,9890.55
240,65,9879.02
240,66,9874.78
240,67,9884.11
240,68,9867.82
240,69,9894.62
240,70,9882.78
240,71,9883.58
240,72,9885.93
240,73,9900.7
240,74,9913.77
240,75,9900.16
240,76,9866.1
240,77,9901.29
240,78,9871.23
240,79,9904.39
240,80,9896.27
240,81,9877.47
240,82,9869.61
240,83,9882.92
240,84,9875.29
240,85,9887.82
240,86,9901.69
240,87,9887.63
240,88,9887.64
240,89,9881.36
240,90,9878.89
240,91,9874.73
240,92,9879.1
240,93,9892.2
240,94,9877.57
240,95,9872.31
240,96,9869.16
240,97,9874.57
240,98,9885.26
240,99,9894.46
250,0,9883.35
250,1,9878.57
250,2,9896.96
250,3,9872.41
250,4,9871
250,5,9872.16
250,6,9872.42
250,7,9871.68
250,8,9861.67
250,9,9864.54
250,10,9875.67
250,11,9881.61
250,12,9867.2
250,13,9877.89
250,14,9858.53
250,15,9867.01
250,16,9881.4
250,17,9898.61
250,18,9881.81
250,19,9888.37
250,20,9871.88
250,21,9870.64
250,22,9880.71
250,23,9859.65
250,24,9873.12
250,25,9878.18
250,26,9870.45
250,27,9854.18
250,28,9855.5
250,29,9867.04
250,30,9876.67
250,31,9885.25
250,32,9871.94
250,33,9883.44
250,34,9855.9
250,35,9861.95
250,36,9877.4
250,37,9863.01
250,38,9886.16
250,39,9873.23
250,40,9872.28
250,41,9873.65
250,42,9885.45
250,43,9873.33
250,44,9894.35
250,45,9868.11
250,46,9894.3
250,47,9886.56
250,48,9896.24
250,49,9881.02
250,50,9868.09
250,51,9897.21
250,52,9881.64
250,53,9883.18
250,54,9864.41
250,55,9860.8
250,56,9867.96
250,57,9847.56
250,58,9855.27
250,59,9903.84
250,60,9868.81
250,61,9850.89
250,62,9857.55
250,63,9886.38
250,64,9876.54
250,65,9866.49
250,66,9863.02
250,67,9874.53
250,68,9858.96
250,69,9883.73
250,70,9871.56
250,71,9869.73
250,72,9873.47
250,73,9889.47
250,74,9903.75
250,75,9889.38
250,76,9855.58
250,77,9891.07
250,78,9857.61
250,79,9894.1
250,80,9885.03
250,81,9868.21
250,82,9860.31
250,83,9869.07
250,84,9866.94
250,85,9877.72
250,86,9891.07
250,87,9875.24
250,88,9875.63
250,89,9870.39
250,90,9865.06
250,91,9862.42
250,92,9868.06
250,93,9880.17
250,94,9867.1
250,95,9862.5
250,96,9858.04
250,97,9861.42
250,98,9874.43
250,99,9882.07
260,0,9882.34
260,1,9874.87
260,2,9895.73
260,3,9868.34
260,4,9865.76
260,5,9870.31
260,6,9869.34
260,7,9868.42
260,8,9856.86
260,9,9855.7
260,10,9868.13
260,11,9878.88
260,12,9863.56
260,13,9870.02
260,14,9853.44
260,15,9863.81
260,16,9873.07
260,17,9896.49
260,18,9879.02
260,19,9885.1
260,20,9868.27
260,21,9866.82
260,22,9877.64
260,23,9849.64
260,24,9870.31
260,25,9874.18
260,26,9866.53
260,27,9847.8
260,28,9850.49
260,29,9863.14
260,30,9873.65
260,31,9882.56
260,32,9868.05
260,33,9875.49
260,34,9851.83
260,35,9855.85
260,36,9874.74
260,37,9855.74
260,38,9884.26
260,39,9869.78
260,40,9869.36
260,41,9871.44
260,42,9882.92
260,43,9870.64
260,44,9891.09
260,45,9859.59
260,46,9891.28
260,47,9885.21
260,48,9894.21
260,49,9873.54
260,50,9858.68
260,51,9895.63
260,52,9878.62
260,53,9879.68
260,54,9854.32
260,55,9854.58
260,56,9864.15
260,57,9842.68
260,58,9845.3
260,59,9902.07
260,60,9859.68
260,61,9845.56
260,62,9853.43
260,63,9884.65
260,64,9876.24
260,65,9861.73
260,66,9858.86
260,67,9865.63
260,68,9849.84
260,69,9880.68
260,70,9867.69
260,71,9867.12
260,72,9871.2
260,73,9886.26
260,74,9901.99
260,75,9888.04
260,76,9845.56
260,77,9888.27
260,78,9854
260,79,9891.51
260,80,9881.75
260,81,9863.66
260,82,9850.75
260,83,9865.45
260,84,9857.6
260,85,9869.38
260,86,9888.16
260,87,9873.22
260,88,9872.59
260,89,9865.55
260,90,9859.46
260,91,9857.65
260,92,9863.57
260,93,9877.76
260,94,9863.06
260,95,9853.72
260,96,9847.37
260,97,9858.42
260,98,9870.78
260,99,9879.17
270,0,9882.04
270,1,9874.57
270,2,9895.43
270,3,9868.04
270,4,9865.46
270,5,9870.01
270,6,9869.04
270,7,9868.12
270,8,9856.56
270,9,9855.4
270,10,9867.83
270,11,9878.58
270,12,9863.26
270,13,9869.72
270,14,9853.14
270,15,9863.51
270,16,9872.77
270,17,9896.19
270,18,9878.72
270,19,9884.8
270,20,9867.97
270,21,9866.52
270,22,9877.34
270,23,9849.34
270,24,9870.01
270,25,9873.88
270,26,9866.23
270,27,9847.5
270,28,9850.19
270,29,9862.84
270,30,9873.35
270,31,9882.26
270,32,9867.75
270,33,9875.19
270,34,9851.53
270,35,9855.55
270,36,9874.44
270,37,9855.44
270,38,9883.96
270,39,9869.48
270,40,9869.06
270,41,9871.14
270,42,9882.62
270,43,9870.34
270,44,9890.79
270,45,9859.29
270,46,9890.98
270,47,9884.91
270,48,9893.91
270,49,9873.24
270,50,9858.38
270,51,9895.33
270,52,9878.32
270,53,9879.38
270,54,9854.02
270,55,9854.28
270,56,9863.85
270,57,9842.38
270,58,9845
270,59,9901.77
270,60,9859.38
270,61,9845.26
270,62,9853.13
270,63,9884.35
270,64,9875.94
270,65,9861.43
270,66,9858.56
270,67,9865.33
270,68,9849.54
270,69,9880.38
270,70,9867.39
270,71,9866.82
270,72,9870.9
270,73,9885.96
270,74,9901.69
270,75,9887.74
270,76,9845.26
270,77,9887.97
270,78,9853.7
270,79,9891.21
270,80,9881.45
270,81,9863.36
270,82,9850.45
270,83,9865.15
270,84,9857.3
270,85,9869.08
270,86,9887.86
270,87,9872.92
270,88,9872.29
270,89,9865.25
270,90,9859.16
270,91,9857.35
270,92,9863.27
270,93,9877.46
270,94,9862.76
270,95,9853.42
270,96,9847.07
270,97,9858.12
270,98,9870.48
270,99,9878.87
280,0,9869.28
280,1,9865.5
280,2,9886.04
280,3,9854.01
280,4,9857.52
280,5,9857.9
280,6,9856.61
280,7,9855.1
280,8,9845.12
280,9,9845.02
280,10,9857.73
280,11,9866.05
280,12,9851.49
280,13,9860.26
280,14,9841.49
280,15,9854.56
280,16,9864.35
280,17,9887.45
280,18,9868.01
280,19,9874.81
280,20,9860
280,21,9857.34
280,22,9866.7
280,23,9838.03
280,24,9856.25
280,25,9863.79
280,26,9855.03
280,27,9837.33
280,28,9838.68
280,29,9851.65
280,30,9860.31
280,31,9873.94
280,32,9855.91
280,33,9865.83
280,34,9839.72
280,35,9846.72
280,36,9865.08
280,37,9845.15
280,38,9873.29
280,39,9857.39
280,40,9860.27
280,41,9858.36
280,42,9870.71
280,43,9855.95
280,44,9883.17
280,45,9848.3
280,46,9882.37
280,47,9872.34
280,48,9884.38
280,49,9865.07
280,50,9849.94
280,51,9885.22
280,52,9868
280,53,9869.85
280,54,9843.51
280,55,9842.37
280,56,9852.44
280,57,9827.92
280,58,9830.68
280,59,9891.63
280,60,9850.35
280,61,9833.45
280,62,9840.28
280,63,9874.94
280,64,9861.83
280,65,9852.32
280,66,9846.74
280,67,9856.28
280,68,9840.99
280,69,9870.72
280,70,9856.29
280,71,9853.11
280,72,9858.55
280,73,9875.48
280,74,9891.99
280,75,9877.09
280,76,9834.76
280,77,9878.08
280,78,9842.39
280,79,9881.22
280,80,9872.1
280,81,9852.3
280,82,9837.12
280,83,9856.32
280,84,9846.58
280,85,9859.37
280,86,9879.35
280,87,9860.99
280,88,9860.53
280,89,9855.15
280,90,9847.18
280,91,9845.1
280,92,9852.19
280,93,9869.41
280,94,9850.12
280,95,9843.66
280,96,9836.68
280,97,9848.73
280,98,9859.31
280,99,9869.34
290,0,9868.3
290,1,9858.34
290,2,9884.73
290,3,9849.93
290,4,9848.49
290,5,9856.2
290,6,9853.62
290,7,9851.88
290,8,9840.31
290,9,9841.51
290,10,9850.13
290,11,9863.34
290,12,9847.9
290,13,9852.34
290,14,9836.46
290,15,9846.67
290,16,9856
290,17,9883.41
290,18,9865.28
290,19,9868.43
290,20,9852.59
290,21,9849.8
290,22,9863.62
290,23,9828.22
290,24,9853.51
290,25,9859.83
290,26,9851.13
290,27,9824.79
290,28,9828.98
290,29,9847.76
290,30,9857.29
290,31,9868.72
290,32,9852.07
290,33,9857.89
290,34,9833.32
290,35,9836.44
290,36,9860.17
290,37,9837.89
290,38,9871.42
290,39,9854
290,40,9854.83
290,41,9856.32
290,42,9867.16
290,43,9853.3
290,44,9876.78
290,45,9843.85
290,46,9876.41
290,47,9870.4
290,48,9882.32
290,49,9857.56
290,50,9840.55
290,51,9883.56
290,52,9865.06
290,53,9866.28
290,54,9838.43
290,55,9838.31
290,56,9848.6
290,57,9823.16
290,58,9825.6
290,59,9889.82
290,60,9841.29
290,61,9827.09
290,62,9832.85
290,63,9873.23
290,64,9861.55
290,65,9842.97
290,66,9842.63
290,67,9847.37
290,68,9831.87
290,69,9867.69
290,70,9852.45
290,71,9849.79
290,72,9856.42
290,73,9872.26
290,74,9890.16
290,75,9875.78
290,76,9824.87
290,77,9875.14
290,78,9838.84
290,79,9878.63
290,80,9865.7
290,81,9847.8
290,82,9832.74
290,83,9847.77
290,84,9837.2
290,85,9850.97
290,86,9873.72
290,87,9859.02
290,88,9857.54
290,89,9845.6
290,90,9841.6
290,91,9840.35
290,92,9847.7
290,93,9863.12
290,94,9846.16
290,95,9834.99
290,96,9826.2
290,97,9843.05
290,98,9855.63
290,99,9863.64
300,0,9868
300,1,9858.04
300,2,9884.43
300,3,9849.63
300,4,9848.19
300,5,9855.9
300,6,9853.32
300,7,9851.58
300,8,9840.01
300,9,9841.21
300,10,9849.83
300,11,9863.04
300,12,9847.6
300,13,9852.04
300,14,9836.16
300,15,9846.37
300,16,9855.7
300,17,9883.11
300,18,9864.98
300,19,9868.13
300,20,9852.29
300,21,9849.5
300,22,9863.32
300,23,9827.92
300,24,9853.21
300,25,9859.53
300,26,9850.83
300,27,9824.49
300,28,9828.68
300,29,9847.46
300,30,9856.99
300,31,9868.42
300,32,9851.77
300,33,9857.59
300,34,9833.02
300,35,9836.14
300,36,9859.87
300,37,9837.59
300,38,9871.12
300,39,9853.7
300,40,9854.53
300,41,9856.02
300,42,9866.86
300,43,9853
300,44,9876.48
300,45,9843.55
300,46,9876.11
300,47,9870.1
300,48,9882.02
300,49,9857.26
300,50,9840.25
300,51,9883.26
300,52,9864.76
300,53,9865.98
300,54,9838.13
300,55,9838.01
300,56,9848.3
300,57,9822.86
300,58,9825.3
300,59,9889.52
300,60,9840.99
300,61,9826.79
300,62,9832.55
300,63,9872.93
300,64,9861.25
300,65,9842.67
300,66,9842.33
300,67,9847.07
300,68,9831.57
300,69,9867.39
300,70,9852.15
300,71,9849.49
300,72,9856.12
300,73,9871.96
300,74,9889.86
300,75,9875.48
300,76,9824.57
300,77,9874.84
300,78,9838.54
300,79,9878.33
300,80,9865.4
300,81,9847.5
300,82,9832.44
300,83,9847.47
300,84,9836.9
300,85,9850.67
300,86,9873.42
300,87,9858.72
300,88,9857.24
300,89,9845.3
300,90,9841.3
300,91,9840.05
300,92,9847.4
300,93,9862.82
300,94,9845.86
300,95,9834.69
300,96,9825.9
300,97,9842.75
300,98,9855.33
300,99,9863.34
310,0,9855.32
310,1,9849.47
310,2,9876.28
310,3,9841.54
310,4,9841.72
310,5,9842.77
310,6,9844.27
310,7,9838.61
310,8,9831.64
310,9,9831.54
310,10,9842.63
310,11,9850.59
310,12,9837.75
310,13,9842.59
310,14,9826.47
310,15,9835.95
310,16,9847.59
310,17,9874.45
310,18,9856.1
310,19,9860.89
310,20,9844.25
310,21,9841.57
310,22,9856.24
310,23,9817.97
310,24,9841.77
310,25,9850.63
310,26,9843.23
310,27,9817.66
310,28,9817.51
310,29,9834.86
310,30,9846.99
310,31,9856.71
310,32,9839.88
310,33,9848.76
310,34,9820.55
310,35,9828.46
310,36,9849.62
310,37,9827.22
310,38,9860.57
310,39,9841.59
310,40,9843.44
310,41,9845.25
310,42,9855.04
310,43,9844.26
310,44,9869.15
310,45,9836.52
310,46,9865.67
310,47,9857.56
310,48,9872.03
310,49,9848.73
310,50,9831.77
310,51,9874.99
310,52,9854.89
310,53,9856.51
310,54,9831.76
310,55,9827.07
310,56,9839.69
310,57,9809.46
310,58,9816.96
310,59,9880.94
310,60,9831.91
310,61,9820.58
310,62,9822.05
310,63,9864.55
310,64,9849.96
310,65,9831.26
310,66,9833.88
310,67,9838.09
310,68,9823.12
310,69,9858.5
310,70,9840.23
310,71,9836.68
310,72,9842.78
310,73,9861.52
310,74,9879.86
310,75,9864.87
310,76,9814.18
310,77,9865.1
310,78,9827.39
310,79,9868.45
310,80,9856.48
310,81,9838.18
310,82,9823.39
310,83,9838.63
310,84,9828.77
310,85,9843.03
310,86,9863.67
310,87,9845.24
310,88,9847.07
310,89,9836.2
310,90,9829.39
310,91,9832.49
310,92,9837.91
310,93,9853.58
310,94,9833.35
310,95,9825.42
310,96,9815.24
310,97,9832.56
310,98,9847.88
310,99,9853.73
320,0,9855.1
320,1,9848.29
320,2,9872.87
320,3,9838.54
320,4,9837.71
320,5,9842.55
320,6,9840.64
320,7,9837.97
320,8,9831.39
320,9,9825.97
320,10,9839.14
320,11,9850.38
320,12,9837.51
320,13,9841.82
320,14,9823.58
320,15,9831.05
320,16,9847.33
320,17,9874.19
320,18,9855.85
320,19,9857.78
320,20,9840.55
320,21,9837.29
320,22,9853.21
320,23,9812.06
320,24,9839.16
320,25,9849.9
320,26,9839.74
320,27,9810.14
320,28,9817.12
320,29,9834.64
320,30,9843.76
320,31,9856.46
320,32,9839.19
320,33,9847.81
320,34,9820.33
320,35,9828.22
320,36,9849.37
320,37,9826.97
320,38,9859.25
320,39,9841.37
320,40,9843.21
320,41,9845.02
320,42,9854.82
320,43,9840.28
320,44,9868.88
320,45,9832.25
320,46,9865.43
320,47,9857.34
320,48,9871.78
320,49,9848.48
320,50,9827.13
320,51,9874.72
320,52,9854.65
320,53,9854.72
320,54,9825.93
320,55,9826.84
320,56,9835.52
320,57,9807.38
320,58,9816.71
320,59,9880.67
320,60,9826.5
320,61,9816.98
320,62,9816.18
320,63,9864.3
320,64,9849.72
320,65,9831.04
320,66,9830.82
320,67,9837.84
320,68,9819.72
320,69,9858.25
320,70,9840.02
320,71,9836.08
320,72,9842.57
320,73,9861.28
320,74,9879.61
320,75,9864.62
320,76,9813.95
320,77,9864.86
320,78,9825.83
320,79,9868.2
320,80,9855.85
320,81,9835.63
320,82,9818.89
320,83,9833.49
320,84,9828.52
320,85,9839.46
320,86,9863.43
320,87,9845.02
320,88,9846.84
320,89,9835.95
320,90,9828.76
320,91,9829.32
320,92,9835.04
320,93,9849.46
320,94,9833.15
320,95,9825.16
320,96,9812.01
320,97,9832.32
320,98,9843.98
320,99,9853.48
330,0,9854.8
330,1,9847.99
330,2,9872.57
330,3,9838.24
330,4,9837.41
330,5,9842.25
330,6,9840.34
330,7,9837.67
330,8,9831.09
330,9,9825.67
330,10,9838.84
330,11,9850.08
330,12,9837.21
330,13,9841.52
330,14,9823.28
330,15,9830.75
330,16,9847.03
330,17,9873.89
330,18,9855.55
330,19,9857.48
330,20,9840.25
330,21,9836.99
330,22,9852.91
330,23,9811.76
330,24,9838.86
330,25,9849.6
330,26,9839.44
330,27,9809.84
330,28,9816.82
330,29,9834.34
330,30,9843.46
330,31,9856.16
330,32,9838.89
330,33,9847.51
330,34,9820.03
330,35,9827.92
330,36,9849.07
330,37,9826.67
330,38,9858.95
330,39,9841.07
330,40,9842.91
330,41,9844.72
330,42,9854.52
330,43,9839.98
330,44,9868.58
330,45,9831.95
330,46,9865.13
330,47,9857.04
330,48,9871.48
330,49,9848.18
330,50,9826.83
330,51,9874.42
330,52,9854.35
330,53,9854.42
330,54,9825.63
330,55,9826.54
330,56,9835.22
330,57,9807.08
330,58,9816.41
330,59,9880.37
330,60,9826.2
330,61,9816.68
330,62,9815.88
330,63,9864
330,64,9849.42
330,65,9830.74
330,66,9830.52
330,67,9837.54
330,68,9819.42
330,69,9857.95
330,70,9839.72
330,71,9835.78
330,72,9842.27
330,73,9860.98
330,74,9879.31
330,75,9864.32
330,76,9813.65
330,77,9864.56
330,78,9825.53
330,79,9867.9
330,80,9855.55
330,81,9835.33
330,82,9818.59
330,83,9833.19
330,84,9828.22
330,85,9839.16
330,86,9863.13
330,87,9844.72
330,88,9846.54
330,89,9835.65
330,90,9828.46
330,91,9829.02
330,92,9834.74
330,93,9849.16
330,94,9832.85
330,95,9824.86
330,96,9811.71
330,97,9832.02
330,98,9843.68
330,99,9853.18
340,0,9846.47
340,1,9839.29
340,2,9866.92
340,3,9830.62
340,4,9831
340,5,9832.36
340,6,9833.73
340,7,9830.86
340,8,9824.93
340,9,9816.61
340,10,9832.44
340,11,9837.77
340,12,9831.01
340,13,9836.82
340,14,9817.9
340,15,9821.62
340,16,9838.81
340,17,9865.34
340,18,9849.89
340,19,9848.32
340,20,9834.04
340,21,9829.51
340,22,9846.89
340,23,9801.9
340,24,9829.2
340,25,9843.88
340,26,9833.22
340,27,9802.44
340,28,9805.53
340,29,9826.2
340,30,9836.12
340,31,9850.24
340,32,9833.52
340,33,9841.72
340,34,9808.75
340,35,9821.92
340,36,9841.57
340,37,9818.09
340,38,9847.69
340,39,9833.68
340,40,9832.12
340,41,9835.96
340,42,9842.83
340,43,9831.08
340,44,9863.27
340,45,9824.8
340,46,9857.24
340,47,9844.64
340,48,9861.97
340,49,9843.3
340,50,9818.29
340,51,9866.29
340,52,9844.64
340,53,9844.86
340,54,9818.16
340,55,9816.07
340,56,9826.57
340,57,9793.93
340,58,9805.32
340,59,9871.79
340,60,9817.08
340,61,9810.4
340,62,9805.81
340,63,9854.4
340,64,9836.29
340,65,9822.91
340,66,9822.03
340,67,9831.65
340,68,9813.25
340,69,9851.23
340,70,9834.69
340,71,9827.15
340,72,9830.94
340,73,9852.79
340,74,9871.16
340,75,9853.56
340,76,9803.24
340,77,9854.95
340,78,9814.53
340,79,9858.05
340,80,9846.1
340,81,9826.08
340,82,9809.74
340,83,9825.22
340,84,9820.08
340,85,9831.51
340,86,9852.78
340,87,9834.28
340,88,9836.45
340,89,9826.57
340,90,9820.55
340,91,9821.48
340,92,9825.15
340,93,9840
340,94,9822.8
340,95,9817.94
340,96,9802.38
340,97,9823.6
340,98,9836.28
340,99,9843.58
350,0,9843.63
350,1,9838.45
350,2,9861.75
350,3,9823.72
350,4,9827.05
350,5,9828.2
350,6,9827.1
350,7,9823.84
350,8,9821.89
350,9,9813.46
350,10,9827.58
350,11,9837.57
350,12,9826.57
350,13,9834.27
350,14,9812.78
350,15,9818.63
350,16,9834.51
350,17,9865.1
350,18,9845.65
350,19,9848.09
350,20,9828.51
350,21,9825.22
350,22,9841.92
350,23,9796.09
350,24,9824.73
350,25,9840.57
350,26,9828.43
350,27,9795.46
350,28,9803.16
350,29,9822.38
350,30,9832.92
350,31,9847.79
350,32,9826.1
350,33,9838.59
350,34,9805.75
350,35,9818.3
350,36,9836.31
350,37,9812.21
350,38,9847.47
350,39,9830.48
350,40,9831.9
350,41,9835.61
350,42,9842.15
350,43,9827.12
350,44,9859.66
350,45,9818.3
350,46,9853.46
350,47,9843.76
350,48,9860.34
350,49,9839.99
350,50,9813.67
350,51,9863.8
350,52,9844.41
350,53,9842.9
350,54,9813.63
350,55,9812.92
350,56,9823.7
350,57,9791.83
350,58,9801.04
350,59,9869.89
350,60,9813.35
350,61,9806.82
350,62,9800.01
350,63,9851.67
350,64,9836.07
350,65,9819.46
350,66,9819.01
350,67,9824.83
350,68,9807.99
350,69,9848.17
350,70,9827.74
350,71,9822.49
350,72,9829.65
350,73,9849.56
350,74,9869.86
350,75,9853.33
350,76,9800.33
350,77,9854.72
350,78,9813.05
350,79,9856.6
350,80,9845.87
350,81,9825.86
350,82,9806.31
350,83,9821.76
350,84,9816.33
350,85,9827.93
350,86,9852.55
350,87,9834.05
350,88,9836.23
350,89,9820.71
350,90,9816
350,91,9818.41
350,92,9820.63
350,93,9838.14
350,94,9820.3
350,95,9811.58
350,96,9796.63
350,97,9820.53
350,98,9830.86
350,99,9842.34
360,0,9843.33
360,1,9838.15
360,2,9861.45
360,3,9823.42
360,4,9826.75
360,5,9827.9
360,6,9826.8
360,7,9823.54
360,8,9821.59
360,9,9813.16
360,10,9827.28
360,11,9837.27
360,12,9826.27
360,13,9833.97
360,14,9812.48
360,15,9818.33
360,16,9834.21
360,17,9864.8
360,18,9845.35
360,19,9847.79
360,20,9828.21
360,21,9824.92
360,22,9841.62
360,23,9795.79
360,24,9824.43
360,25,9840.27
360,26,9828.13
360,27,9795.16
360,28,9802.86
360,29,9822.08
360,30,9832.62
360,31,9847.49
360,32,9825.8
360,33,9838.29
360,34,9805.45
360,35,9818
360,36,9836.01
360,37,9811.91
360,38,9847.17
360,39,9830.18
360,40,9831.6
360,41,9835.31
360,42,9841.85
360,43,9826.82
360,44,9859.36
360,45,9818
360,46,9853.16
360,47,9843.46
360,48,9860.04
360,49,9839.69
360,50,9813.37
360,51,9863.5
360,52,9844.11
360,53,9842.6
360,54,9813.33
360,55,9812.62
360,56,9823.4
360,57,9791.53
360,58,9800.74
360,59,9869.59
360,60,9813.05
360,61,9806.52
360,62,9799.71
360,63,9851.37
360,64,9835.77
360,65,9819.16
360,66,9818.71
360,67,9824.53
360,68,9807.69
360,69,9847.87
360,70,9827.44
360,71,9822.19
360,72,9829.35
360,73,9849.26
360,74,9869.56
360,75,9853.03
360,76,9800.03
360,77,9854.42
360,78,9812.75
360,79,9856.3
360,80,9845.57
360,81,9825.56
360,82,9806.01
360,83,9821.46
360,84,9816.03
360,85,9827.63
360,86,9852.25
360,87,9833.75
360,88,9835.93
360,89,9820.41
360,90,9815.7
360,91,9818.11
360,92,9820.33
360,93,9837.84
360,94,9820
360,95,9811.28
360,96,9796.33
360,97,9820.23
360,98,9830.56
360,99,9842.04
370,0,9834.8
370,1,9829.33
370,2,9855.09
370,3,9814.3
370,4,9821.04
370,5,9819.45
370,6,9823.04
370,7,9816.9
370,8,9815.4
370,9,9804.3
370,10,9820.87
370,11,9829.39
370,12,9819.59
370,13,9824.39
370,14,9804.06
370,15,9810.45
370,16,9825.93
370,17,9856.77
370,18,9839.78
370,19,9842.25
370,20,9821.37
370,21,9816.15
370,22,9836.06
370,23,9785.99
370,24,9818.05
370,25,9833.91
370,26,9822.23
370,27,9786.63
370,28,9793.45
370,29,9813.61
370,30,9825.36
370,31,9842.03
370,32,9821.71
370,33,9831.73
370,34,9800.67
370,35,9812.05
370,36,9828.5
370,37,9804.66
370,38,9840.87
370,39,9823.72
370,40,9822.75
370,41,9826.34
370,42,9838.24
370,43,9817.86
370,44,9853.43
370,45,9812.08
370,46,9845.4
370,47,9837.09
370,48,9850.64
370,49,9835.34
370,50,9805.64
370,51,9854.39
370,52,9838.32
370,53,9835.8
370,54,9806.03
370,55,9803.59
370,56,9814.73
370,57,9785.4
370,58,9795.45
370,59,9860.96
370,60,9803.95
370,61,9800.51
370,62,9789.36
370,63,9843.38
370,64,9826.47
370,65,9810.01
370,66,9809.59
370,67,9818.48
370,68,9800.81
370,69,9841.09
370,70,9821.87
370,71,9818.68
370,72,9822.41
370,73,9841.08
370,74,9861.36
370,75,9843.82
370,76,9792.5
370,77,9845.43
370,78,9803.42
370,79,9849.3
370,80,9836.09
370,81,9821.11
370,82,9796.84
370,83,9813.44
370,84,9810.21
370,85,9818.27
370,86,9844
370,87,9825.24
370,88,9829.65
370,89,9811.33
370,90,9808.64
370,91,9810.59
370,92,9810.67
370,93,9831.03
370,94,9814.45
370,95,9805.64
370,96,9787.23
370,97,9811.81
370,98,9823.29
370,99,9833.14
380,0,9831.97
380,1,9829.11
380,2,9851.07
380,3,9814.07
380,4,9817.11
380,5,9816.5
380,6,9815.22
380,7,9811.03
380,8,9812.35
380,9,9804.08
380,10,9819.28
380,11,9824.9
380,12,9818.38
380,13,9824.18
380,14,9802.65
380,15,9810.21
380,16,9825.69
380,17,9856.54
380,18,9834.31
380,19,9841.34
380,20,9820.53
380,21,9815.92
380,22,9835.11
380,23,9785.77
380,24,9811.43
380,25,9831.11
380,26,9820.8
380,27,9786.42
380,28,9791.72
380,29,9808.88
380,30,9825.11
380,31,9837.47
380,32,9814.54
380,33,9828.97
380,34,9793.84
380,35,9808.48
380,36,9826.77
380,37,9804.43
380,38,9836.57
380,39,9821.05
380,40,9822.52
380,41,9824.32
380,42,9831.98
380,43,9813.92
380,44,9852.1
380,45,9809.91
380,46,9843.68
380,47,9832.72
380,48,9850.41
380,49,9833.18
380,50,9800.75
380,51,9854.16
380,52,9833.03
380,53,9833.34
380,54,9803.27
380,55,9801.84
380,56,9813.84
380,57,9779.33
380,58,9792.82
380,59,9860.73
380,60,9803.73
380,61,9796.94
380,62,9789.15
380,63,9840.91
380,64,9826.24
380,65,9809.78
380,66,9804.66
380,67,9814.33
380,68,9798.57
380,69,9836.42
380,70,9816.97
380,71,9809.32
380,72,9817.79
380,73,9840.85
380,74,9861.12
380,75,9843.59
380,76,9788.58
380,77,9845.21
380,78,9797.99
380,79,9845.94
380,80,9835.87
380,81,9815.63
380,82,9791.18
380,83,9813.21
380,84,9807.69
380,85,9818.03
380,86,9843.76
380,87,9821.86
380,88,9825.43
380,89,9811.11
380,90,9804.19
380,91,9808.68
380,92,9810.45
380,93,9828.65
380,94,9809.94
380,95,9803.45
380,96,9787.02
380,97,9811.58
380,98,9822.68
380,99,9832.91
390,0,9831.67
390,1,9828.81
390,2,9850.77
390,3,9813.77
390,4,9816.81
390,5,9816.2
390,6,9814.92
390,7,9810.73
390,8,9812.05
390,9,9803.78
390,10,9818.98
390,11,9824.6
390,12,9818.08
390,13,9823.88
390,14,9802.35
390,15,9809.91
390,16,9825.39
390,17,9856.24
390,18,9834.01
390,19,9841.04
390,20,9820.23
390,21,9815.62
390,22,9834.81
390,23,9785.47
390,24,9811.13
390,25,9830.81
390,26,9820.5
390,27,9786.12
390,28,9791.42
390,29,9808.58
390,30,9824.81
390,31,9837.17
390,32,9814.24
390,33,9828.67
390,34,9793.54
390,35,9808.18
390,36,9826.47
390,37,9804.13
390,38,9836.27
390,39,9820.75
390,40,9822.22
390,41,9824.02
390,42,9831.68
390,43,9813.62
390,44,9851.8
390,45,9809.61
390,46,9843.38
390,47,9832.42
390,48,9850.11
390,49,9832.88
390,50,9800.45
390,51,9853.86
390,52,9832.73
390,53,9833.04
390,54,9802.97
390,55,9801.54
390,56,9813.54
390,57,9779.03
390,58,9792.52
390,59,9860.43
390,60,9803.43
390,61,9796.64
390,62,9788.85
390,63,9840.61
390,64,9825.94
390,65,9809.48
390,66,9804.36
390,67,9814.03
390,68,9798.27
390,69,9836.12
390,70,9816.67
390,71,9809.02
390,72,9817.49
390,73,9840.55
390,74,9860.82
390,75,9843.29
390,76,9788.28
390,77,9844.91
390,78,9797.69
390,79,9845.64
390,80,9835.57
390,81,9815.33
390,82,9790.88
390,83,9812.91
390,84,9807.39
390,85,9817.73
390,86,9843.46
390,87,9821.56
390,88,9825.13
390,89,9810.81
390,90,9803.89
390,91,9808.38
390,92,9810.15
390,93,9828.35
390,94,9809.64
390,95,9803.15
390,96,9786.72
390,97,9811.28
390,98,9822.38
390,99,9832.61
400,0,9827.42
400,1,9825.29
400,2,9845.84
400,3,9809.73
400,4,9811.94
400,5,9811.64
400,6,9811.03
400,7,9806.27
400,8,9807.8
400,9,9800.48
400,10,9812.74
400,11,9820.56
400,12,9811.61
400,13,9817.69
400,14,9797.9
400,15,9806.18
400,16,9817.02
400,17,9849.12
400,18,9828.52
400,19,9835.4
400,20,9814.58
400,21,9812.7
400,22,9829.06
400,23,9781.26
400,24,9806.16
400,25,9825.79
400,26,9814.37
400,27,9781.57
400,28,9786.18
400,29,9800.91
400,30,9817.72
400,31,9832.13
400,32,9810.1
400,33,9824.98
400,34,9788.72
400,35,9802.28
400,36,9819.93
400,37,9798.3
400,38,9830.68
400,39,9814.43
400,40,9817.01
400,41,9820.23
400,42,9827.91
400,43,9807.59
400,44,9845.94
400,45,9804.33
400,46,9840.17
400,47,9829.63
400,48,9842.14
400,49,9827.62
400,50,9797.24
400,51,9849.71
400,52,9826.95
400,53,9829.47
400,54,9799.32
400,55,9797.55
400,56,9809.16
400,57,9772.98
400,58,9787.36
400,59,9856.39
400,60,9799.4
400,61,9793.06
400,62,9784.78
400,63,9834.75
400,64,9820.28
400,65,9803.21
400,66,9799.61
400,67,9807.84
400,68,9792.35
400,69,9830.77
400,70,9811.15
400,71,9805.45
400,72,9810.56
400,73,9831.79
400,74,9856.21
400,75,9837.62
400,76,9785.2
400,77,9841.6
400,78,9793.61
400,79,9840.52
400,80,9832.13
400,81,9810.79
400,82,9785.54
400,83,9807.55
400,84,9801.48
400,85,9808.45
400,86,9839.39
400,87,9818.97
400,88,9818.94
400,89,9807.03
400,90,9796.9
400,91,9804.01
400,92,9805.12
400,93,9821.32
400,94,9805.15
400,95,9797.51
400,96,9783.39
400,97,9805.41
400,98,9814.9
400,99,9826.17
410,0,9820.4
410,1,9819.35
410,2,9840.7
410,3,9800.34
410,4,9805.68
410,5,9806.31
410,6,9803.36
410,7,9797.66
410,8,9803.68
410,9,9794.7
410,10,9807.79
410,11,9812.89
410,12,9808.29
410,13,9813.85
410,14,9791.35
410,15,9799.95
410,16,9816.8
410,17,9847.68
410,18,9823.15
410,19,9832.25
410,20,9808.9
410,21,9806.82
410,22,9825.78
410,23,9774.96
410,24,9800.06
410,25,9821.54
410,26,9810.75
410,27,9772.71
410,28,9780.25
410,29,9795.64
410,30,9814.32
410,31,9829.56
410,32,9802.63
410,33,9819.12
410,34,9780.96
410,35,9795.96
410,36,9817.61
410,37,9794.56
410,38,9824.58
410,39,9811.29
410,40,9813.36
410,41,9810.1
410,42,9820.69
410,43,9801.91
410,44,9842.21
410,45,9797.15
410,46,9833.9
410,47,9821.03
410,48,9840.57
410,49,9824.2
410,50,9787.87
410,51,9844.65
410,52,9821.92
410,53,9822.19
410,54,9791.23
410,55,9791.04
410,56,9802.71
410,57,9764.7
410,58,9784.76
410,59,9851.46
410,60,9789.6
410,61,9786.95
410,62,9774.11
410,63,9827.85
410,64,9816.32
410,65,9797.84
410,66,9790.45
410,67,9804.02
410,68,9790.16
410,69,9824.83
410,70,9806.41
410,71,9796.11
410,72,9805.93
410,73,9830.99
410,74,9852.42
410,75,9835.19
410,76,9777
410,77,9834.99
410,78,9783.12
410,79,9835.36
410,80,9825.83
410,81,9804.59
410,82,9776.12
410,83,9803.41
410,84,9799.05
410,85,9808.22
410,86,9834.5
410,87,9811.8
410,88,9813.68
410,89,9801.56
410,90,9792.5
410,91,9799.07
410,92,9799.75
410,93,9819
410,94,9799.83
410,95,9791.78
410,96,9773.97
410,97,9800.54
410,98,9810.66
410,99,9823.51
420,0,9820.1
420,1,9819.05
420,2,9840.4
420,3,9800.04
420,4,9805.38
420,5,9806.01
420,6,9803.06
420,7,9797.36
420,8,9803.38
420,9,9794.4
420,10,9807.49
420,11,9812.59
420,12,9807.99
420,13,9813.55
420,14,9791.05
420,15,9799.65
420,16,9816.5
420,17,9847.38
420,18,9822.85
420,19,9831.95
420,20,9808.6
420,21,9806.52
420,22,9825.48
420,23,9774.66
420,24,9799.76
420,25,9821.24
420,26,9810.45
420,27,9772.41
420,28,9779.95
420,29,9795.34
420,30,9814.02
420,31,9829.26
420,32,9802.33
420,33,9818.82
420,34,9780.66
420,35,9795.66
420,36,9817.31
420,37,9794.26
420,38,9824.28
420,39,9810.99
420,40,9813.06
420,41,9809.8
420,42,9820.39
420,43,9801.61
420,44,9841.91
420,45,9796.85
420,46,9833.6
420,47,9820.73
420,48,9840.27
420,49,9823.9
420,50,9787.57
420,51,9844.35
420,52,9821.62
420,53,9821.89
420,54,9790.93
420,55,9790.74
420,56,9802.41
420,57,9764.4
420,58,9784.46
420,59,9851.16
420,60,9789.3
420,61,9786.65
420,62,9773.81
420,63,9827.55
420,64,9816.02
420,65,9797.54
420,66,9790.15
420,67,9803.72
420,68,9789.86
420,69,9824.53
420,70,9806.11
420,71,9795.81
420,72,9805.63
420,73,9830.69
420,74,9852.12
420,75,9834.89
420,76,9776.7
420,77,9834.69
420,78,9782.82
420,79,9835.06
420,80,9825.53
420,81,9804.29
420,82,9775.82
420,83,9803.11
420,84,9798.75
420,85,9807.92
420,86,9834.2
420,87,9811.5
420,88,9813.38
420,89,9801.26
420,90,9792.2
420,91,9798.77
420,92,9799.45
420,93,9818.7
420,94,9799.53
420,95,9791.48
420,96,9773.67
420,97,9800.24
420,98,9810.36
420,99,9823.21
430,0,9815.75
430,1,9815.56
430,2,9835.75
430,3,9796.02
430,4,9801.92
430,5,9801.45
430,6,9799.06
430,7,9797.06
430,8,9799.09
430,9,9791.05
430,10,9801.95
430,11,9808.4
430,12,9805.44
430,13,9809.84
430,14,9790.75
430,15,9795.93
430,16,9811.44
430,17,9842.96
430,18,9818.94
430,19,9829.37
430,20,9804.96
430,21,9803.66
430,22,9821.34
430,23,9770.52
430,24,9795.89
430,25,9816.45
430,26,9805.74
430,27,9772.11
430,28,9777.35
430,29,9791.03
430,30,9809.16
430,31,9824.26
430,32,9798.13
430,33,9815.06
430,34,9775.8
430,35,9791.88
430,36,9813.66
430,37,9790.75
430,38,9821.23
430,39,9808.57
430,40,9809.37
430,41,9807.55
430,42,9816.47
430,43,9799.31
430,44,9836.12
430,45,9794.28
430,46,9830.33
430,47,9817.78
430,48,9835.67
430,49,9820.3
430,50,9784.48
430,51,9840.11
430,52,9818.12
430,53,9818.34
430,54,9787.25
430,55,9786.82
430,56,9798.04
430,57,9762.68
430,58,9779.38
430,59,9847.06
430,60,9786.67
430,61,9782.47
430,62,9771.59
430,63,9825.48
430,64,9811.56
430,65,9793.95
430,66,9785.65
430,67,9801.49
430,68,9787.5
430,69,9820.47
430,70,9805.81
430,71,9792.17
430,72,9802.77
430,73,9826.51
430,74,9849.97
430,75,9831.77
430,76,9773.6
430,77,9831.32
430,78,9778.7
430,79,9830.71
430,80,9822.07
430,81,9803.99
430,82,9770.5
430,83,9800.89
430,84,9793.97
430,85,9802.37
430,86,9830.07
430,87,9808.04
430,88,9809.4
430,89,9796.76
430,90,9789.86
430,91,9794.46
430,92,9796.51
430,93,9815.84
430,94,9799.23
430,95,9788
430,96,9770.32
430,97,9796.43
430,98,9807.75
430,99,9820.45
440,0,9808.93
440,1,9809.1
440,2,9829.11
440,3,9784.99
440,4,9793.28
440,5,9793.42
440,6,9791.59
440,7,9784.62
440,8,9790.8
440,9,9779.41
440,10,9796.38
440,11,9800.89
440,12,9797.32
440,13,9803.65
440,14,9781.38
440,15,9785.46
440,16,9807.08
440,17,9836.61
440,18,9812.18
440,19,9821.75
440,20,9796.8
440,21,9793.24
440,22,9815.72
440,23,9763.42
440,24,9785.28
440,25,9812.78
440,26,9799.47
440,27,9758.99
440,28,9768.86
440,29,9782.57
440,30,9802.65
440,31,9820.26
440,32,9790.92
440,33,9810.53
440,34,9768.21
440,35,9784.11
440,36,9805.01
440,37,9783.67
440,38,9812.32
440,39,9801.35
440,40,9801.42
440,41,9797.5
440,42,9809.38
440,43,9787.37
440,44,9832.46
440,45,9784.21
440,46,9823.35
440,47,9809.25
440,48,9830.88
440,49,9815.31
440,50,9773.81
440,51,9835.23
440,52,9811.06
440,53,9811.78
440,54,9781.15
440,55,9774.89
440,56,9786.68
440,57,9751.67
440,58,9775.96
440,59,9842.2
440,60,9775.4
440,61,9776.71
440,62,9758.87
440,63,9817.61
440,64,9802.75
440,65,9781.51
440,66,9776.34
440,67,9793.43
440,68,9778.32
440,69,9813.39
440,70,9796.04
440,71,9782.9
440,72,9792.13
440,73,9821.3
440,74,9843.59
440,75,9823.89
440,76,9763.44
440,77,9824.8
440,78,9768.3
440,79,9824.8
440,80,9815.44
440,81,9794.6
440,82,9761.2
440,83,9789.84
440,84,9788.88
440,85,9795.88
440,86,9824.44
440,87,9797.32
440,88,9802.11
440,89,9792.07
440,90,9783.07
440,91,9785.04
440,92,9789.44
440,93,9805.6
440,94,9787.34
440,95,9780.17
440,96,9761.14
440,97,9785.97
440,98,9797.27
440,99,9810.9
450,0,9808.63
450,1,9808.8
450,2,9828.81
450,3,9784.69
450,4,9792.98
450,5,9793.12
450,6,9791.29
450,7,9784.32
450,8,9790.5
450,9,9779.11
450,10,9796.08
450,11,9800.59
450,12,9797.02
450,13,9803.35
450,14,9781.08
450,15,9785.16
450,16,9806.78
450,17,9836.31
450,18,9811.88
450,19,9821.45
450,20,9796.5
450,21,9792.94
450,22,9815.42
450,23,9763.12
450,24,9784.98
450,25,9812.48
450,26,9799.17
450,27,9758.69
450,28,9768.56
450,29,9782.27
450,30,9802.35
450,31,9819.96
450,32,9790.62
450,33,9810.23
450,34,9767.91
450,35,9783.81
450,36,9804.71
450,37,9783.37
450,38,9812.02
450,39,9801.05
450,40,9801.12
450,41,9797.2
450,42,9809.08
450,43,9787.07
450,44,9832.16
450,45,9783.91
450,46,9823.05
450,47,9808.95
450,48,9830.58
450,49,9815.01
450,50,9773.51
450,51,9834.93
450,52,9810.76
450,53,9811.48
450,54,9780.85
450,55,9774.59
450,56,9786.38
450,57,9751.37
450,58,9775.66
450,59,9841.9
450,60,9775.1
450,61,9776.41
450,62,9758.57
450,63,9817.31
450,64,9802.45
450,65,9781.21
450,66,9776.04
450,67,9793.13
450,68,9778.02
450,69,9813.09
450,70,9795.74
450,71,9782.6
450,72,9791.83
450,73,9821
450,74,9843.29
450,75,9823.59
450,76,9763.14
450,77,9824.5
450,78,9768
450,79,9824.5
450,80,9815.14
450,81,9794.3
450,82,9760.9
450,83,9789.54
450,84,9788.58
450,85,9795.58
450,86,9824.14
450,87,9797.02
450,88,9801.81
450,89,9791.77
450,90,9782.77
450,91,9784.74
450,92,9789.14
450,93,9805.3
450,94,9787.04
450,95,9779.87
450,96,9760.84
450,97,9785.67
450,98,9796.97
450,99,9810.6
460,0,9806.88
460,1,9808.5
460,2,9827.17
460,3,9782.88
460,4,9792.68
460,5,9791.18
460,6,9790.99
460,7,9784.02
460,8,9790.2
460,9,9778.77
460,10,9794.42
460,11,9800.29
460,12,9795.92
460,13,9803.05
460,14,9780.78
460,15,9783.7
460,16,9805.24
460,17,9834.59
460,18,9811.58
460,19,9820.5
460,20,9794.35
460,21,9790.1
460,22,9814.51
460,23,9762.17
460,24,9784.68
460,25,9812.18
460,26,9797.77
460,27,9758.39
460,28,9765.97
460,29,9780.29
460,30,9800.68
460,31,9818.32
460,32,9790.32
460,33,9809.93
460,34,9766.62
460,35,9783.46
460,36,9800.99
460,37,9783.01
460,38,9811.72
460,39,9798.52
460,40,9798.7
460,41,9794.97
460,42,9808.78
460,43,9784.76
460,44,9830.8
460,45,9783.56
460,46,9822.75
460,47,9808.65
460,48,9828.52
460,49,9814.65
460,50,9773.14
460,51,9832.91
460,52,9810.46
460,53,9811.18
460,54,9780.55
460,55,9774.02
460,56,9784.65
460,57,9749.7
460,58,9774.45
460,59,9839.99
460,60,9772.49
460,61,9776.11
460,62,9756.33
460,63,9815.14
460,64,9800.56
460,65,9779.57
460,66,9774.32
460,67,9792.83
460,68,9775.8
460,69,9812.79
460,70,9795.44
460,71,9782.3
460,72,9791.53
460,73,9819.82
460,74,9841.05
460,75,9820.29
460,76,9762.84
460,77,9824.2
460,78,9766.87
460,79,9822.55
460,80,9814.84
460,81,9794
460,82,9759.1
460,83,9787.44
460,84,9788.28
460,85,9793.51
460,86,9822.88
460,87,9794.29
460,88,9801.51
460,89,9791.47
460,90,9782.47
460,91,9784.44
460,92,9787.89
460,93,9803.46
460,94,9786.74
460,95,9777.79
460,96,9760.54
460,97,9784.33
460,98,9794.44
460,99,9807.82
470,0,9796.65
470,1,9795.85
470,2,9816.2
470,3,9767.17
470,4,9775.91
470,5,9780.88
470,6,9777.19
470,7,9771.52
470,8,9774.78
470,9,9764.11
470,10,9781.63
470,11,9786.18
470,12,9782.58
470,13,9790.87
470,14,9763.77
470,15,9771.62
470,16,9789.02
470,17,9823.47
470,18,9799.15
470,19,9807.38
470,20,9780.41
470,21,9778.98
470,22,9803.25
470,23,9747.68
470,24,9772.77
470,25,9798.23
470,26,9785.46
470,27,9743.96
470,28,9749.88
470,29,9765.69
470,30,9787.95
470,31,9806.82
470,32,9776.03
470,33,9798.35
470,34,9750.3
470,35,9766.53
470,36,9790.82
470,37,9765.65
470,38,9799.24
470,39,9788.86
470,40,9789.94
470,41,9783.58
470,42,9795.5
470,43,9772.68
470,44,9818.7
470,45,9767.36
470,46,9809.74
470,47,9796.25
470,48,9819.28
470,49,9804.23
470,50,9759.46
470,51,9823.79
470,52,9797.5
470,53,9798.39
470,54,9766.81
470,55,9759.04
470,56,9771.54
470,57,9734.92
470,58,9759.62
470,59,9830.88
470,60,9760.7
470,61,9759.8
470,62,9743.26
470,63,9805.68
470,64,9789.1
470,65,9762.43
470,66,9762.06
470,67,9778.02
470,68,9763.44
470,69,9799.5
470,70,9782.4
470,71,9768.94
470,72,9778.59
470,73,9804.33
470,74,9829.7
470,75,9811.52
470,76,9745.28
470,77,9810.9
470,78,9754.2
470,79,9811.94
470,80,9802.03
470,81,9781.33
470,82,9745.95
470,83,9770.97
470,84,9772.04
470,85,9779.38
470,86,9812.25
470,87,9784.76
470,88,9788.06
470,89,9775.55
470,90,9762.22
470,91,9767.88
470,92,9773.29
470,93,9793.04
470,94,9773.02
470,95,9765.75
470,96,9746.16
470,97,9771.48
470,98,9782.21
470,99,9795.48
480,0,9796.35
480,1,9795.55
480,2,9815.9
480,3,9766.87
480,4,9775.61
480,5,9780.58
480,6,9776.89
480,7,9771.22
480,8,9774.48
480,9,9763.81
480,10,9781.33
480,11,9785.88
480,12,9782.28
480,13,9790.57
480,14,9763.47
480,15,9771.32
480,16,9788.72
480,17,9823.17
480,18,9798.85
480,19,9807.08
480,20,9780.11
480,21,9778.68
480,22,9802.95
480,23,9747.38
480,24,9772.47
480,25,9797.93
480,26,9785.16
480,27,9743.66
480,28,9749.58
480,29,9765.39
480,30,9787.65
480,31,9806.52
480,32,9775.73
480,33,9798.05
480,34,9750
480,35,9766.23
480,36,9790.52
480,37,9765.35
480,38,9798.94
480,39,9788.56
480,40,9789.64
480,41,9783.28
480,42,9795.2
480,43,9772.38
480,44,9818.4
480,45,9767.06
480,46,9809.44
480,47,9795.95
480,48,9818.98
480,49,9803.93
480,50,9759.16
480,51,9823.49
480,52,9797.2
480,53,9798.09
480,54,9766.51
480,55,9758.74
480,56,9771.24
480,57,9734.62
480,58,9759.32
480,59,9830.58
480,60,9760.4
480,61,9759.5
480,62,9742.96
480,63,9805.38
480,64,9788.8
480,65,9762.13
480,66,9761.76
480,67,9777.72
480,68,9763.14
480,69,9799.2
480,70,9782.1
480,71,9768.64
480,72,9778.29
480,73,9804.03
480,74,9829.4
480,75,9811.22
480,76,9744.98
480,77,9810.6
480,78,9753.9
480,79,9811.64
480,80,9801.73
480,81,9781.03
480,82,9745.65
480,83,9770.67
480,84,9771.74
480,85,9779.08
480,86,9811.95
480,87,9784.46
480,88,9787.76
480,89,9775.25
480,90,9761.92
480,91,9767.58
480,92,9772.99
480,93,9792.74
480,94,9772.72
480,95,9765.45
480,96,9745.86
480,97,9771.18
480,98,9781.91
480,99,9795.18
490,0,9796.05
490,1,9795.25
490,2,9815.54
490,3,9766.57
490,4,9775.31
490,5,9780.28
490,6,9776.59
490,7,9770.92
490,8,9774.18
490,9,9763.45
490,10,9781.03
490,11,9785.58
490,12,9781.98
490,13,9790.27
490,14,9763.17
490,15,9771.02
490,16,9788.42
490,17,9822.87
490,18,9798.55
490,19,9806.78
490,20,9779.81
490,21,9778.38
490,22,9802.65
490,23,9746.45
490,24,9772.17
490,25,9797.63
490,26,9784.86
490,27,9743.36
490,28,9749.28
490,29,9765.09
490,30,9787.35
490,31,9806.16
490,32,9775.43
490,33,9797.75
490,34,9749.7
490,35,9765.87
490,36,9789.06
490,37,9765.05
490,38,9798.64
490,39,9788.26
490,40,9789.34
490,41,9782.98
490,42,9794.9
490,43,9772.08
490,44,9818.1
490,45,9766.76
490,46,9809.14
490,47,9795.65
490,48,9818.68
490,49,9803.63
490,50,9758.86
490,51,9823.19
490,52,9796.9
490,53,9797.79
490,54,9766.21
490,55,9758.23
490,56,9770.94
490,57,9734.32
490,58,9759.02
490,59,9830.28
490,60,9760.1
490,61,9759.2
490,62,9742.66
490,63,9805.08
490,64,9788.5
490,65,9761.83
490,66,9761.46
490,67,9777.42
490,68,9762.84
490,69,9798.9
490,70,9781.8
490,71,9768.34
490,72,9777.99
490,73,9803.73
490,74,9829.1
490,75,9810.92
490,76,9744.68
490,77,9810.3
490,78,9752.73
490,79,9811.34
490,80,9801.43
490,81,9780.73
490,82,9745.35
490,83,9770.37
490,84,9771.44
490,85,9778.78
490,86,9811.65
490,87,9784.16
490,88,9787.46
490,89,9774.95
490,90,9761.62
490,91,9767.28
490,92,9772.69
490,93,9792.44
490,94,9772.42
490,95,9765.15
490,96,9745.56
490,97,9770.88
490,98,9781.61
490,99,9794.88
500,0,9785.98
500,1,9783.82
500,2,9807.61
500,3,9749.74
500,4,9759.87
500,5,9771.14
500,6,9763.02
500,7,9756.43
500,8,9759.39
500,9,9750.77
500,10,9768.18
500,11,9771.45
500,12,9771.12
500,13,9777.98
500,14,9749.25
500,15,9759.76
500,16,9770.89
500,17,9812.95
500,18,9786.49
500,19,9796.32
500,20,9767.56
500,21,9765.73
500,22,9792.98
500,23,9734.23
500,24,9758.58
500,25,9784.26
500,26,9772.26
500,27,9723.21
500,28,9734.89
500,29,9754.21
500,30,9778.01
500,31,9796.04
500,32,9761.3
500,33,9782.56
500,34,9734.72
500,35,9749.2
500,36,9781.2
500,37,9752.82
500,38,9786.9
500,39,9775.86
500,40,9778.62
500,41,9770.15
500,42,9781.53
500,43,9758.25
500,44,9805.33
500,45,9753.49
500,46,9796.75
500,47,9782.89
500,48,9807.63
500,49,9788.2
500,50,9746.55
500,51,9813.17
500,52,9784.4
500,53,9784.91
500,54,9752.61
500,55,9745.28
500,56,9758.69
500,57,9719.47
500,58,9742.79
500,59,9819.43
500,60,9747.8
500,61,9743.33
500,62,9729.09
500,63,9794.81
500,64,9779
500,65,9745.35
500,66,9748.81
500,67,9762.64
500,68,9751.28
500,69,9784.9
500,70,9769
500,71,9756.39
500,72,9765.73
500,73,9791.23
500,74,9818.01
500,75,9800.6
500,76,9731.77
500,77,9796.59
500,78,9740.04
500,79,9802.25
500,80,9788.54
500,81,9767.45
500,82,9731.78
500,83,9752.69
500,84,9758.07
500,85,9765.6
500,86,9799.62
500,87,9774.99
500,88,9774.25
500,89,9759.31
500,90,9743.41
500,91,9753
500,92,9757.62
500,93,9780.61
500,94,9758.75
500,95,9753.08
500,96,9731.36
500,97,9762.12
500,98,9770.15
500,99,9782.58
510,0,9785.68
510,1,9783.52
510,2,9807.31
510,3,9749.44
510,4,9759.57
510,5,9770.84
510,6,9762.72
510,7,9756.13
510,8,9759.09
510,9,9750.47
510,10,9767.88
510,11,9771.15
510,12,9770.82
510,13,9777.68
510,14,9748.95
510,15,9759.46
510,16,9770.59
510,17,9812.65
510,18,9786.19
510,19,9796.02
510,20,9767.26
510,21,9765.43
510,22,9792.68
510,23,9733.93
510,24,9758.28
510,25,9783.96
510,26,9771.96
510,27,9722.91
510,28,9734.59
510,29,9753.91
510,30,9777.71
510,31,9795.74
510,32,9761
510,33,9782.26
510,34,9734.42
510,35,9748.9
510,36,9780.9
510,37,9752.52
510,38,9786.6
510,39,9775.56
510,40,9778.32
510,41,9769.85
510,42,9781.23
510,43,9757.95
510,44,9805.03
510,45,9753.19
510,46,9796.45
510,47,9782.59
510,48,9807.33
510,49,9787.9
510,50,9746.25
510,51,9812.87
510,52,9784.1
510,53,9784.61
510,54,9752.31
510,55,9744.98
510,56,9758.39
510,57,9719.17
510,58,9742.49
510,59,9819.13
510,60,9747.5
510,61,9743.03
510,62,9728.79
510,63,9794.51
510,64,9778.7
510,65,9745.05
510,66,9748.51
510,67,9762.34
510,68,9750.98
510,69,9784.6
510,70,9768.7
510,71,9756.09
510,72,9765.43
510,73,9790.93
510,74,9817.71
510,75,9800.3
510,76,9731.47
510,77,9796.29
510,78,9739.74
510,79,9801.95
510,80,9788.24
510,81,9767.15
510,82,9731.48
510,83,9752.39
510,84,9757.77
510,85,9765.3
510,86,9799.32
510,87,9774.69
510,88,9773.95
510,89,9759.01
510,90,9743.11
510,91,9752.7
510,92,9757.32
510,93,9780.31
510,94,9758.45
510,95,9752.78
510,96,9731.06
510,97,9761.82
510,98,9769.85
510,99,9782.28
520,0,9785.38
520,1,9783.22
520,2,9807.01
520,3,9749.14
520,4,9759.27
520,5,9770.54
520,6,9762.42
520,7,9755.83
520,8,9758.79
520,9,9750.17
520,10,9767.58
520,11,9770.85
520,12,9770.52
520,13,9777.38
520,14,9748.65
520,15,9759.16
520,16,9770.29
520,17,9812.35
520,18,9785.89
520,19,9795.72
520,20,9766.96
520,21,9765.13
520,22,9792.38
520,23,9733.63
520,24,9757.98
520,25,9783.66
520,26,9771.66
520,27,9722.61
520,28,9734.29
520,29,9753.61
520,30,9777.41
520,31,9795.44
520,32,9760.7
520,33,9781.96
520,34,9734.12
520,35,9748.6
520,36,9780.6
520,37,9752.22
520,38,9786.3
520,39,9775.26
520,40,9778.02
520,41,9769.55
520,42,9780.93
520,43,9757.65
520,44,9804.73
520,45,9752.89
520,46,9796.15
520,47,9782.29
520,48,9807.03
520,49,9787.6
520,50,9745.95
520,51,9812.57
520,52,9783.8
520,53,9784.31
520,54,9752.01
520,55,9744.68
520,56,9758.09
520,57,9718.87
520,58,9742.19
520,59,9818.83
520,60,9747.2
520,61,9742.73
520,62,9728.49
520,63,9794.21
520,64,9778.4
520,65,9744.75
520,66,9748.21
520,67,9762.04
520,68,9750.68
520,69,9784.3
520,70,9768.4
520,71,9755.79
520,72,9765.13
520,73,9790.63
520,74,9817.41
520,75,9800
520,76,9731.17
520,77,9795.99
520,78,9739.44
520,79,9801.65
520,80,9787.94
520,81,9766.85
520,82,9731.18
520,83,9752.09
520,84,9757.47
520,85,9765
520,86,9799.02
520,87,9774.39
520,88,9773.65
520,89,9758.71
520,90,9742.81
520,91,9752.4
520,92,9757.02
520,93,9780.01
520,94,9758.15
520,95,9752.48
520,96,9730.76
520,97,9761.52
520,98,9769.55
520,99,9781.98
530,0,9773
530,1,9771.1
530,2,9795.56
530,3,9738.18
530,4,9747.08
530,5,9760.22
530,6,9749.67
530,7,9742.37
530,8,9747.67
530,9,9735.4
530,10,9754.48
530,11,9759.34
530,12,9760.72
530,13,9767.59
530,14,9737
530,15,9751.32
530,16,9756.64
530,17,9803.42
530,18,9774.04
530,19,9786.03
530,20,9756.94
530,21,9755.06
530,22,9783.69
530,23,9724.51
530,24,9746.61
530,25,9772.57
530,26,9759.52
530,27,9709.19
530,28,9720.78
530,29,9743.31
530,30,9767.22
530,31,9784.2
530,32,9748.13
530,33,9770.64
530,34,9721.31
530,35,9736.35
530,36,9771.58
530,37,9739.83
530,38,9773.78
530,39,9763.76
530,40,9769.54
530,41,9751.32
530,42,9769.93
530,43,9743.52
530,44,9792.49
530,45,9738.52
530,46,9784.95
530,47,9770.55
530,48,9796.51
530,49,9775.87
530,50,9732.73
530,51,9802.48
530,52,9772.12
530,53,9772.6
530,54,9740.54
530,55,9729.9
530,56,9747.25
530,57,9705.13
530,58,9730.65
530,59,9808.97
530,60,9734.92
530,61,9730.51
530,62,9716.78
530,63,9782.99
530,64,9764.76
530,65,9730.05
530,66,9736.9
530,67,9748.08
530,68,9740.62
530,69,9773.98
530,70,9759.2
530,71,9742.35
530,72,9754.32
530,73,9777.48
530,74,9806.74
530,75,9790.27
530,76,9719.01
530,77,9785.67
530,78,9724.66
530,79,9791.01
530,80,9775.84
530,81,9754.87
530,82,9719.27
530,83,9737.83
530,84,9745.53
530,85,9750.18
530,86,9785.74
530,87,9762.02
530,88,9762.74
530,89,9747.47
530,90,9730.62
530,91,9740.98
530,92,9744.84
530,93,9767.84
530,94,9745.47
530,95,9741.31
530,96,9721.14
530,97,9749.28
530,98,9756.16
530,99,9771.82
540,0,9772.7
540,1,9770.8
540,2,9795.26
540,3,9737.88
540,4,9746.78
540,5,9759.92
540,6,9749.37
540,7,9742.07
540,8,9747.37
540,9,9735.1
540,10,9754.18
540,11,9759.04
540,12,9760.42
540,13,9767.29
540,14,9736.7
540,15,9751.02
540,16,9756.34
540,17,9803.12
540,18,9773.74
540,19,9785.73
540,20,9756.64
540,21,9754.76
540,22,9783.39
540,23,9724.21
540,24,9746.31
540,25,9772.27
540,26,9759.22
540,27,9708.89
540,28,9720.48
540,29,9743.01
540,30,9766.92
540,31,9783.9
540,32,9747.83
540,33,9770.34
540,34,9721.01
540,35,9736.05
540,36,9771.28
540,37,9739.53
540,38,9773.48
540,39,9763.46
540,40,9769.24
540,41,9751.02
540,42,9769.63
540,43,9743.22
540,44,9792.19
540,45,9738.22
540,46,9784.65
540,47,9770.25
540,48,9796.21
540,49,9775.57
540,50,9732.43
540,51,9802.18
540,52,9771.82
540,53,9772.3
540,54,9740.24
540,55,9729.6
540,56,9746.95
540,57,9704.83
540,58,9730.35
540,59,9808.67
540,60,9734.62
540,61,9730.21
540,62,9716.48
540,63,9782.69
540,64,9764.46
540,65,9729.75
540,66,9736.6
540,67,9747.78
540,68,9740.32
540,69,9773.68
540,70,9758.9
540,71,9742.05
540,72,9754.02
540,73,9777.18
540,74,9806.44
540,75,9789.97
540,76,9718.71
540,77,9785.37
540,78,9724.36
540,79,9790.71
540,80,9775.54
540,81,9754.57
540,82,9718.97
540,83,9737.53
540,84,9745.23
540,85,9749.88
540,86,9785.44
540,87,9761.72
540,88,9762.44
540,89,9747.17
540,90,9730.32
540,91,9740.68
540,92,9744.54
540,93,9767.54
540,94,9745.17
540,95,9741.01
540,96,9720.84
540,97,9748.98
540,98,9755.86
540,99,9771.52
550,0,9772.4
550,1,9770.5
550,2,9794.96
550,3,9737.58
550,4,9746.48
550,5,9759.62
550,6,9749.07
550,7,9741.77
550,8,9747.07
550,9,9734.8
550,10,9753.88
550,11,9758.74
550,12,9760.12
550,13,9766.99
550,14,9736.4
550,15,9750.72
550,16,9756.04
550,17,9802.82
550,18,9773.44
550,19,9785.43
550,20,9756.34
550,21,9754.46
550,22,9783.09
550,23,9723.91
550,24,9746.01
550,25,9771.97
550,26,9758.92
550,27,9708.59
550,28,9720.18
550,29,9742.71
550,30,9766.62
550,31,9783.6
550,32,9747.53
550,33,9770.04
550,34,9720.71
550,35,9735.75
550,36,9770.98
550,37,9739.23
550,38,9773.18
550,39,9763.16
550,40,9768.94
550,41,9750.72
550,42,9769.33
550,43,9742.92
550,44,9791.89
550,45,9737.92
550,46,9784.35
550,47,9769.95
550,48,9795.91
550,49,9775.27
550,50,9732.13
550,51,9801.88
550,52,9771.52
550,53,9772
550,54,9739.94
550,55,9729.3
550,56,9746.65
550,57,9704.53
550,58,9730.05
550,59,9808.37
550,60,9734.32
550,61,9729.91
550,62,9716.18
550,63,9782.39
550,64,9764.16
550,65,9729.45
550,66,9736.3
550,67,9747.48
550,68,9740.02
550,69,9773.38
550,70,9758.6
550,71,9741.75
550,72,9753.72
550,73,9776.88
550,74,9806.14
550,75,9789.67
550,76,9718.41
550,77,9785.07
550,78,9724.06
550,79,9790.41
550,80,9775.24
550,81,9754.27
550,82,9718.67
550,83,9737.23
550,84,9744.93
550,85,9749.58
550,86,9785.14
550,87,9761.42
550,88,9762.14
550,89,9746.87
550,90,9730.02
550,91,9740.38
550,92,9744.24
550,93,9767.24
550,94,9744.87
550,95,9740.71
550,96,9720.54
550,97,9748.68
550,98,9755.56
550,99,9771.22
560,0,9758.44
560,1,9754.76
560,2,9780.36
560,3,9720.23
560,4,9730.08
560,5,9742.17
560,6,9736.74
560,7,9728.45
560,8,9731.41
560,9,9716.76
560,10,9736.4
560,11,9745.81
560,12,9743.53
560,13,9751.2
560,14,9719.9
560,15,9735.22
560,16,9738.95
560,17,9787.84
560,18,9760.35
560,19,9768.54
560,20,9738.02
560,21,9736.3
560,22,9766.88
560,23,9705.47
560,24,9732.76
560,25,9756.97
560,26,9742.61
560,27,9689.73
560,28,9702.28
560,29,9726
560,30,9749.7
560,31,9765.63
560,32,9733.39
560,33,9754.51
560,34,9702.67
560,35,9719.91
560,36,9757.42
560,37,9723.54
560,38,9760.14
560,39,9749.33
560,40,9755.25
560,41,9735.98
560,42,9758.15
560,43,9728.78
560,44,9775.45
560,45,9717.1
560,46,9768.12
560,47,9757.81
560,48,9782.69
560,49,9759.92
560,50,9714.41
560,51,9789.13
560,52,9758.46
560,53,9754.25
560,54,9724.02
560,55,9711.06
560,56,9727.75
560,57,9687.03
560,58,9714.34
560,59,9795.71
560,60,9716.17
560,61,9713.43
560,62,9696.74
560,63,9770.09
560,64,9746.8
560,65,9710.34
560,66,9717.62
560,67,9730.2
560,68,9721.51
560,69,9760.98
560,70,9744.56
560,71,9730.61
560,72,9742.09
560,73,9762.12
560,74,9792.13
560,75,9778.13
560,76,9703.65
560,77,9766.39
560,78,9709.16
560,79,9776.54
560,80,9759.4
560,81,9738.91
560,82,9699.18
560,83,9716.07
560,84,9726.58
560,85,9729.62
560,86,9769.73
560,87,9746.74
560,88,9749.63
560,89,9731.06
560,90,9710.01
560,91,9723.75
560,92,9726.01
560,93,9751.33
560,94,9731.43
560,95,9722.99
560,96,9705.38
560,97,9731.59
560,98,9735.84
560,99,9756.9
570,0,9758.14
570,1,9754.46
570,2,9780.06
570,3,9719.93
570,4,9729.78
570,5,9741.87
570,6,9736.44
570,7,9728.15
570,8,9731.11
570,9,9716.46
570,10,9736.1
570,11,9745.51
570,12,9743.23
570,13,9750.9
570,14,9719.6
570,15,9734.92
570,16,9738.65
570,17,9787.54
570,18,9760.05
570,19,9768.24
570,20,9737.72
570,21,9736
570,22,9766.58
570,23,9705.17
570,24,9732.46
570,25,9756.67
570,26,9742.31
570,27,9689.43
570,28,9701.98
570,29,9725.7
570,30,9749.4
570,31,9765.33
570,32,9733.09
570,33,9754.21
570,34,9702.37
570,35,9719.61
570,36,9757.12
570,37,9723.24
570,38,9759.84
570,39,9749.03
570,40,9754.95
570,41,9735.68
570,42,9757.85
570,43,9728.48
570,44,9775.15
570,45,9716.8
570,46,9767.82
570,47,9757.51
570,48,9782.39
570,49,9759.62
570,50,9714.11
570,51,9788.83
570,52,9758.16
570,53,9753.95
570,54,9723.72
570,55,9710.76
570,56,9727.45
570,57,9686.73
570,58,9714.04
570,59,9795.41
570,60,9715.87
570,61,9713.13
570,62,9696.44
570,63,9769.79
570,64,9746.5
570,65,9710.04
570,66,9717.32
570,67,9729.9
570,68,9721.21
570,69,9760.68
570,70,9744.26
570,71,9730.31
570,72,9741.79
570,73,9761.82
570,74,9791.83
570,75,9777.83
570,76,9703.35
570,77,9766.09
570,78,9708.86
570,79,9776.24
570,80,9759.1
570,81,9738.61
570,82,9698.88
570,83,9715.77
570,84,9726.28
570,85,9729.32
570,86,9769.43
570,87,9746.44
570,88,9749.33
570,89,9730.76
570,90,9709.71
570,91,9723.45
570,92,9725.71
570,93,9751.03
570,94,9731.13
570,95,9722.69
570,96,9705.08
570,97,9731.29
570,98,9735.54
570,99,9756.6
580,0,9757.84
580,1,9754.16
580,2,9779.76
580,3,9719.63
580,4,9729.48
580,5,9741.57
580,6,9736.14
580,7,9727.85
580,8,9730.81
580,9,9716.16
580,10,9735.8
580,11,9745.21
580,12,9742.93
580,13,9750.6
580,14,9719.3
580,15,9734.62
580,16,9738.35
580,17,9787.24
580,18,9759.75
580,19,9767.94
580,20,9737.42
580,21,9735.7
580,22,9766.28
580,23,9704.87
580,24,9732.16
580,25,9756.37
580,26,9742.01
580,27,9689.13
580,28,9701.68
580,29,9725.4
580,30,9749.1
580,31,9765.03
580,32,9732.79
580,33,9753.91
580,34,9702.07
580,35,9719.31
580,36,9756.82
580,37,9722.94
580,38,9759.54
580,39,9748.73
580,40,9754.65
580,41,9735.38
580,42,9757.55
580,43,9728.18
580,44,9774.85
580,45,9716.5
580,46,9767.52
580,47,9757.21
580,48,9782.09
580,49,9759.32
580,50,9713.81
580,51,9788.53
580,52,9757.86
580,53,9753.65
580,54,9723.42
580,55,9710.46
580,56,9727.15
580,57,9686.43
580,58,9713.74
580,59,9795.11
580,60,9715.57
580,61,9712.83
580,62,9696.14
580,63,9769.49
580,64,9746.2
580,65,9709.74
580,66,9717.02
580,67,9729.6
580,68,9720.91
580,69,9760.38
580,70,9743.96
580,71,9730.01
580,72,9741.49
580,73,9761.52
580,74,9791.53
580,75,9777.53
580,76,9703.05
580,77,9765.79
580,78,9708.56
580,79,9775.94
580,80,9758.8
580,81,9738.31
580,82,9698.58
580,83,9715.47
580,84,9725.98
580,85,9729.02
580,86,9769.13
580,87,9746.14
580,88,9749.03
580,89,9730.46
580,90,9709.41
580,91,9723.15
580,92,9725.41
580,93,9750.73
580,94,9730.83
580,95,9722.39
580,96,9704.78
580,97,9730.99
580,98,9735.24
580,99,9756.3
590,0,9746.62
590,1,9741.46
590,2,9768.74
590,3,9707.4
590,4,9713.56
590,5,9731.43
590,6,9725.24
590,7,9712.22
590,8,9716.09
590,9,9704.26
590,10,9722.88
590,11,9733.99
590,12,9731.39
590,13,9736.44
590,14,9707.52
590,15,9722.86
590,16,9723.08
590,17,9775.88
590,18,9746.48
590,19,9756.16
590,20,9722.28
590,21,9725.07
590,22,9754.23
590,23,9691.19
590,24,9720.57
590,25,9742.6
590,26,9731.06
590,27,9676.92
590,28,9688.43
590,29,9712.93
590,30,9739.25
590,31,9751.53
590,32,9718.08
590,33,9744.85
590,34,9686.59
590,35,9702.1
590,36,9745.57
590,37,9711.22
590,38,9745.44
590,39,9735.19
590,40,9745.31
590,41,9720.89
590,42,9746.57
590,43,9714.95
590,44,9762.96
590,45,9702.65
590,46,9755.09
590,47,9743.17
590,48,9770.59
590,49,9744.36
590,50,9701.12
590,51,9778.42
590,52,9745.45
590,53,9740.42
590,54,9711.69
590,55,9696.68
590,56,9714.77
590,57,9674.49
590,58,9698.67
590,59,9784.09
590,60,9704.59
590,61,9702.11
590,62,9683.9
590,63,9757.82
590,64,9734.26
590,65,9693.27
590,66,9703.54
590,67,9715.24
590,68,9706.67
590,69,9746.58
590,70,9730.57
590,71,9718.95
590,72,9728.12
590,73,9749.94
590,74,9780.81
590,75,9766.74
590,76,9688.53
590,77,9751.41
590,78,9695.67
590,79,9764.47
590,80,9746.93
590,81,9724.49
590,82,9684.94
590,83,9697.57
590,84,9709.71
590,85,9713.3
590,86,9756.42
590,87,9735
590,88,9735.07
590,89,9714.75
590,90,9691.5
590,91,9712.02
590,92,9709.09
590,93,9737.85
590,94,9714.66
590,95,9709.09
590,96,9692.93
590,97,9719.39
590,98,9722.5
590,99,9744.12
600,0,9746.32
600,1,9741.16
600,2,9768.44
600,3,9707.1
600,4,9713.26
600,5,9731.13
600,6,9724.94
600,7,9711.92
600,8,9715.79
600,9,9703.96
600,10,9722.58
600,11,9733.69
600,12,9731.09
600,13,9736.14
600,14,9707.22
600,15,9722.56
600,16,9722.78
600,17,9775.58
600,18,9746.18
600,19,9755.86
600,20,9721.98
600,21,9724.77
600,22,9753.93
600,23,9690.89
600,24,9720.27
600,25,9742.3
600,26,9730.76
600,27,9676.62
600,28,9688.13
600,29,9712.63
600,30,9738.95
600,31,9751.23
600,32,9717.78
600,33,9744.55
600,34,9686.29
600,35,9701.8
600,36,9745.27
600,37,9710.92
600,38,9745.14
600,39,9734.89
600,40,9745.01
600,41,9720.59
600,42,9746.27
600,43,9714.65
600,44,9762.66
600,45,9702.35
600,46,9754.79
600,47,9742.87
600,48,9770.29
600,49,9744.06
600,50,9700.82
600,51,9778.12
600,52,9745.15
600,53,9740.12
600,54,9711.39
600,55,9696.38
600,56,9714.47
600,57,9674.19
600,58,9698.37
600,59,9783.79
600,60,9704.29
600,61,9701.81
600,62,9683.6
600,63,9757.52
600,64,9733.96
600,65,9692.97
600,66,9703.24
600,67,9714.94
600,68,9706.37
600,69,9746.28
600,70,9730.27
600,71,9718.65
600,72,9727.82
600,73,9749.64
600,74,9780.51
600,75,9766.44
600,76,9688.23
600,77,9751.11
600,78,9695.37
600,79,9764.17
600,80,9746.63
600,81,9724.19
600,82,9684.64
600,83,9697.27
600,84,9709.41
600,85,9713
600,86,9756.12
600,87,9734.7
600,88,9734.77
600,89,9714.45
600,90,9691.2
600,91,9711.72
600,92,9708.79
600,93,9737.55
600,94,9714.36
600,95,9708.79
600,96,9692.63
600,97,9719.09
600,98,9722.2
600,99,9743.82
610,0,9746.02
610,1,9740.86
610,2,9768.14
610,3,9706.8
610,4,9712.96
610,5,9730.83
610,6,9724.64
610,7,9711.62
610,8,9715.49
610,9,9703.66
610,10,9722.28
610,11,9733.39
610,12,9730.79
610,13,9735.84
610,14,9706.92
610,15,9722.26
610,16,9722.48
610,17,9775.28
610,18,9745.88
610,19,9755.56
610,20,9721.68
610,21,9724.47
610,22,9753.63
610,23,9690.59
610,24,9719.97
610,25,9742
610,26,9730.46
610,27,9676.32
610,28,9687.83
610,29,9712.33
610,30,9738.65
610,31,9750.93
610,32,9717.48
610,33,9744.25
610,34,9685.99
610,35,9701.5
610,36,9744.97
610,37,9710.62
610,38,9744.84
610,39,9734.59
610,40,9744.71
610,41,9720.29
610,42,9745.97
610,43,9714.35
610,44,9762.36
610,45,9702.05
610,46,9754.49
610,47,9742.57
610,48,9769.99
610,49,9743.76
610,50,9700.52
610,51,9777.82
610,52,9744.85
610,53,9739.82
610,54,9711.09
610,55,9696.08
610,56,9714.17
610,57,9673.89
610,58,9698.07
610,59,9783.49
610,60,9703.99
610,61,9701.51
610,62,9683.3
610,63,9757.22
610,64,9733.66
610,65,9692.67
610,66,9702.94
610,67,9714.64
610,68,9706.07
610,69,9745.98
610,70,9729.97
610,71,9718.35
610,72,9727.52
610,73,9749.34
610,74,9780.21
610,75,9766.14
610,76,9687.93
610,77,9750.81
610,78,9695.07
610,79,9763.87
610,80,9746.33
610,81,9723.89
610,82,9684.34
610,83,9696.97
610,84,9709.11
610,85,9712.7
610,86,9755.82
610,87,9734.4
610,88,9734.47
610,89,9714.15
610,90,9690.9
610,91,9711.42
610,92,9708.49
610,93,9737.25
610,94,9714.06
610,95,9708.49
610,96,9692.33
610,97,9718.79
610,98,9721.9
610,99,9743.52
620,0,9733.21
620,1,9723.48
620,2,9755.93
620,3,9691.4
620,4,9693.91
620,5,9716.32
620,6,9709.99
620,7,9696.57
620,8,9697.7
620,9,9690.11
620,10,9704.86
620,11,9718.21
620,12,9714.96
620,13,9716.81
620,14,9691.04
620,15,9708.86
620,16,9703.58
620,17,9761.08
620,18,9729.64
620,19,9741.22
620,20,9703.36
620,21,9707.92
620,22,9738.25
620,23,9674.52
620,24,9706.51
620,25,9724.83
620,26,9715.16
620,27,9659.8
620,28,9669.18
620,29,9696.43
620,30,9723.66
620,31,9735.82
620,32,9700.82
620,33,9726.14
620,34,9670.64
620,35,9685.19
620,36,9732.41
620,37,9693
620,38,9731.45
620,39,9719.31
620,40,9730.11
620,41,9700.28
620,42,9731.01
620,43,9700.6
620,44,9745.99
620,45,9686.38
620,46,9736.07
620,47,9728.63
620,48,9755.23
620,49,9725.82
620,50,9681.9
620,51,9762.56
620,52,9730.41
620,53,9721.7
620,54,9696.33
620,55,9682.31
620,56,9696.88
620,57,9657.42
620,58,9677.34
620,59,9768.93
620,60,9689.42
620,61,9682.56
620,62,9667.22
620,63,9743.12
620,64,9717.14
620,65,9675.17
620,66,9685.86
620,67,9697.34
620,68,9686.91
620,69,9732.82
620,70,9713
620,71,9706.06
620,72,9714.18
620,73,9731.11
620,74,9764.76
620,75,9752.11
620,76,9669.76
620,77,9732.48
620,78,9679.25
620,79,9750.58
620,80,9729.65
620,81,9709.72
620,82,9667.03
620,83,9678.1
620,84,9689.11
620,85,9692.53
620,86,9737.3
620,87,9721.17
620,88,9721.33
620,89,9698.58
620,90,9673.72
620,91,9693.49
620,92,9687.66
620,93,9722.47
620,94,9698.13
620,95,9691.49
620,96,9677.59
620,97,9707.5
620,98,9705.47
620,99,9726.59
630,0,9732.91
630,1,9723.18
630,2,9755.63
630,3,9691.1
630,4,9693.61
630,5,9716.02
630,6,9709.69
630,7,9696.27
630,8,9697.4
630,9,9689.81
630,10,9704.56
630,11,9717.91
630,12,9714.66
630,13,9716.52
630,14,9690.74
630,15,9708.56
630,16,9703.28
630,17,9760.78
630,18,9729.34
630,19,9740.92
630,20,9703.06
630,21,9707.62
630,22,9737.95
630,23,9674.22
630,24,9706.21
630,25,9724.53
630,26,9714.86
630,27,9659.5
630,28,9668.88
630,29,9696.13
630,30,9723.36
630,31,9735.52
630,32,9700.52
630,33,9725.84
630,34,9670.34
630,35,9684.89
630,36,9732.11
630,37,9692.7
630,38,9731.15
630,39,9719.01
630,40,9729.81
630,41,9699.98
630,42,9730.71
630,43,9700.3
630,44,9745.69
630,45,9686.08
630,46,9735.77
630,47,9728.33
630,48,9754.93
630,49,9725.52
630,50,9681.6
630,51,9762.26
630,52,9730.11
630,53,9721.4
630,54,9696.03
630,55,9682.01
630,56,9696.58
630,57,9657.12
630,58,9677.05
630,59,9768.63
630,60,9689.12
630,61,9682.26
630,62,9666.92
630,63,9742.82
630,64,9716.84
630,65,9674.87
630,66,9685.56
630,67,9697.04
630,68,9686.61
630,69,9732.52
630,70,9712.7
630,71,9705.76
630,72,9713.88
630,73,9730.81
630,74,9764.46
630,75,9751.81
630,76,9669.46
630,77,9732.19
630,78,9678.95
630,79,9750.28
630,80,9729.35
630,81,9709.42
630,82,9666.73
630,83,9677.8
630,84,9688.82
630,85,9692.23
630,86,9737
630,87,9720.87
630,88,9721.03
630,89,9698.28
630,90,9673.42
630,91,9693.19
630,92,9687.37
630,93,9722.17
630,94,9697.83
630,95,9691.19
630,96,9677.29
630,97,9707.2
630,98,9705.17
630,99,9726.29
640,0,9732.61
640,1,9722.88
640,2,9755.33
640,3,9690.8
640,4,9693.31
640,5,9715.72
640,6,9709.39
640,7,9695.97
640,8,9697.1
640,9,9689.51
640,10,9704.26
640,11,9717.61
640,12,9714.36
640,13,9716.22
640,14,9690.44
640,15,9708.26
640,16,9702.98
640,17,9760.48
640,18,9729.04
640,19,9740.62
640,20,9702.76
640,21,9707.32
640,22,9737.65
640,23,9673.92
640,24,9705.91
640,25,9724.23
640,26,9714.56
640,27,9659.2
640,28,9668.58
640,29,9695.83
640,30,9723.06
640,31,9735.22
640,32,9700.22
640,33,9725.54
640,34,9670.04
640,35,9684.59
640,36,9731.81
640,37,9692.4
640,38,9730.85
640,39,9718.71
640,40,9729.51
640,41,9699.68
640,42,9730.41
640,43,9700
640,44,9745.39
640,45,9685.78
640,46,9735.47
640,47,9728.03
640,48,9754.63
640,49,9725.22
640,50,9681.3
640,51,9761.96
640,52,9729.81
640,53,9721.1
640,54,9695.73
640,55,9681.71
640,56,9696.28
640,57,9656.82
640,58,9676.75
640,59,9768.33
640,60,9688.82
640,61,9681.96
640,62,9666.62
640,63,9742.52
640,64,9716.54
640,65,9674.57
640,66,9685.26
640,67,9696.74
640,68,9686.31
640,69,9732.22
640,70,9712.4
640,71,9705.46
640,72,9713.58
640,73,9730.51
640,74,9764.16
640,75,9751.51
640,76,9669.16
640,77,9731.89
640,78,9678.65
640,79,9749.98
640,80,9729.05
640,81,9709.12
640,82,9666.43
640,83,9677.5
640,84,9688.52
640,85,9691.93
640,86,9736.7
640,87,9720.57
640,88,9720.73
640,89,9697.98
640,90,9673.12
640,91,9692.89
640,92,9687.07
640,93,9721.87
640,94,9697.53
640,95,9690.89
640,96,9676.99
640,97,9706.9
640,98,9704.87
640,99,9725.99
650,0,9719.34
650,1,9705.22
650,2,9741.36
650,3,9676.23
650,4,9678.43
650,5,9702.23
650,6,9696.24
650,7,9682.5
650,8,9678.33
650,9,9676.09
650,10,9686.62
650,11,9703.76
650,12,9697.9
650,13,9699.87
650,14,9674.73
650,15,9695.16
650,16,9688.17
650,17,9746.44
650,18,9714.4
650,19,9726.61
650,20,9684.75
650,21,9691.45
650,22,9722.61
650,23,9657.84
650,24,9692.8
650,25,9706.86
650,26,9699.3
650,27,9642.85
650,28,9651.06
650,29,9680.3
650,30,9709.66
650,31,9720
650,32,9684.67
650,33,9709.04
650,34,9654.77
650,35,9668.41
650,36,9718.16
650,37,9674.31
650,38,9716.03
650,39,9704.28
650,40,9715.73
650,41,9681.76
650,42,9714.44
650,43,9685.33
650,44,9727.7
650,45,9670.23
650,46,9720.46
650,47,9714.12
650,48,9740.84
650,49,9706.74
650,50,9665.52
650,51,9746.45
650,52,9716.25
650,53,9704.12
650,54,9681.3
650,55,9668.34
650,56,9679.51
650,57,9643.27
650,58,9660.34
650,59,9753.44
650,60,9674.91
650,61,9667.07
650,62,9650.58
650,63,9727.79
650,64,9703.83
650,65,9654.86
650,66,9668.64
650,67,9679.03
650,68,9671.02
650,69,9716.39
650,70,9697.84
650,71,9692.58
650,72,9700.15
650,73,9712.38
650,74,9748.04
650,75,9737.82
650,76,9651.47
650,77,9717.17
650,78,9663.11
650,79,9736.4
650,80,9711.42
650,81,9692.09
650,82,9649.2
650,83,9660.02
650,84,9672.84
650,85,9673.78
650,86,9718.86
650,87,9708.81
650,88,9705.41
650,89,9680.87
650,90,9653.55
650,91,9675.39
650,92,9670.99
650,93,9708.02
650,94,9679.52
650,95,9675.43
650,96,9663.12
650,97,9695.22
650,98,9688.16
650,99,9709.6
660,0,9719.04
660,1,9704.92
660,2,9741.06
660,3,9675.93
660,4,9678.13
660,5,9701.93
660,6,9695.94
660,7,9682.2
660,8,9678.04
660,9,9675.79
660,10,9686.32
660,11,9703.46
660,12,9697.6
660,13,9699.57
660,14,9674.43
660,15,9694.86
660,16,9687.87
660,17,9746.14
660,18,9714.1
660,19,9726.31
660,20,9684.45
660,21,9691.15
660,22,9722.31
660,23,9657.54
660,24,9692.5
660,25,9706.56
660,26,9699
660,27,9642.55
660,28,9650.76
660,29,9680
660,30,9709.36
660,31,9719.7
660,32,9684.37
660,33,9708.74
660,34,9654.47
660,35,9668.11
660,36,9717.86
660,37,9674.01
660,38,9715.73
660,39,9703.98
660,40,9715.43
660,41,9681.46
660,42,9714.14
660,43,9685.03
660,44,9727.4
660,45,9669.93
660,46,9720.16
660,47,9713.82
660,48,9740.54
660,49,9706.44
660,50,9665.22
660,51,9746.15
660,52,9715.95
660,53,9703.83
660,54,9681
660,55,9668.04
660,56,9679.21
660,57,9642.97
660,58,9660.04
660,59,9753.14
660,60,9674.61
660,61,9666.77
660,62,9650.28
660,63,9727.49
660,64,9703.53
660,65,9654.58
660,66,9668.34
660,67,9678.73
660,68,9670.72
660,69,9716.09
660,70,9697.54
660,71,9692.28
660,72,9699.85
660,73,9712.08
660,74,9747.74
660,75,9737.52
660,76,9651.18
660,77,9716.87
660,78,9662.81
660,79,9736.1
660,80,9711.12
660,81,9691.8
660,82,9648.9
660,83,9659.72
660,84,9672.54
660,85,9673.48
660,86,9718.56
660,87,9708.51
660,88,9705.11
660,89,9680.57
660,90,9653.28
660,91,9675.09
660,92,9670.69
660,93,9707.72
660,94,9679.23
660,95,9675.13
660,96,9662.82
660,97,9694.92
660,98,9687.86
660,99,9709.3
670,0,9718.74
670,1,9704.62
670,2,9740.76
670,3,9675.63
670,4,9677.83
670,5,9701.63
670,6,9695.64
670,7,9681.9
670,8,9677.74
670,9,9675.49
670,10,9686.02
670,11,9703.16
670,12,9697.3
670,13,9699.27
670,14,9674.13
670,15,9694.56
670,16,9687.57
670,17,9745.84
670,18,9713.8
670,19,9726.01
670,20,9684.15
670,21,9690.85
670,22,9722.01
670,23,9657.24
670,24,9692.2
670,25,9706.26
670,26,9698.7
670,27,9642.25
670,28,9650.46
670,29,9679.7
670,30,9709.06
670,31,9719.4
670,32,9684.07
670,33,9708.44
670,34,9654.17
670,35,9667.81
670,36,9717.56
670,37,9673.71
670,38,9715.43
670,39,9703.68
670,40,9715.13
670,41,9681.16
670,42,9713.84
670,43,9684.73
670,44,9727.1
670,45,9669.63
670,46,9719.86
670,47,9713.52
670,48,9740.24
670,49,9706.14
670,50,9664.92
670,51,9745.85
670,52,9715.65
670,53,9703.53
670,54,9680.7
670,55,9667.74
670,56,9678.91
670,57,9642.67
670,58,9659.74
670,59,9752.84
670,60,9674.31
670,61,9666.47
670,62,9649.98
670,63,9727.19
670,64,9703.23
670,65,9654.28
670,66,9668.04
670,67,9678.43
670,68,9670.42
670,69,9715.79
670,70,9697.24
670,71,9691.98
670,72,9699.55
670,73,9711.78
670,74,9747.44
670,75,9737.22
670,76,9650.88
670,77,9716.57
670,78,9662.51
670,79,9735.8
670,80,9710.82
670,81,9691.5
670,82,9648.6
670,83,9659.42
670,84,9672.24
670,85,9673.18
670,86,9718.26
670,87,9708.21
670,88,9704.81
670,89,9680.27
670,90,9652.98
670,91,9674.79
670,92,9670.39
670,93,9707.42
670,94,9678.93
670,95,9674.83
670,96,9662.52
670,97,9694.62
670,98,9687.56
670,99,9709
680,0,9705.55
680,1,9687.55
680,2,9727.32
680,3,9660.85
680,4,9663.59
680,5,9688.75
680,6,9682.86
680,7,9668.56
680,8,9663.41
680,9,9661.53
680,10,9669.82
680,11,9689.9
680,12,9683.99
680,13,9682.17
680,14,9659.78
680,15,9682.03
680,16,9670.19
680,17,9732.02
680,18,9699.65
680,19,9714.42
680,20,9666.59
680,21,9676.14
680,22,9710.28
680,23,9642.83
680,24,9679.29
680,25,9688.75
680,26,9684.16
680,27,9624.91
680,28,9632.17
680,29,9664.6
680,30,9694.61
680,31,9707.06
680,32,9669.03
680,33,9690.61
680,34,9640.19
680,35,9654.48
680,36,9705.6
680,37,9656.83
680,38,9701.27
680,39,9690.18
680,40,9701.65
680,41,9670.21
680,42,9700.64
680,43,9671.42
680,44,9710.74
680,45,9654.64
680,46,9705.69
680,47,9698.82
680,48,9726.03
680,49,9689.82
680,50,9647.85
680,51,9730.7
680,52,9703.33
680,53,9685.69
680,54,9665.67
680,55,9654.05
680,56,9664.33
680,57,9629.31
680,58,9640.5
680,59,9737.5
680,60,9661.33
680,61,9653.72
680,62,9634.74
680,63,9712.46
680,64,9691.24
680,65,9638.21
680,66,9652.12
680,67,9661.11
680,68,9654.07
680,69,9702.34
680,70,9684.69
680,71,9679.29
680,72,9686.81
680,73,9697.32
680,74,9732.87
680,75,9724.49
680,76,9634.89
680,77,9698.92
680,78,9648.07
680,79,9721.85
680,80,9697.08
680,81,9674.22
680,82,9631.64
680,83,9641.45
680,84,9657.89
680,85,9654.24
680,86,9703.4
680,87,9695.84
680,88,9691.97
680,89,9659.57
680,90,9636.57
680,91,9657.72
680,92,9654.2
680,93,9692.71
680,94,9663.85
680,95,9658.78
680,96,9647.64
680,97,9681.99
680,98,9672.42
680,99,9692.74
690,0,9705.25
690,1,9687.26
690,2,9727.02
690,3,9660.55
690,4,9663.29
690,5,9688.45
690,6,9682.56
690,7,9668.26
690,8,9663.11
690,9,9661.23
690,10,9669.53
690,11,9689.6
690,12,9683.69
690,13,9681.89
690,14,9659.49
690,15,9681.73
690,16,9669.91
690,17,9731.72
690,18,9699.35
690,19,9714.12
690,20,9666.29
690,21,9675.84
690,22,9709.98
690,23,9642.53
690,24,9678.99
690,25,9688.46
690,26,9683.86
690,27,9624.64
690,28,9631.88
690,29,9664.3
690,30,9694.31
690,31,9706.76
690,32,9668.74
690,33,9690.33
690,34,9639.89
690,35,9654.18
690,36,9705.3
690,37,9656.54
690,38,9700.97
690,39,9689.88
690,40,9701.35
690,41,9669.91
690,42,9700.34
690,43,9671.12
690,44,9710.45
690,45,9654.34
690,46,9705.39
690,47,9698.52
690,48,9725.73
690,49,9689.54
690,50,9647.55
690,51,9730.4
690,52,9703.03
690,53,9685.41
690,54,9665.37
690,55,9653.75
690,56,9664.03
690,57,9629.01
690,58,9640.23
690,59,9737.2
690,60,9661.03
690,61,9653.42
690,62,9634.44
690,63,9712.16
690,64,9690.94
690,65,9637.92
690,66,9651.82
690,67,9660.82
690,68,9653.79
690,69,9702.04
690,70,9684.39
690,71,9678.99
690,72,9686.51
690,73,9697.02
690,74,9732.57
690,75,9724.19
690,76,9634.6
690,77,9698.64
690,78,9647.77
690,79,9721.55
690,80,9696.78
690,81,9673.94
690,82,9631.34
690,83,9641.15
690,84,9657.59
690,85,9653.96
690,86,9703.1
690,87,9695.54
690,88,9691.67
690,89,9659.29
690,90,9636.28
690,91,9657.43
690,92,9653.9
690,93,9692.41
690,94,9663.55
690,95,9658.48
690,96,9647.34
690,97,9681.69
690,98,9672.12
690,99,9692.44
700,0,9704.95
700,1,9686.96
700,2,9726.72
700,3,9660.25
700,4,9662.99
700,5,9688.15
700,6,9682.26
700,7,9667.96
700,8,9662.81
700,9,9660.93
700,10,9669.23
700,11,9689.3
700,12,9683.39
700,13,9681.59
700,14,9659.19
700,15,9681.43
700,16,9669.61
700,17,9731.42
700,18,9699.05
700,19,9713.82
700,20,9665.99
700,21,9675.54
700,22,9709.68
700,23,9642.23
700,24,9678.69
700,25,9688.16
700,26,9683.56
700,27,9624.34
700,28,9631.58
700,29,9664
700,30,9694.01
700,31,9706.46
700,32,9668.44
700,33,9690.03
700,34,9639.59
700,35,9653.88
700,36,9705
700,37,9656.24
700,38,9700.67
700,39,9689.58
700,40,9701.05
700,41,9669.61
700,42,9700.04
700,43,9670.82
700,44,9710.15
700,45,9654.04
700,46,9705.09
700,47,9698.22
700,48,9725.43
700,49,9689.24
700,50,9647.25
700,51,9730.1
700,52,9702.73
700,53,9685.11
700,54,9665.07
700,55,9653.45
700,56,9663.73
700,57,9628.71
700,58,9639.93
700,59,9736.9
700,60,9660.73
700,61,9653.12
700,62,9634.14
700,63,9711.86
700,64,9690.64
700,65,9637.62
700,66,9651.52
700,67,9660.52
700,68,9653.49
700,69,9701.74
700,70,9684.09
700,71,9678.69
700,72,9686.21
700,73,9696.72
700,74,9732.27
700,75,9723.89
700,76,9634.3
700,77,9698.34
700,78,9647.47
700,79,9721.25
700,80,9696.48
700,81,9673.64
700,82,9631.04
700,83,9640.85
700,84,9657.29
700,85,9653.66
700,86,9702.8
700,87,9695.24
700,88,9691.37
700,89,9658.99
700,90,9635.98
700,91,9657.13
700,92,9653.6
700,93,9692.11
700,94,9663.25
700,95,9658.18
700,96,9647.04
700,97,9681.39
700,98,9671.82
700,99,9692.14
710,0,9693.98
710,1,9675.07
710,2,9715.24
710,3,9648.08
710,4,9650.88
710,5,9674.82
710,6,9670.89
710,7,9654.52
710,8,9651.02
710,9,9647.08
710,10,9656.06
710,11,9676.11
710,12,9673.09
710,13,9669.3
710,14,9645.38
710,15,9672
710,16,9656.37
710,17,9718.82
710,18,9688.91
710,19,9702.51
710,20,9652.19
710,21,9663.29
710,22,9698.26
710,23,9629.15
710,24,9666.54
710,25,9675.53
710,26,9671.59
710,27,9611.17
710,28,9619.1
710,29,9651.41
710,30,9680.91
710,31,9694.89
710,32,9656.28
710,33,9676.58
710,34,9625.83
710,35,9641.52
710,36,9691.8
710,37,9644.01
710,38,9688.96
710,39,9678.52
710,40,9689.03
710,41,9654.34
710,42,9688.31
710,43,9657.54
710,44,9696.63
710,45,9638.76
710,46,9692.34
710,47,9686.64
710,48,9713.25
710,49,9676.4
710,50,9634.22
710,51,9719.02
710,52,9691.95
710,53,9672.37
710,54,9652
710,55,9639.83
710,56,9650.41
710,57,9616.83
710,58,9623.22
710,59,9723.31
710,60,9649.46
710,61,9637.55
710,62,9620.68
710,63,9701.53
710,64,9679.31
710,65,9622.15
710,66,9639.93
710,67,9645.19
710,68,9638.17
710,69,9690.15
710,70,9671.68
710,71,9666.44
710,72,9674.98
710,73,9684.52
710,74,9721.05
710,75,9713.19
710,76,9619.24
710,77,9685.53
710,78,9635.81
710,79,9709.94
710,80,9684.67
710,81,9660.52
710,82,9616.19
710,83,9627.91
710,84,9642.52
710,85,9635.79
710,86,9689.66
710,87,9683.62
710,88,9679.82
710,89,9643.13
710,90,9620.3
710,91,9643.05
710,92,9638.79
710,93,9680.37
710,94,9650.03
710,95,9644.63
710,96,9634.2
710,97,9671.99
710,98,9661.06
710,99,9680.05
720,0,9693.68
720,1,9674.77
720,2,9714.94
720,3,9647.78
720,4,9650.58
720,5,9674.52
720,6,9670.59
720,7,9654.22
720,8,9650.72
720,9,9646.78
720,10,9655.76
720,11,9675.81
720,12,9672.79
720,13,9669
720,14,9645.08
720,15,9671.7
720,16,9656.07
720,17,9718.52
720,18,9688.61
720,19,9702.21
720,20,9651.89
720,21,9662.99
720,22,9697.96
720,23,9628.85
720,24,9666.24
720,25,9675.23
720,26,9671.29
720,27,9610.87
720,28,9618.8
720,29,9651.11
720,30,9680.61
720,31,9694.59
720,32,9655.98
720,33,9676.28
720,34,9625.53
720,35,9641.22
720,36,9691.5
720,37,9643.71
720,38,9688.66
720,39,9678.22
720,40,9688.73
720,41,9654.04
720,42,9688.01
720,43,9657.24
720,44,9696.33
720,45,9638.46
720,46,9692.04
720,47,9686.34
720,48,9712.95
720,49,9676.1
720,50,9633.92
720,51,9718.72
720,52,9691.65
720,53,9672.07
720,54,9651.7
720,55,9639.53
720,56,9650.11
720,57,9616.53
720,58,9622.93
720,59,9723.01
720,60,9649.16
720,61,9637.27
720,62,9620.38
720,63,9701.23
720,64,9679.01
720,65,9621.85
720,66,9639.63
720,67,9644.89
720,68,9637.88
720,69,9689.85
720,70,9671.38
720,71,9666.14
720,72,9674.68
720,73,9684.22
720,74,9720.75
720,75,9712.89
720,76,9618.94
720,77,9685.23
720,78,9635.51
720,79,9709.64
720,80,9684.37
720,81,9660.22
720,82,9615.89
720,83,9627.61
720,84,9642.22
720,85,9635.49
720,86,9689.36
720,87,9683.32
720,88,9679.52
720,89,9642.83
720,90,9620
720,91,9642.75
720,92,9638.49
720,93,9680.07
720,94,9649.73
720,95,9644.33
720,96,9633.9
720,97,9671.69
720,98,9660.76
720,99,9679.75
730,0,9693.38
730,1,9674.47
730,2,9714.64
730,3,9647.48
730,4,9650.28
730,5,9674.22
730,6,9670.29
730,7,9653.92
730,8,9650.42
730,9,9646.48
730,10,9655.46
730,11,9675.51
730,12,9672.49
730,13,9668.7
730,14,9644.78
730,15,9671.4
730,16,9655.77
730,17,9718.22
730,18,9688.31
730,19,9701.91
730,20,9651.59
730,21,9662.69
730,22,9697.66
730,23,9628.55
730,24,9665.94
730,25,9674.93
730,26,9670.99
730,27,9610.57
730,28,9618.5
730,29,9650.81
730,30,9680.31
730,31,9694.29
730,32,9655.68
730,33,9675.98
730,34,9625.23
730,35,9640.92
730,36,9691.2
730,37,9643.41
730,38,9688.36
730,39,9677.92
730,40,9688.43
730,41,9653.74
730,42,9687.71
730,43,9656.94
730,44,9696.03
730,45,9638.16
730,46,9691.74
730,47,9686.04
730,48,9712.65
730,49,9675.8
730,50,9633.62
730,51,9718.42
730,52,9691.35
730,53,9671.77
730,54,9651.4
730,55,9639.23
730,56,9649.81
730,57,9616.23
730,58,9622.63
730,59,9722.71
730,60,9648.86
730,61,9636.97
730,62,9620.08
730,63,9700.93
730,64,9678.71
730,65,9621.55
730,66,9639.33
730,67,9644.59
730,68,9637.58
730,69,9689.55
730,70,9671.08
730,71,9665.84
730,72,9674.38
730,73,9683.92
730,74,9720.45
730,75,9712.59
730,76,9618.64
730,77,9684.93
730,78,9635.21
730,79,9709.34
730,80,9684.07
730,81,9659.92
730,82,9615.59
730,83,9627.31
730,84,9641.92
730,85,9635.19
730,86,9689.06
730,87,9683.02
730,88,9679.22
730,89,9642.53
730,90,9619.7
730,91,9642.45
730,92,9638.19
730,93,9679.77
730,94,9649.43
730,95,9644.03
730,96,9633.6
730,97,9671.39
730,98,9660.46
730,99,9679.45
740,0,9682.01
740,1,9662.8
740,2,9703.44
740,3,9635.83
740,4,9634.87
740,5,9659.53
740,6,9656.94
740,7,9641.51
740,8,9635.66
740,9,9634.64
740,10,9641.25
740,11,9663.27
740,12,9662.06
740,13,9656.11
740,14,9630.86
740,15,9660.78
740,16,9640.66
740,17,9706
740,18,9678.06
740,19,9690.49
740,20,9639.07
740,21,9648.43
740,22,9685.96
740,23,9615.63
740,24,9653.67
740,25,9662.75
740,26,9658.93
740,27,9596.1
740,28,9605.88
740,29,9638.3
740,30,9666.72
740,31,9681.38
740,32,9644.02
740,33,9662.72
740,34,9611.63
740,35,9625.52
740,36,9679.37
740,37,9630.18
740,38,9677.41
740,39,9666.49
740,40,9677.99
740,41,9633.58
740,42,9673.76
740,43,9642.91
740,44,9681.78
740,45,9623.75
740,46,9679.31
740,47,9673.42
740,48,9700.84
740,49,9661.56
740,50,9618.94
740,51,9705.42
740,52,9681.11
740,53,9659.49
740,54,9638.29
740,55,9625.71
740,56,9636.6
740,57,9604.17
740,58,9606
740,59,9710.22
740,60,9636.51
740,61,9624.32
740,62,9606.2
740,63,9689.73
740,64,9667.47
740,65,9606
740,66,9625.2
740,67,9629.43
740,68,9622.06
740,69,9677.13
740,70,9659.2
740,71,9653.76
740,72,9662.5
740,73,9671.08
740,74,9709.64
740,75,9702.17
740,76,9606.49
740,77,9672.75
740,78,9623.41
740,79,9698.17
740,80,9672.15
740,81,9646.77
740,82,9601.01
740,83,9608.82
740,84,9630.19
740,85,9620.01
740,86,9675.91
740,87,9671.36
740,88,9668
740,89,9626.25
740,90,9603.2
740,91,9628.5
740,92,9622.33
740,93,9665.89
740,94,9635.77
740,95,9630.98
740,96,9621.27
740,97,9660.59
740,98,9645.65
740,99,9667.24
750,0,9681.71
750,1,9662.5
750,2,9703.14
750,3,9635.53
750,4,9634.59
750,5,9659.23
750,6,9656.66
750,7,9641.22
750,8,9635.37
750,9,9634.34
750,10,9640.95
750,11,9662.97
750,12,9661.76
750,13,9655.81
750,14,9630.58
750,15,9660.48
750,16,9640.37
750,17,9705.7
750,18,9677.76
750,19,9690.19
750,20,9638.77
750,21,9648.13
750,22,9685.66
750,23,9615.33
750,24,9653.37
750,25,9662.45
750,26,9658.63
750,27,9595.82
750,28,9605.58
750,29,9638
750,30,9666.42
750,31,9681.08
750,32,9643.72
750,33,9662.42
750,34,9611.34
750,35,9625.25
750,36,9679.07
750,37,9629.88
750,38,9677.11
750,39,9666.19
750,40,9677.69
750,41,9633.28
750,42,9673.48
750,43,9642.61
750,44,9681.48
750,45,9623.47
750,46,9679.01
750,47,9673.12
750,48,9700.54
750,49,9661.26
750,50,9618.64
750,51,9705.12
750,52,9680.81
750,53,9659.19
750,54,9637.99
750,55,9625.41
750,56,9636.3
750,57,9603.87
750,58,9605.72
750,59,9709.92
750,60,9636.21
750,61,9624.02
750,62,9605.9
750,63,9689.43
750,64,9667.17
750,65,9605.73
750,66,9624.9
750,67,9629.15
750,68,9621.77
750,69,9676.83
750,70,9658.9
750,71,9653.46
750,72,9662.2
750,73,9670.78
750,74,9709.34
750,75,9701.87
750,76,9606.19
750,77,9672.45
750,78,9623.11
750,79,9697.87
750,80,9671.85
750,81,9646.48
750,82,9600.72
750,83,9608.52
750,84,9629.89
750,85,9619.71
750,86,9675.61
750,87,9671.06
750,88,9667.7
750,89,9625.96
750,90,9602.93
750,91,9628.2
750,92,9622.05
750,93,9665.59
750,94,9635.47
750,95,9630.68
750,96,9620.97
750,97,9660.29
750,98,9645.35
750,99,9666.94
760,0,9681.41
760,1,9662.2
760,2,9702.84
760,3,9635.23
760,4,9634.29
760,5,9658.93
760,6,9656.36
760,7,9640.92
760,8,9635.07
760,9,9634.04
760,10,9640.65
760,11,9662.67
760,12,9661.46
760,13,9655.51
760,14,9630.28
760,15,9660.18
760,16,9640.07
760,17,9705.4
760,18,9677.46
760,19,9689.89
760,20,9638.47
760,21,9647.83
760,22,9685.36
760,23,9615.03
760,24,9653.07
760,25,9662.15
760,26,9658.33
760,27,9595.52
760,28,9605.28
760,29,9637.7
760,30,9666.12
760,31,9680.78
760,32,9643.42
760,33,9662.12
760,34,9611.04
760,35,9624.95
760,36,9678.77
760,37,9629.58
760,38,9676.81
760,39,9665.89
760,40,9677.39
760,41,9632.98
760,42,9673.18
760,43,9642.31
760,44,9681.18
760,45,9623.17
760,46,9678.71
760,47,9672.82
760,48,9700.24
760,49,9660.96
760,50,9618.34
760,51,9704.82
760,52,9680.51
760,53,9658.89
760,54,9637.69
760,55,9625.11
760,56,9636
760,57,9603.57
760,58,9605.42
760,59,9709.62
760,60,9635.91
760,61,9623.72
760,62,9605.6
760,63,9689.13
760,64,9666.87
760,65,9605.43
760,66,9624.6
760,67,9628.85
760,68,9621.47
760,69,9676.53
760,70,9658.6
760,71,9653.16
760,72,9661.9
760,73,9670.48
760,74,9709.04
760,75,9701.57
760,76,9605.89
760,77,9672.15
760,78,9622.81
760,79,9697.57
760,80,9671.55
760,81,9646.18
760,82,9600.42
760,83,9608.22
760,84,9629.59
760,85,9619.41
760,86,9675.31
760,87,9670.76
760,88,9667.4
760,89,9625.66
760,90,9602.63
760,91,9627.9
760,92,9621.75
760,93,9665.29
760,94,9635.17
760,95,9630.38
760,96,9620.67
760,97,9659.99
760,98,9645.05
760,99,9666.64
770,0,9670.37
770,1,9649.61
770,2,9690.73
770,3,9623.81
770,4,9617.87
770,5,9647.94
770,6,9644.19
770,7,9628.52
770,8,9619.21
770,9,9620.63
770,10,9625.45
770,11,9650.14
770,12,9649.54
770,13,9641.67
770,14,9615.63
770,15,9649.58
770,16,9624.86
770,17,9693.42
770,18,9666.29
770,19,9677.04
770,20,9623.54
770,21,9635.22
770,22,9673.12
770,23,9602.17
770,24,9641.08
770,25,9648.82
770,26,9646.56
770,27,9579.99
770,28,9590.02
770,29,9625.87
770,30,9652.17
770,31,9667.91
770,32,9631.34
770,33,9648.8
770,34,9597.47
770,35,9610.47
770,36,9667.49
770,37,9616.47
770,38,9666.03
770,39,9654.49
770,40,9666.32
770,41,9616.53
770,42,9660.66
770,43,9629.75
770,44,9667.61
770,45,9608.2
770,46,9664.93
770,47,9661.64
770,48,9690.25
770,49,9646.43
770,50,9605.37
770,51,9691.79
770,52,9669.93
770,53,9645.36
770,54,9623.98
770,55,9613.42
770,56,9623.12
770,57,9590.43
770,58,9589.29
770,59,9697.72
770,60,9623.62
770,61,9607.4
770,62,9594.22
770,63,9678.97
770,64,9655.66
770,65,9590.02
770,66,9611.65
770,67,9612.71
770,68,9606.72
770,69,9664.5
770,70,9645.86
770,71,9641.02
770,72,9650.72
770,73,9657.35
770,74,9697.14
770,75,9692.04
770,76,9590.81
770,77,9658.8
770,78,9609.95
770,79,9685.03
770,80,9658.89
770,81,9632.27
770,82,9587.2
770,83,9589.64
770,84,9613.31
770,85,9604.89
770,86,9661.73
770,87,9659.6
770,88,9655.32
770,89,9610.62
770,90,9586.05
770,91,9612.62
770,92,9605.88
770,93,9652.77
770,94,9621.05
770,95,9616.33
770,96,9607.4
770,97,9649.46
770,98,9630.12
770,99,9653.69
780,0,9670.07
780,1,9649.31
780,2,9690.43
780,3,9623.51
780,4,9617.61
780,5,9647.64
780,6,9643.9
780,7,9628.25
780,8,9618.94
780,9,9620.34
780,10,9625.18
780,11,9649.86
780,12,9649.25
780,13,9641.39
780,14,9615.37
780,15,9649.28
780,16,9624.58
780,17,9693.12
780,18,9665.99
780,19,9676.74
780,20,9623.26
780,21,9634.92
780,22,9672.82
780,23,9601.87
780,24,9640.79
780,25,9648.53
780,26,9646.26
780,27,9579.74
780,28,9589.75
780,29,9625.57
780,30,9651.87
780,31,9667.61
780,32,9631.05
780,33,9648.52
780,34,9597.19
780,35,9610.2
780,36,9667.19
780,37,9616.18
780,38,9665.73
780,39,9654.19
780,40,9666.02
780,41,9616.23
780,42,9660.38
780,43,9629.45
780,44,9667.31
780,45,9607.92
780,46,9664.64
780,47,9661.34
780,48,9689.95
780,49,9646.15
780,50,9605.07
780,51,9691.49
780,52,9669.63
780,53,9645.07
780,54,9623.7
780,55,9613.12
780,56,9622.82
780,57,9590.15
780,58,9589.03
780,59,9697.42
780,60,9623.32
780,61,9607.15
780,62,9593.92
780,63,9678.67
780,64,9655.36
780,65,9589.76
780,66,9611.35
780,67,9612.45
780,68,9606.43
780,69,9664.2
780,70,9645.58
780,71,9640.72
780,72,9650.42
780,73,9657.06
780,74,9696.84
780,75,9691.74
780,76,9590.54
780,77,9658.51
780,78,9609.65
780,79,9684.73
780,80,9658.6
780,81,9632
780,82,9586.9
780,83,9589.34
780,84,9613.06
780,85,9604.6
780,86,9661.43
780,87,9659.3
780,88,9655.03
780,89,9610.34
780,90,9585.79
780,91,9612.35
780,92,9605.61
780,93,9652.47
780,94,9620.77
780,95,9616.04
780,96,9607.11
780,97,9649.16
780,98,9629.83
780,99,9653.39
790,0,9669.77
790,1,9649.01
790,2,9690.13
790,3,9623.21
790,4,9617.31
790,5,9647.34
790,6,9643.6
790,7,9627.95
790,8,9618.64
790,9,9620.04
790,10,9624.88
790,11,9649.56
790,12,9648.95
790,13,9641.09
790,14,9615.07
790,15,9648.98
790,16,9624.28
790,17,9692.82
790,18,9665.69
790,19,9676.44
790,20,9622.96
790,21,9634.62
790,22,9672.52
790,23,9601.57
790,24,9640.49
790,25,9648.23
790,26,9645.96
790,27,9579.44
790,28,9589.45
790,29,9625.27
790,30,9651.57
790,31,9667.31
790,32,9630.75
790,33,9648.22
790,34,9596.89
790,35,9609.9
790,36,9666.89
790,37,9615.88
790,38,9665.43
790,39,9653.89
790,40,9665.72
790,41,9615.93
790,42,9660.08
790,43,9629.15
790,44,9667.01
790,45,9607.62
790,46,9664.34
790,47,9661.04
790,48,9689.65
790,49,9645.85
790,50,9604.77
790,51,9691.19
790,52,9669.33
790,53,9644.77
790,54,9623.4
790,55,9612.82
790,56,9622.52
790,57,9589.85
790,58,9588.73
790,59,9697.12
790,60,9623.02
790,61,9606.85
790,62,9593.62
790,63,9678.37
790,64,9655.06
790,65,9589.46
790,66,9611.05
790,67,9612.15
790,68,9606.13
790,69,9663.9
790,70,9645.28
790,71,9640.42
790,72,9650.12
790,73,9656.76
790,74,9696.54
790,75,9691.44
790,76,9590.24
790,77,9658.21
790,78,9609.35
790,79,9684.43
790,80,9658.3
790,81,9631.7
790,82,9586.6
790,83,9589.04
790,84,9612.76
790,85,9604.3
790,86,9661.13
790,87,9659
790,88,9654.73
790,89,9610.04
790,90,9585.49
790,91,9612.05
790,92,9605.31
790,93,9652.17
790,94,9620.47
790,95,9615.74
790,96,9606.81
790,97,9648.86
790,98,9629.53
790,99,9653.09
800,0,9658.07
800,1,9635.19
800,2,9678.08
800,3,9609.72
800,4,9602.04
800,5,9634.59
800,6,9631.81
800,7,9615.42
800,8,9604.68
800,9,9605.94
800,10,9611.58
800,11,9637.07
800,12,9638.5
800,13,9626.12
800,14,9599.45
800,15,9637.61
800,16,9607.44
800,17,9679.67
800,18,9654.39
800,19,9663.66
800,20,9610.24
800,21,9619.28
800,22,9658.87
800,23,9586.98
800,24,9628.3
800,25,9633.8
800,26,9634.81
800,27,9563.05
800,28,9574.85
800,29,9611.58
800,30,9637.02
800,31,9653.73
800,32,9617.11
800,33,9633.59
800,34,9582.11
800,35,9593.49
800,36,9654.91
800,37,9601.8
800,38,9652.22
800,39,9641.59
800,40,9653.45
800,41,9599.58
800,42,9647.78
800,43,9615.99
800,44,9654.3
800,45,9591.41
800,46,9649.33
800,47,9649.31
800,48,9676.97
800,49,9631.05
800,50,9589.55
800,51,9677.79
800,52,9657.12
800,53,9629.62
800,54,9608.8
800,55,9599.52
800,56,9609.95
800,57,9577.08
800,58,9573.19
800,59,9684.06
800,60,9610.92
800,61,9592.41
800,62,9579.75
800,63,9666.51
800,64,9643.72
800,65,9576.44
800,66,9596.33
800,67,9598.17
800,68,9591.28
800,69,9650.18
800,70,9631.32
800,71,9628.06
800,72,9638.72
800,73,9642.44
800,74,9683.47
800,75,9679.45
800,76,9575.83
800,77,9642.17
800,78,9594.2
800,79,9673.64
800,80,9643.7
800,81,9615.81
800,82,9571.56
800,83,9569.94
800,84,9596.73
800,85,9585.62
800,86,9646.19
800,87,9646.48
800,88,9640.12
800,89,9595.12
800,90,9572.27
800,91,9599.08
800,92,9592.35
800,93,9638.56
800,94,9603.8
800,95,9602.83
800,96,9592.59
800,97,9636.33
800,98,9616.17
800,99,9638.32
810,0,9657.78
810,1,9634.94
810,2,9677.8
810,3,9609.43
810,4,9601.79
810,5,9634.29
810,6,9631.53
810,7,9615.16
810,8,9604.43
810,9,9605.68
810,10,9611.31
810,11,9636.81
810,12,9638.21
810,13,9625.88
810,14,9599.21
810,15,9637.32
810,16,9607.21
810,17,9679.39
810,18,9654.1
810,19,9663.37
810,20,9609.96
810,21,9619.02
810,22,9658.61
810,23,9586.71
810,24,9628.02
810,25,9633.53
810,26,9634.52
810,27,9562.82
810,28,9574.59
810,29,9611.29
810,30,9636.75
810,31,9653.46
810,32,9616.87
810,33,9633.34
810,34,9581.84
810,35,9593.25
810,36,9654.63
810,37,9601.54
810,38,9651.95
810,39,9641.31
810,40,9653.18
810,41,9599.28
810,42,9647.51
810,43,9615.7
810,44,9654.02
810,45,9591.17
810,46,9649.09
810,47,9649.03
810,48,9676.69
810,49,9630.79
810,50,9589.28
810,51,9677.53
810,52,9656.86
810,53,9629.38
810,54,9608.55
810,55,9599.25
810,56,9609.66
810,57,9576.82
810,58,9572.93
810,59,9683.8
810,60,9610.64
810,61,9592.16
810,62,9579.47
810,63,9666.24
810,64,9643.43
810,65,9570.81
810,66,9596.06
810,67,9592.37
810,68,9591.02
810,69,9649.93
810,70,9631.09
810,71,9627.79
810,72,9638.43
810,73,9642.19
810,74,9683.19
810,75,9679.17
810,76,9575.56
810,77,9641.92
810,78,9593.93
810,79,9673.35
810,80,9643.45
810,81,9615.58
810,82,9571.29
810,83,9569.64
810,84,9596.48
810,85,9585.35
810,86,9645.95
810,87,9646.19
810,88,9639.87
810,89,9594.85
810,90,9566.59
810,91,9598.81
810,92,9587.19
810,93,9638.27
810,94,9603.57
810,95,9602.55
810,96,9592.33
810,97,9636.03
810,98,9615.89
810,99,9638.07
820,0,9657.48
820,1,9634.64
820,2,9677.5
820,3,9609.13
820,4,9601.49
820,5,9633.99
820,6,9631.23
820,7,9614.86
820,8,9604.13
820,9,9605.38
820,10,9611.01
820,11,9636.51
820,12,9637.91
820,13,9625.58
820,14,9598.91
820,15,9637.02
820,16,9606.91
820,17,9679.09
820,18,9653.8
820,19,9663.07
820,20,9609.66
820,21,9618.72
820,22,9658.31
820,23,9586.41
820,24,9627.72
820,25,9633.23
820,26,9634.22
820,27,9562.52
820,28,9574.29
820,29,9610.99
820,30,9636.45
820,31,9653.16
820,32,9616.57
820,33,9633.04
820,34,9581.54
820,35,9592.95
820,36,9654.33
820,37,9601.24
820,38,9651.65
820,39,9641.01
820,40,9652.88
820,41,9598.98
820,42,9647.21
820,43,9615.4
820,44,9653.72
820,45,9590.87
820,46,9648.79
820,47,9648.73
820,48,9676.39
820,49,9630.49
820,50,9588.98
820,51,9677.23
820,52,9656.56
820,53,9629.08
820,54,9608.25
820,55,9598.95
820,56,9609.36
820,57,9576.52
820,58,9572.63
820,59,9683.5
820,60,9610.34
820,61,9591.86
820,62,9579.17
820,63,9665.94
820,64,9643.13
820,65,9570.51
820,66,9595.76
820,67,9592.07
820,68,9590.72
820,69,9649.63
820,70,9630.79
820,71,9627.49
820,72,9638.13
820,73,9641.89
820,74,9682.89
820,75,9678.87
820,76,9575.26
820,77,9641.62
820,78,9593.63
820,79,9673.05
820,80,9643.15
820,81,9615.28
820,82,9570.99
820,83,9569.34
820,84,9596.18
820,85,9585.05
820,86,9645.65
820,87,9645.89
820,88,9639.57
820,89,9594.55
820,90,9566.29
820,91,9598.51
820,92,9586.89
820,93,9637.97
820,94,9603.27
820,95,9602.25
820,96,9592.03
820,97,9635.73
820,98,9615.59
820,99,9637.77
830,0,9647.23
830,1,9624.79
830,2,9667.39
830,3,9597.84
830,4,9587.35
830,5,9624.17
830,6,9621.25
830,7,9602.37
830,8,9592.76
830,9,9592.24
830,10,9597.18
830,11,9624.05
830,12,9627.09
830,13,9613.94
830,14,9586.99
830,15,9625.95
830,16,9595
830,17,9668.08
830,18,9644.37
830,19,9650.75
830,20,9597.07
830,21,9606.71
830,22,9647.43
830,23,9573.72
830,24,9616.29
830,25,9620
830,26,9622.78
830,27,9549.9
830,28,9563.58
830,29,9600.75
830,30,9624.53
830,31,9642.57
830,32,9606.99
830,33,9619.5
830,34,9570.13
830,35,9582.14
830,36,9643.9
830,37,9587.48
830,38,9641.07
830,39,9631.07
830,40,9642.74
830,41,9583.93
830,42,9636.92
830,43,9603.17
830,44,9639.89
830,45,9579.01
830,46,9636.92
830,47,9637.04
830,48,9667.62
830,49,9615.25
830,50,9576.65
830,51,9666.56
830,52,9647.09
830,53,9617.1
830,54,9597.43
830,55,9587.92
830,56,9596.46
830,57,9565.77
830,58,9557.09
830,59,9673.24
830,60,9600.36
830,61,9577.78
830,62,9567.1
830,63,9656.4
830,64,9633.2
830,65,9557.42
830,66,9583.5
830,67,9578.26
830,68,9575.53
830,69,9639.18
830,70,9620.68
830,71,9615.87
830,72,9627.29
830,73,9631.54
830,74,9673.28
830,75,9668.56
830,76,9564.72
830,77,9630.58
830,78,9580.05
830,79,9661.55
830,80,9632.28
830,81,9604.27
830,82,9558.65
830,83,9555.8
830,84,9584.07
830,85,9570.76
830,86,9634.61
830,87,9632.99
830,88,9629.86
830,89,9578.95
830,90,9553.94
830,91,9584.98
830,92,9574.15
830,93,9625.64
830,94,9591.25
830,95,9591.08
830,96,9581.68
830,97,9625.79
830,98,9602
830,99,9625.88
840,0,9646.93
840,1,9624.49
840,2,9667.09
840,3,9597.55
840,4,9587.1
840,5,9623.87
840,6,9620.97
840,7,9602.12
840,8,9592.48
840,9,9591.98
840,10,9596.92
840,11,9623.8
840,12,9626.8
840,13,9613.67
840,14,9586.72
840,15,9625.65
840,16,9594.71
840,17,9667.79
840,18,9644.07
840,19,9650.47
840,20,9596.8
840,21,9606.43
840,22,9647.14
840,23,9573.44
840,24,9616.01
840,25,9619.74
840,26,9622.5
840,27,9549.65
840,28,9563.29
840,29,9600.45
840,30,9624.25
840,31,9642.28
840,32,9606.7
840,33,9619.25
840,34,9569.85
840,35,9581.86
840,36,9643.6
840,37,9587.22
840,38,9640.79
840,39,9630.78
840,40,9642.45
840,41,9583.63
840,42,9636.65
840,43,9602.89
840,44,9639.62
840,45,9578.73
840,46,9636.65
840,47,9636.77
840,48,9667.32
840,49,9615
840,50,9576.36
840,51,9666.26
840,52,9646.79
840,53,9616.82
840,54,9597.16
840,55,9587.62
840,56,9596.18
840,57,9565.48
840,58,9556.85
840,59,9672.95
840,60,9600.06
840,61,9577.53
840,62,9566.82
840,63,9656.1
840,64,9632.91
840,65,9557.16
840,66,9583.21
840,67,9578.01
840,68,9575.28
840,69,9638.9
840,70,9620.4
840,71,9615.6
840,72,9627.01
840,73,9631.25
840,74,9672.98
840,75,9668.27
840,76,9564.43
840,77,9630.3
840,78,9579.77
840,79,9661.27
840,80,9632
840,81,9604
840,82,9558.37
840,83,9555.5
840,84,9583.8
840,85,9570.5
840,86,9634.32
840,87,9632.71
840,88,9629.57
840,89,9578.69
840,90,9553.68
840,91,9584.72
840,92,9573.88
840,93,9625.36
840,94,9590.98
840,95,9590.8
840,96,9581.39
840,97,9625.49
840,98,9601.73
840,99,9625.6
850,0,9646.63
850,1,9624.19
850,2,9666.79
850,3,9597.25
850,4,9586.8
850,5,9623.57
850,6,9620.67
850,7,9601.82
850,8,9592.18
850,9,9591.68
850,10,9596.62
850,11,9623.5
850,12,9626.5
850,13,9613.37
850,14,9586.42
850,15,9625.35
850,16,9594.41
850,17,9667.49
850,18,9643.77
850,19,9650.17
850,20,9596.5
850,21,9606.13
850,22,9646.84
850,23,9573.14
850,24,9615.71
850,25,9619.44
850,26,9622.2
850,27,9549.35
850,28,9562.99
850,29,9600.15
850,30,9623.95
850,31,9641.98
850,32,9606.4
850,33,9618.95
850,34,9569.55
850,35,9581.56
850,36,9643.3
850,37,9586.92
850,38,9640.49
850,39,9630.48
850,40,9642.15
850,41,9583.33
850,42,9636.35
850,43,9602.59
850,44,9639.32
850,45,9578.43
850,46,9636.35
850,47,9636.47
850,48,9667.02
850,49,9614.7
850,50,9576.06
850,51,9665.96
850,52,9646.49
850,53,9616.52
850,54,9596.86
850,55,9587.32
850,56,9595.88
850,57,9565.18
850,58,9556.55
850,59,9672.65
850,60,9599.76
850,61,9577.23
850,62,9566.52
850,63,9655.8
850,64,9632.61
850,65,9556.86
850,66,9582.91
850,67,9577.71
850,68,9574.98
850,69,9638.6
850,70,9620.1
850,71,9615.3
850,72,9626.71
850,73,9630.95
850,74,9672.68
850,75,9667.97
850,76,9564.13
850,77,9630
850,78,9579.47
850,79,9660.97
850,80,9631.7
850,81,9603.7
850,82,9558.07
850,83,9555.2
850,84,9583.5
850,85,9570.2
850,86,9634.02
850,87,9632.41
850,88,9629.27
850,89,9578.39
850,90,9553.38
850,91,9584.42
850,92,9573.58
850,93,9625.06
850,94,9590.68
850,95,9590.5
850,96,9581.09
850,97,9625.19
850,98,9601.43
850,99,9625.3
860,0,9635.85
860,1,9613.72
860,2,9655.45
860,3,9587.21
860,4,9573.55
860,5,9611.72
860,6,9608.34
860,7,9589.04
860,8,9579.11
860,9,9578.81
860,10,9584.34
860,11,9610.84
860,12,9616.49
860,13,9601.5
860,14,9574.49
860,15,9612.85
860,16,9582.36
860,17,9655.13
860,18,9634.18
860,19,9639.47
860,20,9585.88
860,21,9594.39
860,22,9637.32
860,23,9560.57
860,24,9604.02
860,25,9607.29
860,26,9611.07
860,27,9537.08
860,28,9550.88
860,29,9589.62
860,30,9613.76
860,31,9632.52
860,32,9595.43
860,33,9608.67
860,34,9555.19
860,35,9567.76
860,36,9630.71
860,37,9577.19
860,38,9629.54
860,39,9620.2
860,40,9631.83
860,41,9562.08
860,42,9623.76
860,43,9589.02
860,44,9627.09
860,45,9566.01
860,46,9624.34
860,47,9624.21
860,48,9655.17
860,49,9603.59
860,50,9566.22
860,51,9654.9
860,52,9636.77
860,53,9604.47
860,54,9586.01
860,55,9576.41
860,56,9584.8
860,57,9552.73
860,58,9542.04
860,59,9661.56
860,60,9587.4
860,61,9563.94
860,62,9555.97
860,63,9646.59
860,64,9621.79
860,65,9543.99
860,66,9570.72
860,67,9562.5
860,68,9561.89
860,69,9628
860,70,9608.64
860,71,9603.71
860,72,9615.33
860,73,9619.64
860,74,9662.32
860,75,9656.1
860,76,9554.04
860,77,9617
860,78,9567.39
860,79,9651.83
860,80,9620.04
860,81,9591.47
860,82,9545.83
860,83,9538.55
860,84,9569.6
860,85,9556.97
860,86,9622.03
860,87,9618.53
860,88,9619.27
860,89,9564.57
860,90,9540.67
860,91,9572.64
860,92,9560.98
860,93,9612.78
860,94,9577.36
860,95,9579.6
860,96,9570.81
860,97,9613.66
860,98,9589.82
860,99,9612.6
870,0,9635.58
870,1,9610.24
870,2,9655.19
870,3,9584.64
870,4,9568.53
870,5,9611.45
870,6,9608.1
870,7,9588.8
870,8,9574.21
870,9,9578.56
870,10,9580.47
870,11,9610.6
870,12,9613.67
870,13,9597.16
870,14,9568.95
870,15,9612.59
870,16,9577.62
870,17,9654.88
870,18,9631.13
870,19,9636.59
870,20,9582.7
870,21,9591.01
870,22,9634.46
870,23,9560.31
870,24,9603.76
870,25,9603.19
870,26,9607.9
870,27,9531.19
870,28,9546.65
870,29,9586.5
870,30,9610.96
870,31,9629.9
870,32,9591.47
870,33,9604.24
870,34,9554.95
870,35,9567.52
870,36,9630.45
870,37,9573.12
870,38,9629.28
870,39,9616.71
870,40,9629.27
870,41,9561.79
870,42,9623.52
870,43,9588.76
870,44,9623.39
870,45,9561.16
870,46,9619.9
870,47,9623.96
870,48,9654.91
870,49,9599.15
870,50,9563.41
870,51,9651.8
870,52,9633.89
870,53,9600.82
870,54,9581.13
870,55,9573.69
870,56,9581.74
870,57,9552.47
870,58,9537.3
870,59,9658.53
870,60,9587.13
870,61,9559.04
870,62,9553.29
870,63,9644
870,64,9621.52
870,65,9538.44
870,66,9567.25
870,67,9562.28
870,68,9557.53
870,69,9624.52
870,70,9604.25
870,71,9603.46
870,72,9615.07
870,73,9615.75
870,74,9658.94
870,75,9655.85
870,76,9549.7
870,77,9616.74
870,78,9564.86
870,79,9649.03
870,80,9616.28
870,81,9586.53
870,82,9542.31
870,83,9538.27
870,84,9564.4
870,85,9553.1
870,86,9617.98
870,87,9618.28
870,88,9615.44
870,89,9560.43
870,90,9535.14
870,91,9568.88
870,92,9555.86
870,93,9609.84
870,94,9572.75
870,95,9576.28
870,96,9566.35
870,97,9613.4
870,98,9586.44
870,99,9612.35
880,0,9635.28
880,1,9609.94
880,2,9654.89
880,3,9584.34
880,4,9568.23
880,5,9611.15
880,6,9607.8
880,7,9588.5
880,8,9573.91
880,9,9578.26
880,10,9580.17
880,11,9610.3
880,12,9613.37
880,13,9596.86
880,14,9568.65
880,15,9612.29
880,16,9577.32
880,17,9654.58
880,18,9630.83
880,19,9636.29
880,20,9582.4
880,21,9590.71
880,22,9634.16
880,23,9560.01
880,24,9603.46
880,25,9602.89
880,26,9607.6
880,27,9530.89
880,28,9546.35
880,29,9586.2
880,30,9610.66
880,31,9629.6
880,32,9591.17
880,33,9603.94
880,34,9554.65
880,35,9567.22
880,36,9630.15
880,37,9572.82
880,38,9628.98
880,39,9616.41
880,40,9628.97
880,41,9561.49
880,42,9623.22
880,43,9588.46
880,44,9623.09
880,45,9560.86
880,46,9619.6
880,47,9623.66
880,48,9654.61
880,49,9598.85
880,50,9563.11
880,51,9651.5
880,52,9633.59
880,53,9600.52
880,54,9580.83
880,55,9573.39
880,56,9581.44
880,57,9552.17
880,58,9537
880,59,9658.23
880,60,9586.83
880,61,9558.74
880,62,9552.99
880,63,9643.7
880,64,9621.22
880,65,9538.14
880,66,9566.95
880,67,9561.98
880,68,9557.23
880,69,9624.22
880,70,9603.95
880,71,9603.16
880,72,9614.77
880,73,9615.45
880,74,9658.64
880,75,9655.55
880,76,9549.4
880,77,9616.44
880,78,9564.56
880,79,9648.73
880,80,9615.98
880,81,9586.23
880,82,9542.01
880,83,9537.97
880,84,9564.1
880,85,9552.8
880,86,9617.68
880,87,9617.98
880,88,9615.14
880,89,9560.13
880,90,9534.84
880,91,9568.58
880,92,9555.56
880,93,9609.54
880,94,9572.45
880,95,9575.98
880,96,9566.05
880,97,9613.1
880,98,9586.14
880,99,9612.05
890,0,9624.63
890,1,9598.26
890,2,9644.76
890,3,9573.69
890,4,9553.84
890,5,9597.43
890,6,9595.15
890,7,9576.02
890,8,9559.7
890,9,9565.62
890,10,9569.58
890,11,9597.71
890,12,9602.77
890,13,9585.35
890,14,9557.4
890,15,9601.8
890,16,9564.69
890,17,9644.56
890,18,9620.01
890,19,9623.95
890,20,9570.35
890,21,9578.08
890,22,9623.75
890,23,9547.57
890,24,9592.6
890,25,9590.12
890,26,9595.54
890,27,9519.67
890,28,9536.4
890,29,9573.59
890,30,9599.61
890,31,9618.37
890,32,9579
890,33,9591.24
890,34,9541.85
890,35,9556.33
890,36,9620.36
890,37,9561.85
890,38,9618.46
890,39,9604.9
890,40,9617.73
890,41,9543.58
890,42,9610.43
890,43,9575.01
890,44,9610.16
890,45,9548.66
890,46,9607.87
890,47,9612.06
890,48,9643.34
890,49,9586.59
890,50,9551.51
890,51,9641.13
890,52,9623
890,53,9589.15
890,54,9568.77
890,55,9562.01
890,56,9568.3
890,57,9539.78
890,58,9524.88
890,59,9646.88
890,60,9574.42
890,61,9544.53
890,62,9542.5
890,63,9633.24
890,64,9610.74
890,65,9524.5
890,66,9554.05
890,67,9546.91
890,68,9543.81
890,69,9612.33
890,70,9591.38
890,71,9591.6
890,72,9603.99
890,73,9602.82
890,74,9646.97
890,75,9645.6
890,76,9536.64
890,77,9604.41
890,78,9552.52
890,79,9637.32
890,80,9604.1
890,81,9574.09
890,82,9528.19
890,83,9521.65
890,84,9551.7
890,85,9539.55
890,86,9604.31
890,87,9605.07
890,88,9603.13
890,89,9549.15
890,90,9521.54
890,91,9554.68
890,92,9541.56
890,93,9599.02
890,94,9559.5
890,95,9564.48
890,96,9553.15
890,97,9603.24
890,98,9573.72
890,99,9600.07
900,0,9624.37
900,1,9598.01
900,2,9644.5
900,3,9573.43
900,4,9553.62
900,5,9597.16
900,6,9594.92
900,7,9575.8
900,8,9559.48
900,9,9565.39
900,10,9565.71
900,11,9597.49
900,12,9600.01
900,13,9585.1
900,14,9551.8
900,15,9601.53
900,16,9564.44
900,17,9644.29
900,18,9619.75
900,19,9623.7
900,20,9570.1
900,21,9577.83
900,22,9623.49
900,23,9547.32
900,24,9592.35
900,25,9589.88
900,26,9592.43
900,27,9515.79
900,28,9532.14
900,29,9573.34
900,30,9596.86
900,31,9618.11
900,32,9578.76
900,33,9591
900,34,9541.61
900,35,9551.15
900,36,9620.08
900,37,9561.6
900,38,9618.21
900,39,9604.66
900,40,9617.47
900,41,9543.29
900,42,9610.2
900,43,9574.77
900,44,9609.91
900,45,9548.41
900,46,9607.63
900,47,9611.82
900,48,9643.08
900,49,9586.34
900,50,9551.24
900,51,9638.04
900,52,9622.74
900,53,9588.89
900,54,9568.54
900,55,9561.75
900,56,9568.05
900,57,9539.54
900,58,9520.16
900,59,9646.63
900,60,9574.17
900,61,9544.31
900,62,9539.88
900,63,9632.98
900,64,9610.48
900,65,9524.26
900,66,9553.8
900,67,9545.52
900,68,9543.57
900,69,9612.09
900,70,9591.15
900,71,9591.35
900,72,9603.74
900,73,9602.58
900,74,9646.72
900,75,9645.33
900,76,9536.4
900,77,9604.16
900,78,9552.26
900,79,9637.07
900,80,9603.86
900,81,9572.26
900,82,9527.95
900,83,9521.37
900,84,9549.22
900,85,9539.3
900,86,9604.07
900,87,9604.82
900,88,9602.9
900,89,9545.05
900,90,9521.31
900,91,9554.44
900,92,9541.33
900,93,9595.98
900,94,9557.77
900,95,9564.22
900,96,9552.92
900,97,9602.97
900,98,9573.46
900,99,9599.82
910,0,9624.07
910,1,9597.71
910,2,9644.2
910,3,9573.13
910,4,9553.32
910,5,9596.86
910,6,9594.62
910,7,9575.5
910,8,9559.18
910,9,9565.09
910,10,9565.41
910,11,9597.19
910,12,9599.71
910,13,9584.8
910,14,9551.5
910,15,9601.23
910,16,9564.14
910,17,9643.99
910,18,9619.45
910,19,9623.4
910,20,9569.8
910,21,9577.53
910,22,9623.19
910,23,9547.02
910,24,9592.05
910,25,9589.58
910,26,9592.13
910,27,9515.49
910,28,9531.84
910,29,9573.04
910,30,9596.56
910,31,9617.81
910,32,9578.46
910,33,9590.7
910,34,9541.31
910,35,9550.85
910,36,9619.78
910,37,9561.3
910,38,9617.91
910,39,9604.36
910,40,9617.17
910,41,9542.99
910,42,9609.9
910,43,9574.47
910,44,9609.61
910,45,9548.11
910,46,9607.33
910,47,9611.52
910,48,9642.78
910,49,9586.04
910,50,9550.94
910,51,9637.74
910,52,9622.44
910,53,9588.59
910,54,9568.24
910,55,9561.45
910,56,9567.75
910,57,9539.24
910,58,9519.86
910,59,9646.33
910,60,9573.87
910,61,9544.01
910,62,9539.58
910,63,9632.68
910,64,9610.18
910,65,9523.96
910,66,9553.5
910,67,9545.22
910,68,9543.27
910,69,9611.79
910,70,9590.85
910,71,9591.05
910,72,9603.44
910,73,9602.28
910,74,9646.42
910,75,9645.03
910,76,9536.1
910,77,9603.86
910,78,9551.96
910,79,9636.77
910,80,9603.56
910,81,9571.96
910,82,9527.65
910,83,9521.07
910,84,9548.92
910,85,9539
910,86,9603.77
910,87,9604.52
910,88,9602.6
910,89,9544.75
910,90,9521.01
910,91,9554.14
910,92,9541.03
910,93,9595.68
910,94,9557.47
910,95,9563.92
910,96,9552.62
910,97,9602.67
910,98,9573.16
910,99,9599.52
920,0,9613.13
920,1,9587.21
920,2,9636.16
920,3,9562.26
920,4,9542.57
920,5,9583.41
920,6,9582.35
920,7,9563.02
920,8,9547.91
920,9,9552.59
920,10,9555.66
920,11,9586.19
920,12,9589.41
920,13,9573.06
920,14,9539.72
920,15,9590.77
920,16,9550.63
920,17,9634.73
920,18,9609.89
920,19,9613.62
920,20,9560.69
920,21,9567.79
920,22,9613.02
920,23,9534.72
920,24,9581.27
920,25,9577.48
920,26,9580.06
920,27,9503.43
920,28,9520.95
920,29,9563.46
920,30,9586.9
920,31,9608.8
920,32,9567.51
920,33,9578.61
920,34,9530.75
920,35,9540.34
920,36,9609.53
920,37,9550.11
920,38,9607.52
920,39,9593.19
920,40,9608.02
920,41,9523.91
920,42,9597.52
920,43,9562.93
920,44,9599.4
920,45,9536.81
920,46,9595.3
920,47,9599.93
920,48,9634.37
920,49,9573.61
920,50,9539.67
920,51,9627.2
920,52,9612.89
920,53,9577.13
920,54,9557.85
920,55,9548.25
920,56,9558.75
920,57,9525.83
920,58,9506.12
920,59,9636.1
920,60,9564.2
920,61,9532.74
920,62,9526.71
920,63,9623.08
920,64,9599.88
920,65,9510.42
920,66,9541.88
920,67,9531.83
920,68,9532.42
920,69,9601.5
920,70,9579.4
920,71,9579.73
920,72,9592.65
920,73,9590.72
920,74,9636.02
920,75,9635.55
920,76,9524.32
920,77,9592.11
920,78,9538.72
920,79,9626.73
920,80,9592.9
920,81,9561.36
920,82,9516.4
920,83,9503.8
920,84,9537.09
920,85,9528.86
920,86,9591.38
920,87,9593.84
920,88,9592.19
920,89,9531.57
920,90,9508.68
920,91,9544.71
920,92,9528.65
920,93,9585.23
920,94,9545.64
920,95,9551.97
920,96,9541.05
920,97,9588.38
920,98,9561.97
920,99,9587.71
930,0,9612.27
930,1,9583.46
930,2,9633.43
930,3,9560.89
930,4,9536.91
930,5,9581.43
930,6,9579.54
930,7,9560.8
930,8,9542.69
930,9,9551.07
930,10,9550.13
930,11,9582.26
930,12,9587.05
930,13,9569.51
930,14,9534.52
930,15,9589.74
930,16,9546.91
930,17,9631.55
930,18,9606.44
930,19,9610.31
930,20,9557.23
930,21,9563.24
930,22,9610.66
930,23,9533.17
930,24,9579.47
930,25,9574.01
930,26,9577.64
930,27,9498.23
930,28,9516.31
930,29,9559.88
930,30,9583.46
930,31,9605.7
930,32,9563.96
930,33,9575.15
930,34,9526.74
930,35,9534.91
930,36,9607.24
930,37,9546.55
930,38,9605.09
930,39,9590.37
930,40,9605.15
930,41,9523.64
930,42,9594.77
930,43,9560.61
930,44,9594.95
930,45,9531.56
930,46,9591.78
930,47,9597.93
930,48,9631.44
930,49,9570.1
930,50,9537.8
930,51,9623.8
930,52,9609.19
930,53,9574.24
930,54,9552.48
930,55,9548.01
930,56,9553.85
930,57,9525.05
930,58,9502.66
930,59,9632.42
930,60,9562.05
930,61,9527.69
930,62,9526.48
930,63,9619.88
930,64,9598.47
930,65,9505.85
930,66,9538.79
930,67,9526.2
930,68,9527.03
930,69,9597.73
930,70,9575.85
930,71,9578.46
930,72,9590.56
930,73,9586.98
930,74,9632.19
930,75,9632.76
930,76,9520.86
930,77,9589.36
930,78,9537.4
930,79,9623.42
930,80,9588.95
930,81,9555.89
930,82,9512.91
930,83,9503.54
930,84,9531.88
930,85,9522.98
930,86,9587.64
930,87,9591.65
930,88,9588.26
930,89,9528.08
930,90,9503.35
930,91,9539.39
930,92,9523.17
930,93,9581.55
930,94,9540.69
930,95,9549.73
930,96,9537.5
930,97,9587.75
930,98,9558.62
930,99,9584.92
940,0,9611.97
940,1,9583.16
940,2,9633.13
940,3,9560.59
940,4,9536.61
940,5,9581.13
940,6,9579.24
940,7,9560.5
940,8,9542.39
940,9,9550.77
940,10,9549.83
940,11,9581.96
940,12,9586.75
940,13,9569.21
940,14,9534.22
940,15,9589.44
940,16,9546.61
940,17,9631.25
940,18,9606.14
940,19,9610.01
940,20,9556.93
940,21,9562.94
940,22,9610.36
940,23,9532.87
940,24,9579.17
940,25,9573.71
940,26,9577.34
940,27,9497.93
940,28,9516.01
940,29,9559.58
940,30,9583.16
940,31,9605.4
940,32,9563.66
940,33,9574.85
940,34,9526.44
940,35,9534.61
940,36,9606.94
940,37,9546.25
940,38,9604.79
940,39,9590.07
940,40,9604.85
940,41,9523.34
940,42,9594.47
940,43,9560.31
940,44,9594.65
940,45,9531.26
940,46,9591.48
940,47,9597.63
940,48,9631.14
940,49,9569.8
940,50,9537.5
940,51,9623.5
940,52,9608.89
940,53,9573.94
940,54,9552.18
940,55,9547.71
940,56,9553.55
940,57,9524.75
940,58,9502.36
940,59,9632.12
940,60,9561.75
940,61,9527.39
940,62,9526.18
940,63,9619.58
940,64,9598.17
940,65,9505.55
940,66,9538.49
940,67,9525.9
940,68,9526.73
940,69,9597.43
940,70,9575.55
940,71,9578.16
940,72,9590.26
940,73,9586.68
940,74,9631.89
940,75,9632.46
940,76,9520.56
940,77,9589.06
940,78,9537.1
940,79,9623.12
940,80,9588.65
940,81,9555.59
940,82,9512.61
940,83,9503.24
940,84,9531.58
940,85,9522.68
940,86,9587.34
940,87,9591.35
940,88,9587.96
940,89,9527.78
940,90,9503.05
940,91,9539.09
940,92,9522.87
940,93,9581.25
940,94,9540.39
940,95,9549.43
940,96,9537.2
940,97,9587.45
940,98,9558.32
940,99,9584.62
950,0,9601.7
950,1,9573.36
950,2,9625.66
950,3,9550.29
950,4,9526.53
950,5,9570.15
950,6,9566.87
950,7,9550.86
950,8,9532.21
950,9,9538.26
950,10,9540.17
950,11,9569.57
950,12,9579.13
950,13,9557.97
950,14,9523.67
950,15,9578.91
950,16,9534.81
950,17,9622.15
950,18,9597.69
950,19,9600.07
950,20,9547.61
950,21,9553.54
950,22,9602.24
950,23,9520.12
950,24,9569.82
950,25,9564.89
950,26,9569.34
950,27,9487.31
950,28,9506.03
950,29,9553.18
950,30,9573.58
950,31,9595.42
950,32,9554.31
950,33,9565.05
950,34,9516.44
950,35,9524.69
950,36,9594.92
950,37,9537.15
950,38,9594.44
950,39,9580.89
950,40,9596.14
950,41,9508.15
950,42,9582.04
950,43,9549.12
950,44,9586.18
950,45,9521.29
950,46,9579.68
950,47,9588.45
950,48,9622.35
950,49,9558.79
950,50,9526.29
950,51,9613.11
950,52,9599.57
950,53,9562.96
950,54,9541.73
950,55,9534.48
950,56,9544.7
950,57,9511.37
950,58,9491.74
950,59,9622.04
950,60,9553.18
950,61,9516.05
950,62,9516.5
950,63,9610.75
950,64,9588.84
950,65,9492.96
950,66,9526.94
950,67,9512.97
950,68,9516.79
950,69,9588.46
950,70,9565.39
950,71,9567.2
950,72,9579.5
950,73,9576.71
950,74,9621.7
950,75,9623.01
950,76,9510.53
950,77,9577.51
950,78,9524.78
950,79,9612.93
950,80,9578.3
950,81,9544.96
950,82,9501.13
950,83,9490.17
950,84,9521.06
950,85,9512.67
950,86,9576.38
950,87,9580.97
950,88,9578.67
950,89,9517.54
950,90,9489.79
950,91,9529.43
950,92,9511.23
950,93,9569.1
950,94,9528.7
950,95,9541.16
950,96,9527.42
950,97,9579.95
950,98,9548.12
950,99,9572.91
960,0,9601.47
960,1,9569.57
960,2,9622.5
960,3,9549.22
960,4,9520.12
960,5,9566.82
960,6,9566.67
960,7,9549.58
960,8,9525.78
960,9,9538.05
960,10,9535.96
960,11,9569.37
960,12,9576.29
960,13,9556.08
960,14,9517.04
960,15,9578.67
960,16,9529.45
960,17,9619.77
960,18,9593.18
960,19,9597.66
960,20,9545.62
960,21,9549.78
960,22,9599.91
960,23,9519.49
960,24,9568.4
960,25,9560.89
960,26,9566.39
960,27,9480.63
960,28,9501.76
960,29,9547.22
960,30,9569.66
960,31,9593.25
960,32,9549.53
960,33,9561.64
960,34,9512.22
960,35,9518.13
960,36,9592.82
960,37,9531.65
960,38,9594.22
960,39,9576.33
960,40,9592.35
960,41,9506.14
960,42,9581.84
960,43,9546.49
960,44,9582.83
960,45,9515.95
960,46,9579.08
960,47,9586.57
960,48,9620.42
960,49,9553.51
960,50,9525.13
960,51,9609.78
960,52,9596.74
960,53,9559.51
960,54,9536.71
960,55,9533.92
960,56,9541.35
960,57,9511.16
960,58,9485.13
960,59,9618.45
960,60,9551.26
960,61,9511.4
960,62,9513.32
960,63,9609.01
960,64,9587.48
960,65,9487.45
960,66,9524.8
960,67,9510.56
960,68,9512.9
960,69,9585.6
960,70,9560.71
960,71,9566.98
960,72,9579.28
960,73,9575.19
960,74,9619.86
960,75,9622.59
960,76,9505.25
960,77,9576.27
960,78,9524.27
960,79,9610.03
960,80,9576.45
960,81,9539.64
960,82,9498.94
960,83,9489.33
960,84,9515.78
960,85,9509.25
960,86,9575.08
960,87,9578.36
960,88,9576.85
960,89,9511.49
960,90,9483.88
960,91,9525.37
960,92,9505.05
960,93,9567.88
960,94,9527.45
960,95,9537.87
960,96,9522.23
960,97,9577.42
960,98,9543.82
960,99,9571.72
970,0,9601.17
970,1,9569.27
970,2,9622.2
970,3,9548.92
970,4,9519.82
970,5,9566.52
970,6,9566.37
970,7,9549.28
970,8,9525.48
970,9,9537.75
970,10,9535.66
970,11,9569.07
970,12,9575.99
970,13,9555.78
970,14,9516.74
970,15,9578.37
970,16,9529.15
970,17,9619.47
970,18,9592.88
970,19,9597.36
970,20,9545.32
970,21,9549.48
970,22,9599.61
970,23,9519.19
970,24,9568.1
970,25,9560.59
970,26,9566.09
970,27,9480.33
970,28,9501.46
970,29,9546.92
970,30,9569.36
970,31,9592.95
970,32,9549.23
970,33,9561.34
970,34,9511.92
970,35,9517.83
970,36,9592.52
970,37,9531.35
970,38,9593.92
970,39,9576.03
970,40,9592.05
970,41,9505.84
970,42,9581.54
970,43,9546.19
970,44,9582.53
970,45,9515.65
970,46,9578.78
970,47,9586.27
970,48,9620.12
970,49,9553.21
970,50,9524.83
970,51,9609.48
970,52,9596.44
970,53,9559.21
970,54,9536.41
970,55,9533.62
970,56,9541.05
970,57,9510.86
970,58,9484.83
970,59,9618.15
970,60,9550.96
970,61,9511.1
970,62,9513.02
970,63,9608.71
970,64,9587.18
970,65,9487.15
970,66,9524.5
970,67,9510.26
970,68,9512.6
970,69,9585.3
970,70,9560.41
970,71,9566.68
970,72,9578.98
970,73,9574.89
970,74,9619.56
970,75,9622.29
970,76,9504.95
970,77,9575.97
970,78,9523.97
970,79,9609.73
970,80,9576.15
970,81,9539.34
970,82,9498.64
970,83,9489.03
970,84,9515.48
970,85,9508.95
970,86,9574.78
970,87,9578.06
970,88,9576.55
970,89,9511.19
970,90,9483.58
970,91,9525.07
970,92,9504.75
970,93,9567.58
970,94,9527.15
970,95,9537.57
970,96,9521.93
970,97,9577.12
970,98,9543.52
970,99,9571.42
980,0,9590.83
980,1,9560.7
980,2,9614.65
980,3,9540.61
980,4,9510.75
980,5,9557.15
980,6,9556.41
980,7,9539.94
980,8,9517.65
980,9,9527.46
980,10,9526.79
980,11,9560.17
980,12,9568.29
980,13,9546.87
980,14,9506.99
980,15,9570.46
980,16,9522.22
980,17,9610.24
980,18,9584.4
980,19,9587.58
980,20,9536.43
980,21,9539.84
980,22,9592.09
980,23,9506.77
980,24,9557.24
980,25,9551.68
980,26,9556.2
980,27,9471.36
980,28,9491.07
980,29,9537.98
980,30,9559.61
980,31,9583.71
980,32,9539.57
980,33,9552.72
980,34,9500.14
980,35,9508.27
980,36,9582.42
980,37,9522.71
980,38,9585.1
980,39,9565.87
980,40,9584.28
980,41,9493.98
980,42,9571.72
980,43,9535.52
980,44,9572.35
980,45,9506.01
980,46,9572.2
980,47,9577.65
980,48,9611.74
980,49,9544.83
980,50,9513.95
980,51,9600.09
980,52,9588.8
980,53,9549.38
980,54,9526.95
980,55,9522.83
980,56,9532.33
980,57,9499.72
980,58,9474.37
980,59,9608.55
980,60,9541.18
980,61,9501.74
980,62,9503.8
980,63,9600.96
980,64,9577.89
980,65,9477.43
980,66,9514.72
980,67,9500.75
980,68,9504.84
980,69,9576.46
980,70,9550.55
980,71,9558.66
980,72,9570.25
980,73,9564.93
980,74,9610.44
980,75,9612.8
980,76,9496.11
980,77,9565.16
980,78,9511.99
980,79,9601
980,80,9567.01
980,81,9528.74
980,82,9489.03
980,83,9479.49
980,84,9507.74
980,85,9499.97
980,86,9564.41
980,87,9568.7
980,88,9567.73
980,89,9499.97
980,90,9476.39
980,91,9515.17
980,92,9496.71
980,93,9557.43
980,94,9516.68
980,95,9529.27
980,96,9513.13
980,97,9563.11
980,98,9533.3
980,99,9561.18
990,0,9590.23
990,1,9558.01
990,2,9611.29
990,3,9536.93
990,4,9504.72
990,5,9553.57
990,6,9553.67
990,7,9537.45
990,8,9510.45
990,9,9527.25
990,10,9521.74
990,11,9557.19
990,12,9565.03
990,13,9543.11
990,14,9501.32
990,15,9567.88
990,16,9514.19
990,17,9607.27
990,18,9582.1
990,19,9584.33
990,20,9533.48
990,21,9535.28
990,22,9588.75
990,23,9506.23
990,24,9557.03
990,25,9547.13
990,26,9552.83
990,27,9465.01
990,28,9486.79
990,29,9534.78
990,30,9557.5
990,31,9580.73
990,32,9537.15
990,33,9547.75
990,34,9497.9
990,35,9503.73
990,36,9578.48
990,37,9519.1
990,38,9584.12
990,39,9564.6
990,40,9581.82
990,41,9490.91
990,42,9568.86
990,43,9532.83
990,44,9569.85
990,45,9500.34
990,46,9565.68
990,47,9575.58
990,48,9608.84
990,49,9539.69
990,50,9513.73
990,51,9597.78
990,52,9586.09
990,53,9546.96
990,54,9522.82
990,55,9520.33
990,56,9528.53
990,57,9497.55
990,58,9469.82
990,59,9606.95
990,60,9540.94
990,61,9496.36
990,62,9500.25
990,63,9598.63
990,64,9576.43
990,65,9471.43
990,66,9510.72
990,67,9494.1
990,68,9498.69
990,69,9574
990,70,9547.77
990,71,9555.06
990,72,9569.11
990,73,9562.69
990,74,9607.94
990,75,9612.57
990,76,9491.51
990,77,9563.79
990,78,9511.25
990,79,9597.95
990,80,9564.48
990,81,9525.52
990,82,9484.83
990,83,9477.05
990,84,9501.19
990,85,9495.63
990,86,9561.51
990,87,9565.39
990,88,9565.26
990,89,9496.34
990,90,9466.78
990,91,9511.11
990,92,9489.29
990,93,9554.59
990,94,9513.52
990,95,9525.46
990,96,9509.07
990,97,9562.89
990,98,9531.42
990,99,9559.06
1000,0,9589.93
1000,1,9557.71
1000,2,9610.99
1000,3,9536.63
1000,4,9504.42
1000,5,9553.27
1000,6,9553.37
1000,7,9537.15
1000,8,9510.15
1000,9,9526.95
1000,10,9521.44
1000,11,9556.89
1000,12,9564.73
1000,13,9542.81
1000,14,9501.02
1000,15,9567.58
1000,16,9513.89
1000,17,9606.97
1000,18,9581.8
1000,19,9584.03
1000,20,9533.18
1000,21,9534.98
1000,22,9588.45
1000,23,9505.93
1000,24,9556.73
1000,25,9546.83
1000,26,9552.53
1000,27,9464.71
1000,28,9486.49
1000,29,9534.48
1000,30,9557.2
1000,31,9580.43
1000,32,9536.85
1000,33,9547.45
1000,34,9497.6
1000,35,9503.43
1000,36,9578.18
1000,37,9518.8
1000,38,9583.82
1000,39,9564.3
1000,40,9581.52
1000,41,9490.61
1000,42,9568.56
1000,43,9532.53
1000,44,9569.55
1000,45,9500.04
1000,46,9565.38
1000,47,9575.28
1000,48,9608.54
1000,49,9539.39
1000,50,9513.43
1000,51,9597.48
1000,52,9585.79
1000,53,9546.66
1000,54,9522.52
1000,55,9520.03
1000,56,9528.23
1000,57,9497.25
1000,58,9469.52
1000,59,9606.65
1000,60,9540.64
1000,61,9496.06
1000,62,9499.95
1000,63,9598.33
1000,64,9576.13
1000,65,9471.13
1000,66,9510.42
1000,67,9493.8
1000,68,9498.39
1000,69,9573.7
1000,70,9547.47
1000,71,9554.76
1000,72,9568.81
1000,73,9562.39
1000,74,9607.64
1000,75,9612.27
1000,76,9491.21
1000,77,9563.49
1000,78,9510.95
1000,79,9597.65
1000,80,9564.18
1000,81,9525.22
1000,82,9484.53
1000,83,9476.75
1000,84,9500.89
1000,85,9495.33
1000,86,9561.21
1000,87,9565.09
1000,88,9564.96
1000,89,9496.04
1000,90,9466.48
1000,91,9510.81
1000,92,9488.99
1000,93,9554.29
1000,94,9513.22
1000,95,9525.16
1000,96,9508.77
1000,97,9562.59
1000,98,9531.12
1000,99,9558.76
1010,0,9582.13
1010,1,9549.31
1010,2,9603.63
1010,3,9529.26
1010,4,9497.64
1010,5,9543.95
1010,6,9546.19
1010,7,9530.46
1010,8,9502.04
1010,9,9518.79
1010,10,9513.1
1010,11,9549.3
1010,12,9557.53
1010,13,9536.62
1010,14,9492.82
1010,15,9560.19
1010,16,9507.04
1010,17,9598.8
1010,18,9573.28
1010,19,9574.94
1010,20,9526.39
1010,21,9525.24
1010,22,9580.59
1010,23,9496.9
1010,24,9549.1
1010,25,9538.93
1010,26,9542.6
1010,27,9460.24
1010,28,9477.46
1010,29,9528.67
1010,30,9547.94
1010,31,9571.13
1010,32,9532.48
1010,33,9540.74
1010,34,9488.26
1010,35,9498.67
1010,36,9568.43
1010,37,9510.64
1010,38,9576.22
1010,39,9557.19
1010,40,9573.75
1010,41,9475.28
1010,42,9560.91
1010,43,9521.99
1010,44,9561.03
1010,45,9494.88
1010,46,9558.55
1010,47,9570
1010,48,9599.63
1010,49,9531.66
1010,50,9505.05
1010,51,9588.09
1010,52,9576.46
1010,53,9537.38
1010,54,9515.54
1010,55,9510.45
1010,56,9519.51
1010,57,9488.62
1010,58,9461.31
1010,59,9599.5
1010,60,9531.65
1010,61,9489.5
1010,62,9491.01
1010,63,9590.58
1010,64,9566.97
1010,65,9467.06
1010,66,9501.92
1010,67,9484.12
1010,68,9491.99
1010,69,9565.85
1010,70,9540.91
1010,71,9546.78
1010,72,9561.9
1010,73,9556.88
1010,74,9598.54
1010,75,9604.46
1010,76,9483.58
1010,77,9556.85
1010,78,9500.9
1010,79,9592.04
1010,80,9555.16
1010,81,9519.74
1010,82,9474.78
1010,83,9469.14
1010,84,9493.17
1010,85,9486.34
1010,86,9554.71
1010,87,9555.85
1010,88,9557.28
1010,89,9485.86
1010,90,9458.83
1010,91,9502.95
1010,92,9478.33
1010,93,9545.64
1010,94,9505.94
1010,95,9518.02
1010,96,9501.52
1010,97,9554.12
1010,98,9522.72
1010,99,9551.7
1020,0,9577.6
1020,1,9544.67
1020,2,9597.9
1020,3,9522.59
1020,4,9489.35
1020,5,9537.81
1020,6,9539
1020,7,9523.61
1020,8,9494.77
1020,9,9513.4
1020,10,9506.91
1020,11,9543.06
1020,12,9550.32
1020,13,9528.27
1020,14,9484.3
1020,15,9555.04
1020,16,9497.37
1020,17,9595.04
1020,18,9569.65
1020,19,9568.86
1020,20,9518.84
1020,21,9520.22
1020,22,9574.57
1020,23,9492.46
1020,24,9543.01
1020,25,9532.01
1020,26,9535.17
1020,27,9448.09
1020,28,9471.76
1020,29,9522.37
1020,30,9543.68
1020,31,9565.43
1020,32,9522.99
1020,33,9532.39
1020,34,9483.56
1020,35,9487.95
1020,36,9563.37
1020,37,9504.97
1020,38,9572.39
1020,39,9551
1020,40,9567.8
1020,41,9474.02
1020,42,9554.37
1020,43,9518.89
1020,44,9555.17
1020,45,9484.16
1020,46,9550.31
1020,47,9562.9
1020,48,9595.71
1020,49,9524.25
1020,50,9499.5
1020,51,9583.77
1020,52,9571.25
1020,53,9533.08
1020,54,9507.37
1020,55,9505.98
1020,56,9515.37
1020,57,9483.59
1020,58,9453.43
1020,59,9593.4
1020,60,9528.22
1020,61,9480.95
1020,62,9487
1020,63,9583.99
1020,64,9563.04
1020,65,9454.18
1020,66,9496.29
1020,67,9475.98
1020,68,9483.09
1020,69,9560.81
1020,70,9533.18
1020,71,9540.69
1020,72,9557.01
1020,73,9548.58
1020,74,9593.96
1020,75,9601.01
1020,76,9476.62
1020,77,9549.71
1020,78,9497.91
1020,79,9583
1020,80,9550.56
1020,81,9509.79
1020,82,9470.41
1020,83,9464.98
1020,84,9484.48
1020,85,9480.57
1020,86,9545.84
1020,87,9551.98
1020,88,9552.1
1020,89,9479.48
1020,90,9448.38
1020,91,9496.44
1020,92,9471.78
1020,93,9540.5
1020,94,9497.27
1020,95,9512.11
1020,96,9494.58
1020,97,9549.95
1020,98,9516.9
1020,99,9544.55
1030,0,9577.3
1030,1,9544.37
1030,2,9597.6
1030,3,9522.29
1030,4,9489.05
1030,5,9537.51
1030,6,9538.7
1030,7,9523.31
1030,8,9494.47
1030,9,9513.1
1030,10,9506.61
1030,11,9542.76
1030,12,9550.02
1030,13,9527.97
1030,14,9484
1030,15,9554.74
1030,16,9497.07
1030,17,9594.74
1030,18,9569.35
1030,19,9568.56
1030,20,9518.54
1030,21,9519.92
1030,22,9574.27
1030,23,9492.16
1030,24,9542.71
1030,25,9531.71
1030,26,9534.87
1030,27,9447.79
1030,28,9471.46
1030,29,9522.07
1030,30,9543.38
1030,31,9565.13
1030,32,9522.69
1030,33,9532.09
1030,34,9483.26
1030,35,9487.65
1030,36,9563.07
1030,37,9504.67
1030,38,9572.09
1030,39,9550.7
1030,40,9567.5
1030,41,9473.72
1030,42,9554.07
1030,43,9518.59
1030,44,9554.87
1030,45,9483.86
1030,46,9550.01
1030,47,9562.6
1030,48,9595.41
1030,49,9523.95
1030,50,9499.2
1030,51,9583.47
1030,52,9570.95
1030,53,9532.78
1030,54,9507.07
1030,55,9505.68
1030,56,9515.07
1030,57,9483.29
1030,58,9453.13
1030,59,9593.1
1030,60,9527.92
1030,61,9480.65
1030,62,9486.7
1030,63,9583.69
1030,64,9562.74
1030,65,9453.88
1030,66,9495.99
1030,67,9475.68
1030,68,9482.79
1030,69,9560.51
1030,70,9532.88
1030,71,9540.39
1030,72,9556.71
1030,73,9548.28
1030,74,9593.66
1030,75,9600.71
1030,76,9476.32
1030,77,9549.41
1030,78,9497.61
1030,79,9582.7
1030,80,9550.26
1030,81,9509.49
1030,82,9470.11
1030,83,9464.68
1030,84,9484.18
1030,85,9480.27
1030,86,9545.54
1030,87,9551.68
1030,88,9551.8
1030,89,9479.18
1030,90,9448.08
1030,91,9496.14
1030,92,9471.48
1030,93,9540.2
1030,94,9496.97
1030,95,9511.81
1030,96,9494.28
1030,97,9549.65
1030,98,9516.6
1030,99,9544.25
1040,0,9571.81
1040,1,9540.63
1040,2,9590.35
1040,3,9516.42
1040,4,9483.47
1040,5,9531.07
1040,6,9535.15
1040,7,9519.33
1040,8,9491.07
1040,9,9508.59
1040,10,9499.62
1040,11,9539.19
1040,12,9544.07
1040,13,9523.92
1040,14,9479.82
1040,15,9548.58
1040,16,9490.89
1040,17,9587.38
1040,18,9565.96
1040,19,9563.06
1040,20,9512.34
1040,21,9515.71
1040,22,9569.05
1040,23,9485.42
1040,24,9538.7
1040,25,9525.32
1040,26,9528.89
1040,27,9443.31
1040,28,9464.64
1040,29,9516.72
1040,30,9536.14
1040,31,9559.34
1040,32,9518.31
1040,33,9527.57
1040,34,9477.49
1040,35,9482.86
1040,36,9557.63
1040,37,9497.52
1040,38,9566.91
1040,39,9546.94
1040,40,9561.32
1040,41,9469.35
1040,42,9550.68
1040,43,9513.2
1040,44,9548.66
1040,45,9478.59
1040,46,9543.98
1040,47,9557.09
1040,48,9588.75
1040,49,9518.66
1040,50,9494.24
1040,51,9577.46
1040,52,9565.43
1040,53,9525.38
1040,54,9502.79
1040,55,9501.56
1040,56,9507.61
1040,57,9477.98
1040,58,9448.27
1040,59,9589.66
1040,60,9524.05
1040,61,9474.14
1040,62,9480.59
1040,63,9578.59
1040,64,9557.91
1040,65,9449.58
1040,66,9489.9
1040,67,9472.64
1040,68,9476.39
1040,69,9554.67
1040,70,9528.72
1040,71,9535.02
1040,72,9551.75
1040,73,9542.62
1040,74,9589.85
1040,75,9596.75
1040,76,9470.55
1040,77,9545.87
1040,78,9490.15
1040,79,9577.5
1040,80,9544.7
1040,81,9503.95
1040,82,9464.43
1040,83,9460.28
1040,84,9479.11
1040,85,9472.65
1040,86,9539.13
1040,87,9547.78
1040,88,9548.71
1040,89,9469.1
1040,90,9440.51
1040,91,9490.65
1040,92,9463.71
1040,93,9534.41
1040,94,9489.55
1040,95,9505.79
1040,96,9488
1040,97,9543.06
1040,98,9509.3
1040,99,9540.68
1050,0,9564.96
1050,1,9530.56
1050,2,9583.76
1050,3,9507.94
1050,4,9471.35
1050,5,9524.09
1050,6,9522.7
1050,7,9509.92
1050,8,9478.23
1050,9,9495.9
1050,10,9489.02
1050,11,9527.29
1050,12,9535.44
1050,13,9513.46
1050,14,9466.63
1050,15,9540.95
1050,16,9480.27
1050,17,9580.86
1050,18,9555.19
1050,19,9553.38
1050,20,9504.12
1050,21,9504.64
1050,22,9559.21
1050,23,9475.39
1050,24,9527.82
1050,25,9515.8
1050,26,9516.82
1050,27,9429.23
1050,28,9452.49
1050,29,9506.57
1050,30,9526.92
1050,31,9550.95
1050,32,9507.06
1050,33,9513.43
1050,34,9467.35
1050,35,9471.5
1050,36,9546.95
1050,37,9490.37
1050,38,9557.17
1050,39,9535.58
1050,40,9553.35
1050,41,9452.51
1050,42,9538.42
1050,43,9503.05
1050,44,9539.68
1050,45,9464.23
1050,46,9534.84
1050,47,9549.45
1050,48,9582.5
1050,49,9507.61
1050,50,9484.91
1050,51,9567.8
1050,52,9557.15
1050,53,9516.78
1050,54,9491.33
1050,55,9487.96
1050,56,9499.65
1050,57,9468.16
1050,58,9436.34
1050,59,9578.89
1050,60,9511.15
1050,61,9464.73
1050,62,9469.31
1050,63,9569.19
1050,64,9548.76
1050,65,9436.34
1050,66,9478.81
1050,67,9457.42
1050,68,9465.29
1050,69,9544.86
1050,70,9516.96
1050,71,9524.87
1050,72,9542.01
1050,73,9534.09
1050,74,9579.31
1050,75,9587.29
1050,76,9460.02
1050,77,9533.82
1050,78,9481.44
1050,79,9567.38
1050,80,9535.87
1050,81,9491.38
1050,82,9453.34
1050,83,9442.4
1050,84,9468.45
1050,85,9463.29
1050,86,9530.32
1050,87,9537.11
1050,88,9537.25
1050,89,9459.44
1050,90,9429.71
1050,91,9480.47
1050,92,9454.25
1050,93,9524.75
1050,94,9481.19
1050,95,9496.42
1050,96,9477.93
1050,97,9534.88
1050,98,9499.61
1050,99,9528.17
1060,0,9564.66
1060,1,9530.26
1060,2,9583.46
1060,3,9507.64
1060,4,9471.05
1060,5,9523.79
1060,6,9522.4
1060,7,9509.62
1060,8,9477.93
1060,9,9495.6
1060,10,9488.72
1060,11,9526.99
1060,12,9535.14
1060,13,9513.16
1060,14,9466.33
1060,15,9540.65
1060,16,9479.97
1060,17,9580.56
1060,18,9554.89
1060,19,9553.08
1060,20,9503.82
1060,21,9504.34
1060,22,9558.91
1060,23,9475.09
1060,24,9527.52
1060,25,9515.5
1060,26,9516.52
1060,27,9428.93
1060,28,9452.19
1060,29,9506.27
1060,30,9526.62
1060,31,9550.65
1060,32,9506.76
1060,33,9513.13
1060,34,9467.05
1060,35,9471.2
1060,36,9546.65
1060,37,9490.07
1060,38,9556.87
1060,39,9535.28
1060,40,9553.05
1060,41,9452.21
1060,42,9538.12
1060,43,9502.75
1060,44,9539.38
1060,45,9463.93
1060,46,9534.54
1060,47,9549.15
1060,48,9582.2
1060,49,9507.31
1060,50,9484.61
1060,51,9567.5
1060,52,9556.85
1060,53,9516.48
1060,54,9491.03
1060,55,9487.66
1060,56,9499.35
1060,57,9467.86
1060,58,9436.04
1060,59,9578.59
1060,60,9510.85
1060,61,9464.43
1060,62,9469.01
1060,63,9568.89
1060,64,9548.46
1060,65,9436.04
1060,66,9478.51
1060,67,9457.12
1060,68,9464.99
1060,69,9544.56
1060,70,9516.66
1060,71,9524.57
1060,72,9541.71
1060,73,9533.79
1060,74,9579.01
1060,75,9586.99
1060,76,9459.72
1060,77,9533.52
1060,78,9481.14
1060,79,9567.08
1060,80,9535.57
1060,81,9491.08
1060,82,9453.04
1060,83,9442.1
1060,84,9468.15
1060,85,9462.99
1060,86,9530.02
1060,87,9536.81
1060,88,9536.95
1060,89,9459.14
1060,90,9429.41
1060,91,9480.17
1060,92,9453.95
1060,93,9524.45
1060,94,9480.89
1060,95,9496.12
1060,96,9477.63
1060,97,9534.58
1060,98,9499.31
1060,99,9527.87
1070,0,9560.92
1070,1,9526.49
1070,2,9581.41
1070,3,9505.56
1070,4,9467.55
1070,5,9520.75
1070,6,9522.1
1070,7,9509.32
1070,8,9474.5
1070,9,9490.97
1070,10,9483.64
1070,11,9526.69
1070,12,9529.14
1070,13,9509.03
1070,14,9466.03
1070,15,9538.1
1070,16,9476.61
1070,17,9576.5
1070,18,9551.69
1070,19,9548.6
1070,20,9499.21
1070,21,9500.4
1070,22,9554.4
1070,23,9471.54
1070,24,9523.54
1070,25,9513.11
1070,26,9512.78
1070,27,9428.63
1070,28,9449.71
1070,29,9502.31
1070,30,9522.79
1070,31,9546.17
1070,32,9503.24
1070,33,9508.72
1070,34,9465.7
1070,35,9466.35
1070,36,9543.81
1070,37,9487.16
1070,38,9556.57
1070,39,9531.51
1070,40,9549.74
1070,41,9446.7
1070,42,9537.82
1070,43,9500.97
1070,44,9535.4
1070,45,9460.99
1070,46,9530.39
1070,47,9548.85
1070,48,9579.38
1070,49,9502.1
1070,50,9481.53
1070,51,9564.79
1070,52,9554.85
1070,53,9513.98
1070,54,9490.73
1070,55,9483.52
1070,56,9497.03
1070,57,9463.75
1070,58,9431.41
1070,59,9575.03
1070,60,9507.07
1070,61,9461.12
1070,62,9466.06
1070,63,9566.5
1070,64,9545.27
1070,65,9433.9
1070,66,9476.6
1070,67,9454.07
1070,68,9461.88
1070,69,9542.35
1070,70,9516.36
1070,71,9521.39
1070,72,9541.41
1070,73,9532.66
1070,74,9575.09
1070,75,9582.93
1070,76,9456.38
1070,77,9529.89
1070,78,9476.1
1070,79,9565.65
1070,80,9531.24
1070,81,9488.23
1070,82,9447.31
1070,83,9439.65
1070,84,9464.95
1070,85,9457.98
1070,86,9528.14
1070,87,9531.56
1070,88,9533.91
1070,89,9454.65
1070,90,9425.7
1070,91,9475.8
1070,92,9452.27
1070,93,9520.58
1070,94,9479.08
1070,95,9491.03
1070,96,9474.84
1070,97,9531.57
1070,98,9494.49
1070,99,9524.19
1080,0,9552.74
1080,1,9515.02
1080,2,9567.36
1080,3,9494.38
1080,4,9453.18
1080,5,9511.31
1080,6,9505.16
1080,7,9493.48
1080,8,9457.42
1080,9,9479.55
1080,10,9472.57
1080,11,9510.79
1080,12,9519.92
1080,13,9495.31
1080,14,9450
1080,15,9526.74
1080,16,9459.53
1080,17,9566.47
1080,18,9540.31
1080,19,9538.83
1080,20,9487.72
1080,21,9486.08
1080,22,9543.57
1080,23,9459.12
1080,24,9514.13
1080,25,9497.57
1080,26,9498.14
1080,27,9412.78
1080,28,9435.33
1080,29,9491.26
1080,30,9511.65
1080,31,9534.06
1080,32,9489.67
1080,33,9494.38
1080,34,9451.66
1080,35,9451.44
1080,36,9529.56
1080,37,9473.23
1080,38,9543.11
1080,39,9518.81
1080,40,9539.94
1080,41,9433.09
1080,42,9521.56
1080,43,9486.4
1080,44,9521.64
1080,45,9445.86
1080,46,9516.61
1080,47,9533.85
1080,48,9567.04
1080,49,9490.97
1080,50,9470.29
1080,51,9552.22
1080,52,9544.24
1080,53,9499.95
1080,54,9471.95
1080,55,9471.48
1080,56,9484.73
1080,57,9451.7
1080,58,9416.53
1080,59,9563.07
1080,60,9496.94
1080,61,9444.35
1080,62,9452.76
1080,63,9555.44
1080,64,9534.35
1080,65,9417.33
1080,66,9462.42
1080,67,9437.52
1080,68,9446.51
1080,69,9529.39
1080,70,9498.6
1080,71,9509.74
1080,72,9528.13
1080,73,9517.42
1080,74,9561.83
1080,75,9572.49
1080,76,9441.79
1080,77,9518.34
1080,78,9463.73
1080,79,9552.27
1080,80,9518.6
1080,81,9471.52
1080,82,9437.14
1080,83,9427.56
1080,84,9447.89
1080,85,9445.63
1080,86,9511.39
1080,87,9520
1080,88,9521.3
1080,89,9439.44
1080,90,9410.5
1080,91,9464.39
1080,92,9436.06
1080,93,9507.69
1080,94,9464.59
1080,95,9481.16
1080,96,9459.85
1080,97,9518.68
1080,98,9482.62
1080,99,9511.99
1090,0,9552.44
1090,1,9514.72
1090,2,9567.06
1090,3,9494.08
1090,4,9452.88
1090,5,9511.01
1090,6,9504.86
1090,7,9493.18
1090,8,9457.12
1090,9,9479.25
1090,10,9472.27
1090,11,9510.49
1090,12,9519.62
1090,13,9495.01
1090,14,9449.7
1090,15,9526.44
1090,16,9459.23
1090,17,9566.17
1090,18,9540.01
1090,19,9538.53
1090,20,9487.42
1090,21,9485.78
1090,22,9543.27
1090,23,9458.82
1090,24,9513.83
1090,25,9497.27
1090,26,9497.84
1090,27,9412.48
1090,28,9435.03
1090,29,9490.96
1090,30,9511.35
1090,31,9533.76
1090,32,9489.37
1090,33,9494.08
1090,34,9451.36
1090,35,9451.14
1090,36,9529.26
1090,37,9472.93
1090,38,9542.81
1090,39,9518.51
1090,40,9539.64
1090,41,9432.79
1090,42,9521.26
1090,43,9486.1
1090,44,9521.34
1090,45,9445.56
1090,46,9516.31
1090,47,9533.55
1090,48,9566.74
1090,49,9490.67
1090,50,9469.99
1090,51,9551.92
1090,52,9543.94
1090,53,9499.65
1090,54,9471.65
1090,55,9471.18
1090,56,9484.43
1090,57,9451.4
1090,58,9416.23
1090,59,9562.77
1090,60,9496.64
1090,61,9444.05
1090,62,9452.46
1090,63,9555.14
1090,64,9534.05
1090,65,9417.03
1090,66,9462.12
1090,67,9437.22
1090,68,9446.21
1090,69,9529.09
1090,70,9498.3
1090,71,9509.44
1090,72,9527.83
1090,73,9517.12
1090,74,9561.53
1090,75,9572.19
1090,76,9441.49
1090,77,9518.04
1090,78,9463.43
1090,79,9551.97
1090,80,9518.3
1090,81,9471.22
1090,82,9436.84
1090,83,9427.26
1090,84,9447.59
1090,85,9445.33
1090,86,9511.09
1090,87,9519.7
1090,88,9521
1090,89,9439.14
1090,90,9410.2
1090,91,9464.09
1090,92,9435.76
1090,93,9507.39
1090,94,9464.29
1090,95,9480.86
1090,96,9459.55
1090,97,9518.38
1090,98,9482.32
1090,99,9511.69
1100,0,9552.14
1100,1,9514.42
1100,2,9564.96
1100,3,9491.87
1100,4,9452.58
1100,5,9510.71
1100,6,9504.56
1100,7,9492.88
1100,8,9456.82
1100,9,9478.9
1100,10,9470.61
1100,11,9510.19
1100,12,9517.72
1100,13,9494.71
1100,14,9449.4
1100,15,9523.84
1100,16,9458
1100,17,9565.87
1100,18,9539.71
1100,19,9536.29
1100,20,9486.09
1100,21,9483.58
1100,22,9542
1100,23,9455.71
1100,24,9513.53
1100,25,9494.89
1100,26,9496.12
1100,27,9412.18
1100,28,9432.52
1100,29,9489.73
1100,30,9509.8
1100,31,9531.66
1100,32,9489.07
1100,33,9493.78
1100,34,9449.98
1100,35,9450.79
1100,36,9528.96
1100,37,9472.58
1100,38,9542.51
1100,39,9518.21
1100,40,9539.34
1100,41,9430.51
1100,42,9520.96
1100,43,9484.34
1100,44,9519.67
1100,45,9442.72
1100,46,9516.01
1100,47,9533.25
1100,48,9566.44
1100,49,9488.77
1100,50,9469.03
1100,51,9549.13
1100,52,9543.64
1100,53,9497.14
1100,54,9471.35
1100,55,9469.63
1100,56,9482.8
1100,57,9450.48
1100,58,9414.94
1100,59,9562.47
1100,60,9494.96
1100,61,9443.75
1100,62,9449.45
1100,63,9554.84
1100,64,9533.75
1100,65,9416.73
1100,66,9460.18
1100,67,9436.92
1100,68,9445.91
1100,69,9528.79
1100,70,9498
1100,71,9509.14
1100,72,9527.53
1100,73,9515.98
1100,74,9561.23
1100,75,9571.89
1100,76,9441.19
1100,77,9517.74
1100,78,9460.13
1100,79,9550.55
1100,80,9518
1100,81,9470.92
1100,82,9435.05
1100,83,9424.66
1100,84,9447.29
1100,85,9442.65
1100,86,9510.79
1100,87,9518.71
1100,88,9520.7
1100,89,9437.66
1100,90,9408.76
1100,91,9462.49
1100,92,9435.46
1100,93,9506.23
1100,94,9463.99
1100,95,9479.11
1100,96,9459.25
1100,97,9515.35
1100,98,9480.43
1100,99,9511.39
1110,0,9540.39
1110,1,9502.11
1110,2,9553.94
1110,3,9480.52
1110,4,9436.19
1110,5,9500.3
1110,6,9491.81
1110,7,9480.7
1110,8,9439.42
1110,9,9467.18
1110,10,9456.63
1110,11,9498.46
1110,12,9507.14
1110,13,9479.78
1110,14,9432.18
1110,15,9513.66
1110,16,9443.1
1110,17,9554.87
1110,18,9526.84
1110,19,9524.61
1110,20,9474.68
1110,21,9471.4
1110,22,9531.07
1110,23,9444.66
1110,24,9502.13
1110,25,9481.81
1110,26,9483.42
1110,27,9395.33
1110,28,9421.44
1110,29,9475.98
1110,30,9498.43
1110,31,9520.76
1110,32,9474.78
1110,33,9478.51
1110,34,9436.35
1110,35,9434.98
1110,36,9515.2
1110,37,9458.56
1110,38,9530.53
1110,39,9504.31
1110,40,9527.46
1110,41,9409.53
1110,42,9508.86
1110,43,9472.7
1110,44,9505.84
1110,45,9429.65
1110,46,9501.82
1110,47,9521.06
1110,48,9554.49
1110,49,9474.18
1110,50,9456.61
1110,51,9538.73
1110,52,9532.16
1110,53,9486.94
1110,54,9455.66
1110,55,9458.79
1110,56,9470.11
1110,57,9438.19
1110,58,9399.78
1110,59,9549.53
1110,60,9483.74
1110,61,9426.82
1110,62,9439.43
1110,63,9543.37
1110,64,9520.86
1110,65,9398.91
1110,66,9445.52
1110,67,9419.85
1110,68,9430.78
1110,69,9516.27
1110,70,9483.04
1110,71,9495.57
1110,72,9515.87
1110,73,9502.11
1110,74,9547.63
1110,75,9559.73
1110,76,9426.29
1110,77,9505.61
1110,78,9450.71
1110,79,9539.21
1110,80,9505.19
1110,81,9455.91
1110,82,9420.68
1110,83,9409.76
1110,84,9430.56
1110,85,9430.93
1110,86,9495.8
1110,87,9507.04
1110,88,9507.67
1110,89,9420.25
1110,90,9392.19
1110,91,9448.68
1110,92,9418.52
1110,93,9491.25
1110,94,9448.35
1110,95,9467.03
1110,96,9444.24
1110,97,9503.88
1110,98,9468.06
1110,99,9498.51
1120,0,9540.09
1120,1,9501.81
1120,2,9553.64
1120,3,9480.22
1120,4,9435.89
1120,5,9500
1120,6,9491.51
1120,7,9480.4
1120,8,9439.12
1120,9,9466.88
1120,10,9456.33
1120,11,9498.16
1120,12,9506.84
1120,13,9479.48
1120,14,9431.88
1120,15,9513.36
1120,16,9442.8
1120,17,9554.57
1120,18,9526.54
1120,19,9524.31
1120,20,9474.38
1120,21,9471.1
1120,22,9530.77
1120,23,9444.36
1120,24,9501.83
1120,25,9481.51
1120,26,9483.12
1120,27,9395.03
1120,28,9421.14
1120,29,9475.68
1120,30,9498.13
1120,31,9520.46
1120,32,9474.48
1120,33,9478.21
1120,34,9436.05
1120,35,9434.68
1120,36,9514.9
1120,37,9458.26
1120,38,9530.23
1120,39,9504.01
1120,40,9527.16
1120,41,9409.23
1120,42,9508.56
1120,43,9472.4
1120,44,9505.54
1120,45,9429.35
1120,46,9501.52
1120,47,9520.76
1120,48,9554.19
1120,49,9473.88
1120,50,9456.31
1120,51,9538.43
1120,52,9531.86
1120,53,9486.64
1120,54,9455.36
1120,55,9458.49
1120,56,9469.81
1120,57,9437.89
1120,58,9399.48
1120,59,9549.23
1120,60,9483.44
1120,61,9426.52
1120,62,9439.13
1120,63,9543.07
1120,64,9520.56
1120,65,9398.61
1120,66,9445.22
1120,67,9419.55
1120,68,9430.48
1120,69,9515.97
1120,70,9482.74
1120,71,9495.27
1120,72,9515.57
1120,73,9501.81
1120,74,9547.33
1120,75,9559.43
1120,76,9425.99
1120,77,9505.31
1120,78,9450.41
1120,79,9538.91
1120,80,9504.89
1120,81,9455.61
1120,82,9420.38
1120,83,9409.46
1120,84,9430.26
1120,85,9430.63
1120,86,9495.5
1120,87,9506.74
1120,88,9507.37
1120,89,9419.95
1120,90,9391.89
1120,91,9448.38
1120,92,9418.22
1120,93,9490.95
1120,94,9448.05
1120,95,9466.73
1120,96,9443.94
1120,97,9503.58
1120,98,9467.76
1120,99,9498.21
1130,0,9539.79
1130,1,9501.51
1130,2,9553.28
1130,3,9479.92
1130,4,9435.59
1130,5,9499.7
1130,6,9491.21
1130,7,9480.1
1130,8,9438.82
1130,9,9466.52
1130,10,9456.03
1130,11,9497.86
1130,12,9506.54
1130,13,9479.18
1130,14,9431.58
1130,15,9513.06
1130,16,9442.5
1130,17,9554.27
1130,18,9526.24
1130,19,9523.84
1130,20,9472.95
1130,21,9470.8
1130,22,9529.44
1130,23,9444.06
1130,24,9501.53
1130,25,9481.21
1130,26,9482.82
1130,27,9394.73
1130,28,9420.84
1130,29,9475.38
1130,30,9497.83
1130,31,9520.09
1130,32,9474.18
1130,33,9477.91
1130,34,9435.75
1130,35,9434.32
1130,36,9514.6
1130,37,9457.96
1130,38,9529.93
1130,39,9503.71
1130,40,9526.86
1130,41,9408.93
1130,42,9508.26
1130,43,9472.1
1130,44,9505.24
1130,45,9429.05
1130,46,9501.22
1130,47,9520.46
1130,48,9553.89
1130,49,9473.58
1130,50,9455.36
1130,51,9538.13
1130,52,9531.56
1130,53,9486.34
1130,54,9455.06
1130,55,9458.19
1130,56,9469.51
1130,57,9436.98
1130,58,9399.18
1130,59,9548.93
1130,60,9483.14
1130,61,9426.22
1130,62,9438.83
1130,63,9542.77
1130,64,9520.26
1130,65,9398.31
1130,66,9444.92
1130,67,9419.25
1130,68,9430.18
1130,69,9515.67
1130,70,9482.44
1130,71,9494.97
1130,72,9515.27
1130,73,9501.51
1130,74,9547.03
1130,75,9559.13
1130,76,9425.69
1130,77,9505.01
1130,78,9450.11
1130,79,9538.61
1130,80,9504.59
1130,81,9455.31
1130,82,9420.08
1130,83,9409.16
1130,84,9429.96
1130,85,9430.33
1130,86,9495.2
1130,87,9505.85
1130,88,9507.07
1130,89,9419.65
1130,90,9391.59
1130,91,9448.08
1130,92,9417.92
1130,93,9490.65
1130,94,9447.75
1130,95,9466.43
1130,96,9443.64
1130,97,9503.28
1130,98,9467.46
1130,99,9497.91
1140,0,9527.47
1140,1,9486.1
1140,2,9538.05
1140,3,9467.22
1140,4,9418
1140,5,9486.55
1140,6,9472.57
1140,7,9463.06
1140,8,9420.37
1140,9,9452.11
1140,10,9440.05
1140,11,9480.44
1140,12,9491.77
1140,13,9461.95
1140,14,9413.05
1140,15,9501.24
1140,16,9422.39
1140,17,9539.92
1140,18,9511.13
1140,19,9510.47
1140,20,9459.33
1140,21,9453.86
1140,22,9515.11
1140,23,9428.86
1140,24,9486.91
1140,25,9464.58
1140,26,9465.99
1140,27,9378.23
1140,28,9405.74
1140,29,9460.42
1140,30,9479.64
1140,31,9504.84
1140,32,9459.04
1140,33,9462.61
1140,34,9419.54
1140,35,9414.58
1140,36,9499.58
1140,37,9440.42
1140,38,9514.95
1140,39,9486.42
1140,40,9512.38
1140,41,9392.04
1140,42,9490.59
1140,43,9455.67
1140,44,9488.86
1140,45,9411.42
1140,46,9482.66
1140,47,9504.39
1140,48,9541.28
1140,49,9454.29
1140,50,9440.38
1140,51,9521.88
1140,52,9517.68
1140,53,9470.36
1140,54,9439.24
1140,55,9444.16
1140,56,9456.15
1140,57,9422.48
1140,58,9378.25
1140,59,9533.9
1140,60,9469.39
1140,61,9408.27
1140,62,9423.47
1140,63,9528.39
1140,64,9505.78
1140,65,9376.45
1140,66,9430.33
1140,67,9401.29
1140,68,9412.25
1140,69,9500.16
1140,70,9467.34
1140,71,9480.41
1140,72,9499.03
1140,73,9483.82
1140,74,9531.16
1140,75,9545.46
1140,76,9410.71
1140,77,9487.59
1140,78,9434.99
1140,79,9523.85
1140,80,9489.17
1140,81,9439.65
1140,82,9403.73
1140,83,9389.6
1140,84,9411.16
1140,85,9413.71
1140,86,9475.92
1140,87,9491.75
1140,88,9490.69
1140,89,9399.65
1140,90,9370.83
1140,91,9431.78
1140,92,9400.78
1140,93,9474.1
1140,94,9427.65
1140,95,9449.85
1140,96,9425.68
1140,97,9492.2
1140,98,9451.28
1140,99,9479.08
1150,0,9527.17
1150,1,9485.8
1150,2,9537.75
1150,3,9466.92
1150,4,9417.7
1150,5,9486.25
1150,6,9472.27
1150,7,9462.76
1150,8,9420.07
1150,9,9451.81
1150,10,9439.75
1150,11,9480.14
1150,12,9491.47
1150,13,9461.65
1150,14,9412.75
1150,15,9500.94
1150,16,9422.09
1150,17,9539.62
1150,18,9510.83
1150,19,9510.17
1150,20,9459.03
1150,21,9453.56
1150,22,9514.81
1150,23,9428.56
1150,24,9486.61
1150,25,9464.28
1150,26,9465.69
1150,27,9377.93
1150,28,9405.44
1150,29,9460.12
1150,30,9479.34
1150,31,9504.54
1150,32,9458.74
1150,33,9462.31
1150,34,9419.24
1150,35,9414.28
1150,36,9499.28
1150,37,9440.12
1150,38,9514.65
1150,39,9486.12
1150,40,9512.08
1150,41,9391.74
1150,42,9490.29
1150,43,9455.37
1150,44,9488.56
1150,45,9411.12
1150,46,9482.36
1150,47,9504.09
1150,48,9540.98
1150,49,9453.99
1150,50,9440.08
1150,51,9521.58
1150,52,9517.38
1150,53,9470.06
1150,54,9438.94
1150,55,9443.86
1150,56,9455.85
1150,57,9422.18
1150,58,9377.95
1150,59,9533.6
1150,60,9469.09
1150,61,9407.97
1150,62,9423.17
1150,63,9528.09
1150,64,9505.48
1150,65,9376.15
1150,66,9430.03
1150,67,9400.99
1150,68,9411.95
1150,69,9499.86
1150,70,9467.04
1150,71,9480.11
1150,72,9498.73
1150,73,9483.52
1150,74,9530.86
1150,75,9545.16
1150,76,9410.41
1150,77,9487.29
1150,78,9434.69
1150,79,9523.55
1150,80,9488.87
1150,81,9439.35
1150,82,9403.43
1150,83,9389.3
1150,84,9410.86
1150,85,9413.41
1150,86,9475.62
1150,87,9491.45
1150,88,9490.39
1150,89,9399.35
1150,90,9370.53
1150,91,9431.48
1150,92,9400.48
1150,93,9473.8
1150,94,9427.35
1150,95,9449.55
1150,96,9425.38
1150,97,9491.9
1150,98,9450.98
1150,99,9478.78
1160,0,9526.87
1160,1,9485.5
1160,2,9537.45
1160,3,9466.62
1160,4,9417.4
1160,5,9485.95
1160,6,9471.97
1160,7,9462.46
1160,8,9419.77
1160,9,9451.51
1160,10,9439.45
1160,11,9479.84
1160,12,9491.17
1160,13,9461.35
1160,14,9412.45
1160,15,9500.64
1160,16,9421.79
1160,17,9539.32
1160,18,9510.53
1160,19,9509.87
1160,20,9458.73
1160,21,9453.26
1160,22,9514.51
1160,23,9428.26
1160,24,9486.31
1160,25,9463.98
1160,26,9465.39
1160,27,9377.63
1160,28,9405.14
1160,29,9459.82
1160,30,9479.04
1160,31,9504.24
1160,32,9458.44
1160,33,9462.01
1160,34,9418.94
1160,35,9413.98
1160,36,9498.98
1160,37,9439.82
1160,38,9514.35
1160,39,9485.82
1160,40,9511.78
1160,41,9391.44
1160,42,9489.99
1160,43,9455.07
1160,44,9488.26
1160,45,9410.82
1160,46,9482.06
1160,47,9503.79
1160,48,9540.68
1160,49,9453.69
1160,50,9439.78
1160,51,9521.28
1160,52,9517.08
1160,53,9469.76
1160,54,9438.64
1160,55,9443.56
1160,56,9455.55
1160,57,9421.88
1160,58,9377.65
1160,59,9533.3
1160,60,9468.79
1160,61,9407.67
1160,62,9422.87
1160,63,9527.79
1160,64,9505.18
1160,65,9375.85
1160,66,9429.73
1160,67,9400.69
1160,68,9411.65
1160,69,9499.56
1160,70,9466.74
1160,71,9479.81
1160,72,9498.43
1160,73,9483.22
1160,74,9530.56
1160,75,9544.86
1160,76,9410.11
1160,77,9486.99
1160,78,9434.39
1160,79,9523.25
1160,80,9488.57
1160,81,9439.05
1160,82,9403.13
1160,83,9389
1160,84,9410.56
1160,85,9413.11
1160,86,9475.32
1160,87,9491.15
1160,88,9490.09
1160,89,9399.05
1160,90,9370.23
1160,91,9431.18
1160,92,9400.18
1160,93,9473.5
1160,94,9427.05
1160,95,9449.25
1160,96,9425.08
1160,97,9491.6
1160,98,9450.68
1160,99,9478.48
1170,0,9515.48
1170,1,9473.25
1170,2,9524.22
1170,3,9454.39
1170,4,9401.01
1170,5,9473.91
1170,6,9455.07
1170,7,9446.87
1170,8,9403.81
1170,9,9435.67
1170,10,9421.47
1170,11,9464.61
1170,12,9476.04
1170,13,9446.32
1170,14,9394.22
1170,15,9488.31
1170,16,9403.28
1170,17,9524.93
1170,18,9497.05
1170,19,9494.77
1170,20,9444.59
1170,21,9437.57
1170,22,9498
1170,23,9412.74
1170,24,9473.37
1170,25,9446.55
1170,26,9449.86
1170,27,9362.51
1170,28,9386.56
1170,29,9443.29
1170,30,9464.33
1170,31,9489.68
1170,32,9441.6
1170,33,9447.27
1170,34,9404.2
1170,35,9394.77
1170,36,9482.92
1170,37,9423.87
1170,38,9500.3
1170,39,9470.3
1170,40,9497.57
1170,41,9371.41
1170,42,9474.31
1170,43,9440.71
1170,44,9472.61
1170,45,9391.09
1170,46,9466.93
1170,47,9489.54
1170,48,9526.66
1170,49,9436.19
1170,50,9425.96
1170,51,9508.18
1170,52,9504.7
1170,53,9452.72
1170,54,9423.13
1170,55,9430.66
1170,56,9440.23
1170,57,9407.9
1170,58,9358.56
1170,59,9520.62
1170,60,9454.95
1170,61,9392.57
1170,62,9409.88
1170,63,9515.12
1170,64,9491.7
1170,65,9355.73
1170,66,9415.21
1170,67,9384.62
1170,68,9393.17
1170,69,9485.68
1170,70,9449.19
1170,71,9465.76
1170,72,9485.27
1170,73,9467.36
1170,74,9517.03
1170,75,9532.93
1170,76,9393.2
1170,77,9473.26
1170,78,9419.05
1170,79,9506.46
1170,80,9475.44
1170,81,9423.2
1170,82,9388.37
1170,83,9368.91
1170,84,9391.07
1170,85,9396.26
1170,86,9459.33
1170,87,9474.94
1170,88,9475.85
1170,89,9378.92
1170,90,9350.73
1170,91,9416.16
1170,92,9380.98
1170,93,9458.85
1170,94,9411.33
1170,95,9435.66
1170,96,9411.11
1170,97,9479.28
1170,98,9435.6
1170,99,9463.14
1180,0,9515.18
1180,1,9472.95
1180,2,9523.92
1180,3,9454.09
1180,4,9400.71
1180,5,9473.61
1180,6,9454.77
1180,7,9446.57
1180,8,9403.51
1180,9,9435.37
1180,10,9421.17
1180,11,9464.31
1180,12,9475.74
1180,13,9446.02
1180,14,9393.92
1180,15,9488.01
1180,16,9402.98
1180,17,9524.63
1180,18,9496.75
1180,19,9494.47
1180,20,9444.29
1180,21,9437.27
1180,22,9497.7
1180,23,9412.44
1180,24,9473.07
1180,25,9446.25
1180,26,9449.56
1180,27,9362.21
1180,28,9386.26
1180,29,9442.99
1180,30,9464.03
1180,31,9489.38
1180,32,9441.3
1180,33,9446.97
1180,34,9403.9
1180,35,9394.47
1180,36,9482.62
1180,37,9423.57
1180,38,9500
1180,39,9470
1180,40,9497.27
1180,41,9371.11
1180,42,9474.01
1180,43,9440.41
1180,44,9472.31
1180,45,9390.79
1180,46,9466.63
1180,47,9489.24
1180,48,9526.36
1180,49,9435.89
1180,50,9425.66
1180,51,9507.88
1180,52,9504.4
1180,53,9452.42
1180,54,9422.83
1180,55,9430.36
1180,56,9439.93
1180,57,9407.6
1180,58,9358.26
1180,59,9520.32
1180,60,9454.65
1180,61,9392.27
1180,62,9409.58
1180,63,9514.82
1180,64,9491.4
1180,65,9355.43
1180,66,9414.91
1180,67,9384.32
1180,68,9392.87
1180,69,9485.38
1180,70,9448.89
1180,71,9465.46
1180,72,9484.97
1180,73,9467.06
1180,74,9516.73
1180,75,9532.63
1180,76,9392.9
1180,77,9472.96
1180,78,9418.75
1180,79,9506.16
1180,80,9475.14
1180,81,9422.9
1180,82,9388.07
1180,83,9368.61
1180,84,9390.77
1180,85,9395.96
1180,86,9459.03
1180,87,9474.64
1180,88,9475.55
1180,89,9378.62
1180,90,9350.43
1180,91,9415.86
1180,92,9380.68
1180,93,9458.55
1180,94,9411.03
1180,95,9435.36
1180,96,9410.81
1180,97,9478.98
1180,98,9435.3
1180,99,9462.84
1190,0,9514.88
1190,1,9472.65
1190,2,9523.62
1190,3,9453.79
1190,4,9400.41
1190,5,9473.31
1190,6,9454.47
1190,7,9446.27
1190,8,9403.21
1190,9,9435.07
1190,10,9420.87
1190,11,9464.01
1190,12,9475.44
1190,13,9445.72
1190,14,9393.62
1190,15,9487.71
1190,16,9402.68
1190,17,9524.33
1190,18,9496.45
1190,19,9494.17
1190,20,9443.99
1190,21,9436.97
1190,22,9497.4
1190,23,9412.14
1190,24,9472.77
1190,25,9445.95
1190,26,9449.26
1190,27,9361.91
1190,28,9385.96
1190,29,9442.69
1190,30,9463.73
1190,31,9489.08
1190,32,9441
1190,33,9446.67
1190,34,9403.6
1190,35,9394.17
1190,36,9482.32
1190,37,9423.27
1190,38,9499.7
1190,39,9469.7
1190,40,9496.97
1190,41,9370.81
1190,42,9473.71
1190,43,9440.11
1190,44,9472.01
1190,45,9390.49
1190,46,9466.33
1190,47,9488.94
1190,48,9526.06
1190,49,9435.59
1190,50,9425.36
1190,51,9507.58
1190,52,9504.1
1190,53,9452.12
1190,54,9422.53
1190,55,9430.06
1190,56,9439.63
1190,57,9407.3
1190,58,9357.96
1190,59,9520.02
1190,60,9454.35
1190,61,9391.97
1190,62,9409.28
1190,63,9514.52
1190,64,9491.1
1190,65,9355.13
1190,66,9414.61
1190,67,9384.02
1190,68,9392.57
1190,69,9485.08
1190,70,9448.59
1190,71,9465.16
1190,72,9484.67
1190,73,9466.76
1190,74,9516.43
1190,75,9532.33
1190,76,9392.6
1190,77,9472.66
1190,78,9418.45
1190,79,9505.86
1190,80,9474.84
1190,81,9422.6
1190,82,9387.77
1190,83,9368.31
1190,84,9390.47
1190,85,9395.66
1190,86,9458.73
1190,87,9474.34
1190,88,9475.25
1190,89,9378.32
1190,90,9350.13
1190,91,9415.56
1190,92,9380.38
1190,93,9458.25
1190,94,9410.73
1190,95,9435.06
1190,96,9410.51
1190,97,9478.68
1190,98,9435
1190,99,9462.54
1200,0,9503
1200,1,9457.94
1200,2,9509.57
1200,3,9437.87
1200,4,9379.67
1200,5,9461.41
1200,6,9436.11
1200,7,9430.13
1200,8,9381.36
1200,9,9416.68
1200,10,9402.26
1200,11,9447.75
1200,12,9461.48
1200,13,9427.94
1200,14,9371
1200,15,9473.31
1200,16,9382.06
1200,17,9511.81
1200,18,9480.88
1200,19,9478.86
1200,20,9426.33
1200,21,9419.02
1200,22,9482.65
1200,23,9397.01
1200,24,9456.59
1200,25,9427
1200,26,9431.97
1200,27,9340.12
1200,28,9366.86
1200,29,9426.09
1200,30,9447.55
1200,31,9474.24
1200,32,9423.42
1200,33,9427
1200,34,9386.9
1200,35,9373.78
1200,36,9469.74
1200,37,9405.71
1200,38,9481.94
1200,39,9452.56
1200,40,9482.64
1200,41,9354.03
1200,42,9456.92
1200,43,9422.88
1200,44,9453.89
1200,45,9373.46
1200,46,9447.26
1200,47,9473.64
1200,48,9509.51
1200,49,9415.07
1200,50,9412.27
1200,51,9490.82
1200,52,9487.68
1200,53,9436.85
1200,54,9402.51
1200,55,9415.46
1200,56,9422.76
1200,57,9391.38
1200,58,9337.49
1200,59,9504.62
1200,60,9437.29
1200,61,9370.93
1200,62,9394.77
1200,63,9496.84
1200,64,9475.92
1200,65,9337.24
1200,66,9396.52
1200,67,9365.63
1200,68,9373.31
1200,69,9469.72
1200,70,9429.95
1200,71,9449.99
1200,72,9470.14
1200,73,9448.36
1200,74,9500.17
1200,75,9516.16
1200,76,9374.24
1200,77,9457.58
1200,78,9403.14
1200,79,9489.11
1200,80,9459.12
1200,81,9402.47
1200,82,9370.34
1200,83,9354.98
1200,84,9374.03
1200,85,9377.08
1200,86,9439.79
1200,87,9455.75
1200,88,9459.26
1200,89,9357.34
1200,90,9328.3
1200,91,9397.94
1200,92,9358.31
1200,93,9439.77
1200,94,9390.99
1200,95,9418.59
1200,96,9391.78
1200,97,9464.43
1200,98,9418.62
1200,99,9445.63
1210,0,9502.7
1210,1,9457.64
1210,2,9509.27
1210,3,9437.57
1210,4,9379.37
1210,5,9461.11
1210,6,9435.81
1210,7,9429.83
1210,8,9381.07
1210,9,9416.38
1210,10,9401.96
1210,11,9447.45
1210,12,9461.18
1210,13,9427.64
1210,14,9370.72
1210,15,9473.01
1210,16,9381.76
1210,17,9511.51
1210,18,9480.58
1210,19,9478.56
1210,20,9426.03
1210,21,9418.72
1210,22,9482.35
1210,23,9396.71
1210,24,9456.29
1210,25,9426.7
1210,26,9431.67
1210,27,9339.84
1210,28,9366.56
1210,29,9425.79
1210,30,9447.25
1210,31,9473.94
1210,32,9423.12
1210,33,9426.7
1210,34,9386.6
1210,35,9373.48
1210,36,9469.44
1210,37,9405.41
1210,38,9481.64
1210,39,9452.26
1210,40,9482.34
1210,41,9353.73
1210,42,9456.62
1210,43,9422.58
1210,44,9453.59
1210,45,9373.16
1210,46,9446.96
1210,47,9473.34
1210,48,9509.21
1210,49,9414.77
1210,50,9411.97
1210,51,9490.52
1210,52,9487.38
1210,53,9436.55
1210,54,9402.21
1210,55,9415.16
1210,56,9422.46
1210,57,9391.08
1210,58,9337.19
1210,59,9504.32
1210,60,9436.99
1210,61,9370.63
1210,62,9394.47
1210,63,9496.54
1210,64,9475.62
1210,65,9336.94
1210,66,9396.22
1210,67,9365.33
1210,68,9373.01
1210,69,9469.42
1210,70,9429.65
1210,71,9449.69
1210,72,9469.84
1210,73,9448.06
1210,74,9499.87
1210,75,9515.86
1210,76,9373.94
1210,77,9457.28
1210,78,9402.84
1210,79,9488.81
1210,80,9458.82
1210,81,9402.17
1210,82,9370.04
1210,83,9354.68
1210,84,9373.73
1210,85,9376.78
1210,86,9439.49
1210,87,9455.45
1210,88,9458.96
1210,89,9357.04
1210,90,9328
1210,91,9397.64
1210,92,9358.01
1210,93,9439.47
1210,94,9390.69
1210,95,9418.29
1210,96,9391.48
1210,97,9464.13
1210,98,9418.32
1210,99,9445.33
1220,0,9502.4
1220,1,9457.34
1220,2,9508.97
1220,3,9437.27
1220,4,9379.07
1220,5,9460.81
1220,6,9435.51
1220,7,9429.53
1220,8,9380.77
1220,9,9416.08
1220,10,9401.66
1220,11,9447.15
1220,12,9460.88
1220,13,9427.34
1220,14,9370.42
1220,15,9472.71
1220,16,9381.46
1220,17,9511.21
1220,18,9480.28
1220,19,9478.26
1220,20,9425.73
1220,21,9418.42
1220,22,9482.05
1220,23,9396.41
1220,24,9455.99
1220,25,9426.4
1220,26,9431.37
1220,27,9339.54
1220,28,9366.26
1220,29,9425.49
1220,30,9446.95
1220,31,9473.64
1220,32,9422.82
1220,33,9426.4
1220,34,9386.3
1220,35,9373.18
1220,36,9469.14
1220,37,9405.11
1220,38,9481.34
1220,39,9451.96
1220,40,9482.04
1220,41,9353.43
1220,42,9456.32
1220,43,9422.28
1220,44,9453.29
1220,45,9372.86
1220,46,9446.66
1220,47,9473.04
1220,48,9508.91
1220,49,9414.47
1220,50,9411.67
1220,51,9490.22
1220,52,9487.08
1220,53,9436.25
1220,54,9401.91
1220,55,9414.86
1220,56,9422.16
1220,57,9390.78
1220,58,9336.89
1220,59,9504.02
1220,60,9436.69
1220,61,9370.33
1220,62,9394.17
1220,63,9496.24
1220,64,9475.32
1220,65,9336.64
1220,66,9395.92
1220,67,9365.03
1220,68,9372.71
1220,69,9469.12
1220,70,9429.35
1220,71,9449.39
1220,72,9469.54
1220,73,9447.76
1220,74,9499.57
1220,75,9515.56
1220,76,9373.64
1220,77,9456.98
1220,78,9402.54
1220,79,9488.51
1220,80,9458.52
1220,81,9401.87
1220,82,9369.74
1220,83,9354.38
1220,84,9373.43
1220,85,9376.48
1220,86,9439.19
1220,87,9455.15
1220,88,9458.66
1220,89,9356.74
1220,90,9327.7
1220,91,9397.34
1220,92,9357.71
1220,93,9439.17
1220,94,9390.39
1220,95,9417.99
1220,96,9391.18
1220,97,9463.83
1220,98,9418.02
1220,99,9445.03
1230,0,9486.72
1230,1,9439.65
1230,2,9490.88
1230,3,9416.26
1230,4,9357.26
1230,5,9443.04
1230,6,9416.37
1230,7,9411.79
1230,8,9358.41
1230,9,9396.66
1230,10,9379.68
1230,11,9426.09
1230,12,9442.41
1230,13,9405.31
1230,14,9349.57
1230,15,9456.37
1230,16,9360.27
1230,17,9493.71
1230,18,9460.1
1230,19,9461.11
1230,20,9405.56
1230,21,9395.33
1230,22,9463.27
1230,23,9380.36
1230,24,9439.39
1230,25,9405.94
1230,26,9413.97
1230,27,9318.55
1230,28,9346.43
1230,29,9407.6
1230,30,9426.51
1230,31,9456.47
1230,32,9404.11
1230,33,9403.2
1230,34,9364.35
1230,35,9349.73
1230,36,9452.42
1230,37,9384.09
1230,38,9463.05
1230,39,9432.29
1230,40,9465.46
1230,41,9333.73
1230,42,9434.98
1230,43,9401.33
1230,44,9431.3
1230,45,9349.17
1230,46,9428.84
1230,47,9453.57
1230,48,9489.62
1230,49,9390.47
1230,50,9393.94
1230,51,9475.34
1230,52,9468.69
1230,53,9415.76
1230,54,9382.8
1230,55,9395.54
1230,56,9404.92
1230,57,9371.09
1230,58,9313.18
1230,59,9483.88
1230,60,9419.11
1230,61,9349.06
1230,62,9374.72
1230,63,9475.96
1230,64,9454.55
1230,65,9310.52
1230,66,9377.24
1230,67,9342.89
1230,68,9349.23
1230,69,9447.87
1230,70,9408.12
1230,71,9431.27
1230,72,9450.7
1230,73,9428.1
1230,74,9478.64
1230,75,9498.03
1230,76,9353.26
1230,77,9441.93
1230,78,9381.85
1230,79,9469.67
1230,80,9439.2
1230,81,9382.27
1230,82,9347.43
1230,83,9329.8
1230,84,9352.31
1230,85,9355.87
1230,86,9417.92
1230,87,9435.61
1230,88,9439.84
1230,89,9333.9
1230,90,9303.01
1230,91,9377.63
1230,92,9334.85
1230,93,9415.17
1230,94,9369.76
1230,95,9398.6
1230,96,9372.94
1230,97,9446.66
1230,98,9402.93
1230,99,9430.1
1240,0,9486.47
1240,1,9439.4
1240,2,9490.65
1240,3,9416
1240,4,9357
1240,5,9442.8
1240,6,9416.12
1240,7,9411.53
1240,8,9358.16
1240,9,9392.97
1240,10,9379.43
1240,11,9425.84
1240,12,9442.16
1240,13,9405.09
1240,14,9349.29
1240,15,9452.73
1240,16,9360.01
1240,17,9493.46
1240,18,9459.82
1240,19,9460.85
1240,20,9405.31
1240,21,9395.11
1240,22,9463.03
1240,23,9376.81
1240,24,9439.12
1240,25,9405.69
1240,26,9410.25
1240,27,9318.29
1240,28,9342.95
1240,29,9403.94
1240,30,9426.29
1240,31,9456.21
1240,32,9403.82
1240,33,9402.95
1240,34,9364.09
1240,35,9349.49
1240,36,9452.16
1240,37,9383.84
1240,38,9462.8
1240,39,9432.02
1240,40,9465.2
1240,41,9333.49
1240,42,9434.73
1240,43,9401.09
1240,44,9431.05
1240,45,9348.94
1240,46,9422.21
1240,47,9453.34
1240,48,9489.37
1240,49,9390.24
1240,50,9393.71
1240,51,9469.35
1240,52,9468.43
1240,53,9415.54
1240,54,9382.51
1240,55,9395.29
1240,56,9401.23
1240,57,9370.83
1240,58,9312.95
1240,59,9483.65
1240,60,9415.3
1240,61,9348.81
1240,62,9374.48
1240,63,9475.7
1240,64,9454.31
1240,65,9310.3
1240,66,9376.96
1240,67,9342.64
1240,68,9349.01
1240,69,9447.61
1240,70,9407.83
1240,71,9431
1240,72,9450.45
1240,73,9427.83
1240,74,9478.42
1240,75,9497.76
1240,76,9352.98
1240,77,9435.92
1240,78,9381.62
1240,79,9466.05
1240,80,9438.96
1240,81,9381.99
1240,82,9347.16
1240,83,9329.54
1240,84,9352.07
1240,85,9355.62
1240,86,9417.68
1240,87,9432.02
1240,88,9439.56
1240,89,9333.63
1240,90,9302.77
1240,91,9374
1240,92,9334.6
1240,93,9414.93
1240,94,9369.5
1240,95,9398.36
1240,96,9372.65
1240,97,9442.94
1240,98,9396.97
1240,99,9423.39
1250,0,9486.17
1250,1,9439.1
1250,2,9490.35
1250,3,9415.7
1250,4,9356.7
1250,5,9442.5
1250,6,9415.82
1250,7,9411.23
1250,8,9357.86
1250,9,9392.67
1250,10,9379.13
1250,11,9425.54
1250,12,9441.86
1250,13,9404.79
1250,14,9348.99
1250,15,9452.43
1250,16,9359.71
1250,17,9493.16
1250,18,9459.52
1250,19,9460.55
1250,20,9405.01
1250,21,9394.81
1250,22,9462.73
1250,23,9376.51
1250,24,9438.82
1250,25,9405.39
1250,26,9409.95
1250,27,9317.99
1250,28,9342.65
1250,29,9403.64
1250,30,9425.99
1250,31,9455.91
1250,32,9403.52
1250,33,9402.65
1250,34,9363.79
1250,35,9349.19
1250,36,9451.86
1250,37,9383.54
1250,38,9462.5
1250,39,9431.72
1250,40,9464.9
1250,41,9333.19
1250,42,9434.43
1250,43,9400.79
1250,44,9430.75
1250,45,9348.64
1250,46,9421.91
1250,47,9453.04
1250,48,9489.07
1250,49,9389.94
1250,50,9393.41
1250,51,9469.05
1250,52,9468.13
1250,53,9415.24
1250,54,9382.21
1250,55,9394.99
1250,56,9400.93
1250,57,9370.53
1250,58,9312.65
1250,59,9483.35
1250,60,9415
1250,61,9348.51
1250,62,9374.18
1250,63,9475.4
1250,64,9454.01
1250,65,9310
1250,66,9376.66
1250,67,9342.34
1250,68,9348.71
1250,69,9447.31
1250,70,9407.53
1250,71,9430.7
1250,72,9450.15
1250,73,9427.53
1250,74,9478.12
1250,75,9497.46
1250,76,9352.68
1250,77,9435.62
1250,78,9381.32
1250,79,9465.75
1250,80,9438.66
1250,81,9381.69
1250,82,9346.86
1250,83,9329.24
1250,84,9351.77
1250,85,9355.32
1250,86,9417.38
1250,87,9431.72
1250,88,9439.26
1250,89,9333.33
1250,90,9302.47
1250,91,9373.7
1250,92,9334.3
1250,93,9414.63
1250,94,9369.2
1250,95,9398.06
1250,96,9372.35
1250,97,9442.64
1250,98,9396.67
1250,99,9423.09
1260,0,9473.07
1260,1,9423.18
1260,2,9477.13
1260,3,9399.95
1260,4,9339.37
1260,5,9430.74
1260,6,9395.65
1260,7,9393.42
1260,8,9340.13
1260,9,9375.54
1260,10,9362.94
1260,11,9407.67
1260,12,9428.52
1260,13,9389
1260,14,9330.5
1260,15,9439.2
1260,16,9343.12
1260,17,9479.74
1260,18,9442.6
1260,19,9444.44
1260,20,9387.62
1260,21,9376.74
1260,22,9447.66
1260,23,9361.75
1260,24,9425.2
1260,25,9388.34
1260,26,9393.82
1260,27,9296.21
1260,28,9321.96
1260,29,9386.45
1260,30,9411.08
1260,31,9439.91
1260,32,9383.81
1260,33,9386.23
1260,34,9345.05
1260,35,9330.16
1260,36,9438.6
1260,37,9364.79
1260,38,9447.18
1260,39,9415.81
1260,40,9451.62
1260,41,9318.06
1260,42,9415.93
1260,43,9380.76
1260,44,9415.39
1260,45,9330.97
1260,46,9405.12
1260,47,9438.33
1260,48,9477.21
1260,49,9371.43
1260,50,9379.19
1260,51,9454.35
1260,52,9453.13
1260,53,9399.93
1260,54,9365.95
1260,55,9378.95
1260,56,9384.62
1260,57,9355.17
1260,58,9294.26
1260,59,9466.96
1260,60,9399.81
1260,61,9326.22
1260,62,9360.11
1260,63,9458.41
1260,64,9438.19
1260,65,9288.96
1260,66,9357.17
1260,67,9324.19
1260,68,9331.63
1260,69,9430.48
1260,70,9390.65
1260,71,9415.83
1260,72,9435.66
1260,73,9410.59
1260,74,9463.6
1260,75,9482.25
1260,76,9335.07
1260,77,9420.33
1260,78,9365.22
1260,79,9447.12
1260,80,9422.95
1260,81,9364.67
1260,82,9328.47
1260,83,9313.91
1260,84,9334.93
1260,85,9339.3
1260,86,9397.26
1260,87,9413.93
1260,88,9420.54
1260,89,9309.91
1260,90,9284.57
1260,91,9354.62
1260,92,9316.16
1260,93,9394.71
1260,94,9351.95
1260,95,9380.67
1260,96,9351.97
1260,97,9429.24
1260,98,9381.73
1260,99,9407.95
1270,0,9472.77
1270,1,9422.88
1270,2,9476.83
1270,3,9399.65
1270,4,9339.07
1270,5,9430.44
1270,6,9395.37
1270,7,9393.12
1270,8,9339.83
1270,9,9375.24
1270,10,9362.64
1270,11,9407.37
1270,12,9428.22
1270,13,9388.7
1270,14,9330.2
1270,15,9438.9
1270,16,9342.82
1270,17,9479.44
1270,18,9442.3
1270,19,9444.14
1270,20,9387.32
1270,21,9376.44
1270,22,9447.36
1270,23,9361.45
1270,24,9424.9
1270,25,9388.04
1270,26,9393.52
1270,27,9295.95
1270,28,9321.67
1270,29,9386.15
1270,30,9410.78
1270,31,9439.61
1270,32,9383.52
1270,33,9385.93
1270,34,9344.75
1270,35,9329.87
1270,36,9438.3
1270,37,9364.5
1270,38,9446.88
1270,39,9415.51
1270,40,9451.32
1270,41,9317.76
1270,42,9415.63
1270,43,9380.47
1270,44,9415.09
1270,45,9330.67
1270,46,9404.82
1270,47,9438.03
1270,48,9476.91
1270,49,9371.13
1270,50,9378.89
1270,51,9454.05
1270,52,9452.83
1270,53,9399.63
1270,54,9365.65
1270,55,9378.65
1270,56,9384.32
1270,57,9354.87
1270,58,9293.97
1270,59,9466.66
1270,60,9399.51
1270,61,9325.95
1270,62,9359.81
1270,63,9458.11
1270,64,9437.89
1270,65,9288.68
1270,66,9356.87
1270,67,9323.89
1270,68,9331.33
1270,69,9430.18
1270,70,9390.35
1270,71,9415.53
1270,72,9435.36
1270,73,9410.29
1270,74,9463.3
1270,75,9481.95
1270,76,9334.78
1270,77,9420.03
1270,78,9364.92
1270,79,9446.82
1270,80,9422.65
1270,81,9364.37
1270,82,9328.17
1270,83,9313.61
1270,84,9334.63
1270,85,9339
1270,86,9396.97
1270,87,9413.63
1270,88,9420.24
1270,89,9309.61
1270,90,9284.27
1270,91,9354.32
1270,92,9315.86
1270,93,9394.41
1270,94,9351.65
1270,95,9380.37
1270,96,9351.69
1270,97,9428.94
1270,98,9381.43
1270,99,9407.65
1280,0,9472.47
1280,1,9422.58
1280,2,9476.53
1280,3,9399.35
1280,4,9338.77
1280,5,9430.14
1280,6,9395.07
1280,7,9392.82
1280,8,9339.53
1280,9,9374.94
1280,10,9362.34
1280,11,9407.07
1280,12,9427.92
1280,13,9388.4
1280,14,9329.9
1280,15,9438.6
1280,16,9342.52
1280,17,9479.14
1280,18,9442
1280,19,9443.84
1280,20,9387.02
1280,21,9376.14
1280,22,9447.06
1280,23,9361.15
1280,24,9424.6
1280,25,9387.74
1280,26,9393.22
1280,27,9295.65
1280,28,9321.37
1280,29,9385.85
1280,30,9410.48
1280,31,9439.31
1280,32,9383.22
1280,33,9385.63
1280,34,9344.45
1280,35,9329.57
1280,36,9438
1280,37,9364.2
1280,38,9446.58
1280,39,9415.21
1280,40,9451.02
1280,41,9317.46
1280,42,9415.33
1280,43,9380.17
1280,44,9414.79
1280,45,9330.37
1280,46,9404.52
1280,47,9437.73
1280,48,9476.61
1280,49,9370.83
1280,50,9378.59
1280,51,9453.75
1280,52,9452.53
1280,53,9399.33
1280,54,9365.35
1280,55,9378.35
1280,56,9384.02
1280,57,9354.57
1280,58,9293.67
1280,59,9466.36
1280,60,9399.21
1280,61,9325.65
1280,62,9359.51
1280,63,9457.81
1280,64,9437.59
1280,65,9288.38
1280,66,9356.57
1280,67,9323.59
1280,68,9331.03
1280,69,9429.88
1280,70,9390.05
1280,71,9415.23
1280,72,9435.06
1280,73,9409.99
1280,74,9463
1280,75,9481.65
1280,76,9334.48
1280,77,9419.73
1280,78,9364.62
1280,79,9446.52
1280,80,9422.35
1280,81,9364.07
1280,82,9327.87
1280,83,9313.31
1280,84,9334.33
1280,85,9338.7
1280,86,9396.67
1280,87,9413.33
1280,88,9419.94
1280,89,9309.31
1280,90,9283.97
1280,91,9354.02
1280,92,9315.56
1280,93,9394.11
1280,94,9351.35
1280,95,9380.07
1280,96,9351.39
1280,97,9428.64
1280,98,9381.13
1280,99,9407.35
1290,0,9456.79
1290,1,9404.29
1290,2,9457.96
1290,3,9384.79
1290,4,9316.39
1290,5,9413.4
1290,6,9376.51
1290,7,9377.53
1290,8,9318.52
1290,9,9354.47
1290,10,9340.89
1290,11,9388.39
1290,12,9410.46
1290,13,9367.02
1290,14,9307.48
1290,15,9420.94
1290,16,9321.97
1290,17,9464.37
1290,18,9424.45
1290,19,9423.22
1290,20,9365.93
1290,21,9354.93
1290,22,9427.4
1290,23,9342.74
1290,24,9409.31
1290,25,9367.95
1290,26,9375.23
1290,27,9274.47
1290,28,9302.88
1290,29,9365.4
1290,30,9390.74
1290,31,9418.68
1290,32,9366.81
1290,33,9365.22
1290,34,9326.95
1290,35,9309.87
1290,36,9422.9
1290,37,9344.93
1290,38,9429.78
1290,39,9396.5
1290,40,9434.27
1290,41,9302.44
1290,42,9399.81
1290,43,9357.96
1290,44,9394.46
1290,45,9307.71
1290,46,9383.9
1290,47,9420.27
1290,48,9461.04
1290,49,9350.09
1290,50,9360.15
1290,51,9433.37
1290,52,9437.66
1290,53,9382.17
1290,54,9346.49
1290,55,9358.26
1290,56,9365.17
1290,57,9335.76
1290,58,9271.41
1290,59,9447.16
1290,60,9380
1290,61,9306.23
1290,62,9339.35
1290,63,9441.87
1290,64,9418.6
1290,65,9263.95
1290,66,9339.01
1290,67,9302.08
1290,68,9308.58
1290,69,9414.85
1290,70,9371.65
1290,71,9395
1290,72,9419.96
1290,73,9391.99
1290,74,9445.38
1290,75,9468.18
1290,76,9315.64
1290,77,9399.78
1290,78,9346.28
1290,79,9424.38
1290,80,9403.84
1290,81,9345.81
1290,82,9310.83
1290,83,9294.03
1290,84,9315.51
1290,85,9320.17
1290,86,9379.2
1290,87,9391
1290,88,9402.91
1290,89,9284.37
1290,90,9263.53
1290,91,9332.07
1290,92,9296.22
1290,93,9374.87
1290,94,9333.94
1290,95,9360.34
1290,96,9332.28
1290,97,9410.09
1290,98,9361.15
1290,99,9385.09
1300,0,9456.52
1300,1,9404.02
1300,2,9457.71
1300,3,9384.51
1300,4,9316.15
1300,5,9413.14
1300,6,9376.25
1300,7,9377.25
1300,8,9318.29
1300,9,9354.22
1300,10,9340.64
1300,11,9388.11
1300,12,9410.18
1300,13,9366.78
1300,14,9307.25
1300,15,9420.68
1300,16,9321.71
1300,17,9464.08
1300,18,9424.17
1300,19,9422.96
1300,20,9365.65
1300,21,9354.69
1300,22,9427.14
1300,23,9342.48
1300,24,9409.02
1300,25,9367.68
1300,26,9374.97
1300,27,9274.23
1300,28,9302.61
1300,29,9365.15
1300,30,9390.49
1300,31,9418.42
1300,32,9366.53
1300,33,9364.94
1300,34,9326.67
1300,35,9309.61
1300,36,9422.61
1300,37,9344.65
1300,38,9429.49
1300,39,9396.23
1300,40,9434.01
1300,41,9302.17
1300,42,9399.53
1300,43,9357.71
1300,44,9394.21
1300,45,9307.47
1300,46,9383.66
1300,47,9419.99
1300,48,9460.77
1300,49,9349.83
1300,50,9359.89
1300,51,9433.12
1300,52,9437.37
1300,53,9381.91
1300,54,9346.22
1300,55,9357.99
1300,56,9364.92
1300,57,9335.48
1300,58,9271.15
1300,59,9446.92
1300,60,9379.74
1300,61,9305.99
1300,62,9339.08
1300,63,9441.57
1300,64,9418.32
1300,65,9263.73
1300,66,9338.72
1300,67,9301.83
1300,68,9308.34
1300,69,9414.56
1300,70,9371.39
1300,71,9394.73
1300,72,9419.67
1300,73,9391.71
1300,74,9445.11
1300,75,9467.88
1300,76,9315.38
1300,77,9399.52
1300,78,9346.02
1300,79,9424.14
1300,80,9403.59
1300,81,9345.54
1300,82,9310.55
1300,83,9293.76
1300,84,9315.26
1300,85,9319.9
1300,86,9378.93
1300,87,9390.76
1300,88,9402.63
1300,89,9284.11
1300,90,9263.28
1300,91,9331.82
1300,92,9295.97
1300,93,9374.59
1300,94,9333.66
1300,95,9360.07
1300,96,9332
1300,97,9409.83
1300,98,9360.9
1300,99,9384.85
1310,0,9456.22
1310,1,9403.72
1310,2,9457.41
1310,3,9384.21
1310,4,9315.85
1310,5,9412.84
1310,6,9375.95
1310,7,9376.95
1310,8,9317.99
1310,9,9353.92
1310,10,9340.34
1310,11,9387.81
1310,12,9409.88
1310,13,9366.48
1310,14,9306.95
1310,15,9420.38
1310,16,9321.41
1310,17,9463.78
1310,18,9423.87
1310,19,9422.66
1310,20,9365.35
1310,21,9354.39
1310,22,9426.84
1310,23,9342.18
1310,24,9408.72
1310,25,9367.38
1310,26,9374.67
1310,27,9273.93
1310,28,9302.31
1310,29,9364.85
1310,30,9390.19
1310,31,9418.12
1310,32,9366.23
1310,33,9364.64
1310,34,9326.37
1310,35,9309.31
1310,36,9422.31
1310,37,9344.35
1310,38,9429.19
1310,39,9395.93
1310,40,9433.71
1310,41,9301.87
1310,42,9399.23
1310,43,9357.41
1310,44,9393.91
1310,45,9307.17
1310,46,9383.36
1310,47,9419.69
1310,48,9460.47
1310,49,9349.53
1310,50,9359.59
1310,51,9432.82
1310,52,9437.07
1310,53,9381.61
1310,54,9345.92
1310,55,9357.69
1310,56,9364.62
1310,57,9335.18
1310,58,9270.85
1310,59,9446.62
1310,60,9379.44
1310,61,9305.69
1310,62,9338.78
1310,63,9441.27
1310,64,9418.02
1310,65,9263.43
1310,66,9338.42
1310,67,9301.53
1310,68,9308.04
1310,69,9414.26
1310,70,9371.09
1310,71,9394.43
1310,72,9419.37
1310,73,9391.41
1310,74,9444.81
1310,75,9467.58
1310,76,9315.08
1310,77,9399.22
1310,78,9345.72
1310,79,9423.84
1310,80,9403.29
1310,81,9345.24
1310,82,9310.25
1310,83,9293.46
1310,84,9314.96
1310,85,9319.6
1310,86,9378.63
1310,87,9390.46
1310,88,9402.33
1310,89,9283.81
1310,90,9262.98
1310,91,9331.52
1310,92,9295.67
1310,93,9374.29
1310,94,9333.36
1310,95,9359.77
1310,96,9331.7
1310,97,9409.53
1310,98,9360.6
1310,99,9384.55
1320,0,9445.49
1320,1,9389.68
1320,2,9446.02
1320,3,9372.28
1320,4,9301.76
1320,5,9400.37
1320,6,9362.68
1320,7,9363.34
1320,8,9298.67
1320,9,9339.3
1320,10,9324.54
1320,11,9372.88
1320,12,9395.73
1320,13,9351.41
1320,14,9286.88
1320,15,9410.44
1320,16,9307.44
1320,17,9451.71
1320,18,9408.88
1320,19,9410.58
1320,20,9348.64
1320,21,9339.57
1320,22,9411.79
1320,23,9330.13
1320,24,9397.67
1320,25,9351.79
1320,26,9363.32
1320,27,9256.11
1320,28,9286.09
1320,29,9353.01
1320,30,9377.26
1320,31,9406.35
1320,32,9352.45
1320,33,9349
1320,34,9310.76
1320,35,9294.16
1320,36,9412.05
1320,37,9329.92
1320,38,9417.13
1320,39,9381.81
1320,40,9419.94
1320,41,9289.48
1320,42,9383.79
1320,43,9341.99
1320,44,9378.54
1320,45,9289.74
1320,46,9367.93
1320,47,9405.41
1320,48,9450.59
1320,49,9335.12
1320,50,9346.18
1320,51,9418.91
1320,52,9424.04
1320,53,9369.34
1320,54,9329.86
1320,55,9343.57
1320,56,9352.03
1320,57,9319.78
1320,58,9255.98
1320,59,9434.39
1320,60,9365.49
1320,61,9287.44
1320,62,9326.48
1320,63,9429.86
1320,64,9404.26
1320,65,9245.62
1320,66,9323.41
1320,67,9281.08
1320,68,9289.69
1320,69,9399.28
1320,70,9356.04
1320,71,9379.45
1320,72,9405.06
1320,73,9376.68
1320,74,9431.89
1320,75,9455.92
1320,76,9299.53
1320,77,9385.31
1320,78,9333.09
1320,79,9411.47
1320,80,9391.28
1320,81,9328.1
1320,82,9295.03
1320,83,9276.22
1320,84,9295.93
1320,85,9302.78
1320,86,9365.02
1320,87,9374.97
1320,88,9389.44
1320,89,9268.93
1320,90,9247.61
1320,91,9315.87
1320,92,9280.41
1320,93,9357.36
1320,94,9319.71
1320,95,9346.49
1320,96,9313.91
1320,97,9398.48
1320,98,9347.56
1320,99,9371.65
1330,0,9445.19
1330,1,9389.38
1330,2,9445.72
1330,3,9371.98
1330,4,9301.46
1330,5,9400.07
1330,6,9362.38
1330,7,9363.04
1330,8,9298.41
1330,9,9339
1330,10,9324.24
1330,11,9372.58
1330,12,9395.43
1330,13,9351.11
1330,14,9286.62
1330,15,9410.14
1330,16,9307.14
1330,17,9451.41
1330,18,9408.58
1330,19,9410.28
1330,20,9348.34
1330,21,9339.27
1330,22,9411.49
1330,23,9329.83
1330,24,9397.37
1330,25,9351.49
1330,26,9363.02
1330,27,9255.84
1330,28,9285.79
1330,29,9352.71
1330,30,9376.96
1330,31,9406.05
1330,32,9352.15
1330,33,9348.7
1330,34,9310.46
1330,35,9293.86
1330,36,9411.75
1330,37,9329.62
1330,38,9416.83
1330,39,9381.51
1330,40,9419.64
1330,41,9289.18
1330,42,9383.49
1330,43,9341.69
1330,44,9378.24
1330,45,9289.45
1330,46,9367.63
1330,47,9405.11
1330,48,9450.29
1330,49,9334.82
1330,50,9345.88
1330,51,9418.61
1330,52,9423.74
1330,53,9369.04
1330,54,9329.58
1330,55,9343.27
1330,56,9351.73
1330,57,9319.48
1330,58,9255.68
1330,59,9434.09
1330,60,9365.19
1330,61,9287.17
1330,62,9326.18
1330,63,9429.56
1330,64,9403.96
1330,65,9245.34
1330,66,9323.11
1330,67,9280.83
1330,68,9289.41
1330,69,9398.98
1330,70,9355.74
1330,71,9379.15
1330,72,9404.76
1330,73,9376.38
1330,74,9431.59
1330,75,9455.62
1330,76,9299.23
1330,77,9385.01
1330,78,9332.79
1330,79,9411.17
1330,80,9390.98
1330,81,9327.82
1330,82,9294.73
1330,83,9275.92
1330,84,9295.66
1330,85,9302.48
1330,86,9364.72
1330,87,9374.67
1330,88,9389.14
1330,89,9268.63
1330,90,9247.31
1330,91,9315.57
1330,92,9280.11
1330,93,9357.07
1330,94,9319.41
1330,95,9346.19
1330,96,9313.62
1330,97,9398.18
1330,98,9347.26
1330,99,9371.35
1340,0,9444.89
1340,1,9389.08
1340,2,9445.42
1340,3,9371.68
1340,4,9301.16
1340,5,9399.77
1340,6,9362.08
1340,7,9362.74
1340,8,9298.11
1340,9,9338.7
1340,10,9323.94
1340,11,9372.28
1340,12,9395.13
1340,13,9350.81
1340,14,9286.32
1340,15,9409.84
1340,16,9306.84
1340,17,9451.11
1340,18,9408.28
1340,19,9409.98
1340,20,9348.04
1340,21,9338.97
1340,22,9411.19
1340,23,9329.53
1340,24,9397.07
1340,25,9351.19
1340,26,9362.72
1340,27,9255.54
1340,28,9285.49
1340,29,9352.41
1340,30,9376.66
1340,31,9405.75
1340,32,9351.85
1340,33,9348.4
1340,34,9310.16
1340,35,9293.56
1340,36,9411.45
1340,37,9329.32
1340,38,9416.53
1340,39,9381.21
1340,40,9419.34
1340,41,9288.88
1340,42,9383.19
1340,43,9341.39
1340,44,9377.94
1340,45,9289.15
1340,46,9367.33
1340,47,9404.81
1340,48,9449.99
1340,49,9334.52
1340,50,9345.58
1340,51,9418.31
1340,52,9423.44
1340,53,9368.74
1340,54,9329.28
1340,55,9342.97
1340,56,9351.43
1340,57,9319.18
1340,58,9255.38
1340,59,9433.79
1340,60,9364.89
1340,61,9286.87
1340,62,9325.88
1340,63,9429.26
1340,64,9403.66
1340,65,9245.04
1340,66,9322.81
1340,67,9280.53
1340,68,9289.11
1340,69,9398.68
1340,70,9355.44
1340,71,9378.85
1340,72,9404.46
1340,73,9376.08
1340,74,9431.29
1340,75,9455.32
1340,76,9298.93
1340,77,9384.71
1340,78,9332.49
1340,79,9410.87
1340,80,9390.68
1340,81,9327.52
1340,82,9294.43
1340,83,9275.62
1340,84,9295.36
1340,85,9302.18
1340,86,9364.42
1340,87,9374.37
1340,88,9388.84
1340,89,9268.33
1340,90,9247.01
1340,91,9315.27
1340,92,9279.81
1340,93,9356.77
1340,94,9319.11
1340,95,9345.89
1340,96,9313.32
1340,97,9397.88
1340,98,9346.96
1340,99,9371.05
1350,0,9435.02
1350,1,9378.71
1350,2,9433.98
1350,3,9360.14
1350,4,9286.34
1350,5,9388.34
1350,6,9349.28
1350,7,9349.51
1350,8,9279.96
1350,9,9324.46
1350,10,9307.33
1350,11,9360.88
1350,12,9383.49
1350,13,9335.56
1350,14,9267.44
1350,15,9400.41
1350,16,9293.35
1350,17,9440.41
1350,18,9395.79
1350,19,9395.98
1350,20,9332.43
1350,21,9323.27
1350,22,9396.01
1350,23,9317.33
1350,24,9386.52
1350,25,9337.22
1350,26,9350.14
1350,27,9239.73
1350,28,9270.4
1350,29,9340.61
1350,30,9363.56
1350,31,9391.57
1350,32,9337.64
1350,33,9335.15
1350,34,9296.72
1350,35,9278.51
1350,36,9399.44
1350,37,9315.83
1350,38,9403.83
1350,39,9367.84
1350,40,9407.41
1350,41,9278.29
1350,42,9370.21
1350,43,9328.27
1350,44,9361.62
1350,45,9271.28
1350,46,9351.35
1350,47,9394.7
1350,48,9439.92
1350,49,9318.77
1350,50,9332.03
1350,51,9404.26
1350,52,9410.87
1350,53,9356.51
1350,54,9312.44
1350,55,9329.2
1350,56,9336.8
1350,57,9307.09
1350,58,9240.44
1350,59,9420.53
1350,60,9352.11
1350,61,9269.73
1350,62,9312.99
1350,63,9416.97
1350,64,9391.91
1350,65,9227.33
1350,66,9308.39
1350,67,9263.91
1350,68,9275.22
1350,69,9387.01
1350,70,9341.04
1350,71,9367.98
1350,72,9391.66
1350,73,9363.91
1350,74,9416.98
1350,75,9443.26
1350,76,9286.39
1350,77,9372.4
1350,78,9320.31
1350,79,9397.52
1350,80,9378.04
1350,81,9311.07
1350,82,9281.96
1350,83,9264.24
1350,84,9281.97
1350,85,9285.67
1350,86,9348.44
1350,87,9359.76
1350,88,9376.98
1350,89,9255
1350,90,9230.6
1350,91,9301.71
1350,92,9262.19
1350,93,9340.33
1350,94,9302.84
1350,95,9334.53
1350,96,9297.94
1350,97,9383.59
1350,98,9333.86
1350,99,9355.5
1360,0,9434.72
1360,1,9378.41
1360,2,9433.68
1360,3,9359.84
1360,4,9286.05
1360,5,9388.04
1360,6,9348.98
1360,7,9349.21
1360,8,9279.71
1360,9,9324.16
1360,10,9307.05
1360,11,9360.58
1360,12,9383.19
1360,13,9335.27
1360,14,9267.19
1360,15,9400.11
1360,16,9293.05
1360,17,9440.11
1360,18,9395.49
1360,19,9395.68
1360,20,9332.13
1360,21,9322.97
1360,22,9395.71
1360,23,9317.03
1360,24,9386.22
1360,25,9336.92
1360,26,9349.84
1360,27,9239.47
1360,28,9270.12
1360,29,9340.31
1360,30,9363.26
1360,31,9391.27
1360,32,9337.35
1360,33,9334.85
1360,34,9296.42
1360,35,9278.22
1360,36,9399.14
1360,37,9315.53
1360,38,9403.53
1360,39,9367.54
1360,40,9407.11
1360,41,9277.99
1360,42,9369.91
1360,43,9327.97
1360,44,9361.34
1360,45,9271.01
1360,46,9351.09
1360,47,9394.4
1360,48,9439.62
1360,49,9318.48
1360,50,9331.73
1360,51,9403.96
1360,52,9410.57
1360,53,9356.21
1360,54,9312.16
1360,55,9328.9
1360,56,9336.5
1360,57,9306.79
1360,58,9240.14
1360,59,9420.24
1360,60,9351.81
1360,61,9269.46
1360,62,9312.69
1360,63,9416.67
1360,64,9391.61
1360,65,9227.06
1360,66,9308.09
1360,67,9263.64
1360,68,9274.92
1360,69,9386.71
1360,70,9340.76
1360,71,9367.68
1360,72,9391.36
1360,73,9363.61
1360,74,9416.69
1360,75,9442.96
1360,76,9286.09
1360,77,9372.1
1360,78,9320.01
1360,79,9397.22
1360,80,9377.74
1360,81,9310.79
1360,82,9281.66
1360,83,9263.94
1360,84,9281.67
1360,85,9285.38
1360,86,9348.16
1360,87,9359.46
1360,88,9376.68
1360,89,9254.7
1360,90,9230.32
1360,91,9301.41
1360,92,9261.92
1360,93,9340.04
1360,94,9302.56
1360,95,9334.23
1360,96,9297.65
1360,97,9383.29
1360,98,9333.56
1360,99,9355.22
1370,0,9434.42
1370,1,9378.11
1370,2,9433.38
1370,3,9359.54
1370,4,9285.75
1370,5,9387.74
1370,6,9348.68
1370,7,9348.91
1370,8,9279.41
1370,9,9323.86
1370,10,9306.75
1370,11,9360.28
1370,12,9382.89
1370,13,9334.97
1370,14,9266.89
1370,15,9399.81
1370,16,9292.75
1370,17,9439.81
1370,18,9395.19
1370,19,9395.38
1370,20,9331.83
1370,21,9322.67
1370,22,9395.41
1370,23,9316.73
1370,24,9385.92
1370,25,9336.62
1370,26,9349.54
1370,27,9239.17
1370,28,9269.82
1370,29,9340.01
1370,30,9362.96
1370,31,9390.97
1370,32,9337.05
1370,33,9334.55
1370,34,9296.12
1370,35,9277.92
1370,36,9398.84
1370,37,9315.23
1370,38,9403.23
1370,39,9367.24
1370,40,9406.81
1370,41,9277.69
1370,42,9369.61
1370,43,9327.67
1370,44,9361.04
1370,45,9270.71
1370,46,9350.79
1370,47,9394.1
1370,48,9439.32
1370,49,9318.18
1370,50,9331.43
1370,51,9403.66
1370,52,9410.27
1370,53,9355.91
1370,54,9311.86
1370,55,9328.6
1370,56,9336.2
1370,57,9306.49
1370,58,9239.84
1370,59,9419.94
1370,60,9351.51
1370,61,9269.16
1370,62,9312.39
1370,63,9416.37
1370,64,9391.31
1370,65,9226.76
1370,66,9307.79
1370,67,9263.34
1370,68,9274.62
1370,69,9386.41
1370,70,9340.46
1370,71,9367.38
1370,72,9391.06
1370,73,9363.31
1370,74,9416.39
1370,75,9442.66
1370,76,9285.79
1370,77,9371.8
1370,78,9319.71
1370,79,9396.92
1370,80,9377.44
1370,81,9310.49
1370,82,9281.36
1370,83,9263.64
1370,84,9281.37
1370,85,9285.08
1370,86,9347.86
1370,87,9359.16
1370,88,9376.38
1370,89,9254.4
1370,90,9230.02
1370,91,9301.11
1370,92,9261.62
1370,93,9339.74
1370,94,9302.26
1370,95,9333.93
1370,96,9297.35
1370,97,9382.99
1370,98,9333.26
1370,99,9354.92
1380,0,9423.51
1380,1,9365.52
1380,2,9418.3
1380,3,9349.33
1380,4,9269.32
1380,5,9375.33
1380,6,9334.51
1380,7,9336.1
1380,8,9265.82
1380,9,9310.32
1380,10,9289.67
1380,11,9347.61
1380,12,9369.68
1380,13,9322.12
1380,14,9252.7
1380,15,9388.98
1380,16,9278.87
1380,17,9428.87
1380,18,9381.93
1380,19,9383.02
1380,20,9317.53
1380,21,9307.14
1380,22,9380.06
1380,23,9304.82
1380,24,9375.17
1380,25,9320.29
1380,26,9335.22
1380,27,9226.47
1380,28,9254.32
1380,29,9326.03
1380,30,9349.41
1380,31,9378.52
1380,32,9324.1
1380,33,9316.58
1380,34,9283.14
1380,35,9262.47
1380,36,9388.27
1380,37,9303.26
1380,38,9391.49
1380,39,9354.86
1380,40,9395.45
1380,41,9266.35
1380,42,9357.91
1380,43,9314.34
1380,44,9344.35
1380,45,9253.64
1380,46,9334.81
1380,47,9381.55
1380,48,9430.39
1380,49,9301.96
1380,50,9317.72
1380,51,9389.13
1380,52,9398.5
1380,53,9344.36
1380,54,9296.96
1380,55,9315.3
1380,56,9321.78
1380,57,9292.11
1380,58,9224.49
1380,59,9407.77
1380,60,9338.52
1380,61,9256.44
1380,62,9299.33
1380,63,9404.81
1380,64,9378.01
1380,65,9208.57
1380,66,9294.63
1380,67,9245.68
1380,68,9260.57
1380,69,9372.65
1380,70,9326.59
1380,71,9355.69
1380,72,9378.36
1380,73,9351.19
1380,74,9402.82
1380,75,9430.7
1380,76,9271.54
1380,77,9358.89
1380,78,9307.91
1380,79,9383.37
1380,80,9365.95
1380,81,9295.43
1380,82,9268.31
1380,83,9250.79
1380,84,9267.93
1380,85,9270.34
1380,86,9335.22
1380,87,9343.31
1380,88,9363.18
1380,89,9240.73
1380,90,9214.08
1380,91,9287.63
1380,92,9245.52
1380,93,9324.55
1380,94,9288.85
1380,95,9320.18
1380,96,9283.05
1380,97,9370.99
1380,98,9320.49
1380,99,9341.41
1390,0,9423.21
1390,1,9365.22
1390,2,9418.03
1390,3,9349.03
1390,4,9269.07
1390,5,9375.03
1390,6,9334.23
1390,7,9335.81
1390,8,9265.54
1390,9,9310.03
1390,10,9289.41
1390,11,9347.32
1390,12,9369.39
1390,13,9321.82
1390,14,9252.42
1390,15,9388.68
1390,16,9278.59
1390,17,9428.57
1390,18,9381.64
1390,19,9382.73
1390,20,9317.24
1390,21,9306.86
1390,22,9379.78
1390,23,9304.52
1390,24,9374.87
1390,25,9320.04
1390,26,9334.93
1390,27,9226.18
1390,28,9254.06
1390,29,9325.74
1390,30,9349.11
1390,31,9378.23
1390,32,9323.8
1390,33,9316.33
1390,34,9282.84
1390,35,9262.19
1390,36,9387.97
1390,37,9302.96
1390,38,9391.19
1390,39,9354.56
1390,40,9395.15
1390,41,9266.05
1390,42,9357.61
1390,43,9314.04
1390,44,9344.1
1390,45,9253.38
1390,46,9334.56
1390,47,9381.26
1390,48,9430.09
1390,49,9301.68
1390,50,9317.42
1390,51,9388.84
1390,52,9398.2
1390,53,9344.06
1390,54,9296.68
1390,55,9315.01
1390,56,9321.48
1390,57,9291.82
1390,58,9224.21
1390,59,9407.47
1390,60,9338.22
1390,61,9256.14
1390,62,9299.04
1390,63,9404.51
1390,64,9377.71
1390,65,9208.31
1390,66,9294.33
1390,67,9245.45
1390,68,9260.27
1390,69,9372.35
1390,70,9326.29
1390,71,9355.39
1390,72,9378.07
1390,73,9350.89
1390,74,9402.53
1390,75,9430.4
1390,76,9271.27
1390,77,9358.6
1390,78,9307.61
1390,79,9383.07
1390,80,9365.65
1390,81,9295.14
1390,82,9268.02
1390,83,9250.49
1390,84,9267.65
1390,85,9270.07
1390,86,9334.92
1390,87,9343.03
1390,88,9362.88
1390,89,9240.43
1390,90,9213.8
1390,91,9287.33
1390,92,9245.24
1390,93,9324.28
1390,94,9288.55
1390,95,9319.89
1390,96,9282.75
1390,97,9370.69
1390,98,9320.19
1390,99,9341.12
1400,0,9422.91
1400,1,9364.92
1400,2,9417.73
1400,3,9348.73
1400,4,9268.77
1400,5,9374.73
1400,6,9333.93
1400,7,9335.51
1400,8,9265.24
1400,9,9309.73
1400,10,9289.11
1400,11,9347.02
1400,12,9369.09
1400,13,9321.52
1400,14,9252.12
1400,15,9388.38
1400,16,9278.29
1400,17,9428.27
1400,18,9381.34
1400,19,9382.43
1400,20,9316.94
1400,21,9306.56
1400,22,9379.48
1400,23,9304.22
1400,24,9374.57
1400,25,9319.74
1400,26,9334.63
1400,27,9225.88
1400,28,9253.76
1400,29,9325.44
1400,30,9348.81
1400,31,9377.93
1400,32,9323.5
1400,33,9316.03
1400,34,9282.54
1400,35,9261.89
1400,36,9387.67
1400,37,9302.66
1400,38,9390.89
1400,39,9354.26
1400,40,9394.85
1400,41,9265.75
1400,42,9357.31
1400,43,9313.74
1400,44,9343.8
1400,45,9253.08
1400,46,9334.26
1400,47,9380.96
1400,48,9429.79
1400,49,9301.38
1400,50,9317.12
1400,51,9388.54
1400,52,9397.9
1400,53,9343.76
1400,54,9296.38
1400,55,9314.71
1400,56,9321.18
1400,57,9291.52
1400,58,9223.91
1400,59,9407.17
1400,60,9337.92
1400,61,9255.84
1400,62,9298.74
1400,63,9404.21
1400,64,9377.41
1400,65,9208.01
1400,66,9294.03
1400,67,9245.15
1400,68,9259.97
1400,69,9372.05
1400,70,9325.99
1400,71,9355.09
1400,72,9377.77
1400,73,9350.59
1400,74,9402.23
1400,75,9430.1
1400,76,9270.97
1400,77,9358.3
1400,78,9307.31
1400,79,9382.77
1400,80,9365.35
1400,81,9294.84
1400,82,9267.72
1400,83,9250.19
1400,84,9267.35
1400,85,9269.77
1400,86,9334.62
1400,87,9342.73
1400,88,9362.58
1400,89,9240.13
1400,90,9213.5
1400,91,9287.03
1400,92,9244.94
1400,93,9323.98
1400,94,9288.25
1400,95,9319.59
1400,96,9282.45
1400,97,9370.39
1400,98,9319.89
1400,99,9340.82
1410,0,9414.09
1410,1,9353.47
1410,2,9403.19
1410,3,9337.84
1410,4,9252.15
1410,5,9363.6
1410,6,9321.01
1410,7,9324.18
1410,8,9248.38
1410,9,9296.92
1410,10,9272.43
1410,11,9335.53
1410,12,9357.45
1410,13,9307.31
1410,14,9234.91
1410,15,9378.21
1410,16,9262
1410,17,9418.32
1410,18,9368.09
1410,19,9368.77
1410,20,9301.69
1410,21,9290.11
1410,22,9364.36
1410,23,9292.34
1410,24,9364.84
1410,25,9305.03
1410,26,9321.36
1410,27,9209.8
1410,28,9237.66
1410,29,9311.25
1410,30,9333.59
1410,31,9364
1410,32,9309.75
1410,33,9299.98
1410,34,9269.09
1410,35,9245.27
1410,36,9378.07
1410,37,9288.8
1410,38,9380.08
1410,39,9342.08
1410,40,9383.14
1410,41,9251.92
1410,42,9345.25
1410,43,9299.86
1410,44,9326.53
1410,45,9236.4
1410,46,9318.74
1410,47,9369.85
1410,48,9419.92
1410,49,9284.48
1410,50,9303.59
1410,51,9373.67
1410,52,9386.93
1410,53,9330.69
1410,54,9281.03
1410,55,9301.35
1410,56,9308.09
1410,57,9278.59
1410,58,9207.6
1410,59,9394.4
1410,60,9326.16
1410,61,9239.72
1410,62,9285.38
1410,63,9392.93
1410,64,9365.19
1410,65,9189.29
1410,66,9280.95
1410,67,9228.39
1410,68,9244.14
1410,69,9360.45
1410,70,9311.68
1410,71,9343.36
1410,72,9366.45
1410,73,9336.85
1410,74,9388.75
1410,75,9419.64
1410,76,9256.7
1410,77,9346.47
1410,78,9294.88
1410,79,9367.99
1410,80,9353.18
1410,81,9279.45
1410,82,9254.44
1410,83,9237.49
1410,84,9250.28
1410,85,9253.65
1410,86,9320.45
1410,87,9328.51
1410,88,9351.08
1410,89,9223.54
1410,90,9197.7
1410,91,9272.07
1410,92,9229.59
1410,93,9308.94
1410,94,9273.57
1410,95,9307.11
1410,96,9267.81
1410,97,9359.69
1410,98,9305.61
1410,99,9326.63
1420,0,9413.79
1420,1,9353.17
1420,2,9402.91
1420,3,9337.54
1420,4,9251.9
1420,5,9363.3
1420,6,9320.73
1420,7,9323.89
1420,8,9248.14
1420,9,9296.62
1420,10,9272.16
1420,11,9335.23
1420,12,9357.15
1420,13,9307.04
1420,14,9234.67
1420,15,9377.91
1420,16,9261.74
1420,17,9418.02
1420,18,9367.79
1420,19,9368.48
1420,20,9301.39
1420,21,9289.84
1420,22,9364.07
1420,23,9292.04
1420,24,9364.54
1420,25,9304.77
1420,26,9321.06
1420,27,9209.55
1420,28,9237.39
1420,29,9310.96
1420,30,9333.31
1420,31,9363.71
1420,32,9309.46
1420,33,9299.72
1420,34,9268.79
1420,35,9245.02
1420,36,9377.77
1420,37,9288.52
1420,38,9379.78
1420,39,9341.78
1420,40,9382.84
1420,41,9251.62
1420,42,9344.95
1420,43,9299.57
1420,44,9326.26
1420,45,9236.13
1420,46,9318.48
1420,47,9369.55
1420,48,9419.62
1420,49,9284.23
1420,50,9303.29
1420,51,9373.39
1420,52,9386.63
1420,53,9330.39
1420,54,9280.76
1420,55,9301.05
1420,56,9307.79
1420,57,9278.29
1420,58,9207.34
1420,59,9394.11
1420,60,9325.86
1420,61,9239.46
1420,62,9285.08
1420,63,9392.63
1420,64,9364.89
1420,65,9189.05
1420,66,9280.66
1420,67,9228.14
1420,68,9243.88
1420,69,9360.15
1420,70,9311.4
1420,71,9343.06
1420,72,9366.15
1420,73,9336.56
1420,74,9388.48
1420,75,9419.34
1420,76,9256.43
1420,77,9346.17
1420,78,9294.58
1420,79,9367.7
1420,80,9352.89
1420,81,9279.18
1420,82,9254.14
1420,83,9237.19
1420,84,9250.04
1420,85,9253.37
1420,86,9320.17
1420,87,9328.23
1420,88,9350.78
1420,89,9223.25
1420,90,9197.45
1420,91,9271.79
1420,92,9229.33
1420,93,9308.66
1420,94,9273.3
1420,95,9306.81
1420,96,9267.53
1420,97,9359.39
1420,98,9305.32
1420,99,9326.36
1430,0,9413.49
1430,1,9352.87
1430,2,9402.61
1430,3,9337.24
1430,4,9251.6
1430,5,9363
1430,6,9320.43
1430,7,9323.59
1430,8,9247.84
1430,9,9296.32
1430,10,9271.86
1430,11,9334.93
1430,12,9356.85
1430,13,9306.74
1430,14,9234.37
1430,15,9377.61
1430,16,9261.44
1430,17,9417.72
1430,18,9367.49
1430,19,9368.18
1430,20,9301.09
1430,21,9289.54
1430,22,9363.77
1430,23,9291.74
1430,24,9364.24
1430,25,9304.47
1430,26,9320.76
1430,27,9209.25
1430,28,9237.09
1430,29,9310.66
1430,30,9333.01
1430,31,9363.41
1430,32,9309.16
1430,33,9299.42
1430,34,9268.49
1430,35,9244.72
1430,36,9377.47
1430,37,9288.22
1430,38,9379.48
1430,39,9341.48
1430,40,9382.54
1430,41,9251.32
1430,42,9344.65
1430,43,9299.27
1430,44,9325.96
1430,45,9235.83
1430,46,9318.18
1430,47,9369.25
1430,48,9419.32
1430,49,9283.93
1430,50,9302.99
1430,51,9373.09
1430,52,9386.33
1430,53,9330.09
1430,54,9280.46
1430,55,9300.75
1430,56,9307.49
1430,57,9277.99
1430,58,9207.04
1430,59,9393.81
1430,60,9325.56
1430,61,9239.16
1430,62,9284.78
1430,63,9392.33
1430,64,9364.59
1430,65,9188.75
1430,66,9280.36
1430,67,9227.84
1430,68,9243.58
1430,69,9359.85
1430,70,9311.1
1430,71,9342.76
1430,72,9365.85
1430,73,9336.26
1430,74,9388.18
1430,75,9419.04
1430,76,9256.13
1430,77,9345.87
1430,78,9294.28
1430,79,9367.4
1430,80,9352.59
1430,81,9278.88
1430,82,9253.84
1430,83,9236.89
1430,84,9249.74
1430,85,9253.07
1430,86,9319.87
1430,87,9327.93
1430,88,9350.48
1430,89,9222.95
1430,90,9197.15
1430,91,9271.49
1430,92,9229.03
1430,93,9308.36
1430,94,9273
1430,95,9306.51
1430,96,9267.23
1430,97,9359.09
1430,98,9305.02
1430,99,9326.06
1440,0,9403.43
1440,1,9341.82
1440,2,9389.29
1440,3,9326.92
1440,4,9238.96
1440,5,9352.27
1440,6,9309.32
1440,7,9312.72
1440,8,9233.39
1440,9,9284.52
1440,10,9258.54
1440,11,9323.55
1440,12,9347.25
1440,13,9295.79
1440,14,9219.96
1440,15,9367.43
1440,16,9249.46
1440,17,9408.76
1440,18,9354.69
1440,19,9354.18
1440,20,9286.91
1440,21,9276.7
1440,22,9349.85
1440,23,9281.29
1440,24,9354.96
1440,25,9289.2
1440,26,9309.04
1440,27,9196.62
1440,28,9223.88
1440,29,9298.62
1440,30,9318.62
1440,31,9352.36
1440,32,9297.42
1440,33,9285.14
1440,34,9254.57
1440,35,9228.33
1440,36,9368.21
1440,37,9274.56
1440,38,9369.32
1440,39,9331.17
1440,40,9371.17
1440,41,9238.78
1440,42,9335.04
1440,43,9285.49
1440,44,9312.74
1440,45,9223.38
1440,46,9306.02
1440,47,9357.53
1440,48,9408.13
1440,49,9271.61
1440,50,9289.23
1440,51,9361.67
1440,52,9376.19
1440,53,9317.24
1440,54,9269.4
1440,55,9287.05
1440,56,9291.42
1440,57,9265.78
1440,58,9190.63
1440,59,9381.16
1440,60,9314.13
1440,61,9225.27
1440,62,9273.77
1440,63,9382.93
1440,64,9352.88
1440,65,9175.28
1440,66,9268.06
1440,67,9213.82
1440,68,9228
1440,69,9348.23
1440,70,9298.53
1440,71,9332.43
1440,72,9354.6
1440,73,9322.78
1440,74,9374.71
1440,75,9409.11
1440,76,9241.98
1440,77,9335.49
1440,78,9281.62
1440,79,9354.9
1440,80,9342.27
1440,81,9264.96
1440,82,9240.48
1440,83,9227.2
1440,84,9233
1440,85,9237.08
1440,86,9308.59
1440,87,9314.74
1440,88,9340.9
1440,89,9207.4
1440,90,9180.96
1440,91,9256.43
1440,92,9216.8
1440,93,9294.67
1440,94,9260.82
1440,95,9295.99
1440,96,9254.99
1440,97,9346.46
1440,98,9290.71
1440,99,9314.36
1450,0,9403.14
1450,1,9341.53
1450,2,9389.03
1450,3,9326.62
1450,4,9238.68
1450,5,9351.97
1450,6,9309.03
1450,7,9312.43
1450,8,9233.13
1450,9,9284.23
1450,10,9258.26
1450,11,9323.26
1450,12,9346.95
1450,13,9295.5
1450,14,9219.7
1450,15,9367.13
1450,16,9249.16
1450,17,9408.46
1450,18,9354.41
1450,19,9353.91
1450,20,9286.63
1450,21,9276.41
1450,22,9349.58
1450,23,9280.99
1450,24,9354.66
1450,25,9288.95
1450,26,9308.76
1450,27,9196.34
1450,28,9223.59
1450,29,9298.34
1450,30,9318.36
1450,31,9352.06
1450,32,9297.12
1450,33,9284.9
1450,34,9254.29
1450,35,9228.09
1450,36,9367.91
1450,37,9274.29
1450,38,9369.02
1450,39,9330.87
1450,40,9370.88
1450,41,9238.48
1450,42,9334.74
1450,43,9285.22
1450,44,9312.45
1450,45,9223.09
1450,46,9305.74
1450,47,9357.25
1450,48,9407.83
1450,49,9271.33
1450,50,9288.94
1450,51,9361.37
1450,52,9375.89
1450,53,9316.96
1450,54,9269.11
1450,55,9286.77
1450,56,9291.13
1450,57,9265.48
1450,58,9190.39
1450,59,9380.89
1450,60,9313.83
1450,61,9225.01
1450,62,9273.47
1450,63,9382.63
1450,64,9352.58
1450,65,9175
1450,66,9267.77
1450,67,9213.57
1450,68,9227.77
1450,69,9347.94
1450,70,9298.25
1450,71,9332.13
1450,72,9354.32
1450,73,9322.51
1450,74,9374.45
1450,75,9408.81
1450,76,9241.72
1450,77,9335.19
1450,78,9281.32
1450,79,9354.6
1450,80,9341.97
1450,81,9264.7
1450,82,9240.2
1450,83,9226.9
1450,84,9232.77
1450,85,9236.81
1450,86,9308.3
1450,87,9314.45
1450,88,9340.6
1450,89,9207.13
1450,90,9180.72
1450,91,9256.16
1450,92,9216.52
1450,93,9294.39
1450,94,9260.53
1450,95,9295.69
1450,96,9254.7
1450,97,9346.16
1450,98,9290.45
1450,99,9314.08
1460,0,9402.84
1460,1,9341.23
1460,2,9388.73
1460,3,9326.32
1460,4,9238.38
1460,5,9351.67
1460,6,9308.73
1460,7,9312.13
1460,8,9232.83
1460,9,9283.93
1460,10,9257.96
1460,11,9322.96
1460,12,9346.65
1460,13,9295.2
1460,14,9219.4
1460,15,9366.83
1460,16,9248.86
1460,17,9408.16
1460,18,9354.11
1460,19,9353.61
1460,20,9286.33
1460,21,9276.11
1460,22,9349.28
1460,23,9280.69
1460,24,9354.36
1460,25,9288.65
1460,26,9308.46
1460,27,9196.04
1460,28,9223.29
1460,29,9298.04
1460,30,9318.06
1460,31,9351.76
1460,32,9296.82
1460,33,9284.6
1460,34,9253.99
1460,35,9227.79
1460,36,9367.61
1460,37,9273.99
1460,38,9368.72
1460,39,9330.57
1460,40,9370.58
1460,41,9238.18
1460,42,9334.44
1460,43,9284.92
1460,44,9312.15
1460,45,9222.79
1460,46,9305.44
1460,47,9356.95
1460,48,9407.53
1460,49,9271.03
1460,50,9288.64
1460,51,9361.07
1460,52,9375.59
1460,53,9316.66
1460,54,9268.81
1460,55,9286.47
1460,56,9290.83
1460,57,9265.18
1460,58,9190.09
1460,59,9380.59
1460,60,9313.53
1460,61,9224.71
1460,62,9273.17
1460,63,9382.33
1460,64,9352.28
1460,65,9174.7
1460,66,9267.47
1460,67,9213.27
1460,68,9227.47
1460,69,9347.64
1460,70,9297.95
1460,71,9331.83
1460,72,9354.02
1460,73,9322.21
1460,74,9374.15
1460,75,9408.51
1460,76,9241.42
1460,77,9334.89
1460,78,9281.02
1460,79,9354.3
1460,80,9341.67
1460,81,9264.4
1460,82,9239.9
1460,83,9226.6
1460,84,9232.47
1460,85,9236.51
1460,86,9308
1460,87,9314.15
1460,88,9340.3
1460,89,9206.83
1460,90,9180.42
1460,91,9255.86
1460,92,9216.22
1460,93,9294.09
1460,94,9260.23
1460,95,9295.39
1460,96,9254.4
1460,97,9345.86
1460,98,9290.15
1460,99,9313.78
1470,0,9393.97
1470,1,9332.84
1470,2,9379.36
1470,3,9317.77
1470,4,9224.12
1470,5,9342.23
1470,6,9297.97
1470,7,9302.47
1470,8,9217.66
1470,9,9273.8
1470,10,9244.35
1470,11,9313.86
1470,12,9337.11
1470,13,9283.86
1470,14,9204.25
1470,15,9358.44
1470,16,9236.09
1470,17,9398.93
1470,18,9343.1
1470,19,9342.99
1470,20,9273.95
1470,21,9263.21
1470,22,9338.04
1470,23,9270.39
1470,24,9344.62
1470,25,9276.37
1470,26,9300.27
1470,27,9182.21
1470,28,9210.64
1470,29,9287.3
1470,30,9307.27
1470,31,9341.5
1470,32,9285.33
1470,33,9270.93
1470,34,9239.92
1470,35,9216.35
1470,36,9358.25
1470,37,9262.66
1470,38,9359.32
1470,39,9319.39
1470,40,9361.78
1470,41,9227.37
1470,42,9325.03
1470,43,9272.6
1470,44,9298.16
1470,45,9210.98
1470,46,9292.98
1470,47,9348.44
1470,48,9396.42
1470,49,9259.43
1470,50,9278.52
1470,51,9348.52
1470,52,9367.26
1470,53,9306.81
1470,54,9257.79
1470,55,9276.08
1470,56,9280.6
1470,57,9252.57
1470,58,9179.27
1470,59,9369.95
1470,60,9302.51
1470,61,9210.14
1470,62,9262.63
1470,63,9373.79
1470,64,9339.58
1470,65,9161.7
1470,66,9254.51
1470,67,9199.3
1470,68,9217.23
1470,69,9338.55
1470,70,9287.32
1470,71,9319.8
1470,72,9345.41
1470,73,9312.28
1470,74,9363.15
1470,75,9400
1470,76,9229.72
1470,77,9323.55
1470,78,9270.23
1470,79,9343.53
1470,80,9333.09
1470,81,9252.97
1470,82,9228.29
1470,83,9217.7
1470,84,9218.49
1470,85,9225.9
1470,86,9295.99
1470,87,9303.57
1470,88,9329.72
1470,89,9196.13
1470,90,9169.02
1470,91,9243.42
1470,92,9202.82
1470,93,9280.7
1470,94,9248.39
1470,95,9285.91
1470,96,9243.6
1470,97,9334.75
1470,98,9277.44
1470,99,9303.4
1480,0,9393.68
1480,1,9332.54
1480,2,9379.06
1480,3,9317.47
1480,4,9223.87
1480,5,9341.95
1480,6,9297.69
1480,7,9302.18
1480,8,9217.42
1480,9,9273.5
1480,10,9244.09
1480,11,9313.56
1480,12,9336.82
1480,13,9283.59
1480,14,9204.01
1480,15,9358.14
1480,16,9235.82
1480,17,9398.64
1480,18,9342.81
1480,19,9342.69
1480,20,9273.65
1480,21,9262.94
1480,22,9337.75
1480,23,9270.09
1480,24,9344.33
1480,25,9276.1
1480,26,9299.97
1480,27,9181.96
1480,28,9210.37
1480,29,9287
1480,30,9306.98
1480,31,9341.2
1480,32,9285.05
1480,33,9270.68
1480,34,9239.66
1480,35,9216.07
1480,36,9357.97
1480,37,9262.38
1480,38,9359.02
1480,39,9319.12
1480,40,9361.48
1480,41,9227.07
1480,42,9324.74
1480,43,9272.32
1480,44,9297.89
1480,45,9210.7
1480,46,9292.72
1480,47,9348.15
1480,48,9396.12
1480,49,9259.15
1480,50,9278.22
1480,51,9348.26
1480,52,9366.96
1480,53,9306.51
1480,54,9257.52
1480,55,9275.78
1480,56,9280.3
1480,57,9252.3
1480,58,9178.98
1480,59,9369.67
1480,60,9302.21
1480,61,9209.89
1480,62,9262.34
1480,63,9373.49
1480,64,9339.31
1480,65,9161.43
1480,66,9254.24
1480,67,9199.06
1480,68,9216.93
1480,69,9338.25
1480,70,9287.04
1480,71,9319.52
1480,72,9345.11
1480,73,9311.98
1480,74,9362.87
1480,75,9399.7
1480,76,9229.44
1480,77,9323.29
1480,78,9269.93
1480,79,9343.23
1480,80,9332.79
1480,81,9252.69
1480,82,9228.01
1480,83,9217.4
1480,84,9218.24
1480,85,9225.6
1480,86,9295.72
1480,87,9303.28
1480,88,9329.43
1480,89,9195.83
1480,90,9168.74
1480,91,9243.13
1480,92,9202.56
1480,93,9280.43
1480,94,9248.11
1480,95,9285.61
1480,96,9243.31
1480,97,9334.45
1480,98,9277.17
1480,99,9303.12
1490,0,9393.38
1490,1,9332.24
1490,2,9378.76
1490,3,9317.17
1490,4,9223.57
1490,5,9341.65
1490,6,9297.39
1490,7,9301.88
1490,8,9217.12
1490,9,9273.2
1490,10,9243.79
1490,11,9313.26
1490,12,9336.52
1490,13,9283.29
1490,14,9203.71
1490,15,9357.84
1490,16,9235.52
1490,17,9398.34
1490,18,9342.51
1490,19,9342.39
1490,20,9273.35
1490,21,9262.64
1490,22,9337.45
1490,23,9269.79
1490,24,9344.03
1490,25,9275.8
1490,26,9299.67
1490,27,9181.66
1490,28,9210.07
1490,29,9286.7
1490,30,9306.68
1490,31,9340.9
1490,32,9284.75
1490,33,9270.38
1490,34,9239.36
1490,35,9215.77
1490,36,9357.67
1490,37,9262.08
1490,38,9358.72
1490,39,9318.82
1490,40,9361.18
1490,41,9226.77
1490,42,9324.44
1490,43,9272.02
1490,44,9297.59
1490,45,9210.4
1490,46,9292.42
1490,47,9347.85
1490,48,9395.82
1490,49,9258.85
1490,50,9277.92
1490,51,9347.96
1490,52,9366.66
1490,53,9306.21
1490,54,9257.22
1490,55,9275.48
1490,56,9280
1490,57,9252
1490,58,9178.68
1490,59,9369.37
1490,60,9301.91
1490,61,9209.59
1490,62,9262.04
1490,63,9373.19
1490,64,9339.01
1490,65,9161.13
1490,66,9253.94
1490,67,9198.76
1490,68,9216.63
1490,69,9337.95
1490,70,9286.74
1490,71,9319.22
1490,72,9344.81
1490,73,9311.68
1490,74,9362.57
1490,75,9399.4
1490,76,9229.14
1490,77,9322.99
1490,78,9269.63
1490,79,9342.93
1490,80,9332.49
1490,81,9252.39
1490,82,9227.71
1490,83,9217.1
1490,84,9217.94
1490,85,9225.3
1490,86,9295.42
1490,87,9302.98
1490,88,9329.13
1490,89,9195.53
1490,90,9168.44
1490,91,9242.83
1490,92,9202.26
1490,93,9280.13
1490,94,9247.81
1490,95,9285.31
1490,96,9243.01
1490,97,9334.15
1490,98,9276.87
1490,99,9302.82
1500,0,9384.46
1500,1,9323.59
1500,2,9367.13
1500,3,9304.36
1500,4,9210.69
1500,5,9330.88
1500,6,9286.83
1500,7,9293.19
1500,8,9201.97
1500,9,9263.06
1500,10,9233
1500,11,9303.92
1500,12,9327.18
1500,13,9273.59
1500,14,9188.58
1500,15,9350.67
1500,16,9222.62
1500,17,9390.61
1500,18,9330.97
1500,19,9331.65
1500,20,9262.98
1500,21,9249.07
1500,22,9325.46
1500,23,9259.46
1500,24,9335.41
1500,25,9264.46
1500,26,9290.96
1500,27,9169.31
1500,28,9197.55
1500,29,9277.14
1500,30,9294.18
1500,31,9329.97
1500,32,9273.1
1500,33,9256.58
1500,34,9229.3
1500,35,9203.93
1500,36,9349.95
1500,37,9252.9
1500,38,9349.26
1500,39,9309.66
1500,40,9352.5
1500,41,9215.53
1500,42,9315.29
1500,43,9259.7
1500,44,9283.33
1500,45,9197.39
1500,46,9279.45
1500,47,9339.37
1500,48,9384.02
1500,49,9245.39
1500,50,9266.79
1500,51,9335.88
1500,52,9358.08
1500,53,9295.52
1500,54,9246.17
1500,55,9265.5
1500,56,9269.78
1500,57,9239.24
1500,58,9166.69
1500,59,9360.31
1500,60,9290.97
1500,61,9194.97
1500,62,9251.58
1500,63,9363.98
1500,64,9326.3
1500,65,9147.77
1500,66,9242.52
1500,67,9186.04
1500,68,9203.08
1500,69,9328.6
1500,70,9274.75
1500,71,9307.26
1500,72,9335.84
1500,73,9301.47
1500,74,9351.75
1500,75,9390.96
1500,76,9217.07
1500,77,9311.75
1500,78,9258.52
1500,79,9331.08
1500,80,9323.82
1500,81,9240.47
1500,82,9215.91
1500,83,9208.25
1500,84,9204.27
1500,85,9214.38
1500,86,9284.35
1500,87,9291.52
1500,88,9318.84
1500,89,9186.15
1500,90,9156.21
1500,91,9232.12
1500,92,9189.64
1500,93,9270.38
1500,94,9236.9
1500,95,9275.93
1500,96,9232.3
1500,97,9321.67
1500,98,9264.98
1500,99,9293.23
1510,0,9384.19
1510,1,9323.29
1510,2,9366.87
1510,3,9304.06
1510,4,9210.44
1510,5,9330.61
1510,6,9286.56
1510,7,9292.91
1510,8,9201.75
1510,9,9262.78
1510,10,9232.72
1510,11,9303.64
1510,12,9326.88
1510,13,9273.31
1510,14,9188.36
1510,15,9350.37
1510,16,9222.36
1510,17,9390.32
1510,18,9330.69
1510,19,9331.37
1510,20,9262.69
1510,21,9248.82
1510,22,9325.19
1510,23,9259.18
1510,24,9335.12
1510,25,9264.19
1510,26,9290.67
1510,27,9169.06
1510,28,9197.3
1510,29,9276.84
1510,30,9293.92
1510,31,9329.69
1510,32,9272.83
1510,33,9256.34
1510,34,9229.02
1510,35,9203.67
1510,36,9349.65
1510,37,9252.61
1510,38,9348.98
1510,39,9309.37
1510,40,9352.21
1510,41,9215.25
1510,42,9315
1510,43,9259.44
1510,44,9283.08
1510,45,9197.13
1510,46,9279.2
1510,47,9339.09
1510,48,9383.73
1510,49,9245.14
1510,50,9266.51
1510,51,9335.62
1510,52,9357.78
1510,53,9295.24
1510,54,9245.91
1510,55,9265.21
1510,56,9269.49
1510,57,9238.98
1510,58,9166.43
1510,59,9360.03
1510,60,9290.69
1510,61,9194.74
1510,62,9251.3
1510,63,9363.69
1510,64,9326.05
1510,65,9147.53
1510,66,9242.26
1510,67,9185.79
1510,68,9202.83
1510,69,9328.32
1510,70,9274.49
1510,71,9306.99
1510,72,9335.56
1510,73,9301.19
1510,74,9351.49
1510,75,9390.66
1510,76,9216.81
1510,77,9311.5
1510,78,9258.24
1510,79,9330.81
1510,80,9323.53
1510,81,9240.2
1510,82,9215.64
1510,83,9207.95
1510,84,9204.03
1510,85,9214.09
1510,86,9284.09
1510,87,9291.25
1510,88,9318.56
1510,89,9185.86
1510,90,9155.95
1510,91,9231.84
1510,92,9189.39
1510,93,9270.09
1510,94,9236.63
1510,95,9275.64
1510,96,9232.02
1510,97,9321.37
1510,98,9264.72
1510,99,9292.96
1520,0,9383.89
1520,1,9322.99
1520,2,9366.57
1520,3,9303.76
1520,4,9210.14
1520,5,9330.31
1520,6,9286.26
1520,7,9292.61
1520,8,9201.45
1520,9,9262.48
1520,10,9232.42
1520,11,9303.34
1520,12,9326.58
1520,13,9273.01
1520,14,9188.06
1520,15,9350.07
1520,16,9222.06
1520,17,9390.02
1520,18,9330.39
1520,19,9331.07
1520,20,9262.39
1520,21,9248.52
1520,22,9324.89
1520,23,9258.88
1520,24,9334.82
1520,25,9263.89
1520,26,9290.37
1520,27,9168.76
1520,28,9197
1520,29,9276.54
1520,30,9293.62
1520,31,9329.39
1520,32,9272.53
1520,33,9256.04
1520,34,9228.72
1520,35,9203.37
1520,36,9349.35
1520,37,9252.31
1520,38,9348.68
1520,39,9309.07
1520,40,9351.91
1520,41,9214.95
1520,42,9314.7
1520,43,9259.14
1520,44,9282.78
1520,45,9196.83
1520,46,9278.9
1520,47,9338.79
1520,48,9383.43
1520,49,9244.84
1520,50,9266.21
1520,51,9335.32
1520,52,9357.48
1520,53,9294.94
1520,54,9245.61
1520,55,9264.91
1520,56,9269.19
1520,57,9238.68
1520,58,9166.13
1520,59,9359.73
1520,60,9290.39
1520,61,9194.44
1520,62,9251
1520,63,9363.39
1520,64,9325.75
1520,65,9147.23
1520,66,9241.96
1520,67,9185.49
1520,68,9202.53
1520,69,9328.02
1520,70,9274.19
1520,71,9306.69
1520,72,9335.26
1520,73,9300.89
1520,74,9351.19
1520,75,9390.36
1520,76,9216.51
1520,77,9311.2
1520,78,9257.94
1520,79,9330.51
1520,80,9323.23
1520,81,9239.9
1520,82,9215.34
1520,83,9207.65
1520,84,9203.73
1520,85,9213.79
1520,86,9283.79
1520,87,9290.95
1520,88,9318.26
1520,89,9185.56
1520,90,9155.65
1520,91,9231.54
1520,92,9189.09
1520,93,9269.79
1520,94,9236.33
1520,95,9275.34
1520,96,9231.72
1520,97,9321.07
1520,98,9264.42
1520,99,9292.66
1530,0,9376.15
1530,1,9314.97
1530,2,9355.08
1530,3,9292.44
1530,4,9199.83
1530,5,9322.06
1530,6,9275.95
1530,7,9283.36
1530,8,9191.38
1530,9,9251.03
1530,10,9221.79
1530,11,9295.22
1530,12,9316.46
1530,13,9263.6
1530,14,9178.13
1530,15,9342.03
1530,16,9211.97
1530,17,9382.6
1530,18,9318.8
1530,19,9319.86
1530,20,9251.71
1530,21,9236.29
1530,22,9313.48
1530,23,9248.53
1530,24,9326.45
1530,25,9253.94
1530,26,9281.37
1530,27,9156.76
1530,28,9186.24
1530,29,9265.1
1530,30,9281.31
1530,31,9317.92
1530,32,9262.16
1530,33,9242.96
1530,34,9215.66
1530,35,9193.06
1530,36,9340.27
1530,37,9241.35
1530,38,9337.96
1530,39,9297.36
1530,40,9344.25
1530,41,9203.52
1530,42,9302.83
1530,43,9247.89
1530,44,9269.66
1530,45,9185.02
1530,46,9266.25
1530,47,9330.41
1530,48,9375.19
1530,49,9234.73
1530,50,9254.76
1530,51,9323.67
1530,52,9347.44
1530,53,9284.31
1530,54,9235.98
1530,55,9255.15
1530,56,9260.21
1530,57,9226.29
1530,58,9155.07
1530,59,9349.58
1530,60,9278.48
1530,61,9184.74
1530,62,9242.55
1530,63,9352.53
1530,64,9312.71
1530,65,9133.8
1530,66,9229
1530,67,9173.19
1530,68,9189.42
1530,69,9317.75
1530,70,9262.37
1530,71,9293.81
1530,72,9326.64
1530,73,9291.38
1530,74,9340.68
1530,75,9381.98
1530,76,9204.54
1530,77,9300.21
1530,78,9247.16
1530,79,9319.95
1530,80,9315.12
1530,81,9226.55
1530,82,9204
1530,83,9197.34
1530,84,9190.77
1530,85,9202.55
1530,86,9271.26
1530,87,9280.7
1530,88,9308.56
1530,89,9175.06
1530,90,9141.74
1530,91,9221.23
1530,92,9177.86
1530,93,9256.11
1530,94,9222.83
1530,95,9266.15
1530,96,9219.17
1530,97,9308.58
1530,98,9253.26
1530,99,9283
1540,0,9372.99
1540,1,9311.9
1540,2,9354.83
1540,3,9292.17
1540,4,9195.87
1540,5,9318.8
1540,6,9271.49
1540,7,9279.64
1540,8,9186.34
1540,9,9250.78
1540,10,9221.54
1540,11,9291.37
1540,12,9316.21
1540,13,9259.34
1540,14,9173.13
1540,15,9341.75
1540,16,9207.44
1540,17,9379.64
1540,18,9318.54
1540,19,9319.6
1540,20,9251.44
1540,21,9236.04
1540,22,9313.21
1540,23,9248.26
1540,24,9323.77
1540,25,9250.07
1540,26,9281.1
1540,27,9156.53
1540,28,9183.01
1540,29,9264.84
1540,30,9281.06
1540,31,9317.66
1540,32,9261.9
1540,33,9242.73
1540,34,9215.42
1540,35,9188.53
1540,36,9340.01
1540,37,9241.09
1540,38,9337.71
1540,39,9297.11
1540,40,9341.14
1540,41,9203.27
1540,42,9302.59
1540,43,9247.64
1540,44,9269.43
1540,45,9184.77
1540,46,9266.02
1540,47,9326.66
1540,48,9374.93
1540,49,9229.68
1540,50,9254.49
1540,51,9323.42
1540,52,9347.18
1540,53,9284.04
1540,54,9232.49
1540,55,9254.88
1540,56,9259.94
1540,57,9226.05
1540,58,9150.48
1540,59,9349.33
1540,60,9278.22
1540,61,9179.89
1540,62,9242.28
1540,63,9352.27
1540,64,9312.47
1540,65,9133.57
1540,66,9228.75
1540,67,9172.96
1540,68,9189.19
1540,69,9317.5
1540,70,9262.13
1540,71,9293.56
1540,72,9322.88
1540,73,9287.48
1540,74,9340.42
1540,75,9378.8
1540,76,9204.29
1540,77,9299.97
1540,78,9246.89
1540,79,9319.69
1540,80,9311.13
1540,81,9226.31
1540,82,9203.74
1540,83,9197.08
1540,84,9190.54
1540,85,9202.29
1540,86,9271.03
1540,87,9280.43
1540,88,9305.92
1540,89,9174.81
1540,90,9141.51
1540,91,9220.96
1540,92,9172.69
1540,93,9255.88
1540,94,9222.6
1540,95,9265.88
1540,96,9218.93
1540,97,9308.29
1540,98,9253.01
1540,99,9278.38
1550,0,9372.69
1550,1,9311.6
1550,2,9354.53
1550,3,9291.87
1550,4,9195.57
1550,5,9318.5
1550,6,9271.19
1550,7,9279.34
1550,8,9186.04
1550,9,9250.48
1550,10,9221.24
1550,11,9291.07
1550,12,9315.91
1550,13,9259.04
1550,14,9172.83
1550,15,9341.45
1550,16,9207.14
1550,17,9379.34
1550,18,9318.24
1550,19,9319.3
1550,20,9251.14
1550,21,9235.74
1550,22,9312.91
1550,23,9247.96
1550,24,9323.47
1550,25,9249.77
1550,26,9280.8
1550,27,9156.23
1550,28,9182.71
1550,29,9264.54
1550,30,9280.76
1550,31,9317.36
1550,32,9261.6
1550,33,9242.43
1550,34,9215.12
1550,35,9188.23
1550,36,9339.71
1550,37,9240.79
1550,38,9337.41
1550,39,9296.81
1550,40,9340.84
1550,41,9202.97
1550,42,9302.29
1550,43,9247.34
1550,44,9269.13
1550,45,9184.47
1550,46,9265.72
1550,47,9326.36
1550,48,9374.63
1550,49,9229.38
1550,50,9254.19
1550,51,9323.12
1550,52,9346.88
1550,53,9283.74
1550,54,9232.19
1550,55,9254.58
1550,56,9259.64
1550,57,9225.75
1550,58,9150.18
1550,59,9349.03
1550,60,9277.92
1550,61,9179.59
1550,62,9241.98
1550,63,9351.97
1550,64,9312.17
1550,65,9133.27
1550,66,9228.45
1550,67,9172.66
1550,68,9188.89
1550,69,9317.2
1550,70,9261.83
1550,71,9293.26
1550,72,9322.58
1550,73,9287.18
1550,74,9340.12
1550,75,9378.5
1550,76,9203.99
1550,77,9299.67
1550,78,9246.59
1550,79,9319.39
1550,80,9310.83
1550,81,9226.01
1550,82,9203.44
1550,83,9196.78
1550,84,9190.24
1550,85,9201.99
1550,86,9270.73
1550,87,9280.13
1550,88,9305.62
1550,89,9174.51
1550,90,9141.21
1550,91,9220.66
1550,92,9172.39
1550,93,9255.58
1550,94,9222.3
1550,95,9265.58
1550,96,9218.63
1550,97,9307.99
1550,98,9252.71
1550,99,9278.08
1560,0,9365.19
1560,1,9301.78
1560,2,9345.3
1560,3,9283.04
1560,4,9188.88
1560,5,9310.3
1560,6,9261.26
1560,7,9270.41
1560,8,9178.08
1560,9,9242.21
1560,10,9212.71
1560,11,9283.14
1560,12,9306.94
1560,13,9251.85
1560,14,9163.04
1560,15,9333.56
1560,16,9197.58
1560,17,9369.55
1560,18,9306.83
1560,19,9309.48
1560,20,9241.69
1560,21,9226.69
1560,22,9301.69
1560,23,9239.47
1560,24,9316.22
1560,25,9243.2
1560,26,9272.47
1560,27,9149.12
1560,28,9171.46
1560,29,9256.11
1560,30,9271.64
1560,31,9308.07
1560,32,9249.85
1560,33,9234.95
1560,34,9206.64
1560,35,9178.05
1560,36,9332.41
1560,37,9232.58
1560,38,9326.68
1560,39,9287.2
1560,40,9332.73
1560,41,9194.34
1560,42,9294.11
1560,43,9235.98
1560,44,9260.22
1560,45,9173.39
1560,46,9257.1
1560,47,9317.63
1560,48,9367.88
1560,49,9219.25
1560,50,9243.43
1560,51,9314.96
1560,52,9338.19
1560,53,9272.84
1560,54,9221.55
1560,55,9243.81
1560,56,9250.97
1560,57,9217.27
1560,58,9140.79
1560,59,9341.27
1560,60,9265.89
1560,61,9169.92
1560,62,9234.34
1560,63,9341.66
1560,64,9300.7
1560,65,9122.88
1560,66,9219.56
1560,67,9161.47
1560,68,9180.72
1560,69,9307.88
1560,70,9252.58
1560,71,9280.2
1560,72,9314.24
1560,73,9277.62
1560,74,9332.15
1560,75,9370.2
1560,76,9192.65
1560,77,9292.47
1560,78,9236.47
1560,79,9309.87
1560,80,9303.11
1560,81,9216.37
1560,82,9192.16
1560,83,9188.89
1560,84,9183.03
1560,85,9190.9
1560,86,9262.42
1560,87,9270.52
1560,88,9296.26
1560,89,9165.09
1560,90,9132.01
1560,91,9211.53
1560,92,9161.95
1560,93,9244.19
1560,94,9213.06
1560,95,9256.06
1560,96,9207.97
1560,97,9297.24
1560,98,9242.8
1560,99,9268.37
1570,0,9364.93
1570,1,9301.53
1570,2,9342.16
1570,3,9282.77
1570,4,9184.9
1570,5,9310.05
1570,6,9261.02
1570,7,9270.16
1570,8,9172.06
1570,9,9238.86
1570,10,9209.23
1570,11,9279.33
1570,12,9306.69
1570,13,9248.92
1570,14,9157.96
1570,15,9333.27
1570,16,9193.31
1570,17,9369.3
1570,18,9306.58
1570,19,9309.22
1570,20,9241.43
1570,21,9223.26
1570,22,9301.45
1570,23,9239.21
1570,24,9315.94
1570,25,9238.81
1570,26,9272.21
1570,27,9144.05
1570,28,9171.22
1570,29,9255.85
1570,30,9267.6
1570,31,9307.8
1570,32,9249.61
1570,33,9229.6
1570,34,9203.51
1570,35,9174.39
1570,36,9332.14
1570,37,9228.63
1570,38,9326.11
1570,39,9284.76
1570,40,9332.46
1570,41,9194.07
1570,42,9290.2
1570,43,9235.74
1570,44,9255.26
1570,45,9172.04
1570,46,9253.24
1570,47,9317.38
1570,48,9367.61
1570,49,9214.17
1570,50,9243.16
1570,51,9311.92
1570,52,9337.92
1570,53,9272.59
1570,54,9218.08
1570,55,9243.55
1570,56,9250.72
1570,57,9213.82
1570,58,9136.11
1570,59,9337
1570,60,9265.64
1570,61,9164.98
1570,62,9231.3
1570,63,9340.79
1570,64,9300.46
1570,65,9117.43
1570,66,9215.4
1570,67,9161.24
1570,68,9175.77
1570,69,9307.62
1570,70,9249.04
1570,71,9279.97
1570,72,9313.99
1570,73,9277.36
1570,74,9327.96
1570,75,9369.93
1570,76,9192.07
1570,77,9288.61
1570,78,9236.21
1570,79,9309.62
1570,80,9299.16
1570,81,9212.4
1570,82,9191.92
1570,83,9188.63
1570,84,9178.21
1570,85,9190.65
1570,86,9258.13
1570,87,9270.26
1570,88,9296
1570,89,9163.73
1570,90,9126.73
1570,91,9211.27
1570,92,9161.7
1570,93,9243.95
1570,94,9208.55
1570,95,9255.81
1570,96,9206.34
1570,97,9296.97
1570,98,9240.8
1570,99,9268.12
1580,0,9364.63
1580,1,9301.23
1580,2,9341.86
1580,3,9282.47
1580,4,9184.6
1580,5,9309.75
1580,6,9260.72
1580,7,9269.86
1580,8,9171.76
1580,9,9238.56
1580,10,9208.93
1580,11,9279.03
1580,12,9306.39
1580,13,9248.62
1580,14,9157.66
1580,15,9332.97
1580,16,9193.01
1580,17,9369
1580,18,9306.28
1580,19,9308.92
1580,20,9241.13
1580,21,9222.96
1580,22,9301.15
1580,23,9238.91
1580,24,9315.64
1580,25,9238.51
1580,26,9271.91
1580,27,9143.75
1580,28,9170.92
1580,29,9255.55
1580,30,9267.3
1580,31,9307.5
1580,32,9249.31
1580,33,9229.3
1580,34,9203.21
1580,35,9174.09
1580,36,9331.84
1580,37,9228.33
1580,38,9325.81
1580,39,9284.46
1580,40,9332.16
1580,41,9193.77
1580,42,9289.9
1580,43,9235.44
1580,44,9254.96
1580,45,9171.74
1580,46,9252.94
1580,47,9317.08
1580,48,9367.31
1580,49,9213.87
1580,50,9242.86
1580,51,9311.62
1580,52,9337.62
1580,53,9272.29
1580,54,9217.78
1580,55,9243.25
1580,56,9250.42
1580,57,9213.52
1580,58,9135.81
1580,59,9336.7
1580,60,9265.34
1580,61,9164.68
1580,62,9231
1580,63,9340.49
1580,64,9300.16
1580,65,9117.13
1580,66,9215.1
1580,67,9160.94
1580,68,9175.47
1580,69,9307.32
1580,70,9248.74
1580,71,9279.67
1580,72,9313.69
1580,73,9277.06
1580,74,9327.66
1580,75,9369.63
1580,76,9191.77
1580,77,9288.31
1580,78,9235.91
1580,79,9309.32
1580,80,9298.86
1580,81,9212.1
1580,82,9191.62
1580,83,9188.33
1580,84,9177.91
1580,85,9190.35
1580,86,9257.83
1580,87,9269.96
1580,88,9295.7
1580,89,9163.43
1580,90,9126.43
1580,91,9210.97
1580,92,9161.4
1580,93,9243.65
1580,94,9208.25
1580,95,9255.51
1580,96,9206.04
1580,97,9296.67
1580,98,9240.5
1580,99,9267.82
1590,0,9355.59
1590,1,9294.31
1590,2,9332.62
1590,3,9273.88
1590,4,9177.92
1590,5,9303.21
1590,6,9250.9
1590,7,9261.41
1590,8,9162.14
1590,9,9228.89
1590,10,9200.23
1590,11,9271.02
1590,12,9298.88
1590,13,9241.21
1590,14,9149.87
1590,15,9324.59
1590,16,9184.13
1590,17,9362.61
1590,18,9295.26
1590,19,9298.3
1590,20,9233.43
1590,21,9211.78
1590,22,9292.74
1590,23,9230.72
1590,24,9309.2
1590,25,9229.64
1590,26,9264.89
1590,27,9136.68
1590,28,9163
1590,29,9246.01
1590,30,9258.3
1590,31,9296.95
1590,32,9241.01
1590,33,9221.86
1590,34,9194.82
1590,35,9166.57
1590,36,9325.78
1590,37,9220.41
1590,38,9314.84
1590,39,9276.02
1590,40,9323.94
1590,41,9185.23
1590,42,9281.36
1590,43,9226.18
1590,44,9246.4
1590,45,9163.5
1590,46,9244.83
1590,47,9308.54
1590,48,9361.7
1590,49,9204.95
1590,50,9233.84
1590,51,9304.42
1590,52,9330.55
1590,53,9264.67
1590,54,9208.84
1590,55,9232.36
1590,56,9239.98
1590,57,9203.8
1590,58,9127.55
1590,59,9329.09
1590,60,9256.66
1590,61,9155.03
1590,62,9221.84
1590,63,9332.15
1590,64,9290.41
1590,65,9108.12
1590,66,9206.15
1590,67,9149.88
1590,68,9167.37
1590,69,9298.09
1590,70,9239.57
1590,71,9270.81
1590,72,9306.66
1590,73,9267.45
1590,74,9320.34
1590,75,9361.47
1590,76,9182.84
1590,77,9280.59
1590,78,9226.49
1590,79,9302.39
1590,80,9291.4
1590,81,9202.53
1590,82,9183.96
1590,83,9181.88
1590,84,9170.73
1590,85,9182.11
1590,86,9249.18
1590,87,9262.67
1590,88,9285.58
1590,89,9155.83
1590,90,9118.81
1590,91,9201.38
1590,92,9151.15
1590,93,9232.75
1590,94,9199.35
1590,95,9247.48
1590,96,9197.08
1590,97,9286.6
1590,98,9232.35
1590,99,9258.07
1600,0,9355.36
1600,1,9291.29
1600,2,9332.37
1600,3,9273.62
1600,4,9173.17
1600,5,9300.96
1600,6,9250.67
1600,7,9258.76
1600,8,9156.69
1600,9,9228.65
1600,10,9195.82
1600,11,9270.77
1600,12,9297.91
1600,13,9238.31
1600,14,9144.33
1600,15,9324.33
1600,16,9179.38
1600,17,9359.65
1600,18,9295.02
1600,19,9298.05
1600,20,9233.17
1600,21,9210.53
1600,22,9289.35
1600,23,9230.46
1600,24,9306.25
1600,25,9225.37
1600,26,9262.82
1600,27,9130.65
1600,28,9158.68
1600,29,9245.76
1600,30,9255.1
1600,31,9296.71
1600,32,9237.9
1600,33,9217.01
1600,34,9191.57
1600,35,9161.29
1600,36,9324.17
1600,37,9216.61
1600,38,9314.61
1600,39,9273.13
1600,40,9323.69
1600,41,9183.6
1600,42,9281.12
1600,43,9223.09
1600,44,9242.64
1600,45,9160.55
1600,46,9241
1600,47,9308.3
1600,48,9361.44
1600,49,9199.6
1600,50,9231.65
1600,51,9299.82
1600,52,9330.3
1600,53,9262.45
1600,54,9204.02
1600,55,9232.12
1600,56,9239.73
1600,57,9203.56
1600,58,9122.17
1600,59,9324.91
1600,60,9254.1
1600,61,9149.79
1600,62,9221.59
1600,63,9330.08
1600,64,9288.62
1600,65,9102.35
1600,66,9202.12
1600,67,9146.01
1600,68,9162.86
1600,69,9297.63
1600,70,9235.47
1600,71,9267.76
1600,72,9303.09
1600,73,9264.07
1600,74,9317.31
1600,75,9361.22
1600,76,9179.92
1600,77,9280.34
1600,78,9226.23
1600,79,9298.31
1600,80,9287.47
1600,81,9198.73
1600,82,9181.23
1600,83,9180.9
1600,84,9165.74
1600,85,9179.36
1600,86,9244.93
1600,87,9258.87
1600,88,9285.33
1600,89,9152.95
1600,90,9113.08
1600,91,9201.14
1600,92,9146.4
1600,93,9231.92
1600,94,9194.86
1600,95,9247.23
1600,96,9193.77
1600,97,9286.34
1600,98,9228.83
1600,99,9255.09
1610,0,9355.06
1610,1,9290.99
1610,2,9332.07
1610,3,9273.32
1610,4,9172.87
1610,5,9300.66
1610,6,9250.37
1610,7,9258.46
1610,8,9156.39
1610,9,9228.35
1610,10,9195.52
1610,11,9270.47
1610,12,9297.61
1610,13,9238.01
1610,14,9144.03
1610,15,9324.03
1610,16,9179.08
1610,17,9359.35
1610,18,9294.72
1610,19,9297.75
1610,20,9232.87
1610,21,9210.23
1610,22,9289.05
1610,23,9230.16
1610,24,9305.95
1610,25,9225.07
1610,26,9262.52
1610,27,9130.35
1610,28,9158.38
1610,29,9245.46
1610,30,9254.8
1610,31,9296.41
1610,32,9237.6
1610,33,9216.71
1610,34,9191.27
1610,35,9160.99
1610,36,9323.87
1610,37,9216.31
1610,38,9314.31
1610,39,9272.83
1610,40,9323.39
1610,41,9183.3
1610,42,9280.82
1610,43,9222.79
1610,44,9242.34
1610,45,9160.25
1610,46,9240.7
1610,47,9308
1610,48,9361.14
1610,49,9199.3
1610,50,9231.35
1610,51,9299.52
1610,52,9330
1610,53,9262.15
1610,54,9203.72
1610,55,9231.82
1610,56,9239.43
1610,57,9203.26
1610,58,9121.87
1610,59,9324.61
1610,60,9253.8
1610,61,9149.49
1610,62,9221.29
1610,63,9329.78
1610,64,9288.32
1610,65,9102.05
1610,66,9201.82
1610,67,9145.71
1610,68,9162.56
1610,69,9297.33
1610,70,9235.17
1610,71,9267.46
1610,72,9302.79
1610,73,9263.77
1610,74,9317.01
1610,75,9360.92
1610,76,9179.62
1610,77,9280.04
1610,78,9225.93
1610,79,9298.01
1610,80,9287.17
1610,81,9198.43
1610,82,9180.93
1610,83,9180.6
1610,84,9165.44
1610,85,9179.06
1610,86,9244.63
1610,87,9258.57
1610,88,9285.03
1610,89,9152.65
1610,90,9112.78
1610,91,9200.84
1610,92,9146.1
1610,93,9231.62
1610,94,9194.56
1610,95,9246.93
1610,96,9193.47
1610,97,9286.04
1610,98,9228.53
1610,99,9254.79
1620,0,9345.96
1620,1,9284.1
1620,2,9323.29
1620,3,9264.55
1620,4,9166.3
1620,5,9293.37
1620,6,9240.65
1620,7,9249.44
1620,8,9147
1620,9,9222.6
1620,10,9187.27
1620,11,9262.33
1620,12,9291.75
1620,13,9230.18
1620,14,9134.47
1620,15,9315.69
1620,16,9170.24
1620,17,9353.67
1620,18,9289.12
1620,19,9290.12
1620,20,9226.34
1620,21,9200.84
1620,22,9280.36
1620,23,9224.21
1620,24,9296.93
1620,25,9217.15
1620,26,9257.33
1620,27,9119.94
1620,28,9150.29
1620,29,9238.49
1620,30,9245.9
1620,31,9291.1
1620,32,9229.29
1620,33,9209.33
1620,34,9179.65
1620,35,9153.36
1620,36,9317.67
1620,37,9208.35
1620,38,9303.03
1620,39,9263.15
1620,40,9317.06
1620,41,9174.8
1620,42,9272.44
1620,43,9211.1
1620,44,9233.05
1620,45,9151.88
1620,46,9231.62
1620,47,9298.89
1620,48,9354
1620,49,9189.08
1620,50,9221.81
1620,51,9291.05
1620,52,9325.36
1620,53,9254.7
1620,54,9192.87
1620,55,9220.36
1620,56,9229.07
1620,57,9195.24
1620,58,9113.44
1620,59,9317.12
1620,60,9246.17
1620,61,9141.7
1620,62,9215.19
1620,63,9321.6
1620,64,9278.64
1620,65,9092.84
1620,66,9194.13
1620,67,9134.81
1620,68,9154.55
1620,69,9291.36
1620,70,9226.08
1620,71,9258.92
1620,72,9294.36
1620,73,9254.13
1620,74,9309.16
1620,75,9352.87
1620,76,9170.48
1620,77,9271.19
1620,78,9212.58
1620,79,9289.41
1620,80,9279.55
1620,81,9189.01
1620,82,9173.13
1620,83,9174.33
1620,84,9157.41
1620,85,9170.84
1620,86,9236.03
1620,87,9248.8
1620,88,9274.66
1620,89,9145.05
1620,90,9104.84
1620,91,9193.97
1620,92,9135.98
1620,93,9220.8
1620,94,9185.79
1620,95,9240.6
1620,96,9184.59
1620,97,9274.27
1620,98,9219.6
1620,99,9246.89
1630,0,9345.74
1630,1,9282.39
1630,2,9319.43
1630,3,9264.31
1630,4,9161.6
1630,5,9290.18
1630,6,9239.2
1630,7,9249.22
1630,8,9141.63
1630,9,9215.89
1630,10,9182.85
1630,11,9262.1
1630,12,9286.83
1630,13,9226.38
1630,14,9129.02
1630,15,9313.71
1630,16,9166.44
1630,17,9352.07
1630,18,9285.85
1630,19,9286.98
1630,20,9223.74
1630,21,9196.29
1630,22,9277.28
1630,23,9221.9
1630,24,9296.7
1630,25,9212.83
1630,26,9255.26
1630,27,9114.8
1630,28,9145.99
1630,29,9235.59
1630,30,9242.72
1630,31,9287.76
1630,32,9225.82
1630,33,9204.46
1630,34,9177.19
1630,35,9149.39
1630,36,9313.62
1630,37,9205.33
1630,38,9302.82
1630,39,9262.92
1630,40,9314.83
1630,41,9171.52
1630,42,9272.2
1630,43,9208.2
1630,44,9228.51
1630,45,9148.36
1630,46,9226.78
1630,47,9298.67
1630,48,9352.37
1630,49,9183.52
1630,50,9218.9
1630,51,9286.97
1630,52,9323.68
1630,53,9252.52
1630,54,9192.65
1630,55,9220.14
1630,56,9228.84
1630,57,9191.87
1630,58,9109.45
1630,59,9313.31
1630,60,9243.64
1630,61,9136.43
1630,62,9212.22
1630,63,9319.83
1630,64,9278.41
1630,65,9087.8
1630,66,9190.1
1630,67,9134.6
1630,68,9150.49
1630,69,9289.75
1630,70,9221.98
1630,71,9256.64
1630,72,9294.13
1630,73,9253.9
1630,74,9305.13
1630,75,9351.89
1630,76,9167.08
1630,77,9270.98
1630,78,9212.36
1630,79,9285.42
1630,80,9276.54
1630,81,9185.32
1630,82,9169.79
1630,83,9172.71
1630,84,9152.48
1630,85,9167.63
1630,86,9232.44
1630,87,9248.57
1630,88,9274.43
1630,89,9142.17
1630,90,9100.72
1630,91,9190.81
1630,92,9131.19
1630,93,9220.58
1630,94,9181.8
1630,95,9238.42
1630,96,9181.3
1630,97,9274.02
1630,98,9215.58
1630,99,9243.35
1640,0,9345.44
1640,1,9282.09
1640,2,9319.13
1640,3,9264.01
1640,4,9161.3
1640,5,9289.88
1640,6,9238.9
1640,7,9248.92
1640,8,9141.33
1640,9,9215.59
1640,10,9182.55
1640,11,9261.8
1640,12,9286.53
1640,13,9226.08
1640,14,9128.72
1640,15,9313.41
1640,16,9166.14
1640,17,9351.77
1640,18,9285.55
1640,19,9286.68
1640,20,9223.44
1640,21,9195.99
1640,22,9276.98
1640,23,9221.6
1640,24,9296.4
1640,25,9212.53
1640,26,9254.96
1640,27,9114.5
1640,28,9145.69
1640,29,9235.29
1640,30,9242.42
1640,31,9287.46
1640,32,9225.52
1640,33,9204.16
1640,34,9176.89
1640,35,9149.09
1640,36,9313.32
1640,37,9205.03
1640,38,9302.52
1640,39,9262.62
1640,40,9314.53
1640,41,9171.22
1640,42,9271.9
1640,43,9207.9
1640,44,9228.21
1640,45,9148.06
1640,46,9226.48
1640,47,9298.37
1640,48,9352.07
1640,49,9183.22
1640,50,9218.6
1640,51,9286.67
1640,52,9323.38
1640,53,9252.22
1640,54,9192.35
1640,55,9219.84
1640,56,9228.54
1640,57,9191.57
1640,58,9109.15
1640,59,9313.01
1640,60,9243.34
1640,61,9136.13
1640,62,9211.92
1640,63,9319.53
1640,64,9278.11
1640,65,9087.5
1640,66,9189.8
1640,67,9134.3
1640,68,9150.19
1640,69,9289.45
1640,70,9221.68
1640,71,9256.34
1640,72,9293.83
1640,73,9253.6
1640,74,9304.83
1640,75,9351.59
1640,76,9166.78
1640,77,9270.68
1640,78,9212.06
1640,79,9285.12
1640,80,9276.24
1640,81,9185.02
1640,82,9169.49
1640,83,9172.41
1640,84,9152.18
1640,85,9167.33
1640,86,9232.14
1640,87,9248.27
1640,88,9274.13
1640,89,9141.87
1640,90,9100.42
1640,91,9190.51
1640,92,9130.89
1640,93,9220.28
1640,94,9181.5
1640,95,9238.12
1640,96,9181
1640,97,9273.72
1640,98,9215.28
1640,99,9243.05
1650,0,9338
1650,1,9275.13
1650,2,9310.11
1650,3,9253.41
1650,4,9154.24
1650,5,9282.29
1650,6,9232.88
1650,7,9241.78
1650,8,9132.19
1650,9,9206.27
1650,10,9173.84
1650,11,9254.74
1650,12,9280.63
1650,13,9218.36
1650,14,9119.28
1650,15,9305.17
1650,16,9156.45
1650,17,9345.07
1650,18,9278.32
1650,19,9278.93
1650,20,9217.54
1650,21,9190.2
1650,22,9268.29
1650,23,9214.67
1650,24,9288.95
1650,25,9204.33
1650,26,9249.56
1650,27,9105.2
1650,28,9137.07
1650,29,9221.52
1650,30,9235.89
1650,31,9282.67
1650,32,9217.03
1650,33,9197.53
1650,34,9168.54
1650,35,9141.32
1650,36,9307.07
1650,37,9196.69
1650,38,9293.65
1650,39,9254.18
1650,40,9308.18
1650,41,9162.18
1650,42,9264.44
1650,43,9198.88
1650,44,9218.64
1650,45,9140.82
1650,46,9218.66
1650,47,9290.86
1650,48,9344.52
1650,49,9173.05
1650,50,9208.19
1650,51,9279.21
1650,52,9318.16
1650,53,9244.56
1650,54,9181.65
1650,55,9210.54
1650,56,9219.47
1650,57,9180.85
1650,58,9099.72
1650,59,9305.65
1650,60,9233.99
1650,61,9126.62
1650,62,9202.01
1650,63,9311.33
1650,64,9269
1650,65,9080.61
1650,66,9181.04
1650,67,9126.37
1650,68,9142.28
1650,69,9283.51
1650,70,9212.75
1650,71,9246.02
1650,72,9286.25
1650,73,9243.89
1650,74,9297.04
1650,75,9343.71
1650,76,9159.23
1650,77,9264.01
1650,78,9201.59
1650,79,9276.18
1650,80,9269.32
1650,81,9175.72
1650,82,9161.21
1650,83,9164.87
1650,84,9143.74
1650,85,9160.09
1650,86,9223.64
1650,87,9238.16
1650,88,9266.19
1650,89,9134.08
1650,90,9092.45
1650,91,9183.56
1650,92,9122.11
1650,93,9211.6
1650,94,9172.83
1650,95,9231.78
1650,96,9170.97
1650,97,9262.37
1650,98,9207.49
1650,99,9234.72
1660,0,9335.62
1660,1,9274.15
1660,2,9305.67
1660,3,9253.18
1660,4,9150.32
1660,5,9279.01
1660,6,9226.21
1660,7,9238.74
1660,8,9130.26
1660,9,9202.88
1660,10,9167.54
1660,11,9252.95
1660,12,9278.7
1660,13,9216.73
1660,14,9117.52
1660,15,9304.93
1660,16,9151.9
1660,17,9344.24
1660,18,9273.95
1660,19,9273.99
1660,20,9213.75
1660,21,9183.58
1660,22,9265.5
1660,23,9212.31
1660,24,9287.07
1660,25,9200.4
1660,26,9245.47
1660,27,9100.56
1660,28,9133.82
1660,29,9218.67
1660,30,9231.28
1660,31,9276.98
1660,32,9213.59
1660,33,9189.47
1660,34,9165.51
1660,35,9137.92
1660,36,9303.72
1660,37,9193.13
1660,38,9293.43
1660,39,9252.43
1660,40,9304.48
1660,41,9160.32
1660,42,9262.66
1660,43,9192.11
1660,44,9214.06
1660,45,9138.03
1660,46,9214.02
1660,47,9287.79
1660,48,9341.55
1660,49,9171.12
1660,50,9207.96
1660,51,9277
1660,52,9316.46
1660,53,9242.37
1660,54,9181.33
1660,55,9208.65
1660,56,9217.16
1660,57,9177.87
1660,58,9097.54
1660,59,9301.37
1660,60,9232.61
1660,61,9125.03
1660,62,9201
1660,63,9309.51
1660,64,9266.35
1660,65,9074.73
1660,66,9176.67
1660,67,9123.39
1660,68,9137.16
1660,69,9281.95
1660,70,9208.14
1660,71,9244.53
1660,72,9285.2
1660,73,9241.09
1660,74,9292.79
1660,75,9340.77
1660,76,9154.77
1660,77,9261.6
1660,78,9198.36
1660,79,9272.81
1660,80,9267.34
1660,81,9171.83
1660,82,9157.07
1660,83,9162.45
1660,84,9139.37
1660,85,9157.38
1660,86,9222.1
1660,87,9234.75
1660,88,9263.38
1660,89,9130.03
1660,90,9088.77
1660,91,9181.14
1660,92,9117
1660,93,9206.04
1660,94,9168.25
1660,95,9228.56
1660,96,9167.22
1660,97,9260.74
1660,98,9205.37
1660,99,9231.26
1670,0,9335.32
1670,1,9273.85
1670,2,9305.37
1670,3,9252.88
1670,4,9150.02
1670,5,9278.71
1670,6,9225.91
1670,7,9238.44
1670,8,9129.96
1670,9,9202.58
1670,10,9167.24
1670,11,9252.65
1670,12,9278.4
1670,13,9216.43
1670,14,9117.22
1670,15,9304.63
1670,16,9151.6
1670,17,9343.94
1670,18,9273.65
1670,19,9273.69
1670,20,9213.45
1670,21,9183.28
1670,22,9265.2
1670,23,9212.01
1670,24,9286.77
1670,25,9200.1
1670,26,9245.17
1670,27,9100.26
1670,28,9133.52
1670,29,9218.37
1670,30,9230.98
1670,31,9276.68
1670,32,9213.29
1670,33,9189.17
1670,34,9165.21
1670,35,9137.62
1670,36,9303.42
1670,37,9192.83
1670,38,9293.13
1670,39,9252.13
1670,40,9304.18
1670,41,9160.02
1670,42,9262.36
1670,43,9191.81
1670,44,9213.76
1670,45,9137.73
1670,46,9213.72
1670,47,9287.49
1670,48,9341.25
1670,49,9170.82
1670,50,9207.66
1670,51,9276.7
1670,52,9316.16
1670,53,9242.07
1670,54,9181.03
1670,55,9208.35
1670,56,9216.86
1670,57,9177.57
1670,58,9097.24
1670,59,9301.07
1670,60,9232.31
1670,61,9124.73
1670,62,9200.7
1670,63,9309.21
1670,64,9266.05
1670,65,9074.43
1670,66,9176.37
1670,67,9123.09
1670,68,9136.86
1670,69,9281.65
1670,70,9207.84
1670,71,9244.23
1670,72,9284.9
1670,73,9240.79
1670,74,9292.49
1670,75,9340.47
1670,76,9154.47
1670,77,9261.3
1670,78,9198.06
1670,79,9272.51
1670,80,9267.04
1670,81,9171.53
1670,82,9156.77
1670,83,9162.15
1670,84,9139.07
1670,85,9157.08
1670,86,9221.8
1670,87,9234.45
1670,88,9263.08
1670,89,9129.73
1670,90,9088.47
1670,91,9180.84
1670,92,9116.7
1670,93,9205.74
1670,94,9167.95
1670,95,9228.26
1670,96,9166.92
1670,97,9260.44
1670,98,9205.07
1670,99,9230.96
1680,0,9329.45
1680,1,9267.08
1680,2,9302.58
1680,3,9246.94
1680,4,9143.26
1680,5,9271.99
1680,6,9223.01
1680,7,9234.01
1680,8,9126.25
1680,9,9195.89
1680,10,9161.9
1680,11,9248.14
1680,12,9273.96
1680,13,9213.41
1680,14,9112.07
1680,15,9298.38
1680,16,9146.63
1680,17,9338.55
1680,18,9268.01
1680,19,9268.01
1680,20,9206.55
1680,21,9176.68
1680,22,9257.59
1680,23,9206.64
1680,24,9280.16
1680,25,9196.95
1680,26,9239.7
1680,27,9094.59
1680,28,9128.51
1680,29,9211.04
1680,30,9224.39
1680,31,9269.57
1680,32,9205.48
1680,33,9181.92
1680,34,9159.87
1680,35,9130.67
1680,36,9297.95
1680,37,9186.16
1680,38,9289.9
1680,39,9246.87
1680,40,9297.77
1680,41,9153.7
1680,42,9259.27
1680,43,9186.53
1680,44,9209.2
1680,45,9130.59
1680,46,9211.74
1680,47,9283
1680,48,9335.62
1680,49,9167.9
1680,50,9201.03
1680,51,9270.39
1680,52,9311.62
1680,53,9234.38
1680,54,9174.98
1680,55,9204.01
1680,56,9211.62
1680,57,9173
1680,58,9090.46
1680,59,9295.95
1680,60,9225.4
1680,61,9121.01
1680,62,9196.07
1680,63,9302.91
1680,64,9257.6
1680,65,9067.82
1680,66,9170.6
1680,67,9120.61
1680,68,9130.31
1680,69,9276.37
1680,70,9204.8
1680,71,9239.12
1680,72,9278.17
1680,73,9236.66
1680,74,9288.16
1680,75,9336.9
1680,76,9149.53
1680,77,9255.89
1680,78,9191.31
1680,79,9268.01
1680,80,9263.16
1680,81,9167.81
1680,82,9149.83
1680,83,9155.71
1680,84,9134.95
1680,85,9150.14
1680,86,9219.17
1680,87,9228.18
1680,88,9255.66
1680,89,9122.95
1680,90,9080.47
1680,91,9173.99
1680,92,9114.42
1680,93,9198.25
1680,94,9162.53
1680,95,9223.51
1680,96,9163.98
1680,97,9255.68
1680,98,9197.35
1680,99,9226.37
1690,0,9325.91
1690,1,9263.9
1690,2,9294.62
1690,3,9241.72
1690,4,9139.18
1690,5,9270.78
1690,6,9215.98
1690,7,9229.23
1690,8,9119.09
1690,9,9194.68
1690,10,9154.89
1690,11,9244.41
1690,12,9270.71
1690,13,9206.96
1690,14,9104.54
1690,15,9296.2
1690,16,9139.49
1690,17,9336.32
1690,18,9261.97
1690,19,9263.04
1690,20,9203.2
1690,21,9169.94
1690,22,9253.83
1690,23,9204.17
1690,24,9277.47
1690,25,9189.86
1690,26,9235.8
1690,27,9090.78
1690,28,9121.84
1690,29,9208.23
1690,30,9220.34
1690,31,9268.33
1690,32,9201.79
1690,33,9177.39
1690,34,9152.49
1690,35,9126.6
1690,36,9296.22
1690,37,9183.35
1690,38,9281.26
1690,39,9242.32
1690,40,9296.07
1690,41,9149.4
1690,42,9253.86
1690,43,9179.1
1690,44,9203.45
1690,45,9126.68
1690,46,9203.32
1690,47,9278.13
1690,48,9333.4
1690,49,9158.23
1690,50,9196.4
1690,51,9266.56
1690,52,9309.2
1690,53,9232.15
1690,54,9170.15
1690,55,9196.39
1690,56,9205.04
1690,57,9166.83
1690,58,9085.64
1690,59,9292.49
1690,60,9224.48
1690,61,9114.09
1690,62,9190.02
1690,63,9300.61
1690,64,9256.97
1690,65,9061.85
1690,66,9167.13
1690,67,9110.93
1690,68,9126.59
1690,69,9273.12
1690,70,9198.12
1690,71,9235.13
1690,72,9276.3
1690,73,9230.43
1690,74,9283.32
1690,75,9331.86
1690,76,9144.93
1690,77,9252.95
1690,78,9189.35
1690,79,9263.21
1690,80,9258.63
1690,81,9162.05
1690,82,9145.62
1690,83,9154.41
1690,84,9126.44
1690,85,9147.46
1690,86,9212.72
1690,87,9226.05
1690,88,9252.34
1690,89,9120.98
1690,90,9077.2
1690,91,9171.58
1690,92,9104.88
1690,93,9196.75
1690,94,9156.49
1690,95,9218.07
1690,96,9157.09
1690,97,9249.13
1690,98,9194.66
1690,99,9220.91
1700,0,9325.61
1700,1,9263.6
1700,2,9294.32
1700,3,9241.42
1700,4,9138.88
1700,5,9270.48
1700,6,9215.68
1700,7,9228.93
1700,8,9118.79
1700,9,9194.38
1700,10,9154.59
1700,11,9244.11
1700,12,9270.41
1700,13,9206.66
1700,14,9104.24
1700,15,9295.9
1700,16,9139.19
1700,17,9336.02
1700,18,9261.67
1700,19,9262.74
1700,20,9202.9
1700,21,9169.64
1700,22,9253.53
1700,23,9203.87
1700,24,9277.17
1700,25,9189.56
1700,26,9235.5
1700,27,9090.48
1700,28,9121.54
1700,29,9207.93
1700,30,9220.04
1700,31,9268.03
1700,32,9201.49
1700,33,9177.09
1700,34,9152.19
1700,35,9126.3
1700,36,9295.92
1700,37,9183.05
1700,38,9280.96
1700,39,9242.02
1700,40,9295.77
1700,41,9149.1
1700,42,9253.56
1700,43,9178.8
1700,44,9203.15
1700,45,9126.38
1700,46,9203.02
1700,47,9277.83
1700,48,9333.1
1700,49,9157.93
1700,50,9196.1
1700,51,9266.26
1700,52,9308.9
1700,53,9231.85
1700,54,9169.85
1700,55,9196.09
1700,56,9204.74
1700,57,9166.53
1700,58,9085.34
1700,59,9292.19
1700,60,9224.18
1700,61,9113.79
1700,62,9189.72
1700,63,9300.31
1700,64,9256.67
1700,65,9061.55
1700,66,9166.83
1700,67,9110.63
1700,68,9126.29
1700,69,9272.82
1700,70,9197.82
1700,71,9234.83
1700,72,9276
1700,73,9230.13
1700,74,9283.02
1700,75,9331.56
1700,76,9144.63
1700,77,9252.65
1700,78,9189.05
1700,79,9262.91
1700,80,9258.33
1700,81,9161.75
1700,82,9145.32
1700,83,9154.11
1700,84,9126.14
1700,85,9147.16
1700,86,9212.42
1700,87,9225.75
1700,88,9252.04
1700,89,9120.68
1700,90,9076.9
1700,91,9171.28
1700,92,9104.58
1700,93,9196.45
1700,94,9156.19
1700,95,9217.77
1700,96,9156.79
1700,97,9248.83
1700,98,9194.36
1700,99,9220.61
1710,0,9325.31
1710,1,9261.19
1710,2,9291.59
1710,3,9238.67
1710,4,9136.33
1710,5,9266.21
1710,6,9212.8
1710,7,9228.63
1710,8,9115.09
1710,9,9191.98
1710,10,9149.21
1710,11,9243.81
1710,12,9266.25
1710,13,9203.66
1710,14,9103.94
1710,15,9291.95
1710,16,9137.71
1710,17,9335.72
1710,18,9259.77
1710,19,9260.13
1710,20,9199.13
1710,21,9165.8
1710,22,9249.01
1710,23,9200.72
1710,24,9273.49
1710,25,9186.09
1710,26,9230.69
1710,27,9087.89
1710,28,9116.65
1710,29,9204.27
1710,30,9216.55
1710,31,9265.29
1710,32,9197.36
1710,33,9173.31
1710,34,9150.35
1710,35,9123.74
1710,36,9292.55
1710,37,9180.25
1710,38,9277.76
1710,39,9240.31
1710,40,9292.81
1710,41,9146.73
1710,42,9253.26
1710,43,9176.81
1710,44,9200.54
1710,45,9121.23
1710,46,9201.03
1710,47,9277.53
1710,48,9330
1710,49,9154.92
1710,50,9190.63
1710,51,9262.57
1710,52,9305.77
1710,53,9229.31
1710,54,9167.88
1710,55,9192.04
1710,56,9200.13
1710,57,9163.56
1710,58,9083.15
1710,59,9291.89
1710,60,9220.14
1710,61,9110.07
1710,62,9185.46
1710,63,9296.67
1710,64,9254.55
1710,65,9059.91
1710,66,9164.33
1710,67,9108.34
1710,68,9122.54
1710,69,9267.6
1710,70,9194.79
1710,71,9229.78
1710,72,9275.7
1710,73,9225.98
1710,74,9282.72
1710,75,9328.83
1710,76,9140.23
1710,77,9252.35
1710,78,9185.28
1710,79,9258.58
1710,80,9258.03
1710,81,9158.1
1710,82,9140.66
1710,83,9150.78
1710,84,9122.08
1710,85,9142.09
1710,86,9209.83
1710,87,9223.05
1710,88,9249.64
1710,89,9115.77
1710,90,9072.62
1710,91,9166.85
1710,92,9102.31
1710,93,9192.4
1710,94,9153.98
1710,95,9213.09
1710,96,9153.94
1710,97,9244.27
1710,98,9190.97
1710,99,9220.31
1720,0,9314.07
1720,1,9253.3
1720,2,9281.46
1720,3,9229.19
1720,4,9124.09
1720,5,9257.99
1720,6,9202.06
1720,7,9216.48
1720,8,9105.72
1720,9,9183.49
1720,10,9142.59
1720,11,9231.96
1720,12,9259.04
1720,13,9192.81
1720,14,9089.31
1720,15,9286.11
1720,16,9124.11
1720,17,9325.1
1720,18,9249.69
1720,19,9250.07
1720,20,9191.96
1720,21,9156.3
1720,22,9240.61
1720,23,9192.64
1720,24,9265.45
1720,25,9177.7
1720,26,9224.24
1720,27,9077.36
1720,28,9107
1720,29,9194.02
1720,30,9205.62
1720,31,9256.29
1720,32,9187.59
1720,33,9160.97
1720,34,9137.24
1720,35,9114.39
1720,36,9284.15
1720,37,9169.89
1720,38,9268.87
1720,39,9228.25
1720,40,9283.89
1720,41,9135.6
1720,42,9241.09
1720,43,9166.04
1720,44,9188.07
1720,45,9113.37
1720,46,9187.78
1720,47,9265.36
1720,48,9325.21
1720,49,9140.83
1720,50,9183.49
1720,51,9252.28
1720,52,9300.49
1720,53,9220.18
1720,54,9153.85
1720,55,9184.43
1720,56,9194.59
1720,57,9155.26
1720,58,9069.32
1720,59,9279.78
1720,60,9211.56
1720,61,9100.51
1720,62,9177.81
1720,63,9288.7
1720,64,9244.86
1720,65,9048.66
1720,66,9153.22
1720,67,9093.46
1720,68,9114.54
1720,69,9264.33
1720,70,9184.36
1720,71,9221.03
1720,72,9263.95
1720,73,9214.8
1720,74,9269.52
1720,75,9319.52
1720,76,9131.88
1720,77,9240.34
1720,78,9177.88
1720,79,9249.98
1720,80,9246.03
1720,81,9147.61
1720,82,9132.58
1720,83,9141.83
1720,84,9114.08
1720,85,9135.97
1720,86,9199.82
1720,87,9213.86
1720,88,9239.01
1720,89,9108.24
1720,90,9063.35
1720,91,9160.6
1720,92,9089.45
1720,93,9183.57
1720,94,9142.43
1720,95,9205.47
1720,96,9143.11
1720,97,9237.71
1720,98,9179.82
1720,99,9207.53
1730,0,9313.77
1730,1,9253
1730,2,9281.16
1730,3,9228.89
1730,4,9123.79
1730,5,9257.69
1730,6,9201.76
1730,7,9216.18
1730,8,9105.42
1730,9,9183.19
1730,10,9142.29
1730,11,9231.66
1730,12,9258.74
1730,13,9192.51
1730,14,9089.01
1730,15,9285.81
1730,16,9123.81
1730,17,9324.8
1730,18,9249.39
1730,19,9249.77
1730,20,9191.66
1730,21,9156
1730,22,9240.31
1730,23,9192.34
1730,24,9265.15
1730,25,9177.4
1730,26,9223.94
1730,27,9077.06
1730,28,9106.7
1730,29,9193.72
1730,30,9205.32
1730,31,9255.99
1730,32,9187.29
1730,33,9160.67
1730,34,9136.94
1730,35,9114.09
1730,36,9283.85
1730,37,9169.59
1730,38,9268.57
1730,39,9227.95
1730,40,9283.59
1730,41,9135.3
1730,42,9240.79
1730,43,9165.74
1730,44,9187.77
1730,45,9113.07
1730,46,9187.48
1730,47,9265.06
1730,48,9324.91
1730,49,9140.53
1730,50,9183.19
1730,51,9251.98
1730,52,9300.19
1730,53,9219.88
1730,54,9153.55
1730,55,9184.13
1730,56,9194.29
1730,57,9154.96
1730,58,9069.02
1730,59,9279.48
1730,60,9211.26
1730,61,9100.21
1730,62,9177.51
1730,63,9288.4
1730,64,9244.56
1730,65,9048.36
1730,66,9152.92
1730,67,9093.16
1730,68,9114.24
1730,69,9264.03
1730,70,9184.06
1730,71,9220.73
1730,72,9263.65
1730,73,9214.5
1730,74,9269.22
1730,75,9319.22
1730,76,9131.58
1730,77,9240.04
1730,78,9177.58
1730,79,9249.68
1730,80,9245.73
1730,81,9147.31
1730,82,9132.28
1730,83,9141.53
1730,84,9113.78
1730,85,9135.67
1730,86,9199.52
1730,87,9213.56
1730,88,9238.71
1730,89,9107.94
1730,90,9063.05
1730,91,9160.3
1730,92,9089.15
1730,93,9183.27
1730,94,9142.13
1730,95,9205.17
1730,96,9142.81
1730,97,9237.41
1730,98,9179.52
1730,99,9207.23
1740,0,9313.47
1740,1,9252.7
1740,2,9280.82
1740,3,9228.59
1740,4,9123.49
1740,5,9257.39
1740,6,9201.46
1740,7,9215.88
1740,8,9105.12
1740,9,9182.84
1740,10,9140.44
1740,11,9231.36
1740,12,9258.44
1740,13,9192.21
1740,14,9088.71
1740,15,9283.38
1740,16,9122.34
1740,17,9324.5
1740,18,9247.48
1740,19,9247.13
1740,20,9189.97
1740,21,9154.41
1740,22,9238.4
1740,23,9189.14
1740,24,9264.85
1740,25,9177.1
1740,26,9223.64
1740,27,9076.76
1740,28,9105.17
1740,29,9191.56
1740,30,9205.02
1740,31,9253.28
1740,32,9184.72
1740,33,9160.37
1740,34,9135.04
1740,35,9113.74
1740,36,9283.55
1740,37,9168.96
1740,38,9268.27
1740,39,9226.28
1740,40,9283.29
1740,41,9132.92
1740,42,9240.49
1740,43,9163.7
1740,44,9185.15
1740,45,9110.6
1740,46,9187.18
1740,47,9264.76
1740,48,9324.61
1740,49,9140.17
1740,50,9180.75
1740,51,9251.68
1740,52,9299.89
1740,53,9217.35
1740,54,9153.25
1740,55,9182.36
1740,56,9192.69
1740,57,9151.98
1740,58,9068.72
1740,59,9279.18
1740,60,9209.93
1740,61,9099.91
1740,62,9175.66
1740,63,9288.1
1740,64,9242.53
1740,65,9048.06
1740,66,9150.45
1740,67,9092.86
1740,68,9113.94
1740,69,9263.73
1740,70,9183.76
1740,71,9219.08
1740,72,9263.35
1740,73,9213.16
1740,74,9268.92
1740,75,9318.92
1740,76,9131.28
1740,77,9239.74
1740,78,9175.94
1740,79,9246.64
1740,80,9245.43
1740,81,9146.21
1740,82,9130.21
1740,83,9141.23
1740,84,9113.48
1740,85,9133.69
1740,86,9199.22
1740,87,9213.08
1740,88,9236.37
1740,89,9106.58
1740,90,9061.12
1740,91,9158.62
1740,92,9088.85
1740,93,9181.86
1740,94,9141.83
1740,95,9203.53
1740,96,9142.18
1740,97,9235.21
1740,98,9179.22
1740,99,9206.93
1750,0,9305.34
1750,1,9243.87
1750,2,9268.31
1750,3,9218.19
1750,4,9109.15
1750,5,9248.74
1750,6,9190.3
1750,7,9205.24
1750,8,9090.45
1750,9,9172.3
1750,10,9128.78
1750,11,9221.09
1750,12,9250.06
1750,13,9182.6
1750,14,9074.33
1750,15,9276.4
1750,16,9111.63
1750,17,9315.21
1750,18,9238.07
1750,19,9238.86
1750,20,9180.17
1750,21,9139.78
1750,22,9227.25
1750,23,9182.14
1750,24,9254.73
1750,25,9163.46
1750,26,9214.24
1750,27,9066.34
1750,28,9093.28
1750,29,9179.59
1750,30,9194.07
1750,31,9243.98
1750,32,9174.74
1750,33,9145.71
1750,34,9121.38
1750,35,9102.13
1750,36,9275.24
1750,37,9158.28
1750,38,9256.18
1750,39,9217.12
1750,40,9274.46
1750,41,9123.42
1750,42,9230.66
1750,43,9150.91
1750,44,9172.57
1750,45,9100.39
1750,46,9176.58
1750,47,9254.13
1750,48,9317.57
1750,49,9127.03
1750,50,9171.96
1750,51,9241.31
1750,52,9291.85
1750,53,9208.67
1750,54,9140.17
1750,55,9172.27
1750,56,9183.73
1750,57,9141.06
1750,58,9057.89
1750,59,9269.42
1750,60,9198.55
1750,61,9085.27
1750,62,9164.3
1750,63,9277.03
1750,64,9232.71
1750,65,9034.64
1750,66,9139.15
1750,67,9079.6
1750,68,9103.85
1750,69,9254.91
1750,70,9170.53
1750,71,9206.79
1750,72,9253.48
1750,73,9202.85
1750,74,9258.76
1750,75,9309.35
1750,76,9121.89
1750,77,9229.38
1750,78,9166.29
1750,79,9235.95
1750,80,9235.7
1750,81,9136.71
1750,82,9120.41
1750,83,9131.26
1750,84,9099.98
1750,85,9123.03
1750,86,9187.86
1750,87,9203.03
1750,88,9228.46
1750,89,9097.94
1750,90,9049.22
1750,91,9148.21
1750,92,9075.72
1750,93,9169.63
1750,94,9130.57
1750,95,9195.72
1750,96,9131.19
1750,97,9223.46
1750,98,9167.7
1750,99,9197.08
1760,0,9305.04
1760,1,9243.57
1760,2,9268.01
1760,3,9217.89
1760,4,9108.85
1760,5,9248.44
1760,6,9190
1760,7,9204.94
1760,8,9090.15
1760,9,9172
1760,10,9128.48
1760,11,9220.79
1760,12,9249.76
1760,13,9182.3
1760,14,9074.03
1760,15,9276.1
1760,16,9111.33
1760,17,9314.91
1760,18,9237.77
1760,19,9238.56
1760,20,9179.87
1760,21,9139.48
1760,22,9226.95
1760,23,9181.84
1760,24,9254.43
1760,25,9163.16
1760,26,9213.94
1760,27,9066.04
1760,28,9092.98
1760,29,9179.29
1760,30,9193.77
1760,31,9243.68
1760,32,9174.44
1760,33,9145.41
1760,34,9121.08
1760,35,9101.83
1760,36,9274.94
1760,37,9157.98
1760,38,9255.88
1760,39,9216.82
1760,40,9274.16
1760,41,9123.12
1760,42,9230.36
1760,43,9150.61
1760,44,9172.27
1760,45,9100.09
1760,46,9176.28
1760,47,9253.83
1760,48,9317.27
1760,49,9126.73
1760,50,9171.66
1760,51,9241.01
1760,52,9291.55
1760,53,9208.37
1760,54,9139.87
1760,55,9171.97
1760,56,9183.43
1760,57,9140.76
1760,58,9057.59
1760,59,9269.12
1760,60,9198.25
1760,61,9084.97
1760,62,9164
1760,63,9276.73
1760,64,9232.41
1760,65,9034.34
1760,66,9138.85
1760,67,9079.3
1760,68,9103.55
1760,69,9254.61
1760,70,9170.23
1760,71,9206.49
1760,72,9253.18
1760,73,9202.55
1760,74,9258.46
1760,75,9309.05
1760,76,9121.59
1760,77,9229.08
1760,78,9165.99
1760,79,9235.65
1760,80,9235.4
1760,81,9136.41
1760,82,9120.11
1760,83,9130.96
1760,84,9099.68
1760,85,9122.73
1760,86,9187.56
1760,87,9202.73
1760,88,9228.16
1760,89,9097.64
1760,90,9048.92
1760,91,9147.91
1760,92,9075.42
1760,93,9169.33
1760,94,9130.27
1760,95,9195.42
1760,96,9130.89
1760,97,9223.16
1760,98,9167.4
1760,99,9196.78
1770,0,9304.74
1770,1,9243.27
1770,2,9267.66
1770,3,9217.59
1770,4,9108.55
1770,5,9248.14
1770,6,9189.7
1770,7,9204.64
1770,8,9089.85
1770,9,9171.64
1770,10,9128.18
1770,11,9220.49
1770,12,9249.46
1770,13,9182
1770,14,9073.73
1770,15,9275.8
1770,16,9111.03
1770,17,9314.61
1770,18,9237.47
1770,19,9237.79
1770,20,9179.57
1770,21,9139.18
1770,22,9226.65
1770,23,9181.54
1770,24,9254.13
1770,25,9162.86
1770,26,9213.64
1770,27,9065.74
1770,28,9092.68
1770,29,9178.99
1770,30,9193.47
1770,31,9243.32
1770,32,9174.14
1770,33,9145.11
1770,34,9120.78
1770,35,9101.47
1770,36,9274.64
1770,37,9157.68
1770,38,9255.58
1770,39,9216.52
1770,40,9273.86
1770,41,9122.82
1770,42,9230.06
1770,43,9150.31
1770,44,9171.97
1770,45,9099.79
1770,46,9175.98
1770,47,9253.53
1770,48,9316.97
1770,49,9126.43
1770,50,9171.36
1770,51,9240.71
1770,52,9291.25
1770,53,9208.07
1770,54,9139.57
1770,55,9171.67
1770,56,9183.13
1770,57,9139.68
1770,58,9057.29
1770,59,9268.82
1770,60,9197.95
1770,61,9084.67
1770,62,9163.7
1770,63,9276.43
1770,64,9232.11
1770,65,9034.04
1770,66,9138.55
1770,67,9079
1770,68,9103.25
1770,69,9254.31
1770,70,9169.93
1770,71,9206.19
1770,72,9252.88
1770,73,9202.25
1770,74,9258.16
1770,75,9308.75
1770,76,9121.29
1770,77,9228.78
1770,78,9165.69
1770,79,9235.35
1770,80,9235.1
1770,81,9136.11
1770,82,9119.81
1770,83,9130.66
1770,84,9099.38
1770,85,9122.43
1770,86,9187.26
1770,87,9202.25
1770,88,9227.86
1770,89,9097.34
1770,90,9048.62
1770,91,9147.61
1770,92,9075.12
1770,93,9169.03
1770,94,9129.97
1770,95,9195.12
1770,96,9130.59
1770,97,9222.86
1770,98,9167.1
1770,99,9196.48
1780,0,9296.26
1780,1,9233.97
1780,2,9257.22
1780,3,9207.32
1780,4,9098.14
1780,5,9238.43
1780,6,9178.3
1780,7,9194.37
1780,8,9077.08
1780,9,9162.23
1780,10,9116.56
1780,11,9211.32
1780,12,9241.05
1780,13,9171.86
1780,14,9061.13
1780,15,9267.54
1780,16,9099.29
1780,17,9305.66
1780,18,9229.09
1780,19,9226.83
1780,20,9172.22
1780,21,9125.78
1780,22,9216.55
1780,23,9169.98
1780,24,9245.18
1780,25,9152.45
1780,26,9205.64
1780,27,9054.33
1780,28,9081.74
1780,29,9167.57
1780,30,9182.58
1780,31,9232.57
1780,32,9162.5
1780,33,9135.02
1780,34,9108.37
1780,35,9090.48
1780,36,9265.7
1780,37,9147.94
1780,38,9245.3
1780,39,9205.54
1780,40,9264.09
1780,41,9111.59
1780,42,9220.03
1780,43,9134.15
1780,44,9159.59
1780,45,9090.63
1780,46,9164.18
1780,47,9243.2
1780,48,9307.79
1780,49,9113.5
1780,50,9160.23
1780,51,9230.6
1780,52,9284.4
1780,53,9199.57
1780,54,9126.69
1780,55,9159.39
1780,56,9174.4
1780,57,9129.35
1780,58,9044.54
1780,59,9258.7
1780,60,9185.48
1780,61,9071.65
1780,62,9152.54
1780,63,9266.03
1780,64,9218.67
1780,65,9020.97
1780,66,9124.69
1780,67,9066.69
1780,68,9092.4
1780,69,9246.95
1780,70,9157.35
1780,71,9195.92
1780,72,9243.46
1780,73,9190.1
1780,74,9247.48
1780,75,9298.58
1780,76,9111.88
1780,77,9218.77
1780,78,9154.53
1780,79,9225.31
1780,80,9225.17
1780,81,9124.63
1780,82,9109.25
1780,83,9120.79
1780,84,9090.69
1780,85,9113.27
1780,86,9175.58
1780,87,9192.39
1780,88,9217
1780,89,9087.3
1780,90,9036.05
1780,91,9139.65
1780,92,9063.01
1780,93,9159.11
1780,94,9117.73
1780,95,9187.01
1780,96,9120.42
1780,97,9209.06
1780,98,9156.4
1780,99,9185.99
1790,0,9295.96
1790,1,9233.67
1790,2,9256.92
1790,3,9207.02
1790,4,9097.84
1790,5,9238.13
1790,6,9178
1790,7,9194.07
1790,8,9076.78
1790,9,9161.93
1790,10,9116.26
1790,11,9211.02
1790,12,9240.75
1790,13,9171.56
1790,14,9060.83
1790,15,9267.24
1790,16,9098.99
1790,17,9305.36
1790,18,9228.79
1790,19,9226.53
1790,20,9171.92
1790,21,9125.48
1790,22,9216.25
1790,23,9169.68
1790,24,9244.88
1790,25,9152.15
1790,26,9205.34
1790,27,9054.03
1790,28,9081.44
1790,29,9167.27
1790,30,9182.28
1790,31,9232.27
1790,32,9162.2
1790,33,9134.72
1790,34,9108.07
1790,35,9090.18
1790,36,9265.4
1790,37,9147.64
1790,38,9245
1790,39,9205.24
1790,40,9263.79
1790,41,9111.29
1790,42,9219.73
1790,43,9133.85
1790,44,9159.29
1790,45,9090.33
1790,46,9163.88
1790,47,9242.9
1790,48,9307.49
1790,49,9113.2
1790,50,9159.93
1790,51,9230.3
1790,52,9284.1
1790,53,9199.27
1790,54,9126.39
1790,55,9159.09
1790,56,9174.1
1790,57,9129.05
1790,58,9044.24
1790,59,9258.4
1790,60,9185.18
1790,61,9071.35
1790,62,9152.24
1790,63,9265.73
1790,64,9218.37
1790,65,9020.67
1790,66,9124.39
1790,67,9066.39
1790,68,9092.1
1790,69,9246.65
1790,70,9157.05
1790,71,9195.62
1790,72,9243.16
1790,73,9189.8
1790,74,9247.18
1790,75,9298.28
1790,76,9111.58
1790,77,9218.47
1790,78,9154.23
1790,79,9225.01
1790,80,9224.87
1790,81,9124.33
1790,82,9108.95
1790,83,9120.49
1790,84,9090.39
1790,85,9112.97
1790,86,9175.28
1790,87,9192.09
1790,88,9216.7
1790,89,9087
1790,90,9035.75
1790,91,9139.35
1790,92,9062.71
1790,93,9158.81
1790,94,9117.43
1790,95,9186.71
1790,96,9120.12
1790,97,9208.76
1790,98,9156.1
1790,99,9185.69
1800,0,9295.66
1800,1,9233.37
1800,2,9256.62
1800,3,9206.72
1800,4,9097.54
1800,5,9237.83
1800,6,9177.7
1800,7,9193.77
1800,8,9076.48
1800,9,9161.63
1800,10,9115.96
1800,11,9210.72
1800,12,9240.45
1800,13,9171.26
1800,14,9060.53
1800,15,9266.94
1800,16,9098.69
1800,17,9305.06
1800,18,9228.49
1800,19,9226.23
1800,20,9171.62
1800,21,9125.18
1800,22,9215.95
1800,23,9169.38
1800,24,9244.58
1800,25,9151.85
1800,26,9205.04
1800,27,9053.73
1800,28,9081.14
1800,29,9166.97
1800,30,9181.98
1800,31,9231.97
1800,32,9161.9
1800,33,9134.42
1800,34,9107.77
1800,35,9089.88
1800,36,9265.1
1800,37,9147.34
1800,38,9244.7
1800,39,9204.94
1800,40,9263.49
1800,41,9110.99
1800,42,9219.43
1800,43,9133.55
1800,44,9158.99
1800,45,9090.03
1800,46,9163.58
1800,47,9242.6
1800,48,9307.19
1800,49,9112.9
1800,50,9159.63
1800,51,9230
1800,52,9283.8
1800,53,9198.97
1800,54,9126.09
1800,55,9158.79
1800,56,9173.8
1800,57,9128.75
1800,58,9043.94
1800,59,9258.1
1800,60,9184.88
1800,61,9071.05
1800,62,9151.94
1800,63,9265.43
1800,64,9218.07
1800,65,9020.37
1800,66,9124.09
1800,67,9066.09
1800,68,9091.8
1800,69,9246.35
1800,70,9156.75
1800,71,9195.32
1800,72,9242.86
1800,73,9189.5
1800,74,9246.88
1800,75,9297.98
1800,76,9111.28
1800,77,9218.17
1800,78,9153.93
1800,79,9224.71
1800,80,9224.57
1800,81,9124.03
1800,82,9108.65
1800,83,9120.19
1800,84,9090.09
1800,85,9112.67
1800,86,9174.98
1800,87,9191.79
1800,88,9216.4
1800,89,9086.7
1800,90,9035.45
1800,91,9139.05
1800,92,9062.41
1800,93,9158.51
1800,94,9117.13
1800,95,9186.41
1800,96,9119.82
1800,97,9208.46
1800,98,9155.8
1800,99,9185.39
1810,0,9285.6
1810,1,9225.26
1810,2,9246.97
1810,3,9196.17
1810,4,9088.12
1810,5,9228.02
1810,6,9167.04
1810,7,9184.07
1810,8,9066.94
1810,9,9151.6
1810,10,9105.46
1810,11,9201.01
1810,12,9233.02
1810,13,9161.81
1810,14,9048.02
1810,15,9257.68
1810,16,9087.9
1810,17,9297.55
1810,18,9217.18
1810,19,9216.22
1810,20,9159.07
1810,21,9112.18
1810,22,9204.28
1810,23,9155.73
1810,24,9235.55
1810,25,9140.92
1810,26,9198.23
1810,27,9042.25
1810,28,9070.68
1810,29,9155.18
1810,30,9171.94
1810,31,9220.94
1810,32,9150.09
1810,33,9124.69
1810,34,9096.05
1810,35,9078.26
1810,36,9258.32
1810,37,9139
1810,38,9232.28
1810,39,9194.92
1810,40,9256.31
1810,41,9101.2
1810,42,9209.16
1810,43,9121.36
1810,44,9146.37
1810,45,9081.14
1810,46,9153.04
1810,47,9233.84
1810,48,9300.85
1810,49,9100.65
1810,50,9150.28
1810,51,9220.96
1810,52,9275.68
1810,53,9190.8
1810,54,9114.75
1810,55,9146.49
1810,56,9165.38
1810,57,9117.68
1810,58,9032.55
1810,59,9248.61
1810,60,9175.33
1810,61,9061.6
1810,62,9139.84
1810,63,9257.29
1810,64,9204.61
1810,65,9009.11
1810,66,9113.81
1810,67,9053.94
1810,68,9080.78
1810,69,9239.69
1810,70,9143.97
1810,71,9184.98
1810,72,9235.22
1810,73,9178.32
1810,74,9237.22
1810,75,9289.07
1810,76,9101.52
1810,77,9209.25
1810,78,9142.6
1810,79,9214.61
1810,80,9214.22
1810,81,9114.51
1810,82,9097.42
1810,83,9110.44
1810,84,9079.21
1810,85,9103.06
1810,86,9164.07
1810,87,9181.42
1810,88,9208.69
1810,89,9078.75
1810,90,9025.19
1810,91,9128.09
1810,92,9050.49
1810,93,9148.64
1810,94,9106.3
1810,95,9178.14
1810,96,9109.21
1810,97,9195.14
1810,98,9145.84
1810,99,9174.88
1820,0,9285.3
1820,1,9224.96
1820,2,9246.67
1820,3,9195.87
1820,4,9087.82
1820,5,9227.72
1820,6,9166.74
1820,7,9183.77
1820,8,9066.64
1820,9,9151.3
1820,10,9105.16
1820,11,9200.71
1820,12,9232.72
1820,13,9161.51
1820,14,9047.72
1820,15,9257.38
1820,16,9087.6
1820,17,9297.25
1820,18,9216.88
1820,19,9215.92
1820,20,9158.77
1820,21,9111.88
1820,22,9203.98
1820,23,9155.43
1820,24,9235.25
1820,25,9140.62
1820,26,9197.93
1820,27,9041.95
1820,28,9070.38
1820,29,9154.88
1820,30,9171.64
1820,31,9220.64
1820,32,9149.79
1820,33,9124.39
1820,34,9095.75
1820,35,9077.96
1820,36,9258.02
1820,37,9138.7
1820,38,9231.98
1820,39,9194.62
1820,40,9256.01
1820,41,9100.9
1820,42,9208.86
1820,43,9121.06
1820,44,9146.07
1820,45,9080.84
1820,46,9152.74
1820,47,9233.54
1820,48,9300.55
1820,49,9100.35
1820,50,9149.98
1820,51,9220.66
1820,52,9275.38
1820,53,9190.5
1820,54,9114.45
1820,55,9146.19
1820,56,9165.08
1820,57,9117.38
1820,58,9032.25
1820,59,9248.31
1820,60,9175.03
1820,61,9061.3
1820,62,9139.54
1820,63,9256.99
1820,64,9204.31
1820,65,9008.81
1820,66,9113.51
1820,67,9053.64
1820,68,9080.48
1820,69,9239.39
1820,70,9143.67
1820,71,9184.68
1820,72,9234.92
1820,73,9178.02
1820,74,9236.92
1820,75,9288.77
1820,76,9101.22
1820,77,9208.95
1820,78,9142.3
1820,79,9214.31
1820,80,9213.92
1820,81,9114.21
1820,82,9097.12
1820,83,9110.14
1820,84,9078.91
1820,85,9102.76
1820,86,9163.77
1820,87,9181.12
1820,88,9208.39
1820,89,9078.45
1820,90,9024.89
1820,91,9127.79
1820,92,9050.19
1820,93,9148.34
1820,94,9106
1820,95,9177.84
1820,96,9108.91
1820,97,9194.84
1820,98,9145.54
1820,99,9174.58
1830,0,9285
1830,1,9224.66
1830,2,9246.37
1830,3,9195.57
1830,4,9087.52
1830,5,9227.42
1830,6,9166.44
1830,7,9183.47
1830,8,9066.34
1830,9,9151
1830,10,9104.86
1830,11,9200.41
1830,12,9232.42
1830,13,9161.21
1830,14,9047.42
1830,15,9257.08
1830,16,9087.3
1830,17,9296.95
1830,18,9216.58
1830,19,9215.62
1830,20,9158.47
1830,21,9111.58
1830,22,9203.68
1830,23,9155.13
1830,24,9234.95
1830,25,9140.32
1830,26,9197.63
1830,27,9041.65
1830,28,9070.08
1830,29,9154.58
1830,30,9171.34
1830,31,9220.34
1830,32,9149.49
1830,33,9124.09
1830,34,9095.45
1830,35,9077.66
1830,36,9257.72
1830,37,9138.4
1830,38,9231.68
1830,39,9194.32
1830,40,9255.71
1830,41,9100.6
1830,42,9208.56
1830,43,9120.76
1830,44,9145.77
1830,45,9080.54
1830,46,9152.44
1830,47,9233.24
1830,48,9300.25
1830,49,9100.05
1830,50,9149.68
1830,51,9220.36
1830,52,9275.08
1830,53,9190.2
1830,54,9114.15
1830,55,9145.89
1830,56,9164.78
1830,57,9117.08
1830,58,9031.95
1830,59,9248.01
1830,60,9174.73
1830,61,9061
1830,62,9139.24
1830,63,9256.69
1830,64,9204.01
1830,65,9008.51
1830,66,9113.21
1830,67,9053.34
1830,68,9080.18
1830,69,9239.09
1830,70,9143.37
1830,71,9184.38
1830,72,9234.62
1830,73,9177.72
1830,74,9236.62
1830,75,9288.47
1830,76,9100.92
1830,77,9208.65
1830,78,9142
1830,79,9214.01
1830,80,9213.62
1830,81,9113.91
1830,82,9096.82
1830,83,9109.84
1830,84,9078.61
1830,85,9102.46
1830,86,9163.47
1830,87,9180.82
1830,88,9208.09
1830,89,9078.15
1830,90,9024.59
1830,91,9127.49
1830,92,9049.89
1830,93,9148.04
1830,94,9105.7
1830,95,9177.54
1830,96,9108.61
1830,97,9194.54
1830,98,9145.24
1830,99,9174.28
1840,0,9273.44
1840,1,9213.47
1840,2,9234.39
1840,3,9183.56
1840,4,9073.17
1840,5,9214.63
1840,6,9152.8
1840,7,9173.62
1840,8,9052.34
1840,9,9141.22
1840,10,9090.65
1840,11,9188.9
1840,12,9224.12
1840,13,9149.96
1840,14,9033.25
1840,15,9247.72
1840,16,9076.42
1840,17,9286.22
1840,18,9204.32
1840,19,9203.86
1840,20,9148.63
1840,21,9098.53
1840,22,9192.43
1840,23,9143.74
1840,24,9225.91
1840,25,9128.55
1840,26,9187.09
1840,27,9025.77
1840,28,9057.76
1840,29,9145.48
1840,30,9157.66
1840,31,9209.11
1840,32,9139.08
1840,33,9109.26
1840,34,9082.08
1840,35,9065.93
1840,36,9247.37
1840,37,9125.27
1840,38,9219.25
1840,39,9181.92
1840,40,9245.8
1840,41,9089.56
1840,42,9196.63
1840,43,9106.26
1840,44,9130.41
1840,45,9069.12
1840,46,9139.64
1840,47,9223.86
1840,48,9290.64
1840,49,9084.35
1840,50,9141.51
1840,51,9208.37
1840,52,9266.39
1840,53,9179.18
1840,54,9102.17
1840,55,9133.65
1840,56,9152.73
1840,57,9106.09
1840,58,9019.45
1840,59,9236.41
1840,60,9164.83
1840,61,9046.76
1840,62,9127.51
1840,63,9245.2
1840,64,9193.48
1840,65,8993.51
1840,66,9099.57
1840,67,9041.24
1840,68,9066.64
1840,69,9230.7
1840,70,9131.31
1840,71,9173.37
1840,72,9223.68
1840,73,9162.87
1840,74,9224.71
1840,75,9276.17
1840,76,9088.4
1840,77,9199.72
1840,78,9132.55
1840,79,9202.16
1840,80,9201.42
1840,81,9099.54
1840,82,9084.75
1840,83,9099.39
1840,84,9067.59
1840,85,9090.05
1840,86,9151.33
1840,87,9170.79
1840,88,9196.6
1840,89,9065.81
1840,90,9010.64
1840,91,9116.69
1840,92,9037.91
1840,93,9135.36
1840,94,9092.79
1840,95,9166.54
1840,96,9094.13
1840,97,9181.82
1840,98,9131.75
1840,99,9160.88
1850,0,9273.14
1850,1,9213.17
1850,2,9234.09
1850,3,9183.26
1850,4,9072.87
1850,5,9214.33
1850,6,9152.5
1850,7,9173.32
1850,8,9052.04
1850,9,9140.92
1850,10,9090.35
1850,11,9188.6
1850,12,9223.82
1850,13,9149.66
1850,14,9032.95
1850,15,9247.42
1850,16,9076.12
1850,17,9285.92
1850,18,9204.02
1850,19,9203.56
1850,20,9148.33
1850,21,9098.23
1850,22,9192.13
1850,23,9143.44
1850,24,9225.61
1850,25,9128.25
1850,26,9186.79
1850,27,9025.47
1850,28,9057.46
1850,29,9145.18
1850,30,9157.36
1850,31,9208.81
1850,32,9138.78
1850,33,9108.96
1850,34,9081.78
1850,35,9065.63
1850,36,9247.07
1850,37,9124.97
1850,38,9218.95
1850,39,9181.62
1850,40,9245.5
1850,41,9089.26
1850,42,9196.33
1850,43,9105.96
1850,44,9130.11
1850,45,9068.82
1850,46,9139.34
1850,47,9223.56
1850,48,9290.34
1850,49,9084.05
1850,50,9141.21
1850,51,9208.07
1850,52,9266.09
1850,53,9178.88
1850,54,9101.87
1850,55,9133.35
1850,56,9152.43
1850,57,9105.79
1850,58,9019.15
1850,59,9236.11
1850,60,9164.53
1850,61,9046.46
1850,62,9127.21
1850,63,9244.9
1850,64,9193.18
1850,65,8993.21
1850,66,9099.27
1850,67,9040.94
1850,68,9066.34
1850,69,9230.4
1850,70,9131.01
1850,71,9173.07
1850,72,9223.38
1850,73,9162.57
1850,74,9224.41
1850,75,9275.87
1850,76,9088.1
1850,77,9199.42
1850,78,9132.25
1850,79,9201.86
1850,80,9201.12
1850,81,9099.24
1850,82,9084.45
1850,83,9099.09
1850,84,9067.29
1850,85,9089.75
1850,86,9151.03
1850,87,9170.49
1850,88,9196.3
1850,89,9065.51
1850,90,9010.34
1850,91,9116.39
1850,92,9037.61
1850,93,9135.06
1850,94,9092.49
1850,95,9166.24
1850,96,9093.83
1850,97,9181.52
1850,98,9131.45
1850,99,9160.58
1860,0,9272.84
1860,1,9212.87
1860,2,9233.79
1860,3,9182.96
1860,4,9072.57
1860,5,9214.03
1860,6,9152.2
1860,7,9173.02
1860,8,9051.74
1860,9,9140.62
1860,10,9090.05
1860,11,9188.3
1860,12,9223.52
1860,13,9149.36
1860,14,9032.65
1860,15,9247.12
1860,16,9075.82
1860,17,9285.62
1860,18,9203.72
1860,19,9203.26
1860,20,9148.03
1860,21,9097.93
1860,22,9191.83
1860,23,9143.14
1860,24,9225.31
1860,25,9127.95
1860,26,9186.49
1860,27,9025.17
1860,28,9057.16
1860,29,9144.88
1860,30,9157.06
1860,31,9208.51
1860,32,9138.48
1860,33,9108.66
1860,34,9081.48
1860,35,9065.33
1860,36,9246.77
1860,37,9124.67
1860,38,9218.65
1860,39,9181.32
1860,40,9245.2
1860,41,9088.96
1860,42,9196.03
1860,43,9105.66
1860,44,9129.81
1860,45,9068.52
1860,46,9139.04
1860,47,9223.26
1860,48,9290.04
1860,49,9083.75
1860,50,9140.91
1860,51,9207.77
1860,52,9265.79
1860,53,9178.58
1860,54,9101.57
1860,55,9133.05
1860,56,9152.13
1860,57,9105.49
1860,58,9018.85
1860,59,9235.81
1860,60,9164.23
1860,61,9046.16
1860,62,9126.91
1860,63,9244.6
1860,64,9192.88
1860,65,8992.91
1860,66,9098.97
1860,67,9040.64
1860,68,9066.04
1860,69,9230.1
1860,70,9130.71
1860,71,9172.77
1860,72,9223.08
1860,73,9162.27
1860,74,9224.11
1860,75,9275.57
1860,76,9087.8
1860,77,9199.12
1860,78,9131.95
1860,79,9201.56
1860,80,9200.82
1860,81,9098.94
1860,82,9084.15
1860,83,9098.79
1860,84,9066.99
1860,85,9089.45
1860,86,9150.73
1860,87,9170.19
1860,88,9196
1860,89,9065.21
1860,90,9010.04
1860,91,9116.09
1860,92,9037.31
1860,93,9134.76
1860,94,9092.19
1860,95,9165.94
1860,96,9093.53
1860,97,9181.22
1860,98,9131.15
1860,99,9160.28
1870,0,9264.21
1870,1,9204.47
1870,2,9223.84
1870,3,9171.68
1870,4,9061.84
1870,5,9203.7
1870,6,9142.65
1870,7,9162.99
1870,8,9039.91
1870,9,9130.82
1870,10,9079.55
1870,11,9180
1870,12,9215.47
1870,13,9138.85
1870,14,9023.29
1870,15,9237.63
1870,16,9064.84
1870,17,9278.02
1870,18,9190.9
1870,19,9191.89
1870,20,9136.56
1870,21,9085.27
1870,22,9181.02
1870,23,9133.45
1870,24,9217.52
1870,25,9116.16
1870,26,9178.61
1870,27,9014.04
1870,28,9045.3
1870,29,9135.94
1870,30,9147.34
1870,31,9197.11
1870,32,9127.33
1870,33,9098.14
1870,34,9069.41
1870,35,9053.65
1870,36,9237.55
1870,37,9115.09
1870,38,9206.11
1870,39,9172.22
1870,40,9235.25
1870,41,9078.32
1870,42,9186.27
1870,43,9094.85
1870,44,9118.11
1870,45,9059.37
1870,46,9127.23
1870,47,9213.54
1870,48,9280.44
1870,49,9071.02
1870,50,9132.56
1870,51,9198.1
1870,52,9257.86
1870,53,9169.98
1870,54,9091.35
1870,55,9120.53
1870,56,9141.42
1870,57,9094.74
1870,58,9007.08
1870,59,9228.22
1870,60,9154.39
1870,61,9036.32
1870,62,9114.22
1870,63,9236.04
1870,64,9182.5
1870,65,8982.16
1870,66,9088.98
1870,67,9028.89
1870,68,9056.48
1870,69,9223.36
1870,70,9121.53
1870,71,9164.25
1870,72,9215.05
1870,73,9151.28
1870,74,9213.59
1870,75,9266.3
1870,76,9077.56
1870,77,9190.03
1870,78,9123.46
1870,79,9191.64
1870,80,9190.92
1870,81,9088.29
1870,82,9075.43
1870,83,9088.95
1870,84,9055.46
1870,85,9080.98
1870,86,9139.81
1870,87,9162.2
1870,88,9188.31
1870,89,9055.46
1870,90,9000.29
1870,91,9107.28
1870,92,9025.14
1870,93,9120.6
1870,94,9080.61
1870,95,9157.47
1870,96,9082.88
1870,97,9170.18
1870,98,9121.57
1870,99,9150.45
1880,0,9263.91
1880,1,9204.17
1880,2,9223.54
1880,3,9171.38
1880,4,9061.54
1880,5,9203.4
1880,6,9142.35
1880,7,9162.69
1880,8,9039.61
1880,9,9130.52
1880,10,9079.25
1880,11,9179.7
1880,12,9215.17
1880,13,9138.55
1880,14,9022.99
1880,15,9237.33
1880,16,9064.54
1880,17,9277.72
1880,18,9190.6
1880,19,9191.59
1880,20,9136.26
1880,21,9084.97
1880,22,9180.72
1880,23,9133.15
1880,24,9217.22
1880,25,9115.86
1880,26,9178.31
1880,27,9013.74
1880,28,9045
1880,29,9135.64
1880,30,9147.04
1880,31,9196.81
1880,32,9127.03
1880,33,9097.84
1880,34,9069.11
1880,35,9053.35
1880,36,9237.25
1880,37,9114.79
1880,38,9205.81
1880,39,9171.92
1880,40,9234.95
1880,41,9078.02
1880,42,9185.97
1880,43,9094.55
1880,44,9117.81
1880,45,9059.07
1880,46,9126.93
1880,47,9213.24
1880,48,9280.14
1880,49,9070.72
1880,50,9132.26
1880,51,9197.8
1880,52,9257.56
1880,53,9169.68
1880,54,9091.05
1880,55,9120.23
1880,56,9141.12
1880,57,9094.44
1880,58,9006.78
1880,59,9227.92
1880,60,9154.09
1880,61,9036.02
1880,62,9113.92
1880,63,9235.74
1880,64,9182.2
1880,65,8981.86
1880,66,9088.68
1880,67,9028.59
1880,68,9056.18
1880,69,9223.06
1880,70,9121.23
1880,71,9163.95
1880,72,9214.75
1880,73,9150.98
1880,74,9213.29
1880,75,9266
1880,76,9077.26
1880,77,9189.73
1880,78,9123.16
1880,79,9191.34
1880,80,9190.62
1880,81,9087.99
1880,82,9075.13
1880,83,9088.65
1880,84,9055.16
1880,85,9080.68
1880,86,9139.51
1880,87,9161.9
1880,88,9188.01
1880,89,9055.16
1880,90,8999.99
1880,91,9106.98
1880,92,9024.84
1880,93,9120.3
1880,94,9080.31
1880,95,9157.17
1880,96,9082.58
1880,97,9169.88
1880,98,9121.27
1880,99,9150.15
1890,0,9263.61
1890,1,9203.87
1890,2,9223.24
1890,3,9171.08
1890,4,9061.24
1890,5,9203.1
1890,6,9142.05
1890,7,9162.39
1890,8,9039.31
1890,9,9130.22
1890,10,9078.95
1890,11,9179.4
1890,12,9214.87
1890,13,9138.25
1890,14,9022.69
1890,15,9237.03
1890,16,9064.24
1890,17,9277.42
1890,18,9190.3
1890,19,9191.29
1890,20,9135.96
1890,21,9084.67
1890,22,9180.42
1890,23,9132.85
1890,24,9216.92
1890,25,9115.56
1890,26,9178.01
1890,27,9013.44
1890,28,9044.7
1890,29,9135.34
1890,30,9146.74
1890,31,9196.51
1890,32,9126.73
1890,33,9097.54
1890,34,9068.81
1890,35,9053.05
1890,36,9236.95
1890,37,9114.49
1890,38,9205.51
1890,39,9171.62
1890,40,9234.65
1890,41,9077.72
1890,42,9185.67
1890,43,9094.25
1890,44,9117.51
1890,45,9058.77
1890,46,9126.63
1890,47,9212.94
1890,48,9279.84
1890,49,9070.42
1890,50,9131.96
1890,51,9197.5
1890,52,9257.26
1890,53,9169.38
1890,54,9090.75
1890,55,9119.93
1890,56,9140.82
1890,57,9094.14
1890,58,9006.48
1890,59,9227.62
1890,60,9153.79
1890,61,9035.72
1890,62,9113.62
1890,63,9235.44
1890,64,9181.9
1890,65,8981.56
1890,66,9088.38
1890,67,9028.29
1890,68,9055.88
1890,69,9222.76
1890,70,9120.93
1890,71,9163.65
1890,72,9214.45
1890,73,9150.68
1890,74,9212.99
1890,75,9265.7
1890,76,9076.96
1890,77,9189.43
1890,78,9122.86
1890,79,9191.04
1890,80,9190.32
1890,81,9087.69
1890,82,9074.83
1890,83,9088.35
1890,84,9054.86
1890,85,9080.38
1890,86,9139.21
1890,87,9161.6
1890,88,9187.71
1890,89,9054.86
1890,90,8999.69
1890,91,9106.68
1890,92,9024.54
1890,93,9120
1890,94,9080.01
1890,95,9156.87
1890,96,9082.28
1890,97,9169.58
1890,98,9120.97
1890,99,9149.85
1900,0,9253.82
1900,1,9193.37
1900,2,9212.69
1900,3,9159.56
1900,4,9049.97
1900,5,9194.2
1900,6,9129.82
1900,7,9152.16
1900,8,9029.37
1900,9,9122.37
1900,10,9065.71
1900,11,9171.72
1900,12,9205.71
1900,13,9128.18
1900,14,9009.57
1900,15,9229.99
1900,16,9051.66
1900,17,9269.7
1900,18,9177.12
1900,19,9179.06
1900,20,9127.74
1900,21,9071.87
1900,22,9169.16
1900,23,9122.32
1900,24,9208.29
1900,25,9103.17
1900,26,9168.42
1900,27,8999.71
1900,28,9032.03
1900,29,9126.22
1900,30,9136.6
1900,31,9184.83
1900,32,9115.89
1900,33,9085.28
1900,34,9058.82
1900,35,9039.78
1900,36,9226.75
1900,37,9103.36
1900,38,9195.81
1900,39,9160.44
1900,40,9223.99
1900,41,9067.8
1900,42,9177.04
1900,43,9083.81
1900,44,9106.77
1900,45,9049.79
1900,46,9117.58
1900,47,9202.59
1900,48,9269.73
1900,49,9059.54
1900,50,9123.88
1900,51,9189.11
1900,52,9249.99
1900,53,9159.97
1900,54,9076.06
1900,55,9109.97
1900,56,9130.37
1900,57,9080.03
1900,58,8995.82
1900,59,9220.01
1900,60,9144.36
1900,61,9025.75
1900,62,9103.53
1900,63,9225.79
1900,64,9171.63
1900,65,8971.03
1900,66,9075.04
1900,67,9014.18
1900,68,9046.06
1900,69,9213.94
1900,70,9109.89
1900,71,9154.85
1900,72,9204.91
1900,73,9137.11
1900,74,9204.38
1900,75,9257.02
1900,76,9064.82
1900,77,9180.25
1900,78,9114.64
1900,79,9178.96
1900,80,9181.52
1900,81,9077.45
1900,82,9063.27
1900,83,9078.42
1900,84,9043.4
1900,85,9070.35
1900,86,9127.17
1900,87,9153.84
1900,88,9175.67
1900,89,9044.03
1900,90,8989.48
1900,91,9097.93
1900,92,9014.66
1900,93,9107.86
1900,94,9067.18
1900,95,9147.25
1900,96,9069.93
1900,97,9161.83
1900,98,9111.04
1900,99,9138.84
1910,0,9253.52
1910,1,9193.07
1910,2,9212.39
1910,3,9159.26
1910,4,9049.67
1910,5,9193.9
1910,6,9129.52
1910,7,9151.86
1910,8,9029.07
1910,9,9122.07
1910,10,9065.41
1910,11,9171.42
1910,12,9205.41
1910,13,9127.88
1910,14,9009.27
1910,15,9229.69
1910,16,9051.36
1910,17,9269.4
1910,18,9176.82
1910,19,9178.76
1910,20,9127.44
1910,21,9071.57
1910,22,9168.86
1910,23,9122.02
1910,24,9207.99
1910,25,9102.87
1910,26,9168.12
1910,27,8999.41
1910,28,9031.73
1910,29,9125.92
1910,30,9136.3
1910,31,9184.53
1910,32,9115.59
1910,33,9084.98
1910,34,9058.52
1910,35,9039.48
1910,36,9226.45
1910,37,9103.06
1910,38,9195.51
1910,39,9160.14
1910,40,9223.69
1910,41,9067.5
1910,42,9176.74
1910,43,9083.51
1910,44,9106.47
1910,45,9049.49
1910,46,9117.28
1910,47,9202.29
1910,48,9269.43
1910,49,9059.24
1910,50,9123.58
1910,51,9188.81
1910,52,9249.69
1910,53,9159.67
1910,54,9075.76
1910,55,9109.67
1910,56,9130.07
1910,57,9079.73
1910,58,8995.52
1910,59,9219.71
1910,60,9144.06
1910,61,9025.45
1910,62,9103.23
1910,63,9225.49
1910,64,9171.33
1910,65,8970.73
1910,66,9074.74
1910,67,9013.88
1910,68,9045.76
1910,69,9213.64
1910,70,9109.59
1910,71,9154.55
1910,72,9204.61
1910,73,9136.81
1910,74,9204.08
1910,75,9256.72
1910,76,9064.52
1910,77,9179.95
1910,78,9114.34
1910,79,9178.66
1910,80,9181.22
1910,81,9077.15
1910,82,9062.97
1910,83,9078.12
1910,84,9043.1
1910,85,9070.05
1910,86,9126.87
1910,87,9153.54
1910,88,9175.37
1910,89,9043.73
1910,90,8989.18
1910,91,9097.63
1910,92,9014.36
1910,93,9107.56
1910,94,9066.88
1910,95,9146.95
1910,96,9069.63
1910,97,9161.53
1910,98,9110.74
1910,99,9138.54
1920,0,9253.22
1920,1,9192.77
1920,2,9212.09
1920,3,9158.96
1920,4,9049.37
1920,5,9193.6
1920,6,9129.22
1920,7,9151.56
1920,8,9028.77
1920,9,9121.77
1920,10,9065.11
1920,11,9171.12
1920,12,9205.11
1920,13,9127.58
1920,14,9008.97
1920,15,9229.39
1920,16,9051.06
1920,17,9269.1
1920,18,9176.52
1920,19,9178.46
1920,20,9127.14
1920,21,9071.27
1920,22,9168.56
1920,23,9121.72
1920,24,9207.69
1920,25,9102.57
1920,26,9167.82
1920,27,8999.11
1920,28,9031.43
1920,29,9125.62
1920,30,9136
1920,31,9184.23
1920,32,9115.29
1920,33,9084.68
1920,34,9058.22
1920,35,9039.18
1920,36,9226.15
1920,37,9102.76
1920,38,9195.21
1920,39,9159.84
1920,40,9223.39
1920,41,9067.2
1920,42,9176.44
1920,43,9083.21
1920,44,9106.17
1920,45,9049.19
1920,46,9116.98
1920,47,9201.99
1920,48,9269.13
1920,49,9058.94
1920,50,9123.28
1920,51,9188.51
1920,52,9249.39
1920,53,9159.37
1920,54,9075.46
1920,55,9109.37
1920,56,9129.77
1920,57,9079.43
1920,58,8995.22
1920,59,9219.41
1920,60,9143.76
1920,61,9025.15
1920,62,9102.93
1920,63,9225.19
1920,64,9171.03
1920,65,8970.43
1920,66,9074.44
1920,67,9013.58
1920,68,9045.46
1920,69,9213.34
1920,70,9109.29
1920,71,9154.25
1920,72,9204.31
1920,73,9136.51
1920,74,9203.78
1920,75,9256.42
1920,76,9064.22
1920,77,9179.65
1920,78,9114.04
1920,79,9178.36
1920,80,9180.92
1920,81,9076.85
1920,82,9062.67
1920,83,9077.82
1920,84,9042.8
1920,85,9069.75
1920,86,9126.57
1920,87,9153.24
1920,88,9175.07
1920,89,9043.43
1920,90,8988.88
1920,91,9097.33
1920,92,9014.06
1920,93,9107.26
1920,94,9066.58
1920,95,9146.65
1920,96,9069.33
1920,97,9161.23
1920,98,9110.44
1920,99,9138.24
1930,0,9243.51
1930,1,9184.62
1930,2,9202.92
1930,3,9145.68
1930,4,9038.45
1930,5,9184.85
1930,6,9120.12
1930,7,9139.76
1930,8,9018.44
1930,9,9113.39
1930,10,9052.49
1930,11,9160.77
1930,12,9195.89
1930,13,9115.86
1930,14,8995.88
1930,15,9219.77
1930,16,9039.08
1930,17,9260.52
1930,18,9160.56
1930,19,9168.27
1930,20,9113.29
1930,21,9058.45
1930,22,9157.88
1930,23,9107.99
1930,24,9198.54
1930,25,9089.95
1930,26,9158.07
1930,27,8988.54
1930,28,9018.65
1930,29,9117.26
1930,30,9126.51
1930,31,9173.85
1930,32,9103.63
1930,33,9070.96
1930,34,9041.52
1930,35,9026.56
1930,36,9215.8
1930,37,9090.54
1930,38,9183.96
1930,39,9147.75
1930,40,9213.21
1930,41,9056.21
1930,42,9168.31
1930,43,9064.82
1930,44,9095.93
1930,45,9038.78
1930,46,9099.11
1930,47,9192.36
1930,48,9259.89
1930,49,9048.95
1930,50,9114.45
1930,51,9180.3
1930,52,9242.72
1930,53,9148.36
1930,54,9061.1
1930,55,9098.73
1930,56,9118.31
1930,57,9062.81
1930,58,8984.18
1930,59,9211.78
1930,60,9134.05
1930,61,9014.52
1930,62,9092.02
1930,63,9212.75
1930,64,9160.89
1930,65,8957.59
1930,66,9061.45
1930,67,8999.72
1930,68,9035.95
1930,69,9204.91
1930,70,9095.7
1930,71,9139.16
1930,72,9194.33
1930,73,9122.82
1930,74,9192.9
1930,75,9246.84
1930,76,9052.46
1930,77,9170.37
1930,78,9100.54
1930,79,9168.49
1930,80,9172.6
1930,81,9063.53
1930,82,9052.11
1930,83,9066.97
1930,84,9030.61
1930,85,9056.96
1930,86,9116.09
1930,87,9138.58
1930,88,9165.94
1930,89,9031.5
1930,90,8979.15
1930,91,9087.07
1930,92,9001.87
1930,93,9091.36
1930,94,9056.44
1930,95,9136.92
1930,96,9060
1930,97,9149.68
1930,98,9099.64
1930,99,9127.66
1940,0,9243.21
1940,1,9184.32
1940,2,9202.62
1940,3,9145.38
1940,4,9038.15
1940,5,9184.55
1940,6,9119.82
1940,7,9139.46
1940,8,9018.14
1940,9,9113.09
1940,10,9052.19
1940,11,9160.47
1940,12,9195.59
1940,13,9115.56
1940,14,8995.58
1940,15,9219.47
1940,16,9038.78
1940,17,9260.22
1940,18,9160.26
1940,19,9167.97
1940,20,9112.99
1940,21,9058.15
1940,22,9157.58
1940,23,9107.69
1940,24,9198.24
1940,25,9089.65
1940,26,9157.77
1940,27,8988.24
1940,28,9018.35
1940,29,9116.96
1940,30,9126.21
1940,31,9173.55
1940,32,9103.33
1940,33,9070.66
1940,34,9041.22
1940,35,9026.26
1940,36,9215.5
1940,37,9090.24
1940,38,9183.66
1940,39,9147.45
1940,40,9212.91
1940,41,9055.91
1940,42,9168.01
1940,43,9064.52
1940,44,9095.63
1940,45,9038.48
1940,46,9098.81
1940,47,9192.06
1940,48,9259.59
1940,49,9048.65
1940,50,9114.15
1940,51,9180
1940,52,9242.42
1940,53,9148.06
1940,54,9060.8
1940,55,9098.43
1940,56,9118.01
1940,57,9062.51
1940,58,8983.88
1940,59,9211.48
1940,60,9133.75
1940,61,9014.22
1940,62,9091.72
1940,63,9212.45
1940,64,9160.59
1940,65,8957.29
1940,66,9061.15
1940,67,8999.42
1940,68,9035.65
1940,69,9204.61
1940,70,9095.4
1940,71,9138.86
1940,72,9194.03
1940,73,9122.52
1940,74,9192.6
1940,75,9246.54
1940,76,9052.16
1940,77,9170.07
1940,78,9100.24
1940,79,9168.19
1940,80,9172.3
1940,81,9063.23
1940,82,9051.81
1940,83,9066.67
1940,84,9030.31
1940,85,9056.66
1940,86,9115.79
1940,87,9138.28
1940,88,9165.64
1940,89,9031.2
1940,90,8978.85
1940,91,9086.77
1940,92,9001.57
1940,93,9091.06
1940,94,9056.14
1940,95,9136.62
1940,96,9059.7
1940,97,9149.38
1940,98,9099.34
1940,99,9127.36
1950,0,9242.91
1950,1,9184.02
1950,2,9202.32
1950,3,9145.08
1950,4,9037.85
1950,5,9184.25
1950,6,9119.52
1950,7,9139.16
1950,8,9017.84
1950,9,9112.79
1950,10,9051.89
1950,11,9160.17
1950,12,9195.29
1950,13,9115.26
1950,14,8995.28
1950,15,9219.17
1950,16,9038.48
1950,17,9259.92
1950,18,9159.96
1950,19,9167.67
1950,20,9112.69
1950,21,9057.85
1950,22,9157.28
1950,23,9107.39
1950,24,9197.94
1950,25,9089.35
1950,26,9157.47
1950,27,8987.94
1950,28,9018.05
1950,29,9116.66
1950,30,9125.91
1950,31,9173.25
1950,32,9103.03
1950,33,9070.36
1950,34,9040.92
1950,35,9025.96
1950,36,9215.2
1950,37,9089.94
1950,38,9183.36
1950,39,9147.15
1950,40,9212.61
1950,41,9055.61
1950,42,9167.71
1950,43,9064.22
1950,44,9095.33
1950,45,9038.18
1950,46,9098.51
1950,47,9191.76
1950,48,9259.29
1950,49,9048.35
1950,50,9113.85
1950,51,9179.7
1950,52,9242.12
1950,53,9147.76
1950,54,9060.5
1950,55,9098.13
1950,56,9117.71
1950,57,9062.21
1950,58,8983.58
1950,59,9211.18
1950,60,9133.45
1950,61,9013.92
1950,62,9091.42
1950,63,9212.15
1950,64,9160.29
1950,65,8956.99
1950,66,9060.85
1950,67,8999.12
1950,68,9035.35
1950,69,9204.31
1950,70,9095.1
1950,71,9138.56
1950,72,9193.73
1950,73,9122.22
1950,74,9192.3
1950,75,9246.24
1950,76,9051.86
1950,77,9169.77
1950,78,9099.94
1950,79,9167.89
1950,80,9172
1950,81,9062.93
1950,82,9051.51
1950,83,9066.37
1950,84,9030.01
1950,85,9056.36
1950,86,9115.49
1950,87,9137.98
1950,88,9165.34
1950,89,9030.9
1950,90,8978.55
1950,91,9086.47
1950,92,9001.27
1950,93,9090.76
1950,94,9055.84
1950,95,9136.32
1950,96,9059.4
1950,97,9149.08
1950,98,9099.04
1950,99,9127.06
1960,0,9232.16
1960,1,9174.23
1960,2,9190.57
1960,3,9133.87
1960,4,9025.54
1960,5,9174.24
1960,6,9106.97
1960,7,9130.73
1960,8,9005.01
1960,9,9100.03
1960,10,9036.18
1960,11,9152.08
1960,12,9185.86
1960,13,9103.88
1960,14,8984.32
1960,15,9209.62
1960,16,9024.27
1960,17,9250.24
1960,18,9144.49
1960,19,9156.51
1960,20,9098.49
1960,21,9043.24
1960,22,9145.56
1960,23,9092.92
1960,24,9188.79
1960,25,9076.84
1960,26,9147.58
1960,27,8976.81
1960,28,9005.17
1960,29,9106.76
1960,30,9115.21
1960,31,9161.95
1960,32,9090.45
1960,33,9059.56
1960,34,9023.26
1960,35,9013.16
1960,36,9204.67
1960,37,9077.23
1960,38,9172.3
1960,39,9135.93
1960,40,9203.51
1960,41,9043.58
1960,42,9156.31
1960,43,9045.64
1960,44,9084.95
1960,45,9027.69
1960,46,9083.7
1960,47,9182.06
1960,48,9249.89
1960,49,9036.23
1960,50,9104.83
1960,51,9170.96
1960,52,9233.35
1960,53,9138.37
1960,54,9045.22
1960,55,9085.93
1960,56,9104.09
1960,57,9045.77
1960,58,8970.13
1960,59,9203.28
1960,60,9118.3
1960,61,9000.68
1960,62,9079.57
1960,63,9197.8
1960,64,9146.72
1960,65,8945.02
1960,66,9046.58
1960,67,8987.14
1960,68,9023.4
1960,69,9196.65
1960,70,9081.43
1960,71,9122.25
1960,72,9185
1960,73,9110.2
1960,74,9182.92
1960,75,9235.15
1960,76,9038.15
1960,77,9160.38
1960,78,9090.71
1960,79,9156.07
1960,80,9163.79
1960,81,9050.25
1960,82,9036.61
1960,83,9055.59
1960,84,9017.56
1960,85,9043.3
1960,86,9104.38
1960,87,9125.24
1960,88,9154.3
1960,89,9021.44
1960,90,8966.08
1960,91,9076.2
1960,92,8989.29
1960,93,9075.08
1960,94,9043.62
1960,95,9125.49
1960,96,9049.3
1960,97,9132.89
1960,98,9088.18
1960,99,9116.93
1970,0,9231.86
1970,1,9173.93
1970,2,9190.27
1970,3,9133.57
1970,4,9025.24
1970,5,9173.94
1970,6,9106.67
1970,7,9130.43
1970,8,9004.71
1970,9,9099.73
1970,10,9035.88
1970,11,9151.78
1970,12,9185.56
1970,13,9103.58
1970,14,8984.02
1970,15,9209.32
1970,16,9023.97
1970,17,9249.94
1970,18,9144.19
1970,19,9156.21
1970,20,9098.19
1970,21,9042.94
1970,22,9145.26
1970,23,9092.62
1970,24,9188.49
1970,25,9076.54
1970,26,9147.28
1970,27,8976.51
1970,28,9004.87
1970,29,9106.46
1970,30,9114.91
1970,31,9161.65
1970,32,9090.15
1970,33,9059.26
1970,34,9022.98
1970,35,9012.86
1970,36,9204.37
1970,37,9076.93
1970,38,9172
1970,39,9135.63
1970,40,9203.21
1970,41,9043.28
1970,42,9156.01
1970,43,9045.35
1970,44,9084.65
1970,45,9027.39
1970,46,9083.4
1970,47,9181.76
1970,48,9249.59
1970,49,9035.93
1970,50,9104.53
1970,51,9170.66
1970,52,9233.05
1970,53,9138.07
1970,54,9044.92
1970,55,9085.63
1970,56,9103.79
1970,57,9045.47
1970,58,8969.83
1970,59,9202.98
1970,60,9118
1970,61,9000.38
1970,62,9079.27
1970,63,9197.5
1970,64,9146.42
1970,65,8944.72
1970,66,9046.28
1970,67,8986.84
1970,68,9023.1
1970,69,9196.35
1970,70,9081.13
1970,71,9121.95
1970,72,9184.7
1970,73,9109.9
1970,74,9182.62
1970,75,9234.85
1970,76,9037.85
1970,77,9160.08
1970,78,9090.41
1970,79,9155.77
1970,80,9163.49
1970,81,9049.95
1970,82,9036.31
1970,83,9055.29
1970,84,9017.26
1970,85,9043
1970,86,9104.08
1970,87,9124.94
1970,88,9154
1970,89,9021.14
1970,90,8965.78
1970,91,9075.9
1970,92,8988.99
1970,93,9074.78
1970,94,9043.32
1970,95,9125.19
1970,96,9049
1970,97,9132.59
1970,98,9087.88
1970,99,9116.63
1980,0,9231.56
1980,1,9173.63
1980,2,9189.97
1980,3,9133.27
1980,4,9024.94
1980,5,9173.64
1980,6,9106.37
1980,7,9130.13
1980,8,9004.41
1980,9,9099.43
1980,10,9035.58
1980,11,9151.48
1980,12,9185.26
1980,13,9103.28
1980,14,8983.72
1980,15,9209.02
1980,16,9023.67
1980,17,9249.64
1980,18,9143.89
1980,19,9155.91
1980,20,9097.89
1980,21,9042.64
1980,22,9144.96
1980,23,9092.32
1980,24,9188.19
1980,25,9076.24
1980,26,9146.98
1980,27,8976.21
1980,28,9004.57
1980,29,9106.16
1980,30,9114.61
1980,31,9161.35
1980,32,9089.85
1980,33,9058.96
1980,34,9022.68
1980,35,9012.56
1980,36,9204.07
1980,37,9076.63
1980,38,9171.7
1980,39,9135.33
1980,40,9202.91
1980,41,9042.98
1980,42,9155.71
1980,43,9045.05
1980,44,9084.35
1980,45,9027.09
1980,46,9083.1
1980,47,9181.46
1980,48,9249.29
1980,49,9035.63
1980,50,9104.23
1980,51,9170.36
1980,52,9232.75
1980,53,9137.77
1980,54,9044.62
1980,55,9085.33
1980,56,9103.49
1980,57,9045.17
1980,58,8969.53
1980,59,9202.68
1980,60,9117.7
1980,61,9000.08
1980,62,9078.97
1980,63,9197.2
1980,64,9146.12
1980,65,8944.42
1980,66,9045.98
1980,67,8986.54
1980,68,9022.8
1980,69,9196.05
1980,70,9080.83
1980,71,9121.65
1980,72,9184.4
1980,73,9109.6
1980,74,9182.32
1980,75,9234.55
1980,76,9037.55
1980,77,9159.78
1980,78,9090.11
1980,79,9155.47
1980,80,9163.19
1980,81,9049.65
1980,82,9036.01
1980,83,9054.99
1980,84,9016.96
1980,85,9042.7
1980,86,9103.78
1980,87,9124.64
1980,88,9153.7
1980,89,9020.84
1980,90,8965.48
1980,91,9075.6
1980,92,8988.69
1980,93,9074.48
1980,94,9043.02
1980,95,9124.89
1980,96,9048.7
1980,97,9132.29
1980,98,9087.58
1980,99,9116.33
1990,0,9221.7
1990,1,9164.77
1990,2,9179.56
1990,3,9122.16
1990,4,9013.45
1990,5,9162.51
1990,6,9093.8
1990,7,9120.71
1990,8,8993.3
1990,9,9087.2
1990,10,9023.46
1990,11,9142.86
1990,12,9175.94
1990,13,9093.14
1990,14,8966.98
1990,15,9199.53
1990,16,9011.66
1990,17,9241.37
1990,18,9131.95
1990,19,9143.75
1990,20,9083.25
1990,21,9031.05
1990,22,9133.81
1990,23,9079.36
1990,24,9179.01
1990,25,9063.54
1990,26,9139.19
1990,27,8966.05
1990,28,8990.39
1990,29,9096.52
1990,30,9103.54
1990,31,9145.62
1990,32,9078.8
1990,33,9047.62
1990,34,9006.55
1990,35,8999.41
1990,36,9193.39
1990,37,9067.21
1990,38,9161.14
1990,39,9124.84
1990,40,9191.56
1990,41,9032.44
1990,42,9146.03
1990,43,9028.7
1990,44,9068.55
1990,45,9016.76
1990,46,9067.31
1990,47,9171.73
1990,48,9238.71
1990,49,9020.97
1990,50,9093.48
1990,51,9160.63
1990,52,9221.05
1990,53,9129.18
1990,54,9032.94
1990,55,9070.92
1990,56,9092.26
1990,57,9031.72
1990,58,8956.67
1990,59,9192.27
1990,60,9107.12
1990,61,8986.25
1990,62,9067.41
1990,63,9182.85
1990,64,9132.74
1990,65,8929.77
1990,66,9034.24
1990,67,8974.52
1990,68,9013.02
1990,69,9187.83
1990,70,9067.79
1990,71,9106.98
1990,72,9175.6
1990,73,9099.35
1990,74,9171.54
1990,75,9224.39
1990,76,9024.5
1990,77,9151.11
1990,78,9076.51
1990,79,9142.79
1990,80,9154.08
1990,81,9036.36
1990,82,9025.4
1990,83,9044.92
1990,84,9005.83
1990,85,9032.83
1990,86,9093.99
1990,87,9112.19
1990,88,9141.5
1990,89,9010.36
1990,90,8953.3
1990,91,9063.92
1990,92,8976.54
1990,93,9060.27
1990,94,9030.03
1990,95,9115.68
1990,96,9037.45
1990,97,9121.38
1990,98,9076.63
1990,99,9105.61
2000,0,9221.4
2000,1,9164.47
2000,2,9179.26
2000,3,9121.86
2000,4,9013.15
2000,5,9162.21
2000,6,9093.5
2000,7,9120.41
2000,8,8993
2000,9,9086.9
2000,10,9023.16
2000,11,9142.56
2000,12,9175.64
2000,13,9092.84
2000,14,8966.7
2000,15,9199.23
2000,16,9011.36
2000,17,9241.07
2000,18,9131.65
2000,19,9143.45
2000,20,9082.95
2000,21,9030.75
2000,22,9133.51
2000,23,9079.06
2000,24,9178.71
2000,25,9063.24
2000,26,9138.89
2000,27,8965.75
2000,28,8990.09
2000,29,9096.22
2000,30,9103.24
2000,31,9145.32
2000,32,9078.5
2000,33,9047.32
2000,34,9006.25
2000,35,8999.11
2000,36,9193.09
2000,37,9066.91
2000,38,9160.84
2000,39,9124.54
2000,40,9191.26
2000,41,9032.14
2000,42,9145.73
2000,43,9028.4
2000,44,9068.25
2000,45,9016.46
2000,46,9067.01
2000,47,9171.43
2000,48,9238.41
2000,49,9020.68
2000,50,9093.18
2000,51,9160.33
2000,52,9220.75
2000,53,9128.88
2000,54,9032.64
2000,55,9070.62
2000,56,9091.96
2000,57,9031.42
2000,58,8956.37
2000,59,9191.97
2000,60,9106.82
2000,61,8985.95
2000,62,9067.11
2000,63,9182.55
2000,64,9132.44
2000,65,8929.47
2000,66,9033.94
2000,67,8974.22
2000,68,9012.72
2000,69,9187.53
2000,70,9067.49
2000,71,9106.68
2000,72,9175.3
2000,73,9099.05
2000,74,9171.24
2000,75,9224.09
2000,76,9024.2
2000,77,9150.81
2000,78,9076.21
2000,79,9142.49
2000,80,9153.78
2000,81,9036.06
2000,82,9025.1
2000,83,9044.62
2000,84,9005.53
2000,85,9032.53
2000,86,9093.69
2000,87,9111.89
2000,88,9141.2
2000,89,9010.06
2000,90,8953
2000,91,9063.62
2000,92,8976.24
2000,93,9059.97
2000,94,9029.73
2000,95,9115.38
2000,96,9037.15
2000,97,9121.08
2000,98,9076.33
2000,99,9105.31
2010,0,9221.1
2010,1,9164.17
2010,2,9178.96
2010,3,9121.56
2010,4,9012.85
2010,5,9161.91
2010,6,9093.2
2010,7,9120.11
2010,8,8992.7
2010,9,9086.6
2010,10,9022.86
2010,11,9142.26
2010,12,9175.34
2010,13,9092.54
2010,14,8966.4
2010,15,9198.93
2010,16,9011.06
2010,17,9240.77
2010,18,9131.35
2010,19,9143.15
2010,20,9082.65
2010,21,9030.45
2010,22,9133.21
2010,23,9078.76
2010,24,9178.41
2010,25,9062.94
2010,26,9138.59
2010,27,8965.45
2010,28,8989.79
2010,29,9095.92
2010,30,9102.94
2010,31,9145.02
2010,32,9078.2
2010,33,9047.02
2010,34,9005.95
2010,35,8998.81
2010,36,9192.79
2010,37,9066.61
2010,38,9160.54
2010,39,9124.24
2010,40,9190.96
2010,41,9031.84
2010,42,9145.43
2010,43,9028.1
2010,44,9067.95
2010,45,9016.16
2010,46,9066.71
2010,47,9171.13
2010,48,9238.11
2010,49,9020.38
2010,50,9092.88
2010,51,9160.03
2010,52,9220.45
2010,53,9128.58
2010,54,9032.34
2010,55,9070.32
2010,56,9091.66
2010,57,9031.12
2010,58,8956.07
2010,59,9191.67
2010,60,9106.52
2010,61,8985.65
2010,62,9066.81
2010,63,9182.25
2010,64,9132.14
2010,65,8929.17
2010,66,9033.64
2010,67,8973.92
2010,68,9012.42
2010,69,9187.23
2010,70,9067.19
2010,71,9106.38
2010,72,9175
2010,73,9098.75
2010,74,9170.94
2010,75,9223.79
2010,76,9023.9
2010,77,9150.51
2010,78,9075.91
2010,79,9142.19
2010,80,9153.48
2010,81,9035.76
2010,82,9024.8
2010,83,9044.32
2010,84,9005.23
2010,85,9032.23
2010,86,9093.39
2010,87,9111.59
2010,88,9140.9
2010,89,9009.76
2010,90,8952.7
2010,91,9063.32
2010,92,8975.94
2010,93,9059.67
2010,94,9029.43
2010,95,9115.08
2010,96,9036.85
2010,97,9120.78
2010,98,9076.03
2010,99,9105.01
2020,0,9209.48
2020,1,9153.1
2020,2,9165.41
2020,3,9108.2
2020,4,8999.57
2020,5,9151.65
2020,6,9080.72
2020,7,9109.31
2020,8,8979.41
2020,9,9074.34
2020,10,9009.93
2020,11,9129.7
2020,12,9164.39
2020,13,9078.85
2020,14,8951.94
2020,15,9190.38
2020,16,8998.73
2020,17,9231.17
2020,18,9118.8
2020,19,9130.85
2020,20,9072.44
2020,21,9017.43
2020,22,9120.58
2020,23,9067.2
2020,24,9168.26
2020,25,9049.24
2020,26,9126.51
2020,27,8950.52
2020,28,8975.29
2020,29,9084.16
2020,30,9092.57
2020,31,9132.68
2020,32,9065.22
2020,33,9035.05
2020,34,8989.8
2020,35,8986.91
2020,36,9179.29
2020,37,9055.95
2020,38,9147.94
2020,39,9112.02
2020,40,9180.24
2020,41,9019.09
2020,42,9131.98
2020,43,9011.92
2020,44,9052.55
2020,45,9005.28
2020,46,9055.61
2020,47,9160.44
2020,48,9228.26
2020,49,9006.59
2020,50,9082.06
2020,51,9148.2
2020,52,9209.91
2020,53,9117.9
2020,54,9017.82
2020,55,9059.51
2020,56,9080.43
2020,57,9018.82
2020,58,8943.44
2020,59,9178.22
2020,60,9093.49
2020,61,8974.62
2020,62,9055.48
2020,63,9171.74
2020,64,9118.93
2020,65,8915.98
2020,66,9019.47
2020,67,8962.79
2020,68,8998.86
2020,69,9177.76
2020,70,9053.77
2020,71,9095.91
2020,72,9165.31
2020,73,9084.22
2020,74,9160.31
2020,75,9210.54
2020,76,9012.75
2020,77,9138.61
2020,78,9064.89
2020,79,9129.39
2020,80,9142.34
2020,81,9022.59
2020,82,9013.8
2020,83,9033.44
2020,84,8991.92
2020,85,9021.17
2020,86,9081.24
2020,87,9099.35
2020,88,9128.79
2020,89,8998.74
2020,90,8940.84
2020,91,9052.48
2020,92,8963.41
2020,93,9048.92
2020,94,9015.56
2020,95,9103.69
2020,96,9025.62
2020,97,9109.96
2020,98,9061.89
2020,99,9090.12
2030,0,9209.19
2030,1,9152.8
2030,2,9165.11
2030,3,9107.9
2030,4,8999.27
2030,5,9151.35
2030,6,9080.42
2030,7,9109.01
2030,8,8979.11
2030,9,9074.04
2030,10,9009.63
2030,11,9129.42
2030,12,9164.09
2030,13,9078.56
2030,14,8951.66
2030,15,9190.08
2030,16,8998.43
2030,17,9230.87
2030,18,9118.5
2030,19,9130.55
2030,20,9072.14
2030,21,9017.13
2030,22,9120.28
2030,23,9066.9
2030,24,9167.96
2030,25,9048.95
2030,26,9126.21
2030,27,8950.24
2030,28,8974.99
2030,29,9083.86
2030,30,9092.27
2030,31,9132.38
2030,32,9064.92
2030,33,9034.75
2030,34,8989.51
2030,35,8986.61
2030,36,9179
2030,37,9055.65
2030,38,9147.64
2030,39,9111.72
2030,40,9179.94
2030,41,9018.79
2030,42,9131.7
2030,43,9011.64
2030,44,9052.26
2030,45,9004.98
2030,46,9055.31
2030,47,9160.14
2030,48,9227.96
2030,49,9006.31
2030,50,9081.76
2030,51,9147.91
2030,52,9209.61
2030,53,9117.6
2030,54,9017.53
2030,55,9059.21
2030,56,9080.13
2030,57,9018.52
2030,58,8943.14
2030,59,9177.93
2030,60,9093.19
2030,61,8974.32
2030,62,9055.18
2030,63,9171.44
2030,64,9118.63
2030,65,8915.68
2030,66,9019.17
2030,67,8962.49
2030,68,8998.58
2030,69,9177.46
2030,70,9053.47
2030,71,9095.61
2030,72,9165.01
2030,73,9083.93
2030,74,9160.01
2030,75,9210.25
2030,76,9012.45
2030,77,9138.32
2030,78,9064.59
2030,79,9129.09
2030,80,9142.04
2030,81,9022.29
2030,82,9013.5
2030,83,9033.14
2030,84,8991.62
2030,85,9020.87
2030,86,9080.94
2030,87,9099.05
2030,88,9128.49
2030,89,8998.44
2030,90,8940.54
2030,91,9052.18
2030,92,8963.11
2030,93,9048.62
2030,94,9015.26
2030,95,9103.39
2030,96,9025.32
2030,97,9109.66
2030,98,9061.6
2030,99,9089.84
2040,0,9208.89
2040,1,9152.5
2040,2,9164.81
2040,3,9107.6
2040,4,8998.97
2040,5,9151.05
2040,6,9080.12
2040,7,9108.71
2040,8,8978.81
2040,9,9073.74
2040,10,9009.33
2040,11,9129.12
2040,12,9163.79
2040,13,9078.26
2040,14,8951.36
2040,15,9189.78
2040,16,8998.13
2040,17,9230.57
2040,18,9118.2
2040,19,9130.25
2040,20,9071.84
2040,21,9016.83
2040,22,9119.98
2040,23,9066.6
2040,24,9167.66
2040,25,9048.65
2040,26,9125.91
2040,27,8949.94
2040,28,8974.69
2040,29,9083.56
2040,30,9091.97
2040,31,9132.08
2040,32,9064.62
2040,33,9034.45
2040,34,8989.21
2040,35,8986.31
2040,36,9178.7
2040,37,9055.35
2040,38,9147.34
2040,39,9111.42
2040,40,9179.64
2040,41,9018.49
2040,42,9131.4
2040,43,9011.34
2040,44,9051.96
2040,45,9004.68
2040,46,9055.01
2040,47,9159.84
2040,48,9227.66
2040,49,9006.01
2040,50,9081.46
2040,51,9147.61
2040,52,9209.31
2040,53,9117.3
2040,54,9017.23
2040,55,9058.91
2040,56,9079.83
2040,57,9018.22
2040,58,8942.84
2040,59,9177.63
2040,60,9092.89
2040,61,8974.02
2040,62,9054.88
2040,63,9171.14
2040,64,9118.33
2040,65,8915.38
2040,66,9018.87
2040,67,8962.19
2040,68,8998.28
2040,69,9177.16
2040,70,9053.17
2040,71,9095.31
2040,72,9164.71
2040,73,9083.63
2040,74,9159.71
2040,75,9209.95
2040,76,9012.15
2040,77,9138.02
2040,78,9064.29
2040,79,9128.79
2040,80,9141.74
2040,81,9021.99
2040,82,9013.2
2040,83,9032.84
2040,84,8991.32
2040,85,9020.57
2040,86,9080.64
2040,87,9098.75
2040,88,9128.19
2040,89,8998.14
2040,90,8940.24
2040,91,9051.88
2040,92,8962.81
2040,93,9048.32
2040,94,9014.96
2040,95,9103.09
2040,96,9025.02
2040,97,9109.36
2040,98,9061.3
2040,99,9089.54
2050,0,9197.22
2050,1,9140.6
2050,2,9153.92
2050,3,9097.24
2050,4,8988.09
2050,5,9138.87
2050,6,9070.03
2050,7,9098.63
2050,8,8967.21
2050,9,9064.46
2050,10,8998.02
2050,11,9117.34
2050,12,9152.03
2050,13,9067.59
2050,14,8937.3
2050,15,9180.47
2050,16,8983.57
2050,17,9219.19
2050,18,9105.36
2050,19,9119.43
2050,20,9059
2050,21,9002.71
2050,22,9108.61
2050,23,9049.21
2050,24,9156.82
2050,25,9033.63
2050,26,9115.28
2050,27,8935.75
2050,28,8960.57
2050,29,9073.12
2050,30,9080.37
2050,31,9119.11
2050,32,9052.34
2050,33,9022.61
2050,34,8975.98
2050,35,8972.27
2050,36,9166.97
2050,37,9042.63
2050,38,9134.93
2050,39,9098.76
2050,40,9167.97
2050,41,9003.17
2050,42,9119.31
2050,43,8995.35
2050,44,9037.19
2050,45,8993.97
2050,46,9042.52
2050,47,9149.06
2050,48,9217.98
2050,49,8990.92
2050,50,9070.29
2050,51,9138.07
2050,52,9199.83
2050,53,9106.54
2050,54,9005.18
2050,55,9047.97
2050,56,9066.27
2050,57,9007.29
2050,58,8929.59
2050,59,9166.82
2050,60,9079.89
2050,61,8963.27
2050,62,9043.49
2050,63,9159.32
2050,64,9105.42
2050,65,8902.22
2050,66,9007.81
2050,67,8950.53
2050,68,8987.77
2050,69,9168.62
2050,70,9039.87
2050,71,9080.6
2050,72,9153.29
2050,73,9071.8
2050,74,9148.69
2050,75,9198.96
2050,76,9001.13
2050,77,9126.95
2050,78,9053.52
2050,79,9116.62
2050,80,9130.21
2050,81,9010.88
2050,82,9001.96
2050,83,9022.24
2050,84,8977.37
2050,85,9008.35
2050,86,9069.05
2050,87,9089.99
2050,88,9117.99
2050,89,8987.19
2050,90,8928.74
2050,91,9042.26
2050,92,8948.08
2050,93,9034.35
2050,94,9002.16
2050,95,9091.37
2050,96,9012.39
2050,97,9099.5
2050,98,9049.75
2050,99,9077.97
2060,0,9196.94
2060,1,9140.3
2060,2,9153.62
2060,3,9096.94
2060,4,8987.79
2060,5,9138.58
2060,6,9069.73
2060,7,9098.33
2060,8,8966.91
2060,9,9064.16
2060,10,8997.72
2060,11,9117.05
2060,12,9151.73
2060,13,9067.29
2060,14,8937.02
2060,15,9180.17
2060,16,8983.3
2060,17,9218.9
2060,18,9105.06
2060,19,9119.13
2060,20,9058.7
2060,21,9002.42
2060,22,9108.31
2060,23,9048.91
2060,24,9156.52
2060,25,9033.35
2060,26,9114.98
2060,27,8935.47
2060,28,8960.28
2060,29,9072.82
2060,30,9080.07
2060,31,9118.81
2060,32,9052.04
2060,33,9022.32
2060,34,8975.69
2060,35,8972
2060,36,9166.68
2060,37,9042.34
2060,38,9134.63
2060,39,9098.46
2060,40,9167.68
2060,41,9002.9
2060,42,9119.02
2060,43,8995.09
2060,44,9036.91
2060,45,8993.67
2060,46,9042.23
2060,47,9148.76
2060,48,9217.68
2060,49,8990.67
2060,50,9069.99
2060,51,9137.77
2060,52,9199.53
2060,53,9106.24
2060,54,9004.88
2060,55,9047.67
2060,56,9065.97
2060,57,9006.99
2060,58,8929.31
2060,59,9166.52
2060,60,9079.6
2060,61,8962.97
2060,62,9043.19
2060,63,9159.02
2060,64,9105.12
2060,65,8901.94
2060,66,9007.51
2060,67,8950.23
2060,68,8987.47
2060,69,9168.32
2060,70,9039.58
2060,71,9080.32
2060,72,9152.99
2060,73,9071.5
2060,74,9148.39
2060,75,9198.66
2060,76,9000.83
2060,77,9126.67
2060,78,9053.22
2060,79,9116.32
2060,80,9129.92
2060,81,9010.58
2060,82,9001.66
2060,83,9021.94
2060,84,8977.1
2060,85,9008.05
2060,86,9068.75
2060,87,9089.69
2060,88,9117.69
2060,89,8986.89
2060,90,8928.45
2060,91,9041.96
2060,92,8947.81
2060,93,9034.06
2060,94,9001.86
2060,95,9091.07
2060,96,9012.1
2060,97,9099.2
2060,98,9049.45
2060,99,9077.68
2070,0,9196.64
2070,1,9140
2070,2,9153.32
2070,3,9096.64
2070,4,8987.49
2070,5,9138.28
2070,6,9069.43
2070,7,9098.03
2070,8,8966.61
2070,9,9063.86
2070,10,8997.42
2070,11,9116.75
2070,12,9151.43
2070,13,9066.99
2070,14,8936.72
2070,15,9179.87
2070,16,8983
2070,17,9218.6
2070,18,9104.76
2070,19,9118.83
2070,20,9058.4
2070,21,9002.12
2070,22,9108.01
2070,23,9048.61
2070,24,9156.22
2070,25,9033.05
2070,26,9114.68
2070,27,8935.17
2070,28,8959.98
2070,29,9072.52
2070,30,9079.77
2070,31,9118.51
2070,32,9051.74
2070,33,9022.02
2070,34,8975.39
2070,35,8971.7
2070,36,9166.38
2070,37,9042.04
2070,38,9134.33
2070,39,9098.16
2070,40,9167.38
2070,41,9002.6
2070,42,9118.72
2070,43,8994.79
2070,44,9036.61
2070,45,8993.37
2070,46,9041.93
2070,47,9148.46
2070,48,9217.38
2070,49,8990.37
2070,50,9069.69
2070,51,9137.47
2070,52,9199.23
2070,53,9105.94
2070,54,9004.58
2070,55,9047.37
2070,56,9065.67
2070,57,9006.69
2070,58,8929.01
2070,59,9166.22
2070,60,9079.3
2070,61,8962.67
2070,62,9042.89
2070,63,9158.72
2070,64,9104.82
2070,65,8901.64
2070,66,9007.21
2070,67,8949.93
2070,68,8987.17
2070,69,9168.02
2070,70,9039.28
2070,71,9080.02
2070,72,9152.69
2070,73,9071.2
2070,74,9148.09
2070,75,9198.36
2070,76,9000.53
2070,77,9126.37
2070,78,9052.92
2070,79,9116.02
2070,80,9129.62
2070,81,9010.28
2070,82,9001.36
2070,83,9021.64
2070,84,8976.8
2070,85,9007.75
2070,86,9068.45
2070,87,9089.39
2070,88,9117.39
2070,89,8986.59
2070,90,8928.15
2070,91,9041.66
2070,92,8947.51
2070,93,9033.76
2070,94,9001.56
2070,95,9090.77
2070,96,9011.8
2070,97,9098.9
2070,98,9049.15
2070,99,9077.38
2080,0,9184.86
2080,1,9128.91
2080,2,9140.91
2080,3,9086.76
2080,4,8974.98
2080,5,9127.68
2080,6,9058.4
2080,7,9088
2080,8,8952.82
2080,9,9054.81
2080,10,8983.39
2080,11,9105.38
2080,12,9139.84
2080,13,9053.15
2080,14,8922.98
2080,15,9169.65
2080,16,8967.8
2080,17,9208.6
2080,18,9091.65
2080,19,9106.87
2080,20,9046
2080,21,8987.49
2080,22,9096.01
2080,23,9033.28
2080,24,9144.95
2080,25,9018.95
2080,26,9104.17
2080,27,8921.19
2080,28,8945.66
2080,29,9061.69
2080,30,9066.37
2080,31,9106.46
2080,32,9039.27
2080,33,9010.45
2080,34,8963.76
2080,35,8958.22
2080,36,9153.08
2080,37,9028.87
2080,38,9121.62
2080,39,9087.48
2080,40,9152.17
2080,41,8987.56
2080,42,9104.95
2080,43,8978.64
2080,44,9020.84
2080,45,8983.35
2080,46,9030.25
2080,47,9137.63
2080,48,9209.04
2080,49,8975.61
2080,50,9059.85
2080,51,9125.85
2080,52,9188.54
2080,53,9094.83
2080,54,8988.37
2080,55,9033.68
2080,56,9054.17
2080,57,8994.77
2080,58,8915.96
2080,59,9152.76
2080,60,9066.28
2080,61,8950.16
2080,62,9032.23
2080,63,9146.99
2080,64,9091.92
2080,65,8888.43
2080,66,8994.22
2080,67,8936.36
2080,68,8972.66
2080,69,9159.53
2080,70,9025.25
2080,71,9068.19
2080,72,9143.83
2080,73,9055.43
2080,74,9136.15
2080,75,9185.91
2080,76,8989.4
2080,77,9114.34
2080,78,9042.8
2080,79,9104.15
2080,80,9118.18
2080,81,8996.4
2080,82,8991.18
2080,83,9008.22
2080,84,8965.72
2080,85,8996.4
2080,86,9056.15
2080,87,9077.41
2080,88,9105.97
2080,89,8973.47
2080,90,8916.4
2080,91,9030.19
2080,92,8933.03
2080,93,9019.87
2080,94,8987.73
2080,95,9078.69
2080,96,8999.5
2080,97,9088.51
2080,98,9035.06
2080,99,9066.52
2090,0,9184.59
2090,1,9128.62
2090,2,9140.63
2090,3,9086.46
2090,4,8974.69
2090,5,9127.4
2090,6,9058.12
2090,7,9087.72
2090,8,8952.56
2090,9,9054.51
2090,10,8983.12
2090,11,9105.12
2090,12,9139.55
2090,13,9052.89
2090,14,8922.72
2090,15,9169.35
2090,16,8967.54
2090,17,9208.33
2090,18,9091.37
2090,19,9106.58
2090,20,9045.71
2090,21,8987.22
2090,22,9095.72
2090,23,9032.98
2090,24,9144.66
2090,25,9018.7
2090,26,9103.88
2090,27,8920.92
2090,28,8945.39
2090,29,9061.39
2090,30,9066.11
2090,31,9106.16
2090,32,9038.98
2090,33,9010.17
2090,34,8963.46
2090,35,8957.97
2090,36,9152.82
2090,37,9028.61
2090,38,9121.34
2090,39,9087.19
2090,40,9151.92
2090,41,8987.31
2090,42,9104.7
2090,43,8978.39
2090,44,9020.59
2090,45,8983.05
2090,46,9029.97
2090,47,9137.34
2090,48,9208.74
2090,49,8975.38
2090,50,9059.56
2090,51,9125.57
2090,52,9188.25
2090,53,9094.53
2090,54,8988.12
2090,55,9033.4
2090,56,9053.87
2090,57,8994.48
2090,58,8915.69
2090,59,9152.51
2090,60,9066
2090,61,8949.88
2090,62,9031.93
2090,63,9146.7
2090,64,9091.64
2090,65,8888.16
2090,66,8993.93
2090,67,8936.08
2090,68,8972.41
2090,69,9159.23
2090,70,9024.99
2090,71,9067.9
2090,72,9143.54
2090,73,9055.18
2090,74,9135.89
2090,75,9185.64
2090,76,8989.11
2090,77,9114.08
2090,78,9042.5
2090,79,9103.85
2090,80,9117.92
2090,81,8996.14
2090,82,8990.88
2090,83,9007.96
2090,84,8965.44
2090,85,8996.11
2090,86,9055.87
2090,87,9077.12
2090,88,9105.67
2090,89,8973.2
2090,90,8916.12
2090,91,9029.89
2090,92,8932.79
2090,93,9019.59
2090,94,8987.47
2090,95,9078.42
2090,96,8999.23
2090,97,9088.21
2090,98,9034.81
2090,99,9066.24
2100,0,9184.29
2100,1,9128.32
2100,2,9140.33
2100,3,9086.16
2100,4,8974.39
2100,5,9127.1
2100,6,9057.82
2100,7,9087.42
2100,8,8952.26
2100,9,9054.21
2100,10,8982.82
2100,11,9104.82
2100,12,9139.25
2100,13,9052.59
2100,14,8922.42
2100,15,9169.05
2100,16,8967.24
2100,17,9208.03
2100,18,9091.07
2100,19,9106.28
2100,20,9045.41
2100,21,8986.92
2100,22,9095.42
2100,23,9032.68
2100,24,9144.36
2100,25,9018.4
2100,26,9103.58
2100,27,8920.62
2100,28,8945.09
2100,29,9061.09
2100,30,9065.81
2100,31,9105.86
2100,32,9038.68
2100,33,9009.87
2100,34,8963.16
2100,35,8957.67
2100,36,9152.52
2100,37,9028.31
2100,38,9121.04
2100,39,9086.89
2100,40,9151.62
2100,41,8987.01
2100,42,9104.4
2100,43,8978.09
2100,44,9020.29
2100,45,8982.75
2100,46,9029.67
2100,47,9137.04
2100,48,9208.44
2100,49,8975.08
2100,50,9059.26
2100,51,9125.27
2100,52,9187.95
2100,53,9094.23
2100,54,8987.82
2100,55,9033.1
2100,56,9053.57
2100,57,8994.18
2100,58,8915.39
2100,59,9152.21
2100,60,9065.7
2100,61,8949.58
2100,62,9031.63
2100,63,9146.4
2100,64,9091.34
2100,65,8887.86
2100,66,8993.63
2100,67,8935.78
2100,68,8972.11
2100,69,9158.93
2100,70,9024.69
2100,71,9067.6
2100,72,9143.24
2100,73,9054.88
2100,74,9135.59
2100,75,9185.34
2100,76,8988.81
2100,77,9113.78
2100,78,9042.2
2100,79,9103.55
2100,80,9117.62
2100,81,8995.84
2100,82,8990.58
2100,83,9007.66
2100,84,8965.14
2100,85,8995.81
2100,86,9055.57
2100,87,9076.82
2100,88,9105.37
2100,89,8972.9
2100,90,8915.82
2100,91,9029.59
2100,92,8932.49
2100,93,9019.29
2100,94,8987.17
2100,95,9078.12
2100,96,8998.93
2100,97,9087.91
2100,98,9034.51
2100,99,9065.94
2110,0,9173.89
2110,1,9116.03
2110,2,9129.14
2110,3,9074.42
2110,4,8962.83
2110,5,9115.51
2110,6,9044.67
2110,7,9074.8
2110,8,8940.75
2110,9,9045.01
2110,10,8969.36
2110,11,9093.59
2110,12,9127.28
2110,13,9039.23
2110,14,8908.27
2110,15,9158.99
2110,16,8953.19
2110,17,9198.23
2110,18,9079.64
2110,19,9094.46
2110,20,9032.36
2110,21,8972.7
2110,22,9083.4
2110,23,9014.91
2110,24,9133.06
2110,25,9004.76
2110,26,9092.6
2110,27,8905.77
2110,28,8931.94
2110,29,9049.5
2110,30,9054.27
2110,31,9093.39
2110,32,9025.48
2110,33,8998.03
2110,34,8950
2110,35,8944.45
2110,36,9140.63
2110,37,9015.18
2110,38,9109.56
2110,39,9073.27
2110,40,9138.97
2110,41,8973.18
2110,42,9092.38
2110,43,8964.79
2110,44,9006
2110,45,8972.28
2110,46,9017.1
2110,47,9126.17
2110,48,9197.41
2110,49,8960.73
2110,50,9048.35
2110,51,9116.13
2110,52,9178.07
2110,53,9083.22
2110,54,8975.74
2110,55,9019.8
2110,56,9042.17
2110,57,8981.88
2110,58,8901.95
2110,59,9141.52
2110,60,9052.76
2110,61,8937.94
2110,62,9020.6
2110,63,9134.82
2110,64,9078.34
2110,65,8874.75
2110,66,8980.99
2110,67,8922.4
2110,68,8957.8
2110,69,9150.17
2110,70,9013.13
2110,71,9055.39
2110,72,9132.47
2110,73,9042.23
2110,74,9124.4
2110,75,9174.04
2110,76,8975.97
2110,77,9102.47
2110,78,9030.91
2110,79,9091.86
2110,80,9105.49
2110,81,8983.91
2110,82,8979.64
2110,83,8996.99
2110,84,8954.13
2110,85,8983.45
2110,86,9043.22
2110,87,9068.02
2110,88,9094.33
2110,89,8960.93
2110,90,8904.06
2110,91,9018.09
2110,92,8919.15
2110,93,9005.59
2110,94,8973.41
2110,95,9065.35
2110,96,8986.98
2110,97,9077.35
2110,98,9023.47
2110,99,9054.57
2120,0,9173.62
2120,1,9115.76
2120,2,9128.86
2120,3,9074.15
2120,4,8962.56
2120,5,9115.26
2120,6,9044.41
2120,7,9074.53
2120,8,8940.48
2120,9,9044.71
2120,10,8969.09
2120,11,9093.33
2120,12,9127.02
2120,13,9038.98
2120,14,8908.04
2120,15,9158.69
2120,16,8952.93
2120,17,9197.95
2120,18,9079.36
2120,19,9094.17
2120,20,9032.08
2120,21,8972.44
2120,22,9083.12
2120,23,9014.61
2120,24,9132.79
2120,25,9004.51
2120,26,9092.33
2120,27,8905.53
2120,28,8931.67
2120,29,9049.22
2120,30,9054
2120,31,9093.12
2120,32,9025.21
2120,33,8997.76
2120,34,8949.73
2120,35,8944.2
2120,36,9140.38
2120,37,9014.93
2120,38,9109.28
2120,39,9073.01
2120,40,9138.71
2120,41,8972.93
2120,42,9092.13
2120,43,8964.52
2120,44,9005.75
2120,45,8971.99
2120,46,9016.84
2120,47,9125.89
2120,48,9197.11
2120,49,8960.49
2120,50,9048.06
2120,51,9115.84
2120,52,9177.77
2120,53,9082.93
2120,54,8975.47
2120,55,9019.53
2120,56,9041.87
2120,57,8981.6
2120,58,8901.7
2120,59,9141.25
2120,60,9052.49
2120,61,8937.67
2120,62,9020.3
2120,63,9134.54
2120,64,9078.08
2120,65,8874.5
2120,66,8980.71
2120,67,8922.13
2120,68,8957.56
2120,69,9149.88
2120,70,9012.85
2120,71,9055.12
2120,72,9132.18
2120,73,9041.95
2120,74,9124.13
2120,75,9173.77
2120,76,8975.71
2120,77,9102.22
2120,78,9030.62
2120,79,9091.57
2120,80,9105.23
2120,81,8983.63
2120,82,8979.36
2120,83,8996.71
2120,84,8953.86
2120,85,8983.18
2120,86,9042.94
2120,87,9067.72
2120,88,9094.04
2120,89,8960.66
2120,90,8903.79
2120,91,9017.81
2120,92,8918.91
2120,93,9005.32
2120,94,8973.15
2120,95,9065.09
2120,96,8986.71
2120,97,9077.05
2120,98,9023.2
2120,99,9054.3
2130,0,9173.32
2130,1,9115.46
2130,2,9128.56
2130,3,9073.85
2130,4,8962.26
2130,5,9114.96
2130,6,9044.11
2130,7,9074.23
2130,8,8940.18
2130,9,9044.41
2130,10,8968.79
2130,11,9093.03
2130,12,9126.72
2130,13,9038.68
2130,14,8907.74
2130,15,9158.39
2130,16,8952.63
2130,17,9197.65
2130,18,9079.06
2130,19,9093.87
2130,20,9031.78
2130,21,8972.14
2130,22,9082.82
2130,23,9014.31
2130,24,9132.49
2130,25,9004.21
2130,26,9092.03
2130,27,8905.23
2130,28,8931.37
2130,29,9048.92
2130,30,9053.7
2130,31,9092.82
2130,32,9024.91
2130,33,8997.46
2130,34,8949.43
2130,35,8943.9
2130,36,9140.08
2130,37,9014.63
2130,38,9108.98
2130,39,9072.71
2130,40,9138.41
2130,41,8972.63
2130,42,9091.83
2130,43,8964.22
2130,44,9005.45
2130,45,8971.69
2130,46,9016.54
2130,47,9125.59
2130,48,9196.81
2130,49,8960.19
2130,50,9047.76
2130,51,9115.54
2130,52,9177.47
2130,53,9082.63
2130,54,8975.17
2130,55,9019.23
2130,56,9041.57
2130,57,8981.3
2130,58,8901.4
2130,59,9140.95
2130,60,9052.19
2130,61,8937.37
2130,62,9020
2130,63,9134.24
2130,64,9077.78
2130,65,8874.2
2130,66,8980.41
2130,67,8921.83
2130,68,8957.26
2130,69,9149.58
2130,70,9012.55
2130,71,9054.82
2130,72,9131.88
2130,73,9041.65
2130,74,9123.83
2130,75,9173.47
2130,76,8975.41
2130,77,9101.92
2130,78,9030.32
2130,79,9091.27
2130,80,9104.93
2130,81,8983.33
2130,82,8979.06
2130,83,8996.41
2130,84,8953.56
2130,85,8982.88
2130,86,9042.64
2130,87,9067.42
2130,88,9093.74
2130,89,8960.36
2130,90,8903.49
2130,91,9017.51
2130,92,8918.61
2130,93,9005.02
2130,94,8972.85
2130,95,9064.79
2130,96,8986.41
2130,97,9076.75
2130,98,9022.9
2130,99,9054
2140,0,9162.98
2140,1,9104.27
2140,2,9117.41
2140,3,9063.04
2140,4,8948
2140,5,9105.74
2140,6,9031.44
2140,7,9063.64
2140,8,8928.86
2140,9,9032.59
2140,10,8956.02
2140,11,9083.28
2140,12,9115.17
2140,13,9027.8
2140,14,8894.96
2140,15,9148.6
2140,16,8938.46
2140,17,9187.58
2140,18,9065.66
2140,19,9082.6
2140,20,9018.96
2140,21,8959.52
2140,22,9070.72
2140,23,9002.4
2140,24,9121.29
2140,25,8991.63
2140,26,9080.88
2140,27,8893
2140,28,8919.07
2140,29,9038.93
2140,30,9041.53
2140,31,9078.88
2140,32,9014.29
2140,33,8985.8
2140,34,8935.54
2140,35,8933.36
2140,36,9127.99
2140,37,9001.38
2140,38,9096.81
2140,39,9061.72
2140,40,9126.23
2140,41,8960.1
2140,42,9079.75
2140,43,8950.06
2140,44,8993.69
2140,45,8960.22
2140,46,9004.27
2140,47,9113.66
2140,48,9186.91
2140,49,8950.89
2140,50,9036.87
2140,51,9103.63
2140,52,9166.59
2140,53,9069.91
2140,54,8962.88
2140,55,9008.61
2140,56,9029.28
2140,57,8969.2
2140,58,8892.52
2140,59,9130.27
2140,60,9039.3
2140,61,8925.8
2140,62,9007.84
2140,63,9121.62
2140,64,9064.65
2140,65,8860.84
2140,66,8968.8
2140,67,8910.19
2140,68,8946.68
2140,69,9138.96
2140,70,9000.45
2140,71,9039.89
2140,72,9122.31
2140,73,9029.65
2140,74,9111.76
2140,75,9160.07
2140,76,8962.24
2140,77,9091.84
2140,78,9018.03
2140,79,9080.51
2140,80,9092.7
2140,81,8969.42
2140,82,8966.67
2140,83,8985.28
2140,84,8942.63
2140,85,8970.85
2140,86,9028.18
2140,87,9056.2
2140,88,9081.44
2140,89,8947.25
2140,90,8892.28
2140,91,9006.94
2140,92,8908.67
2140,93,8994.16
2140,94,8958.7
2140,95,9054.58
2140,96,8973.99
2140,97,9064.94
2140,98,9011.11
2140,99,9042.84
2150,0,9162.71
2150,1,9104
2150,2,9113.82
2150,3,9062.77
2150,4,8947.76
2150,5,9100.87
2150,6,9031.2
2150,7,9063.38
2150,8,8924.68
2150,9,9032.32
2150,10,8955.77
2150,11,9080.3
2150,12,9114.92
2150,13,9027.53
2150,14,8894.71
2150,15,9148.32
2150,16,8938.23
2150,17,9187.31
2150,18,9065.4
2150,19,9079.39
2150,20,9018.71
2150,21,8955.24
2150,22,9066.99
2150,23,9002.12
2150,24,9121.03
2150,25,8986.63
2150,26,9080.61
2150,27,8888.7
2150,28,8914.74
2150,29,9036.17
2150,30,9041.3
2150,31,9078.64
2150,32,9011.13
2150,33,8981.36
2150,34,8935.29
2150,35,8928.34
2150,36,9127.75
2150,37,9001.14
2150,38,9096.55
2150,39,9061.46
2150,40,9125.98
2150,41,8959.85
2150,42,9079.51
2150,43,8949.81
2150,44,8988.95
2150,45,8959.95
2150,46,9004.02
2150,47,9113.41
2150,48,9186.62
2150,49,8945.47
2150,50,9036.6
2150,51,9103.38
2150,52,9166.33
2150,53,9069.65
2150,54,8958.82
2150,55,9005.02
2150,56,9029.01
2150,57,8968.94
2150,58,8887.58
2150,59,9130.02
2150,60,9039.04
2150,61,8921.56
2150,62,9007.57
2150,63,9121.36
2150,64,9064.4
2150,65,8860.6
2150,66,8965.93
2150,67,8905.69
2150,68,8942.84
2150,69,9138.69
2150,70,8996.43
2150,71,9039.65
2150,72,9122.04
2150,73,9026.12
2150,74,9111.52
2150,75,9159.84
2150,76,8961.99
2150,77,9091.58
2150,78,9017.78
2150,79,9077.5
2150,80,9092.46
2150,81,8969.18
2150,82,8966.4
2150,83,8985.03
2150,84,8938.05
2150,85,8970.59
2150,86,9027.93
2150,87,9055.93
2150,88,9081.18
2150,89,8947
2150,90,8888.14
2150,91,9004.25
2150,92,8903.71
2150,93,8991.43
2150,94,8958.47
2150,95,9054.32
2150,96,8973.75
2150,97,9064.66
2150,98,9010.88
2150,99,9042.58
2160,0,9162.41
2160,1,9103.7
2160,2,9113.52
2160,3,9062.47
2160,4,8947.46
2160,5,9100.57
2160,6,9030.9
2160,7,9063.08
2160,8,8924.38
2160,9,9032.02
2160,10,8955.47
2160,11,9080
2160,12,9114.62
2160,13,9027.23
2160,14,8894.41
2160,15,9148.02
2160,16,8937.93
2160,17,9187.01
2160,18,9065.1
2160,19,9079.09
2160,20,9018.41
2160,21,8954.94
2160,22,9066.69
2160,23,9001.82
2160,24,9120.73
2160,25,8986.33
2160,26,9080.31
2160,27,8888.4
2160,28,8914.44
2160,29,9035.87
2160,30,9041
2160,31,9078.34
2160,32,9010.83
2160,33,8981.06
2160,34,8934.99
2160,35,8928.04
2160,36,9127.45
2160,37,9000.84
2160,38,9096.25
2160,39,9061.16
2160,40,9125.68
2160,41,8959.55
2160,42,9079.21
2160,43,8949.51
2160,44,8988.65
2160,45,8959.65
2160,46,9003.72
2160,47,9113.11
2160,48,9186.32
2160,49,8945.17
2160,50,9036.3
2160,51,9103.08
2160,52,9166.03
2160,53,9069.35
2160,54,8958.52
2160,55,9004.72
2160,56,9028.71
2160,57,8968.64
2160,58,8887.28
2160,59,9129.72
2160,60,9038.74
2160,61,8921.26
2160,62,9007.27
2160,63,9121.06
2160,64,9064.1
2160,65,8860.3
2160,66,8965.63
2160,67,8905.39
2160,68,8942.54
2160,69,9138.39
2160,70,8996.13
2160,71,9039.35
2160,72,9121.74
2160,73,9025.82
2160,74,9111.22
2160,75,9159.54
2160,76,8961.69
2160,77,9091.28
2160,78,9017.48
2160,79,9077.2
2160,80,9092.16
2160,81,8968.88
2160,82,8966.1
2160,83,8984.73
2160,84,8937.75
2160,85,8970.29
2160,86,9027.63
2160,87,9055.63
2160,88,9080.88
2160,89,8946.7
2160,90,8887.84
2160,91,9003.95
2160,92,8903.41
2160,93,8991.13
2160,94,8958.17
2160,95,9054.02
2160,96,8973.45
2160,97,9064.36
2160,98,9010.58
2160,99,9042.28
2170,0,9151.31
2170,1,9094.53
2170,2,9101.98
2170,3,9052.57
2170,4,8935.25
2170,5,9091.6
2170,6,9020.21
2170,7,9052.23
2170,8,8912.96
2170,9,9020.14
2170,10,8942.98
2170,11,9071.24
2170,12,9103.73
2170,13,9016.86
2170,14,8881.87
2170,15,9139.45
2170,16,8924.47
2170,17,9176.29
2170,18,9051.73
2170,19,9067.75
2170,20,9005.52
2170,21,8941.19
2170,22,9054.59
2170,23,8990.1
2170,24,9110.48
2170,25,8973.14
2170,26,9067.04
2170,27,8876.67
2170,28,8902.29
2170,29,9026.03
2170,30,9032.02
2170,31,9066.83
2170,32,8999.65
2170,33,8969.63
2170,34,8919.12
2170,35,8915.22
2170,36,9117.76
2170,37,8991.41
2170,38,9083.63
2170,39,9051.29
2170,40,9114.21
2170,41,8948.56
2170,42,9069.59
2170,43,8933.79
2170,44,8975
2170,45,8948.7
2170,46,8992.65
2170,47,9103.02
2170,48,9174.58
2170,49,8932.19
2170,50,9025.8
2170,51,9091.9
2170,52,9154.69
2170,53,9058.46
2170,54,8946.73
2170,55,8993.11
2170,56,9014.81
2170,57,8958.18
2170,58,8875.27
2170,59,9121.7
2170,60,9028.19
2170,61,8909.96
2170,62,8992.92
2170,63,9110.19
2170,64,9052.42
2170,65,8847.82
2170,66,8954.23
2170,67,8892.05
2170,68,8932.01
2170,69,9127.19
2170,70,8984.41
2170,71,9025.65
2170,72,9112.23
2170,73,9012.72
2170,74,9102.87
2170,75,9149.77
2170,76,8949.94
2170,77,9081.08
2170,78,9004.93
2170,79,9067.79
2170,80,9081.54
2170,81,8957.25
2170,82,8956.24
2170,83,8974.18
2170,84,8926.46
2170,85,8957.86
2170,86,9014.56
2170,87,9043.93
2170,88,9070.35
2170,89,8937.32
2170,90,8876.29
2170,91,8994.57
2170,92,8890.42
2170,93,8977.78
2170,94,8945.52
2170,95,9044.41
2170,96,8961.91
2170,97,9051.29
2170,98,9002.12
2170,99,9032.14
2180,0,9149.99
2180,1,9094.26
2180,2,9101.73
2180,3,9052.31
2180,4,8935
2180,5,9086.69
2180,6,9019.95
2180,7,9051.97
2180,8,8912.71
2180,9,9019.89
2180,10,8942.72
2180,11,9068.26
2180,12,9103.48
2180,13,9016.6
2180,14,8881.62
2180,15,9139.17
2180,16,8924.23
2180,17,9176.04
2180,18,9051.49
2180,19,9067.49
2180,20,9005.27
2180,21,8940.95
2180,22,9054.34
2180,23,8989.82
2180,24,9110.22
2180,25,8972.9
2180,26,9066.79
2180,27,8872.39
2180,28,8902.04
2180,29,9023.27
2180,30,9027.85
2180,31,9063.19
2180,32,8999.39
2180,33,8969.38
2180,34,8918.9
2180,35,8914.99
2180,36,9117.5
2180,37,8988.12
2180,38,9083.39
2180,39,9051.03
2180,40,9113.96
2180,41,8948.31
2180,42,9069.33
2180,43,8933.57
2180,44,8974.77
2180,45,8948.45
2180,46,8992.4
2180,47,9102.75
2180,48,9174.29
2180,49,8931.97
2180,50,9025.53
2180,51,9091.65
2180,52,9154.43
2180,53,9058.2
2180,54,8946.48
2180,55,8992.85
2180,56,9014.54
2180,57,8957.92
2180,58,8875.04
2180,59,9118.02
2180,60,9027.92
2180,61,8909.71
2180,62,8992.67
2180,63,9109.93
2180,64,9052.17
2180,65,8847.58
2180,66,8953.97
2180,67,8891.81
2180,68,8928.18
2180,69,9126.93
2180,70,8984.16
2180,71,9025.41
2180,72,9111.95
2180,73,9012.48
2180,74,9098.9
2180,75,9149.51
2180,76,8949.68
2180,77,9079.69
2180,78,9004.68
2180,79,9064.85
2180,80,9079.78
2180,81,8956.99
2180,82,8953.52
2180,83,8972.74
2180,84,8926.22
2180,85,8957.6
2180,86,9014.31
2180,87,9043.67
2180,88,9070.08
2180,89,8934.24
2180,90,8876.05
2180,91,8991.9
2180,92,8890.2
2180,93,8977.54
2180,94,8945.28
2180,95,9044.14
2180,96,8961.66
2180,97,9051.02
2180,98,8998.11
2180,99,9031.89
2190,0,9149.69
2190,1,9093.96
2190,2,9101.43
2190,3,9052.01
2190,4,8934.7
2190,5,9086.39
2190,6,9019.65
2190,7,9051.67
2190,8,8912.41
2190,9,9019.59
2190,10,8942.42
2190,11,9067.96
2190,12,9103.18
2190,13,9016.3
2190,14,8881.32
2190,15,9138.87
2190,16,8923.93
2190,17,9175.74
2190,18,9051.19
2190,19,9067.19
2190,20,9004.97
2190,21,8940.65
2190,22,9054.04
2190,23,8989.52
2190,24,9109.92
2190,25,8972.6
2190,26,9066.49
2190,27,8872.09
2190,28,8901.74
2190,29,9022.97
2190,30,9027.55
2190,31,9062.89
2190,32,8999.09
2190,33,8969.08
2190,34,8918.6
2190,35,8914.69
2190,36,9117.2
2190,37,8987.82
2190,38,9083.09
2190,39,9050.73
2190,40,9113.66
2190,41,8948.01
2190,42,9069.03
2190,43,8933.27
2190,44,8974.47
2190,45,8948.15
2190,46,8992.1
2190,47,9102.45
2190,48,9173.99
2190,49,8931.67
2190,50,9025.23
2190,51,9091.35
2190,52,9154.13
2190,53,9057.9
2190,54,8946.18
2190,55,8992.55
2190,56,9014.24
2190,57,8957.62
2190,58,8874.74
2190,59,9117.72
2190,60,9027.62
2190,61,8909.41
2190,62,8992.37
2190,63,9109.63
2190,64,9051.87
2190,65,8847.28
2190,66,8953.67
2190,67,8891.51
2190,68,8927.88
2190,69,9126.63
2190,70,8983.86
2190,71,9025.11
2190,72,9111.65
2190,73,9012.18
2190,74,9098.6
2190,75,9149.21
2190,76,8949.38
2190,77,9079.39
2190,78,9004.38
2190,79,9064.55
2190,80,9079.48
2190,81,8956.69
2190,82,8953.22
2190,83,8972.44
2190,84,8925.92
2190,85,8957.3
2190,86,9014.01
2190,87,9043.37
2190,88,9069.78
2190,89,8933.94
2190,90,8875.75
2190,91,8991.6
2190,92,8889.9
2190,93,8977.24
2190,94,8944.98
2190,95,9043.84
2190,96,8961.36
2190,97,9050.72
2190,98,8997.81
2190,99,9031.59
2200,0,9139.14
2200,1,9084.89
2200,2,9087.28
2200,3,9044.18
2200,4,8923.28
2200,5,9075.94
2200,6,9008.96
2200,7,9040.75
2200,8,8902.58
2200,9,9008
2200,10,8932.3
2200,11,9059.21
2200,12,9094.19
2200,13,9005.93
2200,14,8869.03
2200,15,9130.51
2200,16,8913.87
2200,17,9167.59
2200,18,9040.31
2200,19,9054.09
2200,20,8992.89
2200,21,8928.3
2200,22,9043.98
2200,23,8977.58
2200,24,9101.49
2200,25,8960.09
2200,26,9056.7
2200,27,8860.35
2200,28,8892.35
2200,29,9012.34
2200,30,9018.41
2200,31,9049.01
2200,32,8987.51
2200,33,8959.84
2200,34,8906.64
2200,35,8905.46
2200,36,9108.43
2200,37,8978.57
2200,38,9073.96
2200,39,9042.89
2200,40,9104.86
2200,41,8936.89
2200,42,9060.34
2200,43,8919.67
2200,44,8963.48
2200,45,8939.61
2200,46,8982.97
2200,47,9092.27
2200,48,9162.11
2200,49,8922.69
2200,50,9016.55
2200,51,9082.26
2200,52,9144.27
2200,53,9048.37
2200,54,8934.89
2200,55,8978.47
2200,56,9002.78
2200,57,8944.76
2200,58,8865.74
2200,59,9109.61
2200,60,9018.65
2200,61,8900.38
2200,62,8977.61
2200,63,9100.86
2200,64,9040.46
2200,65,8839.14
2200,66,8942.19
2200,67,8879.9
2200,68,8917.66
2200,69,9117.11
2200,70,8971.29
2200,71,9011.48
2200,72,9096.67
2200,73,9000.82
2200,74,9089.94
2200,75,9139.45
2200,76,8938.24
2200,77,9070.44
2200,78,8991.55
2200,79,9052.75
2200,80,9070.39
2200,81,8945.54
2200,82,8942.76
2200,83,8961.75
2200,84,8917.86
2200,85,8944.39
2200,86,9003.39
2200,87,9033.37
2200,88,9059.83
2200,89,8923.47
2200,90,8867.01
2200,91,8982.55
2200,92,8879.57
2200,93,8964
2200,94,8935.7
2200,95,9035.18
2200,96,8952.28
2200,97,9040.04
2200,98,8988.6
2200,99,9021.34
2210,0,9138.91
2210,1,9082.84
2210,2,9086.66
2210,3,9041.34
2210,4,8919.17
2210,5,9073.29
2210,6,9007.53
2210,7,9040.14
2210,8,8900.03
2210,9,9007.76
2210,10,8926.29
2210,11,9057.38
2210,12,9091.77
2210,13,9002.86
2210,14,8865.91
2210,15,9129.58
2210,16,8909.07
2210,17,9164.26
2210,18,9037.81
2210,19,9053.86
2210,20,8992.64
2210,21,8925.66
2210,22,9039.67
2210,23,8976.37
2210,24,9098.73
2210,25,8956.4
2210,26,9056.45
2210,27,8856.88
2210,28,8887.18
2210,29,9009.59
2210,30,9015.7
2210,31,9048.79
2210,32,8984.07
2210,33,8955.09
2210,34,8902.6
2210,35,8900.41
2210,36,9104.41
2210,37,8974.46
2210,38,9070.65
2210,39,9039.66
2210,40,9101.25
2210,41,8933.88
2210,42,9056.43
2210,43,8919.45
2210,44,8956.61
2210,45,8937.29
2210,46,8980.08
2210,47,9089.22
2210,48,9160.77
2210,49,8917.81
2210,50,9014.87
2210,51,9082.01
2210,52,9142.63
2210,53,9047.51
2210,54,8930.77
2210,55,8978.25
2210,56,9001.37
2210,57,8944.53
2210,58,8861
2210,59,9106.92
2210,60,9016.36
2210,61,8895.81
2210,62,8977.38
2210,63,9097.37
2210,64,9040.22
2210,65,8833.99
2210,66,8938.92
2210,67,8875.82
2210,68,8913.82
2210,69,9115.15
2210,70,8971.07
2210,71,9011.26
2210,72,9094.73
2210,73,8997.61
2210,74,9086.78
2210,75,9135.32
2210,76,8936.45
2210,77,9066.88
2210,78,8991.31
2210,79,9052.51
2210,80,9066.48
2210,81,8941.8
2210,82,8939.31
2210,83,8957.98
2210,84,8911.98
2210,85,8944.15
2210,86,8999.75
2210,87,9033.12
2210,88,9057.81
2210,89,8921.2
2210,90,8862.76
2210,91,8980.29
2210,92,8874.24
2210,93,8963.77
2210,94,8931.43
2210,95,9032.14
2210,96,8947.95
2210,97,9039.77
2210,98,8986.36
2210,99,9018.63
2220,0,9138.61
2220,1,9082.54
2220,2,9086.36
2220,3,9041.04
2220,4,8918.87
2220,5,9072.99
2220,6,9007.23
2220,7,9039.84
2220,8,8899.73
2220,9,9007.46
2220,10,8925.99
2220,11,9057.08
2220,12,9091.47
2220,13,9002.56
2220,14,8865.61
2220,15,9129.28
2220,16,8908.77
2220,17,9163.96
2220,18,9037.51
2220,19,9053.56
2220,20,8992.34
2220,21,8925.36
2220,22,9039.37
2220,23,8976.07
2220,24,9098.43
2220,25,8956.1
2220,26,9056.15
2220,27,8856.58
2220,28,8886.88
2220,29,9009.29
2220,30,9015.4
2220,31,9048.49
2220,32,8983.77
2220,33,8954.79
2220,34,8902.3
2220,35,8900.11
2220,36,9104.11
2220,37,8974.16
2220,38,9070.35
2220,39,9039.36
2220,40,9100.95
2220,41,8933.58
2220,42,9056.13
2220,43,8919.15
2220,44,8956.31
2220,45,8936.99
2220,46,8979.78
2220,47,9088.92
2220,48,9160.47
2220,49,8917.51
2220,50,9014.57
2220,51,9081.71
2220,52,9142.33
2220,53,9047.21
2220,54,8930.47
2220,55,8977.95
2220,56,9001.07
2220,57,8944.23
2220,58,8860.7
2220,59,9106.62
2220,60,9016.06
2220,61,8895.51
2220,62,8977.08
2220,63,9097.07
2220,64,9039.92
2220,65,8833.69
2220,66,8938.62
2220,67,8875.52
2220,68,8913.52
2220,69,9114.85
2220,70,8970.77
2220,71,9010.96
2220,72,9094.43
2220,73,8997.31
2220,74,9086.48
2220,75,9135.02
2220,76,8936.15
2220,77,9066.58
2220,78,8991.01
2220,79,9052.21
2220,80,9066.18
2220,81,8941.5
2220,82,8939.01
2220,83,8957.68
2220,84,8911.68
2220,85,8943.85
2220,86,8999.45
2220,87,9032.82
2220,88,9057.51
2220,89,8920.9
2220,90,8862.46
2220,91,8979.99
2220,92,8873.94
2220,93,8963.47
2220,94,8931.13
2220,95,9031.84
2220,96,8947.65
2220,97,9039.47
2220,98,8986.06
2220,99,9018.33
2230,0,9129.17
2230,1,9073.38
2230,2,9075.22
2230,3,9032.76
2230,4,8908.85
2230,5,9062.3
2230,6,8996.54
2230,7,9030.26
2230,8,8892.27
2230,9,8996.84
2230,10,8915.45
2230,11,9049.52
2230,12,9084.53
2230,13,8994.47
2230,14,8856.93
2230,15,9120.62
2230,16,8898.12
2230,17,9155.74
2230,18,9027.02
2230,19,9045.58
2230,20,8982.06
2230,21,8912.25
2230,22,9030.26
2230,23,8961.18
2230,24,9088.7
2230,25,8947.08
2230,26,9050.09
2230,27,8846.01
2230,28,8875.97
2230,29,9000.23
2230,30,9006.71
2230,31,9040.3
2230,32,8975.9
2230,33,8945.82
2230,34,8893.08
2230,35,8890.83
2230,36,9095.35
2230,37,8965.35
2230,38,9057.88
2230,39,9031.66
2230,40,9091.74
2230,41,8922.55
2230,42,9047.74
2230,43,8910.78
2230,44,8947.43
2230,45,8929.81
2230,46,8971.21
2230,47,9078.66
2230,48,9150.47
2230,49,8907.95
2230,50,9003.73
2230,51,9073.91
2230,52,9134.14
2230,53,9035.37
2230,54,8920.51
2230,55,8965.4
2230,56,8990.77
2230,57,8934.81
2230,58,8850.74
2230,59,9098.6
2230,60,9005.38
2230,61,8886.8
2230,62,8964.73
2230,63,9087.77
2230,64,9028.32
2230,65,8824.02
2230,66,8929.42
2230,67,8866.74
2230,68,8905.33
2230,69,9106.28
2230,70,8961.62
2230,71,8999.57
2230,72,9085.07
2230,73,8986.18
2230,74,9077.68
2230,75,9125.05
2230,76,8927.08
2230,77,9057.22
2230,78,8979.83
2230,79,9040.83
2230,80,9056.89
2230,81,8933.18
2230,82,8931.5
2230,83,8946.74
2230,84,8903.93
2230,85,8934.47
2230,86,8990.88
2230,87,9022.82
2230,88,9049.04
2230,89,8912.39
2230,90,8854.43
2230,91,8970.75
2230,92,8861.33
2230,93,8954.06
2230,94,8920.38
2230,95,9025.27
2230,96,8938.68
2230,97,9027.17
2230,98,8977.01
2230,99,9007.34
2240,0,9128.94
2240,1,9071.42
2240,2,9072.21
2240,3,9032.16
2240,4,8905.48
2240,5,9059.49
2240,6,8994.91
2240,7,9028.65
2240,8,8886.75
2240,9,8996.61
2240,10,8912.34
2240,11,9046.44
2240,12,9081.71
2240,13,8990.95
2240,14,8852.69
2240,15,9120.07
2240,16,8893.27
2240,17,9153.09
2240,18,9022.58
2240,19,9040.11
2240,20,8978.9
2240,21,8910.22
2240,22,9027.27
2240,23,8959.39
2240,24,9088.08
2240,25,8942.71
2240,26,9046.49
2240,27,8841.11
2240,28,8873.35
2240,29,8998.46
2240,30,9003.16
2240,31,9034.82
2240,32,8969.93
2240,33,8941.01
2240,34,8889.83
2240,35,8885.71
2240,36,9093.06
2240,37,8961.14
2240,38,9057.66
2240,39,9027.98
2240,40,9087.68
2240,41,8920.64
2240,42,9045.09
2240,43,8905.44
2240,44,8940.99
2240,45,8927.69
2240,46,8966.91
2240,47,9077.65
2240,48,9150.22
2240,49,8902.29
2240,50,9003.49
2240,51,9071.35
2240,52,9130.59
2240,53,9035.14
2240,54,8915.43
2240,55,8963.19
2240,56,8990.51
2240,57,8930.93
2240,58,8846.32
2240,59,9095.96
2240,60,9004.19
2240,61,8883.14
2240,62,8961.46
2240,63,9085.61
2240,64,9028.1
2240,65,8818.76
2240,66,8927.08
2240,67,8861.88
2240,68,8899.97
2240,69,9103.78
2240,70,8958
2240,71,8999.15
2240,72,9084.27
2240,73,8982.48
2240,74,9073.73
2240,75,9123.77
2240,76,8923.44
2240,77,9055.17
2240,78,8977.8
2240,79,9040.6
2240,80,9054.04
2240,81,8928.41
2240,82,8926.85
2240,83,8946.52
2240,84,8899.55
2240,85,8931.83
2240,86,8986.42
2240,87,9022.58
2240,88,9046.56
2240,89,8908.02
2240,90,8850.44
2240,91,8969.28
2240,92,8856.78
2240,93,8951.07
2240,94,8916.98
2240,95,9021.21
2240,96,8934.18
2240,97,9026.92
2240,98,8974.33
2240,99,9007.12
2250,0,9128.64
2250,1,9071.12
2250,2,9071.91
2250,3,9031.86
2250,4,8905.18
2250,5,9059.19
2250,6,8994.61
2250,7,9028.35
2250,8,8886.45
2250,9,8996.31
2250,10,8912.04
2250,11,9046.14
2250,12,9081.41
2250,13,8990.65
2250,14,8852.39
2250,15,9119.77
2250,16,8892.97
2250,17,9152.79
2250,18,9022.28
2250,19,9039.81
2250,20,8978.6
2250,21,8909.92
2250,22,9026.97
2250,23,8959.09
2250,24,9087.78
2250,25,8942.41
2250,26,9046.19
2250,27,8840.81
2250,28,8873.05
2250,29,8998.16
2250,30,9002.86
2250,31,9034.52
2250,32,8969.63
2250,33,8940.71
2250,34,8889.53
2250,35,8885.41
2250,36,9092.76
2250,37,8960.84
2250,38,9057.36
2250,39,9027.68
2250,40,9087.38
2250,41,8920.34
2250,42,9044.79
2250,43,8905.14
2250,44,8940.69
2250,45,8927.39
2250,46,8966.61
2250,47,9077.35
2250,48,9149.92
2250,49,8901.99
2250,50,9003.19
2250,51,9071.05
2250,52,9130.29
2250,53,9034.84
2250,54,8915.13
2250,55,8962.89
2250,56,8990.21
2250,57,8930.63
2250,58,8846.02
2250,59,9095.66
2250,60,9003.89
2250,61,8882.84
2250,62,8961.16
2250,63,9085.31
2250,64,9027.8
2250,65,8818.46
2250,66,8926.78
2250,67,8861.58
2250,68,8899.67
2250,69,9103.48
2250,70,8957.7
2250,71,8998.85
2250,72,9083.97
2250,73,8982.18
2250,74,9073.43
2250,75,9123.47
2250,76,8923.14
2250,77,9054.87
2250,78,8977.5
2250,79,9040.3
2250,80,9053.74
2250,81,8928.11
2250,82,8926.55
2250,83,8946.22
2250,84,8899.25
2250,85,8931.53
2250,86,8986.12
2250,87,9022.28
2250,88,9046.26
2250,89,8907.72
2250,90,8850.14
2250,91,8968.98
2250,92,8856.48
2250,93,8950.77
2250,94,8916.68
2250,95,9020.91
2250,96,8933.88
2250,97,9026.62
2250,98,8974.03
2250,99,9006.82
2260,0,9120.48
2260,1,9061.81
2260,2,9059.64
2260,3,9023.68
2260,4,8896.56
2260,5,9051.5
2260,6,8984.98
2260,7,9017.4
2260,8,8875.75
2260,9,8984.66
2260,10,8900.61
2260,11,9038.76
2260,12,9074.34
2260,13,8983.19
2260,14,8842.86
2260,15,9112.21
2260,16,8882.34
2260,17,9144.73
2260,18,9011.66
2260,19,9031.75
2260,20,8970.99
2260,21,8896.78
2260,22,9019.44
2260,23,8947.47
2260,24,9079.54
2260,25,8933.45
2260,26,9039.2
2260,27,8830.71
2260,28,8862.36
2260,29,8989.81
2260,30,8995.23
2260,31,9026.48
2260,32,8961.72
2260,33,8934.99
2260,34,8879.59
2260,35,8876.15
2260,36,9084
2260,37,8950.67
2260,38,9049.66
2260,39,9020.44
2260,40,9078.06
2260,41,8910.22
2260,42,9035.98
2260,43,8893.09
2260,44,8930.74
2260,45,8918.84
2260,46,8958.23
2260,47,9066.13
2260,48,9136.62
2260,49,8893.85
2260,50,8994.74
2260,51,9064.01
2260,52,9121.97
2260,53,9024.47
2260,54,8905.07
2260,55,8950.05
2260,56,8981.77
2260,57,8919.57
2260,58,8836.97
2260,59,9087.36
2260,60,8996.47
2260,61,8871.63
2260,62,8947.95
2260,63,9073.83
2260,64,9020
2260,65,8810.58
2260,66,8919.13
2260,67,8852.23
2260,68,8891.19
2260,69,9096.77
2260,70,8948.98
2260,71,8987.34
2260,72,9075.02
2260,73,8970.93
2260,74,9064.67
2260,75,9113.75
2260,76,8914.12
2260,77,9046.45
2260,78,8965.15
2260,79,9033
2260,80,9044.52
2260,81,8920.28
2260,82,8917.26
2260,83,8935.28
2260,84,8892.43
2260,85,8921.86
2260,86,8976.21
2260,87,9010.93
2260,88,9035.49
2260,89,8898.11
2260,90,8840.89
2260,91,8960.59
2260,92,8843.92
2260,93,8941.34
2260,94,8906.16
2260,95,9014.41
2260,96,8922.96
2260,97,9017.71
2260,98,8965.31
2260,99,8996.76
2270,0,9117.01
2270,1,9059.36
2270,2,9055.58
2270,3,9020.76
2270,4,8888.3
2270,5,9048.07
2270,6,8981.96
2270,7,9016.41
2270,8,8870.74
2270,9,8984.44
2270,10,8893.53
2270,11,9035.79
2270,12,9069.12
2270,13,8979.04
2270,14,8838.63
2270,15,9110.03
2270,16,8877.18
2270,17,9141.71
2270,18,9005.39
2270,19,9026.67
2270,20,8966.65
2270,21,8894.42
2270,22,9012.6
2270,23,8942.74
2270,24,9077.26
2270,25,8928.23
2270,26,9035.31
2270,27,8825.88
2270,28,8854.98
2270,29,8983.49
2270,30,8990.72
2270,31,9021.09
2270,32,8955.39
2270,33,8924.44
2270,34,8873.51
2270,35,8870.65
2270,36,9081.58
2270,37,8947.64
2270,38,9044.71
2270,39,9015.88
2270,40,9074.16
2270,41,8908.22
2270,42,9033.56
2270,43,8889.69
2270,44,8925.63
2270,45,8914.76
2270,46,8954.79
2270,47,9065.46
2270,48,9135.59
2270,49,8888.32
2270,50,8992.34
2270,51,9061.17
2270,52,9116.88
2270,53,9022.71
2270,54,8900.28
2270,55,8945.84
2270,56,8978.45
2270,57,8917.87
2270,58,8830.99
2270,59,9084.14
2270,60,8992.38
2270,61,8867.1
2270,62,8946.11
2270,63,9072.61
2270,64,9014.73
2270,65,8806.02
2270,66,8912.98
2270,67,8847.96
2270,68,8887.49
2270,69,9090.89
2270,70,8941.65
2270,71,8983.13
2270,72,9074.75
2270,73,8967.9
2270,74,9060.65
2270,75,9111.4
2270,76,8911.04
2270,77,9043.29
2270,78,8962.09
2270,79,9025.37
2270,80,9041.52
2270,81,8914.13
2270,82,8914.01
2270,83,8934.42
2270,84,8882.46
2270,85,8918.77
2270,86,8971.67
2270,87,9010.71
2270,88,9032.84
2270,89,8894.28
2270,90,8836.63
2270,91,8955.38
2270,92,8839.21
2270,93,8937.52
2270,94,8902.28
2270,95,9009.4
2270,96,8918.77
2270,97,9013.59
2270,98,8961.74
2270,99,8992.89
2280,0,9116.71
2280,1,9059.06
2280,2,9055.28
2280,3,9020.46
2280,4,8888
2280,5,9047.77
2280,6,8981.66
2280,7,9016.11
2280,8,8870.44
2280,9,8984.14
2280,10,8893.23
2280,11,9035.49
2280,12,9068.82
2280,13,8978.74
2280,14,8838.33
2280,15,9109.73
2280,16,8876.88
2280,17,9141.41
2280,18,9005.09
2280,19,9026.37
2280,20,8966.35
2280,21,8894.12
2280,22,9012.3
2280,23,8942.44
2280,24,9076.96
2280,25,8927.93
2280,26,9035.01
2280,27,8825.58
2280,28,8854.68
2280,29,8983.19
2280,30,8990.42
2280,31,9020.79
2280,32,8955.09
2280,33,8924.14
2280,34,8873.21
2280,35,8870.35
2280,36,9081.28
2280,37,8947.34
2280,38,9044.41
2280,39,9015.58
2280,40,9073.86
2280,41,8907.92
2280,42,9033.26
2280,43,8889.39
2280,44,8925.33
2280,45,8914.46
2280,46,8954.49
2280,47,9065.16
2280,48,9135.29
2280,49,8888.02
2280,50,8992.04
2280,51,9060.87
2280,52,9116.58
2280,53,9022.41
2280,54,8899.98
2280,55,8945.54
2280,56,8978.15
2280,57,8917.57
2280,58,8830.69
2280,59,9083.84
2280,60,8992.08
2280,61,8866.8
2280,62,8945.81
2280,63,9072.31
2280,64,9014.43
2280,65,8805.72
2280,66,8912.68
2280,67,8847.66
2280,68,8887.19
2280,69,9090.59
2280,70,8941.35
2280,71,8982.83
2280,72,9074.45
2280,73,8967.6
2280,74,9060.35
2280,75,9111.1
2280,76,8910.74
2280,77,9042.99
2280,78,8961.79
2280,79,9025.07
2280,80,9041.22
2280,81,8913.83
2280,82,8913.71
2280,83,8934.12
2280,84,8882.16
2280,85,8918.47
2280,86,8971.37
2280,87,9010.41
2280,88,9032.54
2280,89,8893.98
2280,90,8836.33
2280,91,8955.08
2280,92,8838.91
2280,93,8937.22
2280,94,8901.98
2280,95,9009.1
2280,96,8918.47
2280,97,9013.29
2280,98,8961.44
2280,99,8992.59
2290,0,9109.31
2290,1,9052.04
2290,2,9049.64
2290,3,9012.39
2290,4,8879.21
2290,5,9040.57
2290,6,8974.42
2290,7,9008.85
2290,8,8866.14
2290,9,8978.7
2290,10,8883.57
2290,11,9030.55
2290,12,9062.29
2290,13,8971.25
2290,14,8831.37
2290,15,9101.44
2290,16,8867
2290,17,9134.21
2290,18,8998.24
2290,19,9017.58
2290,20,8958.95
2290,21,8885.74
2290,22,9006.04
2290,23,8932.15
2290,24,9070.55
2290,25,8918.64
2290,26,9028.01
2290,27,8816.29
2290,28,8845.8
2290,29,8974.46
2290,30,8984.29
2290,31,9012.8
2290,32,8946.24
2290,33,8918.44
2290,34,8864.65
2290,35,8865.12
2290,36,9075.27
2290,37,8939.24
2290,38,9036.49
2290,39,9008.26
2290,40,9065.08
2290,41,8900.64
2290,42,9027.14
2290,43,8881.45
2290,44,8916.26
2290,45,8909.33
2290,46,8947.45
2290,47,9057.88
2290,48,9125.3
2290,49,8879.88
2290,50,8983.03
2290,51,9053.88
2290,52,9107.99
2290,53,9013.47
2290,54,8889.84
2290,55,8937.95
2290,56,8970.02
2290,57,8912
2290,58,8821.64
2290,59,9076.77
2290,60,8982.46
2290,61,8862.77
2290,62,8937.29
2290,63,9064.14
2290,64,9007.4
2290,65,8797.77
2290,66,8903.3
2290,67,8838.64
2290,68,8880.83
2290,69,9083.67
2290,70,8936.29
2290,71,8974.66
2290,72,9066.96
2290,73,8957.51
2290,74,9053.36
2290,75,9104.99
2290,76,8902.24
2290,77,9035.47
2290,78,8949.22
2290,79,9017.77
2290,80,9034.18
2290,81,8906.17
2290,82,8906.05
2290,83,8925.43
2290,84,8874.61
2290,85,8908.08
2290,86,8962.08
2290,87,9001.23
2290,88,9023.21
2290,89,8887.01
2290,90,8831.23
2290,91,8948.88
2290,92,8830.66
2290,93,8927.79
2290,94,8892.31
2290,95,9001.97
2290,96,8906.92
2290,97,9004.56
2290,98,8955.91
2290,99,8984.23
2300,0,9105.4
2300,1,9049.41
2300,2,9040.8
2300,3,9010.27
2300,4,8873.89
2300,5,9037.71
2300,6,8970.66
2300,7,9004.97
2300,8,8857.76
2300,9,8972.4
2300,10,8877.5
2300,11,9024.87
2300,12,9059.15
2300,13,8968.06
2300,14,8824.27
2300,15,9101.21
2300,16,8861.38
2300,17,9130.06
2300,18,8992.61
2300,19,9012.43
2300,20,8954.03
2300,21,8877.06
2300,22,9000.69
2300,23,8926.82
2300,24,9066.76
2300,25,8913.32
2300,26,9025.24
2300,27,8809.42
2300,28,8842.65
2300,29,8971.03
2300,30,8978.19
2300,31,9007.33
2300,32,8941.81
2300,33,8909.93
2300,34,8857.37
2300,35,8855.93
2300,36,9070.01
2300,37,8934.98
2300,38,9031.13
2300,39,9005.25
2300,40,9059.91
2300,41,8896.91
2300,42,9021.84
2300,43,8874.92
2300,44,8909.72
2300,45,8904.5
2300,46,8941.92
2300,47,9053.67
2300,48,9123.88
2300,49,8874.24
2300,50,8982.8
2300,51,9050.82
2300,52,9105.57
2300,53,9011.34
2300,54,8885.86
2300,55,8931.92
2300,56,8968.55
2300,57,8904.83
2300,58,8816.47
2300,59,9073.09
2300,60,8978.82
2300,61,8853.52
2300,62,8931.07
2300,63,9059.43
2300,64,9002.02
2300,65,8792.16
2300,66,8901.77
2300,67,8833.04
2300,68,8874.63
2300,69,9081.15
2300,70,8926.3
2300,71,8968.87
2300,72,9064.07
2300,73,8956.19
2300,74,9047.7
2300,75,9101.35
2300,76,8896.95
2300,77,9031.17
2300,78,8949.01
2300,79,9013.41
2300,80,9028.66
2300,81,8901.24
2300,82,8903.07
2300,83,8922.97
2300,84,8868.34
2300,85,8905.07
2300,86,8957.11
2300,87,9000.21
2300,88,9020.73
2300,89,8882.67
2300,90,8823.48
2300,91,8944.82
2300,92,8826.17
2300,93,8924.13
2300,94,8887.91
2300,95,8997.37
2300,96,8902.45
2300,97,9003.13
2300,98,8949.44
2300,99,8982.99
2310,0,9105.1
2310,1,9049.11
2310,2,9040.5
2310,3,9009.97
2310,4,8873.59
2310,5,9037.41
2310,6,8970.36
2310,7,9004.67
2310,8,8857.46
2310,9,8972.1
2310,10,8877.2
2310,11,9024.57
2310,12,9058.85
2310,13,8967.76
2310,14,8823.97
2310,15,9100.91
2310,16,8861.08
2310,17,9129.76
2310,18,8992.31
2310,19,9012.13
2310,20,8953.73
2310,21,8876.76
2310,22,9000.39
2310,23,8926.52
2310,24,9066.46
2310,25,8913.02
2310,26,9024.94
2310,27,8809.12
2310,28,8842.35
2310,29,8970.73
2310,30,8977.89
2310,31,9007.03
2310,32,8941.51
2310,33,8909.63
2310,34,8857.07
2310,35,8855.63
2310,36,9069.71
2310,37,8934.68
2310,38,9030.83
2310,39,9004.95
2310,40,9059.61
2310,41,8896.61
2310,42,9021.54
2310,43,8874.62
2310,44,8909.42
2310,45,8904.2
2310,46,8941.62
2310,47,9053.37
2310,48,9123.58
2310,49,8873.94
2310,50,8982.5
2310,51,9050.52
2310,52,9105.27
2310,53,9011.04
2310,54,8885.56
2310,55,8931.62
2310,56,8968.25
2310,57,8904.53
2310,58,8816.17
2310,59,9072.79
2310,60,8978.52
2310,61,8853.22
2310,62,8930.77
2310,63,9059.13
2310,64,9001.72
2310,65,8791.86
2310,66,8901.47
2310,67,8832.74
2310,68,8874.33
2310,69,9080.85
2310,70,8926
2310,71,8968.57
2310,72,9063.77
2310,73,8955.89
2310,74,9047.4
2310,75,9101.05
2310,76,8896.65
2310,77,9030.87
2310,78,8948.71
2310,79,9013.11
2310,80,9028.36
2310,81,8900.94
2310,82,8902.77
2310,83,8922.67
2310,84,8868.04
2310,85,8904.77
2310,86,8956.81
2310,87,8999.91
2310,88,9020.43
2310,89,8882.37
2310,90,8823.18
2310,91,8944.52
2310,92,8825.87
2310,93,8923.83
2310,94,8887.61
2310,95,8997.07
2310,96,8902.15
2310,97,9002.83
2310,98,8949.14
2310,99,8982.69
2320,0,9100.6
2320,1,9042.08
2320,2,9034.66
2320,3,9002.82
2320,4,8868.64
2320,5,9033.95
2320,6,8963.18
2320,7,8997.34
2320,8,8852.62
2320,9,8966.6
2320,10,8872.22
2320,11,9019.63
2320,12,9053.63
2320,13,8960.98
2320,14,8817.03
2320,15,9093.18
2320,16,8854.98
2320,17,9124.92
2320,18,8987.35
2320,19,9006.85
2320,20,8947.12
2320,21,8870.49
2320,22,8994.24
2320,23,8919.13
2320,24,9060.03
2320,25,8906.36
2320,26,9018.85
2320,27,8803.25
2320,28,8836.98
2320,29,8966.61
2320,30,8971.5
2320,31,9002.72
2320,32,8937.61
2320,33,8903.97
2320,34,8850.76
2320,35,8852.03
2320,36,9065.63
2320,37,8930.56
2320,38,9024.5
2320,39,8997.68
2320,40,9053.84
2320,41,8891.2
2320,42,9016.15
2320,43,8868.81
2320,44,8902.08
2320,45,8899.09
2320,46,8934.59
2320,47,9046.15
2320,48,9116.78
2320,49,8869.78
2320,50,8977.26
2320,51,9044.34
2320,52,9100.33
2320,53,9004.8
2320,54,8881.62
2320,55,8927.85
2320,56,8962.57
2320,57,8900.02
2320,58,8814.77
2320,59,9067.88
2320,60,8972.28
2320,61,8849.39
2320,62,8922.29
2320,63,9052.75
2320,64,8994.4
2320,65,8789.94
2320,66,8895.76
2320,67,8827.63
2320,68,8867.6
2320,69,9073.72
2320,70,8920.88
2320,71,8962.8
2320,72,9057.85
2320,73,8950.28
2320,74,9041.26
2320,75,9096.63
2320,76,8889.19
2320,77,9026.59
2320,78,8941.53
2320,79,9006.66
2320,80,9024.89
2320,81,8893.76
2320,82,8895.87
2320,83,8918.63
2320,84,8863.42
2320,85,8899.25
2320,86,8952.53
2320,87,8996.1
2320,88,9013.72
2320,89,8876.72
2320,90,8818.25
2320,91,8936.65
2320,92,8820.06
2320,93,8918.17
2320,94,8881.33
2320,95,8989.9
2320,96,8893.46
2320,97,8995.51
2320,98,8943.55
2320,99,8977.54
2330,0,9092.69
2330,1,9037.98
2330,2,9026.39
2330,3,8998.96
2330,4,8860.97
2330,5,9025.44
2330,6,8958.66
2330,7,8993.49
2330,8,8844.25
2330,9,8960.47
2330,10,8863.38
2330,11,9012.73
2330,12,9049.48
2330,13,8956.03
2330,14,8808.5
2330,15,9091.91
2330,16,8847.21
2330,17,9117.89
2330,18,8979.54
2330,19,8998.19
2330,20,8941.59
2330,21,8861.01
2330,22,8986.99
2330,23,8914.14
2330,24,9055.17
2330,25,8899.31
2330,26,9013.92
2330,27,8796.39
2330,28,8827.79
2330,29,8958.97
2330,30,8967.99
2330,31,8993.75
2330,32,8929.65
2330,33,8896.2
2330,34,8841.32
2330,35,8840.73
2330,36,9057.93
2330,37,8922.95
2330,38,9017.67
2330,39,8993.81
2330,40,9047.15
2330,41,8884.06
2330,42,9009.34
2330,43,8861.15
2330,44,8894.16
2330,45,8894.8
2330,46,8929.07
2330,47,9042.19
2330,48,9109.9
2330,49,8861.15
2330,50,8972.59
2330,51,9039.72
2330,52,9094.77
2330,53,8995.82
2330,54,8872.34
2330,55,8916.79
2330,56,8956.41
2330,57,8891.52
2330,58,8801.37
2330,59,9063.54
2330,60,8965.23
2330,61,8839.56
2330,62,8916.1
2330,63,9046.52
2330,64,8988.27
2330,65,8779.23
2330,66,8888.68
2330,67,8820.56
2330,68,8861.17
2330,69,9069.62
2330,70,8912.68
2330,71,8956.78
2330,72,9053.96
2330,73,8941.52
2330,74,9036.37
2330,75,9087.99
2330,76,8885.57
2330,77,9018.54
2330,78,8934.07
2330,79,9000.39
2330,80,9015.44
2330,81,8887.71
2330,82,8891.85
2330,83,8909.66
2330,84,8855.2
2330,85,8892.41
2330,86,8943.19
2330,87,8990.58
2330,88,9009.3
2330,89,8871.09
2330,90,8810.12
2330,91,8931.8
2330,92,8808.74
2330,93,8913.19
2330,94,8872.44
2330,95,8985.71
2330,96,8886.24
2330,97,8993.02
2330,98,8939.29
2330,99,8972
2340,0,9092.39
2340,1,9037.68
2340,2,9026.09
2340,3,8998.66
2340,4,8860.67
2340,5,9025.14
2340,6,8958.36
2340,7,8993.19
2340,8,8843.95
2340,9,8960.17
2340,10,8863.08
2340,11,9012.43
2340,12,9049.18
2340,13,8955.73
2340,14,8808.2
2340,15,9091.61
2340,16,8846.91
2340,17,9117.59
2340,18,8979.24
2340,19,8997.89
2340,20,8941.29
2340,21,8860.71
2340,22,8986.69
2340,23,8913.84
2340,24,9054.87
2340,25,8899.01
2340,26,9013.62
2340,27,8796.09
2340,28,8827.49
2340,29,8958.67
2340,30,8967.69
2340,31,8993.45
2340,32,8929.35
2340,33,8895.9
2340,34,8841.02
2340,35,8840.43
2340,36,9057.63
2340,37,8922.65
2340,38,9017.37
2340,39,8993.51
2340,40,9046.85
2340,41,8883.76
2340,42,9009.04
2340,43,8860.85
2340,44,8893.86
2340,45,8894.5
2340,46,8928.77
2340,47,9041.89
2340,48,9109.6
2340,49,8860.85
2340,50,8972.29
2340,51,9039.42
2340,52,9094.47
2340,53,8995.52
2340,54,8872.04
2340,55,8916.49
2340,56,8956.11
2340,57,8891.22
2340,58,8801.07
2340,59,9063.24
2340,60,8964.93
2340,61,8839.26
2340,62,8915.8
2340,63,9046.22
2340,64,8987.97
2340,65,8778.93
2340,66,8888.38
2340,67,8820.26
2340,68,8860.87
2340,69,9069.32
2340,70,8912.38
2340,71,8956.48
2340,72,9053.66
2340,73,8941.22
2340,74,9036.07
2340,75,9087.69
2340,76,8885.27
2340,77,9018.24
2340,78,8933.77
2340,79,9000.09
2340,80,9015.14
2340,81,8887.41
2340,82,8891.55
2340,83,8909.36
2340,84,8854.9
2340,85,8892.11
2340,86,8942.89
2340,87,8990.28
2340,88,9009
2340,89,8870.79
2340,90,8809.82
2340,91,8931.5
2340,92,8808.44
2340,93,8912.89
2340,94,8872.14
2340,95,8985.41
2340,96,8885.94
2340,97,8992.72
2340,98,8938.99
2340,99,8971.7
2350,0,9092.09
2350,1,9034.72
2350,2,9023.32
2350,3,8995.17
2350,4,8855.66
2350,5,9024.84
2350,6,8955.51
2350,7,8990.62
2350,8,8839.24
2350,9,8957.13
2350,10,8860.64
2350,11,9012.13
2350,12,9046.58
2350,13,8952.71
2350,14,8806.57
2350,15,9088.65
2350,16,8843.31
2350,17,9117.29
2350,18,8977.31
2350,19,8993.71
2350,20,8937.52
2350,21,8858.73
2350,22,8983.17
2350,23,8909.85
2350,24,9051.33
2350,25,8895.32
2350,26,9009.59
2350,27,8794.4
2350,28,8824.93
2350,29,8954.52
2350,30,8967.39
2350,31,8990.18
2350,32,8925.46
2350,33,8892.08
2350,34,8838.63
2350,35,8840.1
2350,36,9057.33
2350,37,8918.55
2350,38,9013.04
2350,39,8989.54
2350,40,9044.83
2350,41,8880.08
2350,42,9008.74
2350,43,8855.08
2350,44,8890.84
2350,45,8891.17
2350,46,8926.35
2350,47,9039.25
2350,48,9104.72
2350,49,8860.51
2350,50,8969.61
2350,51,9035.66
2350,52,9091.16
2350,53,8992.93
2350,54,8868.07
2350,55,8912.48
2350,56,8951.52
2350,57,8888.54
2350,58,8799.66
2350,59,9062.94
2350,60,8962.96
2350,61,8835.7
2350,62,8912.29
2350,63,9043.94
2350,64,8984.41
2350,65,8777.02
2350,66,8882.82
2350,67,8818.23
2350,68,8859.19
2350,69,9065.67
2350,70,8909.09
2350,71,8954.49
2350,72,9051.59
2350,73,8936.64
2350,74,9035.77
2350,75,9087.39
2350,76,8880.73
2350,77,9017.94
2350,78,8928.16
2350,79,8997.21
2350,80,9014.84
2350,81,8883.97
2350,82,8889.2
2350,83,8909.06
2350,84,8854.6
2350,85,8887.63
2350,86,8940.56
2350,87,8986.44
2350,88,9004.91
2350,89,8866.84
2350,90,8807.15
2350,91,8927.83
2350,92,8803.99
2350,93,8907.2
2350,94,8870.08
2350,95,8980.63
2350,96,8884.48
2350,97,8988.49
2350,98,8938.69
2350,99,8971.4
2360,0,9080.08
2360,1,9027.37
2360,2,9014.52
2360,3,8988.65
2360,4,8844.43
2360,5,9014.6
2360,6,8946
2360,7,8981.82
2360,8,8832.61
2360,9,8947.31
2360,10,8847.27
2360,11,9002.97
2360,12,9037.13
2360,13,8940.03
2360,14,8793.79
2360,15,9081.85
2360,16,8833.1
2360,17,9105.81
2360,18,8965.22
2360,19,8984.08
2360,20,8926.33
2360,21,8845.05
2360,22,8974.45
2360,23,8900.25
2360,24,9043.73
2360,25,8884.59
2360,26,9002.05
2360,27,8783.25
2360,28,8811.08
2360,29,8945.41
2360,30,8957.64
2360,31,8980.43
2360,32,8915.18
2360,33,8881.06
2360,34,8825.44
2360,35,8825.02
2360,36,9045.66
2360,37,8910.74
2360,38,9004.04
2360,39,8983.56
2360,40,9032.25
2360,41,8872.05
2360,42,8999.37
2360,43,8845.91
2360,44,8878.42
2360,45,8881.94
2360,46,8918.04
2360,47,9029.08
2360,48,9095.89
2360,49,8848.24
2360,50,8962.24
2360,51,9028.77
2360,52,9082.06
2360,53,8983.5
2360,54,8858.1
2360,55,8900.35
2360,56,8946.4
2360,57,8878.67
2360,58,8789.05
2360,59,9051.59
2360,60,8951.49
2360,61,8825.24
2360,62,8902.88
2360,63,9031.41
2360,64,8974.47
2360,65,8762.35
2360,66,8875.8
2360,67,8805.98
2360,68,8845.62
2360,69,9056.87
2360,70,8896.92
2360,71,8942.89
2360,72,9044.66
2360,73,8927.87
2360,74,9023.19
2360,75,9075.05
2360,76,8872.42
2360,77,9005.99
2360,78,8917.48
2360,79,8986.41
2360,80,9002.34
2360,81,8873.81
2360,82,8879.53
2360,83,8897.08
2360,84,8842.17
2360,85,8878.91
2360,86,8930.8
2360,87,8979.25
2360,88,8994.87
2360,89,8859.29
2360,90,8797.5
2360,91,8919.7
2360,92,8792.89
2360,93,8900
2360,94,8857.25
2360,95,8972.47
2360,96,8873.83
2360,97,8979.85
2360,98,8927.31
2360,99,8961.44
2370,0,9079.78
2370,1,9027.07
2370,2,9014.22
2370,3,8988.35
2370,4,8844.13
2370,5,9014.3
2370,6,8945.7
2370,7,8981.52
2370,8,8832.31
2370,9,8947.01
2370,10,8846.97
2370,11,9002.67
2370,12,9036.83
2370,13,8939.73
2370,14,8793.49
2370,15,9081.55
2370,16,8832.8
2370,17,9105.51
2370,18,8964.92
2370,19,8983.78
2370,20,8926.03
2370,21,8844.75
2370,22,8974.15
2370,23,8899.95
2370,24,9043.43
2370,25,8884.29
2370,26,9001.75
2370,27,8782.95
2370,28,8810.78
2370,29,8945.11
2370,30,8957.34
2370,31,8980.13
2370,32,8914.88
2370,33,8880.76
2370,34,8825.14
2370,35,8824.72
2370,36,9045.36
2370,37,8910.44
2370,38,9003.74
2370,39,8983.26
2370,40,9031.95
2370,41,8871.75
2370,42,8999.07
2370,43,8845.61
2370,44,8878.12
2370,45,8881.64
2370,46,8917.74
2370,47,9028.78
2370,48,9095.59
2370,49,8847.94
2370,50,8961.94
2370,51,9028.47
2370,52,9081.76
2370,53,8983.2
2370,54,8857.8
2370,55,8900.05
2370,56,8946.1
2370,57,8878.37
2370,58,8788.75
2370,59,9051.29
2370,60,8951.19
2370,61,8824.94
2370,62,8902.58
2370,63,9031.11
2370,64,8974.17
2370,65,8762.05
2370,66,8875.5
2370,67,8805.68
2370,68,8845.32
2370,69,9056.57
2370,70,8896.62
2370,71,8942.59
2370,72,9044.36
2370,73,8927.57
2370,74,9022.89
2370,75,9074.75
2370,76,8872.12
2370,77,9005.69
2370,78,8917.18
2370,79,8986.11
2370,80,9002.04
2370,81,8873.51
2370,82,8879.23
2370,83,8896.78
2370,84,8841.87
2370,85,8878.61
2370,86,8930.5
2370,87,8978.95
2370,88,8994.57
2370,89,8858.99
2370,90,8797.2
2370,91,8919.4
2370,92,8792.59
2370,93,8899.7
2370,94,8856.95
2370,95,8972.17
2370,96,8873.53
2370,97,8979.55
2370,98,8927.01
2370,99,8961.14
2380,0,9079.48
2380,1,9026.77
2380,2,9012.52
2380,3,8988.05
2380,4,8843.83
2380,5,9014
2380,6,8945.4
2380,7,8979.02
2380,8,8832.01
2380,9,8946.66
2380,10,8844.49
2380,11,9002.37
2380,12,9036.53
2380,13,8939.43
2380,14,8791.91
2380,15,9079.17
2380,16,8831.52
2380,17,9105.21
2380,18,8962.98
2380,19,8981.06
2380,20,8924.37
2380,21,8842.75
2380,22,8973.85
2380,23,8898.61
2380,24,9043.13
2380,25,8883.99
2380,26,9001.45
2380,27,8782.65
2380,28,8808.18
2380,29,8942.78
2380,30,8957.04
2380,31,8978.43
2380,32,8912.33
2380,33,8880.46
2380,34,8822.74
2380,35,8824.37
2380,36,9045.06
2380,37,8909.69
2380,38,9001.94
2380,39,8982.96
2380,40,9031.65
2380,41,8871.45
2380,42,8998.77
2380,43,8843.64
2380,44,8877.82
2380,45,8881.29
2380,46,8917.44
2380,47,9026.23
2380,48,9093.98
2380,49,8847.58
2380,50,8961.58
2380,51,9028.17
2380,52,9079.36
2380,53,8980.85
2380,54,8856.48
2380,55,8898.33
2380,56,8944.45
2380,57,8876.77
2380,58,8788.45
2380,59,9050.99
2380,60,8949.16
2380,61,8824.64
2380,62,8900.6
2380,63,9028.9
2380,64,8970.65
2380,65,8761.75
2380,66,8873.78
2380,67,8805.38
2380,68,8845.02
2380,69,9056.27
2380,70,8896.32
2380,71,8940.5
2380,72,9042.4
2380,73,8926.06
2380,74,9022.59
2380,75,9074.45
2380,76,8870.51
2380,77,9005.39
2380,78,8913.64
2380,79,8984.78
2380,80,9001.74
2380,81,8873.21
2380,82,8876.85
2380,83,8896.48
2380,84,8841.57
2380,85,8876.74
2380,86,8930.2
2380,87,8977.99
2380,88,8993.1
2380,89,8858.25
2380,90,8796.9
2380,91,8918.35
2380,92,8790.91
2380,93,8898.02
2380,94,8856.65
2380,95,8971.87
2380,96,8872.13
2380,97,8977.2
2380,98,8926.71
2380,99,8960.84
2390,0,9065.73
2390,1,9014.27
2390,2,8996.8
2390,3,8974.27
2390,4,8825.83
2390,5,8997.64
2390,6,8932.62
2390,7,8967.74
2390,8,8813.84
2390,9,8934.36
2390,10,8826.96
2390,11,8988.89
2390,12,9023.99
2390,13,8925.54
2390,14,8775.37
2390,15,9071
2390,16,8816.51
2390,17,9093.64
2390,18,8949.86
2390,19,8966.14
2390,20,8911.31
2390,21,8827.99
2390,22,8958.35
2390,23,8886.59
2390,24,9031.7
2390,25,8865.05
2390,26,8989.17
2390,27,8767.13
2390,28,8794.62
2390,29,8929.1
2390,30,8941.99
2390,31,8963.78
2390,32,8897.99
2390,33,8866.19
2390,34,8809.05
2390,35,8809.36
2390,36,9032.22
2390,37,8896.07
2390,38,8988.52
2390,39,8969.84
2390,40,9013.87
2390,41,8856.82
2390,42,8984.8
2390,43,8829.88
2390,44,8861.87
2390,45,8868.79
2390,46,8902.62
2390,47,9015.99
2390,48,9081.6
2390,49,8834.03
2390,50,8950.55
2390,51,9017
2390,52,9066.76
2390,53,8968.95
2390,54,8841.12
2390,55,8881.15
2390,56,8930.49
2390,57,8865.47
2390,58,8774.39
2390,59,9038.14
2390,60,8937.27
2390,61,8806.75
2390,62,8886.5
2390,63,9014.74
2390,64,8958.72
2390,65,8743.27
2390,66,8859.57
2390,67,8791.11
2390,68,8828.39
2390,69,9043.69
2390,70,8881.87
2390,71,8929.01
2390,72,9032.86
2390,73,8912.56
2390,74,9007.44
2390,75,9060.93
2390,76,8855.18
2390,77,8992.32
2390,78,8899.05
2390,79,8969.85
2390,80,8989.27
2390,81,8856.8
2390,82,8865.12
2390,83,8883.08
2390,84,8822.95
2390,85,8860.7
2390,86,8912.61
2390,87,8967.68
2390,88,8979.15
2390,89,8844.95
2390,90,8778.73
2390,91,8904.99
2390,92,8774.68
2390,93,8883.84
2390,94,8841.64
2390,95,8956.78
2390,96,8858.27
2390,97,8966.77
2390,98,8912.71
2390,99,8945.84
2400,0,9065.43
2400,1,9013.97
2400,2,8996.5
2400,3,8973.97
2400,4,8825.53
2400,5,8997.34
2400,6,8932.32
2400,7,8967.44
2400,8,8813.54
2400,9,8934.06
2400,10,8826.66
2400,11,8988.59
2400,12,9023.69
2400,13,8925.24
2400,14,8775.07
2400,15,9070.7
2400,16,8816.21
2400,17,9093.34
2400,18,8949.56
2400,19,8965.84
2400,20,8911.01
2400,21,8827.69
2400,22,8958.05
2400,23,8886.29
2400,24,9031.4
2400,25,8864.75
2400,26,8988.87
2400,27,8766.83
2400,28,8794.32
2400,29,8928.8
2400,30,8941.69
2400,31,8963.48
2400,32,8897.69
2400,33,8865.89
2400,34,8808.75
2400,35,8809.06
2400,36,9031.92
2400,37,8895.77
2400,38,8988.22
2400,39,8969.54
2400,40,9013.57
2400,41,8856.52
2400,42,8984.5
2400,43,8829.58
2400,44,8861.57
2400,45,8868.49
2400,46,8902.32
2400,47,9015.69
2400,48,9081.3
2400,49,8833.73
2400,50,8950.25
2400,51,9016.7
2400,52,9066.46
2400,53,8968.65
2400,54,8840.82
2400,55,8880.85
2400,56,8930.19
2400,57,8865.17
2400,58,8774.09
2400,59,9037.84
2400,60,8936.97
2400,61,8806.45
2400,62,8886.2
2400,63,9014.44
2400,64,8958.42
2400,65,8742.97
2400,66,8859.27
2400,67,8790.81
2400,68,8828.09
2400,69,9043.39
2400,70,8881.57
2400,71,8928.71
2400,72,9032.56
2400,73,8912.26
2400,74,9007.14
2400,75,9060.63
2400,76,8854.88
2400,77,8992.02
2400,78,8898.75
2400,79,8969.55
2400,80,8988.97
2400,81,8856.5
2400,82,8864.82
2400,83,8882.78
2400,84,8822.65
2400,85,8860.4
2400,86,8912.31
2400,87,8967.38
2400,88,8978.85
2400,89,8844.65
2400,90,8778.43
2400,91,8904.69
2400,92,8774.38
2400,93,8883.54
2400,94,8841.34
2400,95,8956.48
2400,96,8857.97
2400,97,8966.47
2400,98,8912.41
2400,99,8945.54
2410,0,9065.13
2410,1,9013.67
2410,2,8996.15
2410,3,8973.67
2410,4,8825.23
2410,5,8997.04
2410,6,8932.02
2410,7,8967.14
2410,8,8813.24
2410,9,8933.7
2410,10,8826.36
2410,11,8988.29
2410,12,9023.39
2410,13,8924.94
2410,14,8774.77
2410,15,9070.4
2410,16,8815.91
2410,17,9093.04
2410,18,8949.26
2410,19,8965.54
2410,20,8910.71
2410,21,8827.39
2410,22,8957.75
2410,23,8885.99
2410,24,9031.1
2410,25,8864.45
2410,26,8988.57
2410,27,8766.53
2410,28,8794.02
2410,29,8928.5
2410,30,8941.39
2410,31,8963.12
2410,32,8897.39
2410,33,8865.59
2410,34,8808.45
2410,35,8808.69
2410,36,9031.62
2410,37,8895.47
2410,38,8987.92
2410,39,8969.24
2410,40,9013.27
2410,41,8856.22
2410,42,8984.2
2410,43,8829.28
2410,44,8861.27
2410,45,8868.19
2410,46,8902.02
2410,47,9015.39
2410,48,9081
2410,49,8833.43
2410,50,8949.95
2410,51,9016.4
2410,52,9066.16
2410,53,8968.35
2410,54,8840.52
2410,55,8880.55
2410,56,8929.89
2410,57,8864.87
2410,58,8773.79
2410,59,9037.54
2410,60,8936.67
2410,61,8806.15
2410,62,8885.9
2410,63,9014.14
2410,64,8958.12
2410,65,8742.67
2410,66,8858.97
2410,67,8790.51
2410,68,8827.79
2410,69,9043.09
2410,70,8881.27
2410,71,8928.41
2410,72,9032.26
2410,73,8911.96
2410,74,9006.84
2410,75,9060.33
2410,76,8854.58
2410,77,8991.72
2410,78,8897.32
2410,79,8969.25
2410,80,8988.67
2410,81,8856.2
2410,82,8864.52
2410,83,8882.48
2410,84,8822.35
2410,85,8860.1
2410,86,8912.01
2410,87,8966.37
2410,88,8978.55
2410,89,8844.35
2410,90,8778.13
2410,91,8904.39
2410,92,8774.08
2410,93,8883.24
2410,94,8841.04
2410,95,8956.18
2410,96,8857.67
2410,97,8966.17
2410,98,8912.11
2410,99,8945.24
2420,0,9052.78
2420,1,9002.27
2420,2,8983.33
2420,3,8962.75
2420,4,8811.59
2420,5,8984.33
2420,6,8920.27
2420,7,8955.94
2420,8,8799.48
2420,9,8922.95
2420,10,8811.09
2420,11,8977.66
2420,12,9012.81
2420,13,8911.19
2420,14,8760.51
2420,15,9060.31
2420,16,8801.14
2420,17,9082.4
2420,18,8934.45
2420,19,8950.61
2420,20,8897.04
2420,21,8813.44
2420,22,8945.44
2420,23,8872.62
2420,24,9020.01
2420,25,8850.43
2420,26,8974.87
2420,27,8752.46
2420,28,8778.18
2420,29,8916.45
2420,30,8929.36
2420,31,8947.93
2420,32,8884.18
2420,33,8852.76
2420,34,8793.45
2420,35,8794.74
2420,36,9020.92
2420,37,8880.8
2420,38,8976.61
2420,39,8958.35
2420,40,8999.28
2420,41,8844.66
2420,42,8972.79
2420,43,8814.6
2420,44,8845.49
2420,45,8855.02
2420,46,8890.1
2420,47,9003.41
2420,48,9067.44
2420,49,8819.86
2420,50,8939.43
2420,51,9005.1
2420,52,9054.15
2420,53,8953.24
2420,54,8827.47
2420,55,8865.4
2420,56,8916.46
2420,57,8854.02
2420,58,8759.53
2420,59,9026.85
2420,60,8923.4
2420,61,8792.64
2420,62,8871.99
2420,63,9000.43
2420,64,8943.24
2420,65,8728.95
2420,66,8845.55
2420,67,8776.61
2420,68,8814.78
2420,69,9030.49
2420,70,8866.79
2420,71,8913.5
2420,72,9017.87
2420,73,8899.16
2420,74,8994.68
2420,75,9047.86
2420,76,8842.39
2420,77,8979.93
2420,78,8884.49
2420,79,8956.41
2420,80,8977.27
2420,81,8844.34
2420,82,8852.14
2420,83,8870.77
2420,84,8809.17
2420,85,8845.84
2420,86,8896.25
2420,87,8955.65
2420,88,8965.52
2420,89,8830.11
2420,90,8765.28
2420,91,8890.86
2420,92,8758.68
2420,93,8871.73
2420,94,8827
2420,95,8942.82
2420,96,8843.69
2420,97,8953.03
2420,98,8900.68
2420,99,8933.77
2430,0,9052.48
2430,1,9001.97
2430,2,8983.03
2430,3,8962.45
2430,4,8811.29
2430,5,8984.03
2430,6,8919.97
2430,7,8955.64
2430,8,8799.18
2430,9,8922.65
2430,10,8810.79
2430,11,8977.36
2430,12,9012.51
2430,13,8910.89
2430,14,8760.21
2430,15,9060.01
2430,16,8800.84
2430,17,9082.1
2430,18,8934.15
2430,19,8950.31
2430,20,8896.74
2430,21,8813.14
2430,22,8945.14
2430,23,8872.32
2430,24,9019.71
2430,25,8850.13
2430,26,8974.57
2430,27,8752.16
2430,28,8777.88
2430,29,8916.15
2430,30,8929.06
2430,31,8947.63
2430,32,8883.88
2430,33,8852.46
2430,34,8793.15
2430,35,8794.44
2430,36,9020.62
2430,37,8880.5
2430,38,8976.31
2430,39,8958.05
2430,40,8998.98
2430,41,8844.36
2430,42,8972.49
2430,43,8814.3
2430,44,8845.19
2430,45,8854.72
2430,46,8889.8
2430,47,9003.11
2430,48,9067.14
2430,49,8819.56
2430,50,8939.13
2430,51,9004.8
2430,52,9053.85
2430,53,8952.94
2430,54,8827.17
2430,55,8865.1
2430,56,8916.16
2430,57,8853.72
2430,58,8759.23
2430,59,9026.55
2430,60,8923.1
2430,61,8792.34
2430,62,8871.69
2430,63,9000.13
2430,64,8942.94
2430,65,8728.65
2430,66,8845.25
2430,67,8776.31
2430,68,8814.48
2430,69,9030.19
2430,70,8866.49
2430,71,8913.2
2430,72,9017.57
2430,73,8898.86
2430,74,8994.38
2430,75,9047.56
2430,76,8842.09
2430,77,8979.63
2430,78,8884.19
2430,79,8956.11
2430,80,8976.97
2430,81,8844.04
2430,82,8851.84
2430,83,8870.47
2430,84,8808.87
2430,85,8845.54
2430,86,8895.95
2430,87,8955.35
2430,88,8965.22
2430,89,8829.81
2430,90,8764.98
2430,91,8890.56
2430,92,8758.38
2430,93,8871.43
2430,94,8826.7
2430,95,8942.52
2430,96,8843.39
2430,97,8952.73
2430,98,8900.38
2430,99,8933.47
2440,0,9052.18
2440,1,9001.67
2440,2,8982.73
2440,3,8962.15
2440,4,8810.99
2440,5,8983.73
2440,6,8919.67
2440,7,8955.34
2440,8,8798.88
2440,9,8922.35
2440,10,8810.49
2440,11,8977.06
2440,12,9012.21
2440,13,8910.59
2440,14,8759.91
2440,15,9059.71
2440,16,8800.54
2440,17,9081.8
2440,18,8933.85
2440,19,8950.01
2440,20,8896.44
2440,21,8812.84
2440,22,8944.84
2440,23,8872.02
2440,24,9019.41
2440,25,8849.83
2440,26,8974.27
2440,27,8751.86
2440,28,8777.58
2440,29,8915.85
2440,30,8928.76
2440,31,8947.33
2440,32,8883.58
2440,33,8852.16
2440,34,8792.85
2440,35,8794.14
2440,36,9020.32
2440,37,8880.2
2440,38,8976.01
2440,39,8957.75
2440,40,8998.68
2440,41,8844.06
2440,42,8972.19
2440,43,8814
2440,44,8844.89
2440,45,8854.42
2440,46,8889.5
2440,47,9002.81
2440,48,9066.84
2440,49,8819.26
2440,50,8938.83
2440,51,9004.5
2440,52,9053.55
2440,53,8952.64
2440,54,8826.87
2440,55,8864.8
2440,56,8915.86
2440,57,8853.42
2440,58,8758.93
2440,59,9026.25
2440,60,8922.8
2440,61,8792.04
2440,62,8871.39
2440,63,8999.83
2440,64,8942.64
2440,65,8728.35
2440,66,8844.95
2440,67,8776.01
2440,68,8814.18
2440,69,9029.89
2440,70,8866.19
2440,71,8912.9
2440,72,9017.27
2440,73,8898.56
2440,74,8994.08
2440,75,9047.26
2440,76,8841.79
2440,77,8979.33
2440,78,8883.89
2440,79,8955.81
2440,80,8976.67
2440,81,8843.74
2440,82,8851.54
2440,83,8870.17
2440,84,8808.57
2440,85,8845.24
2440,86,8895.65
2440,87,8955.05
2440,88,8964.92
2440,89,8829.51
2440,90,8764.68
2440,91,8890.26
2440,92,8758.08
2440,93,8871.13
2440,94,8826.4
2440,95,8942.22
2440,96,8843.09
2440,97,8952.43
2440,98,8900.08
2440,99,8933.17
2450,0,9038.09
2450,1,8988.71
2450,2,8966.83
2450,3,8949.33
2450,4,8794.79
2450,5,8967.26
2450,6,8906.34
2450,7,8939.94
2450,8,8783.55
2450,9,8910.43
2450,10,8793.86
2450,11,8963.27
2450,12,8998.79
2450,13,8897.76
2450,14,8742.04
2450,15,9050.27
2450,16,8782.29
2450,17,9068.68
2450,18,8918.19
2450,19,8933.68
2450,20,8882.14
2450,21,8797.33
2450,22,8930.92
2450,23,8858.32
2450,24,9007.52
2450,25,8833.27
2450,26,8961.2
2450,27,8733.77
2450,28,8759.93
2450,29,8903.34
2450,30,8913.79
2450,31,8931.14
2450,32,8869.44
2450,33,8835.48
2450,34,8774.11
2450,35,8775.28
2450,36,9007.45
2450,37,8864.78
2450,38,8959.74
2450,39,8944.58
2450,40,8982.2
2450,41,8831.9
2450,42,8958.01
2450,43,8796.93
2450,44,8827.26
2450,45,8841.67
2450,46,8875.02
2450,47,8990.85
2450,48,9052.39
2450,49,8804.19
2450,50,8928.52
2450,51,8992.98
2450,52,9042.77
2450,53,8937.29
2450,54,8808.68
2450,55,8846.41
2450,56,8903.25
2450,57,8841.33
2450,58,8742.47
2450,59,9013.68
2450,60,8907.45
2450,61,8776.09
2450,62,8856.33
2450,63,8987.31
2450,64,8927.87
2450,65,8712.82
2450,66,8831.77
2450,67,8759.09
2450,68,8799.53
2450,69,9018.57
2450,70,8849.39
2450,71,8896.58
2450,72,9003.28
2450,73,8882.02
2450,74,8978.14
2450,75,9031.77
2450,76,8827.04
2450,77,8967.23
2450,78,8868.86
2450,79,8942.4
2450,80,8962.25
2450,81,8829.35
2450,82,8837.58
2450,83,8855.75
2450,84,8789.52
2450,85,8830.72
2450,86,8879.25
2450,87,8944.2
2450,88,8951.53
2450,89,8814.23
2450,90,8749.2
2450,91,8878.39
2450,92,8736.42
2450,93,8856.48
2450,94,8808.9
2450,95,8927.84
2450,96,8825.42
2450,97,8941.5
2450,98,8885.98
2450,99,8918.21
2460,0,9037.79
2460,1,8988.41
2460,2,8966.53
2460,3,8949.03
2460,4,8794.49
2460,5,8966.96
2460,6,8906.04
2460,7,8939.64
2460,8,8783.25
2460,9,8910.13
2460,10,8793.56
2460,11,8962.97
2460,12,8998.49
2460,13,8897.46
2460,14,8741.74
2460,15,9049.97
2460,16,8781.99
2460,17,9068.38
2460,18,8917.89
2460,19,8933.38
2460,20,8881.84
2460,21,8797.03
2460,22,8930.62
2460,23,8858.02
2460,24,9007.22
2460,25,8832.97
2460,26,8960.9
2460,27,8733.47
2460,28,8759.63
2460,29,8903.04
2460,30,8913.49
2460,31,8930.84
2460,32,8869.14
2460,33,8835.18
2460,34,8773.81
2460,35,8774.98
2460,36,9007.15
2460,37,8864.48
2460,38,8959.44
2460,39,8944.28
2460,40,8981.9
2460,41,8831.6
2460,42,8957.71
2460,43,8796.63
2460,44,8826.96
2460,45,8841.37
2460,46,8874.72
2460,47,8990.55
2460,48,9052.09
2460,49,8803.89
2460,50,8928.22
2460,51,8992.68
2460,52,9042.47
2460,53,8936.99
2460,54,8808.38
2460,55,8846.11
2460,56,8902.95
2460,57,8841.03
2460,58,8742.17
2460,59,9013.38
2460,60,8907.15
2460,61,8775.79
2460,62,8856.03
2460,63,8987.01
2460,64,8927.57
2460,65,8712.52
2460,66,8831.47
2460,67,8758.79
2460,68,8799.23
2460,69,9018.27
2460,70,8849.09
2460,71,8896.28
2460,72,9002.98
2460,73,8881.72
2460,74,8977.84
2460,75,9031.47
2460,76,8826.74
2460,77,8966.93
2460,78,8868.56
2460,79,8942.1
2460,80,8961.95
2460,81,8829.05
2460,82,8837.28
2460,83,8855.45
2460,84,8789.22
2460,85,8830.42
2460,86,8878.95
2460,87,8943.9
2460,88,8951.23
2460,89,8813.93
2460,90,8748.9
2460,91,8878.09
2460,92,8736.12
2460,93,8856.18
2460,94,8808.6
2460,95,8927.54
2460,96,8825.12
2460,97,8941.2
2460,98,8885.68
2460,99,8917.91
2470,0,9037.49
2470,1,8988.11
2470,2,8966.23
2470,3,8948.73
2470,4,8794.19
2470,5,8966.66
2470,6,8905.74
2470,7,8939.34
2470,8,8782.95
2470,9,8909.83
2470,10,8793.26
2470,11,8962.67
2470,12,8998.19
2470,13,8897.16
2470,14,8741.44
2470,15,9049.67
2470,16,8781.69
2470,17,9068.08
2470,18,8917.59
2470,19,8933.08
2470,20,8881.54
2470,21,8796.73
2470,22,8930.32
2470,23,8857.72
2470,24,9006.92
2470,25,8832.67
2470,26,8960.6
2470,27,8733.17
2470,28,8759.33
2470,29,8902.74
2470,30,8913.19
2470,31,8930.54
2470,32,8868.84
2470,33,8834.88
2470,34,8773.51
2470,35,8774.68
2470,36,9006.85
2470,37,8864.18
2470,38,8959.14
2470,39,8943.98
2470,40,8981.6
2470,41,8831.3
2470,42,8957.41
2470,43,8796.33
2470,44,8826.66
2470,45,8841.07
2470,46,8874.42
2470,47,8990.25
2470,48,9051.79
2470,49,8803.59
2470,50,8927.92
2470,51,8992.38
2470,52,9042.17
2470,53,8936.69
2470,54,8808.08
2470,55,8845.81
2470,56,8902.65
2470,57,8840.73
2470,58,8741.87
2470,59,9013.08
2470,60,8906.85
2470,61,8775.49
2470,62,8855.73
2470,63,8986.71
2470,64,8927.27
2470,65,8712.22
2470,66,8831.17
2470,67,8758.49
2470,68,8798.93
2470,69,9017.97
2470,70,8848.79
2470,71,8895.98
2470,72,9002.68
2470,73,8881.42
2470,74,8977.54
2470,75,9031.17
2470,76,8826.44
2470,77,8966.63
2470,78,8868.26
2470,79,8941.8
2470,80,8961.65
2470,81,8828.75
2470,82,8836.98
2470,83,8855.15
2470,84,8788.92
2470,85,8830.12
2470,86,8878.65
2470,87,8943.6
2470,88,8950.93
2470,89,8813.63
2470,90,8748.6
2470,91,8877.79
2470,92,8735.82
2470,93,8855.88
2470,94,8808.3
2470,95,8927.24
2470,96,8824.82
2470,97,8940.9
2470,98,8885.38
2470,99,8917.61
2480,0,9027.53
2480,1,8977.23
2480,2,8952.83
2480,3,8937.69
2480,4,8779.66
2480,5,8954.14
2480,6,8894.88
2480,7,8927.99
2480,8,8769.68
2480,9,8897.56
2480,10,8779.54
2480,11,8951.21
2480,12,8987.75
2480,13,8886.71
2480,14,8728.14
2480,15,9040.26
2480,16,8768.72
2480,17,9057.17
2480,18,8903.09
2480,19,8920.41
2480,20,8868.61
2480,21,8782.84
2480,22,8918.61
2480,23,8844.7
2480,24,8996.69
2480,25,8819.21
2480,26,8947.83
2480,27,8720.45
2480,28,8745.37
2480,29,8892.55
2480,30,8901.17
2480,31,8917.72
2480,32,8857.49
2480,33,8822.19
2480,34,8757.72
2480,35,8762.74
2480,36,8996.34
2480,37,8851.99
2480,38,8947.08
2480,39,8933.1
2480,40,8967.62
2480,41,8819.34
2480,42,8946.01
2480,43,8784.15
2480,44,8812.52
2480,45,8830.57
2480,46,8862.9
2480,47,8978.84
2480,48,9038.92
2480,49,8791.06
2480,50,8917.17
2480,51,8982.89
2480,52,9031.98
2480,53,8921.96
2480,54,8794.07
2480,55,8830.82
2480,56,8890.8
2480,57,8829.39
2480,58,8727.5
2480,59,9002.27
2480,60,8893.72
2480,61,8762.75
2480,62,8843.45
2480,63,8975.77
2480,64,8914.6
2480,65,8699.61
2480,66,8818.28
2480,67,8746.09
2480,68,8787.81
2480,69,9007.99
2480,70,8836.13
2480,71,8884.01
2480,72,8987.95
2480,73,8868.13
2480,74,8964.97
2480,75,9019.05
2480,76,8815.08
2480,77,8956.16
2480,78,8856.6
2480,79,8929.01
2480,80,8950.06
2480,81,8817.82
2480,82,8824.95
2480,83,8842.93
2480,84,8775.35
2480,85,8815.93
2480,86,8862.41
2480,87,8931.99
2480,88,8939.01
2480,89,8801.7
2480,90,8736.83
2480,91,8866.42
2480,92,8719.98
2480,93,8842.65
2480,94,8795.7
2480,95,8913.13
2480,96,8812.22
2480,97,8930.19
2480,98,8875.22
2480,99,8905.98
2490,0,9027.23
2490,1,8976.93
2490,2,8952.53
2490,3,8937.39
2490,4,8779.36
2490,5,8953.84
2490,6,8894.58
2490,7,8927.69
2490,8,8769.38
2490,9,8897.26
2490,10,8779.24
2490,11,8950.91
2490,12,8987.45
2490,13,8886.41
2490,14,8727.84
2490,15,9039.96
2490,16,8768.42
2490,17,9056.87
2490,18,8902.79
2490,19,8920.11
2490,20,8868.31
2490,21,8782.54
2490,22,8918.31
2490,23,8844.4
2490,24,8996.39
2490,25,8818.91
2490,26,8947.53
2490,27,8720.15
2490,28,8745.07
2490,29,8892.25
2490,30,8900.87
2490,31,8917.42
2490,32,8857.19
2490,33,8821.89
2490,34,8757.42
2490,35,8762.44
2490,36,8996.04
2490,37,8851.69
2490,38,8946.78
2490,39,8932.8
2490,40,8967.32
2490,41,8819.04
2490,42,8945.71
2490,43,8783.85
2490,44,8812.22
2490,45,8830.27
2490,46,8862.6
2490,47,8978.54
2490,48,9038.62
2490,49,8790.76
2490,50,8916.87
2490,51,8982.59
2490,52,9031.68
2490,53,8921.66
2490,54,8793.77
2490,55,8830.52
2490,56,8890.5
2490,57,8829.09
2490,58,8727.2
2490,59,9001.97
2490,60,8893.42
2490,61,8762.45
2490,62,8843.15
2490,63,8975.47
2490,64,8914.3
2490,65,8699.31
2490,66,8817.98
2490,67,8745.79
2490,68,8787.51
2490,69,9007.69
2490,70,8835.83
2490,71,8883.71
2490,72,8987.65
2490,73,8867.83
2490,74,8964.67
2490,75,9018.75
2490,76,8814.78
2490,77,8955.86
2490,78,8856.3
2490,79,8928.71
2490,80,8949.76
2490,81,8817.52
2490,82,8824.65
2490,83,8842.63
2490,84,8775.05
2490,85,8815.63
2490,86,8862.11
2490,87,8931.69
2490,88,8938.71
2490,89,8801.4
2490,90,8736.53
2490,91,8866.12
2490,92,8719.68
2490,93,8842.35
2490,94,8795.4
2490,95,8912.83
2490,96,8811.92
2490,97,8929.89
2490,98,8874.92
2490,99,8905.68
2500,0,9026.93
2500,1,8976.63
2500,2,8952.23
2500,3,8937.09
2500,4,8779.06
2500,5,8953.54
2500,6,8894.28
2500,7,8927.39
2500,8,8769.08
2500,9,8896.96
2500,10,8778.94
2500,11,8950.61
2500,12,8987.15
2500,13,8886.11
2500,14,8727.54
2500,15,9039.66
2500,16,8768.12
2500,17,9056.57
2500,18,8902.49
2500,19,8919.81
2500,20,8868.01
2500,21,8782.24
2500,22,8918.01
2500,23,8844.1
2500,24,8996.09
2500,25,8818.61
2500,26,8947.23
2500,27,8719.85
2500,28,8744.77
2500,29,8891.95
2500,30,8900.57
2500,31,8917.12
2500,32,8856.89
2500,33,8821.59
2500,34,8757.12
2500,35,8762.14
2500,36,8995.74
2500,37,8851.39
2500,38,8946.48
2500,39,8932.5
2500,40,8967.02
2500,41,8818.74
2500,42,8945.41
2500,43,8783.55
2500,44,8811.92
2500,45,8829.97
2500,46,8862.3
2500,47,8978.24
2500,48,9038.32
2500,49,8790.46
2500,50,8916.57
2500,51,8982.29
2500,52,9031.38
2500,53,8921.36
2500,54,8793.47
2500,55,8830.22
2500,56,8890.2
2500,57,8828.79
2500,58,8726.9
2500,59,9001.67
2500,60,8893.12
2500,61,8762.15
2500,62,8842.85
2500,63,8975.17
2500,64,8914
2500,65,8699.01
2500,66,8817.68
2500,67,8745.49
2500,68,8787.21
2500,69,9007.39
2500,70,8835.53
2500,71,8883.41
2500,72,8987.35
2500,73,8867.53
2500,74,8964.37
2500,75,9018.45
2500,76,8814.48
2500,77,8955.56
2500,78,8856
2500,79,8928.41
2500,80,8949.46
2500,81,8817.22
2500,82,8824.35
2500,83,8842.33
2500,84,8774.75
2500,85,8815.33
2500,86,8861.81
2500,87,8931.39
2500,88,8938.41
2500,89,8801.1
2500,90,8736.23
2500,91,8865.82
2500,92,8719.38
2500,93,8842.05
2500,94,8795.1
2500,95,8912.53
2500,96,8811.62
2500,97,8929.59
2500,98,8874.62
2500,99,8905.38
2510,0,9015.34
2510,1,8965.81
2510,2,8939.87
2510,3,8926.51
2510,4,8764.45
2510,5,8940.66
2510,6,8883.13
2510,7,8914.35
2510,8,8754.98
2510,9,8886.12
2510,10,8765.05
2510,11,8938.51
2510,12,8975.42
2510,13,8875.02
2510,14,8713.04
2510,15,9030.34
2510,16,8753.07
2510,17,9046.15
2510,18,8887.98
2510,19,8906.23
2510,20,8854.04
2510,21,8766.18
2510,22,8904.96
2510,23,8831.71
2510,24,8986.31
2510,25,8803.69
2510,26,8935.12
2510,27,8704.88
2510,28,8728.84
2510,29,8879.51
2510,30,8888.08
2510,31,8903.96
2510,32,8843.26
2510,33,8807.54
2510,34,8741.26
2510,35,8747.49
2510,36,8984.72
2510,37,8838.32
2510,38,8935.47
2510,39,8919.66
2510,40,8952.16
2510,41,8806.7
2510,42,8932.66
2510,43,8768.32
2510,44,8796.29
2510,45,8819.31
2510,46,8850.15
2510,47,8966.97
2510,48,9022.62
2510,49,8776.38
2510,50,8907.56
2510,51,8971.98
2510,52,9019.64
2510,53,8909.13
2510,54,8778.39
2510,55,8814.84
2510,56,8876.18
2510,57,8816.21
2510,58,8711.02
2510,59,8990.22
2510,60,8881.41
2510,61,8748.67
2510,62,8830.05
2510,63,8961.84
2510,64,8901.73
2510,65,8684.52
2510,66,8804.65
2510,67,8731.38
2510,68,8773.43
2510,69,8996.5
2510,70,8820.71
2510,71,8868.78
2510,72,8968.19
2510,73,8853.69
2510,74,8951.71
2510,75,9006.41
2510,76,8802.07
2510,77,8944.34
2510,78,8843.22
2510,79,8915.79
2510,80,8938.27
2510,81,8804.65
2510,82,8812.94
2510,83,8830.05
2510,84,8759.76
2510,85,8801.28
2510,86,8847.59
2510,87,8919.74
2510,88,8926.64
2510,89,8788.47
2510,90,8722.13
2510,91,8854.61
2510,92,8702.47
2510,93,8830.12
2510,94,8780.57
2510,95,8899.89
2510,96,8797.48
2510,97,8919
2510,98,8862.57
2510,99,8893.59
2520,0,9015.04
2520,1,8965.51
2520,2,8939.57
2520,3,8926.21
2520,4,8764.15
2520,5,8940.36
2520,6,8882.83
2520,7,8914.05
2520,8,8754.68
2520,9,8885.82
2520,10,8764.75
2520,11,8938.21
2520,12,8975.12
2520,13,8874.72
2520,14,8712.74
2520,15,9030.04
2520,16,8752.77
2520,17,9045.85
2520,18,8887.68
2520,19,8905.93
2520,20,8853.74
2520,21,8765.88
2520,22,8904.66
2520,23,8831.41
2520,24,8986.01
2520,25,8803.39
2520,26,8934.82
2520,27,8704.58
2520,28,8728.54
2520,29,8879.21
2520,30,8887.78
2520,31,8903.66
2520,32,8842.96
2520,33,8807.24
2520,34,8740.96
2520,35,8747.19
2520,36,8984.42
2520,37,8838.02
2520,38,8935.17
2520,39,8919.36
2520,40,8951.86
2520,41,8806.4
2520,42,8932.36
2520,43,8768.02
2520,44,8795.99
2520,45,8819.01
2520,46,8849.85
2520,47,8966.67
2520,48,9022.32
2520,49,8776.08
2520,50,8907.26
2520,51,8971.68
2520,52,9019.34
2520,53,8908.83
2520,54,8778.09
2520,55,8814.54
2520,56,8875.88
2520,57,8815.91
2520,58,8710.72
2520,59,8989.92
2520,60,8881.11
2520,61,8748.37
2520,62,8829.75
2520,63,8961.54
2520,64,8901.43
2520,65,8684.22
2520,66,8804.35
2520,67,8731.08
2520,68,8773.13
2520,69,8996.2
2520,70,8820.41
2520,71,8868.48
2520,72,8967.89
2520,73,8853.39
2520,74,8951.41
2520,75,9006.11
2520,76,8801.77
2520,77,8944.04
2520,78,8842.92
2520,79,8915.49
2520,80,8937.97
2520,81,8804.35
2520,82,8812.64
2520,83,8829.75
2520,84,8759.46
2520,85,8800.98
2520,86,8847.29
2520,87,8919.44
2520,88,8926.34
2520,89,8788.17
2520,90,8721.83
2520,91,8854.31
2520,92,8702.17
2520,93,8829.82
2520,94,8780.27
2520,95,8899.59
2520,96,8797.18
2520,97,8918.7
2520,98,8862.27
2520,99,8893.29
2530,0,9014.74
2530,1,8965.21
2530,2,8939.27
2530,3,8925.91
2530,4,8763.85
2530,5,8940.06
2530,6,8882.53
2530,7,8913.75
2530,8,8754.38
2530,9,8885.52
2530,10,8764.45
2530,11,8937.91
2530,12,8974.82
2530,13,8874.42
2530,14,8712.44
2530,15,9029.74
2530,16,8752.47
2530,17,9045.55
2530,18,8887.38
2530,19,8905.63
2530,20,8853.44
2530,21,8765.58
2530,22,8904.36
2530,23,8831.11
2530,24,8985.71
2530,25,8803.09
2530,26,8934.52
2530,27,8704.28
2530,28,8728.24
2530,29,8878.91
2530,30,8887.48
2530,31,8903.36
2530,32,8842.66
2530,33,8806.94
2530,34,8740.66
2530,35,8746.89
2530,36,8984.12
2530,37,8837.72
2530,38,8934.87
2530,39,8919.06
2530,40,8951.56
2530,41,8806.1
2530,42,8932.06
2530,43,8767.72
2530,44,8795.69
2530,45,8818.71
2530,46,8849.55
2530,47,8966.37
2530,48,9022.02
2530,49,8775.78
2530,50,8906.96
2530,51,8971.38
2530,52,9019.04
2530,53,8908.53
2530,54,8777.79
2530,55,8814.24
2530,56,8875.58
2530,57,8815.61
2530,58,8710.42
2530,59,8989.62
2530,60,8880.81
2530,61,8748.07
2530,62,8829.45
2530,63,8961.24
2530,64,8901.13
2530,65,8683.92
2530,66,8804.05
2530,67,8730.78
2530,68,8772.83
2530,69,8995.9
2530,70,8820.11
2530,71,8868.18
2530,72,8967.59
2530,73,8853.09
2530,74,8951.11
2530,75,9005.81
2530,76,8801.47
2530,77,8943.74
2530,78,8842.62
2530,79,8915.19
2530,80,8937.67
2530,81,8804.05
2530,82,8812.34
2530,83,8829.45
2530,84,8759.16
2530,85,8800.68
2530,86,8846.99
2530,87,8919.14
2530,88,8926.04
2530,89,8787.87
2530,90,8721.53
2530,91,8854.01
2530,92,8701.87
2530,93,8829.52
2530,94,8779.97
2530,95,8899.29
2530,96,8796.88
2530,97,8918.4
2530,98,8861.97
2530,99,8892.99
2540,0,9001.27
2540,1,8951.66
2540,2,8927.32
2540,3,8912.55
2540,4,8749.71
2540,5,8927.65
2540,6,8871.82
2540,7,8900.86
2540,8,8740.27
2540,9,8875.17
2540,10,8750.35
2540,11,8927.87
2540,12,8963.03
2540,13,8861.78
2540,14,8700.74
2540,15,9020.54
2540,16,8738.27
2540,17,9035.82
2540,18,8874.49
2540,19,8892.21
2540,20,8840.61
2540,21,8750.34
2540,22,8891.59
2540,23,8817.97
2540,24,8973.46
2540,25,8787.64
2540,26,8924.56
2540,27,8691.95
2540,28,8712.23
2540,29,8866.77
2540,30,8875.07
2540,31,8889.75
2540,32,8829.08
2540,33,8792.05
2540,34,8726.36
2540,35,8733.66
2540,36,8972.51
2540,37,8826.54
2540,38,8922.98
2540,39,8905.58
2540,40,8936.62
2540,41,8795.28
2540,42,8921.64
2540,43,8753.84
2540,44,8780.39
2540,45,8807.79
2540,46,8839.24
2540,47,8955.22
2540,48,9010.25
2540,49,8763.82
2540,50,8897.48
2540,51,8960.49
2540,52,9006.89
2540,53,8893.91
2540,54,8764.65
2540,55,8800.7
2540,56,8864.61
2540,57,8802.85
2540,58,8694.22
2540,59,8980.12
2540,60,8866.64
2540,61,8734.21
2540,62,8818.43
2540,63,8949.99
2540,64,8890.13
2540,65,8669.42
2540,66,8791.36
2540,67,8716.03
2540,68,8758.7
2540,69,8985.19
2540,70,8805.46
2540,71,8854.66
2540,72,8954.27
2540,73,8837.47
2540,74,8939.1
2540,75,8994.75
2540,76,8791.47
2540,77,8933.64
2540,78,8830.9
2540,79,8903.38
2540,80,8927.36
2540,81,8789.98
2540,82,8801.7
2540,83,8818.34
2540,84,8743.98
2540,85,8786.28
2540,86,8831.02
2540,87,8909.67
2540,88,8914.29
2540,89,8776.85
2540,90,8708.4
2540,91,8842.38
2540,92,8687.21
2540,93,8817.35
2540,94,8764.93
2540,95,8888.21
2540,96,8783.52
2540,97,8910.61
2540,98,8849.89
2540,99,8881.49
2550,0,9000.97
2550,1,8951.36
2550,2,8927.02
2550,3,8912.25
2550,4,8749.41
2550,5,8927.35
2550,6,8871.52
2550,7,8900.56
2550,8,8739.97
2550,9,8874.87
2550,10,8750.05
2550,11,8927.57
2550,12,8962.73
2550,13,8861.48
2550,14,8700.44
2550,15,9020.24
2550,16,8737.97
2550,17,9035.52
2550,18,8874.19
2550,19,8891.91
2550,20,8840.31
2550,21,8750.04
2550,22,8891.29
2550,23,8817.67
2550,24,8973.16
2550,25,8787.34
2550,26,8924.26
2550,27,8691.65
2550,28,8711.93
2550,29,8866.47
2550,30,8874.77
2550,31,8889.45
2550,32,8828.78
2550,33,8791.75
2550,34,8726.06
2550,35,8733.36
2550,36,8972.21
2550,37,8826.24
2550,38,8922.68
2550,39,8905.28
2550,40,8936.32
2550,41,8794.98
2550,42,8921.34
2550,43,8753.54
2550,44,8780.09
2550,45,8807.49
2550,46,8838.94
2550,47,8954.92
2550,48,9009.95
2550,49,8763.52
2550,50,8897.18
2550,51,8960.19
2550,52,9006.59
2550,53,8893.61
2550,54,8764.35
2550,55,8800.4
2550,56,8864.31
2550,57,8802.55
2550,58,8693.92
2550,59,8979.82
2550,60,8866.34
2550,61,8733.91
2550,62,8818.13
2550,63,8949.69
2550,64,8889.83
2550,65,8669.12
2550,66,8791.06
2550,67,8715.73
2550,68,8758.4
2550,69,8984.89
2550,70,8805.16
2550,71,8854.36
2550,72,8953.97
2550,73,8837.17
2550,74,8938.8
2550,75,8994.45
2550,76,8791.17
2550,77,8933.34
2550,78,8830.6
2550,79,8903.08
2550,80,8927.06
2550,81,8789.68
2550,82,8801.4
2550,83,8818.04
2550,84,8743.68
2550,85,8785.98
2550,86,8830.72
2550,87,8909.37
2550,88,8913.99
2550,89,8776.55
2550,90,8708.1
2550,91,8842.08
2550,92,8686.91
2550,93,8817.05
2550,94,8764.63
2550,95,8887.91
2550,96,8783.22
2550,97,8910.31
2550,98,8849.59
2550,99,8881.19
2560,0,9000.67
2560,1,8951.06
2560,2,8926.72
2560,3,8911.95
2560,4,8749.11
2560,5,8927.05
2560,6,8871.22
2560,7,8900.26
2560,8,8739.67
2560,9,8874.57
2560,10,8749.75
2560,11,8927.27
2560,12,8962.43
2560,13,8861.18
2560,14,8700.14
2560,15,9019.94
2560,16,8737.67
2560,17,9035.22
2560,18,8873.89
2560,19,8891.61
2560,20,8840.01
2560,21,8749.74
2560,22,8890.99
2560,23,8817.37
2560,24,8972.86
2560,25,8787.04
2560,26,8923.96
2560,27,8691.35
2560,28,8711.63
2560,29,8866.17
2560,30,8874.47
2560,31,8889.15
2560,32,8828.48
2560,33,8791.45
2560,34,8725.76
2560,35,8733.06
2560,36,8971.91
2560,37,8825.94
2560,38,8922.38
2560,39,8904.98
2560,40,8936.02
2560,41,8794.68
2560,42,8921.04
2560,43,8753.24
2560,44,8779.79
2560,45,8807.19
2560,46,8838.64
2560,47,8954.62
2560,48,9009.65
2560,49,8763.22
2560,50,8896.88
2560,51,8959.89
2560,52,9006.29
2560,53,8893.31
2560,54,8764.05
2560,55,8800.1
2560,56,8864.01
2560,57,8802.25
2560,58,8693.62
2560,59,8979.52
2560,60,8866.04
2560,61,8733.61
2560,62,8817.83
2560,63,8949.39
2560,64,8889.53
2560,65,8668.82
2560,66,8790.76
2560,67,8715.43
2560,68,8758.1
2560,69,8984.59
2560,70,8804.86
2560,71,8854.06
2560,72,8953.67
2560,73,8836.87
2560,74,8938.5
2560,75,8994.15
2560,76,8790.87
2560,77,8933.04
2560,78,8830.3
2560,79,8902.78
2560,80,8926.76
2560,81,8789.38
2560,82,8801.1
2560,83,8817.74
2560,84,8743.38
2560,85,8785.68
2560,86,8830.42
2560,87,8909.07
2560,88,8913.69
2560,89,8776.25
2560,90,8707.8
2560,91,8841.78
2560,92,8686.61
2560,93,8816.75
2560,94,8764.33
2560,95,8887.61
2560,96,8782.92
2560,97,8910.01
2560,98,8849.29
2560,99,8880.89
2570,0,8989.72
2570,1,8940.71
2570,2,8914.52
2570,3,8898.36
2570,4,8735.93
2570,5,8915.02
2570,6,8860.54
2570,7,8889.78
2570,8,8725.88
2570,9,8865.1
2570,10,8738.56
2570,11,8915.24
2570,12,8950.72
2570,13,8851.89
2570,14,8687.49
2570,15,9011.41
2570,16,8724.68
2570,17,9024.49
2570,18,8861.2
2570,19,8878.95
2570,20,8826.4
2570,21,8734.78
2570,22,8878.87
2570,23,8805.36
2570,24,8962.78
2570,25,8773.83
2570,26,8914.21
2570,27,8678.17
2570,28,8698.58
2570,29,8855.11
2570,30,8862.35
2570,31,8876.78
2570,32,8816.4
2570,33,8776.75
2570,34,8711.65
2570,35,8719.78
2570,36,8961.46
2570,37,8814.54
2570,38,8910.33
2570,39,8895.02
2570,40,8921.5
2570,41,8784.01
2570,42,8908.35
2570,43,8741.29
2570,44,8767
2570,45,8795.72
2570,46,8826.11
2570,47,8944.21
2570,48,8998.93
2570,49,8749.77
2570,50,8887.4
2570,51,8950.29
2570,52,8995.62
2570,53,8881.47
2570,54,8751.29
2570,55,8786.76
2570,56,8852.39
2570,57,8789.61
2570,58,8677.8
2570,59,8968.59
2570,60,8854.61
2570,61,8719.92
2570,62,8806.16
2570,63,8936.91
2570,64,8878.46
2570,65,8654.42
2570,66,8780.46
2570,67,8700.38
2570,68,8744.12
2570,69,8973.81
2570,70,8790.4
2570,71,8840.71
2570,72,8938.43
2570,73,8824.55
2570,74,8925.87
2570,75,8982.52
2570,76,8780.26
2570,77,8922.22
2570,78,8819.05
2570,79,8893.12
2570,80,8916.17
2570,81,8778.41
2570,82,8790.13
2570,83,8805.94
2570,84,8728.61
2570,85,8772.09
2570,86,8818.29
2570,87,8899.85
2570,88,8902.22
2570,89,8765.02
2570,90,8693.74
2570,91,8830.42
2570,92,8671.48
2570,93,8804.75
2570,94,8751.82
2570,95,8876.54
2570,96,8769.4
2570,97,8901.23
2570,98,8837.52
2570,99,8869.84
2580,0,8989.42
2580,1,8940.41
2580,2,8914.22
2580,3,8898.06
2580,4,8735.63
2580,5,8914.72
2580,6,8860.24
2580,7,8889.48
2580,8,8725.58
2580,9,8864.8
2580,10,8738.26
2580,11,8914.94
2580,12,8950.42
2580,13,8851.59
2580,14,8687.19
2580,15,9011.11
2580,16,8724.38
2580,17,9024.19
2580,18,8860.9
2580,19,8878.65
2580,20,8826.1
2580,21,8734.48
2580,22,8878.57
2580,23,8805.06
2580,24,8962.48
2580,25,8773.53
2580,26,8913.91
2580,27,8677.87
2580,28,8698.28
2580,29,8854.81
2580,30,8862.05
2580,31,8876.48
2580,32,8816.1
2580,33,8776.45
2580,34,8711.35
2580,35,8719.48
2580,36,8961.16
2580,37,8814.24
2580,38,8910.03
2580,39,8894.72
2580,40,8921.2
2580,41,8783.71
2580,42,8908.05
2580,43,8740.99
2580,44,8766.7
2580,45,8795.42
2580,46,8825.81
2580,47,8943.91
2580,48,8998.63
2580,49,8749.47
2580,50,8887.1
2580,51,8949.99
2580,52,8995.32
2580,53,8881.17
2580,54,8750.99
2580,55,8786.46
2580,56,8852.09
2580,57,8789.31
2580,58,8677.5
2580,59,8968.29
2580,60,8854.31
2580,61,8719.62
2580,62,8805.86
2580,63,8936.61
2580,64,8878.16
2580,65,8654.12
2580,66,8780.16
2580,67,8700.08
2580,68,8743.82
2580,69,8973.51
2580,70,8790.1
2580,71,8840.41
2580,72,8938.13
2580,73,8824.25
2580,74,8925.57
2580,75,8982.22
2580,76,8779.96
2580,77,8921.92
2580,78,8818.75
2580,79,8892.82
2580,80,8915.87
2580,81,8778.11
2580,82,8789.83
2580,83,8805.64
2580,84,8728.31
2580,85,8771.79
2580,86,8817.99
2580,87,8899.55
2580,88,8901.92
2580,89,8764.72
2580,90,8693.44
2580,91,8830.12
2580,92,8671.18
2580,93,8804.45
2580,94,8751.52
2580,95,8876.24
2580,96,8769.1
2580,97,8900.93
2580,98,8837.22
2580,99,8869.54
2590,0,8989.12
2590,1,8940.11
2590,2,8913.92
2590,3,8897.76
2590,4,8735.33
2590,5,8914.42
2590,6,8859.94
2590,7,8889.18
2590,8,8725.28
2590,9,8864.5
2590,10,8737.96
2590,11,8914.64
2590,12,8950.12
2590,13,8851.29
2590,14,8686.89
2590,15,9010.81
2590,16,8724.08
2590,17,9023.89
2590,18,8860.6
2590,19,8878.35
2590,20,8825.8
2590,21,8734.18
2590,22,8878.27
2590,23,8804.76
2590,24,8962.18
2590,25,8773.23
2590,26,8913.61
2590,27,8677.57
2590,28,8697.98
2590,29,8854.51
2590,30,8861.75
2590,31,8876.18
2590,32,8815.8
2590,33,8776.15
2590,34,8711.05
2590,35,8719.18
2590,36,8960.86
2590,37,8813.94
2590,38,8909.73
2590,39,8894.42
2590,40,8920.9
2590,41,8783.41
2590,42,8907.75
2590,43,8740.69
2590,44,8766.4
2590,45,8795.12
2590,46,8825.51
2590,47,8943.61
2590,48,8998.33
2590,49,8749.17
2590,50,8886.8
2590,51,8949.69
2590,52,8995.02
2590,53,8880.87
2590,54,8750.69
2590,55,8786.16
2590,56,8851.79
2590,57,8789.01
2590,58,8677.2
2590,59,8967.99
2590,60,8854.01
2590,61,8719.32
2590,62,8805.56
2590,63,8936.31
2590,64,8877.86
2590,65,8653.82
2590,66,8779.86
2590,67,8699.78
2590,68,8743.52
2590,69,8973.21
2590,70,8789.8
2590,71,8840.11
2590,72,8937.83
2590,73,8823.95
2590,74,8925.27
2590,75,8981.92
2590,76,8779.66
2590,77,8921.62
2590,78,8818.45
2590,79,8892.52
2590,80,8915.57
2590,81,8777.81
2590,82,8789.53
2590,83,8805.34
2590,84,8728.01
2590,85,8771.49
2590,86,8817.69
2590,87,8899.25
2590,88,8901.62
2590,89,8764.42
2590,90,8693.14
2590,91,8829.82
2590,92,8670.88
2590,93,8804.15
2590,94,8751.22
2590,95,8875.94
2590,96,8768.8
2590,97,8900.63
2590,98,8836.92
2590,99,8869.24
2600,0,8977.19
2600,1,8927.44
2600,2,8901.77
2600,3,8885.41
2600,4,8721.54
2600,5,8902.49
2600,6,8848.91
2600,7,8877.59
2600,8,8711.73
2600,9,8854.69
2600,10,8724.42
2600,11,8902.98
2600,12,8938.77
2600,13,8840.59
2600,14,8673.25
2600,15,9000.49
2600,16,8708.95
2600,17,9012.98
2600,18,8847.91
2600,19,8866.33
2600,20,8813.43
2600,21,8719.37
2600,22,8866.11
2600,23,8793.42
2600,24,8951.31
2600,25,8758.7
2600,26,8902.4
2600,27,8663.78
2600,28,8682.67
2600,29,8842.28
2600,30,8850.22
2600,31,8863.77
2600,32,8802.61
2600,33,8763.23
2600,34,8698.46
2600,35,8703.89
2600,36,8950.12
2600,37,8801.47
2600,38,8897.49
2600,39,8882.3
2600,40,8906.26
2600,41,8772.7
2600,42,8895.75
2600,43,8727.43
2600,44,8751.46
2600,45,8785.29
2600,46,8813.78
2600,47,8931.35
2600,48,8984.46
2600,49,8735.46
2600,50,8876.67
2600,51,8939.86
2600,52,8983.3
2600,53,8866.59
2600,54,8735.22
2600,55,8772.63
2600,56,8840.99
2600,57,8776.26
2600,58,8662.06
2600,59,8956.92
2600,60,8841.23
2600,61,8705.59
2600,62,8793.62
2600,63,8923.97
2600,64,8866.54
2600,65,8639.39
2600,66,8767.78
2600,67,8688.12
2600,68,8730.46
2600,69,8962.41
2600,70,8777.02
2600,71,8826.91
2600,72,8922.63
2600,73,8810.09
2600,74,8912.52
2600,75,8968.1
2600,76,8768.36
2600,77,8909.87
2600,78,8807.41
2600,79,8881.53
2600,80,8904.18
2600,81,8766.47
2600,82,8777.69
2600,83,8793.19
2600,84,8712.88
2600,85,8757.76
2600,86,8804.42
2600,87,8888.65
2600,88,8890
2600,89,8752.08
2600,90,8678.95
2600,91,8818.52
2600,92,8653.63
2600,93,8792.78
2600,94,8737.2
2600,95,8862.66
2600,96,8753.16
2600,97,8889.59
2600,98,8825.16
2600,99,8858.03
2610,0,8976.89
2610,1,8927.14
2610,2,8901.47
2610,3,8885.11
2610,4,8721.24
2610,5,8902.19
2610,6,8848.61
2610,7,8877.29
2610,8,8711.43
2610,9,8854.39
2610,10,8724.12
2610,11,8902.68
2610,12,8938.47
2610,13,8840.29
2610,14,8672.95
2610,15,9000.19
2610,16,8708.65
2610,17,9012.68
2610,18,8847.61
2610,19,8866.03
2610,20,8813.13
2610,21,8719.07
2610,22,8865.81
2610,23,8793.12
2610,24,8951.01
2610,25,8758.4
2610,26,8902.1
2610,27,8663.48
2610,28,8682.37
2610,29,8841.98
2610,30,8849.92
2610,31,8863.47
2610,32,8802.31
2610,33,8762.93
2610,34,8698.16
2610,35,8703.59
2610,36,8949.82
2610,37,8801.17
2610,38,8897.19
2610,39,8882
2610,40,8905.96
2610,41,8772.4
2610,42,8895.45
2610,43,8727.13
2610,44,8751.16
2610,45,8784.99
2610,46,8813.48
2610,47,8931.05
2610,48,8984.16
2610,49,8735.16
2610,50,8876.37
2610,51,8939.56
2610,52,8983
2610,53,8866.29
2610,54,8734.92
2610,55,8772.33
2610,56,8840.69
2610,57,8775.96
2610,58,8661.76
2610,59,8956.62
2610,60,8840.93
2610,61,8705.29
2610,62,8793.32
2610,63,8923.67
2610,64,8866.24
2610,65,8639.09
2610,66,8767.48
2610,67,8687.82
2610,68,8730.16
2610,69,8962.11
2610,70,8776.72
2610,71,8826.61
2610,72,8922.33
2610,73,8809.79
2610,74,8912.22
2610,75,8967.8
2610,76,8768.06
2610,77,8909.57
2610,78,8807.11
2610,79,8881.23
2610,80,8903.88
2610,81,8766.17
2610,82,8777.39
2610,83,8792.89
2610,84,8712.58
2610,85,8757.46
2610,86,8804.12
2610,87,8888.35
2610,88,8889.7
2610,89,8751.78
2610,90,8678.65
2610,91,8818.22
2610,92,8653.33
2610,93,8792.48
2610,94,8736.9
2610,95,8862.36
2610,96,8752.86
2610,97,8889.29
2610,98,8824.86
2610,99,8857.73
2620,0,8976.59
2620,1,8926.84
2620,2,8901.17
2620,3,8884.81
2620,4,8720.94
2620,5,8901.89
2620,6,8848.31
2620,7,8876.99
2620,8,8711.13
2620,9,8854.09
2620,10,8723.82
2620,11,8902.38
2620,12,8938.17
2620,13,8839.99
2620,14,8672.65
2620,15,8999.89
2620,16,8708.35
2620,17,9012.38
2620,18,8847.31
2620,19,8865.73
2620,20,8812.83
2620,21,8718.77
2620,22,8865.51
2620,23,8792.82
2620,24,8950.71
2620,25,8758.1
2620,26,8901.8
2620,27,8663.18
2620,28,8682.07
2620,29,8841.68
2620,30,8849.62
2620,31,8863.17
2620,32,8802.01
2620,33,8762.63
2620,34,8697.86
2620,35,8703.29
2620,36,8949.52
2620,37,8800.87
2620,38,8896.89
2620,39,8881.7
2620,40,8905.66
2620,41,8772.1
2620,42,8895.15
2620,43,8726.83
2620,44,8750.86
2620,45,8784.69
2620,46,8813.18
2620,47,8930.75
2620,48,8983.86
2620,49,8734.86
2620,50,8876.07
2620,51,8939.26
2620,52,8982.7
2620,53,8865.99
2620,54,8734.62
2620,55,8772.03
2620,56,8840.39
2620,57,8775.66
2620,58,8661.46
2620,59,8956.32
2620,60,8840.63
2620,61,8704.99
2620,62,8793.02
2620,63,8923.37
2620,64,8865.94
2620,65,8638.79
2620,66,8767.18
2620,67,8687.52
2620,68,8729.86
2620,69,8961.81
2620,70,8776.42
2620,71,8826.31
2620,72,8922.03
2620,73,8809.49
2620,74,8911.92
2620,75,8967.5
2620,76,8767.76
2620,77,8909.27
2620,78,8806.81
2620,79,8880.93
2620,80,8903.58
2620,81,8765.87
2620,82,8777.09
2620,83,8792.59
2620,84,8712.28
2620,85,8757.16
2620,86,8803.82
2620,87,8888.05
2620,88,8889.4
2620,89,8751.48
2620,90,8678.35
2620,91,8817.92
2620,92,8653.03
2620,93,8792.18
2620,94,8736.6
2620,95,8862.06
2620,96,8752.56
2620,97,8888.99
2620,98,8824.56
2620,99,8857.43
2630,0,8965.33
2630,1,8915.51
2630,2,8889.04
2630,3,8873.68
2630,4,8707.34
2630,5,8890.73
2630,6,8837.24
2630,7,8866.97
2630,8,8698.6
2630,9,8845.05
2630,10,8710.6
2630,11,8890.32
2630,12,8927.62
2630,13,8829.52
2630,14,8658.79
2630,15,8989.31
2630,16,8694.23
2630,17,9001.26
2630,18,8835.44
2630,19,8853.32
2630,20,8800.24
2630,21,8704.13
2630,22,8854.26
2630,23,8778.29
2630,24,8940.32
2630,25,8743.85
2630,26,8890.7
2630,27,8649.34
2630,28,8667.12
2630,29,8829.67
2630,30,8837.96
2630,31,8851
2630,32,8789.67
2630,33,8747.72
2630,34,8685.52
2630,35,8688.96
2630,36,8939.56
2630,37,8788.3
2630,38,8884.42
2630,39,8870.69
2630,40,8891.03
2630,41,8761.58
2630,42,8882.06
2630,43,8713.71
2630,44,8736.36
2630,45,8774.84
2630,46,8801.71
2630,47,8920.28
2630,48,8970.78
2630,49,8721.62
2630,50,8867.42
2630,51,8929.4
2630,52,8971.07
2630,53,8851.26
2630,54,8720.35
2630,55,8758.56
2630,56,8827.62
2630,57,8763.96
2630,58,8647.22
2630,59,8945.31
2630,60,8828.12
2630,61,8692.11
2630,62,8782.87
2630,63,8907.45
2630,64,8854.87
2630,65,8624.63
2630,66,8755.66
2630,67,8674.93
2630,68,8717.02
2630,69,8951.29
2630,70,8763.17
2630,71,8813.02
2630,72,8911.31
2630,73,8796.73
2630,74,8899.07
2630,75,8955.1
2630,76,8755.77
2630,77,8897.44
2630,78,8795.55
2630,79,8870.09
2630,80,8892.13
2630,81,8753.54
2630,82,8765.4
2630,83,8780.3
2630,84,8697.09
2630,85,8743.9
2630,86,8791.71
2630,87,8878.74
2630,88,8878.12
2630,89,8739.02
2630,90,8665.52
2630,91,8807.21
2630,92,8636.85
2630,93,8781.18
2630,94,8722.57
2630,95,8849.9
2630,96,8737.9
2630,97,8879.27
2630,98,8812.43
2630,99,8845.85
2640,0,8965.03
2640,1,8915.21
2640,2,8888.74
2640,3,8873.38
2640,4,8707.04
2640,5,8890.43
2640,6,8836.94
2640,7,8866.67
2640,8,8698.3
2640,9,8844.75
2640,10,8710.3
2640,11,8890.02
2640,12,8927.32
2640,13,8829.22
2640,14,8658.49
2640,15,8989.01
2640,16,8693.93
2640,17,9000.96
2640,18,8835.14
2640,19,8853.02
2640,20,8799.94
2640,21,8703.83
2640,22,8853.96
2640,23,8777.99
2640,24,8940.02
2640,25,8743.55
2640,26,8890.4
2640,27,8649.04
2640,28,8666.82
2640,29,8829.37
2640,30,8837.66
2640,31,8850.7
2640,32,8789.37
2640,33,8747.42
2640,34,8685.22
2640,35,8688.66
2640,36,8939.26
2640,37,8788
2640,38,8884.12
2640,39,8870.39
2640,40,8890.73
2640,41,8761.28
2640,42,8881.76
2640,43,8713.41
2640,44,8736.06
2640,45,8774.54
2640,46,8801.41
2640,47,8919.98
2640,48,8970.48
2640,49,8721.32
2640,50,8867.12
2640,51,8929.1
2640,52,8970.77
2640,53,8850.96
2640,54,8720.05
2640,55,8758.26
2640,56,8827.32
2640,57,8763.66
2640,58,8646.92
2640,59,8945.01
2640,60,8827.82
2640,61,8691.81
2640,62,8782.57
2640,63,8907.15
2640,64,8854.57
2640,65,8624.33
2640,66,8755.36
2640,67,8674.63
2640,68,8716.72
2640,69,8950.99
2640,70,8762.87
2640,71,8812.72
2640,72,8911.01
2640,73,8796.43
2640,74,8898.77
2640,75,8954.8
2640,76,8755.47
2640,77,8897.14
2640,78,8795.25
2640,79,8869.79
2640,80,8891.83
2640,81,8753.24
2640,82,8765.1
2640,83,8780
2640,84,8696.79
2640,85,8743.6
2640,86,8791.41
2640,87,8878.44
2640,88,8877.82
2640,89,8738.72
2640,90,8665.22
2640,91,8806.91
2640,92,8636.56
2640,93,8780.88
2640,94,8722.27
2640,95,8849.6
2640,96,8737.6
2640,97,8878.97
2640,98,8812.13
2640,99,8845.55
2650,0,8964.73
2650,1,8914.91
2650,2,8888.44
2650,3,8873.08
2650,4,8706.74
2650,5,8890.13
2650,6,8836.64
2650,7,8866.37
2650,8,8698
2650,9,8844.45
2650,10,8710
2650,11,8889.72
2650,12,8927.02
2650,13,8828.92
2650,14,8658.19
2650,15,8988.71
2650,16,8693.63
2650,17,9000.66
2650,18,8834.84
2650,19,8852.72
2650,20,8799.64
2650,21,8703.53
2650,22,8853.66
2650,23,8777.69
2650,24,8939.72
2650,25,8743.25
2650,26,8890.1
2650,27,8648.74
2650,28,8666.52
2650,29,8829.07
2650,30,8837.36
2650,31,8850.4
2650,32,8789.07
2650,33,8747.12
2650,34,8684.92
2650,35,8688.36
2650,36,8938.96
2650,37,8787.7
2650,38,8883.82
2650,39,8870.09
2650,40,8890.43
2650,41,8760.98
2650,42,8881.46
2650,43,8713.11
2650,44,8735.76
2650,45,8774.24
2650,46,8801.11
2650,47,8919.68
2650,48,8970.18
2650,49,8721.02
2650,50,8866.82
2650,51,8928.8
2650,52,8970.47
2650,53,8850.66
2650,54,8719.75
2650,55,8757.96
2650,56,8827.02
2650,57,8763.36
2650,58,8646.62
2650,59,8944.71
2650,60,8827.52
2650,61,8691.51
2650,62,8782.27
2650,63,8906.85
2650,64,8854.27
2650,65,8624.03
2650,66,8755.06
2650,67,8674.33
2650,68,8716.42
2650,69,8950.69
2650,70,8762.57
2650,71,8812.42
2650,72,8910.71
2650,73,8796.13
2650,74,8898.47
2650,75,8954.5
2650,76,8755.17
2650,77,8896.84
2650,78,8794.95
2650,79,8869.49
2650,80,8891.53
2650,81,8752.94
2650,82,8764.8
2650,83,8779.7
2650,84,8696.49
2650,85,8743.3
2650,86,8791.11
2650,87,8878.14
2650,88,8877.52
2650,89,8738.42
2650,90,8664.92
2650,91,8806.61
2650,92,8636.26
2650,93,8780.58
2650,94,8721.97
2650,95,8849.3
2650,96,8737.3
2650,97,8878.67
2650,98,8811.83
2650,99,8845.25
2660,0,8953.67
2660,1,8903.63
2660,2,8877.21
2660,3,8862.41
2660,4,8693.78
2660,5,8879.26
2660,6,8825.86
2660,7,8853.72
2660,8,8685.35
2660,9,8834.93
2660,10,8697.17
2660,11,8878.66
2660,12,8915.32
2660,13,8818.8
2660,14,8645.28
2660,15,8977.09
2660,16,8681.02
2660,17,8987.42
2660,18,8822.83
2660,19,8839.97
2660,20,8787.21
2660,21,8688.93
2660,22,8842.6
2660,23,8758.14
2660,24,8929.66
2660,25,8729.69
2660,26,8879.38
2660,27,8634.75
2660,28,8651.99
2660,29,8817.68
2660,30,8826.78
2660,31,8838.13
2660,32,8776.8
2660,33,8735.61
2660,34,8672.7
2660,35,8675.74
2660,36,8927.13
2660,37,8776.12
2660,38,8873.35
2660,39,8859.37
2660,40,8876.74
2660,41,8750.74
2660,42,8870.08
2660,43,8700.12
2660,44,8722.13
2660,45,8764.59
2660,46,8789.32
2660,47,8909.08
2660,48,8956.98
2660,49,8708.81
2660,50,8858.08
2660,51,8919.1
2660,52,8958.94
2660,53,8837.68
2660,54,8705.72
2660,55,8744.38
2660,56,8812.37
2660,57,8751.26
2660,58,8632.5
2660,59,8934.59
2660,60,8815.26
2660,61,8677.21
2660,62,8770.5
2660,63,8891.87
2660,64,8842.66
2660,65,8610.65
2660,66,8744.71
2660,67,8661.14
2660,68,8704.11
2660,69,8940.57
2660,70,8749.48
2660,71,8799.06
2660,72,8896.02
2660,73,8783.77
2660,74,8886.72
2660,75,8943.75
2660,76,8743.51
2660,77,8882.81
2660,78,8783.54
2660,79,8859.17
2660,80,8880.63
2660,81,8741.03
2660,82,8753.98
2660,83,8767.6
2660,84,8682.23
2660,85,8730.67
2660,86,8780.18
2660,87,8866.56
2660,88,8867.7
2660,89,8726.94
2660,90,8651.92
2660,91,8796.58
2660,92,8620.4
2660,93,8769.72
2660,94,8708.79
2660,95,8837.32
2660,96,8725.28
2660,97,8867.26
2660,98,8800.77
2660,99,8834.69
2670,0,8953.37
2670,1,8903.33
2670,2,8876.91
2670,3,8862.11
2670,4,8693.48
2670,5,8878.96
2670,6,8825.56
2670,7,8853.42
2670,8,8685.05
2670,9,8834.63
2670,10,8696.87
2670,11,8878.36
2670,12,8915.02
2670,13,8818.5
2670,14,8644.98
2670,15,8976.79
2670,16,8680.72
2670,17,8987.12
2670,18,8822.53
2670,19,8839.67
2670,20,8786.91
2670,21,8688.63
2670,22,8842.3
2670,23,8757.84
2670,24,8929.36
2670,25,8729.39
2670,26,8879.08
2670,27,8634.45
2670,28,8651.69
2670,29,8817.38
2670,30,8826.48
2670,31,8837.83
2670,32,8776.5
2670,33,8735.31
2670,34,8672.4
2670,35,8675.44
2670,36,8926.83
2670,37,8775.82
2670,38,8873.05
2670,39,8859.07
2670,40,8876.44
2670,41,8750.44
2670,42,8869.78
2670,43,8699.82
2670,44,8721.83
2670,45,8764.29
2670,46,8789.02
2670,47,8908.78
2670,48,8956.68
2670,49,8708.51
2670,50,8857.78
2670,51,8918.8
2670,52,8958.64
2670,53,8837.38
2670,54,8705.42
2670,55,8744.08
2670,56,8812.07
2670,57,8750.96
2670,58,8632.2
2670,59,8934.29
2670,60,8814.96
2670,61,8676.91
2670,62,8770.2
2670,63,8891.57
2670,64,8842.36
2670,65,8610.35
2670,66,8744.41
2670,67,8660.84
2670,68,8703.81
2670,69,8940.27
2670,70,8749.18
2670,71,8798.76
2670,72,8895.72
2670,73,8783.47
2670,74,8886.42
2670,75,8943.45
2670,76,8743.21
2670,77,8882.52
2670,78,8783.24
2670,79,8858.87
2670,80,8880.33
2670,81,8740.73
2670,82,8753.68
2670,83,8767.3
2670,84,8681.94
2670,85,8730.37
2670,86,8779.88
2670,87,8866.26
2670,88,8867.4
2670,89,8726.64
2670,90,8651.62
2670,91,8796.28
2670,92,8620.12
2670,93,8769.42
2670,94,8708.49
2670,95,8837.02
2670,96,8724.98
2670,97,8866.96
2670,98,8800.47
2670,99,8834.39
2680,0,8953.07
2680,1,8903.03
2680,2,8876.61
2680,3,8861.81
2680,4,8693.18
2680,5,8878.66
2680,6,8825.26
2680,7,8853.12
2680,8,8684.75
2680,9,8834.33
2680,10,8696.57
2680,11,8878.06
2680,12,8914.72
2680,13,8818.2
2680,14,8644.68
2680,15,8976.49
2680,16,8680.42
2680,17,8986.82
2680,18,8822.23
2680,19,8839.37
2680,20,8786.61
2680,21,8688.33
2680,22,8842
2680,23,8757.54
2680,24,8929.06
2680,25,8729.09
2680,26,8878.78
2680,27,8634.15
2680,28,8651.39
2680,29,8817.08
2680,30,8826.18
2680,31,8837.53
2680,32,8776.2
2680,33,8735.01
2680,34,8672.1
2680,35,8675.14
2680,36,8926.53
2680,37,8775.52
2680,38,8872.75
2680,39,8858.77
2680,40,8876.14
2680,41,8750.14
2680,42,8869.48
2680,43,8699.52
2680,44,8721.53
2680,45,8763.99
2680,46,8788.72
2680,47,8908.48
2680,48,8956.38
2680,49,8708.21
2680,50,8857.48
2680,51,8918.5
2680,52,8958.34
2680,53,8837.08
2680,54,8705.12
2680,55,8743.78
2680,56,8811.77
2680,57,8750.66
2680,58,8631.9
2680,59,8933.99
2680,60,8814.66
2680,61,8676.61
2680,62,8769.9
2680,63,8891.27
2680,64,8842.06
2680,65,8610.05
2680,66,8744.11
2680,67,8660.54
2680,68,8703.51
2680,69,8939.97
2680,70,8748.88
2680,71,8798.46
2680,72,8895.42
2680,73,8783.17
2680,74,8886.12
2680,75,8943.15
2680,76,8742.91
2680,77,8882.22
2680,78,8782.94
2680,79,8858.57
2680,80,8880.03
2680,81,8740.43
2680,82,8753.38
2680,83,8767
2680,84,8681.64
2680,85,8730.07
2680,86,8779.58
2680,87,8865.96
2680,88,8867.1
2680,89,8726.34
2680,90,8651.32
2680,91,8795.98
2680,92,8619.82
2680,93,8769.12
2680,94,8708.19
2680,95,8836.72
2680,96,8724.68
2680,97,8866.66
2680,98,8800.17
2680,99,8834.09
2690,0,8943.44
2690,1,8892.37
2690,2,8864.29
2690,3,8850.91
2690,4,8679.58
2690,5,8866.81
2690,6,8814.83
2690,7,8842.58
2690,8,8671.74
2690,9,8823.25
2690,10,8682.9
2690,11,8865.66
2690,12,8902.51
2690,13,8806.46
2690,14,8631.66
2690,15,8967.74
2690,16,8667.42
2690,17,8975.88
2690,18,8809.93
2690,19,8825.53
2690,20,8772.49
2690,21,8671.94
2690,22,8830.13
2690,23,8741.3
2690,24,8917.11
2690,25,8715.46
2690,26,8868.79
2690,27,8620.25
2690,28,8636.9
2690,29,8805.3
2690,30,8814.14
2690,31,8824.79
2690,32,8762.43
2690,33,8722.11
2690,34,8657.48
2690,35,8662.17
2690,36,8914.97
2690,37,8763.7
2690,38,8860.47
2690,39,8848.61
2690,40,8861.14
2690,41,8739.87
2690,42,8856.36
2690,43,8686.59
2690,44,8707.36
2690,45,8753.16
2690,46,8778.05
2690,47,8897.34
2690,48,8940.89
2690,49,8694.62
2690,50,8847.37
2690,51,8907.21
2690,52,8945.23
2690,53,8823.92
2690,54,8690.89
2690,55,8728.45
2690,56,8799.68
2690,57,8737.59
2690,58,8616.56
2690,59,8922.62
2690,60,8802.28
2690,61,8663.85
2690,62,8757.65
2690,63,8878.32
2690,64,8831.95
2690,65,8595.35
2690,66,8733.17
2690,67,8646.03
2690,68,8689.55
2690,69,8928.64
2690,70,8734.44
2690,71,8785
2690,72,8886.07
2690,73,8770.76
2690,74,8873.23
2690,75,8931.89
2690,76,8732.4
2690,77,8871.92
2690,78,8769.67
2690,79,8846.2
2690,80,8868.93
2690,81,8730.29
2690,82,8741.91
2690,83,8754.85
2690,84,8667.73
2690,85,8716.09
2690,86,8769.41
2690,87,8855.59
2690,88,8856.44
2690,89,8714.49
2690,90,8637.16
2690,91,8785.13
2690,92,8604.88
2690,93,8757.29
2690,94,8696.04
2690,95,8825.27
2690,96,8712.25
2690,97,8856.23
2690,98,8787.67
2690,99,8822.33
2700,0,8943.14
2700,1,8892.07
2700,2,8863.99
2700,3,8850.61
2700,4,8679.28
2700,5,8866.52
2700,6,8814.53
2700,7,8842.28
2700,8,8671.44
2700,9,8822.95
2700,10,8682.61
2700,11,8865.38
2700,12,8902.21
2700,13,8806.16
2700,14,8631.37
2700,15,8967.44
2700,16,8667.13
2700,17,8975.58
2700,18,8809.63
2700,19,8825.23
2700,20,8772.2
2700,21,8671.68
2700,22,8829.84
2700,23,8741
2700,24,8916.81
2700,25,8715.18
2700,26,8868.49
2700,27,8619.96
2700,28,8636.63
2700,29,8805
2700,30,8813.85
2700,31,8824.49
2700,32,8762.14
2700,33,8721.81
2700,34,8657.19
2700,35,8661.88
2700,36,8914.67
2700,37,8763.4
2700,38,8860.17
2700,39,8848.31
2700,40,8860.87
2700,41,8739.57
2700,42,8856.08
2700,43,8686.29
2700,44,8707.08
2700,45,8752.86
2700,46,8777.75
2700,47,8897.04
2700,48,8940.59
2700,49,8694.35
2700,50,8847.07
2700,51,8906.91
2700,52,8944.93
2700,53,8823.62
2700,54,8690.6
2700,55,8728.17
2700,56,8799.38
2700,57,8737.29
2700,58,8616.29
2700,59,8922.32
2700,60,8801.98
2700,61,8663.55
2700,62,8757.35
2700,63,8878.02
2700,64,8831.65
2700,65,8595.08
2700,66,8732.87
2700,67,8645.75
2700,68,8689.27
2700,69,8928.34
2700,70,8734.16
2700,71,8784.7
2700,72,8885.77
2700,73,8770.46
2700,74,8872.94
2700,75,8931.59
2700,76,8732.1
2700,77,8871.62
2700,78,8769.37
2700,79,8845.9
2700,80,8868.63
2700,81,8729.99
2700,82,8741.61
2700,83,8754.56
2700,84,8667.45
2700,85,8715.79
2700,86,8769.11
2700,87,8855.29
2700,88,8856.14
2700,89,8714.19
2700,90,8636.88
2700,91,8784.83
2700,92,8604.61
2700,93,8756.99
2700,94,8695.74
2700,95,8824.97
2700,96,8711.95
2700,97,8855.93
2700,98,8787.39
2700,99,8822.04
2710,0,8942.84
2710,1,8891.77
2710,2,8863.69
2710,3,8850.31
2710,4,8678.98
2710,5,8866.22
2710,6,8814.23
2710,7,8841.98
2710,8,8671.14
2710,9,8822.65
2710,10,8682.31
2710,11,8865.08
2710,12,8901.91
2710,13,8805.86
2710,14,8631.07
2710,15,8967.14
2710,16,8666.83
2710,17,8975.28
2710,18,8809.33
2710,19,8824.93
2710,20,8771.9
2710,21,8671.38
2710,22,8829.54
2710,23,8740.7
2710,24,8916.51
2710,25,8714.88
2710,26,8868.19
2710,27,8619.66
2710,28,8636.33
2710,29,8804.7
2710,30,8813.55
2710,31,8824.19
2710,32,8761.84
2710,33,8721.51
2710,34,8656.89
2710,35,8661.58
2710,36,8914.37
2710,37,8763.1
2710,38,8859.87
2710,39,8848.01
2710,40,8860.57
2710,41,8739.27
2710,42,8855.78
2710,43,8685.99
2710,44,8706.78
2710,45,8752.56
2710,46,8777.45
2710,47,8896.74
2710,48,8940.29
2710,49,8694.05
2710,50,8846.77
2710,51,8906.61
2710,52,8944.63
2710,53,8823.32
2710,54,8690.3
2710,55,8727.87
2710,56,8799.08
2710,57,8736.99
2710,58,8615.99
2710,59,8922.02
2710,60,8801.68
2710,61,8663.25
2710,62,8757.05
2710,63,8877.72
2710,64,8831.35
2710,65,8594.78
2710,66,8732.57
2710,67,8645.45
2710,68,8688.97
2710,69,8928.04
2710,70,8733.86
2710,71,8784.4
2710,72,8885.47
2710,73,8770.16
2710,74,8872.64
2710,75,8931.29
2710,76,8731.8
2710,77,8871.32
2710,78,8769.07
2710,79,8845.6
2710,80,8868.33
2710,81,8729.69
2710,82,8741.31
2710,83,8754.26
2710,84,8667.15
2710,85,8715.49
2710,86,8768.81
2710,87,8854.99
2710,88,8855.84
2710,89,8713.89
2710,90,8636.58
2710,91,8784.53
2710,92,8604.31
2710,93,8756.69
2710,94,8695.44
2710,95,8824.67
2710,96,8711.65
2710,97,8855.63
2710,98,8787.09
2710,99,8821.74
2720,0,8929.09
2720,1,8877.68
2720,2,8851.99
2720,3,8835.81
2720,4,8665.6
2720,5,8852.09
2720,6,8801.01
2720,7,8829.62
2720,8,8658.11
2720,9,8812.06
2720,10,8668.17
2720,11,8853.85
2720,12,8887.67
2720,13,8790.14
2720,14,8617.1
2720,15,8956.92
2720,16,8652.62
2720,17,8960.88
2720,18,8795.91
2720,19,8809.8
2720,20,8757.99
2720,21,8655.09
2720,22,8815.33
2720,23,8725.56
2720,24,8903.97
2720,25,8700.87
2720,26,8853.79
2720,27,8605.73
2720,28,8621.89
2720,29,8791.45
2720,30,8799.43
2720,31,8810.18
2720,32,8748.3
2720,33,8708.4
2720,34,8643.48
2720,35,8647.38
2720,36,8901.57
2720,37,8747.22
2720,38,8847.7
2720,39,8833.5
2720,40,8846.66
2720,41,8728.18
2720,42,8843.94
2720,43,8673.13
2720,44,8692.54
2720,45,8740.45
2720,46,8763.23
2720,47,8883.28
2720,48,8930.45
2720,49,8681.66
2720,50,8836.61
2720,51,8894.5
2720,52,8930.76
2720,53,8808.83
2720,54,8676.48
2720,55,8713.92
2720,56,8783.91
2720,57,8724.61
2720,58,8601.87
2720,59,8908.67
2720,60,8789.39
2720,61,8650.21
2720,62,8744.57
2720,63,8863.47
2720,64,8818.44
2720,65,8581.19
2720,66,8720.72
2720,67,8632.23
2720,68,8676.25
2720,69,8915.09
2720,70,8720.71
2720,71,8770.96
2720,72,8870.61
2720,73,8754.36
2720,74,8860.91
2720,75,8919.3
2720,76,8716.39
2720,77,8856.78
2720,78,8755.75
2720,79,8833.62
2720,80,8853.47
2720,81,8714.09
2720,82,8726.98
2720,83,8742.41
2720,84,8652.52
2720,85,8699.73
2720,86,8754.31
2720,87,8843.79
2720,88,8843.73
2720,89,8697.76
2720,90,8623.73
2720,91,8772.21
2720,92,8588.48
2720,93,8743.06
2720,94,8682.14
2720,95,8808.27
2720,96,8697.92
2720,97,8844.86
2720,98,8772.37
2720,99,8810.76
2730,0,8928.83
2730,1,8877.41
2730,2,8851.69
2730,3,8835.56
2730,4,8665.32
2730,5,8851.84
2730,6,8800.73
2730,7,8829.33
2730,8,8657.82
2730,9,8811.76
2730,10,8667.9
2730,11,8853.56
2730,12,8887.42
2730,13,8789.88
2730,14,8616.82
2730,15,8956.63
2730,16,8652.35
2730,17,8960.62
2730,18,8795.62
2730,19,8809.54
2730,20,8757.71
2730,21,8654.83
2730,22,8815.08
2730,23,8725.26
2730,24,8903.7
2730,25,8700.6
2730,26,8853.53
2730,27,8605.46
2730,28,8621.62
2730,29,8791.19
2730,30,8799.18
2730,31,8809.91
2730,32,8748.02
2730,33,8708.12
2730,34,8643.2
2730,35,8647.12
2730,36,8901.3
2730,37,8746.98
2730,38,8847.4
2730,39,8833.25
2730,40,8846.4
2730,41,8727.88
2730,42,8843.66
2730,43,8672.85
2730,44,8692.27
2730,45,8740.17
2730,46,8762.98
2730,47,8883
2730,48,8930.15
2730,49,8681.39
2730,50,8836.31
2730,51,8894.22
2730,52,8930.49
2730,53,8808.53
2730,54,8676.2
2730,55,8713.65
2730,56,8783.61
2730,57,8724.32
2730,58,8601.61
2730,59,8908.41
2730,60,8789.1
2730,61,8649.93
2730,62,8744.28
2730,63,8863.18
2730,64,8818.14
2730,65,8580.92
2730,66,8720.42
2730,67,8631.95
2730,68,8675.97
2730,69,8914.82
2730,70,8720.43
2730,71,8770.68
2730,72,8870.31
2730,73,8754.11
2730,74,8860.63
2730,75,8919.02
2730,76,8716.13
2730,77,8856.52
2730,78,8755.46
2730,79,8833.32
2730,80,8853.22
2730,81,8713.84
2730,82,8726.71
2730,83,8742.13
2730,84,8652.26
2730,85,8699.47
2730,86,8754.05
2730,87,8843.49
2730,88,8843.45
2730,89,8697.52
2730,90,8623.46
2730,91,8771.93
2730,92,8588.22
2730,93,8742.79
2730,94,8681.86
2730,95,8808.02
2730,96,8697.64
2730,97,8844.57
2730,98,8772.12
2730,99,8810.47
2740,0,8928.53
2740,1,8877.11
2740,2,8851.39
2740,3,8835.26
2740,4,8665.02
2740,5,8851.54
2740,6,8800.43
2740,7,8829.03
2740,8,8657.52
2740,9,8811.46
2740,10,8667.6
2740,11,8853.26
2740,12,8887.12
2740,13,8789.58
2740,14,8616.52
2740,15,8956.33
2740,16,8652.05
2740,17,8960.32
2740,18,8795.32
2740,19,8809.24
2740,20,8757.41
2740,21,8654.53
2740,22,8814.78
2740,23,8724.96
2740,24,8903.4
2740,25,8700.3
2740,26,8853.23
2740,27,8605.16
2740,28,8621.32
2740,29,8790.89
2740,30,8798.88
2740,31,8809.61
2740,32,8747.72
2740,33,8707.82
2740,34,8642.9
2740,35,8646.82
2740,36,8901
2740,37,8746.68
2740,38,8847.1
2740,39,8832.95
2740,40,8846.1
2740,41,8727.58
2740,42,8843.36
2740,43,8672.55
2740,44,8691.97
2740,45,8739.87
2740,46,8762.68
2740,47,8882.7
2740,48,8929.85
2740,49,8681.09
2740,50,8836.01
2740,51,8893.92
2740,52,8930.19
2740,53,8808.23
2740,54,8675.9
2740,55,8713.35
2740,56,8783.31
2740,57,8724.02
2740,58,8601.31
2740,59,8908.11
2740,60,8788.8
2740,61,8649.63
2740,62,8743.98
2740,63,8862.88
2740,64,8817.84
2740,65,8580.62
2740,66,8720.12
2740,67,8631.65
2740,68,8675.67
2740,69,8914.52
2740,70,8720.13
2740,71,8770.38
2740,72,8870.01
2740,73,8753.81
2740,74,8860.33
2740,75,8918.72
2740,76,8715.83
2740,77,8856.22
2740,78,8755.16
2740,79,8833.02
2740,80,8852.92
2740,81,8713.54
2740,82,8726.41
2740,83,8741.83
2740,84,8651.96
2740,85,8699.17
2740,86,8753.75
2740,87,8843.19
2740,88,8843.15
2740,89,8697.22
2740,90,8623.16
2740,91,8771.63
2740,92,8587.92
2740,93,8742.49
2740,94,8681.56
2740,95,8807.72
2740,96,8697.34
2740,97,8844.27
2740,98,8771.82
2740,99,8810.17
2750,0,8918.1
2750,1,8865.51
2750,2,8839.13
2750,3,8823.69
2750,4,8651.63
2750,5,8839.43
2750,6,8789.5
2750,7,8819.13
2750,8,8644.43
2750,9,8801.79
2750,10,8653.52
2750,11,8840.51
2750,12,8874.75
2750,13,8776.24
2750,14,8604.64
2750,15,8945.57
2750,16,8637.69
2750,17,8948.95
2750,18,8783.22
2750,19,8794.14
2750,20,8744.27
2750,21,8638.25
2750,22,8803.91
2750,23,8711.89
2750,24,8893.05
2750,25,8686.72
2750,26,8841.41
2750,27,8588.64
2750,28,8607.55
2750,29,8778.68
2750,30,8786.81
2750,31,8795.32
2750,32,8735.17
2750,33,8693.29
2750,34,8628.65
2750,35,8632.44
2750,36,8889.56
2750,37,8732.56
2750,38,8835.82
2750,39,8821.23
2750,40,8832.34
2750,41,8717.1
2750,42,8829.95
2750,43,8660.36
2750,44,8677.74
2750,45,8728.15
2750,46,8750.03
2750,47,8871.75
2750,48,8920.9
2750,49,8668.32
2750,50,8825.84
2750,51,8884.44
2750,52,8918.32
2750,53,8796.95
2750,54,8661.28
2750,55,8698.19
2750,56,8770.07
2750,57,8713.63
2750,58,8586.86
2750,59,8897.81
2750,60,8776.93
2750,61,8636.57
2750,62,8731.6
2750,63,8850.79
2750,64,8804.88
2750,65,8567.17
2750,66,8708.65
2750,67,8619.2
2750,68,8661.42
2750,69,8903.88
2750,70,8706.15
2750,71,8756.98
2750,72,8855.95
2750,73,8740.01
2750,74,8848.27
2750,75,8908.37
2750,76,8703.61
2750,77,8844.01
2750,78,8741.86
2750,79,8822.47
2750,80,8841.23
2750,81,8700
2750,82,8714.7
2750,83,8730.99
2750,84,8637.1
2750,85,8685.37
2750,86,8742.38
2750,87,8833.48
2750,88,8829.53
2750,89,8686.85
2750,90,8609.75
2750,91,8761.33
2750,92,8571.53
2750,93,8731.68
2750,94,8666.54
2750,95,8794.41
2750,96,8683.05
2750,97,8834.89
2750,98,8759.24
2750,99,8799.4
2760,0,8917.82
2760,1,8865.23
2760,2,8838.85
2760,3,8823.42
2760,4,8651.36
2760,5,8839.17
2760,6,8789.21
2760,7,8818.83
2760,8,8644.16
2760,9,8801.49
2760,10,8653.26
2760,11,8840.26
2760,12,8874.48
2760,13,8775.96
2760,14,8604.36
2760,15,8945.27
2760,16,8637.45
2760,17,8948.67
2760,18,8782.93
2760,19,8793.88
2760,20,8744
2760,21,8638.01
2760,22,8803.63
2760,23,8711.59
2760,24,8892.76
2760,25,8686.46
2760,26,8841.13
2760,27,8588.41
2760,28,8607.29
2760,29,8778.4
2760,30,8786.55
2760,31,8795.05
2760,32,8734.9
2760,33,8693.03
2760,34,8628.39
2760,35,8632.19
2760,36,8889.29
2760,37,8732.31
2760,38,8835.52
2760,39,8820.95
2760,40,8832.09
2760,41,8716.81
2760,42,8829.7
2760,43,8660.07
2760,44,8677.49
2760,45,8727.87
2760,46,8749.77
2760,47,8871.45
2760,48,8920.6
2760,49,8668.07
2760,50,8825.55
2760,51,8884.14
2760,52,8918.03
2760,53,8796.65
2760,54,8661.03
2760,55,8697.94
2760,56,8769.77
2760,57,8713.33
2760,58,8586.62
2760,59,8897.53
2760,60,8776.65
2760,61,8636.3
2760,62,8731.32
2760,63,8850.49
2760,64,8804.59
2760,65,8566.91
2760,66,8708.35
2760,67,8618.94
2760,68,8661.17
2760,69,8903.59
2760,70,8705.9
2760,71,8756.71
2760,72,8855.65
2760,73,8739.74
2760,74,8848.01
2760,75,8908.09
2760,76,8703.33
2760,77,8843.74
2760,78,8741.59
2760,79,8822.17
2760,80,8840.96
2760,81,8699.74
2760,82,8714.42
2760,83,8730.71
2760,84,8636.86
2760,85,8685.1
2760,86,8742.09
2760,87,8833.18
2760,88,8829.26
2760,89,8686.56
2760,90,8609.5
2760,91,8761.04
2760,92,8571.29
2760,93,8731.39
2760,94,8666.3
2760,95,8794.15
2760,96,8682.79
2760,97,8834.59
2760,98,8758.99
2760,99,8799.12
2770,0,8917.52
2770,1,8864.93
2770,2,8838.55
2770,3,8823.12
2770,4,8651.06
2770,5,8838.87
2770,6,8788.91
2770,7,8818.53
2770,8,8643.86
2770,9,8801.19
2770,10,8652.96
2770,11,8839.96
2770,12,8874.18
2770,13,8775.66
2770,14,8604.06
2770,15,8944.97
2770,16,8637.15
2770,17,8948.37
2770,18,8782.63
2770,19,8793.58
2770,20,8743.7
2770,21,8637.71
2770,22,8803.33
2770,23,8711.29
2770,24,8892.46
2770,25,8686.16
2770,26,8840.83
2770,27,8588.11
2770,28,8606.99
2770,29,8778.1
2770,30,8786.25
2770,31,8794.75
2770,32,8734.6
2770,33,8692.73
2770,34,8628.09
2770,35,8631.89
2770,36,8888.99
2770,37,8732.01
2770,38,8835.22
2770,39,8820.65
2770,40,8831.79
2770,41,8716.51
2770,42,8829.4
2770,43,8659.77
2770,44,8677.19
2770,45,8727.57
2770,46,8749.47
2770,47,8871.15
2770,48,8920.3
2770,49,8667.77
2770,50,8825.25
2770,51,8883.84
2770,52,8917.73
2770,53,8796.35
2770,54,8660.73
2770,55,8697.64
2770,56,8769.47
2770,57,8713.03
2770,58,8586.32
2770,59,8897.23
2770,60,8776.35
2770,61,8636
2770,62,8731.02
2770,63,8850.19
2770,64,8804.29
2770,65,8566.61
2770,66,8708.05
2770,67,8618.64
2770,68,8660.87
2770,69,8903.29
2770,70,8705.6
2770,71,8756.41
2770,72,8855.35
2770,73,8739.44
2770,74,8847.71
2770,75,8907.79
2770,76,8703.03
2770,77,8843.44
2770,78,8741.29
2770,79,8821.87
2770,80,8840.66
2770,81,8699.44
2770,82,8714.12
2770,83,8730.41
2770,84,8636.56
2770,85,8684.8
2770,86,8741.79
2770,87,8832.88
2770,88,8828.96
2770,89,8686.26
2770,90,8609.2
2770,91,8760.74
2770,92,8570.99
2770,93,8731.09
2770,94,8666
2770,95,8793.85
2770,96,8682.49
2770,97,8834.29
2770,98,8758.69
2770,99,8798.82
2780,0,8905.04
2780,1,8851.39
2780,2,8826.6
2780,3,8808.91
2780,4,8639.77
2780,5,8828.97
2780,6,8777.09
2780,7,8808.94
2780,8,8632.68
2780,9,8790.21
2780,10,8641.31
2780,11,8829.79
2780,12,8864.82
2780,13,8761.41
2780,14,8591.44
2780,15,8933.84
2780,16,8624.48
2780,17,8934.3
2780,18,8769.44
2780,19,8779.25
2780,20,8730.54
2780,21,8624.54
2780,22,8793.31
2780,23,8700.89
2780,24,8880.85
2780,25,8673.09
2780,26,8827.22
2780,27,8575.21
2780,28,8594.01
2780,29,8768.25
2780,30,8776.84
2780,31,8780.96
2780,32,8720.83
2780,33,8682.14
2780,34,8613.93
2780,35,8619.67
2780,36,8880.08
2780,37,8721.89
2780,38,8823.85
2780,39,8811.01
2780,40,8818.98
2780,41,8707
2780,42,8818.7
2780,43,8647.19
2780,44,8664.99
2780,45,8716.4
2780,46,8739.66
2780,47,8860.44
2780,48,8907.93
2780,49,8657.06
2780,50,8812.97
2780,51,8873.62
2780,52,8907.29
2780,53,8781.23
2780,54,8648.25
2780,55,8684.93
2780,56,8754.29
2780,57,8702.79
2780,58,8574.1
2780,59,8888.03
2780,60,8764.79
2780,61,8625.23
2780,62,8720.63
2780,63,8837.47
2780,64,8792.27
2780,65,8554.72
2780,66,8696.7
2780,67,8607.47
2780,68,8649.27
2780,69,8893.66
2780,70,8694.68
2780,71,8743.1
2780,72,8841.7
2780,73,8724.41
2780,74,8837.09
2780,75,8897.48
2780,76,8692.42
2780,77,8833.41
2780,78,8730.59
2780,79,8810.04
2780,80,8829.87
2780,81,8688.69
2780,82,8703.57
2780,83,8717.9
2780,84,8623.9
2780,85,8670.71
2780,86,8728.15
2780,87,8821.76
2780,88,8815.13
2780,89,8675.61
2780,90,8597.86
2780,91,8749.89
2780,92,8556.31
2780,93,8719.97
2780,94,8653.8
2780,95,8782.76
2780,96,8670.27
2780,97,8824.35
2780,98,8748.59
2780,99,8787.93
2790,0,8901.92
2790,1,8851.15
2790,2,8823.47
2790,3,8808.68
2790,4,8635.93
2790,5,8825.71
2790,6,8774.63
2790,7,8806.98
2790,8,8629.02
2790,9,8789.95
2790,10,8637.63
2790,11,8825.97
2790,12,8861.71
2790,13,8761.16
2790,14,8587.14
2790,15,8933.58
2790,16,8619.83
2790,17,8934.07
2790,18,8766.6
2790,19,8779.01
2790,20,8726.93
2790,21,8620.55
2790,22,8790.24
2790,23,8700.62
2790,24,8878.17
2790,25,8668.93
2790,26,8826.98
2790,27,8570.88
2790,28,8589.48
2790,29,8765.51
2790,30,8773.78
2790,31,8780.71
2790,32,8720.58
2790,33,8678.04
2790,34,8613.69
2790,35,8615.09
2790,36,8877.66
2790,37,8718.14
2790,38,8821.55
2790,39,8807.94
2790,40,8814.55
2790,41,8704.88
2790,42,8814.77
2790,43,8644.31
2790,44,8660.98
2790,45,8714.38
2790,46,8736.66
2790,47,8858.14
2790,48,8907.66
2790,49,8652.92
2790,50,8811.6
2790,51,8871.75
2790,52,8904.45
2790,53,8780.96
2790,54,8643.92
2790,55,8680.98
2790,56,8754.02
2790,57,8700.47
2790,58,8569.81
2790,59,8885.13
2790,60,8762.18
2790,61,8621.57
2790,62,8718.45
2790,63,8835.78
2790,64,8789.59
2790,65,8550.5
2790,66,8694.7
2790,67,8603.46
2790,68,8645.58
2790,69,8890.96
2790,70,8690.49
2790,71,8739.72
2790,72,8841.44
2790,73,8724.17
2790,74,8833.43
2790,75,8893.37
2790,76,8689.23
2790,77,8829.94
2790,78,8727.97
2790,79,8808.14
2790,80,8826.28
2790,81,8685.45
2790,82,8700.42
2790,83,8713.91
2790,84,8619.14
2790,85,8667.51
2790,86,8727.9
2790,87,8821.5
2790,88,8814.87
2790,89,8671.76
2790,90,8593.45
2790,91,8747.63
2790,92,8551.02
2790,93,8717.31
2790,94,8649.73
2790,95,8779.22
2790,96,8666.36
2790,97,8822.9
2790,98,8744.93
2790,99,8784.79
2800,0,8901.62
2800,1,8850.85
2800,2,8823.17
2800,3,8808.38
2800,4,8635.63
2800,5,8825.41
2800,6,8774.33
2800,7,8806.68
2800,8,8628.72
2800,9,8789.65
2800,10,8637.33
2800,11,8825.67
2800,12,8861.41
2800,13,8760.86
2800,14,8586.84
2800,15,8933.28
2800,16,8619.53
2800,17,8933.77
2800,18,8766.3
2800,19,8778.71
2800,20,8726.63
2800,21,8620.25
2800,22,8789.94
2800,23,8700.32
2800,24,8877.87
2800,25,8668.63
2800,26,8826.68
2800,27,8570.58
2800,28,8589.18
2800,29,8765.21
2800,30,8773.48
2800,31,8780.41
2800,32,8720.28
2800,33,8677.74
2800,34,8613.39
2800,35,8614.79
2800,36,8877.36
2800,37,8717.84
2800,38,8821.25
2800,39,8807.64
2800,40,8814.25
2800,41,8704.58
2800,42,8814.47
2800,43,8644.01
2800,44,8660.68
2800,45,8714.08
2800,46,8736.36
2800,47,8857.84
2800,48,8907.36
2800,49,8652.62
2800,50,8811.3
2800,51,8871.45
2800,52,8904.15
2800,53,8780.66
2800,54,8643.62
2800,55,8680.68
2800,56,8753.72
2800,57,8700.17
2800,58,8569.51
2800,59,8884.83
2800,60,8761.88
2800,61,8621.27
2800,62,8718.15
2800,63,8835.48
2800,64,8789.29
2800,65,8550.2
2800,66,8694.4
2800,67,8603.16
2800,68,8645.28
2800,69,8890.66
2800,70,8690.19
2800,71,8739.42
2800,72,8841.14
2800,73,8723.87
2800,74,8833.13
2800,75,8893.07
2800,76,8688.93
2800,77,8829.64
2800,78,8727.67
2800,79,8807.84
2800,80,8825.98
2800,81,8685.15
2800,82,8700.12
2800,83,8713.61
2800,84,8618.84
2800,85,8667.21
2800,86,8727.6
2800,87,8821.2
2800,88,8814.57
2800,89,8671.46
2800,90,8593.15
2800,91,8747.33
2800,92,8550.72
2800,93,8717.01
2800,94,8649.43
2800,95,8778.92
2800,96,8666.06
2800,97,8822.6
2800,98,8744.63
2800,99,8784.49
2810,0,8887.95
2810,1,8839.4
2810,2,8811.13
2810,3,8796.6
2810,4,8624.34
2810,5,8816.06
2810,6,8762.6
2810,7,8795.82
2810,8,8617.71
2810,9,8779.78
2810,10,8624.3
2810,11,8813.05
2810,12,8849.45
2810,13,8750.56
2810,14,8573.63
2810,15,8923.1
2810,16,8606.87
2810,17,8922.21
2810,18,8754.66
2810,19,8766.74
2810,20,8714.47
2810,21,8605.95
2810,22,8780.77
2810,23,8689.08
2810,24,8865.16
2810,25,8656.74
2810,26,8814.36
2810,27,8556.76
2810,28,8578.22
2810,29,8755.25
2810,30,8762.76
2810,31,8766.96
2810,32,8707.07
2810,33,8665.87
2810,34,8601.84
2810,35,8602.62
2810,36,8867.62
2810,37,8707.32
2810,38,8811.3
2810,39,8798.5
2810,40,8800.69
2810,41,8693.12
2810,42,8801.35
2810,43,8633.19
2810,44,8648.83
2810,45,8703.11
2810,46,8724.53
2810,47,8847.19
2810,48,8896.92
2810,49,8644.02
2810,50,8799.58
2810,51,8861.11
2810,52,8892.56
2810,53,8769.54
2810,54,8630.19
2810,55,8667.36
2810,56,8740.87
2810,57,8687.92
2810,58,8556.64
2810,59,8874.22
2810,60,8750.4
2810,61,8607.89
2810,62,8706.74
2810,63,8825.73
2810,64,8776.79
2810,65,8537.87
2810,66,8683.81
2810,67,8591.41
2810,68,8634.62
2810,69,8881.51
2810,70,8678.81
2810,71,8726.31
2810,72,8825.14
2810,73,8712.73
2810,74,8822.94
2810,75,8882.64
2810,76,8676.81
2810,77,8817.59
2810,78,8715.75
2810,79,8797.34
2810,80,8814.15
2810,81,8674.44
2810,82,8689.59
2810,83,8701.24
2810,84,8605.86
2810,85,8653.92
2810,86,8716.66
2810,87,8810.57
2810,88,8804.05
2810,89,8660.46
2810,90,8581.51
2810,91,8736.1
2810,92,8535.49
2810,93,8705.18
2810,94,8638.38
2810,95,8764.98
2810,96,8653.72
2810,97,8813.85
2810,98,8733.11
2810,99,8773.48
2820,0,8887.72
2820,1,8836
2820,2,8810.88
2820,3,8796.36
2820,4,8620.4
2820,5,8812.27
2820,6,8762.34
2820,7,8795.55
2820,8,8613.93
2820,9,8779.51
2820,10,8624.06
2820,11,8812.82
2820,12,8849.22
2820,13,8747.42
2820,14,8569.02
2820,15,8921.02
2820,16,8601.59
2820,17,8921.96
2820,18,8754.41
2820,19,8763.89
2820,20,8714.22
2820,21,8605.72
2820,22,8777.33
2820,23,8688.81
2820,24,8864.92
2820,25,8654.18
2820,26,8814.12
2820,27,8556.52
2820,28,8574.43
2820,29,8752.33
2820,30,8759.1
2820,31,8764.73
2820,32,8706.83
2820,33,8661.65
2820,34,8601.58
2820,35,8597.46
2820,36,8864.54
2820,37,8703.38
2820,38,8809.31
2820,39,8794.58
2820,40,8800.47
2820,41,8692.86
2820,42,8801.12
2820,43,8630.75
2820,44,8646.62
2820,45,8702.85
2820,46,8724.29
2820,47,8845
2820,48,8896.65
2820,49,8639.25
2820,50,8799.32
2820,51,8858.5
2820,52,8892.31
2820,53,8769.27
2820,54,8625.36
2820,55,8667.13
2820,56,8739.09
2820,57,8687.67
2820,58,8556.41
2820,59,8870.78
2820,60,8750.14
2820,61,8607.66
2820,62,8706.48
2820,63,8823.82
2820,64,8776.54
2820,65,8533.04
2820,66,8681.91
2820,67,8586.82
2820,68,8630.16
2820,69,8878.4
2820,70,8676.33
2820,71,8726.06
2820,72,8824.86
2820,73,8708.92
2820,74,8818.82
2820,75,8878.07
2820,76,8673.04
2820,77,8817.35
2820,78,8715.49
2820,79,8795.41
2820,80,8813.91
2820,81,8670.61
2820,82,8686.32
2820,83,8701.01
2820,84,8605.63
2820,85,8653.68
2820,86,8713.2
2820,87,8810.3
2820,88,8801.79
2820,89,8656.4
2820,90,8576.97
2820,91,8735.84
2820,92,8535.27
2820,93,8704.93
2820,94,8633.51
2820,95,8764.75
2820,96,8649.15
2820,97,8811.97
2820,98,8732.88
2820,99,8773.24
2830,0,8887.42
2830,1,8835.7
2830,2,8810.58
2830,3,8796.06
2830,4,8620.1
2830,5,8811.97
2830,6,8762.04
2830,7,8795.25
2830,8,8613.63
2830,9,8779.21
2830,10,8623.76
2830,11,8812.52
2830,12,8848.92
2830,13,8747.12
2830,14,8568.72
2830,15,8920.72
2830,16,8601.29
2830,17,8921.66
2830,18,8754.11
2830,19,8763.59
2830,20,8713.92
2830,21,8605.42
2830,22,8777.03
2830,23,8688.51
2830,24,8864.62
2830,25,8653.88
2830,26,8813.82
2830,27,8556.22
2830,28,8574.13
2830,29,8752.03
2830,30,8758.8
2830,31,8764.43
2830,32,8706.53
2830,33,8661.35
2830,34,8601.28
2830,35,8597.16
2830,36,8864.24
2830,37,8703.08
2830,38,8809.01
2830,39,8794.28
2830,40,8800.17
2830,41,8692.56
2830,42,8800.82
2830,43,8630.45
2830,44,8646.32
2830,45,8702.55
2830,46,8723.99
2830,47,8844.7
2830,48,8896.35
2830,49,8638.95
2830,50,8799.02
2830,51,8858.2
2830,52,8892.01
2830,53,8768.97
2830,54,8625.06
2830,55,8666.83
2830,56,8738.79
2830,57,8687.37
2830,58,8556.11
2830,59,8870.48
2830,60,8749.84
2830,61,8607.36
2830,62,8706.18
2830,63,8823.52
2830,64,8776.24
2830,65,8532.74
2830,66,8681.61
2830,67,8586.52
2830,68,8629.86
2830,69,8878.1
2830,70,8676.03
2830,71,8725.76
2830,72,8824.56
2830,73,8708.62
2830,74,8818.52
2830,75,8877.77
2830,76,8672.74
2830,77,8817.05
2830,78,8715.19
2830,79,8795.11
2830,80,8813.61
2830,81,8670.31
2830,82,8686.02
2830,83,8700.71
2830,84,8605.33
2830,85,8653.38
2830,86,8712.9
2830,87,8810
2830,88,8801.49
2830,89,8656.1
2830,90,8576.67
2830,91,8735.54
2830,92,8534.97
2830,93,8704.63
2830,94,8633.21
2830,95,8764.45
2830,96,8648.85
2830,97,8811.67
2830,98,8732.58
2830,99,8772.94
2840,0,8878.18
2840,1,8826.32
2840,2,8798.52
2840,3,8786.29
2840,4,8610
2840,5,8800.6
2840,6,8751.61
2840,7,8785.44
2840,8,8603.75
2840,9,8770.55
2840,10,8613.04
2840,11,8802.36
2840,12,8840
2840,13,8737.96
2840,14,8559.12
2840,15,8910.4
2840,16,8591.7
2840,17,8911.23
2840,18,8744.81
2840,19,8752.9
2840,20,8701.8
2840,21,8591.99
2840,22,8767.81
2840,23,8679.81
2840,24,8855.9
2840,25,8642.93
2840,26,8801.8
2840,27,8545.06
2840,28,8563.23
2840,29,8742.02
2840,30,8749.51
2840,31,8750.52
2840,32,8696.56
2840,33,8651.86
2840,34,8590.81
2840,35,8588.66
2840,36,8853.47
2840,37,8695.05
2840,38,8799.22
2840,39,8784.49
2840,40,8788.54
2840,41,8683.35
2840,42,8790.42
2840,43,8620.15
2840,44,8635.32
2840,45,8693.33
2840,46,8714.44
2840,47,8833.87
2840,48,8888.14
2840,49,8630.85
2840,50,8787.23
2840,51,8847.71
2840,52,8881.26
2840,53,8758.2
2840,54,8615.55
2840,55,8653.45
2840,56,8726.97
2840,57,8675.4
2840,58,8547.15
2840,59,8860.48
2840,60,8738.48
2840,61,8598.97
2840,62,8696.98
2840,63,8813.05
2840,64,8764.37
2840,65,8523.11
2840,66,8671.67
2840,67,8577.71
2840,68,8620.32
2840,69,8868.81
2840,70,8665.31
2840,71,8712.74
2840,72,8813.39
2840,73,8699.45
2840,74,8808.65
2840,75,8867.34
2840,76,8659.36
2840,77,8806.7
2840,78,8704.4
2840,79,8784.76
2840,80,8803.76
2840,81,8661.98
2840,82,8677.19
2840,83,8688.08
2840,84,8595.59
2840,85,8642.93
2840,86,8700.1
2840,87,8799.52
2840,88,8791.85
2840,89,8647.29
2840,90,8567.06
2840,91,8727.63
2840,92,8521.51
2840,93,8693.75
2840,94,8623.59
2840,95,8754.39
2840,96,8637.69
2840,97,8802.9
2840,98,8720.93
2840,99,8763.28
2850,0,8874.58
2850,1,8822.91
2850,2,8798.28
2850,3,8782.05
2850,4,8606.08
2850,5,8800.37
2850,6,8749.11
2850,7,8783.45
2850,8,8599.98
2850,9,8769.57
2850,10,8609.38
2850,11,8797.75
2850,12,8836
2850,13,8734.78
2850,14,8554.46
2850,15,8908.24
2850,16,8586.33
2850,17,8907.17
2850,18,8742.27
2850,19,8750.14
2850,20,8701.56
2850,21,8591.77
2850,22,8764.37
2850,23,8678.61
2850,24,8852.48
2850,25,8638.76
2850,26,8801.57
2850,27,8540.16
2850,28,8558.74
2850,29,8739.09
2850,30,8745.86
2850,31,8748.39
2850,32,8693.42
2850,33,8647.63
2850,34,8588.29
2850,35,8583.47
2850,36,8853.23
2850,37,8691.11
2850,38,8797.25
2850,39,8780.48
2850,40,8783.57
2850,41,8680.99
2850,42,8785.66
2850,43,8617.74
2850,44,8631.35
2850,45,8690.59
2850,46,8710.68
2850,47,8831.66
2850,48,8887.04
2850,49,8626.09
2850,50,8786.98
2850,51,8845.06
2850,52,8878.37
2850,53,8757.94
2850,54,8610.63
2850,55,8653.23
2850,56,8725.09
2850,57,8675.16
2850,58,8542.13
2850,59,8857
2850,60,8738.23
2850,61,8595.34
2850,62,8694.82
2850,63,8811.17
2850,64,8764.13
2850,65,8518.26
2850,66,8669.81
2850,67,8573.07
2850,68,8615.78
2850,69,8865.64
2850,70,8661.49
2850,71,8712.5
2850,72,8813.12
2850,73,8695.62
2850,74,8804.56
2850,75,8862.73
2850,76,8655.55
2850,77,8802.82
2850,78,8704.15
2850,79,8782.87
2850,80,8799.46
2850,81,8658.11
2850,82,8673.88
2850,83,8687.86
2850,84,8590.31
2850,85,8639.84
2850,86,8699.86
2850,87,8797.84
2850,88,8789.63
2850,89,8643.25
2850,90,8562.51
2850,91,8724.95
2850,92,8515.57
2850,93,8691.1
2850,94,8618.65
2850,95,8749.99
2850,96,8633.12
2850,97,8800.98
2850,98,8720.71
2850,99,8759.87
2860,0,8874.28
2860,1,8822.61
2860,2,8797.98
2860,3,8781.75
2860,4,8605.78
2860,5,8800.07
2860,6,8748.81
2860,7,8783.15
2860,8,8599.68
2860,9,8769.27
2860,10,8609.08
2860,11,8797.45
2860,12,8835.7
2860,13,8734.48
2860,14,8554.16
2860,15,8907.94
2860,16,8586.03
2860,17,8906.87
2860,18,8741.97
2860,19,8749.84
2860,20,8701.26
2860,21,8591.47
2860,22,8764.07
2860,23,8678.31
2860,24,8852.18
2860,25,8638.46
2860,26,8801.27
2860,27,8539.86
2860,28,8558.44
2860,29,8738.79
2860,30,8745.56
2860,31,8748.09
2860,32,8693.12
2860,33,8647.33
2860,34,8587.99
2860,35,8583.17
2860,36,8852.93
2860,37,8690.81
2860,38,8796.95
2860,39,8780.18
2860,40,8783.27
2860,41,8680.69
2860,42,8785.36
2860,43,8617.44
2860,44,8631.05
2860,45,8690.29
2860,46,8710.38
2860,47,8831.36
2860,48,8886.74
2860,49,8625.79
2860,50,8786.68
2860,51,8844.76
2860,52,8878.07
2860,53,8757.64
2860,54,8610.33
2860,55,8652.93
2860,56,8724.79
2860,57,8674.86
2860,58,8541.83
2860,59,8856.7
2860,60,8737.93
2860,61,8595.04
2860,62,8694.52
2860,63,8810.87
2860,64,8763.83
2860,65,8517.96
2860,66,8669.51
2860,67,8572.77
2860,68,8615.48
2860,69,8865.34
2860,70,8661.19
2860,71,8712.2
2860,72,8812.82
2860,73,8695.32
2860,74,8804.26
2860,75,8862.43
2860,76,8655.25
2860,77,8802.52
2860,78,8703.85
2860,79,8782.57
2860,80,8799.16
2860,81,8657.81
2860,82,8673.58
2860,83,8687.56
2860,84,8590.01
2860,85,8639.54
2860,86,8699.56
2860,87,8797.54
2860,88,8789.33
2860,89,8642.95
2860,90,8562.21
2860,91,8724.65
2860,92,8515.27
2860,93,8690.8
2860,94,8618.35
2860,95,8749.69
2860,96,8632.82
2860,97,8800.68
2860,98,8720.41
2860,99,8759.57
2870,0,8861.54
2870,1,8813.26
2870,2,8786.56
2870,3,8771.75
2870,4,8595.57
2870,5,8791.8
2870,6,8738.42
2870,7,8773.26
2870,8,8589.81
2870,9,8760.73
2870,10,8598.58
2870,11,8785.72
2870,12,8826.37
2870,13,8723.76
2870,14,8544.25
2870,15,8897.52
2870,16,8574.54
2870,17,8895.14
2870,18,8732.08
2870,19,8740.69
2870,20,8691
2870,21,8579.59
2870,22,8754.79
2870,23,8666.07
2870,24,8840.15
2870,25,8628.69
2870,26,8791.91
2870,27,8529.01
2870,28,8547.7
2870,29,8728.95
2870,30,8736.17
2870,31,8733.67
2870,32,8683.26
2870,33,8636.8
2870,34,8576.68
2870,35,8572.5
2870,36,8843.02
2870,37,8682.03
2870,38,8787.18
2870,39,8770.26
2870,40,8771.61
2870,41,8669.02
2870,42,8774.86
2870,43,8607.38
2870,44,8622.03
2870,45,8682.48
2870,46,8701.72
2870,47,8822.27
2870,48,8878.73
2870,49,8617.86
2870,50,8776.95
2870,51,8835.79
2870,52,8867.27
2870,53,8747.38
2870,54,8599.22
2870,55,8640.94
2870,56,8713.14
2870,57,8662.59
2870,58,8532.15
2870,59,8846.61
2870,60,8727.27
2870,61,8585.47
2870,62,8683.78
2870,63,8800.15
2870,64,8752.91
2870,65,8509.67
2870,66,8660.77
2870,67,8563.76
2870,68,8605.88
2870,69,8856.01
2870,70,8652.11
2870,71,8701.48
2870,72,8801.21
2870,73,8687.21
2870,74,8794.58
2870,75,8852.59
2870,76,8644.19
2870,77,8793.19
2870,78,8693.04
2870,79,8773.98
2870,80,8788.89
2870,81,8648.01
2870,82,8663.2
2870,83,8674.9
2870,84,8580.47
2870,85,8628.19
2870,86,8690.16
2870,87,8789.27
2870,88,8780.38
2870,89,8634.07
2870,90,8552.5
2870,91,8716.42
2870,92,8501.89
2870,93,8680.03
2870,94,8607.61
2870,95,8738.91
2870,96,8621.77
2870,97,8791.39
2870,98,8711.73
2870,99,8749.13
2880,0,8861.33
2880,1,8809.89
2880,2,8783.51
2880,3,8767.54
2880,4,8590.62
2880,5,8788.09
2880,6,8735.93
2880,7,8771.28
2880,8,8584.91
2880,9,8758.7
2880,10,8593.96
2880,11,8785.51
2880,12,8822.29
2880,13,8720.57
2880,14,8536.92
2880,15,8895.29
2880,16,8568.47
2880,17,8891.8
2880,18,8729.61
2880,19,8734.92
2880,20,8685.18
2880,21,8574.83
2880,22,8751.37
2880,23,8664.79
2880,24,8839.93
2880,25,8622.39
2880,26,8788.06
2880,27,8524.07
2880,28,8540.86
2880,29,8726.04
2880,30,8732.54
2880,31,8729.35
2880,32,8678.62
2880,33,8631.96
2880,34,8573.59
2880,35,8567.33
2880,36,8839.96
2880,37,8675.67
2880,38,8782.41
2880,39,8766.18
2880,40,8766.67
2880,41,8668.8
2880,42,8769.58
2880,43,8603.25
2880,44,8615.37
2880,45,8677.81
2880,46,8697.95
2880,47,8820.06
2880,48,8876.16
2880,49,8611.45
2880,50,8774
2880,51,8833.07
2880,52,8862.84
2880,53,8745.66
2880,54,8594.27
2880,55,8636.74
2880,56,8709.46
2880,57,8660.27
2880,58,8525.93
2880,59,8843.12
2880,60,8724.91
2880,61,8580.47
2880,62,8682.12
2880,63,8798.29
2880,64,8750.1
2880,65,8501.37
2880,66,8655.65
2880,67,8557.22
2880,68,8601.3
2880,69,8852.76
2880,70,8645.66
2880,71,8698.18
2880,72,8796.95
2880,73,8679.86
2880,74,8789.6
2880,75,8847.98
2880,76,8640.32
2880,77,8789.21
2880,78,8690.56
2880,79,8769.48
2880,80,8784.54
2880,81,8644.14
2880,82,8658.68
2880,83,8674.7
2880,84,8572.85
2880,85,8625.13
2880,86,8686.65
2880,87,8785.94
2880,88,8775.62
2880,89,8628.6
2880,90,8547.97
2880,91,8711.74
2880,92,8495.93
2880,93,8677.34
2880,94,8602.65
2880,95,8734.44
2880,96,8617.23
2880,97,8789.43
2880,98,8707.15
2880,99,8745.97
2890,0,8861.03
2890,1,8809.59
2890,2,8783.21
2890,3,8767.24
2890,4,8590.32
2890,5,8787.79
2890,6,8735.63
2890,7,8770.98
2890,8,8584.61
2890,9,8758.4
2890,10,8593.66
2890,11,8785.21
2890,12,8821.99
2890,13,8720.27
2890,14,8536.62
2890,15,8894.99
2890,16,8568.17
2890,17,8891.5
2890,18,8729.31
2890,19,8734.62
2890,20,8684.88
2890,21,8574.53
2890,22,8751.07
2890,23,8664.49
2890,24,8839.63
2890,25,8622.09
2890,26,8787.76
2890,27,8523.77
2890,28,8540.56
2890,29,8725.74
2890,30,8732.24
2890,31,8729.05
2890,32,8678.32
2890,33,8631.66
2890,34,8573.29
2890,35,8567.03
2890,36,8839.66
2890,37,8675.37
2890,38,8782.11
2890,39,8765.88
2890,40,8766.37
2890,41,8668.5
2890,42,8769.28
2890,43,8602.95
2890,44,8615.07
2890,45,8677.51
2890,46,8697.65
2890,47,8819.76
2890,48,8875.86
2890,49,8611.15
2890,50,8773.7
2890,51,8832.77
2890,52,8862.54
2890,53,8745.36
2890,54,8593.97
2890,55,8636.44
2890,56,8709.16
2890,57,8659.97
2890,58,8525.63
2890,59,8842.82
2890,60,8724.61
2890,61,8580.17
2890,62,8681.82
2890,63,8797.99
2890,64,8749.8
2890,65,8501.07
2890,66,8655.35
2890,67,8556.92
2890,68,8601
2890,69,8852.46
2890,70,8645.36
2890,71,8697.88
2890,72,8796.65
2890,73,8679.56
2890,74,8789.3
2890,75,8847.68
2890,76,8640.02
2890,77,8788.91
2890,78,8690.26
2890,79,8769.18
2890,80,8784.24
2890,81,8643.84
2890,82,8658.38
2890,83,8674.4
2890,84,8572.55
2890,85,8624.83
2890,86,8686.35
2890,87,8785.64
2890,88,8775.32
2890,89,8628.3
2890,90,8547.67
2890,91,8711.44
2890,92,8495.63
2890,93,8677.04
2890,94,8602.35
2890,95,8734.14
2890,96,8616.93
2890,97,8789.13
2890,98,8706.85
2890,99,8745.67
2900,0,8852.45
2900,1,8799.62
2900,2,8772.34
2900,3,8759.02
2900,4,8583.94
2900,5,8779.52
2900,6,8725.29
2900,7,8761.34
2900,8,8577.4
2900,9,8749.43
2900,10,8584.22
2900,11,8775.77
2900,12,8813.7
2900,13,8711.2
2900,14,8525.85
2900,15,8887.45
2900,16,8556.49
2900,17,8883.18
2900,18,8720.94
2900,19,8724.24
2900,20,8675.21
2900,21,8561.76
2900,22,8742.2
2900,23,8655.96
2900,24,8829.21
2900,25,8612.3
2900,26,8778.98
2900,27,8514.26
2900,28,8529.88
2900,29,8716.99
2900,30,8722.75
2900,31,8717.08
2900,32,8668.58
2900,33,8622.12
2900,34,8562.38
2900,35,8556.19
2900,36,8832
2900,37,8666.59
2900,38,8773.19
2900,39,8756.42
2900,40,8756.9
2900,41,8659.18
2900,42,8760.01
2900,43,8595.08
2900,44,8605.34
2900,45,8670.28
2900,46,8691.7
2900,47,8810.57
2900,48,8866.69
2900,49,8603.78
2900,50,8764.05
2900,51,8822.07
2900,52,8852.55
2900,53,8734.97
2900,54,8582.58
2900,55,8624.54
2900,56,8699.78
2900,57,8648.46
2900,58,8516.03
2900,59,8832.66
2900,60,8713.92
2900,61,8570.64
2900,62,8671.82
2900,63,8789.02
2900,64,8738.17
2900,65,8491.49
2900,66,8647.51
2900,67,8547.94
2900,68,8591.43
2900,69,8844.25
2900,70,8636.18
2900,71,8684.73
2900,72,8785.37
2900,73,8670.55
2900,74,8779.8
2900,75,8837.9
2900,76,8630.42
2900,77,8779.72
2900,78,8679.92
2900,79,8762.19
2900,80,8775.79
2900,81,8636.9
2900,82,8648.09
2900,83,8665.11
2900,84,8563.15
2900,85,8615.25
2900,86,8677.13
2900,87,8774.7
2900,88,8767.08
2900,89,8619.01
2900,90,8538.01
2900,91,8704
2900,92,8485.18
2900,93,8666.33
2900,94,8592.23
2900,95,8723.73
2900,96,8606.35
2900,97,8778.81
2900,98,8698.5
2900,99,8735.86
2910,0,8848
2910,1,8799.39
2910,2,8770.93
2910,3,8753.72
2910,4,8576.38
2910,5,8776.07
2910,6,8723.68
2910,7,8760.03
2910,8,8571.49
2910,9,8747.69
2910,10,8580.18
2910,11,8772.3
2910,12,8809.71
2910,13,8708.58
2910,14,8523.64
2910,15,8883.89
2910,16,8553.3
2910,17,8877.42
2910,18,8716.67
2910,19,8719.53
2910,20,8671.16
2910,21,8561.27
2910,22,8739.5
2910,23,8653.67
2910,24,8826.66
2910,25,8607.84
2910,26,8775
2910,27,8512.1
2910,28,8525.8
2910,29,8713.29
2910,30,8720.15
2910,31,8711.84
2910,32,8664.12
2910,33,8619.22
2910,34,8560.51
2910,35,8553.83
2910,36,8828.54
2910,37,8664.4
2910,38,8769.6
2910,39,8752.91
2910,40,8753.29
2910,41,8656.53
2910,42,8756.02
2910,43,8590.11
2910,44,8600.82
2910,45,8666.91
2910,46,8686.21
2910,47,8808.6
2910,48,8864
2910,49,8598.81
2910,50,8761.87
2910,51,8820.71
2910,52,8850
2910,53,8734.74
2910,54,8582.26
2910,55,8623.05
2910,56,8695.9
2910,57,8648.24
2910,58,8512.1
2910,59,8832.05
2910,60,8713.08
2910,61,8566.98
2910,62,8669.57
2910,63,8786.62
2910,64,8737.89
2910,65,8487.89
2910,66,8644.47
2910,67,8544.04
2910,68,8588.31
2910,69,8840.56
2910,70,8633.92
2910,71,8684.52
2910,72,8783.97
2910,73,8667.37
2910,74,8777.86
2910,75,8835.09
2910,76,8626.26
2910,77,8776.42
2910,78,8678.12
2910,79,8760.28
2910,80,8772.18
2910,81,8633.28
2910,82,8647.87
2910,83,8659.89
2910,84,8558.07
2910,85,8611
2910,86,8674.42
2910,87,8774.47
2910,88,8761.24
2910,89,8616.89
2910,90,8533.32
2910,91,8701.21
2910,92,8482
2910,93,8664.66
2910,94,8589.12
2910,95,8719.76
2910,96,8603.12
2910,97,8778.45
2910,98,8694.88
2910,99,8733.75
2920,0,8847.7
2920,1,8799.09
2920,2,8770.63
2920,3,8753.42
2920,4,8576.08
2920,5,8775.77
2920,6,8723.38
2920,7,8759.73
2920,8,8571.19
2920,9,8747.39
2920,10,8579.88
2920,11,8772
2920,12,8809.41
2920,13,8708.28
2920,14,8523.34
2920,15,8883.59
2920,16,8553
2920,17,8877.12
2920,18,8716.37
2920,19,8719.23
2920,20,8670.86
2920,21,8560.97
2920,22,8739.2
2920,23,8653.37
2920,24,8826.36
2920,25,8607.54
2920,26,8774.7
2920,27,8511.8
2920,28,8525.5
2920,29,8712.99
2920,30,8719.85
2920,31,8711.54
2920,32,8663.82
2920,33,8618.92
2920,34,8560.21
2920,35,8553.53
2920,36,8828.24
2920,37,8664.1
2920,38,8769.3
2920,39,8752.61
2920,40,8752.99
2920,41,8656.23
2920,42,8755.72
2920,43,8589.81
2920,44,8600.52
2920,45,8666.61
2920,46,8685.91
2920,47,8808.3
2920,48,8863.7
2920,49,8598.51
2920,50,8761.57
2920,51,8820.41
2920,52,8849.7
2920,53,8734.44
2920,54,8581.96
2920,55,8622.75
2920,56,8695.6
2920,57,8647.94
2920,58,8511.8
2920,59,8831.75
2920,60,8712.78
2920,61,8566.68
2920,62,8669.27
2920,63,8786.32
2920,64,8737.59
2920,65,8487.59
2920,66,8644.17
2920,67,8543.74
2920,68,8588.01
2920,69,8840.26
2920,70,8633.62
2920,71,8684.22
2920,72,8783.67
2920,73,8667.07
2920,74,8777.56
2920,75,8834.79
2920,76,8625.96
2920,77,8776.12
2920,78,8677.82
2920,79,8759.98
2920,80,8771.88
2920,81,8632.98
2920,82,8647.57
2920,83,8659.59
2920,84,8557.77
2920,85,8610.7
2920,86,8674.12
2920,87,8774.17
2920,88,8760.94
2920,89,8616.59
2920,90,8533.02
2920,91,8700.91
2920,92,8481.7
2920,93,8664.36
2920,94,8588.82
2920,95,8719.46
2920,96,8602.82
2920,97,8778.15
2920,98,8694.58
2920,99,8733.45
2930,0,8847.4
2930,1,8798.79
2930,2,8770.33
2930,3,8753.12
2930,4,8575.78
2930,5,8775.47
2930,6,8723.08
2930,7,8759.43
2930,8,8570.89
2930,9,8747.09
2930,10,8579.58
2930,11,8771.7
2930,12,8809.11
2930,13,8707.98
2930,14,8523.04
2930,15,8883.29
2930,16,8552.7
2930,17,8876.82
2930,18,8716.07
2930,19,8718.93
2930,20,8670.56
2930,21,8560.67
2930,22,8738.9
2930,23,8653.07
2930,24,8826.06
2930,25,8607.24
2930,26,8774.4
2930,27,8511.5
2930,28,8525.2
2930,29,8712.69
2930,30,8719.55
2930,31,8711.24
2930,32,8663.52
2930,33,8618.62
2930,34,8559.91
2930,35,8553.23
2930,36,8827.94
2930,37,8663.8
2930,38,8769
2930,39,8752.31
2930,40,8752.69
2930,41,8655.93
2930,42,8755.42
2930,43,8589.51
2930,44,8600.22
2930,45,8666.31
2930,46,8685.61
2930,47,8808
2930,48,8863.4
2930,49,8598.21
2930,50,8761.27
2930,51,8820.11
2930,52,8849.4
2930,53,8734.14
2930,54,8581.66
2930,55,8622.45
2930,56,8695.3
2930,57,8647.64
2930,58,8511.5
2930,59,8831.45
2930,60,8712.48
2930,61,8566.38
2930,62,8668.97
2930,63,8786.02
2930,64,8737.29
2930,65,8487.29
2930,66,8643.87
2930,67,8543.44
2930,68,8587.71
2930,69,8839.96
2930,70,8633.32
2930,71,8683.92
2930,72,8783.37
2930,73,8666.77
2930,74,8777.26
2930,75,8834.49
2930,76,8625.66
2930,77,8775.82
2930,78,8677.52
2930,79,8759.68
2930,80,8771.58
2930,81,8632.68
2930,82,8647.27
2930,83,8659.29
2930,84,8557.47
2930,85,8610.4
2930,86,8673.82
2930,87,8773.87
2930,88,8760.64
2930,89,8616.29
2930,90,8532.72
2930,91,8700.61
2930,92,8481.4
2930,93,8664.06
2930,94,8588.52
2930,95,8719.16
2930,96,8602.52
2930,97,8777.85
2930,98,8694.28
2930,99,8733.15
2940,0,8847.1
2940,1,8798.49
2940,2,8770.03
2940,3,8752.82
2940,4,8575.48
2940,5,8775.17
2940,6,8722.78
2940,7,8759.13
2940,8,8570.59
2940,9,8746.79
2940,10,8579.28
2940,11,8771.4
2940,12,8808.81
2940,13,8707.68
2940,14,8522.74
2940,15,8882.99
2940,16,8552.4
2940,17,8876.52
2940,18,8715.77
2940,19,8718.63
2940,20,8670.26
2940,21,8560.37
2940,22,8738.6
2940,23,8652.77
2940,24,8825.76
2940,25,8606.94
2940,26,8774.1
2940,27,8511.2
2940,28,8524.9
2940,29,8712.39
2940,30,8719.25
2940,31,8710.94
2940,32,8663.22
2940,33,8618.32
2940,34,8559.61
2940,35,8552.93
2940,36,8827.64
2940,37,8663.5
2940,38,8768.7
2940,39,8752.01
2940,40,8752.39
2940,41,8655.63
2940,42,8755.12
2940,43,8589.21
2940,44,8599.92
2940,45,8666.01
2940,46,8685.31
2940,47,8807.7
2940,48,8863.1
2940,49,8597.91
2940,50,8760.97
2940,51,8819.81
2940,52,8849.1
2940,53,8733.84
2940,54,8581.36
2940,55,8622.15
2940,56,8695
2940,57,8647.34
2940,58,8511.2
2940,59,8831.15
2940,60,8712.18
2940,61,8566.08
2940,62,8668.67
2940,63,8785.72
2940,64,8736.99
2940,65,8486.99
2940,66,8643.57
2940,67,8543.14
2940,68,8587.41
2940,69,8839.66
2940,70,8633.02
2940,71,8683.62
2940,72,8783.07
2940,73,8666.47
2940,74,8776.96
2940,75,8834.19
2940,76,8625.36
2940,77,8775.52
2940,78,8677.22
2940,79,8759.38
2940,80,8771.28
2940,81,8632.38
2940,82,8646.97
2940,83,8658.99
2940,84,8557.17
2940,85,8610.1
2940,86,8673.52
2940,87,8773.57
2940,88,8760.34
2940,89,8615.99
2940,90,8532.42
2940,91,8700.31
2940,92,8481.1
2940,93,8663.76
2940,94,8588.22
2940,95,8718.86
2940,96,8602.22
2940,97,8777.55
2940,98,8693.98
2940,99,8732.85
2950,0,8846.8
2950,1,8798.19
2950,2,8769.73
2950,3,8752.52
2950,4,8575.18
2950,5,8774.87
2950,6,8722.48
2950,7,8758.83
2950,8,8570.29
2950,9,8746.49
2950,10,8578.98
2950,11,8771.1
2950,12,8808.51
2950,13,8707.38
2950,14,8522.44
2950,15,8882.69
2950,16,8552.1
2950,17,8876.22
2950,18,8715.47
2950,19,8718.33
2950,20,8669.96
2950,21,8560.07
2950,22,8738.3
2950,23,8652.47
2950,24,8825.46
2950,25,8606.64
2950,26,8773.8
2950,27,8510.9
2950,28,8524.6
2950,29,8712.09
2950,30,8718.95
2950,31,8710.64
2950,32,8662.92
2950,33,8618.02
2950,34,8559.31
2950,35,8552.63
2950,36,8827.34
2950,37,8663.2
2950,38,8768.4
2950,39,8751.71
2950,40,8752.09
2950,41,8655.33
2950,42,8754.82
2950,43,8588.91
2950,44,8599.62
2950,45,8665.71
2950,46,8685.01
2950,47,8807.4
2950,48,8862.8
2950,49,8597.61
2950,50,8760.67
2950,51,8819.51
2950,52,8848.8
2950,53,8733.54
2950,54,8581.06
2950,55,8621.85
2950,56,8694.7
2950,57,8647.04
2950,58,8510.9
2950,59,8830.85
2950,60,8711.88
2950,61,8565.78
2950,62,8668.37
2950,63,8785.42
2950,64,8736.69
2950,65,8486.69
2950,66,8643.27
2950,67,8542.84
2950,68,8587.11
2950,69,8839.36
2950,70,8632.72
2950,71,8683.32
2950,72,8782.77
2950,73,8666.17
2950,74,8776.66
2950,75,8833.89
2950,76,8625.06
2950,77,8775.22
2950,78,8676.92
2950,79,8759.08
2950,80,8770.98
2950,81,8632.08
2950,82,8646.67
2950,83,8658.69
2950,84,8556.87
2950,85,8609.8
2950,86,8673.22
2950,87,8773.27
2950,88,8760.04
2950,89,8615.69
2950,90,8532.12
2950,91,8700.01
2950,92,8480.8
2950,93,8663.46
2950,94,8587.92
2950,95,8718.56
2950,96,8601.92
2950,97,8777.25
2950,98,8693.68
2950,99,8732.55
2960,0,8846.5
2960,1,8797.89
2960,2,8769.43
2960,3,8752.22
2960,4,8574.88
2960,5,8774.57
2960,6,8722.18
2960,7,8758.53
2960,8,8569.99
2960,9,8746.19
2960,10,8578.68
2960,11,8770.8
2960,12,8808.21
2960,13,8707.08
2960,14,8522.14
2960,15,8882.39
2960,16,8551.8
2960,17,8875.92
2960,18,8715.17
2960,19,8718.03
2960,20,8669.66
2960,21,8559.77
2960,22,8738
2960,23,8652.17
2960,24,8825.16
2960,25,8606.34
2960,26,8773.5
2960,27,8510.6
2960,28,8524.3
2960,29,8711.79
2960,30,8718.65
2960,31,8710.34
2960,32,8662.62
2960,33,8617.72
2960,34,8559.01
2960,35,8552.33
2960,36,8827.04
2960,37,8662.9
2960,38,8768.1
2960,39,8751.41
2960,40,8751.79
2960,41,8655.03
2960,42,8754.52
2960,43,8588.61
2960,44,8599.32
2960,45,8665.41
2960,46,8684.71
2960,47,8807.1
2960,48,8862.5
2960,49,8597.31
2960,50,8760.37
2960,51,8819.21
2960,52,8848.5
2960,53,8733.24
2960,54,8580.76
2960,55,8621.55
2960,56,8694.4
2960,57,8646.74
2960,58,8510.6
2960,59,8830.55
2960,60,8711.58
2960,61,8565.48
2960,62,8668.07
2960,63,8785.12
2960,64,8736.39
2960,65,8486.39
2960,66,8642.97
2960,67,8542.54
2960,68,8586.81
2960,69,8839.06
2960,70,8632.42
2960,71,8683.02
2960,72,8782.47
2960,73,8665.87
2960,74,8776.36
2960,75,8833.59
2960,76,8624.76
2960,77,8774.92
2960,78,8676.62
2960,79,8758.78
2960,80,8770.68
2960,81,8631.78
2960,82,8646.37
2960,83,8658.39
2960,84,8556.57
2960,85,8609.5
2960,86,8672.92
2960,87,8772.97
2960,88,8759.74
2960,89,8615.39
2960,90,8531.82
2960,91,8699.71
2960,92,8480.5
2960,93,8663.16
2960,94,8587.62
2960,95,8718.26
2960,96,8601.62
2960,97,8776.95
2960,98,8693.38
2960,99,8732.25
2970,0,8846.2
2970,1,8797.59
2970,2,8769.13
2970,3,8751.92
2970,4,8574.58
2970,5,8774.27
2970,6,8721.88
2970,7,8758.23
2970,8,8569.69
2970,9,8745.89
2970,10,8578.38
2970,11,8770.5
2970,12,8807.91
2970,13,8706.78
2970,14,8521.84
2970,15,8882.09
2970,16,8551.5
2970,17,8875.62
2970,18,8714.87
2970,19,8717.73
2970,20,8669.36
2970,21,8559.47
2970,22,8737.7
2970,23,8651.87
2970,24,8824.86
2970,25,8606.04
2970,26,8773.2
2970,27,8510.3
2970,28,8524
2970,29,8711.49
2970,30,8718.35
2970,31,8710.04
2970,32,8662.32
2970,33,8617.42
2970,34,8558.71
2970,35,8552.03
2970,36,8826.74
2970,37,8662.6
2970,38,8767.8
2970,39,8751.11
2970,40,8751.49
2970,41,8654.73
2970,42,8754.22
2970,43,8588.31
2970,44,8599.02
2970,45,8665.11
2970,46,8684.41
2970,47,8806.8
2970,48,8862.2
2970,49,8597.01
2970,50,8760.07
2970,51,8818.91
2970,52,8848.2
2970,53,8732.94
2970,54,8580.46
2970,55,8621.25
2970,56,8694.1
2970,57,8646.44
2970,58,8510.3
2970,59,8830.25
2970,60,8711.28
2970,61,8565.18
2970,62,8667.77
2970,63,8784.82
2970,64,8736.09
2970,65,8486.09
2970,66,8642.67
2970,67,8542.24
2970,68,8586.51
2970,69,8838.76
2970,70,8632.12
2970,71,8682.72
2970,72,8782.17
2970,73,8665.57
2970,74,8776.06
2970,75,8833.29
2970,76,8624.46
2970,77,8774.62
2970,78,8676.32
2970,79,8758.48
2970,80,8770.38
2970,81,8631.48
2970,82,8646.07
2970,83,8658.09
2970,84,8556.27
2970,85,8609.2
2970,86,8672.62
2970,87,8772.67
2970,88,8759.44
2970,89,8615.09
2970,90,8531.52
2970,91,8699.41
2970,92,8480.2
2970,93,8662.86
2970,94,8587.32
2970,95,8717.96
2970,96,8601.32
2970,97,8776.65
2970,98,8693.08
2970,99,8731.95
2980,0,8845.9
2980,1,8797.29
2980,2,8768.83
2980,3,8751.62
2980,4,8574.28
2980,5,8773.97
2980,6,8721.58
2980,7,8757.93
2980,8,8569.39
2980,9,8745.59
2980,10,8578.08
2980,11,8770.2
2980,12,8807.61
2980,13,8706.48
2980,14,8521.54
2980,15,8881.79
2980,16,8551.2
2980,17,8875.32
2980,18,8714.57
2980,19,8717.43
2980,20,8669.06
2980,21,8559.17
2980,22,8737.4
2980,23,8651.57
2980,24,8824.56
2980,25,8605.74
2980,26,8772.9
2980,27,8510
2980,28,8523.7
2980,29,8711.19
2980,30,8718.05
2980,31,8709.74
2980,32,8662.02
2980,33,8617.12
2980,34,8558.41
2980,35,8551.73
2980,36,8826.44
2980,37,8662.3
2980,38,8767.5
2980,39,8750.81
2980,40,8751.19
2980,41,8654.43
2980,42,8753.92
2980,43,8588.01
2980,44,8598.72
2980,45,8664.81
2980,46,8684.11
2980,47,8806.5
2980,48,8861.9
2980,49,8596.71
2980,50,8759.77
2980,51,8818.61
2980,52,8847.9
2980,53,8732.64
2980,54,8580.16
2980,55,8620.95
2980,56,8693.8
2980,57,8646.14
2980,58,8510
2980,59,8829.95
2980,60,8710.98
2980,61,8564.88
2980,62,8667.47
2980,63,8784.52
2980,64,8735.79
2980,65,8485.79
2980,66,8642.37
2980,67,8541.94
2980,68,8586.21
2980,69,8838.46
2980,70,8631.82
2980,71,8682.42
2980,72,8781.87
2980,73,8665.27
2980,74,8775.76
2980,75,8832.99
2980,76,8624.16
2980,77,8774.32
2980,78,8676.02
2980,79,8758.18
2980,80,8770.08
2980,81,8631.18
2980,82,8645.77
2980,83,8657.79
2980,84,8555.97
2980,85,8608.9
2980,86,8672.32
2980,87,8772.37
2980,88,8759.14
2980,89,8614.79
2980,90,8531.22
2980,91,8699.11
2980,92,8479.9
2980,93,8662.56
2980,94,8587.02
2980,95,8717.66
2980,96,8601.02
2980,97,8776.35
2980,98,8692.78
2980,99,8731.65
2990,0,8845.6
2990,1,8796.99
2990,2,8768.53
2990,3,8751.32
2990,4,8573.98
2990,5,8773.67
2990,6,8721.28
2990,7,8757.63
2990,8,8569.09
2990,9,8745.29
2990,10,8577.78
2990,11,8769.9
2990,12,8807.31
2990,13,8706.18
2990,14,8521.24
2990,15,8881.49
2990,16,8550.9
2990,17,8875.02
2990,18,8714.27
2990,19,8717.13
2990,20,8668.76
2990,21,8558.87
2990,22,8737.1
2990,23,8651.27
2990,24,8824.26
2990,25,8605.44
2990,26,8772.6
2990,27,8509.7
2990,28,8523.4
2990,29,8710.89
2990,30,8717.75
2990,31,8709.44
2990,32,8661.72
2990,33,8616.82
2990,34,8558.11
2990,35,8551.43
2990,36,8826.14
2990,37,8662
2990,38,8767.2
2990,39,8750.51
2990,40,8750.89
2990,41,8654.13
2990,42,8753.62
2990,43,8587.71
2990,44,8598.42
2990,45,8664.51
2990,46,8683.81
2990,47,8806.2
2990,48,8861.6
2990,49,8596.41
2990,50,8759.47
2990,51,8818.31
2990,52,8847.6
2990,53,8732.34
2990,54,8579.86
2990,55,8620.65
2990,56,8693.5
2990,57,8645.84
2990,58,8509.7
2990,59,8829.65
2990,60,8710.68
2990,61,8564.58
2990,62,8667.17
2990,63,8784.22
2990,64,8735.49
2990,65,8485.49
2990,66,8642.07
2990,67,8541.64
2990,68,8585.91
2990,69,8838.16
2990,70,8631.52
2990,71,8682.12
2990,72,8781.57
2990,73,8664.97
2990,74,8775.46
2990,75,8832.69
2990,76,8623.86
2990,77,8774.02
2990,78,8675.72
2990,79,8757.88
2990,80,8769.78
2990,81,8630.88
2990,82,8645.47
2990,83,8657.49
2990,84,8555.67
2990,85,8608.6
2990,86,8672.02
2990,87,8772.07
2990,88,8758.84
2990,89,8614.49
2990,90,8530.92
2990,91,8698.81
2990,92,8479.6
2990,93,8662.26
2990,94,8586.72
2990,95,8717.36
2990,96,8600.72
2990,97,8776.05
2990,98,8692.48
2990,99,8731.35
