time,node_id,residual_energy
0,0,10000
0,1,10000
0,2,10000
0,3,10000
0,4,10000
0,5,10000
0,6,10000
0,7,10000
0,8,10000
0,9,10000
0,10,10000
0,11,10000
0,12,10000
0,13,10000
0,14,10000
0,15,10000
0,16,10000
0,17,10000
0,18,10000
0,19,10000
0,20,10000
0,21,10000
0,22,10000
0,23,10000
0,24,10000
0,25,10000
0,26,10000
0,27,10000
0,28,10000
0,29,10000
0,30,10000
0,31,10000
0,32,10000
0,33,10000
0,34,10000
0,35,10000
0,36,10000
0,37,10000
0,38,10000
0,39,10000
0,40,10000
0,41,10000
0,42,10000
0,43,10000
0,44,10000
0,45,10000
0,46,10000
0,47,10000
0,48,10000
0,49,10000
0,50,10000
0,51,10000
0,52,10000
0,53,10000
0,54,10000
0,55,10000
0,56,10000
0,57,10000
0,58,10000
0,59,10000
0,60,10000
0,61,10000
0,62,10000
0,63,10000
0,64,10000
0,65,10000
0,66,10000
0,67,10000
0,68,10000
0,69,10000
0,70,10000
0,71,10000
0,72,10000
0,73,10000
0,74,10000
0,75,10000
0,76,10000
0,77,10000
0,78,10000
0,79,10000
0,80,10000
0,81,10000
0,82,10000
0,83,10000
0,84,10000
0,85,10000
0,86,10000
0,87,10000
0,88,10000
0,89,10000
0,90,10000
0,91,10000
0,92,10000
0,93,10000
0,94,10000
0,95,10000
0,96,10000
0,97,10000
0,98,10000
0,99,10000
10,0,9999.73
10,1,9999.73
10,2,9999.73
10,3,9999.73
10,4,9999.73
10,5,9999.73
10,6,9999.73
10,7,9999.73
10,8,9999.73
10,9,9999.73
10,10,9999.73
10,11,9999.73
10,12,9999.73
10,13,9999.73
10,14,9999.73
10,15,9999.73
10,16,9999.73
10,17,9999.73
10,18,9999.73
10,19,9999.73
10,20,9999.73
10,21,9999.73
10,22,9999.73
10,23,9999.73
10,24,9999.73
10,25,9999.73
10,26,9999.73
10,27,9999.73
10,28,9999.73
10,29,9999.73
10,30,9999.73
10,31,9999.73
10,32,9999.73
10,33,9999.73
10,34,9999.73
10,35,9999.73
10,36,9999.73
10,37,9999.73
10,38,9999.73
10,39,9999.73
10,40,9999.73
10,41,9999.73
10,42,9999.73
10,43,9999.73
10,44,9999.73
10,45,9999.73
10,46,9999.73
10,47,9999.73
10,48,9999.73
10,49,9999.73
10,50,9999.73
10,51,9999.73
10,52,9999.73
10,53,9999.73
10,54,9999.73
10,55,9999.73
10,56,9999.73
10,57,9999.73
10,58,9999.73
10,59,9999.73
10,60,9999.73
10,61,9999.73
10,62,9999.73
10,63,9999.73
10,64,9999.73
10,65,9999.73
10,66,9999.73
10,67,9999.73
10,68,9999.73
10,69,9999.73
10,70,9999.73
10,71,9999.73
10,72,9999.73
10,73,9999.73
10,74,9999.73
10,75,9999.73
10,76,9999.73
10,77,9999.73
10,78,9999.73
10,79,9999.73
10,80,9999.73
10,81,9999.73
10,82,9999.73
10,83,9999.73
10,84,9999.73
10,85,9999.73
10,86,9999.73
10,87,9999.73
10,88,9999.73
10,89,9999.73
10,90,9999.73
10,91,9999.73
10,92,9999.73
10,93,9999.73
10,94,9999.73
10,95,9999.73
10,96,9999.73
10,97,9999.73
10,98,9999.73
10,99,9999.73
20,0,9999.43
20,1,9999.43
20,2,9999.43
20,3,9999.43
20,4,9999.43
20,5,9999.43
20,6,9999.43
20,7,9999.43
20,8,9999.43
20,9,9999.43
20,10,9999.43
20,11,9999.43
20,12,9999.43
20,13,9999.43
20,14,9999.43
20,15,9999.43
20,16,9999.43
20,17,9999.43
20,18,9999.43
20,19,9999.43
20,20,9999.43
20,21,9999.43
20,22,9999.43
20,23,9999.43
20,24,9999.43
20,25,9999.43
20,26,9999.43
20,27,9999.43
20,28,9999.43
20,29,9999.43
20,30,9999.43
20,31,9999.43
20,32,9999.43
20,33,9999.43
20,34,9999.43
20,35,9999.43
20,36,9999.43
20,37,9999.43
20,38,9999.43
20,39,9999.43
20,40,9999.43
20,41,9999.43
20,42,9999.43
20,43,9999.43
20,44,9999.43
20,45,9999.43
20,46,9999.43
20,47,9999.43
20,48,9999.43
20,49,9999.43
20,50,9999.43
20,51,9999.43
20,52,9999.43
20,53,9999.43
20,54,9999.43
20,55,9999.43
20,56,9999.43
20,57,9999.43
20,58,9999.43
20,59,9999.43
20,60,9999.43
20,61,9999.43
20,62,9999.43
20,63,9999.43
20,64,9999.43
20,65,9999.43
20,66,9999.43
20,67,9999.43
20,68,9999.43
20,69,9999.43
20,70,9999.43
20,71,9999.43
20,72,9999.43
20,73,9999.43
20,74,9999.43
20,75,9999.43
20,76,9999.43
20,77,9999.43
20,78,9999.43
20,79,9999.43
20,80,9999.43
20,81,9999.43
20,82,9999.43
20,83,9999.43
20,84,9999.43
20,85,9999.43
20,86,9999.43
20,87,9999.43
20,88,9999.43
20,89,9999.43
20,90,9999.43
20,91,9999.43
20,92,9999.43
20,93,9999.43
20,94,9999.43
20,95,9999.43
20,96,9999.43
20,97,9999.43
20,98,9999.43
20,99,9999.43
30,0,9999.13
30,1,9999.13
30,2,9999.13
30,3,9999.13
30,4,9999.13
30,5,9999.13
30,6,9999.13
30,7,9999.13
30,8,9999.13
30,9,9999.13
30,10,9999.13
30,11,9999.13
30,12,9999.13
30,13,9999.13
30,14,9999.13
30,15,9999.13
30,16,9999.13
30,17,9999.13
30,18,9999.13
30,19,9999.13
30,20,9999.13
30,21,9999.13
30,22,9999.13
30,23,9999.13
30,24,9999.13
30,25,9999.13
30,26,9999.13
30,27,9999.13
30,28,9999.13
30,29,9999.13
30,30,9999.13
30,31,9999.13
30,32,9999.13
30,33,9999.13
30,34,9999.13
30,35,9999.13
30,36,9999.13
30,37,9999.13
30,38,9999.13
30,39,9999.13
30,40,9999.13
30,41,9999.13
30,42,9999.13
30,43,9999.13
30,44,9999.13
30,45,9999.13
30,46,9999.13
30,47,9999.13
30,48,9999.13
30,49,9999.13
30,50,9999.13
30,51,9999.13
30,52,9999.13
30,53,9999.13
30,54,9999.13
30,55,9999.13
30,56,9999.13
30,57,9999.13
30,58,9999.13
30,59,9999.13
30,60,9999.13
30,61,9999.13
30,62,9999.13
30,63,9999.13
30,64,9999.13
30,65,9999.13
30,66,9999.13
30,67,9999.13
30,68,9999.13
30,69,9999.13
30,70,9999.13
30,71,9999.13
30,72,9999.13
30,73,9999.13
30,74,9999.13
30,75,9999.13
30,76,9999.13
30,77,9999.13
30,78,9999.13
30,79,9999.13
30,80,9999.13
30,81,9999.13
30,82,9999.13
30,83,9999.13
30,84,9999.13
30,85,9999.13
30,86,9999.13
30,87,9999.13
30,88,9999.13
30,89,9999.13
30,90,9999.13
30,91,9999.13
30,92,9999.13
30,93,9999.13
30,94,9999.13
30,95,9999.13
30,96,9999.13
30,97,9999.13
30,98,9999.13
30,99,9999.13
40,0,9988.63
40,1,9986.92
40,2,9981.84
40,3,9982.93
40,4,9985.52
40,5,9981.99
40,6,9985.79
40,7,9986.32
40,8,9984.21
40,9,9987.35
40,10,9980.5
40,11,9984.82
40,12,9984.31
40,13,9985.75
40,14,9986
40,15,9988.04
40,16,9986.16
40,17,9984.84
40,18,9983.77
40,19,9983.92
40,20,9983.6
40,21,9984.53
40,22,9985.76
40,23,9981.23
40,24,9984.46
40,25,9985.16
40,26,9984.14
40,27,9984.6
40,28,9984.61
40,29,9986.73
40,30,9985.2
40,31,9981.95
40,32,9987.13
40,33,9983.93
40,34,9983.18
40,35,9980.44
40,36,9985.28
40,37,9983.15
40,38,9979.99
40,39,9982.14
40,40,9982.41
40,41,9983.95
40,42,9983.02
40,43,9986.32
40,44,9984.19
40,45,9985.93
40,46,9985.12
40,47,9982.61
40,48,9984.14
40,49,9982.84
40,50,9986.37
40,51,9983.3
40,52,9982.24
40,53,9982.31
40,54,9984.07
40,55,9983.64
40,56,9984.17
40,57,9985.45
40,58,9985.79
40,59,9985.42
40,60,9985.28
40,61,9983.44
40,62,9983.67
40,63,9986.18
40,64,9984.95
40,65,9985.67
40,66,9985.95
40,67,9984.88
40,68,9982.57
40,69,9982.03
40,70,9983.14
40,71,9983.89
40,72,9984.79
40,73,9980.73
40,74,9986.47
40,75,9984.46
40,76,9983.47
40,77,9985.18
40,78,9982.65
40,79,9981.47
40,80,9989.55
40,81,9985.66
40,82,9985.17
40,83,9984.24
40,84,9985.5
40,85,9983.06
40,86,9982.17
40,87,9987.86
40,88,9983.43
40,89,9984.85
40,90,9983.9
40,91,9986.75
40,92,9983.7
40,93,9985.18
40,94,9985.43
40,95,9986.32
40,96,9985.08
40,97,9982.73
40,98,9984.26
40,99,9985.41
50,0,9988.33
50,1,9986.62
50,2,9981.56
50,3,9982.63
50,4,9985.22
50,5,9981.69
50,6,9985.49
50,7,9986.02
50,8,9983.91
50,9,9987.05
50,10,9980.2
50,11,9984.52
50,12,9984.01
50,13,9985.45
50,14,9985.7
50,15,9987.74
50,16,9985.86
50,17,9984.54
50,18,9983.47
50,19,9983.62
50,20,9983.3
50,21,9984.23
50,22,9985.46
50,23,9980.96
50,24,9984.16
50,25,9984.86
50,26,9983.84
50,27,9984.3
50,28,9984.31
50,29,9986.43
50,30,9984.9
50,31,9981.66
50,32,9986.83
50,33,9983.63
50,34,9982.89
50,35,9980.16
50,36,9984.98
50,37,9982.85
50,38,9979.74
50,39,9981.86
50,40,9982.12
50,41,9983.66
50,42,9982.72
50,43,9986.02
50,44,9983.89
50,45,9985.63
50,46,9984.82
50,47,9982.32
50,48,9983.84
50,49,9982.54
50,50,9986.07
50,51,9983
50,52,9981.94
50,53,9982.02
50,54,9983.77
50,55,9983.34
50,56,9983.87
50,57,9985.15
50,58,9985.49
50,59,9985.12
50,60,9984.98
50,61,9983.14
50,62,9983.37
50,63,9985.88
50,64,9984.65
50,65,9985.37
50,66,9985.65
50,67,9984.58
50,68,9982.27
50,69,9981.74
50,70,9982.84
50,71,9983.59
50,72,9984.49
50,73,9980.46
50,74,9986.17
50,75,9984.16
50,76,9983.19
50,77,9984.88
50,78,9982.35
50,79,9981.17
50,80,9989.25
50,81,9985.36
50,82,9984.87
50,83,9983.94
50,84,9985.2
50,85,9982.76
50,86,9981.88
50,87,9987.56
50,88,9983.13
50,89,9984.55
50,90,9983.6
50,91,9986.45
50,92,9983.4
50,93,9984.88
50,94,9985.13
50,95,9986.02
50,96,9984.78
50,97,9982.43
50,98,9983.96
50,99,9985.11
60,0,9988.03
60,1,9986.32
60,2,9981.26
60,3,9982.33
60,4,9984.92
60,5,9981.39
60,6,9985.19
60,7,9985.72
60,8,9983.61
60,9,9986.75
60,10,9979.9
60,11,9984.22
60,12,9983.71
60,13,9985.15
60,14,9985.4
60,15,9987.44
60,16,9985.56
60,17,9984.24
60,18,9983.17
60,19,9983.32
60,20,9983
60,21,9983.93
60,22,9985.16
60,23,9980.66
60,24,9983.86
60,25,9984.56
60,26,9983.54
60,27,9984
60,28,9984.01
60,29,9986.13
60,30,9984.6
60,31,9981.36
60,32,9986.53
60,33,9983.33
60,34,9982.59
60,35,9979.86
60,36,9984.68
60,37,9982.55
60,38,9979.44
60,39,9981.56
60,40,9981.82
60,41,9983.36
60,42,9982.42
60,43,9985.72
60,44,9983.59
60,45,9985.33
60,46,9984.52
60,47,9982.02
60,48,9983.54
60,49,9982.24
60,50,9985.77
60,51,9982.7
60,52,9981.64
60,53,9981.72
60,54,9983.47
60,55,9983.04
60,56,9983.57
60,57,9984.85
60,58,9985.19
60,59,9984.82
60,60,9984.68
60,61,9982.84
60,62,9983.07
60,63,9985.58
60,64,9984.35
60,65,9985.07
60,66,9985.35
60,67,9984.28
60,68,9981.97
60,69,9981.44
60,70,9982.54
60,71,9983.29
60,72,9984.19
60,73,9980.16
60,74,9985.87
60,75,9983.86
60,76,9982.89
60,77,9984.58
60,78,9982.05
60,79,9980.87
60,80,9988.95
60,81,9985.06
60,82,9984.57
60,83,9983.64
60,84,9984.9
60,85,9982.46
60,86,9981.58
60,87,9987.26
60,88,9982.83
60,89,9984.25
60,90,9983.3
60,91,9986.15
60,92,9983.1
60,93,9984.58
60,94,9984.83
60,95,9985.72
60,96,9984.48
60,97,9982.13
60,98,9983.66
60,99,9984.81
70,0,9977.57
70,1,9975.56
70,2,9963.96
70,3,9969.18
70,4,9972.96
70,5,9966.05
70,6,9969.79
70,7,9974.86
70,8,9968.44
70,9,9975.03
70,10,9965.13
70,11,9972.39
70,12,9968.2
70,13,9971.27
70,14,9974.01
70,15,9977.67
70,16,9972.56
70,17,9970.04
70,18,9967.13
70,19,9968.02
70,20,9966.11
70,21,9970.11
70,22,9968.42
70,23,9964.27
70,24,9968.57
70,25,9970.39
70,26,9970.86
70,27,9971.1
70,28,9970
70,29,9972.18
70,30,9972
70,31,9964.76
70,32,9971.99
70,33,9969.81
70,34,9965.48
70,35,9964.02
70,36,9968.58
70,37,9968.05
70,38,9961.74
70,39,9964.2
70,40,9964.68
70,41,9968.62
70,42,9966.93
70,43,9974.15
70,44,9968.65
70,45,9973.93
70,46,9973.82
70,47,9966.22
70,48,9969.91
70,49,9965.92
70,50,9972.75
70,51,9968.79
70,52,9966.95
70,53,9964.62
70,54,9969.23
70,55,9968.73
70,56,9968.24
70,57,9971.13
70,58,9973.57
70,59,9972.65
70,60,9971.81
70,61,9968.72
70,62,9969.46
70,63,9973.18
70,64,9970.81
70,65,9970.52
70,66,9970.07
70,67,9972.88
70,68,9966.84
70,69,9965.73
70,70,9968.2
70,71,9970.68
70,72,9970.55
70,73,9962.62
70,74,9974.62
70,75,9970.75
70,76,9967.36
70,77,9970.11
70,78,9966.02
70,79,9964.74
70,80,9978.48
70,81,9972.01
70,82,9972.14
70,83,9968.72
70,84,9971.44
70,85,9966.46
70,86,9964.99
70,87,9974.42
70,88,9968.85
70,89,9969.47
70,90,9969.23
70,91,9973.7
70,92,9969.09
70,93,9970.58
70,94,9970.89
70,95,9976.28
70,96,9970.18
70,97,9967.3
70,98,9966.1
70,99,9972.12
80,0,9977.27
80,1,9975.26
80,2,9963.69
80,3,9968.88
80,4,9972.66
80,5,9965.76
80,6,9969.5
80,7,9974.56
80,8,9968.15
80,9,9974.73
80,10,9964.83
80,11,9972.09
80,12,9967.91
80,13,9970.97
80,14,9973.71
80,15,9977.37
80,16,9972.26
80,17,9969.74
80,18,9966.83
80,19,9967.73
80,20,9965.81
80,21,9969.81
80,22,9968.14
80,23,9964
80,24,9968.28
80,25,9970.09
80,26,9970.56
80,27,9970.8
80,28,9969.7
80,29,9971.88
80,30,9971.7
80,31,9964.47
80,32,9971.7
80,33,9969.51
80,34,9965.22
80,35,9963.73
80,36,9968.28
80,37,9967.75
80,38,9961.49
80,39,9963.92
80,40,9964.4
80,41,9968.33
80,42,9966.63
80,43,9973.85
80,44,9968.35
80,45,9973.63
80,46,9973.52
80,47,9965.93
80,48,9969.62
80,49,9965.62
80,50,9972.45
80,51,9968.49
80,52,9966.65
80,53,9964.34
80,54,9968.93
80,55,9968.43
80,56,9967.95
80,57,9970.83
80,58,9973.27
80,59,9972.35
80,60,9971.51
80,61,9968.42
80,62,9969.16
80,63,9972.88
80,64,9970.51
80,65,9970.22
80,66,9969.77
80,67,9972.58
80,68,9966.54
80,69,9965.44
80,70,9967.9
80,71,9970.38
80,72,9970.25
80,73,9962.35
80,74,9974.32
80,75,9970.45
80,76,9967.08
80,77,9969.81
80,78,9965.72
80,79,9964.44
80,80,9978.18
80,81,9971.71
80,82,9971.84
80,83,9968.42
80,84,9971.14
80,85,9966.17
80,86,9964.7
80,87,9974.12
80,88,9968.55
80,89,9969.17
80,90,9968.93
80,91,9973.4
80,92,9968.79
80,93,9970.28
80,94,9970.59
80,95,9975.98
80,96,9969.88
80,97,9967
80,98,9965.81
80,99,9971.82
90,0,9976.97
90,1,9974.96
90,2,9963.39
90,3,9968.58
90,4,9972.36
90,5,9965.46
90,6,9969.2
90,7,9974.26
90,8,9967.85
90,9,9974.43
90,10,9964.53
90,11,9971.79
90,12,9967.61
90,13,9970.67
90,14,9973.41
90,15,9977.07
90,16,9971.96
90,17,9969.44
90,18,9966.53
90,19,9967.43
90,20,9965.51
90,21,9969.51
90,22,9967.84
90,23,9963.7
90,24,9967.98
90,25,9969.79
90,26,9970.26
90,27,9970.5
90,28,9969.4
90,29,9971.58
90,30,9971.4
90,31,9964.17
90,32,9971.4
90,33,9969.21
90,34,9964.92
90,35,9963.43
90,36,9967.98
90,37,9967.45
90,38,9961.19
90,39,9963.62
90,40,9964.1
90,41,9968.03
90,42,9966.33
90,43,9973.55
90,44,9968.05
90,45,9973.33
90,46,9973.22
90,47,9965.63
90,48,9969.32
90,49,9965.32
90,50,9972.15
90,51,9968.19
90,52,9966.35
90,53,9964.04
90,54,9968.63
90,55,9968.13
90,56,9967.65
90,57,9970.53
90,58,9972.97
90,59,9972.05
90,60,9971.21
90,61,9968.12
90,62,9968.86
90,63,9972.58
90,64,9970.21
90,65,9969.92
90,66,9969.47
90,67,9972.28
90,68,9966.24
90,69,9965.14
90,70,9967.6
90,71,9970.08
90,72,9969.95
90,73,9962.05
90,74,9974.02
90,75,9970.15
90,76,9966.78
90,77,9969.51
90,78,9965.42
90,79,9964.14
90,80,9977.88
90,81,9971.41
90,82,9971.54
90,83,9968.12
90,84,9970.84
90,85,9965.87
90,86,9964.4
90,87,9973.82
90,88,9968.25
90,89,9968.87
90,90,9968.63
90,91,9973.1
90,92,9968.49
90,93,9969.98
90,94,9970.29
90,95,9975.68
90,96,9969.58
90,97,9966.7
90,98,9965.51
90,99,9971.52
100,0,9967.74
100,1,9965.9
100,2,9950.26
100,3,9955.62
100,4,9962.11
100,5,9951.99
100,6,9954.24
100,7,9963.22
100,8,9953.3
100,9,9963.24
100,10,9951.46
100,11,9959.71
100,12,9953.54
100,13,9958.2
100,14,9964.36
100,15,9964.31
100,16,9960.57
100,17,9957.31
100,18,9951.18
100,19,9953.16
100,20,9948.88
100,21,9958.87
100,22,9956.09
100,23,9952.16
100,24,9954.54
100,25,9958.07
100,26,9958.91
100,27,9959.53
100,28,9958.23
100,29,9960.68
100,30,9959.39
100,31,9948.69
100,32,9958.06
100,33,9959.43
100,34,9952.86
100,35,9950.23
100,36,9956.76
100,37,9955.87
100,38,9948.35
100,39,9951.8
100,40,9950.69
100,41,9956.73
100,42,9952.25
100,43,9963.22
100,44,9953.54
100,45,9962.32
100,46,9963.42
100,47,9951.78
100,48,9959.11
100,49,9948.92
100,50,9958.89
100,51,9955.71
100,52,9955.25
100,53,9951.53
100,54,9957.32
100,55,9957.16
100,56,9955.79
100,57,9959.06
100,58,9961.84
100,59,9960.75
100,60,9958.83
100,61,9953.99
100,62,9955.1
100,63,9960.28
100,64,9956.62
100,65,9956.42
100,66,9956.06
100,67,9960.88
100,68,9952.74
100,69,9954.16
100,70,9953.57
100,71,9958.4
100,72,9958.57
100,73,9946.64
100,74,9963.8
100,75,9959.8
100,76,9954.66
100,77,9956.1
100,78,9952.47
100,79,9952.89
100,80,9968.35
100,81,9959.85
100,82,9961.53
100,83,9956.49
100,84,9959.58
100,85,9950.07
100,86,9951.19
100,87,9963.27
100,88,9957.42
100,89,9954.53
100,90,9959.25
100,91,9962.43
100,92,9956.36
100,93,9959.29
100,94,9958.78
100,95,9967.24
100,96,9956.57
100,97,9954.28
100,98,9949.11
100,99,9960.42
110,0,9967.44
110,1,9965.6
110,2,9949.96
110,3,9955.32
110,4,9961.81
110,5,9951.69
110,6,9953.96
110,7,9962.92
110,8,9953.01
110,9,9962.94
110,10,9951.16
110,11,9959.41
110,12,9953.25
110,13,9957.9
110,14,9964.06
110,15,9964.01
110,16,9960.27
110,17,9957.01
110,18,9950.89
110,19,9952.87
110,20,9948.59
110,21,9958.57
110,22,9955.79
110,23,9951.86
110,24,9954.25
110,25,9957.77
110,26,9958.61
110,27,9959.23
110,28,9957.93
110,29,9960.38
110,30,9959.09
110,31,9948.42
110,32,9957.77
110,33,9959.13
110,34,9952.56
110,35,9949.93
110,36,9956.46
110,37,9955.57
110,38,9948.07
110,39,9951.5
110,40,9950.39
110,41,9956.43
110,42,9951.95
110,43,9962.92
110,44,9953.25
110,45,9962.02
110,46,9963.12
110,47,9951.48
110,48,9958.81
110,49,9948.63
110,50,9958.59
110,51,9955.41
110,52,9954.95
110,53,9951.23
110,54,9957.02
110,55,9956.86
110,56,9955.49
110,57,9958.76
110,58,9961.54
110,59,9960.45
110,60,9958.53
110,61,9953.69
110,62,9954.8
110,63,9959.98
110,64,9956.32
110,65,9956.12
110,66,9955.76
110,67,9960.58
110,68,9952.45
110,69,9953.86
110,70,9953.27
110,71,9958.1
110,72,9958.27
110,73,9946.35
110,74,9963.5
110,75,9959.5
110,76,9954.36
110,77,9955.81
110,78,9952.17
110,79,9952.59
110,80,9968.05
110,81,9959.55
110,82,9961.23
110,83,9956.19
110,84,9959.28
110,85,9949.79
110,86,9950.89
110,87,9962.97
110,88,9957.12
110,89,9954.24
110,90,9958.95
110,91,9962.13
110,92,9956.06
110,93,9958.99
110,94,9958.48
110,95,9966.94
110,96,9956.28
110,97,9953.98
110,98,9948.83
110,99,9960.12
120,0,9967.14
120,1,9965.3
120,2,9949.66
120,3,9955.02
120,4,9961.51
120,5,9951.39
120,6,9953.66
120,7,9962.62
120,8,9952.71
120,9,9962.64
120,10,9950.86
120,11,9959.11
120,12,9952.95
120,13,9957.6
120,14,9963.76
120,15,9963.71
120,16,9959.97
120,17,9956.71
120,18,9950.59
120,19,9952.57
120,20,9948.29
120,21,9958.27
120,22,9955.49
120,23,9951.56
120,24,9953.95
120,25,9957.47
120,26,9958.31
120,27,9958.93
120,28,9957.63
120,29,9960.08
120,30,9958.79
120,31,9948.12
120,32,9957.47
120,33,9958.83
120,34,9952.26
120,35,9949.63
120,36,9956.16
120,37,9955.27
120,38,9947.77
120,39,9951.2
120,40,9950.09
120,41,9956.13
120,42,9951.65
120,43,9962.62
120,44,9952.95
120,45,9961.72
120,46,9962.82
120,47,9951.18
120,48,9958.51
120,49,9948.33
120,50,9958.29
120,51,9955.11
120,52,9954.65
120,53,9950.93
120,54,9956.72
120,55,9956.56
120,56,9955.19
120,57,9958.46
120,58,9961.24
120,59,9960.15
120,60,9958.23
120,61,9953.39
120,62,9954.5
120,63,9959.68
120,64,9956.02
120,65,9955.82
120,66,9955.46
120,67,9960.28
120,68,9952.15
120,69,9953.56
120,70,9952.97
120,71,9957.8
120,72,9957.97
120,73,9946.05
120,74,9963.2
120,75,9959.2
120,76,9954.06
120,77,9955.51
120,78,9951.87
120,79,9952.29
120,80,9967.75
120,81,9959.25
120,82,9960.93
120,83,9955.89
120,84,9958.98
120,85,9949.49
120,86,9950.59
120,87,9962.67
120,88,9956.82
120,89,9953.94
120,90,9958.65
120,91,9961.83
120,92,9955.76
120,93,9958.69
120,94,9958.18
120,95,9966.64
120,96,9955.98
120,97,9953.68
120,98,9948.53
120,99,9959.82
130,0,9956.63
130,1,9952.75
130,2,9932.59
130,3,9940.36
130,4,9950.22
130,5,9936.82
130,6,9938.3
130,7,9950.46
130,8,9937.92
130,9,9950.44
130,10,9935.07
130,11,9944.95
130,12,9939.58
130,13,9940.71
130,14,9950.68
130,15,9954.54
130,16,9947.09
130,17,9940.88
130,18,9936.21
130,19,9938.22
130,20,9932.98
130,21,9944.61
130,22,9941.48
130,23,9936.58
130,24,9939.91
130,25,9942.2
130,26,9943.13
130,27,9946.14
130,28,9943.95
130,29,9944.32
130,30,9943.93
130,31,9931.94
130,32,9940.6
130,33,9942.76
130,34,9938.59
130,35,9934.2
130,36,9943.23
130,37,9940.96
130,38,9930.16
130,39,9934.47
130,40,9933.96
130,41,9939.65
130,42,9936.19
130,43,9950.28
130,44,9937.64
130,45,9948.46
130,46,9950.69
130,47,9935.43
130,48,9944.84
130,49,9934.52
130,50,9943.27
130,51,9939.68
130,52,9940.26
130,53,9934.5
130,54,9941.69
130,55,9940.51
130,56,9941.91
130,57,9941.91
130,58,9947.91
130,59,9946.84
130,60,9942.11
130,61,9937.41
130,62,9938.48
130,63,9944.15
130,64,9939.09
130,65,9939.5
130,66,9938.72
130,67,9946.52
130,68,9937.24
130,69,9938.35
130,70,9938.4
130,71,9944.19
130,72,9943.25
130,73,9929.22
130,74,9951.72
130,75,9944.81
130,76,9939.02
130,77,9938.3
130,78,9937.09
130,79,9935.37
130,80,9957.58
130,81,9947.11
130,82,9947.39
130,83,9941.94
130,84,9942.93
130,85,9933.51
130,86,9932.83
130,87,9949.63
130,88,9941.92
130,89,9936.95
130,90,9945.57
130,91,9946.76
130,92,9939.88
130,93,9942.25
130,94,9941.41
130,95,9954.84
130,96,9942.14
130,97,9938.8
130,98,9931.31
130,99,9946.74
140,0,9956.33
140,1,9952.47
140,2,9932.35
140,3,9940.1
140,4,9949.94
140,5,9936.54
140,6,9938.04
140,7,9950.18
140,8,9937.65
140,9,9950.15
140,10,9934.8
140,11,9944.67
140,12,9939.3
140,13,9940.45
140,14,9950.41
140,15,9954.24
140,16,9946.79
140,17,9940.63
140,18,9935.93
140,19,9937.95
140,20,9932.71
140,21,9944.33
140,22,9941.22
140,23,9936.33
140,24,9939.63
140,25,9941.94
140,26,9942.86
140,27,9945.85
140,28,9943.68
140,29,9944.08
140,30,9943.66
140,31,9931.68
140,32,9940.36
140,33,9942.51
140,34,9932.57
140,35,9933.94
140,36,9942.93
140,37,9940.67
140,38,9929.93
140,39,9934.21
140,40,9933.7
140,41,9939.42
140,42,9935.91
140,43,9949.99
140,44,9937.36
140,45,9948.18
140,46,9950.41
140,47,9935.16
140,48,9944.58
140,49,9934.25
140,50,9943
140,51,9939.42
140,52,9939.98
140,53,9934.24
140,54,9941.41
140,55,9940.26
140,56,9941.64
140,57,9941.64
140,58,9947.63
140,59,9946.57
140,60,9941.84
140,61,9937.14
140,62,9938.21
140,63,9943.88
140,64,9938.83
140,65,9939.23
140,66,9938.47
140,67,9946.24
140,68,9936.97
140,69,9938.08
140,70,9938.11
140,71,9943.92
140,72,9943
140,73,9928.97
140,74,9951.44
140,75,9944.56
140,76,9938.77
140,77,9938.06
140,78,9936.82
140,79,9935.1
140,80,9957.3
140,81,9946.83
140,82,9947.14
140,83,9941.65
140,84,9942.67
140,85,9933.24
140,86,9932.6
140,87,9949.35
140,88,9941.66
140,89,9936.71
140,90,9945.28
140,91,9946.5
140,92,9939.62
140,93,9941.99
140,94,9941.16
140,95,9954.55
140,96,9941.86
140,97,9938.53
140,98,9931.05
140,99,9946.47
150,0,9956.03
150,1,9952.17
150,2,9932.05
150,3,9939.8
150,4,9949.64
150,5,9936.24
150,6,9937.74
150,7,9949.88
150,8,9937.35
150,9,9949.85
150,10,9934.5
150,11,9944.37
150,12,9939
150,13,9940.15
150,14,9950.11
150,15,9953.94
150,16,9946.49
150,17,9940.33
150,18,9935.63
150,19,9937.65
150,20,9932.41
150,21,9944.03
150,22,9940.92
150,23,9936.03
150,24,9939.33
150,25,9941.64
150,26,9942.56
150,27,9945.55
150,28,9943.38
150,29,9943.78
150,30,9943.36
150,31,9931.38
150,32,9940.06
150,33,9942.21
150,34,9932.27
150,35,9933.64
150,36,9942.63
150,37,9940.37
150,38,9929.63
150,39,9933.91
150,40,9933.4
150,41,9939.12
150,42,9935.61
150,43,9949.69
150,44,9937.06
150,45,9947.88
150,46,9950.11
150,47,9934.86
150,48,9944.28
150,49,9933.95
150,50,9942.7
150,51,9939.12
150,52,9939.68
150,53,9933.94
150,54,9941.11
150,55,9939.96
150,56,9941.34
150,57,9941.34
150,58,9947.33
150,59,9946.27
150,60,9941.54
150,61,9936.84
150,62,9937.91
150,63,9943.58
150,64,9938.53
150,65,9938.93
150,66,9938.17
150,67,9945.94
150,68,9936.67
150,69,9937.78
150,70,9937.81
150,71,9943.62
150,72,9942.7
150,73,9928.67
150,74,9951.14
150,75,9944.26
150,76,9938.47
150,77,9937.76
150,78,9936.52
150,79,9934.8
150,80,9957
150,81,9946.53
150,82,9946.84
150,83,9941.35
150,84,9942.37
150,85,9932.94
150,86,9932.3
150,87,9949.05
150,88,9941.36
150,89,9936.41
150,90,9944.98
150,91,9946.2
150,92,9939.32
150,93,9941.69
150,94,9940.86
150,95,9954.25
150,96,9941.56
150,97,9938.23
150,98,9930.75
150,99,9946.17
160,0,9946.93
160,1,9942.72
160,2,9917.01
160,3,9928.31
160,4,9939.26
160,5,9924.44
160,6,9923.64
160,7,9938.64
160,8,9924.63
160,9,9939.33
160,10,9923.21
160,11,9932.49
160,12,9926.96
160,13,9925.9
160,14,9941.2
160,15,9940.69
160,16,9932.01
160,17,9926.93
160,18,9922.31
160,19,9925.3
160,20,9918.38
160,21,9933.14
160,22,9928.22
160,23,9922.34
160,24,9927.04
160,25,9930.19
160,26,9932.03
160,27,9933.57
160,28,9932.49
160,29,9931.89
160,30,9930.78
160,31,9918.2
160,32,9925.29
160,33,9931.32
160,34,9916.74
160,35,9920.55
160,36,9934.02
160,37,9926.43
160,38,9917.79
160,39,9920.23
160,40,9920.75
160,41,9927.28
160,42,9921.62
160,43,9939.24
160,44,9924.44
160,45,9936.04
160,46,9939.12
160,47,9922.11
160,48,9932.77
160,49,9921.67
160,50,9930.54
160,51,9925.49
160,52,9927.06
160,53,9920.23
160,54,9927.65
160,55,9927.85
160,56,9927.89
160,57,9929.93
160,58,9931.56
160,59,9936.28
160,60,9929.39
160,61,9923.54
160,62,9925.19
160,63,9933.19
160,64,9924.74
160,65,9925.91
160,66,9923.63
160,67,9933.58
160,68,9921.65
160,69,9925.59
160,70,9924.64
160,71,9930.92
160,72,9928.96
160,73,9914.02
160,74,9941.87
160,75,9933.54
160,76,9925.9
160,77,9923.22
160,78,9921.3
160,79,9923.16
160,80,9946.56
160,81,9935.55
160,82,9936.47
160,83,9929.4
160,84,9931.12
160,85,9919.7
160,86,9918.73
160,87,9939.03
160,88,9928.32
160,89,9924.88
160,90,9933.01
160,91,9934.02
160,92,9928.23
160,93,9929.51
160,94,9928.45
160,95,9945.26
160,96,9929.82
160,97,9925.98
160,98,9916.62
160,99,9935.08
170,0,9946.63
170,1,9942.42
170,2,9916.76
170,3,9928.02
170,4,9938.96
170,5,9924.14
170,6,9923.38
170,7,9938.34
170,8,9924.35
170,9,9939.04
170,10,9922.91
170,11,9932.2
170,12,9926.67
170,13,9925.63
170,14,9940.9
170,15,9940.39
170,16,9931.71
170,17,9926.66
170,18,9922.02
170,19,9925.01
170,20,9918.09
170,21,9932.84
170,22,9927.95
170,23,9922.08
170,24,9926.75
170,25,9929.89
170,26,9931.73
170,27,9933.29
170,28,9932.19
170,29,9931.61
170,30,9930.49
170,31,9917.92
170,32,9925.04
170,33,9931.04
170,34,9916.5
170,35,9920.27
170,36,9933.72
170,37,9926.15
170,38,9917.52
170,39,9919.95
170,40,9920.47
170,41,9927.01
170,42,9921.34
170,43,9938.94
170,44,9924.15
170,45,9935.74
170,46,9938.82
170,47,9921.82
170,48,9932.49
170,49,9921.38
170,50,9930.25
170,51,9925.21
170,52,9926.78
170,53,9919.94
170,54,9927.36
170,55,9927.56
170,56,9927.63
170,57,9929.63
170,58,9931.26
170,59,9935.98
170,60,9929.09
170,61,9923.26
170,62,9924.91
170,63,9932.89
170,64,9924.47
170,65,9925.61
170,66,9923.36
170,67,9933.28
170,68,9921.39
170,69,9925.31
170,70,9924.35
170,71,9930.63
170,72,9928.69
170,73,9913.76
170,74,9941.57
170,75,9933.26
170,76,9925.64
170,77,9922.96
170,78,9921.04
170,79,9922.86
170,80,9946.26
170,81,9935.27
170,82,9936.18
170,83,9929.11
170,84,9930.83
170,85,9919.42
170,86,9918.45
170,87,9938.73
170,88,9928.04
170,89,9924.59
170,90,9932.71
170,91,9933.74
170,92,9927.93
170,93,9929.22
170,94,9928.17
170,95,9944.96
170,96,9929.53
170,97,9925.69
170,98,9916.34
170,99,9934.78
180,0,9946.33
180,1,9942.12
180,2,9916.46
180,3,9927.72
180,4,9938.66
180,5,9923.84
180,6,9923.08
180,7,9938.04
180,8,9924.05
180,9,9938.74
180,10,9922.61
180,11,9931.9
180,12,9926.37
180,13,9925.33
180,14,9940.6
180,15,9940.09
180,16,9931.41
180,17,9926.36
180,18,9921.72
180,19,9924.71
180,20,9917.79
180,21,9932.54
180,22,9927.65
180,23,9921.78
180,24,9926.45
180,25,9929.59
180,26,9931.43
180,27,9932.99
180,28,9931.89
180,29,9931.31
180,30,9930.19
180,31,9917.62
180,32,9924.74
180,33,9930.74
180,34,9916.2
180,35,9919.97
180,36,9933.42
180,37,9925.85
180,38,9917.22
180,39,9919.65
180,40,9920.17
180,41,9926.71
180,42,9921.04
180,43,9938.64
180,44,9923.85
180,45,9935.44
180,46,9938.52
180,47,9921.52
180,48,9932.19
180,49,9921.08
180,50,9929.95
180,51,9924.91
180,52,9926.48
180,53,9919.64
180,54,9927.06
180,55,9927.26
180,56,9927.33
180,57,9929.33
180,58,9930.96
180,59,9935.68
180,60,9928.79
180,61,9922.96
180,62,9924.61
180,63,9932.59
180,64,9924.17
180,65,9925.31
180,66,9923.06
180,67,9932.98
180,68,9921.09
180,69,9925.01
180,70,9924.05
180,71,9930.33
180,72,9928.39
180,73,9913.46
180,74,9941.27
180,75,9932.96
180,76,9925.34
180,77,9922.66
180,78,9920.74
180,79,9922.56
180,80,9945.96
180,81,9934.97
180,82,9935.88
180,83,9928.81
180,84,9930.53
180,85,9919.12
180,86,9918.15
180,87,9938.43
180,88,9927.74
180,89,9924.29
180,90,9932.41
180,91,9933.44
180,92,9927.63
180,93,9928.92
180,94,9927.87
180,95,9944.66
180,96,9929.23
180,97,9925.39
180,98,9916.04
180,99,9934.48
190,0,9936.89
190,1,9931.36
190,2,9902.26
190,3,9914
190,4,9926.09
190,5,9909.46
190,6,9908.9
190,7,9927.2
190,8,9907.31
190,9,9926.37
190,10,9908.89
190,11,9919.66
190,12,9911.95
190,13,9913.26
190,14,9930.41
190,15,9928.28
190,16,9918.55
190,17,9914.65
190,18,9905.03
190,19,9908.07
190,20,9900.33
190,21,9919.45
190,22,9911.57
190,23,9910.03
190,24,9911.79
190,25,9916.5
190,26,9917.97
190,27,9920.81
190,28,9920.93
190,29,9916.33
190,30,9916.67
190,31,9904.69
190,32,9911.49
190,33,9916.72
190,34,9904.71
190,35,9906.91
190,36,9921.5
190,37,9911.01
190,38,9905.2
190,39,9906.02
190,40,9906.54
190,41,9915.36
190,42,9904.66
190,43,9927.76
190,44,9907.72
190,45,9923.35
190,46,9926.73
190,47,9904.63
190,48,9921.3
190,49,9903.8
190,50,9917.6
190,51,9913.09
190,52,9911.64
190,53,9906.02
190,54,9912.34
190,55,9911.95
190,56,9914.67
190,57,9915.62
190,58,9921.05
190,59,9925.13
190,60,9917.69
190,61,9908.92
190,62,9910.26
190,63,9919.64
190,64,9910.08
190,65,9912.17
190,66,9910.52
190,67,9919.1
190,68,9907.92
190,69,9913.13
190,70,9910.28
190,71,9918.14
190,72,9916.52
190,73,9898.62
190,74,9929.44
190,75,9922.28
190,76,9914.7
190,77,9909.66
190,78,9904.38
190,79,9910.97
190,80,9934.93
190,81,9924.1
190,82,9922.37
190,83,9913.57
190,84,9919.43
190,85,9902.21
190,86,9905.83
190,87,9925.95
190,88,9914.18
190,89,9910.79
190,90,9918.62
190,91,9921.31
190,92,9913.8
190,93,9915.62
190,94,9912.33
190,95,9934.68
190,96,9913.68
190,97,9911.1
190,98,9902.02
190,99,9922.22
200,0,9936.59
200,1,9931.07
200,2,9902.01
200,3,9913.75
200,4,9925.81
200,5,9909.21
200,6,9908.65
200,7,9926.92
200,8,9907.08
200,9,9926.11
200,10,9908.62
200,11,9919.38
200,12,9911.7
200,13,9912.99
200,14,9930.12
200,15,9927.98
200,16,9918.25
200,17,9914.38
200,18,9904.79
200,19,9907.84
200,20,9900.09
200,21,9919.19
200,22,9911.35
200,23,9909.77
200,24,9911.54
200,25,9916.23
200,26,9917.7
200,27,9920.54
200,28,9920.64
200,29,9916.1
200,30,9916.42
200,31,9904.42
200,32,9911.23
200,33,9916.48
200,34,9898.73
200,35,9906.65
200,36,9921.2
200,37,9910.75
200,38,9898.69
200,39,9905.76
200,40,9906.28
200,41,9915.1
200,42,9904.42
200,43,9927.48
200,44,9907.48
200,45,9923.07
200,46,9926.45
200,47,9904.4
200,48,9921.03
200,49,9903.56
200,50,9917.31
200,51,9912.82
200,52,9911.4
200,53,9905.75
200,54,9912.08
200,55,9911.72
200,56,9914.41
200,57,9915.36
200,58,9920.76
200,59,9924.84
200,60,9917.4
200,61,9908.67
200,62,9910
200,63,9919.37
200,64,9909.83
200,65,9911.88
200,66,9910.26
200,67,9918.81
200,68,9907.66
200,69,9912.86
200,70,9910.02
200,71,9917.86
200,72,9916.25
200,73,9898.37
200,74,9929.17
200,75,9922.01
200,76,9909.25
200,77,9909.4
200,78,9904.14
200,79,9910.68
200,80,9934.66
200,81,9923.83
200,82,9922.13
200,83,9913.33
200,84,9919.15
200,85,9901.98
200,86,9905.57
200,87,9925.68
200,88,9913.93
200,89,9910.53
200,90,9918.34
200,91,9921.05
200,92,9913.54
200,93,9915.36
200,94,9912.1
200,95,9934.41
200,96,9913.44
200,97,9910.85
200,98,9901.76
200,99,9921.95
210,0,9936.29
210,1,9930.77
210,2,9901.71
210,3,9913.45
210,4,9925.51
210,5,9908.91
210,6,9908.35
210,7,9926.62
210,8,9906.78
210,9,9925.81
210,10,9908.32
210,11,9919.08
210,12,9911.4
210,13,9912.69
210,14,9929.82
210,15,9927.68
210,16,9917.95
210,17,9914.08
210,18,9904.49
210,19,9907.54
210,20,9899.79
210,21,9918.89
210,22,9911.05
210,23,9909.47
210,24,9911.24
210,25,9915.93
210,26,9917.4
210,27,9920.24
210,28,9920.34
210,29,9915.8
210,30,9916.12
210,31,9904.12
210,32,9910.93
210,33,9916.18
210,34,9898.43
210,35,9906.35
210,36,9920.9
210,37,9910.45
210,38,9898.39
210,39,9905.46
210,40,9905.98
210,41,9914.8
210,42,9904.12
210,43,9927.18
210,44,9907.18
210,45,9922.77
210,46,9926.15
210,47,9904.1
210,48,9920.73
210,49,9903.26
210,50,9917.01
210,51,9912.52
210,52,9911.1
210,53,9905.45
210,54,9911.78
210,55,9911.42
210,56,9914.11
210,57,9915.06
210,58,9920.46
210,59,9924.54
210,60,9917.1
210,61,9908.37
210,62,9909.7
210,63,9919.07
210,64,9909.53
210,65,9911.58
210,66,9909.96
210,67,9918.51
210,68,9907.36
210,69,9912.56
210,70,9909.72
210,71,9917.56
210,72,9915.95
210,73,9898.07
210,74,9928.87
210,75,9921.71
210,76,9908.95
210,77,9909.1
210,78,9903.84
210,79,9910.38
210,80,9934.36
210,81,9923.53
210,82,9921.83
210,83,9913.03
210,84,9918.85
210,85,9901.68
210,86,9905.27
210,87,9925.38
210,88,9913.63
210,89,9910.23
210,90,9918.04
210,91,9920.75
210,92,9913.24
210,93,9915.06
210,94,9911.8
210,95,9934.11
210,96,9913.14
210,97,9910.55
210,98,9901.46
210,99,9921.65
220,0,9926.5
220,1,9921.86
220,2,9887.01
220,3,9901.27
220,4,9914.59
220,5,9896.33
220,6,9896.78
220,7,9915.73
220,8,9894.33
220,9,9914.95
220,10,9896.59
220,11,9909.05
220,12,9900.53
220,13,9900.52
220,14,9918.23
220,15,9915.2
220,16,9903.61
220,17,9903.79
220,18,9890.98
220,19,9895.27
220,20,9885.88
220,21,9908.39
220,22,9897.94
220,23,9896.99
220,24,9897.53
220,25,9905.31
220,26,9904.34
220,27,9908.52
220,28,9908.08
220,29,9903.99
220,30,9905.47
220,31,9892.36
220,32,9899.76
220,33,9904.82
220,34,9885.19
220,35,9894.74
220,36,9907.32
220,37,9898.91
220,38,9884.97
220,39,9893.9
220,40,9893.93
220,41,9902.87
220,42,9890.26
220,43,9915.18
220,44,9895.37
220,45,9912.82
220,46,9915.43
220,47,9890.62
220,48,9908.5
220,49,9889.52
220,50,9905.7
220,51,9900.16
220,52,9897.28
220,53,9891.3
220,54,9898.67
220,55,9898.44
220,56,9900.74
220,57,9903.65
220,58,9906.45
220,59,9913.71
220,60,9906.24
220,61,9896.46
220,62,9898.81
220,63,9906.87
220,64,9897.89
220,65,9900.63
220,66,9898.84
220,67,9907.66
220,68,9896.09
220,69,9898.17
220,70,9898.54
220,71,9905.78
220,72,9904.91
220,73,9884.53
220,74,9917.98
220,75,9909.3
220,76,9896.38
220,77,9898.02
220,78,9890.38
220,79,9899.46
220,80,9924.5
220,81,9912.58
220,82,9910.46
220,83,9899.46
220,84,9907.67
220,85,9889.33
220,86,9892.19
220,87,9914.52
220,88,9902.54
220,89,9897.63
220,90,9905.19
220,91,9909.96
220,92,9902.51
220,93,9902.25
220,94,9899.07
220,95,9923.68
220,96,9899.91
220,97,9899.6
220,98,9886.71
220,99,9911.75
230,0,9926.22
230,1,9919.78
230,2,9886.78
230,3,9898.01
230,4,9914.33
230,5,9892.09
230,6,9892.59
230,7,9913.17
230,8,9890.25
230,9,9912.1
230,10,9893.82
230,11,9906.48
230,12,9896.37
230,13,9897.36
230,14,9917.98
230,15,9914.93
230,16,9903.32
230,17,9900.66
230,18,9886.89
230,19,9891.22
230,20,9881.7
230,21,9905.23
230,22,9893.06
230,23,9896.75
230,24,9897.28
230,25,9902.33
230,26,9901.35
230,27,9908.26
230,28,9905.84
230,29,9900.38
230,30,9902.06
230,31,9887.71
230,32,9895.94
230,33,9904.57
230,34,9884.96
230,35,9890.11
230,36,9907.05
230,37,9895.48
230,38,9884.75
230,39,9888.98
230,40,9889.05
230,41,9902.63
230,42,9890.01
230,43,9914.93
230,44,9891.24
230,45,9910.18
230,46,9915.17
230,47,9890.38
230,48,9908.27
230,49,9885.37
230,50,9903.19
230,51,9897.12
230,52,9897.03
230,53,9891.06
230,54,9895.27
230,55,9898.19
230,56,9900.5
230,57,9900.49
230,58,9904.24
230,59,9911.56
230,60,9903.92
230,61,9893.09
230,62,9895.45
230,63,9903.97
230,64,9894.31
230,65,9898.3
230,66,9895.25
230,67,9905.4
230,68,9892.51
230,69,9897.94
230,70,9895.35
230,71,9903.2
230,72,9901.72
230,73,9879.14
230,74,9917.73
230,75,9909.06
230,76,9896.15
230,77,9894.25
230,78,9886.16
230,79,9897.23
230,80,9924.24
230,81,9912.32
230,82,9910.21
230,83,9899.21
230,84,9904.58
230,85,9884.97
230,86,9887.71
230,87,9911.83
230,88,9898.92
230,89,9897.38
230,90,9904.93
230,91,9906.69
230,92,9899.3
230,93,9902
230,94,9895.18
230,95,9923.43
230,96,9899.66
230,97,9896.08
230,98,9886.47
230,99,9909.16
240,0,9925.92
240,1,9919.48
240,2,9886.48
240,3,9897.71
240,4,9914.03
240,5,9891.79
240,6,9892.29
240,7,9912.87
240,8,9889.95
240,9,9911.8
240,10,9893.52
240,11,9906.18
240,12,9896.07
240,13,9897.06
240,14,9917.68
240,15,9914.63
240,16,9903.02
240,17,9900.36
240,18,9886.59
240,19,9890.92
240,20,9881.4
240,21,9904.93
240,22,9892.76
240,23,9896.45
240,24,9896.98
240,25,9902.03
240,26,9901.05
240,27,9907.96
240,28,9905.54
240,29,9900.08
240,30,9901.76
240,31,9887.41
240,32,9895.64
240,33,9904.27
240,34,9884.66
240,35,9889.81
240,36,9906.75
240,37,9895.18
240,38,9884.45
240,39,9888.68
240,40,9888.75
240,41,9902.33
240,42,9889.71
240,43,9914.63
240,44,9890.94
240,45,9909.88
240,46,9914.87
240,47,9890.08
240,48,9907.97
240,49,9885.07
240,50,9902.89
240,51,9896.82
240,52,9896.73
240,53,9890.76
240,54,9894.97
240,55,9897.89
240,56,9900.2
240,57,9900.19
240,58,9903.94
240,59,9911.26
240,60,9903.62
240,61,9892.79
240,62,9895.15
240,63,9903.67
240,64,9894.01
240,65,9898
240,66,9894.95
240,67,9905.1
240,68,9892.21
240,69,9897.64
240,70,9895.05
240,71,9902.9
240,72,9901.42
240,73,9878.84
240,74,9917.43
240,75,9908.76
240,76,9895.85
240,77,9893.95
240,78,9885.86
240,79,9896.93
240,80,9923.94
240,81,9912.02
240,82,9909.91
240,83,9898.91
240,84,9904.28
240,85,9884.67
240,86,9887.41
240,87,9911.53
240,88,9898.62
240,89,9897.08
240,90,9904.63
240,91,9906.39
240,92,9899
240,93,9901.7
240,94,9894.88
240,95,9923.13
240,96,9899.36
240,97,9895.78
240,98,9886.17
240,99,9908.86
250,0,9917.17
250,1,9910.05
250,2,9873.94
250,3,9886.02
250,4,9905.94
250,5,9879.86
250,6,9882.81
250,7,9903.19
250,8,9878.79
250,9,9901.67
250,10,9882.43
250,11,9895.73
250,12,9884.29
250,13,9885.57
250,14,9909.53
250,15,9905.71
250,16,9894.49
250,17,9888.2
250,18,9873.45
250,19,9877.78
250,20,9867.01
250,21,9895.85
250,22,9883.56
250,23,9887.81
250,24,9884.11
250,25,9891.88
250,26,9888.86
250,27,9898.77
250,28,9896.19
250,29,9889.28
250,30,9889.95
250,31,9873.45
250,32,9884.86
250,33,9894.56
250,34,9875.4
250,35,9879.24
250,36,9893.28
250,37,9883.25
250,38,9873.11
250,39,9877.46
250,40,9878.15
250,41,9892.86
250,42,9877.78
250,43,9905.83
250,44,9877.37
250,45,9899.21
250,46,9907.05
250,47,9878.65
250,48,9898.09
250,49,9870.9
250,50,9893.93
250,51,9884.28
250,52,9883.6
250,53,9876.1
250,54,9882.9
250,55,9887.28
250,56,9890.92
250,57,9888.29
250,58,9891.88
250,59,9902.94
250,60,9889.91
250,61,9882.78
250,62,9883.74
250,63,9892.11
250,64,9881.22
250,65,9888.18
250,66,9883.73
250,67,9894.68
250,68,9879.95
250,69,9882.99
250,70,9885.23
250,71,9893.05
250,72,9891.07
250,73,9865.07
250,74,9909.71
250,75,9899.5
250,76,9886.06
250,77,9883.1
250,78,9871.76
250,79,9888.5
250,80,9915.17
250,81,9901.82
250,82,9900.43
250,83,9885.88
250,84,9893.3
250,85,9870.56
250,86,9876.47
250,87,9901.73
250,88,9885.17
250,89,9883.7
250,90,9894.33
250,91,9895.5
250,92,9888.69
250,93,9890.02
250,94,9885.34
250,95,9915.87
250,96,9886.09
250,97,9886.21
250,98,9875.44
250,99,9899.32
260,0,9914.22
260,1,9906.44
260,2,9869.24
260,3,9882.12
260,4,9903.09
260,5,9873.77
260,6,9878.45
260,7,9898.19
260,8,9875.16
260,9,9896.11
260,10,9879.1
260,11,9891.53
260,12,9879.42
260,13,9881.2
260,14,9907.5
260,15,9902.29
260,16,9891.4
260,17,9884.42
260,18,9868.75
260,19,9873.06
260,20,9862.57
260,21,9892.21
260,22,9874.5
260,23,9878.25
260,24,9878.93
260,25,9887.53
260,26,9886.32
260,27,9894.86
260,28,9891.83
260,29,9886.41
260,30,9884.29
260,31,9867.1
260,32,9880.61
260,33,9892.73
260,34,9864.89
260,35,9872.63
260,36,9889.57
260,37,9879.35
260,38,9867.51
260,39,9867.8
260,40,9872.34
260,41,9889.09
260,42,9871.56
260,43,9901.93
260,44,9871.66
260,45,9893.75
260,46,9903.92
260,47,9872.31
260,48,9895.78
260,49,9866.23
260,50,9890.5
260,51,9879.25
260,52,9880.95
260,53,9869.64
260,54,9878.61
260,55,9885.56
260,56,9887.25
260,57,9882.65
260,58,9887.16
260,59,9899.45
260,60,9885.78
260,61,9877.43
260,62,9878.75
260,63,9889.65
260,64,9875.68
260,65,9884
260,66,9879.48
260,67,9889.85
260,68,9875.35
260,69,9876.46
260,70,9880.01
260,71,9888.79
260,72,9886.69
260,73,9857.6
260,74,9907.05
260,75,9896.63
260,76,9881.98
260,77,9879.17
260,78,9867.44
260,79,9883.88
260,80,9912.34
260,81,9900.27
260,82,9898.07
260,83,9882.61
260,84,9891.74
260,85,9864.86
260,86,9873.05
260,87,9899.35
260,88,9880.12
260,89,9878.86
260,90,9890.36
260,91,9889.8
260,92,9884.27
260,93,9887.55
260,94,9882.13
260,95,9913.45
260,96,9880.54
260,97,9881.52
260,98,9864.47
260,99,9895.18
270,0,9913.92
270,1,9906.14
270,2,9868.94
270,3,9881.82
270,4,9902.79
270,5,9873.47
270,6,9878.15
270,7,9897.89
270,8,9874.86
270,9,9895.81
270,10,9878.8
270,11,9891.23
270,12,9879.12
270,13,9880.9
270,14,9907.2
270,15,9901.99
270,16,9891.1
270,17,9884.12
270,18,9868.45
270,19,9872.76
270,20,9862.27
270,21,9891.91
270,22,9874.2
270,23,9877.95
270,24,9878.63
270,25,9887.23
270,26,9886.02
270,27,9894.56
270,28,9891.53
270,29,9886.11
270,30,9883.99
270,31,9866.8
270,32,9880.31
270,33,9892.43
270,34,9864.59
270,35,9872.33
270,36,9889.27
270,37,9879.05
270,38,9867.21
270,39,9867.5
270,40,9872.04
270,41,9888.79
270,42,9871.26
270,43,9901.63
270,44,9871.36
270,45,9893.45
270,46,9903.62
270,47,9872.01
270,48,9895.48
270,49,9865.93
270,50,9890.2
270,51,9878.95
270,52,9880.65
270,53,9869.34
270,54,9878.31
270,55,9885.26
270,56,9886.95
270,57,9882.35
270,58,9886.86
270,59,9899.15
270,60,9885.48
270,61,9877.13
270,62,9878.45
270,63,9889.35
270,64,9875.38
270,65,9883.7
270,66,9879.18
270,67,9889.55
270,68,9875.05
270,69,9876.16
270,70,9879.71
270,71,9888.49
270,72,9886.39
270,73,9857.3
270,74,9906.75
270,75,9896.33
270,76,9881.68
270,77,9878.87
270,78,9867.14
270,79,9883.58
270,80,9912.04
270,81,9899.97
270,82,9897.77
270,83,9882.31
270,84,9891.44
270,85,9864.56
270,86,9872.75
270,87,9899.05
270,88,9879.82
270,89,9878.56
270,90,9890.06
270,91,9889.5
270,92,9883.97
270,93,9887.25
270,94,9881.83
270,95,9913.15
270,96,9880.24
270,97,9881.22
270,98,9864.17
270,99,9894.88
280,0,9905.1
280,1,9896.6
280,2,9855.96
280,3,9871.01
280,4,9894.45
280,5,9861.36
280,6,9866.72
280,7,9888.6
280,8,9863.23
280,9,9886.61
280,10,9868.6
280,11,9881.5
280,12,9867.56
280,13,9870.91
280,14,9898.98
280,15,9890.13
280,16,9876.53
280,17,9873.99
280,18,9856.07
280,19,9862.01
280,20,9848.62
280,21,9882.76
280,22,9863.48
280,23,9868.87
280,24,9866.9
280,25,9877.67
280,26,9875.21
280,27,9885.45
280,28,9881.84
280,29,9876.18
280,30,9872.71
280,31,9854.06
280,32,9871.61
280,33,9883.3
280,34,9853.5
280,35,9862.4
280,36,9877.66
280,37,9867.73
280,38,9857.34
280,39,9855.35
280,40,9860
280,41,9878.5
280,42,9860.15
280,43,9891.63
280,44,9859.26
280,45,9884.28
280,46,9895.5
280,47,9861.03
280,48,9885.64
280,49,9852.29
280,50,9880.08
280,51,9869.54
280,52,9869.43
280,53,9858.52
280,54,9866.72
280,55,9874.51
280,56,9875.78
280,57,9872.37
280,58,9875.85
280,59,9889.37
280,60,9873.41
280,61,9865.73
280,62,9867.86
280,63,9879.47
280,64,9863.95
280,65,9871.53
280,66,9869
280,67,9880.4
280,68,9864.82
280,69,9865.63
280,70,9869.01
280,71,9879.26
280,72,9876.45
280,73,9843.29
280,74,9898.15
280,75,9886.47
280,76,9870.74
280,77,9867.76
280,78,9854.78
280,79,9872.73
280,80,9903.9
280,81,9889.7
280,82,9889.27
280,83,9870.67
280,84,9880.44
280,85,9852.14
280,86,9860.91
280,87,9888.57
280,88,9867.25
280,89,9867.51
280,90,9879.57
280,91,9879.01
280,92,9873.72
280,93,9876.23
280,94,9872.08
280,95,9904.47
280,96,9868.53
280,97,9870.72
280,98,9853.23
280,99,9885.72
290,0,9904.19
290,1,9894.56
290,2,9854.07
290,3,9867.75
290,4,9892.75
290,5,9857.1
290,6,9862.61
290,7,9885.92
290,8,9859.15
290,9,9883.74
290,10,9865.91
290,11,9878.92
290,12,9863.46
290,13,9867.78
290,14,9897.22
290,15,9889.13
290,16,9876.23
290,17,9870.87
290,18,9851.59
290,19,9858.02
290,20,9844.48
290,21,9879.79
290,22,9861.19
290,23,9864.24
290,24,9862.88
290,25,9872.61
290,26,9872.22
290,27,9883.05
290,28,9879.61
290,29,9872.61
290,30,9869.21
290,31,9849.44
290,32,9868.31
290,33,9880.07
290,34,9851.44
290,35,9858.76
290,36,9876.43
290,37,9864.35
290,38,9853.76
290,39,9849.49
290,40,9853.95
290,41,9874.39
290,42,9856.21
290,43,9889.8
290,44,9854.6
290,45,9881.53
290,46,9893.69
290,47,9856.93
290,48,9881.93
290,49,9848.21
290,50,9877.68
290,51,9864.51
290,52,9865.53
290,53,9854.92
290,54,9863.16
290,55,9870.79
290,56,9871.11
290,57,9869.28
290,58,9873.69
290,59,9887.34
290,60,9871.16
290,61,9862.33
290,62,9864.48
290,63,9876.31
290,64,9860.28
290,65,9869.22
290,66,9865.46
290,67,9878.07
290,68,9861.33
290,69,9862
290,70,9865.94
290,71,9875.11
290,72,9873.27
290,73,9837.88
290,74,9896.51
290,75,9882.74
290,76,9865.99
290,77,9864.07
290,78,9849.27
290,79,9870.52
290,80,9902.23
290,81,9889.47
290,82,9886.54
290,83,9866.83
290,84,9877.47
290,85,9847.81
290,86,9858.71
290,87,9886.02
290,88,9863.55
290,89,9863.78
290,90,9877.98
290,91,9875.7
290,92,9870.59
290,93,9872.74
290,94,9868.2
290,95,9902.7
290,96,9864.35
290,97,9867.27
290,98,9849.39
290,99,9883.15
300,0,9903.89
300,1,9894.26
300,2,9853.77
300,3,9867.45
300,4,9892.45
300,5,9856.8
300,6,9862.31
300,7,9885.62
300,8,9858.85
300,9,9883.44
300,10,9865.61
300,11,9878.62
300,12,9863.16
300,13,9867.48
300,14,9896.92
300,15,9888.83
300,16,9875.93
300,17,9870.57
300,18,9851.29
300,19,9857.72
300,20,9844.18
300,21,9879.49
300,22,9860.89
300,23,9863.94
300,24,9862.58
300,25,9872.31
300,26,9871.92
300,27,9882.75
300,28,9879.31
300,29,9872.31
300,30,9868.91
300,31,9849.14
300,32,9868.01
300,33,9879.77
300,34,9851.14
300,35,9858.46
300,36,9876.13
300,37,9864.05
300,38,9853.46
300,39,9849.19
300,40,9853.65
300,41,9874.09
300,42,9855.91
300,43,9889.5
300,44,9854.3
300,45,9881.23
300,46,9893.39
300,47,9856.63
300,48,9881.63
300,49,9847.91
300,50,9877.38
300,51,9864.21
300,52,9865.23
300,53,9854.62
300,54,9862.86
300,55,9870.49
300,56,9870.81
300,57,9868.98
300,58,9873.39
300,59,9887.04
300,60,9870.86
300,61,9862.03
300,62,9864.18
300,63,9876.01
300,64,9859.98
300,65,9868.92
300,66,9865.16
300,67,9877.77
300,68,9861.03
300,69,9861.7
300,70,9865.64
300,71,9874.81
300,72,9872.97
300,73,9837.58
300,74,9896.21
300,75,9882.44
300,76,9865.69
300,77,9863.77
300,78,9848.97
300,79,9870.22
300,80,9901.93
300,81,9889.17
300,82,9886.24
300,83,9866.53
300,84,9877.17
300,85,9847.51
300,86,9858.41
300,87,9885.72
300,88,9863.25
300,89,9863.48
300,90,9877.68
300,91,9875.4
300,92,9870.29
300,93,9872.44
300,94,9867.9
300,95,9902.4
300,96,9864.05
300,97,9866.97
300,98,9849.09
300,99,9882.85
310,0,9894.98
310,1,9886.19
310,2,9843.35
310,3,9858.55
310,4,9885.61
310,5,9844.77
310,6,9854.5
310,7,9876.38
310,8,9850.54
310,9,9873.15
310,10,9855.12
310,11,9869.49
310,12,9854.62
310,13,9858.94
310,14,9888.59
310,15,9878.12
310,16,9865.32
310,17,9862.5
310,18,9842.51
310,19,9848.36
310,20,9834.71
310,21,9870.37
310,22,9852.33
310,23,9855.7
310,24,9853.98
310,25,9863.85
310,26,9862.21
310,27,9873.3
310,28,9868.5
310,29,9864.74
310,30,9858.15
310,31,9840.51
310,32,9861.06
310,33,9870.46
310,34,9842.34
310,35,9848.92
310,36,9866.43
310,37,9856.45
310,38,9844.02
310,39,9838.18
310,40,9845.4
310,41,9864
310,42,9843.7
310,43,9879.87
310,44,9846.07
310,45,9870.79
310,46,9884.42
310,47,9846.03
310,48,9871.86
310,49,9838.28
310,50,9868
310,51,9855.37
310,52,9855.25
310,53,9845.73
310,54,9853.08
310,55,9861.01
310,56,9862.66
310,57,9858.88
310,58,9861.85
310,59,9879.23
310,60,9861.64
310,61,9851.08
310,62,9854.04
310,63,9867.01
310,64,9849.87
310,65,9860.34
310,66,9857.68
310,67,9866.52
310,68,9851.72
310,69,9852.32
310,70,9854.92
310,71,9865.04
310,72,9865.14
310,73,9823.8
310,74,9887.83
310,75,9874.67
310,76,9855.59
310,77,9856.52
310,78,9839.39
310,79,9859.38
310,80,9895.15
310,81,9878.8
310,82,9876.57
310,83,9857.02
310,84,9866.51
310,85,9839.13
310,86,9849.45
310,87,9878.49
310,88,9853.47
310,89,9855.57
310,90,9866.67
310,91,9863.92
310,92,9861.7
310,93,9862.25
310,94,9859.6
310,95,9894.06
310,96,9855.76
310,97,9857.24
310,98,9839.87
310,99,9873.56
320,0,9890.71
320,1,9878.8
320,2,9833.81
320,3,9848.59
320,4,9878.79
320,5,9834.64
320,6,9846.08
320,7,9869.01
320,8,9841.44
320,9,9865.02
320,10,9848.57
320,11,9862.72
320,12,9842.37
320,13,9850.25
320,14,9884.41
320,15,9872.87
320,16,9861.14
320,17,9852.87
320,18,9833.68
320,19,9837.56
320,20,9825.4
320,21,9862.41
320,22,9842.36
320,23,9846.29
320,24,9841.12
320,25,9855.47
320,26,9856.35
320,27,9866.79
320,28,9860
320,29,9856.83
320,30,9848.59
320,31,9831.31
320,32,9850.17
320,33,9866.82
320,34,9831.96
320,35,9837.55
320,36,9861.77
320,37,9844.92
320,38,9834.01
320,39,9831.7
320,40,9835.06
320,41,9857.4
320,42,9833.76
320,43,9874.52
320,44,9832.14
320,45,9862.77
320,46,9879.61
320,47,9836
320,48,9868.82
320,49,9830.08
320,50,9861.33
320,51,9844.29
320,52,9849.23
320,53,9832.72
320,54,9843.87
320,55,9855.96
320,56,9853.27
320,57,9850.62
320,58,9855.4
320,59,9872.26
320,60,9855.56
320,61,9841.72
320,62,9843.43
320,63,9861.09
320,64,9839.03
320,65,9851.64
320,66,9847.79
320,67,9859.54
320,68,9842.2
320,69,9839.9
320,70,9846.97
320,71,9858.61
320,72,9855.67
320,73,9818.37
320,74,9882.59
320,75,9867.12
320,76,9848.36
320,77,9847.62
320,78,9830.21
320,79,9852.98
320,80,9888.56
320,81,9876.18
320,82,9871.79
320,83,9849.75
320,84,9863.56
320,85,9825.05
320,86,9840.16
320,87,9871.83
320,88,9841.73
320,89,9844.18
320,90,9861.37
320,91,9858.23
320,92,9851.45
320,93,9858.75
320,94,9850.8
320,95,9888.94
320,96,9845.81
320,97,9848.02
320,98,9826.42
320,99,9865.81
330,0,9890.41
330,1,9878.5
330,2,9833.51
330,3,9848.29
330,4,9878.49
330,5,9834.34
330,6,9845.78
330,7,9868.71
330,8,9841.14
330,9,9864.72
330,10,9848.27
330,11,9862.42
330,12,9842.07
330,13,9849.95
330,14,9884.11
330,15,9872.57
330,16,9860.84
330,17,9852.57
330,18,9833.38
330,19,9837.26
330,20,9825.1
330,21,9862.11
330,22,9842.06
330,23,9845.99
330,24,9840.82
330,25,9855.17
330,26,9856.05
330,27,9866.49
330,28,9859.7
330,29,9856.53
330,30,9848.29
330,31,9831.01
330,32,9849.87
330,33,9866.52
330,34,9831.66
330,35,9837.25
330,36,9861.47
330,37,9844.62
330,38,9833.71
330,39,9831.4
330,40,9834.76
330,41,9857.1
330,42,9833.46
330,43,9874.22
330,44,9831.84
330,45,9862.47
330,46,9879.31
330,47,9835.7
330,48,9868.52
330,49,9829.78
330,50,9861.03
330,51,9843.99
330,52,9848.93
330,53,9832.42
330,54,9843.57
330,55,9855.66
330,56,9852.97
330,57,9850.32
330,58,9855.1
330,59,9871.96
330,60,9855.26
330,61,9841.42
330,62,9843.13
330,63,9860.79
330,64,9838.73
330,65,9851.34
330,66,9847.49
330,67,9859.24
330,68,9841.9
330,69,9839.6
330,70,9846.67
330,71,9858.31
330,72,9855.37
330,73,9818.07
330,74,9882.29
330,75,9866.82
330,76,9848.06
330,77,9847.32
330,78,9829.91
330,79,9852.68
330,80,9888.26
330,81,9875.88
330,82,9871.49
330,83,9849.45
330,84,9863.26
330,85,9824.75
330,86,9839.86
330,87,9871.53
330,88,9841.43
330,89,9843.88
330,90,9861.07
330,91,9857.93
330,92,9851.15
330,93,9858.45
330,94,9850.5
330,95,9888.64
330,96,9845.51
330,97,9847.72
330,98,9826.12
330,99,9865.51
340,0,9881.4
340,1,9870.31
340,2,9823.88
340,3,9839.28
340,4,9871.3
340,5,9822.99
340,6,9838
340,7,9859.15
340,8,9832.43
340,9,9857.45
340,10,9838.98
340,11,9853.99
340,12,9834.54
340,13,9841.86
340,14,9876.08
340,15,9863.82
340,16,9852.64
340,17,9845.38
340,18,9824.62
340,19,9829.34
340,20,9815.84
340,21,9852.96
340,22,9834.41
340,23,9838.21
340,24,9832.1
340,25,9847.07
340,26,9846.66
340,27,9856.99
340,28,9846.8
340,29,9848.54
340,30,9837.42
340,31,9823.09
340,32,9842.05
340,33,9857.15
340,34,9823.99
340,35,9827.6
340,36,9853.87
340,37,9835.83
340,38,9823.94
340,39,9824.79
340,40,9826.98
340,41,9847.84
340,42,9821.31
340,43,9866.68
340,44,9823.37
340,45,9856.13
340,46,9872.95
340,47,9825.1
340,48,9858.87
340,49,9822.03
340,50,9853.55
340,51,9836.57
340,52,9839.25
340,53,9823.62
340,54,9833.48
340,55,9845.9
340,56,9844.96
340,57,9840.43
340,58,9845.36
340,59,9863.52
340,60,9846.86
340,61,9830.37
340,62,9833.7
340,63,9851.53
340,64,9828.46
340,65,9840.87
340,66,9840.15
340,67,9852.84
340,68,9832.51
340,69,9829.52
340,70,9835.93
340,71,9851.17
340,72,9846.37
340,73,9809.49
340,74,9876.25
340,75,9857.81
340,76,9840.15
340,77,9838.41
340,78,9820.23
340,79,9841.98
340,80,9882.86
340,81,9865.5
340,82,9862.06
340,83,9839.65
340,84,9853.1
340,85,9816.24
340,86,9830.86
340,87,9865.24
340,88,9831.3
340,89,9834.47
340,90,9852.47
340,91,9850.74
340,92,9842.08
340,93,9848.29
340,94,9842.47
340,95,9881.17
340,96,9837.53
340,97,9838.37
340,98,9816.91
340,99,9856.33
350,0,9878.39
350,1,9865.15
350,2,9814.27
350,3,9832.69
350,4,9864.96
350,5,9814.37
350,6,9827.75
350,7,9852.34
350,8,9824.11
350,9,9848.99
350,10,9833.52
350,11,9847.56
350,12,9822.19
350,13,9831.1
350,14,9872.38
350,15,9858.21
350,16,9849.07
350,17,9836.6
350,18,9816.57
350,19,9819.06
350,20,9807.53
350,21,9847.6
350,22,9823.58
350,23,9828.58
350,24,9820.83
350,25,9839.81
350,26,9841.19
350,27,9852.61
350,28,9840.33
350,29,9842.06
350,30,9831.48
350,31,9809.95
350,32,9832.47
350,33,9853.19
350,34,9812.7
350,35,9817.75
350,36,9847.53
350,37,9829.97
350,38,9812.48
350,39,9811.69
350,40,9813.88
350,41,9842.78
350,42,9815.13
350,43,9860.75
350,44,9811.33
350,45,9845.16
350,46,9866.53
350,47,9814.89
350,48,9854.38
350,49,9814.11
350,50,9845.93
350,51,9825.15
350,52,9832.46
350,53,9811.43
350,54,9828.93
350,55,9840.54
350,56,9836.83
350,57,9833.26
350,58,9837.13
350,59,9857.96
350,60,9838.65
350,61,9825.13
350,62,9826.07
350,63,9846.04
350,64,9819.93
350,65,9831.46
350,66,9830.52
350,67,9843.67
350,68,9823.34
350,69,9818.58
350,70,9828.68
350,71,9843.63
350,72,9838.94
350,73,9796.59
350,74,9868.7
350,75,9853.18
350,76,9833.87
350,77,9831.1
350,78,9812.48
350,79,9835.53
350,80,9875.25
350,81,9862.34
350,82,9857.66
350,83,9832.85
350,84,9850.41
350,85,9804.32
350,86,9822.85
350,87,9859.93
350,88,9823.99
350,89,9825.16
350,90,9845.64
350,91,9841.9
350,92,9835.43
350,93,9842.82
350,94,9834.65
350,95,9876.99
350,96,9826.06
350,97,9830.1
350,98,9804.52
350,99,9850.79
360,0,9878.09
360,1,9864.85
360,2,9813.97
360,3,9832.39
360,4,9864.66
360,5,9814.07
360,6,9827.45
360,7,9852.04
360,8,9823.81
360,9,9848.69
360,10,9833.22
360,11,9847.26
360,12,9821.89
360,13,9830.8
360,14,9872.08
360,15,9857.91
360,16,9848.77
360,17,9836.3
360,18,9816.27
360,19,9818.76
360,20,9807.23
360,21,9847.3
360,22,9823.28
360,23,9828.28
360,24,9820.53
360,25,9839.51
360,26,9840.89
360,27,9852.31
360,28,9840.03
360,29,9841.76
360,30,9831.18
360,31,9809.65
360,32,9832.17
360,33,9852.89
360,34,9812.4
360,35,9817.45
360,36,9847.23
360,37,9829.67
360,38,9812.18
360,39,9811.39
360,40,9813.58
360,41,9842.48
360,42,9814.83
360,43,9860.45
360,44,9811.03
360,45,9844.86
360,46,9866.23
360,47,9814.59
360,48,9854.08
360,49,9813.81
360,50,9845.63
360,51,9824.85
360,52,9832.16
360,53,9811.13
360,54,9828.63
360,55,9840.24
360,56,9836.53
360,57,9832.96
360,58,9836.83
360,59,9857.66
360,60,9838.35
360,61,9824.83
360,62,9825.77
360,63,9845.74
360,64,9819.63
360,65,9831.16
360,66,9830.22
360,67,9843.37
360,68,9823.04
360,69,9818.28
360,70,9828.38
360,71,9843.33
360,72,9838.64
360,73,9796.29
360,74,9868.4
360,75,9852.88
360,76,9833.57
360,77,9830.8
360,78,9812.18
360,79,9835.23
360,80,9874.95
360,81,9862.04
360,82,9857.36
360,83,9832.55
360,84,9850.11
360,85,9804.02
360,86,9822.55
360,87,9859.63
360,88,9823.69
360,89,9824.86
360,90,9845.34
360,91,9841.6
360,92,9835.13
360,93,9842.52
360,94,9834.35
360,95,9876.69
360,96,9825.76
360,97,9829.8
360,98,9804.22
360,99,9850.49
370,0,9869.59
370,1,9858.72
370,2,9805.95
370,3,9824.21
370,4,9859.34
370,5,9804.57
370,6,9819.72
370,7,9844.36
370,8,9815.01
370,9,9842.98
370,10,9824.71
370,11,9839.73
370,12,9814.15
370,13,9823.75
370,14,9864.22
370,15,9849.03
370,16,9841.38
370,17,9829.25
370,18,9808.67
370,19,9811.78
370,20,9798.77
370,21,9840.44
370,22,9815.46
370,23,9821.88
370,24,9811.64
370,25,9833.37
370,26,9831.55
370,27,9844.25
370,28,9830.58
370,29,9834.33
370,30,9822.52
370,31,9801.94
370,32,9826.24
370,33,9846.46
370,34,9804.56
370,35,9810.81
370,36,9840.28
370,37,9822.83
370,38,9806.75
370,39,9804.66
370,40,9806.24
370,41,9834.62
370,42,9806.72
370,43,9852.23
370,44,9805.41
370,45,9838.26
370,46,9859.75
370,47,9806.2
370,48,9847.69
370,49,9806.99
370,50,9838.54
370,51,9815.23
370,52,9822.49
370,53,9802.33
370,54,9819.53
370,55,9831.2
370,56,9828.93
370,57,9826.95
370,58,9826.25
370,59,9849.21
370,60,9829.57
370,61,9816.25
370,62,9818.1
370,63,9836.64
370,64,9811.24
370,65,9824.85
370,66,9824.42
370,67,9835.35
370,68,9813.51
370,69,9808.19
370,70,9817.65
370,71,9836.74
370,72,9833.3
370,73,9789.93
370,74,9861.2
370,75,9846.19
370,76,9827.2
370,77,9823.91
370,78,9803.24
370,79,9828.65
370,80,9869.43
370,81,9853.59
370,82,9850.15
370,83,9823.16
370,84,9840.93
370,85,9797.61
370,86,9813.45
370,87,9852.1
370,88,9815.71
370,89,9815.88
370,90,9836.49
370,91,9833.78
370,92,9826.1
370,93,9832.92
370,94,9826.25
370,95,9869.14
370,96,9819.38
370,97,9821.63
370,98,9796.79
370,99,9841.54
380,0,9868.9
380,1,9854.54
380,2,9801.93
380,3,9821.84
380,4,9855.66
380,5,9799.68
380,6,9813.15
380,7,9839.92
380,8,9808.66
380,9,9836.76
380,10,9821.63
380,11,9836.25
380,12,9810.38
380,13,9820.05
380,14,9862.51
380,15,9846.47
380,16,9838.57
380,17,9823.61
380,18,9801.85
380,19,9804.92
380,20,9792.7
380,21,9835.02
380,22,9808.4
380,23,9815.29
380,24,9806.55
380,25,9827.59
380,26,9828.44
380,27,9840.96
380,28,9826.14
380,29,9828.31
380,30,9819.97
380,31,9796.11
380,32,9818.83
380,33,9841.1
380,34,9797.33
380,35,9802.78
380,36,9838.42
380,37,9817.78
380,38,9795.98
380,39,9796.81
380,40,9797.57
380,41,9831.99
380,42,9803.13
380,43,9850.38
380,44,9797.62
380,45,9834.24
380,46,9857.41
380,47,9799.88
380,48,9842.15
380,49,9802.49
380,50,9834.12
380,51,9812.16
380,52,9818.27
380,53,9797.74
380,54,9816.97
380,55,9829.6
380,56,9822.78
380,57,9821.01
380,58,9821.56
380,59,9846.55
380,60,9826.72
380,61,9813.4
380,62,9813.13
380,63,9833.54
380,64,9805.7
380,65,9820.99
380,66,9817.12
380,67,9832.13
380,68,9809.38
380,69,9803.26
380,70,9815.23
380,71,9833.3
380,72,9826.38
380,73,9782.5
380,74,9858.65
380,75,9840.06
380,76,9819.41
380,77,9820.54
380,78,9796.85
380,79,9824.43
380,80,9865.79
380,81,9850.03
380,82,9845.71
380,83,9818.37
380,84,9837.39
380,85,9791.14
380,86,9811.04
380,87,9848.92
380,88,9810.28
380,89,9810.4
380,90,9836.26
380,91,9829.53
380,92,9822.21
380,93,9830.72
380,94,9823.81
380,95,9866.42
380,96,9812.51
380,97,9816.06
380,98,9790.03
380,99,9838.46
390,0,9868.6
390,1,9854.24
390,2,9801.63
390,3,9821.54
390,4,9855.36
390,5,9799.38
390,6,9812.85
390,7,9839.62
390,8,9808.36
390,9,9836.46
390,10,9821.33
390,11,9835.95
390,12,9810.08
390,13,9819.75
390,14,9862.21
390,15,9846.17
390,16,9838.27
390,17,9823.31
390,18,9801.55
390,19,9804.62
390,20,9792.4
390,21,9834.72
390,22,9808.1
390,23,9814.99
390,24,9806.25
390,25,9827.29
390,26,9828.14
390,27,9840.66
390,28,9825.84
390,29,9828.01
390,30,9819.67
390,31,9795.81
390,32,9818.53
390,33,9840.8
390,34,9797.03
390,35,9802.48
390,36,9838.12
390,37,9817.48
390,38,9795.68
390,39,9796.51
390,40,9797.27
390,41,9831.69
390,42,9802.83
390,43,9850.08
390,44,9797.32
390,45,9833.94
390,46,9857.11
390,47,9799.58
390,48,9841.85
390,49,9802.19
390,50,9833.82
390,51,9811.86
390,52,9817.97
390,53,9797.44
390,54,9816.67
390,55,9829.3
390,56,9822.48
390,57,9820.71
390,58,9821.26
390,59,9846.25
390,60,9826.42
390,61,9813.1
390,62,9812.83
390,63,9833.24
390,64,9805.4
390,65,9820.69
390,66,9816.82
390,67,9831.83
390,68,9809.08
390,69,9802.96
390,70,9814.93
390,71,9833
390,72,9826.08
390,73,9782.2
390,74,9858.35
390,75,9839.76
390,76,9819.11
390,77,9820.24
390,78,9796.55
390,79,9824.13
390,80,9865.49
390,81,9849.73
390,82,9845.41
390,83,9818.07
390,84,9837.09
390,85,9790.84
390,86,9810.74
390,87,9848.62
390,88,9809.98
390,89,9810.1
390,90,9835.96
390,91,9829.23
390,92,9821.91
390,93,9830.42
390,94,9823.51
390,95,9866.12
390,96,9812.21
390,97,9815.76
390,98,9789.73
390,99,9838.16
400,0,9863.65
400,1,9848.02
400,2,9798.72
400,3,9813.59
400,4,9850.55
400,5,9793.87
400,6,9808.5
400,7,9834.24
400,8,9803.27
400,9,9830.66
400,10,9813.22
400,11,9828.96
400,12,9802.72
400,13,9812.94
400,14,9856.45
400,15,9840.64
400,16,9834.36
400,17,9816.38
400,18,9793.83
400,19,9798.19
400,20,9784.65
400,21,9828.03
400,22,9801.4
400,23,9809.82
400,24,9800.68
400,25,9821.71
400,26,9825.23
400,27,9834.12
400,28,9818.18
400,29,9821.61
400,30,9814.15
400,31,9789.09
400,32,9812.48
400,33,9836.55
400,34,9791.86
400,35,9797.33
400,36,9832.22
400,37,9810.34
400,38,9790.48
400,39,9789.71
400,40,9790.86
400,41,9827.36
400,42,9797.69
400,43,9843.71
400,44,9791.58
400,45,9827.6
400,46,9851.36
400,47,9791.3
400,48,9837.05
400,49,9796.56
400,50,9827.74
400,51,9804.83
400,52,9813.83
400,53,9791.83
400,54,9813.29
400,55,9823.78
400,56,9815.72
400,57,9816.38
400,58,9816.29
400,59,9840.41
400,60,9819.48
400,61,9806.02
400,62,9805.29
400,63,9824.76
400,64,9799.07
400,65,9814.74
400,66,9811.64
400,67,9826.28
400,68,9802.11
400,69,9796.02
400,70,9806.69
400,71,9827.03
400,72,9821.1
400,73,9779.35
400,74,9853.26
400,75,9834.84
400,76,9818.81
400,77,9814.14
400,78,9788.72
400,79,9820.4
400,80,9861.3
400,81,9844.82
400,82,9840.48
400,83,9813.1
400,84,9833.2
400,85,9784.94
400,86,9808
400,87,9842.86
400,88,9802.56
400,89,9803.99
400,90,9829.36
400,91,9825.78
400,92,9814.98
400,93,9826.3
400,94,9816.68
400,95,9860.34
400,96,9806.86
400,97,9810.28
400,98,9783.83
400,99,9831.32
410,0,9856.26
410,1,9840.56
410,2,9781.33
410,3,9803.22
410,4,9842.21
410,5,9779.7
410,6,9798.3
410,7,9821.52
410,8,9790.49
410,9,9819.52
410,10,9803.51
410,11,9817.58
410,12,9790.69
410,13,9800.69
410,14,9850.31
410,15,9829.1
410,16,9823.74
410,17,9807.29
410,18,9779.38
410,19,9783.42
410,20,9770.55
410,21,9819.42
410,22,9791.01
410,23,9799.17
410,24,9786.99
410,25,9809.5
410,26,9810.05
410,27,9826.39
410,28,9806.69
410,29,9813.08
410,30,9798.37
410,31,9774.92
410,32,9800.54
410,33,9828.4
410,34,9779.54
410,35,9782.49
410,36,9824.5
410,37,9798.07
410,38,9778.11
410,39,9781.08
410,40,9776.54
410,41,9817.36
410,42,9784.41
410,43,9835.26
410,44,9774.1
410,45,9815.67
410,46,9843.08
410,47,9776.3
410,48,9829.23
410,49,9781.38
410,50,9818.45
410,51,9792.13
410,52,9800.26
410,53,9774.51
410,54,9795.8
410,55,9813.53
410,56,9806.27
410,57,9803.83
410,58,9801.57
410,59,9831.79
410,60,9809.08
410,61,9791.6
410,62,9791.54
410,63,9814.8
410,64,9783.29
410,65,9801.63
410,66,9799.59
410,67,9813.43
410,68,9789.18
410,69,9779.37
410,70,9797
410,71,9817.29
410,72,9807.03
410,73,9759.03
410,74,9846.49
410,75,9825.51
410,76,9803.86
410,77,9801.78
410,78,9777.44
410,79,9802.56
410,80,9853.52
410,81,9838.05
410,82,9832.91
410,83,9796.18
410,84,9823.67
410,85,9767.95
410,86,9792.89
410,87,9833.39
410,88,9787.2
410,89,9789.81
410,90,9821.64
410,91,9810.06
410,92,9806.92
410,93,9813.94
410,94,9806.57
410,95,9853.15
410,96,9792.34
410,97,9800
410,98,9765.54
410,99,9822.6
420,0,9855.96
420,1,9840.26
420,2,9781.03
420,3,9802.92
420,4,9841.91
420,5,9779.4
420,6,9798
420,7,9821.22
420,8,9790.19
420,9,9819.22
420,10,9803.21
420,11,9817.28
420,12,9790.39
420,13,9800.39
420,14,9850.01
420,15,9828.8
420,16,9823.44
420,17,9806.99
420,18,9779.08
420,19,9783.12
420,20,9770.25
420,21,9819.12
420,22,9790.71
420,23,9798.87
420,24,9786.69
420,25,9809.2
420,26,9809.75
420,27,9826.09
420,28,9806.39
420,29,9812.78
420,30,9798.07
420,31,9774.62
420,32,9800.24
420,33,9828.1
420,34,9779.24
420,35,9782.19
420,36,9824.2
420,37,9797.77
420,38,9777.81
420,39,9780.78
420,40,9776.24
420,41,9817.06
420,42,9784.11
420,43,9834.96
420,44,9773.8
420,45,9815.37
420,46,9842.78
420,47,9776
420,48,9828.93
420,49,9781.08
420,50,9818.15
420,51,9791.83
420,52,9799.96
420,53,9774.21
420,54,9795.5
420,55,9813.23
420,56,9805.97
420,57,9803.53
420,58,9801.27
420,59,9831.49
420,60,9808.78
420,61,9791.3
420,62,9791.24
420,63,9814.5
420,64,9782.99
420,65,9801.33
420,66,9799.29
420,67,9813.13
420,68,9788.88
420,69,9779.07
420,70,9796.7
420,71,9816.99
420,72,9806.73
420,73,9758.73
420,74,9846.19
420,75,9825.21
420,76,9803.56
420,77,9801.48
420,78,9777.14
420,79,9802.26
420,80,9853.22
420,81,9837.75
420,82,9832.61
420,83,9795.88
420,84,9823.37
420,85,9767.65
420,86,9792.59
420,87,9833.09
420,88,9786.9
420,89,9789.51
420,90,9821.34
420,91,9809.76
420,92,9806.62
420,93,9813.64
420,94,9806.27
420,95,9852.85
420,96,9792.04
420,97,9799.7
420,98,9765.24
420,99,9822.3
430,0,9852.67
430,1,9836.83
430,2,9778.32
430,3,9800.44
430,4,9838.34
430,5,9777.11
430,6,9797.7
430,7,9815.6
430,8,9785.02
430,9,9817.07
430,10,9799.54
430,11,9813.56
430,12,9787.94
430,13,9795.28
430,14,9846.61
430,15,9826.21
430,16,9819.51
430,17,9804.06
430,18,9775.38
430,19,9777.41
430,20,9766.28
430,21,9816.25
430,22,9787.48
430,23,9798.57
430,24,9784.7
430,25,9804.9
430,26,9807.88
430,27,9823.35
430,28,9801.8
430,29,9810.1
430,30,9795.57
430,31,9770.94
430,32,9797.27
430,33,9827.8
430,34,9778.94
430,35,9780.21
430,36,9820.04
430,37,9795.3
430,38,9777.51
430,39,9777.83
430,40,9773.39
430,41,9816.76
430,42,9782.3
430,43,9830.69
430,44,9769.18
430,45,9810.87
430,46,9838.9
430,47,9772.87
430,48,9828.63
430,49,9777.42
430,50,9812.72
430,51,9788.36
430,52,9797.86
430,53,9770.4
430,54,9792.1
430,55,9809.8
430,56,9802.27
430,57,9799.14
430,58,9797.74
430,59,9826.95
430,60,9806.01
430,61,9788.83
430,62,9787.29
430,63,9811.4
430,64,9780.26
430,65,9798.51
430,66,9796.25
430,67,9807.57
430,68,9786.95
430,69,9775.36
430,70,9793.08
430,71,9812.45
430,72,9804.08
430,73,9755.82
430,74,9841.97
430,75,9824.91
430,76,9803.26
430,77,9798.9
430,78,9774.08
430,79,9798.49
430,80,9849.65
430,81,9837.45
430,82,9832.31
430,83,9793.05
430,84,9819.47
430,85,9764.63
430,86,9789.89
430,87,9830.67
430,88,9782.78
430,89,9786.71
430,90,9818.59
430,91,9809.46
430,92,9803.55
430,93,9811.29
430,94,9803.88
430,95,9849.72
430,96,9788.19
430,97,9796.82
430,98,9761.08
430,99,9819.47
440,0,9847.39
440,1,9829.95
440,2,9765.96
440,3,9792.35
440,4,9833.82
440,5,9766.55
440,6,9787.48
440,7,9810.3
440,8,9776.17
440,9,9809.46
440,10,9792.29
440,11,9804.84
440,12,9780.37
440,13,9791.7
440,14,9842.16
440,15,9819.61
440,16,9808.92
440,17,9798.18
440,18,9765.89
440,19,9770.33
440,20,9756.39
440,21,9809.82
440,22,9778.7
440,23,9788.47
440,24,9774.36
440,25,9797.89
440,26,9798.78
440,27,9815.54
440,28,9794.85
440,29,9802.35
440,30,9786.74
440,31,9763.92
440,32,9789.83
440,33,9818.86
440,34,9769.51
440,35,9768.36
440,36,9815.17
440,37,9785.68
440,38,9765.36
440,39,9766.89
440,40,9761.69
440,41,9805.87
440,42,9771.61
440,43,9825.89
440,44,9760
440,45,9805.92
440,46,9832.69
440,47,9762.53
440,48,9818.39
440,49,9768.45
440,50,9807.95
440,51,9779.53
440,52,9789.08
440,53,9759.7
440,54,9784.06
440,55,9800.47
440,56,9795.35
440,57,9793.35
440,58,9790.72
440,59,9822.71
440,60,9798.3
440,61,9777.11
440,62,9780.02
440,63,9805.03
440,64,9772.06
440,65,9789.44
440,66,9788.47
440,67,9803.39
440,68,9780.48
440,69,9764.33
440,70,9785.15
440,71,9807.64
440,72,9795.44
440,73,9743.53
440,74,9836.66
440,75,9813.77
440,76,9791.74
440,77,9791.91
440,78,9762.92
440,79,9791.39
440,80,9844.91
440,81,9827.46
440,82,9822.92
440,83,9783.02
440,84,9812.77
440,85,9757.86
440,86,9779.16
440,87,9823.8
440,88,9775.48
440,89,9780.24
440,90,9811.99
440,91,9796.44
440,92,9794.83
440,93,9801.54
440,94,9793.61
440,95,9843.62
440,96,9778.3
440,97,9789.33
440,98,9750.22
440,99,9810.76
450,0,9847.09
450,1,9829.65
450,2,9765.66
450,3,9792.05
450,4,9833.52
450,5,9766.25
450,6,9787.18
450,7,9810
450,8,9775.87
450,9,9809.16
450,10,9791.99
450,11,9804.54
450,12,9780.07
450,13,9791.4
450,14,9841.86
450,15,9819.31
450,16,9808.62
450,17,9797.88
450,18,9765.59
450,19,9770.03
450,20,9756.09
450,21,9809.52
450,22,9778.4
450,23,9788.17
450,24,9774.06
450,25,9797.59
450,26,9798.48
450,27,9815.24
450,28,9794.55
450,29,9802.05
450,30,9786.44
450,31,9763.62
450,32,9789.53
450,33,9818.56
450,34,9769.21
450,35,9768.06
450,36,9814.87
450,37,9785.38
450,38,9765.06
450,39,9766.59
450,40,9761.39
450,41,9805.57
450,42,9771.31
450,43,9825.59
450,44,9759.7
450,45,9805.62
450,46,9832.39
450,47,9762.23
450,48,9818.09
450,49,9768.15
450,50,9807.65
450,51,9779.23
450,52,9788.78
450,53,9759.4
450,54,9783.76
450,55,9800.17
450,56,9795.05
450,57,9793.05
450,58,9790.42
450,59,9822.41
450,60,9798
450,61,9776.81
450,62,9779.72
450,63,9804.73
450,64,9771.76
450,65,9789.14
450,66,9788.17
450,67,9803.09
450,68,9780.18
450,69,9764.03
450,70,9784.85
450,71,9807.34
450,72,9795.14
450,73,9743.23
450,74,9836.36
450,75,9813.47
450,76,9791.44
450,77,9791.61
450,78,9762.62
450,79,9791.09
450,80,9844.61
450,81,9827.16
450,82,9822.62
450,83,9782.72
450,84,9812.47
450,85,9757.56
450,86,9778.86
450,87,9823.5
450,88,9775.18
450,89,9779.94
450,90,9811.69
450,91,9796.14
450,92,9794.53
450,93,9801.24
450,94,9793.31
450,95,9843.32
450,96,9778
450,97,9789.03
450,98,9749.92
450,99,9810.46
460,0,9846.79
460,1,9829.35
460,2,9765.36
460,3,9791.71
460,4,9833.22
460,5,9765.95
460,6,9786.88
460,7,9807.74
460,8,9774.31
460,9,9808.86
460,10,9790.38
460,11,9802.99
460,12,9777.72
460,13,9790.08
460,14,9841.56
460,15,9816.8
460,16,9808.32
460,17,9797.58
460,18,9764.17
460,19,9767.73
460,20,9754.9
460,21,9809.22
460,22,9778.1
460,23,9787.87
460,24,9772.13
460,25,9795.87
460,26,9796.59
460,27,9814.94
460,28,9793.11
460,29,9801.75
460,30,9783.99
460,31,9763.32
460,32,9789.23
460,33,9818.26
460,34,9768.91
460,35,9766.1
460,36,9814.57
460,37,9782.81
460,38,9764.76
460,39,9766.29
460,40,9761.09
460,41,9805.27
460,42,9769.42
460,43,9823.17
460,44,9759.4
460,45,9804.44
460,46,9832.09
460,47,9760.87
460,48,9817.79
460,49,9766.9
460,50,9805.32
460,51,9777.28
460,52,9786.71
460,53,9757.96
460,54,9782.88
460,55,9799.87
460,56,9794.75
460,57,9791.68
460,58,9788.8
460,59,9822.11
460,60,9796.62
460,61,9774.32
460,62,9778.4
460,63,9803.1
460,64,9769.01
460,65,9787.73
460,66,9787.87
460,67,9801.47
460,68,9778.25
460,69,9762.61
460,70,9783.66
460,71,9804.87
460,72,9794.84
460,73,9742.93
460,74,9836.06
460,75,9813.17
460,76,9791.14
460,77,9791.31
460,78,9761.11
460,79,9790.73
460,80,9844.31
460,81,9826.86
460,82,9822.32
460,83,9779.82
460,84,9812.17
460,85,9757.26
460,86,9778.56
460,87,9823.2
460,88,9773.81
460,89,9779.64
460,90,9809.7
460,91,9795.84
460,92,9794.23
460,93,9798.88
460,94,9792.94
460,95,9843.02
460,96,9777.7
460,97,9788.73
460,98,9748.36
460,99,9810.16
470,0,9837.61
470,1,9819.15
470,2,9749.92
470,3,9781.39
470,4,9822.96
470,5,9753.97
470,6,9772.47
470,7,9797.97
470,8,9761.22
470,9,9798.07
470,10,9779.93
470,11,9792.92
470,12,9768.49
470,13,9778.42
470,14,9832.72
470,15,9808.45
470,16,9793.78
470,17,9786.01
470,18,9752.7
470,19,9757.99
470,20,9742.75
470,21,9797.09
470,22,9766.81
470,23,9776.78
470,24,9761.77
470,25,9786.32
470,26,9786.95
470,27,9802.75
470,28,9783.2
470,29,9789.18
470,30,9773.02
470,31,9750.56
470,32,9778.22
470,33,9807.65
470,34,9757.65
470,35,9755.24
470,36,9802.83
470,37,9773.63
470,38,9752.56
470,39,9751.53
470,40,9746.01
470,41,9794.61
470,42,9759.4
470,43,9813.69
470,44,9745.69
470,45,9794.69
470,46,9820.28
470,47,9750.16
470,48,9807.17
470,49,9756.52
470,50,9797.81
470,51,9766.3
470,52,9775.43
470,53,9745.62
470,54,9772.18
470,55,9788.27
470,56,9780
470,57,9782.4
470,58,9780
470,59,9811.4
470,60,9786.1
470,61,9765.34
470,62,9766.89
470,63,9789.63
470,64,9759.13
470,65,9776.15
470,66,9777.34
470,67,9792.73
470,68,9766.63
470,69,9751.33
470,70,9773.55
470,71,9797.94
470,72,9785.07
470,73,9728.72
470,74,9825.95
470,75,9801.88
470,76,9779.56
470,77,9780.79
470,78,9748.1
470,79,9779.25
470,80,9835.02
470,81,9816.09
470,82,9811.56
470,83,9768.72
470,84,9801.15
470,85,9744.78
470,86,9763.09
470,87,9812.93
470,88,9761.45
470,89,9765.07
470,90,9802.05
470,91,9783.59
470,92,9783.95
470,93,9788.26
470,94,9778.36
470,95,9831.3
470,96,9766.22
470,97,9774.87
470,98,9735.54
470,99,9799.99
480,0,9837.31
480,1,9818.85
480,2,9749.62
480,3,9781.09
480,4,9822.66
480,5,9753.67
480,6,9772.17
480,7,9797.67
480,8,9760.92
480,9,9797.77
480,10,9779.63
480,11,9792.62
480,12,9768.19
480,13,9778.12
480,14,9832.42
480,15,9808.15
480,16,9793.48
480,17,9785.71
480,18,9752.4
480,19,9757.69
480,20,9742.45
480,21,9796.79
480,22,9766.51
480,23,9776.48
480,24,9761.47
480,25,9786.02
480,26,9786.65
480,27,9802.45
480,28,9782.9
480,29,9788.88
480,30,9772.72
480,31,9750.26
480,32,9777.92
480,33,9807.35
480,34,9757.35
480,35,9754.94
480,36,9802.53
480,37,9773.33
480,38,9752.26
480,39,9751.23
480,40,9745.71
480,41,9794.31
480,42,9759.1
480,43,9813.39
480,44,9745.39
480,45,9794.39
480,46,9819.98
480,47,9749.86
480,48,9806.87
480,49,9756.22
480,50,9797.51
480,51,9766
480,52,9775.13
480,53,9745.32
480,54,9771.88
480,55,9787.97
480,56,9779.7
480,57,9782.1
480,58,9779.7
480,59,9811.1
480,60,9785.8
480,61,9765.04
480,62,9766.59
480,63,9789.33
480,64,9758.83
480,65,9775.85
480,66,9777.04
480,67,9792.43
480,68,9766.33
480,69,9751.03
480,70,9773.25
480,71,9797.64
480,72,9784.77
480,73,9728.42
480,74,9825.65
480,75,9801.58
480,76,9779.26
480,77,9780.49
480,78,9747.8
480,79,9778.95
480,80,9834.72
480,81,9815.79
480,82,9811.26
480,83,9768.42
480,84,9800.85
480,85,9744.48
480,86,9762.79
480,87,9812.63
480,88,9761.15
480,89,9764.77
480,90,9801.75
480,91,9783.29
480,92,9783.65
480,93,9787.96
480,94,9778.06
480,95,9831
480,96,9765.92
480,97,9774.57
480,98,9735.24
480,99,9799.69
490,0,9837.01
490,1,9818.55
490,2,9749.32
490,3,9780.73
490,4,9822.36
490,5,9753.37
490,6,9771.87
490,7,9797.37
490,8,9760.62
490,9,9797.47
490,10,9779.33
490,11,9792.32
490,12,9767.89
490,13,9777.82
490,14,9832.12
490,15,9807.85
490,16,9793.18
490,17,9785.41
490,18,9752.1
490,19,9757.39
490,20,9742.15
490,21,9796.49
490,22,9766.21
490,23,9776.18
490,24,9761.17
490,25,9785.72
490,26,9786.35
490,27,9802.15
490,28,9782.6
490,29,9788.58
490,30,9772.42
490,31,9749.96
490,32,9777.62
490,33,9807.05
490,34,9757.05
490,35,9754.58
490,36,9802.23
490,37,9772.97
490,38,9751.96
490,39,9750.93
490,40,9745.41
490,41,9794.01
490,42,9758.8
490,43,9813.09
490,44,9745.09
490,45,9794.09
490,46,9819.68
490,47,9749.56
490,48,9806.57
490,49,9755.92
490,50,9797.21
490,51,9765.64
490,52,9774.83
490,53,9745.02
490,54,9770.97
490,55,9787.67
490,56,9779.4
490,57,9781.8
490,58,9779.4
490,59,9810.8
490,60,9785.5
490,61,9764.74
490,62,9765.35
490,63,9789.03
490,64,9758.53
490,65,9775.55
490,66,9776.74
490,67,9792.13
490,68,9766.03
490,69,9750.73
490,70,9772.95
490,71,9797.34
490,72,9784.47
490,73,9728.12
490,74,9825.35
490,75,9801.28
490,76,9778.96
490,77,9780.19
490,78,9747.5
490,79,9778.65
490,80,9834.42
490,81,9815.49
490,82,9810.96
490,83,9768.12
490,84,9800.55
490,85,9744.18
490,86,9762.49
490,87,9812.33
490,88,9759.8
490,89,9764.47
490,90,9801.45
490,91,9782.99
490,92,9783.35
490,93,9787.66
490,94,9777.76
490,95,9830.7
490,96,9765.62
490,97,9774.27
490,98,9734.94
490,99,9799.39
500,0,9825.93
500,1,9805.82
500,2,9735.01
500,3,9769.48
500,4,9811.18
500,5,9738.19
500,6,9760.64
500,7,9786.29
500,8,9747.58
500,9,9784.58
500,10,9767.63
500,11,9781.68
500,12,9754.87
500,13,9765.44
500,14,9820.89
500,15,9796.92
500,16,9776.82
500,17,9775.03
500,18,9738.37
500,19,9746.01
500,20,9730.06
500,21,9784.7
500,22,9753.7
500,23,9764.17
500,24,9748
500,25,9772.48
500,26,9775.13
500,27,9790.09
500,28,9770.88
500,29,9775.72
500,30,9759.57
500,31,9736.29
500,32,9766.74
500,33,9796.01
500,34,9743.76
500,35,9741.2
500,36,9790.63
500,37,9761.25
500,38,9738.72
500,39,9736.4
500,40,9732.05
500,41,9783.42
500,42,9744.58
500,43,9804.39
500,44,9732.22
500,45,9781.71
500,46,9807.33
500,47,9735.8
500,48,9793.21
500,49,9743.28
500,50,9785.86
500,51,9753.04
500,52,9762.9
500,53,9731.54
500,54,9759.01
500,55,9776.28
500,56,9767.12
500,57,9769.94
500,58,9768.16
500,59,9799.75
500,60,9773.47
500,61,9751.93
500,62,9754.78
500,63,9777.53
500,64,9746.08
500,65,9760.87
500,66,9765.91
500,67,9779.78
500,68,9753.01
500,69,9736.17
500,70,9759.52
500,71,9788
500,72,9774.8
500,73,9711.49
500,74,9815.12
500,75,9789.32
500,76,9767.15
500,77,9769.55
500,78,9733.98
500,79,9769.23
500,80,9824.67
500,81,9802.44
500,82,9801.53
500,83,9755.51
500,84,9789.31
500,85,9730.68
500,86,9749.78
500,87,9800.54
500,88,9748.37
500,89,9753.31
500,90,9789.92
500,91,9768.63
500,92,9773.02
500,93,9777.05
500,94,9764.82
500,95,9820.88
500,96,9752.06
500,97,9760.38
500,98,9720.06
500,99,9786.26
510,0,9825.63
510,1,9805.52
510,2,9734.71
510,3,9769.18
510,4,9810.88
510,5,9737.89
510,6,9760.34
510,7,9785.99
510,8,9747.28
510,9,9784.28
510,10,9767.33
510,11,9781.38
510,12,9754.57
510,13,9765.14
510,14,9820.59
510,15,9796.62
510,16,9776.52
510,17,9774.73
510,18,9738.07
510,19,9745.71
510,20,9729.76
510,21,9784.4
510,22,9753.4
510,23,9763.87
510,24,9747.7
510,25,9772.18
510,26,9774.83
510,27,9789.79
510,28,9770.58
510,29,9775.42
510,30,9759.27
510,31,9735.99
510,32,9766.44
510,33,9795.71
510,34,9743.46
510,35,9740.9
510,36,9790.33
510,37,9760.95
510,38,9738.42
510,39,9736.1
510,40,9731.75
510,41,9783.12
510,42,9744.28
510,43,9804.09
510,44,9731.92
510,45,9781.41
510,46,9807.03
510,47,9735.5
510,48,9792.91
510,49,9742.98
510,50,9785.56
510,51,9752.74
510,52,9762.6
510,53,9731.24
510,54,9758.71
510,55,9775.98
510,56,9766.82
510,57,9769.64
510,58,9767.86
510,59,9799.45
510,60,9773.17
510,61,9751.63
510,62,9754.48
510,63,9777.23
510,64,9745.78
510,65,9760.57
510,66,9765.61
510,67,9779.48
510,68,9752.71
510,69,9735.87
510,70,9759.22
510,71,9787.7
510,72,9774.5
510,73,9711.19
510,74,9814.82
510,75,9789.02
510,76,9766.85
510,77,9769.25
510,78,9733.68
510,79,9768.93
510,80,9824.37
510,81,9802.14
510,82,9801.23
510,83,9755.21
510,84,9789.01
510,85,9730.38
510,86,9749.48
510,87,9800.24
510,88,9748.07
510,89,9753.01
510,90,9789.62
510,91,9768.33
510,92,9772.72
510,93,9776.75
510,94,9764.52
510,95,9820.58
510,96,9751.76
510,97,9760.08
510,98,9719.76
510,99,9785.96
520,0,9825.33
520,1,9805.22
520,2,9734.41
520,3,9768.88
520,4,9810.58
520,5,9737.59
520,6,9760.04
520,7,9785.69
520,8,9746.98
520,9,9783.98
520,10,9767.03
520,11,9781.08
520,12,9754.27
520,13,9764.84
520,14,9820.29
520,15,9796.32
520,16,9776.22
520,17,9774.43
520,18,9737.77
520,19,9745.41
520,20,9729.46
520,21,9784.1
520,22,9753.1
520,23,9763.57
520,24,9747.4
520,25,9771.88
520,26,9774.53
520,27,9789.49
520,28,9770.28
520,29,9775.12
520,30,9758.97
520,31,9735.69
520,32,9766.14
520,33,9795.41
520,34,9743.16
520,35,9740.6
520,36,9790.03
520,37,9760.65
520,38,9738.12
520,39,9735.8
520,40,9731.45
520,41,9782.82
520,42,9743.98
520,43,9803.79
520,44,9731.62
520,45,9781.11
520,46,9806.73
520,47,9735.2
520,48,9792.61
520,49,9742.68
520,50,9785.26
520,51,9752.44
520,52,9762.3
520,53,9730.94
520,54,9758.41
520,55,9775.68
520,56,9766.52
520,57,9769.34
520,58,9767.56
520,59,9799.15
520,60,9772.87
520,61,9751.33
520,62,9754.18
520,63,9776.93
520,64,9745.48
520,65,9760.27
520,66,9765.31
520,67,9779.18
520,68,9752.41
520,69,9735.57
520,70,9758.92
520,71,9787.4
520,72,9774.2
520,73,9710.89
520,74,9814.52
520,75,9788.72
520,76,9766.55
520,77,9768.95
520,78,9733.38
520,79,9768.63
520,80,9824.07
520,81,9801.84
520,82,9800.93
520,83,9754.91
520,84,9788.71
520,85,9730.08
520,86,9749.18
520,87,9799.94
520,88,9747.77
520,89,9752.71
520,90,9789.32
520,91,9768.03
520,92,9772.42
520,93,9776.45
520,94,9764.22
520,95,9820.28
520,96,9751.46
520,97,9759.78
520,98,9719.46
520,99,9785.66
530,0,9815.78
530,1,9794.39
530,2,9720.06
530,3,9757.81
530,4,9801.24
530,5,9724.17
530,6,9748.59
530,7,9774.47
530,8,9733.56
530,9,9772.07
530,10,9756.1
530,11,9770.65
530,12,9742.33
530,13,9752.48
530,14,9810.16
530,15,9786.66
530,16,9765.46
530,17,9763.91
530,18,9724.34
530,19,9733.67
530,20,9716.54
530,21,9773.67
530,22,9739.77
530,23,9752.51
530,24,9735.89
530,25,9761.06
530,26,9760.22
530,27,9778.93
530,28,9759.47
530,29,9764.04
530,30,9746.22
530,31,9722.67
530,32,9755.25
530,33,9784.18
530,34,9730.02
530,35,9728.95
530,36,9779.61
530,37,9749.14
530,38,9723.95
530,39,9721.96
530,40,9717.96
530,41,9771.22
530,42,9729.51
530,43,9794.56
530,44,9721.82
530,45,9768.84
530,46,9797.45
530,47,9721.55
530,48,9783.48
530,49,9730.33
530,50,9777.56
530,51,9739.91
530,52,9750.07
530,53,9717.96
530,54,9746.18
530,55,9764.95
530,56,9755.73
530,57,9758.89
530,58,9757.03
530,59,9791.02
530,60,9762.25
530,61,9739.09
530,62,9742.63
530,63,9766.79
530,64,9732.64
530,65,9747.46
530,66,9754.65
530,67,9767.01
530,68,9739.6
530,69,9725
530,70,9747.18
530,71,9779.13
530,72,9764.29
530,73,9694.07
530,74,9805.5
530,75,9776.45
530,76,9754.52
530,77,9757.37
530,78,9723.86
530,79,9758.98
530,80,9815.08
530,81,9791.96
530,82,9791.44
530,83,9743.27
530,84,9777.21
530,85,9717.35
530,86,9738.2
530,87,9790.87
530,88,9735.35
530,89,9740.69
530,90,9780.36
530,91,9756.34
530,92,9760.47
530,93,9764.35
530,94,9753.58
530,95,9812.31
530,96,9741.09
530,97,9749.49
530,98,9705.74
530,99,9776.34
540,0,9815.48
540,1,9794.09
540,2,9719.76
540,3,9757.51
540,4,9800.94
540,5,9723.87
540,6,9748.29
540,7,9774.17
540,8,9733.26
540,9,9771.77
540,10,9755.8
540,11,9770.35
540,12,9742.03
540,13,9752.18
540,14,9809.86
540,15,9786.36
540,16,9765.16
540,17,9763.61
540,18,9724.04
540,19,9733.37
540,20,9716.24
540,21,9773.37
540,22,9739.47
540,23,9752.21
540,24,9735.59
540,25,9760.76
540,26,9759.92
540,27,9778.63
540,28,9759.17
540,29,9763.74
540,30,9745.92
540,31,9722.37
540,32,9754.95
540,33,9783.88
540,34,9729.72
540,35,9728.65
540,36,9779.31
540,37,9748.84
540,38,9723.65
540,39,9721.66
540,40,9717.66
540,41,9770.92
540,42,9729.21
540,43,9794.26
540,44,9721.52
540,45,9768.54
540,46,9797.15
540,47,9721.25
540,48,9783.18
540,49,9730.03
540,50,9777.26
540,51,9739.61
540,52,9749.77
540,53,9717.66
540,54,9745.88
540,55,9764.65
540,56,9755.43
540,57,9758.59
540,58,9756.73
540,59,9790.72
540,60,9761.95
540,61,9738.79
540,62,9742.33
540,63,9766.49
540,64,9732.34
540,65,9747.16
540,66,9754.35
540,67,9766.71
540,68,9739.3
540,69,9724.7
540,70,9746.88
540,71,9778.83
540,72,9763.99
540,73,9693.77
540,74,9805.2
540,75,9776.15
540,76,9754.22
540,77,9757.07
540,78,9723.56
540,79,9758.68
540,80,9814.78
540,81,9791.66
540,82,9791.14
540,83,9742.97
540,84,9776.91
540,85,9717.05
540,86,9737.9
540,87,9790.57
540,88,9735.05
540,89,9740.39
540,90,9780.06
540,91,9756.04
540,92,9760.17
540,93,9764.05
540,94,9753.28
540,95,9812.01
540,96,9740.79
540,97,9749.19
540,98,9705.44
540,99,9776.04
550,0,9815.18
550,1,9793.79
550,2,9719.46
550,3,9757.21
550,4,9800.64
550,5,9723.57
550,6,9747.99
550,7,9773.87
550,8,9732.96
550,9,9771.47
550,10,9755.5
550,11,9770.05
550,12,9741.73
550,13,9751.88
550,14,9809.56
550,15,9786.06
550,16,9764.86
550,17,9763.31
550,18,9723.74
550,19,9733.07
550,20,9715.94
550,21,9773.07
550,22,9739.17
550,23,9751.91
550,24,9735.29
550,25,9760.46
550,26,9759.62
550,27,9778.33
550,28,9758.87
550,29,9763.44
550,30,9745.62
550,31,9722.07
550,32,9754.65
550,33,9783.58
550,34,9729.42
550,35,9728.35
550,36,9779.01
550,37,9748.54
550,38,9723.35
550,39,9721.36
550,40,9717.36
550,41,9770.62
550,42,9728.91
550,43,9793.96
550,44,9721.22
550,45,9768.24
550,46,9796.85
550,47,9720.95
550,48,9782.88
550,49,9729.73
550,50,9776.96
550,51,9739.31
550,52,9749.47
550,53,9717.36
550,54,9745.58
550,55,9764.35
550,56,9755.13
550,57,9758.29
550,58,9756.43
550,59,9790.42
550,60,9761.65
550,61,9738.49
550,62,9742.03
550,63,9766.19
550,64,9732.04
550,65,9746.86
550,66,9754.05
550,67,9766.41
550,68,9739
550,69,9724.4
550,70,9746.58
550,71,9778.53
550,72,9763.69
550,73,9693.47
550,74,9804.9
550,75,9775.85
550,76,9753.92
550,77,9756.77
550,78,9723.26
550,79,9758.38
550,80,9814.48
550,81,9791.36
550,82,9790.84
550,83,9742.67
550,84,9776.61
550,85,9716.75
550,86,9737.6
550,87,9790.27
550,88,9734.75
550,89,9740.09
550,90,9779.76
550,91,9755.74
550,92,9759.87
550,93,9763.75
550,94,9752.98
550,95,9811.71
550,96,9740.49
550,97,9748.89
550,98,9705.14
550,99,9775.74
560,0,9803.21
560,1,9781.61
560,2,9703.38
560,3,9745.98
560,4,9789.86
560,5,9707.67
560,6,9734.06
560,7,9759.07
560,8,9717.51
560,9,9758.67
560,10,9742.02
560,11,9758.38
560,12,9728.78
560,13,9739.1
560,14,9797.77
560,15,9774.72
560,16,9753.93
560,17,9750.13
560,18,9710.34
560,19,9719.48
560,20,9701.08
560,21,9761.82
560,22,9724.73
560,23,9737.96
560,24,9722.04
560,25,9748.27
560,26,9745.09
560,27,9766.45
560,28,9747.79
560,29,9750.57
560,30,9732.96
560,31,9708.5
560,32,9742.29
560,33,9770.86
560,34,9714.2
560,35,9714.71
560,36,9767.36
560,37,9734.94
560,38,9707.07
560,39,9707.42
560,40,9703.02
560,41,9759.89
560,42,9715.66
560,43,9780.34
560,44,9707.55
560,45,9755.33
560,46,9783.28
560,47,9706.95
560,48,9770.93
560,49,9717.76
560,50,9763.4
560,51,9726.07
560,52,9734.87
560,53,9704.69
560,54,9733.3
560,55,9749.96
560,56,9741.32
560,57,9745.53
560,58,9743.38
560,59,9779.56
560,60,9750.4
560,61,9726.28
560,62,9730.81
560,63,9752.83
560,64,9716.97
560,65,9732.14
560,66,9741.08
560,67,9754.86
560,68,9725.4
560,69,9710.59
560,70,9733.84
560,71,9767.71
560,72,9751.98
560,73,9676.45
560,74,9795.78
560,75,9761.37
560,76,9739.69
560,77,9745.32
560,78,9706.74
560,79,9747.03
560,80,9804.27
560,81,9779.54
560,82,9778.52
560,83,9728.09
560,84,9763.32
560,85,9704.03
560,86,9722.79
560,87,9778.74
560,88,9722.85
560,89,9728.15
560,90,9768.35
560,91,9744.1
560,92,9749.47
560,93,9751.48
560,94,9737.72
560,95,9799.92
560,96,9727.67
560,97,9735.39
560,98,9691.14
560,99,9764.82
570,0,9802.91
570,1,9781.31
570,2,9703.08
570,3,9745.68
570,4,9789.56
570,5,9707.37
570,6,9733.76
570,7,9758.77
570,8,9717.21
570,9,9758.37
570,10,9741.72
570,11,9758.08
570,12,9728.48
570,13,9738.8
570,14,9797.47
570,15,9774.42
570,16,9753.63
570,17,9749.83
570,18,9710.04
570,19,9719.18
570,20,9700.78
570,21,9761.52
570,22,9724.43
570,23,9737.66
570,24,9721.74
570,25,9747.97
570,26,9744.79
570,27,9766.15
570,28,9747.49
570,29,9750.27
570,30,9732.66
570,31,9708.2
570,32,9741.99
570,33,9770.56
570,34,9713.9
570,35,9714.41
570,36,9767.06
570,37,9734.64
570,38,9706.77
570,39,9707.12
570,40,9702.72
570,41,9759.59
570,42,9715.36
570,43,9780.04
570,44,9707.25
570,45,9755.03
570,46,9782.98
570,47,9706.65
570,48,9770.63
570,49,9717.46
570,50,9763.1
570,51,9725.77
570,52,9734.57
570,53,9704.39
570,54,9733
570,55,9749.66
570,56,9741.02
570,57,9745.23
570,58,9743.08
570,59,9779.26
570,60,9750.1
570,61,9725.98
570,62,9730.51
570,63,9752.53
570,64,9716.67
570,65,9731.84
570,66,9740.78
570,67,9754.56
570,68,9725.1
570,69,9710.29
570,70,9733.54
570,71,9767.41
570,72,9751.68
570,73,9676.15
570,74,9795.48
570,75,9761.07
570,76,9739.39
570,77,9745.02
570,78,9706.44
570,79,9746.73
570,80,9803.97
570,81,9779.24
570,82,9778.22
570,83,9727.79
570,84,9763.02
570,85,9703.73
570,86,9722.49
570,87,9778.44
570,88,9722.55
570,89,9727.85
570,90,9768.05
570,91,9743.8
570,92,9749.17
570,93,9751.18
570,94,9737.42
570,95,9799.62
570,96,9727.37
570,97,9735.09
570,98,9690.84
570,99,9764.52
580,0,9802.61
580,1,9781.01
580,2,9702.78
580,3,9745.38
580,4,9789.26
580,5,9707.07
580,6,9733.46
580,7,9758.47
580,8,9716.91
580,9,9758.07
580,10,9741.42
580,11,9757.78
580,12,9728.18
580,13,9738.5
580,14,9797.17
580,15,9774.12
580,16,9753.33
580,17,9749.53
580,18,9709.74
580,19,9718.88
580,20,9700.48
580,21,9761.22
580,22,9724.13
580,23,9737.36
580,24,9721.44
580,25,9747.67
580,26,9744.49
580,27,9765.85
580,28,9747.19
580,29,9749.97
580,30,9732.36
580,31,9707.9
580,32,9741.69
580,33,9770.26
580,34,9713.6
580,35,9714.11
580,36,9766.76
580,37,9734.34
580,38,9706.47
580,39,9706.82
580,40,9702.42
580,41,9759.29
580,42,9715.06
580,43,9779.74
580,44,9706.95
580,45,9754.73
580,46,9782.68
580,47,9706.35
580,48,9770.33
580,49,9717.16
580,50,9762.8
580,51,9725.47
580,52,9734.27
580,53,9704.09
580,54,9732.7
580,55,9749.36
580,56,9740.72
580,57,9744.93
580,58,9742.78
580,59,9778.96
580,60,9749.8
580,61,9725.68
580,62,9730.21
580,63,9752.23
580,64,9716.37
580,65,9731.54
580,66,9740.48
580,67,9754.26
580,68,9724.8
580,69,9709.99
580,70,9733.24
580,71,9767.11
580,72,9751.38
580,73,9675.85
580,74,9795.18
580,75,9760.77
580,76,9739.09
580,77,9744.72
580,78,9706.14
580,79,9746.43
580,80,9803.67
580,81,9778.94
580,82,9777.92
580,83,9727.49
580,84,9762.72
580,85,9703.43
580,86,9722.19
580,87,9778.14
580,88,9722.25
580,89,9727.55
580,90,9767.75
580,91,9743.5
580,92,9748.87
580,93,9750.88
580,94,9737.12
580,95,9799.32
580,96,9727.07
580,97,9734.79
580,98,9690.54
580,99,9764.22
590,0,9792.59
590,1,9770.39
590,2,9684.96
590,3,9732.2
590,4,9778.43
590,5,9691.06
590,6,9720.46
590,7,9745.42
590,8,9702.03
590,9,9746.51
590,10,9729.55
590,11,9744.94
590,12,9715.33
590,13,9725.1
590,14,9787.76
590,15,9762.25
590,16,9741.61
590,17,9737.41
590,18,9694.93
590,19,9706.47
590,20,9685.78
590,21,9751.08
590,22,9708.62
590,23,9722.86
590,24,9708.33
590,25,9733.66
590,26,9727.87
590,27,9756.46
590,28,9735.71
590,29,9735.79
590,30,9719.19
590,31,9693.28
590,32,9729.25
590,33,9759.76
590,34,9697.69
590,35,9699.13
590,36,9754.52
590,37,9721.64
590,38,9689.72
590,39,9690.55
590,40,9685.71
590,41,9747.73
590,42,9702.54
590,43,9767.15
590,44,9691.74
590,45,9742.8
590,46,9768.75
590,47,9692.11
590,48,9759.45
590,49,9701.65
590,50,9750.83
590,51,9711.85
590,52,9718.63
590,53,9690.47
590,54,9718.21
590,55,9735.28
590,56,9726.6
590,57,9730.96
590,58,9724.95
590,59,9769.04
590,60,9738.65
590,61,9709.89
590,62,9715.1
590,63,9738.97
590,64,9701.31
590,65,9717.68
590,66,9726.51
590,67,9741.67
590,68,9712.01
590,69,9693.59
590,70,9720.48
590,71,9756.57
590,72,9737.39
590,73,9659.1
590,74,9786.09
590,75,9749.42
590,76,9728.24
590,77,9730.27
590,78,9689.2
590,79,9734.98
590,80,9793.32
590,81,9767.96
590,82,9766.58
590,83,9712.78
590,84,9752.15
590,85,9690.17
590,86,9706.54
590,87,9768.03
590,88,9707.82
590,89,9712.02
590,90,9755.65
590,91,9730.31
590,92,9737.13
590,93,9736.56
590,94,9720.85
590,95,9787.85
590,96,9713.44
590,97,9721.85
590,98,9673.5
590,99,9753.76
600,0,9792.29
600,1,9770.09
600,2,9684.66
600,3,9731.9
600,4,9778.13
600,5,9690.76
600,6,9720.16
600,7,9745.12
600,8,9701.73
600,9,9746.21
600,10,9729.25
600,11,9744.64
600,12,9715.03
600,13,9724.8
600,14,9787.46
600,15,9761.95
600,16,9741.31
600,17,9737.11
600,18,9694.63
600,19,9706.17
600,20,9685.48
600,21,9750.78
600,22,9708.32
600,23,9722.56
600,24,9708.03
600,25,9733.36
600,26,9727.57
600,27,9756.16
600,28,9735.41
600,29,9735.49
600,30,9718.89
600,31,9692.98
600,32,9728.95
600,33,9759.46
600,34,9697.39
600,35,9698.83
600,36,9754.22
600,37,9721.34
600,38,9689.42
600,39,9690.25
600,40,9685.41
600,41,9747.43
600,42,9702.24
600,43,9766.85
600,44,9691.44
600,45,9742.5
600,46,9768.45
600,47,9691.81
600,48,9759.15
600,49,9701.35
600,50,9750.53
600,51,9711.55
600,52,9718.33
600,53,9690.17
600,54,9717.91
600,55,9734.98
600,56,9726.3
600,57,9730.66
600,58,9724.65
600,59,9768.74
600,60,9738.35
600,61,9709.59
600,62,9714.8
600,63,9738.67
600,64,9701.01
600,65,9717.38
600,66,9726.21
600,67,9741.37
600,68,9711.71
600,69,9693.29
600,70,9720.18
600,71,9756.27
600,72,9737.09
600,73,9658.8
600,74,9785.79
600,75,9749.12
600,76,9727.94
600,77,9729.97
600,78,9688.9
600,79,9734.68
600,80,9793.02
600,81,9767.66
600,82,9766.28
600,83,9712.48
600,84,9751.85
600,85,9689.87
600,86,9706.24
600,87,9767.73
600,88,9707.52
600,89,9711.72
600,90,9755.35
600,91,9730.01
600,92,9736.83
600,93,9736.26
600,94,9720.55
600,95,9787.55
600,96,9713.14
600,97,9721.55
600,98,9673.2
600,99,9753.46
610,0,9791.99
610,1,9769.79
610,2,9684.36
610,3,9731.6
610,4,9777.83
610,5,9690.46
610,6,9719.86
610,7,9744.82
610,8,9701.43
610,9,9745.91
610,10,9728.95
610,11,9744.34
610,12,9714.73
610,13,9724.5
610,14,9787.16
610,15,9761.65
610,16,9741.01
610,17,9736.81
610,18,9694.33
610,19,9705.87
610,20,9685.18
610,21,9750.48
610,22,9708.02
610,23,9722.26
610,24,9707.73
610,25,9733.06
610,26,9727.27
610,27,9755.86
610,28,9735.11
610,29,9735.19
610,30,9718.59
610,31,9692.68
610,32,9728.65
610,33,9759.16
610,34,9697.09
610,35,9698.53
610,36,9753.92
610,37,9721.04
610,38,9689.12
610,39,9689.95
610,40,9685.11
610,41,9747.13
610,42,9701.94
610,43,9766.55
610,44,9691.14
610,45,9742.2
610,46,9768.15
610,47,9691.51
610,48,9758.85
610,49,9701.05
610,50,9750.23
610,51,9711.25
610,52,9718.03
610,53,9689.87
610,54,9717.61
610,55,9734.68
610,56,9726
610,57,9730.36
610,58,9724.35
610,59,9768.44
610,60,9738.05
610,61,9709.29
610,62,9714.5
610,63,9738.37
610,64,9700.71
610,65,9717.08
610,66,9725.91
610,67,9741.07
610,68,9711.41
610,69,9692.99
610,70,9719.88
610,71,9755.97
610,72,9736.79
610,73,9658.5
610,74,9785.49
610,75,9748.82
610,76,9727.64
610,77,9729.67
610,78,9688.6
610,79,9734.38
610,80,9792.72
610,81,9767.36
610,82,9765.98
610,83,9712.18
610,84,9751.55
610,85,9689.57
610,86,9705.94
610,87,9767.43
610,88,9707.22
610,89,9711.42
610,90,9755.05
610,91,9729.71
610,92,9736.53
610,93,9735.96
610,94,9720.25
610,95,9787.25
610,96,9712.84
610,97,9721.25
610,98,9672.9
610,99,9753.16
620,0,9782.03
620,1,9760.74
620,2,9669.5
620,3,9720.15
620,4,9766.71
620,5,9676.78
620,6,9707.96
620,7,9731.37
620,8,9687.45
620,9,9734.06
620,10,9715.37
620,11,9732.62
620,12,9701.1
620,13,9709.98
620,14,9777.4
620,15,9750.04
620,16,9729.7
620,17,9726.01
620,18,9679.27
620,19,9692.29
620,20,9672.03
620,21,9739.92
620,22,9693.8
620,23,9709.74
620,24,9695.14
620,25,9720.36
620,26,9714.22
620,27,9746.05
620,28,9721.24
620,29,9722.33
620,30,9702.53
620,31,9677.39
620,32,9716.03
620,33,9747.75
620,34,9683.25
620,35,9683.78
620,36,9740.51
620,37,9709.22
620,38,9675.2
620,39,9673.81
620,40,9668.58
620,41,9735.41
620,42,9688.41
620,43,9751.8
620,44,9674.68
620,45,9729.23
620,46,9753.27
620,47,9675.53
620,48,9746.9
620,49,9688.19
620,50,9737.08
620,51,9698.86
620,52,9703.81
620,53,9674.07
620,54,9704.9
620,55,9721.22
620,56,9713.62
620,57,9715.87
620,58,9707.91
620,59,9757.72
620,60,9726.51
620,61,9696.66
620,62,9700.22
620,63,9727.16
620,64,9685.2
620,65,9705.45
620,66,9713.59
620,67,9727
620,68,9698.89
620,69,9676.26
620,70,9706.29
620,71,9744.34
620,72,9722.17
620,73,9643.49
620,74,9774.81
620,75,9736.66
620,76,9715.44
620,77,9717.76
620,78,9673.63
620,79,9722.74
620,80,9782.84
620,81,9755.72
620,82,9753.33
620,83,9698.84
620,84,9739.22
620,85,9673.92
620,86,9692.11
620,87,9756.86
620,88,9691.9
620,89,9698.85
620,90,9743.3
620,91,9717.2
620,92,9724.64
620,93,9722.67
620,94,9705.59
620,95,9776.68
620,96,9698.33
620,97,9711.01
620,98,9655.45
620,99,9741.7
630,0,9781.73
630,1,9760.44
630,2,9669.2
630,3,9719.85
630,4,9766.41
630,5,9676.48
630,6,9707.66
630,7,9731.07
630,8,9687.15
630,9,9733.76
630,10,9715.07
630,11,9732.32
630,12,9700.8
630,13,9709.68
630,14,9777.1
630,15,9749.74
630,16,9729.4
630,17,9725.71
630,18,9678.97
630,19,9691.99
630,20,9671.73
630,21,9739.62
630,22,9693.5
630,23,9709.44
630,24,9694.84
630,25,9720.06
630,26,9713.92
630,27,9745.75
630,28,9720.94
630,29,9722.03
630,30,9702.23
630,31,9677.09
630,32,9715.73
630,33,9747.45
630,34,9682.95
630,35,9683.48
630,36,9740.21
630,37,9708.92
630,38,9674.9
630,39,9673.51
630,40,9668.28
630,41,9735.11
630,42,9688.11
630,43,9751.5
630,44,9674.38
630,45,9728.93
630,46,9752.97
630,47,9675.23
630,48,9746.6
630,49,9687.89
630,50,9736.78
630,51,9698.56
630,52,9703.51
630,53,9673.77
630,54,9704.6
630,55,9720.92
630,56,9713.32
630,57,9715.57
630,58,9707.61
630,59,9757.42
630,60,9726.21
630,61,9696.36
630,62,9699.92
630,63,9726.86
630,64,9684.9
630,65,9705.15
630,66,9713.29
630,67,9726.7
630,68,9698.59
630,69,9675.96
630,70,9705.99
630,71,9744.04
630,72,9721.87
630,73,9643.19
630,74,9774.51
630,75,9736.36
630,76,9715.14
630,77,9717.46
630,78,9673.33
630,79,9722.44
630,80,9782.54
630,81,9755.42
630,82,9753.03
630,83,9698.54
630,84,9738.92
630,85,9673.62
630,86,9691.81
630,87,9756.56
630,88,9691.6
630,89,9698.55
630,90,9743
630,91,9716.9
630,92,9724.34
630,93,9722.37
630,94,9705.29
630,95,9776.38
630,96,9698.03
630,97,9710.71
630,98,9655.15
630,99,9741.4
640,0,9781.43
640,1,9760.14
640,2,9668.9
640,3,9719.55
640,4,9766.11
640,5,9676.18
640,6,9707.36
640,7,9730.77
640,8,9686.85
640,9,9733.46
640,10,9714.77
640,11,9732.02
640,12,9700.5
640,13,9709.38
640,14,9776.8
640,15,9749.44
640,16,9729.1
640,17,9725.41
640,18,9678.67
640,19,9691.69
640,20,9671.43
640,21,9739.32
640,22,9693.2
640,23,9709.14
640,24,9694.54
640,25,9719.76
640,26,9713.62
640,27,9745.45
640,28,9720.64
640,29,9721.73
640,30,9701.93
640,31,9676.79
640,32,9715.43
640,33,9747.15
640,34,9682.65
640,35,9683.18
640,36,9739.91
640,37,9708.62
640,38,9674.6
640,39,9673.21
640,40,9667.98
640,41,9734.81
640,42,9687.81
640,43,9751.2
640,44,9674.08
640,45,9728.63
640,46,9752.67
640,47,9674.93
640,48,9746.3
640,49,9687.59
640,50,9736.48
640,51,9698.26
640,52,9703.21
640,53,9673.47
640,54,9704.3
640,55,9720.62
640,56,9713.02
640,57,9715.27
640,58,9707.31
640,59,9757.12
640,60,9725.91
640,61,9696.06
640,62,9699.62
640,63,9726.56
640,64,9684.6
640,65,9704.85
640,66,9712.99
640,67,9726.4
640,68,9698.29
640,69,9675.66
640,70,9705.69
640,71,9743.74
640,72,9721.57
640,73,9642.89
640,74,9774.21
640,75,9736.06
640,76,9714.84
640,77,9717.16
640,78,9673.03
640,79,9722.14
640,80,9782.24
640,81,9755.12
640,82,9752.73
640,83,9698.24
640,84,9738.62
640,85,9673.32
640,86,9691.51
640,87,9756.26
640,88,9691.3
640,89,9698.25
640,90,9742.7
640,91,9716.6
640,92,9724.04
640,93,9722.07
640,94,9704.99
640,95,9776.08
640,96,9697.73
640,97,9710.41
640,98,9654.85
640,99,9741.1
650,0,9770.44
650,1,9748.78
650,2,9654.54
650,3,9708.15
650,4,9755.11
650,5,9661.17
650,6,9694.54
650,7,9715.22
650,8,9669.24
650,9,9721.6
650,10,9700.66
650,11,9717.88
650,12,9686.73
650,13,9695.28
650,14,9766.53
650,15,9734.75
650,16,9719.66
650,17,9711.27
650,18,9660.8
650,19,9675.69
650,20,9654.86
650,21,9728.41
650,22,9678.73
650,23,9695.77
650,24,9681.36
650,25,9706.81
650,26,9697.07
650,27,9734.86
650,28,9704.01
650,29,9707.09
650,30,9687.8
650,31,9659.35
650,32,9701.91
650,33,9734.31
650,34,9666.08
650,35,9667.43
650,36,9729.14
650,37,9693.5
650,38,9659.53
650,39,9657.24
650,40,9650.7
650,41,9721.14
650,42,9672.42
650,43,9739.44
650,44,9655.54
650,45,9713.51
650,46,9739.34
650,47,9661.08
650,48,9734.01
650,49,9671.8
650,50,9725.18
650,51,9684.97
650,52,9688.42
650,53,9655.52
650,54,9690.38
650,55,9707.94
650,56,9698.16
650,57,9700.56
650,58,9692.69
650,59,9745.91
650,60,9712.05
650,61,9679.79
650,62,9685.59
650,63,9714.53
650,64,9666.95
650,65,9689.94
650,66,9698.89
650,67,9711.38
650,68,9682.56
650,69,9658.61
650,70,9693.33
650,71,9732.74
650,72,9705.78
650,73,9623.51
650,74,9762.57
650,75,9722.99
650,76,9702.12
650,77,9701.41
650,78,9657.69
650,79,9706.07
650,80,9771.56
650,81,9742.01
650,82,9739.74
650,83,9684.31
650,84,9725.89
650,85,9652.65
650,86,9675.06
650,87,9744.89
650,88,9676.24
650,89,9685.09
650,90,9729.92
650,91,9703.36
650,92,9713.47
650,93,9707.9
650,94,9689.32
650,95,9763.76
650,96,9679.3
650,97,9697.75
650,98,9638.21
650,99,9730.49
660,0,9770.14
660,1,9748.48
660,2,9654.24
660,3,9707.85
660,4,9754.81
660,5,9660.87
660,6,9694.24
660,7,9714.92
660,8,9668.94
660,9,9721.3
660,10,9700.36
660,11,9717.58
660,12,9686.43
660,13,9694.98
660,14,9766.23
660,15,9734.45
660,16,9719.36
660,17,9710.97
660,18,9660.5
660,19,9675.39
660,20,9654.56
660,21,9728.11
660,22,9678.43
660,23,9695.47
660,24,9681.06
660,25,9706.51
660,26,9696.77
660,27,9734.56
660,28,9703.71
660,29,9706.79
660,30,9687.5
660,31,9659.05
660,32,9701.61
660,33,9734.01
660,34,9665.79
660,35,9667.13
660,36,9728.84
660,37,9693.2
660,38,9659.23
660,39,9656.94
660,40,9650.4
660,41,9720.84
660,42,9672.12
660,43,9739.14
660,44,9655.24
660,45,9713.21
660,46,9739.04
660,47,9660.78
660,48,9733.71
660,49,9671.5
660,50,9724.88
660,51,9684.67
660,52,9688.12
660,53,9655.22
660,54,9690.08
660,55,9707.64
660,56,9697.86
660,57,9700.26
660,58,9692.39
660,59,9745.61
660,60,9711.75
660,61,9679.49
660,62,9685.29
660,63,9714.23
660,64,9666.65
660,65,9689.64
660,66,9698.59
660,67,9711.08
660,68,9682.26
660,69,9658.31
660,70,9693.03
660,71,9732.44
660,72,9705.48
660,73,9623.23
660,74,9762.27
660,75,9722.69
660,76,9701.82
660,77,9701.11
660,78,9657.39
660,79,9705.77
660,80,9771.26
660,81,9741.71
660,82,9739.44
660,83,9684.01
660,84,9725.59
660,85,9652.35
660,86,9674.76
660,87,9744.59
660,88,9675.94
660,89,9684.79
660,90,9729.62
660,91,9703.06
660,92,9713.17
660,93,9707.6
660,94,9689.02
660,95,9763.46
660,96,9679.01
660,97,9697.45
660,98,9637.91
660,99,9730.19
670,0,9769.84
670,1,9748.18
670,2,9653.94
670,3,9707.55
670,4,9754.51
670,5,9660.57
670,6,9693.94
670,7,9714.62
670,8,9668.64
670,9,9721
670,10,9700.06
670,11,9717.28
670,12,9686.13
670,13,9694.68
670,14,9765.93
670,15,9734.15
670,16,9719.06
670,17,9710.67
670,18,9660.2
670,19,9675.09
670,20,9654.26
670,21,9727.81
670,22,9678.13
670,23,9695.17
670,24,9680.76
670,25,9706.21
670,26,9696.47
670,27,9734.26
670,28,9703.41
670,29,9706.49
670,30,9687.2
670,31,9658.75
670,32,9701.31
670,33,9733.71
670,34,9665.49
670,35,9666.83
670,36,9728.54
670,37,9692.9
670,38,9658.93
670,39,9656.64
670,40,9650.1
670,41,9720.54
670,42,9671.82
670,43,9738.84
670,44,9654.94
670,45,9712.91
670,46,9738.74
670,47,9660.48
670,48,9733.41
670,49,9671.2
670,50,9724.58
670,51,9684.37
670,52,9687.82
670,53,9654.92
670,54,9689.78
670,55,9707.34
670,56,9697.56
670,57,9699.96
670,58,9692.09
670,59,9745.31
670,60,9711.45
670,61,9679.19
670,62,9684.99
670,63,9713.93
670,64,9666.35
670,65,9689.34
670,66,9698.29
670,67,9710.78
670,68,9681.96
670,69,9658.01
670,70,9692.73
670,71,9732.14
670,72,9705.18
670,73,9622.93
670,74,9761.97
670,75,9722.39
670,76,9701.52
670,77,9700.81
670,78,9657.09
670,79,9705.47
670,80,9770.96
670,81,9741.41
670,82,9739.14
670,83,9683.71
670,84,9725.29
670,85,9652.05
670,86,9674.46
670,87,9744.29
670,88,9675.64
670,89,9684.49
670,90,9729.32
670,91,9702.76
670,92,9712.87
670,93,9707.3
670,94,9688.72
670,95,9763.16
670,96,9678.71
670,97,9697.15
670,98,9637.61
670,99,9729.89
680,0,9758.87
680,1,9736.17
680,2,9641.42
680,3,9697.6
680,4,9744.02
680,5,9648.68
680,6,9681.68
680,7,9705.21
680,8,9657.28
680,9,9709.14
680,10,9689.75
680,11,9705.16
680,12,9675.14
680,13,9681.57
680,14,9755.12
680,15,9720.71
680,16,9704.47
680,17,9699.82
680,18,9646.91
680,19,9664.95
680,20,9643.06
680,21,9717.93
680,22,9665.67
680,23,9682.9
680,24,9666.11
680,25,9695.99
680,26,9681.74
680,27,9723.96
680,28,9689.39
680,29,9695.3
680,30,9673.39
680,31,9645.99
680,32,9690.22
680,33,9721.6
680,34,9652.62
680,35,9651.93
680,36,9718.39
680,37,9683.61
680,38,9646.25
680,39,9642.85
680,40,9637.33
680,41,9707.96
680,42,9658.44
680,43,9729.56
680,44,9643.32
680,45,9700.95
680,46,9728.6
680,47,9648.58
680,48,9721.11
680,49,9659.78
680,50,9714.83
680,51,9671.04
680,52,9675.65
680,53,9643.04
680,54,9678.11
680,55,9695.23
680,56,9685.91
680,57,9687.53
680,58,9679.94
680,59,9730.67
680,60,9697.79
680,61,9668.13
680,62,9674.54
680,63,9697.44
680,64,9655.32
680,65,9676.36
680,66,9687.44
680,67,9698.38
680,68,9670.85
680,69,9641.76
680,70,9681.01
680,71,9721.63
680,72,9694.96
680,73,9608.85
680,74,9749.47
680,75,9709.3
680,76,9689.56
680,77,9690.23
680,78,9644.57
680,79,9694.96
680,80,9761.04
680,81,9729.16
680,82,9726.04
680,83,9670.8
680,84,9713.87
680,85,9637.01
680,86,9662.22
680,87,9735.04
680,88,9664.67
680,89,9672.78
680,90,9716.49
680,91,9689.18
680,92,9701.04
680,93,9695.17
680,94,9675.75
680,95,9751.55
680,96,9664.96
680,97,9685.42
680,98,9621.2
680,99,9718.11
690,0,9758.57
690,1,9735.87
690,2,9641.12
690,3,9697.3
690,4,9743.72
690,5,9648.38
690,6,9681.38
690,7,9704.91
690,8,9656.98
690,9,9708.84
690,10,9689.45
690,11,9704.86
690,12,9674.84
690,13,9681.27
690,14,9754.82
690,15,9720.41
690,16,9704.17
690,17,9699.52
690,18,9646.61
690,19,9664.65
690,20,9642.76
690,21,9717.63
690,22,9665.37
690,23,9682.6
690,24,9665.81
690,25,9695.69
690,26,9681.44
690,27,9723.66
690,28,9689.09
690,29,9695
690,30,9673.09
690,31,9645.69
690,32,9689.92
690,33,9721.3
690,34,9652.32
690,35,9651.63
690,36,9718.09
690,37,9683.31
690,38,9645.95
690,39,9642.55
690,40,9637.03
690,41,9707.66
690,42,9658.14
690,43,9729.26
690,44,9643.02
690,45,9700.65
690,46,9728.3
690,47,9648.28
690,48,9720.81
690,49,9659.48
690,50,9714.53
690,51,9670.74
690,52,9675.35
690,53,9642.74
690,54,9677.81
690,55,9694.93
690,56,9685.61
690,57,9687.23
690,58,9679.64
690,59,9730.37
690,60,9697.49
690,61,9667.83
690,62,9674.24
690,63,9697.14
690,64,9655.02
690,65,9676.06
690,66,9687.14
690,67,9698.08
690,68,9670.55
690,69,9641.46
690,70,9680.71
690,71,9721.33
690,72,9694.66
690,73,9608.55
690,74,9749.17
690,75,9709
690,76,9689.26
690,77,9689.93
690,78,9644.27
690,79,9694.66
690,80,9760.74
690,81,9728.86
690,82,9725.74
690,83,9670.5
690,84,9713.57
690,85,9636.71
690,86,9661.92
690,87,9734.74
690,88,9664.37
690,89,9672.48
690,90,9716.19
690,91,9688.88
690,92,9700.74
690,93,9694.87
690,94,9675.45
690,95,9751.25
690,96,9664.66
690,97,9685.12
690,98,9620.9
690,99,9717.81
700,0,9758.27
700,1,9735.57
700,2,9640.82
700,3,9697
700,4,9743.42
700,5,9648.08
700,6,9681.08
700,7,9704.61
700,8,9656.68
700,9,9708.54
700,10,9689.15
700,11,9704.56
700,12,9674.54
700,13,9680.97
700,14,9754.52
700,15,9720.11
700,16,9703.87
700,17,9699.22
700,18,9646.31
700,19,9664.35
700,20,9642.46
700,21,9717.33
700,22,9665.07
700,23,9682.3
700,24,9665.51
700,25,9695.39
700,26,9681.14
700,27,9723.36
700,28,9688.79
700,29,9694.7
700,30,9672.79
700,31,9645.39
700,32,9689.62
700,33,9721
700,34,9652.02
700,35,9651.33
700,36,9717.79
700,37,9683.01
700,38,9645.65
700,39,9642.25
700,40,9636.73
700,41,9707.36
700,42,9657.84
700,43,9728.96
700,44,9642.72
700,45,9700.35
700,46,9728
700,47,9647.98
700,48,9720.51
700,49,9659.18
700,50,9714.23
700,51,9670.44
700,52,9675.05
700,53,9642.44
700,54,9677.51
700,55,9694.63
700,56,9685.31
700,57,9686.93
700,58,9679.34
700,59,9730.07
700,60,9697.19
700,61,9667.53
700,62,9673.94
700,63,9696.84
700,64,9654.72
700,65,9675.76
700,66,9686.84
700,67,9697.78
700,68,9670.25
700,69,9641.16
700,70,9680.41
700,71,9721.03
700,72,9694.36
700,73,9608.25
700,74,9748.87
700,75,9708.7
700,76,9688.96
700,77,9689.63
700,78,9643.97
700,79,9694.36
700,80,9760.44
700,81,9728.56
700,82,9725.44
700,83,9670.2
700,84,9713.27
700,85,9636.41
700,86,9661.62
700,87,9734.44
700,88,9664.07
700,89,9672.18
700,90,9715.89
700,91,9688.58
700,92,9700.44
700,93,9694.57
700,94,9675.15
700,95,9750.95
700,96,9664.36
700,97,9684.82
700,98,9620.6
700,99,9717.51
710,0,9745
710,1,9722.69
710,2,9625.42
710,3,9685.55
710,4,9731.36
710,5,9629.83
710,6,9664.78
710,7,9691.97
710,8,9643.06
710,9,9693.34
710,10,9677.59
710,11,9692.14
710,12,9660.28
710,13,9664.73
710,14,9742.72
710,15,9707.28
710,16,9688.82
710,17,9683.76
710,18,9632.69
710,19,9649.65
710,20,9629.75
710,21,9703.34
710,22,9650.7
710,23,9669.26
710,24,9650.8
710,25,9683.69
710,26,9669.35
710,27,9709.73
710,28,9674.96
710,29,9681.78
710,30,9658.52
710,31,9630.29
710,32,9674.32
710,33,9708.69
710,34,9637.62
710,35,9636.39
710,36,9706.16
710,37,9671.66
710,38,9630.06
710,39,9625.77
710,40,9623.11
710,41,9691.14
710,42,9643.61
710,43,9718.11
710,44,9627.64
710,45,9685.2
710,46,9716.75
710,47,9631.14
710,48,9708.16
710,49,9646.18
710,50,9698.49
710,51,9653.91
710,52,9660.68
710,53,9627.11
710,54,9664.63
710,55,9681.91
710,56,9672.59
710,57,9672.14
710,58,9663.32
710,59,9715.1
710,60,9684.55
710,61,9653.11
710,62,9661.18
710,63,9678.13
710,64,9640.57
710,65,9659.72
710,66,9672.13
710,67,9681.34
710,68,9653.65
710,69,9624.74
710,70,9666.29
710,71,9709.92
710,72,9680.35
710,73,9592.55
710,74,9736.68
710,75,9695.5
710,76,9676.36
710,77,9675.94
710,78,9628.46
710,79,9680.99
710,80,9746.6
710,81,9715.85
710,82,9712.17
710,83,9656.91
710,84,9701.27
710,85,9619.5
710,86,9647.85
710,87,9723.32
710,88,9651.57
710,89,9654.8
710,90,9702.75
710,91,9674.98
710,92,9687.83
710,93,9681.13
710,94,9660.54
710,95,9739
710,96,9651.36
710,97,9672
710,98,9604.89
710,99,9704.32
720,0,9744.7
720,1,9722.39
720,2,9625.12
720,3,9685.25
720,4,9731.06
720,5,9629.57
720,6,9664.5
720,7,9691.67
720,8,9642.76
720,9,9693.04
720,10,9677.29
720,11,9691.84
720,12,9659.98
720,13,9664.43
720,14,9742.42
720,15,9706.98
720,16,9688.52
720,17,9683.48
720,18,9632.39
720,19,9649.35
720,20,9629.45
720,21,9703.04
720,22,9650.4
720,23,9668.96
720,24,9650.5
720,25,9683.39
720,26,9669.05
720,27,9709.43
720,28,9674.66
720,29,9681.48
720,30,9658.22
720,31,9629.99
720,32,9674.02
720,33,9708.39
720,34,9637.32
720,35,9636.09
720,36,9705.86
720,37,9671.36
720,38,9629.78
720,39,9625.47
720,40,9622.81
720,41,9690.87
720,42,9643.31
720,43,9717.81
720,44,9627.34
720,45,9684.91
720,46,9716.45
720,47,9630.85
720,48,9707.86
720,49,9645.88
720,50,9698.19
720,51,9653.62
720,52,9660.38
720,53,9626.82
720,54,9664.33
720,55,9681.61
720,56,9672.29
720,57,9671.84
720,58,9663.02
720,59,9714.8
720,60,9684.25
720,61,9652.81
720,62,9660.88
720,63,9677.83
720,64,9640.27
720,65,9659.42
720,66,9671.83
720,67,9681.05
720,68,9653.37
720,69,9624.44
720,70,9665.99
720,71,9709.62
720,72,9680.05
720,73,9592.25
720,74,9736.38
720,75,9695.2
720,76,9676.06
720,77,9675.64
720,78,9628.16
720,79,9680.69
720,80,9746.3
720,81,9715.55
720,82,9711.87
720,83,9656.61
720,84,9700.97
720,85,9619.2
720,86,9647.55
720,87,9723.02
720,88,9651.27
720,89,9654.52
720,90,9702.45
720,91,9674.68
720,92,9687.53
720,93,9680.83
720,94,9660.24
720,95,9738.7
720,96,9651.06
720,97,9671.7
720,98,9604.6
720,99,9704.02
730,0,9744.4
730,1,9722.09
730,2,9624.82
730,3,9684.95
730,4,9730.76
730,5,9629.27
730,6,9664.2
730,7,9691.37
730,8,9642.46
730,9,9692.74
730,10,9676.99
730,11,9691.54
730,12,9659.68
730,13,9664.13
730,14,9742.12
730,15,9706.68
730,16,9688.22
730,17,9683.18
730,18,9632.09
730,19,9649.05
730,20,9629.15
730,21,9702.74
730,22,9650.1
730,23,9668.66
730,24,9650.2
730,25,9683.09
730,26,9668.75
730,27,9709.13
730,28,9674.36
730,29,9681.18
730,30,9657.92
730,31,9629.69
730,32,9673.72
730,33,9708.09
730,34,9637.02
730,35,9635.79
730,36,9705.56
730,37,9671.06
730,38,9629.48
730,39,9625.17
730,40,9622.51
730,41,9690.57
730,42,9643.01
730,43,9717.51
730,44,9627.04
730,45,9684.61
730,46,9716.15
730,47,9630.55
730,48,9707.56
730,49,9645.58
730,50,9697.89
730,51,9653.32
730,52,9660.08
730,53,9626.52
730,54,9664.03
730,55,9681.31
730,56,9671.99
730,57,9671.54
730,58,9662.72
730,59,9714.5
730,60,9683.95
730,61,9652.51
730,62,9660.58
730,63,9677.53
730,64,9639.97
730,65,9659.12
730,66,9671.53
730,67,9680.75
730,68,9653.07
730,69,9624.14
730,70,9665.69
730,71,9709.32
730,72,9679.75
730,73,9591.95
730,74,9736.08
730,75,9694.9
730,76,9675.76
730,77,9675.34
730,78,9627.86
730,79,9680.39
730,80,9746
730,81,9715.25
730,82,9711.57
730,83,9656.31
730,84,9700.67
730,85,9618.9
730,86,9647.25
730,87,9722.72
730,88,9650.97
730,89,9654.22
730,90,9702.15
730,91,9674.38
730,92,9687.23
730,93,9680.53
730,94,9659.94
730,95,9738.4
730,96,9650.76
730,97,9671.4
730,98,9604.3
730,99,9703.72
740,0,9732.77
740,1,9710.91
740,2,9612.8
740,3,9674.77
740,4,9720.07
740,5,9617.24
740,6,9653.05
740,7,9679.93
740,8,9629.05
740,9,9681.36
740,10,9666.22
740,11,9680.87
740,12,9648.24
740,13,9649.64
740,14,9731.97
740,15,9693.89
740,16,9673.72
740,17,9672.77
740,18,9620.57
740,19,9636.28
740,20,9616.75
740,21,9691.95
740,22,9637.59
740,23,9656.29
740,24,9637.6
740,25,9670.77
740,26,9657.49
740,27,9698.6
740,28,9664.38
740,29,9667.99
740,30,9644.79
740,31,9615.94
740,32,9661.46
740,33,9696.85
740,34,9624.41
740,35,9622.6
740,36,9691.44
740,37,9660.17
740,38,9616.52
740,39,9609.09
740,40,9607.78
740,41,9678.89
740,42,9631.6
740,43,9707.94
740,44,9612.38
740,45,9670.01
740,46,9701.59
740,47,9614.97
740,48,9695.06
740,49,9633.51
740,50,9685.36
740,51,9638.32
740,52,9646.06
740,53,9611.16
740,54,9651.9
740,55,9670.03
740,56,9660.92
740,57,9660.04
740,58,9645.93
740,59,9703.36
740,60,9673.29
740,61,9641.26
740,62,9649.94
740,63,9660.14
740,64,9625.8
740,65,9647.59
740,66,9660.1
740,67,9664.63
740,68,9640.65
740,69,9608.21
740,70,9654.16
740,71,9697.76
740,72,9668.95
740,73,9576.1
740,74,9723.29
740,75,9681.89
740,76,9664.8
740,77,9664.18
740,78,9613.52
740,79,9671.74
740,80,9735.47
740,81,9703.73
740,82,9700.04
740,83,9643.66
740,84,9687.57
740,85,9606.09
740,86,9634.67
740,87,9713.05
740,88,9639.99
740,89,9640.96
740,90,9690.77
740,91,9662.17
740,92,9675
740,93,9667.59
740,94,9645.6
740,95,9727.45
740,96,9639.07
740,97,9660.57
740,98,9591.12
740,99,9691.51
750,0,9732.47
750,1,9710.61
750,2,9612.5
750,3,9674.47
750,4,9719.77
750,5,9616.94
750,6,9652.75
750,7,9679.63
750,8,9628.75
750,9,9681.06
750,10,9665.92
750,11,9680.57
750,12,9647.94
750,13,9649.34
750,14,9731.67
750,15,9693.59
750,16,9673.42
750,17,9672.47
750,18,9620.27
750,19,9635.98
750,20,9616.45
750,21,9691.65
750,22,9637.29
750,23,9655.99
750,24,9637.3
750,25,9670.47
750,26,9657.19
750,27,9698.3
750,28,9664.08
750,29,9667.69
750,30,9644.49
750,31,9615.64
750,32,9661.16
750,33,9696.55
750,34,9624.11
750,35,9622.3
750,36,9691.14
750,37,9659.87
750,38,9616.22
750,39,9608.81
750,40,9607.49
750,41,9678.59
750,42,9631.3
750,43,9707.64
750,44,9612.09
750,45,9669.72
750,46,9701.29
750,47,9614.67
750,48,9694.76
750,49,9633.21
750,50,9685.06
750,51,9638.02
750,52,9645.76
750,53,9610.86
750,54,9651.6
750,55,9669.73
750,56,9660.62
750,57,9659.74
750,58,9645.63
750,59,9703.06
750,60,9672.99
750,61,9640.96
750,62,9649.64
750,63,9659.84
750,64,9625.5
750,65,9647.29
750,66,9659.8
750,67,9664.34
750,68,9640.35
750,69,9607.92
750,70,9653.86
750,71,9697.46
750,72,9668.65
750,73,9575.82
750,74,9722.99
750,75,9681.59
750,76,9664.5
750,77,9663.88
750,78,9613.22
750,79,9671.44
750,80,9735.17
750,81,9703.43
750,82,9699.74
750,83,9643.36
750,84,9687.27
750,85,9605.79
750,86,9634.37
750,87,9712.75
750,88,9639.69
750,89,9640.66
750,90,9690.47
750,91,9661.87
750,92,9674.7
750,93,9667.29
750,94,9645.3
750,95,9727.15
750,96,9638.77
750,97,9660.27
750,98,9590.82
750,99,9691.21
760,0,9732.17
760,1,9710.31
760,2,9612.2
760,3,9674.17
760,4,9719.47
760,5,9616.64
760,6,9652.45
760,7,9679.33
760,8,9628.45
760,9,9680.76
760,10,9665.62
760,11,9680.27
760,12,9647.64
760,13,9649.04
760,14,9731.37
760,15,9693.29
760,16,9673.12
760,17,9672.17
760,18,9619.97
760,19,9635.68
760,20,9616.15
760,21,9691.35
760,22,9636.99
760,23,9655.69
760,24,9637
760,25,9670.17
760,26,9656.89
760,27,9698
760,28,9663.78
760,29,9667.39
760,30,9644.19
760,31,9615.34
760,32,9660.86
760,33,9696.25
760,34,9623.81
760,35,9622
760,36,9690.84
760,37,9659.57
760,38,9615.92
760,39,9608.51
760,40,9607.19
760,41,9678.29
760,42,9631
760,43,9707.34
760,44,9611.79
760,45,9669.42
760,46,9700.99
760,47,9614.37
760,48,9694.46
760,49,9632.91
760,50,9684.76
760,51,9637.72
760,52,9645.46
760,53,9610.56
760,54,9651.3
760,55,9669.43
760,56,9660.32
760,57,9659.44
760,58,9645.33
760,59,9702.76
760,60,9672.69
760,61,9640.66
760,62,9649.34
760,63,9659.54
760,64,9625.2
760,65,9646.99
760,66,9659.5
760,67,9664.04
760,68,9640.05
760,69,9607.62
760,70,9653.56
760,71,9697.16
760,72,9668.35
760,73,9575.52
760,74,9722.69
760,75,9681.29
760,76,9664.2
760,77,9663.58
760,78,9612.92
760,79,9671.14
760,80,9734.87
760,81,9703.13
760,82,9699.44
760,83,9643.06
760,84,9686.97
760,85,9605.49
760,86,9634.07
760,87,9712.45
760,88,9639.39
760,89,9640.36
760,90,9690.17
760,91,9661.57
760,92,9674.4
760,93,9666.99
760,94,9645
760,95,9726.85
760,96,9638.47
760,97,9659.97
760,98,9590.52
760,99,9690.91
770,0,9721.62
770,1,9701.66
770,2,9599.32
770,3,9663.01
770,4,9711.53
770,5,9602.88
770,6,9641.52
770,7,9669.26
770,8,9617.4
770,9,9666.28
770,10,9655.29
770,11,9670.37
770,12,9636.45
770,13,9635.92
770,14,9722.32
770,15,9680.73
770,16,9664.83
770,17,9662.37
770,18,9609.51
770,19,9625.68
770,20,9605.26
770,21,9682.32
770,22,9627.58
770,23,9644.13
770,24,9623.82
770,25,9659.78
770,26,9646.52
770,27,9689.84
770,28,9651.2
770,29,9656.67
770,30,9633.86
770,31,9603.04
770,32,9651.22
770,33,9684.89
770,34,9611.33
770,35,9607.42
770,36,9678.12
770,37,9650.94
770,38,9602.9
770,39,9597.27
770,40,9593.52
770,41,9666.39
770,42,9618.29
770,43,9697.64
770,44,9601.01
770,45,9657.64
770,46,9691.5
770,47,9603.12
770,48,9685.65
770,49,9623.23
770,50,9668.81
770,51,9621.94
770,52,9634.65
770,53,9598.41
770,54,9640.8
770,55,9658.38
770,56,9649.61
770,57,9645.78
770,58,9632.03
770,59,9693.11
770,60,9657.22
770,61,9626.21
770,62,9637.86
770,63,9642.36
770,64,9615.05
770,65,9634.04
770,66,9650
770,67,9652.73
770,68,9627.03
770,69,9593.97
770,70,9643.27
770,71,9684.38
770,72,9659.05
770,73,9561.94
770,74,9712.96
770,75,9669.13
770,76,9653.73
770,77,9653.78
770,78,9601.05
770,79,9660.11
770,80,9725.29
770,81,9693.53
770,82,9688.94
770,83,9633.75
770,84,9677.19
770,85,9592.07
770,86,9622.09
770,87,9703.78
770,88,9626.59
770,89,9628.92
770,90,9675.68
770,91,9647.66
770,92,9664.85
770,93,9656.25
770,94,9631.54
770,95,9715.65
770,96,9629.02
770,97,9648.93
770,98,9579.64
770,99,9681.62
780,0,9721.32
780,1,9701.36
780,2,9599.03
780,3,9662.71
780,4,9711.23
780,5,9602.59
780,6,9641.22
780,7,9668.96
780,8,9617.1
780,9,9666.01
780,10,9654.99
780,11,9670.07
780,12,9636.15
780,13,9635.64
780,14,9722.02
780,15,9680.43
780,16,9664.53
780,17,9662.07
780,18,9609.21
780,19,9625.38
780,20,9604.96
780,21,9682.02
780,22,9627.28
780,23,9643.83
780,24,9623.52
780,25,9659.48
780,26,9646.22
780,27,9689.54
780,28,9650.9
780,29,9656.37
780,30,9633.56
780,31,9602.74
780,32,9650.92
780,33,9684.59
780,34,9611.03
780,35,9607.14
780,36,9677.82
780,37,9650.64
780,38,9602.62
780,39,9596.97
780,40,9593.22
780,41,9666.1
780,42,9617.99
780,43,9697.34
780,44,9600.71
780,45,9657.34
780,46,9691.2
780,47,9602.82
780,48,9685.35
780,49,9622.93
780,50,9668.51
780,51,9621.66
780,52,9634.35
780,53,9598.11
780,54,9640.5
780,55,9658.08
780,56,9649.31
780,57,9645.49
780,58,9631.73
780,59,9692.81
780,60,9656.92
780,61,9625.92
780,62,9637.56
780,63,9642.06
780,64,9614.75
780,65,9633.74
780,66,9649.7
780,67,9652.43
780,68,9626.73
780,69,9593.67
780,70,9642.97
780,71,9684.08
780,72,9658.75
780,73,9561.66
780,74,9712.66
780,75,9668.84
780,76,9653.43
780,77,9653.48
780,78,9600.75
780,79,9659.81
780,80,9724.99
780,81,9693.23
780,82,9688.64
780,83,9633.45
780,84,9676.89
780,85,9591.78
780,86,9621.79
780,87,9703.48
780,88,9626.29
780,89,9628.62
780,90,9675.39
780,91,9647.38
780,92,9664.55
780,93,9655.95
780,94,9631.24
780,95,9715.35
780,96,9628.72
780,97,9648.63
780,98,9579.34
780,99,9681.32
790,0,9721.02
790,1,9701.06
790,2,9598.73
790,3,9662.41
790,4,9710.93
790,5,9602.29
790,6,9640.92
790,7,9668.66
790,8,9616.8
790,9,9665.71
790,10,9654.69
790,11,9669.77
790,12,9635.85
790,13,9635.34
790,14,9721.72
790,15,9680.13
790,16,9664.23
790,17,9661.77
790,18,9608.91
790,19,9625.08
790,20,9604.66
790,21,9681.72
790,22,9626.98
790,23,9643.53
790,24,9623.22
790,25,9659.18
790,26,9645.92
790,27,9689.24
790,28,9650.6
790,29,9656.07
790,30,9633.26
790,31,9602.44
790,32,9650.62
790,33,9684.29
790,34,9610.73
790,35,9606.84
790,36,9677.52
790,37,9650.34
790,38,9602.32
790,39,9596.67
790,40,9592.92
790,41,9665.8
790,42,9617.69
790,43,9697.04
790,44,9600.41
790,45,9657.04
790,46,9690.9
790,47,9602.52
790,48,9685.05
790,49,9622.63
790,50,9668.21
790,51,9621.36
790,52,9634.05
790,53,9597.81
790,54,9640.2
790,55,9657.78
790,56,9649.01
790,57,9645.19
790,58,9631.43
790,59,9692.51
790,60,9656.62
790,61,9625.62
790,62,9637.26
790,63,9641.76
790,64,9614.45
790,65,9633.44
790,66,9649.4
790,67,9652.13
790,68,9626.43
790,69,9593.37
790,70,9642.67
790,71,9683.78
790,72,9658.45
790,73,9561.36
790,74,9712.36
790,75,9668.54
790,76,9653.13
790,77,9653.18
790,78,9600.45
790,79,9659.51
790,80,9724.69
790,81,9692.93
790,82,9688.34
790,83,9633.15
790,84,9676.59
790,85,9591.48
790,86,9621.49
790,87,9703.18
790,88,9625.99
790,89,9628.32
790,90,9675.09
790,91,9647.08
790,92,9664.25
790,93,9655.65
790,94,9630.94
790,95,9715.05
790,96,9628.42
790,97,9648.33
790,98,9579.04
790,99,9681.02
800,0,9708.34
800,1,9687.56
800,2,9585.5
800,3,9650.66
800,4,9699.44
800,5,9587.13
800,6,9625.63
800,7,9655.65
800,8,9601.07
800,9,9651.3
800,10,9642.87
800,11,9655.81
800,12,9622.75
800,13,9621.85
800,14,9709.94
800,15,9667.33
800,16,9651.72
800,17,9649.82
800,18,9593.62
800,19,9611.61
800,20,9590.31
800,21,9669.23
800,22,9611.82
800,23,9627.83
800,24,9607.58
800,25,9649.22
800,26,9632.85
800,27,9678.02
800,28,9633.26
800,29,9641.79
800,30,9619.87
800,31,9586.96
800,32,9638.53
800,33,9669.32
800,34,9594.49
800,35,9592.12
800,36,9664.03
800,37,9637.42
800,38,9587.34
800,39,9582.83
800,40,9577.7
800,41,9651.9
800,42,9600.65
800,43,9683.86
800,44,9584.66
800,45,9645.09
800,46,9675.37
800,47,9586.84
800,48,9670.87
800,49,9609.96
800,50,9656.16
800,51,9607.61
800,52,9618.22
800,53,9584.95
800,54,9625.84
800,55,9637.14
800,56,9635.05
800,57,9631.41
800,58,9621.15
800,59,9681.83
800,60,9643.68
800,61,9610.99
800,62,9624.67
800,63,9621.49
800,64,9600.23
800,65,9620.03
800,66,9637.26
800,67,9639.24
800,68,9612.43
800,69,9577.3
800,70,9628.87
800,71,9673.39
800,72,9646.64
800,73,9547.41
800,74,9701.82
800,75,9656.23
800,76,9637.77
800,77,9640.89
800,78,9586.52
800,79,9650.07
800,80,9714.16
800,81,9679.26
800,82,9672.68
800,83,9618.4
800,84,9661.77
800,85,9579.16
800,86,9604.94
800,87,9692.68
800,88,9613.32
800,89,9613.5
800,90,9663.52
800,91,9633.09
800,92,9650.96
800,93,9640.84
800,94,9616.47
800,95,9700.05
800,96,9616.81
800,97,9635.99
800,98,9562.15
800,99,9666.22
810,0,9708.07
810,1,9687.3
810,2,9585.22
810,3,9650.39
810,4,9699.17
810,5,9586.87
810,6,9625.38
810,7,9655.37
810,8,9600.81
810,9,9651.03
810,10,9642.58
810,11,9655.53
810,12,9622.48
810,13,9621.58
810,14,9709.66
810,15,9667.05
810,16,9651.45
810,17,9649.54
810,18,9593.35
810,19,9611.33
810,20,9590.05
810,21,9668.95
810,22,9611.56
810,23,9627.59
810,24,9607.32
810,25,9648.92
810,26,9632.59
810,27,9677.73
810,28,9632.98
810,29,9641.53
810,30,9619.61
810,31,9586.68
810,32,9638.25
810,33,9669.07
810,34,9594.25
810,35,9591.85
810,36,9663.74
810,37,9637.15
810,38,9587.09
810,39,9582.56
810,40,9577.44
810,41,9651.64
810,42,9600.41
810,43,9683.57
810,44,9584.41
810,45,9644.79
810,46,9675.08
810,47,9586.58
810,48,9670.63
810,49,9609.67
810,50,9655.86
810,51,9607.33
810,52,9617.97
810,53,9584.67
810,54,9625.57
810,55,9636.88
810,56,9634.79
810,57,9631.12
810,58,9620.85
810,59,9681.54
810,60,9643.4
810,61,9610.71
810,62,9624.39
810,63,9621.23
810,64,9599.97
810,65,9619.74
810,66,9636.98
810,67,9638.96
810,68,9612.17
810,69,9577.03
810,70,9628.59
810,71,9673.09
810,72,9646.36
810,73,9547.15
810,74,9701.53
810,75,9655.96
810,76,9637.54
810,77,9640.61
810,78,9586.24
810,79,9649.77
810,80,9713.89
810,81,9679.01
810,82,9672.46
810,83,9618.14
810,84,9661.52
810,85,9578.87
810,86,9604.7
810,87,9692.4
810,88,9613.04
810,89,9613.26
810,90,9663.22
810,91,9632.82
810,92,9650.69
810,93,9640.59
810,94,9616.19
810,95,9699.8
810,96,9616.52
810,97,9635.71
810,98,9561.9
810,99,9665.98
820,0,9707.77
820,1,9687
820,2,9584.92
820,3,9650.09
820,4,9698.87
820,5,9586.57
820,6,9625.08
820,7,9655.07
820,8,9600.51
820,9,9650.73
820,10,9642.28
820,11,9655.23
820,12,9622.18
820,13,9621.28
820,14,9709.36
820,15,9666.75
820,16,9651.15
820,17,9649.24
820,18,9593.05
820,19,9611.03
820,20,9589.75
820,21,9668.65
820,22,9611.26
820,23,9627.29
820,24,9607.02
820,25,9648.62
820,26,9632.29
820,27,9677.43
820,28,9632.68
820,29,9641.23
820,30,9619.31
820,31,9586.38
820,32,9637.95
820,33,9668.77
820,34,9593.95
820,35,9591.55
820,36,9663.44
820,37,9636.85
820,38,9586.79
820,39,9582.26
820,40,9577.14
820,41,9651.34
820,42,9600.11
820,43,9683.27
820,44,9584.11
820,45,9644.49
820,46,9674.78
820,47,9586.28
820,48,9670.33
820,49,9609.37
820,50,9655.56
820,51,9607.03
820,52,9617.67
820,53,9584.37
820,54,9625.27
820,55,9636.58
820,56,9634.49
820,57,9630.82
820,58,9620.55
820,59,9681.24
820,60,9643.1
820,61,9610.41
820,62,9624.09
820,63,9620.93
820,64,9599.67
820,65,9619.44
820,66,9636.68
820,67,9638.66
820,68,9611.87
820,69,9576.73
820,70,9628.29
820,71,9672.79
820,72,9646.06
820,73,9546.85
820,74,9701.23
820,75,9655.66
820,76,9637.24
820,77,9640.31
820,78,9585.94
820,79,9649.47
820,80,9713.59
820,81,9678.71
820,82,9672.16
820,83,9617.84
820,84,9661.22
820,85,9578.57
820,86,9604.4
820,87,9692.1
820,88,9612.74
820,89,9612.96
820,90,9662.92
820,91,9632.52
820,92,9650.39
820,93,9640.29
820,94,9615.89
820,95,9699.5
820,96,9616.22
820,97,9635.41
820,98,9561.6
820,99,9665.68
830,0,9696.2
830,1,9675.47
830,2,9571.82
830,3,9640.43
830,4,9688.53
830,5,9574.48
830,6,9613.5
830,7,9642.29
830,8,9588.27
830,9,9638.39
830,10,9631.95
830,11,9644.36
830,12,9610.8
830,13,9605.98
830,14,9698.75
830,15,9655.93
830,16,9641.06
830,17,9637.91
830,18,9581.53
830,19,9596.36
830,20,9578.71
830,21,9659.53
830,22,9599.23
830,23,9614.32
830,24,9595.72
830,25,9637.95
830,26,9620.9
830,27,9668.63
830,28,9621.91
830,29,9629.82
830,30,9605.46
830,31,9576.58
830,32,9625.31
830,33,9658
830,34,9581.25
830,35,9581.17
830,36,9648.82
830,37,9625.48
830,38,9572.8
830,39,9567.97
830,40,9564.71
830,41,9639.08
830,42,9585.73
830,43,9666.87
830,44,9573.13
830,45,9629.26
830,46,9665.26
830,47,9573.5
830,48,9660.46
830,49,9598.51
830,50,9643.53
830,51,9595.53
830,52,9605.63
830,53,9573.43
830,54,9614.05
830,55,9624.32
830,56,9622.63
830,57,9617.75
830,58,9606.56
830,59,9670.62
830,60,9629.21
830,61,9598.9
830,62,9614.4
830,63,9603.99
830,64,9589.45
830,65,9603.8
830,66,9624.26
830,67,9627.24
830,68,9598.83
830,69,9560.48
830,70,9617.04
830,71,9663.35
830,72,9634.61
830,73,9531.3
830,74,9691.84
830,75,9643.21
830,76,9625.05
830,77,9628.14
830,78,9572.61
830,79,9641.04
830,80,9704.36
830,81,9668.89
830,82,9660.51
830,83,9606.84
830,84,9649.99
830,85,9567.54
830,86,9590.56
830,87,9681.73
830,88,9603.28
830,89,9600.93
830,90,9651.03
830,91,9618.36
830,92,9639.92
830,93,9628.63
830,94,9601.68
830,95,9688.47
830,96,9601.95
830,97,9624.39
830,98,9548.17
830,99,9654.86
840,0,9695.92
840,1,9675.2
840,2,9571.55
840,3,9640.13
840,4,9688.23
840,5,9574.2
840,6,9613.22
840,7,9642.02
840,8,9587.98
840,9,9638.12
840,10,9631.65
840,11,9644.07
840,12,9610.5
840,13,9605.73
840,14,9698.47
840,15,9655.63
840,16,9640.77
840,17,9637.63
840,18,9581.24
840,19,9596.1
840,20,9578.42
840,21,9659.23
840,22,9598.95
840,23,9614.05
840,24,9595.42
840,25,9637.66
840,26,9620.61
840,27,9668.33
840,28,9621.61
840,29,9629.53
840,30,9605.21
840,31,9576.28
840,32,9625.03
840,33,9657.71
840,34,9580.98
840,35,9580.87
840,36,9648.55
840,37,9625.18
840,38,9572.55
840,39,9567.71
840,40,9564.43
840,41,9638.82
840,42,9585.47
840,43,9666.58
840,44,9572.84
840,45,9629.01
840,46,9664.96
840,47,9573.22
840,48,9660.18
840,49,9598.21
840,50,9643.23
840,51,9595.24
840,52,9605.35
840,53,9573.13
840,54,9613.75
840,55,9624.04
840,56,9622.34
840,57,9617.47
840,58,9606.26
840,59,9670.32
840,60,9628.92
840,61,9598.61
840,62,9614.1
840,63,9603.72
840,64,9589.15
840,65,9603.53
840,66,9623.97
840,67,9626.96
840,68,9598.56
840,69,9560.23
840,70,9616.75
840,71,9663.05
840,72,9634.32
840,73,9531.06
840,74,9691.54
840,75,9642.95
840,76,9624.78
840,77,9627.86
840,78,9572.34
840,79,9640.74
840,80,9704.06
840,81,9668.6
840,82,9660.25
840,83,9606.55
840,84,9649.71
840,85,9567.25
840,86,9590.3
840,87,9681.44
840,88,9602.98
840,89,9600.65
840,90,9650.75
840,91,9618.11
840,92,9639.64
840,93,9628.35
840,94,9601.41
840,95,9688.19
840,96,9601.7
840,97,9624.11
840,98,9547.9
840,99,9654.58
850,0,9695.62
850,1,9674.9
850,2,9571.25
850,3,9639.83
850,4,9687.93
850,5,9573.9
850,6,9612.92
850,7,9641.72
850,8,9587.68
850,9,9637.82
850,10,9631.35
850,11,9643.77
850,12,9610.2
850,13,9605.43
850,14,9698.17
850,15,9655.33
850,16,9640.47
850,17,9637.33
850,18,9580.94
850,19,9595.8
850,20,9578.12
850,21,9658.93
850,22,9598.65
850,23,9613.75
850,24,9595.12
850,25,9637.36
850,26,9620.31
850,27,9668.03
850,28,9621.31
850,29,9629.23
850,30,9604.91
850,31,9575.98
850,32,9624.73
850,33,9657.41
850,34,9580.68
850,35,9580.57
850,36,9648.25
850,37,9624.88
850,38,9572.25
850,39,9567.41
850,40,9564.13
850,41,9638.52
850,42,9585.17
850,43,9666.28
850,44,9572.54
850,45,9628.71
850,46,9664.66
850,47,9572.92
850,48,9659.88
850,49,9597.91
850,50,9642.93
850,51,9594.94
850,52,9605.05
850,53,9572.83
850,54,9613.45
850,55,9623.74
850,56,9622.04
850,57,9617.17
850,58,9605.96
850,59,9670.02
850,60,9628.62
850,61,9598.31
850,62,9613.8
850,63,9603.42
850,64,9588.85
850,65,9603.23
850,66,9623.67
850,67,9626.66
850,68,9598.26
850,69,9559.93
850,70,9616.45
850,71,9662.75
850,72,9634.02
850,73,9530.76
850,74,9691.24
850,75,9642.65
850,76,9624.48
850,77,9627.56
850,78,9572.04
850,79,9640.44
850,80,9703.76
850,81,9668.3
850,82,9659.95
850,83,9606.25
850,84,9649.41
850,85,9566.95
850,86,9590
850,87,9681.14
850,88,9602.68
850,89,9600.35
850,90,9650.45
850,91,9617.81
850,92,9639.34
850,93,9628.05
850,94,9601.11
850,95,9687.89
850,96,9601.4
850,97,9623.81
850,98,9547.6
850,99,9654.28
860,0,9685.41
860,1,9663.81
860,2,9555.4
860,3,9629.33
860,4,9676.76
860,5,9561.46
860,6,9600.32
860,7,9629.57
860,8,9572.96
860,9,9625.32
860,10,9620.91
860,11,9632.87
860,12,9598.33
860,13,9595.33
860,14,9687.95
860,15,9644.24
860,16,9631.36
860,17,9625.4
860,18,9566.33
860,19,9584.04
860,20,9564.25
860,21,9650.36
860,22,9585
860,23,9599.98
860,24,9582.19
860,25,9626.29
860,26,9608.33
860,27,9658.29
860,28,9611.25
860,29,9615.49
860,30,9594.34
860,31,9563.09
860,32,9612.31
860,33,9645.62
860,34,9566.59
860,35,9569.02
860,36,9638
860,37,9612.25
860,38,9558
860,39,9553.91
860,40,9549.72
860,41,9626.05
860,42,9572.79
860,43,9654.92
860,44,9558.76
860,45,9616.35
860,46,9652.18
860,47,9561.36
860,48,9648
860,49,9585.08
860,50,9631.94
860,51,9582.96
860,52,9589.34
860,53,9559.61
860,54,9601.61
860,55,9609.97
860,56,9609.93
860,57,9604.31
860,58,9593.68
860,59,9656.19
860,60,9613.27
860,61,9588.11
860,62,9601.33
860,63,9588.81
860,64,9575.99
860,65,9591.56
860,66,9611.19
860,67,9615.19
860,68,9585.97
860,69,9546.81
860,70,9606.05
860,71,9654.62
860,72,9622.14
860,73,9517.1
860,74,9680.22
860,75,9630.93
860,76,9612.01
860,77,9615.48
860,78,9555.72
860,79,9630.61
860,80,9693.46
860,81,9656.4
860,82,9646.69
860,83,9591.45
860,84,9637.39
860,85,9554.3
860,86,9575.02
860,87,9672.75
860,88,9590.54
860,89,9588.45
860,90,9638.32
860,91,9605.36
860,92,9627.56
860,93,9615.86
860,94,9584.02
860,95,9675.87
860,96,9587.17
860,97,9612.21
860,98,9533.98
860,99,9643.05
870,0,9685.13
870,1,9663.56
870,2,9555.18
870,3,9629.06
870,4,9676.48
870,5,9561.2
870,6,9600.06
870,7,9629.31
870,8,9572.72
870,9,9625.06
870,10,9620.62
870,11,9632.58
870,12,9598.06
870,13,9595.04
870,14,9687.68
870,15,9643.95
870,16,9631.07
870,17,9625.14
870,18,9566.09
870,19,9583.76
870,20,9564
870,21,9650.06
870,22,9584.75
870,23,9599.73
870,24,9581.92
870,25,9626.01
870,26,9608.06
870,27,9658.01
870,28,9610.96
870,29,9615.24
870,30,9594.07
870,31,9562.84
870,32,9612.04
870,33,9645.35
870,34,9566.35
870,35,9568.75
870,36,9637.7
870,37,9611.99
870,38,9557.77
870,39,9553.65
870,40,9549.48
870,41,9625.8
870,42,9572.53
870,43,9654.64
870,44,9558.51
870,45,9616.09
870,46,9651.88
870,47,9561.08
870,48,9647.75
870,49,9584.81
870,50,9631.64
870,51,9582.69
870,52,9589.11
870,53,9559.34
870,54,9601.33
870,55,9609.71
870,56,9609.67
870,57,9604.03
870,58,9593.39
870,59,9655.89
870,60,9612.98
870,61,9587.83
870,62,9601.08
870,63,9588.56
870,64,9575.73
870,65,9591.27
870,66,9610.92
870,67,9614.92
870,68,9585.7
870,69,9546.54
870,70,9605.77
870,71,9654.32
870,72,9621.87
870,73,9516.86
870,74,9679.92
870,75,9630.68
870,76,9611.76
870,77,9615.2
870,78,9555.5
870,79,9630.32
870,80,9693.19
870,81,9656.14
870,82,9646.46
870,83,9591.21
870,84,9637.13
870,85,9554.04
870,86,9574.79
870,87,9672.46
870,88,9590.28
870,89,9588.18
870,90,9638.05
870,91,9605.11
870,92,9627.3
870,93,9615.61
870,94,9583.79
870,95,9675.61
870,96,9586.93
870,97,9611.95
870,98,9533.72
870,99,9642.79
880,0,9684.83
880,1,9663.26
880,2,9554.88
880,3,9628.76
880,4,9676.18
880,5,9560.9
880,6,9599.76
880,7,9629.01
880,8,9572.42
880,9,9624.76
880,10,9620.32
880,11,9632.28
880,12,9597.76
880,13,9594.74
880,14,9687.38
880,15,9643.65
880,16,9630.77
880,17,9624.84
880,18,9565.79
880,19,9583.46
880,20,9563.7
880,21,9649.76
880,22,9584.45
880,23,9599.43
880,24,9581.62
880,25,9625.71
880,26,9607.76
880,27,9657.71
880,28,9610.66
880,29,9614.94
880,30,9593.77
880,31,9562.54
880,32,9611.74
880,33,9645.05
880,34,9566.05
880,35,9568.45
880,36,9637.4
880,37,9611.69
880,38,9557.47
880,39,9553.35
880,40,9549.18
880,41,9625.5
880,42,9572.23
880,43,9654.34
880,44,9558.21
880,45,9615.79
880,46,9651.58
880,47,9560.78
880,48,9647.45
880,49,9584.51
880,50,9631.34
880,51,9582.39
880,52,9588.81
880,53,9559.04
880,54,9601.03
880,55,9609.41
880,56,9609.37
880,57,9603.73
880,58,9593.09
880,59,9655.59
880,60,9612.68
880,61,9587.53
880,62,9600.78
880,63,9588.26
880,64,9575.43
880,65,9590.97
880,66,9610.62
880,67,9614.62
880,68,9585.4
880,69,9546.24
880,70,9605.47
880,71,9654.02
880,72,9621.57
880,73,9516.56
880,74,9679.62
880,75,9630.38
880,76,9611.46
880,77,9614.9
880,78,9555.2
880,79,9630.02
880,80,9692.89
880,81,9655.84
880,82,9646.16
880,83,9590.91
880,84,9636.83
880,85,9553.74
880,86,9574.49
880,87,9672.16
880,88,9589.98
880,89,9587.88
880,90,9637.75
880,91,9604.81
880,92,9627
880,93,9615.31
880,94,9583.49
880,95,9675.31
880,96,9586.63
880,97,9611.65
880,98,9533.42
880,99,9642.49
890,0,9672.72
890,1,9654.92
890,2,9541.29
890,3,9619.81
890,4,9664.25
890,5,9548.6
890,6,9588.97
890,7,9619.28
890,8,9559.94
890,9,9612.09
890,10,9611.42
890,11,9621.2
890,12,9584.33
890,13,9583.79
890,14,9677.34
890,15,9632.41
890,16,9620.39
890,17,9613.16
890,18,9554.43
890,19,9570.12
890,20,9552.25
890,21,9639.74
890,22,9572.54
890,23,9587.1
890,24,9569.97
890,25,9614.8
890,26,9595.87
890,27,9647.86
890,28,9600.42
890,29,9603.16
890,30,9583.84
890,31,9553.06
890,32,9598.18
890,33,9632.08
890,34,9553.43
890,35,9558.18
890,36,9625.64
890,37,9601.57
890,38,9545.65
890,39,9541.93
890,40,9537.16
890,41,9616.09
890,42,9560.27
890,43,9641.25
890,44,9548.29
890,45,9606.13
890,46,9640.37
890,47,9549.59
890,48,9635.45
890,49,9573.95
890,50,9620.27
890,51,9570.87
890,52,9575.97
890,53,9548.2
890,54,9590.32
890,55,9598.07
890,56,9598.62
890,57,9591.93
890,58,9585.3
890,59,9644.94
890,60,9599.47
890,61,9577.4
890,62,9590.75
890,63,9576.25
890,64,9564.46
890,65,9582.41
890,66,9600.3
890,67,9602.66
890,68,9572.86
890,69,9534.25
890,70,9594.86
890,71,9641.11
890,72,9608.47
890,73,9503.04
890,74,9670.6
890,75,9620.04
890,76,9601.9
890,77,9602.15
890,78,9541.21
890,79,9620.46
890,80,9682.35
890,81,9643.84
890,82,9632.68
890,83,9579
890,84,9624.06
890,85,9544.25
890,86,9561.35
890,87,9659.64
890,88,9580.38
890,89,9576.04
890,90,9626.45
890,91,9594.24
890,92,9617.94
890,93,9603.82
890,94,9569.12
890,95,9663
890,96,9575.31
890,97,9599.82
890,98,9522.39
890,99,9630.78
900,0,9672.48
900,1,9650.56
900,2,9541.06
900,3,9617.57
900,4,9664
900,5,9546.85
900,6,9585.02
900,7,9617.05
900,8,9559.69
900,9,9611.85
900,10,9611.14
900,11,9619.25
900,12,9584.09
900,13,9580.2
900,14,9673.77
900,15,9632.14
900,16,9620.13
900,17,9611.02
900,18,9552.99
900,19,9569.87
900,20,9551.99
900,21,9639.47
900,22,9572.29
900,23,9586.86
900,24,9565.42
900,25,9614.54
900,26,9595.61
900,27,9645.41
900,28,9597.46
900,29,9602.91
900,30,9580.39
900,31,9550.11
900,32,9597.94
900,33,9631.85
900,34,9553.18
900,35,9554.32
900,36,9622.96
900,37,9599.68
900,38,9541.35
900,39,9538.2
900,40,9533.18
900,41,9611.33
900,42,9555.4
900,43,9639.06
900,44,9544.71
900,45,9602.74
900,46,9637.68
900,47,9545.89
900,48,9635.22
900,49,9571.95
900,50,9620.02
900,51,9567.04
900,52,9573.29
900,53,9544.61
900,54,9590.05
900,55,9596.51
900,56,9595.53
900,57,9588.76
900,58,9583.13
900,59,9642.44
900,60,9596.74
900,61,9574.64
900,62,9590.48
900,63,9573.4
900,64,9564.2
900,65,9579.85
900,66,9597.49
900,67,9598.32
900,68,9568.63
900,69,9530.27
900,70,9591.92
900,71,9640.85
900,72,9608.23
900,73,9501.06
900,74,9668.49
900,75,9616.15
900,76,9597.55
900,77,9601.91
900,78,9540.12
900,79,9620.2
900,80,9682.09
900,81,9643.6
900,82,9632.46
900,83,9576.3
900,84,9623.82
900,85,9541.05
900,86,9561.1
900,87,9657.47
900,88,9580.12
900,89,9573.26
900,90,9623.04
900,91,9589.53
900,92,9613.57
900,93,9602.87
900,94,9567.43
900,95,9661.64
900,96,9571.29
900,97,9597.98
900,98,9517.87
900,99,9630.54
910,0,9672.18
910,1,9650.26
910,2,9540.76
910,3,9617.27
910,4,9663.7
910,5,9546.55
910,6,9584.72
910,7,9616.75
910,8,9559.39
910,9,9611.55
910,10,9610.84
910,11,9618.95
910,12,9583.79
910,13,9579.9
910,14,9673.47
910,15,9631.84
910,16,9619.83
910,17,9610.72
910,18,9552.69
910,19,9569.57
910,20,9551.69
910,21,9639.17
910,22,9571.99
910,23,9586.56
910,24,9565.12
910,25,9614.24
910,26,9595.31
910,27,9645.11
910,28,9597.16
910,29,9602.61
910,30,9580.09
910,31,9549.81
910,32,9597.64
910,33,9631.55
910,34,9552.88
910,35,9554.02
910,36,9622.66
910,37,9599.38
910,38,9541.05
910,39,9537.9
910,40,9532.88
910,41,9611.03
910,42,9555.1
910,43,9638.76
910,44,9544.41
910,45,9602.44
910,46,9637.38
910,47,9545.59
910,48,9634.92
910,49,9571.65
910,50,9619.72
910,51,9566.74
910,52,9572.99
910,53,9544.31
910,54,9589.75
910,55,9596.21
910,56,9595.23
910,57,9588.46
910,58,9582.83
910,59,9642.14
910,60,9596.44
910,61,9574.34
910,62,9590.18
910,63,9573.1
910,64,9563.9
910,65,9579.55
910,66,9597.19
910,67,9598.02
910,68,9568.33
910,69,9529.97
910,70,9591.62
910,71,9640.55
910,72,9607.93
910,73,9500.76
910,74,9668.19
910,75,9615.85
910,76,9597.25
910,77,9601.61
910,78,9539.82
910,79,9619.9
910,80,9681.79
910,81,9643.3
910,82,9632.16
910,83,9576
910,84,9623.52
910,85,9540.75
910,86,9560.8
910,87,9657.17
910,88,9579.82
910,89,9572.96
910,90,9622.74
910,91,9589.23
910,92,9613.27
910,93,9602.57
910,94,9567.13
910,95,9661.34
910,96,9570.99
910,97,9597.68
910,98,9517.57
910,99,9630.24
920,0,9659.88
920,1,9639.8
920,2,9527.38
920,3,9607.58
920,4,9653.2
920,5,9535.26
920,6,9573.97
920,7,9605.64
920,8,9546.94
920,9,9598.79
920,10,9600.97
920,11,9608.74
920,12,9572.78
920,13,9571.27
920,14,9663.2
920,15,9620.44
920,16,9611.01
920,17,9600.92
920,18,9541.3
920,19,9560.54
920,20,9539.83
920,21,9626.33
920,22,9560.05
920,23,9574.35
920,24,9552.78
920,25,9603.56
920,26,9582.81
920,27,9636.78
920,28,9587.74
920,29,9590.78
920,30,9568.32
920,31,9539.34
920,32,9585.85
920,33,9619.5
920,34,9540.34
920,35,9542.87
920,36,9609.21
920,37,9588.51
920,38,9528.83
920,39,9525.89
920,40,9520.77
920,41,9598.3
920,42,9541.78
920,43,9626.77
920,44,9532.59
920,45,9594.29
920,46,9626.11
920,47,9534.57
920,48,9625.86
920,49,9560.69
920,50,9610.22
920,51,9556.49
920,52,9560.3
920,53,9534.22
920,54,9577.58
920,55,9584.3
920,56,9584.3
920,57,9574.92
920,58,9569.38
920,59,9630.48
920,60,9584.73
920,61,9563.74
920,62,9578.76
920,63,9559.45
920,64,9552.46
920,65,9572.13
920,66,9584.9
920,67,9584.05
920,68,9556.08
920,69,9518.3
920,70,9581.17
920,71,9631.95
920,72,9597.04
920,73,9486.75
920,74,9652.7
920,75,9602.99
920,76,9585.98
920,77,9589.92
920,78,9525.9
920,79,9609.06
920,80,9672.69
920,81,9631.19
920,82,9618.47
920,83,9563.67
920,84,9612
920,85,9530.45
920,86,9547.78
920,87,9648.02
920,88,9568.54
920,89,9560.84
920,90,9610.12
920,91,9578.8
920,92,9603.97
920,93,9590.93
920,94,9552.03
920,95,9648.76
920,96,9558.94
920,97,9585.65
920,98,9504.78
920,99,9620.06
930,0,9657.67
930,1,9639.57
930,2,9526.31
930,3,9605.71
930,4,9650.95
930,5,9532.53
930,6,9572.11
930,7,9604.25
930,8,9546.7
930,9,9596.35
930,10,9598.91
930,11,9606.41
930,12,9569.08
930,13,9566
930,14,9660.57
930,15,9618.56
930,16,9608.59
930,17,9598.03
930,18,9541.06
930,19,9555.7
930,20,9539.6
930,21,9624.12
930,22,9558.98
930,23,9573.31
930,24,9548.23
930,25,9601.55
930,26,9582.57
930,27,9634.41
930,28,9583.28
930,29,9590.06
930,30,9567.38
930,31,9537.18
930,32,9582.86
930,33,9619.27
930,34,9539.17
930,35,9539.08
930,36,9608.97
930,37,9588.26
930,38,9527.23
930,39,9521.87
930,40,9516.55
930,41,9598.09
930,42,9541.56
930,43,9623.98
930,44,9529.31
930,45,9589.28
930,46,9623.43
930,47,9530.93
930,48,9622.09
930,49,9557.71
930,50,9606.33
930,51,9550.88
930,52,9559.34
930,53,9530.66
930,54,9577.33
930,55,9584.06
930,56,9581.31
930,57,9571.8
930,58,9565.48
930,59,9628.05
930,60,9580.18
930,61,9561.03
930,62,9578.52
930,63,9558.87
930,64,9549.67
930,65,9567.86
930,66,9582.87
930,67,9583.83
930,68,9552.07
930,69,9512.89
930,70,9577.44
930,71,9630.06
930,72,9594.41
930,73,9484.78
930,74,9652.47
930,75,9602.78
930,76,9582.05
930,77,9589.68
930,78,9525.68
930,79,9606.96
930,80,9669.55
930,81,9630.96
930,82,9618.27
930,83,9563.44
930,84,9611.76
930,85,9526.81
930,86,9545.23
930,87,9645.85
930,88,9568.31
930,89,9556.14
930,90,9609.89
930,91,9572.38
930,92,9599.78
930,93,9589.67
930,94,9551.28
930,95,9648.53
930,96,9554.28
930,97,9585.42
930,98,9500.28
930,99,9616.02
940,0,9657.37
940,1,9639.27
940,2,9526.01
940,3,9605.41
940,4,9650.65
940,5,9532.23
940,6,9571.81
940,7,9603.95
940,8,9546.4
940,9,9596.05
940,10,9598.61
940,11,9606.11
940,12,9568.78
940,13,9565.7
940,14,9660.27
940,15,9618.26
940,16,9608.29
940,17,9597.73
940,18,9540.76
940,19,9555.4
940,20,9539.3
940,21,9623.82
940,22,9558.68
940,23,9573.01
940,24,9547.93
940,25,9601.25
940,26,9582.27
940,27,9634.11
940,28,9582.98
940,29,9589.76
940,30,9567.08
940,31,9536.88
940,32,9582.56
940,33,9618.97
940,34,9538.87
940,35,9538.78
940,36,9608.67
940,37,9587.96
940,38,9526.93
940,39,9521.57
940,40,9516.25
940,41,9597.79
940,42,9541.26
940,43,9623.68
940,44,9529.01
940,45,9588.98
940,46,9623.13
940,47,9530.63
940,48,9621.79
940,49,9557.41
940,50,9606.03
940,51,9550.58
940,52,9559.04
940,53,9530.36
940,54,9577.03
940,55,9583.76
940,56,9581.01
940,57,9571.5
940,58,9565.18
940,59,9627.75
940,60,9579.88
940,61,9560.73
940,62,9578.22
940,63,9558.57
940,64,9549.37
940,65,9567.56
940,66,9582.57
940,67,9583.53
940,68,9551.77
940,69,9512.59
940,70,9577.14
940,71,9629.76
940,72,9594.11
940,73,9484.48
940,74,9652.17
940,75,9602.48
940,76,9581.75
940,77,9589.38
940,78,9525.38
940,79,9606.66
940,80,9669.25
940,81,9630.66
940,82,9617.97
940,83,9563.14
940,84,9611.46
940,85,9526.51
940,86,9544.93
940,87,9645.55
940,88,9568.01
940,89,9555.84
940,90,9609.59
940,91,9572.08
940,92,9599.48
940,93,9589.37
940,94,9550.98
940,95,9648.23
940,96,9553.98
940,97,9585.12
940,98,9499.98
940,99,9615.72
950,0,9644.76
950,1,9631.05
950,2,9514.55
950,3,9597.08
950,4,9639.51
950,5,9519.7
950,6,9561.03
950,7,9594.25
950,8,9535.7
950,9,9583.09
950,10,9589.31
950,11,9595.56
950,12,9560.07
950,13,9553.79
950,14,9649.71
950,15,9608.88
950,16,9599.35
950,17,9585.63
950,18,9529.45
950,19,9545.79
950,20,9527.72
950,21,9612.04
950,22,9546.87
950,23,9561.82
950,24,9536.17
950,25,9592.28
950,26,9570.41
950,27,9624.05
950,28,9572.37
950,29,9577.9
950,30,9558.02
950,31,9527.06
950,32,9572.16
950,33,9606.82
950,34,9528.2
950,35,9529.88
950,36,9595.98
950,37,9577.06
950,38,9514.01
950,39,9510.58
950,40,9505.88
950,41,9588.16
950,42,9529.51
950,43,9607.18
950,44,9517.83
950,45,9576.81
950,46,9613.69
950,47,9519.75
950,48,9613.34
950,49,9546.77
950,50,9597.09
950,51,9538.45
950,52,9547.38
950,53,9520.53
950,54,9565.83
950,55,9574.08
950,56,9570.08
950,57,9560.24
950,58,9556.86
950,59,9614.97
950,60,9566.02
950,61,9550.73
950,62,9568.46
950,63,9547.62
950,64,9539.36
950,65,9557.46
950,66,9571.92
950,67,9571.89
950,68,9541.91
950,69,9500.29
950,70,9566.64
950,71,9620.92
950,72,9583.66
950,73,9471.47
950,74,9642.02
950,75,9592.91
950,76,9571.3
950,77,9579.61
950,78,9515.76
950,79,9594.81
950,80,9659.88
950,81,9618.49
950,82,9609.02
950,83,9552.61
950,84,9600.1
950,85,9517.35
950,86,9533.03
950,87,9634.84
950,88,9558.55
950,89,9544.48
950,90,9597.37
950,91,9560.49
950,92,9587.02
950,93,9578.07
950,94,9542.23
950,95,9638.19
950,96,9543.02
950,97,9572.96
950,98,9488.91
950,99,9605.38
960,0,9644.54
960,1,9626.14
960,2,9512.16
960,3,9592.91
960,4,9639.27
960,5,9515.17
960,6,9559.16
960,7,9591.81
960,8,9533.28
960,9,9582.88
960,10,9586.62
960,11,9593.56
960,12,9554.33
960,13,9550.2
960,14,9649.49
960,15,9605.8
960,16,9596.97
960,17,9584.66
960,18,9528.84
960,19,9539.84
960,20,9524.33
960,21,9608.87
960,22,9545.28
960,23,9558.97
960,24,9530.56
960,25,9590.23
960,26,9569.42
960,27,9623.81
960,28,9569.42
960,29,9574.61
960,30,9553.02
960,31,9522.89
960,32,9567.92
960,33,9605.68
960,34,9524.88
960,35,9524.11
960,36,9595.75
960,37,9576.22
960,38,9513.31
960,39,9507.86
960,40,9501.91
960,41,9584.76
960,42,9524.84
960,43,9606.94
960,44,9515.71
960,45,9576.59
960,46,9610.51
960,47,9517.36
960,48,9608.62
960,49,9543.76
960,50,9593.87
960,51,9538.23
960,52,9545.75
960,53,9517.87
960,54,9564.62
960,55,9573.07
960,56,9566.68
960,57,9557.14
960,58,9553.61
960,59,9610.91
960,60,9561.92
960,61,9547.96
960,62,9566.71
960,63,9544.73
960,64,9535.94
960,65,9553.65
960,66,9569.85
960,67,9568.97
960,68,9539.04
960,69,9496.81
960,70,9563.89
960,71,9618.25
960,72,9582.37
960,73,9470.12
960,74,9638.13
960,75,9589.35
960,76,9568.24
960,77,9577.38
960,78,9510.84
960,79,9592.73
960,80,9656.31
960,81,9617.54
960,82,9603.92
960,83,9550.99
960,84,9598.36
960,85,9514.27
960,86,9530.33
960,87,9631.58
960,88,9556.44
960,89,9541.51
960,90,9597.16
960,91,9555.93
960,92,9586.82
960,93,9576.02
960,94,9534.52
960,95,9634.09
960,96,9538.03
960,97,9571.19
960,98,9482.6
960,99,9600.92
970,0,9644.24
970,1,9625.84
970,2,9511.86
970,3,9592.61
970,4,9638.97
970,5,9514.87
970,6,9558.86
970,7,9591.51
970,8,9532.98
970,9,9582.58
970,10,9586.32
970,11,9593.26
970,12,9554.03
970,13,9549.9
970,14,9649.19
970,15,9605.5
970,16,9596.67
970,17,9584.36
970,18,9528.54
970,19,9539.54
970,20,9524.03
970,21,9608.57
970,22,9544.98
970,23,9558.67
970,24,9530.26
970,25,9589.93
970,26,9569.12
970,27,9623.51
970,28,9569.12
970,29,9574.31
970,30,9552.72
970,31,9522.59
970,32,9567.62
970,33,9605.38
970,34,9524.58
970,35,9523.81
970,36,9595.45
970,37,9575.92
970,38,9513.01
970,39,9507.56
970,40,9501.61
970,41,9584.46
970,42,9524.54
970,43,9606.64
970,44,9515.41
970,45,9576.29
970,46,9610.21
970,47,9517.06
970,48,9608.32
970,49,9543.46
970,50,9593.57
970,51,9537.93
970,52,9545.45
970,53,9517.57
970,54,9564.32
970,55,9572.77
970,56,9566.38
970,57,9556.84
970,58,9553.31
970,59,9610.61
970,60,9561.62
970,61,9547.66
970,62,9566.41
970,63,9544.43
970,64,9535.64
970,65,9553.35
970,66,9569.55
970,67,9568.67
970,68,9538.74
970,69,9496.51
970,70,9563.59
970,71,9617.95
970,72,9582.07
970,73,9469.82
970,74,9637.83
970,75,9589.05
970,76,9567.94
970,77,9577.08
970,78,9510.54
970,79,9592.43
970,80,9656.01
970,81,9617.24
970,82,9603.62
970,83,9550.69
970,84,9598.06
970,85,9513.97
970,86,9530.03
970,87,9631.28
970,88,9556.14
970,89,9541.21
970,90,9596.86
970,91,9555.63
970,92,9586.52
970,93,9575.72
970,94,9534.22
970,95,9633.79
970,96,9537.73
970,97,9570.89
970,98,9482.3
970,99,9600.62
980,0,9635.38
980,1,9617.72
980,2,9503.48
980,3,9585.85
980,4,9627.59
980,5,9503.7
980,6,9547.61
980,7,9583.07
980,8,9525.18
980,9,9573.57
980,10,9578.26
980,11,9585.88
980,12,9546.41
980,13,9539.95
980,14,9641.17
980,15,9595.56
980,16,9589.29
980,17,9575.78
980,18,9519.66
980,19,9530.74
980,20,9513.06
980,21,9599.66
980,22,9537.61
980,23,9547.74
980,24,9518.23
980,25,9581.07
980,26,9559.1
980,27,9613.53
980,28,9560.74
980,29,9564.51
980,30,9545.66
980,31,9514.22
980,32,9559.34
980,33,9597.63
980,34,9513.77
980,35,9516
980,36,9581.38
980,37,9563.77
980,38,9501.34
980,39,9499.13
980,40,9494.53
980,41,9574.92
980,42,9513.09
980,43,9594
980,44,9508.68
980,45,9568.26
980,46,9602.11
980,47,9506.29
980,48,9599.03
980,49,9534.21
980,50,9583.72
980,51,9530.33
980,52,9535.4
980,53,9509.41
980,54,9555.2
980,55,9562.45
980,56,9556.93
980,57,9548.27
980,58,9544.2
980,59,9598.77
980,60,9548.62
980,61,9539.44
980,62,9558.18
980,63,9531.47
980,64,9529.58
980,65,9543.33
980,66,9560.72
980,67,9557.61
980,68,9527.96
980,69,9487.73
980,70,9553.28
980,71,9609.01
980,72,9573.29
980,73,9460.21
980,74,9626.96
980,75,9579.79
980,76,9558.07
980,77,9569.4
980,78,9500.33
980,79,9584.38
980,80,9646.62
980,81,9609.05
980,82,9594.32
980,83,9541.37
980,84,9586.62
980,85,9508.09
980,86,9519.12
980,87,9620.41
980,88,9547.89
980,89,9530.05
980,90,9588.51
980,91,9544.17
980,92,9577.6
980,93,9564.86
980,94,9527.33
980,95,9624.8
980,96,9528.79
980,97,9561.3
980,98,9471.75
980,99,9590.4
990,0,9631.39
990,1,9615.1
990,2,9498.61
990,3,9581.73
990,4,9627.37
990,5,9497.39
990,6,9543.74
990,7,9577.66
990,8,9519.56
990,9,9567.87
990,10,9575.67
990,11,9580.37
990,12,9539.96
990,13,9534.55
990,14,9636.19
990,15,9592.06
990,16,9585.7
990,17,9568.99
990,18,9515.99
990,19,9523.43
990,20,9512.02
990,21,9595.83
990,22,9532.3
990,23,9545.61
990,24,9513.02
990,25,9578.35
990,26,9557.32
990,27,9613.31
990,28,9556.18
990,29,9561.15
990,30,9540.09
990,31,9510.59
990,32,9553.28
990,33,9593.06
990,34,9510.84
990,35,9508.92
990,36,9577.37
990,37,9561.65
990,38,9498.8
990,39,9491.63
990,40,9487.8
990,41,9568.81
990,42,9507.69
990,43,9590.42
990,44,9501.88
990,45,9563.6
990,46,9597.59
990,47,9501.93
990,48,9595.32
990,49,9532.16
990,50,9581.66
990,51,9524.15
990,52,9532.76
990,53,9502.55
990,54,9550.9
990,55,9560.57
990,56,9552.65
990,57,9542.72
990,58,9542.26
990,59,9596.42
990,60,9545.99
990,61,9533.36
990,62,9555.65
990,63,9529.76
990,64,9523.61
990,65,9540.85
990,66,9555.42
990,67,9551.2
990,68,9521.16
990,69,9481.14
990,70,9549.59
990,71,9606.39
990,72,9568.25
990,73,9450.56
990,74,9620.96
990,75,9576.02
990,76,9555.94
990,77,9564.01
990,78,9496.81
990,79,9579.55
990,80,9644.8
990,81,9604.94
990,82,9591.87
990,83,9538.3
990,84,9586.41
990,85,9501.48
990,86,9516.58
990,87,9617.59
990,88,9544.97
990,89,9525.28
990,90,9584.46
990,91,9539.65
990,92,9572.12
990,93,9564.03
990,94,9521.21
990,95,9620.67
990,96,9520.84
990,97,9558.52
990,98,9464.89
990,99,9588.4
1000,0,9631.09
1000,1,9614.8
1000,2,9498.31
1000,3,9581.43
1000,4,9627.07
1000,5,9497.09
1000,6,9543.44
1000,7,9577.36
1000,8,9519.26
1000,9,9567.57
1000,10,9575.37
1000,11,9580.07
1000,12,9539.66
1000,13,9534.25
1000,14,9635.89
1000,15,9591.76
1000,16,9585.4
1000,17,9568.69
1000,18,9515.69
1000,19,9523.13
1000,20,9511.72
1000,21,9595.53
1000,22,9532
1000,23,9545.31
1000,24,9512.72
1000,25,9578.05
1000,26,9557.02
1000,27,9613.01
1000,28,9555.88
1000,29,9560.85
1000,30,9539.79
1000,31,9510.29
1000,32,9552.98
1000,33,9592.76
1000,34,9510.54
1000,35,9508.62
1000,36,9577.07
1000,37,9561.35
1000,38,9498.5
1000,39,9491.33
1000,40,9487.5
1000,41,9568.51
1000,42,9507.39
1000,43,9590.12
1000,44,9501.58
1000,45,9563.3
1000,46,9597.29
1000,47,9501.63
1000,48,9595.02
1000,49,9531.86
1000,50,9581.36
1000,51,9523.85
1000,52,9532.46
1000,53,9502.25
1000,54,9550.6
1000,55,9560.27
1000,56,9552.35
1000,57,9542.42
1000,58,9541.96
1000,59,9596.12
1000,60,9545.69
1000,61,9533.06
1000,62,9555.35
1000,63,9529.46
1000,64,9523.31
1000,65,9540.55
1000,66,9555.12
1000,67,9550.9
1000,68,9520.86
1000,69,9480.84
1000,70,9549.29
1000,71,9606.09
1000,72,9567.95
1000,73,9450.26
1000,74,9620.66
1000,75,9575.72
1000,76,9555.64
1000,77,9563.71
1000,78,9496.51
1000,79,9579.25
1000,80,9644.5
1000,81,9604.64
1000,82,9591.57
1000,83,9538
1000,84,9586.11
1000,85,9501.18
1000,86,9516.28
1000,87,9617.29
1000,88,9544.67
1000,89,9524.98
1000,90,9584.16
1000,91,9539.35
1000,92,9571.82
1000,93,9563.73
1000,94,9520.91
1000,95,9620.37
1000,96,9520.54
1000,97,9558.22
1000,98,9464.59
1000,99,9588.1
1010,0,9622.23
1010,1,9609.55
1010,2,9489.65
1010,3,9574.38
1010,4,9617.83
1010,5,9488.39
1010,6,9534.57
1010,7,9570.88
1010,8,9511.21
1010,9,9559.91
1010,10,9568.89
1010,11,9572.24
1010,12,9532.41
1010,13,9524.79
1010,14,9629.4
1010,15,9583.7
1010,16,9579.73
1010,17,9560.74
1010,18,9506.63
1010,19,9514.13
1010,20,9503.86
1010,21,9584.64
1010,22,9525.07
1010,23,9537.4
1010,24,9505.42
1010,25,9570.32
1010,26,9548.61
1010,27,9604.59
1010,28,9547.54
1010,29,9552.29
1010,30,9533.04
1010,31,9501.82
1010,32,9544.96
1010,33,9584.12
1010,34,9501.71
1010,35,9501.51
1010,36,9565.99
1010,37,9555.77
1010,38,9490.65
1010,39,9482.38
1010,40,9480.53
1010,41,9561.03
1010,42,9499.09
1010,43,9581.29
1010,44,9493.55
1010,45,9554.4
1010,46,9590.31
1010,47,9491.31
1010,48,9587.71
1010,49,9522.7
1010,50,9573.47
1010,51,9513.98
1010,52,9522.79
1010,53,9494.42
1010,54,9541.4
1010,55,9553.34
1010,56,9545.54
1010,57,9533.75
1010,58,9534.12
1010,59,9587.44
1010,60,9537.77
1010,61,9524.74
1010,62,9548.12
1010,63,9519.39
1010,64,9517.53
1010,65,9530.97
1010,66,9546.49
1010,67,9541.25
1010,68,9512.37
1010,69,9471.82
1010,70,9539.82
1010,71,9598.62
1010,72,9559.3
1010,73,9440.56
1010,74,9614.47
1010,75,9567.47
1010,76,9548.06
1010,77,9554.55
1010,78,9489.35
1010,79,9569.48
1010,80,9638.27
1010,81,9596.81
1010,82,9583.07
1010,83,9529.09
1010,84,9577.26
1010,85,9492.91
1010,86,9506.19
1010,87,9611.28
1010,88,9539.07
1010,89,9516.42
1010,90,9574.3
1010,91,9530.03
1010,92,9563.87
1010,93,9554.37
1010,94,9513.89
1010,95,9612.36
1010,96,9512.71
1010,97,9550.6
1010,98,9456.3
1010,99,9581.26
1020,0,9618.04
1020,1,9602.57
1020,2,9484.17
1020,3,9569.84
1020,4,9615.41
1020,5,9484.31
1020,6,9530.96
1020,7,9567.25
1020,8,9505.62
1020,9,9553.45
1020,10,9564.35
1020,11,9566.93
1020,12,9525.66
1020,13,9520.12
1020,14,9624.45
1020,15,9581.63
1020,16,9574.31
1020,17,9557.11
1020,18,9502.36
1020,19,9507.06
1020,20,9498.78
1020,21,9581.28
1020,22,9519.07
1020,23,9531.51
1020,24,9496.22
1020,25,9568.27
1020,26,9545.42
1020,27,9602.89
1020,28,9546.09
1020,29,9547.69
1020,30,9526.65
1020,31,9499.57
1020,32,9541.6
1020,33,9580.48
1020,34,9496.4
1020,35,9497.35
1020,36,9561.71
1020,37,9548.88
1020,38,9483.13
1020,39,9478.52
1020,40,9473.71
1020,41,9555.6
1020,42,9495.96
1020,43,9575.1
1020,44,9487.61
1020,45,9550.93
1020,46,9585.12
1020,47,9489.27
1020,48,9582.94
1020,49,9520.67
1020,50,9568.26
1020,51,9508.18
1020,52,9519.76
1020,53,9490.48
1020,54,9539.25
1020,55,9548.73
1020,56,9540.8
1020,57,9531.09
1020,58,9530.31
1020,59,9583.13
1020,60,9534
1020,61,9520.87
1020,62,9543.79
1020,63,9512.31
1020,64,9511.22
1020,65,9527.28
1020,66,9543.62
1020,67,9535.92
1020,68,9503.62
1020,69,9464.85
1020,70,9534.59
1020,71,9595.89
1020,72,9556.27
1020,73,9435.89
1020,74,9607.39
1020,75,9562.75
1020,76,9543.51
1020,77,9551.89
1020,78,9481.48
1020,79,9567.53
1020,80,9633.26
1020,81,9594.1
1020,82,9579.28
1020,83,9525.55
1020,84,9574.99
1020,85,9488.1
1020,86,9502.15
1020,87,9606.41
1020,88,9533.94
1020,89,9509.03
1020,90,9570.85
1020,91,9524.45
1020,92,9559.2
1020,93,9551.02
1020,94,9506.67
1020,95,9607.11
1020,96,9507.86
1020,97,9545.83
1020,98,9449.26
1020,99,9577.52
1030,0,9617.74
1030,1,9602.27
1030,2,9483.87
1030,3,9569.54
1030,4,9615.11
1030,5,9484.01
1030,6,9530.66
1030,7,9566.95
1030,8,9505.32
1030,9,9553.15
1030,10,9564.05
1030,11,9566.63
1030,12,9525.36
1030,13,9519.82
1030,14,9624.15
1030,15,9581.33
1030,16,9574.01
1030,17,9556.81
1030,18,9502.06
1030,19,9506.76
1030,20,9498.48
1030,21,9580.98
1030,22,9518.77
1030,23,9531.21
1030,24,9495.92
1030,25,9567.97
1030,26,9545.12
1030,27,9602.59
1030,28,9545.79
1030,29,9547.39
1030,30,9526.35
1030,31,9499.27
1030,32,9541.3
1030,33,9580.18
1030,34,9496.1
1030,35,9497.05
1030,36,9561.41
1030,37,9548.58
1030,38,9482.83
1030,39,9478.22
1030,40,9473.41
1030,41,9555.3
1030,42,9495.66
1030,43,9574.8
1030,44,9487.31
1030,45,9550.63
1030,46,9584.82
1030,47,9488.97
1030,48,9582.64
1030,49,9520.37
1030,50,9567.96
1030,51,9507.88
1030,52,9519.46
1030,53,9490.18
1030,54,9538.95
1030,55,9548.43
1030,56,9540.5
1030,57,9530.79
1030,58,9530.01
1030,59,9582.83
1030,60,9533.7
1030,61,9520.57
1030,62,9543.49
1030,63,9512.01
1030,64,9510.92
1030,65,9526.98
1030,66,9543.32
1030,67,9535.62
1030,68,9503.32
1030,69,9464.55
1030,70,9534.29
1030,71,9595.59
1030,72,9555.97
1030,73,9435.59
1030,74,9607.09
1030,75,9562.45
1030,76,9543.21
1030,77,9551.59
1030,78,9481.18
1030,79,9567.23
1030,80,9632.96
1030,81,9593.8
1030,82,9578.98
1030,83,9525.25
1030,84,9574.69
1030,85,9487.8
1030,86,9501.85
1030,87,9606.11
1030,88,9533.64
1030,89,9508.73
1030,90,9570.55
1030,91,9524.15
1030,92,9558.9
1030,93,9550.72
1030,94,9506.37
1030,95,9606.81
1030,96,9507.56
1030,97,9545.53
1030,98,9448.96
1030,99,9577.22
1040,0,9613.55
1040,1,9596.97
1040,2,9481.28
1040,3,9564.05
1040,4,9610.03
1040,5,9475.37
1040,6,9524.19
1040,7,9561.77
1040,8,9501.77
1040,9,9547.53
1040,10,9558.85
1040,11,9560.29
1040,12,9518.97
1040,13,9514.24
1040,14,9619.47
1040,15,9575.94
1040,16,9568.41
1040,17,9553.38
1040,18,9495.79
1040,19,9499.25
1040,20,9494.2
1040,21,9575.01
1040,22,9511.91
1040,23,9525.57
1040,24,9491.39
1040,25,9564.16
1040,26,9540.68
1040,27,9597.12
1040,28,9540.19
1040,29,9543.94
1040,30,9519.47
1040,31,9493.96
1040,32,9535.42
1040,33,9574.61
1040,34,9488.11
1040,35,9490.82
1040,36,9554.92
1040,37,9543.87
1040,38,9479.62
1040,39,9471.44
1040,40,9466.49
1040,41,9551.19
1040,42,9488.01
1040,43,9568.99
1040,44,9482.21
1040,45,9543.67
1040,46,9578.94
1040,47,9484.49
1040,48,9576.25
1040,49,9516.36
1040,50,9562.82
1040,51,9504.01
1040,52,9515.37
1040,53,9482.74
1040,54,9533.84
1040,55,9543.6
1040,56,9533.91
1040,57,9526.65
1040,58,9523.95
1040,59,9577.47
1040,60,9527.79
1040,61,9513.01
1040,62,9538.71
1040,63,9507.56
1040,64,9505
1040,65,9517.32
1040,66,9537.72
1040,67,9529.11
1040,68,9495.79
1040,69,9458.49
1040,70,9528.84
1040,71,9589.69
1040,72,9549.48
1040,73,9431.61
1040,74,9600.99
1040,75,9558.02
1040,76,9540.47
1040,77,9544.94
1040,78,9473.81
1040,79,9560.8
1040,80,9626.58
1040,81,9589.07
1040,82,9574.76
1040,83,9520.41
1040,84,9569.07
1040,85,9483.77
1040,86,9496.31
1040,87,9599.59
1040,88,9527.92
1040,89,9502.52
1040,90,9565.27
1040,91,9517.97
1040,92,9554.74
1040,93,9545.7
1040,94,9499.99
1040,95,9603.76
1040,96,9503
1040,97,9541.91
1040,98,9442.6
1040,99,9572.11
1050,0,9604.47
1050,1,9591.19
1050,2,9469.53
1050,3,9557.33
1050,4,9603.37
1050,5,9471.15
1050,6,9517.77
1050,7,9554.94
1050,8,9491.43
1050,9,9539.85
1050,10,9553.81
1050,11,9553.59
1050,12,9510.9
1050,13,9507.11
1050,14,9612.63
1050,15,9569.98
1050,16,9564.69
1050,17,9546.57
1050,18,9489.66
1050,19,9493.68
1050,20,9485.91
1050,21,9568.41
1050,22,9507.51
1050,23,9518.11
1050,24,9481.71
1050,25,9557
1050,26,9533.69
1050,27,9587.13
1050,28,9534.67
1050,29,9534.92
1050,30,9512.76
1050,31,9486.75
1050,32,9527.94
1050,33,9569.92
1050,34,9485.06
1050,35,9485.56
1050,36,9546.53
1050,37,9535.8
1050,38,9468.22
1050,39,9463.25
1050,40,9458.79
1050,41,9542.4
1050,42,9482.22
1050,43,9563.04
1050,44,9471.7
1050,45,9537.13
1050,46,9570.19
1050,47,9477.31
1050,48,9572.72
1050,49,9508.85
1050,50,9557.44
1050,51,9495.21
1050,52,9506
1050,53,9479.49
1050,54,9527.68
1050,55,9537.54
1050,56,9529.13
1050,57,9519.4
1050,58,9518.39
1050,59,9569.75
1050,60,9523.63
1050,61,9506.3
1050,62,9532.83
1050,63,9494.65
1050,64,9497.81
1050,65,9512.56
1050,66,9530.71
1050,67,9523.94
1050,68,9486.2
1050,69,9453.26
1050,70,9519.1
1050,71,9584.97
1050,72,9545.62
1050,73,9421.18
1050,74,9591.17
1050,75,9549.47
1050,76,9531.18
1050,77,9538.52
1050,78,9466.88
1050,79,9553.74
1050,80,9621.18
1050,81,9581.65
1050,82,9564.79
1050,83,9512.76
1050,84,9563.21
1050,85,9474.28
1050,86,9488.09
1050,87,9594.09
1050,88,9521.62
1050,89,9495.08
1050,90,9555.29
1050,91,9512.24
1050,92,9546.24
1050,93,9537.8
1050,94,9491.71
1050,95,9595.68
1050,96,9494.92
1050,97,9533.09
1050,98,9433.82
1050,99,9565.03
1060,0,9604.17
1060,1,9590.89
1060,2,9469.23
1060,3,9557.03
1060,4,9603.07
1060,5,9470.85
1060,6,9517.47
1060,7,9554.64
1060,8,9491.13
1060,9,9539.55
1060,10,9553.51
1060,11,9553.29
1060,12,9510.6
1060,13,9506.81
1060,14,9612.33
1060,15,9569.68
1060,16,9564.39
1060,17,9546.27
1060,18,9489.36
1060,19,9493.38
1060,20,9485.61
1060,21,9568.11
1060,22,9507.21
1060,23,9517.81
1060,24,9481.41
1060,25,9556.7
1060,26,9533.39
1060,27,9586.83
1060,28,9534.37
1060,29,9534.62
1060,30,9512.46
1060,31,9486.45
1060,32,9527.64
1060,33,9569.62
1060,34,9484.76
1060,35,9485.26
1060,36,9546.23
1060,37,9535.5
1060,38,9467.92
1060,39,9462.95
1060,40,9458.49
1060,41,9542.1
1060,42,9481.92
1060,43,9562.74
1060,44,9471.4
1060,45,9536.83
1060,46,9569.89
1060,47,9477.01
1060,48,9572.42
1060,49,9508.55
1060,50,9557.14
1060,51,9494.91
1060,52,9505.7
1060,53,9479.19
1060,54,9527.38
1060,55,9537.24
1060,56,9528.83
1060,57,9519.1
1060,58,9518.09
1060,59,9569.45
1060,60,9523.33
1060,61,9506
1060,62,9532.53
1060,63,9494.35
1060,64,9497.51
1060,65,9512.26
1060,66,9530.41
1060,67,9523.64
1060,68,9485.9
1060,69,9452.96
1060,70,9518.8
1060,71,9584.67
1060,72,9545.32
1060,73,9420.88
1060,74,9590.87
1060,75,9549.17
1060,76,9530.88
1060,77,9538.22
1060,78,9466.58
1060,79,9553.44
1060,80,9620.88
1060,81,9581.35
1060,82,9564.49
1060,83,9512.46
1060,84,9562.91
1060,85,9473.98
1060,86,9487.79
1060,87,9593.79
1060,88,9521.32
1060,89,9494.78
1060,90,9554.99
1060,91,9511.94
1060,92,9545.94
1060,93,9537.5
1060,94,9491.41
1060,95,9595.38
1060,96,9494.62
1060,97,9532.79
1060,98,9433.52
1060,99,9564.73
1070,0,9600.63
1070,1,9590.59
1070,2,9466.59
1070,3,9555.6
1070,4,9598.07
1070,5,9468.32
1070,6,9515.14
1070,7,9551.51
1070,8,9488.94
1070,9,9536.92
1070,10,9548.44
1070,11,9548.79
1070,12,9508.66
1070,13,9502.39
1070,14,9612.03
1070,15,9568.26
1070,16,9560.07
1070,17,9542.79
1070,18,9482.81
1070,19,9491.13
1070,20,9481.42
1070,21,9563.76
1070,22,9505.16
1070,23,9515.69
1070,24,9479.19
1070,25,9554.27
1070,26,9531.16
1070,27,9584.01
1070,28,9531.61
1070,29,9531.12
1070,30,9511.2
1070,31,9483.54
1070,32,9521.83
1070,33,9567.06
1070,34,9482.58
1070,35,9483.29
1070,36,9543.76
1070,37,9533.43
1070,38,9464.7
1070,39,9459.53
1070,40,9456.18
1070,41,9541.8
1070,42,9479.38
1070,43,9559.22
1070,44,9465.94
1070,45,9534.49
1070,46,9567.8
1070,47,9474.3
1070,48,9572.12
1070,49,9504.61
1070,50,9553.6
1070,51,9492.4
1070,52,9503.63
1070,53,9474.34
1070,54,9522.6
1070,55,9532.51
1070,56,9526.86
1070,57,9516.32
1070,58,9514.08
1070,59,9565.95
1070,60,9519.54
1070,61,9503.42
1070,62,9528.63
1070,63,9491.78
1070,64,9494.73
1070,65,9509.42
1070,66,9526.67
1070,67,9521.57
1070,68,9482.05
1070,69,9451.11
1070,70,9514.35
1070,71,9580.41
1070,72,9543.21
1070,73,9417.54
1070,74,9586.65
1070,75,9548.87
1070,76,9528.26
1070,77,9534.46
1070,78,9464.26
1070,79,9550.36
1070,80,9617.21
1070,81,9578.28
1070,82,9564.19
1070,83,9508.44
1070,84,9560.44
1070,85,9469.97
1070,86,9482.42
1070,87,9588.98
1070,88,9519.16
1070,89,9491.72
1070,90,9552.74
1070,91,9510.29
1070,92,9545.64
1070,93,9534.74
1070,94,9488.96
1070,95,9592.35
1070,96,9490.93
1070,97,9529.17
1070,98,9430.66
1070,99,9564.43
1080,0,9593.47
1080,1,9577.38
1080,2,9454.66
1080,3,9545.88
1080,4,9588.73
1080,5,9457.92
1080,6,9504.6
1080,7,9541.77
1080,8,9476.77
1080,9,9527.18
1080,10,9542.88
1080,11,9541.44
1080,12,9495.72
1080,13,9490.48
1080,14,9600.4
1080,15,9557.8
1080,16,9553.61
1080,17,9533.23
1080,18,9473.39
1080,19,9477.32
1080,20,9470.14
1080,21,9555.66
1080,22,9494.03
1080,23,9501.28
1080,24,9467.39
1080,25,9545.53
1080,26,9518.5
1080,27,9574.08
1080,28,9520.07
1080,29,9519.08
1080,30,9499.02
1080,31,9473.85
1080,32,9514.59
1080,33,9556.21
1080,34,9471.1
1080,35,9472.12
1080,36,9534.09
1080,37,9520.58
1080,38,9450.59
1080,39,9449.27
1080,40,9444.49
1080,41,9528.41
1080,42,9466.81
1080,43,9548.62
1080,44,9455.63
1080,45,9524.24
1080,46,9558.25
1080,47,9462.47
1080,48,9561.29
1080,49,9496.71
1080,50,9541.99
1080,51,9480.09
1080,52,9489.89
1080,53,9466.71
1080,54,9513.81
1080,55,9523.96
1080,56,9517.17
1080,57,9504.53
1080,58,9504
1080,59,9554.54
1080,60,9505.64
1080,61,9493.29
1080,62,9520.39
1080,63,9475.86
1080,64,9484.75
1080,65,9498.3
1080,66,9517.63
1080,67,9508.43
1080,68,9470.17
1080,69,9436.76
1080,70,9503.11
1080,71,9571.08
1080,72,9532.95
1080,73,9403.71
1080,74,9576.14
1080,75,9536.48
1080,76,9516.23
1080,77,9524.1
1080,78,9452.66
1080,79,9541.84
1080,80,9607.83
1080,81,9569.29
1080,82,9550.25
1080,83,9497.87
1080,84,9543.88
1080,85,9460.08
1080,86,9470.86
1080,87,9581.62
1080,88,9509.72
1080,89,9478.53
1080,90,9541.05
1080,91,9500.17
1080,92,9534.8
1080,93,9521.86
1080,94,9477.64
1080,95,9582.77
1080,96,9480.42
1080,97,9520.38
1080,98,9416.02
1080,99,9551.14
1090,0,9593.17
1090,1,9577.08
1090,2,9454.36
1090,3,9545.58
1090,4,9588.43
1090,5,9457.62
1090,6,9504.3
1090,7,9541.47
1090,8,9476.47
1090,9,9526.88
1090,10,9542.58
1090,11,9541.14
1090,12,9495.42
1090,13,9490.18
1090,14,9600.1
1090,15,9557.5
1090,16,9553.31
1090,17,9532.93
1090,18,9473.09
1090,19,9477.02
1090,20,9469.84
1090,21,9555.36
1090,22,9493.73
1090,23,9500.98
1090,24,9467.09
1090,25,9545.23
1090,26,9518.2
1090,27,9573.78
1090,28,9519.77
1090,29,9518.78
1090,30,9498.72
1090,31,9473.55
1090,32,9514.29
1090,33,9555.91
1090,34,9470.8
1090,35,9471.82
1090,36,9533.79
1090,37,9520.28
1090,38,9450.29
1090,39,9448.97
1090,40,9444.19
1090,41,9528.11
1090,42,9466.51
1090,43,9548.32
1090,44,9455.33
1090,45,9523.94
1090,46,9557.95
1090,47,9462.17
1090,48,9560.99
1090,49,9496.41
1090,50,9541.69
1090,51,9479.79
1090,52,9489.59
1090,53,9466.41
1090,54,9513.51
1090,55,9523.66
1090,56,9516.87
1090,57,9504.23
1090,58,9503.7
1090,59,9554.24
1090,60,9505.34
1090,61,9492.99
1090,62,9520.09
1090,63,9475.56
1090,64,9484.45
1090,65,9498
1090,66,9517.33
1090,67,9508.13
1090,68,9469.87
1090,69,9436.46
1090,70,9502.81
1090,71,9570.78
1090,72,9532.65
1090,73,9403.41
1090,74,9575.84
1090,75,9536.18
1090,76,9515.93
1090,77,9523.8
1090,78,9452.36
1090,79,9541.54
1090,80,9607.53
1090,81,9568.99
1090,82,9549.95
1090,83,9497.57
1090,84,9543.58
1090,85,9459.78
1090,86,9470.56
1090,87,9581.32
1090,88,9509.42
1090,89,9478.23
1090,90,9540.75
1090,91,9499.87
1090,92,9534.5
1090,93,9521.56
1090,94,9477.34
1090,95,9582.47
1090,96,9480.12
1090,97,9520.08
1090,98,9415.72
1090,99,9550.84
1100,0,9592.87
1100,1,9576.78
1100,2,9454.06
1100,3,9545.24
1100,4,9586.75
1100,5,9455.07
1100,6,9502.03
1100,7,9540.05
1100,8,9476.17
1100,9,9524.32
1100,10,9539.82
1100,11,9539.42
1100,12,9494.46
1100,13,9489.41
1100,14,9599.8
1100,15,9556.12
1100,16,9553.01
1100,17,9532.63
1100,18,9471.73
1100,19,9475.33
1100,20,9468.71
1100,21,9552.83
1100,22,9491.77
1100,23,9498.91
1100,24,9464.75
1100,25,9542.82
1100,26,9515.95
1100,27,9573.48
1100,28,9519.47
1100,29,9517.38
1100,30,9497.51
1100,31,9473.25
1100,32,9512.83
1100,33,9555.61
1100,34,9468.7
1100,35,9471.47
1100,36,9533.49
1100,37,9519.93
1100,38,9449.99
1100,39,9447.23
1100,40,9441.89
1100,41,9527.81
1100,42,9464.54
1100,43,9548.02
1100,44,9452.81
1100,45,9523.64
1100,46,9557.65
1100,47,9460.29
1100,48,9560.69
1100,49,9493.78
1100,50,9541.39
1100,51,9479.01
1100,52,9487.49
1100,53,9465.32
1100,54,9511.11
1100,55,9521.11
1100,56,9515.01
1100,57,9503.93
1100,58,9503.4
1100,59,9553.94
1100,60,9503.67
1100,61,9491.28
1100,62,9518.75
1100,63,9474.02
1100,64,9483
1100,65,9495.35
1100,66,9515.24
1100,67,9507.77
1100,68,9468.31
1100,69,9434.58
1100,70,9500.51
1100,71,9570.48
1100,72,9530.54
1100,73,9403.11
1100,74,9575.54
1100,75,9535.88
1100,76,9515.63
1100,77,9522.44
1100,78,9452.06
1100,79,9541.18
1100,80,9607.23
1100,81,9568.69
1100,82,9549.65
1100,83,9496.61
1100,84,9543.28
1100,85,9459.48
1100,86,9468.84
1100,87,9581.02
1100,88,9508.5
1100,89,9477.93
1100,90,9539.43
1100,91,9499.57
1100,92,9534.2
1100,93,9518.78
1100,94,9476.98
1100,95,9582.17
1100,96,9479.82
1100,97,9519.78
1100,98,9415.42
1100,99,9550.54
1110,0,9579.41
1110,1,9565.44
1110,2,9440.06
1110,3,9534.13
1110,4,9576.3
1110,5,9443.17
1110,6,9492.04
1110,7,9529.01
1110,8,9462.49
1110,9,9513.54
1110,10,9534.03
1110,11,9529.35
1110,12,9482.37
1110,13,9476.45
1110,14,9588.47
1110,15,9546.61
1110,16,9542.56
1110,17,9520.48
1110,18,9458.74
1110,19,9461.24
1110,20,9456.05
1110,21,9543.27
1110,22,9481.02
1110,23,9486.6
1110,24,9450.19
1110,25,9533.29
1110,26,9505.83
1110,27,9558.61
1110,28,9507.9
1110,29,9504.08
1110,30,9485.57
1110,31,9460.69
1110,32,9499.72
1110,33,9543.77
1110,34,9457.65
1110,35,9459.32
1110,36,9519.52
1110,37,9507.61
1110,38,9436.47
1110,39,9435.68
1110,40,9429.3
1110,41,9515.41
1110,42,9452.87
1110,43,9531.15
1110,44,9440.63
1110,45,9511.3
1110,46,9546.05
1110,47,9447.93
1110,48,9549.18
1110,49,9484.75
1110,50,9528.77
1110,51,9465.72
1110,52,9476.53
1110,53,9451.01
1110,54,9502.61
1110,55,9507.38
1110,56,9503.48
1110,57,9492.05
1110,58,9494.72
1110,59,9540.06
1110,60,9493.46
1110,61,9479.96
1110,62,9508.11
1110,63,9463.44
1110,64,9472.29
1110,65,9486.4
1110,66,9503.91
1110,67,9492.5
1110,68,9454.32
1110,69,9423.9
1110,70,9491.54
1110,71,9557.76
1110,72,9520.04
1110,73,9389
1110,74,9561.45
1110,75,9524.73
1110,76,9503.34
1110,77,9508.48
1110,78,9436.36
1110,79,9531.17
1110,80,9593.97
1110,81,9555.16
1110,82,9535.68
1110,83,9484.65
1110,84,9532.1
1110,85,9445.61
1110,86,9455.57
1110,87,9567.82
1110,88,9498.01
1110,89,9460.95
1110,90,9524.2
1110,91,9484.54
1110,92,9521.81
1110,93,9509.61
1110,94,9461.7
1110,95,9567.92
1110,96,9464.66
1110,97,9508.1
1110,98,9400.54
1110,99,9538.74
1120,0,9579.11
1120,1,9565.14
1120,2,9439.76
1120,3,9533.83
1120,4,9576
1120,5,9442.87
1120,6,9491.74
1120,7,9528.71
1120,8,9462.19
1120,9,9513.24
1120,10,9533.73
1120,11,9529.05
1120,12,9482.07
1120,13,9476.15
1120,14,9588.17
1120,15,9546.31
1120,16,9542.26
1120,17,9520.18
1120,18,9458.44
1120,19,9460.94
1120,20,9455.75
1120,21,9542.97
1120,22,9480.72
1120,23,9486.3
1120,24,9449.89
1120,25,9532.99
1120,26,9505.53
1120,27,9558.31
1120,28,9507.6
1120,29,9503.78
1120,30,9485.27
1120,31,9460.39
1120,32,9499.42
1120,33,9543.47
1120,34,9457.35
1120,35,9459.02
1120,36,9519.22
1120,37,9507.31
1120,38,9436.17
1120,39,9435.38
1120,40,9429
1120,41,9515.11
1120,42,9452.57
1120,43,9530.85
1120,44,9440.33
1120,45,9511
1120,46,9545.75
1120,47,9447.63
1120,48,9548.88
1120,49,9484.45
1120,50,9528.47
1120,51,9465.42
1120,52,9476.23
1120,53,9450.71
1120,54,9502.31
1120,55,9507.08
1120,56,9503.18
1120,57,9491.75
1120,58,9494.42
1120,59,9539.76
1120,60,9493.16
1120,61,9479.66
1120,62,9507.81
1120,63,9463.14
1120,64,9471.99
1120,65,9486.1
1120,66,9503.61
1120,67,9492.2
1120,68,9454.02
1120,69,9423.6
1120,70,9491.24
1120,71,9557.46
1120,72,9519.74
1120,73,9388.7
1120,74,9561.15
1120,75,9524.43
1120,76,9503.04
1120,77,9508.18
1120,78,9436.06
1120,79,9530.87
1120,80,9593.67
1120,81,9554.86
1120,82,9535.38
1120,83,9484.35
1120,84,9531.8
1120,85,9445.31
1120,86,9455.27
1120,87,9567.52
1120,88,9497.71
1120,89,9460.65
1120,90,9523.9
1120,91,9484.24
1120,92,9521.51
1120,93,9509.31
1120,94,9461.4
1120,95,9567.62
1120,96,9464.36
1120,97,9507.8
1120,98,9400.24
1120,99,9538.44
1130,0,9578.81
1130,1,9564.84
1130,2,9439.46
1130,3,9533.48
1130,4,9575.7
1130,5,9442.57
1130,6,9491.44
1130,7,9528.41
1130,8,9461.89
1130,9,9512.94
1130,10,9533.43
1130,11,9528.75
1130,12,9480.98
1130,13,9475.85
1130,14,9587.87
1130,15,9544.99
1130,16,9541.96
1130,17,9519.88
1130,18,9458.14
1130,19,9460.64
1130,20,9455.45
1130,21,9542.67
1130,22,9480.42
1130,23,9486
1130,24,9449.59
1130,25,9532.69
1130,26,9505.23
1130,27,9558.01
1130,28,9507.3
1130,29,9503.48
1130,30,9484.09
1130,31,9460.09
1130,32,9499.12
1130,33,9543.17
1130,34,9457.05
1130,35,9458.66
1130,36,9518.92
1130,37,9506.95
1130,38,9435.87
1130,39,9435.08
1130,40,9428.7
1130,41,9514.81
1130,42,9452.27
1130,43,9530.55
1130,44,9440.03
1130,45,9510.7
1130,46,9545.45
1130,47,9447.33
1130,48,9548.58
1130,49,9484.15
1130,50,9528.17
1130,51,9465.05
1130,52,9475.93
1130,53,9449.6
1130,54,9502.01
1130,55,9506.78
1130,56,9502.88
1130,57,9491.45
1130,58,9494.12
1130,59,9539.46
1130,60,9492.86
1130,61,9479.36
1130,62,9506.39
1130,63,9462.84
1130,64,9471.69
1130,65,9485.8
1130,66,9503.31
1130,67,9491.9
1130,68,9453.72
1130,69,9423.3
1130,70,9490.94
1130,71,9557.16
1130,72,9519.44
1130,73,9388.4
1130,74,9560.85
1130,75,9524.13
1130,76,9502.74
1130,77,9507.88
1130,78,9435.76
1130,79,9530.57
1130,80,9593.37
1130,81,9554.56
1130,82,9535.08
1130,83,9484.05
1130,84,9531.5
1130,85,9445.01
1130,86,9454.97
1130,87,9567.22
1130,88,9496.74
1130,89,9460.35
1130,90,9523.6
1130,91,9483.94
1130,92,9521.21
1130,93,9509.01
1130,94,9461.1
1130,95,9567.32
1130,96,9464.06
1130,97,9507.5
1130,98,9399.94
1130,99,9538.14
1140,0,9565.12
1140,1,9553.51
1140,2,9426.41
1140,3,9523.29
1140,4,9564.3
1140,5,9429.79
1140,6,9480.71
1140,7,9516.37
1140,8,9449.15
1140,9,9501.62
1140,10,9524.63
1140,11,9516.97
1140,12,9468.03
1140,13,9466.1
1140,14,9576.5
1140,15,9537.08
1140,16,9534.85
1140,17,9507.67
1140,18,9444.74
1140,19,9451.69
1140,20,9442.55
1140,21,9531.42
1140,22,9468.45
1140,23,9472.75
1140,24,9435.93
1140,25,9523.42
1140,26,9493.94
1140,27,9548.66
1140,28,9497.94
1140,29,9490.44
1140,30,9472.27
1140,31,9447.48
1140,32,9486.58
1140,33,9531.45
1140,34,9444.59
1140,35,9446.82
1140,36,9505.47
1140,37,9495.13
1140,38,9422.9
1140,39,9420.67
1140,40,9415.82
1140,41,9502.53
1140,42,9441.69
1140,43,9515.71
1140,44,9427.71
1140,45,9498.31
1140,46,9530.82
1140,47,9434.47
1140,48,9538.12
1140,49,9473.56
1140,50,9521.03
1140,51,9452.35
1140,52,9463.42
1140,53,9437.5
1140,54,9491.39
1140,55,9496.62
1140,56,9492.54
1140,57,9482.25
1140,58,9484.83
1140,59,9531.81
1140,60,9479.73
1140,61,9466.86
1140,62,9495.82
1140,63,9450.06
1140,64,9459.65
1140,65,9475.3
1140,66,9491.69
1140,67,9476.71
1140,68,9442.52
1140,69,9409.44
1140,70,9480.43
1140,71,9546.63
1140,72,9507.89
1140,73,9374.16
1140,74,9551.23
1140,75,9511.63
1140,76,9491.49
1140,77,9494.35
1140,78,9420.39
1140,79,9520.84
1140,80,9582.41
1140,81,9542.79
1140,82,9523.62
1140,83,9472.16
1140,84,9517.26
1140,85,9432.2
1140,86,9441.05
1140,87,9557.24
1140,88,9486.11
1140,89,9448.32
1140,90,9507.08
1140,91,9468.77
1140,92,9510.91
1140,93,9497.67
1140,94,9446.11
1140,95,9554.46
1140,96,9450.45
1140,97,9495.42
1140,98,9384.38
1140,99,9527.96
1150,0,9564.82
1150,1,9553.21
1150,2,9426.11
1150,3,9522.99
1150,4,9564
1150,5,9429.49
1150,6,9480.41
1150,7,9516.07
1150,8,9448.85
1150,9,9501.32
1150,10,9524.33
1150,11,9516.67
1150,12,9467.73
1150,13,9465.8
1150,14,9576.2
1150,15,9536.78
1150,16,9534.55
1150,17,9507.37
1150,18,9444.44
1150,19,9451.39
1150,20,9442.25
1150,21,9531.12
1150,22,9468.15
1150,23,9472.45
1150,24,9435.63
1150,25,9523.12
1150,26,9493.64
1150,27,9548.36
1150,28,9497.64
1150,29,9490.14
1150,30,9471.97
1150,31,9447.18
1150,32,9486.28
1150,33,9531.15
1150,34,9444.29
1150,35,9446.52
1150,36,9505.17
1150,37,9494.83
1150,38,9422.6
1150,39,9420.37
1150,40,9415.52
1150,41,9502.23
1150,42,9441.39
1150,43,9515.41
1150,44,9427.41
1150,45,9498.01
1150,46,9530.52
1150,47,9434.17
1150,48,9537.82
1150,49,9473.26
1150,50,9520.73
1150,51,9452.05
1150,52,9463.12
1150,53,9437.2
1150,54,9491.09
1150,55,9496.32
1150,56,9492.24
1150,57,9481.95
1150,58,9484.53
1150,59,9531.51
1150,60,9479.43
1150,61,9466.56
1150,62,9495.52
1150,63,9449.76
1150,64,9459.35
1150,65,9475
1150,66,9491.39
1150,67,9476.41
1150,68,9442.22
1150,69,9409.14
1150,70,9480.13
1150,71,9546.33
1150,72,9507.59
1150,73,9373.86
1150,74,9550.93
1150,75,9511.33
1150,76,9491.19
1150,77,9494.05
1150,78,9420.09
1150,79,9520.54
1150,80,9582.11
1150,81,9542.49
1150,82,9523.32
1150,83,9471.86
1150,84,9516.96
1150,85,9431.9
1150,86,9440.75
1150,87,9556.94
1150,88,9485.81
1150,89,9448.02
1150,90,9506.78
1150,91,9468.47
1150,92,9510.61
1150,93,9497.37
1150,94,9445.81
1150,95,9554.16
1150,96,9450.15
1150,97,9495.12
1150,98,9384.08
1150,99,9527.66
1160,0,9564.52
1160,1,9552.91
1160,2,9425.81
1160,3,9522.69
1160,4,9563.7
1160,5,9429.19
1160,6,9480.11
1160,7,9515.77
1160,8,9448.55
1160,9,9501.02
1160,10,9524.03
1160,11,9516.37
1160,12,9467.43
1160,13,9465.5
1160,14,9575.9
1160,15,9536.48
1160,16,9534.25
1160,17,9507.07
1160,18,9444.14
1160,19,9451.09
1160,20,9441.95
1160,21,9530.82
1160,22,9467.85
1160,23,9472.15
1160,24,9435.33
1160,25,9522.82
1160,26,9493.34
1160,27,9548.06
1160,28,9497.34
1160,29,9489.84
1160,30,9471.67
1160,31,9446.88
1160,32,9485.98
1160,33,9530.85
1160,34,9443.99
1160,35,9446.22
1160,36,9504.87
1160,37,9494.53
1160,38,9422.3
1160,39,9420.07
1160,40,9415.22
1160,41,9501.93
1160,42,9441.09
1160,43,9515.11
1160,44,9427.11
1160,45,9497.71
1160,46,9530.22
1160,47,9433.87
1160,48,9537.52
1160,49,9472.96
1160,50,9520.43
1160,51,9451.75
1160,52,9462.82
1160,53,9436.9
1160,54,9490.79
1160,55,9496.02
1160,56,9491.94
1160,57,9481.65
1160,58,9484.23
1160,59,9531.21
1160,60,9479.13
1160,61,9466.26
1160,62,9495.22
1160,63,9449.46
1160,64,9459.05
1160,65,9474.7
1160,66,9491.09
1160,67,9476.11
1160,68,9441.92
1160,69,9408.84
1160,70,9479.83
1160,71,9546.03
1160,72,9507.29
1160,73,9373.56
1160,74,9550.63
1160,75,9511.03
1160,76,9490.89
1160,77,9493.75
1160,78,9419.79
1160,79,9520.24
1160,80,9581.81
1160,81,9542.19
1160,82,9523.02
1160,83,9471.56
1160,84,9516.66
1160,85,9431.6
1160,86,9440.45
1160,87,9556.64
1160,88,9485.51
1160,89,9447.72
1160,90,9506.48
1160,91,9468.17
1160,92,9510.31
1160,93,9497.07
1160,94,9445.51
1160,95,9553.86
1160,96,9449.85
1160,97,9494.82
1160,98,9383.78
1160,99,9527.36
1170,0,9550.62
1170,1,9541.49
1170,2,9412.5
1170,3,9512.1
1170,4,9552.54
1170,5,9416.37
1170,6,9469.6
1170,7,9504.23
1170,8,9435.61
1170,9,9489.29
1170,10,9514.46
1170,11,9506.62
1170,12,9456.49
1170,13,9454.62
1170,14,9566.74
1170,15,9527.17
1170,16,9523.83
1170,17,9495.7
1170,18,9430.77
1170,19,9439.17
1170,20,9429.04
1170,21,9519.4
1170,22,9455.9
1170,23,9458.92
1170,24,9422.55
1170,25,9513.36
1170,26,9481.8
1170,27,9537.54
1170,28,9488.01
1170,29,9476.44
1170,30,9459.78
1170,31,9435.53
1170,32,9475.17
1170,33,9521.35
1170,34,9431.48
1170,35,9435.68
1170,36,9491.1
1170,37,9482.64
1170,38,9410.48
1170,39,9407.36
1170,40,9401.77
1170,41,9489.72
1170,42,9431.77
1170,43,9499.94
1170,44,9415.04
1170,45,9485.31
1170,46,9518.11
1170,47,9421.42
1170,48,9526.81
1170,49,9462.54
1170,50,9509.61
1170,51,9441.61
1170,52,9450.46
1170,53,9425.5
1170,54,9478.52
1170,55,9481.12
1170,56,9481.96
1170,57,9472.45
1170,58,9474.91
1170,59,9519.9
1170,60,9466.11
1170,61,9455.92
1170,62,9484.64
1170,63,9437.47
1170,64,9448.14
1170,65,9466.05
1170,66,9479.33
1170,67,9460.76
1170,68,9430.95
1170,69,9397.28
1170,70,9469.37
1170,71,9536.56
1170,72,9495.77
1170,73,9359.41
1170,74,9542.96
1170,75,9498.59
1170,76,9479.8
1170,77,9481.47
1170,78,9404.77
1170,79,9511.75
1170,80,9570.83
1170,81,9530.5
1170,82,9509.03
1170,83,9459.87
1170,84,9505.86
1170,85,9420.23
1170,86,9426.66
1170,87,9546.46
1170,88,9475.4
1170,89,9435.32
1170,90,9492.5
1170,91,9452.86
1170,92,9499.74
1170,93,9485.88
1170,94,9430.26
1170,95,9541.98
1170,96,9437.04
1170,97,9483.72
1170,98,9371.04
1170,99,9517.25
1180,0,9550.32
1180,1,9541.19
1180,2,9412.2
1180,3,9511.8
1180,4,9552.24
1180,5,9416.07
1180,6,9469.3
1180,7,9503.93
1180,8,9435.31
1180,9,9488.99
1180,10,9514.16
1180,11,9506.32
1180,12,9456.19
1180,13,9454.32
1180,14,9566.44
1180,15,9526.87
1180,16,9523.53
1180,17,9495.4
1180,18,9430.47
1180,19,9438.87
1180,20,9428.74
1180,21,9519.1
1180,22,9455.6
1180,23,9458.62
1180,24,9422.25
1180,25,9513.06
1180,26,9481.5
1180,27,9537.24
1180,28,9487.71
1180,29,9476.14
1180,30,9459.48
1180,31,9435.23
1180,32,9474.87
1180,33,9521.05
1180,34,9431.18
1180,35,9435.38
1180,36,9490.8
1180,37,9482.34
1180,38,9410.18
1180,39,9407.06
1180,40,9401.47
1180,41,9489.42
1180,42,9431.47
1180,43,9499.64
1180,44,9414.74
1180,45,9485.01
1180,46,9517.81
1180,47,9421.12
1180,48,9526.51
1180,49,9462.24
1180,50,9509.31
1180,51,9441.31
1180,52,9450.16
1180,53,9425.2
1180,54,9478.22
1180,55,9480.82
1180,56,9481.66
1180,57,9472.15
1180,58,9474.61
1180,59,9519.6
1180,60,9465.81
1180,61,9455.62
1180,62,9484.34
1180,63,9437.17
1180,64,9447.84
1180,65,9465.75
1180,66,9479.03
1180,67,9460.46
1180,68,9430.65
1180,69,9396.98
1180,70,9469.07
1180,71,9536.26
1180,72,9495.47
1180,73,9359.11
1180,74,9542.66
1180,75,9498.29
1180,76,9479.5
1180,77,9481.17
1180,78,9404.47
1180,79,9511.45
1180,80,9570.53
1180,81,9530.2
1180,82,9508.73
1180,83,9459.57
1180,84,9505.56
1180,85,9419.93
1180,86,9426.36
1180,87,9546.16
1180,88,9475.1
1180,89,9435.02
1180,90,9492.2
1180,91,9452.56
1180,92,9499.44
1180,93,9485.58
1180,94,9429.96
1180,95,9541.68
1180,96,9436.74
1180,97,9483.42
1180,98,9370.74
1180,99,9516.95
1190,0,9550.02
1190,1,9540.89
1190,2,9411.9
1190,3,9511.5
1190,4,9551.94
1190,5,9415.77
1190,6,9469
1190,7,9503.63
1190,8,9435.01
1190,9,9488.69
1190,10,9513.86
1190,11,9506.02
1190,12,9455.89
1190,13,9454.02
1190,14,9566.14
1190,15,9526.57
1190,16,9523.23
1190,17,9495.1
1190,18,9430.17
1190,19,9438.57
1190,20,9428.44
1190,21,9518.8
1190,22,9455.3
1190,23,9458.32
1190,24,9421.95
1190,25,9512.76
1190,26,9481.2
1190,27,9536.94
1190,28,9487.41
1190,29,9475.84
1190,30,9459.18
1190,31,9434.93
1190,32,9474.57
1190,33,9520.75
1190,34,9430.88
1190,35,9435.08
1190,36,9490.5
1190,37,9482.04
1190,38,9409.88
1190,39,9406.76
1190,40,9401.17
1190,41,9489.12
1190,42,9431.17
1190,43,9499.34
1190,44,9414.44
1190,45,9484.71
1190,46,9517.51
1190,47,9420.82
1190,48,9526.21
1190,49,9461.94
1190,50,9509.01
1190,51,9441.01
1190,52,9449.86
1190,53,9424.9
1190,54,9477.92
1190,55,9480.52
1190,56,9481.36
1190,57,9471.85
1190,58,9474.31
1190,59,9519.3
1190,60,9465.51
1190,61,9455.32
1190,62,9484.04
1190,63,9436.87
1190,64,9447.54
1190,65,9465.45
1190,66,9478.73
1190,67,9460.16
1190,68,9430.35
1190,69,9396.68
1190,70,9468.77
1190,71,9535.96
1190,72,9495.17
1190,73,9358.81
1190,74,9542.36
1190,75,9497.99
1190,76,9479.2
1190,77,9480.87
1190,78,9404.17
1190,79,9511.15
1190,80,9570.23
1190,81,9529.9
1190,82,9508.43
1190,83,9459.27
1190,84,9505.26
1190,85,9419.63
1190,86,9426.06
1190,87,9545.86
1190,88,9474.8
1190,89,9434.72
1190,90,9491.9
1190,91,9452.26
1190,92,9499.14
1190,93,9485.28
1190,94,9429.66
1190,95,9541.38
1190,96,9436.44
1190,97,9483.12
1190,98,9370.44
1190,99,9516.65
1200,0,9539.22
1200,1,9529.24
1200,2,9398.19
1200,3,9501.03
1200,4,9539.88
1200,5,9404.6
1200,6,9457.77
1200,7,9491.39
1200,8,9421.31
1200,9,9476.22
1200,10,9504.58
1200,11,9494.28
1200,12,9444.93
1200,13,9441.02
1200,14,9553.31
1200,15,9517.18
1200,16,9512.77
1200,17,9483.4
1200,18,9416.06
1200,19,9427.39
1200,20,9414.64
1200,21,9506.84
1200,22,9442.9
1200,23,9444.2
1200,24,9409.91
1200,25,9502.77
1200,26,9469.01
1200,27,9524.43
1200,28,9475.04
1200,29,9461.46
1200,30,9447.87
1200,31,9423.57
1200,32,9463.61
1200,33,9509.93
1200,34,9417.77
1200,35,9424.99
1200,36,9476.51
1200,37,9469.3
1200,38,9397.36
1200,39,9394.12
1200,40,9388.23
1200,41,9476.93
1200,42,9417.98
1200,43,9487.35
1200,44,9402.58
1200,45,9472.47
1200,46,9505.39
1200,47,9409.4
1200,48,9514.99
1200,49,9450.65
1200,50,9497.78
1200,51,9427.83
1200,52,9436.71
1200,53,9413.02
1200,54,9466.27
1200,55,9466.09
1200,56,9469.16
1200,57,9459.57
1200,58,9465.45
1200,59,9509.27
1200,60,9450.9
1200,61,9443.08
1200,62,9472.93
1200,63,9423.2
1200,64,9437.24
1200,65,9454.78
1200,66,9466.86
1200,67,9444.94
1200,68,9416.08
1200,69,9386.13
1200,70,9458.48
1200,71,9526.47
1200,72,9482.66
1200,73,9344.68
1200,74,9532.14
1200,75,9485.6
1200,76,9467.55
1200,77,9470.18
1200,78,9388.25
1200,79,9500.72
1200,80,9559.62
1200,81,9518.56
1200,82,9496.13
1200,83,9446.12
1200,84,9493
1200,85,9409.95
1200,86,9411.51
1200,87,9535.66
1200,88,9464.03
1200,89,9422.38
1200,90,9480.18
1200,91,9436.98
1200,92,9487.15
1200,93,9474.58
1200,94,9413.73
1200,95,9527.92
1200,96,9424.05
1200,97,9470.86
1200,98,9356.62
1200,99,9504.99
1210,0,9538.92
1210,1,9528.94
1210,2,9397.89
1210,3,9500.73
1210,4,9539.58
1210,5,9404.3
1210,6,9457.47
1210,7,9491.09
1210,8,9421.01
1210,9,9475.92
1210,10,9504.28
1210,11,9493.98
1210,12,9444.63
1210,13,9440.72
1210,14,9553.01
1210,15,9516.88
1210,16,9512.47
1210,17,9483.1
1210,18,9415.76
1210,19,9427.09
1210,20,9414.34
1210,21,9506.54
1210,22,9442.6
1210,23,9443.9
1210,24,9409.61
1210,25,9502.47
1210,26,9468.71
1210,27,9524.13
1210,28,9474.74
1210,29,9461.16
1210,30,9447.57
1210,31,9423.27
1210,32,9463.31
1210,33,9509.63
1210,34,9417.47
1210,35,9424.69
1210,36,9476.21
1210,37,9469
1210,38,9397.06
1210,39,9393.82
1210,40,9387.93
1210,41,9476.63
1210,42,9417.68
1210,43,9487.05
1210,44,9402.28
1210,45,9472.17
1210,46,9505.09
1210,47,9409.1
1210,48,9514.69
1210,49,9450.35
1210,50,9497.48
1210,51,9427.53
1210,52,9436.41
1210,53,9412.72
1210,54,9465.97
1210,55,9465.79
1210,56,9468.86
1210,57,9459.27
1210,58,9465.15
1210,59,9508.97
1210,60,9450.6
1210,61,9442.78
1210,62,9472.63
1210,63,9422.9
1210,64,9436.94
1210,65,9454.48
1210,66,9466.56
1210,67,9444.64
1210,68,9415.78
1210,69,9385.83
1210,70,9458.18
1210,71,9526.17
1210,72,9482.36
1210,73,9344.38
1210,74,9531.84
1210,75,9485.3
1210,76,9467.25
1210,77,9469.88
1210,78,9387.95
1210,79,9500.42
1210,80,9559.32
1210,81,9518.26
1210,82,9495.83
1210,83,9445.82
1210,84,9492.7
1210,85,9409.65
1210,86,9411.21
1210,87,9535.36
1210,88,9463.73
1210,89,9422.08
1210,90,9479.88
1210,91,9436.68
1210,92,9486.85
1210,93,9474.28
1210,94,9413.43
1210,95,9527.62
1210,96,9423.75
1210,97,9470.56
1210,98,9356.32
1210,99,9504.69
1220,0,9538.62
1220,1,9528.64
1220,2,9397.59
1220,3,9500.43
1220,4,9539.28
1220,5,9404
1220,6,9457.17
1220,7,9490.79
1220,8,9420.71
1220,9,9475.62
1220,10,9503.98
1220,11,9493.68
1220,12,9444.33
1220,13,9440.42
1220,14,9552.71
1220,15,9516.58
1220,16,9512.17
1220,17,9482.8
1220,18,9415.46
1220,19,9426.79
1220,20,9414.04
1220,21,9506.24
1220,22,9442.3
1220,23,9443.6
1220,24,9409.31
1220,25,9502.17
1220,26,9468.41
1220,27,9523.83
1220,28,9474.44
1220,29,9460.86
1220,30,9447.27
1220,31,9422.97
1220,32,9463.01
1220,33,9509.33
1220,34,9417.17
1220,35,9424.39
1220,36,9475.91
1220,37,9468.7
1220,38,9396.76
1220,39,9393.52
1220,40,9387.63
1220,41,9476.33
1220,42,9417.38
1220,43,9486.75
1220,44,9401.98
1220,45,9471.87
1220,46,9504.79
1220,47,9408.8
1220,48,9514.39
1220,49,9450.05
1220,50,9497.18
1220,51,9427.23
1220,52,9436.11
1220,53,9412.42
1220,54,9465.67
1220,55,9465.49
1220,56,9468.56
1220,57,9458.97
1220,58,9464.85
1220,59,9508.67
1220,60,9450.3
1220,61,9442.48
1220,62,9472.33
1220,63,9422.6
1220,64,9436.64
1220,65,9454.18
1220,66,9466.26
1220,67,9444.34
1220,68,9415.48
1220,69,9385.53
1220,70,9457.88
1220,71,9525.87
1220,72,9482.06
1220,73,9344.08
1220,74,9531.54
1220,75,9485
1220,76,9466.95
1220,77,9469.58
1220,78,9387.65
1220,79,9500.12
1220,80,9559.02
1220,81,9517.96
1220,82,9495.53
1220,83,9445.52
1220,84,9492.4
1220,85,9409.35
1220,86,9410.91
1220,87,9535.06
1220,88,9463.43
1220,89,9421.78
1220,90,9479.58
1220,91,9436.38
1220,92,9486.55
1220,93,9473.98
1220,94,9413.13
1220,95,9527.32
1220,96,9423.45
1220,97,9470.26
1220,98,9356.02
1220,99,9504.39
1230,0,9524.95
1230,1,9516.97
1230,2,9382.74
1230,3,9487.52
1230,4,9527.14
1230,5,9390.32
1230,6,9445.42
1230,7,9478.64
1230,8,9405.49
1230,9,9461
1230,10,9493.3
1230,11,9480.65
1230,12,9429.56
1230,13,9427.57
1230,14,9539.51
1230,15,9504.66
1230,16,9501.45
1230,17,9470.43
1230,18,9394.51
1230,19,9413.43
1230,20,9399.77
1230,21,9495.24
1230,22,9426.01
1230,23,9430.92
1230,24,9394.25
1230,25,9491.35
1230,26,9454.55
1230,27,9512.42
1230,28,9463.27
1230,29,9447.99
1230,30,9433.98
1230,31,9409.01
1230,32,9451.35
1230,33,9497.27
1230,34,9400.21
1230,35,9412.61
1230,36,9458.78
1230,37,9455.02
1230,38,9382.95
1230,39,9380.28
1230,40,9371.2
1230,41,9464.02
1230,42,9404.48
1230,43,9474.15
1230,44,9387.37
1230,45,9458.78
1230,46,9491.65
1230,47,9395.11
1230,48,9502.45
1230,49,9437.65
1230,50,9482.46
1230,51,9414.63
1230,52,9422.84
1230,53,9397.84
1230,54,9453.6
1230,55,9448.02
1230,56,9453.78
1230,57,9448.02
1230,58,9454.95
1230,59,9495.6
1230,60,9437.14
1230,61,9430.67
1230,62,9459.84
1230,63,9408.65
1230,64,9423.14
1230,65,9438.74
1230,66,9451.58
1230,67,9428.19
1230,68,9400.91
1230,69,9372.36
1230,70,9445.79
1230,71,9514.29
1230,72,9468.16
1230,73,9328.85
1230,74,9516.43
1230,75,9472.71
1230,76,9453.15
1230,77,9458.72
1230,78,9373.47
1230,79,9489.69
1230,80,9547.25
1230,81,9506
1230,82,9482.87
1230,83,9432.4
1230,84,9481.48
1230,85,9396.64
1230,86,9397.85
1230,87,9524.47
1230,88,9451.52
1230,89,9407.36
1230,90,9464.29
1230,91,9420.12
1230,92,9474.95
1230,93,9462.46
1230,94,9399.09
1230,95,9512.59
1230,96,9410.34
1230,97,9457.92
1230,98,9341.53
1230,99,9492.31
1240,0,9524.65
1240,1,9516.67
1240,2,9382.44
1240,3,9487.22
1240,4,9526.84
1240,5,9390.02
1240,6,9445.12
1240,7,9478.34
1240,8,9405.19
1240,9,9460.7
1240,10,9493
1240,11,9480.35
1240,12,9429.26
1240,13,9427.27
1240,14,9539.21
1240,15,9504.36
1240,16,9501.15
1240,17,9470.13
1240,18,9394.21
1240,19,9413.13
1240,20,9399.47
1240,21,9494.94
1240,22,9425.71
1240,23,9430.62
1240,24,9393.95
1240,25,9491.05
1240,26,9454.25
1240,27,9512.12
1240,28,9462.97
1240,29,9447.69
1240,30,9433.68
1240,31,9408.71
1240,32,9451.05
1240,33,9496.97
1240,34,9399.91
1240,35,9412.31
1240,36,9458.48
1240,37,9454.72
1240,38,9382.65
1240,39,9379.98
1240,40,9370.9
1240,41,9463.72
1240,42,9404.18
1240,43,9473.85
1240,44,9387.07
1240,45,9458.48
1240,46,9491.35
1240,47,9394.81
1240,48,9502.15
1240,49,9437.35
1240,50,9482.16
1240,51,9414.33
1240,52,9422.54
1240,53,9397.54
1240,54,9453.3
1240,55,9447.72
1240,56,9453.48
1240,57,9447.72
1240,58,9454.65
1240,59,9495.3
1240,60,9436.84
1240,61,9430.37
1240,62,9459.54
1240,63,9408.35
1240,64,9422.84
1240,65,9438.44
1240,66,9451.28
1240,67,9427.89
1240,68,9400.61
1240,69,9372.06
1240,70,9445.49
1240,71,9513.99
1240,72,9467.86
1240,73,9328.55
1240,74,9516.13
1240,75,9472.41
1240,76,9452.85
1240,77,9458.42
1240,78,9373.17
1240,79,9489.39
1240,80,9546.95
1240,81,9505.7
1240,82,9482.57
1240,83,9432.1
1240,84,9481.18
1240,85,9396.34
1240,86,9397.55
1240,87,9524.17
1240,88,9451.22
1240,89,9407.06
1240,90,9463.99
1240,91,9419.82
1240,92,9474.65
1240,93,9462.16
1240,94,9398.79
1240,95,9512.29
1240,96,9410.04
1240,97,9457.62
1240,98,9341.23
1240,99,9492.01
1250,0,9524.35
1250,1,9516.37
1250,2,9382.14
1250,3,9486.92
1250,4,9526.54
1250,5,9389.72
1250,6,9444.82
1250,7,9478.04
1250,8,9404.89
1250,9,9460.4
1250,10,9492.7
1250,11,9480.05
1250,12,9428.96
1250,13,9426.97
1250,14,9538.91
1250,15,9504.06
1250,16,9500.85
1250,17,9469.83
1250,18,9393.91
1250,19,9412.83
1250,20,9399.17
1250,21,9494.64
1250,22,9425.41
1250,23,9430.32
1250,24,9393.65
1250,25,9490.75
1250,26,9453.95
1250,27,9511.82
1250,28,9462.67
1250,29,9447.39
1250,30,9433.38
1250,31,9408.41
1250,32,9450.75
1250,33,9496.67
1250,34,9399.61
1250,35,9412.01
1250,36,9458.18
1250,37,9454.42
1250,38,9382.35
1250,39,9379.68
1250,40,9370.6
1250,41,9463.42
1250,42,9403.88
1250,43,9473.55
1250,44,9386.77
1250,45,9458.18
1250,46,9491.05
1250,47,9394.51
1250,48,9501.85
1250,49,9437.05
1250,50,9481.86
1250,51,9414.03
1250,52,9422.24
1250,53,9397.24
1250,54,9453
1250,55,9447.42
1250,56,9453.18
1250,57,9447.42
1250,58,9454.35
1250,59,9495
1250,60,9436.54
1250,61,9430.07
1250,62,9459.24
1250,63,9408.05
1250,64,9422.54
1250,65,9438.14
1250,66,9450.98
1250,67,9427.59
1250,68,9400.31
1250,69,9371.76
1250,70,9445.19
1250,71,9513.69
1250,72,9467.56
1250,73,9328.25
1250,74,9515.83
1250,75,9472.11
1250,76,9452.55
1250,77,9458.12
1250,78,9372.87
1250,79,9489.09
1250,80,9546.65
1250,81,9505.4
1250,82,9482.27
1250,83,9431.8
1250,84,9480.88
1250,85,9396.04
1250,86,9397.25
1250,87,9523.87
1250,88,9450.92
1250,89,9406.76
1250,90,9463.69
1250,91,9419.52
1250,92,9474.35
1250,93,9461.86
1250,94,9398.49
1250,95,9511.99
1250,96,9409.74
1250,97,9457.32
1250,98,9340.93
1250,99,9491.71
1260,0,9510.11
1260,1,9506.42
1260,2,9366.43
1260,3,9475.42
1260,4,9515.76
1260,5,9373.84
1260,6,9431.33
1260,7,9464.49
1260,8,9390.19
1260,9,9447.48
1260,10,9482.27
1260,11,9467.29
1260,12,9415.51
1260,13,9413.01
1260,14,9524.81
1260,15,9492.24
1260,16,9490.28
1260,17,9457.44
1260,18,9375.36
1260,19,9397.51
1260,20,9387.21
1260,21,9482.09
1260,22,9409.34
1260,23,9418.44
1260,24,9378.08
1260,25,9480.28
1260,26,9442.79
1260,27,9499.85
1260,28,9451.66
1260,29,9433.21
1260,30,9421.14
1260,31,9393.16
1260,32,9436.5
1260,33,9485.7
1260,34,9383.68
1260,35,9400.49
1260,36,9445.84
1260,37,9443.99
1260,38,9367.29
1260,39,9363.55
1260,40,9356.19
1260,41,9451.05
1260,42,9390.78
1260,43,9459.5
1260,44,9370.34
1260,45,9446.27
1260,46,9479.01
1260,47,9381.56
1260,48,9491.73
1260,49,9425.69
1260,50,9467.23
1260,51,9402.23
1260,52,9408.33
1260,53,9385.73
1260,54,9439.12
1260,55,9432.45
1260,56,9439.97
1260,57,9435.79
1260,58,9443.84
1260,59,9482.26
1260,60,9424.06
1260,61,9416.16
1260,62,9446.99
1260,63,9393.37
1260,64,9409.54
1260,65,9422.66
1260,66,9437.45
1260,67,9414.56
1260,68,9387.14
1260,69,9358.68
1260,70,9434.64
1260,71,9501.92
1260,72,9453.79
1260,73,9311.66
1260,74,9502.1
1260,75,9459.37
1260,76,9440.6
1260,77,9447.23
1260,78,9357.75
1260,79,9476.71
1260,80,9534.54
1260,81,9490.5
1260,82,9469.67
1260,83,9418.09
1260,84,9469.42
1260,85,9380.3
1260,86,9385.04
1260,87,9511.82
1260,88,9439.06
1260,89,9392.68
1260,90,9449.43
1260,91,9404.62
1260,92,9461.55
1260,93,9450.51
1260,94,9383.64
1260,95,9498.63
1260,96,9392.31
1260,97,9444.89
1260,98,9323.8
1260,99,9480.46
1270,0,9509.81
1270,1,9506.12
1270,2,9366.13
1270,3,9475.12
1270,4,9515.46
1270,5,9373.54
1270,6,9431.03
1270,7,9464.19
1270,8,9389.89
1270,9,9447.18
1270,10,9481.97
1270,11,9466.99
1270,12,9415.21
1270,13,9412.71
1270,14,9524.51
1270,15,9491.94
1270,16,9489.98
1270,17,9457.14
1270,18,9375.06
1270,19,9397.21
1270,20,9386.91
1270,21,9481.79
1270,22,9409.04
1270,23,9418.14
1270,24,9377.78
1270,25,9479.98
1270,26,9442.49
1270,27,9499.55
1270,28,9451.36
1270,29,9432.91
1270,30,9420.84
1270,31,9392.86
1270,32,9436.2
1270,33,9485.4
1270,34,9383.38
1270,35,9400.19
1270,36,9445.54
1270,37,9443.69
1270,38,9366.99
1270,39,9363.25
1270,40,9355.89
1270,41,9450.75
1270,42,9390.48
1270,43,9459.2
1270,44,9370.04
1270,45,9445.97
1270,46,9478.71
1270,47,9381.26
1270,48,9491.43
1270,49,9425.39
1270,50,9466.93
1270,51,9401.93
1270,52,9408.03
1270,53,9385.43
1270,54,9438.82
1270,55,9432.15
1270,56,9439.67
1270,57,9435.49
1270,58,9443.54
1270,59,9481.96
1270,60,9423.76
1270,61,9415.86
1270,62,9446.69
1270,63,9393.07
1270,64,9409.24
1270,65,9422.36
1270,66,9437.15
1270,67,9414.26
1270,68,9386.84
1270,69,9358.38
1270,70,9434.34
1270,71,9501.62
1270,72,9453.49
1270,73,9311.36
1270,74,9501.8
1270,75,9459.07
1270,76,9440.3
1270,77,9446.93
1270,78,9357.45
1270,79,9476.41
1270,80,9534.24
1270,81,9490.2
1270,82,9469.37
1270,83,9417.79
1270,84,9469.12
1270,85,9380
1270,86,9384.74
1270,87,9511.52
1270,88,9438.76
1270,89,9392.38
1270,90,9449.13
1270,91,9404.32
1270,92,9461.25
1270,93,9450.21
1270,94,9383.34
1270,95,9498.33
1270,96,9392.01
1270,97,9444.59
1270,98,9323.5
1270,99,9480.16
1280,0,9509.51
1280,1,9505.82
1280,2,9365.83
1280,3,9474.82
1280,4,9515.16
1280,5,9373.24
1280,6,9430.73
1280,7,9463.89
1280,8,9389.59
1280,9,9446.88
1280,10,9481.67
1280,11,9466.69
1280,12,9414.91
1280,13,9412.41
1280,14,9524.21
1280,15,9491.64
1280,16,9489.68
1280,17,9456.84
1280,18,9374.76
1280,19,9396.91
1280,20,9386.61
1280,21,9481.49
1280,22,9408.74
1280,23,9417.84
1280,24,9377.48
1280,25,9479.68
1280,26,9442.19
1280,27,9499.25
1280,28,9451.06
1280,29,9432.61
1280,30,9420.54
1280,31,9392.56
1280,32,9435.9
1280,33,9485.1
1280,34,9383.08
1280,35,9399.89
1280,36,9445.24
1280,37,9443.39
1280,38,9366.69
1280,39,9362.95
1280,40,9355.59
1280,41,9450.45
1280,42,9390.18
1280,43,9458.9
1280,44,9369.74
1280,45,9445.67
1280,46,9478.41
1280,47,9380.96
1280,48,9491.13
1280,49,9425.09
1280,50,9466.63
1280,51,9401.63
1280,52,9407.73
1280,53,9385.13
1280,54,9438.52
1280,55,9431.85
1280,56,9439.37
1280,57,9435.19
1280,58,9443.24
1280,59,9481.66
1280,60,9423.46
1280,61,9415.56
1280,62,9446.39
1280,63,9392.77
1280,64,9408.94
1280,65,9422.06
1280,66,9436.85
1280,67,9413.96
1280,68,9386.54
1280,69,9358.08
1280,70,9434.04
1280,71,9501.32
1280,72,9453.19
1280,73,9311.06
1280,74,9501.5
1280,75,9458.77
1280,76,9440
1280,77,9446.63
1280,78,9357.15
1280,79,9476.11
1280,80,9533.94
1280,81,9489.9
1280,82,9469.07
1280,83,9417.49
1280,84,9468.82
1280,85,9379.7
1280,86,9384.44
1280,87,9511.22
1280,88,9438.46
1280,89,9392.08
1280,90,9448.83
1280,91,9404.02
1280,92,9460.95
1280,93,9449.91
1280,94,9383.04
1280,95,9498.03
1280,96,9391.71
1280,97,9444.29
1280,98,9323.2
1280,99,9479.86
1290,0,9495.37
1290,1,9493.48
1290,2,9352.32
1290,3,9462.19
1290,4,9501.55
1290,5,9360.07
1290,6,9416.23
1290,7,9449.79
1290,8,9375.86
1290,9,9433.33
1290,10,9470.66
1290,11,9454.26
1290,12,9398.77
1290,13,9398.89
1290,14,9508.75
1290,15,9479.7
1290,16,9479.09
1290,17,9440.68
1290,18,9356.99
1290,19,9383.61
1290,20,9373.15
1290,21,9469.37
1290,22,9395.21
1290,23,9403.9
1290,24,9363.17
1290,25,9468.39
1290,26,9430.52
1290,27,9489.41
1290,28,9438.45
1290,29,9414.51
1290,30,9407.49
1290,31,9378.53
1290,32,9421.35
1290,33,9473.05
1290,34,9368.93
1290,35,9385.34
1290,36,9431.43
1290,37,9431.35
1290,38,9349.55
1290,39,9346.38
1290,40,9341.98
1290,41,9438.65
1290,42,9377.49
1290,43,9444.02
1290,44,9353.65
1290,45,9433.67
1290,46,9465.13
1290,47,9366.3
1290,48,9480.29
1290,49,9412.53
1290,50,9450.53
1290,51,9388.97
1290,52,9395.98
1290,53,9370.13
1290,54,9428.82
1290,55,9418.81
1290,56,9424.92
1290,57,9422.61
1290,58,9430.9
1290,59,9469
1290,60,9411.35
1290,61,9402.73
1290,62,9434.02
1290,63,9380.26
1290,64,9395.14
1290,65,9409.29
1290,66,9422.18
1290,67,9398.28
1290,68,9371.16
1290,69,9343.36
1290,70,9421.43
1290,71,9488.82
1290,72,9441.3
1290,73,9296.2
1290,74,9490.68
1290,75,9446.62
1290,76,9427.87
1290,77,9433.68
1290,78,9342.28
1290,79,9465.49
1290,80,9522.01
1290,81,9470.56
1290,82,9454.85
1290,83,9405.43
1290,84,9454.52
1290,85,9364.63
1290,86,9370.56
1290,87,9499.25
1290,88,9426.47
1290,89,9376.72
1290,90,9435.84
1290,91,9389.94
1290,92,9448.01
1290,93,9439.28
1290,94,9368.37
1290,95,9484.81
1290,96,9379.1
1290,97,9432.18
1290,98,9308.88
1290,99,9467.54
1300,0,9495.07
1300,1,9493.18
1300,2,9352.02
1300,3,9461.89
1300,4,9501.25
1300,5,9359.77
1300,6,9415.93
1300,7,9449.49
1300,8,9375.56
1300,9,9433.03
1300,10,9470.36
1300,11,9453.96
1300,12,9398.47
1300,13,9398.59
1300,14,9508.45
1300,15,9479.4
1300,16,9478.79
1300,17,9440.38
1300,18,9356.69
1300,19,9383.31
1300,20,9372.85
1300,21,9469.07
1300,22,9394.91
1300,23,9403.6
1300,24,9362.87
1300,25,9468.09
1300,26,9430.22
1300,27,9489.11
1300,28,9438.15
1300,29,9414.21
1300,30,9407.19
1300,31,9378.23
1300,32,9421.05
1300,33,9472.75
1300,34,9368.63
1300,35,9385.04
1300,36,9431.13
1300,37,9431.05
1300,38,9349.25
1300,39,9346.08
1300,40,9341.68
1300,41,9438.35
1300,42,9377.19
1300,43,9443.72
1300,44,9353.35
1300,45,9433.37
1300,46,9464.83
1300,47,9366
1300,48,9479.99
1300,49,9412.23
1300,50,9450.23
1300,51,9388.67
1300,52,9395.68
1300,53,9369.83
1300,54,9428.52
1300,55,9418.51
1300,56,9424.62
1300,57,9422.31
1300,58,9430.6
1300,59,9468.7
1300,60,9411.05
1300,61,9402.43
1300,62,9433.72
1300,63,9379.96
1300,64,9394.84
1300,65,9408.99
1300,66,9421.88
1300,67,9397.98
1300,68,9370.86
1300,69,9343.06
1300,70,9421.13
1300,71,9488.52
1300,72,9441
1300,73,9295.9
1300,74,9490.38
1300,75,9446.32
1300,76,9427.57
1300,77,9433.38
1300,78,9341.98
1300,79,9465.19
1300,80,9521.71
1300,81,9470.26
1300,82,9454.55
1300,83,9405.13
1300,84,9454.22
1300,85,9364.33
1300,86,9370.26
1300,87,9498.95
1300,88,9426.17
1300,89,9376.42
1300,90,9435.54
1300,91,9389.64
1300,92,9447.71
1300,93,9438.98
1300,94,9368.07
1300,95,9484.51
1300,96,9378.8
1300,97,9431.88
1300,98,9308.58
1300,99,9467.24
1310,0,9494.77
1310,1,9492.88
1310,2,9351.72
1310,3,9461.59
1310,4,9500.95
1310,5,9359.47
1310,6,9415.63
1310,7,9449.19
1310,8,9375.26
1310,9,9432.73
1310,10,9470.06
1310,11,9453.66
1310,12,9398.17
1310,13,9398.29
1310,14,9508.15
1310,15,9479.1
1310,16,9478.49
1310,17,9440.08
1310,18,9356.39
1310,19,9383.01
1310,20,9372.55
1310,21,9468.77
1310,22,9394.61
1310,23,9403.3
1310,24,9362.57
1310,25,9467.79
1310,26,9429.92
1310,27,9488.81
1310,28,9437.85
1310,29,9413.91
1310,30,9406.89
1310,31,9377.93
1310,32,9420.75
1310,33,9472.45
1310,34,9368.33
1310,35,9384.74
1310,36,9430.83
1310,37,9430.75
1310,38,9348.95
1310,39,9345.78
1310,40,9341.38
1310,41,9438.05
1310,42,9376.89
1310,43,9443.42
1310,44,9353.05
1310,45,9433.07
1310,46,9464.53
1310,47,9365.7
1310,48,9479.69
1310,49,9411.93
1310,50,9449.93
1310,51,9388.37
1310,52,9395.38
1310,53,9369.53
1310,54,9428.22
1310,55,9418.21
1310,56,9424.32
1310,57,9422.01
1310,58,9430.3
1310,59,9468.4
1310,60,9410.75
1310,61,9402.13
1310,62,9433.42
1310,63,9379.66
1310,64,9394.54
1310,65,9408.69
1310,66,9421.58
1310,67,9397.68
1310,68,9370.56
1310,69,9342.76
1310,70,9420.83
1310,71,9488.22
1310,72,9440.7
1310,73,9295.6
1310,74,9490.08
1310,75,9446.02
1310,76,9427.27
1310,77,9433.08
1310,78,9341.68
1310,79,9464.89
1310,80,9521.41
1310,81,9469.96
1310,82,9454.25
1310,83,9404.83
1310,84,9453.92
1310,85,9364.03
1310,86,9369.96
1310,87,9498.65
1310,88,9425.87
1310,89,9376.12
1310,90,9435.24
1310,91,9389.34
1310,92,9447.41
1310,93,9438.68
1310,94,9367.77
1310,95,9484.21
1310,96,9378.5
1310,97,9431.58
1310,98,9308.28
1310,99,9466.94
1320,0,9478.06
1320,1,9480.52
1320,2,9332.95
1320,3,9444.37
1320,4,9486.29
1320,5,9341.94
1320,6,9398.04
1320,7,9432.87
1320,8,9357.35
1320,9,9414.23
1320,10,9457.09
1320,11,9434.64
1320,12,9380.08
1320,13,9379.68
1320,14,9490.65
1320,15,9463.1
1320,16,9464.44
1320,17,9423.87
1320,18,9335.42
1320,19,9364.81
1320,20,9354.58
1320,21,9451.12
1320,22,9376.65
1320,23,9384.34
1320,24,9342.85
1320,25,9451.4
1320,26,9414.34
1320,27,9473.87
1320,28,9423.1
1320,29,9391.74
1320,30,9388.9
1320,31,9362.08
1320,32,9404.54
1320,33,9460.17
1320,34,9349.35
1320,35,9368.93
1320,36,9408.75
1320,37,9414.94
1320,38,9328.4
1320,39,9327.24
1320,40,9322.31
1320,41,9422.42
1320,42,9358.15
1320,43,9422.24
1320,44,9337
1320,45,9418.88
1320,46,9448.1
1320,47,9344.71
1320,48,9464.69
1320,49,9394.65
1320,50,9429.02
1320,51,9369.91
1320,52,9379.5
1320,53,9353.04
1320,54,9412.99
1320,55,9402.56
1320,56,9407.38
1320,57,9407.6
1320,58,9418.85
1320,59,9451.05
1320,60,9390.64
1320,61,9386.16
1320,62,9417.35
1320,63,9365.28
1320,64,9379.91
1320,65,9388.58
1320,66,9404.99
1320,67,9382.04
1320,68,9348.59
1320,69,9324.62
1320,70,9404.66
1320,71,9475.4
1320,72,9424.03
1320,73,9275.01
1320,74,9473.33
1320,75,9430.33
1320,76,9411.29
1320,77,9414.75
1320,78,9326.09
1320,79,9452.07
1320,80,9506.42
1320,81,9456.89
1320,82,9439.94
1320,83,9389.26
1320,84,9438.16
1320,85,9347.43
1320,86,9351.11
1320,87,9484.11
1320,88,9409.61
1320,89,9358.01
1320,90,9416.15
1320,91,9374.15
1320,92,9431.23
1320,93,9425.49
1320,94,9352.4
1320,95,9471.13
1320,96,9360.26
1320,97,9415.64
1320,98,9287.87
1320,99,9451.66
1330,0,9477.8
1330,1,9476.13
1330,2,9327.36
1330,3,9444.12
1330,4,9481.48
1330,5,9337.5
1330,6,9392.82
1330,7,9429.86
1330,8,9352.06
1330,9,9413.95
1330,10,9454.3
1330,11,9434.37
1330,12,9375.68
1330,13,9379.43
1330,14,9486.76
1330,15,9462.84
1330,16,9461.05
1330,17,9418
1330,18,9330.16
1330,19,9360.56
1330,20,9349
1330,21,9448.18
1330,22,9371.36
1330,23,9378.4
1330,24,9337.32
1330,25,9447.62
1330,26,9411.13
1330,27,9470.73
1330,28,9419.53
1330,29,9386.29
1330,30,9388.65
1330,31,9357.87
1330,32,9400.29
1330,33,9456.15
1330,34,9343.68
1330,35,9363.86
1330,36,9408.49
1330,37,9409.64
1330,38,9322.4
1330,39,9322.52
1330,40,9316.64
1330,41,9417.31
1330,42,9354.42
1330,43,9421.98
1330,44,9333.89
1330,45,9416.45
1330,46,9445.41
1330,47,9340.9
1330,48,9460.69
1330,49,9390.4
1330,50,9428.77
1330,51,9369.66
1330,52,9375.06
1330,53,9348.18
1330,54,9410.25
1330,55,9398.81
1330,56,9403.13
1330,57,9403.94
1330,58,9416.1
1330,59,9450.79
1330,60,9390.39
1330,61,9385.88
1330,62,9414.4
1330,63,9359.91
1330,64,9377.37
1330,65,9386
1330,66,9400.56
1330,67,9378.39
1330,68,9344.75
1330,69,9320.45
1330,70,9401.83
1330,71,9471.69
1330,72,9419
1330,73,9269.84
1330,74,9473.07
1330,75,9425.16
1330,76,9406.39
1330,77,9410.54
1330,78,9319.9
1330,79,9449
1330,80,9502.06
1330,81,9453.54
1330,82,9433.88
1330,83,9385.18
1330,84,9434.58
1330,85,9344.26
1330,86,9345.3
1330,87,9481.27
1330,88,9409.36
1330,89,9352.38
1330,90,9413.73
1330,91,9371.48
1330,92,9425.59
1330,93,9422.35
1330,94,9346.11
1330,95,9465.48
1330,96,9356.01
1330,97,9409.89
1330,98,9284.37
1330,99,9446.9
1340,0,9477.5
1340,1,9475.83
1340,2,9327.06
1340,3,9443.82
1340,4,9481.18
1340,5,9337.2
1340,6,9392.52
1340,7,9429.56
1340,8,9351.76
1340,9,9413.65
1340,10,9454
1340,11,9434.07
1340,12,9375.38
1340,13,9379.13
1340,14,9486.46
1340,15,9462.54
1340,16,9460.75
1340,17,9417.7
1340,18,9329.86
1340,19,9360.26
1340,20,9348.7
1340,21,9447.88
1340,22,9371.06
1340,23,9378.1
1340,24,9337.02
1340,25,9447.32
1340,26,9410.83
1340,27,9470.43
1340,28,9419.23
1340,29,9385.99
1340,30,9388.35
1340,31,9357.57
1340,32,9399.99
1340,33,9455.85
1340,34,9343.38
1340,35,9363.56
1340,36,9408.19
1340,37,9409.34
1340,38,9322.1
1340,39,9322.22
1340,40,9316.34
1340,41,9417.01
1340,42,9354.12
1340,43,9421.68
1340,44,9333.59
1340,45,9416.15
1340,46,9445.11
1340,47,9340.6
1340,48,9460.39
1340,49,9390.1
1340,50,9428.47
1340,51,9369.36
1340,52,9374.76
1340,53,9347.88
1340,54,9409.95
1340,55,9398.51
1340,56,9402.83
1340,57,9403.64
1340,58,9415.8
1340,59,9450.49
1340,60,9390.09
1340,61,9385.58
1340,62,9414.1
1340,63,9359.61
1340,64,9377.07
1340,65,9385.7
1340,66,9400.26
1340,67,9378.09
1340,68,9344.45
1340,69,9320.15
1340,70,9401.53
1340,71,9471.39
1340,72,9418.7
1340,73,9269.54
1340,74,9472.77
1340,75,9424.86
1340,76,9406.09
1340,77,9410.24
1340,78,9319.6
1340,79,9448.7
1340,80,9501.76
1340,81,9453.24
1340,82,9433.58
1340,83,9384.88
1340,84,9434.28
1340,85,9343.96
1340,86,9345
1340,87,9480.97
1340,88,9409.06
1340,89,9352.08
1340,90,9413.43
1340,91,9371.18
1340,92,9425.29
1340,93,9422.05
1340,94,9345.81
1340,95,9465.18
1340,96,9355.71
1340,97,9409.59
1340,98,9284.07
1340,99,9446.6
1350,0,9459.9
1350,1,9461.6
1350,2,9308.31
1350,3,9427.45
1350,4,9468.3
1350,5,9318.12
1350,6,9374.92
1350,7,9414.07
1350,8,9333.95
1350,9,9399.23
1350,10,9443.49
1350,11,9416.83
1350,12,9355.28
1350,13,9358.98
1350,14,9469.96
1350,15,9448.31
1350,16,9448.89
1350,17,9402.18
1350,18,9310.53
1350,19,9340.05
1350,20,9331.47
1350,21,9431.97
1350,22,9352.01
1350,23,9359.02
1350,24,9318.14
1350,25,9433.22
1350,26,9395.35
1350,27,9457.09
1350,28,9405.21
1350,29,9367.92
1350,30,9373.04
1350,31,9340.75
1350,32,9384.14
1350,33,9443.08
1350,34,9323.28
1350,35,9346.04
1350,36,9393.13
1350,37,9394.01
1350,38,9302.6
1350,39,9301.63
1350,40,9298.34
1350,41,9402.33
1350,42,9338.43
1350,43,9400.35
1350,44,9315.14
1350,45,9401.03
1350,46,9428.32
1350,47,9321.67
1350,48,9446.74
1350,49,9375.6
1350,50,9410.39
1350,51,9349.89
1350,52,9359.76
1350,53,9329.44
1350,54,9394.65
1350,55,9383.53
1350,56,9387.73
1350,57,9390.28
1350,58,9402.13
1350,59,9435.05
1350,60,9373.52
1350,61,9369.48
1350,62,9398.63
1350,63,9342.63
1350,64,9362.77
1350,65,9371.6
1350,66,9382.61
1350,67,9359.17
1350,68,9323.08
1350,69,9300.25
1350,70,9386.73
1350,71,9458.01
1350,72,9402.07
1350,73,9252.87
1350,74,9458.68
1350,75,9410.06
1350,76,9391.86
1350,77,9393.5
1350,78,9300.31
1350,79,9435.23
1350,80,9488.63
1350,81,9439.09
1350,82,9419.18
1350,83,9370.01
1350,84,9418.13
1350,85,9325.65
1350,86,9327.97
1350,87,9468.26
1350,88,9394.12
1350,89,9334.17
1350,90,9395.51
1350,91,9355.81
1350,92,9410.28
1350,93,9408.39
1350,94,9326.73
1350,95,9451.39
1350,96,9334.61
1350,97,9393.29
1350,98,9261.5
1350,99,9433.4
1360,0,9457.81
1360,1,9457.03
1360,2,9303.26
1360,3,9425.45
1360,4,9463.93
1360,5,9313.94
1360,6,9370.13
1360,7,9411.04
1360,8,9329.15
1360,9,9398.96
1360,10,9441.22
1360,11,9416.56
1360,12,9351.17
1360,13,9355.87
1360,14,9466.03
1360,15,9446.57
1360,16,9445.75
1360,17,9396.63
1360,18,9305.78
1360,19,9335.59
1360,20,9326.4
1360,21,9429.54
1360,22,9347.22
1360,23,9353.6
1360,24,9312.8
1360,25,9429.95
1360,26,9392.45
1360,27,9454.41
1360,28,9401.86
1360,29,9362.97
1360,30,9370.94
1360,31,9337
1360,32,9380.3
1360,33,9439.46
1360,34,9318.1
1360,35,9341.33
1360,36,9391.1
1360,37,9389.19
1360,38,9296.87
1360,39,9297.22
1360,40,9293.1
1360,41,9397.55
1360,42,9334.6
1360,43,9398.31
1360,44,9311.96
1360,45,9398.43
1360,46,9425.48
1360,47,9318.16
1360,48,9442.61
1360,49,9371.86
1360,50,9407.92
1360,51,9346.83
1360,52,9355.88
1360,53,9324.95
1360,54,9392.25
1360,55,9380.36
1360,56,9384
1360,57,9386.84
1360,58,9399.8
1360,59,9432.96
1360,60,9371.06
1360,61,9369.2
1360,62,9395.57
1360,63,9337.71
1360,64,9360.56
1360,65,9369.29
1360,66,9378.6
1360,67,9355.48
1360,68,9319.2
1360,69,9296.3
1360,70,9384.27
1360,71,9454.57
1360,72,9397.52
1360,73,9247.38
1360,74,9457.17
1360,75,9405.19
1360,76,9387.47
1360,77,9389.74
1360,78,9294.77
1360,79,9432.6
1360,80,9484.48
1360,81,9436.11
1360,82,9413.4
1360,83,9366.47
1360,84,9414.94
1360,85,9322.57
1360,86,9322.69
1360,87,9465.73
1360,88,9391.85
1360,89,9328.85
1360,90,9392.89
1360,91,9352.92
1360,92,9404.94
1360,93,9405.63
1360,94,9321.06
1360,95,9446.14
1360,96,9331.15
1360,97,9387.88
1360,98,9257.94
1360,99,9428.87
1370,0,9457.51
1370,1,9456.73
1370,2,9302.96
1370,3,9425.15
1370,4,9463.63
1370,5,9313.64
1370,6,9369.83
1370,7,9410.74
1370,8,9328.85
1370,9,9398.66
1370,10,9440.92
1370,11,9416.26
1370,12,9350.87
1370,13,9355.57
1370,14,9465.73
1370,15,9446.27
1370,16,9445.45
1370,17,9396.33
1370,18,9305.48
1370,19,9335.29
1370,20,9326.1
1370,21,9429.24
1370,22,9346.92
1370,23,9353.3
1370,24,9312.5
1370,25,9429.65
1370,26,9392.15
1370,27,9454.11
1370,28,9401.56
1370,29,9362.67
1370,30,9370.64
1370,31,9336.7
1370,32,9380
1370,33,9439.16
1370,34,9317.8
1370,35,9341.03
1370,36,9390.8
1370,37,9388.89
1370,38,9296.57
1370,39,9296.92
1370,40,9292.8
1370,41,9397.25
1370,42,9334.3
1370,43,9398.01
1370,44,9311.66
1370,45,9398.13
1370,46,9425.18
1370,47,9317.86
1370,48,9442.31
1370,49,9371.56
1370,50,9407.62
1370,51,9346.53
1370,52,9355.58
1370,53,9324.65
1370,54,9391.95
1370,55,9380.06
1370,56,9383.7
1370,57,9386.54
1370,58,9399.5
1370,59,9432.66
1370,60,9370.76
1370,61,9368.9
1370,62,9395.27
1370,63,9337.41
1370,64,9360.26
1370,65,9368.99
1370,66,9378.3
1370,67,9355.18
1370,68,9318.9
1370,69,9296
1370,70,9383.97
1370,71,9454.27
1370,72,9397.22
1370,73,9247.08
1370,74,9456.87
1370,75,9404.89
1370,76,9387.17
1370,77,9389.44
1370,78,9294.47
1370,79,9432.3
1370,80,9484.18
1370,81,9435.81
1370,82,9413.1
1370,83,9366.17
1370,84,9414.64
1370,85,9322.27
1370,86,9322.39
1370,87,9465.43
1370,88,9391.55
1370,89,9328.55
1370,90,9392.59
1370,91,9352.62
1370,92,9404.64
1370,93,9405.33
1370,94,9320.76
1370,95,9445.84
1370,96,9330.85
1370,97,9387.58
1370,98,9257.64
1370,99,9428.57
1380,0,9440.18
1380,1,9443.09
1380,2,9284.41
1380,3,9409.72
1380,4,9444.31
1380,5,9297.26
1380,6,9348.51
1380,7,9393.39
1380,8,9309.73
1380,9,9382.77
1380,10,9427.6
1380,11,9400.49
1380,12,9332.11
1380,13,9337.18
1380,14,9448.23
1380,15,9432.38
1380,16,9430.4
1380,17,9375.99
1380,18,9282.25
1380,19,9315.42
1380,20,9308.41
1380,21,9415.22
1380,22,9328.96
1380,23,9334.72
1380,24,9293.48
1380,25,9413.59
1380,26,9375.03
1380,27,9440.55
1380,28,9388.22
1380,29,9342.67
1380,30,9355.24
1380,31,9319.6
1380,32,9361.6
1380,33,9423.96
1380,34,9298.73
1380,35,9320.67
1380,36,9375.4
1380,37,9370.64
1380,38,9275.84
1380,39,9276.88
1380,40,9272.54
1380,41,9381.9
1380,42,9315.8
1380,43,9380.44
1380,44,9293.73
1380,45,9384.04
1380,46,9409.47
1380,47,9299.05
1380,48,9427.33
1380,49,9354
1380,50,9390.58
1380,51,9328.68
1380,52,9339.16
1380,53,9304.18
1380,54,9375.37
1380,55,9364.92
1380,56,9365.71
1380,57,9369.98
1380,58,9381.18
1380,59,9416.49
1380,60,9355.14
1380,61,9353.75
1380,62,9377.43
1380,63,9316.55
1380,64,9344.2
1380,65,9352.57
1380,66,9360.31
1380,67,9338.46
1380,68,9299.67
1380,69,9276.67
1380,70,9368.13
1380,71,9439.12
1380,72,9380.1
1380,73,9226.49
1380,74,9441.7
1380,75,9389.14
1380,76,9368.57
1380,77,9371.72
1380,78,9273.9
1380,79,9417.19
1380,80,9469.8
1380,81,9418.43
1380,82,9396.6
1380,83,9345.73
1380,84,9395.77
1380,85,9304.85
1380,86,9304.02
1380,87,9449.92
1380,88,9375.61
1380,89,9311.05
1380,90,9375.76
1380,91,9334.57
1380,92,9387.45
1380,93,9389.4
1380,94,9300.29
1380,95,9427.5
1380,96,9311.26
1380,97,9370.23
1380,98,9237.03
1380,99,9413.4
1390,0,9439.91
1390,1,9442.82
1390,2,9284.16
1390,3,9409.44
1390,4,9444.07
1390,5,9296.99
1390,6,9348.28
1390,7,9393.12
1390,8,9309.49
1390,9,9382.48
1390,10,9427.31
1390,11,9400.21
1390,12,9331.86
1390,13,9336.93
1390,14,9447.97
1390,15,9432.09
1390,16,9430.14
1390,17,9375.78
1390,18,9282.01
1390,19,9315.18
1390,20,9308.15
1390,21,9414.93
1390,22,9328.71
1390,23,9334.47
1390,24,9293.24
1390,25,9413.32
1390,26,9374.76
1390,27,9440.28
1390,28,9387.94
1390,29,9342.44
1390,30,9354.96
1390,31,9319.33
1390,32,9361.34
1390,33,9423.7
1390,34,9298.48
1390,35,9320.45
1390,36,9375.13
1390,37,9370.41
1390,38,9275.62
1390,39,9276.64
1390,40,9272.3
1390,41,9381.64
1390,42,9315.55
1390,43,9380.14
1390,44,9293.47
1390,45,9383.77
1390,46,9409.19
1390,47,9298.79
1390,48,9427.05
1390,49,9353.75
1390,50,9390.29
1390,51,9328.43
1390,52,9338.91
1390,53,9303.96
1390,54,9375.09
1390,55,9364.65
1390,56,9365.46
1390,57,9369.73
1390,58,9380.91
1390,59,9416.2
1390,60,9354.85
1390,61,9353.45
1390,62,9377.16
1390,63,9316.32
1390,64,9343.92
1390,65,9352.3
1390,66,9360.05
1390,67,9338.21
1390,68,9299.43
1390,69,9276.43
1390,70,9367.85
1390,71,9438.86
1390,72,9379.83
1390,73,9226.26
1390,74,9441.4
1390,75,9388.87
1390,76,9368.32
1390,77,9371.46
1390,78,9273.68
1390,79,9416.91
1390,80,9469.53
1390,81,9418.16
1390,82,9396.34
1390,83,9345.47
1390,84,9395.5
1390,85,9304.58
1390,86,9303.76
1390,87,9449.65
1390,88,9375.33
1390,89,9310.79
1390,90,9375.49
1390,91,9334.32
1390,92,9387.2
1390,93,9389.12
1390,94,9300.08
1390,95,9427.27
1390,96,9311.02
1390,97,9369.98
1390,98,9236.79
1390,99,9413.13
1400,0,9439.61
1400,1,9442.52
1400,2,9283.86
1400,3,9409.14
1400,4,9443.77
1400,5,9296.69
1400,6,9347.98
1400,7,9392.82
1400,8,9309.19
1400,9,9382.18
1400,10,9427.01
1400,11,9399.91
1400,12,9331.56
1400,13,9336.63
1400,14,9447.67
1400,15,9431.79
1400,16,9429.84
1400,17,9375.48
1400,18,9281.71
1400,19,9314.88
1400,20,9307.85
1400,21,9414.63
1400,22,9328.41
1400,23,9334.17
1400,24,9292.94
1400,25,9413.02
1400,26,9374.46
1400,27,9439.98
1400,28,9387.64
1400,29,9342.14
1400,30,9354.66
1400,31,9319.03
1400,32,9361.04
1400,33,9423.4
1400,34,9298.18
1400,35,9320.15
1400,36,9374.83
1400,37,9370.11
1400,38,9275.32
1400,39,9276.34
1400,40,9272
1400,41,9381.34
1400,42,9315.25
1400,43,9379.84
1400,44,9293.17
1400,45,9383.47
1400,46,9408.89
1400,47,9298.49
1400,48,9426.75
1400,49,9353.45
1400,50,9389.99
1400,51,9328.13
1400,52,9338.61
1400,53,9303.66
1400,54,9374.79
1400,55,9364.35
1400,56,9365.16
1400,57,9369.43
1400,58,9380.61
1400,59,9415.9
1400,60,9354.55
1400,61,9353.15
1400,62,9376.86
1400,63,9316.02
1400,64,9343.62
1400,65,9352
1400,66,9359.75
1400,67,9337.91
1400,68,9299.13
1400,69,9276.13
1400,70,9367.55
1400,71,9438.56
1400,72,9379.53
1400,73,9225.96
1400,74,9441.1
1400,75,9388.57
1400,76,9368.02
1400,77,9371.16
1400,78,9273.38
1400,79,9416.61
1400,80,9469.23
1400,81,9417.86
1400,82,9396.04
1400,83,9345.17
1400,84,9395.2
1400,85,9304.28
1400,86,9303.46
1400,87,9449.35
1400,88,9375.03
1400,89,9310.49
1400,90,9375.19
1400,91,9334.02
1400,92,9386.9
1400,93,9388.82
1400,94,9299.78
1400,95,9426.97
1400,96,9310.72
1400,97,9369.68
1400,98,9236.49
1400,99,9412.83
1410,0,9422.68
1410,1,9427.57
1410,2,9269.95
1410,3,9393.74
1410,4,9429.64
1410,5,9281.56
1410,6,9330.57
1410,7,9375.45
1410,8,9294.57
1410,9,9368.72
1410,10,9414.73
1410,11,9384.35
1410,12,9315.98
1410,13,9321.26
1410,14,9433.82
1410,15,9417.51
1410,16,9417.14
1410,17,9357.03
1410,18,9260.85
1410,19,9298.72
1410,20,9290.54
1410,21,9398.7
1410,22,9311.2
1410,23,9319.4
1410,24,9276.14
1410,25,9399.54
1410,26,9357.8
1410,27,9425.56
1410,28,9374.11
1410,29,9327.79
1410,30,9339.12
1410,31,9304.8
1410,32,9346.77
1410,33,9411.26
1410,34,9280.44
1410,35,9306.58
1410,36,9358.87
1410,37,9355.25
1410,38,9258.15
1410,39,9259.97
1410,40,9252.65
1410,41,9367.43
1410,42,9300.82
1410,43,9361.57
1410,44,9276.04
1410,45,9368.71
1410,46,9391.81
1410,47,9279.95
1410,48,9411.44
1410,49,9338.65
1410,50,9374.53
1410,51,9312.82
1410,52,9320.52
1410,53,9289.18
1410,54,9355.2
1410,55,9351.59
1410,56,9346.94
1410,57,9355.96
1410,58,9363.25
1410,59,9396.98
1410,60,9337.53
1410,61,9335.12
1410,62,9359.46
1410,63,9300.81
1410,64,9328.26
1410,65,9334.74
1410,66,9344.67
1410,67,9321.01
1410,68,9281.56
1410,69,9260.8
1410,70,9353.45
1410,71,9423.52
1410,72,9362.34
1410,73,9209.15
1410,74,9426
1410,75,9374.64
1410,76,9354.22
1410,77,9358.49
1410,78,9256.09
1410,79,9402.06
1410,80,9454.81
1410,81,9398.62
1410,82,9382.78
1410,83,9331.14
1410,84,9379.13
1410,85,9289.68
1410,86,9286.04
1410,87,9434.81
1410,88,9360.21
1410,89,9294.78
1410,90,9357.42
1410,91,9316.21
1410,92,9369.89
1410,93,9374.79
1410,94,9282.58
1410,95,9411.55
1410,96,9294.87
1410,97,9353.54
1410,98,9219.86
1410,99,9397.29
1420,0,9422.43
1420,1,9427.32
1420,2,9264.64
1420,3,9393.47
1420,4,9424.88
1420,5,9277.1
1420,6,9330.32
1420,7,9375.2
1420,8,9289.56
1420,9,9368.43
1420,10,9414.47
1420,11,9384.07
1420,12,9311.61
1420,13,9317.77
1420,14,9430.03
1420,15,9417.24
1420,16,9413.69
1420,17,9356.79
1420,18,9255.69
1420,19,9294.33
1420,20,9285.08
1420,21,9398.45
1420,22,9310.95
1420,23,9313.59
1420,24,9270.46
1420,25,9395.92
1420,26,9357.56
1420,27,9425.32
1420,28,9370.4
1420,29,9322.47
1420,30,9338.86
1420,31,9300.75
1420,32,9342.66
1420,33,9407.41
1420,34,9280.2
1420,35,9301.47
1420,36,9358.61
1420,37,9349.99
1420,38,9252.22
1420,39,9255.29
1420,40,9252.42
1420,41,9362.41
1420,42,9297.17
1420,43,9361.31
1420,44,9275.78
1420,45,9368.45
1420,46,9391.55
1420,47,9279.7
1420,48,9411.18
1420,49,9334.56
1420,50,9374.27
1420,51,9309.57
1420,52,9316.42
1420,53,9284.34
1420,54,9354.95
1420,55,9348.23
1420,56,9346.68
1420,57,9352.09
1420,58,9363
1420,59,9396.72
1420,60,9337.27
1420,61,9334.84
1420,62,9359.21
1420,63,9295.57
1420,64,9328
1420,65,9334.48
1420,66,9340.36
1420,67,9320.76
1420,68,9281.31
1420,69,9256.58
1420,70,9353.18
1420,71,9419.67
1420,72,9357.42
1420,73,9203.82
1420,74,9425.74
1420,75,9369.55
1420,76,9349.55
1420,77,9354.44
1420,78,9250.43
1420,79,9401.81
1420,80,9450.3
1420,81,9395.45
1420,82,9376.7
1420,83,9327.39
1420,84,9375.74
1420,85,9286.58
1420,86,9280.47
1420,87,9434.55
1420,88,9359.95
1420,89,9289.19
1420,90,9357.17
1420,91,9315.97
1420,92,9364.21
1420,93,9374.54
1420,94,9276.76
1420,95,9406.16
1420,96,9294.62
1420,97,9353.3
1420,98,9215.24
1420,99,9397.05
1430,0,9422.13
1430,1,9427.02
1430,2,9264.34
1430,3,9393.17
1430,4,9424.58
1430,5,9276.8
1430,6,9330.02
1430,7,9374.9
1430,8,9289.26
1430,9,9368.13
1430,10,9414.17
1430,11,9383.77
1430,12,9311.31
1430,13,9317.47
1430,14,9429.73
1430,15,9416.94
1430,16,9413.39
1430,17,9356.49
1430,18,9255.39
1430,19,9294.03
1430,20,9284.78
1430,21,9398.15
1430,22,9310.65
1430,23,9313.29
1430,24,9270.16
1430,25,9395.62
1430,26,9357.26
1430,27,9425.02
1430,28,9370.1
1430,29,9322.17
1430,30,9338.56
1430,31,9300.45
1430,32,9342.36
1430,33,9407.11
1430,34,9279.9
1430,35,9301.17
1430,36,9358.31
1430,37,9349.69
1430,38,9251.92
1430,39,9254.99
1430,40,9252.12
1430,41,9362.11
1430,42,9296.87
1430,43,9361.01
1430,44,9275.48
1430,45,9368.15
1430,46,9391.25
1430,47,9279.4
1430,48,9410.88
1430,49,9334.26
1430,50,9373.97
1430,51,9309.27
1430,52,9316.12
1430,53,9284.04
1430,54,9354.65
1430,55,9347.93
1430,56,9346.38
1430,57,9351.79
1430,58,9362.7
1430,59,9396.42
1430,60,9336.97
1430,61,9334.54
1430,62,9358.91
1430,63,9295.27
1430,64,9327.7
1430,65,9334.18
1430,66,9340.06
1430,67,9320.46
1430,68,9281.01
1430,69,9256.28
1430,70,9352.88
1430,71,9419.37
1430,72,9357.12
1430,73,9203.52
1430,74,9425.44
1430,75,9369.25
1430,76,9349.25
1430,77,9354.14
1430,78,9250.13
1430,79,9401.51
1430,80,9450
1430,81,9395.15
1430,82,9376.4
1430,83,9327.09
1430,84,9375.44
1430,85,9286.28
1430,86,9280.17
1430,87,9434.25
1430,88,9359.65
1430,89,9288.89
1430,90,9356.87
1430,91,9315.67
1430,92,9363.91
1430,93,9374.24
1430,94,9276.46
1430,95,9405.86
1430,96,9294.32
1430,97,9353
1430,98,9214.94
1430,99,9396.75
1440,0,9408.39
1440,1,9411.55
1440,2,9247.92
1440,3,9378.96
1440,4,9410.03
1440,5,9261.65
1440,6,9314.46
1440,7,9360.65
1440,8,9274.5
1440,9,9350.23
1440,10,9395.59
1440,11,9367.86
1440,12,9294.41
1440,13,9300.53
1440,14,9415.96
1440,15,9404.18
1440,16,9400.05
1440,17,9343.72
1440,18,9240.17
1440,19,9277.48
1440,20,9268.29
1440,21,9384.97
1440,22,9294.16
1440,23,9296.02
1440,24,9253.4
1440,25,9381.29
1440,26,9343.95
1440,27,9410.86
1440,28,9353.11
1440,29,9306
1440,30,9324.77
1440,31,9285.8
1440,32,9324.49
1440,33,9394.22
1440,34,9266.56
1440,35,9286.26
1440,36,9343.97
1440,37,9335.18
1440,38,9235.08
1440,39,9237.42
1440,40,9237.77
1440,41,9345.26
1440,42,9281.29
1440,43,9342.77
1440,44,9259.57
1440,45,9352.24
1440,46,9374.16
1440,47,9264.49
1440,48,9395.33
1440,49,9315.02
1440,50,9360.16
1440,51,9297.15
1440,52,9297.91
1440,53,9268.71
1440,54,9340.64
1440,55,9333.87
1440,56,9327.5
1440,57,9335.49
1440,58,9348.51
1440,59,9380.58
1440,60,9322.61
1440,61,9319.51
1440,62,9344.34
1440,63,9281
1440,64,9314.22
1440,65,9317.51
1440,66,9323.92
1440,67,9303.6
1440,68,9267.1
1440,69,9239.35
1440,70,9339.05
1440,71,9405.05
1440,72,9341.66
1440,73,9186.7
1440,74,9407.88
1440,75,9355.39
1440,76,9335.24
1440,77,9340.2
1440,78,9235.22
1440,79,9386.97
1440,80,9435.11
1440,81,9385.15
1440,82,9362.64
1440,83,9313.28
1440,84,9362.4
1440,85,9267.83
1440,86,9264.34
1440,87,9420.13
1440,88,9346.17
1440,89,9273.76
1440,90,9342
1440,91,9300.22
1440,92,9351.08
1440,93,9360.62
1440,94,9259.57
1440,95,9389.37
1440,96,9281.57
1440,97,9335.71
1440,98,9197.05
1440,99,9381.28
1450,0,9404.23
1450,1,9407.19
1450,2,9242.69
1450,3,9378.71
1450,4,9405.26
1450,5,9256.95
1450,6,9309.35
1450,7,9357.13
1450,8,9269.59
1450,9,9349.93
1450,10,9393.05
1450,11,9366.81
1450,12,9290.08
1450,13,9297.06
1450,14,9411.75
1450,15,9402.55
1450,16,9396.57
1450,17,9333.08
1450,18,9235.01
1450,19,9272.16
1450,20,9262.81
1450,21,9382.31
1450,22,9289.15
1450,23,9290.3
1450,24,9247.67
1450,25,9377.66
1450,26,9341.02
1450,27,9407.82
1450,28,9349.38
1450,29,9300.73
1450,30,9320.71
1450,31,9281.55
1450,32,9320.44
1450,33,9390.44
1450,34,9256.55
1450,35,9281.15
1450,36,9340.29
1450,37,9329.89
1450,38,9229.14
1450,39,9232.77
1450,40,9232.62
1450,41,9340.22
1450,42,9277.65
1450,43,9342.53
1450,44,9256.62
1450,45,9351.99
1450,46,9373.92
1450,47,9260.27
1450,48,9391.43
1450,49,9310.95
1450,50,9357.66
1450,51,9292.41
1450,52,9293.91
1450,53,9263.88
1450,54,9337.99
1450,55,9330.62
1450,56,9323.63
1450,57,9331.59
1450,58,9345.78
1450,59,9380.33
1450,60,9320.31
1450,61,9318.71
1450,62,9341.58
1450,63,9275.77
1450,64,9310.85
1450,65,9315
1450,66,9319.65
1450,67,9299.68
1450,68,9261.67
1450,69,9235.13
1450,70,9336.31
1450,71,9401.12
1450,72,9333.18
1450,73,9181.38
1450,74,9406.18
1450,75,9346.66
1450,76,9330.67
1450,77,9336.14
1450,78,9225.46
1450,79,9384.05
1450,80,9429.89
1450,81,9382.04
1450,82,9356.54
1450,83,9309.61
1450,84,9359.12
1450,85,9267.6
1450,86,9258.83
1450,87,9417.3
1450,88,9344.31
1450,89,9268.94
1450,90,9337.53
1450,91,9299.99
1450,92,9341.25
1450,93,9357.95
1450,94,9253.85
1450,95,9384.02
1450,96,9276.36
1450,97,9329.67
1450,98,9192.45
1450,99,9375.79
1460,0,9403.93
1460,1,9406.89
1460,2,9242.39
1460,3,9378.41
1460,4,9404.96
1460,5,9256.65
1460,6,9309.05
1460,7,9356.83
1460,8,9269.29
1460,9,9349.63
1460,10,9392.75
1460,11,9366.51
1460,12,9289.78
1460,13,9296.76
1460,14,9411.45
1460,15,9402.25
1460,16,9396.27
1460,17,9332.78
1460,18,9234.71
1460,19,9271.86
1460,20,9262.51
1460,21,9382.01
1460,22,9288.85
1460,23,9290
1460,24,9247.37
1460,25,9377.36
1460,26,9340.72
1460,27,9407.52
1460,28,9349.08
1460,29,9300.43
1460,30,9320.41
1460,31,9281.25
1460,32,9320.14
1460,33,9390.14
1460,34,9256.25
1460,35,9280.85
1460,36,9339.99
1460,37,9329.59
1460,38,9228.84
1460,39,9232.47
1460,40,9232.32
1460,41,9339.92
1460,42,9277.35
1460,43,9342.23
1460,44,9256.32
1460,45,9351.69
1460,46,9373.62
1460,47,9259.97
1460,48,9391.13
1460,49,9310.65
1460,50,9357.36
1460,51,9292.11
1460,52,9293.61
1460,53,9263.58
1460,54,9337.69
1460,55,9330.32
1460,56,9323.33
1460,57,9331.29
1460,58,9345.48
1460,59,9380.03
1460,60,9320.01
1460,61,9318.41
1460,62,9341.28
1460,63,9275.47
1460,64,9310.55
1460,65,9314.7
1460,66,9319.35
1460,67,9299.38
1460,68,9261.37
1460,69,9234.83
1460,70,9336.01
1460,71,9400.82
1460,72,9332.88
1460,73,9181.08
1460,74,9405.88
1460,75,9346.36
1460,76,9330.37
1460,77,9335.84
1460,78,9225.16
1460,79,9383.75
1460,80,9429.59
1460,81,9381.74
1460,82,9356.24
1460,83,9309.31
1460,84,9358.82
1460,85,9267.3
1460,86,9258.53
1460,87,9417
1460,88,9344.01
1460,89,9268.64
1460,90,9337.23
1460,91,9299.69
1460,92,9340.95
1460,93,9357.65
1460,94,9253.55
1460,95,9383.72
1460,96,9276.06
1460,97,9329.37
1460,98,9192.15
1460,99,9375.49
1470,0,9388.64
1470,1,9395.72
1470,2,9228.2
1470,3,9366.49
1470,4,9392.47
1470,5,9242.09
1470,6,9294.99
1470,7,9343.11
1470,8,9256.84
1470,9,9336.96
1470,10,9380.98
1470,11,9350.98
1470,12,9276.16
1470,13,9281.97
1470,14,9396.47
1470,15,9389.04
1470,16,9384.26
1470,17,9318.87
1470,18,9220.86
1470,19,9256.36
1470,20,9249.08
1470,21,9370.3
1470,22,9275.89
1470,23,9277.88
1470,24,9231.16
1470,25,9364.05
1470,26,9325.87
1470,27,9394.4
1470,28,9335.92
1470,29,9288.05
1470,30,9305.47
1470,31,9269.32
1470,32,9308.32
1470,33,9378.29
1470,34,9242.79
1470,35,9268.65
1470,36,9326.19
1470,37,9316.47
1470,38,9212.76
1470,39,9219.31
1470,40,9217.7
1470,41,9326.36
1470,42,9262.63
1470,43,9326.44
1470,44,9240.55
1470,45,9339.34
1470,46,9359.3
1470,47,9246.87
1470,48,9380.32
1470,49,9297.64
1470,50,9343.73
1470,51,9277.71
1470,52,9275.17
1470,53,9251.98
1470,54,9319.05
1470,55,9315.01
1470,56,9305.78
1470,57,9318.36
1470,58,9330.91
1470,59,9367.02
1470,60,9307.04
1470,61,9302.37
1470,62,9327.32
1470,63,9260.02
1470,64,9297.08
1470,65,9298.53
1470,66,9307.42
1470,67,9283.3
1470,68,9244.39
1470,69,9219.59
1470,70,9322.62
1470,71,9386.05
1470,72,9320.49
1470,73,9165.05
1470,74,9390.88
1470,75,9333.03
1470,76,9315.21
1470,77,9323.41
1470,78,9211.73
1470,79,9370.33
1470,80,9419.75
1470,81,9362.1
1470,82,9341.68
1470,83,9292.57
1470,84,9344.34
1470,85,9253.27
1470,86,9245.87
1470,87,9404.41
1470,88,9331.23
1470,89,9253.37
1470,90,9322.03
1470,91,9284.46
1470,92,9328.2
1470,93,9343.86
1470,94,9240.14
1470,95,9370.93
1470,96,9259.83
1470,97,9315.75
1470,98,9175.7
1470,99,9365.29
1480,0,9385.51
1480,1,9392.68
1480,2,9223.21
1480,3,9360.4
1480,4,9385.81
1480,5,9236.62
1480,6,9289.34
1480,7,9340.31
1480,8,9250.77
1480,9,9331.52
1480,10,9379.3
1480,11,9347.7
1480,12,9269.84
1480,13,9276.82
1480,14,9392.77
1480,15,9384.46
1480,16,9382.5
1480,17,9313.49
1480,18,9217.21
1480,19,9251.09
1480,20,9243.95
1480,21,9367.41
1480,22,9269.89
1480,23,9270.92
1480,24,9226.21
1480,25,9362.19
1480,26,9322.59
1480,27,9392.67
1480,28,9331.94
1480,29,9281.26
1480,30,9301.53
1480,31,9261.55
1480,32,9302.89
1480,33,9375.11
1480,34,9236.37
1480,35,9262.81
1480,36,9322.17
1480,37,9313.17
1480,38,9207.32
1480,39,9212.79
1480,40,9210.76
1480,41,9322.13
1480,42,9257.89
1480,43,9323.37
1480,44,9237.98
1480,45,9333.64
1480,46,9355.38
1480,47,9241.55
1480,48,9376.5
1480,49,9293.96
1480,50,9340.13
1480,51,9272.79
1480,52,9271.51
1480,53,9245.97
1480,54,9316.74
1480,55,9312.52
1480,56,9304.03
1480,57,9314.95
1480,58,9328.55
1480,59,9362.21
1480,60,9301.7
1480,61,9299.4
1480,62,9323.88
1480,63,9258.27
1480,64,9294.4
1480,65,9296.58
1480,66,9301.39
1480,67,9278.43
1480,68,9239.8
1480,69,9214.56
1480,70,9320.67
1480,71,9384.73
1480,72,9314.52
1480,73,9159.6
1480,74,9386.76
1480,75,9329.01
1480,76,9312.89
1480,77,9317.97
1480,78,9207.73
1480,79,9366.95
1480,80,9415.63
1480,81,9361.81
1480,82,9336.16
1480,83,9289.58
1480,84,9341.36
1480,85,9244.24
1480,86,9238.52
1480,87,9400.78
1480,88,9328.17
1480,89,9248.25
1480,90,9318.03
1480,91,9280
1480,92,9324.55
1480,93,9341.83
1480,94,9235.62
1480,95,9367.25
1480,96,9254.13
1480,97,9311.83
1480,98,9169.41
1480,99,9361.18
1490,0,9385.21
1490,1,9392.38
1490,2,9222.91
1490,3,9360.1
1490,4,9385.51
1490,5,9236.32
1490,6,9289.04
1490,7,9340.01
1490,8,9250.47
1490,9,9331.22
1490,10,9379
1490,11,9347.4
1490,12,9269.54
1490,13,9276.52
1490,14,9392.47
1490,15,9384.16
1490,16,9382.2
1490,17,9313.19
1490,18,9216.91
1490,19,9250.79
1490,20,9243.65
1490,21,9367.11
1490,22,9269.59
1490,23,9270.62
1490,24,9225.91
1490,25,9361.89
1490,26,9322.29
1490,27,9392.37
1490,28,9331.64
1490,29,9280.96
1490,30,9301.23
1490,31,9261.25
1490,32,9302.59
1490,33,9374.81
1490,34,9236.07
1490,35,9262.51
1490,36,9321.87
1490,37,9312.87
1490,38,9207.02
1490,39,9212.49
1490,40,9210.46
1490,41,9321.83
1490,42,9257.59
1490,43,9323.07
1490,44,9237.68
1490,45,9333.34
1490,46,9355.08
1490,47,9241.25
1490,48,9376.2
1490,49,9293.66
1490,50,9339.83
1490,51,9272.49
1490,52,9271.21
1490,53,9245.67
1490,54,9316.44
1490,55,9312.22
1490,56,9303.73
1490,57,9314.65
1490,58,9328.25
1490,59,9361.91
1490,60,9301.4
1490,61,9299.1
1490,62,9323.58
1490,63,9257.97
1490,64,9294.1
1490,65,9296.28
1490,66,9301.09
1490,67,9278.13
1490,68,9239.5
1490,69,9214.26
1490,70,9320.37
1490,71,9384.43
1490,72,9314.22
1490,73,9159.3
1490,74,9386.46
1490,75,9328.71
1490,76,9312.59
1490,77,9317.67
1490,78,9207.43
1490,79,9366.65
1490,80,9415.33
1490,81,9361.51
1490,82,9335.86
1490,83,9289.28
1490,84,9341.06
1490,85,9243.94
1490,86,9238.22
1490,87,9400.48
1490,88,9327.87
1490,89,9247.95
1490,90,9317.73
1490,91,9279.7
1490,92,9324.25
1490,93,9341.53
1490,94,9235.32
1490,95,9366.95
1490,96,9253.83
1490,97,9311.53
1490,98,9169.11
1490,99,9360.88
1500,0,9371.48
1500,1,9379.86
1500,2,9208.82
1500,3,9348.86
1500,4,9372.91
1500,5,9222.69
1500,6,9273.56
1500,7,9328.62
1500,8,9237.1
1500,9,9318.02
1500,10,9368.57
1500,11,9333.78
1500,12,9255.38
1500,13,9262.38
1500,14,9377.28
1500,15,9373.68
1500,16,9371.36
1500,17,9299.4
1500,18,9202.57
1500,19,9234.93
1500,20,9228.78
1500,21,9354.23
1500,22,9253.99
1500,23,9256.3
1500,24,9210.98
1500,25,9345.77
1500,26,9309.64
1500,27,9381.65
1500,28,9320.21
1500,29,9267.01
1500,30,9289.21
1500,31,9246.69
1500,32,9288.64
1500,33,9364.58
1500,34,9221.36
1500,35,9247.66
1500,36,9310.17
1500,37,9299.99
1500,38,9191.28
1500,39,9197.19
1500,40,9194.78
1500,41,9307.73
1500,42,9242.36
1500,43,9306.37
1500,44,9224.27
1500,45,9321.09
1500,46,9342.45
1500,47,9227.84
1500,48,9362.22
1500,49,9280.37
1500,50,9323.77
1500,51,9258.6
1500,52,9255.01
1500,53,9232.33
1500,54,9297.99
1500,55,9300.46
1500,56,9291.2
1500,57,9301.48
1500,58,9317.42
1500,59,9347.87
1500,60,9289.13
1500,61,9282.28
1500,62,9311.33
1500,63,9245.24
1500,64,9281.72
1500,65,9283.09
1500,66,9287.71
1500,67,9264.25
1500,68,9224.08
1500,69,9199.87
1500,70,9306.38
1500,71,9372.22
1500,72,9300.87
1500,73,9143.75
1500,74,9373.43
1500,75,9314.98
1500,76,9300.97
1500,77,9304.88
1500,78,9192.52
1500,79,9352.44
1500,80,9401.93
1500,81,9345.12
1500,82,9321.44
1500,83,9271.42
1500,84,9327.19
1500,85,9229.53
1500,86,9225.18
1500,87,9388.13
1500,88,9314.14
1500,89,9232.7
1500,90,9304.7
1500,91,9266.45
1500,92,9311.77
1500,93,9329.64
1500,94,9220.49
1500,95,9354.86
1500,96,9238.87
1500,97,9297.93
1500,98,9152.41
1500,99,9347.74
1510,0,9367.28
1510,1,9377.57
1510,2,9204.47
1510,3,9345.3
1510,4,9370.07
1510,5,9218.12
1510,6,9269.57
1510,7,9325.93
1510,8,9233.18
1510,9,9315.03
1510,10,9367.19
1510,11,9330.84
1510,12,9250.52
1510,13,9257.56
1510,14,9377.05
1510,15,9370.94
1510,16,9369.07
1510,17,9294.5
1510,18,9198.9
1510,19,9234.71
1510,20,9224.92
1510,21,9351.33
1510,22,9253.76
1510,23,9251.9
1510,24,9205.12
1510,25,9342.8
1510,26,9307.03
1510,27,9379.99
1510,28,9316.35
1510,29,9265.55
1510,30,9285.85
1510,31,9242.54
1510,32,9284.35
1510,33,9362.45
1510,34,9219.43
1510,35,9247.43
1510,36,9306.5
1510,37,9296.58
1510,38,9185.4
1510,39,9192.35
1510,40,9193
1510,41,9304.49
1510,42,9238.11
1510,43,9303.32
1510,44,9220.48
1510,45,9318.18
1510,46,9338.43
1510,47,9223.85
1510,48,9359.72
1510,49,9277.24
1510,50,9320.09
1510,51,9253.94
1510,52,9252.84
1510,53,9227.84
1510,54,9297.05
1510,55,9298.46
1510,56,9287.64
1510,57,9297.77
1510,58,9315.21
1510,59,9344.39
1510,60,9285.45
1510,61,9279.99
1510,62,9308.57
1510,63,9242.08
1510,64,9279.06
1510,65,9279.5
1510,66,9283.29
1510,67,9259.17
1510,68,9218.84
1510,69,9194.95
1510,70,9306.14
1510,71,9369.05
1510,72,9297.14
1510,73,9137.96
1510,74,9370.88
1510,75,9311.83
1510,76,9297.76
1510,77,9301.05
1510,78,9190.68
1510,79,9352.2
1510,80,9398.85
1510,81,9344.85
1510,82,9318.28
1510,83,9271.17
1510,84,9325.43
1510,85,9225.07
1510,86,9221.34
1510,87,9384.8
1510,88,9311.17
1510,89,9227.94
1510,90,9300.28
1510,91,9262.29
1510,92,9307.62
1510,93,9327.68
1510,94,9218.44
1510,95,9351.3
1510,96,9233.2
1510,97,9293.6
1510,98,9146.31
1510,99,9344.62
1520,0,9366.98
1520,1,9377.27
1520,2,9204.17
1520,3,9345
1520,4,9369.77
1520,5,9217.82
1520,6,9269.27
1520,7,9325.63
1520,8,9232.88
1520,9,9314.73
1520,10,9366.89
1520,11,9330.54
1520,12,9250.22
1520,13,9257.26
1520,14,9376.75
1520,15,9370.64
1520,16,9368.77
1520,17,9294.2
1520,18,9198.6
1520,19,9234.41
1520,20,9224.62
1520,21,9351.03
1520,22,9253.46
1520,23,9251.6
1520,24,9204.82
1520,25,9342.5
1520,26,9306.73
1520,27,9379.69
1520,28,9316.05
1520,29,9265.25
1520,30,9285.55
1520,31,9242.24
1520,32,9284.05
1520,33,9362.15
1520,34,9219.13
1520,35,9247.13
1520,36,9306.2
1520,37,9296.28
1520,38,9185.1
1520,39,9192.05
1520,40,9192.7
1520,41,9304.19
1520,42,9237.81
1520,43,9303.02
1520,44,9220.18
1520,45,9317.88
1520,46,9338.13
1520,47,9223.55
1520,48,9359.42
1520,49,9276.94
1520,50,9319.79
1520,51,9253.64
1520,52,9252.54
1520,53,9227.54
1520,54,9296.75
1520,55,9298.16
1520,56,9287.34
1520,57,9297.47
1520,58,9314.91
1520,59,9344.09
1520,60,9285.15
1520,61,9279.69
1520,62,9308.27
1520,63,9241.78
1520,64,9278.76
1520,65,9279.2
1520,66,9282.99
1520,67,9258.87
1520,68,9218.54
1520,69,9194.65
1520,70,9305.84
1520,71,9368.75
1520,72,9296.84
1520,73,9137.66
1520,74,9370.58
1520,75,9311.53
1520,76,9297.46
1520,77,9300.75
1520,78,9190.38
1520,79,9351.9
1520,80,9398.55
1520,81,9344.55
1520,82,9317.98
1520,83,9270.87
1520,84,9325.13
1520,85,9224.77
1520,86,9221.04
1520,87,9384.5
1520,88,9310.87
1520,89,9227.64
1520,90,9299.98
1520,91,9261.99
1520,92,9307.32
1520,93,9327.38
1520,94,9218.14
1520,95,9351
1520,96,9232.9
1520,97,9293.3
1520,98,9146.01
1520,99,9344.32
1530,0,9353.39
1530,1,9364.93
1530,2,9189.09
1530,3,9333.96
1530,4,9356.15
1530,5,9203.95
1530,6,9256.06
1530,7,9314.25
1530,8,9219.25
1530,9,9303.8
1530,10,9354.21
1530,11,9318.58
1530,12,9236.02
1530,13,9243.41
1530,14,9363.38
1530,15,9359.82
1530,16,9359.42
1530,17,9279.37
1530,18,9184.05
1530,19,9219.04
1530,20,9209.57
1530,21,9341.63
1530,22,9239.2
1530,23,9237
1530,24,9192.96
1530,25,9329.7
1530,26,9293.96
1530,27,9369.03
1530,28,9304.44
1530,29,9250.84
1530,30,9274.01
1530,31,9229.51
1530,32,9270.99
1530,33,9349.9
1530,34,9205.04
1530,35,9233.6
1530,36,9294.56
1530,37,9282.05
1530,38,9174.04
1530,39,9176.9
1530,40,9177.77
1530,41,9290.58
1530,42,9221.07
1530,43,9288.85
1530,44,9203.76
1530,45,9307.21
1530,46,9325.71
1530,47,9210.9
1530,48,9347.49
1530,49,9266.37
1530,50,9303.73
1530,51,9239.99
1530,52,9240.36
1530,53,9216.6
1530,54,9280.34
1530,55,9286.84
1530,56,9275.02
1530,57,9286.25
1530,58,9301.2
1530,59,9328.22
1530,60,9273.03
1530,61,9264.99
1530,62,9295.34
1530,63,9226.31
1530,64,9266.28
1530,65,9267.2
1530,66,9270.18
1530,67,9245.2
1530,68,9203.24
1530,69,9180.41
1530,70,9295.66
1530,71,9356.94
1530,72,9283.31
1530,73,9123.06
1530,74,9358.58
1530,75,9299.71
1530,76,9285.16
1530,77,9287.48
1530,78,9175.38
1530,79,9340.53
1530,80,9386.25
1530,81,9330.22
1530,82,9304.1
1530,83,9253.74
1530,84,9311.26
1530,85,9207.49
1530,86,9207.72
1530,87,9373.77
1530,88,9299.86
1530,89,9212.97
1530,90,9287.11
1530,91,9248.97
1530,92,9294.68
1530,93,9315.92
1530,94,9203.36
1530,95,9338.16
1530,96,9218.44
1530,97,9279.51
1530,98,9131.32
1530,99,9331.4
1540,0,9345.38
1540,1,9358.02
1540,2,9182.31
1540,3,9325.13
1540,4,9349.41
1540,5,9191.55
1540,6,9244.13
1540,7,9304.17
1540,8,9212.65
1540,9,9295.18
1540,10,9348.08
1540,11,9309.61
1540,12,9223.87
1540,13,9232.47
1540,14,9353.01
1540,15,9349.42
1540,16,9351.77
1540,17,9274.04
1540,18,9178.06
1540,19,9208.04
1540,20,9200.81
1540,21,9331.41
1540,22,9227.93
1540,23,9229.77
1540,24,9178.16
1540,25,9318.53
1540,26,9285.48
1540,27,9363.12
1540,28,9295.33
1540,29,9244.43
1540,30,9265.73
1540,31,9218.86
1540,32,9259.22
1540,33,9343.56
1540,34,9191.96
1540,35,9222.4
1540,36,9285.72
1540,37,9277.25
1540,38,9158.17
1540,39,9164.98
1540,40,9168.96
1540,41,9279.03
1540,42,9209.97
1540,43,9281.32
1540,44,9193.28
1540,45,9299.71
1540,46,9315.54
1540,47,9200.26
1540,48,9337.58
1540,49,9254.27
1540,50,9294.49
1540,51,9229.38
1540,52,9232.81
1540,53,9203.42
1540,54,9275.11
1540,55,9278.19
1540,56,9264.94
1540,57,9276.15
1540,58,9294.95
1540,59,9320.65
1540,60,9264.39
1540,61,9258.37
1540,62,9286.74
1540,63,9221.39
1540,64,9255.65
1540,65,9258.07
1540,66,9257.79
1540,67,9232.02
1540,68,9192.28
1540,69,9167.02
1540,70,9283.96
1540,71,9348
1540,72,9276.32
1540,73,9110.37
1540,74,9350.24
1540,75,9288.26
1540,76,9275.37
1540,77,9277.35
1540,78,9169.54
1540,79,9328.88
1540,80,9376.5
1540,81,9327.18
1540,82,9298.17
1540,83,9245.69
1540,84,9305.8
1540,85,9196.6
1540,86,9199.42
1540,87,9362.3
1540,88,9290.3
1540,89,9200.32
1540,90,9276.3
1540,91,9238.9
1540,92,9285.58
1540,93,9310.93
1540,94,9197.56
1540,95,9330.55
1540,96,9205.35
1540,97,9270.81
1540,98,9116.11
1540,99,9320.22
1550,0,9345.08
1550,1,9357.72
1550,2,9182.01
1550,3,9324.83
1550,4,9349.11
1550,5,9191.25
1550,6,9243.83
1550,7,9303.87
1550,8,9212.35
1550,9,9294.88
1550,10,9347.78
1550,11,9309.31
1550,12,9223.57
1550,13,9232.17
1550,14,9352.71
1550,15,9349.12
1550,16,9351.47
1550,17,9273.74
1550,18,9177.76
1550,19,9207.74
1550,20,9200.51
1550,21,9331.11
1550,22,9227.63
1550,23,9229.47
1550,24,9177.86
1550,25,9318.23
1550,26,9285.18
1550,27,9362.82
1550,28,9295.03
1550,29,9244.13
1550,30,9265.43
1550,31,9218.56
1550,32,9258.92
1550,33,9343.26
1550,34,9191.66
1550,35,9222.1
1550,36,9285.42
1550,37,9276.95
1550,38,9157.87
1550,39,9164.68
1550,40,9168.66
1550,41,9278.73
1550,42,9209.67
1550,43,9281.02
1550,44,9192.98
1550,45,9299.41
1550,46,9315.24
1550,47,9199.96
1550,48,9337.28
1550,49,9253.97
1550,50,9294.19
1550,51,9229.08
1550,52,9232.51
1550,53,9203.12
1550,54,9274.81
1550,55,9277.89
1550,56,9264.64
1550,57,9275.85
1550,58,9294.65
1550,59,9320.35
1550,60,9264.09
1550,61,9258.07
1550,62,9286.44
1550,63,9221.09
1550,64,9255.35
1550,65,9257.77
1550,66,9257.49
1550,67,9231.72
1550,68,9191.98
1550,69,9166.72
1550,70,9283.66
1550,71,9347.7
1550,72,9276.02
1550,73,9110.07
1550,74,9349.94
1550,75,9287.96
1550,76,9275.07
1550,77,9277.05
1550,78,9169.24
1550,79,9328.58
1550,80,9376.2
1550,81,9326.88
1550,82,9297.87
1550,83,9245.39
1550,84,9305.5
1550,85,9196.3
1550,86,9199.12
1550,87,9362
1550,88,9290
1550,89,9200.02
1550,90,9276
1550,91,9238.6
1550,92,9285.28
1550,93,9310.63
1550,94,9197.26
1550,95,9330.25
1550,96,9205.05
1550,97,9270.51
1550,98,9115.81
1550,99,9319.92
1560,0,9331.67
1560,1,9348.45
1560,2,9170.45
1560,3,9313.84
1560,4,9337.87
1560,5,9179.8
1560,6,9231.21
1560,7,9290.84
1560,8,9200.46
1560,9,9284.34
1560,10,9335.6
1560,11,9298.7
1560,12,9211.23
1560,13,9220.99
1560,14,9335.37
1560,15,9338.07
1560,16,9340.59
1560,17,9260.76
1560,18,9166.01
1560,19,9195.01
1560,20,9186.47
1560,21,9321.54
1560,22,9216.22
1560,23,9215.69
1560,24,9165.68
1560,25,9303.99
1560,26,9271.09
1560,27,9349.22
1560,28,9283.91
1560,29,9233.96
1560,30,9255.47
1560,31,9206.27
1560,32,9248.83
1560,33,9332.54
1560,34,9179.44
1560,35,9209.87
1560,36,9275.03
1560,37,9263.59
1560,38,9146.22
1560,39,9152.03
1560,40,9155.57
1560,41,9267.68
1560,42,9199.27
1560,43,9272.07
1560,44,9183.9
1560,45,9291.11
1560,46,9305.89
1560,47,9187.62
1560,48,9326.09
1560,49,9243.18
1560,50,9280.53
1560,51,9217.65
1560,52,9219.56
1560,53,9190.39
1560,54,9259.11
1560,55,9264.91
1560,56,9252.63
1560,57,9266.72
1560,58,9285.13
1560,59,9307.31
1560,60,9254.24
1560,61,9243.82
1560,62,9272.11
1560,63,9209.12
1560,64,9244.02
1560,65,9246.75
1560,66,9249.63
1560,67,9220.05
1560,68,9180.52
1560,69,9155.43
1560,70,9273.48
1560,71,9337.08
1560,72,9261.75
1560,73,9097.58
1560,74,9338.35
1560,75,9277.02
1560,76,9261.9
1560,77,9264.54
1560,78,9157.41
1560,79,9317.74
1560,80,9365.24
1560,81,9312.99
1560,82,9283.22
1560,83,9232.86
1560,84,9292.61
1560,85,9184.53
1560,86,9185.62
1560,87,9353.97
1560,88,9278.77
1560,89,9188.04
1560,90,9264.43
1560,91,9227.42
1560,92,9272.53
1560,93,9298.73
1560,94,9183.94
1560,95,9317.27
1560,96,9195.37
1560,97,9257.27
1560,98,9103.75
1560,99,9308.46
1570,0,9327.2
1570,1,9341.33
1570,2,9159.33
1570,3,9307.67
1570,4,9330.76
1570,5,9169.85
1570,6,9222.46
1570,7,9287.35
1570,8,9192.17
1570,9,9279.67
1570,10,9330.61
1570,11,9293.71
1570,12,9201.7
1570,13,9212.36
1570,14,9329.32
1570,15,9333.25
1570,16,9337.24
1570,17,9252.09
1570,18,9156.74
1570,19,9184.69
1570,20,9179.12
1570,21,9315.53
1570,22,9206.32
1570,23,9206.49
1570,24,9154.11
1570,25,9298.21
1570,26,9268.04
1570,27,9343.43
1570,28,9277.3
1570,29,9223.39
1570,30,9248.92
1570,31,9198.01
1570,32,9237.58
1570,33,9327.3
1570,34,9168.67
1570,35,9200.66
1570,36,9269.09
1570,37,9257.64
1570,38,9133.85
1570,39,9141.52
1570,40,9144.05
1570,41,9259.56
1570,42,9191.41
1570,43,9267.06
1570,44,9174.37
1570,45,9286.05
1570,46,9296.93
1570,47,9180.03
1570,48,9319.48
1570,49,9236.23
1570,50,9274.27
1570,51,9209.35
1570,52,9216.06
1570,53,9181.47
1570,54,9255.81
1570,55,9262.04
1570,56,9245.33
1570,57,9259.58
1570,58,9280.11
1570,59,9301.24
1570,60,9247.52
1570,61,9240.7
1570,62,9268.97
1570,63,9200.44
1570,64,9238.71
1570,65,9238.13
1570,66,9236.85
1570,67,9211.29
1570,68,9170.02
1570,69,9145.95
1570,70,9267.13
1570,71,9330.7
1570,72,9254.78
1570,73,9086.62
1570,74,9334.05
1570,75,9269.35
1570,76,9254.9
1570,77,9256.68
1570,78,9148.33
1570,79,9311.58
1570,80,9357.76
1570,81,9310.12
1570,82,9277.21
1570,83,9229.26
1570,84,9289.66
1570,85,9175.96
1570,86,9178.17
1570,87,9345.99
1570,88,9274.27
1570,89,9178.23
1570,90,9257.35
1570,91,9220.85
1570,92,9265.85
1570,93,9296.45
1570,94,9175.91
1570,95,9311.67
1570,96,9187.14
1570,97,9249.2
1570,98,9095.46
1570,99,9301.56
1580,0,9326.9
1580,1,9341.03
1580,2,9159.03
1580,3,9307.37
1580,4,9330.46
1580,5,9169.55
1580,6,9222.16
1580,7,9287.05
1580,8,9191.87
1580,9,9279.37
1580,10,9330.31
1580,11,9293.41
1580,12,9201.4
1580,13,9212.06
1580,14,9329.02
1580,15,9332.95
1580,16,9336.94
1580,17,9251.79
1580,18,9156.44
1580,19,9184.39
1580,20,9178.82
1580,21,9315.23
1580,22,9206.02
1580,23,9206.19
1580,24,9153.81
1580,25,9297.91
1580,26,9267.74
1580,27,9343.13
1580,28,9277
1580,29,9223.09
1580,30,9248.62
1580,31,9197.71
1580,32,9237.28
1580,33,9327
1580,34,9168.37
1580,35,9200.36
1580,36,9268.79
1580,37,9257.34
1580,38,9133.55
1580,39,9141.22
1580,40,9143.75
1580,41,9259.26
1580,42,9191.11
1580,43,9266.76
1580,44,9174.07
1580,45,9285.75
1580,46,9296.63
1580,47,9179.73
1580,48,9319.18
1580,49,9235.93
1580,50,9273.97
1580,51,9209.05
1580,52,9215.76
1580,53,9181.17
1580,54,9255.51
1580,55,9261.74
1580,56,9245.03
1580,57,9259.28
1580,58,9279.81
1580,59,9300.94
1580,60,9247.22
1580,61,9240.4
1580,62,9268.67
1580,63,9200.14
1580,64,9238.41
1580,65,9237.83
1580,66,9236.55
1580,67,9210.99
1580,68,9169.72
1580,69,9145.65
1580,70,9266.83
1580,71,9330.4
1580,72,9254.48
1580,73,9086.32
1580,74,9333.75
1580,75,9269.05
1580,76,9254.6
1580,77,9256.38
1580,78,9148.03
1580,79,9311.28
1580,80,9357.46
1580,81,9309.82
1580,82,9276.91
1580,83,9228.96
1580,84,9289.36
1580,85,9175.66
1580,86,9177.87
1580,87,9345.69
1580,88,9273.97
1580,89,9177.93
1580,90,9257.05
1580,91,9220.55
1580,92,9265.55
1580,93,9296.15
1580,94,9175.61
1580,95,9311.37
1580,96,9186.84
1580,97,9248.9
1580,98,9095.16
1580,99,9301.26
1590,0,9316.29
1590,1,9331.88
1590,2,9147.64
1590,3,9297.51
1590,4,9318.2
1590,5,9161.08
1590,6,9211.08
1590,7,9276.84
1590,8,9182.3
1590,9,9269.4
1590,10,9321.78
1590,11,9282.77
1590,12,9191.97
1590,13,9201.42
1590,14,9318.1
1590,15,9321.89
1590,16,9328.48
1590,17,9238.71
1590,18,9143.81
1590,19,9172.7
1590,20,9169.01
1590,21,9306.14
1590,22,9195.6
1590,23,9193.17
1590,24,9142.86
1590,25,9284.72
1590,26,9257.98
1590,27,9331.5
1590,28,9267.62
1590,29,9213.9
1590,30,9238.01
1590,31,9187.6
1590,32,9226.63
1590,33,9316.24
1590,34,9157.14
1590,35,9189.77
1590,36,9258.57
1590,37,9245.02
1590,38,9122.68
1590,39,9131.64
1590,40,9131.48
1590,41,9249.26
1590,42,9181.01
1590,43,9257.98
1590,44,9165.21
1590,45,9276.39
1590,46,9286.31
1590,47,9171.99
1590,48,9307.91
1590,49,9227.5
1590,50,9264.06
1590,51,9199.79
1590,52,9202.26
1590,53,9173.55
1590,54,9241.63
1590,55,9254.08
1590,56,9235.09
1590,57,9250.15
1590,58,9268.88
1590,59,9289.94
1590,60,9237.67
1590,61,9230.12
1590,62,9258.31
1590,63,9188.5
1590,64,9228.46
1590,65,9228.6
1590,66,9227.65
1590,67,9200.31
1590,68,9158.23
1590,69,9136.46
1590,70,9259.94
1590,71,9319.88
1590,72,9243.7
1590,73,9075.33
1590,74,9321.77
1590,75,9258.28
1590,76,9244.63
1590,77,9246.93
1590,78,9138.85
1590,79,9302.68
1590,80,9346.6
1590,81,9298.7
1590,82,9266.41
1590,83,9218.22
1590,84,9280.11
1590,85,9165.68
1590,86,9166.7
1590,87,9336.69
1590,88,9263.17
1590,89,9166.69
1590,90,9245.8
1590,91,9207.99
1590,92,9254.37
1590,93,9286.43
1590,94,9165.31
1590,95,9300.74
1590,96,9175.84
1590,97,9235.76
1590,98,9083.2
1590,99,9289.72
1600,0,9311.05
1600,1,9328.91
1600,2,9141
1600,3,9292.52
1600,4,9315.31
1600,5,9152.3
1600,6,9207.06
1600,7,9273.9
1600,8,9178.05
1600,9,9266.57
1600,10,9320.25
1600,11,9279.67
1600,12,9182.53
1600,13,9194.85
1600,14,9314.48
1600,15,9318.68
1600,16,9326.61
1600,17,9234.27
1600,18,9140.05
1600,19,9165.3
1600,20,9162.35
1600,21,9303.16
1600,22,9189.94
1600,23,9188.49
1600,24,9137.25
1600,25,9281.77
1600,26,9254.76
1600,27,9329.74
1600,28,9263.99
1600,29,9209.63
1600,30,9234.45
1600,31,9183.24
1600,32,9221.99
1600,33,9314.48
1600,34,9149.76
1600,35,9185.14
1600,36,9254.93
1600,37,9241.76
1600,38,9116.73
1600,39,9126.59
1600,40,9125.63
1600,41,9245.52
1600,42,9176.88
1600,43,9254.94
1600,44,9161.18
1600,45,9273.62
1600,46,9282.33
1600,47,9164.12
1600,48,9304.46
1600,49,9224.35
1600,50,9260.35
1600,51,9192.22
1600,52,9199.84
1600,53,9165.31
1600,54,9241.4
1600,55,9251.52
1600,56,9231.32
1600,57,9246.64
1600,58,9266.64
1600,59,9286.24
1600,60,9232.69
1600,61,9227.92
1600,62,9255.06
1600,63,9185.15
1600,64,9225.46
1600,65,9224.79
1600,66,9219.43
1600,67,9194.55
1600,68,9151.63
1600,69,9126.81
1600,70,9254.03
1600,71,9316.93
1600,72,9238.79
1600,73,9069.63
1600,74,9319.1
1600,75,9254.63
1600,76,9241.5
1600,77,9242.89
1600,78,9134.61
1600,79,9299.32
1600,80,9342.94
1600,81,9298.38
1600,82,9262.04
1600,83,9215.7
1600,84,9278.28
1600,85,9160.98
1600,86,9161.17
1600,87,9333.37
1600,88,9260.47
1600,89,9161.97
1600,90,9241.63
1600,91,9204.11
1600,92,9250.01
1600,93,9284.7
1600,94,9160.18
1600,95,9297.63
1600,96,9170.28
1600,97,9231.69
1600,98,9077.24
1600,99,9286.15
1610,0,9310.75
1610,1,9328.61
1610,2,9140.7
1610,3,9292.22
1610,4,9315.01
1610,5,9152
1610,6,9206.76
1610,7,9273.6
1610,8,9177.75
1610,9,9266.27
1610,10,9319.95
1610,11,9279.37
1610,12,9182.23
1610,13,9194.55
1610,14,9314.18
1610,15,9318.38
1610,16,9326.31
1610,17,9233.97
1610,18,9139.75
1610,19,9165
1610,20,9162.05
1610,21,9302.86
1610,22,9189.64
1610,23,9188.19
1610,24,9136.95
1610,25,9281.47
1610,26,9254.46
1610,27,9329.44
1610,28,9263.69
1610,29,9209.33
1610,30,9234.15
1610,31,9182.94
1610,32,9221.69
1610,33,9314.18
1610,34,9149.46
1610,35,9184.84
1610,36,9254.63
1610,37,9241.46
1610,38,9116.43
1610,39,9126.29
1610,40,9125.33
1610,41,9245.22
1610,42,9176.58
1610,43,9254.64
1610,44,9160.88
1610,45,9273.32
1610,46,9282.03
1610,47,9163.82
1610,48,9304.16
1610,49,9224.05
1610,50,9260.05
1610,51,9191.92
1610,52,9199.54
1610,53,9165.01
1610,54,9241.1
1610,55,9251.22
1610,56,9231.02
1610,57,9246.34
1610,58,9266.34
1610,59,9285.94
1610,60,9232.39
1610,61,9227.62
1610,62,9254.76
1610,63,9184.85
1610,64,9225.16
1610,65,9224.49
1610,66,9219.13
1610,67,9194.25
1610,68,9151.33
1610,69,9126.51
1610,70,9253.73
1610,71,9316.63
1610,72,9238.49
1610,73,9069.33
1610,74,9318.8
1610,75,9254.33
1610,76,9241.2
1610,77,9242.59
1610,78,9134.31
1610,79,9299.02
1610,80,9342.64
1610,81,9298.08
1610,82,9261.74
1610,83,9215.4
1610,84,9277.98
1610,85,9160.68
1610,86,9160.87
1610,87,9333.07
1610,88,9260.17
1610,89,9161.67
1610,90,9241.33
1610,91,9203.81
1610,92,9249.71
1610,93,9284.4
1610,94,9159.88
1610,95,9297.33
1610,96,9169.98
1610,97,9231.39
1610,98,9076.94
1610,99,9285.85
1620,0,9300.19
1620,1,9319.51
1620,2,9129.11
1620,3,9283.96
1620,4,9305.2
1620,5,9142.84
1620,6,9193.87
1620,7,9260.53
1620,8,9169.92
1620,9,9255.95
1620,10,9307.86
1620,11,9268.69
1620,12,9173.11
1620,13,9184.7
1620,14,9300.37
1620,15,9308.29
1620,16,9317.95
1620,17,9224.42
1620,18,9128.34
1620,19,9155.29
1620,20,9149.95
1620,21,9294.7
1620,22,9179.13
1620,23,9177.3
1620,24,9127.38
1620,25,9270.39
1620,26,9244.02
1620,27,9318.25
1620,28,9254.33
1620,29,9199.7
1620,30,9225.22
1620,31,9175.58
1620,32,9213.62
1620,33,9303.37
1620,34,9141.64
1620,35,9174.75
1620,36,9245.01
1620,37,9231.37
1620,38,9106.35
1620,39,9117.42
1620,40,9114.6
1620,41,9236.42
1620,42,9166.79
1620,43,9244.24
1620,44,9151.87
1620,45,9264.14
1620,46,9273.26
1620,47,9155.5
1620,48,9296.19
1620,49,9215.71
1620,50,9248.56
1620,51,9182.01
1620,52,9185.25
1620,53,9157.14
1620,54,9223.12
1620,55,9240.93
1620,56,9223.59
1620,57,9237.65
1620,58,9259.17
1620,59,9275.96
1620,60,9223.47
1620,61,9218.43
1620,62,9243.19
1620,63,9173.22
1620,64,9214.91
1620,65,9216.92
1620,66,9211.06
1620,67,9184.37
1620,68,9140.94
1620,69,9117.31
1620,70,9247.14
1620,71,9308.67
1620,72,9226.94
1620,73,9058.06
1620,74,9307.44
1620,75,9246.07
1620,76,9231.19
1620,77,9234.51
1620,78,9124.95
1620,79,9291.38
1620,80,9334.13
1620,81,9286.49
1620,82,9250.77
1620,83,9201.53
1620,84,9266.8
1620,85,9150.23
1620,86,9149.69
1620,87,9323.02
1620,88,9247.67
1620,89,9150.59
1620,90,9231.57
1620,91,9193.71
1620,92,9238.98
1620,93,9274.79
1620,94,9149.23
1620,95,9287.63
1620,96,9158.98
1620,97,9221.81
1620,98,9064.97
1620,99,9276.93
1630,0,9287.96
1630,1,9308.18
1630,2,9117.13
1630,3,9270.16
1630,4,9293.21
1630,5,9129
1630,6,9181.62
1630,7,9248.99
1630,8,9156.58
1630,9,9245.98
1630,10,9298.4
1630,11,9258.88
1630,12,9157.28
1630,13,9172.09
1630,14,9287.62
1630,15,9298.32
1630,16,9308.47
1630,17,9208.66
1630,18,9116.68
1630,19,9139.74
1630,20,9139.59
1630,21,9282.2
1630,22,9166.17
1630,23,9164.92
1630,24,9111.05
1630,25,9258.31
1630,26,9234.46
1630,27,9307.8
1630,28,9242.64
1630,29,9188.42
1630,30,9212.98
1630,31,9160.99
1630,32,9199.27
1630,33,9295.72
1630,34,9124.95
1630,35,9161.18
1630,36,9232.83
1630,37,9221.11
1630,38,9088.98
1630,39,9102.04
1630,40,9100.26
1630,41,9223.12
1630,42,9153.37
1630,43,9234.59
1630,44,9139.13
1630,45,9254.06
1630,46,9258.74
1630,47,9141.33
1630,48,9281.84
1630,49,9202.25
1630,50,9237.65
1630,51,9168.24
1630,52,9178.57
1630,53,9141.8
1630,54,9212.86
1630,55,9232.4
1630,56,9209.2
1630,57,9225.23
1630,58,9246.77
1630,59,9263.78
1630,60,9210.97
1630,61,9209.23
1630,62,9235.42
1630,63,9165.04
1630,64,9203.98
1630,65,9202.21
1630,66,9195.27
1630,67,9170.79
1630,68,9125.54
1630,69,9100.45
1630,70,9234.5
1630,71,9293.77
1630,72,9216.63
1630,73,9045.03
1630,74,9296.59
1630,75,9232.59
1630,76,9218.25
1630,77,9220.31
1630,78,9113.72
1630,79,9280.04
1630,80,9320.92
1630,81,9272.63
1630,82,9236.68
1630,83,9192.22
1630,84,9260.36
1630,85,9138.22
1630,86,9140.01
1630,87,9311.35
1630,88,9237.24
1630,89,9136.87
1630,90,9218.2
1630,91,9181.57
1630,92,9226.71
1630,93,9266.86
1630,94,9138.3
1630,95,9273.99
1630,96,9147.03
1630,97,9207.97
1630,98,9050.66
1630,99,9263.55
1640,0,9287.66
1640,1,9307.88
1640,2,9116.83
1640,3,9269.86
1640,4,9292.91
1640,5,9128.7
1640,6,9181.32
1640,7,9248.69
1640,8,9156.28
1640,9,9245.68
1640,10,9298.1
1640,11,9258.58
1640,12,9156.98
1640,13,9171.79
1640,14,9287.32
1640,15,9298.02
1640,16,9308.17
1640,17,9208.36
1640,18,9116.38
1640,19,9139.44
1640,20,9139.29
1640,21,9281.9
1640,22,9165.87
1640,23,9164.62
1640,24,9110.75
1640,25,9258.01
1640,26,9234.16
1640,27,9307.5
1640,28,9242.34
1640,29,9188.12
1640,30,9212.68
1640,31,9160.69
1640,32,9198.97
1640,33,9295.42
1640,34,9124.65
1640,35,9160.88
1640,36,9232.53
1640,37,9220.81
1640,38,9088.68
1640,39,9101.74
1640,40,9099.96
1640,41,9222.82
1640,42,9153.07
1640,43,9234.29
1640,44,9138.83
1640,45,9253.76
1640,46,9258.44
1640,47,9141.03
1640,48,9281.54
1640,49,9201.95
1640,50,9237.35
1640,51,9167.94
1640,52,9178.27
1640,53,9141.5
1640,54,9212.56
1640,55,9232.1
1640,56,9208.9
1640,57,9224.93
1640,58,9246.47
1640,59,9263.48
1640,60,9210.67
1640,61,9208.93
1640,62,9235.12
1640,63,9164.74
1640,64,9203.68
1640,65,9201.91
1640,66,9194.97
1640,67,9170.49
1640,68,9125.24
1640,69,9100.15
1640,70,9234.2
1640,71,9293.47
1640,72,9216.33
1640,73,9044.73
1640,74,9296.29
1640,75,9232.29
1640,76,9217.95
1640,77,9220.01
1640,78,9113.42
1640,79,9279.74
1640,80,9320.62
1640,81,9272.33
1640,82,9236.38
1640,83,9191.92
1640,84,9260.06
1640,85,9137.92
1640,86,9139.71
1640,87,9311.05
1640,88,9236.94
1640,89,9136.57
1640,90,9217.9
1640,91,9181.27
1640,92,9226.41
1640,93,9266.56
1640,94,9138
1640,95,9273.69
1640,96,9146.73
1640,97,9207.67
1640,98,9050.36
1640,99,9263.25
1650,0,9278.14
1650,1,9300.72
1650,2,9108.57
1650,3,9261.56
1650,4,9283.64
1650,5,9120.06
1650,6,9170.88
1650,7,9238.96
1650,8,9148.09
1650,9,9236.03
1650,10,9290.4
1650,11,9250.03
1650,12,9147.94
1650,13,9163.59
1650,14,9274.7
1650,15,9288.71
1650,16,9300.44
1650,17,9199.43
1650,18,9105.92
1650,19,9130.09
1650,20,9129.69
1650,21,9275.08
1650,22,9157.85
1650,23,9155.3
1650,24,9101.22
1650,25,9248.89
1650,26,9225.51
1650,27,9300.55
1650,28,9234.29
1650,29,9179.23
1650,30,9202.98
1650,31,9152.74
1650,32,9190.14
1650,33,9287.86
1650,34,9117.62
1650,35,9151.75
1650,36,9224
1650,37,9211.34
1650,38,9079.29
1650,39,9093
1650,40,9091.43
1650,41,9214.36
1650,42,9145.09
1650,43,9227.11
1650,44,9130
1650,45,9247.13
1650,46,9249.79
1650,47,9133.25
1650,48,9274.15
1650,49,9193.6
1650,50,9229.34
1650,51,9159.55
1650,52,9169.45
1650,53,9132.16
1650,54,9200.35
1650,55,9223.98
1650,56,9201.91
1650,57,9216.82
1650,58,9239.45
1650,59,9255.88
1650,60,9201.98
1650,61,9201.47
1650,62,9225.72
1650,63,9156.59
1650,64,9194.85
1650,65,9194.28
1650,66,9188.9
1650,67,9161.75
1650,68,9115.55
1650,69,9090.76
1650,70,9227.14
1650,71,9285.49
1650,72,9206.86
1650,73,9035.08
1650,74,9284.53
1650,75,9224.54
1650,76,9208.11
1650,77,9212.23
1650,78,9106.12
1650,79,9273.35
1650,80,9312.89
1650,81,9260.87
1650,82,9232.75
1650,83,9183.65
1650,84,9251.66
1650,85,9127.59
1650,86,9129.66
1650,87,9303.28
1650,88,9227.98
1650,89,9126.35
1650,90,9208.69
1650,91,9172.22
1650,92,9217.11
1650,93,9257.23
1650,94,9129.37
1650,95,9264
1650,96,9138.18
1650,97,9198.28
1650,98,9040.15
1650,99,9254.54
1660,0,9267.36
1660,1,9291.27
1660,2,9095.28
1660,3,9250.55
1660,4,9275.01
1660,5,9107.48
1660,6,9159.09
1660,7,9231.17
1660,8,9136.51
1660,9,9228.27
1660,10,9280.78
1660,11,9239.56
1660,12,9134.39
1660,13,9149.15
1660,14,9264.21
1660,15,9279.2
1660,16,9293.89
1660,17,9186.24
1660,18,9096.25
1660,19,9119.68
1660,20,9119.33
1660,21,9264.04
1660,22,9142.73
1660,23,9142.8
1660,24,9086.67
1660,25,9240.69
1660,26,9215.41
1660,27,9289.15
1660,28,9222.95
1660,29,9168.3
1660,30,9192.04
1660,31,9139.4
1660,32,9176.52
1660,33,9278.62
1660,34,9100.27
1660,35,9138.64
1660,36,9212.24
1660,37,9202.08
1660,38,9068.85
1660,39,9078.37
1660,40,9076
1660,41,9203.46
1660,42,9132.57
1660,43,9216.56
1660,44,9118.07
1660,45,9237.49
1660,46,9236.86
1660,47,9121.08
1660,48,9262.61
1660,49,9183.41
1660,50,9216.84
1660,51,9145.51
1660,52,9160.54
1660,53,9119.09
1660,54,9185.7
1660,55,9216.42
1660,56,9189.6
1660,57,9206.48
1660,58,9231.78
1660,59,9242.55
1660,60,9189.25
1660,61,9193.8
1660,62,9218.39
1660,63,9146.34
1660,64,9186.07
1660,65,9181.88
1660,66,9173.53
1660,67,9147.84
1660,68,9101.33
1660,69,9076.85
1660,70,9215.95
1660,71,9275.59
1660,72,9196.03
1660,73,9024.95
1660,74,9276.26
1660,75,9213.32
1660,76,9198.47
1660,77,9199.17
1660,78,9093.6
1660,79,9262.21
1660,80,9302.24
1660,81,9258.08
1660,82,9216.29
1660,83,9173.99
1660,84,9243.43
1660,85,9111.44
1660,86,9119.26
1660,87,9292.1
1660,88,9219.57
1660,89,9113.64
1660,90,9196.58
1660,91,9160.8
1660,92,9206.43
1660,93,9246.93
1660,94,9118.23
1660,95,9255.48
1660,96,9121.8
1660,97,9187.04
1660,98,9029.23
1660,99,9244.33
1670,0,9267.06
1670,1,9290.97
1670,2,9094.98
1670,3,9250.25
1670,4,9274.71
1670,5,9107.18
1670,6,9158.79
1670,7,9230.87
1670,8,9136.21
1670,9,9227.97
1670,10,9280.48
1670,11,9239.26
1670,12,9134.09
1670,13,9148.85
1670,14,9263.91
1670,15,9278.9
1670,16,9293.59
1670,17,9185.94
1670,18,9095.95
1670,19,9119.38
1670,20,9119.03
1670,21,9263.74
1670,22,9142.43
1670,23,9142.5
1670,24,9086.37
1670,25,9240.39
1670,26,9215.11
1670,27,9288.85
1670,28,9222.65
1670,29,9168
1670,30,9191.74
1670,31,9139.1
1670,32,9176.22
1670,33,9278.32
1670,34,9099.97
1670,35,9138.34
1670,36,9211.94
1670,37,9201.78
1670,38,9068.55
1670,39,9078.07
1670,40,9075.7
1670,41,9203.16
1670,42,9132.27
1670,43,9216.26
1670,44,9117.77
1670,45,9237.19
1670,46,9236.56
1670,47,9120.78
1670,48,9262.31
1670,49,9183.11
1670,50,9216.54
1670,51,9145.21
1670,52,9160.24
1670,53,9118.79
1670,54,9185.4
1670,55,9216.12
1670,56,9189.3
1670,57,9206.18
1670,58,9231.48
1670,59,9242.25
1670,60,9188.95
1670,61,9193.5
1670,62,9218.09
1670,63,9146.04
1670,64,9185.77
1670,65,9181.58
1670,66,9173.23
1670,67,9147.54
1670,68,9101.03
1670,69,9076.55
1670,70,9215.65
1670,71,9275.29
1670,72,9195.73
1670,73,9024.65
1670,74,9275.96
1670,75,9213.02
1670,76,9198.17
1670,77,9198.87
1670,78,9093.3
1670,79,9261.91
1670,80,9301.94
1670,81,9257.78
1670,82,9215.99
1670,83,9173.69
1670,84,9243.13
1670,85,9111.14
1670,86,9118.96
1670,87,9291.8
1670,88,9219.27
1670,89,9113.34
1670,90,9196.28
1670,91,9160.5
1670,92,9206.13
1670,93,9246.63
1670,94,9117.93
1670,95,9255.18
1670,96,9121.5
1670,97,9186.74
1670,98,9028.93
1670,99,9244.03
1680,0,9263.32
1680,1,9287.02
1680,2,9086.74
1680,3,9244.22
1680,4,9270.95
1680,5,9099.71
1680,6,9151.07
1680,7,9225.05
1680,8,9132.66
1680,9,9220.16
1680,10,9274.17
1680,11,9230.95
1680,12,9126.93
1680,13,9144.85
1680,14,9254.22
1680,15,9272.14
1680,16,9286.8
1680,17,9182.39
1680,18,9092.25
1680,19,9116.11
1680,20,9115.12
1680,21,9259.14
1680,22,9134.3
1680,23,9136.99
1680,24,9082.39
1680,25,9233.75
1680,26,9207.94
1680,27,9282.98
1680,28,9215.53
1680,29,9164.56
1680,30,9186.01
1680,31,9132.74
1680,32,9170.12
1680,33,9273.66
1680,34,9091.42
1680,35,9132
1680,36,9204.11
1680,37,9198.89
1680,38,9063.9
1680,39,9071.07
1680,40,9068.82
1680,41,9198.18
1680,42,9127.92
1680,43,9209.56
1680,44,9111.15
1680,45,9231.99
1680,46,9232.23
1680,47,9113.48
1680,48,9255.26
1680,49,9175.94
1680,50,9209.4
1680,51,9139.22
1680,52,9154.17
1680,53,9110.51
1680,54,9178.54
1680,55,9210.51
1680,56,9184.08
1680,57,9201.67
1680,58,9226.01
1680,59,9234.31
1680,60,9181.79
1680,61,9187.06
1680,62,9210.58
1680,63,9140.12
1680,64,9179.63
1680,65,9173.81
1680,66,9168.58
1680,67,9140.98
1680,68,9094.31
1680,69,9069.3
1680,70,9211
1680,71,9269.19
1680,72,9189.46
1680,73,9020.09
1680,74,9269.11
1680,75,9208.83
1680,76,9190.17
1680,77,9192.81
1680,78,9091.05
1680,79,9256.82
1680,80,9297.5
1680,81,9251.38
1680,82,9212.36
1680,83,9167.97
1680,84,9235.69
1680,85,9104.08
1680,86,9114.69
1680,87,9284.89
1680,88,9213.52
1680,89,9107.02
1680,90,9192.17
1680,91,9155.85
1680,92,9199.82
1680,93,9239.48
1680,94,9115.09
1680,95,9252.44
1680,96,9117.88
1680,97,9181.28
1680,98,9022.47
1680,99,9240.3
1690,0,9250.37
1690,1,9276.46
1690,2,9075.69
1690,3,9233.45
1690,4,9259.32
1690,5,9090.13
1690,6,9142.17
1690,7,9216.5
1690,8,9120.8
1690,9,9213.78
1690,10,9267.48
1690,11,9222.77
1690,12,9115.05
1690,13,9130.7
1690,14,9243.43
1690,15,9262.77
1690,16,9280.37
1690,17,9170.36
1690,18,9075.67
1690,19,9099.06
1690,20,9101.97
1690,21,9248.73
1690,22,9124.27
1690,23,9124.1
1690,24,9066.64
1690,25,9226.55
1690,26,9198.37
1690,27,9274.77
1690,28,9207.59
1690,29,9150.99
1690,30,9175.03
1690,31,9121.72
1690,32,9159.48
1690,33,9263.53
1690,34,9079.94
1690,35,9120.05
1690,36,9194.6
1690,37,9187.24
1690,38,9047.5
1690,39,9059.67
1690,40,9055.16
1690,41,9186.57
1690,42,9114.48
1690,43,9200.64
1690,44,9100.32
1690,45,9223
1690,46,9219.36
1690,47,9102.61
1690,48,9245.69
1690,49,9166.45
1690,50,9198.84
1690,51,9127.16
1690,52,9141.95
1690,53,9100.97
1690,54,9169.24
1690,55,9201.82
1690,56,9172.13
1690,57,9189.96
1690,58,9218.28
1690,59,9224.88
1690,60,9170.62
1690,61,9179.61
1690,62,9201.68
1690,63,9131.15
1690,64,9170.2
1690,65,9163.52
1690,66,9154.58
1690,67,9129.45
1690,68,9081.58
1690,69,9057.37
1690,70,9200.44
1690,71,9259.49
1690,72,9178.23
1690,73,9003.97
1690,74,9260.79
1690,75,9196.99
1690,76,9180.86
1690,77,9182.5
1690,78,9075.03
1690,79,9246.03
1690,80,9286.22
1690,81,9233.69
1690,82,9199.11
1690,83,9157.03
1690,84,9229.17
1690,85,9087.65
1690,86,9104.45
1690,87,9275.4
1690,88,9204.98
1690,89,9095.02
1690,90,9178.44
1690,91,9143.35
1690,92,9187.53
1690,93,9231.8
1690,94,9101.87
1690,95,9239.43
1690,96,9101.01
1690,97,9171.03
1690,98,9007.15
1690,99,9227.85
1700,0,9250.07
1700,1,9276.16
1700,2,9075.39
1700,3,9233.15
1700,4,9259.02
1700,5,9089.83
1700,6,9141.87
1700,7,9216.2
1700,8,9120.5
1700,9,9213.48
1700,10,9267.18
1700,11,9222.47
1700,12,9114.75
1700,13,9130.4
1700,14,9243.13
1700,15,9262.47
1700,16,9280.07
1700,17,9170.06
1700,18,9075.37
1700,19,9098.76
1700,20,9101.67
1700,21,9248.43
1700,22,9123.97
1700,23,9123.8
1700,24,9066.34
1700,25,9226.25
1700,26,9198.07
1700,27,9274.47
1700,28,9207.29
1700,29,9150.69
1700,30,9174.73
1700,31,9121.42
1700,32,9159.18
1700,33,9263.23
1700,34,9079.64
1700,35,9119.75
1700,36,9194.3
1700,37,9186.94
1700,38,9047.2
1700,39,9059.37
1700,40,9054.86
1700,41,9186.27
1700,42,9114.18
1700,43,9200.34
1700,44,9100.02
1700,45,9222.7
1700,46,9219.06
1700,47,9102.31
1700,48,9245.39
1700,49,9166.15
1700,50,9198.54
1700,51,9126.86
1700,52,9141.65
1700,53,9100.67
1700,54,9168.94
1700,55,9201.52
1700,56,9171.83
1700,57,9189.66
1700,58,9217.98
1700,59,9224.58
1700,60,9170.32
1700,61,9179.31
1700,62,9201.38
1700,63,9130.85
1700,64,9169.9
1700,65,9163.22
1700,66,9154.28
1700,67,9129.15
1700,68,9081.28
1700,69,9057.07
1700,70,9200.14
1700,71,9259.19
1700,72,9177.93
1700,73,9003.67
1700,74,9260.49
1700,75,9196.69
1700,76,9180.56
1700,77,9182.2
1700,78,9074.73
1700,79,9245.73
1700,80,9285.92
1700,81,9233.39
1700,82,9198.81
1700,83,9156.73
1700,84,9228.87
1700,85,9087.35
1700,86,9104.15
1700,87,9275.1
1700,88,9204.68
1700,89,9094.72
1700,90,9178.14
1700,91,9143.05
1700,92,9187.23
1700,93,9231.5
1700,94,9101.57
1700,95,9239.13
1700,96,9100.71
1700,97,9170.73
1700,98,9006.85
1700,99,9227.55
1710,0,9246.29
1710,1,9275.86
1710,2,9070.81
1710,3,9231.47
1710,4,9255.2
1710,5,9086.88
1710,6,9138.66
1710,7,9213.49
1710,8,9117.03
1710,9,9210.94
1710,10,9262.45
1710,11,9219.4
1710,12,9112.81
1710,13,9128.3
1710,14,9241.57
1710,15,9259.65
1710,16,9276.97
1710,17,9166.47
1710,18,9071.65
1710,19,9096.3
1710,20,9097.79
1710,21,9244.83
1710,22,9119.09
1710,23,9119.33
1710,24,9062.58
1710,25,9223.94
1710,26,9194.79
1710,27,9270.07
1710,28,9202.69
1710,29,9147.33
1710,30,9170.82
1710,31,9117.3
1710,32,9155.81
1710,33,9260.94
1710,34,9077.53
1710,35,9116.9
1710,36,9191.68
1710,37,9184.09
1710,38,9044.89
1710,39,9056.6
1710,40,9052.42
1710,41,9182.51
1710,42,9109.57
1710,43,9197.59
1710,44,9097.05
1710,45,9219.55
1710,46,9216.9
1710,47,9099.96
1710,48,9243.6
1710,49,9163.28
1710,50,9193.21
1710,51,9123.25
1710,52,9139.36
1710,53,9096.52
1710,54,9166.77
1710,55,9197.69
1710,56,9168.59
1710,57,9186.1
1710,58,9213.4
1710,59,9222.25
1710,60,9169
1710,61,9176.32
1710,62,9198.24
1710,63,9128.56
1710,64,9166.96
1710,65,9161.9
1710,66,9150.05
1710,67,9125.9
1710,68,9078.1
1710,69,9055
1710,70,9195.63
1710,71,9256.05
1710,72,9173.81
1710,73,9002.26
1710,74,9257.83
1710,75,9193.93
1710,76,9177.55
1710,77,9177.14
1710,78,9070.77
1710,79,9242.1
1710,80,9285.62
1710,81,9231.03
1710,82,9195.16
1710,83,9150.87
1710,84,9224.33
1710,85,9084.95
1710,86,9102.71
1710,87,9271.36
1710,88,9200.69
1710,89,9092.08
1710,90,9175.79
1710,91,9139.45
1710,92,9184.75
1710,93,9228.33
1710,94,9099.44
1710,95,9236.35
1710,96,9097.07
1710,97,9168.79
1710,98,9004.85
1710,99,9223.85
1720,0,9232.4
1720,1,9261.11
1720,2,9056.07
1720,3,9216.59
1720,4,9242.12
1720,5,9071.9
1720,6,9122.22
1720,7,9201.15
1720,8,9102.13
1720,9,9197.64
1720,10,9250.48
1720,11,9207.11
1720,12,9095.27
1720,13,9111.92
1720,14,9223.64
1720,15,9245.62
1720,16,9265
1720,17,9150.07
1720,18,9056.91
1720,19,9078.08
1720,20,9084.15
1720,21,9232.7
1720,22,9104.26
1720,23,9104.44
1720,24,9046.7
1720,25,9209.89
1720,26,9181.06
1720,27,9259.15
1720,28,9190.83
1720,29,9133.16
1720,30,9159.48
1720,31,9103.6
1720,32,9140.84
1720,33,9250.05
1720,34,9058.79
1720,35,9100.07
1720,36,9178.28
1720,37,9171.16
1720,38,9026.45
1720,39,9039.75
1720,40,9033.79
1720,41,9170.05
1720,42,9094.34
1720,43,9184.14
1720,44,9082.91
1720,45,9209.01
1720,46,9204.04
1720,47,9084.47
1720,48,9228.54
1720,49,9149.01
1720,50,9180.9
1720,51,9111.01
1720,52,9127.91
1720,53,9081
1720,54,9144.8
1720,55,9185.66
1720,56,9154.6
1720,57,9173.82
1720,58,9201.51
1720,59,9207.74
1720,60,9154.73
1720,61,9162.83
1720,62,9184.73
1720,63,9113.61
1720,64,9154.83
1720,65,9148.34
1720,66,9135.85
1720,67,9111.2
1720,68,9061.62
1720,69,9037.71
1720,70,9184.99
1720,71,9242.69
1720,72,9159.66
1720,73,8983.45
1720,74,9239.63
1720,75,9181.03
1720,76,9159.76
1720,77,9164.34
1720,78,9057.33
1720,79,9229.6
1720,80,9270.03
1720,81,9213.09
1720,82,9181.58
1720,83,9142.4
1720,84,9214.83
1720,85,9068.62
1720,86,9087.13
1720,87,9260.11
1720,88,9190.02
1720,89,9076.11
1720,90,9161.82
1720,91,9127.34
1720,92,9170.12
1720,93,9214.27
1720,94,9084.09
1720,95,9223.72
1720,96,9080.51
1720,97,9153.49
1720,98,8985.33
1720,99,9210.7
1730,0,9232.1
1730,1,9260.81
1730,2,9055.77
1730,3,9216.29
1730,4,9241.82
1730,5,9071.6
1730,6,9121.92
1730,7,9200.85
1730,8,9101.83
1730,9,9197.34
1730,10,9250.18
1730,11,9206.81
1730,12,9094.97
1730,13,9111.62
1730,14,9223.34
1730,15,9245.32
1730,16,9264.7
1730,17,9149.77
1730,18,9056.61
1730,19,9077.78
1730,20,9083.85
1730,21,9232.4
1730,22,9103.96
1730,23,9104.14
1730,24,9046.4
1730,25,9209.59
1730,26,9180.76
1730,27,9258.85
1730,28,9190.53
1730,29,9132.86
1730,30,9159.18
1730,31,9103.3
1730,32,9140.54
1730,33,9249.75
1730,34,9058.49
1730,35,9099.77
1730,36,9177.98
1730,37,9170.86
1730,38,9026.15
1730,39,9039.45
1730,40,9033.49
1730,41,9169.75
1730,42,9094.04
1730,43,9183.84
1730,44,9082.61
1730,45,9208.71
1730,46,9203.74
1730,47,9084.17
1730,48,9228.24
1730,49,9148.71
1730,50,9180.6
1730,51,9110.71
1730,52,9127.61
1730,53,9080.7
1730,54,9144.5
1730,55,9185.36
1730,56,9154.3
1730,57,9173.52
1730,58,9201.21
1730,59,9207.44
1730,60,9154.43
1730,61,9162.53
1730,62,9184.43
1730,63,9113.31
1730,64,9154.53
1730,65,9148.04
1730,66,9135.55
1730,67,9110.9
1730,68,9061.32
1730,69,9037.41
1730,70,9184.69
1730,71,9242.39
1730,72,9159.36
1730,73,8983.15
1730,74,9239.33
1730,75,9180.73
1730,76,9159.46
1730,77,9164.04
1730,78,9057.03
1730,79,9229.3
1730,80,9269.73
1730,81,9212.79
1730,82,9181.28
1730,83,9142.1
1730,84,9214.53
1730,85,9068.32
1730,86,9086.83
1730,87,9259.81
1730,88,9189.72
1730,89,9075.81
1730,90,9161.52
1730,91,9127.04
1730,92,9169.82
1730,93,9213.97
1730,94,9083.79
1730,95,9223.42
1730,96,9080.21
1730,97,9153.19
1730,98,8985.03
1730,99,9210.4
1740,0,9231.8
1740,1,9260.51
1740,2,9053.96
1740,3,9215.95
1740,4,9240.88
1740,5,9071.3
1740,6,9118.79
1740,7,9198.02
1740,8,9101.53
1740,9,9195.63
1740,10,9249.88
1740,11,9204.71
1740,12,9093.07
1740,13,9110.9
1740,14,9223.04
1740,15,9243.64
1740,16,9264.4
1740,17,9149.47
1740,18,9055.18
1740,19,9077.48
1740,20,9082.54
1740,21,9232.1
1740,22,9102.07
1740,23,9103.84
1740,24,9046.1
1740,25,9207.22
1740,26,9177.96
1740,27,9257.64
1740,28,9190.23
1740,29,9132.56
1740,30,9157.83
1740,31,9100.87
1740,32,9140.24
1740,33,9247.51
1740,34,9056.27
1740,35,9099.43
1740,36,9177.68
1740,37,9170.51
1740,38,9025.85
1740,39,9039.15
1740,40,9031.01
1740,41,9169.45
1740,42,9092.51
1740,43,9183.54
1740,44,9082.31
1740,45,9208.41
1740,46,9203.44
1740,47,9081.75
1740,48,9227.94
1740,49,9146.79
1740,50,9179.31
1740,51,9110.36
1740,52,9125.36
1740,53,9079.42
1740,54,9144.2
1740,55,9185.06
1740,56,9154
1740,57,9173.22
1740,58,9200.91
1740,59,9205.14
1740,60,9153.1
1740,61,9162.23
1740,62,9184.13
1740,63,9113.01
1740,64,9154.23
1740,65,9146.76
1740,66,9135.25
1740,67,9110.55
1740,68,9059.58
1740,69,9037.05
1740,70,9184.39
1740,71,9242.09
1740,72,9157.58
1740,73,8982.85
1740,74,9236.68
1740,75,9180.43
1740,76,9157.46
1740,77,9163.74
1740,78,9056.73
1740,79,9228.93
1740,80,9269.43
1740,81,9212.49
1740,82,9180.98
1740,83,9141.24
1740,84,9212.87
1740,85,9067.06
1740,86,9085.38
1740,87,9259.51
1740,88,9187.43
1740,89,9075.51
1740,90,9161.22
1740,91,9126.74
1740,92,9169.52
1740,93,9213.67
1740,94,9081.69
1740,95,9223.12
1740,96,9079.91
1740,97,9151.32
1740,98,8984.73
1740,99,9210.1
1750,0,9211.83
1750,1,9243.57
1750,2,9033.15
1750,3,9196.43
1750,4,9223.08
1750,5,9049.99
1750,6,9099.24
1750,7,9182.29
1750,8,9080.9
1750,9,9179.62
1750,10,9236.2
1750,11,9188.5
1750,12,9072.3
1750,13,9091.83
1750,14,9200.32
1750,15,9226.04
1750,16,9248.18
1750,17,9126.54
1750,18,9035.79
1750,19,9054.11
1750,20,9062.77
1750,21,9216.65
1750,22,9080.58
1750,23,9079.69
1750,24,9026.76
1750,25,9191.18
1750,26,9161.63
1750,27,9239.06
1750,28,9170.82
1750,29,9110.39
1750,30,9139.46
1750,31,9081.71
1750,32,9119.95
1750,33,9234.15
1750,34,9034.79
1750,35,9077.15
1750,36,9158.26
1750,37,9152.46
1750,38,9005.56
1750,39,9020.68
1750,40,9009.12
1750,41,9150.45
1750,42,9073.3
1750,43,9161.4
1750,44,9064.79
1750,45,9194.77
1750,46,9179.93
1750,47,9063.36
1750,48,9208.01
1750,49,9129.79
1750,50,9158.23
1750,51,9090.3
1750,52,9111.93
1750,53,9057.65
1750,54,9120.68
1750,55,9169.68
1750,56,9134.02
1750,57,9154.44
1750,58,9182.08
1750,59,9187.34
1750,60,9133.63
1750,61,9144.13
1750,62,9165.81
1750,63,9094.48
1750,64,9136.79
1750,65,9130.71
1750,66,9113.64
1750,67,9090.07
1750,68,9039.22
1750,69,9013.48
1750,70,9168.21
1750,71,9223.56
1750,72,9136.59
1750,73,8963.29
1750,74,9218.9
1750,75,9161.99
1750,76,9136.64
1750,77,9142.82
1750,78,9034.65
1750,79,9212.24
1750,80,9251.36
1750,81,9190.82
1750,82,9160.57
1750,83,9124.36
1750,84,9198.37
1750,85,9046.29
1750,86,9065.11
1750,87,9242.44
1750,88,9173.76
1750,89,9053.19
1750,90,9141.23
1750,91,9107.15
1750,92,9149.39
1750,93,9195.59
1750,94,9062.74
1750,95,9204.17
1750,96,9056.6
1750,97,9132.47
1750,98,8963.83
1750,99,9190.81
1760,0,9211.53
1760,1,9243.27
1760,2,9032.85
1760,3,9196.13
1760,4,9222.78
1760,5,9049.69
1760,6,9098.94
1760,7,9181.99
1760,8,9080.6
1760,9,9179.32
1760,10,9235.9
1760,11,9188.2
1760,12,9072
1760,13,9091.53
1760,14,9200.02
1760,15,9225.74
1760,16,9247.88
1760,17,9126.24
1760,18,9035.49
1760,19,9053.81
1760,20,9062.47
1760,21,9216.35
1760,22,9080.28
1760,23,9079.39
1760,24,9026.46
1760,25,9190.88
1760,26,9161.33
1760,27,9238.76
1760,28,9170.52
1760,29,9110.09
1760,30,9139.16
1760,31,9081.41
1760,32,9119.65
1760,33,9233.85
1760,34,9034.49
1760,35,9076.85
1760,36,9157.96
1760,37,9152.16
1760,38,9005.26
1760,39,9020.38
1760,40,9008.82
1760,41,9150.15
1760,42,9073
1760,43,9161.1
1760,44,9064.49
1760,45,9194.47
1760,46,9179.63
1760,47,9063.06
1760,48,9207.71
1760,49,9129.49
1760,50,9157.93
1760,51,9090
1760,52,9111.63
1760,53,9057.35
1760,54,9120.38
1760,55,9169.38
1760,56,9133.72
1760,57,9154.14
1760,58,9181.78
1760,59,9187.04
1760,60,9133.33
1760,61,9143.83
1760,62,9165.51
1760,63,9094.18
1760,64,9136.49
1760,65,9130.41
1760,66,9113.34
1760,67,9089.77
1760,68,9038.92
1760,69,9013.18
1760,70,9167.91
1760,71,9223.26
1760,72,9136.29
1760,73,8962.99
1760,74,9218.6
1760,75,9161.69
1760,76,9136.34
1760,77,9142.52
1760,78,9034.35
1760,79,9211.94
1760,80,9251.06
1760,81,9190.52
1760,82,9160.27
1760,83,9124.06
1760,84,9198.07
1760,85,9045.99
1760,86,9064.81
1760,87,9242.14
1760,88,9173.46
1760,89,9052.89
1760,90,9140.93
1760,91,9106.85
1760,92,9149.09
1760,93,9195.29
1760,94,9062.44
1760,95,9203.87
1760,96,9056.3
1760,97,9132.17
1760,98,8963.53
1760,99,9190.51
1770,0,9211.23
1770,1,9242.97
1770,2,9032.55
1770,3,9195.77
1770,4,9222.48
1770,5,9049.39
1770,6,9098.64
1770,7,9181.69
1770,8,9080.3
1770,9,9179.02
1770,10,9235.6
1770,11,9187.9
1770,12,9071.7
1770,13,9091.23
1770,14,9199.72
1770,15,9225.44
1770,16,9247.58
1770,17,9125.94
1770,18,9035.19
1770,19,9053.51
1770,20,9062.17
1770,21,9216.05
1770,22,9079.98
1770,23,9079.09
1770,24,9026.16
1770,25,9190.58
1770,26,9161.03
1770,27,9238.46
1770,28,9170.22
1770,29,9109.79
1770,30,9137.7
1770,31,9081.11
1770,32,9119.35
1770,33,9233.55
1770,34,9034.19
1770,35,9076.49
1770,36,9157.66
1770,37,9151.8
1770,38,9004.96
1770,39,9020.08
1770,40,9008.52
1770,41,9149.85
1770,42,9072.7
1770,43,9160.8
1770,44,9064.19
1770,45,9194.17
1770,46,9179.33
1770,47,9062.76
1770,48,9207.41
1770,49,9129.19
1770,50,9157.63
1770,51,9089.63
1770,52,9111.33
1770,53,9057.05
1770,54,9120.08
1770,55,9169.08
1770,56,9133.42
1770,57,9153.84
1770,58,9181.48
1770,59,9186.74
1770,60,9133.03
1770,61,9143.53
1770,62,9165.21
1770,63,9093.88
1770,64,9136.19
1770,65,9130.11
1770,66,9113.04
1770,67,9089.47
1770,68,9038.62
1770,69,9012.88
1770,70,9167.61
1770,71,9222.96
1770,72,9135.99
1770,73,8962.69
1770,74,9218.3
1770,75,9161.39
1770,76,9136.04
1770,77,9142.22
1770,78,9034.05
1770,79,9211.64
1770,80,9250.76
1770,81,9190.22
1770,82,9159.97
1770,83,9123.76
1770,84,9197.77
1770,85,9045.69
1770,86,9064.51
1770,87,9241.84
1770,88,9173.16
1770,89,9052.59
1770,90,9140.63
1770,91,9106.55
1770,92,9148.79
1770,93,9194.99
1770,94,9062.14
1770,95,9203.57
1770,96,9056
1770,97,9131.87
1770,98,8963.23
1770,99,9190.21
1780,0,9196.55
1780,1,9227.31
1780,2,9014.37
1780,3,9178.91
1780,4,9200.86
1780,5,9031.85
1780,6,9080.56
1780,7,9161.48
1780,8,9058.08
1780,9,9163.83
1780,10,9219.76
1780,11,9170
1780,12,9054.81
1780,13,9073.77
1780,14,9181.55
1780,15,9205.41
1780,16,9229.06
1780,17,9107.52
1780,18,9012.14
1780,19,9033.98
1780,20,9039.25
1780,21,9199.99
1780,22,9060.61
1780,23,9060.31
1780,24,9006.78
1780,25,9171.41
1780,26,9139.76
1780,27,9218.12
1780,28,9154.48
1780,29,9091.59
1780,30,9122.25
1780,31,9060.9
1780,32,9102.58
1780,33,9211.93
1780,34,9014.26
1780,35,9058.94
1780,36,9139.58
1780,37,9132.93
1780,38,8984.64
1780,39,9002.17
1780,40,8989.13
1780,41,9134.44
1780,42,9052.37
1780,43,9146.94
1780,44,9048.24
1780,45,9180.45
1780,46,9163.08
1780,47,9045.12
1780,48,9190.97
1780,49,9110.26
1780,50,9141.7
1780,51,9072.77
1780,52,9094.97
1780,53,9037.9
1780,54,9095.12
1780,55,9153.1
1780,56,9116.68
1780,57,9137.95
1780,58,9161.79
1780,59,9170.67
1780,60,9119.03
1780,61,9124.31
1780,62,9145.78
1780,63,9074.08
1780,64,9117.66
1780,65,9114.14
1780,66,9094.61
1780,67,9071.97
1780,68,9021.3
1780,69,8995.22
1780,70,9151.78
1780,71,9206.14
1780,72,9116.67
1780,73,8942.66
1780,74,9199.65
1780,75,9146.64
1780,76,9113
1780,77,9124.51
1780,78,9010.85
1780,79,9192.09
1780,80,9236.93
1780,81,9170.5
1780,82,9141.64
1780,83,9107.05
1780,84,9181.8
1780,85,9023.09
1780,86,9042.42
1780,87,9225.99
1780,88,9156.42
1780,89,9034.02
1780,90,9124.45
1780,91,9090.33
1780,92,9126.84
1780,93,9179.77
1780,94,9043.39
1780,95,9186.83
1780,96,9037.97
1780,97,9109.74
1780,98,8942.54
1780,99,9173.84
1790,0,9196.25
1790,1,9227.01
1790,2,9014.07
1790,3,9178.61
1790,4,9200.56
1790,5,9031.55
1790,6,9080.26
1790,7,9161.18
1790,8,9057.78
1790,9,9163.53
1790,10,9219.46
1790,11,9169.7
1790,12,9054.51
1790,13,9073.47
1790,14,9181.25
1790,15,9205.11
1790,16,9228.76
1790,17,9107.22
1790,18,9011.84
1790,19,9033.68
1790,20,9038.95
1790,21,9199.69
1790,22,9060.31
1790,23,9060.01
1790,24,9006.48
1790,25,9171.11
1790,26,9139.46
1790,27,9217.82
1790,28,9154.18
1790,29,9091.29
1790,30,9121.95
1790,31,9060.6
1790,32,9102.28
1790,33,9211.63
1790,34,9013.96
1790,35,9058.64
1790,36,9139.28
1790,37,9132.63
1790,38,8984.34
1790,39,9001.87
1790,40,8988.83
1790,41,9134.14
1790,42,9052.07
1790,43,9146.64
1790,44,9047.94
1790,45,9180.15
1790,46,9162.78
1790,47,9044.82
1790,48,9190.67
1790,49,9109.96
1790,50,9141.4
1790,51,9072.47
1790,52,9094.67
1790,53,9037.6
1790,54,9094.82
1790,55,9152.8
1790,56,9116.38
1790,57,9137.65
1790,58,9161.49
1790,59,9170.37
1790,60,9118.73
1790,61,9124.01
1790,62,9145.48
1790,63,9073.78
1790,64,9117.36
1790,65,9113.84
1790,66,9094.31
1790,67,9071.67
1790,68,9021
1790,69,8994.92
1790,70,9151.48
1790,71,9205.84
1790,72,9116.37
1790,73,8942.36
1790,74,9199.35
1790,75,9146.34
1790,76,9112.7
1790,77,9124.21
1790,78,9010.55
1790,79,9191.79
1790,80,9236.63
1790,81,9170.2
1790,82,9141.34
1790,83,9106.75
1790,84,9181.5
1790,85,9022.79
1790,86,9042.12
1790,87,9225.69
1790,88,9156.12
1790,89,9033.72
1790,90,9124.15
1790,91,9090.03
1790,92,9126.54
1790,93,9179.47
1790,94,9043.09
1790,95,9186.53
1790,96,9037.67
1790,97,9109.44
1790,98,8942.24
1790,99,9173.54
1800,0,9195.95
1800,1,9226.71
1800,2,9013.77
1800,3,9178.31
1800,4,9200.26
1800,5,9031.25
1800,6,9079.96
1800,7,9160.88
1800,8,9057.48
1800,9,9163.23
1800,10,9219.16
1800,11,9169.4
1800,12,9054.21
1800,13,9073.17
1800,14,9180.95
1800,15,9204.81
1800,16,9228.46
1800,17,9106.92
1800,18,9011.54
1800,19,9033.38
1800,20,9038.65
1800,21,9199.39
1800,22,9060.01
1800,23,9059.71
1800,24,9006.18
1800,25,9170.81
1800,26,9139.16
1800,27,9217.52
1800,28,9153.88
1800,29,9090.99
1800,30,9121.65
1800,31,9060.3
1800,32,9101.98
1800,33,9211.33
1800,34,9013.66
1800,35,9058.34
1800,36,9138.98
1800,37,9132.33
1800,38,8984.04
1800,39,9001.57
1800,40,8988.53
1800,41,9133.84
1800,42,9051.77
1800,43,9146.34
1800,44,9047.64
1800,45,9179.85
1800,46,9162.48
1800,47,9044.52
1800,48,9190.37
1800,49,9109.66
1800,50,9141.1
1800,51,9072.17
1800,52,9094.37
1800,53,9037.3
1800,54,9094.52
1800,55,9152.5
1800,56,9116.08
1800,57,9137.35
1800,58,9161.19
1800,59,9170.07
1800,60,9118.43
1800,61,9123.71
1800,62,9145.18
1800,63,9073.48
1800,64,9117.06
1800,65,9113.54
1800,66,9094.01
1800,67,9071.37
1800,68,9020.7
1800,69,8994.62
1800,70,9151.18
1800,71,9205.54
1800,72,9116.07
1800,73,8942.06
1800,74,9199.05
1800,75,9146.04
1800,76,9112.4
1800,77,9123.91
1800,78,9010.25
1800,79,9191.49
1800,80,9236.33
1800,81,9169.9
1800,82,9141.04
1800,83,9106.45
1800,84,9181.2
1800,85,9022.49
1800,86,9041.82
1800,87,9225.39
1800,88,9155.82
1800,89,9033.42
1800,90,9123.85
1800,91,9089.73
1800,92,9126.24
1800,93,9179.17
1800,94,9042.79
1800,95,9186.23
1800,96,9037.37
1800,97,9109.14
1800,98,8941.94
1800,99,9173.24
1810,0,9180.41
1810,1,9212.91
1810,2,8996.84
1810,3,9163.26
1810,4,9184.32
1810,5,9015.61
1810,6,9061.84
1810,7,9146.45
1810,8,9040.94
1810,9,9150.21
1810,10,9204.66
1810,11,9154.47
1810,12,9036.42
1810,13,9055.77
1810,14,9164
1810,15,9189.88
1810,16,9212.86
1810,17,9088.78
1810,18,8994.38
1810,19,9018.49
1810,20,9022.4
1810,21,9185.24
1810,22,9042.98
1810,23,9040.8
1810,24,8988.49
1810,25,9152.91
1810,26,9122.04
1810,27,9200.32
1810,28,9137.82
1810,29,9073.03
1810,30,9106.61
1810,31,9044.56
1810,32,9085.56
1810,33,9196.84
1810,34,8995.25
1810,35,9040.09
1810,36,9122.91
1810,37,9117.18
1810,38,8967.93
1810,39,8984.22
1810,40,8969
1810,41,9118.35
1810,42,9033.31
1810,43,9132.61
1810,44,9031.35
1810,45,9166.93
1810,46,9144.73
1810,47,9029.85
1810,48,9174.96
1810,49,9093.8
1810,50,9122.88
1810,51,9056.59
1810,52,9078.72
1810,53,9018.79
1810,54,9074.57
1810,55,9138.97
1810,56,9101.02
1810,57,9121.75
1810,58,9144.73
1810,59,9153.66
1810,60,9101.79
1810,61,9110.57
1810,62,9130.46
1810,63,9054.35
1810,64,9103.81
1810,65,9096.69
1810,66,9077.94
1810,67,9055.06
1810,68,9004.81
1810,69,8976.56
1810,70,9137.46
1810,71,9190.7
1810,72,9098.39
1810,73,8926.33
1810,74,9180.48
1810,75,9130.86
1810,76,9093.23
1810,77,9108.85
1810,78,8992.38
1810,79,9176.48
1810,80,9222.68
1810,81,9148.57
1810,82,9124.77
1810,83,9090.3
1810,84,9165.66
1810,85,9000.13
1810,86,9025.18
1810,87,9210.58
1810,88,9142.26
1810,89,9015.77
1810,90,9107.2
1810,91,9074.04
1810,92,9110.92
1810,93,9165.36
1810,94,9025.67
1810,95,9171.39
1810,96,9018.26
1810,97,9093.32
1810,98,8925.6
1810,99,9157.57
1820,0,9180.11
1820,1,9212.61
1820,2,8996.54
1820,3,9162.96
1820,4,9184.02
1820,5,9015.31
1820,6,9061.54
1820,7,9146.15
1820,8,9040.64
1820,9,9149.91
1820,10,9204.36
1820,11,9154.17
1820,12,9036.12
1820,13,9055.47
1820,14,9163.7
1820,15,9189.58
1820,16,9212.56
1820,17,9088.48
1820,18,8994.08
1820,19,9018.19
1820,20,9022.1
1820,21,9184.94
1820,22,9042.68
1820,23,9040.5
1820,24,8988.19
1820,25,9152.61
1820,26,9121.74
1820,27,9200.02
1820,28,9137.52
1820,29,9072.73
1820,30,9106.31
1820,31,9044.26
1820,32,9085.26
1820,33,9196.54
1820,34,8994.95
1820,35,9039.79
1820,36,9122.61
1820,37,9116.88
1820,38,8967.63
1820,39,8983.92
1820,40,8968.7
1820,41,9118.05
1820,42,9033.01
1820,43,9132.31
1820,44,9031.05
1820,45,9166.63
1820,46,9144.43
1820,47,9029.55
1820,48,9174.66
1820,49,9093.5
1820,50,9122.58
1820,51,9056.29
1820,52,9078.42
1820,53,9018.49
1820,54,9074.27
1820,55,9138.67
1820,56,9100.72
1820,57,9121.45
1820,58,9144.43
1820,59,9153.36
1820,60,9101.49
1820,61,9110.27
1820,62,9130.16
1820,63,9054.05
1820,64,9103.51
1820,65,9096.39
1820,66,9077.64
1820,67,9054.76
1820,68,9004.51
1820,69,8976.26
1820,70,9137.16
1820,71,9190.4
1820,72,9098.09
1820,73,8926.03
1820,74,9180.18
1820,75,9130.56
1820,76,9092.93
1820,77,9108.55
1820,78,8992.08
1820,79,9176.18
1820,80,9222.38
1820,81,9148.27
1820,82,9124.47
1820,83,9090
1820,84,9165.36
1820,85,8999.83
1820,86,9024.88
1820,87,9210.28
1820,88,9141.96
1820,89,9015.47
1820,90,9106.9
1820,91,9073.74
1820,92,9110.62
1820,93,9165.06
1820,94,9025.37
1820,95,9171.09
1820,96,9017.96
1820,97,9093.02
1820,98,8925.3
1820,99,9157.27
1830,0,9179.81
1830,1,9212.31
1830,2,8996.24
1830,3,9162.66
1830,4,9183.72
1830,5,9015.01
1830,6,9061.24
1830,7,9145.85
1830,8,9040.34
1830,9,9149.61
1830,10,9204.06
1830,11,9153.87
1830,12,9035.82
1830,13,9055.17
1830,14,9163.4
1830,15,9189.28
1830,16,9212.26
1830,17,9088.18
1830,18,8993.78
1830,19,9017.89
1830,20,9021.8
1830,21,9184.64
1830,22,9042.38
1830,23,9040.2
1830,24,8987.89
1830,25,9152.31
1830,26,9121.44
1830,27,9199.72
1830,28,9137.22
1830,29,9072.43
1830,30,9106.01
1830,31,9043.96
1830,32,9084.96
1830,33,9196.24
1830,34,8994.65
1830,35,9039.49
1830,36,9122.31
1830,37,9116.58
1830,38,8967.33
1830,39,8983.62
1830,40,8968.4
1830,41,9117.75
1830,42,9032.71
1830,43,9132.01
1830,44,9030.75
1830,45,9166.33
1830,46,9144.13
1830,47,9029.25
1830,48,9174.36
1830,49,9093.2
1830,50,9122.28
1830,51,9055.99
1830,52,9078.12
1830,53,9018.19
1830,54,9073.97
1830,55,9138.37
1830,56,9100.42
1830,57,9121.15
1830,58,9144.13
1830,59,9153.06
1830,60,9101.19
1830,61,9109.97
1830,62,9129.86
1830,63,9053.75
1830,64,9103.21
1830,65,9096.09
1830,66,9077.34
1830,67,9054.46
1830,68,9004.21
1830,69,8975.96
1830,70,9136.86
1830,71,9190.1
1830,72,9097.79
1830,73,8925.73
1830,74,9179.88
1830,75,9130.26
1830,76,9092.63
1830,77,9108.25
1830,78,8991.78
1830,79,9175.88
1830,80,9222.08
1830,81,9147.97
1830,82,9124.17
1830,83,9089.7
1830,84,9165.06
1830,85,8999.53
1830,86,9024.58
1830,87,9209.98
1830,88,9141.66
1830,89,9015.17
1830,90,9106.6
1830,91,9073.44
1830,92,9110.32
1830,93,9164.76
1830,94,9025.07
1830,95,9170.79
1830,96,9017.66
1830,97,9092.72
1830,98,8925
1830,99,9156.97
1840,0,9163.32
1840,1,9198
1840,2,8978.47
1840,3,9148.34
1840,4,9165.9
1840,5,8998.54
1840,6,9040.9
1840,7,9132.09
1840,8,9021.42
1840,9,9135.56
1840,10,9188.65
1840,11,9138.61
1840,12,9020.61
1840,13,9037.03
1840,14,9144.29
1840,15,9174.11
1840,16,9197.62
1840,17,9069.24
1840,18,8977.67
1840,19,8997.07
1840,20,9004.87
1840,21,9167.63
1840,22,9024.38
1840,23,9020.96
1840,24,8970.97
1840,25,9134.05
1840,26,9103.82
1840,27,9185.16
1840,28,9119.37
1840,29,9055.91
1840,30,9088.94
1840,31,9027.79
1840,32,9065.2
1840,33,9178.96
1840,34,8975.2
1840,35,9022.07
1840,36,9107.86
1840,37,9101.29
1840,38,8947.08
1840,39,8966.18
1840,40,8947.9
1840,41,9100.51
1840,42,9015.39
1840,43,9115.81
1840,44,9016.06
1840,45,9149.33
1840,46,9127.91
1840,47,9013.48
1840,48,9159.48
1840,49,9074.18
1840,50,9107.05
1840,51,9037.09
1840,52,9063.98
1840,53,8999.92
1840,54,9057.88
1840,55,9122.44
1840,56,9081.87
1840,57,9103.89
1840,58,9131.08
1840,59,9137.66
1840,60,9086.03
1840,61,9093.79
1840,62,9114.36
1840,63,9037.76
1840,64,9087.74
1840,65,9081.93
1840,66,9062.41
1840,67,9038.62
1840,68,8988.1
1840,69,8959.42
1840,70,9123.29
1840,71,9176.03
1840,72,9078.9
1840,73,8906.72
1840,74,9163.8
1840,75,9116.11
1840,76,9073.23
1840,77,9089.77
1840,78,8972.06
1840,79,9158.19
1840,80,9204.94
1840,81,9132.46
1840,82,9104.97
1840,83,9075.23
1840,84,9151.74
1840,85,8981.47
1840,86,9006.24
1840,87,9192.33
1840,88,9127.86
1840,89,8998.37
1840,90,9092.2
1840,91,9056.3
1840,92,9091.47
1840,93,9152.16
1840,94,9008.68
1840,95,9154.14
1840,96,8997.74
1840,97,9076.44
1840,98,8906.82
1840,99,9142.51
1850,0,9163.02
1850,1,9197.7
1850,2,8978.17
1850,3,9148.04
1850,4,9165.6
1850,5,8998.24
1850,6,9040.6
1850,7,9131.79
1850,8,9021.12
1850,9,9135.26
1850,10,9188.35
1850,11,9138.31
1850,12,9020.31
1850,13,9036.73
1850,14,9143.99
1850,15,9173.81
1850,16,9197.32
1850,17,9068.94
1850,18,8977.37
1850,19,8996.78
1850,20,9004.57
1850,21,9167.33
1850,22,9024.08
1850,23,9020.66
1850,24,8970.67
1850,25,9133.75
1850,26,9103.52
1850,27,9184.86
1850,28,9119.07
1850,29,9055.61
1850,30,9088.64
1850,31,9027.49
1850,32,9064.9
1850,33,9178.66
1850,34,8974.9
1850,35,9021.77
1850,36,9107.56
1850,37,9100.99
1850,38,8946.78
1850,39,8965.88
1850,40,8947.6
1850,41,9100.21
1850,42,9015.09
1850,43,9115.51
1850,44,9015.76
1850,45,9149.03
1850,46,9127.61
1850,47,9013.18
1850,48,9159.18
1850,49,9073.88
1850,50,9106.75
1850,51,9036.79
1850,52,9063.68
1850,53,8999.62
1850,54,9057.58
1850,55,9122.14
1850,56,9081.57
1850,57,9103.59
1850,58,9130.78
1850,59,9137.36
1850,60,9085.73
1850,61,9093.49
1850,62,9114.06
1850,63,9037.46
1850,64,9087.44
1850,65,9081.63
1850,66,9062.11
1850,67,9038.32
1850,68,8987.8
1850,69,8959.12
1850,70,9122.99
1850,71,9175.73
1850,72,9078.6
1850,73,8906.42
1850,74,9163.5
1850,75,9115.81
1850,76,9072.93
1850,77,9089.47
1850,78,8971.76
1850,79,9157.89
1850,80,9204.64
1850,81,9132.16
1850,82,9104.67
1850,83,9074.93
1850,84,9151.44
1850,85,8981.17
1850,86,9005.94
1850,87,9192.03
1850,88,9127.56
1850,89,8998.07
1850,90,9091.9
1850,91,9056
1850,92,9091.17
1850,93,9151.86
1850,94,9008.38
1850,95,9153.84
1850,96,8997.44
1850,97,9076.14
1850,98,8906.52
1850,99,9142.21
1860,0,9162.72
1860,1,9197.4
1860,2,8977.87
1860,3,9147.74
1860,4,9165.3
1860,5,8997.94
1860,6,9040.3
1860,7,9131.49
1860,8,9020.82
1860,9,9134.96
1860,10,9188.05
1860,11,9138.01
1860,12,9020.01
1860,13,9036.43
1860,14,9143.69
1860,15,9173.51
1860,16,9197.02
1860,17,9068.64
1860,18,8977.07
1860,19,8996.48
1860,20,9004.27
1860,21,9167.03
1860,22,9023.78
1860,23,9020.36
1860,24,8970.37
1860,25,9133.45
1860,26,9103.22
1860,27,9184.56
1860,28,9118.77
1860,29,9055.31
1860,30,9088.34
1860,31,9027.19
1860,32,9064.6
1860,33,9178.36
1860,34,8974.6
1860,35,9021.47
1860,36,9107.26
1860,37,9100.69
1860,38,8946.48
1860,39,8965.58
1860,40,8947.3
1860,41,9099.91
1860,42,9014.79
1860,43,9115.21
1860,44,9015.46
1860,45,9148.73
1860,46,9127.31
1860,47,9012.88
1860,48,9158.88
1860,49,9073.58
1860,50,9106.45
1860,51,9036.49
1860,52,9063.38
1860,53,8999.32
1860,54,9057.28
1860,55,9121.84
1860,56,9081.27
1860,57,9103.29
1860,58,9130.48
1860,59,9137.06
1860,60,9085.43
1860,61,9093.19
1860,62,9113.76
1860,63,9037.16
1860,64,9087.14
1860,65,9081.33
1860,66,9061.81
1860,67,9038.02
1860,68,8987.5
1860,69,8958.82
1860,70,9122.69
1860,71,9175.43
1860,72,9078.3
1860,73,8906.12
1860,74,9163.2
1860,75,9115.51
1860,76,9072.63
1860,77,9089.17
1860,78,8971.46
1860,79,9157.59
1860,80,9204.34
1860,81,9131.86
1860,82,9104.37
1860,83,9074.63
1860,84,9151.14
1860,85,8980.87
1860,86,9005.64
1860,87,9191.73
1860,88,9127.26
1860,89,8997.77
1860,90,9091.6
1860,91,9055.7
1860,92,9090.87
1860,93,9151.56
1860,94,9008.08
1860,95,9153.54
1860,96,8997.14
1860,97,9075.84
1860,98,8906.22
1860,99,9141.91
1870,0,9147.26
1870,1,9181.82
1870,2,8957.1
1870,3,9131.92
1870,4,9145.69
1870,5,8978.15
1870,6,9022.79
1870,7,9116.5
1870,8,9000.26
1870,9,9119.25
1870,10,9171.73
1870,11,9122.21
1870,12,9000.24
1870,13,9020.27
1870,14,9125.13
1870,15,9154.74
1870,16,9180.83
1870,17,9047.6
1870,18,8955.17
1870,19,8975.67
1870,20,8983
1870,21,9148.16
1870,22,9002.39
1870,23,9000.52
1870,24,8951.29
1870,25,9113.87
1870,26,9083.78
1870,27,9164.32
1870,28,9102.04
1870,29,9033.85
1870,30,9069.41
1870,31,9007.73
1870,32,9047.16
1870,33,9160.7
1870,34,8956.09
1870,35,9003.47
1870,36,9091.38
1870,37,9082.79
1870,38,8926.15
1870,39,8946.74
1870,40,8927.81
1870,41,9084.36
1870,42,8993.73
1870,43,9096.04
1870,44,8997.99
1870,45,9131.24
1870,46,9109.57
1870,47,8996.34
1870,48,9142.17
1870,49,9052.85
1870,50,9088.9
1870,51,9020.19
1870,52,9044.06
1870,53,8977.9
1870,54,9044.39
1870,55,9104.93
1870,56,9061.79
1870,57,9087.13
1870,58,9115.23
1870,59,9120.37
1870,60,9067.59
1870,61,9075.97
1870,62,9096.08
1870,63,9018.68
1870,64,9070.77
1870,65,9066.34
1870,66,9044.83
1870,67,9020.72
1870,68,8970.48
1870,69,8940.77
1870,70,9106.49
1870,71,9158.63
1870,72,9059.75
1870,73,8886.03
1870,74,9146.73
1870,75,9099.71
1870,76,9055.04
1870,77,9070.23
1870,78,8952.93
1870,79,9137.91
1870,80,9186.41
1870,81,9109.18
1870,82,9085.47
1870,83,9058.03
1870,84,9135.06
1870,85,8958.68
1870,86,8985.12
1870,87,9172.9
1870,88,9112.47
1870,89,8980.63
1870,90,9075.09
1870,91,9040.15
1870,92,9073.02
1870,93,9135.52
1870,94,8985.16
1870,95,9134.41
1870,96,8976.15
1870,97,9057.82
1870,98,8885.34
1870,99,9124.37
1880,0,9146.96
1880,1,9181.52
1880,2,8956.81
1880,3,9131.62
1880,4,9145.39
1880,5,8977.85
1880,6,9022.49
1880,7,9116.2
1880,8,8999.97
1880,9,9118.95
1880,10,9171.43
1880,11,9121.91
1880,12,8999.94
1880,13,9019.97
1880,14,9124.83
1880,15,9154.44
1880,16,9180.53
1880,17,9047.33
1880,18,8954.88
1880,19,8975.38
1880,20,8982.71
1880,21,9147.86
1880,22,9002.1
1880,23,9000.22
1880,24,8950.99
1880,25,9113.57
1880,26,9083.48
1880,27,9164.02
1880,28,9101.74
1880,29,9033.56
1880,30,9069.11
1880,31,9007.43
1880,32,9046.86
1880,33,9160.4
1880,34,8955.79
1880,35,9003.17
1880,36,9091.08
1880,37,9082.49
1880,38,8925.88
1880,39,8946.44
1880,40,8927.51
1880,41,9084.06
1880,42,8993.43
1880,43,9095.74
1880,44,8997.69
1880,45,9130.94
1880,46,9109.27
1880,47,8996.04
1880,48,9141.87
1880,49,9052.55
1880,50,9088.6
1880,51,9019.89
1880,52,9043.76
1880,53,8977.61
1880,54,9044.09
1880,55,9104.63
1880,56,9061.49
1880,57,9086.83
1880,58,9114.93
1880,59,9120.07
1880,60,9067.29
1880,61,9075.67
1880,62,9095.78
1880,63,9018.39
1880,64,9070.47
1880,65,9066.04
1880,66,9044.53
1880,67,9020.42
1880,68,8970.18
1880,69,8940.47
1880,70,9106.19
1880,71,9158.33
1880,72,9059.45
1880,73,8885.73
1880,74,9146.43
1880,75,9099.41
1880,76,9054.74
1880,77,9069.93
1880,78,8952.64
1880,79,9137.61
1880,80,9186.11
1880,81,9108.88
1880,82,9085.18
1880,83,9057.73
1880,84,9134.76
1880,85,8958.38
1880,86,8984.82
1880,87,9172.6
1880,88,9112.17
1880,89,8980.33
1880,90,9074.79
1880,91,9039.85
1880,92,9072.72
1880,93,9135.22
1880,94,8984.87
1880,95,9134.11
1880,96,8975.85
1880,97,9057.52
1880,98,8885.04
1880,99,9124.07
1890,0,9146.66
1890,1,9181.22
1890,2,8956.51
1890,3,9131.32
1890,4,9145.09
1890,5,8977.55
1890,6,9022.19
1890,7,9115.9
1890,8,8999.67
1890,9,9118.65
1890,10,9171.13
1890,11,9121.61
1890,12,8999.64
1890,13,9019.67
1890,14,9124.53
1890,15,9154.14
1890,16,9180.23
1890,17,9047.03
1890,18,8954.58
1890,19,8975.08
1890,20,8982.41
1890,21,9147.56
1890,22,9001.8
1890,23,8999.92
1890,24,8950.69
1890,25,9113.27
1890,26,9083.18
1890,27,9163.72
1890,28,9101.44
1890,29,9033.26
1890,30,9068.81
1890,31,9007.13
1890,32,9046.56
1890,33,9160.1
1890,34,8955.49
1890,35,9002.87
1890,36,9090.78
1890,37,9082.19
1890,38,8925.58
1890,39,8946.14
1890,40,8927.21
1890,41,9083.76
1890,42,8993.13
1890,43,9095.44
1890,44,8997.39
1890,45,9130.64
1890,46,9108.97
1890,47,8995.74
1890,48,9141.57
1890,49,9052.25
1890,50,9088.3
1890,51,9019.59
1890,52,9043.46
1890,53,8977.31
1890,54,9043.79
1890,55,9104.33
1890,56,9061.19
1890,57,9086.53
1890,58,9114.63
1890,59,9119.77
1890,60,9066.99
1890,61,9075.37
1890,62,9095.48
1890,63,9018.09
1890,64,9070.17
1890,65,9065.74
1890,66,9044.23
1890,67,9020.12
1890,68,8969.88
1890,69,8940.17
1890,70,9105.89
1890,71,9158.03
1890,72,9059.15
1890,73,8885.43
1890,74,9146.13
1890,75,9099.11
1890,76,9054.44
1890,77,9069.63
1890,78,8952.34
1890,79,9137.31
1890,80,9185.81
1890,81,9108.58
1890,82,9084.88
1890,83,9057.43
1890,84,9134.46
1890,85,8958.08
1890,86,8984.52
1890,87,9172.3
1890,88,9111.87
1890,89,8980.03
1890,90,9074.49
1890,91,9039.55
1890,92,9072.42
1890,93,9134.92
1890,94,8984.57
1890,95,9133.81
1890,96,8975.55
1890,97,9057.22
1890,98,8884.74
1890,99,9123.77
1900,0,9132.84
1900,1,9163.74
1900,2,8933.72
1900,3,9112.35
1900,4,9124.57
1900,5,8956.52
1900,6,9000.98
1900,7,9100.42
1900,8,8978.48
1900,9,9103
1900,10,9155.96
1900,11,9105.54
1900,12,8980.46
1900,13,9001.66
1900,14,9108.04
1900,15,9134.64
1900,16,9162.54
1900,17,9025.02
1900,18,8933.95
1900,19,8956.74
1900,20,8962.6
1900,21,9128.28
1900,22,8979.04
1900,23,8980.58
1900,24,8931.09
1900,25,9095.25
1900,26,9061.36
1900,27,9142.19
1900,28,9084.18
1900,29,9009.74
1900,30,9050.51
1900,31,8986.6
1900,32,9023.25
1900,33,9136.48
1900,34,8931.59
1900,35,8978.37
1900,36,9073.21
1900,37,9063.64
1900,38,8906.32
1900,39,8926.95
1900,40,8901.01
1900,41,9065.69
1900,42,8971.43
1900,43,9080.88
1900,44,8977.97
1900,45,9117.68
1900,46,9091.29
1900,47,8975.05
1900,48,9126.33
1900,49,9031.9
1900,50,9070.89
1900,51,9001.98
1900,52,9023.72
1900,53,8953.55
1900,54,9023.55
1900,55,9087.88
1900,56,9040.44
1900,57,9067.37
1900,58,9095.9
1900,59,9099.62
1900,60,9042.44
1900,61,9056.99
1900,62,9076.48
1900,63,8996.4
1900,64,9052.69
1900,65,9048.02
1900,66,9021.83
1900,67,9003.9
1900,68,8952.09
1900,69,8919.86
1900,70,9088.55
1900,71,9137.9
1900,72,9035.09
1900,73,8862.96
1900,74,9130.48
1900,75,9082.46
1900,76,9032.69
1900,77,9048.6
1900,78,8930.18
1900,79,9116.51
1900,80,9170.66
1900,81,9084.27
1900,82,9064.05
1900,83,9038.89
1900,84,9116.59
1900,85,8936.05
1900,86,8965.5
1900,87,9158.03
1900,88,9095.03
1900,89,8957.38
1900,90,9061.1
1900,91,9022.2
1900,92,9050.98
1900,93,9116.38
1900,94,8962.38
1900,95,9115.18
1900,96,8954.08
1900,97,9038.36
1900,98,8863.74
1900,99,9103.44
1910,0,9132.54
1910,1,9163.46
1910,2,8933.48
1910,3,9112.1
1910,4,9124.33
1910,5,8956.24
1910,6,9000.74
1910,7,9100.15
1910,8,8978.25
1910,9,9102.74
1910,10,9155.68
1910,11,9105.25
1910,12,8980.2
1910,13,9001.39
1910,14,9107.74
1910,15,9134.4
1910,16,9162.27
1910,17,9024.79
1910,18,8933.72
1910,19,8956.47
1910,20,8962.36
1910,21,9128.03
1910,22,8978.81
1910,23,8973.89
1910,24,8930.8
1910,25,9094.99
1910,26,9061.13
1910,27,9141.93
1910,28,9083.89
1910,29,9009.51
1910,30,9050.24
1910,31,8986.36
1910,32,9023.01
1910,33,9136.21
1910,34,8931.37
1910,35,8978.14
1910,36,9072.91
1910,37,9063.39
1910,38,8906.06
1910,39,8926.7
1910,40,8900.8
1910,41,9065.4
1910,42,8971.15
1910,43,9080.58
1910,44,8977.72
1910,45,9117.38
1910,46,9090.99
1910,47,8974.79
1910,48,9126.03
1910,49,9031.64
1910,50,9070.59
1910,51,9001.69
1910,52,9023.47
1910,53,8953.31
1910,54,9023.28
1910,55,9087.63
1910,56,9040.17
1910,57,9067.1
1910,58,9095.63
1910,59,9099.35
1910,60,9042.17
1910,61,9056.69
1910,62,9076.24
1910,63,8996.17
1910,64,9052.44
1910,65,9047.74
1910,66,9021.59
1910,67,9003.6
1910,68,8951.8
1910,69,8919.59
1910,70,9088.29
1910,71,9137.63
1910,72,9034.86
1910,73,8862.69
1910,74,9130.19
1910,75,9082.17
1910,76,9032.43
1910,77,9048.35
1910,78,8929.95
1910,79,9116.28
1910,80,9170.38
1910,81,9084
1910,82,9063.81
1910,83,9038.64
1910,84,9116.35
1910,85,8935.79
1910,86,8965.26
1910,87,9157.73
1910,88,9094.76
1910,89,8957.12
1910,90,9060.8
1910,91,9021.9
1910,92,9050.73
1910,93,9116.11
1910,94,8962.15
1910,95,9114.91
1910,96,8953.83
1910,97,9038.11
1910,98,8863.45
1910,99,9103.18
1920,0,9132.24
1920,1,9163.16
1920,2,8933.18
1920,3,9111.8
1920,4,9124.03
1920,5,8955.94
1920,6,9000.44
1920,7,9099.85
1920,8,8977.95
1920,9,9102.44
1920,10,9155.38
1920,11,9104.95
1920,12,8979.9
1920,13,9001.09
1920,14,9107.44
1920,15,9134.1
1920,16,9161.97
1920,17,9024.49
1920,18,8933.42
1920,19,8956.17
1920,20,8962.06
1920,21,9127.73
1920,22,8978.51
1920,23,8973.59
1920,24,8930.5
1920,25,9094.69
1920,26,9060.83
1920,27,9141.63
1920,28,9083.59
1920,29,9009.21
1920,30,9049.94
1920,31,8986.06
1920,32,9022.71
1920,33,9135.91
1920,34,8931.07
1920,35,8977.84
1920,36,9072.61
1920,37,9063.09
1920,38,8905.76
1920,39,8926.4
1920,40,8900.5
1920,41,9065.1
1920,42,8970.85
1920,43,9080.28
1920,44,8977.42
1920,45,9117.08
1920,46,9090.69
1920,47,8974.49
1920,48,9125.73
1920,49,9031.34
1920,50,9070.29
1920,51,9001.39
1920,52,9023.17
1920,53,8953.01
1920,54,9022.98
1920,55,9087.33
1920,56,9039.87
1920,57,9066.8
1920,58,9095.33
1920,59,9099.05
1920,60,9041.87
1920,61,9056.39
1920,62,9075.94
1920,63,8995.87
1920,64,9052.14
1920,65,9047.44
1920,66,9021.29
1920,67,9003.3
1920,68,8951.5
1920,69,8919.29
1920,70,9087.99
1920,71,9137.33
1920,72,9034.56
1920,73,8862.39
1920,74,9129.89
1920,75,9081.87
1920,76,9032.13
1920,77,9048.05
1920,78,8929.65
1920,79,9115.98
1920,80,9170.08
1920,81,9083.7
1920,82,9063.51
1920,83,9038.34
1920,84,9116.05
1920,85,8935.49
1920,86,8964.96
1920,87,9157.43
1920,88,9094.46
1920,89,8956.82
1920,90,9060.5
1920,91,9021.6
1920,92,9050.43
1920,93,9115.81
1920,94,8961.85
1920,95,9114.61
1920,96,8953.53
1920,97,9037.81
1920,98,8863.15
1920,99,9102.88
1930,0,9119.45
1930,1,9149.02
1930,2,8916.67
1930,3,9097.31
1930,4,9106.01
1930,5,8940.45
1930,6,8985.11
1930,7,9087.61
1930,8,8961.56
1930,9,9089.78
1930,10,9144.41
1930,11,9091.67
1930,12,8961.33
1930,13,8985.61
1930,14,9092.23
1930,15,9119.33
1930,16,9147.34
1930,17,9005.73
1930,18,8913.83
1930,19,8940.77
1930,20,8942.03
1930,21,9112.29
1930,22,8962.05
1930,23,8952.94
1930,24,8912.42
1930,25,9076.55
1930,26,9045.47
1930,27,9125.99
1930,28,9067.63
1930,29,8991.83
1930,30,9035.19
1930,31,8969.26
1930,32,9005.44
1930,33,9116.38
1930,34,8911.24
1930,35,8959.7
1930,36,9057.22
1930,37,9045.77
1930,38,8885.24
1930,39,8909.38
1930,40,8879.24
1930,41,9049.29
1930,42,8955.44
1930,43,9064.06
1930,44,8960.37
1930,45,9104.28
1930,46,9073.93
1930,47,8956.32
1930,48,9111.9
1930,49,9013.36
1930,50,9053.69
1930,51,8987.08
1930,52,9009.97
1930,53,8935.03
1930,54,9006.45
1930,55,9071.76
1930,56,9024.59
1930,57,9049.31
1930,58,9079.83
1930,59,9083.87
1930,60,9025.55
1930,61,9046.62
1930,62,9061.76
1930,63,8980.46
1930,64,9037.88
1930,65,9033.57
1930,66,9004.46
1930,67,8988.11
1930,68,8935.55
1930,69,8902.8
1930,70,9073.03
1930,71,9121.73
1930,72,9013.56
1930,73,8843.84
1930,74,9116.92
1930,75,9066.62
1930,76,9015.25
1930,77,9032.18
1930,78,8912.38
1930,79,9101.3
1930,80,9156.17
1930,81,9068.08
1930,82,9044.33
1930,83,9020.7
1930,84,9100.01
1930,85,8918.2
1930,86,8945.7
1930,87,9142.92
1930,88,9080.81
1930,89,8939.98
1930,90,9046.08
1930,91,9006.31
1930,92,9032.02
1930,93,9097.58
1930,94,8941.53
1930,95,9099.93
1930,96,8934.16
1930,97,9022.55
1930,98,8844.05
1930,99,9086.78
1940,0,9119.15
1940,1,9148.72
1940,2,8916.37
1940,3,9097.01
1940,4,9105.71
1940,5,8940.15
1940,6,8984.81
1940,7,9087.31
1940,8,8961.28
1940,9,9089.48
1940,10,9144.11
1940,11,9091.37
1940,12,8961.04
1940,13,8985.31
1940,14,9091.93
1940,15,9119.03
1940,16,9147.04
1940,17,9005.47
1940,18,8913.55
1940,19,8940.47
1940,20,8941.74
1940,21,9111.99
1940,22,8961.75
1940,23,8952.68
1940,24,8912.14
1940,25,9076.25
1940,26,9045.17
1940,27,9125.69
1940,28,9067.33
1940,29,8991.55
1940,30,9034.89
1940,31,8968.97
1940,32,9005.16
1940,33,9116.08
1940,34,8910.98
1940,35,8959.43
1940,36,9056.92
1940,37,9045.47
1940,38,8884.98
1940,39,8909.1
1940,40,8878.98
1940,41,9048.99
1940,42,8955.14
1940,43,9063.76
1940,44,8960.07
1940,45,9103.98
1940,46,9073.63
1940,47,8956.02
1940,48,9111.6
1940,49,9013.06
1940,50,9053.39
1940,51,8986.78
1940,52,9009.67
1940,53,8934.75
1940,54,9006.15
1940,55,9071.46
1940,56,9024.29
1940,57,9049.01
1940,58,9079.53
1940,59,9083.57
1940,60,9025.25
1940,61,9046.32
1940,62,9061.46
1940,63,8980.17
1940,64,9037.58
1940,65,9033.27
1940,66,9004.18
1940,67,8987.81
1940,68,8935.25
1940,69,8902.51
1940,70,9072.73
1940,71,9121.44
1940,72,9013.29
1940,73,8843.57
1940,74,9116.62
1940,75,9066.32
1940,76,9014.95
1940,77,9031.88
1940,78,8912.1
1940,79,9101.01
1940,80,9155.87
1940,81,9067.78
1940,82,9044.05
1940,83,9020.4
1940,84,9099.71
1940,85,8917.9
1940,86,8945.42
1940,87,9142.62
1940,88,9080.51
1940,89,8939.68
1940,90,9045.78
1940,91,9006.01
1940,92,9031.73
1940,93,9097.28
1940,94,8941.25
1940,95,9099.63
1940,96,8933.88
1940,97,9022.26
1940,98,8843.78
1940,99,9086.49
1950,0,9118.85
1950,1,9148.42
1950,2,8916.07
1950,3,9096.71
1950,4,9105.41
1950,5,8939.85
1950,6,8984.51
1950,7,9087.01
1950,8,8960.98
1950,9,9089.18
1950,10,9143.81
1950,11,9091.07
1950,12,8960.74
1950,13,8985.01
1950,14,9091.63
1950,15,9118.73
1950,16,9146.74
1950,17,9005.17
1950,18,8913.25
1950,19,8940.17
1950,20,8941.44
1950,21,9111.69
1950,22,8961.45
1950,23,8952.38
1950,24,8911.84
1950,25,9075.95
1950,26,9044.87
1950,27,9125.39
1950,28,9067.03
1950,29,8991.25
1950,30,9034.59
1950,31,8968.67
1950,32,9004.86
1950,33,9115.78
1950,34,8910.68
1950,35,8959.13
1950,36,9056.62
1950,37,9045.17
1950,38,8884.68
1950,39,8908.8
1950,40,8878.68
1950,41,9048.69
1950,42,8954.84
1950,43,9063.46
1950,44,8959.77
1950,45,9103.68
1950,46,9073.33
1950,47,8955.72
1950,48,9111.3
1950,49,9012.76
1950,50,9053.09
1950,51,8986.48
1950,52,9009.37
1950,53,8934.45
1950,54,9005.85
1950,55,9071.16
1950,56,9023.99
1950,57,9048.71
1950,58,9079.23
1950,59,9083.27
1950,60,9024.95
1950,61,9046.02
1950,62,9061.16
1950,63,8979.87
1950,64,9037.28
1950,65,9032.97
1950,66,9003.88
1950,67,8987.51
1950,68,8934.95
1950,69,8902.21
1950,70,9072.43
1950,71,9121.14
1950,72,9012.99
1950,73,8843.27
1950,74,9116.32
1950,75,9066.02
1950,76,9014.65
1950,77,9031.58
1950,78,8911.8
1950,79,9100.71
1950,80,9155.57
1950,81,9067.48
1950,82,9043.75
1950,83,9020.1
1950,84,9099.41
1950,85,8917.6
1950,86,8945.12
1950,87,9142.32
1950,88,9080.21
1950,89,8939.38
1950,90,9045.48
1950,91,9005.71
1950,92,9031.43
1950,93,9096.98
1950,94,8940.95
1950,95,9099.33
1950,96,8933.58
1950,97,9021.96
1950,98,8843.48
1950,99,9086.19
1960,0,9102.38
1960,1,9132.52
1960,2,8893.72
1960,3,9080.57
1960,4,9086.35
1960,5,8921.72
1960,6,8966.24
1960,7,9072.82
1960,8,8940.3
1960,9,9072.68
1960,10,9122.89
1960,11,9072.42
1960,12,8940.05
1960,13,8967.3
1960,14,9075.93
1960,15,9101.56
1960,16,9129.57
1960,17,8986.09
1960,18,8894.77
1960,19,8918.49
1960,20,8922.32
1960,21,9093
1960,22,8942.33
1960,23,8930.42
1960,24,8891.28
1960,25,9053.16
1960,26,9025.56
1960,27,9107.07
1960,28,9049.95
1960,29,8969.03
1960,30,9015.82
1960,31,8947.72
1960,32,8986.58
1960,33,9094.61
1960,34,8889.8
1960,35,8937.98
1960,36,9040.2
1960,37,9028.56
1960,38,8866.19
1960,39,8889.55
1960,40,8856.19
1960,41,9032.29
1960,42,8935
1960,43,9048.32
1960,44,8941.55
1960,45,9088.85
1960,46,9055.98
1960,47,8936.28
1960,48,9094.33
1960,49,8990.52
1960,50,9035.18
1960,51,8970.32
1960,52,8991.62
1960,53,8913.9
1960,54,8991.04
1960,55,9053.58
1960,56,9005.93
1960,57,9030.91
1960,58,9062.89
1960,59,9065.99
1960,60,9003.75
1960,61,9031.36
1960,62,9042.7
1960,63,8960.81
1960,64,9020.68
1960,65,9014.13
1960,66,8985.76
1960,67,8970.3
1960,68,8916.43
1960,69,8883.06
1960,70,9055.23
1960,71,9102.85
1960,72,8993.65
1960,73,8822.58
1960,74,9099.16
1960,75,9050.31
1960,76,8993.64
1960,77,9014.03
1960,78,8891.11
1960,79,9083.67
1960,80,9140.05
1960,81,9046.69
1960,82,9026.07
1960,83,9001.6
1960,84,9082.29
1960,85,8893.86
1960,86,8924.12
1960,87,9125.15
1960,88,9066.64
1960,89,8919.89
1960,90,9029.97
1960,91,8990
1960,92,9012.54
1960,93,9080.02
1960,94,8917.24
1960,95,9080.49
1960,96,8911.99
1960,97,9002.09
1960,98,8822.54
1960,99,9069.24
1970,0,9102.08
1970,1,9132.22
1970,2,8893.47
1970,3,9080.29
1970,4,9086.07
1970,5,8921.43
1970,6,8965.97
1970,7,9072.52
1970,8,8940.05
1970,9,9072.39
1970,10,9122.59
1970,11,9072.12
1970,12,8939.79
1970,13,8967.02
1970,14,9075.63
1970,15,9101.29
1970,16,9129.27
1970,17,8985.82
1970,18,8894.51
1970,19,8918.25
1970,20,8922.04
1970,21,9092.73
1970,22,8942.05
1970,23,8930.19
1970,24,8891.02
1970,25,9052.88
1970,26,9025.29
1970,27,9106.79
1970,28,9049.67
1970,29,8968.78
1970,30,9015.53
1970,31,8947.47
1970,32,8986.3
1970,33,9094.31
1970,34,8889.56
1970,35,8937.74
1970,36,9039.9
1970,37,9028.28
1970,38,8865.91
1970,39,8889.29
1970,40,8855.96
1970,41,9032.01
1970,42,8934.72
1970,43,9048.02
1970,44,8941.27
1970,45,9088.55
1970,46,9055.7
1970,47,8936.01
1970,48,9094.04
1970,49,8990.26
1970,50,9034.9
1970,51,8970.02
1970,52,8991.34
1970,53,8913.65
1970,54,8990.74
1970,55,9053.29
1970,56,9005.64
1970,57,9030.64
1970,58,9062.59
1970,59,9065.71
1970,60,9003.46
1970,61,9031.06
1970,62,9042.43
1970,63,8960.55
1970,64,9020.4
1970,65,9013.86
1970,66,8985.48
1970,67,8970.02
1970,68,8916.15
1970,69,8882.79
1970,70,9054.95
1970,71,9102.58
1970,72,8993.37
1970,73,8822.32
1970,74,9098.87
1970,75,9050.01
1970,76,8993.36
1970,77,9013.74
1970,78,8890.86
1970,79,9083.4
1970,80,9139.76
1970,81,9046.39
1970,82,9025.79
1970,83,9001.31
1970,84,9082.01
1970,85,8893.58
1970,86,8923.87
1970,87,9124.86
1970,88,9066.34
1970,89,8919.62
1970,90,9029.67
1970,91,8989.7
1970,92,9012.27
1970,93,9079.72
1970,94,8917
1970,95,9080.22
1970,96,8911.74
1970,97,9001.83
1970,98,8822.29
1970,99,9068.95
1980,0,9101.78
1980,1,9131.92
1980,2,8893.17
1980,3,9079.99
1980,4,9085.77
1980,5,8921.13
1980,6,8965.67
1980,7,9072.22
1980,8,8939.75
1980,9,9072.09
1980,10,9122.29
1980,11,9071.82
1980,12,8939.49
1980,13,8966.72
1980,14,9075.33
1980,15,9100.99
1980,16,9128.97
1980,17,8985.52
1980,18,8894.21
1980,19,8917.95
1980,20,8921.74
1980,21,9092.43
1980,22,8941.75
1980,23,8929.89
1980,24,8890.72
1980,25,9052.58
1980,26,9024.99
1980,27,9106.49
1980,28,9049.37
1980,29,8968.48
1980,30,9015.23
1980,31,8947.17
1980,32,8986
1980,33,9094.01
1980,34,8889.26
1980,35,8937.44
1980,36,9039.6
1980,37,9027.98
1980,38,8865.61
1980,39,8888.99
1980,40,8855.66
1980,41,9031.71
1980,42,8934.42
1980,43,9047.72
1980,44,8940.97
1980,45,9088.25
1980,46,9055.4
1980,47,8935.71
1980,48,9093.74
1980,49,8989.96
1980,50,9034.6
1980,51,8969.72
1980,52,8991.04
1980,53,8913.35
1980,54,8990.44
1980,55,9052.99
1980,56,9005.34
1980,57,9030.34
1980,58,9062.29
1980,59,9065.41
1980,60,9003.16
1980,61,9030.76
1980,62,9042.13
1980,63,8960.25
1980,64,9020.1
1980,65,9013.56
1980,66,8985.18
1980,67,8969.72
1980,68,8915.85
1980,69,8882.49
1980,70,9054.65
1980,71,9102.28
1980,72,8993.07
1980,73,8822.02
1980,74,9098.57
1980,75,9049.71
1980,76,8993.06
1980,77,9013.44
1980,78,8890.56
1980,79,9083.1
1980,80,9139.46
1980,81,9046.09
1980,82,9025.49
1980,83,9001.01
1980,84,9081.71
1980,85,8893.28
1980,86,8923.57
1980,87,9124.56
1980,88,9066.04
1980,89,8919.32
1980,90,9029.37
1980,91,8989.4
1980,92,9011.97
1980,93,9079.42
1980,94,8916.7
1980,95,9079.92
1980,96,8911.44
1980,97,9001.53
1980,98,8821.99
1980,99,9068.65
1990,0,9087.19
1990,1,9116.65
1990,2,8873.75
1990,3,9064.41
1990,4,9067.24
1990,5,8903.94
1990,6,8947.62
1990,7,9055.17
1990,8,8919.22
1990,9,9055.9
1990,10,9100.81
1990,11,9056.68
1990,12,8920.63
1990,13,8949.26
1990,14,9059.46
1990,15,9081.32
1990,16,9111.82
1990,17,8966.02
1990,18,8875.88
1990,19,8896.99
1990,20,8902.4
1990,21,9073.96
1990,22,8922.41
1990,23,8908.61
1990,24,8870.97
1990,25,9029.49
1990,26,9005.3
1990,27,9089.95
1990,28,9031.57
1990,29,8947.23
1990,30,8997.97
1990,31,8928.96
1990,32,8967.51
1990,33,9078.52
1990,34,8868.92
1990,35,8916.73
1990,36,9022.78
1990,37,9012.65
1990,38,8847.5
1990,39,8869.35
1990,40,8839.14
1990,41,9016.23
1990,42,8917.66
1990,43,9032.1
1990,44,8925.79
1990,45,9073.37
1990,46,9037.09
1990,47,8918.09
1990,48,9076.65
1990,49,8968.35
1990,50,9016.8
1990,51,8952.78
1990,52,8973.21
1990,53,8892.87
1990,54,8970.6
1990,55,9035
1990,56,8987.4
1990,57,9013.95
1990,58,9042.75
1990,59,9048.27
1990,60,8984.94
1990,61,9018.1
1990,62,9023.37
1990,63,8939.88
1990,64,9004.27
1990,65,8996
1990,66,8967.61
1990,67,8952.84
1990,68,8897.6
1990,69,8863.34
1990,70,9036.64
1990,71,9083.81
1990,72,8973.61
1990,73,8802.04
1990,74,9081.82
1990,75,9033.32
1990,76,8973.42
1990,77,8997.02
1990,78,8869.89
1990,79,9064.35
1990,80,9122.41
1990,81,9018.4
1990,82,9007.76
1990,83,8984.29
1990,84,9064.48
1990,85,8869.75
1990,86,8906.36
1990,87,9107.64
1990,88,9051.11
1990,89,8900.11
1990,90,9012.93
1990,91,8972.82
1990,92,8995.37
1990,93,9057.8
1990,94,8894.04
1990,95,9063.59
1990,96,8890.3
1990,97,8984.33
1990,98,8801.34
1990,99,9051
2000,0,9086.9
2000,1,9116.36
2000,2,8873.49
2000,3,9064.13
2000,4,9066.97
2000,5,8903.65
2000,6,8947.34
2000,7,9054.89
2000,8,8918.98
2000,9,9055.63
2000,10,9100.52
2000,11,9056.38
2000,12,8920.37
2000,13,8948.98
2000,14,9059.18
2000,15,9081.07
2000,16,9111.55
2000,17,8965.77
2000,18,8875.61
2000,19,8896.76
2000,20,8902.13
2000,21,9073.71
2000,22,8922.15
2000,23,8908.37
2000,24,8870.71
2000,25,9029.21
2000,26,9005.05
2000,27,9089.68
2000,28,9031.3
2000,29,8946.99
2000,30,8997.69
2000,31,8928.69
2000,32,8967.25
2000,33,9078.23
2000,34,8868.68
2000,35,8916.48
2000,36,9022.5
2000,37,9012.36
2000,38,8847.23
2000,39,8869.1
2000,40,8833.43
2000,41,9015.95
2000,42,8917.38
2000,43,9031.82
2000,44,8925.5
2000,45,9073.08
2000,46,9036.82
2000,47,8917.81
2000,48,9076.38
2000,49,8968.09
2000,50,9016.53
2000,51,8952.5
2000,52,8972.94
2000,53,8892.62
2000,54,8970.32
2000,55,9034.74
2000,56,8987.12
2000,57,9013.67
2000,58,9042.48
2000,59,9047.99
2000,60,8984.66
2000,61,9017.8
2000,62,9023.12
2000,63,8939.64
2000,64,9004
2000,65,8995.72
2000,66,8967.34
2000,67,8952.56
2000,68,8897.34
2000,69,8863.08
2000,70,9036.38
2000,71,9083.55
2000,72,8973.35
2000,73,8801.79
2000,74,9081.52
2000,75,9033.04
2000,76,8973.13
2000,77,8996.75
2000,78,8869.66
2000,79,9064.11
2000,80,9122.14
2000,81,9018.11
2000,82,9007.49
2000,83,8984.02
2000,84,9064.22
2000,85,8869.48
2000,86,8906.09
2000,87,9107.37
2000,88,9050.83
2000,89,8899.84
2000,90,9012.65
2000,91,8972.53
2000,92,8995.09
2000,93,9057.5
2000,94,8893.81
2000,95,9063.3
2000,96,8890.04
2000,97,8984.05
2000,98,8801.09
2000,99,9050.73
2010,0,9086.6
2010,1,9116.06
2010,2,8873.19
2010,3,9063.83
2010,4,9066.67
2010,5,8903.35
2010,6,8947.04
2010,7,9054.59
2010,8,8918.68
2010,9,9055.33
2010,10,9100.22
2010,11,9056.08
2010,12,8920.07
2010,13,8948.68
2010,14,9058.88
2010,15,9080.77
2010,16,9111.25
2010,17,8965.47
2010,18,8875.31
2010,19,8896.46
2010,20,8901.83
2010,21,9073.41
2010,22,8921.85
2010,23,8908.07
2010,24,8870.41
2010,25,9028.91
2010,26,9004.75
2010,27,9089.38
2010,28,9031
2010,29,8946.69
2010,30,8997.39
2010,31,8928.39
2010,32,8966.95
2010,33,9077.93
2010,34,8868.38
2010,35,8916.18
2010,36,9022.2
2010,37,9012.06
2010,38,8846.93
2010,39,8868.8
2010,40,8833.13
2010,41,9015.65
2010,42,8917.08
2010,43,9031.52
2010,44,8925.2
2010,45,9072.78
2010,46,9036.52
2010,47,8917.51
2010,48,9076.08
2010,49,8967.79
2010,50,9016.23
2010,51,8952.2
2010,52,8972.64
2010,53,8892.32
2010,54,8970.02
2010,55,9034.44
2010,56,8986.82
2010,57,9013.37
2010,58,9042.18
2010,59,9047.69
2010,60,8984.36
2010,61,9017.5
2010,62,9022.82
2010,63,8939.34
2010,64,9003.7
2010,65,8995.42
2010,66,8967.04
2010,67,8952.26
2010,68,8897.04
2010,69,8862.78
2010,70,9036.08
2010,71,9083.25
2010,72,8973.05
2010,73,8801.49
2010,74,9081.22
2010,75,9032.74
2010,76,8972.83
2010,77,8996.45
2010,78,8869.36
2010,79,9063.81
2010,80,9121.84
2010,81,9017.81
2010,82,9007.19
2010,83,8983.72
2010,84,9063.92
2010,85,8869.18
2010,86,8905.79
2010,87,9107.07
2010,88,9050.53
2010,89,8899.54
2010,90,9012.35
2010,91,8972.23
2010,92,8994.79
2010,93,9057.2
2010,94,8893.51
2010,95,9063
2010,96,8889.74
2010,97,8983.75
2010,98,8800.79
2010,99,9050.43
2020,0,9070.37
2020,1,9101.23
2020,2,8856.07
2020,3,9048.97
2020,4,9047.24
2020,5,8884.81
2020,6,8927.37
2020,7,9037.04
2020,8,8899.66
2020,9,9037.76
2020,10,9081.76
2020,11,9040.26
2020,12,8899.42
2020,13,8931.75
2020,14,9043.19
2020,15,9065.17
2020,16,9096.36
2020,17,8945.86
2020,18,8855.35
2020,19,8876.82
2020,20,8882.1
2020,21,9056.34
2020,22,8902.03
2020,23,8889.08
2020,24,8850.13
2020,25,9008.4
2020,26,8985.61
2020,27,9072.44
2020,28,9012.58
2020,29,8926.53
2020,30,8980.99
2020,31,8911.11
2020,32,8947.65
2020,33,9061.1
2020,34,8851.7
2020,35,8898.78
2020,36,9004.61
2020,37,8997.26
2020,38,8831.54
2020,39,8851.17
2020,40,8814.82
2020,41,8999.24
2020,42,8900.7
2020,43,9017.04
2020,44,8907.88
2020,45,9058.21
2020,46,9019.41
2020,47,8898.84
2020,48,9059.73
2020,49,8947.08
2020,50,8999.46
2020,51,8935.32
2020,52,8956.41
2020,53,8873.86
2020,54,8951.12
2020,55,9016.95
2020,56,8969.47
2020,57,8995
2020,58,9022.71
2020,59,9030.11
2020,60,8965.46
2020,61,9005.91
2020,62,9005.61
2020,63,8919.76
2020,64,8986.35
2020,65,8978.02
2020,66,8948.42
2020,67,8936.93
2020,68,8875.13
2020,69,8843.54
2020,70,9018.86
2020,71,9064.77
2020,72,8955.9
2020,73,8782.04
2020,74,9065.57
2020,75,9015.88
2020,76,8956.56
2020,77,8979.01
2020,78,8849.95
2020,79,9048.65
2020,80,9105.29
2020,81,9001.89
2020,82,8989.55
2020,83,8966.59
2020,84,9047.55
2020,85,8849.48
2020,86,8886.09
2020,87,9091.46
2020,88,9034.88
2020,89,8879.91
2020,90,8997.5
2020,91,8955.01
2020,92,8976.06
2020,93,9042.36
2020,94,8872.55
2020,95,9046
2020,96,8871.91
2020,97,8964.9
2020,98,8784.5
2020,99,9032.07
2030,0,9068.08
2030,1,9097.78
2030,2,8846.44
2030,3,9044.78
2030,4,9042.1
2030,5,8881.3
2030,6,8923.02
2030,7,9033.33
2030,8,8894.54
2030,9,9033.63
2030,10,9078.45
2030,11,9037.83
2030,12,8899.19
2030,13,8928.41
2030,14,9041.76
2030,15,9059.95
2030,16,9092.47
2030,17,8940.33
2030,18,8850.24
2030,19,8875.19
2030,20,8877.35
2030,21,9051.99
2030,22,8896.64
2030,23,8882.37
2030,24,8846.74
2030,25,9004.2
2030,26,8980.42
2030,27,9067.92
2030,28,9010.02
2030,29,8921.09
2030,30,8978
2030,31,8906.61
2030,32,8942.37
2030,33,9057.74
2030,34,8840.65
2030,35,8893.21
2030,36,9003.11
2030,37,8993.06
2030,38,8825.11
2030,39,8847.47
2030,40,8808.94
2030,41,8996.55
2030,42,8897.92
2030,43,9015.72
2030,44,8904.09
2030,45,9056
2030,46,9018.5
2030,47,8894.32
2030,48,9058.02
2030,49,8943.04
2030,50,8999.16
2030,51,8932.22
2030,52,8951.88
2030,53,8869.02
2030,54,8947.03
2030,55,9012.51
2030,56,8965.35
2030,57,8991.45
2030,58,9018.89
2030,59,9027.09
2030,60,8962.4
2030,61,9003.26
2030,62,9000.3
2030,63,8913.85
2030,64,8981.97
2030,65,8975.09
2030,66,8943.09
2030,67,8935.96
2030,68,8872.9
2030,69,8840.42
2030,70,9014.84
2030,71,9060.9
2030,72,8944.73
2030,73,8778.51
2030,74,9063.09
2030,75,9013.69
2030,76,8952.56
2030,77,8975.36
2030,78,8844.42
2030,79,9043.23
2030,80,9102.5
2030,81,8997.92
2030,82,8984.46
2030,83,8962.29
2030,84,9042.29
2030,85,8846.21
2030,86,8881.04
2030,87,9090.37
2030,88,9031.19
2030,89,8875.64
2030,90,8996.1
2030,91,8953.08
2030,92,8971.88
2030,93,9038.66
2030,94,8867.37
2030,95,9042.5
2030,96,8867.27
2030,97,8960.7
2030,98,8781.03
2030,99,9028.02
2040,0,9067.78
2040,1,9097.48
2040,2,8846.14
2040,3,9044.48
2040,4,9041.8
2040,5,8881
2040,6,8922.72
2040,7,9033.03
2040,8,8894.24
2040,9,9033.33
2040,10,9078.15
2040,11,9037.53
2040,12,8898.89
2040,13,8928.11
2040,14,9041.46
2040,15,9059.65
2040,16,9092.17
2040,17,8940.03
2040,18,8849.94
2040,19,8874.89
2040,20,8877.05
2040,21,9051.69
2040,22,8896.34
2040,23,8882.07
2040,24,8846.44
2040,25,9003.9
2040,26,8980.12
2040,27,9067.62
2040,28,9009.72
2040,29,8920.79
2040,30,8977.7
2040,31,8906.31
2040,32,8942.07
2040,33,9057.44
2040,34,8840.35
2040,35,8892.91
2040,36,9002.81
2040,37,8992.76
2040,38,8824.81
2040,39,8847.17
2040,40,8808.64
2040,41,8996.25
2040,42,8897.62
2040,43,9015.42
2040,44,8903.79
2040,45,9055.7
2040,46,9018.2
2040,47,8894.02
2040,48,9057.72
2040,49,8942.74
2040,50,8998.86
2040,51,8931.92
2040,52,8951.58
2040,53,8868.72
2040,54,8946.73
2040,55,9012.21
2040,56,8965.05
2040,57,8991.15
2040,58,9018.59
2040,59,9026.79
2040,60,8962.1
2040,61,9002.96
2040,62,9000
2040,63,8913.55
2040,64,8981.67
2040,65,8974.79
2040,66,8942.79
2040,67,8935.66
2040,68,8872.6
2040,69,8840.12
2040,70,9014.54
2040,71,9060.6
2040,72,8944.43
2040,73,8778.21
2040,74,9062.79
2040,75,9013.39
2040,76,8952.26
2040,77,8975.06
2040,78,8844.12
2040,79,9042.93
2040,80,9102.2
2040,81,8997.62
2040,82,8984.16
2040,83,8961.99
2040,84,9041.99
2040,85,8845.91
2040,86,8880.74
2040,87,9090.07
2040,88,9030.89
2040,89,8875.34
2040,90,8995.8
2040,91,8952.78
2040,92,8971.58
2040,93,9038.36
2040,94,8867.07
2040,95,9042.2
2040,96,8866.97
2040,97,8960.4
2040,98,8780.73
2040,99,9027.72
2050,0,9055.25
2050,1,9083.5
2050,2,8827.95
2050,3,9029.98
2050,4,9024.95
2050,5,8864.51
2050,6,8905.73
2050,7,9019.63
2050,8,8877.84
2050,9,9019.57
2050,10,9058.45
2050,11,9021
2050,12,8881.38
2050,13,8912.12
2050,14,9026.44
2050,15,9045.13
2050,16,9078.57
2050,17,8922.3
2050,18,8832.76
2050,19,8855.41
2050,20,8858.98
2050,21,9035.27
2050,22,8878.19
2050,23,8862.55
2050,24,8828.6
2050,25,8984.33
2050,26,8962.42
2050,27,9051.15
2050,28,8994.9
2050,29,8903.08
2050,30,8960.97
2050,31,8889.52
2050,32,8923.65
2050,33,9043.98
2050,34,8821.3
2050,35,8874.04
2050,36,8987.11
2050,37,8977.72
2050,38,8804.68
2050,39,8828.69
2050,40,8787.84
2050,41,8981.9
2050,42,8881.88
2050,43,9001.08
2050,44,8887.87
2050,45,9042.32
2050,46,9001.1
2050,47,8877.99
2050,48,9041.69
2050,49,8925.35
2050,50,8982.05
2050,51,8916.31
2050,52,8936.7
2050,53,8849.01
2050,54,8928.57
2050,55,8996.02
2050,56,8948.28
2050,57,8974.62
2050,58,9000.25
2050,59,9011.01
2050,60,8945.11
2050,61,8990.45
2050,62,8985.22
2050,63,8896.88
2050,64,8965.39
2050,65,8956.29
2050,66,8925.49
2050,67,8920.48
2050,68,8852.34
2050,69,8822.79
2050,70,8999.56
2050,71,9044.22
2050,72,8926.08
2050,73,8760.62
2050,74,9046.23
2050,75,8998.55
2050,76,8935.81
2050,77,8957.82
2050,78,8826.98
2050,79,9029.03
2050,80,9088.14
2050,81,8979.14
2050,82,8968.07
2050,83,8945.22
2050,84,9027.08
2050,85,8828.59
2050,86,8863.01
2050,87,9073.83
2050,88,9016.15
2050,89,8858.07
2050,90,8981.45
2050,91,8937.8
2050,92,8956.22
2050,93,9026.76
2050,94,8848.55
2050,95,9027.1
2050,96,8847.49
2050,97,8944.83
2050,98,8761.51
2050,99,9011.47
2060,0,9052.26
2060,1,9080.09
2060,2,8827.7
2060,3,9027.19
2060,4,9021.3
2060,5,8860.42
2060,6,8905.48
2060,7,9019.37
2060,8,8877.58
2060,9,9019.31
2060,10,9058.19
2060,11,9020.75
2060,12,8881.13
2060,13,8908.57
2060,14,9023.32
2060,15,9042.19
2060,16,9075.26
2060,17,8916.73
2060,18,8832.51
2060,19,8855.19
2060,20,8854.83
2060,21,9032.3
2060,22,8877.95
2060,23,8862.32
2060,24,8823.46
2060,25,8981.06
2060,26,8962.18
2060,27,9050.9
2060,28,8990.5
2060,29,8902.83
2060,30,8960.71
2060,31,8889.27
2060,32,8923.41
2060,33,9043.73
2060,34,8821.07
2060,35,8873.81
2060,36,8983.64
2060,37,8974.51
2060,38,8804.46
2060,39,8828.45
2060,40,8787.62
2060,41,8977.96
2060,42,8878.46
2060,43,8997.74
2060,44,8884.9
2060,45,9039.47
2060,46,8996.92
2060,47,8874.21
2060,48,9037.72
2060,49,8921.59
2060,50,8977.79
2060,51,8912.8
2060,52,8936.44
2060,53,8848.77
2060,54,8928.31
2060,55,8995.77
2060,56,8944.58
2060,57,8970.13
2060,58,9000
2060,59,9007.8
2060,60,8941.67
2060,61,8990.18
2060,62,8982.52
2060,63,8896.63
2060,64,8965.14
2060,65,8953.03
2060,66,8925.25
2060,67,8916.7
2060,68,8848.27
2060,69,8818.05
2060,70,8996.56
2060,71,9039.53
2060,72,8925.84
2060,73,8755.42
2060,74,9045.98
2060,75,8994.84
2060,76,8932.66
2060,77,8954.05
2060,78,8826.73
2060,79,9025.71
2060,80,9084.66
2060,81,8978.86
2060,82,8963.09
2060,83,8944.96
2060,84,9026.81
2060,85,8824.54
2060,86,8862.76
2060,87,9070.15
2060,88,9015.87
2060,89,8853.39
2060,90,8978.34
2060,91,8934.79
2060,92,8952.21
2060,93,9026.48
2060,94,8848.3
2060,95,9023.28
2060,96,8847.25
2060,97,8940.8
2060,98,8761.28
2060,99,9006.81
2070,0,9051.96
2070,1,9079.79
2070,2,8827.4
2070,3,9026.89
2070,4,9021
2070,5,8860.12
2070,6,8905.18
2070,7,9019.07
2070,8,8877.28
2070,9,9019.01
2070,10,9057.89
2070,11,9020.45
2070,12,8880.83
2070,13,8908.27
2070,14,9023.02
2070,15,9041.89
2070,16,9074.96
2070,17,8916.43
2070,18,8832.21
2070,19,8854.89
2070,20,8854.53
2070,21,9032
2070,22,8877.65
2070,23,8862.02
2070,24,8823.16
2070,25,8980.76
2070,26,8961.88
2070,27,9050.6
2070,28,8990.2
2070,29,8902.53
2070,30,8960.41
2070,31,8888.97
2070,32,8923.11
2070,33,9043.43
2070,34,8820.77
2070,35,8873.51
2070,36,8983.34
2070,37,8974.21
2070,38,8804.16
2070,39,8828.15
2070,40,8787.32
2070,41,8977.66
2070,42,8878.16
2070,43,8997.44
2070,44,8884.6
2070,45,9039.17
2070,46,8996.62
2070,47,8873.91
2070,48,9037.42
2070,49,8921.29
2070,50,8977.49
2070,51,8912.5
2070,52,8936.14
2070,53,8848.47
2070,54,8928.01
2070,55,8995.47
2070,56,8944.28
2070,57,8969.83
2070,58,8999.7
2070,59,9007.5
2070,60,8941.37
2070,61,8989.88
2070,62,8982.22
2070,63,8896.33
2070,64,8964.84
2070,65,8952.73
2070,66,8924.95
2070,67,8916.4
2070,68,8847.97
2070,69,8817.75
2070,70,8996.26
2070,71,9039.23
2070,72,8925.54
2070,73,8755.12
2070,74,9045.68
2070,75,8994.54
2070,76,8932.36
2070,77,8953.75
2070,78,8826.43
2070,79,9025.41
2070,80,9084.36
2070,81,8978.56
2070,82,8962.79
2070,83,8944.66
2070,84,9026.51
2070,85,8824.24
2070,86,8862.46
2070,87,9069.85
2070,88,9015.57
2070,89,8853.09
2070,90,8978.04
2070,91,8934.49
2070,92,8951.91
2070,93,9026.18
2070,94,8848
2070,95,9022.98
2070,96,8846.95
2070,97,8940.5
2070,98,8760.98
2070,99,9006.51
2080,0,9036.6
2080,1,9064.25
2080,2,8812
2080,3,9013.96
2080,4,9003.85
2080,5,8843.88
2080,6,8885
2080,7,9002.69
2080,8,8863.68
2080,9,9003.9
2080,10,9039.39
2080,11,9004.8
2080,12,8864.56
2080,13,8894.53
2080,14,9006.28
2080,15,9028.83
2080,16,9061.85
2080,17,8901.86
2080,18,8815.03
2080,19,8837.33
2080,20,8835.37
2080,21,9014.56
2080,22,8862.34
2080,23,8845.21
2080,24,8806.62
2080,25,8957.71
2080,26,8944.12
2080,27,9035.72
2080,28,8976.06
2080,29,8885.74
2080,30,8942.5
2080,31,8870.96
2080,32,8908.01
2080,33,9028.35
2080,34,8804.81
2080,35,8858.37
2080,36,8968.89
2080,37,8954.6
2080,38,8785.95
2080,39,8812.19
2080,40,8770.16
2080,41,8962.99
2080,42,8864.22
2080,43,8980.69
2080,44,8868.27
2080,45,9023.02
2080,46,8980.79
2080,47,8859.98
2080,48,9022.77
2080,49,8904.42
2080,50,8962.56
2080,51,8898.34
2080,52,8921.8
2080,53,8832.99
2080,54,8908.8
2080,55,8980.08
2080,56,8928.89
2080,57,8953.06
2080,58,8982.92
2080,59,8991.35
2080,60,8926.16
2080,61,8977.51
2080,62,8965.68
2080,63,8880.55
2080,64,8949.15
2080,65,8935.03
2080,66,8910.5
2080,67,8902.4
2080,68,8833.18
2080,69,8803.32
2080,70,8979.96
2080,71,9025.67
2080,72,8910.56
2080,73,8737.72
2080,74,9030.42
2080,75,8979.72
2080,76,8916.04
2080,77,8938.7
2080,78,8812.52
2080,79,9011.48
2080,80,9069.16
2080,81,8955.39
2080,82,8948.84
2080,83,8927.88
2080,84,9011.76
2080,85,8808.26
2080,86,8844.82
2080,87,9055.89
2080,88,9001.69
2080,89,8838.38
2080,90,8960.61
2080,91,8920.3
2080,92,8935.12
2080,93,9005.92
2080,94,8831.16
2080,95,9007.78
2080,96,8829.23
2080,97,8923.44
2080,98,8743.84
2080,99,8992.1
2090,0,9036.35
2090,1,9064
2090,2,8807.66
2090,3,9009.2
2090,4,9003.61
2090,5,8843.64
2090,6,8884.76
2090,7,9002.42
2090,8,8859.41
2090,9,9003.64
2090,10,9039.13
2090,11,9004.54
2090,12,8864.31
2090,13,8890.24
2090,14,9006.05
2090,15,9024.65
2090,16,9058.56
2090,17,8896.29
2090,18,8814.79
2090,19,8837.11
2090,20,8835.12
2090,21,9014.32
2090,22,8857.82
2090,23,8844.96
2090,24,8806.37
2090,25,8957.46
2090,26,8943.88
2090,27,9035.46
2090,28,8971.66
2090,29,8885.5
2090,30,8942.23
2090,31,8870.73
2090,32,8902.36
2090,33,9028.07
2090,34,8804.56
2090,35,8853.05
2090,36,8964.45
2090,37,8954.34
2090,38,8785.72
2090,39,8807.51
2090,40,8765.52
2090,41,8962.73
2090,42,8860.06
2090,43,8980.45
2090,44,8867.66
2090,45,9022.78
2090,46,8980.54
2090,47,8855.87
2090,48,9018.86
2090,49,8904.17
2090,50,8958.28
2090,51,8893.82
2090,52,8921.53
2090,53,8828.26
2090,54,8908.54
2090,55,8979.83
2090,56,8923.94
2090,57,8952.82
2090,58,8982.66
2090,59,8991.1
2090,60,8922.71
2090,61,8977.24
2090,62,8963.98
2090,63,8880.31
2090,64,8948.9
2090,65,8931.75
2090,66,8905.29
2090,67,8898.73
2090,68,8829.16
2090,69,8798.39
2090,70,8978.48
2090,71,9021.04
2090,72,8905.73
2090,73,8737.48
2090,74,9030.17
2090,75,8976.06
2090,76,8915.8
2090,77,8934.17
2090,78,8807.91
2090,79,9007.2
2090,80,9068.9
2090,81,8955.12
2090,82,8943.9
2090,83,8927.63
2090,84,9011.51
2090,85,8808
2090,86,8844.59
2090,87,9051.68
2090,88,9001.42
2090,89,8835.01
2090,90,8960.37
2090,91,8916.04
2090,92,8934.88
2090,93,9005.65
2090,94,8830.92
2090,95,9007.52
2090,96,8828.98
2090,97,8923.18
2090,98,8739.14
2090,99,8987.44
2100,0,9036.05
2100,1,9063.7
2100,2,8807.36
2100,3,9008.9
2100,4,9003.31
2100,5,8843.34
2100,6,8884.46
2100,7,9002.12
2100,8,8859.11
2100,9,9003.34
2100,10,9038.83
2100,11,9004.24
2100,12,8864.01
2100,13,8889.94
2100,14,9005.75
2100,15,9024.35
2100,16,9058.26
2100,17,8895.99
2100,18,8814.49
2100,19,8836.81
2100,20,8834.82
2100,21,9014.02
2100,22,8857.52
2100,23,8844.66
2100,24,8806.07
2100,25,8957.16
2100,26,8943.58
2100,27,9035.16
2100,28,8971.36
2100,29,8885.2
2100,30,8941.93
2100,31,8870.43
2100,32,8902.06
2100,33,9027.77
2100,34,8804.26
2100,35,8852.75
2100,36,8964.15
2100,37,8954.04
2100,38,8785.42
2100,39,8807.21
2100,40,8765.22
2100,41,8962.43
2100,42,8859.76
2100,43,8980.15
2100,44,8867.36
2100,45,9022.48
2100,46,8980.24
2100,47,8855.57
2100,48,9018.56
2100,49,8903.87
2100,50,8957.98
2100,51,8893.52
2100,52,8921.23
2100,53,8827.96
2100,54,8908.24
2100,55,8979.53
2100,56,8923.64
2100,57,8952.52
2100,58,8982.36
2100,59,8990.8
2100,60,8922.41
2100,61,8976.94
2100,62,8963.68
2100,63,8880.01
2100,64,8948.6
2100,65,8931.45
2100,66,8904.99
2100,67,8898.43
2100,68,8828.86
2100,69,8798.09
2100,70,8978.18
2100,71,9020.74
2100,72,8905.43
2100,73,8737.18
2100,74,9029.87
2100,75,8975.76
2100,76,8915.5
2100,77,8933.87
2100,78,8807.61
2100,79,9006.9
2100,80,9068.6
2100,81,8954.82
2100,82,8943.6
2100,83,8927.33
2100,84,9011.21
2100,85,8807.7
2100,86,8844.29
2100,87,9051.38
2100,88,9001.12
2100,89,8834.71
2100,90,8960.07
2100,91,8915.74
2100,92,8934.58
2100,93,9005.35
2100,94,8830.62
2100,95,9007.22
2100,96,8828.68
2100,97,8922.88
2100,98,8738.84
2100,99,8987.14
2110,0,9023.48
2110,1,9048.22
2110,2,8793.82
2110,3,8995.87
2110,4,8988.1
2110,5,8827.59
2110,6,8867.11
2110,7,8985.11
2110,8,8844.76
2110,9,8991.1
2110,10,9024.4
2110,11,8989.8
2110,12,8848.73
2110,13,8874.07
2110,14,8991.35
2110,15,9010.3
2110,16,9042.64
2110,17,8881.26
2110,18,8798.08
2110,19,8820.83
2110,20,8816.92
2110,21,8998.47
2110,22,8844.04
2110,23,8827.93
2110,24,8792.35
2110,25,8942.11
2110,26,8928.36
2110,27,9021.72
2110,28,8959.24
2110,29,8869
2110,30,8925.34
2110,31,8857.96
2110,32,8887.21
2110,33,9014.42
2110,34,8788.7
2110,35,8839.4
2110,36,8948.67
2110,37,8936.47
2110,38,8767.8
2110,39,8791.45
2110,40,8747.79
2110,41,8947.5
2110,42,8846.28
2110,43,8967.45
2110,44,8852.62
2110,45,9007.8
2110,46,8965.61
2110,47,8843.39
2110,48,9004.92
2110,49,8887.28
2110,50,8943.94
2110,51,8879.08
2110,52,8907.4
2110,53,8810.94
2110,54,8894.64
2110,55,8964.53
2110,56,8904.64
2110,57,8935.88
2110,58,8966.13
2110,59,8975.81
2110,60,8905.86
2110,61,8964.88
2110,62,8949.08
2110,63,8865.97
2110,64,8934.76
2110,65,8914.56
2110,66,8890.6
2110,67,8885.84
2110,68,8814.62
2110,69,8783.03
2110,70,8962.96
2110,71,9003.51
2110,72,8891.08
2110,73,8723.16
2110,74,9015.83
2110,75,8960.63
2110,76,8899.84
2110,77,8920.04
2110,78,8793.26
2110,79,8992.27
2110,80,9052.85
2110,81,8937.39
2110,82,8927.43
2110,83,8911.55
2110,84,8997.98
2110,85,8791.03
2110,86,8827.18
2110,87,9037.66
2110,88,8988.01
2110,89,8818.08
2110,90,8944.93
2110,91,8900.84
2110,92,8918.46
2110,93,8982.61
2110,94,8813.05
2110,95,8991.32
2110,96,8812.39
2110,97,8906.19
2110,98,8723.81
2110,99,8969.76
2120,0,9020.28
2120,1,9047.98
2120,2,8789.39
2120,3,8995.61
2120,4,8987.84
2120,5,8826.24
2120,6,8865.46
2120,7,8984.85
2120,8,8842.83
2120,9,8988.85
2120,10,9024.13
2120,11,8989.54
2120,12,8843.68
2120,13,8873.83
2120,14,8991.11
2120,15,9010.04
2120,16,9042.4
2120,17,8876.22
2120,18,8796.42
2120,19,8820.61
2120,20,8815.92
2120,21,8998.22
2120,22,8839.5
2120,23,8824.91
2120,24,8786.75
2120,25,8941.87
2120,26,8928.11
2120,27,9021.46
2120,28,8953.89
2120,29,8868.04
2120,30,8922.8
2120,31,8853.78
2120,32,8882.49
2120,33,9014.15
2120,34,8785.51
2120,35,8832.75
2120,36,8948.43
2120,37,8936.22
2120,38,8767.59
2120,39,8788
2120,40,8745.35
2120,41,8945.57
2120,42,8842.59
2120,43,8963.78
2120,44,8852.38
2120,45,9007.55
2120,46,8960.98
2120,47,8839.23
2120,48,9000.74
2120,49,8886.2
2120,50,8939.22
2120,51,8878.84
2120,52,8907.14
2120,53,8807.9
2120,54,8894.38
2120,55,8964.28
2120,56,8904.41
2120,57,8934.24
2120,58,8965.87
2120,59,8975.57
2120,60,8905.62
2120,61,8964.61
2120,62,8948.83
2120,63,8865.72
2120,64,8934.5
2120,65,8914.32
2120,66,8887.17
2120,67,8881.92
2120,68,8810.36
2120,69,8779.03
2120,70,8962.72
2120,71,9002.67
2120,72,8886.55
2120,73,8717.41
2120,74,9015.57
2120,75,8959.28
2120,76,8899.6
2120,77,8916.18
2120,78,8791.32
2120,79,8992.03
2120,80,9052.61
2120,81,8937.1
2120,82,8925.65
2120,83,8911.29
2120,84,8997.72
2120,85,8790.8
2120,86,8826.17
2120,87,9033.57
2120,88,8987.75
2120,89,8816.16
2120,90,8944.68
2120,91,8900.59
2120,92,8916.87
2120,93,8982.33
2120,94,8812.06
2120,95,8990.52
2120,96,8807.35
2120,97,8904.73
2120,98,8718.34
2120,99,8969.1
2130,0,9019.98
2130,1,9047.68
2130,2,8789.09
2130,3,8995.31
2130,4,8987.54
2130,5,8825.94
2130,6,8865.16
2130,7,8984.55
2130,8,8842.53
2130,9,8988.55
2130,10,9023.83
2130,11,8989.24
2130,12,8843.38
2130,13,8873.53
2130,14,8990.81
2130,15,9009.74
2130,16,9042.1
2130,17,8875.92
2130,18,8796.12
2130,19,8820.31
2130,20,8815.62
2130,21,8997.92
2130,22,8839.2
2130,23,8824.61
2130,24,8786.45
2130,25,8941.57
2130,26,8927.81
2130,27,9021.16
2130,28,8953.59
2130,29,8867.74
2130,30,8922.5
2130,31,8853.48
2130,32,8882.19
2130,33,9013.85
2130,34,8785.21
2130,35,8832.45
2130,36,8948.13
2130,37,8935.92
2130,38,8767.29
2130,39,8787.7
2130,40,8745.05
2130,41,8945.27
2130,42,8842.29
2130,43,8963.48
2130,44,8852.08
2130,45,9007.25
2130,46,8960.68
2130,47,8838.93
2130,48,9000.44
2130,49,8885.9
2130,50,8938.92
2130,51,8878.54
2130,52,8906.84
2130,53,8807.6
2130,54,8894.08
2130,55,8963.98
2130,56,8904.11
2130,57,8933.94
2130,58,8965.57
2130,59,8975.27
2130,60,8905.32
2130,61,8964.31
2130,62,8948.53
2130,63,8865.42
2130,64,8934.2
2130,65,8914.02
2130,66,8886.87
2130,67,8881.62
2130,68,8810.06
2130,69,8778.73
2130,70,8962.42
2130,71,9002.37
2130,72,8886.25
2130,73,8717.11
2130,74,9015.27
2130,75,8958.98
2130,76,8899.3
2130,77,8915.88
2130,78,8791.02
2130,79,8991.73
2130,80,9052.31
2130,81,8936.8
2130,82,8925.35
2130,83,8910.99
2130,84,8997.42
2130,85,8790.5
2130,86,8825.87
2130,87,9033.27
2130,88,8987.45
2130,89,8815.86
2130,90,8944.38
2130,91,8900.29
2130,92,8916.57
2130,93,8982.03
2130,94,8811.76
2130,95,8990.22
2130,96,8807.05
2130,97,8904.43
2130,98,8718.04
2130,99,8968.8
2140,0,9008.1
2140,1,9034.24
2140,2,8776.11
2140,3,8982.31
2140,4,8974.58
2140,5,8812.27
2140,6,8850.17
2140,7,8972.61
2140,8,8829.97
2140,9,8976.91
2140,10,9010.3
2140,11,8976.29
2140,12,8827.6
2140,13,8860.63
2140,14,8977.19
2140,15,8995.69
2140,16,9028.16
2140,17,8860.86
2140,18,8782.93
2140,19,8805.49
2140,20,8801.94
2140,21,8985.03
2140,22,8824.95
2140,23,8809.05
2140,24,8770.79
2140,25,8927.79
2140,26,8914.1
2140,27,9007.21
2140,28,8939.85
2140,29,8854.68
2140,30,8905.5
2140,31,8840.4
2140,32,8867.73
2140,33,9002.83
2140,34,8770.21
2140,35,8817.23
2140,36,8935.48
2140,37,8921.99
2140,38,8751.84
2140,39,8772.37
2140,40,8728.66
2140,41,8932.08
2140,42,8829.23
2140,43,8950.96
2140,44,8840.74
2140,45,8995.77
2140,46,8945.2
2140,47,8827.64
2140,48,8987.01
2140,49,8869.01
2140,50,8923.94
2140,51,8865.72
2140,52,8889.86
2140,53,8794.34
2140,54,8881.32
2140,55,8951.43
2140,56,8886.64
2140,57,8920.18
2140,58,8952.24
2140,59,8962.21
2140,60,8890.93
2140,61,8952.24
2140,62,8936.65
2140,63,8852.71
2140,64,8920.69
2140,65,8899.79
2140,66,8872.9
2140,67,8868.94
2140,68,8796.03
2140,69,8763.66
2140,70,8950.66
2140,71,8988.39
2140,72,8871.54
2140,73,8701.08
2140,74,9002.19
2140,75,8945.88
2140,76,8887.09
2140,77,8901.91
2140,78,8778.04
2140,79,8979.8
2140,80,9040.05
2140,81,8918.26
2140,82,8909.9
2140,83,8897.24
2140,84,8985.76
2140,85,8775.98
2140,86,8812.84
2140,87,9019.87
2140,88,8975.01
2140,89,8803.31
2140,90,8931.84
2140,91,8887.47
2140,92,8903.05
2140,93,8967.63
2140,94,8798.4
2140,95,8977.04
2140,96,8790.74
2140,97,8892.14
2140,98,8701.41
2140,99,8954.38
2150,0,9005.3
2150,1,9030.4
2150,2,8772.46
2150,3,8982.06
2150,4,8970.93
2150,5,8808.29
2150,6,8846.21
2150,7,8970.95
2150,8,8826.86
2150,9,8975
2150,10,9008.49
2150,11,8974.11
2150,12,8822.95
2150,13,8857.75
2150,14,8976.95
2150,15,8995.45
2150,16,9024.88
2150,17,8855.37
2150,18,8777.58
2150,19,8800.14
2150,20,8797.82
2150,21,8981.83
2150,22,8820.45
2150,23,8803.83
2150,24,8766.85
2150,25,8924.46
2150,26,8911.47
2150,27,9006.97
2150,28,8937.73
2150,29,8851.1
2150,30,8903.61
2150,31,8837.8
2150,32,8863.27
2150,33,9000.68
2150,34,8765.14
2150,35,8811.64
2150,36,8932
2150,37,8917.43
2150,38,8746.28
2150,39,8767.74
2150,40,8726.56
2150,41,8928.35
2150,42,8826.48
2150,43,8947.67
2150,44,8835.81
2150,45,8993.02
2150,46,8942.9
2150,47,8823.98
2150,48,8982.83
2150,49,8865.14
2150,50,8919.63
2150,51,8862.35
2150,52,8889.6
2150,53,8789.95
2150,54,8878.3
2150,55,8948.79
2150,56,8882.89
2150,57,8915.57
2150,58,8951.28
2150,59,8959.16
2150,60,8887.49
2150,61,8951.98
2150,62,8933.74
2150,63,8849.55
2150,64,8918.26
2150,65,8896.53
2150,66,8868.84
2150,67,8865.51
2150,68,8792.39
2150,69,8759.7
2150,70,8945.53
2150,71,8983.91
2150,72,8866.61
2150,73,8696.05
2150,74,8999.86
2150,75,8942.38
2150,76,8884.49
2150,77,8898.14
2150,78,8774.31
2150,79,8976.47
2150,80,9036.79
2150,81,8918
2150,82,8909.68
2150,83,8896.99
2150,84,8983.71
2150,85,8772.01
2150,86,8808.46
2150,87,9016.25
2150,88,8973.81
2150,89,8796.7
2150,90,8928.97
2150,91,8884.5
2150,92,8899.26
2150,93,8967.37
2150,94,8793.86
2150,95,8973.34
2150,96,8786.23
2150,97,8886.7
2150,98,8701.19
2150,99,8949.34
2160,0,9005
2160,1,9030.1
2160,2,8772.16
2160,3,8981.76
2160,4,8970.63
2160,5,8807.99
2160,6,8845.91
2160,7,8970.65
2160,8,8826.56
2160,9,8974.7
2160,10,9008.19
2160,11,8973.81
2160,12,8822.65
2160,13,8857.45
2160,14,8976.65
2160,15,8995.15
2160,16,9024.58
2160,17,8855.07
2160,18,8777.28
2160,19,8799.84
2160,20,8797.52
2160,21,8981.53
2160,22,8820.15
2160,23,8803.53
2160,24,8766.55
2160,25,8924.16
2160,26,8911.17
2160,27,9006.67
2160,28,8937.43
2160,29,8850.8
2160,30,8903.31
2160,31,8837.5
2160,32,8862.97
2160,33,9000.38
2160,34,8764.84
2160,35,8811.34
2160,36,8931.7
2160,37,8917.13
2160,38,8745.98
2160,39,8767.44
2160,40,8726.26
2160,41,8928.05
2160,42,8826.18
2160,43,8947.37
2160,44,8835.51
2160,45,8992.72
2160,46,8942.6
2160,47,8823.68
2160,48,8982.53
2160,49,8864.84
2160,50,8919.33
2160,51,8862.05
2160,52,8889.3
2160,53,8789.65
2160,54,8878
2160,55,8948.49
2160,56,8882.59
2160,57,8915.27
2160,58,8950.98
2160,59,8958.86
2160,60,8887.19
2160,61,8951.68
2160,62,8933.44
2160,63,8849.25
2160,64,8917.96
2160,65,8896.23
2160,66,8868.54
2160,67,8865.21
2160,68,8792.09
2160,69,8759.4
2160,70,8945.23
2160,71,8983.61
2160,72,8866.31
2160,73,8695.75
2160,74,8999.56
2160,75,8942.08
2160,76,8884.19
2160,77,8897.84
2160,78,8774.01
2160,79,8976.17
2160,80,9036.49
2160,81,8917.7
2160,82,8909.38
2160,83,8896.69
2160,84,8983.41
2160,85,8771.71
2160,86,8808.16
2160,87,9015.95
2160,88,8973.51
2160,89,8796.4
2160,90,8928.67
2160,91,8884.2
2160,92,8898.96
2160,93,8967.07
2160,94,8793.56
2160,95,8973.04
2160,96,8785.93
2160,97,8886.4
2160,98,8700.89
2160,99,8949.04
2170,0,8993.23
2170,1,9016.92
2170,2,8759.55
2170,3,8969.61
2170,4,8957.53
2170,5,8794.33
2170,6,8829.15
2170,7,8958.94
2170,8,8813.71
2170,9,8962.9
2170,10,8997.55
2170,11,8961.11
2170,12,8808.09
2170,13,8844.43
2170,14,8963.9
2170,15,8982.02
2170,16,9012.62
2170,17,8841.98
2170,18,8763.27
2170,19,8785.04
2170,20,8783.01
2170,21,8968.74
2170,22,8806.26
2170,23,8788.53
2170,24,8752.19
2170,25,8910.5
2170,26,8898.35
2170,27,8995.33
2170,28,8923.82
2170,29,8837.85
2170,30,8888.15
2170,31,8823.9
2170,32,8849.58
2170,33,8989.41
2170,34,8753.23
2170,35,8797.49
2170,36,8918.89
2170,37,8904.02
2170,38,8733.51
2170,39,8753.26
2170,40,8711.68
2170,41,8914.76
2170,42,8813.05
2170,43,8934.48
2170,44,8823.6
2170,45,8980.68
2170,46,8928.31
2170,47,8810.32
2170,48,8968.46
2170,49,8850.86
2170,50,8904.76
2170,51,8849.46
2170,52,8876.98
2170,53,8775.15
2170,54,8864.92
2170,55,8936.33
2170,56,8868.19
2170,57,8901.51
2170,58,8939.18
2170,59,8946.35
2170,60,8873.23
2170,61,8940.69
2170,62,8922.45
2170,63,8836.67
2170,64,8907.82
2170,65,8881.57
2170,66,8854.55
2170,67,8852.48
2170,68,8778.45
2170,69,8745.87
2170,70,8933.36
2170,71,8969.39
2170,72,8852.18
2170,73,8680.94
2170,74,8987.71
2170,75,8928.76
2170,76,8871.88
2170,77,8883.85
2170,78,8761.33
2170,79,8965.08
2170,80,9024.01
2170,81,8898.87
2170,82,8893.85
2170,83,8884.98
2170,84,8972.3
2170,85,8757.42
2170,86,8793.98
2170,87,9002.02
2170,88,8960.97
2170,89,8781.78
2170,90,8915.78
2170,91,8870.77
2170,92,8885.51
2170,93,8951.08
2170,94,8779.94
2170,95,8959.92
2170,96,8771.49
2170,97,8872.58
2170,98,8685.96
2170,99,8934.44
2180,0,8989.26
2180,1,9011.39
2180,2,8753.24
2180,3,8964.17
2180,4,8951.66
2180,5,8790.24
2180,6,8824.69
2180,7,8954.97
2180,8,8809.5
2180,9,8958.21
2180,10,8993.28
2180,11,8955.3
2180,12,8800.86
2180,13,8840.09
2180,14,8959
2180,15,8976.12
2180,16,9008.23
2180,17,8832.8
2180,18,8759.44
2180,19,8776.11
2180,20,8779.01
2180,21,8963.79
2180,22,8800.83
2180,23,8782.89
2180,24,8746.14
2180,25,8904.19
2180,26,8892.28
2180,27,8989.68
2180,28,8919.28
2180,29,8833.84
2180,30,8884.08
2180,31,8819.77
2180,32,8841.98
2180,33,8984.65
2180,34,8744.77
2180,35,8789.55
2180,36,8912.77
2180,37,8898.32
2180,38,8721.68
2180,39,8747.28
2180,40,8704.22
2180,41,8911.11
2180,42,8808.46
2180,43,8930.72
2180,44,8818.38
2180,45,8975.93
2180,46,8924
2180,47,8806.16
2180,48,8964.77
2180,49,8844.47
2180,50,8898.68
2180,51,8845.97
2180,52,8871.92
2180,53,8769.4
2180,54,8860.96
2180,55,8931.64
2180,56,8864.42
2180,57,8896.02
2180,58,8933.71
2180,59,8943.35
2180,60,8869.77
2180,61,8937.23
2180,62,8916.78
2180,63,8833.26
2180,64,8902.54
2180,65,8878.28
2180,66,8850.5
2180,67,8848.69
2180,68,8774.1
2180,69,8739.64
2180,70,8928.52
2180,71,8963.92
2180,72,8845.57
2180,73,8674.72
2180,74,8981.31
2180,75,8921.89
2180,76,8865.81
2180,77,8878.96
2180,78,8756.73
2180,79,8959.69
2180,80,9017.85
2180,81,8897.93
2180,82,8889.3
2180,83,8879.98
2180,84,8966.6
2180,85,8751.14
2180,86,8790.33
2180,87,8997.53
2180,88,8958.51
2180,89,8776.83
2180,90,8911.81
2180,91,8865.7
2180,92,8880.48
2180,93,8948.59
2180,94,8776.5
2180,95,8953.46
2180,96,8765.48
2180,97,8866.52
2180,98,8678.62
2180,99,8931.19
2190,0,8988.96
2190,1,9011.09
2190,2,8752.94
2190,3,8963.87
2190,4,8951.36
2190,5,8789.94
2190,6,8824.39
2190,7,8954.67
2190,8,8809.2
2190,9,8957.91
2190,10,8992.98
2190,11,8955
2190,12,8800.56
2190,13,8839.79
2190,14,8958.7
2190,15,8975.82
2190,16,9007.93
2190,17,8832.5
2190,18,8759.14
2190,19,8775.81
2190,20,8778.71
2190,21,8963.49
2190,22,8800.53
2190,23,8782.59
2190,24,8745.84
2190,25,8903.89
2190,26,8891.98
2190,27,8989.38
2190,28,8918.98
2190,29,8833.54
2190,30,8883.78
2190,31,8819.47
2190,32,8841.68
2190,33,8984.35
2190,34,8744.47
2190,35,8789.25
2190,36,8912.47
2190,37,8898.02
2190,38,8721.38
2190,39,8746.98
2190,40,8703.92
2190,41,8910.81
2190,42,8808.16
2190,43,8930.42
2190,44,8818.08
2190,45,8975.63
2190,46,8923.7
2190,47,8805.86
2190,48,8964.47
2190,49,8844.17
2190,50,8898.38
2190,51,8845.67
2190,52,8871.62
2190,53,8769.1
2190,54,8860.66
2190,55,8931.34
2190,56,8864.12
2190,57,8895.72
2190,58,8933.41
2190,59,8943.05
2190,60,8869.47
2190,61,8936.93
2190,62,8916.48
2190,63,8832.96
2190,64,8902.24
2190,65,8877.98
2190,66,8850.2
2190,67,8848.39
2190,68,8773.8
2190,69,8739.34
2190,70,8928.22
2190,71,8963.62
2190,72,8845.27
2190,73,8674.42
2190,74,8981.01
2190,75,8921.59
2190,76,8865.51
2190,77,8878.66
2190,78,8756.43
2190,79,8959.39
2190,80,9017.55
2190,81,8897.63
2190,82,8889
2190,83,8879.68
2190,84,8966.3
2190,85,8750.84
2190,86,8790.03
2190,87,8997.23
2190,88,8958.21
2190,89,8776.53
2190,90,8911.51
2190,91,8865.4
2190,92,8880.18
2190,93,8948.29
2190,94,8776.2
2190,95,8953.16
2190,96,8765.18
2190,97,8866.22
2190,98,8678.32
2190,99,8930.89
2200,0,8977.52
2200,1,8999.58
2200,2,8742.1
2200,3,8952.96
2200,4,8937.96
2200,5,8777.95
2200,6,8812.73
2200,7,8942.35
2200,8,8798.97
2200,9,8945.94
2200,10,8979.9
2200,11,8943.01
2200,12,8787.83
2200,13,8827.81
2200,14,8946.56
2200,15,8962.67
2200,16,8996.48
2200,17,8819.99
2200,18,8745.39
2200,19,8763.87
2200,20,8765.74
2200,21,8951.09
2200,22,8789.62
2200,23,8770.04
2200,24,8733.49
2200,25,8891.04
2200,26,8879.13
2200,27,8976.61
2200,28,8906.63
2200,29,8821.03
2200,30,8872.29
2200,31,8808.83
2200,32,8829.1
2200,33,8971.96
2200,34,8732.47
2200,35,8777.15
2200,36,8899.74
2200,37,8885.94
2200,38,8708.98
2200,39,8735.59
2200,40,8691.69
2200,41,8898.93
2200,42,8796.08
2200,43,8917.97
2200,44,8806.86
2200,45,8963.85
2200,46,8910.11
2200,47,8794.9
2200,48,8950.76
2200,49,8830.47
2200,50,8885.62
2200,51,8834.49
2200,52,8855.87
2200,53,8757.99
2200,54,8847.09
2200,55,8919.12
2200,56,8851.39
2200,57,8886.42
2200,58,8920.62
2200,59,8932.05
2200,60,8856.03
2200,61,8926.86
2200,62,8905.32
2200,63,8820.02
2200,64,8892.16
2200,65,8864.35
2200,66,8837.87
2200,67,8837.48
2200,68,8761.64
2200,69,8727.1
2200,70,8916.99
2200,71,8951.95
2200,72,8832.85
2200,73,8661.79
2200,74,8969.08
2200,75,8909.41
2200,76,8854.02
2200,77,8866.33
2200,78,8745.53
2200,79,8948.48
2200,80,9005.69
2200,81,8878.6
2200,82,8875.75
2200,83,8868.37
2200,84,8954.83
2200,85,8737.76
2200,86,8779.82
2200,87,8983.98
2200,88,8947.16
2200,89,8765.57
2200,90,8899.53
2200,91,8852.49
2200,92,8866.46
2200,93,8929.92
2200,94,8763.4
2200,95,8941.29
2200,96,8751.48
2200,97,8853.39
2200,98,8665.09
2200,99,8918.65
2210,0,8976.17
2210,1,8995.76
2210,2,8734.8
2210,3,8946.11
2210,4,8935.3
2210,5,8772.83
2210,6,8806.07
2210,7,8938.29
2210,8,8792.9
2210,9,8940.84
2210,10,8978.03
2210,11,8939.85
2210,12,8780.95
2210,13,8822.96
2210,14,8944.14
2210,15,8956.5
2210,16,8992.26
2210,17,8813.28
2210,18,8741.46
2210,19,8758.41
2210,20,8761.3
2210,21,8947.13
2210,22,8782.81
2210,23,8765.51
2210,24,8729.25
2210,25,8886.82
2210,26,8872.99
2210,27,8972.34
2210,28,8902.3
2210,29,8818.71
2210,30,8867.05
2210,31,8802.43
2210,32,8820.42
2210,33,8969.65
2210,34,8726.15
2210,35,8769.48
2210,36,8897.02
2210,37,8881.72
2210,38,8703.53
2210,39,8728.27
2210,40,8683.96
2210,41,8894.65
2210,42,8791.31
2210,43,8916.38
2210,44,8802.69
2210,45,8961.28
2210,46,8907.19
2210,47,8788.72
2210,48,8949.2
2210,49,8826.32
2210,50,8882.03
2210,51,8829.42
2210,52,8853.39
2210,53,8750.16
2210,54,8844.27
2210,55,8911.7
2210,56,8844.06
2210,57,8877.51
2210,58,8917.35
2210,59,8924.32
2210,60,8848.86
2210,61,8922.86
2210,62,8900.36
2210,63,8816.02
2210,64,8885.34
2210,65,8856.83
2210,66,8830.34
2210,67,8834.68
2210,68,8755.65
2210,69,8723.6
2210,70,8912.83
2210,71,8946.28
2210,72,8825.63
2210,73,8657.28
2210,74,8963.04
2210,75,8907.35
2210,76,8849.8
2210,77,8859.31
2210,78,8740.19
2210,79,8942.98
2210,80,9001.51
2210,81,8876.02
2210,82,8871.38
2210,83,8865.71
2210,84,8951.25
2210,85,8732.54
2210,86,8772.18
2210,87,8981.69
2210,88,8942.91
2210,89,8757.98
2210,90,8894.33
2210,91,8850.28
2210,92,8863.5
2210,93,8925.38
2210,94,8761.42
2210,95,8936.81
2210,96,8745.85
2210,97,8849.23
2210,98,8658.3
2210,99,8913.24
2220,0,8975.87
2220,1,8995.46
2220,2,8734.5
2220,3,8945.81
2220,4,8935
2220,5,8772.53
2220,6,8805.77
2220,7,8937.99
2220,8,8792.6
2220,9,8940.54
2220,10,8977.73
2220,11,8939.55
2220,12,8780.65
2220,13,8822.66
2220,14,8943.84
2220,15,8956.2
2220,16,8991.96
2220,17,8812.98
2220,18,8741.16
2220,19,8758.11
2220,20,8761
2220,21,8946.83
2220,22,8782.51
2220,23,8765.21
2220,24,8728.95
2220,25,8886.52
2220,26,8872.69
2220,27,8972.04
2220,28,8902
2220,29,8818.41
2220,30,8866.75
2220,31,8802.13
2220,32,8820.12
2220,33,8969.35
2220,34,8725.85
2220,35,8769.18
2220,36,8896.72
2220,37,8881.42
2220,38,8703.23
2220,39,8727.97
2220,40,8683.66
2220,41,8894.35
2220,42,8791.01
2220,43,8916.08
2220,44,8802.39
2220,45,8960.98
2220,46,8906.89
2220,47,8788.42
2220,48,8948.9
2220,49,8826.02
2220,50,8881.73
2220,51,8829.12
2220,52,8853.09
2220,53,8749.86
2220,54,8843.97
2220,55,8911.4
2220,56,8843.76
2220,57,8877.21
2220,58,8917.05
2220,59,8924.02
2220,60,8848.56
2220,61,8922.56
2220,62,8900.06
2220,63,8815.72
2220,64,8885.04
2220,65,8856.53
2220,66,8830.04
2220,67,8834.38
2220,68,8755.35
2220,69,8723.3
2220,70,8912.53
2220,71,8945.98
2220,72,8825.33
2220,73,8656.98
2220,74,8962.74
2220,75,8907.05
2220,76,8849.5
2220,77,8859.01
2220,78,8739.89
2220,79,8942.68
2220,80,9001.21
2220,81,8875.72
2220,82,8871.08
2220,83,8865.41
2220,84,8950.95
2220,85,8732.24
2220,86,8771.88
2220,87,8981.39
2220,88,8942.61
2220,89,8757.68
2220,90,8894.03
2220,91,8849.98
2220,92,8863.2
2220,93,8925.08
2220,94,8761.12
2220,95,8936.51
2220,96,8745.55
2220,97,8848.93
2220,98,8658
2220,99,8912.94
2230,0,8966.06
2230,1,8984.16
2230,2,8723.79
2230,3,8935.52
2230,4,8924.85
2230,5,8761.91
2230,6,8794.12
2230,7,8928.1
2230,8,8782.5
2230,9,8930.18
2230,10,8966.42
2230,11,8928.31
2230,12,8771.76
2230,13,8811.79
2230,14,8932.31
2230,15,8945.34
2230,16,8982.15
2230,17,8801.89
2230,18,8730.18
2230,19,8747.03
2230,20,8746.28
2230,21,8936.95
2230,22,8773.42
2230,23,8755.35
2230,24,8719.93
2230,25,8871.78
2230,26,8862.58
2230,27,8961.93
2230,28,8891.18
2230,29,8808.05
2230,30,8855.06
2230,31,8791.19
2230,32,8811.02
2230,33,8956.39
2230,34,8715.21
2230,35,8759.98
2230,36,8885.62
2230,37,8868.76
2230,38,8691.89
2230,39,8719.26
2230,40,8671.3
2230,41,8883.46
2230,42,8780.25
2230,43,8904.98
2230,44,8792.86
2230,45,8951.01
2230,46,8895.87
2230,47,8777.82
2230,48,8937.68
2230,49,8815.93
2230,50,8870.18
2230,51,8819.3
2230,52,8841.87
2230,53,8739.7
2230,54,8834.56
2230,55,8899.3
2230,56,8832.83
2230,57,8866.79
2230,58,8907.92
2230,59,8914.21
2230,60,8837.24
2230,61,8913.29
2230,62,8889.06
2230,63,8804.5
2230,64,8874.82
2230,65,8843.78
2230,66,8820.37
2230,67,8824.57
2230,68,8744.63
2230,69,8713.97
2230,70,8903.07
2230,71,8934.72
2230,72,8813.05
2230,73,8647.82
2230,74,8952.42
2230,75,8896.78
2230,76,8839.87
2230,77,8848.22
2230,78,8730.06
2230,79,8932.85
2230,80,8991.86
2230,81,8859.42
2230,82,8860.96
2230,83,8855.24
2230,84,8940.75
2230,85,8721.15
2230,86,8762.34
2230,87,8970.79
2230,88,8931.85
2230,89,8747.7
2230,90,8881.09
2230,91,8838.67
2230,92,8853.15
2230,93,8907.87
2230,94,8749.51
2230,95,8926.63
2230,96,8735.65
2230,97,8840.23
2230,98,8648.81
2230,99,8900.85
2240,0,8959.77
2240,1,8978.41
2240,2,8716.55
2240,3,8929.88
2240,4,8915.38
2240,5,8751.65
2240,6,8785.06
2240,7,8920.62
2240,8,8775.19
2240,9,8924.69
2240,10,8961.19
2240,11,8921.28
2240,12,8761.14
2240,13,8803.64
2240,14,8926.75
2240,15,8938.68
2240,16,8975.69
2240,17,8791.11
2240,18,8719.36
2240,19,8735.61
2240,20,8735.32
2240,21,8928.04
2240,22,8764.36
2240,23,8743.29
2240,24,8706.83
2240,25,8860.66
2240,26,8856.02
2240,27,8956.48
2240,28,8883.76
2240,29,8799.3
2240,30,8849.67
2240,31,8783.81
2240,32,8800.07
2240,33,8951
2240,34,8706.18
2240,35,8746.8
2240,36,8877.23
2240,37,8860.28
2240,38,8678.81
2240,39,8708.17
2240,40,8660.93
2240,41,8877.19
2240,42,8770.95
2240,43,8898.25
2240,44,8784.46
2240,45,8945.08
2240,46,8889.18
2240,47,8772.12
2240,48,8931.69
2240,49,8806.87
2240,50,8863.09
2240,51,8810.05
2240,52,8835.55
2240,53,8727
2240,54,8826.25
2240,55,8893.8
2240,56,8825.81
2240,57,8857.34
2240,58,8899.45
2240,59,8907.55
2240,60,8830.59
2240,61,8909.83
2240,62,8883.96
2240,63,8798.87
2240,64,8870.28
2240,65,8837.1
2240,66,8811.18
2240,67,8817.75
2240,68,8736.18
2240,69,8701.75
2240,70,8896.09
2240,71,8927.48
2240,72,8802.72
2240,73,8634.12
2240,74,8945.22
2240,75,8888.7
2240,76,8830.33
2240,77,8840.81
2240,78,8721.89
2240,79,8926.37
2240,80,8983.62
2240,81,8852.49
2240,82,8850.72
2240,83,8850.15
2240,84,8935.68
2240,85,8712.97
2240,86,8752.47
2240,87,8961.67
2240,88,8927.74
2240,89,8737.71
2240,90,8874.5
2240,91,8833.33
2240,92,8845.75
2240,93,8906.29
2240,94,8740.92
2240,95,8918.82
2240,96,8724.44
2240,97,8828.62
2240,98,8637.94
2240,99,8893.49
2250,0,8959.47
2250,1,8978.11
2250,2,8716.25
2250,3,8929.58
2250,4,8915.08
2250,5,8751.35
2250,6,8784.76
2250,7,8920.32
2250,8,8774.89
2250,9,8924.39
2250,10,8960.89
2250,11,8920.98
2250,12,8760.84
2250,13,8803.34
2250,14,8926.45
2250,15,8938.38
2250,16,8975.39
2250,17,8790.81
2250,18,8719.06
2250,19,8735.31
2250,20,8735.02
2250,21,8927.74
2250,22,8764.06
2250,23,8742.99
2250,24,8706.53
2250,25,8860.36
2250,26,8855.72
2250,27,8956.18
2250,28,8883.46
2250,29,8799
2250,30,8849.37
2250,31,8783.51
2250,32,8799.77
2250,33,8950.7
2250,34,8705.88
2250,35,8746.5
2250,36,8876.93
2250,37,8859.98
2250,38,8678.51
2250,39,8707.87
2250,40,8660.63
2250,41,8876.89
2250,42,8770.65
2250,43,8897.95
2250,44,8784.16
2250,45,8944.78
2250,46,8888.88
2250,47,8771.82
2250,48,8931.39
2250,49,8806.57
2250,50,8862.79
2250,51,8809.75
2250,52,8835.25
2250,53,8726.7
2250,54,8825.95
2250,55,8893.5
2250,56,8825.51
2250,57,8857.04
2250,58,8899.15
2250,59,8907.25
2250,60,8830.29
2250,61,8909.53
2250,62,8883.66
2250,63,8798.57
2250,64,8869.98
2250,65,8836.8
2250,66,8810.88
2250,67,8817.45
2250,68,8735.88
2250,69,8701.45
2250,70,8895.79
2250,71,8927.18
2250,72,8802.42
2250,73,8633.82
2250,74,8944.92
2250,75,8888.4
2250,76,8830.03
2250,77,8840.51
2250,78,8721.59
2250,79,8926.07
2250,80,8983.32
2250,81,8852.19
2250,82,8850.42
2250,83,8849.85
2250,84,8935.38
2250,85,8712.67
2250,86,8752.17
2250,87,8961.37
2250,88,8927.44
2250,89,8737.41
2250,90,8874.2
2250,91,8833.03
2250,92,8845.45
2250,93,8905.99
2250,94,8740.62
2250,95,8918.52
2250,96,8724.14
2250,97,8828.32
2250,98,8637.64
2250,99,8893.19
2260,0,8949.95
2260,1,8966.84
2260,2,8708.94
2260,3,8919.5
2260,4,8904.16
2260,5,8744.58
2260,6,8774.26
2260,7,8912.03
2260,8,8764.97
2260,9,8915.62
2260,10,8951.72
2260,11,8910.3
2260,12,8751.14
2260,13,8795.86
2260,14,8917.46
2260,15,8927.68
2260,16,8966.27
2260,17,8779.83
2260,18,8708.61
2260,19,8726.17
2260,20,8723.55
2260,21,8917.3
2260,22,8754.31
2260,23,8733.29
2260,24,8698.52
2260,25,8850.8
2260,26,8845.57
2260,27,8945.91
2260,28,8873.7
2260,29,8785.1
2260,30,8839.21
2260,31,8776.18
2260,32,8790.72
2260,33,8939.93
2260,34,8697.35
2260,35,8737.54
2260,36,8865.88
2260,37,8849.14
2260,38,8668.72
2260,39,8699.64
2260,40,8650.5
2260,41,8867.78
2260,42,8763.23
2260,43,8888.34
2260,44,8777.82
2260,45,8935.95
2260,46,8878.33
2260,47,8762.7
2260,48,8920.25
2260,49,8797.24
2260,50,8853.97
2260,51,8801.67
2260,52,8825.04
2260,53,8716.95
2260,54,8814.62
2260,55,8883.09
2260,56,8817.15
2260,57,8848.21
2260,58,8889.36
2260,59,8898.28
2260,60,8820.64
2260,61,8900.37
2260,62,8873.17
2260,63,8787.83
2260,64,8861.38
2260,65,8826.08
2260,66,8801.75
2260,67,8809.46
2260,68,8729.03
2260,69,8693.56
2260,70,8888.68
2260,71,8919.44
2260,72,8791.79
2260,73,8624.74
2260,74,8935.48
2260,75,8879.69
2260,76,8821.1
2260,77,8831.78
2260,78,8713.08
2260,79,8918.23
2260,80,8974.86
2260,81,8840.2
2260,82,8840.43
2260,83,8842.63
2260,84,8924.37
2260,85,8702.58
2260,86,8742.61
2260,87,8950.99
2260,88,8918.61
2260,89,8728.34
2260,90,8862.65
2260,91,8821.4
2260,92,8837.06
2260,93,8896.66
2260,94,8731.79
2260,95,8908.84
2260,96,8713.97
2260,97,8819.49
2260,98,8628.28
2260,99,8883.34
2270,0,8945.14
2270,1,8960.95
2270,2,8698.14
2270,3,8911.62
2270,4,8897.92
2270,5,8734.65
2270,6,8765.36
2270,7,8906.92
2270,8,8758.83
2270,9,8906.14
2270,10,8943.31
2270,11,8903.12
2270,12,8740.35
2270,13,8785.78
2270,14,8910.39
2270,15,8921.43
2270,16,8954.62
2270,17,8769.81
2270,18,8700.97
2270,19,8716.44
2270,20,8714.83
2270,21,8908.05
2270,22,8746.74
2270,23,8722.78
2270,24,8688.57
2270,25,8844.29
2270,26,8838.72
2270,27,8938.88
2270,28,8867.01
2270,29,8779.13
2270,30,8830.34
2270,31,8766.58
2270,32,8779.41
2270,33,8934.93
2270,34,8685.62
2270,35,8725.75
2270,36,8859.27
2270,37,8842.06
2270,38,8658.75
2270,39,8688.45
2270,40,8640.54
2270,41,8860.49
2270,42,8752.55
2270,43,8879.89
2270,44,8766.15
2270,45,8928.51
2270,46,8870.26
2270,47,8755.81
2270,48,8912.56
2270,49,8789.13
2270,50,8845.12
2270,51,8791.97
2270,52,8816.24
2270,53,8706.82
2270,54,8806.21
2270,55,8875.53
2270,56,8806.8
2270,57,8837.38
2270,58,8880.02
2270,59,8888.91
2270,60,8811.32
2270,61,8894.49
2270,62,8865.85
2270,63,8780.87
2270,64,8854.29
2270,65,8816.54
2270,66,8792.06
2270,67,8800.47
2270,68,8719.41
2270,69,8683.69
2270,70,8880.39
2270,71,8908.04
2270,72,8783.16
2270,73,8614.87
2270,74,8926.33
2270,75,8869.87
2270,76,8812.23
2270,77,8821.26
2270,78,8705.42
2270,79,8909.24
2270,80,8965.88
2270,81,8831.9
2270,82,8831.65
2270,83,8834.13
2270,84,8920.38
2270,85,8692.52
2270,86,8732.11
2270,87,8943.13
2270,88,8910.88
2270,89,8719.01
2270,90,8855.58
2270,91,8816.54
2270,92,8826.35
2270,93,8892.94
2270,94,8722.85
2270,95,8901.56
2270,96,8704.37
2270,97,8810.04
2270,98,8616.55
2270,99,8874.39
2280,0,8944.84
2280,1,8960.65
2280,2,8697.84
2280,3,8911.32
2280,4,8897.62
2280,5,8734.35
2280,6,8765.06
2280,7,8906.62
2280,8,8758.53
2280,9,8905.84
2280,10,8943.01
2280,11,8902.82
2280,12,8740.05
2280,13,8785.48
2280,14,8910.09
2280,15,8921.13
2280,16,8954.32
2280,17,8769.51
2280,18,8700.67
2280,19,8716.14
2280,20,8714.53
2280,21,8907.75
2280,22,8746.44
2280,23,8722.48
2280,24,8688.27
2280,25,8843.99
2280,26,8838.42
2280,27,8938.58
2280,28,8866.71
2280,29,8778.83
2280,30,8830.04
2280,31,8766.28
2280,32,8779.11
2280,33,8934.63
2280,34,8685.32
2280,35,8725.45
2280,36,8858.97
2280,37,8841.76
2280,38,8658.45
2280,39,8688.15
2280,40,8640.24
2280,41,8860.19
2280,42,8752.25
2280,43,8879.59
2280,44,8765.85
2280,45,8928.21
2280,46,8869.96
2280,47,8755.51
2280,48,8912.26
2280,49,8788.83
2280,50,8844.82
2280,51,8791.67
2280,52,8815.94
2280,53,8706.52
2280,54,8805.91
2280,55,8875.23
2280,56,8806.5
2280,57,8837.08
2280,58,8879.72
2280,59,8888.61
2280,60,8811.02
2280,61,8894.19
2280,62,8865.55
2280,63,8780.57
2280,64,8853.99
2280,65,8816.24
2280,66,8791.76
2280,67,8800.17
2280,68,8719.11
2280,69,8683.39
2280,70,8880.09
2280,71,8907.74
2280,72,8782.86
2280,73,8614.57
2280,74,8926.03
2280,75,8869.57
2280,76,8811.93
2280,77,8820.96
2280,78,8705.12
2280,79,8908.94
2280,80,8965.58
2280,81,8831.6
2280,82,8831.35
2280,83,8833.83
2280,84,8920.08
2280,85,8692.22
2280,86,8731.81
2280,87,8942.83
2280,88,8910.58
2280,89,8718.71
2280,90,8855.28
2280,91,8816.24
2280,92,8826.05
2280,93,8892.64
2280,94,8722.55
2280,95,8901.26
2280,96,8704.07
2280,97,8809.74
2280,98,8616.25
2280,99,8874.09
2290,0,8939.42
2290,1,8951.64
2290,2,8690.54
2290,3,8904.83
2290,4,8890.12
2290,5,8727.68
2290,6,8757.11
2290,7,8898.26
2290,8,8751.22
2290,9,8896.07
2290,10,8934.11
2290,11,8892.14
2290,12,8734.67
2290,13,8777.92
2290,14,8901.16
2290,15,8913.37
2290,16,8946.21
2290,17,8762.64
2290,18,8692.04
2290,19,8710.4
2290,20,8707.36
2290,21,8897.99
2290,22,8739.11
2290,23,8713.41
2290,24,8680.27
2290,25,8836.64
2290,26,8828.67
2290,27,8932.95
2290,28,8859.83
2290,29,8771.1
2290,30,8822.32
2290,31,8758.95
2290,32,8771.27
2290,33,8928.1
2290,34,8678.67
2290,35,8716.71
2290,36,8851.9
2290,37,8833.15
2290,38,8650.03
2290,39,8680.22
2290,40,8631.54
2290,41,8851.38
2290,42,8744.16
2290,43,8872.55
2290,44,8759.87
2290,45,8920.91
2290,46,8862.03
2290,47,8749.06
2290,48,8905.12
2290,49,8782.3
2290,50,8838.19
2290,51,8785.8
2290,52,8809.05
2290,53,8696.95
2290,54,8798.61
2290,55,8865.17
2290,56,8798.11
2290,57,8830.86
2290,58,8871.8
2290,59,8879.19
2290,60,8802.31
2290,61,8886.95
2290,62,8857.86
2290,63,8771.58
2290,64,8845.3
2290,65,8807.82
2290,66,8784.01
2290,67,8792.36
2290,68,8712.51
2290,69,8676.01
2290,70,8872.35
2290,71,8900.25
2290,72,8774.77
2290,73,8605.86
2290,74,8915.02
2290,75,8864.04
2290,76,8805.13
2290,77,8813.79
2290,78,8696.99
2290,79,8900.41
2290,80,8957.4
2290,81,8817.89
2290,82,8821.47
2290,83,8825.6
2290,84,8911.58
2290,85,8682.84
2290,86,8722.53
2290,87,8932.41
2290,88,8899.61
2290,89,8709.7
2290,90,8843.94
2290,91,8806.93
2290,92,8817.83
2290,93,8883.54
2290,94,8713.99
2290,95,8893.8
2290,96,8695.7
2290,97,8802.1
2290,98,8609.83
2290,99,8864.24
2300,0,8929.72
2300,1,8944.57
2300,2,8677.95
2300,3,8895.03
2300,4,8880.67
2300,5,8716.19
2300,6,8743.81
2300,7,8889.63
2300,8,8739.87
2300,9,8887.43
2300,10,8927.22
2300,11,8885.41
2300,12,8719.25
2300,13,8767.88
2300,14,8893.81
2300,15,8905.07
2300,16,8938.65
2300,17,8752.59
2300,18,8681.98
2300,19,8699.59
2300,20,8695.67
2300,21,8887.22
2300,22,8726.23
2300,23,8699.73
2300,24,8668.12
2300,25,8827.23
2300,26,8820.03
2300,27,8920.56
2300,28,8849.76
2300,29,8761.07
2300,30,8814.27
2300,31,8747.08
2300,32,8760.86
2300,33,8919.16
2300,34,8668.08
2300,35,8708.03
2300,36,8843.62
2300,37,8826.22
2300,38,8640.91
2300,39,8667.49
2300,40,8616.62
2300,41,8843.96
2300,42,8734.48
2300,43,8863.17
2300,44,8748.9
2300,45,8912.65
2300,46,8851.58
2300,47,8736.97
2300,48,8897.11
2300,49,8770.33
2300,50,8828.73
2300,51,8773.77
2300,52,8797.1
2300,53,8685.56
2300,54,8791.35
2300,55,8855.65
2300,56,8785.86
2300,57,8821.01
2300,58,8859.3
2300,59,8869.85
2300,60,8790.58
2300,61,8881.44
2300,62,8847.04
2300,63,8761.01
2300,64,8838.32
2300,65,8798.17
2300,66,8771.16
2300,67,8784.11
2300,68,8701.94
2300,69,8664.17
2300,70,8861.91
2300,71,8889.48
2300,72,8761.65
2300,73,8593.74
2300,74,8907.15
2300,75,8852.64
2300,76,8794.45
2300,77,8802.37
2300,78,8686.23
2300,79,8891.85
2300,80,8949.41
2300,81,8807.69
2300,82,8816.11
2300,83,8817.67
2300,84,8902.18
2300,85,8672.07
2300,86,8713.05
2300,87,8924.64
2300,88,8893.62
2300,89,8698.86
2300,90,8837.16
2300,91,8799.02
2300,92,8809.93
2300,93,8874.06
2300,94,8702.8
2300,95,8885.6
2300,96,8685.96
2300,97,8792.73
2300,98,8594.94
2300,99,8858.62
2310,0,8929.42
2310,1,8944.27
2310,2,8677.65
2310,3,8894.73
2310,4,8880.37
2310,5,8715.89
2310,6,8743.51
2310,7,8889.33
2310,8,8739.57
2310,9,8887.13
2310,10,8926.92
2310,11,8885.11
2310,12,8718.95
2310,13,8767.58
2310,14,8893.51
2310,15,8904.77
2310,16,8938.35
2310,17,8752.29
2310,18,8681.68
2310,19,8699.29
2310,20,8695.37
2310,21,8886.92
2310,22,8725.93
2310,23,8699.43
2310,24,8667.82
2310,25,8826.93
2310,26,8819.73
2310,27,8920.26
2310,28,8849.46
2310,29,8760.77
2310,30,8813.97
2310,31,8746.78
2310,32,8760.56
2310,33,8918.86
2310,34,8667.78
2310,35,8707.73
2310,36,8843.32
2310,37,8825.92
2310,38,8640.61
2310,39,8667.19
2310,40,8616.32
2310,41,8843.66
2310,42,8734.18
2310,43,8862.87
2310,44,8748.6
2310,45,8912.35
2310,46,8851.28
2310,47,8736.67
2310,48,8896.81
2310,49,8770.03
2310,50,8828.43
2310,51,8773.47
2310,52,8796.8
2310,53,8685.26
2310,54,8791.05
2310,55,8855.35
2310,56,8785.56
2310,57,8820.71
2310,58,8859
2310,59,8869.55
2310,60,8790.28
2310,61,8881.14
2310,62,8846.74
2310,63,8760.71
2310,64,8838.02
2310,65,8797.87
2310,66,8770.86
2310,67,8783.81
2310,68,8701.64
2310,69,8663.87
2310,70,8861.61
2310,71,8889.18
2310,72,8761.35
2310,73,8593.44
2310,74,8906.85
2310,75,8852.34
2310,76,8794.15
2310,77,8802.07
2310,78,8685.93
2310,79,8891.55
2310,80,8949.11
2310,81,8807.39
2310,82,8815.81
2310,83,8817.37
2310,84,8901.88
2310,85,8671.77
2310,86,8712.75
2310,87,8924.34
2310,88,8893.32
2310,89,8698.56
2310,90,8836.86
2310,91,8798.72
2310,92,8809.63
2310,93,8873.76
2310,94,8702.5
2310,95,8885.3
2310,96,8685.66
2310,97,8792.43
2310,98,8594.64
2310,99,8858.32
2320,0,8924.17
2320,1,8936.86
2320,2,8670.39
2320,3,8889.17
2320,4,8872.94
2320,5,8709.33
2320,6,8732.85
2320,7,8882.88
2320,8,8735.87
2320,9,8882.13
2320,10,8920.1
2320,11,8879.37
2320,12,8712.84
2320,13,8762.39
2320,14,8890.48
2320,15,8897.97
2320,16,8931.32
2320,17,8749.17
2320,18,8673.59
2320,19,8695.01
2320,20,8688.29
2320,21,8880
2320,22,8720.3
2320,23,8693.01
2320,24,8659.87
2320,25,8818.78
2320,26,8814.58
2320,27,8914.48
2320,28,8841.66
2320,29,8752.25
2320,30,8808.1
2320,31,8739.46
2320,32,8753.51
2320,33,8912.31
2320,34,8662.37
2320,35,8702.58
2320,36,8837.35
2320,37,8819.73
2320,38,8637.92
2320,39,8661.35
2320,40,8610.34
2320,41,8836.14
2320,42,8728.42
2320,43,8856.07
2320,44,8742.06
2320,45,8906.73
2320,46,8845.59
2320,47,8730.3
2320,48,8890.71
2320,49,8761.42
2320,50,8821.91
2320,51,8767.92
2320,52,8790.48
2320,53,8678.52
2320,54,8783.8
2320,55,8848.55
2320,56,8778.61
2320,57,8814.82
2320,58,8852.21
2320,59,8863.86
2320,60,8783.15
2320,61,8877.82
2320,62,8843.54
2320,63,8755.38
2320,64,8830.16
2320,65,8791.05
2320,66,8764.64
2320,67,8778.67
2320,68,8695.4
2320,69,8656.5
2320,70,8857.6
2320,71,8881.65
2320,72,8755.39
2320,73,8585.22
2320,74,8900.61
2320,75,8846.34
2320,76,8788.02
2320,77,8796.19
2320,78,8680.18
2320,79,8886.22
2320,80,8942.97
2320,81,8801.31
2320,82,8812.6
2320,83,8811.96
2320,84,8898.91
2320,85,8666.37
2320,86,8706.52
2320,87,8918.84
2320,88,8882.6
2320,89,8692.39
2320,90,8829.31
2320,91,8794.17
2320,92,8801.65
2320,93,8865.76
2320,94,8693.69
2320,95,8877.87
2320,96,8678.79
2320,97,8786.04
2320,98,8588.2
2320,99,8852.9
2330,0,8914.56
2330,1,8929.8
2330,2,8660.83
2330,3,8882.65
2330,4,8866.47
2330,5,8699.85
2330,6,8723.92
2330,7,8875.63
2330,8,8723.95
2330,9,8874.41
2330,10,8912.79
2330,11,8872.09
2330,12,8703.15
2330,13,8752.3
2330,14,8877.66
2330,15,8891.22
2330,16,8923.43
2330,17,8734.05
2330,18,8666.65
2330,19,8684.37
2330,20,8678.58
2330,21,8871.08
2330,22,8709.02
2330,23,8680.82
2330,24,8649.18
2330,25,8810.43
2330,26,8806.24
2330,27,8906.02
2330,28,8833.39
2330,29,8743
2330,30,8800.08
2330,31,8729.98
2330,32,8743.51
2330,33,8906.96
2330,34,8651.43
2330,35,8692.84
2330,36,8830.01
2330,37,8812.01
2330,38,8624.9
2330,39,8649.2
2330,40,8600.44
2330,41,8828.91
2330,42,8718.46
2330,43,8846.14
2330,44,8734.18
2330,45,8896.89
2330,46,8837.61
2330,47,8720.57
2330,48,8883.21
2330,49,8753.66
2330,50,8813.98
2330,51,8759.68
2330,52,8783.35
2330,53,8667.84
2330,54,8773.53
2330,55,8840.58
2330,56,8768.91
2330,57,8803.08
2330,58,8842.84
2330,59,8855
2330,60,8773.01
2330,61,8868.15
2330,62,8834.31
2330,63,8747.84
2330,64,8822.03
2330,65,8781.47
2330,66,8754.55
2330,67,8769.46
2330,68,8685.78
2330,69,8645.67
2330,70,8846.94
2330,71,8873.78
2330,72,8742.86
2330,73,8574.21
2330,74,8892.63
2330,75,8836.52
2330,76,8779.41
2330,77,8785.79
2330,78,8671.76
2330,79,8879.3
2330,80,8935.73
2330,81,8786.94
2330,82,8799.54
2330,83,8806.09
2330,84,8890.47
2330,85,8653.57
2330,86,8695.84
2330,87,8906.69
2330,88,8878.8
2330,89,8681.01
2330,90,8820.24
2330,91,8785.33
2330,92,8794.77
2330,93,8853.31
2330,94,8685.2
2330,95,8870.93
2330,96,8666.82
2330,97,8777
2330,98,8578.57
2330,99,8841.42
2340,0,8914.26
2340,1,8929.5
2340,2,8660.53
2340,3,8882.35
2340,4,8866.17
2340,5,8699.55
2340,6,8723.62
2340,7,8875.33
2340,8,8723.65
2340,9,8874.11
2340,10,8912.49
2340,11,8871.79
2340,12,8702.85
2340,13,8752
2340,14,8877.36
2340,15,8890.92
2340,16,8923.13
2340,17,8733.75
2340,18,8666.35
2340,19,8684.07
2340,20,8678.28
2340,21,8870.78
2340,22,8708.72
2340,23,8680.52
2340,24,8648.88
2340,25,8810.13
2340,26,8805.94
2340,27,8905.72
2340,28,8833.09
2340,29,8742.7
2340,30,8799.78
2340,31,8729.68
2340,32,8743.21
2340,33,8906.66
2340,34,8651.13
2340,35,8692.54
2340,36,8829.71
2340,37,8811.71
2340,38,8624.6
2340,39,8648.9
2340,40,8600.14
2340,41,8828.61
2340,42,8718.16
2340,43,8845.84
2340,44,8733.88
2340,45,8896.59
2340,46,8837.31
2340,47,8720.27
2340,48,8882.91
2340,49,8753.36
2340,50,8813.68
2340,51,8759.38
2340,52,8783.05
2340,53,8667.54
2340,54,8773.23
2340,55,8840.28
2340,56,8768.61
2340,57,8802.78
2340,58,8842.54
2340,59,8854.7
2340,60,8772.71
2340,61,8867.85
2340,62,8834.01
2340,63,8747.54
2340,64,8821.73
2340,65,8781.17
2340,66,8754.25
2340,67,8769.16
2340,68,8685.48
2340,69,8645.37
2340,70,8846.64
2340,71,8873.48
2340,72,8742.56
2340,73,8573.91
2340,74,8892.33
2340,75,8836.22
2340,76,8779.11
2340,77,8785.49
2340,78,8671.46
2340,79,8879
2340,80,8935.43
2340,81,8786.64
2340,82,8799.24
2340,83,8805.79
2340,84,8890.17
2340,85,8653.27
2340,86,8695.54
2340,87,8906.39
2340,88,8878.5
2340,89,8680.71
2340,90,8819.94
2340,91,8785.03
2340,92,8794.47
2340,93,8853.01
2340,94,8684.9
2340,95,8870.63
2340,96,8666.52
2340,97,8776.7
2340,98,8578.27
2340,99,8841.12
2350,0,8909.66
2350,1,8927.18
2350,2,8658.18
2350,3,8879.04
2350,4,8863.04
2350,5,8697.38
2350,6,8718.62
2350,7,8872.43
2350,8,8720.19
2350,9,8872.58
2350,10,8907.65
2350,11,8869.53
2350,12,8700.99
2350,13,8747.17
2350,14,8874.37
2350,15,8889.61
2350,16,8920.53
2350,17,8730.63
2350,18,8662.98
2350,19,8681.8
2350,20,8674.77
2350,21,8868.2
2350,22,8705.35
2350,23,8678.34
2350,24,8645.22
2350,25,8805.37
2350,26,8804.22
2350,27,8901.19
2350,28,8830.57
2350,29,8740.14
2350,30,8794.65
2350,31,8725.65
2350,32,8740.54
2350,33,8901.79
2350,34,8647.03
2350,35,8689.14
2350,36,8826.03
2350,37,8807.71
2350,38,8624.3
2350,39,8643.71
2350,40,8597.3
2350,41,8824.61
2350,42,8713.33
2350,43,8844.27
2350,44,8730.08
2350,45,8892.62
2350,46,8835.58
2350,47,8717.67
2350,48,8880.85
2350,49,8749.48
2350,50,8811.34
2350,51,8756.08
2350,52,8777.44
2350,53,8663.7
2350,54,8770.77
2350,55,8835.8
2350,56,8766.01
2350,57,8799.93
2350,58,8836.86
2350,59,8853
2350,60,8770.37
2350,61,8864.46
2350,62,8830.81
2350,63,8745.36
2350,64,8816.35
2350,65,8778.68
2350,66,8749.46
2350,67,8766.4
2350,68,8683.18
2350,69,8642.13
2350,70,8842.5
2350,71,8871.2
2350,72,8737.91
2350,73,8569.27
2350,74,8888.58
2350,75,8832.89
2350,76,8775.19
2350,77,8780.69
2350,78,8668
2350,79,8874.22
2350,80,8932.12
2350,81,8784.02
2350,82,8796.05
2350,83,8801.32
2350,84,8887.26
2350,85,8649.25
2350,86,8691.1
2350,87,8904.77
2350,88,8874.22
2350,89,8678.48
2350,90,8815.75
2350,91,8780.38
2350,92,8791.08
2350,93,8849.47
2350,94,8682.43
2350,95,8868.09
2350,96,8661.29
2350,97,8773.29
2350,98,8576.2
2350,99,8838.18
2360,0,8897.88
2360,1,8912.4
2360,2,8640.19
2360,3,8865.44
2360,4,8848.26
2360,5,8680.37
2360,6,8700.91
2360,7,8857.55
2360,8,8703.97
2360,9,8857
2360,10,8895.4
2360,11,8851.77
2360,12,8679.99
2360,13,8732.15
2360,14,8859.22
2360,15,8872.49
2360,16,8906.37
2360,17,8714.67
2360,18,8645.1
2360,19,8660.17
2360,20,8656.26
2360,21,8850.75
2360,22,8687.51
2360,23,8656.72
2360,24,8626.99
2360,25,8790.05
2360,26,8788
2360,27,8886.29
2360,28,8814.44
2360,29,8718.95
2360,30,8781.81
2360,31,8710.05
2360,32,8717.6
2360,33,8888.91
2360,34,8627.68
2360,35,8668.79
2360,36,8808.82
2360,37,8794.82
2360,38,8599.03
2360,39,8627.14
2360,40,8575.52
2360,41,8811.26
2360,42,8697.27
2360,43,8826.74
2360,44,8715.63
2360,45,8878.11
2360,46,8816.06
2360,47,8697.4
2360,48,8864.94
2360,49,8733.5
2360,50,8794.39
2360,51,8737.78
2360,52,8762.82
2360,53,8644.45
2360,54,8757.17
2360,55,8818.44
2360,56,8747.9
2360,57,8781.69
2360,58,8824.73
2360,59,8834.43
2360,60,8749.06
2360,61,8853.76
2360,62,8814.33
2360,63,8729.75
2360,64,8804.17
2360,65,8758.98
2360,66,8733.85
2360,67,8752.13
2360,68,8666.65
2360,69,8624.27
2360,70,8825.78
2360,71,8855.14
2360,72,8718.84
2360,73,8550.85
2360,74,8871.73
2360,75,8818.49
2360,76,8761.11
2360,77,8762.72
2360,78,8651.19
2360,79,8860.18
2360,80,8917.7
2360,81,8764.6
2360,82,8779.06
2360,83,8788.49
2360,84,8871.81
2360,85,8632.14
2360,86,8675.7
2360,87,8885.55
2360,88,8861.86
2360,89,8659.61
2360,90,8798.62
2360,91,8766.03
2360,92,8775.92
2360,93,8836.01
2360,94,8662.91
2360,95,8853.15
2360,96,8644.03
2360,97,8756.76
2360,98,8555.04
2360,99,8821.07
2370,0,8897.58
2370,1,8912.1
2370,2,8639.89
2370,3,8865.14
2370,4,8847.96
2370,5,8680.07
2370,6,8700.61
2370,7,8857.25
2370,8,8703.67
2370,9,8856.7
2370,10,8895.1
2370,11,8851.47
2370,12,8679.69
2370,13,8731.85
2370,14,8858.92
2370,15,8872.19
2370,16,8906.07
2370,17,8714.37
2370,18,8644.8
2370,19,8659.87
2370,20,8655.96
2370,21,8850.45
2370,22,8687.21
2370,23,8656.42
2370,24,8626.69
2370,25,8789.75
2370,26,8787.7
2370,27,8885.99
2370,28,8814.14
2370,29,8718.65
2370,30,8781.51
2370,31,8709.75
2370,32,8717.3
2370,33,8888.61
2370,34,8627.38
2370,35,8668.49
2370,36,8808.52
2370,37,8794.52
2370,38,8598.73
2370,39,8626.84
2370,40,8575.22
2370,41,8810.96
2370,42,8696.97
2370,43,8826.44
2370,44,8715.33
2370,45,8877.81
2370,46,8815.76
2370,47,8697.1
2370,48,8864.64
2370,49,8733.2
2370,50,8794.09
2370,51,8737.48
2370,52,8762.52
2370,53,8644.15
2370,54,8756.87
2370,55,8818.14
2370,56,8747.6
2370,57,8781.39
2370,58,8824.43
2370,59,8834.13
2370,60,8748.76
2370,61,8853.46
2370,62,8814.03
2370,63,8729.45
2370,64,8803.87
2370,65,8758.68
2370,66,8733.55
2370,67,8751.83
2370,68,8666.35
2370,69,8623.97
2370,70,8825.48
2370,71,8854.84
2370,72,8718.54
2370,73,8550.55
2370,74,8871.43
2370,75,8818.19
2370,76,8760.81
2370,77,8762.42
2370,78,8650.89
2370,79,8859.88
2370,80,8917.4
2370,81,8764.3
2370,82,8778.76
2370,83,8788.19
2370,84,8871.51
2370,85,8631.84
2370,86,8675.4
2370,87,8885.25
2370,88,8861.56
2370,89,8659.31
2370,90,8798.32
2370,91,8765.73
2370,92,8775.62
2370,93,8835.71
2370,94,8662.61
2370,95,8852.85
2370,96,8643.73
2370,97,8756.46
2370,98,8554.74
2370,99,8820.77
2380,0,8897.28
2380,1,8911.8
2380,2,8637.58
2380,3,8864.8
2380,4,8846.03
2380,5,8677.93
2380,6,8698.94
2380,7,8855.4
2380,8,8703.37
2380,9,8855.14
2380,10,8893.69
2380,11,8849.16
2380,12,8677.78
2380,13,8730.52
2380,14,8858.62
2380,15,8870.94
2380,16,8905.77
2380,17,8714.07
2380,18,8643.38
2380,19,8659.57
2380,20,8654.58
2380,21,8847.91
2380,22,8686.91
2380,23,8654.33
2380,24,8625.69
2380,25,8787.92
2380,26,8786.04
2380,27,8885.69
2380,28,8813.84
2380,29,8716.59
2380,30,8779.5
2380,31,8707.61
2380,32,8717
2380,33,8887.23
2380,34,8627.08
2380,35,8668.15
2380,36,8808.22
2380,37,8794.17
2380,38,8598.43
2380,39,8624.9
2380,40,8574.92
2380,41,8809.05
2380,42,8695.6
2380,43,8826.14
2380,44,8713.35
2380,45,8876.18
2380,46,8815.46
2380,47,8694.59
2380,48,8864.34
2380,49,8731.54
2380,50,8793.79
2380,51,8737.13
2380,52,8760.7
2380,53,8643.13
2380,54,8756.57
2380,55,8816.33
2380,56,8745.83
2380,57,8781.09
2380,58,8822.48
2380,59,8832.42
2380,60,8746.39
2380,61,8851.23
2380,62,8813.73
2380,63,8729.15
2380,64,8803.57
2380,65,8756.16
2380,66,8732.17
2380,67,8751.47
2380,68,8664.17
2380,69,8623.61
2380,70,8825.18
2380,71,8852.56
2380,72,8716.8
2380,73,8550.25
2380,74,8869.75
2380,75,8817.33
2380,76,8760.51
2380,77,8761.07
2380,78,8650.59
2380,79,8859.52
2380,80,8916.2
2380,81,8761.75
2380,82,8778.46
2380,83,8787.37
2380,84,8868.65
2380,85,8631.54
2380,86,8673.57
2380,87,8884.95
2380,88,8859.48
2380,89,8657.16
2380,90,8797.36
2380,91,8763.14
2380,92,8774.4
2380,93,8833.2
2380,94,8660.54
2380,95,8852.55
2380,96,8642.04
2380,97,8755.53
2380,98,8554.44
2380,99,8820.47
2390,0,8879.48
2390,1,8892.59
2390,2,8623.99
2390,3,8848.85
2390,4,8831.58
2390,5,8662.17
2390,6,8682.62
2390,7,8839.01
2390,8,8688.61
2390,9,8838.46
2390,10,8877.26
2390,11,8832.92
2390,12,8660.56
2390,13,8715.53
2390,14,8839.99
2390,15,8855.01
2390,16,8885.6
2390,17,8691.33
2390,18,8625.01
2390,19,8637.43
2390,20,8636.32
2390,21,8830.31
2390,22,8670.89
2390,23,8636.94
2390,24,8606.59
2390,25,8769.69
2390,26,8769.25
2390,27,8869.94
2390,28,8795.51
2390,29,8700.99
2390,30,8764.57
2390,31,8694.43
2390,32,8699.34
2390,33,8869.74
2390,34,8609.94
2390,35,8651.56
2390,36,8789.51
2390,37,8780.24
2390,38,8576.51
2390,39,8605.82
2390,40,8555.96
2390,41,8791.14
2390,42,8678.06
2390,43,8807.58
2390,44,8698.39
2390,45,8858.97
2390,46,8796.18
2390,47,8679.86
2390,48,8844.53
2390,49,8716.28
2390,50,8773.2
2390,51,8719.45
2390,52,8747.35
2390,53,8627.27
2390,54,8738.86
2390,55,8798.41
2390,56,8729.76
2390,57,8760.57
2390,58,8805.55
2390,59,8815.08
2390,60,8730.31
2390,61,8837.39
2390,62,8796.1
2390,63,8712.95
2390,64,8789.76
2390,65,8737.77
2390,66,8716.33
2390,67,8734.92
2390,68,8646.56
2390,69,8605.72
2390,70,8808.67
2390,71,8835.32
2390,72,8700.87
2390,73,8530.21
2390,74,8852.78
2390,75,8799.87
2390,76,8746.4
2390,77,8742.28
2390,78,8633.65
2390,79,8844.96
2390,80,8900.33
2390,81,8741.75
2390,82,8760.01
2390,83,8773.57
2390,84,8853.18
2390,85,8612.16
2390,86,8656.51
2390,87,8865.67
2390,88,8845.2
2390,89,8641.81
2390,90,8777.96
2390,91,8745.7
2390,92,8756.32
2390,93,8813.53
2390,94,8643.62
2390,95,8834.54
2390,96,8624.55
2390,97,8737.85
2390,98,8535.36
2390,99,8802.11
2400,0,8879.19
2400,1,8892.29
2400,2,8623.69
2400,3,8848.55
2400,4,8831.28
2400,5,8661.87
2400,6,8682.32
2400,7,8838.71
2400,8,8688.31
2400,9,8838.16
2400,10,8876.96
2400,11,8832.62
2400,12,8660.26
2400,13,8715.23
2400,14,8839.69
2400,15,8854.71
2400,16,8885.3
2400,17,8691.03
2400,18,8624.71
2400,19,8637.14
2400,20,8636.02
2400,21,8830.01
2400,22,8670.59
2400,23,8636.64
2400,24,8606.29
2400,25,8769.39
2400,26,8768.95
2400,27,8869.64
2400,28,8795.21
2400,29,8700.69
2400,30,8764.27
2400,31,8694.13
2400,32,8699.04
2400,33,8869.44
2400,34,8609.64
2400,35,8651.26
2400,36,8789.22
2400,37,8779.94
2400,38,8576.23
2400,39,8605.52
2400,40,8555.66
2400,41,8790.84
2400,42,8677.76
2400,43,8807.28
2400,44,8698.09
2400,45,8858.67
2400,46,8795.89
2400,47,8679.56
2400,48,8844.25
2400,49,8715.98
2400,50,8772.93
2400,51,8719.15
2400,52,8747.05
2400,53,8626.97
2400,54,8738.56
2400,55,8798.11
2400,56,8729.46
2400,57,8760.27
2400,58,8805.25
2400,59,8814.78
2400,60,8730.01
2400,61,8837.09
2400,62,8795.8
2400,63,8712.65
2400,64,8789.46
2400,65,8737.47
2400,66,8716.03
2400,67,8734.62
2400,68,8646.26
2400,69,8605.42
2400,70,8808.37
2400,71,8835.02
2400,72,8700.57
2400,73,8529.91
2400,74,8852.48
2400,75,8799.57
2400,76,8746.1
2400,77,8741.98
2400,78,8633.35
2400,79,8844.66
2400,80,8900.03
2400,81,8741.45
2400,82,8759.71
2400,83,8773.27
2400,84,8852.88
2400,85,8611.86
2400,86,8656.21
2400,87,8865.38
2400,88,8844.9
2400,89,8641.51
2400,90,8777.66
2400,91,8745.4
2400,92,8756.02
2400,93,8813.23
2400,94,8643.32
2400,95,8834.24
2400,96,8624.25
2400,97,8737.55
2400,98,8535.06
2400,99,8801.81
2410,0,8878.89
2410,1,8891.99
2410,2,8623.39
2410,3,8848.19
2410,4,8830.98
2410,5,8661.57
2410,6,8682.02
2410,7,8838.41
2410,8,8688.01
2410,9,8837.86
2410,10,8876.66
2410,11,8832.32
2410,12,8659.96
2410,13,8714.93
2410,14,8839.39
2410,15,8853.47
2410,16,8885
2410,17,8690.73
2410,18,8624.41
2410,19,8636.84
2410,20,8635.72
2410,21,8829.71
2410,22,8670.29
2410,23,8636.34
2410,24,8605.99
2410,25,8769.09
2410,26,8768.65
2410,27,8869.34
2410,28,8794.91
2410,29,8700.39
2410,30,8763.97
2410,31,8693.83
2410,32,8698.74
2410,33,8869.14
2410,34,8609.34
2410,35,8650.9
2410,36,8788.92
2410,37,8779.58
2410,38,8575.93
2410,39,8605.22
2410,40,8555.36
2410,41,8790.54
2410,42,8677.46
2410,43,8806.98
2410,44,8697.79
2410,45,8858.37
2410,46,8795.59
2410,47,8679.26
2410,48,8843.95
2410,49,8715.68
2410,50,8772.63
2410,51,8718.78
2410,52,8746.75
2410,53,8626.04
2410,54,8738.26
2410,55,8797.81
2410,56,8729.16
2410,57,8759.97
2410,58,8804.95
2410,59,8814.48
2410,60,8729.71
2410,61,8836.79
2410,62,8795.5
2410,63,8712.35
2410,64,8789.16
2410,65,8737.17
2410,66,8715.73
2410,67,8734.32
2410,68,8645.96
2410,69,8605.12
2410,70,8808.07
2410,71,8834.72
2410,72,8700.27
2410,73,8529.61
2410,74,8852.18
2410,75,8799.27
2410,76,8745.8
2410,77,8741.68
2410,78,8633.05
2410,79,8844.36
2410,80,8899.73
2410,81,8741.15
2410,82,8759.41
2410,83,8772.97
2410,84,8852.58
2410,85,8611.56
2410,86,8655.91
2410,87,8865.08
2410,88,8844.6
2410,89,8641.21
2410,90,8777.36
2410,91,8745.1
2410,92,8755.72
2410,93,8812.93
2410,94,8643.02
2410,95,8833.94
2410,96,8623.95
2410,97,8737.25
2410,98,8534.76
2410,99,8801.51
2420,0,8862.32
2420,1,8876.51
2420,2,8601.54
2420,3,8831.33
2420,4,8811.48
2420,5,8643.35
2420,6,8659.85
2420,7,8820.7
2420,8,8668.42
2420,9,8819.44
2420,10,8859.48
2420,11,8814.93
2420,12,8637.59
2420,13,8696.97
2420,14,8820.87
2420,15,8835.26
2420,16,8867.89
2420,17,8671.74
2420,18,8606.37
2420,19,8615.51
2420,20,8616.83
2420,21,8809.43
2420,22,8650.06
2420,23,8611.35
2420,24,8584.24
2420,25,8750.01
2420,26,8750.15
2420,27,8849.48
2420,28,8776.51
2420,29,8678.82
2420,30,8744.18
2420,31,8672.61
2420,32,8675.01
2420,33,8851.4
2420,34,8584.34
2420,35,8630.5
2420,36,8768.8
2420,37,8763.23
2420,38,8553.72
2420,39,8581.8
2420,40,8533.88
2420,41,8773.46
2420,42,8660.36
2420,43,8788.67
2420,44,8680.82
2420,45,8843.23
2420,46,8777.54
2420,47,8658.43
2420,48,8825.93
2420,49,8697.35
2420,50,8753.46
2420,51,8701.35
2420,52,8724.02
2420,53,8601.09
2420,54,8720.96
2420,55,8777.83
2420,56,8707.42
2420,57,8738.74
2420,58,8783.95
2420,59,8796.28
2420,60,8708.18
2420,61,8822.87
2420,62,8776.72
2420,63,8693.64
2420,64,8771.79
2420,65,8716.61
2420,66,8695.12
2420,67,8716.48
2420,68,8627.82
2420,69,8584.24
2420,70,8788.05
2420,71,8815.48
2420,72,8675.97
2420,73,8507.54
2420,74,8833.62
2420,75,8779.61
2420,76,8728.46
2420,77,8721.65
2420,78,8612.56
2420,79,8826.01
2420,80,8883.99
2420,81,8717.89
2420,82,8740.24
2420,83,8752.61
2420,84,8834.88
2420,85,8590.61
2420,86,8638.26
2420,87,8846.88
2420,88,8826.6
2420,89,8619.59
2420,90,8757.01
2420,91,8726.09
2420,92,8737.77
2420,93,8792.03
2420,94,8619.81
2420,95,8816.56
2420,96,8600.82
2420,97,8717.46
2420,98,8510.9
2420,99,8781.7
2430,0,8862.02
2430,1,8876.21
2430,2,8601.24
2430,3,8831.03
2430,4,8811.18
2430,5,8643.05
2430,6,8659.55
2430,7,8820.4
2430,8,8668.12
2430,9,8819.14
2430,10,8859.18
2430,11,8814.63
2430,12,8637.29
2430,13,8696.67
2430,14,8820.57
2430,15,8834.96
2430,16,8867.59
2430,17,8671.44
2430,18,8606.07
2430,19,8615.21
2430,20,8616.53
2430,21,8809.13
2430,22,8649.76
2430,23,8611.06
2430,24,8583.94
2430,25,8749.71
2430,26,8749.85
2430,27,8849.18
2430,28,8776.21
2430,29,8678.52
2430,30,8743.88
2430,31,8672.31
2430,32,8674.73
2430,33,8851.1
2430,34,8584.06
2430,35,8630.2
2430,36,8768.5
2430,37,8762.93
2430,38,8553.42
2430,39,8581.5
2430,40,8533.58
2430,41,8773.16
2430,42,8660.06
2430,43,8788.37
2430,44,8680.52
2430,45,8842.93
2430,46,8777.24
2430,47,8658.13
2430,48,8825.63
2430,49,8697.05
2430,50,8753.16
2430,51,8701.05
2430,52,8723.72
2430,53,8600.79
2430,54,8720.66
2430,55,8777.53
2430,56,8707.12
2430,57,8738.44
2430,58,8783.65
2430,59,8795.98
2430,60,8707.88
2430,61,8822.57
2430,62,8776.42
2430,63,8693.34
2430,64,8771.49
2430,65,8716.31
2430,66,8694.82
2430,67,8716.18
2430,68,8627.52
2430,69,8583.94
2430,70,8787.75
2430,71,8815.18
2430,72,8675.67
2430,73,8507.24
2430,74,8833.32
2430,75,8779.31
2430,76,8728.16
2430,77,8721.35
2430,78,8612.26
2430,79,8825.71
2430,80,8883.69
2430,81,8717.59
2430,82,8739.94
2430,83,8752.31
2430,84,8834.58
2430,85,8590.31
2430,86,8637.96
2430,87,8846.58
2430,88,8826.3
2430,89,8619.29
2430,90,8756.71
2430,91,8725.79
2430,92,8737.47
2430,93,8791.73
2430,94,8619.51
2430,95,8816.26
2430,96,8600.52
2430,97,8717.16
2430,98,8510.6
2430,99,8781.4
2440,0,8861.72
2440,1,8875.91
2440,2,8600.94
2440,3,8830.73
2440,4,8810.88
2440,5,8642.75
2440,6,8659.25
2440,7,8820.1
2440,8,8667.82
2440,9,8818.84
2440,10,8858.88
2440,11,8814.33
2440,12,8636.99
2440,13,8696.37
2440,14,8820.27
2440,15,8834.66
2440,16,8867.29
2440,17,8671.14
2440,18,8605.77
2440,19,8614.91
2440,20,8616.23
2440,21,8808.83
2440,22,8649.46
2440,23,8610.76
2440,24,8583.64
2440,25,8749.41
2440,26,8749.55
2440,27,8848.88
2440,28,8775.91
2440,29,8678.22
2440,30,8743.58
2440,31,8672.01
2440,32,8674.43
2440,33,8850.8
2440,34,8583.76
2440,35,8629.9
2440,36,8768.2
2440,37,8762.63
2440,38,8553.12
2440,39,8581.2
2440,40,8533.28
2440,41,8772.86
2440,42,8659.76
2440,43,8788.07
2440,44,8680.22
2440,45,8842.63
2440,46,8776.94
2440,47,8657.83
2440,48,8825.33
2440,49,8696.75
2440,50,8752.86
2440,51,8700.75
2440,52,8723.42
2440,53,8600.49
2440,54,8720.36
2440,55,8777.23
2440,56,8706.82
2440,57,8738.14
2440,58,8783.35
2440,59,8795.68
2440,60,8707.58
2440,61,8822.27
2440,62,8776.12
2440,63,8693.04
2440,64,8771.19
2440,65,8716.01
2440,66,8694.52
2440,67,8715.88
2440,68,8627.22
2440,69,8583.64
2440,70,8787.45
2440,71,8814.88
2440,72,8675.37
2440,73,8506.94
2440,74,8833.02
2440,75,8779.01
2440,76,8727.86
2440,77,8721.05
2440,78,8611.96
2440,79,8825.41
2440,80,8883.39
2440,81,8717.29
2440,82,8739.64
2440,83,8752.01
2440,84,8834.28
2440,85,8590.01
2440,86,8637.66
2440,87,8846.28
2440,88,8826
2440,89,8618.99
2440,90,8756.41
2440,91,8725.49
2440,92,8737.17
2440,93,8791.43
2440,94,8619.21
2440,95,8815.96
2440,96,8600.22
2440,97,8716.86
2440,98,8510.3
2440,99,8781.1
2450,0,8848.7
2450,1,8859.08
2450,2,8582.07
2450,3,8817.67
2450,4,8796.41
2450,5,8626.1
2450,6,8640.22
2450,7,8803.97
2450,8,8652.71
2450,9,8805.28
2450,10,8846.45
2450,11,8799.55
2450,12,8616.86
2450,13,8680.81
2450,14,8803.87
2450,15,8820.35
2450,16,8850.1
2450,17,8651.01
2450,18,8587.27
2450,19,8596.05
2450,20,8598.88
2450,21,8793.42
2450,22,8633.51
2450,23,8591.59
2450,24,8564.34
2450,25,8733.13
2450,26,8735.72
2450,27,8833.86
2450,28,8761.74
2450,29,8659.85
2450,30,8729.93
2450,31,8653.63
2450,32,8656.77
2450,33,8835.75
2450,34,8568.89
2450,35,8611.95
2450,36,8752.55
2450,37,8749.17
2450,38,8532.65
2450,39,8560.98
2450,40,8513.57
2450,41,8756.14
2450,42,8643.52
2450,43,8773.23
2450,44,8666.45
2450,45,8827.36
2450,46,8760.78
2450,47,8640.07
2450,48,8808.98
2450,49,8682
2450,50,8736.65
2450,51,8685.34
2450,52,8710.14
2450,53,8583.17
2450,54,8707.83
2450,55,8761.77
2450,56,8690.53
2450,57,8719.49
2450,58,8767.65
2450,59,8782.5
2450,60,8691.95
2450,61,8809.26
2450,62,8762.31
2450,63,8678.31
2450,64,8757.28
2450,65,8698.07
2450,66,8676.37
2450,67,8701.06
2450,68,8609.44
2450,69,8567.27
2450,70,8771.72
2450,71,8797.67
2450,72,8659.53
2450,73,8486.87
2450,74,8817.35
2450,75,8761.11
2450,76,8714.09
2450,77,8703.43
2450,78,8596.41
2450,79,8811.07
2450,80,8868.86
2450,81,8702.73
2450,82,8721.18
2450,83,8740.04
2450,84,8819.48
2450,85,8574.36
2450,86,8618.82
2450,87,8830.74
2450,88,8812.82
2450,89,8603.31
2450,90,8740.27
2450,91,8709.89
2450,92,8721.44
2450,93,8774.82
2450,94,8601.53
2450,95,8800.82
2450,96,8580.33
2450,97,8701.15
2450,98,8490.14
2450,99,8762.56
2460,0,8848.4
2460,1,8858.78
2460,2,8581.77
2460,3,8817.37
2460,4,8796.11
2460,5,8625.8
2460,6,8639.92
2460,7,8803.67
2460,8,8652.41
2460,9,8804.98
2460,10,8846.15
2460,11,8799.25
2460,12,8616.56
2460,13,8680.51
2460,14,8803.57
2460,15,8820.05
2460,16,8849.8
2460,17,8650.71
2460,18,8586.97
2460,19,8595.75
2460,20,8598.58
2460,21,8793.12
2460,22,8633.21
2460,23,8591.29
2460,24,8564.04
2460,25,8732.83
2460,26,8735.42
2460,27,8833.56
2460,28,8761.44
2460,29,8659.55
2460,30,8729.63
2460,31,8653.33
2460,32,8656.47
2460,33,8835.45
2460,34,8568.59
2460,35,8611.65
2460,36,8752.25
2460,37,8748.87
2460,38,8532.35
2460,39,8560.68
2460,40,8513.27
2460,41,8755.84
2460,42,8643.22
2460,43,8772.93
2460,44,8666.15
2460,45,8827.06
2460,46,8760.48
2460,47,8639.77
2460,48,8808.68
2460,49,8681.7
2460,50,8736.35
2460,51,8685.04
2460,52,8709.84
2460,53,8582.87
2460,54,8707.53
2460,55,8761.47
2460,56,8690.23
2460,57,8719.19
2460,58,8767.35
2460,59,8782.2
2460,60,8691.65
2460,61,8808.96
2460,62,8762.01
2460,63,8678.01
2460,64,8756.98
2460,65,8697.77
2460,66,8676.07
2460,67,8700.76
2460,68,8609.14
2460,69,8566.97
2460,70,8771.42
2460,71,8797.37
2460,72,8659.23
2460,73,8486.57
2460,74,8817.05
2460,75,8760.81
2460,76,8713.79
2460,77,8703.13
2460,78,8596.11
2460,79,8810.77
2460,80,8868.56
2460,81,8702.43
2460,82,8720.88
2460,83,8739.74
2460,84,8819.18
2460,85,8574.06
2460,86,8618.52
2460,87,8830.44
2460,88,8812.52
2460,89,8603.01
2460,90,8739.97
2460,91,8709.59
2460,92,8721.14
2460,93,8774.52
2460,94,8601.23
2460,95,8800.52
2460,96,8580.03
2460,97,8700.85
2460,98,8489.84
2460,99,8762.26
2470,0,8848.1
2470,1,8858.48
2470,2,8581.47
2470,3,8817.07
2470,4,8795.81
2470,5,8625.5
2470,6,8639.62
2470,7,8803.37
2470,8,8652.11
2470,9,8804.68
2470,10,8845.85
2470,11,8798.95
2470,12,8616.26
2470,13,8680.21
2470,14,8803.27
2470,15,8819.75
2470,16,8849.5
2470,17,8650.41
2470,18,8586.67
2470,19,8595.45
2470,20,8598.28
2470,21,8792.82
2470,22,8632.91
2470,23,8590.99
2470,24,8563.74
2470,25,8732.53
2470,26,8735.12
2470,27,8833.26
2470,28,8761.14
2470,29,8659.25
2470,30,8729.33
2470,31,8653.03
2470,32,8656.17
2470,33,8835.15
2470,34,8568.29
2470,35,8611.35
2470,36,8751.95
2470,37,8748.57
2470,38,8532.05
2470,39,8560.38
2470,40,8512.97
2470,41,8755.54
2470,42,8642.92
2470,43,8772.63
2470,44,8665.85
2470,45,8826.76
2470,46,8760.18
2470,47,8639.47
2470,48,8808.38
2470,49,8681.4
2470,50,8736.05
2470,51,8684.74
2470,52,8709.54
2470,53,8582.57
2470,54,8707.23
2470,55,8761.17
2470,56,8689.93
2470,57,8718.89
2470,58,8767.05
2470,59,8781.9
2470,60,8691.35
2470,61,8808.66
2470,62,8761.71
2470,63,8677.71
2470,64,8756.68
2470,65,8697.47
2470,66,8675.77
2470,67,8700.46
2470,68,8608.84
2470,69,8566.67
2470,70,8771.12
2470,71,8797.07
2470,72,8658.93
2470,73,8486.27
2470,74,8816.75
2470,75,8760.51
2470,76,8713.49
2470,77,8702.83
2470,78,8595.81
2470,79,8810.47
2470,80,8868.26
2470,81,8702.13
2470,82,8720.58
2470,83,8739.44
2470,84,8818.88
2470,85,8573.76
2470,86,8618.22
2470,87,8830.14
2470,88,8812.22
2470,89,8602.71
2470,90,8739.67
2470,91,8709.29
2470,92,8720.84
2470,93,8774.22
2470,94,8600.93
2470,95,8800.22
2470,96,8579.73
2470,97,8700.55
2470,98,8489.54
2470,99,8761.96
2480,0,8836.47
2480,1,8846.8
2480,2,8566.38
2480,3,8806.83
2480,4,8785.29
2480,5,8612.47
2480,6,8627.47
2480,7,8792.65
2480,8,8639.27
2480,9,8793.69
2480,10,8833.34
2480,11,8786.03
2480,12,8601.11
2480,13,8668.59
2480,14,8791.57
2480,15,8808.27
2480,16,8836.98
2480,17,8638.71
2480,18,8572.65
2480,19,8581.46
2480,20,8587.63
2480,21,8779.41
2480,22,8619.69
2480,23,8576.52
2480,24,8549.23
2480,25,8720.62
2480,26,8724.1
2480,27,8822.46
2480,28,8749.13
2480,29,8645.63
2480,30,8717.47
2480,31,8641.85
2480,32,8643.61
2480,33,8822.38
2480,34,8554.28
2480,35,8597.07
2480,36,8738.82
2480,37,8739.71
2480,38,8515.59
2480,39,8547.47
2480,40,8496.14
2480,41,8744.25
2480,42,8631.08
2480,43,8762.65
2480,44,8655.15
2480,45,8816.61
2480,46,8749.6
2480,47,8624.9
2480,48,8794.92
2480,49,8670.16
2480,50,8723.64
2480,51,8674.48
2480,52,8699.17
2480,53,8568.54
2480,54,8696.77
2480,55,8749.15
2480,56,8677.42
2480,57,8707.7
2480,58,8756.25
2480,59,8768.29
2480,60,8679.48
2480,61,8799.1
2480,62,8747.84
2480,63,8667.43
2480,64,8746.28
2480,65,8685.89
2480,66,8664.03
2480,67,8688.82
2480,68,8596.37
2480,69,8552.98
2480,70,8757.1
2480,71,8786.66
2480,72,8644.62
2480,73,8472.25
2480,74,8803.64
2480,75,8748.35
2480,76,8702.49
2480,77,8691.46
2480,78,8585.1
2480,79,8799.97
2480,80,8856.92
2480,81,8688.75
2480,82,8710.02
2480,83,8728.67
2480,84,8806.46
2480,85,8561.11
2480,86,8606.64
2480,87,8819.46
2480,88,8800.06
2480,89,8590.71
2480,90,8729.73
2480,91,8697.12
2480,92,8708.96
2480,93,8757.56
2480,94,8587.81
2480,95,8787.96
2480,96,8564.56
2480,97,8687.74
2480,98,8474.19
2480,99,8751.1
2490,0,8836.17
2490,1,8846.5
2490,2,8566.08
2490,3,8806.53
2490,4,8784.99
2490,5,8612.17
2490,6,8627.17
2490,7,8792.35
2490,8,8638.97
2490,9,8793.39
2490,10,8833.04
2490,11,8785.73
2490,12,8600.81
2490,13,8668.29
2490,14,8791.27
2490,15,8807.97
2490,16,8836.68
2490,17,8638.41
2490,18,8572.35
2490,19,8581.16
2490,20,8587.33
2490,21,8779.11
2490,22,8619.39
2490,23,8576.22
2490,24,8548.93
2490,25,8720.32
2490,26,8723.8
2490,27,8822.16
2490,28,8748.83
2490,29,8645.33
2490,30,8717.17
2490,31,8641.55
2490,32,8643.31
2490,33,8822.08
2490,34,8553.98
2490,35,8596.77
2490,36,8738.52
2490,37,8739.41
2490,38,8515.29
2490,39,8547.17
2490,40,8495.84
2490,41,8743.95
2490,42,8630.78
2490,43,8762.35
2490,44,8654.85
2490,45,8816.31
2490,46,8749.3
2490,47,8624.6
2490,48,8794.62
2490,49,8669.86
2490,50,8723.34
2490,51,8674.18
2490,52,8698.87
2490,53,8568.24
2490,54,8696.47
2490,55,8748.85
2490,56,8677.12
2490,57,8707.4
2490,58,8755.95
2490,59,8767.99
2490,60,8679.18
2490,61,8798.8
2490,62,8747.54
2490,63,8667.13
2490,64,8745.98
2490,65,8685.59
2490,66,8663.73
2490,67,8688.52
2490,68,8596.07
2490,69,8552.68
2490,70,8756.8
2490,71,8786.36
2490,72,8644.32
2490,73,8471.95
2490,74,8803.34
2490,75,8748.05
2490,76,8702.19
2490,77,8691.16
2490,78,8584.8
2490,79,8799.67
2490,80,8856.62
2490,81,8688.45
2490,82,8709.72
2490,83,8728.37
2490,84,8806.16
2490,85,8560.81
2490,86,8606.34
2490,87,8819.16
2490,88,8799.76
2490,89,8590.41
2490,90,8729.43
2490,91,8696.82
2490,92,8708.66
2490,93,8757.26
2490,94,8587.51
2490,95,8787.66
2490,96,8564.26
2490,97,8687.44
2490,98,8473.89
2490,99,8750.8
2500,0,8835.87
2500,1,8846.2
2500,2,8565.78
2500,3,8806.23
2500,4,8784.69
2500,5,8611.87
2500,6,8626.87
2500,7,8792.05
2500,8,8638.67
2500,9,8793.09
2500,10,8832.74
2500,11,8785.43
2500,12,8600.51
2500,13,8667.99
2500,14,8790.97
2500,15,8807.67
2500,16,8836.38
2500,17,8638.11
2500,18,8572.05
2500,19,8580.86
2500,20,8587.03
2500,21,8778.81
2500,22,8619.09
2500,23,8575.92
2500,24,8548.63
2500,25,8720.02
2500,26,8723.5
2500,27,8821.86
2500,28,8748.53
2500,29,8645.03
2500,30,8716.87
2500,31,8641.25
2500,32,8643.01
2500,33,8821.78
2500,34,8553.68
2500,35,8596.47
2500,36,8738.22
2500,37,8739.11
2500,38,8514.99
2500,39,8546.87
2500,40,8495.54
2500,41,8743.65
2500,42,8630.48
2500,43,8762.05
2500,44,8654.55
2500,45,8816.01
2500,46,8749
2500,47,8624.3
2500,48,8794.32
2500,49,8669.56
2500,50,8723.04
2500,51,8673.88
2500,52,8698.57
2500,53,8567.94
2500,54,8696.17
2500,55,8748.55
2500,56,8676.82
2500,57,8707.1
2500,58,8755.65
2500,59,8767.69
2500,60,8678.88
2500,61,8798.5
2500,62,8747.24
2500,63,8666.83
2500,64,8745.68
2500,65,8685.29
2500,66,8663.43
2500,67,8688.22
2500,68,8595.77
2500,69,8552.38
2500,70,8756.5
2500,71,8786.06
2500,72,8644.02
2500,73,8471.65
2500,74,8803.04
2500,75,8747.75
2500,76,8701.89
2500,77,8690.86
2500,78,8584.5
2500,79,8799.37
2500,80,8856.32
2500,81,8688.15
2500,82,8709.42
2500,83,8728.07
2500,84,8805.86
2500,85,8560.51
2500,86,8606.04
2500,87,8818.86
2500,88,8799.46
2500,89,8590.11
2500,90,8729.13
2500,91,8696.52
2500,92,8708.36
2500,93,8756.96
2500,94,8587.21
2500,95,8787.36
2500,96,8563.96
2500,97,8687.14
2500,98,8473.59
2500,99,8750.5
2510,0,8823.76
2510,1,8835.42
2510,2,8552.62
2510,3,8795.25
2510,4,8774.07
2510,5,8600.93
2510,6,8613.29
2510,7,8779.25
2510,8,8626.99
2510,9,8780.81
2510,10,8819.1
2510,11,8771.65
2510,12,8586.57
2510,13,8657.25
2510,14,8777.01
2510,15,8795.29
2510,16,8824.81
2510,17,8625.76
2510,18,8558.37
2510,19,8565.67
2510,20,8575.11
2510,21,8765.64
2510,22,8606.26
2510,23,8561.71
2510,24,8536.08
2510,25,8705.98
2510,26,8711.16
2510,27,8807.98
2510,28,8736.8
2510,29,8632.21
2510,30,8704.23
2510,31,8628.23
2510,32,8628.74
2510,33,8809.83
2510,34,8537.08
2510,35,8582.56
2510,36,8724.48
2510,37,8727.49
2510,38,8498.32
2510,39,8533.76
2510,40,8479.76
2510,41,8732.5
2510,42,8616.08
2510,43,8748.65
2510,44,8644.16
2510,45,8803.63
2510,46,8735.1
2510,47,8611.37
2510,48,8780.28
2510,49,8657.02
2510,50,8708.54
2510,51,8661.24
2510,52,8686.65
2510,53,8554.19
2510,54,8684.8
2510,55,8734.54
2510,56,8662.86
2510,57,8695.31
2510,58,8744.6
2510,59,8755.6
2510,60,8665.16
2510,61,8788.03
2510,62,8734.97
2510,63,8653.58
2510,64,8735.25
2510,65,8671.79
2510,66,8649.09
2510,67,8676.87
2510,68,8584.28
2510,69,8539.96
2510,70,8742.22
2510,71,8775.24
2510,72,8629.98
2510,73,8459.39
2510,74,8788.58
2510,75,8735.23
2510,76,8688.28
2510,77,8676.19
2510,78,8571.9
2510,79,8788.98
2510,80,8844.4
2510,81,8675.18
2510,82,8697.98
2510,83,8718.68
2510,84,8793.19
2510,85,8546.93
2510,86,8593.88
2510,87,8804.55
2510,88,8789.18
2510,89,8576.53
2510,90,8717.25
2510,91,8682.22
2510,92,8698.09
2510,93,8739.16
2510,94,8572.35
2510,95,8776.04
2510,96,8550.01
2510,97,8676.11
2510,98,8457.9
2510,99,8738.34
2520,0,8823.46
2520,1,8835.12
2520,2,8552.32
2520,3,8794.95
2520,4,8773.77
2520,5,8600.63
2520,6,8612.99
2520,7,8778.95
2520,8,8626.69
2520,9,8780.51
2520,10,8818.8
2520,11,8771.35
2520,12,8586.27
2520,13,8656.95
2520,14,8776.71
2520,15,8794.99
2520,16,8824.51
2520,17,8625.46
2520,18,8558.07
2520,19,8565.37
2520,20,8574.81
2520,21,8765.34
2520,22,8605.96
2520,23,8561.41
2520,24,8535.78
2520,25,8705.68
2520,26,8710.86
2520,27,8807.68
2520,28,8736.5
2520,29,8631.91
2520,30,8703.93
2520,31,8627.93
2520,32,8628.44
2520,33,8809.53
2520,34,8536.78
2520,35,8582.26
2520,36,8724.18
2520,37,8727.19
2520,38,8498.02
2520,39,8533.46
2520,40,8479.46
2520,41,8732.2
2520,42,8615.78
2520,43,8748.35
2520,44,8643.86
2520,45,8803.33
2520,46,8734.8
2520,47,8611.07
2520,48,8779.98
2520,49,8656.72
2520,50,8708.24
2520,51,8660.94
2520,52,8686.35
2520,53,8553.89
2520,54,8684.5
2520,55,8734.24
2520,56,8662.56
2520,57,8695.01
2520,58,8744.3
2520,59,8755.3
2520,60,8664.86
2520,61,8787.73
2520,62,8734.67
2520,63,8653.28
2520,64,8734.95
2520,65,8671.49
2520,66,8648.79
2520,67,8676.57
2520,68,8583.98
2520,69,8539.66
2520,70,8741.92
2520,71,8774.94
2520,72,8629.68
2520,73,8459.09
2520,74,8788.28
2520,75,8734.93
2520,76,8687.98
2520,77,8675.89
2520,78,8571.6
2520,79,8788.68
2520,80,8844.1
2520,81,8674.88
2520,82,8697.68
2520,83,8718.38
2520,84,8792.89
2520,85,8546.63
2520,86,8593.58
2520,87,8804.25
2520,88,8788.88
2520,89,8576.23
2520,90,8716.95
2520,91,8681.92
2520,92,8697.79
2520,93,8738.86
2520,94,8572.05
2520,95,8775.74
2520,96,8549.71
2520,97,8675.81
2520,98,8457.6
2520,99,8738.04
2530,0,8823.16
2530,1,8834.82
2530,2,8552.02
2530,3,8794.65
2530,4,8773.47
2530,5,8600.33
2530,6,8612.69
2530,7,8778.65
2530,8,8626.39
2530,9,8780.21
2530,10,8818.5
2530,11,8771.05
2530,12,8585.97
2530,13,8656.65
2530,14,8776.41
2530,15,8794.69
2530,16,8824.21
2530,17,8625.16
2530,18,8557.77
2530,19,8565.07
2530,20,8574.51
2530,21,8765.04
2530,22,8605.66
2530,23,8561.11
2530,24,8535.48
2530,25,8705.38
2530,26,8710.56
2530,27,8807.38
2530,28,8736.2
2530,29,8631.61
2530,30,8703.63
2530,31,8627.63
2530,32,8628.14
2530,33,8809.23
2530,34,8536.48
2530,35,8581.96
2530,36,8723.88
2530,37,8726.89
2530,38,8497.72
2530,39,8533.16
2530,40,8479.16
2530,41,8731.9
2530,42,8615.48
2530,43,8748.05
2530,44,8643.56
2530,45,8803.03
2530,46,8734.5
2530,47,8610.77
2530,48,8779.68
2530,49,8656.42
2530,50,8707.94
2530,51,8660.64
2530,52,8686.05
2530,53,8553.59
2530,54,8684.2
2530,55,8733.94
2530,56,8662.26
2530,57,8694.71
2530,58,8744
2530,59,8755
2530,60,8664.56
2530,61,8787.43
2530,62,8734.37
2530,63,8652.98
2530,64,8734.65
2530,65,8671.19
2530,66,8648.49
2530,67,8676.27
2530,68,8583.68
2530,69,8539.36
2530,70,8741.62
2530,71,8774.64
2530,72,8629.38
2530,73,8458.79
2530,74,8787.98
2530,75,8734.63
2530,76,8687.68
2530,77,8675.59
2530,78,8571.3
2530,79,8788.38
2530,80,8843.8
2530,81,8674.58
2530,82,8697.38
2530,83,8718.08
2530,84,8792.59
2530,85,8546.33
2530,86,8593.28
2530,87,8803.95
2530,88,8788.58
2530,89,8575.93
2530,90,8716.65
2530,91,8681.62
2530,92,8697.49
2530,93,8738.56
2530,94,8571.75
2530,95,8775.44
2530,96,8549.41
2530,97,8675.51
2530,98,8457.3
2530,99,8737.74
2540,0,8811.13
2540,1,8823
2540,2,8536.51
2540,3,8783.21
2540,4,8762.74
2540,5,8586.45
2540,6,8600.52
2540,7,8767.15
2540,8,8613.21
2540,9,8767.41
2540,10,8807.79
2540,11,8757.27
2540,12,8570.52
2540,13,8643.59
2540,14,8762.42
2540,15,8782.99
2540,16,8812.72
2540,17,8613.51
2540,18,8542.2
2540,19,8552.74
2540,20,8560.73
2540,21,8751.44
2540,22,8590.85
2540,23,8548.57
2540,24,8521.58
2540,25,8693.46
2540,26,8699.42
2540,27,8796.62
2540,28,8723.93
2540,29,8620.95
2540,30,8691
2540,31,8615.41
2540,32,8614.72
2540,33,8794.1
2540,34,8522.55
2540,35,8566.26
2540,36,8710.49
2540,37,8717.92
2540,38,8481.18
2540,39,8520.63
2540,40,8461.11
2540,41,8720.47
2540,42,8604.16
2540,43,8734.87
2540,44,8633.12
2540,45,8792.5
2540,46,8720.69
2540,47,8595.34
2540,48,8765.62
2540,49,8644
2540,50,8693.56
2540,51,8647.93
2540,52,8677.57
2540,53,8538.04
2540,54,8672.39
2540,55,8719.33
2540,56,8649.28
2540,57,8683.59
2540,58,8731.46
2540,59,8742.45
2540,60,8650.33
2540,61,8777.31
2540,62,8721.63
2540,63,8642.91
2540,64,8721.45
2540,65,8657.59
2540,66,8636.77
2540,67,8664.77
2540,68,8569.84
2540,69,8525.34
2540,70,8729.12
2540,71,8760.58
2540,72,8617.39
2540,73,8443.6
2540,74,8775.36
2540,75,8721.95
2540,76,8676.34
2540,77,8663.67
2540,78,8558.36
2540,79,8777.69
2540,80,8832.25
2540,81,8663.66
2540,82,8686.15
2540,83,8707.13
2540,84,8779.49
2540,85,8535.05
2540,86,8578.51
2540,87,8789.64
2540,88,8775.59
2540,89,8564.04
2540,90,8704.78
2540,91,8667.31
2540,92,8687.44
2540,93,8721.04
2540,94,8554.22
2540,95,8762.86
2540,96,8534.05
2540,97,8665.18
2540,98,8444.15
2540,99,8726.27
2550,0,8810.83
2550,1,8822.7
2550,2,8536.21
2550,3,8782.91
2550,4,8762.44
2550,5,8586.15
2550,6,8600.22
2550,7,8766.85
2550,8,8612.91
2550,9,8767.11
2550,10,8807.49
2550,11,8756.97
2550,12,8570.22
2550,13,8643.29
2550,14,8762.12
2550,15,8782.69
2550,16,8812.42
2550,17,8613.21
2550,18,8541.9
2550,19,8552.44
2550,20,8560.43
2550,21,8751.14
2550,22,8590.55
2550,23,8548.27
2550,24,8521.28
2550,25,8693.16
2550,26,8699.12
2550,27,8796.32
2550,28,8723.63
2550,29,8620.65
2550,30,8690.7
2550,31,8615.11
2550,32,8614.42
2550,33,8793.8
2550,34,8522.25
2550,35,8565.96
2550,36,8710.19
2550,37,8717.62
2550,38,8480.88
2550,39,8520.33
2550,40,8460.81
2550,41,8720.17
2550,42,8603.86
2550,43,8734.57
2550,44,8632.82
2550,45,8792.2
2550,46,8720.39
2550,47,8595.04
2550,48,8765.32
2550,49,8643.7
2550,50,8693.26
2550,51,8647.63
2550,52,8677.27
2550,53,8537.74
2550,54,8672.09
2550,55,8719.03
2550,56,8648.98
2550,57,8683.29
2550,58,8731.16
2550,59,8742.15
2550,60,8650.03
2550,61,8777.01
2550,62,8721.33
2550,63,8642.61
2550,64,8721.15
2550,65,8657.29
2550,66,8636.47
2550,67,8664.47
2550,68,8569.54
2550,69,8525.04
2550,70,8728.82
2550,71,8760.28
2550,72,8617.09
2550,73,8443.3
2550,74,8775.06
2550,75,8721.65
2550,76,8676.04
2550,77,8663.37
2550,78,8558.06
2550,79,8777.39
2550,80,8831.95
2550,81,8663.36
2550,82,8685.85
2550,83,8706.83
2550,84,8779.19
2550,85,8534.75
2550,86,8578.21
2550,87,8789.34
2550,88,8775.29
2550,89,8563.74
2550,90,8704.48
2550,91,8667.01
2550,92,8687.14
2550,93,8720.74
2550,94,8553.92
2550,95,8762.56
2550,96,8533.75
2550,97,8664.88
2550,98,8443.85
2550,99,8725.97
2560,0,8810.53
2560,1,8822.4
2560,2,8535.91
2560,3,8782.61
2560,4,8762.14
2560,5,8585.85
2560,6,8599.92
2560,7,8766.55
2560,8,8612.61
2560,9,8766.81
2560,10,8807.19
2560,11,8756.67
2560,12,8569.92
2560,13,8642.99
2560,14,8761.82
2560,15,8782.39
2560,16,8812.12
2560,17,8612.91
2560,18,8541.6
2560,19,8552.14
2560,20,8560.13
2560,21,8750.84
2560,22,8590.25
2560,23,8547.97
2560,24,8520.98
2560,25,8692.86
2560,26,8698.82
2560,27,8796.02
2560,28,8723.33
2560,29,8620.35
2560,30,8690.4
2560,31,8614.81
2560,32,8614.12
2560,33,8793.5
2560,34,8521.95
2560,35,8565.66
2560,36,8709.89
2560,37,8717.32
2560,38,8480.58
2560,39,8520.03
2560,40,8460.51
2560,41,8719.87
2560,42,8603.56
2560,43,8734.27
2560,44,8632.52
2560,45,8791.9
2560,46,8720.09
2560,47,8594.74
2560,48,8765.02
2560,49,8643.4
2560,50,8692.96
2560,51,8647.33
2560,52,8676.97
2560,53,8537.44
2560,54,8671.79
2560,55,8718.73
2560,56,8648.68
2560,57,8682.99
2560,58,8730.86
2560,59,8741.85
2560,60,8649.73
2560,61,8776.71
2560,62,8721.03
2560,63,8642.31
2560,64,8720.85
2560,65,8656.99
2560,66,8636.17
2560,67,8664.17
2560,68,8569.24
2560,69,8524.74
2560,70,8728.52
2560,71,8759.98
2560,72,8616.79
2560,73,8443
2560,74,8774.76
2560,75,8721.35
2560,76,8675.74
2560,77,8663.07
2560,78,8557.76
2560,79,8777.09
2560,80,8831.65
2560,81,8663.06
2560,82,8685.55
2560,83,8706.53
2560,84,8778.89
2560,85,8534.45
2560,86,8577.91
2560,87,8789.04
2560,88,8774.99
2560,89,8563.44
2560,90,8704.18
2560,91,8666.71
2560,92,8686.84
2560,93,8720.44
2560,94,8553.62
2560,95,8762.26
2560,96,8533.45
2560,97,8664.58
2560,98,8443.55
2560,99,8725.67
2570,0,8798.41
2570,1,8811.81
2570,2,8523.39
2570,3,8772.01
2570,4,8749.35
2570,5,8574.75
2570,6,8587.28
2570,7,8754.86
2570,8,8601.63
2570,9,8754.24
2570,10,8796.77
2570,11,8743.02
2570,12,8557.98
2570,13,8632.35
2570,14,8747.54
2570,15,8770.49
2570,16,8800.73
2570,17,8599.97
2570,18,8530.51
2570,19,8537.92
2570,20,8549.11
2570,21,8737.88
2570,22,8577.09
2570,23,8534.71
2570,24,8507.88
2570,25,8680.98
2570,26,8687.39
2570,27,8784.82
2570,28,8711.57
2570,29,8608.62
2570,30,8677.91
2570,31,8602.89
2570,32,8599.77
2570,33,8780.3
2570,34,8507.64
2570,35,8552.73
2570,36,8695.9
2570,37,8708.06
2570,38,8465.29
2570,39,8507.6
2570,40,8445.7
2570,41,8707.79
2570,42,8591.37
2570,43,8720.86
2570,44,8622.21
2570,45,8781.73
2570,46,8705.8
2570,47,8582.79
2570,48,8750.36
2570,49,8631.77
2570,50,8678.18
2570,51,8637.35
2570,52,8664.89
2570,53,8524.52
2570,54,8660.51
2570,55,8704.34
2570,56,8635.18
2570,57,8670.39
2570,58,8718.34
2570,59,8729.94
2570,60,8637.49
2570,61,8766.27
2570,62,8708.88
2570,63,8631.74
2570,64,8708.32
2570,65,8645.22
2570,66,8622.31
2570,67,8652.55
2570,68,8557.01
2570,69,8512.28
2570,70,8716.03
2570,71,8748.5
2570,72,8603.62
2570,73,8431.1
2570,74,8759.85
2570,75,8707.93
2570,76,8664.46
2570,77,8650.41
2570,78,8544.82
2570,79,8767.19
2570,80,8822.34
2570,81,8650.07
2570,82,8673.86
2570,83,8696.81
2570,84,8766.08
2570,85,8520.1
2570,86,8566.05
2570,87,8774.21
2570,88,8760.01
2570,89,8550.96
2570,90,8691.85
2570,91,8652.51
2570,92,8676.11
2570,93,8704.39
2570,94,8538.37
2570,95,8749.88
2570,96,8521.49
2570,97,8654.4
2570,98,8430.37
2570,99,8712.66
2580,0,8798.11
2580,1,8811.51
2580,2,8523.09
2580,3,8771.71
2580,4,8749.05
2580,5,8574.45
2580,6,8586.98
2580,7,8754.56
2580,8,8601.33
2580,9,8753.94
2580,10,8796.47
2580,11,8742.72
2580,12,8557.68
2580,13,8632.05
2580,14,8747.24
2580,15,8770.19
2580,16,8800.43
2580,17,8599.67
2580,18,8530.21
2580,19,8537.62
2580,20,8548.81
2580,21,8737.58
2580,22,8576.79
2580,23,8534.41
2580,24,8507.58
2580,25,8680.68
2580,26,8687.09
2580,27,8784.52
2580,28,8711.27
2580,29,8608.32
2580,30,8677.61
2580,31,8602.59
2580,32,8599.47
2580,33,8780
2580,34,8507.34
2580,35,8552.43
2580,36,8695.6
2580,37,8707.76
2580,38,8464.99
2580,39,8507.3
2580,40,8445.4
2580,41,8707.49
2580,42,8591.07
2580,43,8720.56
2580,44,8621.91
2580,45,8781.43
2580,46,8705.5
2580,47,8582.49
2580,48,8750.06
2580,49,8631.47
2580,50,8677.88
2580,51,8637.05
2580,52,8664.59
2580,53,8524.22
2580,54,8660.21
2580,55,8704.04
2580,56,8634.88
2580,57,8670.09
2580,58,8718.04
2580,59,8729.64
2580,60,8637.19
2580,61,8765.97
2580,62,8708.58
2580,63,8631.44
2580,64,8708.02
2580,65,8644.92
2580,66,8622.01
2580,67,8652.25
2580,68,8556.71
2580,69,8511.98
2580,70,8715.73
2580,71,8748.2
2580,72,8603.32
2580,73,8430.8
2580,74,8759.55
2580,75,8707.63
2580,76,8664.16
2580,77,8650.11
2580,78,8544.52
2580,79,8766.89
2580,80,8822.04
2580,81,8649.77
2580,82,8673.56
2580,83,8696.51
2580,84,8765.78
2580,85,8519.8
2580,86,8565.75
2580,87,8773.91
2580,88,8759.71
2580,89,8550.66
2580,90,8691.55
2580,91,8652.21
2580,92,8675.81
2580,93,8704.09
2580,94,8538.07
2580,95,8749.58
2580,96,8521.19
2580,97,8654.1
2580,98,8430.07
2580,99,8712.36
2590,0,8797.81
2590,1,8811.21
2590,2,8522.79
2590,3,8771.41
2590,4,8748.75
2590,5,8574.15
2590,6,8586.68
2590,7,8754.26
2590,8,8601.03
2590,9,8753.64
2590,10,8796.17
2590,11,8742.42
2590,12,8557.38
2590,13,8631.75
2590,14,8746.94
2590,15,8769.89
2590,16,8800.13
2590,17,8599.37
2590,18,8529.91
2590,19,8537.32
2590,20,8548.51
2590,21,8737.28
2590,22,8576.49
2590,23,8534.11
2590,24,8507.28
2590,25,8680.38
2590,26,8686.79
2590,27,8784.22
2590,28,8710.97
2590,29,8608.02
2590,30,8677.31
2590,31,8602.29
2590,32,8599.17
2590,33,8779.7
2590,34,8507.04
2590,35,8552.13
2590,36,8695.3
2590,37,8707.46
2590,38,8464.69
2590,39,8507
2590,40,8445.1
2590,41,8707.19
2590,42,8590.77
2590,43,8720.26
2590,44,8621.61
2590,45,8781.13
2590,46,8705.2
2590,47,8582.19
2590,48,8749.76
2590,49,8631.17
2590,50,8677.58
2590,51,8636.75
2590,52,8664.29
2590,53,8523.92
2590,54,8659.91
2590,55,8703.74
2590,56,8634.58
2590,57,8669.79
2590,58,8717.74
2590,59,8729.34
2590,60,8636.89
2590,61,8765.67
2590,62,8708.28
2590,63,8631.14
2590,64,8707.72
2590,65,8644.62
2590,66,8621.71
2590,67,8651.95
2590,68,8556.41
2590,69,8511.68
2590,70,8715.43
2590,71,8747.9
2590,72,8603.02
2590,73,8430.5
2590,74,8759.25
2590,75,8707.33
2590,76,8663.86
2590,77,8649.81
2590,78,8544.22
2590,79,8766.59
2590,80,8821.74
2590,81,8649.47
2590,82,8673.26
2590,83,8696.21
2590,84,8765.48
2590,85,8519.5
2590,86,8565.45
2590,87,8773.61
2590,88,8759.41
2590,89,8550.36
2590,90,8691.25
2590,91,8651.91
2590,92,8675.51
2590,93,8703.79
2590,94,8537.77
2590,95,8749.28
2590,96,8520.89
2590,97,8653.8
2590,98,8429.77
2590,99,8712.06
2600,0,8786.76
2600,1,8800.71
2600,2,8512.34
2600,3,8760.43
2600,4,8737.97
2600,5,8563.5
2600,6,8576.96
2600,7,8744.27
2600,8,8591.93
2600,9,8741.87
2600,10,8785.69
2600,11,8729.67
2600,12,8540.72
2600,13,8622.72
2600,14,8733.46
2600,15,8757.67
2600,16,8788.79
2600,17,8586.88
2600,18,8518.44
2600,19,8525.05
2600,20,8538.77
2600,21,8724.94
2600,22,8565.77
2600,23,8521.84
2600,24,8496.47
2600,25,8670.89
2600,26,8675.04
2600,27,8773.77
2600,28,8700.6
2600,29,8593.44
2600,30,8665.66
2600,31,8592.14
2600,32,8586.89
2600,33,8768.32
2600,34,8495.1
2600,35,8540.68
2600,36,8683.09
2600,37,8698.08
2600,38,8449.55
2600,39,8497.07
2600,40,8431.68
2600,41,8697.52
2600,42,8581.04
2600,43,8708.4
2600,44,8611.61
2600,45,8769.01
2600,46,8693.48
2600,47,8571.86
2600,48,8737.07
2600,49,8619.9
2600,50,8665.08
2600,51,8626.64
2600,52,8650.59
2600,53,8512.78
2600,54,8650.21
2600,55,8690.05
2600,56,8620.82
2600,57,8657.72
2600,58,8709.22
2600,59,8716.06
2600,60,8623.01
2600,61,8753.18
2600,62,8695.6
2600,63,8621.55
2600,64,8695.89
2600,65,8630.94
2600,66,8612
2600,67,8642.89
2600,68,8546.08
2600,69,8499.67
2600,70,8704.91
2600,71,8736.88
2600,72,8593.05
2600,73,8420.71
2600,74,8745.59
2600,75,8696.08
2600,76,8654.79
2600,77,8639.72
2600,78,8533.47
2600,79,8758.19
2600,80,8810.04
2600,81,8636.52
2600,82,8662.15
2600,83,8687.99
2600,84,8751.78
2600,85,8507.83
2600,86,8554.55
2600,87,8761.11
2600,88,8743.73
2600,89,8539.63
2600,90,8681.02
2600,91,8638.42
2600,92,8664.39
2600,93,8692.06
2600,94,8526.44
2600,95,8738.61
2600,96,8506.94
2600,97,8644.72
2600,98,8416.48
2600,99,8698.12
2610,0,8786.46
2610,1,8800.41
2610,2,8512.04
2610,3,8760.13
2610,4,8737.67
2610,5,8563.2
2610,6,8576.66
2610,7,8743.97
2610,8,8591.63
2610,9,8741.57
2610,10,8785.39
2610,11,8729.37
2610,12,8540.42
2610,13,8622.42
2610,14,8733.16
2610,15,8757.37
2610,16,8788.49
2610,17,8586.58
2610,18,8518.14
2610,19,8524.75
2610,20,8538.47
2610,21,8724.64
2610,22,8565.47
2610,23,8521.54
2610,24,8496.17
2610,25,8670.59
2610,26,8674.74
2610,27,8773.47
2610,28,8700.3
2610,29,8593.14
2610,30,8665.36
2610,31,8591.84
2610,32,8586.59
2610,33,8768.02
2610,34,8494.8
2610,35,8540.38
2610,36,8682.79
2610,37,8697.78
2610,38,8449.25
2610,39,8496.77
2610,40,8431.38
2610,41,8697.22
2610,42,8580.74
2610,43,8708.1
2610,44,8611.31
2610,45,8768.71
2610,46,8693.18
2610,47,8571.56
2610,48,8736.77
2610,49,8619.6
2610,50,8664.78
2610,51,8626.34
2610,52,8650.29
2610,53,8512.48
2610,54,8649.91
2610,55,8689.75
2610,56,8620.52
2610,57,8657.42
2610,58,8708.92
2610,59,8715.76
2610,60,8622.71
2610,61,8752.88
2610,62,8695.3
2610,63,8621.25
2610,64,8695.59
2610,65,8630.64
2610,66,8611.7
2610,67,8642.59
2610,68,8545.78
2610,69,8499.37
2610,70,8704.61
2610,71,8736.58
2610,72,8592.75
2610,73,8420.41
2610,74,8745.29
2610,75,8695.78
2610,76,8654.49
2610,77,8639.42
2610,78,8533.17
2610,79,8757.89
2610,80,8809.74
2610,81,8636.22
2610,82,8661.85
2610,83,8687.69
2610,84,8751.48
2610,85,8507.53
2610,86,8554.25
2610,87,8760.81
2610,88,8743.43
2610,89,8539.33
2610,90,8680.72
2610,91,8638.12
2610,92,8664.09
2610,93,8691.76
2610,94,8526.14
2610,95,8738.31
2610,96,8506.64
2610,97,8644.42
2610,98,8416.18
2610,99,8697.82
2620,0,8786.16
2620,1,8800.11
2620,2,8511.74
2620,3,8759.83
2620,4,8737.37
2620,5,8562.9
2620,6,8576.36
2620,7,8743.67
2620,8,8591.33
2620,9,8741.27
2620,10,8785.09
2620,11,8729.07
2620,12,8540.12
2620,13,8622.12
2620,14,8732.86
2620,15,8757.07
2620,16,8788.19
2620,17,8586.28
2620,18,8517.84
2620,19,8524.45
2620,20,8538.17
2620,21,8724.34
2620,22,8565.17
2620,23,8521.24
2620,24,8495.87
2620,25,8670.29
2620,26,8674.44
2620,27,8773.17
2620,28,8700
2620,29,8592.84
2620,30,8665.06
2620,31,8591.54
2620,32,8586.29
2620,33,8767.72
2620,34,8494.5
2620,35,8540.08
2620,36,8682.49
2620,37,8697.48
2620,38,8448.95
2620,39,8496.47
2620,40,8431.08
2620,41,8696.92
2620,42,8580.44
2620,43,8707.8
2620,44,8611.01
2620,45,8768.41
2620,46,8692.88
2620,47,8571.26
2620,48,8736.47
2620,49,8619.3
2620,50,8664.48
2620,51,8626.04
2620,52,8649.99
2620,53,8512.18
2620,54,8649.61
2620,55,8689.45
2620,56,8620.22
2620,57,8657.12
2620,58,8708.62
2620,59,8715.46
2620,60,8622.41
2620,61,8752.58
2620,62,8695
2620,63,8620.95
2620,64,8695.29
2620,65,8630.34
2620,66,8611.4
2620,67,8642.29
2620,68,8545.48
2620,69,8499.07
2620,70,8704.31
2620,71,8736.28
2620,72,8592.45
2620,73,8420.11
2620,74,8744.99
2620,75,8695.48
2620,76,8654.19
2620,77,8639.12
2620,78,8532.87
2620,79,8757.59
2620,80,8809.44
2620,81,8635.92
2620,82,8661.55
2620,83,8687.39
2620,84,8751.18
2620,85,8507.23
2620,86,8553.95
2620,87,8760.51
2620,88,8743.13
2620,89,8539.03
2620,90,8680.42
2620,91,8637.82
2620,92,8663.79
2620,93,8691.46
2620,94,8525.84
2620,95,8738.01
2620,96,8506.34
2620,97,8644.12
2620,98,8415.88
2620,99,8697.52
2630,0,8774.87
2630,1,8786.65
2630,2,8501.04
2630,3,8749.12
2630,4,8724.28
2630,5,8553.43
2630,6,8566.46
2630,7,8733.91
2630,8,8582.15
2630,9,8729.1
2630,10,8773.33
2630,11,8715.81
2630,12,8523.7
2630,13,8612.68
2630,14,8718.88
2630,15,8744.7
2630,16,8773.92
2630,17,8574.87
2630,18,8505.55
2630,19,8510.13
2630,20,8528.93
2630,21,8711.75
2630,22,8552.05
2630,23,8508.51
2630,24,8482.96
2630,25,8660.63
2630,26,8662.11
2630,27,8762.27
2630,28,8688.14
2630,29,8578.55
2630,30,8652.31
2630,31,8581.04
2630,32,8572.21
2630,33,8757.18
2630,34,8482.36
2630,35,8529.24
2630,36,8668.48
2630,37,8688.16
2630,38,8433.28
2630,39,8483
2630,40,8418.08
2630,41,8684.49
2630,42,8569.98
2630,43,8693.53
2630,44,8600.8
2630,45,8757.66
2630,46,8678.77
2630,47,8560.82
2630,48,8721.95
2630,49,8606.81
2630,50,8649.92
2630,51,8615.85
2630,52,8637.6
2630,53,8500.14
2630,54,8639.84
2630,55,8674.96
2630,56,8606.3
2630,57,8646.09
2630,58,8695.21
2630,59,8702.12
2630,60,8608.72
2630,61,8742.17
2630,62,8682.81
2630,63,8610.84
2630,64,8683.09
2630,65,8616.8
2630,66,8601.47
2630,67,8632.06
2630,68,8535.23
2630,69,8489.35
2630,70,8692.96
2630,71,8725.73
2630,72,8580.07
2630,73,8409.51
2630,74,8732.02
2630,75,8681.96
2630,76,8644.75
2630,77,8627.27
2630,78,8520.04
2630,79,8749.21
2630,80,8793.29
2630,81,8623.51
2630,82,8647.24
2630,83,8678.3
2630,84,8737.24
2630,85,8493.84
2630,86,8542.87
2630,87,8745.8
2630,88,8727.28
2630,89,8527.33
2630,90,8668.64
2630,91,8623.17
2630,92,8652.6
2630,93,8679.58
2630,94,8515.24
2630,95,8724.72
2630,96,8492.13
2630,97,8635.08
2630,98,8404.55
2630,99,8683.41
2640,0,8774.57
2640,1,8786.35
2640,2,8500.74
2640,3,8748.82
2640,4,8723.98
2640,5,8553.13
2640,6,8566.16
2640,7,8733.61
2640,8,8581.85
2640,9,8728.8
2640,10,8773.03
2640,11,8715.51
2640,12,8523.4
2640,13,8612.38
2640,14,8718.58
2640,15,8744.4
2640,16,8773.62
2640,17,8574.57
2640,18,8505.25
2640,19,8509.83
2640,20,8528.63
2640,21,8711.45
2640,22,8551.75
2640,23,8508.21
2640,24,8482.66
2640,25,8660.33
2640,26,8661.81
2640,27,8761.97
2640,28,8687.84
2640,29,8578.25
2640,30,8652.01
2640,31,8580.74
2640,32,8571.91
2640,33,8756.88
2640,34,8482.06
2640,35,8528.94
2640,36,8668.18
2640,37,8687.86
2640,38,8432.99
2640,39,8482.7
2640,40,8417.78
2640,41,8684.19
2640,42,8569.68
2640,43,8693.23
2640,44,8600.5
2640,45,8757.36
2640,46,8678.47
2640,47,8560.52
2640,48,8721.66
2640,49,8606.51
2640,50,8649.62
2640,51,8615.55
2640,52,8637.3
2640,53,8499.84
2640,54,8639.54
2640,55,8674.66
2640,56,8606
2640,57,8645.79
2640,58,8694.91
2640,59,8701.82
2640,60,8608.42
2640,61,8741.87
2640,62,8682.51
2640,63,8610.54
2640,64,8682.79
2640,65,8616.5
2640,66,8601.17
2640,67,8631.76
2640,68,8534.93
2640,69,8489.05
2640,70,8692.66
2640,71,8725.43
2640,72,8579.77
2640,73,8409.21
2640,74,8731.72
2640,75,8681.66
2640,76,8644.45
2640,77,8626.97
2640,78,8519.74
2640,79,8748.91
2640,80,8792.99
2640,81,8623.21
2640,82,8646.94
2640,83,8678
2640,84,8736.94
2640,85,8493.54
2640,86,8542.57
2640,87,8745.5
2640,88,8726.98
2640,89,8527.03
2640,90,8668.34
2640,91,8622.87
2640,92,8652.3
2640,93,8679.28
2640,94,8514.94
2640,95,8724.42
2640,96,8491.83
2640,97,8634.78
2640,98,8404.25
2640,99,8683.11
2650,0,8774.27
2650,1,8786.05
2650,2,8500.44
2650,3,8748.52
2650,4,8723.68
2650,5,8552.83
2650,6,8565.86
2650,7,8733.31
2650,8,8581.55
2650,9,8728.5
2650,10,8772.73
2650,11,8715.21
2650,12,8523.1
2650,13,8612.08
2650,14,8718.28
2650,15,8744.1
2650,16,8773.32
2650,17,8574.27
2650,18,8504.95
2650,19,8509.53
2650,20,8528.33
2650,21,8711.15
2650,22,8551.45
2650,23,8507.91
2650,24,8482.36
2650,25,8660.03
2650,26,8661.51
2650,27,8761.67
2650,28,8687.54
2650,29,8577.95
2650,30,8651.71
2650,31,8580.44
2650,32,8571.61
2650,33,8756.58
2650,34,8481.76
2650,35,8528.64
2650,36,8667.88
2650,37,8687.56
2650,38,8432.69
2650,39,8482.4
2650,40,8417.48
2650,41,8683.89
2650,42,8569.38
2650,43,8692.93
2650,44,8600.2
2650,45,8757.06
2650,46,8678.17
2650,47,8560.22
2650,48,8721.36
2650,49,8606.21
2650,50,8649.32
2650,51,8615.25
2650,52,8637
2650,53,8499.54
2650,54,8639.24
2650,55,8674.36
2650,56,8605.7
2650,57,8645.49
2650,58,8694.61
2650,59,8701.52
2650,60,8608.12
2650,61,8741.57
2650,62,8682.21
2650,63,8610.24
2650,64,8682.49
2650,65,8616.2
2650,66,8600.87
2650,67,8631.46
2650,68,8534.63
2650,69,8488.75
2650,70,8692.36
2650,71,8725.13
2650,72,8579.47
2650,73,8408.91
2650,74,8731.42
2650,75,8681.36
2650,76,8644.15
2650,77,8626.67
2650,78,8519.44
2650,79,8748.61
2650,80,8792.69
2650,81,8622.91
2650,82,8646.64
2650,83,8677.7
2650,84,8736.64
2650,85,8493.24
2650,86,8542.27
2650,87,8745.2
2650,88,8726.68
2650,89,8526.73
2650,90,8668.04
2650,91,8622.57
2650,92,8652
2650,93,8678.98
2650,94,8514.64
2650,95,8724.12
2650,96,8491.53
2650,97,8634.48
2650,98,8403.95
2650,99,8682.81
2660,0,8760.98
2660,1,8774.93
2660,2,8487.3
2660,3,8736.95
2660,4,8710.99
2660,5,8540.82
2660,6,8552.8
2660,7,8722.21
2660,8,8566.32
2660,9,8715.08
2660,10,8760.46
2660,11,8702.74
2660,12,8508.34
2660,13,8600.67
2660,14,8703.46
2660,15,8731.75
2660,16,8762.42
2660,17,8561.11
2660,18,8492.96
2660,19,8494.68
2660,20,8517.2
2660,21,8698.74
2660,22,8538.24
2660,23,8494.06
2660,24,8469.21
2660,25,8646.59
2660,26,8649
2660,27,8750.36
2660,28,8674.81
2660,29,8565.98
2660,30,8639.46
2660,31,8567.81
2660,32,8557.4
2660,33,8746.78
2660,34,8467.33
2660,35,8514.61
2660,36,8653.41
2660,37,8677.57
2660,38,8416.54
2660,39,8468.86
2660,40,8403.77
2660,41,8672.27
2660,42,8557.14
2660,43,8678.05
2660,44,8586.8
2660,45,8745.31
2660,46,8665.07
2660,47,8544.34
2660,48,8706.43
2660,49,8592.76
2660,50,8635.77
2660,51,8604.39
2660,52,8625.49
2660,53,8484.43
2660,54,8628.78
2660,55,8656.86
2660,56,8591.26
2660,57,8632.72
2660,58,8681.1
2660,59,8689.24
2660,60,8594.08
2660,61,8728.54
2660,62,8670.36
2660,63,8598.77
2660,64,8669.03
2660,65,8602.22
2660,66,8588.17
2660,67,8620.22
2660,68,8521.74
2660,69,8475.41
2660,70,8679.02
2660,71,8713.84
2660,72,8566.12
2660,73,8394.92
2660,74,8716
2660,75,8668.43
2660,76,8631.38
2660,77,8610.29
2660,78,8505.68
2660,79,8737.86
2660,80,8782.04
2660,81,8611.83
2660,82,8634.06
2660,83,8666.34
2660,84,8722.42
2660,85,8478.79
2660,86,8528.7
2660,87,8731.64
2660,88,8709.61
2660,89,8512.94
2660,90,8656.5
2660,91,8607.9
2660,92,8640.78
2660,93,8667.63
2660,94,8501.14
2660,95,8710.23
2660,96,8476.78
2660,97,8621.07
2660,98,8389.56
2660,99,8668.86
2670,0,8760.68
2670,1,8774.63
2670,2,8487
2670,3,8736.65
2670,4,8710.69
2670,5,8540.52
2670,6,8552.5
2670,7,8721.91
2670,8,8566.03
2670,9,8714.78
2670,10,8760.16
2670,11,8702.44
2670,12,8508.05
2670,13,8600.37
2670,14,8703.16
2670,15,8731.45
2670,16,8762.12
2670,17,8560.81
2670,18,8492.66
2670,19,8494.4
2670,20,8516.9
2670,21,8698.44
2670,22,8537.94
2670,23,8493.76
2670,24,8468.91
2670,25,8646.29
2670,26,8648.7
2670,27,8750.06
2670,28,8674.51
2670,29,8565.68
2670,30,8639.16
2670,31,8567.51
2670,32,8557.11
2670,33,8746.48
2670,34,8467.04
2670,35,8514.31
2670,36,8653.12
2670,37,8677.27
2670,38,8416.27
2670,39,8468.56
2670,40,8403.47
2670,41,8671.97
2670,42,8556.84
2670,43,8677.77
2670,44,8586.51
2670,45,8745.01
2670,46,8664.77
2670,47,8544.06
2670,48,8706.15
2670,49,8592.46
2670,50,8635.48
2670,51,8604.09
2670,52,8625.19
2670,53,8484.14
2670,54,8628.48
2670,55,8656.6
2670,56,8590.96
2670,57,8632.42
2670,58,8680.8
2670,59,8688.94
2670,60,8593.78
2670,61,8728.24
2670,62,8670.06
2670,63,8598.47
2670,64,8668.73
2670,65,8601.92
2670,66,8587.87
2670,67,8619.92
2670,68,8521.44
2670,69,8475.11
2670,70,8678.72
2670,71,8713.54
2670,72,8565.82
2670,73,8394.62
2670,74,8715.71
2670,75,8668.13
2670,76,8631.08
2670,77,8610.01
2670,78,8505.38
2670,79,8737.56
2670,80,8781.74
2670,81,8611.53
2670,82,8633.76
2670,83,8666.04
2670,84,8722.12
2670,85,8478.5
2670,86,8528.4
2670,87,8731.34
2670,88,8709.31
2670,89,8512.64
2670,90,8656.2
2670,91,8607.6
2670,92,8640.48
2670,93,8667.33
2670,94,8500.84
2670,95,8709.93
2670,96,8476.48
2670,97,8620.77
2670,98,8389.27
2670,99,8668.57
2680,0,8760.38
2680,1,8774.33
2680,2,8486.7
2680,3,8736.35
2680,4,8710.39
2680,5,8540.22
2680,6,8552.2
2680,7,8721.61
2680,8,8565.73
2680,9,8714.48
2680,10,8759.86
2680,11,8702.14
2680,12,8507.75
2680,13,8600.07
2680,14,8702.86
2680,15,8731.15
2680,16,8761.82
2680,17,8560.51
2680,18,8492.36
2680,19,8494.1
2680,20,8516.6
2680,21,8698.14
2680,22,8537.64
2680,23,8493.46
2680,24,8468.61
2680,25,8645.99
2680,26,8648.4
2680,27,8749.76
2680,28,8674.21
2680,29,8565.38
2680,30,8638.86
2680,31,8567.21
2680,32,8556.81
2680,33,8746.18
2680,34,8466.74
2680,35,8514.01
2680,36,8652.82
2680,37,8676.97
2680,38,8415.97
2680,39,8468.26
2680,40,8403.17
2680,41,8671.67
2680,42,8556.54
2680,43,8677.47
2680,44,8586.21
2680,45,8744.71
2680,46,8664.47
2680,47,8543.76
2680,48,8705.85
2680,49,8592.16
2680,50,8635.18
2680,51,8603.79
2680,52,8624.89
2680,53,8483.84
2680,54,8628.18
2680,55,8656.3
2680,56,8590.66
2680,57,8632.12
2680,58,8680.5
2680,59,8688.64
2680,60,8593.48
2680,61,8727.94
2680,62,8669.76
2680,63,8598.17
2680,64,8668.43
2680,65,8601.62
2680,66,8587.57
2680,67,8619.62
2680,68,8521.14
2680,69,8474.81
2680,70,8678.42
2680,71,8713.24
2680,72,8565.52
2680,73,8394.32
2680,74,8715.41
2680,75,8667.83
2680,76,8630.78
2680,77,8609.71
2680,78,8505.08
2680,79,8737.26
2680,80,8781.44
2680,81,8611.23
2680,82,8633.46
2680,83,8665.74
2680,84,8721.82
2680,85,8478.2
2680,86,8528.1
2680,87,8731.04
2680,88,8709.01
2680,89,8512.34
2680,90,8655.9
2680,91,8607.3
2680,92,8640.18
2680,93,8667.03
2680,94,8500.54
2680,95,8709.63
2680,96,8476.18
2680,97,8620.47
2680,98,8388.97
2680,99,8668.27
2690,0,8749.17
2690,1,8762.98
2690,2,8473.61
2690,3,8723.44
2690,4,8696.24
2690,5,8527.94
2690,6,8539.46
2690,7,8710.61
2690,8,8550.49
2690,9,8701.26
2690,10,8747.5
2690,11,8688.7
2690,12,8493.11
2690,13,8586.59
2690,14,8688.77
2690,15,8719.35
2690,16,8750.61
2690,17,8546.25
2690,18,8480.01
2690,19,8480.23
2690,20,8504.64
2690,21,8681.94
2690,22,8524.55
2690,23,8478.86
2690,24,8455.16
2690,25,8634.53
2690,26,8634.03
2690,27,8734.91
2690,28,8662.31
2690,29,8552.82
2690,30,8628.3
2690,31,8554.57
2690,32,8543.63
2690,33,8733.61
2690,34,8452.41
2690,35,8500.32
2690,36,8639.75
2690,37,8664.05
2690,38,8400.65
2690,39,8454.9
2690,40,8384.18
2690,41,8659.77
2690,42,8540.55
2690,43,8663.76
2690,44,8574.23
2690,45,8733.31
2690,46,8651.26
2690,47,8527.76
2690,48,8692.13
2690,49,8579.01
2690,50,8621.65
2690,51,8592.3
2690,52,8612.75
2690,53,8468.94
2690,54,8616.36
2690,55,8642.18
2690,56,8574.12
2690,57,8618.31
2690,58,8669.91
2690,59,8673.32
2690,60,8577.32
2690,61,8714.72
2690,62,8657.12
2690,63,8583.85
2690,64,8654.07
2690,65,8584.72
2690,66,8573.11
2690,67,8609.1
2690,68,8509.1
2690,69,8460.06
2690,70,8664.3
2690,71,8700.68
2690,72,8551.62
2690,73,8379.01
2690,74,8699.35
2690,75,8654.97
2690,76,8618.81
2690,77,8595.14
2690,78,8489.69
2690,79,8726.46
2690,80,8770.62
2690,81,8599.37
2690,82,8622.3
2690,83,8652.76
2690,84,8705.81
2690,85,8463.97
2690,86,8516.17
2690,87,8717.77
2690,88,8697.17
2690,89,8498.77
2690,90,8644.84
2690,91,8592.7
2690,92,8629.89
2690,93,8655.56
2690,94,8487.92
2690,95,8696.9
2690,96,8461.81
2690,97,8607.24
2690,98,8374.11
2690,99,8654.57
2700,0,8748.87
2700,1,8762.68
2700,2,8473.31
2700,3,8723.15
2700,4,8695.94
2700,5,8527.64
2700,6,8539.16
2700,7,8710.31
2700,8,8550.21
2700,9,8700.96
2700,10,8747.2
2700,11,8688.41
2700,12,8492.84
2700,13,8586.3
2700,14,8688.49
2700,15,8719.05
2700,16,8750.31
2700,17,8545.97
2700,18,8479.71
2700,19,8479.95
2700,20,8504.34
2700,21,8681.67
2700,22,8524.25
2700,23,8478.57
2700,24,8454.87
2700,25,8634.23
2700,26,8633.76
2700,27,8734.64
2700,28,8662.01
2700,29,8552.52
2700,30,8628
2700,31,8554.27
2700,32,8543.34
2700,33,8733.31
2700,34,8452.13
2700,35,8500.03
2700,36,8639.46
2700,37,8663.75
2700,38,8400.38
2700,39,8454.61
2700,40,8383.95
2700,41,8659.47
2700,42,8540.28
2700,43,8663.47
2700,44,8573.93
2700,45,8733.01
2700,46,8650.97
2700,47,8527.49
2700,48,8691.85
2700,49,8578.71
2700,50,8621.37
2700,51,8592
2700,52,8612.45
2700,53,8468.66
2700,54,8616.06
2700,55,8641.88
2700,56,8573.87
2700,57,8618.02
2700,58,8669.61
2700,59,8673.05
2700,60,8577.06
2700,61,8714.42
2700,62,8656.82
2700,63,8583.57
2700,64,8653.79
2700,65,8584.46
2700,66,8572.83
2700,67,8608.8
2700,68,8508.8
2700,69,8459.79
2700,70,8664.02
2700,71,8700.38
2700,72,8551.33
2700,73,8378.74
2700,74,8699.08
2700,75,8654.67
2700,76,8618.51
2700,77,8594.86
2700,78,8489.42
2700,79,8726.16
2700,80,8770.32
2700,81,8599.07
2700,82,8622
2700,83,8652.46
2700,84,8705.54
2700,85,8463.69
2700,86,8515.87
2700,87,8717.49
2700,88,8696.87
2700,89,8498.47
2700,90,8644.54
2700,91,8592.41
2700,92,8629.59
2700,93,8655.26
2700,94,8487.62
2700,95,8696.6
2700,96,8461.52
2700,97,8606.94
2700,98,8373.84
2700,99,8654.29
2710,0,8748.57
2710,1,8762.38
2710,2,8473.01
2710,3,8722.85
2710,4,8695.64
2710,5,8527.34
2710,6,8538.86
2710,7,8710.01
2710,8,8549.91
2710,9,8700.66
2710,10,8746.9
2710,11,8688.11
2710,12,8492.54
2710,13,8586
2710,14,8688.19
2710,15,8718.75
2710,16,8750.01
2710,17,8545.67
2710,18,8479.41
2710,19,8479.65
2710,20,8504.04
2710,21,8681.37
2710,22,8523.95
2710,23,8478.27
2710,24,8454.57
2710,25,8633.93
2710,26,8633.46
2710,27,8734.34
2710,28,8661.71
2710,29,8552.22
2710,30,8627.7
2710,31,8553.97
2710,32,8543.04
2710,33,8733.01
2710,34,8451.83
2710,35,8499.73
2710,36,8639.16
2710,37,8663.45
2710,38,8400.08
2710,39,8454.31
2710,40,8383.65
2710,41,8659.17
2710,42,8539.98
2710,43,8663.17
2710,44,8573.63
2710,45,8732.71
2710,46,8650.67
2710,47,8527.19
2710,48,8691.55
2710,49,8578.41
2710,50,8621.07
2710,51,8591.7
2710,52,8612.15
2710,53,8468.36
2710,54,8615.76
2710,55,8641.58
2710,56,8573.57
2710,57,8617.72
2710,58,8669.31
2710,59,8672.75
2710,60,8576.76
2710,61,8714.12
2710,62,8656.52
2710,63,8583.27
2710,64,8653.49
2710,65,8584.16
2710,66,8572.53
2710,67,8608.5
2710,68,8508.5
2710,69,8459.49
2710,70,8663.72
2710,71,8700.08
2710,72,8551.03
2710,73,8378.44
2710,74,8698.78
2710,75,8654.37
2710,76,8618.21
2710,77,8594.56
2710,78,8489.12
2710,79,8725.86
2710,80,8770.02
2710,81,8598.77
2710,82,8621.7
2710,83,8652.16
2710,84,8705.24
2710,85,8463.39
2710,86,8515.57
2710,87,8717.19
2710,88,8696.57
2710,89,8498.17
2710,90,8644.24
2710,91,8592.11
2710,92,8629.29
2710,93,8654.96
2710,94,8487.32
2710,95,8696.3
2710,96,8461.22
2710,97,8606.64
2710,98,8373.54
2710,99,8653.99
2720,0,8737.24
2720,1,8751.11
2720,2,8459.62
2720,3,8710.46
2720,4,8683.5
2720,5,8515.14
2720,6,8524.49
2720,7,8698.19
2720,8,8536.57
2720,9,8688.55
2720,10,8735.19
2720,11,8675.3
2720,12,8478.96
2720,13,8574.28
2720,14,8674.02
2720,15,8707.42
2720,16,8737.47
2720,17,8531.47
2720,18,8468.3
2720,19,8466.51
2720,20,8491.84
2720,21,8669.09
2720,22,8511.49
2720,23,8464.82
2720,24,8441.74
2720,25,8621.78
2720,26,8621.91
2720,27,8722.73
2720,28,8649.94
2720,29,8538.89
2720,30,8616.94
2720,31,8539.76
2720,32,8528.86
2720,33,8721.09
2720,34,8437.56
2720,35,8487.29
2720,36,8627.14
2720,37,8653
2720,38,8384.7
2720,39,8442.21
2720,40,8368.6
2720,41,8647.24
2720,42,8527.82
2720,43,8650.81
2720,44,8561.39
2720,45,8721.32
2720,46,8638.23
2720,47,8513.85
2720,48,8679.23
2720,49,8565.18
2720,50,8608.49
2720,51,8579.21
2720,52,8596.93
2720,53,8453.64
2720,54,8604.58
2720,55,8627.12
2720,56,8559.71
2720,57,8603.97
2720,58,8657.62
2720,59,8661.14
2720,60,8564.39
2720,61,8703.05
2720,62,8644.56
2720,63,8570.05
2720,64,8640.77
2720,65,8570.79
2720,66,8561.54
2720,67,8598.17
2720,68,8495.02
2720,69,8446.32
2720,70,8651.33
2720,71,8687.63
2720,72,8538.77
2720,73,8364.43
2720,74,8685.17
2720,75,8642.06
2720,76,8606.44
2720,77,8583.01
2720,78,8475.88
2720,79,8713.85
2720,80,8760.57
2720,81,8585.97
2720,82,8608.92
2720,83,8642.49
2720,84,8692.38
2720,85,8450.65
2720,86,8503.63
2720,87,8703.78
2720,88,8683.1
2720,89,8481.93
2720,90,8632.76
2720,91,8577.61
2720,92,8618.5
2720,93,8644.12
2720,94,8474.07
2720,95,8683.67
2720,96,8447.63
2720,97,8595.69
2720,98,8360.02
2720,99,8642.22
2730,0,8736.94
2730,1,8750.81
2730,2,8459.33
2730,3,8710.18
2730,4,8683.21
2730,5,8514.85
2730,6,8524.22
2730,7,8697.89
2730,8,8536.3
2730,9,8688.25
2730,10,8734.89
2730,11,8675.01
2730,12,8478.68
2730,13,8573.98
2730,14,8673.75
2730,15,8707.12
2730,16,8737.19
2730,17,8531.2
2730,18,8468
2730,19,8466.23
2730,20,8491.55
2730,21,8668.79
2730,22,8511.2
2730,23,8464.54
2730,24,8441.46
2730,25,8621.49
2730,26,8621.62
2730,27,8722.44
2730,28,8649.64
2730,29,8538.61
2730,30,8616.64
2730,31,8539.49
2730,32,8528.6
2730,33,8720.79
2730,34,8437.3
2730,35,8487
2730,36,8626.85
2730,37,8652.7
2730,38,8384.45
2730,39,8441.92
2730,40,8368.34
2730,41,8646.94
2730,42,8527.52
2730,43,8650.53
2730,44,8561.1
2730,45,8721.02
2730,46,8637.94
2730,47,8513.56
2730,48,8678.95
2730,49,8564.91
2730,50,8608.21
2730,51,8578.92
2730,52,8596.63
2730,53,8453.37
2730,54,8604.29
2730,55,8626.84
2730,56,8559.43
2730,57,8603.7
2730,58,8657.34
2730,59,8660.85
2730,60,8564.09
2730,61,8702.75
2730,62,8644.26
2730,63,8569.77
2730,64,8640.49
2730,65,8570.51
2730,66,8561.25
2730,67,8597.87
2730,68,8494.73
2730,69,8446.04
2730,70,8651.04
2730,71,8687.34
2730,72,8538.47
2730,73,8364.15
2730,74,8684.89
2730,75,8641.77
2730,76,8606.14
2730,77,8582.72
2730,78,8475.6
2730,79,8713.56
2730,80,8760.27
2730,81,8585.68
2730,82,8608.64
2730,83,8642.19
2730,84,8692.1
2730,85,8450.36
2730,86,8503.33
2730,87,8703.51
2730,88,8682.8
2730,89,8481.66
2730,90,8632.46
2730,91,8577.34
2730,92,8618.2
2730,93,8643.82
2730,94,8473.79
2730,95,8683.38
2730,96,8447.34
2730,97,8595.39
2730,98,8359.74
2730,99,8641.93
2740,0,8736.64
2740,1,8750.51
2740,2,8459.03
2740,3,8709.88
2740,4,8682.91
2740,5,8514.55
2740,6,8523.92
2740,7,8697.59
2740,8,8536
2740,9,8687.95
2740,10,8734.59
2740,11,8674.71
2740,12,8478.38
2740,13,8573.68
2740,14,8673.45
2740,15,8706.82
2740,16,8736.89
2740,17,8530.9
2740,18,8467.7
2740,19,8465.93
2740,20,8491.25
2740,21,8668.49
2740,22,8510.9
2740,23,8464.24
2740,24,8441.16
2740,25,8621.19
2740,26,8621.32
2740,27,8722.14
2740,28,8649.34
2740,29,8538.31
2740,30,8616.34
2740,31,8539.19
2740,32,8528.3
2740,33,8720.49
2740,34,8437
2740,35,8486.7
2740,36,8626.55
2740,37,8652.4
2740,38,8384.15
2740,39,8441.62
2740,40,8368.04
2740,41,8646.64
2740,42,8527.22
2740,43,8650.23
2740,44,8560.8
2740,45,8720.72
2740,46,8637.64
2740,47,8513.26
2740,48,8678.65
2740,49,8564.61
2740,50,8607.91
2740,51,8578.62
2740,52,8596.33
2740,53,8453.07
2740,54,8603.99
2740,55,8626.54
2740,56,8559.13
2740,57,8603.4
2740,58,8657.04
2740,59,8660.55
2740,60,8563.79
2740,61,8702.45
2740,62,8643.96
2740,63,8569.47
2740,64,8640.19
2740,65,8570.21
2740,66,8560.95
2740,67,8597.57
2740,68,8494.43
2740,69,8445.74
2740,70,8650.74
2740,71,8687.04
2740,72,8538.17
2740,73,8363.85
2740,74,8684.59
2740,75,8641.47
2740,76,8605.84
2740,77,8582.42
2740,78,8475.3
2740,79,8713.26
2740,80,8759.97
2740,81,8585.38
2740,82,8608.34
2740,83,8641.89
2740,84,8691.8
2740,85,8450.06
2740,86,8503.03
2740,87,8703.21
2740,88,8682.5
2740,89,8481.36
2740,90,8632.16
2740,91,8577.04
2740,92,8617.9
2740,93,8643.52
2740,94,8473.49
2740,95,8683.08
2740,96,8447.04
2740,97,8595.09
2740,98,8359.44
2740,99,8641.63
2750,0,8726.42
2750,1,8740.44
2750,2,8447.4
2750,3,8697.7
2750,4,8672.25
2750,5,8504.01
2750,6,8512.84
2750,7,8688.51
2750,8,8522.57
2750,9,8675.11
2750,10,8725.79
2750,11,8663.33
2750,12,8465.45
2750,13,8561.39
2750,14,8660.75
2750,15,8696.2
2750,16,8725.97
2750,17,8518.38
2750,18,8458.38
2750,19,8453.94
2750,20,8480.84
2750,21,8653.36
2750,22,8498.33
2750,23,8452.01
2750,24,8429.67
2750,25,8610.55
2750,26,8609.25
2750,27,8710.78
2750,28,8639.17
2750,29,8527.19
2750,30,8606.39
2750,31,8527.88
2750,32,8514.73
2750,33,8711.66
2750,34,8423.25
2750,35,8474.83
2750,36,8615.64
2750,37,8642.72
2750,38,8370.35
2750,39,8429.76
2750,40,8353.49
2750,41,8636.72
2750,42,8515.54
2750,43,8638.95
2750,44,8548.72
2750,45,8710.92
2750,46,8626.23
2750,47,8500.89
2750,48,8667.33
2750,49,8553.09
2750,50,8596.43
2750,51,8566.16
2750,52,8588.74
2750,53,8439.59
2750,54,8593.7
2750,55,8612.74
2750,56,8546.38
2750,57,8591.34
2750,58,8645.4
2750,59,8646.27
2750,60,8551.18
2750,61,8693.89
2750,62,8632.32
2750,63,8558.88
2750,64,8630.1
2750,65,8557.68
2750,66,8550.13
2750,67,8587.17
2750,68,8484.08
2750,69,8433.31
2750,70,8638.94
2750,71,8676.34
2750,72,8526.05
2750,73,8351.57
2750,74,8671.98
2750,75,8628.33
2750,76,8594.65
2750,77,8570.55
2750,78,8462.86
2750,79,8701.41
2750,80,8751.71
2750,81,8574.14
2750,82,8597.25
2750,83,8632.85
2750,84,8679.73
2750,85,8439.11
2750,86,8491.47
2750,87,8692.06
2750,88,8665.01
2750,89,8470.03
2750,90,8620.91
2750,91,8564.25
2750,92,8608.78
2750,93,8632.85
2750,94,8460.36
2750,95,8672.12
2750,96,8435.77
2750,97,8584.83
2750,98,8347.05
2750,99,8629.62
2760,0,8726.12
2760,1,8740.14
2760,2,8447.11
2760,3,8697.43
2760,4,8671.95
2760,5,8503.71
2760,6,8512.55
2760,7,8688.21
2760,8,8522.3
2760,9,8674.84
2760,10,8725.49
2760,11,8663.05
2760,12,8465.18
2760,13,8561.11
2760,14,8660.47
2760,15,8695.91
2760,16,8725.69
2760,17,8518.11
2760,18,8458.08
2760,19,8453.66
2760,20,8480.54
2760,21,8653.11
2760,22,8498.06
2760,23,8451.72
2760,24,8429.38
2760,25,8610.25
2760,26,8608.98
2760,27,8710.51
2760,28,8638.87
2760,29,8526.9
2760,30,8606.09
2760,31,8527.59
2760,32,8514.48
2760,33,8711.36
2760,34,8423
2760,35,8474.55
2760,36,8615.35
2760,37,8642.42
2760,38,8370.1
2760,39,8429.48
2760,40,8353.24
2760,41,8636.42
2760,42,8515.26
2760,43,8638.67
2760,44,8548.44
2760,45,8710.62
2760,46,8625.95
2760,47,8500.61
2760,48,8667.05
2760,49,8552.81
2760,50,8596.16
2760,51,8565.89
2760,52,8588.44
2760,53,8439.32
2760,54,8593.41
2760,55,8612.47
2760,56,8546.11
2760,57,8591.07
2760,58,8645.12
2760,59,8646.02
2760,60,8550.91
2760,61,8693.59
2760,62,8632.03
2760,63,8558.58
2760,64,8629.8
2760,65,8557.4
2760,66,8549.84
2760,67,8586.88
2760,68,8483.78
2760,69,8433.04
2760,70,8638.66
2760,71,8676.05
2760,72,8525.77
2760,73,8351.29
2760,74,8671.69
2760,75,8628.06
2760,76,8594.36
2760,77,8570.27
2760,78,8462.58
2760,79,8701.13
2760,80,8751.41
2760,81,8573.85
2760,82,8596.97
2760,83,8632.55
2760,84,8679.45
2760,85,8438.83
2760,86,8491.19
2760,87,8691.78
2760,88,8664.71
2760,89,8469.74
2760,90,8620.62
2760,91,8563.98
2760,92,8608.48
2760,93,8632.57
2760,94,8460.06
2760,95,8671.83
2760,96,8435.49
2760,97,8584.54
2760,98,8346.78
2760,99,8629.36
2770,0,8725.82
2770,1,8739.84
2770,2,8446.81
2770,3,8697.13
2770,4,8671.65
2770,5,8503.41
2770,6,8512.25
2770,7,8687.91
2770,8,8522
2770,9,8674.54
2770,10,8725.19
2770,11,8662.75
2770,12,8464.88
2770,13,8560.81
2770,14,8660.17
2770,15,8695.61
2770,16,8725.39
2770,17,8517.81
2770,18,8457.78
2770,19,8453.36
2770,20,8480.24
2770,21,8652.81
2770,22,8497.76
2770,23,8451.42
2770,24,8429.08
2770,25,8609.95
2770,26,8608.68
2770,27,8710.21
2770,28,8638.57
2770,29,8526.6
2770,30,8605.79
2770,31,8527.29
2770,32,8514.18
2770,33,8711.06
2770,34,8422.7
2770,35,8474.25
2770,36,8615.05
2770,37,8642.12
2770,38,8369.8
2770,39,8429.18
2770,40,8352.94
2770,41,8636.12
2770,42,8514.96
2770,43,8638.37
2770,44,8548.14
2770,45,8710.32
2770,46,8625.65
2770,47,8500.31
2770,48,8666.75
2770,49,8552.51
2770,50,8595.86
2770,51,8565.59
2770,52,8588.14
2770,53,8439.02
2770,54,8593.11
2770,55,8612.17
2770,56,8545.81
2770,57,8590.77
2770,58,8644.82
2770,59,8645.72
2770,60,8550.61
2770,61,8693.29
2770,62,8631.73
2770,63,8558.28
2770,64,8629.5
2770,65,8557.1
2770,66,8549.54
2770,67,8586.58
2770,68,8483.48
2770,69,8432.74
2770,70,8638.36
2770,71,8675.75
2770,72,8525.47
2770,73,8350.99
2770,74,8671.39
2770,75,8627.76
2770,76,8594.06
2770,77,8569.97
2770,78,8462.28
2770,79,8700.83
2770,80,8751.11
2770,81,8573.55
2770,82,8596.67
2770,83,8632.25
2770,84,8679.15
2770,85,8438.53
2770,86,8490.89
2770,87,8691.48
2770,88,8664.41
2770,89,8469.44
2770,90,8620.32
2770,91,8563.68
2770,92,8608.18
2770,93,8632.27
2770,94,8459.76
2770,95,8671.53
2770,96,8435.19
2770,97,8584.24
2770,98,8346.48
2770,99,8629.06
2780,0,8712.49
2780,1,8729.14
2780,2,8432.78
2780,3,8685.71
2780,4,8659.75
2780,5,8490.97
2780,6,8498.57
2780,7,8677.7
2780,8,8510.02
2780,9,8660.04
2780,10,8715.17
2780,11,8649.35
2780,12,8450.86
2780,13,8548.64
2780,14,8648.1
2780,15,8682.54
2780,16,8715.1
2780,17,8506
2780,18,8447.24
2780,19,8441.68
2780,20,8468.38
2780,21,8638.95
2780,22,8484.46
2780,23,8439.06
2780,24,8415.48
2780,25,8597.26
2780,26,8595.38
2780,27,8697.18
2780,28,8626.59
2780,29,8515.06
2780,30,8594.69
2780,31,8513.39
2780,32,8499.35
2780,33,8697.78
2780,34,8410
2780,35,8462.96
2780,36,8602.11
2780,37,8630.2
2780,38,8356.46
2780,39,8415.54
2780,40,8336.51
2780,41,8624
2780,42,8502.53
2780,43,8624.77
2780,44,8534.4
2780,45,8699.37
2780,46,8611.94
2780,47,8486.36
2780,48,8653.66
2780,49,8541.5
2780,50,8582.33
2780,51,8554.66
2780,52,8578.83
2780,53,8426.16
2780,54,8581.74
2780,55,8598.35
2780,56,8533.5
2780,57,8579.39
2780,58,8633.8
2780,59,8633.77
2780,60,8538.11
2780,61,8682.8
2780,62,8618.86
2780,63,8546.28
2780,64,8617.06
2780,65,8543.43
2780,66,8536.74
2780,67,8575.35
2780,68,8472.45
2780,69,8418.32
2780,70,8625.31
2780,71,8663.74
2780,72,8511.62
2780,73,8337.24
2780,74,8658.11
2780,75,8614.59
2780,76,8581.43
2780,77,8556.67
2780,78,8448.46
2780,79,8690.14
2780,80,8741.15
2780,81,8563.08
2780,82,8586.31
2780,83,8618.69
2780,84,8664.54
2780,85,8426.16
2780,86,8478.88
2780,87,8677.33
2780,88,8650.65
2780,89,8455.86
2780,90,8610.3
2780,91,8551.34
2780,92,8595.34
2780,93,8619.61
2780,94,8447.1
2780,95,8660.89
2780,96,8422.65
2780,97,8574.61
2780,98,8332.49
2780,99,8616.77
2790,0,8712.24
2790,1,8728.87
2790,2,8432.53
2790,3,8685.45
2790,4,8659.48
2790,5,8490.72
2790,6,8498.33
2790,7,8677.41
2790,8,8509.74
2790,9,8659.8
2790,10,8714.88
2790,11,8649.1
2790,12,8450.62
2790,13,8548.37
2790,14,8647.84
2790,15,8682.29
2790,16,8714.83
2790,17,8505.74
2790,18,8446.95
2790,19,8441.42
2790,20,8468.11
2790,21,8638.7
2790,22,8484.21
2790,23,8438.79
2790,24,8415.23
2790,25,8597
2790,26,8595.13
2790,27,8696.93
2790,28,8626.33
2790,29,8514.8
2790,30,8594.41
2790,31,8513.15
2790,32,8499.12
2790,33,8697.48
2790,34,8409.75
2790,35,8462.69
2790,36,8601.86
2790,37,8629.92
2790,38,8356.22
2790,39,8415.29
2790,40,8336.28
2790,41,8623.74
2790,42,8502.27
2790,43,8624.53
2790,44,8534.12
2790,45,8699.1
2790,46,8611.69
2790,47,8486.11
2790,48,8653.41
2790,49,8541.23
2790,50,8582.08
2790,51,8554.39
2790,52,8578.54
2790,53,8425.9
2790,54,8581.48
2790,55,8598.11
2790,56,8533.24
2790,57,8579.13
2790,58,8633.53
2790,59,8633.5
2790,60,8537.84
2790,61,8682.52
2790,62,8618.61
2790,63,8546.01
2790,64,8616.81
2790,65,8543.18
2790,66,8536.48
2790,67,8575.08
2790,68,8472.18
2790,69,8418.08
2790,70,8625.05
2790,71,8663.49
2790,72,8511.37
2790,73,8336.98
2790,74,8657.85
2790,75,8614.33
2790,76,8581.17
2790,77,8556.42
2790,78,8448.21
2790,79,8689.86
2790,80,8740.85
2790,81,8562.8
2790,82,8586.04
2790,83,8618.41
2790,84,8664.3
2790,85,8425.91
2790,86,8478.61
2790,87,8677.09
2790,88,8650.36
2790,89,8455.61
2790,90,8610.02
2790,91,8551.07
2790,92,8595.06
2790,93,8619.35
2790,94,8446.84
2790,95,8660.6
2790,96,8422.39
2790,97,8574.32
2790,98,8332.25
2790,99,8616.52
2800,0,8711.94
2800,1,8728.57
2800,2,8432.23
2800,3,8685.15
2800,4,8659.18
2800,5,8490.42
2800,6,8498.03
2800,7,8677.11
2800,8,8509.44
2800,9,8659.5
2800,10,8714.58
2800,11,8648.8
2800,12,8450.32
2800,13,8548.07
2800,14,8647.54
2800,15,8681.99
2800,16,8714.53
2800,17,8505.44
2800,18,8446.65
2800,19,8441.12
2800,20,8467.81
2800,21,8638.4
2800,22,8483.91
2800,23,8438.49
2800,24,8414.93
2800,25,8596.7
2800,26,8594.83
2800,27,8696.63
2800,28,8626.03
2800,29,8514.5
2800,30,8594.11
2800,31,8512.85
2800,32,8498.82
2800,33,8697.18
2800,34,8409.45
2800,35,8462.39
2800,36,8601.56
2800,37,8629.62
2800,38,8355.92
2800,39,8414.99
2800,40,8335.98
2800,41,8623.44
2800,42,8501.97
2800,43,8624.23
2800,44,8533.82
2800,45,8698.8
2800,46,8611.39
2800,47,8485.81
2800,48,8653.11
2800,49,8540.93
2800,50,8581.78
2800,51,8554.09
2800,52,8578.24
2800,53,8425.6
2800,54,8581.18
2800,55,8597.81
2800,56,8532.94
2800,57,8578.83
2800,58,8633.23
2800,59,8633.2
2800,60,8537.54
2800,61,8682.22
2800,62,8618.31
2800,63,8545.71
2800,64,8616.51
2800,65,8542.88
2800,66,8536.18
2800,67,8574.78
2800,68,8471.88
2800,69,8417.78
2800,70,8624.75
2800,71,8663.19
2800,72,8511.07
2800,73,8336.68
2800,74,8657.55
2800,75,8614.03
2800,76,8580.87
2800,77,8556.12
2800,78,8447.91
2800,79,8689.56
2800,80,8740.55
2800,81,8562.5
2800,82,8585.74
2800,83,8618.11
2800,84,8664
2800,85,8425.61
2800,86,8478.31
2800,87,8676.79
2800,88,8650.06
2800,89,8455.31
2800,90,8609.72
2800,91,8550.77
2800,92,8594.76
2800,93,8619.05
2800,94,8446.54
2800,95,8660.3
2800,96,8422.09
2800,97,8574.02
2800,98,8331.95
2800,99,8616.22
2810,0,8701
2810,1,8717.96
2810,2,8419.96
2810,3,8675.11
2810,4,8648.03
2810,5,8479.24
2810,6,8486.22
2810,7,8666.89
2810,8,8498.57
2810,9,8645.39
2810,10,8703.77
2810,11,8637.19
2810,12,8437.31
2810,13,8533.34
2810,14,8635.16
2810,15,8669.72
2810,16,8704.06
2810,17,8495.02
2810,18,8434.94
2810,19,8429.27
2810,20,8456.73
2810,21,8625.82
2810,22,8470.9
2810,23,8425.51
2810,24,8403.35
2810,25,8586.12
2810,26,8582.31
2810,27,8683.9
2810,28,8615.59
2810,29,8503.54
2810,30,8583.05
2810,31,8500.83
2810,32,8484.5
2810,33,8687.42
2810,34,8395.08
2810,35,8450.66
2810,36,8589.36
2810,37,8618.47
2810,38,8342.4
2810,39,8403.25
2810,40,8320.95
2810,41,8612.22
2810,42,8489.42
2810,43,8612.89
2810,44,8519.2
2810,45,8687.58
2810,46,8598.53
2810,47,8473.24
2810,48,8640.34
2810,49,8529.8
2810,50,8569.31
2810,51,8544.36
2810,52,8564.98
2810,53,8411.72
2810,54,8571.07
2810,55,8583.97
2810,56,8519.67
2810,57,8567.38
2810,58,8623.07
2810,59,8620.87
2810,60,8523.84
2810,61,8672.7
2810,62,8606.37
2810,63,8534.55
2810,64,8605.87
2810,65,8529.5
2810,66,8524.2
2810,67,8563.39
2810,68,8461.38
2810,69,8406.28
2810,70,8612.49
2810,71,8653.23
2810,72,8498.6
2810,73,8323.16
2810,74,8644.46
2810,75,8602.09
2810,76,8568.61
2810,77,8544.14
2810,78,8434.14
2810,79,8679.28
2810,80,8728.83
2810,81,8550.91
2810,82,8575.72
2810,83,8605.43
2810,84,8650.58
2810,85,8413.97
2810,86,8468.17
2810,87,8663.65
2810,88,8639.72
2810,89,8443.94
2810,90,8599.28
2810,91,8538.3
2810,92,8583.7
2810,93,8607.51
2810,94,8433.87
2810,95,8648.26
2810,96,8410.72
2810,97,8563.07
2810,98,8319.27
2810,99,8604.9
2820,0,8697.8
2820,1,8715.1
2820,2,8416.43
2820,3,8673.36
2820,4,8645.99
2820,5,8473.41
2820,6,8482.58
2820,7,8664.84
2820,8,8495.76
2820,9,8645.16
2820,10,8701.85
2820,11,8634.47
2820,12,8432.89
2820,13,8530.42
2820,14,8632.53
2820,15,8669.47
2820,16,8699.97
2820,17,8487.14
2820,18,8432.32
2820,19,8425.01
2820,20,8453.68
2820,21,8623.18
2820,22,8467.02
2820,23,8421.42
2820,24,8399.52
2820,25,8580.17
2820,26,8582.06
2820,27,8683.66
2820,28,8612.5
2820,29,8500.12
2820,30,8581.1
2820,31,8497.17
2820,32,8484.28
2820,33,8686.23
2820,34,8394.86
2820,35,8446.45
2820,36,8586.17
2820,37,8616.06
2820,38,8337.05
2820,39,8399.2
2820,40,8315.63
2820,41,8609.35
2820,42,8486.18
2820,43,8609.14
2820,44,8516.71
2820,45,8684.61
2820,46,8594.86
2820,47,8469.53
2820,48,8636.99
2820,49,8525.58
2820,50,8565.86
2820,51,8541.83
2820,52,8563.28
2820,53,8406.89
2820,54,8567.22
2820,55,8583.15
2820,56,8515.91
2820,57,8562.68
2820,58,8620.24
2820,59,8618.44
2820,60,8523.6
2820,61,8670.1
2820,62,8603.39
2820,63,8531.99
2820,64,8603.06
2820,65,8526.17
2820,66,8520.92
2820,67,8561.59
2820,68,8458.2
2820,69,8401.76
2820,70,8609.4
2820,71,8649.51
2820,72,8494.82
2820,73,8319.04
2820,74,8641.7
2820,75,8598.89
2820,76,8565.56
2820,77,8540.81
2820,78,8433.9
2820,79,8676.77
2820,80,8726.86
2820,81,8550.66
2820,82,8571.75
2820,83,8603.75
2820,84,8650.34
2820,85,8410.32
2820,86,8461.51
2820,87,8659.62
2820,88,8639.4
2820,89,8440.13
2820,90,8597.19
2820,91,8535.75
2820,92,8581.39
2820,93,8605.74
2820,94,8430.82
2820,95,8644.79
2820,96,8407
2820,97,8560.85
2820,98,8315.02
2820,99,8600.24
2830,0,8697.5
2830,1,8714.8
2830,2,8416.13
2830,3,8673.06
2830,4,8645.69
2830,5,8473.11
2830,6,8482.28
2830,7,8664.54
2830,8,8495.46
2830,9,8644.86
2830,10,8701.55
2830,11,8634.17
2830,12,8432.59
2830,13,8530.12
2830,14,8632.23
2830,15,8669.17
2830,16,8699.67
2830,17,8486.84
2830,18,8432.02
2830,19,8424.71
2830,20,8453.38
2830,21,8622.88
2830,22,8466.72
2830,23,8421.12
2830,24,8399.22
2830,25,8579.87
2830,26,8581.76
2830,27,8683.36
2830,28,8612.2
2830,29,8499.82
2830,30,8580.8
2830,31,8496.87
2830,32,8483.98
2830,33,8685.93
2830,34,8394.56
2830,35,8446.15
2830,36,8585.87
2830,37,8615.76
2830,38,8336.75
2830,39,8398.9
2830,40,8315.33
2830,41,8609.05
2830,42,8485.88
2830,43,8608.84
2830,44,8516.41
2830,45,8684.31
2830,46,8594.56
2830,47,8469.23
2830,48,8636.69
2830,49,8525.28
2830,50,8565.56
2830,51,8541.53
2830,52,8562.98
2830,53,8406.59
2830,54,8566.92
2830,55,8582.85
2830,56,8515.61
2830,57,8562.38
2830,58,8619.94
2830,59,8618.14
2830,60,8523.3
2830,61,8669.8
2830,62,8603.09
2830,63,8531.69
2830,64,8602.76
2830,65,8525.87
2830,66,8520.62
2830,67,8561.29
2830,68,8457.9
2830,69,8401.46
2830,70,8609.1
2830,71,8649.21
2830,72,8494.52
2830,73,8318.74
2830,74,8641.4
2830,75,8598.59
2830,76,8565.26
2830,77,8540.51
2830,78,8433.6
2830,79,8676.47
2830,80,8726.56
2830,81,8550.36
2830,82,8571.45
2830,83,8603.45
2830,84,8650.04
2830,85,8410.02
2830,86,8461.21
2830,87,8659.32
2830,88,8639.1
2830,89,8439.83
2830,90,8596.89
2830,91,8535.45
2830,92,8581.09
2830,93,8605.44
2830,94,8430.52
2830,95,8644.49
2830,96,8406.7
2830,97,8560.55
2830,98,8314.72
2830,99,8599.94
2840,0,8687.22
2840,1,8704.93
2840,2,8405.33
2840,3,8661.93
2840,4,8636.26
2840,5,8461.34
2840,6,8473.27
2840,7,8654.23
2840,8,8484.71
2840,9,8633.34
2840,10,8691.05
2840,11,8622.82
2840,12,8423.25
2840,13,8520.21
2840,14,8620.17
2840,15,8657.96
2840,16,8688.88
2840,17,8476.49
2840,18,8421.62
2840,19,8412.78
2840,20,8444.56
2840,21,8611.39
2840,22,8454.16
2840,23,8410.63
2840,24,8387.86
2840,25,8569.2
2840,26,8570.75
2840,27,8673.14
2840,28,8603.11
2840,29,8490.35
2840,30,8570.85
2840,31,8486.92
2840,32,8474.39
2840,33,8675.01
2840,34,8384.27
2840,35,8435.66
2840,36,8574.87
2840,37,8607.81
2840,38,8327.52
2840,39,8387.22
2840,40,8303.67
2840,41,8600.07
2840,42,8473.87
2840,43,8597.49
2840,44,8506.52
2840,45,8675
2840,46,8582.78
2840,47,8456.58
2840,48,8625.1
2840,49,8515.56
2840,50,8553.82
2840,51,8531.74
2840,52,8553.18
2840,53,8394.75
2840,54,8556
2840,55,8571.15
2840,56,8502.88
2840,57,8552.01
2840,58,8609.78
2840,59,8607.47
2840,60,8510.53
2840,61,8660.92
2840,62,8591.18
2840,63,8520.64
2840,64,8591.43
2840,65,8513.14
2840,66,8509.87
2840,67,8552.5
2840,68,8448.59
2840,69,8389.75
2840,70,8598.3
2840,71,8640.87
2840,72,8482.2
2840,73,8306.66
2840,74,8628.91
2840,75,8587.07
2840,76,8552.77
2840,77,8528.18
2840,78,8421.28
2840,79,8666.32
2840,80,8717.66
2840,81,8541.26
2840,82,8562.1
2840,83,8591.88
2840,84,8638.45
2840,85,8398.34
2840,86,8451.59
2840,87,8646.92
2840,88,8627.12
2840,89,8429.7
2840,90,8585.36
2840,91,8523.33
2840,92,8570.95
2840,93,8595.2
2840,94,8420.67
2840,95,8634.18
2840,96,8395.32
2840,97,8549.87
2840,98,8302.44
2840,99,8589.38
2850,0,8686.97
2850,1,8704.67
2850,2,8401.67
2850,3,8661.69
2850,4,8633.29
2850,5,8457.92
2850,6,8469.62
2850,7,8653.98
2850,8,8484.45
2850,9,8630.53
2850,10,8690.8
2850,11,8622.58
2850,12,8419.38
2850,13,8519.96
2850,14,8619.88
2850,15,8656.06
2850,16,8688.64
2850,17,8472.05
2850,18,8421.36
2850,19,8412.54
2850,20,8442.29
2850,21,8611.15
2850,22,8453.93
2850,23,8406.55
2850,24,8387.61
2850,25,8568.95
2850,26,8568.7
2850,27,8668.23
2850,28,8600.09
2850,29,8486.85
2850,30,8570.58
2850,31,8483.24
2850,32,8469.89
2850,33,8674.74
2850,34,8380.35
2850,35,8431.71
2850,36,8574.63
2850,37,8605.39
2850,38,8323.12
2850,39,8386.98
2850,40,8300.11
2850,41,8597.22
2850,42,8473.63
2850,43,8597.25
2850,44,8503.14
2850,45,8672.01
2850,46,8582.54
2850,47,8456.34
2850,48,8624.86
2850,49,8511.3
2850,50,8553.59
2850,51,8531.48
2850,52,8552.92
2850,53,8393.83
2850,54,8555.76
2850,55,8569.45
2850,56,8502.51
2850,57,8551.76
2850,58,8609.53
2850,59,8607.22
2850,60,8510.3
2850,61,8658.3
2850,62,8590.94
2850,63,8520.39
2850,64,8591.19
2850,65,8512.48
2850,66,8509.62
2850,67,8552.23
2850,68,8445.97
2850,69,8389.52
2850,70,8596.35
2850,71,8637.15
2850,72,8481.96
2850,73,8306.41
2850,74,8628.67
2850,75,8586.83
2850,76,8552.53
2850,77,8527.94
2850,78,8421.04
2850,79,8666.06
2850,80,8717.4
2850,81,8538.08
2850,82,8558.21
2850,83,8591.62
2850,84,8635.43
2850,85,8398.1
2850,86,8447.72
2850,87,8646.69
2850,88,8626.86
2850,89,8425.71
2850,90,8585.11
2850,91,8522.98
2850,92,8570.69
2850,93,8594.94
2850,94,8417.89
2850,95,8633.92
2850,96,8395.08
2850,97,8549.61
2850,98,8302.21
2850,99,8589.14
2860,0,8686.67
2860,1,8704.37
2860,2,8401.37
2860,3,8661.39
2860,4,8632.99
2860,5,8457.62
2860,6,8469.32
2860,7,8653.68
2860,8,8484.15
2860,9,8630.23
2860,10,8690.5
2860,11,8622.28
2860,12,8419.08
2860,13,8519.66
2860,14,8619.58
2860,15,8655.76
2860,16,8688.34
2860,17,8471.75
2860,18,8421.06
2860,19,8412.24
2860,20,8441.99
2860,21,8610.85
2860,22,8453.63
2860,23,8406.25
2860,24,8387.31
2860,25,8568.65
2860,26,8568.4
2860,27,8667.93
2860,28,8599.79
2860,29,8486.55
2860,30,8570.28
2860,31,8482.94
2860,32,8469.59
2860,33,8674.44
2860,34,8380.05
2860,35,8431.41
2860,36,8574.33
2860,37,8605.09
2860,38,8322.82
2860,39,8386.68
2860,40,8299.81
2860,41,8596.92
2860,42,8473.33
2860,43,8596.95
2860,44,8502.84
2860,45,8671.71
2860,46,8582.24
2860,47,8456.04
2860,48,8624.56
2860,49,8511
2860,50,8553.29
2860,51,8531.18
2860,52,8552.62
2860,53,8393.53
2860,54,8555.46
2860,55,8569.15
2860,56,8502.21
2860,57,8551.46
2860,58,8609.23
2860,59,8606.92
2860,60,8510
2860,61,8658
2860,62,8590.64
2860,63,8520.09
2860,64,8590.89
2860,65,8512.18
2860,66,8509.32
2860,67,8551.93
2860,68,8445.67
2860,69,8389.22
2860,70,8596.05
2860,71,8636.85
2860,72,8481.66
2860,73,8306.11
2860,74,8628.37
2860,75,8586.53
2860,76,8552.23
2860,77,8527.64
2860,78,8420.74
2860,79,8665.76
2860,80,8717.1
2860,81,8537.78
2860,82,8557.91
2860,83,8591.32
2860,84,8635.13
2860,85,8397.8
2860,86,8447.42
2860,87,8646.39
2860,88,8626.56
2860,89,8425.41
2860,90,8584.81
2860,91,8522.68
2860,92,8570.39
2860,93,8594.64
2860,94,8417.59
2860,95,8633.62
2860,96,8394.78
2860,97,8549.31
2860,98,8301.91
2860,99,8588.84
2870,0,8677.14
2870,1,8694.56
2870,2,8391.24
2870,3,8653.23
2870,4,8623.79
2870,5,8447.66
2870,6,8459.81
2870,7,8644.61
2870,8,8474.16
2870,9,8619.72
2870,10,8681.89
2870,11,8613.57
2870,12,8409.68
2870,13,8510.6
2870,14,8610.01
2870,15,8645.85
2870,16,8679.25
2870,17,8464.9
2870,18,8412.68
2870,19,8405.23
2870,20,8429.59
2870,21,8601.44
2870,22,8444.27
2870,23,8396.52
2870,24,8378.11
2870,25,8559.35
2870,26,8557.25
2870,27,8656.94
2870,28,8590.96
2870,29,8477.58
2870,30,8560.2
2870,31,8473.21
2870,32,8459.4
2870,33,8662.03
2870,34,8369.31
2870,35,8422.53
2870,36,8565.08
2870,37,8598.07
2870,38,8312.56
2870,39,8377.39
2870,40,8287.58
2870,41,8587.76
2870,42,8464.77
2870,43,8587.13
2870,44,8495.13
2870,45,8662.53
2870,46,8572.15
2870,47,8445.67
2870,48,8614.89
2870,49,8501.26
2870,50,8544.18
2870,51,8522.03
2870,52,8544.24
2870,53,8382.89
2870,54,8544.59
2870,55,8557.1
2870,56,8493.51
2870,57,8541.79
2870,58,8599.81
2870,59,8597.21
2870,60,8499.73
2870,61,8649.19
2870,62,8578.65
2870,63,8510.17
2870,64,8581
2870,65,8503.39
2870,66,8500.93
2870,67,8544.6
2870,68,8436.66
2870,69,8378.19
2870,70,8586.88
2870,71,8628.01
2870,72,8471.5
2870,73,8297.17
2870,74,8617.99
2870,75,8577.83
2870,76,8543.85
2870,77,8519.62
2870,78,8410.08
2870,79,8657.37
2870,80,8710.19
2870,81,8528.84
2870,82,8548.61
2870,83,8582.2
2870,84,8623.82
2870,85,8389.28
2870,86,8438.02
2870,87,8636.68
2870,88,8613.24
2870,89,8417.03
2870,90,8574.99
2870,91,8512.87
2870,92,8561.97
2870,93,8586.32
2870,94,8409.2
2870,95,8624.25
2870,96,8386.65
2870,97,8541.29
2870,98,8292.61
2870,99,8579.18
2880,0,8675.6
2880,1,8692.39
2880,2,8388.13
2880,3,8650.15
2880,4,8620.9
2880,5,8443.32
2880,6,8456.17
2880,7,8642.4
2880,8,8470.65
2880,9,8616.69
2880,10,8679.24
2880,11,8610.38
2880,12,8405.55
2880,13,8507.6
2880,14,8606.59
2880,15,8641.86
2880,16,8675.2
2880,17,8457.92
2880,18,8409.09
2880,19,8398.06
2880,20,8426.54
2880,21,8598.82
2880,22,8437.84
2880,23,8392.46
2880,24,8372.78
2880,25,8556.04
2880,26,8554.72
2880,27,8652.98
2880,28,8587.45
2880,29,8473.97
2880,30,8558.85
2880,31,8469.52
2880,32,8454.97
2880,33,8661.73
2880,34,8366.78
2880,35,8418.28
2880,36,8561.85
2880,37,8594.79
2880,38,8306.25
2880,39,8373.36
2880,40,8281.46
2880,41,8585.21
2880,42,8458.63
2880,43,8584.59
2880,44,8490.63
2880,45,8659.56
2880,46,8570.02
2880,47,8441.9
2880,48,8612.6
2880,49,8496.99
2880,50,8540.39
2880,51,8519.02
2880,52,8543.03
2880,53,8377.65
2880,54,8544.37
2880,55,8552.62
2880,56,8487.57
2880,57,8537.98
2880,58,8595.96
2880,59,8593.55
2880,60,8495.32
2880,61,8646.56
2880,62,8576.87
2880,63,8505.64
2880,64,8576.65
2880,65,8497.97
2880,66,8497.26
2880,67,8541.84
2880,68,8433.48
2880,69,8374.32
2880,70,8581.94
2880,71,8624.2
2880,72,8467.78
2880,73,8290.37
2880,74,8613.98
2880,75,8573.72
2880,76,8537.83
2880,77,8512.61
2880,78,8406.38
2880,79,8654.89
2880,80,8708.2
2880,81,8525.16
2880,82,8544.79
2880,83,8579.46
2880,84,8619.89
2880,85,8384.58
2880,86,8434.17
2880,87,8633.56
2880,88,8613
2880,89,8411.6
2880,90,8572.8
2880,91,8510.36
2880,92,8560.55
2880,93,8583.69
2880,94,8406.51
2880,95,8620.8
2880,96,8383.52
2880,97,8538.25
2880,98,8288.11
2880,99,8574.55
2890,0,8675.3
2890,1,8692.09
2890,2,8387.83
2890,3,8649.85
2890,4,8620.6
2890,5,8443.02
2890,6,8455.87
2890,7,8642.1
2890,8,8470.35
2890,9,8616.39
2890,10,8678.94
2890,11,8610.08
2890,12,8405.25
2890,13,8507.3
2890,14,8606.29
2890,15,8641.56
2890,16,8674.9
2890,17,8457.62
2890,18,8408.79
2890,19,8397.76
2890,20,8426.24
2890,21,8598.52
2890,22,8437.54
2890,23,8392.16
2890,24,8372.48
2890,25,8555.74
2890,26,8554.42
2890,27,8652.68
2890,28,8587.15
2890,29,8473.67
2890,30,8558.55
2890,31,8469.22
2890,32,8454.67
2890,33,8661.43
2890,34,8366.48
2890,35,8417.98
2890,36,8561.55
2890,37,8594.49
2890,38,8305.95
2890,39,8373.06
2890,40,8281.16
2890,41,8584.91
2890,42,8458.33
2890,43,8584.29
2890,44,8490.33
2890,45,8659.26
2890,46,8569.72
2890,47,8441.6
2890,48,8612.3
2890,49,8496.69
2890,50,8540.09
2890,51,8518.72
2890,52,8542.73
2890,53,8377.35
2890,54,8544.07
2890,55,8552.32
2890,56,8487.27
2890,57,8537.68
2890,58,8595.66
2890,59,8593.25
2890,60,8495.02
2890,61,8646.26
2890,62,8576.57
2890,63,8505.34
2890,64,8576.35
2890,65,8497.67
2890,66,8496.96
2890,67,8541.54
2890,68,8433.18
2890,69,8374.02
2890,70,8581.64
2890,71,8623.9
2890,72,8467.48
2890,73,8290.07
2890,74,8613.68
2890,75,8573.42
2890,76,8537.53
2890,77,8512.31
2890,78,8406.08
2890,79,8654.59
2890,80,8707.9
2890,81,8524.86
2890,82,8544.49
2890,83,8579.16
2890,84,8619.59
2890,85,8384.28
2890,86,8433.87
2890,87,8633.26
2890,88,8612.7
2890,89,8411.3
2890,90,8572.5
2890,91,8510.06
2890,92,8560.25
2890,93,8583.39
2890,94,8406.21
2890,95,8620.5
2890,96,8383.22
2890,97,8537.95
2890,98,8287.81
2890,99,8574.25
2900,0,8665.8
2900,1,8684.66
2900,2,8379.75
2900,3,8642.33
2900,4,8612.38
2900,5,8435.71
2900,6,8446.82
2900,7,8633.02
2900,8,8460.33
2900,9,8605.8
2900,10,8670.86
2900,11,8600.67
2900,12,8397.25
2900,13,8499.36
2900,14,8596.65
2900,15,8632.05
2900,16,8666.38
2900,17,8450.86
2900,18,8402.46
2900,19,8389.4
2900,20,8419.78
2900,21,8589.04
2900,22,8428.76
2900,23,8382.55
2900,24,8362.85
2900,25,8549.44
2900,26,8545.7
2900,27,8641.67
2900,28,8580.29
2900,29,8464.77
2900,30,8548.73
2900,31,8460.47
2900,32,8444.98
2900,33,8651.53
2900,34,8357.45
2900,35,8411.48
2900,36,8553.44
2900,37,8588.06
2900,38,8297.41
2900,39,8366.51
2900,40,8270.98
2900,41,8578.28
2900,42,8450.94
2900,43,8577.38
2900,44,8484.27
2900,45,8651.33
2900,46,8560.2
2900,47,8432.38
2900,48,8603.86
2900,49,8486.97
2900,50,8530.88
2900,51,8511.93
2900,52,8536.92
2900,53,8369.26
2900,54,8536.03
2900,55,8542.47
2900,56,8479.44
2900,57,8530.01
2900,58,8586.15
2900,59,8583.35
2900,60,8485.89
2900,61,8639.01
2900,62,8564.5
2900,63,8494.01
2900,64,8567.78
2900,65,8488.2
2900,66,8488.72
2900,67,8535.77
2900,68,8426.37
2900,69,8365.47
2900,70,8573.69
2900,71,8614.04
2900,72,8458.48
2900,73,8282.22
2900,74,8603.18
2900,75,8564.5
2900,76,8529.1
2900,77,8503.47
2900,78,8396.23
2900,79,8646.25
2900,80,8700.76
2900,81,8517.4
2900,82,8536.01
2900,83,8572.79
2900,84,8609.54
2900,85,8376.36
2900,86,8427.89
2900,87,8623.2
2900,88,8601.23
2900,89,8402.88
2900,90,8560.71
2900,91,8500.07
2900,92,8553.29
2900,93,8574.36
2900,94,8399.69
2900,95,8611.1
2900,96,8376.88
2900,97,8530.78
2900,98,8281.81
2900,99,8566.39
2910,0,8663.14
2910,1,8680.26
2910,2,8374.03
2910,3,8637.73
2910,4,8608.96
2910,5,8430.58
2910,6,8443.4
2910,7,8629.49
2910,8,8455.17
2910,9,8601.39
2910,10,8668.12
2910,11,8595.23
2910,12,8388.65
2910,13,8493.93
2910,14,8591.48
2910,15,8628.86
2910,16,8662.58
2910,17,8443.93
2910,18,8397.13
2910,19,8382.33
2910,20,8413.19
2910,21,8585.58
2910,22,8422.44
2910,23,8378.81
2910,24,8359.45
2910,25,8542.95
2910,26,8542.46
2910,27,8638.04
2910,28,8574.39
2910,29,8461.34
2910,30,8546.96
2910,31,8453.79
2910,32,8439.74
2910,33,8650.04
2910,34,8350.15
2910,35,8404.6
2910,36,8548.81
2910,37,8583.34
2910,38,8288.21
2910,39,8359.3
2910,40,8265.69
2910,41,8574.35
2910,42,8443.72
2910,43,8569.42
2910,44,8477.22
2910,45,8647.02
2910,46,8557.12
2910,47,8425.07
2910,48,8598.14
2910,49,8483.33
2910,50,8525.24
2910,51,8506.97
2910,52,8533.79
2910,53,8360.28
2910,54,8529.76
2910,55,8536.11
2910,56,8472.83
2910,57,8526.12
2910,58,8582.31
2910,59,8579.66
2910,60,8481.68
2910,61,8634.32
2910,62,8560.96
2910,63,8490.98
2910,64,8564.66
2910,65,8484.23
2910,66,8482.63
2910,67,8532.52
2910,68,8418.99
2910,69,8357.92
2910,70,8567.21
2910,71,8610.82
2910,72,8451.52
2910,73,8275.08
2910,74,8600
2910,75,8558.72
2910,76,8522.13
2910,77,8497.88
2910,78,8392.27
2910,79,8641.56
2910,80,8698.5
2910,81,8512.85
2910,82,8529.95
2910,83,8569.28
2910,84,8606.02
2910,85,8369.76
2910,86,8421.89
2910,87,8619.67
2910,88,8599.47
2910,89,8397.13
2910,90,8558.11
2910,91,8494.63
2910,92,8550.9
2910,93,8572.54
2910,94,8392.73
2910,95,8605.7
2910,96,8370.2
2910,97,8526.93
2910,98,8274.05
2910,99,8560.29
2920,0,8662.84
2920,1,8679.96
2920,2,8373.73
2920,3,8637.43
2920,4,8608.66
2920,5,8430.28
2920,6,8443.1
2920,7,8629.19
2920,8,8454.87
2920,9,8601.09
2920,10,8667.82
2920,11,8594.93
2920,12,8388.35
2920,13,8493.63
2920,14,8591.18
2920,15,8628.56
2920,16,8662.28
2920,17,8443.63
2920,18,8396.83
2920,19,8382.03
2920,20,8412.89
2920,21,8585.28
2920,22,8422.14
2920,23,8378.51
2920,24,8359.15
2920,25,8542.65
2920,26,8542.16
2920,27,8637.74
2920,28,8574.09
2920,29,8461.04
2920,30,8546.66
2920,31,8453.49
2920,32,8439.44
2920,33,8649.74
2920,34,8349.85
2920,35,8404.3
2920,36,8548.51
2920,37,8583.04
2920,38,8287.91
2920,39,8359
2920,40,8265.39
2920,41,8574.05
2920,42,8443.42
2920,43,8569.12
2920,44,8476.92
2920,45,8646.72
2920,46,8556.82
2920,47,8424.77
2920,48,8597.84
2920,49,8483.03
2920,50,8524.94
2920,51,8506.67
2920,52,8533.49
2920,53,8359.98
2920,54,8529.46
2920,55,8535.81
2920,56,8472.53
2920,57,8525.82
2920,58,8582.01
2920,59,8579.36
2920,60,8481.38
2920,61,8634.02
2920,62,8560.66
2920,63,8490.68
2920,64,8564.36
2920,65,8483.93
2920,66,8482.33
2920,67,8532.22
2920,68,8418.69
2920,69,8357.62
2920,70,8566.91
2920,71,8610.52
2920,72,8451.22
2920,73,8274.78
2920,74,8599.7
2920,75,8558.42
2920,76,8521.83
2920,77,8497.58
2920,78,8391.97
2920,79,8641.26
2920,80,8698.2
2920,81,8512.55
2920,82,8529.65
2920,83,8568.98
2920,84,8605.72
2920,85,8369.46
2920,86,8421.59
2920,87,8619.37
2920,88,8599.17
2920,89,8396.83
2920,90,8557.81
2920,91,8494.33
2920,92,8550.6
2920,93,8572.24
2920,94,8392.43
2920,95,8605.4
2920,96,8369.9
2920,97,8526.63
2920,98,8273.75
2920,99,8559.99
2930,0,8662.54
2930,1,8679.66
2930,2,8373.43
2930,3,8637.13
2930,4,8608.36
2930,5,8429.98
2930,6,8442.8
2930,7,8628.89
2930,8,8454.57
2930,9,8600.79
2930,10,8667.52
2930,11,8594.63
2930,12,8388.05
2930,13,8493.33
2930,14,8590.88
2930,15,8628.26
2930,16,8661.98
2930,17,8443.33
2930,18,8396.53
2930,19,8381.73
2930,20,8412.59
2930,21,8584.98
2930,22,8421.84
2930,23,8378.21
2930,24,8358.85
2930,25,8542.35
2930,26,8541.86
2930,27,8637.44
2930,28,8573.79
2930,29,8460.74
2930,30,8546.36
2930,31,8453.19
2930,32,8439.14
2930,33,8649.44
2930,34,8349.55
2930,35,8404
2930,36,8548.21
2930,37,8582.74
2930,38,8287.61
2930,39,8358.7
2930,40,8265.09
2930,41,8573.75
2930,42,8443.12
2930,43,8568.82
2930,44,8476.62
2930,45,8646.42
2930,46,8556.52
2930,47,8424.47
2930,48,8597.54
2930,49,8482.73
2930,50,8524.64
2930,51,8506.37
2930,52,8533.19
2930,53,8359.68
2930,54,8529.16
2930,55,8535.51
2930,56,8472.23
2930,57,8525.52
2930,58,8581.71
2930,59,8579.06
2930,60,8481.08
2930,61,8633.72
2930,62,8560.36
2930,63,8490.38
2930,64,8564.06
2930,65,8483.63
2930,66,8482.03
2930,67,8531.92
2930,68,8418.39
2930,69,8357.32
2930,70,8566.61
2930,71,8610.22
2930,72,8450.92
2930,73,8274.48
2930,74,8599.4
2930,75,8558.12
2930,76,8521.53
2930,77,8497.28
2930,78,8391.67
2930,79,8640.96
2930,80,8697.9
2930,81,8512.25
2930,82,8529.35
2930,83,8568.68
2930,84,8605.42
2930,85,8369.16
2930,86,8421.29
2930,87,8619.07
2930,88,8598.87
2930,89,8396.53
2930,90,8557.51
2930,91,8494.03
2930,92,8550.3
2930,93,8571.94
2930,94,8392.13
2930,95,8605.1
2930,96,8369.6
2930,97,8526.33
2930,98,8273.45
2930,99,8559.69
2940,0,8662.24
2940,1,8679.36
2940,2,8373.13
2940,3,8636.83
2940,4,8608.06
2940,5,8429.68
2940,6,8442.5
2940,7,8628.59
2940,8,8454.27
2940,9,8600.49
2940,10,8667.22
2940,11,8594.33
2940,12,8387.75
2940,13,8493.03
2940,14,8590.58
2940,15,8627.96
2940,16,8661.68
2940,17,8443.03
2940,18,8396.23
2940,19,8381.43
2940,20,8412.29
2940,21,8584.68
2940,22,8421.54
2940,23,8377.91
2940,24,8358.55
2940,25,8542.05
2940,26,8541.56
2940,27,8637.14
2940,28,8573.49
2940,29,8460.44
2940,30,8546.06
2940,31,8452.89
2940,32,8438.84
2940,33,8649.14
2940,34,8349.25
2940,35,8403.7
2940,36,8547.91
2940,37,8582.44
2940,38,8287.31
2940,39,8358.4
2940,40,8264.79
2940,41,8573.45
2940,42,8442.82
2940,43,8568.52
2940,44,8476.32
2940,45,8646.12
2940,46,8556.22
2940,47,8424.17
2940,48,8597.24
2940,49,8482.43
2940,50,8524.34
2940,51,8506.07
2940,52,8532.89
2940,53,8359.38
2940,54,8528.86
2940,55,8535.21
2940,56,8471.93
2940,57,8525.22
2940,58,8581.41
2940,59,8578.76
2940,60,8480.78
2940,61,8633.42
2940,62,8560.06
2940,63,8490.08
2940,64,8563.76
2940,65,8483.33
2940,66,8481.73
2940,67,8531.62
2940,68,8418.09
2940,69,8357.02
2940,70,8566.31
2940,71,8609.92
2940,72,8450.62
2940,73,8274.18
2940,74,8599.1
2940,75,8557.82
2940,76,8521.23
2940,77,8496.98
2940,78,8391.37
2940,79,8640.66
2940,80,8697.6
2940,81,8511.95
2940,82,8529.05
2940,83,8568.38
2940,84,8605.12
2940,85,8368.86
2940,86,8420.99
2940,87,8618.77
2940,88,8598.57
2940,89,8396.23
2940,90,8557.21
2940,91,8493.73
2940,92,8550
2940,93,8571.64
2940,94,8391.83
2940,95,8604.8
2940,96,8369.3
2940,97,8526.03
2940,98,8273.15
2940,99,8559.39
2950,0,8661.94
2950,1,8679.06
2950,2,8372.83
2950,3,8636.53
2950,4,8607.76
2950,5,8429.38
2950,6,8442.2
2950,7,8628.29
2950,8,8453.97
2950,9,8600.19
2950,10,8666.92
2950,11,8594.03
2950,12,8387.45
2950,13,8492.73
2950,14,8590.28
2950,15,8627.66
2950,16,8661.38
2950,17,8442.73
2950,18,8395.93
2950,19,8381.13
2950,20,8411.99
2950,21,8584.38
2950,22,8421.24
2950,23,8377.61
2950,24,8358.25
2950,25,8541.75
2950,26,8541.26
2950,27,8636.84
2950,28,8573.19
2950,29,8460.14
2950,30,8545.76
2950,31,8452.59
2950,32,8438.54
2950,33,8648.84
2950,34,8348.95
2950,35,8403.4
2950,36,8547.61
2950,37,8582.14
2950,38,8287.01
2950,39,8358.1
2950,40,8264.49
2950,41,8573.15
2950,42,8442.52
2950,43,8568.22
2950,44,8476.02
2950,45,8645.82
2950,46,8555.92
2950,47,8423.87
2950,48,8596.94
2950,49,8482.13
2950,50,8524.04
2950,51,8505.77
2950,52,8532.59
2950,53,8359.08
2950,54,8528.56
2950,55,8534.91
2950,56,8471.63
2950,57,8524.92
2950,58,8581.11
2950,59,8578.46
2950,60,8480.48
2950,61,8633.12
2950,62,8559.76
2950,63,8489.78
2950,64,8563.46
2950,65,8483.03
2950,66,8481.43
2950,67,8531.32
2950,68,8417.79
2950,69,8356.72
2950,70,8566.01
2950,71,8609.62
2950,72,8450.32
2950,73,8273.88
2950,74,8598.8
2950,75,8557.52
2950,76,8520.93
2950,77,8496.68
2950,78,8391.07
2950,79,8640.36
2950,80,8697.3
2950,81,8511.65
2950,82,8528.75
2950,83,8568.08
2950,84,8604.82
2950,85,8368.56
2950,86,8420.69
2950,87,8618.47
2950,88,8598.27
2950,89,8395.93
2950,90,8556.91
2950,91,8493.43
2950,92,8549.7
2950,93,8571.34
2950,94,8391.53
2950,95,8604.5
2950,96,8369
2950,97,8525.73
2950,98,8272.85
2950,99,8559.09
2960,0,8661.64
2960,1,8678.76
2960,2,8372.53
2960,3,8636.23
2960,4,8607.46
2960,5,8429.08
2960,6,8441.9
2960,7,8627.99
2960,8,8453.67
2960,9,8599.89
2960,10,8666.62
2960,11,8593.73
2960,12,8387.15
2960,13,8492.43
2960,14,8589.98
2960,15,8627.36
2960,16,8661.08
2960,17,8442.43
2960,18,8395.63
2960,19,8380.83
2960,20,8411.69
2960,21,8584.08
2960,22,8420.94
2960,23,8377.31
2960,24,8357.95
2960,25,8541.45
2960,26,8540.96
2960,27,8636.54
2960,28,8572.89
2960,29,8459.84
2960,30,8545.46
2960,31,8452.29
2960,32,8438.24
2960,33,8648.54
2960,34,8348.65
2960,35,8403.1
2960,36,8547.31
2960,37,8581.84
2960,38,8286.71
2960,39,8357.8
2960,40,8264.19
2960,41,8572.85
2960,42,8442.22
2960,43,8567.92
2960,44,8475.72
2960,45,8645.52
2960,46,8555.62
2960,47,8423.57
2960,48,8596.64
2960,49,8481.83
2960,50,8523.74
2960,51,8505.47
2960,52,8532.29
2960,53,8358.78
2960,54,8528.26
2960,55,8534.61
2960,56,8471.33
2960,57,8524.62
2960,58,8580.81
2960,59,8578.16
2960,60,8480.18
2960,61,8632.82
2960,62,8559.46
2960,63,8489.48
2960,64,8563.16
2960,65,8482.73
2960,66,8481.13
2960,67,8531.02
2960,68,8417.49
2960,69,8356.42
2960,70,8565.71
2960,71,8609.32
2960,72,8450.02
2960,73,8273.58
2960,74,8598.5
2960,75,8557.22
2960,76,8520.63
2960,77,8496.38
2960,78,8390.77
2960,79,8640.06
2960,80,8697
2960,81,8511.35
2960,82,8528.45
2960,83,8567.78
2960,84,8604.52
2960,85,8368.26
2960,86,8420.39
2960,87,8618.17
2960,88,8597.97
2960,89,8395.63
2960,90,8556.61
2960,91,8493.13
2960,92,8549.4
2960,93,8571.04
2960,94,8391.23
2960,95,8604.2
2960,96,8368.7
2960,97,8525.43
2960,98,8272.55
2960,99,8558.79
2970,0,8661.34
2970,1,8678.46
2970,2,8372.23
2970,3,8635.93
2970,4,8607.16
2970,5,8428.78
2970,6,8441.6
2970,7,8627.69
2970,8,8453.37
2970,9,8599.59
2970,10,8666.32
2970,11,8593.43
2970,12,8386.85
2970,13,8492.13
2970,14,8589.68
2970,15,8627.06
2970,16,8660.78
2970,17,8442.13
2970,18,8395.33
2970,19,8380.53
2970,20,8411.39
2970,21,8583.78
2970,22,8420.64
2970,23,8377.01
2970,24,8357.65
2970,25,8541.15
2970,26,8540.66
2970,27,8636.24
2970,28,8572.59
2970,29,8459.54
2970,30,8545.16
2970,31,8451.99
2970,32,8437.94
2970,33,8648.24
2970,34,8348.35
2970,35,8402.8
2970,36,8547.01
2970,37,8581.54
2970,38,8286.41
2970,39,8357.5
2970,40,8263.89
2970,41,8572.55
2970,42,8441.92
2970,43,8567.62
2970,44,8475.42
2970,45,8645.22
2970,46,8555.32
2970,47,8423.27
2970,48,8596.34
2970,49,8481.53
2970,50,8523.44
2970,51,8505.17
2970,52,8531.99
2970,53,8358.48
2970,54,8527.96
2970,55,8534.31
2970,56,8471.03
2970,57,8524.32
2970,58,8580.51
2970,59,8577.86
2970,60,8479.88
2970,61,8632.52
2970,62,8559.16
2970,63,8489.18
2970,64,8562.86
2970,65,8482.43
2970,66,8480.83
2970,67,8530.72
2970,68,8417.19
2970,69,8356.12
2970,70,8565.41
2970,71,8609.02
2970,72,8449.72
2970,73,8273.28
2970,74,8598.2
2970,75,8556.92
2970,76,8520.33
2970,77,8496.08
2970,78,8390.47
2970,79,8639.76
2970,80,8696.7
2970,81,8511.05
2970,82,8528.15
2970,83,8567.48
2970,84,8604.22
2970,85,8367.96
2970,86,8420.09
2970,87,8617.87
2970,88,8597.67
2970,89,8395.33
2970,90,8556.31
2970,91,8492.83
2970,92,8549.1
2970,93,8570.74
2970,94,8390.93
2970,95,8603.9
2970,96,8368.4
2970,97,8525.13
2970,98,8272.25
2970,99,8558.49
2980,0,8661.04
2980,1,8678.16
2980,2,8371.93
2980,3,8635.63
2980,4,8606.86
2980,5,8428.48
2980,6,8441.3
2980,7,8627.39
2980,8,8453.07
2980,9,8599.29
2980,10,8666.02
2980,11,8593.13
2980,12,8386.55
2980,13,8491.83
2980,14,8589.38
2980,15,8626.76
2980,16,8660.48
2980,17,8441.83
2980,18,8395.03
2980,19,8380.23
2980,20,8411.09
2980,21,8583.48
2980,22,8420.34
2980,23,8376.71
2980,24,8357.35
2980,25,8540.85
2980,26,8540.36
2980,27,8635.94
2980,28,8572.29
2980,29,8459.24
2980,30,8544.86
2980,31,8451.69
2980,32,8437.64
2980,33,8647.94
2980,34,8348.05
2980,35,8402.5
2980,36,8546.71
2980,37,8581.24
2980,38,8286.11
2980,39,8357.2
2980,40,8263.59
2980,41,8572.25
2980,42,8441.62
2980,43,8567.32
2980,44,8475.12
2980,45,8644.92
2980,46,8555.02
2980,47,8422.97
2980,48,8596.04
2980,49,8481.23
2980,50,8523.14
2980,51,8504.87
2980,52,8531.69
2980,53,8358.18
2980,54,8527.66
2980,55,8534.01
2980,56,8470.73
2980,57,8524.02
2980,58,8580.21
2980,59,8577.56
2980,60,8479.58
2980,61,8632.22
2980,62,8558.86
2980,63,8488.88
2980,64,8562.56
2980,65,8482.13
2980,66,8480.53
2980,67,8530.42
2980,68,8416.89
2980,69,8355.82
2980,70,8565.11
2980,71,8608.72
2980,72,8449.42
2980,73,8272.98
2980,74,8597.9
2980,75,8556.62
2980,76,8520.03
2980,77,8495.78
2980,78,8390.17
2980,79,8639.46
2980,80,8696.4
2980,81,8510.75
2980,82,8527.85
2980,83,8567.18
2980,84,8603.92
2980,85,8367.66
2980,86,8419.79
2980,87,8617.57
2980,88,8597.37
2980,89,8395.03
2980,90,8556.01
2980,91,8492.53
2980,92,8548.8
2980,93,8570.44
2980,94,8390.63
2980,95,8603.6
2980,96,8368.1
2980,97,8524.83
2980,98,8271.95
2980,99,8558.19
2990,0,8660.74
2990,1,8677.86
2990,2,8371.63
2990,3,8635.33
2990,4,8606.56
2990,5,8428.18
2990,6,8441
2990,7,8627.09
2990,8,8452.77
2990,9,8598.99
2990,10,8665.72
2990,11,8592.83
2990,12,8386.25
2990,13,8491.53
2990,14,8589.08
2990,15,8626.46
2990,16,8660.18
2990,17,8441.53
2990,18,8394.73
2990,19,8379.93
2990,20,8410.79
2990,21,8583.18
2990,22,8420.04
2990,23,8376.41
2990,24,8357.05
2990,25,8540.55
2990,26,8540.06
2990,27,8635.64
2990,28,8571.99
2990,29,8458.94
2990,30,8544.56
2990,31,8451.39
2990,32,8437.34
2990,33,8647.64
2990,34,8347.75
2990,35,8402.2
2990,36,8546.41
2990,37,8580.94
2990,38,8285.81
2990,39,8356.9
2990,40,8263.29
2990,41,8571.95
2990,42,8441.32
2990,43,8567.02
2990,44,8474.82
2990,45,8644.62
2990,46,8554.72
2990,47,8422.67
2990,48,8595.74
2990,49,8480.93
2990,50,8522.84
2990,51,8504.57
2990,52,8531.39
2990,53,8357.88
2990,54,8527.36
2990,55,8533.71
2990,56,8470.43
2990,57,8523.72
2990,58,8579.91
2990,59,8577.26
2990,60,8479.28
2990,61,8631.92
2990,62,8558.56
2990,63,8488.58
2990,64,8562.26
2990,65,8481.83
2990,66,8480.23
2990,67,8530.12
2990,68,8416.59
2990,69,8355.52
2990,70,8564.81
2990,71,8608.42
2990,72,8449.12
2990,73,8272.68
2990,74,8597.6
2990,75,8556.32
2990,76,8519.73
2990,77,8495.48
2990,78,8389.87
2990,79,8639.16
2990,80,8696.1
2990,81,8510.45
2990,82,8527.55
2990,83,8566.88
2990,84,8603.62
2990,85,8367.36
2990,86,8419.49
2990,87,8617.27
2990,88,8597.07
2990,89,8394.73
2990,90,8555.71
2990,91,8492.23
2990,92,8548.5
2990,93,8570.14
2990,94,8390.33
2990,95,8603.3
2990,96,8367.8
2990,97,8524.53
2990,98,8271.65
2990,99,8557.89
