time,node_id,residual_energy
0,0,10000
0,1,10000
0,2,10000
0,3,10000
0,4,10000
0,5,10000
0,6,10000
0,7,10000
0,8,10000
0,9,10000
0,10,10000
0,11,10000
0,12,10000
0,13,10000
0,14,10000
0,15,10000
0,16,10000
0,17,10000
0,18,10000
0,19,10000
0,20,10000
0,21,10000
0,22,10000
0,23,10000
0,24,10000
0,25,10000
0,26,10000
0,27,10000
0,28,10000
0,29,10000
0,30,10000
0,31,10000
0,32,10000
0,33,10000
0,34,10000
0,35,10000
0,36,10000
0,37,10000
0,38,10000
0,39,10000
0,40,10000
0,41,10000
0,42,10000
0,43,10000
0,44,10000
0,45,10000
0,46,10000
0,47,10000
0,48,10000
0,49,10000
0,50,10000
0,51,10000
0,52,10000
0,53,10000
0,54,10000
0,55,10000
0,56,10000
0,57,10000
0,58,10000
0,59,10000
0,60,10000
0,61,10000
0,62,10000
0,63,10000
0,64,10000
0,65,10000
0,66,10000
0,67,10000
0,68,10000
0,69,10000
0,70,10000
0,71,10000
0,72,10000
0,73,10000
0,74,10000
0,75,10000
0,76,10000
0,77,10000
0,78,10000
0,79,10000
0,80,10000
0,81,10000
0,82,10000
0,83,10000
0,84,10000
0,85,10000
0,86,10000
0,87,10000
0,88,10000
0,89,10000
0,90,10000
0,91,10000
0,92,10000
0,93,10000
0,94,10000
0,95,10000
0,96,10000
0,97,10000
0,98,10000
0,99,10000
10,0,9999.73
10,1,9999.73
10,2,9999.73
10,3,9999.73
10,4,9999.73
10,5,9999.73
10,6,9999.73
10,7,9999.73
10,8,9999.73
10,9,9999.73
10,10,9999.73
10,11,9999.73
10,12,9999.73
10,13,9999.73
10,14,9999.73
10,15,9999.73
10,16,9999.73
10,17,9999.73
10,18,9999.73
10,19,9999.73
10,20,9999.73
10,21,9999.73
10,22,9999.73
10,23,9999.73
10,24,9999.73
10,25,9999.73
10,26,9999.73
10,27,9999.73
10,28,9999.73
10,29,9999.73
10,30,9999.73
10,31,9999.73
10,32,9999.73
10,33,9999.73
10,34,9999.73
10,35,9999.73
10,36,9999.73
10,37,9999.73
10,38,9999.73
10,39,9999.73
10,40,9999.73
10,41,9999.73
10,42,9999.73
10,43,9999.73
10,44,9999.73
10,45,9999.73
10,46,9999.73
10,47,9999.73
10,48,9999.73
10,49,9999.73
10,50,9999.73
10,51,9999.73
10,52,9999.73
10,53,9999.73
10,54,9999.73
10,55,9999.73
10,56,9999.73
10,57,9999.73
10,58,9999.73
10,59,9999.73
10,60,9999.73
10,61,9999.73
10,62,9999.73
10,63,9999.73
10,64,9999.73
10,65,9999.73
10,66,9999.73
10,67,9999.73
10,68,9999.73
10,69,9999.73
10,70,9999.73
10,71,9999.73
10,72,9999.73
10,73,9999.73
10,74,9999.73
10,75,9999.73
10,76,9999.73
10,77,9999.73
10,78,9999.73
10,79,9999.73
10,80,9999.73
10,81,9999.73
10,82,9999.73
10,83,9999.73
10,84,9999.73
10,85,9999.73
10,86,9999.73
10,87,9999.73
10,88,9999.73
10,89,9999.73
10,90,9999.73
10,91,9999.73
10,92,9999.73
10,93,9999.73
10,94,9999.73
10,95,9999.73
10,96,9999.73
10,97,9999.73
10,98,9999.73
10,99,9999.73
20,0,9999.43
20,1,9999.43
20,2,9999.43
20,3,9999.43
20,4,9999.43
20,5,9999.43
20,6,9999.43
20,7,9999.43
20,8,9999.43
20,9,9999.43
20,10,9999.43
20,11,9999.43
20,12,9999.43
20,13,9999.43
20,14,9999.43
20,15,9999.43
20,16,9999.43
20,17,9999.43
20,18,9999.43
20,19,9999.43
20,20,9999.43
20,21,9999.43
20,22,9999.43
20,23,9999.43
20,24,9999.43
20,25,9999.43
20,26,9999.43
20,27,9999.43
20,28,9999.43
20,29,9999.43
20,30,9999.43
20,31,9999.43
20,32,9999.43
20,33,9999.43
20,34,9999.43
20,35,9999.43
20,36,9999.43
20,37,9999.43
20,38,9999.43
20,39,9999.43
20,40,9999.43
20,41,9999.43
20,42,9999.43
20,43,9999.43
20,44,9999.43
20,45,9999.43
20,46,9999.43
20,47,9999.43
20,48,9999.43
20,49,9999.43
20,50,9999.43
20,51,9999.43
20,52,9999.43
20,53,9999.43
20,54,9999.43
20,55,9999.43
20,56,9999.43
20,57,9999.43
20,58,9999.43
20,59,9999.43
20,60,9999.43
20,61,9999.43
20,62,9999.43
20,63,9999.43
20,64,9999.43
20,65,9999.43
20,66,9999.43
20,67,9999.43
20,68,9999.43
20,69,9999.43
20,70,9999.43
20,71,9999.43
20,72,9999.43
20,73,9999.43
20,74,9999.43
20,75,9999.43
20,76,9999.43
20,77,9999.43
20,78,9999.43
20,79,9999.43
20,80,9999.43
20,81,9999.43
20,82,9999.43
20,83,9999.43
20,84,9999.43
20,85,9999.43
20,86,9999.43
20,87,9999.43
20,88,9999.43
20,89,9999.43
20,90,9999.43
20,91,9999.43
20,92,9999.43
20,93,9999.43
20,94,9999.43
20,95,9999.43
20,96,9999.43
20,97,9999.43
20,98,9999.43
20,99,9999.43
30,0,9999.13
30,1,9999.13
30,2,9999.13
30,3,9999.13
30,4,9999.13
30,5,9999.13
30,6,9999.13
30,7,9999.13
30,8,9999.13
30,9,9999.13
30,10,9999.13
30,11,9999.13
30,12,9999.13
30,13,9999.13
30,14,9999.13
30,15,9999.13
30,16,9999.13
30,17,9999.13
30,18,9999.13
30,19,9999.13
30,20,9999.13
30,21,9999.13
30,22,9999.13
30,23,9999.13
30,24,9999.13
30,25,9999.13
30,26,9999.13
30,27,9999.13
30,28,9999.13
30,29,9999.13
30,30,9999.13
30,31,9999.13
30,32,9999.13
30,33,9999.13
30,34,9999.13
30,35,9999.13
30,36,9999.13
30,37,9999.13
30,38,9999.13
30,39,9999.13
30,40,9999.13
30,41,9999.13
30,42,9999.13
30,43,9999.13
30,44,9999.13
30,45,9999.13
30,46,9999.13
30,47,9999.13
30,48,9999.13
30,49,9999.13
30,50,9999.13
30,51,9999.13
30,52,9999.13
30,53,9999.13
30,54,9999.13
30,55,9999.13
30,56,9999.13
30,57,9999.13
30,58,9999.13
30,59,9999.13
30,60,9999.13
30,61,9999.13
30,62,9999.13
30,63,9999.13
30,64,9999.13
30,65,9999.13
30,66,9999.13
30,67,9999.13
30,68,9999.13
30,69,9999.13
30,70,9999.13
30,71,9999.13
30,72,9999.13
30,73,9999.13
30,74,9999.13
30,75,9999.13
30,76,9999.13
30,77,9999.13
30,78,9999.13
30,79,9999.13
30,80,9999.13
30,81,9999.13
30,82,9999.13
30,83,9999.13
30,84,9999.13
30,85,9999.13
30,86,9999.13
30,87,9999.13
30,88,9999.13
30,89,9999.13
30,90,9999.13
30,91,9999.13
30,92,9999.13
30,93,9999.13
30,94,9999.13
30,95,9999.13
30,96,9999.13
30,97,9999.13
30,98,9999.13
30,99,9999.13
40,0,9987.33
40,1,9981.09
40,2,9983.83
40,3,9983.03
40,4,9980.95
40,5,9983.9
40,6,9982.96
40,7,9982.63
40,8,9982.49
40,9,9985.6
40,10,9982.03
40,11,9984.16
40,12,9984.9
40,13,9983.25
40,14,9982.75
40,15,9984.98
40,16,9979.01
40,17,9985.51
40,18,9985.17
40,19,9984.84
40,20,9986.24
40,21,9982.87
40,22,9985.95
40,23,9980.17
40,24,9984.17
40,25,9981.06
40,26,9985.41
40,27,9981.47
40,28,9981.43
40,29,9982.61
40,30,9983.15
40,31,9983.49
40,32,9986.05
40,33,9982.19
40,34,9982.87
40,35,9984.54
40,36,9987.33
40,37,9985.32
40,38,9988.13
40,39,9985.08
40,40,9982.51
40,41,9984.04
40,42,9984.01
40,43,9986.43
40,44,9981.61
40,45,9980.58
40,46,9985.17
40,47,9983.56
40,48,9983.98
40,49,9987.73
40,50,9986.4
40,51,9986.22
40,52,9982.83
40,53,9979.86
40,54,9981.87
40,55,9986.85
40,56,9985.43
40,57,9985.71
40,58,9984.76
40,59,9984.32
40,60,9983.84
40,61,9984.24
40,62,9984.48
40,63,9982.05
40,64,9981.13
40,65,9984.53
40,66,9981.78
40,67,9983.19
40,68,9979.47
40,69,9979.86
40,70,9985.71
40,71,9985.57
40,72,9981.5
40,73,9981.75
40,74,9984.66
40,75,9987
40,76,9985.04
40,77,9980.37
40,78,9983.84
40,79,9983.25
40,80,9983.89
40,81,9983.33
40,82,9985.98
40,83,9981.34
40,84,9982.27
40,85,9983.36
40,86,9980.58
40,87,9983.23
40,88,9988.7
40,89,9984.31
40,90,9986.4
40,91,9981.9
40,92,9986.38
40,93,9981.86
40,94,9981.38
40,95,9983.26
40,96,9982.97
40,97,9985.64
40,98,9982.42
40,99,9984.56
50,0,9987.03
50,1,9980.82
50,2,9983.53
50,3,9982.75
50,4,9980.68
50,5,9983.6
50,6,9982.68
50,7,9982.34
50,8,9982.19
50,9,9985.3
50,10,9981.73
50,11,9983.86
50,12,9984.6
50,13,9982.95
50,14,9982.45
50,15,9984.68
50,16,9978.75
50,17,9985.22
50,18,9984.87
50,19,9984.54
50,20,9985.94
50,21,9982.59
50,22,9985.65
50,23,9979.9
50,24,9983.87
50,25,9980.79
50,26,9985.11
50,27,9981.2
50,28,9981.17
50,29,9982.33
50,30,9982.85
50,31,9983.2
50,32,9985.75
50,33,9981.89
50,34,9982.59
50,35,9984.24
50,36,9987.03
50,37,9985.02
50,38,9987.83
50,39,9984.78
50,40,9982.21
50,41,9983.74
50,42,9983.71
50,43,9986.13
50,44,9981.33
50,45,9980.29
50,46,9984.87
50,47,9983.26
50,48,9983.68
50,49,9987.43
50,50,9986.1
50,51,9985.92
50,52,9982.53
50,53,9979.59
50,54,9981.59
50,55,9986.55
50,56,9985.13
50,57,9985.41
50,58,9984.46
50,59,9984.02
50,60,9983.54
50,61,9983.94
50,62,9984.18
50,63,9981.77
50,64,9980.83
50,65,9984.23
50,66,9981.48
50,67,9982.89
50,68,9979.17
50,69,9979.59
50,70,9985.41
50,71,9985.27
50,72,9981.21
50,73,9981.46
50,74,9984.36
50,75,9986.7
50,76,9984.74
50,77,9980.1
50,78,9983.54
50,79,9982.95
50,80,9983.59
50,81,9983.03
50,82,9985.68
50,83,9981.06
50,84,9981.97
50,85,9983.06
50,86,9980.3
50,87,9982.93
50,88,9988.4
50,89,9984.01
50,90,9986.1
50,91,9981.62
50,92,9986.08
50,93,9981.58
50,94,9981.11
50,95,9982.96
50,96,9982.68
50,97,9985.34
50,98,9982.13
50,99,9984.26
60,0,9986.73
60,1,9980.52
60,2,9983.23
60,3,9982.45
60,4,9980.38
60,5,9983.3
60,6,9982.38
60,7,9982.04
60,8,9981.89
60,9,9985
60,10,9981.43
60,11,9983.56
60,12,9984.3
60,13,9982.65
60,14,9982.15
60,15,9984.38
60,16,9978.45
60,17,9984.92
60,18,9984.57
60,19,9984.24
60,20,9985.64
60,21,9982.29
60,22,9985.35
60,23,9979.6
60,24,9983.57
60,25,9980.49
60,26,9984.81
60,27,9980.9
60,28,9980.87
60,29,9982.03
60,30,9982.55
60,31,9982.9
60,32,9985.45
60,33,9981.59
60,34,9982.29
60,35,9983.94
60,36,9986.73
60,37,9984.72
60,38,9987.53
60,39,9984.48
60,40,9981.91
60,41,9983.44
60,42,9983.41
60,43,9985.83
60,44,9981.03
60,45,9979.99
60,46,9984.57
60,47,9982.96
60,48,9983.38
60,49,9987.13
60,50,9985.8
60,51,9985.62
60,52,9982.23
60,53,9979.29
60,54,9981.29
60,55,9986.25
60,56,9984.83
60,57,9985.11
60,58,9984.16
60,59,9983.72
60,60,9983.24
60,61,9983.64
60,62,9983.88
60,63,9981.47
60,64,9980.53
60,65,9983.93
60,66,9981.18
60,67,9982.59
60,68,9978.87
60,69,9979.29
60,70,9985.11
60,71,9984.97
60,72,9980.91
60,73,9981.16
60,74,9984.06
60,75,9986.4
60,76,9984.44
60,77,9979.8
60,78,9983.24
60,79,9982.65
60,80,9983.29
60,81,9982.73
60,82,9985.38
60,83,9980.76
60,84,9981.67
60,85,9982.76
60,86,9980
60,87,9982.63
60,88,9988.1
60,89,9983.71
60,90,9985.8
60,91,9981.32
60,92,9985.78
60,93,9981.28
60,94,9980.81
60,95,9982.66
60,96,9982.38
60,97,9985.04
60,98,9981.83
60,99,9983.96
70,0,9974.45
70,1,9962.06
70,2,9962.73
70,3,9966.77
70,4,9965.36
70,5,9967.76
70,6,9963.63
70,7,9963.09
70,8,9964.69
70,9,9971.05
70,10,9964.56
70,11,9968.67
70,12,9970.04
70,13,9967.83
70,14,9965.48
70,15,9969.25
70,16,9959.39
70,17,9968.6
70,18,9964.91
70,19,9968.41
70,20,9971.61
70,21,9968.91
70,22,9973.09
70,23,9958.62
70,24,9962.89
70,25,9964.69
70,26,9968.85
70,27,9964.56
70,28,9959.43
70,29,9967.44
70,30,9966.34
70,31,9964.93
70,32,9969.19
70,33,9962.06
70,34,9962.64
70,35,9969.44
70,36,9968.5
70,37,9970.18
70,38,9970.22
70,39,9969.16
70,40,9964.11
70,41,9964.81
70,42,9966.99
70,43,9970.72
70,44,9964.74
70,45,9963.96
70,46,9966.16
70,47,9964.97
70,48,9969.03
70,49,9974.05
70,50,9968.7
70,51,9971.33
70,52,9962.56
70,53,9961.78
70,54,9964.27
70,55,9970.03
70,56,9970.16
70,57,9967.72
70,58,9968.28
70,59,9968.32
70,60,9968.77
70,61,9963.74
70,62,9967.82
70,63,9966.44
70,64,9965.53
70,65,9964.54
70,66,9965.73
70,67,9968.67
70,68,9956.1
70,69,9960.5
70,70,9966.7
70,71,9969.71
70,72,9967.8
70,73,9964.07
70,74,9965.54
70,75,9970.28
70,76,9970.6
70,77,9962.84
70,78,9964.01
70,79,9965.73
70,80,9966.99
70,81,9964.48
70,82,9968.36
70,83,9963.6
70,84,9962.95
70,85,9968
70,86,9959
70,87,9965.88
70,88,9971.27
70,89,9969.11
70,90,9971.36
70,91,9962.12
70,92,9972.4
70,93,9966.08
70,94,9964.97
70,95,9965.96
70,96,9966.5
70,97,9971.64
70,98,9960.61
70,99,9964.52
80,0,9974.19
80,1,9957.12
80,2,9962.5
80,3,9962.4
80,4,9960.33
80,5,9962.64
80,6,9963.39
80,7,9962.84
80,8,9961.27
80,9,9967.57
80,10,9960.64
80,11,9965.44
80,12,9966.87
80,13,9963.03
80,14,9961.75
80,15,9966.05
80,16,9954.08
80,17,9968.35
80,18,9964.66
80,19,9968.17
80,20,9968.17
80,21,9964.7
80,22,9969.91
80,23,9958.39
80,24,9962.66
80,25,9959.65
80,26,9965.72
80,27,9959.41
80,28,9959.2
80,29,9962.77
80,30,9963.8
80,31,9964.68
80,32,9968.93
80,33,9961.8
80,34,9957.44
80,35,9965.92
80,36,9968.25
80,37,9969.92
80,38,9966.82
80,39,9964.67
80,40,9960.46
80,41,9961.57
80,42,9966.73
80,43,9968.02
80,44,9959.92
80,45,9959.51
80,46,9965.92
80,47,9961.54
80,48,9968.74
80,49,9971.2
80,50,9968.44
80,51,9968.43
80,52,9962.29
80,53,9961.55
80,54,9959.87
80,55,9969.75
80,56,9967.26
80,57,9967.47
80,58,9968.02
80,59,9964.71
80,60,9964.83
80,61,9963.5
80,62,9963.76
80,63,9961.85
80,64,9965.28
80,65,9964.3
80,66,9962.12
80,67,9968.4
80,68,9955.85
80,69,9955.44
80,70,9966.45
80,71,9969.44
80,72,9963.35
80,73,9963.82
80,74,9961.7
80,75,9970.03
80,76,9967.29
80,77,9957.89
80,78,9963.77
80,79,9961.96
80,80,9962.56
80,81,9964.21
80,82,9968.09
80,83,9959.03
80,84,9959.52
80,85,9964.09
80,86,9958.77
80,87,9960.31
80,88,9971.01
80,89,9965.42
80,90,9971.09
80,91,9961.88
80,92,9972.13
80,93,9961.71
80,94,9959.76
80,95,9965.71
80,96,9962.67
80,97,9968.82
80,98,9960.38
80,99,9964.26
90,0,9973.89
90,1,9956.82
90,2,9962.2
90,3,9962.1
90,4,9960.03
90,5,9962.34
90,6,9963.09
90,7,9962.54
90,8,9960.97
90,9,9967.27
90,10,9960.34
90,11,9965.14
90,12,9966.57
90,13,9962.73
90,14,9961.45
90,15,9965.75
90,16,9953.78
90,17,9968.05
90,18,9964.36
90,19,9967.87
90,20,9967.87
90,21,9964.4
90,22,9969.61
90,23,9958.09
90,24,9962.36
90,25,9959.35
90,26,9965.42
90,27,9959.11
90,28,9958.9
90,29,9962.47
90,30,9963.5
90,31,9964.38
90,32,9968.63
90,33,9961.5
90,34,9957.14
90,35,9965.62
90,36,9967.95
90,37,9969.62
90,38,9966.52
90,39,9964.37
90,40,9960.16
90,41,9961.27
90,42,9966.43
90,43,9967.72
90,44,9959.62
90,45,9959.21
90,46,9965.62
90,47,9961.24
90,48,9968.44
90,49,9970.9
90,50,9968.14
90,51,9968.13
90,52,9961.99
90,53,9961.25
90,54,9959.57
90,55,9969.45
90,56,9966.96
90,57,9967.17
90,58,9967.72
90,59,9964.41
90,60,9964.53
90,61,9963.2
90,62,9963.46
90,63,9961.55
90,64,9964.98
90,65,9964
90,66,9961.82
90,67,9968.1
90,68,9955.55
90,69,9955.14
90,70,9966.15
90,71,9969.14
90,72,9963.05
90,73,9963.52
90,74,9961.4
90,75,9969.73
90,76,9966.99
90,77,9957.59
90,78,9963.47
90,79,9961.66
90,80,9962.26
90,81,9963.91
90,82,9967.79
90,83,9958.73
90,84,9959.22
90,85,9963.79
90,86,9958.47
90,87,9960.01
90,88,9970.71
90,89,9965.12
90,90,9970.79
90,91,9961.58
90,92,9971.83
90,93,9961.41
90,94,9959.46
90,95,9965.41
90,96,9962.37
90,97,9968.52
90,98,9960.08
90,99,9963.96
100,0,9961.15
100,1,9938.92
100,2,9942.8
100,3,9948.86
100,4,9943.25
100,5,9945.1
100,6,9944.37
100,7,9944.15
100,8,9946.75
100,9,9954.34
100,10,9946.15
100,11,9950.15
100,12,9950.27
100,13,9945.48
100,14,9946.64
100,15,9952.78
100,16,9938.93
100,17,9951.13
100,18,9946.31
100,19,9950.4
100,20,9954.04
100,21,9948.92
100,22,9956.7
100,23,9938.09
100,24,9946.96
100,25,9942.84
100,26,9949.15
100,27,9944.37
100,28,9943.62
100,29,9946.22
100,30,9948.48
100,31,9949.27
100,32,9953.78
100,33,9947.15
100,34,9938.56
100,35,9952.19
100,36,9952.48
100,37,9956.33
100,38,9952.91
100,39,9945.4
100,40,9945.91
100,41,9946.32
100,42,9950.89
100,43,9952.46
100,44,9944.69
100,45,9943.31
100,46,9948.3
100,47,9946.32
100,48,9954.32
100,49,9949.89
100,50,9953.32
100,51,9953.57
100,52,9944.18
100,53,9942.3
100,54,9943.57
100,55,9954.92
100,56,9954.25
100,57,9950.71
100,58,9951.28
100,59,9949.17
100,60,9949.45
100,61,9944.81
100,62,9947.97
100,63,9947.49
100,64,9950.23
100,65,9949.76
100,66,9948.46
100,67,9955.25
100,68,9940.85
100,69,9940.24
100,70,9949.3
100,71,9957.03
100,72,9950.26
100,73,9948.3
100,74,9946.62
100,75,9956.23
100,76,9953.21
100,77,9939.13
100,78,9944.66
100,79,9945.16
100,80,9946.01
100,81,9948.07
100,82,9954.62
100,83,9941.57
100,84,9944.9
100,85,9947.09
100,86,9939.24
100,87,9943.33
100,88,9956.34
100,89,9949.46
100,90,9958.15
100,91,9941.89
100,92,9958.72
100,93,9943.8
100,94,9941.99
100,95,9950.15
100,96,9945.84
100,97,9954
100,98,9940.2
100,99,9948.75
110,0,9959.45
110,1,9934.53
110,2,9942.59
110,3,9944.33
110,4,9938.42
110,5,9940.49
110,6,9944.15
110,7,9939.74
110,8,9941.97
110,9,9950.11
110,10,9941.61
110,11,9946.44
110,12,9948.06
110,13,9945.26
110,14,9946.42
110,15,9949.93
110,16,9933.64
110,17,9947.6
110,18,9942.19
110,19,9950.19
110,20,9951.14
110,21,9946.05
110,22,9953.96
110,23,9932.98
110,24,9941.47
110,25,9938
110,26,9945.51
110,27,9939.14
110,28,9938.04
110,29,9941.96
110,30,9944.44
110,31,9944.29
110,32,9950.59
110,33,9943.64
110,34,9933.69
110,35,9951.95
110,36,9951.97
110,37,9954.02
110,38,9950.28
110,39,9945.17
110,40,9941.49
110,41,9941.71
110,42,9950.65
110,43,9949.26
110,44,9939.99
110,45,9938.06
110,46,9943.59
110,47,9941.55
110,48,9952.45
110,49,9949.63
110,50,9951.46
110,51,9950.48
110,52,9941.46
110,53,9942.09
110,54,9943.34
110,55,9952.6
110,56,9952.15
110,57,9946.93
110,58,9947.3
110,59,9945.85
110,60,9946.58
110,61,9944.61
110,62,9944.49
110,63,9942.91
110,64,9947.77
110,65,9944.62
110,66,9945.23
110,67,9954.95
110,68,9938.5
110,69,9934.95
110,70,9949.09
110,71,9955.52
110,72,9945.89
110,73,9948.07
110,74,9943.5
110,75,9953.55
110,76,9950.08
110,77,9934.65
110,78,9944.45
110,79,9944.93
110,80,9940.46
110,81,9945.91
110,82,9951.39
110,83,9937.51
110,84,9940.39
110,85,9946.86
110,86,9934.58
110,87,9937.2
110,88,9955.38
110,89,9946.19
110,90,9957.15
110,91,9936.83
110,92,9956.52
110,93,9939.45
110,94,9937.62
110,95,9947.15
110,96,9942.14
110,97,9950.11
110,98,9935.25
110,99,9944.25
120,0,9959.15
120,1,9934.23
120,2,9942.29
120,3,9944.03
120,4,9938.12
120,5,9940.19
120,6,9943.85
120,7,9939.44
120,8,9941.67
120,9,9949.81
120,10,9941.31
120,11,9946.14
120,12,9947.76
120,13,9944.96
120,14,9946.12
120,15,9949.63
120,16,9933.34
120,17,9947.3
120,18,9941.89
120,19,9949.89
120,20,9950.84
120,21,9945.75
120,22,9953.66
120,23,9932.68
120,24,9941.17
120,25,9937.7
120,26,9945.21
120,27,9938.84
120,28,9937.74
120,29,9941.66
120,30,9944.14
120,31,9943.99
120,32,9950.29
120,33,9943.34
120,34,9933.39
120,35,9951.65
120,36,9951.67
120,37,9953.72
120,38,9949.98
120,39,9944.87
120,40,9941.19
120,41,9941.41
120,42,9950.35
120,43,9948.96
120,44,9939.69
120,45,9937.76
120,46,9943.29
120,47,9941.25
120,48,9952.15
120,49,9949.33
120,50,9951.16
120,51,9950.18
120,52,9941.16
120,53,9941.79
120,54,9943.04
120,55,9952.3
120,56,9951.85
120,57,9946.63
120,58,9947
120,59,9945.55
120,60,9946.28
120,61,9944.31
120,62,9944.19
120,63,9942.61
120,64,9947.47
120,65,9944.32
120,66,9944.93
120,67,9954.65
120,68,9938.2
120,69,9934.65
120,70,9948.79
120,71,9955.22
120,72,9945.59
120,73,9947.77
120,74,9943.2
120,75,9953.25
120,76,9949.78
120,77,9934.35
120,78,9944.15
120,79,9944.63
120,80,9940.16
120,81,9945.61
120,82,9951.09
120,83,9937.21
120,84,9940.09
120,85,9946.56
120,86,9934.28
120,87,9936.9
120,88,9955.08
120,89,9945.89
120,90,9956.85
120,91,9936.53
120,92,9956.22
120,93,9939.15
120,94,9937.32
120,95,9946.85
120,96,9941.84
120,97,9949.81
120,98,9934.95
120,99,9943.95
130,0,9948.4
130,1,9916.65
130,2,9924.79
130,3,9926.45
130,4,9921.22
130,5,9922.71
130,6,9927.62
130,7,9926.26
130,8,9927.65
130,9,9936.56
130,10,9927.32
130,11,9933.69
130,12,9936.89
130,13,9930.05
130,14,9931.67
130,15,9936.39
130,16,9914.61
130,17,9933.78
130,18,9925.4
130,19,9932.93
130,20,9938.21
130,21,9931.98
130,22,9939.82
130,23,9916.05
130,24,9925.99
130,25,9919.3
130,26,9926.36
130,27,9920.56
130,28,9922.87
130,29,9924.3
130,30,9931.25
130,31,9928.99
130,32,9936.77
130,33,9927.87
130,34,9915.22
130,35,9937.76
130,36,9936.92
130,37,9942.42
130,38,9938.1
130,39,9927.83
130,40,9927.19
130,41,9926.62
130,42,9938.15
130,43,9935.41
130,44,9922.46
130,45,9921.83
130,46,9926.25
130,47,9925.65
130,48,9937.94
130,49,9933.4
130,50,9938.63
130,51,9936.67
130,52,9926.57
130,53,9928.25
130,54,9929.84
130,55,9938.75
130,56,9938.8
130,57,9931.18
130,58,9933.08
130,59,9931.1
130,60,9931.5
130,61,9930.54
130,62,9930.04
130,63,9924.97
130,64,9935.24
130,65,9929.28
130,66,9930.15
130,67,9943.58
130,68,9919.88
130,69,9919.54
130,70,9932.67
130,71,9942.83
130,72,9928.82
130,73,9932.41
130,74,9928.48
130,75,9939.76
130,76,9936.2
130,77,9915.61
130,78,9926.94
130,79,9932.2
130,80,9924.42
130,81,9935.06
130,82,9938.58
130,83,9921
130,84,9925.82
130,85,9934.03
130,86,9920.9
130,87,9920.17
130,88,9944.72
130,89,9932.11
130,90,9945.59
130,91,9922.22
130,92,9945.82
130,93,9922.89
130,94,9919.62
130,95,9932.78
130,96,9926.13
130,97,9937.19
130,98,9917.96
130,99,9929.02
140,0,9948.1
140,1,9916.41
140,2,9924.56
140,3,9926.2
140,4,9920.98
140,5,9922.47
140,6,9927.37
140,7,9925.97
140,8,9927.37
140,9,9936.27
140,10,9927.03
140,11,9933.39
140,12,9936.59
140,13,9929.81
140,14,9931.39
140,15,9936.1
140,16,9914.37
140,17,9933.51
140,18,9925.14
140,19,9932.68
140,20,9937.91
140,21,9931.7
140,22,9939.54
140,23,9915.8
140,24,9925.71
140,25,9919.06
140,26,9926.09
140,27,9920.32
140,28,9922.6
140,29,9924.05
140,30,9930.95
140,31,9928.71
140,32,9936.49
140,33,9927.59
140,34,9914.99
140,35,9937.49
140,36,9936.62
140,37,9942.12
140,38,9937.8
140,39,9927.56
140,40,9926.9
140,41,9926.34
140,42,9937.85
140,43,9935.12
140,44,9922.22
140,45,9921.55
140,46,9926.01
140,47,9925.38
140,48,9937.64
140,49,9933.1
140,50,9938.33
140,51,9936.38
140,52,9926.29
140,53,9927.97
140,54,9929.57
140,55,9938.46
140,56,9938.51
140,57,9930.91
140,58,9932.79
140,59,9930.83
140,60,9931.23
140,61,9930.26
140,62,9929.75
140,63,9924.72
140,64,9934.95
140,65,9929
140,66,9929.88
140,67,9943.28
140,68,9919.58
140,69,9919.25
140,70,9932.42
140,71,9942.54
140,72,9928.57
140,73,9932.16
140,74,9928.19
140,75,9939.48
140,76,9935.92
140,77,9915.37
140,78,9926.71
140,79,9931.9
140,80,9924.15
140,81,9934.76
140,82,9938.28
140,83,9920.74
140,84,9925.54
140,85,9933.74
140,86,9920.61
140,87,9919.91
140,88,9944.42
140,89,9931.83
140,90,9945.29
140,91,9921.95
140,92,9945.52
140,93,9922.64
140,94,9919.38
140,95,9932.48
140,96,9925.86
140,97,9936.89
140,98,9917.7
140,99,9928.73
150,0,9947.8
150,1,9916.11
150,2,9924.26
150,3,9925.9
150,4,9920.68
150,5,9922.17
150,6,9927.07
150,7,9925.67
150,8,9927.07
150,9,9935.97
150,10,9926.73
150,11,9933.09
150,12,9936.29
150,13,9929.51
150,14,9931.09
150,15,9935.8
150,16,9914.07
150,17,9933.21
150,18,9924.84
150,19,9932.38
150,20,9937.61
150,21,9931.4
150,22,9939.24
150,23,9915.5
150,24,9925.41
150,25,9918.76
150,26,9925.79
150,27,9920.02
150,28,9922.3
150,29,9923.75
150,30,9930.65
150,31,9928.41
150,32,9936.19
150,33,9927.29
150,34,9914.69
150,35,9937.19
150,36,9936.32
150,37,9941.82
150,38,9937.5
150,39,9927.26
150,40,9926.6
150,41,9926.04
150,42,9937.55
150,43,9934.82
150,44,9921.92
150,45,9921.25
150,46,9925.71
150,47,9925.08
150,48,9937.34
150,49,9932.8
150,50,9938.03
150,51,9936.08
150,52,9925.99
150,53,9927.67
150,54,9929.27
150,55,9938.16
150,56,9938.21
150,57,9930.61
150,58,9932.49
150,59,9930.53
150,60,9930.93
150,61,9929.96
150,62,9929.45
150,63,9924.42
150,64,9934.65
150,65,9928.7
150,66,9929.58
150,67,9942.98
150,68,9919.28
150,69,9918.95
150,70,9932.12
150,71,9942.24
150,72,9928.27
150,73,9931.86
150,74,9927.89
150,75,9939.18
150,76,9935.62
150,77,9915.07
150,78,9926.41
150,79,9931.6
150,80,9923.85
150,81,9934.46
150,82,9937.98
150,83,9920.44
150,84,9925.24
150,85,9933.44
150,86,9920.31
150,87,9919.61
150,88,9944.12
150,89,9931.53
150,90,9944.99
150,91,9921.65
150,92,9945.22
150,93,9922.34
150,94,9919.08
150,95,9932.18
150,96,9925.56
150,97,9936.59
150,98,9917.4
150,99,9928.43
160,0,9935.91
160,1,9898.91
160,2,9909
160,3,9910.26
160,4,9904.13
160,5,9905.41
160,6,9914.79
160,7,9909.48
160,8,9910.39
160,9,9920.43
160,10,9911.6
160,11,9918.59
160,12,9922.1
160,13,9916.57
160,14,9917.52
160,15,9923.53
160,16,9896.89
160,17,9918
160,18,9909.49
160,19,9916.89
160,20,9919.23
160,21,9917.91
160,22,9926.71
160,23,9898.19
160,24,9907.93
160,25,9900.73
160,26,9908.11
160,27,9903.39
160,28,9904.62
160,29,9910.86
160,30,9912.95
160,31,9911.46
160,32,9922.42
160,33,9910.68
160,34,9901.33
160,35,9922.13
160,36,9919.38
160,37,9929.29
160,38,9922.1
160,39,9914
160,40,9910.12
160,41,9908.07
160,42,9921.61
160,43,9921.13
160,44,9905.08
160,45,9902.83
160,46,9912.72
160,47,9906.85
160,48,9920.53
160,49,9919.54
160,50,9924.51
160,51,9923.55
160,52,9911.35
160,53,9911.23
160,54,9915.5
160,55,9923.58
160,56,9923.56
160,57,9915.32
160,58,9915.55
160,59,9917.58
160,60,9915.79
160,61,9915.71
160,62,9913.51
160,63,9909.18
160,64,9920.17
160,65,9913.58
160,66,9915.28
160,67,9927.3
160,68,9900.01
160,69,9902.77
160,70,9918.15
160,71,9928.17
160,72,9912.45
160,73,9915.44
160,74,9912.3
160,75,9926.12
160,76,9920.84
160,77,9898.7
160,78,9909.77
160,79,9916.95
160,80,9906.2
160,81,9915.77
160,82,9921.64
160,83,9903.72
160,84,9908.97
160,85,9919.2
160,86,9904.13
160,87,9904.14
160,88,9931.25
160,89,9915.92
160,90,9931.82
160,91,9906.03
160,92,9931.12
160,93,9905.5
160,94,9903.06
160,95,9915.37
160,96,9910.86
160,97,9920.13
160,98,9900.45
160,99,9911.19
170,0,9935.62
170,1,9898.67
170,2,9908.75
170,3,9909.99
170,4,9903.89
170,5,9905.17
170,6,9909.31
170,7,9909.24
170,8,9910.15
170,9,9920.17
170,10,9911.34
170,11,9918.32
170,12,9921.84
170,13,9916.3
170,14,9917.25
170,15,9923.26
170,16,9896.64
170,17,9917.77
170,18,9909.24
170,19,9916.64
170,20,9918.97
170,21,9917.64
170,22,9926.42
170,23,9897.96
170,24,9907.69
170,25,9900.49
170,26,9907.83
170,27,9903.15
170,28,9904.4
170,29,9910.58
170,30,9912.72
170,31,9911.22
170,32,9922.14
170,33,9910.43
170,34,9896.1
170,35,9921.88
170,36,9919.11
170,37,9929
170,38,9921.84
170,39,9913.73
170,40,9909.86
170,41,9907.83
170,42,9921.37
170,43,9920.86
170,44,9904.83
170,45,9902.59
170,46,9907.3
170,47,9906.62
170,48,9920.25
170,49,9919.27
170,50,9924.23
170,51,9923.27
170,52,9911.09
170,53,9911
170,54,9915.23
170,55,9923.31
170,56,9923.3
170,57,9915.06
170,58,9915.32
170,59,9917.3
170,60,9915.55
170,61,9915.45
170,62,9913.26
170,63,9908.93
170,64,9919.88
170,65,9913.33
170,66,9915.01
170,67,9927.01
170,68,9899.72
170,69,9902.51
170,70,9917.89
170,71,9927.9
170,72,9912.2
170,73,9915.22
170,74,9912.02
170,75,9925.84
170,76,9920.57
170,77,9898.45
170,78,9909.55
170,79,9916.69
170,80,9905.97
170,81,9915.48
170,82,9921.39
170,83,9903.47
170,84,9908.71
170,85,9918.94
170,86,9903.89
170,87,9903.89
170,88,9930.97
170,89,9915.68
170,90,9931.55
170,91,9905.77
170,92,9930.85
170,93,9905.27
170,94,9902.82
170,95,9915.1
170,96,9910.59
170,97,9919.88
170,98,9900.21
170,99,9910.94
180,0,9935.32
180,1,9898.37
180,2,9908.45
180,3,9909.69
180,4,9903.59
180,5,9904.87
180,6,9909.01
180,7,9908.94
180,8,9909.85
180,9,9919.87
180,10,9911.04
180,11,9918.02
180,12,9921.54
180,13,9916
180,14,9916.95
180,15,9922.96
180,16,9896.34
180,17,9917.47
180,18,9908.94
180,19,9916.34
180,20,9918.67
180,21,9917.34
180,22,9926.12
180,23,9897.66
180,24,9907.39
180,25,9900.19
180,26,9907.53
180,27,9902.85
180,28,9904.1
180,29,9910.28
180,30,9912.42
180,31,9910.92
180,32,9921.84
180,33,9910.13
180,34,9895.8
180,35,9921.58
180,36,9918.81
180,37,9928.7
180,38,9921.54
180,39,9913.43
180,40,9909.56
180,41,9907.53
180,42,9921.07
180,43,9920.56
180,44,9904.53
180,45,9902.29
180,46,9907
180,47,9906.32
180,48,9919.95
180,49,9918.97
180,50,9923.93
180,51,9922.97
180,52,9910.79
180,53,9910.7
180,54,9914.93
180,55,9923.01
180,56,9923
180,57,9914.76
180,58,9915.02
180,59,9917
180,60,9915.25
180,61,9915.15
180,62,9912.96
180,63,9908.63
180,64,9919.58
180,65,9913.03
180,66,9914.71
180,67,9926.71
180,68,9899.42
180,69,9902.21
180,70,9917.59
180,71,9927.6
180,72,9911.9
180,73,9914.92
180,74,9911.72
180,75,9925.54
180,76,9920.27
180,77,9898.15
180,78,9909.25
180,79,9916.39
180,80,9905.67
180,81,9915.18
180,82,9921.09
180,83,9903.17
180,84,9908.41
180,85,9918.64
180,86,9903.59
180,87,9903.59
180,88,9930.67
180,89,9915.38
180,90,9931.25
180,91,9905.47
180,92,9930.55
180,93,9904.97
180,94,9902.52
180,95,9914.8
180,96,9910.29
180,97,9919.58
180,98,9899.91
180,99,9910.64
190,0,9923.89
190,1,9882.34
190,2,9894.21
190,3,9896.49
190,4,9887.74
190,5,9892.74
190,6,9893.79
190,7,9892.09
190,8,9896.55
190,9,9904.49
190,10,9896.11
190,11,9904.41
190,12,9910.49
190,13,9901.24
190,14,9902.54
190,15,9910.21
190,16,9879.22
190,17,9904.01
190,18,9892.31
190,19,9903.67
190,20,9902.55
190,21,9905.63
190,22,9913.57
190,23,9884.03
190,24,9894.24
190,25,9887.71
190,26,9889.1
190,27,9888.82
190,28,9889.59
190,29,9896.47
190,30,9898.52
190,31,9894.36
190,32,9905.79
190,33,9894.35
190,34,9882.6
190,35,9910.11
190,36,9906.78
190,37,9917.41
190,38,9905.2
190,39,9899.55
190,40,9893.29
190,41,9893.04
190,42,9907.19
190,43,9905.83
190,44,9891.27
190,45,9887.88
190,46,9894.43
190,47,9892.52
190,48,9905.02
190,49,9905.09
190,50,9909.31
190,51,9908.4
190,52,9896.37
190,53,9897.36
190,54,9899.94
190,55,9908.57
190,56,9911.76
190,57,9899.65
190,58,9898.95
190,59,9900.64
190,60,9898.55
190,61,9898.63
190,62,9899.29
190,63,9893.77
190,64,9905.4
190,65,9897.4
190,66,9898.81
190,67,9910.13
190,68,9882.15
190,69,9885.13
190,70,9901.9
190,71,9915.35
190,72,9899.36
190,73,9899.59
190,74,9898.02
190,75,9911.56
190,76,9905.72
190,77,9884.08
190,78,9897.04
190,79,9904.99
190,80,9892.38
190,81,9900.68
190,82,9908.55
190,83,9888.4
190,84,9892.09
190,85,9908.4
190,86,9885.99
190,87,9886.18
190,88,9918.31
190,89,9901.3
190,90,9919.08
190,91,9892.11
190,92,9917.44
190,93,9889.68
190,94,9890.36
190,95,9901.1
190,96,9893.95
190,97,9904.1
190,98,9885.55
190,99,9893.24
200,0,9920.83
200,1,9874.96
200,2,9886.77
200,3,9885.79
200,4,9883.95
200,5,9883.49
200,6,9889.47
200,7,9886.88
200,8,9892.35
200,9,9897.32
200,10,9892.25
200,11,9901.44
200,12,9903.73
200,13,9897.69
200,14,9894.5
200,15,9902.46
200,16,9874.6
200,17,9900.42
200,18,9888.08
200,19,9895.64
200,20,9899.76
200,21,9899.54
200,22,9910.03
200,23,9878.74
200,24,9883.51
200,25,9879.45
200,26,9885.06
200,27,9884.66
200,28,9879.29
200,29,9891.63
200,30,9894.83
200,31,9886.18
200,32,9896.02
200,33,9884.67
200,34,9873.31
200,35,9902.9
200,36,9900.54
200,37,9909.95
200,38,9902.7
200,39,9894
200,40,9885.46
200,41,9889.35
200,42,9898.59
200,43,9902.37
200,44,9882.08
200,45,9878.65
200,46,9882.34
200,47,9888.84
200,48,9900.42
200,49,9897.87
200,50,9901.6
200,51,9900
200,52,9887.94
200,53,9890.51
200,54,9891.66
200,55,9900.34
200,56,9902.74
200,57,9895.79
200,58,9894.4
200,59,9897.3
200,60,9895.66
200,61,9894.8
200,62,9891.41
200,63,9885.79
200,64,9902.28
200,65,9887.56
200,66,9895.59
200,67,9904.22
200,68,9878.01
200,69,9878.83
200,70,9892.67
200,71,9908.19
200,72,9887.89
200,73,9895.94
200,74,9895.01
200,75,9903.47
200,76,9902.72
200,77,9874.75
200,78,9887.08
200,79,9897.3
200,80,9887.4
200,81,9893.91
200,82,9901.71
200,83,9879.72
200,84,9884.3
200,85,9900.27
200,86,9881.25
200,87,9881.1
200,88,9911.33
200,89,9898.01
200,90,9910.78
200,91,9882.04
200,92,9910.42
200,93,9884.87
200,94,9881.43
200,95,9894.16
200,96,9888.06
200,97,9898.43
200,98,9880.41
200,99,9888.8
210,0,9920.53
210,1,9874.66
210,2,9886.47
210,3,9885.49
210,4,9883.65
210,5,9883.19
210,6,9889.17
210,7,9886.58
210,8,9892.05
210,9,9897.02
210,10,9891.95
210,11,9901.14
210,12,9903.43
210,13,9897.39
210,14,9894.2
210,15,9902.16
210,16,9874.3
210,17,9900.12
210,18,9887.78
210,19,9895.34
210,20,9899.46
210,21,9899.24
210,22,9909.73
210,23,9878.44
210,24,9883.21
210,25,9879.15
210,26,9884.76
210,27,9884.36
210,28,9878.99
210,29,9891.33
210,30,9894.53
210,31,9885.88
210,32,9895.72
210,33,9884.37
210,34,9873.01
210,35,9902.6
210,36,9900.24
210,37,9909.65
210,38,9902.4
210,39,9893.7
210,40,9885.16
210,41,9889.05
210,42,9898.29
210,43,9902.07
210,44,9881.78
210,45,9878.35
210,46,9882.04
210,47,9888.54
210,48,9900.12
210,49,9897.57
210,50,9901.3
210,51,9899.7
210,52,9887.64
210,53,9890.21
210,54,9891.36
210,55,9900.04
210,56,9902.44
210,57,9895.49
210,58,9894.1
210,59,9897
210,60,9895.36
210,61,9894.5
210,62,9891.11
210,63,9885.49
210,64,9901.98
210,65,9887.26
210,66,9895.29
210,67,9903.92
210,68,9877.71
210,69,9878.53
210,70,9892.37
210,71,9907.89
210,72,9887.59
210,73,9895.64
210,74,9894.71
210,75,9903.17
210,76,9902.42
210,77,9874.45
210,78,9886.78
210,79,9897
210,80,9887.1
210,81,9893.61
210,82,9901.41
210,83,9879.42
210,84,9884
210,85,9899.97
210,86,9880.95
210,87,9880.8
210,88,9911.03
210,89,9897.71
210,90,9910.48
210,91,9881.74
210,92,9910.12
210,93,9884.57
210,94,9881.13
210,95,9893.86
210,96,9887.76
210,97,9898.13
210,98,9880.11
210,99,9888.5
220,0,9910.09
220,1,9861.8
220,2,9871.88
220,3,9869.54
220,4,9869.77
220,5,9869.45
220,6,9876.54
220,7,9872.26
220,8,9877.78
220,9,9883.11
220,10,9877.03
220,11,9887.1
220,12,9887.92
220,13,9886.24
220,14,9880.26
220,15,9889.36
220,16,9859.95
220,17,9886.76
220,18,9873.11
220,19,9882.11
220,20,9886.3
220,21,9885.4
220,22,9895.57
220,23,9864.49
220,24,9869.09
220,25,9864.8
220,26,9871.64
220,27,9870.31
220,28,9864.52
220,29,9876.15
220,30,9880.82
220,31,9870.76
220,32,9881.24
220,33,9870.92
220,34,9859.74
220,35,9888.8
220,36,9889.2
220,37,9897.22
220,38,9889.11
220,39,9881.83
220,40,9869.69
220,41,9874.06
220,42,9885.06
220,43,9887
220,44,9868.25
220,45,9862.85
220,46,9869.22
220,47,9872.28
220,48,9881.99
220,49,9885.62
220,50,9886.09
220,51,9886.44
220,52,9874.21
220,53,9876.29
220,54,9876.79
220,55,9885.09
220,56,9888.4
220,57,9883.33
220,58,9880.99
220,59,9882.75
220,60,9880.82
220,61,9881.38
220,62,9876.42
220,63,9873.14
220,64,9888.43
220,65,9871
220,66,9880.42
220,67,9892.73
220,68,9857.69
220,69,9863.7
220,70,9880.54
220,71,9894.56
220,72,9875.13
220,73,9884.1
220,74,9876.87
220,75,9888.71
220,76,9888.74
220,77,9860.82
220,78,9873.94
220,79,9884.63
220,80,9873.62
220,81,9878.74
220,82,9889.31
220,83,9863.81
220,84,9869.26
220,85,9887.32
220,86,9866.18
220,87,9865.09
220,88,9898.06
220,89,9883.82
220,90,9898.21
220,91,9867.69
220,92,9898
220,93,9872.4
220,94,9866.75
220,95,9878.13
220,96,9872.85
220,97,9879.96
220,98,9863.2
220,99,9873.15
230,0,9899.51
230,1,9844.31
230,2,9859.33
230,3,9858.23
230,4,9855.84
230,5,9855.54
230,6,9864.71
230,7,9864.61
230,8,9867.82
230,9,9873.49
230,10,9867.03
230,11,9878.71
230,12,9881.8
230,13,9873.66
230,14,9871.92
230,15,9883.08
230,16,9845.28
230,17,9878.36
230,18,9866.74
230,19,9870.27
230,20,9875.31
230,21,9876.12
230,22,9887.53
230,23,9855.26
230,24,9858.98
230,25,9849.67
230,26,9863.56
230,27,9855.58
230,28,9854.35
230,29,9864.82
230,30,9873.11
230,31,9864.49
230,32,9874.25
230,33,9862.31
230,34,9846.49
230,35,9881.28
230,36,9880.6
230,37,9891.77
230,38,9881.3
230,39,9869.43
230,40,9861.04
230,41,9865.89
230,42,9877.71
230,43,9881.49
230,44,9853.08
230,45,9850.94
230,46,9856.68
230,47,9862.09
230,48,9873.54
230,49,9874.05
230,50,9880.65
230,51,9880.67
230,52,9868.81
230,53,9864.18
230,54,9868.07
230,55,9879.61
230,56,9882.61
230,57,9874.01
230,58,9873.92
230,59,9874.98
230,60,9870.74
230,61,9868.38
230,62,9865.04
230,63,9856.87
230,64,9880.97
230,65,9861.75
230,66,9870.33
230,67,9884.7
230,68,9850.06
230,69,9849.94
230,70,9868.13
230,71,9889.14
230,72,9861.29
230,73,9873.58
230,74,9869.25
230,75,9883.42
230,76,9881.81
230,77,9844.65
230,78,9860.17
230,79,9875.88
230,80,9864.81
230,81,9873.2
230,82,9881.88
230,83,9854.8
230,84,9860.61
230,85,9879.16
230,86,9858.72
230,87,9856.03
230,88,9891.2
230,89,9876.9
230,90,9891.13
230,91,9858.38
230,92,9892.55
230,93,9861.17
230,94,9851.09
230,95,9872.02
230,96,9862.26
230,97,9869.94
230,98,9850.37
230,99,9866.32
240,0,9899.21
240,1,9844.01
240,2,9859.03
240,3,9857.93
240,4,9855.54
240,5,9855.24
240,6,9864.41
240,7,9864.31
240,8,9867.52
240,9,9873.19
240,10,9866.73
240,11,9878.41
240,12,9881.5
240,13,9873.36
240,14,9871.62
240,15,9882.78
240,16,9844.98
240,17,9878.06
240,18,9866.44
240,19,9869.97
240,20,9875.01
240,21,9875.82
240,22,9887.23
240,23,9854.96
240,24,9858.68
240,25,9849.37
240,26,9863.26
240,27,9855.28
240,28,9854.05
240,29,9864.52
240,30,9872.81
240,31,9864.19
240,32,9873.95
240,33,9862.01
240,34,9846.19
240,35,9880.98
240,36,9880.3
240,37,9891.47
240,38,9881
240,39,9869.13
240,40,9860.74
240,41,9865.59
240,42,9877.41
240,43,9881.19
240,44,9852.78
240,45,9850.64
240,46,9856.38
240,47,9861.79
240,48,9873.24
240,49,9873.75
240,50,9880.35
240,51,9880.37
240,52,9868.51
240,53,9863.88
240,54,9867.77
240,55,9879.31
240,56,9882.31
240,57,9873.71
240,58,9873.62
240,59,9874.68
240,60,9870.44
240,61,9868.08
240,62,9864.74
240,63,9856.57
240,64,9880.67
240,65,9861.45
240,66,9870.03
240,67,9884.4
240,68,9849.76
240,69,9849.64
240,70,9867.83
240,71,9888.84
240,72,9860.99
240,73,9873.28
240,74,9868.95
240,75,9883.12
240,76,9881.51
240,77,9844.35
240,78,9859.87
240,79,9875.58
240,80,9864.51
240,81,9872.9
240,82,9881.58
240,83,9854.5
240,84,9860.31
240,85,9878.86
240,86,9858.42
240,87,9855.73
240,88,9890.9
240,89,9876.6
240,90,9890.83
240,91,9858.08
240,92,9892.25
240,93,9860.87
240,94,9850.79
240,95,9871.72
240,96,9861.96
240,97,9869.64
240,98,9850.07
240,99,9866.02
250,0,9890.22
250,1,9831.17
250,2,9844.67
250,3,9844.15
250,4,9844.36
250,5,9843.03
250,6,9851.17
250,7,9850.5
250,8,9853.21
250,9,9861.52
250,10,9853.23
250,11,9865.86
250,12,9869.87
250,13,9861.51
250,14,9862.33
250,15,9872.3
250,16,9830.57
250,17,9866.58
250,18,9852.45
250,19,9856.22
250,20,9862.02
250,21,9863.73
250,22,9871.95
250,23,9840.09
250,24,9844.64
250,25,9834.47
250,26,9852.09
250,27,9841.17
250,28,9841.31
250,29,9852.93
250,30,9860.42
250,31,9850.38
250,32,9861.09
250,33,9848.96
250,34,9832.79
250,35,9871.01
250,36,9869.65
250,37,9878.98
250,38,9870.87
250,39,9856.6
250,40,9847.61
250,41,9852.16
250,42,9865.37
250,43,9868.69
250,44,9839.86
250,45,9835.11
250,46,9843.74
250,47,9846.58
250,48,9858.19
250,49,9861.68
250,50,9868.39
250,51,9869.16
250,52,9857.17
250,53,9849.41
250,54,9856.91
250,55,9867.54
250,56,9869.26
250,57,9860.88
250,58,9859.97
250,59,9863.92
250,60,9858.39
250,61,9854.86
250,62,9853.54
250,63,9842.21
250,64,9867.89
250,65,9845.25
250,66,9859.89
250,67,9873.58
250,68,9828.49
250,69,9834.04
250,70,9855.78
250,71,9878.04
250,72,9848.58
250,73,9861.08
250,74,9854.45
250,75,9872.06
250,76,9868.8
250,77,9830.5
250,78,9846.4
250,79,9864.46
250,80,9849.24
250,81,9858
250,82,9869.53
250,83,9842.69
250,84,9847.93
250,85,9867.71
250,86,9844.32
250,87,9842.05
250,88,9880
250,89,9865.35
250,90,9881.55
250,91,9843.85
250,92,9880.84
250,93,9848.82
250,94,9837.3
250,95,9859.23
250,96,9850.46
250,97,9854.08
250,98,9834.45
250,99,9851.18
260,0,9885.12
260,1,9822.27
260,2,9835.61
260,3,9838.06
260,4,9836.24
260,5,9834.51
260,6,9843.43
260,7,9843.72
260,8,9847.89
260,9,9856.59
260,10,9847.94
260,11,9860.43
260,12,9863.74
260,13,9853.98
260,14,9852.19
260,15,9865.46
260,16,9822.62
260,17,9859.72
260,18,9845.07
260,19,9846.92
260,20,9857.13
260,21,9857.04
260,22,9867.78
260,23,9830.81
260,24,9837.14
260,25,9826.23
260,26,9842.85
260,27,9834.12
260,28,9830.54
260,29,9845.02
260,30,9854.67
260,31,9843.22
260,32,9852.79
260,33,9844.32
260,34,9823.4
260,35,9861.31
260,36,9864.77
260,37,9873.31
260,38,9863.11
260,39,9849.01
260,40,9839.82
260,41,9844.4
260,42,9857.72
260,43,9860.77
260,44,9832.35
260,45,9830.92
260,46,9836.67
260,47,9842.8
260,48,9856.31
260,49,9856.78
260,50,9861.47
260,51,9860.35
260,52,9849.98
260,53,9842.59
260,54,9848.26
260,55,9861.39
260,56,9864.34
260,57,9853.89
260,58,9854.12
260,59,9856.49
260,60,9851.88
260,61,9847.52
260,62,9845.93
260,63,9836.02
260,64,9862.57
260,65,9838.17
260,66,9853.38
260,67,9866.83
260,68,9825.75
260,69,9827.48
260,70,9848.76
260,71,9868.76
260,72,9842.69
260,73,9853.3
260,74,9846.88
260,75,9865.04
260,76,9862.51
260,77,9825.49
260,78,9837.47
260,79,9857.59
260,80,9843.29
260,81,9852.77
260,82,9864.31
260,83,9834.33
260,84,9838.52
260,85,9858.56
260,86,9836.93
260,87,9833.35
260,88,9874.72
260,89,9857.64
260,90,9876.56
260,91,9835.93
260,92,9876.74
260,93,9842.38
260,94,9829.16
260,95,9853.6
260,96,9842.53
260,97,9848.85
260,98,9825.5
260,99,9845.02
270,0,9884.82
270,1,9821.97
270,2,9835.31
270,3,9837.76
270,4,9835.94
270,5,9834.21
270,6,9843.13
270,7,9843.42
270,8,9847.59
270,9,9856.29
270,10,9847.64
270,11,9860.13
270,12,9863.44
270,13,9853.68
270,14,9851.89
270,15,9865.16
270,16,9822.32
270,17,9859.42
270,18,9844.77
270,19,9846.62
270,20,9856.83
270,21,9856.74
270,22,9867.48
270,23,9830.51
270,24,9836.84
270,25,9825.93
270,26,9842.55
270,27,9833.82
270,28,9830.24
270,29,9844.72
270,30,9854.37
270,31,9842.92
270,32,9852.49
270,33,9844.02
270,34,9823.1
270,35,9861.01
270,36,9864.47
270,37,9873.01
270,38,9862.81
270,39,9848.71
270,40,9839.52
270,41,9844.1
270,42,9857.42
270,43,9860.47
270,44,9832.05
270,45,9830.62
270,46,9836.37
270,47,9842.5
270,48,9856.01
270,49,9856.48
270,50,9861.17
270,51,9860.05
270,52,9849.68
270,53,9842.29
270,54,9847.96
270,55,9861.09
270,56,9864.04
270,57,9853.59
270,58,9853.82
270,59,9856.19
270,60,9851.58
270,61,9847.22
270,62,9845.63
270,63,9835.72
270,64,9862.27
270,65,9837.87
270,66,9853.08
270,67,9866.53
270,68,9825.45
270,69,9827.18
270,70,9848.46
270,71,9868.46
270,72,9842.39
270,73,9853
270,74,9846.58
270,75,9864.74
270,76,9862.21
270,77,9825.19
270,78,9837.17
270,79,9857.29
270,80,9842.99
270,81,9852.47
270,82,9864.01
270,83,9834.03
270,84,9838.22
270,85,9858.26
270,86,9836.63
270,87,9833.05
270,88,9874.42
270,89,9857.34
270,90,9876.26
270,91,9835.63
270,92,9876.44
270,93,9842.08
270,94,9828.86
270,95,9853.3
270,96,9842.23
270,97,9848.55
270,98,9825.2
270,99,9844.72
280,0,9874.28
280,1,9808.8
280,2,9822.93
280,3,9823.7
280,4,9822.99
280,5,9821.76
280,6,9834.7
280,7,9830.41
280,8,9833.66
280,9,9843.19
280,10,9836.12
280,11,9847.62
280,12,9856.36
280,13,9842.18
280,14,9841.07
280,15,9857.22
280,16,9807.65
280,17,9851.59
280,18,9832.83
280,19,9836.16
280,20,9846.26
280,21,9847.56
280,22,9854.88
280,23,9818.47
280,24,9824.45
280,25,9812.86
280,26,9831.79
280,27,9818.99
280,28,9817.24
280,29,9833.21
280,30,9841.7
280,31,9828.22
280,32,9841.04
280,33,9832.52
280,34,9813
280,35,9848.99
280,36,9856.28
280,37,9861.93
280,38,9852.43
280,39,9836.38
280,40,9825.02
280,41,9830.63
280,42,9847.16
280,43,9850.83
280,44,9818.36
280,45,9815.16
280,46,9826.53
280,47,9828.26
280,48,9846.38
280,49,9844.49
280,50,9850.59
280,51,9851.69
280,52,9839.2
280,53,9831.31
280,54,9836.78
280,55,9851.08
280,56,9855.35
280,57,9843.07
280,58,9841.34
280,59,9845.18
280,60,9838.77
280,61,9837.15
280,62,9833.92
280,63,9821.76
280,64,9851.93
280,65,9823.82
280,66,9841.24
280,67,9852.08
280,68,9806.4
280,69,9811.63
280,70,9836.91
280,71,9858.75
280,72,9829.98
280,73,9841.62
280,74,9832.66
280,75,9855.87
280,76,9851.95
280,77,9811.25
280,78,9825.87
280,79,9844.52
280,80,9831.05
280,81,9840.29
280,82,9852.16
280,83,9821.93
280,84,9824.76
280,85,9847.31
280,86,9825.71
280,87,9822.58
280,88,9865.52
280,89,9846.79
280,90,9865.42
280,91,9823.61
280,92,9862.14
280,93,9829.57
280,94,9816.05
280,95,9842.87
280,96,9830.67
280,97,9835.34
280,98,9811.94
280,99,9829.9
290,0,9872.86
290,1,9804.01
290,2,9816.66
290,3,9821.17
290,4,9818.35
290,5,9817.99
290,6,9829.41
290,7,9826.51
290,8,9830.74
290,9,9839.98
290,10,9832.09
290,11,9844.27
290,12,9849.37
290,13,9838.53
290,14,9831.27
290,15,9850.5
290,16,9802.59
290,17,9843.85
290,18,9828.43
290,19,9829.62
290,20,9838.94
290,21,9839.13
290,22,9849.74
290,23,9811.43
290,24,9818.22
290,25,9807.73
290,26,9826.17
290,27,9814.5
290,28,9810.7
290,29,9826.79
290,30,9839.68
290,31,9824.61
290,32,9836.35
290,33,9827.56
290,34,9806.34
290,35,9845.78
290,36,9848.83
290,37,9857.47
290,38,9845.24
290,39,9832.73
290,40,9821.26
290,41,9826.47
290,42,9842.55
290,43,9843.04
290,44,9814.17
290,45,9811.05
290,46,9816.72
290,47,9823.56
290,48,9841.88
290,49,9841.7
290,50,9842.43
290,51,9847.09
290,52,9835.69
290,53,9824.57
290,54,9827.26
290,55,9847.68
290,56,9845.77
290,57,9836.57
290,58,9836.99
290,59,9837.24
290,60,9833.88
290,61,9830.55
290,62,9825.74
290,63,9817.48
290,64,9848.06
290,65,9817.17
290,66,9836.32
290,67,9845.85
290,68,9804.13
290,69,9806.83
290,70,9832.75
290,71,9851.59
290,72,9826
290,73,9835.22
290,74,9827.01
290,75,9847.47
290,76,9845.35
290,77,9806.49
290,78,9815.45
290,79,9835.38
290,80,9824.1
290,81,9837.1
290,82,9848.7
290,83,9817.96
290,84,9821.46
290,85,9837.79
290,86,9816.53
290,87,9813.83
290,88,9857.77
290,89,9842.82
290,90,9858.41
290,91,9816.89
290,92,9857.88
290,93,9825.3
290,94,9811.52
290,95,9838.52
290,96,9826.97
290,97,9831.06
290,98,9805.91
290,99,9826.82
300,0,9872.56
300,1,9803.71
300,2,9816.36
300,3,9820.87
300,4,9818.05
300,5,9817.69
300,6,9829.11
300,7,9826.21
300,8,9830.44
300,9,9839.68
300,10,9831.79
300,11,9843.97
300,12,9849.07
300,13,9838.23
300,14,9830.97
300,15,9850.2
300,16,9802.29
300,17,9843.55
300,18,9828.13
300,19,9829.32
300,20,9838.64
300,21,9838.83
300,22,9849.44
300,23,9811.13
300,24,9817.92
300,25,9807.43
300,26,9825.87
300,27,9814.2
300,28,9810.4
300,29,9826.49
300,30,9839.38
300,31,9824.31
300,32,9836.05
300,33,9827.26
300,34,9806.04
300,35,9845.48
300,36,9848.53
300,37,9857.17
300,38,9844.94
300,39,9832.43
300,40,9820.96
300,41,9826.17
300,42,9842.25
300,43,9842.74
300,44,9813.87
300,45,9810.75
300,46,9816.42
300,47,9823.26
300,48,9841.58
300,49,9841.4
300,50,9842.13
300,51,9846.79
300,52,9835.39
300,53,9824.27
300,54,9826.96
300,55,9847.38
300,56,9845.47
300,57,9836.27
300,58,9836.69
300,59,9836.94
300,60,9833.58
300,61,9830.25
300,62,9825.44
300,63,9817.18
300,64,9847.76
300,65,9816.87
300,66,9836.02
300,67,9845.55
300,68,9803.83
300,69,9806.53
300,70,9832.45
300,71,9851.29
300,72,9825.7
300,73,9834.92
300,74,9826.71
300,75,9847.17
300,76,9845.05
300,77,9806.19
300,78,9815.15
300,79,9835.08
300,80,9823.8
300,81,9836.8
300,82,9848.4
300,83,9817.66
300,84,9821.16
300,85,9837.49
300,86,9816.23
300,87,9813.53
300,88,9857.47
300,89,9842.52
300,90,9858.11
300,91,9816.59
300,92,9857.58
300,93,9825
300,94,9811.22
300,95,9838.22
300,96,9826.67
300,97,9830.76
300,98,9805.61
300,99,9826.52
310,0,9862.24
310,1,9791.27
310,2,9803.91
310,3,9808.15
310,4,9805.28
310,5,9805.18
310,6,9819.75
310,7,9815.1
310,8,9818.61
310,9,9827.85
310,10,9819.76
310,11,9832.43
310,12,9840.4
310,13,9827.56
310,14,9820.55
310,15,9840.46
310,16,9790.17
310,17,9834.19
310,18,9815.8
310,19,9818.97
310,20,9828.72
310,21,9827.39
310,22,9840.27
310,23,9798.26
310,24,9805.45
310,25,9795.64
310,26,9815.63
310,27,9802.45
310,28,9797.82
310,29,9814.88
310,30,9827.15
310,31,9811.13
310,32,9824.52
310,33,9815.99
310,34,9794.25
310,35,9834.09
310,36,9838.08
310,37,9847.77
310,38,9834.66
310,39,9822.5
310,40,9808.08
310,41,9813.71
310,42,9831.98
310,43,9831.63
310,44,9800.73
310,45,9796.28
310,46,9805.77
310,47,9808.9
310,48,9827.58
310,49,9829.68
310,50,9831.39
310,51,9836.35
310,52,9824.55
310,53,9812.97
310,54,9817.26
310,55,9836.52
310,56,9835.74
310,57,9825.15
310,58,9824.95
310,59,9826.53
310,60,9821.21
310,61,9819.83
310,62,9814.68
310,63,9805.07
310,64,9834.17
310,65,9805.61
310,66,9824.67
310,67,9830.61
310,68,9784.97
310,69,9794.31
310,70,9821.9
310,71,9840.31
310,72,9812.82
310,73,9826.69
310,74,9812.74
310,75,9836.88
310,76,9834.74
310,77,9793.58
310,78,9804.29
310,79,9821.59
310,80,9810.54
310,81,9825.28
310,82,9836.56
310,83,9806.13
310,84,9808.71
310,85,9826.08
310,86,9804.56
310,87,9801.02
310,88,9848.15
310,89,9832.06
310,90,9846.51
310,91,9804.36
310,92,9844.86
310,93,9816.03
310,94,9798.12
310,95,9829.97
310,96,9815.18
310,97,9818
310,98,9792.47
310,99,9814.19
320,0,9857.15
320,1,9783.09
320,2,9789.22
320,3,9800.95
320,4,9796.82
320,5,9800.57
320,6,9806.23
320,7,9800.41
320,8,9807.85
320,9,9820.94
320,10,9809.79
320,11,9825.02
320,12,9830.01
320,13,9816.86
320,14,9812.84
320,15,9833.75
320,16,9781.57
320,17,9826.14
320,18,9803.53
320,19,9806.13
320,20,9819.03
320,21,9821.18
320,22,9834.4
320,23,9791.05
320,24,9792.18
320,25,9788.69
320,26,9803.53
320,27,9795.42
320,28,9789.62
320,29,9807.29
320,30,9818.06
320,31,9801.28
320,32,9811.67
320,33,9804.76
320,34,9786.9
320,35,9824.99
320,36,9830
320,37,9836.92
320,38,9825.5
320,39,9809.4
320,40,9800.7
320,41,9806.08
320,42,9818.04
320,43,9819.56
320,44,9795.18
320,45,9788.9
320,46,9793.17
320,47,9804.06
320,48,9822.24
320,49,9824.24
320,50,9820.01
320,51,9824.83
320,52,9813.86
320,53,9799.56
320,54,9804.22
320,55,9826.26
320,56,9824.66
320,57,9814.15
320,58,9813.38
320,59,9816.97
320,60,9813.74
320,61,9806.03
320,62,9804.32
320,63,9796.7
320,64,9830.2
320,65,9793.69
320,66,9818.56
320,67,9822.47
320,68,9779.57
320,69,9785.66
320,70,9812.76
320,71,9830.32
320,72,9805.31
320,73,9816.12
320,74,9801.77
320,75,9825.21
320,76,9826.48
320,77,9786.66
320,78,9796.19
320,79,9814.87
320,80,9799.74
320,81,9815.77
320,82,9828.23
320,83,9795.32
320,84,9799.29
320,85,9818.44
320,86,9789.8
320,87,9791.79
320,88,9839.68
320,89,9824.91
320,90,9838.01
320,91,9792.15
320,92,9834.27
320,93,9802.07
320,94,9788.49
320,95,9820.16
320,96,9805.82
320,97,9814.42
320,98,9780.38
320,99,9803.46
330,0,9856.85
330,1,9782.79
330,2,9788.92
330,3,9800.65
330,4,9796.52
330,5,9800.27
330,6,9805.93
330,7,9800.11
330,8,9807.55
330,9,9820.64
330,10,9809.49
330,11,9824.72
330,12,9829.71
330,13,9816.56
330,14,9812.54
330,15,9833.45
330,16,9781.27
330,17,9825.84
330,18,9803.23
330,19,9805.83
330,20,9818.73
330,21,9820.88
330,22,9834.1
330,23,9790.75
330,24,9791.88
330,25,9788.39
330,26,9803.23
330,27,9795.12
330,28,9789.32
330,29,9806.99
330,30,9817.76
330,31,9800.98
330,32,9811.37
330,33,9804.46
330,34,9786.6
330,35,9824.69
330,36,9829.7
330,37,9836.62
330,38,9825.2
330,39,9809.1
330,40,9800.4
330,41,9805.78
330,42,9817.74
330,43,9819.26
330,44,9794.88
330,45,9788.6
330,46,9792.87
330,47,9803.76
330,48,9821.94
330,49,9823.94
330,50,9819.71
330,51,9824.53
330,52,9813.56
330,53,9799.26
330,54,9803.92
330,55,9825.96
330,56,9824.36
330,57,9813.85
330,58,9813.08
330,59,9816.67
330,60,9813.44
330,61,9805.73
330,62,9804.02
330,63,9796.4
330,64,9829.9
330,65,9793.39
330,66,9818.26
330,67,9822.17
330,68,9779.27
330,69,9785.36
330,70,9812.46
330,71,9830.02
330,72,9805.01
330,73,9815.82
330,74,9801.47
330,75,9824.91
330,76,9826.18
330,77,9786.36
330,78,9795.89
330,79,9814.57
330,80,9799.44
330,81,9815.47
330,82,9827.93
330,83,9795.02
330,84,9798.99
330,85,9818.14
330,86,9789.5
330,87,9791.49
330,88,9839.38
330,89,9824.61
330,90,9837.71
330,91,9791.85
330,92,9833.97
330,93,9801.77
330,94,9788.19
330,95,9819.86
330,96,9805.52
330,97,9814.12
330,98,9780.08
330,99,9803.16
340,0,9846.83
340,1,9771.69
340,2,9779.12
340,3,9787.95
340,4,9785.46
340,5,9788.51
340,6,9795.67
340,7,9788.52
340,8,9798.74
340,9,9808.78
340,10,9799.96
340,11,9813.3
340,12,9821.59
340,13,9807.01
340,14,9802.01
340,15,9825.48
340,16,9771.25
340,17,9817.18
340,18,9792.74
340,19,9794.18
340,20,9809.01
340,21,9811.48
340,22,9820.19
340,23,9779.81
340,24,9784.36
340,25,9777.74
340,26,9794.73
340,27,9784.83
340,28,9781.32
340,29,9797.41
340,30,9808.27
340,31,9786.17
340,32,9802.72
340,33,9794.39
340,34,9776.23
340,35,9814.84
340,36,9819.61
340,37,9827.24
340,38,9815.73
340,39,9799.58
340,40,9789.68
340,41,9794.32
340,42,9807.7
340,43,9810.21
340,44,9783.15
340,45,9777.9
340,46,9783.08
340,47,9795.28
340,48,9807.2
340,49,9810.71
340,50,9809.04
340,51,9816.38
340,52,9804.57
340,53,9789.34
340,54,9794.28
340,55,9816.62
340,56,9815.76
340,57,9804.58
340,58,9802.34
340,59,9807.29
340,60,9803.36
340,61,9795.52
340,62,9794.91
340,63,9785.32
340,64,9819.62
340,65,9786.84
340,66,9807.65
340,67,9807.29
340,68,9765.17
340,69,9775.86
340,70,9801.97
340,71,9820.79
340,72,9794.86
340,73,9807.72
340,74,9789.31
340,75,9817.38
340,76,9817.51
340,77,9775.19
340,78,9786.21
340,79,9803.41
340,80,9788.92
340,81,9804.54
340,82,9816.66
340,83,9785.98
340,84,9788.32
340,85,9807.98
340,86,9777.94
340,87,9782.89
340,88,9830
340,89,9816.44
340,90,9828.99
340,91,9782.07
340,92,9825.16
340,93,9791.44
340,94,9777.23
340,95,9811.5
340,96,9795.8
340,97,9803.33
340,98,9768.93
340,99,9791.94
350,0,9844.36
350,1,9762.33
350,2,9768.74
350,3,9781.08
350,4,9777.71
350,5,9779.32
350,6,9787.91
350,7,9778.64
350,8,9789.43
350,9,9804.76
350,10,9791.18
350,11,9806.39
350,12,9812.77
350,13,9801.72
350,14,9798.04
350,15,9817.79
350,16,9760.09
350,17,9810.19
350,18,9783.69
350,19,9784.31
350,20,9802.45
350,21,9804.29
350,22,9815.39
350,23,9772.41
350,24,9769.55
350,25,9766.84
350,26,9787.21
350,27,9774.75
350,28,9771.8
350,29,9788.85
350,30,9803.09
350,31,9777.49
350,32,9792.21
350,33,9788.44
350,34,9765.42
350,35,9809.03
350,36,9815.76
350,37,9819.81
350,38,9809.1
350,39,9793.25
350,40,9783.39
350,41,9787.08
350,42,9798.09
350,43,9802.07
350,44,9776.1
350,45,9769.2
350,46,9775.13
350,47,9786.53
350,48,9804.31
350,49,9803.28
350,50,9801.36
350,51,9805.1
350,52,9796.57
350,53,9776.94
350,54,9788.03
350,55,9809.25
350,56,9808.39
350,57,9797.33
350,58,9795.98
350,59,9799.47
350,60,9795.01
350,61,9788.89
350,62,9787.3
350,63,9778.71
350,64,9816.81
350,65,9772.26
350,66,9802.01
350,67,9801.2
350,68,9757.19
350,69,9766.99
350,70,9797.08
350,71,9815.36
350,72,9787.39
350,73,9799.36
350,74,9781.19
350,75,9805.87
350,76,9810.65
350,77,9768.4
350,78,9776.42
350,79,9797.39
350,80,9779.92
350,81,9797.97
350,82,9813.05
350,83,9776.79
350,84,9781.32
350,85,9798.99
350,86,9768.21
350,87,9773.48
350,88,9823.79
350,89,9805.5
350,90,9823.91
350,91,9769.52
350,92,9817.94
350,93,9782.78
350,94,9769.87
350,95,9805.18
350,96,9787.12
350,97,9797.4
350,98,9757.07
350,99,9784.7
360,0,9844.06
360,1,9762.03
360,2,9768.44
360,3,9780.78
360,4,9777.41
360,5,9779.02
360,6,9787.61
360,7,9778.34
360,8,9789.13
360,9,9804.46
360,10,9790.88
360,11,9806.09
360,12,9812.47
360,13,9801.42
360,14,9797.74
360,15,9817.49
360,16,9759.79
360,17,9809.89
360,18,9783.39
360,19,9784.01
360,20,9802.15
360,21,9803.99
360,22,9815.09
360,23,9772.11
360,24,9769.25
360,25,9766.54
360,26,9786.91
360,27,9774.45
360,28,9771.5
360,29,9788.55
360,30,9802.79
360,31,9777.19
360,32,9791.91
360,33,9788.14
360,34,9765.12
360,35,9808.73
360,36,9815.46
360,37,9819.51
360,38,9808.8
360,39,9792.95
360,40,9783.09
360,41,9786.78
360,42,9797.79
360,43,9801.77
360,44,9775.8
360,45,9768.9
360,46,9774.83
360,47,9786.23
360,48,9804.01
360,49,9802.98
360,50,9801.06
360,51,9804.8
360,52,9796.27
360,53,9776.64
360,54,9787.73
360,55,9808.95
360,56,9808.09
360,57,9797.03
360,58,9795.68
360,59,9799.17
360,60,9794.71
360,61,9788.59
360,62,9787
360,63,9778.41
360,64,9816.51
360,65,9771.96
360,66,9801.71
360,67,9800.9
360,68,9756.89
360,69,9766.69
360,70,9796.78
360,71,9815.06
360,72,9787.09
360,73,9799.06
360,74,9780.89
360,75,9805.57
360,76,9810.35
360,77,9768.1
360,78,9776.12
360,79,9797.09
360,80,9779.62
360,81,9797.67
360,82,9812.75
360,83,9776.49
360,84,9781.02
360,85,9798.69
360,86,9767.91
360,87,9773.18
360,88,9823.49
360,89,9805.2
360,90,9823.61
360,91,9769.22
360,92,9817.64
360,93,9782.48
360,94,9769.57
360,95,9804.88
360,96,9786.82
360,97,9797.1
360,98,9756.77
360,99,9784.4
370,0,9836.05
370,1,9751.71
370,2,9760.37
370,3,9774.18
370,4,9768.14
370,5,9768.48
370,6,9779.7
370,7,9770.2
370,8,9781.1
370,9,9796.97
370,10,9782.79
370,11,9800.2
370,12,9805.16
370,13,9794.4
370,14,9789.09
370,15,9810.12
370,16,9749.69
370,17,9803.66
370,18,9774.63
370,19,9775.55
370,20,9794
370,21,9795.48
370,22,9803.12
370,23,9763.72
370,24,9761.5
370,25,9758.05
370,26,9778.23
370,27,9765.68
370,28,9763.44
370,29,9780.26
370,30,9793.94
370,31,9770.73
370,32,9783.68
370,33,9778.52
370,34,9756.86
370,35,9799.33
370,36,9808.06
370,37,9811.63
370,38,9800.49
370,39,9785.73
370,40,9773.51
370,41,9779.24
370,42,9789.05
370,43,9794.82
370,44,9765.84
370,45,9759.55
370,46,9768.45
370,47,9777.61
370,48,9798.2
370,49,9794.14
370,50,9793.92
370,51,9796.47
370,52,9786
370,53,9767.48
370,54,9778.83
370,55,9798.41
370,56,9800.16
370,57,9788.56
370,58,9786.79
370,59,9790.33
370,60,9786.6
370,61,9781.15
370,62,9778.87
370,63,9768.44
370,64,9804.51
370,65,9765.07
370,66,9793.15
370,67,9792.78
370,68,9747.05
370,69,9757.26
370,70,9787.47
370,71,9806.88
370,72,9777.83
370,73,9790.38
370,74,9772.37
370,75,9795.95
370,76,9801.59
370,77,9758.88
370,78,9767.51
370,79,9787.55
370,80,9772.03
370,81,9785.83
370,82,9804.19
370,83,9767.39
370,84,9774.04
370,85,9789.98
370,86,9759.61
370,87,9764.59
370,88,9816.27
370,89,9797.02
370,90,9816.13
370,91,9761.52
370,92,9810.05
370,93,9773.43
370,94,9761.56
370,95,9798.2
370,96,9778.92
370,97,9790.13
370,98,9747.59
370,99,9777.07
380,0,9828.4
380,1,9743.27
380,2,9748.14
380,3,9761.93
380,4,9756.63
380,5,9760.21
380,6,9769.64
380,7,9761.15
380,8,9772.79
380,9,9787.48
380,10,9772.79
380,11,9788.34
380,12,9793.84
380,13,9779.52
380,14,9776.38
380,15,9793.9
380,16,9741.02
380,17,9793.99
380,18,9766.74
380,19,9765.89
380,20,9781.84
380,21,9787
380,22,9796.52
380,23,9753.19
380,24,9748.41
380,25,9744.69
380,26,9771.15
380,27,9756.79
380,28,9749.87
380,29,9771.9
380,30,9786.4
380,31,9756.33
380,32,9775.4
380,33,9771.35
380,34,9742.58
380,35,9787.92
380,36,9795.96
380,37,9802.38
380,38,9787.96
380,39,9775.5
380,40,9766.5
380,41,9771.66
380,42,9777.6
380,43,9786.3
380,44,9756.6
380,45,9751.02
380,46,9756.67
380,47,9769.21
380,48,9786.97
380,49,9779.34
380,50,9785.38
380,51,9786.03
380,52,9777.25
380,53,9758.03
380,54,9766.25
380,55,9790.45
380,56,9789.51
380,57,9782.02
380,58,9776.65
380,59,9780.49
380,60,9777.85
380,61,9770.78
380,62,9770.22
380,63,9759.76
380,64,9799.14
380,65,9751.31
380,66,9782.96
380,67,9780.54
380,68,9730.55
380,69,9745.73
380,70,9774.12
380,71,9796.44
380,72,9770.38
380,73,9777.67
380,74,9759.93
380,75,9789.85
380,76,9793.43
380,77,9747.78
380,78,9757.61
380,79,9774.6
380,80,9759.97
380,81,9778.03
380,82,9797.61
380,83,9754.86
380,84,9762.51
380,85,9776.92
380,86,9749.75
380,87,9754.55
380,88,9805.97
380,89,9785.45
380,90,9807.28
380,91,9747.95
380,92,9800.85
380,93,9765.76
380,94,9752.98
380,95,9790.54
380,96,9767.77
380,97,9780.42
380,98,9737.82
380,99,9766.96
390,0,9828.1
390,1,9742.97
390,2,9747.84
390,3,9761.63
390,4,9756.33
390,5,9759.91
390,6,9769.34
390,7,9760.85
390,8,9772.49
390,9,9787.18
390,10,9772.49
390,11,9788.04
390,12,9793.54
390,13,9779.22
390,14,9776.08
390,15,9793.6
390,16,9740.72
390,17,9793.69
390,18,9766.44
390,19,9765.59
390,20,9781.54
390,21,9786.7
390,22,9796.22
390,23,9752.89
390,24,9748.11
390,25,9744.39
390,26,9770.85
390,27,9756.49
390,28,9749.57
390,29,9771.6
390,30,9786.1
390,31,9756.03
390,32,9775.1
390,33,9771.05
390,34,9742.28
390,35,9787.62
390,36,9795.66
390,37,9802.08
390,38,9787.66
390,39,9775.2
390,40,9766.2
390,41,9771.36
390,42,9777.3
390,43,9786
390,44,9756.3
390,45,9750.72
390,46,9756.37
390,47,9768.91
390,48,9786.67
390,49,9779.04
390,50,9785.08
390,51,9785.73
390,52,9776.95
390,53,9757.73
390,54,9765.95
390,55,9790.15
390,56,9789.21
390,57,9781.72
390,58,9776.35
390,59,9780.19
390,60,9777.55
390,61,9770.48
390,62,9769.92
390,63,9759.46
390,64,9798.84
390,65,9751.01
390,66,9782.66
390,67,9780.24
390,68,9730.25
390,69,9745.43
390,70,9773.82
390,71,9796.14
390,72,9770.08
390,73,9777.37
390,74,9759.63
390,75,9789.55
390,76,9793.13
390,77,9747.48
390,78,9757.31
390,79,9774.3
390,80,9759.67
390,81,9777.73
390,82,9797.31
390,83,9754.56
390,84,9762.21
390,85,9776.62
390,86,9749.45
390,87,9754.25
390,88,9805.67
390,89,9785.15
390,90,9806.98
390,91,9747.65
390,92,9800.55
390,93,9765.46
390,94,9752.68
390,95,9790.24
390,96,9767.47
390,97,9780.12
390,98,9737.52
390,99,9766.66
400,0,9823.24
400,1,9735.99
400,2,9745.83
400,3,9755.53
400,4,9750
400,5,9754
400,6,9762.44
400,7,9753.42
400,8,9767.41
400,9,9779.68
400,10,9767.1
400,11,9781.27
400,12,9787.44
400,13,9770.15
400,14,9769.88
400,15,9787.32
400,16,9734.52
400,17,9787.45
400,18,9758.99
400,19,9760.76
400,20,9773.88
400,21,9781.24
400,22,9789.52
400,23,9749.58
400,24,9743.25
400,25,9738.4
400,26,9765.74
400,27,9750.58
400,28,9745.9
400,29,9767.95
400,30,9781.3
400,31,9749.46
400,32,9768.8
400,33,9764.82
400,34,9735.01
400,35,9781.14
400,36,9788.83
400,37,9796.9
400,38,9781.53
400,39,9769.19
400,40,9758.64
400,41,9764.56
400,42,9772.55
400,43,9779.24
400,44,9752.19
400,45,9746.58
400,46,9749.92
400,47,9765.47
400,48,9781.13
400,49,9772.64
400,50,9778.26
400,51,9779.6
400,52,9768.91
400,53,9750.77
400,54,9760.53
400,55,9783.76
400,56,9782.15
400,57,9774.34
400,58,9769.01
400,59,9773.06
400,60,9772.45
400,61,9764.08
400,62,9764.91
400,63,9755.49
400,64,9792.39
400,65,9743.97
400,66,9776.8
400,67,9777.72
400,68,9724.84
400,69,9742.99
400,70,9767.69
400,71,9787.89
400,72,9766.77
400,73,9770.66
400,74,9751.75
400,75,9782.74
400,76,9786.3
400,77,9745.04
400,78,9753.33
400,79,9769.26
400,80,9752.41
400,81,9768.04
400,82,9792.67
400,83,9747.07
400,84,9755.08
400,85,9772.86
400,86,9742.7
400,87,9748.02
400,88,9800.21
400,89,9778.92
400,90,9801.07
400,91,9744.38
400,92,9794.48
400,93,9759.46
400,94,9750.21
400,95,9786.89
400,96,9760.1
400,97,9773.27
400,98,9732.41
400,99,9759.38
410,0,9814.16
410,1,9722.29
410,2,9725.66
410,3,9742.72
410,4,9737.73
410,5,9740.13
410,6,9750.01
410,7,9741.96
410,8,9754.38
410,9,9768.83
410,10,9755.87
410,11,9769.52
410,12,9777.97
410,13,9757.77
410,14,9758.22
410,15,9776.44
410,16,9719.97
410,17,9777.64
410,18,9748.7
410,19,9745.51
410,20,9760.69
410,21,9767.83
410,22,9777.27
410,23,9733.48
410,24,9727.1
410,25,9723.66
410,26,9755.47
410,27,9736.91
410,28,9728.31
410,29,9750.61
410,30,9768.17
410,31,9735.68
410,32,9757.49
410,33,9754.08
410,34,9722.01
410,35,9770.79
410,36,9780.4
410,37,9787.84
410,38,9767.02
410,39,9756.2
410,40,9747.18
410,41,9752.29
410,42,9761.12
410,43,9769.89
410,44,9733.72
410,45,9730.08
410,46,9736.1
410,47,9747.3
410,48,9766.82
410,49,9755.82
410,50,9769.41
410,51,9770.18
410,52,9761.05
410,53,9736.78
410,54,9748.92
410,55,9772.99
410,56,9772.31
410,57,9765.47
410,58,9757.25
410,59,9759.53
410,60,9759.09
410,61,9751.22
410,62,9748.75
410,63,9738.07
410,64,9779.54
410,65,9728.09
410,66,9764.6
410,67,9764.68
410,68,9707.22
410,69,9726.38
410,70,9755.73
410,71,9780.64
410,72,9749.69
410,73,9758.65
410,74,9740.1
410,75,9772.82
410,76,9776.37
410,77,9727.53
410,78,9737
410,79,9756.79
410,80,9739.98
410,81,9759.45
410,82,9780.13
410,83,9737.12
410,84,9743.86
410,85,9758.76
410,86,9729.94
410,87,9733.75
410,88,9791.81
410,89,9767.6
410,90,9792.31
410,91,9726.49
410,92,9785.24
410,93,9746
410,94,9733.3
410,95,9776.34
410,96,9749.16
410,97,9760.79
410,98,9717.81
410,99,9747.11
420,0,9813.86
420,1,9721.99
420,2,9725.36
420,3,9742.42
420,4,9737.43
420,5,9739.83
420,6,9749.71
420,7,9741.66
420,8,9754.08
420,9,9768.53
420,10,9755.57
420,11,9769.22
420,12,9777.67
420,13,9757.47
420,14,9757.92
420,15,9776.14
420,16,9719.67
420,17,9777.34
420,18,9748.4
420,19,9745.21
420,20,9760.39
420,21,9767.53
420,22,9776.97
420,23,9733.18
420,24,9726.8
420,25,9723.36
420,26,9755.17
420,27,9736.61
420,28,9728.01
420,29,9750.31
420,30,9767.87
420,31,9735.38
420,32,9757.19
420,33,9753.78
420,34,9721.71
420,35,9770.49
420,36,9780.1
420,37,9787.54
420,38,9766.72
420,39,9755.9
420,40,9746.88
420,41,9751.99
420,42,9760.82
420,43,9769.59
420,44,9733.42
420,45,9729.78
420,46,9735.8
420,47,9747
420,48,9766.52
420,49,9755.52
420,50,9769.11
420,51,9769.88
420,52,9760.75
420,53,9736.48
420,54,9748.62
420,55,9772.69
420,56,9772.01
420,57,9765.17
420,58,9756.95
420,59,9759.23
420,60,9758.79
420,61,9750.92
420,62,9748.45
420,63,9737.77
420,64,9779.24
420,65,9727.79
420,66,9764.3
420,67,9764.38
420,68,9706.92
420,69,9726.08
420,70,9755.43
420,71,9780.34
420,72,9749.39
420,73,9758.35
420,74,9739.8
420,75,9772.52
420,76,9776.07
420,77,9727.23
420,78,9736.7
420,79,9756.49
420,80,9739.68
420,81,9759.15
420,82,9779.83
420,83,9736.82
420,84,9743.56
420,85,9758.46
420,86,9729.64
420,87,9733.45
420,88,9791.51
420,89,9767.3
420,90,9792.01
420,91,9726.19
420,92,9784.94
420,93,9745.7
420,94,9733
420,95,9776.04
420,96,9748.86
420,97,9760.49
420,98,9717.51
420,99,9746.81
430,0,9810.38
430,1,9719.04
430,2,9723.32
430,3,9738.38
430,4,9733.65
430,5,9737.44
430,6,9747.16
430,7,9739.29
430,8,9751.03
430,9,9765.41
430,10,9753.66
430,11,9766.22
430,12,9774.21
430,13,9753.48
430,14,9756.25
430,15,9772.25
430,16,9717.66
430,17,9773.67
430,18,9745.92
430,19,9741.31
430,20,9755.39
430,21,9764.15
430,22,9773.91
430,23,9730.66
430,24,9726.05
430,25,9720.42
430,26,9750.79
430,27,9732.54
430,28,9726.5
430,29,9746.66
430,30,9765.47
430,31,9732.95
430,32,9755.57
430,33,9751.53
430,34,9718.59
430,35,9769.06
430,36,9777.31
430,37,9782.42
430,38,9761.71
430,39,9754.06
430,40,9741.27
430,41,9746.33
430,42,9758
430,43,9765.69
430,44,9729.36
430,45,9725.64
430,46,9732.29
430,47,9745.11
430,48,9763.28
430,49,9753.37
430,50,9767.88
430,51,9764.25
430,52,9758.71
430,53,9731.63
430,54,9744.78
430,55,9766.76
430,56,9769.2
430,57,9763.43
430,58,9755.11
430,59,9757.05
430,60,9755.54
430,61,9749.31
430,62,9743.23
430,63,9735.69
430,64,9776.33
430,65,9723.92
430,66,9761.07
430,67,9761.79
430,68,9703.37
430,69,9723.55
430,70,9753.37
430,71,9778.61
430,72,9747.07
430,73,9755.09
430,74,9736.25
430,75,9767.45
430,76,9771.95
430,77,9724.77
430,78,9732.78
430,79,9755.22
430,80,9734.71
430,81,9757.1
430,82,9777.07
430,83,9734.57
430,84,9738.21
430,85,9758.11
430,86,9726.87
430,87,9731.01
430,88,9787.81
430,89,9763.06
430,90,9790.33
430,91,9722.88
430,92,9779.3
430,93,9742.65
430,94,9730.54
430,95,9773.02
430,96,9743.23
430,97,9757.56
430,98,9715.28
430,99,9742.39
440,0,9797.56
440,1,9700.67
440,2,9702.18
440,3,9720.44
440,4,9714.3
440,5,9713.31
440,6,9729.51
440,7,9721.41
440,8,9731.16
440,9,9747.45
440,10,9737.94
440,11,9749.83
440,12,9763.09
440,13,9736.74
440,14,9737.82
440,15,9759.12
440,16,9699.43
440,17,9759.73
440,18,9730.1
440,19,9724.11
440,20,9737.69
440,21,9746.66
440,22,9759.17
440,23,9712.89
440,24,9705.37
440,25,9696.29
440,26,9738.17
440,27,9711.7
440,28,9705.23
440,29,9729.29
440,30,9750.29
440,31,9715.34
440,32,9736.08
440,33,9735.8
440,34,9700.33
440,35,9751.34
440,36,9763.75
440,37,9770.04
440,38,9744.26
440,39,9736.15
440,40,9727.5
440,41,9732.29
440,42,9744.05
440,43,9752.89
440,44,9709.16
440,45,9706.27
440,46,9714.48
440,47,9723.9
440,48,9748.93
440,49,9735.31
440,50,9754.23
440,51,9750.08
440,52,9744.67
440,53,9714.73
440,54,9730.75
440,55,9755.73
440,56,9753.61
440,57,9745.89
440,58,9737.74
440,59,9738.32
440,60,9736.96
440,61,9731.22
440,62,9726.33
440,63,9712.89
440,64,9758.82
440,65,9703.89
440,66,9742.21
440,67,9744.65
440,68,9686.62
440,69,9706.44
440,70,9736.69
440,71,9762.39
440,72,9727.36
440,73,9739.85
440,74,9722.2
440,75,9753.91
440,76,9758.44
440,77,9702.55
440,78,9715.51
440,79,9739.45
440,80,9718.96
440,81,9743.53
440,82,9762.22
440,83,9718.32
440,84,9725.18
440,85,9740.17
440,86,9710.62
440,87,9712.01
440,88,9774.92
440,89,9749.67
440,90,9776.62
440,91,9704.37
440,92,9767.65
440,93,9725.81
440,94,9712.21
440,95,9758.44
440,96,9726.42
440,97,9739.71
440,98,9697.06
440,99,9727.3
450,0,9797.26
450,1,9700.37
450,2,9701.88
450,3,9720.14
450,4,9714
450,5,9713.01
450,6,9729.21
450,7,9721.11
450,8,9730.86
450,9,9747.15
450,10,9737.64
450,11,9749.53
450,12,9762.79
450,13,9736.44
450,14,9737.52
450,15,9758.82
450,16,9699.13
450,17,9759.43
450,18,9729.8
450,19,9723.81
450,20,9737.39
450,21,9746.36
450,22,9758.87
450,23,9712.59
450,24,9705.07
450,25,9695.99
450,26,9737.87
450,27,9711.4
450,28,9704.93
450,29,9728.99
450,30,9749.99
450,31,9715.04
450,32,9735.78
450,33,9735.5
450,34,9700.03
450,35,9751.04
450,36,9763.45
450,37,9769.74
450,38,9743.96
450,39,9735.85
450,40,9727.2
450,41,9731.99
450,42,9743.75
450,43,9752.59
450,44,9708.86
450,45,9705.97
450,46,9714.18
450,47,9723.6
450,48,9748.63
450,49,9735.01
450,50,9753.93
450,51,9749.78
450,52,9744.37
450,53,9714.43
450,54,9730.45
450,55,9755.43
450,56,9753.31
450,57,9745.59
450,58,9737.44
450,59,9738.02
450,60,9736.66
450,61,9730.92
450,62,9726.03
450,63,9712.59
450,64,9758.52
450,65,9703.59
450,66,9741.91
450,67,9744.35
450,68,9686.32
450,69,9706.14
450,70,9736.39
450,71,9762.09
450,72,9727.06
450,73,9739.55
450,74,9721.9
450,75,9753.61
450,76,9758.14
450,77,9702.25
450,78,9715.21
450,79,9739.15
450,80,9718.66
450,81,9743.23
450,82,9761.92
450,83,9718.02
450,84,9724.88
450,85,9739.87
450,86,9710.32
450,87,9711.71
450,88,9774.62
450,89,9749.37
450,90,9776.32
450,91,9704.07
450,92,9767.35
450,93,9725.51
450,94,9711.91
450,95,9758.14
450,96,9726.12
450,97,9739.41
450,98,9696.76
450,99,9727
460,0,9796.96
460,1,9698.88
460,2,9701.58
460,3,9718.88
460,4,9712.94
460,5,9711.67
460,6,9728.91
460,7,9720.81
460,8,9730.51
460,9,9746.8
460,10,9735.71
460,11,9747.74
460,12,9762.49
460,13,9736.14
460,14,9737.22
460,15,9758.52
460,16,9697.1
460,17,9759.13
460,18,9729.03
460,19,9723.24
460,20,9735.65
460,21,9746.06
460,22,9758.57
460,23,9712.29
460,24,9704.77
460,25,9694.6
460,26,9737.57
460,27,9710.1
460,28,9704.63
460,29,9727.94
460,30,9749.69
460,31,9712.45
460,32,9734.18
460,33,9733.96
460,34,9699.73
460,35,9750.74
460,36,9763.15
460,37,9767.75
460,38,9742.16
460,39,9735.55
460,40,9725.41
460,41,9730.45
460,42,9743.45
460,43,9751.05
460,44,9706.93
460,45,9704.7
460,46,9713.88
460,47,9721.73
460,48,9748.33
460,49,9734.71
460,50,9752.65
460,51,9747.8
460,52,9743.53
460,53,9713.53
460,54,9730.15
460,55,9754.29
460,56,9753.01
460,57,9743.89
460,58,9735.61
460,59,9735.83
460,60,9736.36
460,61,9730.62
460,62,9724.13
460,63,9710.45
460,64,9758.22
460,65,9703.29
460,66,9740.12
460,67,9744.05
460,68,9686.02
460,69,9703.51
460,70,9736.09
460,71,9760.39
460,72,9724.76
460,73,9739.25
460,74,9721.6
460,75,9752.21
460,76,9757.84
460,77,9699.77
460,78,9714.85
460,79,9738.85
460,80,9716.6
460,81,9741.22
460,82,9761.62
460,83,9715.71
460,84,9723.32
460,85,9739.51
460,86,9710.02
460,87,9709.35
460,88,9774.32
460,89,9749.07
460,90,9776.02
460,91,9703.7
460,92,9765.46
460,93,9725.21
460,94,9709.44
460,95,9757.84
460,96,9723.8
460,97,9739.11
460,98,9696.46
460,99,9725.1
470,0,9776.54
470,1,9678.26
470,2,9679.65
470,3,9696.85
470,4,9689.96
470,5,9689.66
470,6,9705.99
470,7,9697.78
470,8,9708.87
470,9,9722.08
470,10,9714.42
470,11,9728.2
470,12,9742.48
470,13,9715.59
470,14,9717.02
470,15,9738.09
470,16,9673.56
470,17,9739.46
470,18,9709.99
470,19,9700.57
470,20,9714.14
470,21,9726.04
470,22,9732.63
470,23,9688.92
470,24,9680.38
470,25,9671.82
470,26,9716.79
470,27,9684.64
470,28,9683.64
470,29,9706.13
470,30,9730.45
470,31,9690.85
470,32,9714.45
470,33,9717.36
470,34,9677.43
470,35,9731.61
470,36,9746.03
470,37,9751.43
470,38,9720.41
470,39,9714.03
470,40,9703.52
470,41,9707.71
470,42,9723.82
470,43,9730.7
470,44,9682.99
470,45,9680.68
470,46,9690.36
470,47,9700.35
470,48,9725.12
470,49,9713.32
470,50,9735.16
470,51,9728
470,52,9726.31
470,53,9691.48
470,54,9710.24
470,55,9732.62
470,56,9735.02
470,57,9726.52
470,58,9717.74
470,59,9713.45
470,60,9714.13
470,61,9709.29
470,62,9701.94
470,63,9689.63
470,64,9733.77
470,65,9676.59
470,66,9719.44
470,67,9723.54
470,68,9657.87
470,69,9683.81
470,70,9714.48
470,71,9744.88
470,72,9705.83
470,73,9718.61
470,74,9698.04
470,75,9730.57
470,76,9740.12
470,77,9678.11
470,78,9691.9
470,79,9719.17
470,80,9694.21
470,81,9727.24
470,82,9741.88
470,83,9695.6
470,84,9703.09
470,85,9718.5
470,86,9688.04
470,87,9686.53
470,88,9754.74
470,89,9730.21
470,90,9751.15
470,91,9678.86
470,92,9746.83
470,93,9702.96
470,94,9686.26
470,95,9742.19
470,96,9703.44
470,97,9715.26
470,98,9672.78
470,99,9703.57
480,0,9776.24
480,1,9677.96
480,2,9679.35
480,3,9696.55
480,4,9689.67
480,5,9689.36
480,6,9705.69
480,7,9697.48
480,8,9708.57
480,9,9721.79
480,10,9714.12
480,11,9727.9
480,12,9742.18
480,13,9715.29
480,14,9716.72
480,15,9737.79
480,16,9673.26
480,17,9739.16
480,18,9709.69
480,19,9700.27
480,20,9713.84
480,21,9725.74
480,22,9732.33
480,23,9688.62
480,24,9680.08
480,25,9671.52
480,26,9716.49
480,27,9684.35
480,28,9683.34
480,29,9705.83
480,30,9730.15
480,31,9690.55
480,32,9714.15
480,33,9717.06
480,34,9677.13
480,35,9731.31
480,36,9745.73
480,37,9751.13
480,38,9720.11
480,39,9713.73
480,40,9703.22
480,41,9707.41
480,42,9723.52
480,43,9730.4
480,44,9682.69
480,45,9680.38
480,46,9690.06
480,47,9700.06
480,48,9724.82
480,49,9713.02
480,50,9734.86
480,51,9727.7
480,52,9726.01
480,53,9691.18
480,54,9709.94
480,55,9732.32
480,56,9734.72
480,57,9726.22
480,58,9717.44
480,59,9713.15
480,60,9713.83
480,61,9708.99
480,62,9701.64
480,63,9689.33
480,64,9733.47
480,65,9676.29
480,66,9719.14
480,67,9723.24
480,68,9657.57
480,69,9683.51
480,70,9714.18
480,71,9744.58
480,72,9705.53
480,73,9718.31
480,74,9697.74
480,75,9730.27
480,76,9739.82
480,77,9677.81
480,78,9691.6
480,79,9718.87
480,80,9693.91
480,81,9726.94
480,82,9741.58
480,83,9695.3
480,84,9702.79
480,85,9718.2
480,86,9687.74
480,87,9686.23
480,88,9754.44
480,89,9729.91
480,90,9750.85
480,91,9678.56
480,92,9746.53
480,93,9702.66
480,94,9685.96
480,95,9741.89
480,96,9703.14
480,97,9714.96
480,98,9672.48
480,99,9703.27
490,0,9775.94
490,1,9676.52
490,2,9679.05
490,3,9696.25
490,4,9689.31
490,5,9688.01
490,6,9705.39
490,7,9697.18
490,8,9708.21
490,9,9721.43
490,10,9713.82
490,11,9727.6
490,12,9741.88
490,13,9714.99
490,14,9716.42
490,15,9737.49
490,16,9672.96
490,17,9738.86
490,18,9709.39
490,19,9699.97
490,20,9713.54
490,21,9725.44
490,22,9732.03
490,23,9688.32
490,24,9679.78
490,25,9671.22
490,26,9716.19
490,27,9683
490,28,9683.04
490,29,9704.8
490,30,9729.85
490,31,9690.25
490,32,9713.85
490,33,9716.76
490,34,9676.83
490,35,9731.01
490,36,9745.43
490,37,9750.83
490,38,9719.81
490,39,9713.43
490,40,9702.92
490,41,9707.11
490,42,9723.22
490,43,9730.1
490,44,9682.39
490,45,9680.08
490,46,9689.76
490,47,9699.76
490,48,9724.52
490,49,9712.72
490,50,9734.56
490,51,9727.4
490,52,9725.71
490,53,9690.88
490,54,9709.64
490,55,9732.02
490,56,9734.42
490,57,9725.86
490,58,9717.14
490,59,9712.85
490,60,9713.53
490,61,9708.69
490,62,9700.43
490,63,9689.03
490,64,9733.17
490,65,9675.99
490,66,9718.84
490,67,9722.94
490,68,9657.27
490,69,9683.21
490,70,9713.88
490,71,9744.28
490,72,9705.23
490,73,9718.01
490,74,9697.44
490,75,9729.97
490,76,9739.52
490,77,9677.51
490,78,9691.3
490,79,9718.57
490,80,9693.61
490,81,9726.64
490,82,9741.28
490,83,9695
490,84,9702.49
490,85,9717.9
490,86,9687.44
490,87,9685.93
490,88,9754.14
490,89,9729.61
490,90,9750.55
490,91,9678.26
490,92,9746.23
490,93,9702.36
490,94,9685.66
490,95,9741.59
490,96,9701.74
490,97,9714.66
490,98,9672.18
490,99,9702.97
500,0,9762.28
500,1,9658.77
500,2,9661.57
500,3,9677.53
500,4,9672.49
500,5,9667.72
500,6,9685.09
500,7,9679.52
500,8,9688.95
500,9,9704.66
500,10,9696.99
500,11,9709.15
500,12,9721.62
500,13,9694.52
500,14,9695.59
500,15,9719.42
500,16,9653.11
500,17,9720.94
500,18,9692.76
500,19,9679.51
500,20,9695.28
500,21,9710.55
500,22,9716.86
500,23,9667.05
500,24,9660.89
500,25,9651.13
500,26,9698.73
500,27,9665.43
500,28,9662.97
500,29,9686.82
500,30,9715.47
500,31,9673.35
500,32,9695.69
500,33,9701.2
500,34,9659.14
500,35,9714.79
500,36,9731.32
500,37,9735.68
500,38,9702.15
500,39,9692.89
500,40,9684.18
500,41,9691.2
500,42,9703.35
500,43,9711.47
500,44,9663.89
500,45,9660.7
500,46,9672.23
500,47,9680.99
500,48,9701.51
500,49,9697.43
500,50,9716.45
500,51,9708.87
500,52,9709.24
500,53,9668.98
500,54,9691.33
500,55,9716.25
500,56,9718.14
500,57,9709.43
500,58,9700.41
500,59,9693.48
500,60,9694.82
500,61,9688.03
500,62,9682.19
500,63,9671.58
500,64,9714.33
500,65,9654.3
500,66,9701.08
500,67,9708.44
500,68,9633.93
500,69,9665.35
500,70,9693.14
500,71,9727.62
500,72,9689.31
500,73,9699.38
500,74,9674.12
500,75,9712.34
500,76,9723.92
500,77,9660.79
500,78,9668.98
500,79,9696.14
500,80,9671.53
500,81,9710.55
500,82,9725.67
500,83,9675.72
500,84,9684.54
500,85,9697.33
500,86,9667.24
500,87,9667.79
500,88,9737.8
500,89,9705.3
500,90,9730.82
500,91,9658.76
500,92,9728.7
500,93,9683.23
500,94,9666.52
500,95,9725.37
500,96,9685.09
500,97,9693.21
500,98,9650.74
500,99,9682.7
510,0,9761.98
510,1,9658.47
510,2,9661.27
510,3,9677.23
510,4,9672.19
510,5,9667.42
510,6,9684.79
510,7,9679.22
510,8,9688.65
510,9,9704.36
510,10,9696.69
510,11,9708.85
510,12,9721.32
510,13,9694.22
510,14,9695.29
510,15,9719.12
510,16,9652.81
510,17,9720.64
510,18,9692.46
510,19,9679.21
510,20,9694.98
510,21,9710.25
510,22,9716.56
510,23,9666.75
510,24,9660.59
510,25,9650.83
510,26,9698.43
510,27,9665.13
510,28,9662.67
510,29,9686.52
510,30,9715.17
510,31,9673.05
510,32,9695.39
510,33,9700.9
510,34,9658.84
510,35,9714.49
510,36,9731.02
510,37,9735.38
510,38,9701.85
510,39,9692.59
510,40,9683.88
510,41,9690.9
510,42,9703.05
510,43,9711.17
510,44,9663.59
510,45,9660.4
510,46,9671.93
510,47,9680.69
510,48,9701.21
510,49,9697.13
510,50,9716.15
510,51,9708.57
510,52,9708.94
510,53,9668.68
510,54,9691.03
510,55,9715.95
510,56,9717.84
510,57,9709.13
510,58,9700.11
510,59,9693.18
510,60,9694.52
510,61,9687.73
510,62,9681.89
510,63,9671.28
510,64,9714.03
510,65,9654
510,66,9700.78
510,67,9708.14
510,68,9633.63
510,69,9665.05
510,70,9692.84
510,71,9727.32
510,72,9689.01
510,73,9699.08
510,74,9673.82
510,75,9712.04
510,76,9723.62
510,77,9660.49
510,78,9668.68
510,79,9695.84
510,80,9671.23
510,81,9710.25
510,82,9725.37
510,83,9675.42
510,84,9684.24
510,85,9697.03
510,86,9666.94
510,87,9667.49
510,88,9737.5
510,89,9705
510,90,9730.52
510,91,9658.46
510,92,9728.4
510,93,9682.93
510,94,9666.22
510,95,9725.07
510,96,9684.79
510,97,9692.91
510,98,9650.44
510,99,9682.4
520,0,9761.68
520,1,9658.17
520,2,9660.97
520,3,9676.93
520,4,9671.89
520,5,9667.12
520,6,9684.49
520,7,9678.92
520,8,9688.35
520,9,9704.06
520,10,9696.39
520,11,9708.55
520,12,9721.02
520,13,9693.92
520,14,9694.99
520,15,9718.82
520,16,9652.51
520,17,9720.34
520,18,9692.16
520,19,9678.91
520,20,9694.68
520,21,9709.95
520,22,9716.26
520,23,9666.45
520,24,9660.29
520,25,9650.53
520,26,9698.13
520,27,9664.83
520,28,9662.37
520,29,9686.22
520,30,9714.87
520,31,9672.75
520,32,9695.09
520,33,9700.6
520,34,9658.54
520,35,9714.19
520,36,9730.72
520,37,9735.08
520,38,9701.55
520,39,9692.29
520,40,9683.58
520,41,9690.6
520,42,9702.75
520,43,9710.87
520,44,9663.29
520,45,9660.1
520,46,9671.63
520,47,9680.39
520,48,9700.91
520,49,9696.83
520,50,9715.85
520,51,9708.27
520,52,9708.64
520,53,9668.38
520,54,9690.73
520,55,9715.65
520,56,9717.54
520,57,9708.83
520,58,9699.81
520,59,9692.88
520,60,9694.22
520,61,9687.43
520,62,9681.59
520,63,9670.98
520,64,9713.73
520,65,9653.7
520,66,9700.48
520,67,9707.84
520,68,9633.33
520,69,9664.75
520,70,9692.54
520,71,9727.02
520,72,9688.71
520,73,9698.78
520,74,9673.52
520,75,9711.74
520,76,9723.32
520,77,9660.19
520,78,9668.38
520,79,9695.54
520,80,9670.93
520,81,9709.95
520,82,9725.07
520,83,9675.12
520,84,9683.94
520,85,9696.73
520,86,9666.64
520,87,9667.19
520,88,9737.2
520,89,9704.7
520,90,9730.22
520,91,9658.16
520,92,9728.1
520,93,9682.63
520,94,9665.92
520,95,9724.77
520,96,9684.49
520,97,9692.61
520,98,9650.14
520,99,9682.1
530,0,9750.97
530,1,9640.42
530,2,9642.62
530,3,9662.17
530,4,9656.35
530,5,9650.35
530,6,9668.57
530,7,9662.06
530,8,9673.6
530,9,9690.14
530,10,9681.1
530,11,9691.96
530,12,9708.35
530,13,9678.61
530,14,9679.63
530,15,9704.62
530,16,9635.2
530,17,9705.75
530,18,9678.19
530,19,9660.77
530,20,9679.43
530,21,9696.82
530,22,9702.04
530,23,9648.98
530,24,9643.22
530,25,9630.63
530,26,9683.78
530,27,9648.16
530,28,9645
530,29,9671.67
530,30,9702.79
530,31,9655.26
530,32,9680.76
530,33,9687.33
530,34,9641.31
530,35,9701.59
530,36,9719.55
530,37,9722.96
530,38,9686.34
530,39,9675.37
530,40,9666.89
530,41,9674.99
530,42,9688.36
530,43,9695.12
530,44,9646.87
530,45,9643.38
530,46,9653.79
530,47,9664.52
530,48,9684.54
530,49,9683.62
530,50,9702.55
530,51,9692.72
530,52,9696.73
530,53,9650.27
530,54,9675.24
530,55,9702.05
530,56,9703.79
530,57,9695.31
530,58,9685.12
530,59,9677.52
530,60,9680.56
530,61,9670.94
530,62,9666.26
530,63,9653.73
530,64,9701.61
530,65,9635.64
530,66,9686.93
530,67,9695.07
530,68,9618.62
530,69,9649.76
530,70,9676.64
530,71,9714.45
530,72,9673.23
530,73,9683.04
530,74,9658.02
530,75,9696.69
530,76,9710.38
530,77,9645.42
530,78,9651.5
530,79,9681.72
530,80,9653.72
530,81,9697.97
530,82,9711.19
530,83,9659.45
530,84,9668.28
530,85,9681.87
530,86,9650.72
530,87,9646.74
530,88,9725.03
530,89,9689.88
530,90,9718.54
530,91,9640.01
530,92,9713.96
530,93,9666.34
530,94,9649.45
530,95,9714.37
530,96,9668.91
530,97,9679.67
530,98,9632.3
530,99,9665.57
540,0,9750.67
540,1,9640.12
540,2,9642.32
540,3,9661.87
540,4,9656.05
540,5,9650.05
540,6,9668.27
540,7,9661.76
540,8,9673.3
540,9,9689.84
540,10,9680.8
540,11,9691.66
540,12,9708.05
540,13,9678.31
540,14,9679.33
540,15,9704.32
540,16,9634.9
540,17,9705.45
540,18,9677.89
540,19,9660.47
540,20,9679.13
540,21,9696.52
540,22,9701.74
540,23,9648.68
540,24,9642.92
540,25,9630.33
540,26,9683.48
540,27,9647.86
540,28,9644.7
540,29,9671.37
540,30,9702.49
540,31,9654.96
540,32,9680.46
540,33,9687.03
540,34,9641.01
540,35,9701.29
540,36,9719.25
540,37,9722.66
540,38,9686.04
540,39,9675.07
540,40,9666.59
540,41,9674.69
540,42,9688.06
540,43,9694.82
540,44,9646.57
540,45,9643.08
540,46,9653.49
540,47,9664.22
540,48,9684.24
540,49,9683.32
540,50,9702.25
540,51,9692.42
540,52,9696.43
540,53,9649.97
540,54,9674.94
540,55,9701.75
540,56,9703.49
540,57,9695.01
540,58,9684.82
540,59,9677.22
540,60,9680.26
540,61,9670.64
540,62,9665.96
540,63,9653.43
540,64,9701.31
540,65,9635.34
540,66,9686.63
540,67,9694.77
540,68,9618.32
540,69,9649.46
540,70,9676.34
540,71,9714.15
540,72,9672.93
540,73,9682.74
540,74,9657.72
540,75,9696.39
540,76,9710.08
540,77,9645.12
540,78,9651.2
540,79,9681.42
540,80,9653.42
540,81,9697.67
540,82,9710.89
540,83,9659.15
540,84,9667.98
540,85,9681.57
540,86,9650.42
540,87,9646.44
540,88,9724.73
540,89,9689.58
540,90,9718.24
540,91,9639.71
540,92,9713.66
540,93,9666.04
540,94,9649.15
540,95,9714.07
540,96,9668.61
540,97,9679.37
540,98,9632
540,99,9665.27
550,0,9750.37
550,1,9639.82
550,2,9642.02
550,3,9661.57
550,4,9655.75
550,5,9649.75
550,6,9667.97
550,7,9661.46
550,8,9673
550,9,9689.54
550,10,9680.5
550,11,9691.36
550,12,9707.75
550,13,9678.01
550,14,9679.03
550,15,9704.02
550,16,9634.6
550,17,9705.15
550,18,9677.59
550,19,9660.17
550,20,9678.83
550,21,9696.22
550,22,9701.44
550,23,9648.38
550,24,9642.62
550,25,9630.03
550,26,9683.18
550,27,9647.56
550,28,9644.4
550,29,9671.07
550,30,9702.19
550,31,9654.66
550,32,9680.16
550,33,9686.73
550,34,9640.71
550,35,9700.99
550,36,9718.95
550,37,9722.36
550,38,9685.74
550,39,9674.77
550,40,9666.29
550,41,9674.39
550,42,9687.76
550,43,9694.52
550,44,9646.27
550,45,9642.78
550,46,9653.19
550,47,9663.92
550,48,9683.94
550,49,9683.02
550,50,9701.95
550,51,9692.12
550,52,9696.13
550,53,9649.67
550,54,9674.64
550,55,9701.45
550,56,9703.19
550,57,9694.71
550,58,9684.52
550,59,9676.92
550,60,9679.96
550,61,9670.34
550,62,9665.66
550,63,9653.13
550,64,9701.01
550,65,9635.04
550,66,9686.33
550,67,9694.47
550,68,9618.02
550,69,9649.16
550,70,9676.04
550,71,9713.85
550,72,9672.63
550,73,9682.44
550,74,9657.42
550,75,9696.09
550,76,9709.78
550,77,9644.82
550,78,9650.9
550,79,9681.12
550,80,9653.12
550,81,9697.37
550,82,9710.59
550,83,9658.85
550,84,9667.68
550,85,9681.27
550,86,9650.12
550,87,9646.14
550,88,9724.43
550,89,9689.28
550,90,9717.94
550,91,9639.41
550,92,9713.36
550,93,9665.74
550,94,9648.85
550,95,9713.77
550,96,9668.31
550,97,9679.07
550,98,9631.7
550,99,9664.97
560,0,9739.89
560,1,9624.67
560,2,9622.96
560,3,9647.21
560,4,9641.36
560,5,9635.15
560,6,9651.72
560,7,9646.79
560,8,9657.85
560,9,9676.54
560,10,9664.53
560,11,9676.78
560,12,9693.83
560,13,9664.03
560,14,9666.18
560,15,9690.86
560,16,9619.26
560,17,9691.35
560,18,9661.59
560,19,9642.39
560,20,9661.94
560,21,9682.5
560,22,9687.45
560,23,9633.48
560,24,9627.35
560,25,9612.55
560,26,9668.92
560,27,9631.22
560,28,9629.18
560,29,9655.5
560,30,9690.24
560,31,9638.65
560,32,9665.47
560,33,9674.22
560,34,9625.13
560,35,9688.13
560,36,9708.49
560,37,9708.97
560,38,9669.3
560,39,9658.38
560,40,9649.74
560,41,9660.7
560,42,9672.37
560,43,9680.95
560,44,9631.1
560,45,9627.23
560,46,9637.7
560,47,9649.25
560,48,9665.86
560,49,9670.62
560,50,9689.12
560,51,9676.94
560,52,9683.74
560,53,9632.15
560,54,9660.76
560,55,9688.34
560,56,9690.17
560,57,9679.98
560,58,9671.64
560,59,9663.54
560,60,9666.15
560,61,9654.62
560,62,9652.21
560,63,9637.94
560,64,9686.75
560,65,9620.14
560,66,9672.75
560,67,9682.27
560,68,9600.31
560,69,9632.68
560,70,9661.95
560,71,9700.33
560,72,9659.59
560,73,9667.79
560,74,9640.83
560,75,9679.83
560,76,9696.01
560,77,9629.76
560,78,9633.71
560,79,9666.17
560,80,9638.08
560,81,9685.91
560,82,9697.94
560,83,9641.28
560,84,9651.93
560,85,9669.46
560,86,9632.76
560,87,9627.62
560,88,9712.52
560,89,9675.82
560,90,9706.56
560,91,9623.46
560,92,9698.08
560,93,9650.94
560,94,9633.8
560,95,9700.01
560,96,9654.35
560,97,9664.76
560,98,9616.19
560,99,9648.66
570,0,9739.59
570,1,9624.37
570,2,9622.66
570,3,9646.91
570,4,9641.06
570,5,9634.85
570,6,9651.42
570,7,9646.49
570,8,9657.55
570,9,9676.24
570,10,9664.23
570,11,9676.48
570,12,9693.53
570,13,9663.73
570,14,9665.88
570,15,9690.56
570,16,9618.96
570,17,9691.05
570,18,9661.29
570,19,9642.09
570,20,9661.64
570,21,9682.2
570,22,9687.15
570,23,9633.18
570,24,9627.05
570,25,9612.25
570,26,9668.62
570,27,9630.92
570,28,9628.88
570,29,9655.2
570,30,9689.94
570,31,9638.35
570,32,9665.17
570,33,9673.92
570,34,9624.83
570,35,9687.83
570,36,9708.19
570,37,9708.67
570,38,9669
570,39,9658.08
570,40,9649.44
570,41,9660.4
570,42,9672.07
570,43,9680.65
570,44,9630.8
570,45,9626.93
570,46,9637.4
570,47,9648.95
570,48,9665.56
570,49,9670.32
570,50,9688.82
570,51,9676.64
570,52,9683.44
570,53,9631.85
570,54,9660.46
570,55,9688.04
570,56,9689.87
570,57,9679.68
570,58,9671.34
570,59,9663.24
570,60,9665.85
570,61,9654.32
570,62,9651.91
570,63,9637.64
570,64,9686.45
570,65,9619.84
570,66,9672.45
570,67,9681.97
570,68,9600.01
570,69,9632.38
570,70,9661.65
570,71,9700.03
570,72,9659.29
570,73,9667.49
570,74,9640.53
570,75,9679.53
570,76,9695.71
570,77,9629.46
570,78,9633.41
570,79,9665.87
570,80,9637.78
570,81,9685.61
570,82,9697.64
570,83,9640.98
570,84,9651.63
570,85,9669.16
570,86,9632.46
570,87,9627.32
570,88,9712.22
570,89,9675.52
570,90,9706.26
570,91,9623.16
570,92,9697.78
570,93,9650.64
570,94,9633.5
570,95,9699.71
570,96,9654.05
570,97,9664.46
570,98,9615.89
570,99,9648.36
580,0,9739.29
580,1,9624.07
580,2,9622.36
580,3,9646.61
580,4,9640.76
580,5,9634.55
580,6,9651.12
580,7,9646.19
580,8,9657.25
580,9,9675.94
580,10,9663.93
580,11,9676.18
580,12,9693.23
580,13,9663.43
580,14,9665.58
580,15,9690.26
580,16,9618.66
580,17,9690.75
580,18,9660.99
580,19,9641.79
580,20,9661.34
580,21,9681.9
580,22,9686.85
580,23,9632.88
580,24,9626.75
580,25,9611.95
580,26,9668.32
580,27,9630.62
580,28,9628.58
580,29,9654.9
580,30,9689.64
580,31,9638.05
580,32,9664.87
580,33,9673.62
580,34,9624.53
580,35,9687.53
580,36,9707.89
580,37,9708.37
580,38,9668.7
580,39,9657.78
580,40,9649.14
580,41,9660.1
580,42,9671.77
580,43,9680.35
580,44,9630.5
580,45,9626.63
580,46,9637.1
580,47,9648.65
580,48,9665.26
580,49,9670.02
580,50,9688.52
580,51,9676.34
580,52,9683.14
580,53,9631.55
580,54,9660.16
580,55,9687.74
580,56,9689.57
580,57,9679.38
580,58,9671.04
580,59,9662.94
580,60,9665.55
580,61,9654.02
580,62,9651.61
580,63,9637.34
580,64,9686.15
580,65,9619.54
580,66,9672.15
580,67,9681.67
580,68,9599.71
580,69,9632.08
580,70,9661.35
580,71,9699.73
580,72,9658.99
580,73,9667.19
580,74,9640.23
580,75,9679.23
580,76,9695.41
580,77,9629.16
580,78,9633.11
580,79,9665.57
580,80,9637.48
580,81,9685.31
580,82,9697.34
580,83,9640.68
580,84,9651.33
580,85,9668.86
580,86,9632.16
580,87,9627.02
580,88,9711.92
580,89,9675.22
580,90,9705.96
580,91,9622.86
580,92,9697.48
580,93,9650.34
580,94,9633.2
580,95,9699.41
580,96,9653.75
580,97,9664.16
580,98,9615.59
580,99,9648.06
590,0,9728.73
590,1,9605.83
590,2,9602.84
590,3,9632.92
590,4,9626.02
590,5,9618.65
590,6,9634.7
590,7,9628.99
590,8,9642.36
590,9,9663.37
590,10,9649.46
590,11,9662.49
590,12,9682.53
590,13,9649.66
590,14,9649.79
590,15,9676.74
590,16,9600.45
590,17,9676.61
590,18,9645.13
590,19,9624.4
590,20,9647.1
590,21,9669.88
590,22,9673.08
590,23,9614.95
590,24,9612.8
590,25,9597.15
590,26,9654.51
590,27,9616.42
590,28,9613.48
590,29,9640.86
590,30,9678.03
590,31,9621.91
590,32,9651.12
590,33,9660.31
590,34,9606.51
590,35,9672.48
590,36,9696.29
590,37,9697.3
590,38,9654.72
590,39,9641.38
590,40,9633.95
590,41,9647.31
590,42,9657.96
590,43,9665.01
590,44,9614.4
590,45,9611.74
590,46,9619
590,47,9633.39
590,48,9651.78
590,49,9658.42
590,50,9675.88
590,51,9661.55
590,52,9670.72
590,53,9612.82
590,54,9645.75
590,55,9673.13
590,56,9676.32
590,57,9665.94
590,58,9655.32
590,59,9648.47
590,60,9653.03
590,61,9637.98
590,62,9636.62
590,63,9623.29
590,64,9672.66
590,65,9605.67
590,66,9657.14
590,67,9670.31
590,68,9586.65
590,69,9616.79
590,70,9646.8
590,71,9686.62
590,72,9646.39
590,73,9652.05
590,74,9622
590,75,9664.49
590,76,9682.61
590,77,9615.62
590,78,9616.03
590,79,9652.06
590,80,9622.72
590,81,9673.77
590,82,9685.04
590,83,9625.67
590,84,9636.73
590,85,9653.67
590,86,9615.88
590,87,9609.52
590,88,9698.42
590,89,9661.47
590,90,9692.75
590,91,9607.9
590,92,9683.96
590,93,9632.71
590,94,9619.86
590,95,9685.9
590,96,9638.3
590,97,9650.03
590,98,9596.89
590,99,9633.34
600,0,9728.43
600,1,9605.53
600,2,9602.54
600,3,9632.62
600,4,9625.72
600,5,9618.35
600,6,9634.4
600,7,9628.69
600,8,9642.06
600,9,9663.07
600,10,9649.16
600,11,9662.19
600,12,9682.23
600,13,9649.36
600,14,9649.49
600,15,9676.44
600,16,9600.15
600,17,9676.31
600,18,9644.83
600,19,9624.1
600,20,9646.8
600,21,9669.58
600,22,9672.78
600,23,9614.65
600,24,9612.5
600,25,9596.85
600,26,9654.21
600,27,9616.12
600,28,9613.18
600,29,9640.56
600,30,9677.73
600,31,9621.61
600,32,9650.82
600,33,9660.01
600,34,9606.21
600,35,9672.18
600,36,9695.99
600,37,9697
600,38,9654.42
600,39,9641.08
600,40,9633.65
600,41,9647.01
600,42,9657.66
600,43,9664.71
600,44,9614.1
600,45,9611.44
600,46,9618.7
600,47,9633.09
600,48,9651.48
600,49,9658.12
600,50,9675.58
600,51,9661.25
600,52,9670.42
600,53,9612.52
600,54,9645.45
600,55,9672.83
600,56,9676.02
600,57,9665.64
600,58,9655.02
600,59,9648.17
600,60,9652.73
600,61,9637.68
600,62,9636.32
600,63,9622.99
600,64,9672.36
600,65,9605.37
600,66,9656.84
600,67,9670.01
600,68,9586.35
600,69,9616.49
600,70,9646.5
600,71,9686.32
600,72,9646.09
600,73,9651.75
600,74,9621.7
600,75,9664.19
600,76,9682.31
600,77,9615.32
600,78,9615.73
600,79,9651.76
600,80,9622.42
600,81,9673.47
600,82,9684.74
600,83,9625.37
600,84,9636.43
600,85,9653.37
600,86,9615.58
600,87,9609.22
600,88,9698.12
600,89,9661.17
600,90,9692.45
600,91,9607.6
600,92,9683.66
600,93,9632.41
600,94,9619.56
600,95,9685.6
600,96,9638
600,97,9649.73
600,98,9596.59
600,99,9633.04
610,0,9728.13
610,1,9605.23
610,2,9602.24
610,3,9632.32
610,4,9625.42
610,5,9618.05
610,6,9634.1
610,7,9628.39
610,8,9641.76
610,9,9662.77
610,10,9648.86
610,11,9661.89
610,12,9681.93
610,13,9649.06
610,14,9649.19
610,15,9676.14
610,16,9599.85
610,17,9676.01
610,18,9644.53
610,19,9623.8
610,20,9646.5
610,21,9669.28
610,22,9672.48
610,23,9614.35
610,24,9612.2
610,25,9596.55
610,26,9653.91
610,27,9615.82
610,28,9612.88
610,29,9640.26
610,30,9677.43
610,31,9621.31
610,32,9650.52
610,33,9659.71
610,34,9605.91
610,35,9671.88
610,36,9695.69
610,37,9696.7
610,38,9654.12
610,39,9640.78
610,40,9633.35
610,41,9646.71
610,42,9657.36
610,43,9664.41
610,44,9613.8
610,45,9611.14
610,46,9618.4
610,47,9632.79
610,48,9651.18
610,49,9657.82
610,50,9675.28
610,51,9660.95
610,52,9670.12
610,53,9612.22
610,54,9645.15
610,55,9672.53
610,56,9675.72
610,57,9665.34
610,58,9654.72
610,59,9647.87
610,60,9652.43
610,61,9637.38
610,62,9636.02
610,63,9622.69
610,64,9672.06
610,65,9605.07
610,66,9656.54
610,67,9669.71
610,68,9586.05
610,69,9616.19
610,70,9646.2
610,71,9686.02
610,72,9645.79
610,73,9651.45
610,74,9621.4
610,75,9663.89
610,76,9682.01
610,77,9615.02
610,78,9615.43
610,79,9651.46
610,80,9622.12
610,81,9673.17
610,82,9684.44
610,83,9625.07
610,84,9636.13
610,85,9653.07
610,86,9615.28
610,87,9608.92
610,88,9697.82
610,89,9660.87
610,90,9692.15
610,91,9607.3
610,92,9683.36
610,93,9632.11
610,94,9619.26
610,95,9685.3
610,96,9637.7
610,97,9649.43
610,98,9596.29
610,99,9632.74
620,0,9716.95
620,1,9588.14
620,2,9589.62
620,3,9619.23
620,4,9611.37
620,5,9601.65
620,6,9621.21
620,7,9612.43
620,8,9627.84
620,9,9650.56
620,10,9632.99
620,11,9646.86
620,12,9667.75
620,13,9633.72
620,14,9637.16
620,15,9664.64
620,16,9585.89
620,17,9660.02
620,18,9629.56
620,19,9607.78
620,20,9634.82
620,21,9657.17
620,22,9657.82
620,23,9600.1
620,24,9595.06
620,25,9579.09
620,26,9640.87
620,27,9599.6
620,28,9594.68
620,29,9627.43
620,30,9665.61
620,31,9606.12
620,32,9637.65
620,33,9647.27
620,34,9591.71
620,35,9658.72
620,36,9685.81
620,37,9685.82
620,38,9642.91
620,39,9624.66
620,40,9616.65
620,41,9634.28
620,42,9646.07
620,43,9651.35
620,44,9598.68
620,45,9597.3
620,46,9604.06
620,47,9618.43
620,48,9636.53
620,49,9645.01
620,50,9661.92
620,51,9647.06
620,52,9657.54
620,53,9595.84
620,54,9630.24
620,55,9658.68
620,56,9662.51
620,57,9653.78
620,58,9639.28
620,59,9632.94
620,60,9639.88
620,61,9622.37
620,62,9621.32
620,63,9609.28
620,64,9657.92
620,65,9587.85
620,66,9642.64
620,67,9658.25
620,68,9560.05
620,69,9599.32
620,70,9632.13
620,71,9675.2
620,72,9633.33
620,73,9638.73
620,74,9603.66
620,75,9651.33
620,76,9670
620,77,9599.57
620,78,9599.46
620,79,9640.99
620,80,9605.56
620,81,9658.15
620,82,9672.14
620,83,9612.57
620,84,9620.34
620,85,9642.04
620,86,9600.02
620,87,9590.54
620,88,9686.77
620,89,9646.02
620,90,9681.71
620,91,9589.57
620,92,9669.01
620,93,9619.07
620,94,9605.93
620,95,9673.02
620,96,9622.58
620,97,9635.49
620,98,9581.6
620,99,9616.58
630,0,9716.65
630,1,9587.84
630,2,9589.32
630,3,9618.93
630,4,9611.07
630,5,9601.35
630,6,9620.91
630,7,9612.13
630,8,9627.54
630,9,9650.26
630,10,9632.69
630,11,9646.56
630,12,9667.45
630,13,9633.42
630,14,9636.86
630,15,9664.34
630,16,9585.59
630,17,9659.72
630,18,9629.26
630,19,9607.48
630,20,9634.52
630,21,9656.87
630,22,9657.52
630,23,9599.8
630,24,9594.76
630,25,9578.79
630,26,9640.57
630,27,9599.3
630,28,9594.38
630,29,9627.13
630,30,9665.31
630,31,9605.82
630,32,9637.35
630,33,9646.97
630,34,9591.41
630,35,9658.42
630,36,9685.51
630,37,9685.52
630,38,9642.61
630,39,9624.36
630,40,9616.35
630,41,9633.98
630,42,9645.77
630,43,9651.05
630,44,9598.38
630,45,9597
630,46,9603.76
630,47,9618.13
630,48,9636.23
630,49,9644.71
630,50,9661.62
630,51,9646.76
630,52,9657.24
630,53,9595.54
630,54,9629.94
630,55,9658.38
630,56,9662.21
630,57,9653.48
630,58,9638.98
630,59,9632.64
630,60,9639.58
630,61,9622.07
630,62,9621.02
630,63,9608.98
630,64,9657.62
630,65,9587.55
630,66,9642.34
630,67,9657.95
630,68,9559.75
630,69,9599.02
630,70,9631.83
630,71,9674.9
630,72,9633.03
630,73,9638.43
630,74,9603.36
630,75,9651.03
630,76,9669.7
630,77,9599.27
630,78,9599.16
630,79,9640.69
630,80,9605.26
630,81,9657.85
630,82,9671.84
630,83,9612.27
630,84,9620.04
630,85,9641.74
630,86,9599.72
630,87,9590.24
630,88,9686.47
630,89,9645.72
630,90,9681.41
630,91,9589.27
630,92,9668.71
630,93,9618.77
630,94,9605.63
630,95,9672.72
630,96,9622.28
630,97,9635.19
630,98,9581.3
630,99,9616.28
640,0,9716.35
640,1,9587.54
640,2,9589.02
640,3,9618.63
640,4,9610.77
640,5,9601.05
640,6,9620.61
640,7,9611.83
640,8,9627.24
640,9,9649.96
640,10,9632.39
640,11,9646.26
640,12,9667.15
640,13,9633.12
640,14,9636.56
640,15,9664.04
640,16,9585.29
640,17,9659.42
640,18,9628.96
640,19,9607.18
640,20,9634.22
640,21,9656.57
640,22,9657.22
640,23,9599.5
640,24,9594.46
640,25,9578.49
640,26,9640.27
640,27,9599
640,28,9594.08
640,29,9626.83
640,30,9665.01
640,31,9605.52
640,32,9637.05
640,33,9646.67
640,34,9591.11
640,35,9658.12
640,36,9685.21
640,37,9685.22
640,38,9642.31
640,39,9624.06
640,40,9616.05
640,41,9633.68
640,42,9645.47
640,43,9650.75
640,44,9598.08
640,45,9596.7
640,46,9603.46
640,47,9617.83
640,48,9635.93
640,49,9644.41
640,50,9661.32
640,51,9646.46
640,52,9656.94
640,53,9595.24
640,54,9629.64
640,55,9658.08
640,56,9661.91
640,57,9653.18
640,58,9638.68
640,59,9632.34
640,60,9639.28
640,61,9621.77
640,62,9620.72
640,63,9608.68
640,64,9657.32
640,65,9587.25
640,66,9642.04
640,67,9657.65
640,68,9559.45
640,69,9598.72
640,70,9631.53
640,71,9674.6
640,72,9632.73
640,73,9638.13
640,74,9603.06
640,75,9650.73
640,76,9669.4
640,77,9598.97
640,78,9598.86
640,79,9640.39
640,80,9604.96
640,81,9657.55
640,82,9671.54
640,83,9611.97
640,84,9619.74
640,85,9641.44
640,86,9599.42
640,87,9589.94
640,88,9686.17
640,89,9645.42
640,90,9681.11
640,91,9588.97
640,92,9668.41
640,93,9618.47
640,94,9605.33
640,95,9672.42
640,96,9621.98
640,97,9634.89
640,98,9581
640,99,9615.98
650,0,9704.97
650,1,9568.72
650,2,9571.41
650,3,9602.93
650,4,9595.85
650,5,9584.2
650,6,9605.4
650,7,9594.35
650,8,9612.64
650,9,9636.81
650,10,9614
650,11,9629.58
650,12,9651.96
650,13,9619.27
650,14,9620.33
650,15,9648.63
650,16,9569.34
650,17,9643.21
650,18,9614.14
650,19,9589.65
650,20,9618.66
650,21,9642.08
650,22,9644.74
650,23,9581.86
650,24,9575.24
650,25,9559.54
650,26,9627.1
650,27,9582.06
650,28,9573.64
650,29,9612.46
650,30,9651.96
650,31,9590.05
650,32,9622.25
650,33,9634.24
650,34,9573.75
650,35,9641.89
650,36,9674.58
650,37,9673.1
650,38,9627.51
650,39,9609.37
650,40,9600.43
650,41,9618.56
650,42,9632.78
650,43,9634.86
650,44,9581.5
650,45,9582.67
650,46,9585.65
650,47,9603.92
650,48,9615.95
650,49,9631.4
650,50,9648.17
650,51,9632.7
650,52,9642.58
650,53,9577.41
650,54,9612
650,55,9644
650,56,9646.23
650,57,9638.05
650,58,9623.04
650,59,9613.59
650,60,9626.69
650,61,9606.99
650,62,9604.86
650,63,9592.6
650,64,9645.91
650,65,9568.12
650,66,9626.31
650,67,9641.72
650,68,9542.83
650,69,9582.8
650,70,9617.59
650,71,9662.3
650,72,9620.24
650,73,9623.86
650,74,9585.89
650,75,9635.95
650,76,9656.54
650,77,9581.05
650,78,9582.15
650,79,9626.2
650,80,9587.41
650,81,9636.99
650,82,9659.3
650,83,9595.44
650,84,9604.83
650,85,9626.59
650,86,9584.17
650,87,9573.06
650,88,9672.54
650,89,9632.98
650,90,9667.32
650,91,9569.01
650,92,9652.7
650,93,9602.74
650,94,9588.63
650,95,9658.27
650,96,9605.68
650,97,9621.06
650,98,9562.87
650,99,9601.05
660,0,9704.67
660,1,9568.43
660,2,9571.14
660,3,9602.63
660,4,9595.55
660,5,9583.91
660,6,9605.1
660,7,9594.06
660,8,9612.34
660,9,9636.51
660,10,9613.7
660,11,9629.28
660,12,9651.66
660,13,9618.97
660,14,9620.03
660,15,9648.33
660,16,9569.04
660,17,9642.91
660,18,9613.84
660,19,9589.37
660,20,9618.36
660,21,9641.78
660,22,9644.44
660,23,9581.57
660,24,9574.96
660,25,9559.26
660,26,9626.8
660,27,9581.76
660,28,9573.37
660,29,9612.16
660,30,9651.66
660,31,9589.75
660,32,9621.95
660,33,9633.94
660,34,9573.47
660,35,9641.59
660,36,9674.28
660,37,9672.8
660,38,9627.21
660,39,9609.07
660,40,9600.13
660,41,9618.26
660,42,9632.48
660,43,9634.56
660,44,9581.2
660,45,9582.37
660,46,9585.37
660,47,9603.62
660,48,9615.65
660,49,9631.1
660,50,9647.87
660,51,9632.4
660,52,9642.28
660,53,9577.14
660,54,9611.7
660,55,9643.7
660,56,9645.93
660,57,9637.75
660,58,9622.74
660,59,9613.29
660,60,9626.39
660,61,9606.69
660,62,9604.56
660,63,9592.3
660,64,9645.61
660,65,9567.84
660,66,9626.01
660,67,9641.42
660,68,9542.53
660,69,9582.5
660,70,9617.29
660,71,9662
660,72,9619.94
660,73,9623.56
660,74,9585.59
660,75,9635.65
660,76,9656.24
660,77,9580.75
660,78,9581.87
660,79,9625.9
660,80,9587.11
660,81,9636.69
660,82,9659
660,83,9595.14
660,84,9604.53
660,85,9626.3
660,86,9583.87
660,87,9572.76
660,88,9672.24
660,89,9632.68
660,90,9667.02
660,91,9568.74
660,92,9652.4
660,93,9602.44
660,94,9588.33
660,95,9657.97
660,96,9605.38
660,97,9620.76
660,98,9562.59
660,99,9600.75
670,0,9704.37
670,1,9568.13
670,2,9570.84
670,3,9602.33
670,4,9595.25
670,5,9583.61
670,6,9604.8
670,7,9593.76
670,8,9612.04
670,9,9636.21
670,10,9613.4
670,11,9628.98
670,12,9651.36
670,13,9618.67
670,14,9619.73
670,15,9648.03
670,16,9568.74
670,17,9642.61
670,18,9613.54
670,19,9589.07
670,20,9618.06
670,21,9641.48
670,22,9644.14
670,23,9581.27
670,24,9574.66
670,25,9558.96
670,26,9626.5
670,27,9581.46
670,28,9573.07
670,29,9611.86
670,30,9651.36
670,31,9589.45
670,32,9621.65
670,33,9633.64
670,34,9573.17
670,35,9641.29
670,36,9673.98
670,37,9672.5
670,38,9626.91
670,39,9608.77
670,40,9599.83
670,41,9617.96
670,42,9632.18
670,43,9634.26
670,44,9580.9
670,45,9582.07
670,46,9585.07
670,47,9603.32
670,48,9615.35
670,49,9630.8
670,50,9647.57
670,51,9632.1
670,52,9641.98
670,53,9576.84
670,54,9611.4
670,55,9643.4
670,56,9645.63
670,57,9637.45
670,58,9622.44
670,59,9612.99
670,60,9626.09
670,61,9606.39
670,62,9604.26
670,63,9592
670,64,9645.31
670,65,9567.54
670,66,9625.71
670,67,9641.12
670,68,9542.23
670,69,9582.2
670,70,9616.99
670,71,9661.7
670,72,9619.64
670,73,9623.26
670,74,9585.29
670,75,9635.35
670,76,9655.94
670,77,9580.45
670,78,9581.57
670,79,9625.6
670,80,9586.81
670,81,9636.39
670,82,9658.7
670,83,9594.84
670,84,9604.23
670,85,9626
670,86,9583.57
670,87,9572.46
670,88,9671.94
670,89,9632.38
670,90,9666.72
670,91,9568.44
670,92,9652.1
670,93,9602.14
670,94,9588.03
670,95,9657.67
670,96,9605.08
670,97,9620.46
670,98,9562.29
670,99,9600.45
680,0,9693.27
680,1,9548.99
680,2,9551.41
680,3,9586.75
680,4,9580.54
680,5,9568.02
680,6,9588.28
680,7,9575.89
680,8,9597.89
680,9,9622.48
680,10,9598.69
680,11,9614.6
680,12,9637.75
680,13,9601.52
680,14,9605.85
680,15,9634
680,16,9551.14
680,17,9625.04
680,18,9598.32
680,19,9571.84
680,20,9603.97
680,21,9629.2
680,22,9630.45
680,23,9563.7
680,24,9555.48
680,25,9543.39
680,26,9612.13
680,27,9563.27
680,28,9557.73
680,29,9597.1
680,30,9637.98
680,31,9573.6
680,32,9607.25
680,33,9620.49
680,34,9555.44
680,35,9625.81
680,36,9660.55
680,37,9661
680,38,9611.92
680,39,9591.5
680,40,9580.8
680,41,9604.09
680,42,9617.65
680,43,9618.29
680,44,9564.41
680,45,9565.05
680,46,9567.03
680,47,9589.45
680,48,9600.69
680,49,9617.62
680,50,9635
680,51,9616.55
680,52,9629.63
680,53,9558.48
680,54,9596.33
680,55,9628.89
680,56,9631.59
680,57,9624.33
680,58,9606.35
680,59,9597.17
680,60,9613.3
680,61,9590.15
680,62,9589.21
680,63,9576.39
680,64,9633.45
680,65,9548.63
680,66,9610.2
680,67,9628.43
680,68,9522.86
680,69,9566.79
680,70,9601.84
680,71,9648.72
680,72,9606.58
680,73,9607.86
680,74,9570.77
680,75,9620.14
680,76,9642.64
680,77,9566.42
680,78,9564.43
680,79,9610.95
680,80,9572.42
680,81,9620.24
680,82,9643.91
680,83,9576.8
680,84,9589.23
680,85,9613.5
680,86,9566.55
680,87,9554.97
680,88,9658.54
680,89,9618.37
680,90,9652.21
680,91,9553.69
680,92,9637.56
680,93,9584.24
680,94,9572.81
680,95,9644.11
680,96,9588.74
680,97,9606.58
680,98,9543.99
680,99,9582.68
690,0,9692.97
690,1,9548.71
690,2,9551.15
690,3,9586.45
690,4,9580.24
690,5,9567.73
690,6,9587.99
690,7,9575.61
690,8,9597.59
690,9,9622.18
690,10,9598.39
690,11,9614.3
690,12,9637.45
690,13,9601.22
690,14,9605.55
690,15,9633.7
690,16,9550.85
690,17,9624.74
690,18,9598.02
690,19,9571.56
690,20,9603.67
690,21,9628.9
690,22,9630.15
690,23,9563.42
690,24,9555.22
690,25,9543.09
690,26,9611.83
690,27,9562.98
690,28,9557.43
690,29,9596.8
690,30,9637.68
690,31,9573.31
690,32,9606.95
690,33,9620.19
690,34,9555.16
690,35,9625.51
690,36,9660.25
690,37,9660.7
690,38,9611.62
690,39,9591.22
690,40,9580.52
690,41,9603.79
690,42,9617.35
690,43,9618
690,44,9564.11
690,45,9564.75
690,46,9566.75
690,47,9589.15
690,48,9600.39
690,49,9617.32
690,50,9634.7
690,51,9616.25
690,52,9629.33
690,53,9558.21
690,54,9596.03
690,55,9628.59
690,56,9631.29
690,57,9624.03
690,58,9606.05
690,59,9596.87
690,60,9613
690,61,9589.86
690,62,9588.91
690,63,9576.09
690,64,9633.15
690,65,9548.36
690,66,9609.9
690,67,9628.13
690,68,9522.56
690,69,9566.49
690,70,9601.54
690,71,9648.42
690,72,9606.28
690,73,9607.56
690,74,9570.47
690,75,9619.84
690,76,9642.34
690,77,9566.12
690,78,9564.14
690,79,9610.65
690,80,9572.12
690,81,9619.94
690,82,9643.61
690,83,9576.5
690,84,9588.93
690,85,9613.2
690,86,9566.27
690,87,9554.67
690,88,9658.24
690,89,9618.07
690,90,9651.91
690,91,9553.39
690,92,9637.26
690,93,9583.95
690,94,9572.51
690,95,9643.81
690,96,9588.44
690,97,9606.28
690,98,9543.72
690,99,9582.39
700,0,9692.67
700,1,9548.41
700,2,9550.85
700,3,9586.15
700,4,9579.94
700,5,9567.43
700,6,9587.69
700,7,9575.31
700,8,9597.29
700,9,9621.88
700,10,9598.09
700,11,9614
700,12,9637.15
700,13,9600.92
700,14,9605.25
700,15,9633.4
700,16,9550.55
700,17,9624.44
700,18,9597.72
700,19,9571.26
700,20,9603.37
700,21,9628.6
700,22,9629.85
700,23,9563.12
700,24,9554.92
700,25,9542.79
700,26,9611.53
700,27,9562.68
700,28,9557.13
700,29,9596.5
700,30,9637.38
700,31,9573.01
700,32,9606.65
700,33,9619.89
700,34,9554.86
700,35,9625.21
700,36,9659.95
700,37,9660.4
700,38,9611.32
700,39,9590.92
700,40,9580.22
700,41,9603.49
700,42,9617.05
700,43,9617.7
700,44,9563.81
700,45,9564.45
700,46,9566.45
700,47,9588.85
700,48,9600.09
700,49,9617.02
700,50,9634.4
700,51,9615.95
700,52,9629.03
700,53,9557.91
700,54,9595.73
700,55,9628.29
700,56,9630.99
700,57,9623.73
700,58,9605.75
700,59,9596.57
700,60,9612.7
700,61,9589.56
700,62,9588.61
700,63,9575.79
700,64,9632.85
700,65,9548.06
700,66,9609.6
700,67,9627.83
700,68,9522.26
700,69,9566.19
700,70,9601.24
700,71,9648.12
700,72,9605.98
700,73,9607.26
700,74,9570.17
700,75,9619.54
700,76,9642.04
700,77,9565.82
700,78,9563.84
700,79,9610.35
700,80,9571.82
700,81,9619.64
700,82,9643.31
700,83,9576.2
700,84,9588.63
700,85,9612.9
700,86,9565.97
700,87,9554.37
700,88,9657.94
700,89,9617.77
700,90,9651.61
700,91,9553.09
700,92,9636.96
700,93,9583.65
700,94,9572.21
700,95,9643.51
700,96,9588.14
700,97,9605.98
700,98,9543.42
700,99,9582.09
710,0,9679.29
710,1,9526
710,2,9531.21
710,3,9570.02
710,4,9561.97
710,5,9547.97
710,6,9569.99
710,7,9558.17
710,8,9581.3
710,9,9607.71
710,10,9579.9
710,11,9596.74
710,12,9620.61
710,13,9582.02
710,14,9589.57
710,15,9615.15
710,16,9530.21
710,17,9601.91
710,18,9579.15
710,19,9552.62
710,20,9584.88
710,21,9612.75
710,22,9614.37
710,23,9543.14
710,24,9537.09
710,25,9521.39
710,26,9593.98
710,27,9542.46
710,28,9538.05
710,29,9578.81
710,30,9624.45
710,31,9556.79
710,32,9589.54
710,33,9606.04
710,34,9536.73
710,35,9604.7
710,36,9647.09
710,37,9646.26
710,38,9593.44
710,39,9573.07
710,40,9560.14
710,41,9588.01
710,42,9599.15
710,43,9600.96
710,44,9546.39
710,45,9546.61
710,46,9547.95
710,47,9572.64
710,48,9577.85
710,49,9601.77
710,50,9619.31
710,51,9597.82
710,52,9613.86
710,53,9539.67
710,54,9579.39
710,55,9611.03
710,56,9613.5
710,57,9608.39
710,58,9590.19
710,59,9577.1
710,60,9597.57
710,61,9572.49
710,62,9570.42
710,63,9559.6
710,64,9618.51
710,65,9529.65
710,66,9592.67
710,67,9609.89
710,68,9507.15
710,69,9546.05
710,70,9584.53
710,71,9631.32
710,72,9591.31
710,73,9590.4
710,74,9553.46
710,75,9602.15
710,76,9624.69
710,77,9546.79
710,78,9545.62
710,79,9595.59
710,80,9555.19
710,81,9602.87
710,82,9629.66
710,83,9552.74
710,84,9570.06
710,85,9598.04
710,86,9545.76
710,87,9533.13
710,88,9643.19
710,89,9600
710,90,9634.78
710,91,9534.77
710,92,9623.66
710,93,9563.28
710,94,9555.15
710,95,9626.99
710,96,9568.94
710,97,9589.69
710,98,9524.77
710,99,9564.15
720,0,9678.99
720,1,9525.76
720,2,9530.95
720,3,9569.74
720,4,9561.71
720,5,9547.73
720,6,9569.72
720,7,9557.89
720,8,9581.01
720,9,9607.41
720,10,9579.64
720,11,9596.46
720,12,9620.32
720,13,9581.73
720,14,9589.28
720,15,9614.9
720,16,9529.96
720,17,9601.65
720,18,9578.88
720,19,9552.35
720,20,9584.62
720,21,9612.46
720,22,9614.07
720,23,9542.9
720,24,9536.83
720,25,9521.15
720,26,9593.72
720,27,9542.21
720,28,9537.8
720,29,9578.54
720,30,9624.15
720,31,9556.5
720,32,9589.27
720,33,9605.75
720,34,9536.46
720,35,9604.43
720,36,9646.79
720,37,9645.96
720,38,9593.17
720,39,9572.8
720,40,9559.89
720,41,9587.73
720,42,9598.9
720,43,9600.7
720,44,9546.12
720,45,9546.34
720,46,9547.67
720,47,9572.34
720,48,9577.55
720,49,9601.5
720,50,9619.03
720,51,9597.55
720,52,9613.58
720,53,9539.41
720,54,9579.1
720,55,9610.76
720,56,9613.23
720,57,9608.12
720,58,9589.92
720,59,9576.85
720,60,9597.28
720,61,9572.21
720,62,9570.16
720,63,9559.31
720,64,9618.21
720,65,9529.38
720,66,9592.38
720,67,9609.63
720,68,9506.85
720,69,9545.8
720,70,9584.25
720,71,9631.05
720,72,9591.01
720,73,9590.1
720,74,9553.18
720,75,9601.88
720,76,9624.41
720,77,9546.53
720,78,9545.35
720,79,9595.29
720,80,9554.9
720,81,9602.58
720,82,9629.36
720,83,9552.48
720,84,9569.8
720,85,9597.76
720,86,9545.52
720,87,9532.89
720,88,9642.91
720,89,9599.74
720,90,9634.48
720,91,9534.51
720,92,9623.36
720,93,9563.03
720,94,9554.88
720,95,9626.7
720,96,9568.69
720,97,9589.41
720,98,9524.52
720,99,9563.89
730,0,9678.69
730,1,9525.46
730,2,9530.65
730,3,9569.44
730,4,9561.41
730,5,9547.43
730,6,9569.42
730,7,9557.59
730,8,9580.71
730,9,9607.11
730,10,9579.34
730,11,9596.16
730,12,9620.02
730,13,9581.43
730,14,9588.98
730,15,9614.6
730,16,9529.66
730,17,9601.35
730,18,9578.58
730,19,9552.05
730,20,9584.32
730,21,9612.16
730,22,9613.77
730,23,9542.6
730,24,9536.53
730,25,9520.85
730,26,9593.42
730,27,9541.91
730,28,9537.5
730,29,9578.24
730,30,9623.85
730,31,9556.2
730,32,9588.97
730,33,9605.45
730,34,9536.16
730,35,9604.13
730,36,9646.49
730,37,9645.66
730,38,9592.87
730,39,9572.5
730,40,9559.59
730,41,9587.43
730,42,9598.6
730,43,9600.4
730,44,9545.82
730,45,9546.04
730,46,9547.37
730,47,9572.04
730,48,9577.25
730,49,9601.2
730,50,9618.73
730,51,9597.25
730,52,9613.28
730,53,9539.11
730,54,9578.8
730,55,9610.46
730,56,9612.93
730,57,9607.82
730,58,9589.62
730,59,9576.55
730,60,9596.98
730,61,9571.91
730,62,9569.86
730,63,9559.01
730,64,9617.91
730,65,9529.08
730,66,9592.08
730,67,9609.33
730,68,9506.55
730,69,9545.5
730,70,9583.95
730,71,9630.75
730,72,9590.71
730,73,9589.8
730,74,9552.88
730,75,9601.58
730,76,9624.11
730,77,9546.23
730,78,9545.05
730,79,9594.99
730,80,9554.6
730,81,9602.28
730,82,9629.06
730,83,9552.18
730,84,9569.5
730,85,9597.46
730,86,9545.22
730,87,9532.59
730,88,9642.61
730,89,9599.44
730,90,9634.18
730,91,9534.21
730,92,9623.06
730,93,9562.73
730,94,9554.58
730,95,9626.4
730,96,9568.39
730,97,9589.11
730,98,9524.22
730,99,9563.59
740,0,9666.67
740,1,9512.42
740,2,9516.5
740,3,9556.85
740,4,9546.81
740,5,9535.46
740,6,9556.8
740,7,9544.34
740,8,9566.71
740,9,9595.9
740,10,9566.4
740,11,9583.01
740,12,9608.53
740,13,9567.83
740,14,9575.08
740,15,9599.6
740,16,9516.44
740,17,9585.97
740,18,9567.03
740,19,9538.98
740,20,9572.11
740,21,9599.7
740,22,9600.62
740,23,9530.44
740,24,9523.12
740,25,9507.29
740,26,9579
740,27,9528.91
740,28,9521.64
740,29,9563.85
740,30,9613.51
740,31,9544.93
740,32,9575.29
740,33,9595.71
740,34,9522.59
740,35,9590.43
740,36,9634.98
740,37,9635.69
740,38,9580.32
740,39,9559.96
740,40,9545.11
740,41,9574.31
740,42,9587.5
740,43,9587.93
740,44,9532.82
740,45,9532.97
740,46,9533.48
740,47,9558.36
740,48,9562.28
740,49,9588.35
740,50,9606.87
740,51,9582.06
740,52,9601.14
740,53,9525.15
740,54,9566.9
740,55,9598.64
740,56,9598.65
740,57,9597.8
740,58,9578.26
740,59,9560.64
740,60,9585.41
740,61,9556.3
740,62,9555.44
740,63,9546.77
740,64,9607.18
740,65,9515.59
740,66,9580.51
740,67,9596.2
740,68,9491.75
740,69,9532.98
740,70,9572.47
740,71,9620.96
740,72,9580.14
740,73,9577.52
740,74,9537.39
740,75,9587.26
740,76,9611.66
740,77,9531.73
740,78,9532.12
740,79,9581.75
740,80,9541.25
740,81,9587.09
740,82,9617.22
740,83,9536.57
740,84,9555.96
740,85,9585.76
740,86,9532.79
740,87,9516.49
740,88,9629.9
740,89,9588.24
740,90,9621.29
740,91,9518.23
740,92,9610.51
740,93,9550.06
740,94,9540.81
740,95,9614.32
740,96,9552.51
740,97,9575.59
740,98,9511.46
740,99,9550.14
750,0,9666.37
750,1,9512.12
750,2,9516.21
750,3,9556.55
750,4,9546.52
750,5,9535.16
750,6,9556.5
750,7,9544.04
750,8,9566.41
750,9,9595.6
750,10,9566.1
750,11,9582.71
750,12,9608.23
750,13,9567.53
750,14,9574.79
750,15,9599.32
750,16,9516.14
750,17,9585.68
750,18,9566.73
750,19,9538.68
750,20,9571.81
750,21,9599.4
750,22,9600.32
750,23,9530.14
750,24,9522.82
750,25,9506.99
750,26,9578.7
750,27,9528.61
750,28,9521.37
750,29,9563.55
750,30,9613.21
750,31,9544.63
750,32,9574.99
750,33,9595.41
750,34,9522.29
750,35,9590.13
750,36,9634.68
750,37,9635.39
750,38,9580.02
750,39,9559.66
750,40,9544.81
750,41,9574.01
750,42,9587.2
750,43,9587.63
750,44,9532.52
750,45,9532.67
750,46,9533.18
750,47,9558.06
750,48,9561.98
750,49,9588.05
750,50,9606.57
750,51,9581.76
750,52,9600.84
750,53,9524.85
750,54,9566.6
750,55,9598.34
750,56,9598.35
750,57,9597.5
750,58,9577.96
750,59,9560.35
750,60,9585.11
750,61,9556.02
750,62,9555.15
750,63,9546.47
750,64,9606.88
750,65,9515.29
750,66,9580.21
750,67,9595.9
750,68,9491.45
750,69,9532.68
750,70,9572.17
750,71,9620.66
750,72,9579.84
750,73,9577.22
750,74,9537.1
750,75,9586.96
750,76,9611.36
750,77,9531.43
750,78,9531.82
750,79,9581.45
750,80,9540.95
750,81,9586.79
750,82,9616.92
750,83,9536.27
750,84,9555.66
750,85,9585.46
750,86,9532.49
750,87,9516.21
750,88,9629.6
750,89,9587.94
750,90,9620.99
750,91,9517.97
750,92,9610.21
750,93,9549.76
750,94,9540.51
750,95,9614.02
750,96,9552.22
750,97,9575.29
750,98,9511.16
750,99,9549.84
760,0,9666.07
760,1,9511.82
760,2,9515.91
760,3,9556.25
760,4,9546.22
760,5,9534.86
760,6,9556.2
760,7,9543.74
760,8,9566.11
760,9,9595.3
760,10,9565.8
760,11,9582.41
760,12,9607.93
760,13,9567.23
760,14,9574.49
760,15,9599.02
760,16,9515.84
760,17,9585.38
760,18,9566.43
760,19,9538.38
760,20,9571.51
760,21,9599.1
760,22,9600.02
760,23,9529.84
760,24,9522.52
760,25,9506.69
760,26,9578.4
760,27,9528.31
760,28,9521.07
760,29,9563.25
760,30,9612.91
760,31,9544.33
760,32,9574.69
760,33,9595.11
760,34,9521.99
760,35,9589.83
760,36,9634.38
760,37,9635.09
760,38,9579.72
760,39,9559.36
760,40,9544.51
760,41,9573.71
760,42,9586.9
760,43,9587.33
760,44,9532.22
760,45,9532.37
760,46,9532.88
760,47,9557.76
760,48,9561.68
760,49,9587.75
760,50,9606.27
760,51,9581.46
760,52,9600.54
760,53,9524.55
760,54,9566.3
760,55,9598.04
760,56,9598.05
760,57,9597.2
760,58,9577.66
760,59,9560.05
760,60,9584.81
760,61,9555.72
760,62,9554.85
760,63,9546.17
760,64,9606.58
760,65,9514.99
760,66,9579.91
760,67,9595.6
760,68,9491.15
760,69,9532.38
760,70,9571.87
760,71,9620.36
760,72,9579.54
760,73,9576.92
760,74,9536.8
760,75,9586.66
760,76,9611.06
760,77,9531.13
760,78,9531.52
760,79,9581.15
760,80,9540.65
760,81,9586.49
760,82,9616.62
760,83,9535.97
760,84,9555.36
760,85,9585.16
760,86,9532.19
760,87,9515.91
760,88,9629.3
760,89,9587.64
760,90,9620.69
760,91,9517.67
760,92,9609.91
760,93,9549.46
760,94,9540.21
760,95,9613.72
760,96,9551.92
760,97,9574.99
760,98,9510.86
760,99,9549.54
770,0,9654.09
770,1,9494.74
770,2,9498.1
770,3,9541.14
770,4,9531.53
770,5,9518.72
770,6,9540.81
770,7,9527.8
770,8,9550.61
770,9,9581.03
770,10,9549.07
770,11,9564.07
770,12,9593.59
770,13,9549.83
770,14,9559.29
770,15,9583.93
770,16,9499.9
770,17,9566.91
770,18,9548.94
770,19,9520.33
770,20,9555.86
770,21,9585.39
770,22,9582.94
770,23,9512.78
770,24,9508.81
770,25,9489.83
770,26,9561.31
770,27,9508.98
770,28,9506.35
770,29,9545.54
770,30,9598.73
770,31,9528.73
770,32,9558.11
770,33,9580.88
770,34,9505.55
770,35,9575.73
770,36,9622.87
770,37,9621.55
770,38,9564.16
770,39,9543.15
770,40,9527.83
770,41,9557.02
770,42,9572.48
770,43,9571.17
770,44,9518.39
770,45,9517.5
770,46,9515.69
770,47,9539.79
770,48,9543.11
770,49,9574.08
770,50,9591.4
770,51,9565.95
770,52,9585.54
770,53,9506.7
770,54,9550.56
770,55,9580.78
770,56,9581.28
770,57,9581.5
770,58,9559.24
770,59,9544.11
770,60,9570.68
770,61,9539.2
770,62,9540.2
770,63,9531.01
770,64,9593.32
770,65,9501.15
770,66,9563.35
770,67,9581.86
770,68,9470.03
770,69,9517.14
770,70,9556.06
770,71,9607.16
770,72,9565.21
770,73,9558.58
770,74,9520.95
770,75,9571.56
770,76,9595.46
770,77,9516.18
770,78,9514.76
770,79,9565.58
770,80,9524.78
770,81,9573.17
770,82,9600.94
770,83,9517.14
770,84,9539.45
770,85,9570.86
770,86,9516.78
770,87,9497.91
770,88,9615.81
770,89,9573.19
770,90,9603
770,91,9503.11
770,92,9594.29
770,93,9533.56
770,94,9526.62
770,95,9598.69
770,96,9536.34
770,97,9559.8
770,98,9493.08
770,99,9533.58
780,0,9653.8
780,1,9494.49
780,2,9497.86
780,3,9540.88
780,4,9531.25
780,5,9518.46
780,6,9540.54
780,7,9527.54
780,8,9550.34
780,9,9580.76
780,10,9548.81
780,11,9563.82
780,12,9593.32
780,13,9549.56
780,14,9559.02
780,15,9583.66
780,16,9499.63
780,17,9566.62
780,18,9548.68
780,19,9520.09
780,20,9555.58
780,21,9585.1
780,22,9582.64
780,23,9512.53
780,24,9503.26
780,25,9489.57
780,26,9561.05
780,27,9508.74
780,28,9500.63
780,29,9545.28
780,30,9598.46
780,31,9528.47
780,32,9557.85
780,33,9580.62
780,34,9505.28
780,35,9575.45
780,36,9622.57
780,37,9621.26
780,38,9563.88
780,39,9542.9
780,40,9527.57
780,41,9556.76
780,42,9572.21
780,43,9570.91
780,44,9518.11
780,45,9517.22
780,46,9515.43
780,47,9539.55
780,48,9542.81
780,49,9573.8
780,50,9591.14
780,51,9565.68
780,52,9585.27
780,53,9506.45
780,54,9550.29
780,55,9580.53
780,56,9581.02
780,57,9581.24
780,58,9558.99
780,59,9543.84
780,60,9570.4
780,61,9538.94
780,62,9539.92
780,63,9530.74
780,64,9593.03
780,65,9495.73
780,66,9563.09
780,67,9581.58
780,68,9469.73
780,69,9512.25
780,70,9555.79
780,71,9606.88
780,72,9564.93
780,73,9558.34
780,74,9520.69
780,75,9571.28
780,76,9595.2
780,77,9515.91
780,78,9514.5
780,79,9565.32
780,80,9524.51
780,81,9572.9
780,82,9600.67
780,83,9516.86
780,84,9539.17
780,85,9570.59
780,86,9516.51
780,87,9497.66
780,88,9615.52
780,89,9572.91
780,90,9602.71
780,91,9497.31
780,92,9593.99
780,93,9533.29
780,94,9526.34
780,95,9598.4
780,96,9536.07
780,97,9559.53
780,98,9492.84
780,99,9533.31
790,0,9653.5
790,1,9494.19
790,2,9497.56
790,3,9540.58
790,4,9530.95
790,5,9518.16
790,6,9540.24
790,7,9527.24
790,8,9550.04
790,9,9580.46
790,10,9548.51
790,11,9563.52
790,12,9593.02
790,13,9549.26
790,14,9558.72
790,15,9583.36
790,16,9499.33
790,17,9566.32
790,18,9548.38
790,19,9519.79
790,20,9555.28
790,21,9584.8
790,22,9582.34
790,23,9512.23
790,24,9502.96
790,25,9489.27
790,26,9560.75
790,27,9508.44
790,28,9500.33
790,29,9544.98
790,30,9598.16
790,31,9528.17
790,32,9557.55
790,33,9580.32
790,34,9504.98
790,35,9575.15
790,36,9622.27
790,37,9620.96
790,38,9563.58
790,39,9542.6
790,40,9527.27
790,41,9556.46
790,42,9571.91
790,43,9570.61
790,44,9517.81
790,45,9516.92
790,46,9515.13
790,47,9539.25
790,48,9542.51
790,49,9573.5
790,50,9590.84
790,51,9565.38
790,52,9584.97
790,53,9506.15
790,54,9549.99
790,55,9580.23
790,56,9580.72
790,57,9580.94
790,58,9558.69
790,59,9543.54
790,60,9570.1
790,61,9538.64
790,62,9539.62
790,63,9530.44
790,64,9592.73
790,65,9495.43
790,66,9562.79
790,67,9581.28
790,68,9469.43
790,69,9511.95
790,70,9555.49
790,71,9606.58
790,72,9564.63
790,73,9558.04
790,74,9520.39
790,75,9570.98
790,76,9594.9
790,77,9515.61
790,78,9514.2
790,79,9565.02
790,80,9524.21
790,81,9572.6
790,82,9600.37
790,83,9516.56
790,84,9538.87
790,85,9570.29
790,86,9516.21
790,87,9497.36
790,88,9615.22
790,89,9572.61
790,90,9602.41
790,91,9497.01
790,92,9593.69
790,93,9532.99
790,94,9526.04
790,95,9598.1
790,96,9535.77
790,97,9559.23
790,98,9492.54
790,99,9533.01
800,0,9641.38
800,1,9480.51
800,2,9482.59
800,3,9526.79
800,4,9516.6
800,5,9505.71
800,6,9527.64
800,7,9514.18
800,8,9535.86
800,9,9567.67
800,10,9531.78
800,11,9547.49
800,12,9578.61
800,13,9530.48
800,14,9544.45
800,15,9567.86
800,16,9481.92
800,17,9548.17
800,18,9533.87
800,19,9505.09
800,20,9540.65
800,21,9570.38
800,22,9567.18
800,23,9495.34
800,24,9489.16
800,25,9471.55
800,26,9546.19
800,27,9492.09
800,28,9485.76
800,29,9527.77
800,30,9580.13
800,31,9512.57
800,32,9544.56
800,33,9565.35
800,34,9490.44
800,35,9561.6
800,36,9610.83
800,37,9609.5
800,38,9549.18
800,39,9529.05
800,40,9513.03
800,41,9540.99
800,42,9555.89
800,43,9554.77
800,44,9502.16
800,45,9501.15
800,46,9497.18
800,47,9523.81
800,48,9530.24
800,49,9558.99
800,50,9579.37
800,51,9549.82
800,52,9572.95
800,53,9490.7
800,54,9534.92
800,55,9564.69
800,56,9566.97
800,57,9568.18
800,58,9543.38
800,59,9528.12
800,60,9557.01
800,61,9522.39
800,62,9525.07
800,63,9513.32
800,64,9578.7
800,65,9481.29
800,66,9546.13
800,67,9568.16
800,68,9449.19
800,69,9496.83
800,70,9538.27
800,71,9593.2
800,72,9551.19
800,73,9542.09
800,74,9505.2
800,75,9555.78
800,76,9581.91
800,77,9500.94
800,78,9500.17
800,79,9549.99
800,80,9506.68
800,81,9559.57
800,82,9586.51
800,83,9497.66
800,84,9522.03
800,85,9557.8
800,86,9499.31
800,87,9481.64
800,88,9602.63
800,89,9557.41
800,90,9586.45
800,91,9482.52
800,92,9578.81
800,93,9518.61
800,94,9510.09
800,95,9582.77
800,96,9519.78
800,97,9543.94
800,98,9474.83
800,99,9515.42
810,0,9639
810,1,9475.24
810,2,9476.85
810,3,9523.18
810,4,9514.45
810,5,9501.05
810,6,9519.05
810,7,9503.53
810,8,9530.16
810,9,9564.27
810,10,9526.77
810,11,9542.53
810,12,9575.59
810,13,9527.16
810,14,9541.86
810,15,9564.16
810,16,9478.17
810,17,9545.01
810,18,9528.97
810,19,9499.61
810,20,9539.26
810,21,9568.84
810,22,9565.14
810,23,9489.88
810,24,9477.76
810,25,9468.46
810,26,9542.44
810,27,9488.86
810,28,9473.89
810,29,9525.71
810,30,9575.58
810,31,9507.62
810,32,9540.72
810,33,9560.6
810,34,9481.27
810,35,9557.86
810,36,9608.58
810,37,9606.07
810,38,9547.74
810,39,9519.76
810,40,9502.52
810,41,9536.89
810,42,9552.65
810,43,9549.39
810,44,9500.27
810,45,9497.49
810,46,9493.23
810,47,9518.75
810,48,9527.66
810,49,9556.4
810,50,9575.23
810,51,9545.1
810,52,9568.99
810,53,9481.68
810,54,9532.96
810,55,9558.98
810,56,9562.91
810,57,9563.63
810,58,9538.11
810,59,9526.09
810,60,9555.52
810,61,9519.88
810,62,9523.05
810,63,9510.04
810,64,9577.26
810,65,9469.99
810,66,9543.37
810,67,9564.73
810,68,9445.68
810,69,9487.03
810,70,9535.68
810,71,9587.84
810,72,9548.89
810,73,9538.76
810,74,9502.47
810,75,9550.89
810,76,9577.89
810,77,9498.58
810,78,9491.67
810,79,9546.37
810,80,9500.72
810,81,9555.83
810,82,9581.58
810,83,9494.36
810,84,9517.05
810,85,9550.02
810,86,9494.84
810,87,9475.26
810,88,9601.18
810,89,9553.85
810,90,9582.83
810,91,9470.61
810,92,9575.36
810,93,9510.05
810,94,9508.54
810,95,9580.23
810,96,9517.36
810,97,9538.31
810,98,9469.01
810,99,9509.82
820,0,9638.7
820,1,9474.94
820,2,9476.55
820,3,9522.88
820,4,9514.15
820,5,9500.75
820,6,9518.75
820,7,9503.23
820,8,9529.86
820,9,9563.97
820,10,9526.47
820,11,9542.23
820,12,9575.29
820,13,9526.86
820,14,9541.56
820,15,9563.86
820,16,9477.87
820,17,9544.71
820,18,9528.67
820,19,9499.31
820,20,9538.96
820,21,9568.54
820,22,9564.84
820,23,9489.58
820,24,9477.46
820,25,9468.16
820,26,9542.14
820,27,9488.56
820,28,9473.59
820,29,9525.41
820,30,9575.28
820,31,9507.32
820,32,9540.42
820,33,9560.3
820,34,9480.97
820,35,9557.56
820,36,9608.28
820,37,9605.77
820,38,9547.44
820,39,9519.46
820,40,9502.22
820,41,9536.59
820,42,9552.35
820,43,9549.09
820,44,9499.97
820,45,9497.19
820,46,9492.93
820,47,9518.45
820,48,9527.36
820,49,9556.1
820,50,9574.93
820,51,9544.8
820,52,9568.69
820,53,9481.38
820,54,9532.66
820,55,9558.68
820,56,9562.61
820,57,9563.33
820,58,9537.81
820,59,9525.79
820,60,9555.22
820,61,9519.58
820,62,9522.75
820,63,9509.74
820,64,9576.96
820,65,9469.69
820,66,9543.07
820,67,9564.43
820,68,9445.38
820,69,9486.73
820,70,9535.38
820,71,9587.54
820,72,9548.59
820,73,9538.46
820,74,9502.17
820,75,9550.59
820,76,9577.59
820,77,9498.28
820,78,9491.37
820,79,9546.07
820,80,9500.42
820,81,9555.53
820,82,9581.28
820,83,9494.06
820,84,9516.75
820,85,9549.72
820,86,9494.54
820,87,9474.96
820,88,9600.88
820,89,9553.55
820,90,9582.53
820,91,9470.31
820,92,9575.06
820,93,9509.75
820,94,9508.24
820,95,9579.93
820,96,9517.06
820,97,9538.01
820,98,9468.71
820,99,9509.52
830,0,9628.52
830,1,9459.1
830,2,9461.36
830,3,9508.77
830,4,9500
830,5,9484.95
830,6,9503.66
830,7,9488.38
830,8,9515.58
830,9,9551.29
830,10,9512.12
830,11,9528.63
830,12,9562.96
830,13,9509.93
830,14,9527.96
830,15,9548.47
830,16,9461.7
830,17,9529.24
830,18,9515.65
830,19,9482.02
830,20,9522.41
830,21,9557.01
830,22,9552.36
830,23,9475.39
830,24,9460.93
830,25,9453.37
830,26,9527.69
830,27,9472.03
830,28,9457.46
830,29,9511.07
830,30,9563.14
830,31,9493.58
830,32,9527.39
830,33,9548.62
830,34,9464.32
830,35,9543.22
830,36,9598.2
830,37,9594.45
830,38,9532.85
830,39,9505.59
830,40,9486.41
830,41,9522.72
830,42,9540.26
830,43,9535.6
830,44,9484.74
830,45,9482.5
830,46,9475.06
830,47,9504.81
830,48,9516.64
830,49,9543.97
830,50,9560.32
830,51,9529.35
830,52,9554.68
830,53,9466.71
830,54,9518.39
830,55,9546.24
830,56,9549.36
830,57,9549.59
830,58,9524.42
830,59,9510.07
830,60,9543.73
830,61,9504.21
830,62,9508.05
830,63,9494.99
830,64,9565.32
830,65,9453.67
830,66,9528.56
830,67,9550.33
830,68,9433.1
830,69,9472.22
830,70,9520.88
830,71,9575.64
830,72,9536.04
830,73,9522.4
830,74,9487.54
830,75,9536.89
830,76,9564.51
830,77,9482.25
830,78,9474.54
830,79,9533.54
830,80,9485.91
830,81,9542.87
830,82,9569.28
830,83,9477.2
830,84,9502.21
830,85,9536.29
830,86,9478.94
830,87,9458.45
830,88,9587.83
830,89,9539.05
830,90,9569.21
830,91,9454.28
830,92,9561.63
830,93,9493.14
830,94,9493.91
830,95,9565.39
830,96,9500.85
830,97,9524.4
830,98,9453.97
830,99,9494.59
840,0,9628.23
840,1,9458.86
840,2,9461.12
840,3,9508.51
840,4,9499.74
840,5,9484.7
840,6,9503.42
840,7,9488.14
840,8,9515.33
840,9,9551.02
840,10,9511.86
840,11,9528.36
840,12,9562.69
840,13,9509.69
840,14,9527.7
840,15,9548.23
840,16,9461.46
840,17,9528.99
840,18,9515.37
840,19,9481.79
840,20,9522.16
840,21,9556.73
840,22,9552.07
840,23,9475.14
840,24,9460.7
840,25,9453.12
840,26,9527.44
840,27,9471.79
840,28,9457.23
840,29,9510.79
840,30,9562.88
840,31,9493.32
840,32,9527.12
840,33,9548.35
840,34,9464.09
840,35,9542.97
840,36,9597.91
840,37,9594.17
840,38,9532.59
840,39,9505.35
840,40,9486.17
840,41,9522.46
840,42,9539.99
840,43,9535.34
840,44,9484.49
840,45,9482.25
840,46,9474.84
840,47,9504.55
840,48,9516.34
840,49,9543.7
840,50,9560.07
840,51,9529.1
840,52,9554.43
840,53,9466.46
840,54,9518.13
840,55,9545.98
840,56,9549.08
840,57,9549.35
840,58,9524.16
840,59,9509.82
840,60,9543.45
840,61,9503.96
840,62,9507.8
840,63,9494.73
840,64,9565.03
840,65,9453.44
840,66,9528.3
840,67,9550.08
840,68,9432.8
840,69,9471.97
840,70,9520.63
840,71,9575.37
840,72,9535.76
840,73,9522.15
840,74,9487.29
840,75,9536.62
840,76,9564.25
840,77,9482
840,78,9474.31
840,79,9533.28
840,80,9485.66
840,81,9542.61
840,82,9569
840,83,9476.95
840,84,9501.95
840,85,9536.04
840,86,9478.71
840,87,9458.22
840,88,9587.56
840,89,9538.8
840,90,9568.92
840,91,9454.06
840,92,9561.35
840,93,9492.9
840,94,9493.64
840,95,9565.11
840,96,9500.6
840,97,9524.14
840,98,9453.73
840,99,9494.33
850,0,9627.93
850,1,9458.56
850,2,9460.82
850,3,9508.21
850,4,9499.44
850,5,9484.4
850,6,9503.12
850,7,9487.84
850,8,9515.03
850,9,9550.72
850,10,9511.56
850,11,9528.06
850,12,9562.39
850,13,9509.39
850,14,9527.4
850,15,9547.93
850,16,9461.16
850,17,9528.69
850,18,9515.07
850,19,9481.49
850,20,9521.86
850,21,9556.43
850,22,9551.77
850,23,9474.84
850,24,9460.4
850,25,9452.82
850,26,9527.14
850,27,9471.49
850,28,9456.93
850,29,9510.49
850,30,9562.58
850,31,9493.02
850,32,9526.82
850,33,9548.05
850,34,9463.79
850,35,9542.67
850,36,9597.61
850,37,9593.87
850,38,9532.29
850,39,9505.05
850,40,9485.87
850,41,9522.16
850,42,9539.69
850,43,9535.04
850,44,9484.19
850,45,9481.95
850,46,9474.54
850,47,9504.25
850,48,9516.04
850,49,9543.4
850,50,9559.77
850,51,9528.8
850,52,9554.13
850,53,9466.16
850,54,9517.83
850,55,9545.68
850,56,9548.78
850,57,9549.05
850,58,9523.86
850,59,9509.52
850,60,9543.15
850,61,9503.66
850,62,9507.5
850,63,9494.43
850,64,9564.73
850,65,9453.14
850,66,9528
850,67,9549.78
850,68,9432.5
850,69,9471.67
850,70,9520.33
850,71,9575.07
850,72,9535.46
850,73,9521.85
850,74,9486.99
850,75,9536.32
850,76,9563.95
850,77,9481.7
850,78,9474.01
850,79,9532.98
850,80,9485.36
850,81,9542.31
850,82,9568.7
850,83,9476.65
850,84,9501.65
850,85,9535.74
850,86,9478.41
850,87,9457.92
850,88,9587.26
850,89,9538.5
850,90,9568.62
850,91,9453.76
850,92,9561.05
850,93,9492.6
850,94,9493.34
850,95,9564.81
850,96,9500.3
850,97,9523.84
850,98,9453.43
850,99,9494.03
860,0,9615.5
860,1,9443.59
860,2,9445.49
860,3,9496.41
860,4,9486.01
860,5,9469.16
860,6,9490.37
860,7,9473.59
860,8,9500.7
860,9,9539.62
860,10,9497.72
860,11,9515.18
860,12,9550.92
860,13,9492.57
860,14,9514.16
860,15,9533.41
860,16,9445.3
860,17,9513.46
860,18,9501.88
860,19,9465.23
860,20,9505.57
860,21,9543.15
860,22,9537.47
860,23,9462.27
860,24,9445.76
860,25,9436.4
860,26,9513.1
860,27,9455.5
860,28,9442.3
860,29,9496.82
860,30,9550.22
860,31,9480.95
860,32,9513.86
860,33,9535.95
860,34,9449.46
860,35,9529.11
860,36,9587.34
860,37,9582.43
860,38,9517.54
860,39,9491.05
860,40,9470.9
860,41,9508.96
860,42,9525.96
860,43,9522.8
860,44,9469.03
860,45,9468.12
860,46,9458.38
860,47,9490.85
860,48,9502.08
860,49,9531.73
860,50,9546.59
860,51,9517.08
860,52,9541.86
860,53,9451.19
860,54,9503.1
860,55,9531.33
860,56,9536.59
860,57,9537.92
860,58,9510.32
860,59,9493.68
860,60,9531.05
860,61,9488.57
860,62,9493.27
860,63,9480.13
860,64,9553.46
860,65,9438.67
860,66,9514.21
860,67,9536.12
860,68,9416.8
860,69,9457.18
860,70,9506.12
860,71,9562.72
860,72,9522.93
860,73,9506.89
860,74,9472.78
860,75,9521.9
860,76,9551.49
860,77,9466.36
860,78,9459.98
860,79,9520.47
860,80,9471.81
860,81,9530.52
860,82,9555.64
860,83,9461.14
860,84,9487.46
860,85,9521.75
860,86,9465.57
860,87,9441.84
860,88,9574.49
860,89,9524.74
860,90,9553.53
860,91,9439.12
860,92,9548.5
860,93,9477.59
860,94,9480.42
860,95,9550.9
860,96,9486.44
860,97,9511.61
860,98,9439.25
860,99,9479.96
870,0,9615.25
870,1,9442.03
870,2,9443.24
870,3,9493.61
870,4,9485.76
870,5,9468.93
870,6,9488.02
870,7,9473.35
870,8,9500.46
870,9,9539.35
870,10,9497.47
870,11,9511.33
870,12,9550.66
870,13,9492.33
870,14,9511.89
870,15,9533.17
870,16,9445.06
870,17,9513.22
870,18,9501.62
870,19,9463.05
870,20,9505.34
870,21,9542.9
870,22,9537.21
870,23,9457.58
870,24,9445.53
870,25,9436.17
870,26,9512.86
870,27,9453.57
870,28,9442.07
870,29,9494.29
870,30,9549.97
870,31,9476.86
870,32,9513.6
870,33,9535.69
870,34,9447.12
870,35,9528.86
870,36,9587.06
870,37,9582.17
870,38,9517.3
870,39,9490.82
870,40,9470.66
870,41,9508.71
870,42,9525.72
870,43,9520.45
870,44,9468.78
870,45,9467.87
870,46,9457.2
870,47,9490.6
870,48,9501.82
870,49,9531.47
870,50,9546.33
870,51,9513.09
870,52,9541.61
870,53,9448.94
870,54,9501.35
870,55,9531.1
870,56,9533
870,57,9534.61
870,58,9510.07
870,59,9491.88
870,60,9530.78
870,61,9486.73
870,62,9493.02
870,63,9479.88
870,64,9553.19
870,65,9438.44
870,66,9513.97
870,67,9535.88
870,68,9416.53
870,69,9456.94
870,70,9504.22
870,71,9562.47
870,72,9522.66
870,73,9506.65
870,74,9472.53
870,75,9521.65
870,76,9551.24
870,77,9466.13
870,78,9457.71
870,79,9520.21
870,80,9471.58
870,81,9530.26
870,82,9555.39
870,83,9460.89
870,84,9487.21
870,85,9520.55
870,86,9463.22
870,87,9441.62
870,88,9574.23
870,89,9524.5
870,90,9553.27
870,91,9438.89
870,92,9548.23
870,93,9476.52
870,94,9480.16
870,95,9550.64
870,96,9486.2
870,97,9507.83
870,98,9439.01
870,99,9479.71
880,0,9614.95
880,1,9441.73
880,2,9442.94
880,3,9493.31
880,4,9485.46
880,5,9468.63
880,6,9487.72
880,7,9473.05
880,8,9500.16
880,9,9539.05
880,10,9497.17
880,11,9511.03
880,12,9550.36
880,13,9492.03
880,14,9511.59
880,15,9532.87
880,16,9444.76
880,17,9512.92
880,18,9501.32
880,19,9462.75
880,20,9505.04
880,21,9542.6
880,22,9536.91
880,23,9457.28
880,24,9445.23
880,25,9435.87
880,26,9512.56
880,27,9453.27
880,28,9441.77
880,29,9493.99
880,30,9549.67
880,31,9476.56
880,32,9513.3
880,33,9535.39
880,34,9446.82
880,35,9528.56
880,36,9586.76
880,37,9581.87
880,38,9517
880,39,9490.52
880,40,9470.36
880,41,9508.41
880,42,9525.42
880,43,9520.15
880,44,9468.48
880,45,9467.57
880,46,9456.9
880,47,9490.3
880,48,9501.52
880,49,9531.17
880,50,9546.03
880,51,9512.79
880,52,9541.31
880,53,9448.64
880,54,9501.05
880,55,9530.8
880,56,9532.7
880,57,9534.31
880,58,9509.77
880,59,9491.58
880,60,9530.48
880,61,9486.43
880,62,9492.72
880,63,9479.58
880,64,9552.89
880,65,9438.14
880,66,9513.67
880,67,9535.58
880,68,9416.23
880,69,9456.64
880,70,9503.92
880,71,9562.17
880,72,9522.36
880,73,9506.35
880,74,9472.23
880,75,9521.35
880,76,9550.94
880,77,9465.83
880,78,9457.41
880,79,9519.91
880,80,9471.28
880,81,9529.96
880,82,9555.09
880,83,9460.59
880,84,9486.91
880,85,9520.25
880,86,9462.92
880,87,9441.32
880,88,9573.93
880,89,9524.2
880,90,9552.97
880,91,9438.59
880,92,9547.93
880,93,9476.22
880,94,9479.86
880,95,9550.34
880,96,9485.9
880,97,9507.53
880,98,9438.71
880,99,9479.41
890,0,9606.36
890,1,9428.43
890,2,9433.28
890,3,9482.52
890,4,9475.21
890,5,9457.62
890,6,9474.73
890,7,9460.12
890,8,9487.4
890,9,9528.67
890,10,9484.48
890,11,9497.92
890,12,9538.34
890,13,9477.02
890,14,9499.61
890,15,9521.92
890,16,9432.31
890,17,9500.26
890,18,9491.73
890,19,9449.73
890,20,9492.77
890,21,9533.32
890,22,9526.09
890,23,9444.77
890,24,9430.7
890,25,9423.29
890,26,9501.83
890,27,9441.43
890,28,9427.23
890,29,9480.97
890,30,9539.81
890,31,9464.31
890,32,9502.88
890,33,9526.34
890,34,9436.26
890,35,9517.28
890,36,9578.94
890,37,9572.26
890,38,9504.71
890,39,9480.1
890,40,9455.68
890,41,9498.8
890,42,9515.57
890,43,9508.01
890,44,9457.32
890,45,9454.99
890,46,9446.57
890,47,9476.77
890,48,9489.79
890,49,9520.45
890,50,9534.23
890,51,9500.7
890,52,9528.89
890,53,9439
890,54,9486.88
890,55,9519.78
890,56,9519.12
890,57,9523.96
890,58,9498.75
890,59,9480.22
890,60,9520.71
890,61,9474.66
890,62,9481.59
890,63,9466.64
890,64,9541.34
890,65,9424.08
890,66,9502.54
890,67,9523
890,68,9402.85
890,69,9440.94
890,70,9493.31
890,71,9550.7
890,72,9512.59
890,73,9492.5
890,74,9461.1
890,75,9510.22
890,76,9540.05
890,77,9452.84
890,78,9444.21
890,79,9508.27
890,80,9458.9
890,81,9520.17
890,82,9542.96
890,83,9448.37
890,84,9472.67
890,85,9507.33
890,86,9450.35
890,87,9426.14
890,88,9561.12
890,89,9513.1
890,90,9542.37
890,91,9424.32
890,92,9536.82
890,93,9464.38
890,94,9466.95
890,95,9538.48
890,96,9475.88
890,97,9493.82
890,98,9425.52
890,99,9465.59
900,0,9606.08
900,1,9428.19
900,2,9427.65
900,3,9482.26
900,4,9474.95
900,5,9457.36
900,6,9474.5
900,7,9459.88
900,8,9487.16
900,9,9528.41
900,10,9484.23
900,11,9497.68
900,12,9538.08
900,13,9476.79
900,14,9499.36
900,15,9521.66
900,16,9432.06
900,17,9500.01
900,18,9491.46
900,19,9449.5
900,20,9492.51
900,21,9533.04
900,22,9525.83
900,23,9444.54
900,24,9430.24
900,25,9423.04
900,26,9501.57
900,27,9441.16
900,28,9427.02
900,29,9480.72
900,30,9539.54
900,31,9464.06
900,32,9502.61
900,33,9526.07
900,34,9431.17
900,35,9517.03
900,36,9578.66
900,37,9571.99
900,38,9504.46
900,39,9479.85
900,40,9455.46
900,41,9498.52
900,42,9511.08
900,43,9507.76
900,44,9457.07
900,45,9454.75
900,46,9441.32
900,47,9476.54
900,48,9489.5
900,49,9520.2
900,50,9533.96
900,51,9500.45
900,52,9528.65
900,53,9433.59
900,54,9486.64
900,55,9519.53
900,56,9518.88
900,57,9523.7
900,58,9498.49
900,59,9475.64
900,60,9520.43
900,61,9474.4
900,62,9481.33
900,63,9466.38
900,64,9541.09
900,65,9423.62
900,66,9502.28
900,67,9522.77
900,68,9402.58
900,69,9440.72
900,70,9489.02
900,71,9550.44
900,72,9512.32
900,73,9492.27
900,74,9460.84
900,75,9509.97
900,76,9539.79
900,77,9452.6
900,78,9443.98
900,79,9508.01
900,80,9458.66
900,81,9519.89
900,82,9542.71
900,83,9448.12
900,84,9472.44
900,85,9507.1
900,86,9450.11
900,87,9425.92
900,88,9560.88
900,89,9512.85
900,90,9542.09
900,91,9424.1
900,92,9536.55
900,93,9464.12
900,94,9466.7
900,95,9538.22
900,96,9471.35
900,97,9493.59
900,98,9425.29
900,99,9465.36
910,0,9605.78
910,1,9427.89
910,2,9427.35
910,3,9481.96
910,4,9474.65
910,5,9457.06
910,6,9474.2
910,7,9459.58
910,8,9486.86
910,9,9528.11
910,10,9483.93
910,11,9497.38
910,12,9537.78
910,13,9476.49
910,14,9499.06
910,15,9521.36
910,16,9431.76
910,17,9499.71
910,18,9491.16
910,19,9449.2
910,20,9492.21
910,21,9532.74
910,22,9525.53
910,23,9444.24
910,24,9429.94
910,25,9422.74
910,26,9501.27
910,27,9440.86
910,28,9426.72
910,29,9480.42
910,30,9539.24
910,31,9463.76
910,32,9502.31
910,33,9525.77
910,34,9430.87
910,35,9516.73
910,36,9578.36
910,37,9571.69
910,38,9504.16
910,39,9479.55
910,40,9455.16
910,41,9498.22
910,42,9510.78
910,43,9507.46
910,44,9456.77
910,45,9454.45
910,46,9441.02
910,47,9476.24
910,48,9489.2
910,49,9519.9
910,50,9533.66
910,51,9500.15
910,52,9528.35
910,53,9433.29
910,54,9486.34
910,55,9519.23
910,56,9518.58
910,57,9523.4
910,58,9498.19
910,59,9475.34
910,60,9520.13
910,61,9474.1
910,62,9481.03
910,63,9466.08
910,64,9540.79
910,65,9423.32
910,66,9501.98
910,67,9522.47
910,68,9402.28
910,69,9440.42
910,70,9488.72
910,71,9550.14
910,72,9512.02
910,73,9491.97
910,74,9460.54
910,75,9509.67
910,76,9539.49
910,77,9452.3
910,78,9443.68
910,79,9507.71
910,80,9458.36
910,81,9519.59
910,82,9542.41
910,83,9447.82
910,84,9472.14
910,85,9506.8
910,86,9449.81
910,87,9425.62
910,88,9560.58
910,89,9512.55
910,90,9541.79
910,91,9423.8
910,92,9536.25
910,93,9463.82
910,94,9466.4
910,95,9537.92
910,96,9471.05
910,97,9493.29
910,98,9424.99
910,99,9465.06
920,0,9593.58
920,1,9414.05
920,2,9416.37
920,3,9472.34
920,4,9464.99
920,5,9444.94
920,6,9464.18
920,7,9447.13
920,8,9472.84
920,9,9516.98
920,10,9471.08
920,11,9484.84
920,12,9528.05
920,13,9467.41
920,14,9488.29
920,15,9510.17
920,16,9421.46
920,17,9486.93
920,18,9481.09
920,19,9439.16
920,20,9479.5
920,21,9521.22
920,22,9517.32
920,23,9435.71
920,24,9417.14
920,25,9409.89
920,26,9490.53
920,27,9429.69
920,28,9414.32
920,29,9468.52
920,30,9526.52
920,31,9451.63
920,32,9491.67
920,33,9515.78
920,34,9420.33
920,35,9503.97
920,36,9570.54
920,37,9563.68
920,38,9492.62
920,39,9468.93
920,40,9440.36
920,41,9487.38
920,42,9499.91
920,43,9496.59
920,44,9442.99
920,45,9441.76
920,46,9430.72
920,47,9462.96
920,48,9475.79
920,49,9506.3
920,50,9524.61
920,51,9488.16
920,52,9519.48
920,53,9422.79
920,54,9474.05
920,55,9508.21
920,56,9508.09
920,57,9512.8
920,58,9487.21
920,59,9464.36
920,60,9511.31
920,61,9460.87
920,62,9469.28
920,63,9453.13
920,64,9531.21
920,65,9411.17
920,66,9490.44
920,67,9509.49
920,68,9387.6
920,69,9424.43
920,70,9477.54
920,71,9538.2
920,72,9503.33
920,73,9481.92
920,74,9449.21
920,75,9498.05
920,76,9528.82
920,77,9441.82
920,78,9434.48
920,79,9497.82
920,80,9446.57
920,81,9509.03
920,82,9532.26
920,83,9436.01
920,84,9459.1
920,85,9496.88
920,86,9440.52
920,87,9412.99
920,88,9547.71
920,89,9501.44
920,90,9530.16
920,91,9410.37
920,92,9524.37
920,93,9451.76
920,94,9454.33
920,95,9526.55
920,96,9460.85
920,97,9481.64
920,98,9413.98
920,99,9451.06
930,0,9591.21
930,1,9409.97
930,2,9410.83
930,3,9466.93
930,4,9456.99
930,5,9440.2
930,6,9459.53
930,7,9441.26
930,8,9468.13
930,9,9512.51
930,10,9466.77
930,11,9478.38
930,12,9522.41
930,13,9459.17
930,14,9481.28
930,15,9505.7
930,16,9412.5
930,17,9483.51
930,18,9477.63
930,19,9433.65
930,20,9475.01
930,21,9519.27
930,22,9513.91
930,23,9424.88
930,24,9408.91
930,25,9405.8
930,26,9486.92
930,27,9421.44
930,28,9405.69
930,29,9462.75
930,30,9521.02
930,31,9444.01
930,32,9486.16
930,33,9512.88
930,34,9415.26
930,35,9499.63
930,36,9566.98
930,37,9557.27
930,38,9484.27
930,39,9463.59
930,40,9434.95
930,41,9484.73
930,42,9495.41
930,43,9490.7
930,44,9439.1
930,45,9439.29
930,46,9422.87
930,47,9459.5
930,48,9474.34
930,49,9502.69
930,50,9519.41
930,51,9480.4
930,52,9512.2
930,53,9417.41
930,54,9470.69
930,55,9503.98
930,56,9499.83
930,57,9509.45
930,58,9483.37
930,59,9455.33
930,60,9507.58
930,61,9456.96
930,62,9460.86
930,63,9450.73
930,64,9526.22
930,65,9402.53
930,66,9484.15
930,67,9505.1
930,68,9383.96
930,69,9419.47
930,70,9469.28
930,71,9534.17
930,72,9498.8
930,73,9473.89
930,74,9444.82
930,75,9494.01
930,76,9522.22
930,77,9435.45
930,78,9424.84
930,79,9490.94
930,80,9440.87
930,81,9502.57
930,82,9529.14
930,83,9432.38
930,84,9454.55
930,85,9488.53
930,86,9430.83
930,87,9404.21
930,88,9545.1
930,89,9497.67
930,90,9527.44
930,91,9403.27
930,92,9518.87
930,93,9447.37
930,94,9449
930,95,9521.95
930,96,9451.94
930,97,9477.75
930,98,9407.2
930,99,9446.02
940,0,9590.91
940,1,9409.67
940,2,9410.53
940,3,9466.63
940,4,9456.69
940,5,9439.9
940,6,9459.23
940,7,9440.96
940,8,9467.83
940,9,9512.21
940,10,9466.47
940,11,9478.08
940,12,9522.11
940,13,9458.87
940,14,9480.98
940,15,9505.4
940,16,9412.2
940,17,9483.21
940,18,9477.33
940,19,9433.35
940,20,9474.71
940,21,9518.97
940,22,9513.61
940,23,9424.58
940,24,9408.61
940,25,9405.5
940,26,9486.62
940,27,9421.14
940,28,9405.39
940,29,9462.45
940,30,9520.72
940,31,9443.71
940,32,9485.86
940,33,9512.58
940,34,9414.96
940,35,9499.33
940,36,9566.68
940,37,9556.97
940,38,9483.97
940,39,9463.29
940,40,9434.65
940,41,9484.43
940,42,9495.11
940,43,9490.4
940,44,9438.8
940,45,9438.99
940,46,9422.57
940,47,9459.2
940,48,9474.04
940,49,9502.39
940,50,9519.11
940,51,9480.1
940,52,9511.9
940,53,9417.11
940,54,9470.39
940,55,9503.68
940,56,9499.53
940,57,9509.15
940,58,9483.07
940,59,9455.03
940,60,9507.28
940,61,9456.66
940,62,9460.56
940,63,9450.43
940,64,9525.92
940,65,9402.23
940,66,9483.85
940,67,9504.8
940,68,9383.66
940,69,9419.17
940,70,9468.98
940,71,9533.87
940,72,9498.5
940,73,9473.59
940,74,9444.52
940,75,9493.71
940,76,9521.92
940,77,9435.15
940,78,9424.54
940,79,9490.64
940,80,9440.57
940,81,9502.27
940,82,9528.84
940,83,9432.08
940,84,9454.25
940,85,9488.23
940,86,9430.53
940,87,9403.91
940,88,9544.8
940,89,9497.37
940,90,9527.14
940,91,9402.97
940,92,9518.57
940,93,9447.07
940,94,9448.7
940,95,9521.65
940,96,9451.64
940,97,9477.45
940,98,9406.9
940,99,9445.72
950,0,9581.92
950,1,9396.25
950,2,9399.5
950,3,9454.8
950,4,9447.42
950,5,9430.96
950,6,9449.48
950,7,9431.45
950,8,9453.83
950,9,9500.81
950,10,9453.41
950,11,9464.53
950,12,9512.6
950,13,9449.68
950,14,9470.03
950,15,9495.19
950,16,9400.83
950,17,9471.48
950,18,9468.52
950,19,9421.97
950,20,9463.59
950,21,9507.59
950,22,9501.09
950,23,9408.8
950,24,9398.52
950,25,9393.25
950,26,9479.33
950,27,9409.43
950,28,9397.23
950,29,9451.54
950,30,9505.25
950,31,9434.39
950,32,9478.42
950,33,9502.92
950,34,9403.25
950,35,9489.79
950,36,9557.89
950,37,9547.04
950,38,9473.79
950,39,9453.86
950,40,9423.78
950,41,9473.89
950,42,9483.66
950,43,9479.31
950,44,9426.28
950,45,9426.12
950,46,9412.04
950,47,9446.06
950,48,9457.09
950,49,9488.82
950,50,9510.14
950,51,9470.53
950,52,9501.87
950,53,9407.23
950,54,9460.16
950,55,9493.07
950,56,9489.63
950,57,9499.89
950,58,9473.13
950,59,9445.29
950,60,9498.14
950,61,9445.77
950,62,9450.07
950,63,9437.83
950,64,9517.12
950,65,9393.53
950,66,9471.93
950,67,9495
950,68,9367.68
950,69,9407.28
950,70,9457.34
950,71,9523.35
950,72,9485.79
950,73,9461.98
950,74,9434.29
950,75,9484.37
950,76,9511.96
950,77,9423.5
950,78,9414.57
950,79,9479.1
950,80,9428.61
950,81,9490.23
950,82,9517.47
950,83,9421.62
950,84,9443.53
950,85,9475.44
950,86,9420.34
950,87,9392.29
950,88,9531.91
950,89,9488.78
950,90,9513.24
950,91,9395.65
950,92,9505.87
950,93,9436.9
950,94,9435.13
950,95,9509.7
950,96,9441.32
950,97,9464.7
950,98,9396.44
950,99,9431.46
960,0,9577.43
960,1,9391.81
960,2,9389.61
960,3,9451.95
960,4,9441.32
960,5,9422.06
960,6,9440.65
960,7,9420.11
960,8,9449.12
960,9,9497.99
960,10,9447.51
960,11,9459.12
960,12,9506.06
960,13,9440.88
960,14,9464.65
960,15,9486.49
960,16,9392.98
960,17,9465.69
960,18,9460.36
960,19,9411.83
960,20,9456.27
960,21,9505.32
960,22,9498.54
960,23,9403.6
960,24,9386.6
960,25,9386.41
960,26,9471.48
960,27,9401.97
960,28,9383.3
960,29,9446.77
960,30,9501.98
960,31,9423.2
960,32,9470.24
960,33,9497.26
960,34,9394.9
960,35,9481.02
960,36,9553.51
960,37,9541.2
960,38,9465.12
960,39,9443.72
960,40,9413.91
960,41,9468.35
960,42,9477.06
960,43,9470.27
960,44,9422.88
960,45,9422.88
960,46,9402.08
960,47,9442.67
960,48,9453.35
960,49,9485.21
960,50,9504.19
960,51,9462.37
960,52,9494.74
960,53,9396.53
960,54,9453.47
960,55,9486.52
960,56,9481.06
960,57,9491.6
960,58,9465.02
960,59,9436.27
960,60,9492.99
960,61,9438.12
960,62,9442.65
960,63,9432.63
960,64,9511.27
960,65,9381
960,66,9467.88
960,67,9486.83
960,68,9363.93
960,69,9397.49
960,70,9451.46
960,71,9514.57
960,72,9482.12
960,73,9455.15
960,74,9426.12
960,75,9475.38
960,76,9503.86
960,77,9417.5
960,78,9404.9
960,79,9474.5
960,80,9420.53
960,81,9486.02
960,82,9513.26
960,83,9415.21
960,84,9434.72
960,85,9470.62
960,86,9412.91
960,87,9382.16
960,88,9529.49
960,89,9481.95
960,90,9507.86
960,91,9384.02
960,92,9499.34
960,93,9427.6
960,94,9432.19
960,95,9504.37
960,96,9433.98
960,97,9459.63
960,98,9386.5
960,99,9425.91
970,0,9577.13
970,1,9391.51
970,2,9389.31
970,3,9451.65
970,4,9441.02
970,5,9421.76
970,6,9440.35
970,7,9419.81
970,8,9448.82
970,9,9497.69
970,10,9447.21
970,11,9458.82
970,12,9505.76
970,13,9440.58
970,14,9464.35
970,15,9486.19
970,16,9392.68
970,17,9465.39
970,18,9460.06
970,19,9411.53
970,20,9455.97
970,21,9505.02
970,22,9498.24
970,23,9403.3
970,24,9386.3
970,25,9386.11
970,26,9471.18
970,27,9401.67
970,28,9383
970,29,9446.47
970,30,9501.68
970,31,9422.9
970,32,9469.94
970,33,9496.96
970,34,9394.6
970,35,9480.72
970,36,9553.21
970,37,9540.9
970,38,9464.82
970,39,9443.42
970,40,9413.61
970,41,9468.05
970,42,9476.76
970,43,9469.97
970,44,9422.58
970,45,9422.58
970,46,9401.78
970,47,9442.37
970,48,9453.05
970,49,9484.91
970,50,9503.89
970,51,9462.07
970,52,9494.44
970,53,9396.23
970,54,9453.17
970,55,9486.22
970,56,9480.76
970,57,9491.3
970,58,9464.72
970,59,9435.97
970,60,9492.69
970,61,9437.82
970,62,9442.35
970,63,9432.33
970,64,9510.97
970,65,9380.7
970,66,9467.58
970,67,9486.53
970,68,9363.63
970,69,9397.19
970,70,9451.16
970,71,9514.27
970,72,9481.82
970,73,9454.85
970,74,9425.82
970,75,9475.08
970,76,9503.56
970,77,9417.2
970,78,9404.6
970,79,9474.2
970,80,9420.23
970,81,9485.72
970,82,9512.96
970,83,9414.91
970,84,9434.42
970,85,9470.32
970,86,9412.61
970,87,9381.86
970,88,9529.19
970,89,9481.65
970,90,9507.56
970,91,9383.72
970,92,9499.04
970,93,9427.3
970,94,9431.89
970,95,9504.07
970,96,9433.68
970,97,9459.33
970,98,9386.2
970,99,9425.61
980,0,9569.16
980,1,9379.24
980,2,9381.76
980,3,9444.23
980,4,9431.91
980,5,9415.98
980,6,9432.66
980,7,9412.39
980,8,9439.22
980,9,9487.45
980,10,9439.01
980,11,9449.39
980,12,9497.56
980,13,9431.61
980,14,9457.31
980,15,9476.86
980,16,9382.99
980,17,9456.7
980,18,9450.69
980,19,9400.3
980,20,9446.92
980,21,9493.78
980,22,9487.67
980,23,9393.49
980,24,9378.26
980,25,9375.17
980,26,9462.97
980,27,9391.84
980,28,9377.47
980,29,9439.94
980,30,9491.95
980,31,9413.71
980,32,9461.56
980,33,9488.29
980,34,9384.11
980,35,9472.48
980,36,9545.68
980,37,9532.13
980,38,9455.18
980,39,9431.51
980,40,9404.09
980,41,9456.67
980,42,9465.15
980,43,9461.38
980,44,9414.73
980,45,9411.52
980,46,9393.93
980,47,9431.85
980,48,9442.42
980,49,9473.58
980,50,9497
980,51,9452.6
980,52,9486.06
980,53,9386.34
980,54,9443.31
980,55,9475.74
980,56,9472.46
980,57,9482.16
980,58,9454.36
980,59,9425.15
980,60,9481.12
980,61,9427.61
980,62,9433.14
980,63,9421.67
980,64,9502.26
980,65,9372.98
980,66,9456.62
980,67,9474.16
980,68,9353.98
980,69,9387.39
980,70,9443.76
980,71,9503.45
980,72,9473.41
980,73,9445.76
980,74,9415.04
980,75,9465.87
980,76,9494.53
980,77,9407.99
980,78,9395.72
980,79,9465.89
980,80,9413.13
980,81,9475.29
980,82,9501.61
980,83,9405.62
980,84,9425.88
980,85,9463.43
980,86,9402.95
980,87,9371.48
980,88,9521.83
980,89,9472.85
980,90,9497.41
980,91,9375.97
980,92,9490.52
980,93,9417.46
980,94,9422.55
980,95,9492.65
980,96,9424.12
980,97,9449.66
980,98,9377.77
980,99,9417.35
990,0,9563.48
990,1,9372.76
990,2,9373.56
990,3,9438.63
990,4,9426.3
990,5,9405.09
990,6,9423.87
990,7,9405.12
990,8,9433.78
990,9,9484.73
990,10,9432.66
990,11,9443.68
990,12,9493.54
990,13,9426.4
990,14,9449.22
990,15,9470.75
990,16,9376.41
990,17,9449.76
990,18,9447.74
990,19,9392.64
990,20,9439.42
990,21,9493.05
990,22,9486.48
990,23,9385.85
990,24,9370.98
990,25,9368.8
990,26,9457.73
990,27,9385.01
990,28,9365.96
990,29,9431.81
990,30,9486.48
990,31,9409.25
990,32,9457.21
990,33,9485.06
990,34,9377.6
990,35,9466.86
990,36,9540.52
990,37,9527.53
990,38,9447.5
990,39,9427.07
990,40,9397.8
990,41,9452.81
990,42,9460.45
990,43,9456.05
990,44,9407.63
990,45,9407.87
990,46,9384.91
990,47,9428.21
990,48,9436.93
990,49,9470.91
990,50,9490.66
990,51,9446.84
990,52,9479.78
990,53,9379.13
990,54,9438.37
990,55,9474.18
990,56,9466.51
990,57,9480.17
990,58,9451.97
990,59,9419.58
990,60,9479.76
990,61,9420.87
990,62,9425.59
990,63,9417.88
990,64,9497.51
990,65,9365.15
990,66,9452.6
990,67,9471.86
990,68,9349.75
990,69,9379.97
990,70,9435.72
990,71,9501.27
990,72,9468.63
990,73,9439.33
990,74,9410.3
990,75,9461.54
990,76,9491.08
990,77,9401.41
990,78,9389.52
990,79,9461.15
990,80,9406.2
990,81,9473
990,82,9501.31
990,83,9401.44
990,84,9419.11
990,85,9455.98
990,86,9397.4
990,87,9364.7
990,88,9514.59
990,89,9467.81
990,90,9491.03
990,91,9368.76
990,92,9486.02
990,93,9411.48
990,94,9417.15
990,95,9489.35
990,96,9417.6
990,97,9445.18
990,98,9370.64
990,99,9410.67
1000,0,9563.18
1000,1,9372.46
1000,2,9373.26
1000,3,9438.33
1000,4,9426
1000,5,9404.79
1000,6,9423.57
1000,7,9404.82
1000,8,9433.48
1000,9,9484.43
1000,10,9432.36
1000,11,9443.38
1000,12,9493.24
1000,13,9426.1
1000,14,9448.92
1000,15,9470.45
1000,16,9376.11
1000,17,9449.46
1000,18,9447.44
1000,19,9392.34
1000,20,9439.12
1000,21,9492.75
1000,22,9486.18
1000,23,9385.55
1000,24,9370.68
1000,25,9368.5
1000,26,9457.43
1000,27,9384.71
1000,28,9365.66
1000,29,9431.51
1000,30,9486.18
1000,31,9408.95
1000,32,9456.91
1000,33,9484.76
1000,34,9377.3
1000,35,9466.56
1000,36,9540.22
1000,37,9527.23
1000,38,9447.2
1000,39,9426.77
1000,40,9397.5
1000,41,9452.51
1000,42,9460.15
1000,43,9455.75
1000,44,9407.33
1000,45,9407.57
1000,46,9384.61
1000,47,9427.91
1000,48,9436.63
1000,49,9470.61
1000,50,9490.36
1000,51,9446.54
1000,52,9479.48
1000,53,9378.83
1000,54,9438.07
1000,55,9473.88
1000,56,9466.21
1000,57,9479.87
1000,58,9451.67
1000,59,9419.28
1000,60,9479.46
1000,61,9420.57
1000,62,9425.29
1000,63,9417.58
1000,64,9497.21
1000,65,9364.85
1000,66,9452.3
1000,67,9471.56
1000,68,9349.45
1000,69,9379.67
1000,70,9435.42
1000,71,9500.97
1000,72,9468.33
1000,73,9439.03
1000,74,9410
1000,75,9461.24
1000,76,9490.78
1000,77,9401.11
1000,78,9389.22
1000,79,9460.85
1000,80,9405.9
1000,81,9472.7
1000,82,9501.01
1000,83,9401.14
1000,84,9418.81
1000,85,9455.68
1000,86,9397.1
1000,87,9364.4
1000,88,9514.29
1000,89,9467.51
1000,90,9490.73
1000,91,9368.46
1000,92,9485.72
1000,93,9411.18
1000,94,9416.85
1000,95,9489.05
1000,96,9417.3
1000,97,9444.88
1000,98,9370.34
1000,99,9410.37
1010,0,9555.1
1010,1,9363.81
1010,2,9364.31
1010,3,9430.94
1010,4,9419.23
1010,5,9397.15
1010,6,9414.3
1010,7,9397.37
1010,8,9424.87
1010,9,9475.12
1010,10,9424.17
1010,11,9435.32
1010,12,9486.8
1010,13,9418.54
1010,14,9441.92
1010,15,9461.63
1010,16,9367.49
1010,17,9440.77
1010,18,9439.43
1010,19,9381.68
1010,20,9430.2
1010,21,9484.11
1010,22,9479.32
1010,23,9376.26
1010,24,9365.14
1010,25,9360.61
1010,26,9448.84
1010,27,9375.31
1010,28,9360.14
1010,29,9423.53
1010,30,9476.33
1010,31,9400.34
1010,32,9450.54
1010,33,9477.57
1010,34,9368.86
1010,35,9459.5
1010,36,9532.52
1010,37,9519.96
1010,38,9437.72
1010,39,9417.94
1010,40,9388.14
1010,41,9444.9
1010,42,9452.14
1010,43,9446.76
1010,44,9399.05
1010,45,9398.33
1010,46,9376.77
1010,47,9420.13
1010,48,9427.12
1010,49,9463.32
1010,50,9483.39
1010,51,9437.71
1010,52,9468.31
1010,53,9368.98
1010,54,9428.4
1010,55,9468.65
1010,56,9457.96
1010,57,9472.45
1010,58,9442.54
1010,59,9408.61
1010,60,9470.6
1010,61,9411.58
1010,62,9417.13
1010,63,9407.36
1010,64,9488.54
1010,65,9356.32
1010,66,9442.09
1010,67,9464.11
1010,68,9339.24
1010,69,9369.94
1010,70,9424.63
1010,71,9492.56
1010,72,9459.56
1010,73,9432.4
1010,74,9402.14
1010,75,9452.48
1010,76,9483.67
1010,77,9393.27
1010,78,9381.1
1010,79,9454.63
1010,80,9398.68
1010,81,9462.38
1010,82,9493.8
1010,83,9393.92
1010,84,9409.25
1010,85,9449
1010,86,9388.34
1010,87,9356.83
1010,88,9507.85
1010,89,9458.54
1010,90,9483.5
1010,91,9361.43
1010,92,9479.67
1010,93,9401.65
1010,94,9407.59
1010,95,9482.26
1010,96,9408.85
1010,97,9436.37
1010,98,9363.92
1010,99,9401.39
1020,0,9549.24
1020,1,9353.26
1020,2,9355.84
1020,3,9425.37
1020,4,9411.82
1020,5,9389.32
1020,6,9407.26
1020,7,9389.66
1020,8,9418.17
1020,9,9470.91
1020,10,9417.63
1020,11,9429.76
1020,12,9479.41
1020,13,9410.92
1020,14,9432.41
1020,15,9454.67
1020,16,9359.59
1020,17,9434.1
1020,18,9434.9
1020,19,9374.37
1020,20,9423.02
1020,21,9480.85
1020,22,9473.17
1020,23,9367.73
1020,24,9353.89
1020,25,9351.36
1020,26,9442.72
1020,27,9368.13
1020,28,9349.22
1020,29,9417.53
1020,30,9467.79
1020,31,9394.21
1020,32,9444.23
1020,33,9472.6
1020,34,9360.5
1020,35,9451.3
1020,36,9527.25
1020,37,9513.16
1020,38,9430.01
1020,39,9410.43
1020,40,9381.59
1020,41,9437.62
1020,42,9446.38
1020,43,9441.47
1020,44,9392.29
1020,45,9393.35
1020,46,9367.75
1020,47,9414.25
1020,48,9422.36
1020,49,9456.58
1020,50,9475.88
1020,51,9431.76
1020,52,9465.94
1020,53,9361.52
1020,54,9421.68
1020,55,9461.87
1020,56,9451.62
1020,57,9467.26
1020,58,9438.33
1020,59,9400.8
1020,60,9463.8
1020,61,9404.65
1020,62,9409.21
1020,63,9403.51
1020,64,9483.48
1020,65,9347.98
1020,66,9436.94
1020,67,9456.65
1020,68,9331.75
1020,69,9362.22
1020,70,9419.79
1020,71,9488.78
1020,72,9455.67
1020,73,9423.98
1020,74,9394.55
1020,75,9447.09
1020,76,9477.2
1020,77,9385.18
1020,78,9372.89
1020,79,9447.6
1020,80,9391.34
1020,81,9457.58
1020,82,9487.49
1020,83,9386.18
1020,84,9403.22
1020,85,9441.56
1020,86,9380.63
1020,87,9347.22
1020,88,9497.7
1020,89,9452.48
1020,90,9480.63
1020,91,9352.08
1020,92,9472
1020,93,9395.26
1020,94,9403.01
1020,95,9473.38
1020,96,9401.17
1020,97,9432.49
1020,98,9355.46
1020,99,9395.63
1030,0,9548.94
1030,1,9352.96
1030,2,9355.54
1030,3,9425.07
1030,4,9411.52
1030,5,9389.02
1030,6,9406.96
1030,7,9389.36
1030,8,9417.87
1030,9,9470.61
1030,10,9417.33
1030,11,9429.46
1030,12,9479.11
1030,13,9410.62
1030,14,9432.11
1030,15,9454.37
1030,16,9359.29
1030,17,9433.8
1030,18,9434.6
1030,19,9374.07
1030,20,9422.72
1030,21,9480.55
1030,22,9472.87
1030,23,9367.43
1030,24,9353.59
1030,25,9351.06
1030,26,9442.42
1030,27,9367.83
1030,28,9348.92
1030,29,9417.23
1030,30,9467.49
1030,31,9393.91
1030,32,9443.93
1030,33,9472.3
1030,34,9360.2
1030,35,9451
1030,36,9526.95
1030,37,9512.86
1030,38,9429.71
1030,39,9410.13
1030,40,9381.29
1030,41,9437.32
1030,42,9446.08
1030,43,9441.17
1030,44,9391.99
1030,45,9393.05
1030,46,9367.45
1030,47,9413.95
1030,48,9422.06
1030,49,9456.28
1030,50,9475.58
1030,51,9431.46
1030,52,9465.64
1030,53,9361.22
1030,54,9421.38
1030,55,9461.57
1030,56,9451.32
1030,57,9466.96
1030,58,9438.03
1030,59,9400.5
1030,60,9463.5
1030,61,9404.35
1030,62,9408.91
1030,63,9403.21
1030,64,9483.18
1030,65,9347.68
1030,66,9436.64
1030,67,9456.35
1030,68,9331.45
1030,69,9361.92
1030,70,9419.49
1030,71,9488.48
1030,72,9455.37
1030,73,9423.68
1030,74,9394.25
1030,75,9446.79
1030,76,9476.9
1030,77,9384.88
1030,78,9372.59
1030,79,9447.3
1030,80,9391.04
1030,81,9457.28
1030,82,9487.19
1030,83,9385.88
1030,84,9402.92
1030,85,9441.26
1030,86,9380.33
1030,87,9346.92
1030,88,9497.4
1030,89,9452.18
1030,90,9480.33
1030,91,9351.78
1030,92,9471.7
1030,93,9394.96
1030,94,9402.71
1030,95,9473.08
1030,96,9400.87
1030,97,9432.19
1030,98,9355.16
1030,99,9395.33
1040,0,9544.26
1040,1,9347.19
1040,2,9352.06
1040,3,9420.43
1040,4,9405.72
1040,5,9384.44
1040,6,9399.14
1040,7,9382.18
1040,8,9414.48
1040,9,9465.81
1040,10,9410.7
1040,11,9422.58
1040,12,9473.27
1040,13,9403.03
1040,14,9425.14
1040,15,9448.64
1040,16,9352.02
1040,17,9427.1
1040,18,9427.08
1040,19,9366.69
1040,20,9418.44
1040,21,9476.08
1040,22,9467.08
1040,23,9358.28
1040,24,9347.08
1040,25,9343.55
1040,26,9435.3
1040,27,9360.9
1040,28,9342.1
1040,29,9409.85
1040,30,9459.36
1040,31,9386.12
1040,32,9438.48
1040,33,9465.94
1040,34,9353.21
1040,35,9444.56
1040,36,9522.54
1040,37,9507.31
1040,38,9425.14
1040,39,9406.07
1040,40,9374.4
1040,41,9430.05
1040,42,9440.79
1040,43,9434.05
1040,44,9384.34
1040,45,9389.42
1040,46,9359.59
1040,47,9407.58
1040,48,9414.94
1040,49,9449.99
1040,50,9469.53
1040,51,9424.93
1040,52,9458.62
1040,53,9358.35
1040,54,9415.67
1040,55,9454.83
1040,56,9446.65
1040,57,9460.82
1040,58,9431.15
1040,59,9394.25
1040,60,9454.81
1040,61,9398.09
1040,62,9405.12
1040,63,9399.54
1040,64,9476.95
1040,65,9342.24
1040,66,9432.02
1040,67,9452.14
1040,68,9326.87
1040,69,9355.71
1040,70,9412.41
1040,71,9486.48
1040,72,9448.1
1040,73,9417.14
1040,74,9391.12
1040,75,9441.3
1040,76,9470.21
1040,77,9382.25
1040,78,9369.29
1040,79,9441.92
1040,80,9386.07
1040,81,9449.46
1040,82,9480.85
1040,83,9379.69
1040,84,9398.29
1040,85,9435.28
1040,86,9376.2
1040,87,9339.32
1040,88,9491.15
1040,89,9444.7
1040,90,9475.4
1040,91,9346.29
1040,92,9466.27
1040,93,9391.96
1040,94,9396.29
1040,95,9464.96
1040,96,9394.97
1040,97,9428.94
1040,98,9348.84
1040,99,9388.12
1050,0,9534.63
1050,1,9335.93
1050,2,9340.2
1050,3,9412.53
1050,4,9399.06
1050,5,9375.39
1050,6,9393.66
1050,7,9377.41
1050,8,9403.65
1050,9,9458.93
1050,10,9400.8
1050,11,9415.79
1050,12,9467.69
1050,13,9398.54
1050,14,9417.8
1050,15,9440.67
1050,16,9347.2
1050,17,9420.04
1050,18,9424.54
1050,19,9358.53
1050,20,9406.62
1050,21,9468.15
1050,22,9460.45
1050,23,9353.15
1050,24,9340.24
1050,25,9336
1050,26,9430.61
1050,27,9353.5
1050,28,9335.98
1050,29,9405.52
1050,30,9452.32
1050,31,9381.62
1050,32,9431.61
1050,33,9461.48
1050,34,9347.7
1050,35,9436.25
1050,36,9513.79
1050,37,9500.37
1050,38,9412.64
1050,39,9396.17
1050,40,9367.72
1050,41,9423.08
1050,42,9430.61
1050,43,9427.79
1050,44,9378.51
1050,45,9380.41
1050,46,9354.07
1050,47,9400.81
1050,48,9406.87
1050,49,9440.31
1050,50,9463.77
1050,51,9419.69
1050,52,9451.32
1050,53,9345.88
1050,54,9408.6
1050,55,9448.75
1050,56,9438.58
1050,57,9455.18
1050,58,9427.83
1050,59,9387.21
1050,60,9448.97
1050,61,9390.92
1050,62,9393.36
1050,63,9391.79
1050,64,9469.13
1050,65,9335.17
1050,66,9423.88
1050,67,9440.99
1050,68,9312.58
1050,69,9347.38
1050,70,9406.33
1050,71,9477.18
1050,72,9441.63
1050,73,9409.76
1050,74,9381.15
1050,75,9435.25
1050,76,9466.1
1050,77,9370.53
1050,78,9358.48
1050,79,9435.38
1050,80,9380.14
1050,81,9443.69
1050,82,9476.33
1050,83,9373.05
1050,84,9389.97
1050,85,9427.42
1050,86,9365.92
1050,87,9329.92
1050,88,9482.73
1050,89,9440.21
1050,90,9466.31
1050,91,9338.94
1050,92,9460.09
1050,93,9381.37
1050,94,9387.76
1050,95,9460.88
1050,96,9386.67
1050,97,9419.77
1050,98,9341.21
1050,99,9382.15
1060,0,9534.33
1060,1,9335.63
1060,2,9339.9
1060,3,9412.23
1060,4,9398.76
1060,5,9375.09
1060,6,9393.36
1060,7,9377.11
1060,8,9403.35
1060,9,9458.63
1060,10,9400.5
1060,11,9415.49
1060,12,9467.39
1060,13,9398.24
1060,14,9417.5
1060,15,9440.37
1060,16,9346.9
1060,17,9419.74
1060,18,9424.24
1060,19,9358.23
1060,20,9406.32
1060,21,9467.85
1060,22,9460.15
1060,23,9352.85
1060,24,9339.94
1060,25,9335.7
1060,26,9430.31
1060,27,9353.2
1060,28,9335.68
1060,29,9405.22
1060,30,9452.02
1060,31,9381.32
1060,32,9431.31
1060,33,9461.18
1060,34,9347.4
1060,35,9435.95
1060,36,9513.49
1060,37,9500.07
1060,38,9412.34
1060,39,9395.87
1060,40,9367.42
1060,41,9422.78
1060,42,9430.31
1060,43,9427.49
1060,44,9378.21
1060,45,9380.11
1060,46,9353.77
1060,47,9400.51
1060,48,9406.57
1060,49,9440.01
1060,50,9463.47
1060,51,9419.39
1060,52,9451.02
1060,53,9345.58
1060,54,9408.3
1060,55,9448.45
1060,56,9438.28
1060,57,9454.88
1060,58,9427.53
1060,59,9386.91
1060,60,9448.67
1060,61,9390.62
1060,62,9393.06
1060,63,9391.49
1060,64,9468.83
1060,65,9334.87
1060,66,9423.58
1060,67,9440.69
1060,68,9312.28
1060,69,9347.08
1060,70,9406.03
1060,71,9476.88
1060,72,9441.33
1060,73,9409.46
1060,74,9380.85
1060,75,9434.95
1060,76,9465.8
1060,77,9370.23
1060,78,9358.18
1060,79,9435.08
1060,80,9379.84
1060,81,9443.39
1060,82,9476.03
1060,83,9372.75
1060,84,9389.67
1060,85,9427.12
1060,86,9365.62
1060,87,9329.62
1060,88,9482.43
1060,89,9439.91
1060,90,9466.01
1060,91,9338.64
1060,92,9459.79
1060,93,9381.07
1060,94,9387.46
1060,95,9460.58
1060,96,9386.37
1060,97,9419.47
1060,98,9340.91
1060,99,9381.85
1070,0,9532.28
1070,1,9333.21
1070,2,9336.55
1070,3,9410.21
1070,4,9395.49
1070,5,9374.07
1070,6,9390.45
1070,7,9375.26
1070,8,9399.9
1070,9,9454.72
1070,10,9397.47
1070,11,9412.71
1070,12,9463.13
1070,13,9394.54
1070,14,9413.73
1070,15,9436.97
1070,16,9344.2
1070,17,9416.28
1070,18,9421.61
1070,19,9356.32
1070,20,9402.15
1070,21,9463.7
1070,22,9456.4
1070,23,9351.56
1070,24,9339.19
1070,25,9331.29
1070,26,9426.87
1070,27,9348.93
1070,28,9334.82
1070,29,9400.72
1070,30,9449.6
1070,31,9377.3
1070,32,9427.56
1070,33,9459.32
1070,34,9344.1
1070,35,9434.6
1070,36,9509.76
1070,37,9496.67
1070,38,9407.7
1070,39,9392.3
1070,40,9364.75
1070,41,9418.65
1070,42,9426.66
1070,43,9424.65
1070,44,9376.13
1070,45,9376.47
1070,46,9351.33
1070,47,9398.36
1070,48,9405.39
1070,49,9438.27
1070,50,9460.61
1070,51,9417.42
1070,52,9446.74
1070,53,9342.76
1070,54,9406.59
1070,55,9446.02
1070,56,9434.97
1070,57,9449.92
1070,58,9425.74
1070,59,9384.9
1070,60,9445.15
1070,61,9386.92
1070,62,9389.2
1070,63,9387.74
1070,64,9466.24
1070,65,9333.58
1070,66,9419.6
1070,67,9439.79
1070,68,9309.17
1070,69,9345.13
1070,70,9403.65
1070,71,9474.76
1070,72,9439.18
1070,73,9405.08
1070,74,9377.69
1070,75,9433.03
1070,76,9460.17
1070,77,9367.56
1070,78,9354.85
1070,79,9433.13
1070,80,9379.54
1070,81,9440.04
1070,82,9473.04
1070,83,9369.54
1070,84,9385.01
1070,85,9423.77
1070,86,9361.53
1070,87,9327.29
1070,88,9479.62
1070,89,9436.14
1070,90,9461.09
1070,91,9338.29
1070,92,9455.23
1070,93,9378
1070,94,9382.18
1070,95,9456.79
1070,96,9382.16
1070,97,9416.15
1070,98,9337.89
1070,99,9379.28
1080,0,9521.79
1080,1,9318.18
1080,2,9320.69
1080,3,9399.36
1080,4,9384.76
1080,5,9359.78
1080,6,9375.93
1080,7,9362.51
1080,8,9389.23
1080,9,9445.89
1080,10,9383.69
1080,11,9400.19
1080,12,9454.79
1080,13,9382.27
1080,14,9400.63
1080,15,9424.72
1080,16,9329
1080,17,9403.54
1080,18,9410.46
1080,19,9338.54
1080,20,9391.04
1080,21,9454.51
1080,22,9447.57
1080,23,9335.14
1080,24,9323.56
1080,25,9318.94
1080,26,9415.07
1080,27,9335.02
1080,28,9318.25
1080,29,9390.29
1080,30,9439.19
1080,31,9367.12
1080,32,9418.13
1080,33,9449.96
1080,34,9329.11
1080,35,9422.25
1080,36,9502.11
1080,37,9487.67
1080,38,9393.03
1080,39,9379.41
1080,40,9352.12
1080,41,9409.21
1080,42,9413.49
1080,43,9413.88
1080,44,9361.94
1080,45,9365.48
1080,46,9334.43
1080,47,9385.92
1080,48,9392.47
1080,49,9426.69
1080,50,9451.85
1080,51,9402.68
1080,52,9436.46
1080,53,9326.36
1080,54,9393.67
1080,55,9435.24
1080,56,9424.8
1080,57,9440.71
1080,58,9414.93
1080,59,9370.99
1080,60,9433.72
1080,61,9373.22
1080,62,9377.74
1080,63,9377.74
1080,64,9453.53
1080,65,9317.4
1080,66,9406.33
1080,67,9425.84
1080,68,9295.79
1080,69,9330.48
1080,70,9390.93
1080,71,9463.76
1080,72,9427.46
1080,73,9392.82
1080,74,9365.27
1080,75,9419.12
1080,76,9451.37
1080,77,9352.6
1080,78,9341.27
1080,79,9420.02
1080,80,9365.72
1080,81,9429.57
1080,82,9463.55
1080,83,9358.3
1080,84,9375.04
1080,85,9413.42
1080,86,9348.42
1080,87,9312.49
1080,88,9466.61
1080,89,9424.36
1080,90,9451.08
1080,91,9322.65
1080,92,9445.77
1080,93,9362.79
1080,94,9370.68
1080,95,9444.21
1080,96,9370.21
1080,97,9407.35
1080,98,9324.61
1080,99,9367.76
1090,0,9521.49
1090,1,9317.88
1090,2,9320.39
1090,3,9399.06
1090,4,9384.46
1090,5,9359.48
1090,6,9375.63
1090,7,9362.21
1090,8,9388.93
1090,9,9445.59
1090,10,9383.39
1090,11,9399.89
1090,12,9454.49
1090,13,9381.97
1090,14,9400.33
1090,15,9424.42
1090,16,9328.7
1090,17,9403.24
1090,18,9410.16
1090,19,9338.24
1090,20,9390.74
1090,21,9454.21
1090,22,9447.27
1090,23,9334.84
1090,24,9323.26
1090,25,9318.64
1090,26,9414.77
1090,27,9334.72
1090,28,9317.95
1090,29,9389.99
1090,30,9438.89
1090,31,9366.82
1090,32,9417.83
1090,33,9449.66
1090,34,9328.81
1090,35,9421.95
1090,36,9501.81
1090,37,9487.37
1090,38,9392.73
1090,39,9379.11
1090,40,9351.82
1090,41,9408.91
1090,42,9413.19
1090,43,9413.58
1090,44,9361.64
1090,45,9365.18
1090,46,9334.13
1090,47,9385.62
1090,48,9392.17
1090,49,9426.39
1090,50,9451.55
1090,51,9402.38
1090,52,9436.16
1090,53,9326.06
1090,54,9393.37
1090,55,9434.94
1090,56,9424.5
1090,57,9440.41
1090,58,9414.63
1090,59,9370.69
1090,60,9433.42
1090,61,9372.92
1090,62,9377.44
1090,63,9377.44
1090,64,9453.23
1090,65,9317.1
1090,66,9406.03
1090,67,9425.54
1090,68,9295.49
1090,69,9330.18
1090,70,9390.63
1090,71,9463.46
1090,72,9427.16
1090,73,9392.52
1090,74,9364.97
1090,75,9418.82
1090,76,9451.07
1090,77,9352.3
1090,78,9340.97
1090,79,9419.72
1090,80,9365.42
1090,81,9429.27
1090,82,9463.25
1090,83,9358
1090,84,9374.74
1090,85,9413.12
1090,86,9348.12
1090,87,9312.19
1090,88,9466.31
1090,89,9424.06
1090,90,9450.78
1090,91,9322.35
1090,92,9445.47
1090,93,9362.49
1090,94,9370.38
1090,95,9443.91
1090,96,9369.91
1090,97,9407.05
1090,98,9324.31
1090,99,9367.46
1100,0,9521.19
1100,1,9315.32
1100,2,9320.09
1100,3,9396.37
1100,4,9384.12
1100,5,9358.51
1100,6,9372.75
1100,7,9361.91
1100,8,9388.59
1100,9,9445.25
1100,10,9383.09
1100,11,9399.59
1100,12,9454.19
1100,13,9381.67
1100,14,9400.03
1100,15,9424.12
1100,16,9325.96
1100,17,9401.54
1100,18,9408.69
1100,19,9336.43
1100,20,9389.39
1100,21,9453.91
1100,22,9446.97
1100,23,9334.54
1100,24,9322.96
1100,25,9317.23
1100,26,9414.47
1100,27,9332.88
1100,28,9317.65
1100,29,9388.4
1100,30,9438.59
1100,31,9366.52
1100,32,9416.06
1100,33,9447.75
1100,34,9328.51
1100,35,9421.65
1100,36,9500.52
1100,37,9487.07
1100,38,9390.69
1100,39,9378.81
1100,40,9351.52
1100,41,9407.01
1100,42,9412.89
1100,43,9413.28
1100,44,9359.52
1100,45,9364.2
1100,46,9331.69
1100,47,9383.4
1100,48,9391.45
1100,49,9426.09
1100,50,9450.52
1100,51,9402.08
1100,52,9434.5
1100,53,9323.31
1100,54,9391.74
1100,55,9434.64
1100,56,9423.37
1100,57,9440.06
1100,58,9412.84
1100,59,9368.74
1100,60,9432.54
1100,61,9371.38
1100,62,9376.1
1100,63,9376.35
1100,64,9450.64
1100,65,9316.8
1100,66,9404.78
1100,67,9425.24
1100,68,9295.19
1100,69,9328.25
1100,70,9388.33
1100,71,9463.1
1100,72,9424.93
1100,73,9390.25
1100,74,9364.67
1100,75,9418.52
1100,76,9450.77
1100,77,9349.59
1100,78,9340.61
1100,79,9417.84
1100,80,9365.12
1100,81,9428.02
1100,82,9462.95
1100,83,9356.92
1100,84,9373.02
1100,85,9412.76
1100,86,9347.09
1100,87,9309.79
1100,88,9463.54
1100,89,9423.76
1100,90,9450.48
1100,91,9321.99
1100,92,9444.32
1100,93,9362.19
1100,94,9368.22
1100,95,9442.08
1100,96,9368.74
1100,97,9406.75
1100,98,9324.01
1100,99,9367.16
1110,0,9508.08
1110,1,9301.06
1110,2,9305.92
1110,3,9386.34
1110,4,9370.39
1110,5,9346.29
1110,6,9360.43
1110,7,9348.69
1110,8,9373.52
1110,9,9431.89
1110,10,9370.54
1110,11,9386.5
1110,12,9443
1110,13,9368.74
1110,14,9385.32
1110,15,9409.71
1110,16,9313.89
1110,17,9390.48
1110,18,9399.25
1110,19,9321.14
1110,20,9373.8
1110,21,9441.88
1110,22,9436.15
1110,23,9319.31
1110,24,9308.14
1110,25,9302.04
1110,26,9401.68
1110,27,9318.77
1110,28,9302.97
1110,29,9378.01
1110,30,9428.48
1110,31,9352.61
1110,32,9407.5
1110,33,9438.84
1110,34,9313.07
1110,35,9407.14
1110,36,9489.91
1110,37,9476.88
1110,38,9375.28
1110,39,9364.48
1110,40,9337.66
1110,41,9396.64
1110,42,9397.09
1110,43,9400.18
1110,44,9346.24
1110,45,9349.76
1110,46,9317.89
1110,47,9371.09
1110,48,9379.63
1110,49,9411.77
1110,50,9439.05
1110,51,9388.32
1110,52,9422.13
1110,53,9310.82
1110,54,9380.31
1110,55,9422.4
1110,56,9410.25
1110,57,9428.62
1110,58,9403.31
1110,59,9354.95
1110,60,9419.54
1110,61,9358.34
1110,62,9360.02
1110,63,9363.47
1110,64,9438.74
1110,65,9301.01
1110,66,9389.6
1110,67,9410.47
1110,68,9281.41
1110,69,9314.23
1110,70,9377.23
1110,71,9450.61
1110,72,9414.54
1110,73,9380.03
1110,74,9350.33
1110,75,9405.65
1110,76,9438.07
1110,77,9335.27
1110,78,9326.38
1110,79,9406.23
1110,80,9352.31
1110,81,9416.35
1110,82,9450.25
1110,83,9344.94
1110,84,9361.83
1110,85,9398.59
1110,86,9333.27
1110,87,9296.07
1110,88,9451.72
1110,89,9410.54
1110,90,9438.87
1110,91,9309.19
1110,92,9433.01
1110,93,9348.2
1110,94,9355.09
1110,95,9432.75
1110,96,9353.74
1110,97,9392.69
1110,98,9310.29
1110,99,9353.22
1120,0,9507.78
1120,1,9300.76
1120,2,9305.62
1120,3,9386.04
1120,4,9370.09
1120,5,9345.99
1120,6,9360.13
1120,7,9348.39
1120,8,9373.22
1120,9,9431.59
1120,10,9370.24
1120,11,9386.2
1120,12,9442.7
1120,13,9368.44
1120,14,9385.02
1120,15,9409.41
1120,16,9313.59
1120,17,9390.18
1120,18,9398.95
1120,19,9320.84
1120,20,9373.5
1120,21,9441.58
1120,22,9435.85
1120,23,9319.01
1120,24,9307.84
1120,25,9301.74
1120,26,9401.38
1120,27,9318.47
1120,28,9302.67
1120,29,9377.71
1120,30,9428.18
1120,31,9352.31
1120,32,9407.2
1120,33,9438.54
1120,34,9312.77
1120,35,9406.84
1120,36,9489.61
1120,37,9476.58
1120,38,9374.98
1120,39,9364.18
1120,40,9337.36
1120,41,9396.34
1120,42,9396.79
1120,43,9399.88
1120,44,9345.94
1120,45,9349.46
1120,46,9317.59
1120,47,9370.79
1120,48,9379.33
1120,49,9411.47
1120,50,9438.75
1120,51,9388.02
1120,52,9421.83
1120,53,9310.52
1120,54,9380.01
1120,55,9422.1
1120,56,9409.95
1120,57,9428.32
1120,58,9403.01
1120,59,9354.65
1120,60,9419.24
1120,61,9358.04
1120,62,9359.72
1120,63,9363.17
1120,64,9438.44
1120,65,9300.71
1120,66,9389.3
1120,67,9410.17
1120,68,9281.11
1120,69,9313.93
1120,70,9376.93
1120,71,9450.31
1120,72,9414.24
1120,73,9379.73
1120,74,9350.03
1120,75,9405.35
1120,76,9437.77
1120,77,9334.97
1120,78,9326.08
1120,79,9405.93
1120,80,9352.01
1120,81,9416.05
1120,82,9449.95
1120,83,9344.64
1120,84,9361.53
1120,85,9398.29
1120,86,9332.97
1120,87,9295.77
1120,88,9451.42
1120,89,9410.24
1120,90,9438.57
1120,91,9308.89
1120,92,9432.71
1120,93,9347.9
1120,94,9354.79
1120,95,9432.45
1120,96,9353.44
1120,97,9392.39
1120,98,9309.99
1120,99,9352.92
1130,0,9507.48
1130,1,9300.46
1130,2,9305.32
1130,3,9385.74
1130,4,9369.74
1130,5,9345.07
1130,6,9359.83
1130,7,9348.09
1130,8,9372.86
1130,9,9431.23
1130,10,9369.94
1130,11,9385.9
1130,12,9442.4
1130,13,9368.14
1130,14,9384.72
1130,15,9409.11
1130,16,9313.29
1130,17,9389.88
1130,18,9398.65
1130,19,9320.54
1130,20,9372.12
1130,21,9441.28
1130,22,9435.55
1130,23,9318.71
1130,24,9307.54
1130,25,9300.36
1130,26,9401.08
1130,27,9318.17
1130,28,9302.37
1130,29,9377.41
1130,30,9427.88
1130,31,9352.01
1130,32,9406.9
1130,33,9438.24
1130,34,9312.47
1130,35,9406.54
1130,36,9489.31
1130,37,9476.28
1130,38,9374.68
1130,39,9363.88
1130,40,9337.06
1130,41,9396.04
1130,42,9396.49
1130,43,9399.58
1130,44,9345.64
1130,45,9349.16
1130,46,9317.29
1130,47,9370.49
1130,48,9379.03
1130,49,9411.17
1130,50,9438.45
1130,51,9387.72
1130,52,9421.53
1130,53,9310.22
1130,54,9379.71
1130,55,9421.8
1130,56,9409.65
1130,57,9427.96
1130,58,9402.71
1130,59,9354.35
1130,60,9418.94
1130,61,9356.59
1130,62,9358.29
1130,63,9362.87
1130,64,9438.14
1130,65,9300.41
1130,66,9389
1130,67,9409.87
1130,68,9280.81
1130,69,9313.63
1130,70,9376.63
1130,71,9450.01
1130,72,9413.94
1130,73,9379.43
1130,74,9349.73
1130,75,9405.05
1130,76,9437.47
1130,77,9334.67
1130,78,9325.78
1130,79,9405.63
1130,80,9351.71
1130,81,9415.75
1130,82,9449.65
1130,83,9344.34
1130,84,9361.23
1130,85,9397.99
1130,86,9332.67
1130,87,9295.47
1130,88,9451.12
1130,89,9409.94
1130,90,9438.27
1130,91,9308.59
1130,92,9432.41
1130,93,9347.6
1130,94,9354.49
1130,95,9432.15
1130,96,9352.22
1130,97,9392.09
1130,98,9309.69
1130,99,9352.62
1140,0,9493.94
1140,1,9283.73
1140,2,9290.08
1140,3,9374.24
1140,4,9357.28
1140,5,9332.08
1140,6,9345.46
1140,7,9335.42
1140,8,9358.67
1140,9,9418.46
1140,10,9357.21
1140,11,9373.19
1140,12,9431.71
1140,13,9355.36
1140,14,9371.53
1140,15,9394.4
1140,16,9298.77
1140,17,9376.47
1140,18,9387.56
1140,19,9304.5
1140,20,9358.48
1140,21,9430.06
1140,22,9424.31
1140,23,9302.43
1140,24,9292.14
1140,25,9286.56
1140,26,9388.82
1140,27,9303.46
1140,28,9288.01
1140,29,9365.02
1140,30,9410.99
1140,31,9339.81
1140,32,9395.96
1140,33,9428.09
1140,34,9297.2
1140,35,9392.47
1140,36,9478.18
1140,37,9466.91
1140,38,9358.48
1140,39,9348.72
1140,40,9323.13
1140,41,9384.66
1140,42,9382.18
1140,43,9386.23
1140,44,9331.1
1140,45,9335.25
1140,46,9301.44
1140,47,9356.55
1140,48,9367.63
1140,49,9396.9
1140,50,9427.53
1140,51,9374.72
1140,52,9408.01
1140,53,9294.23
1140,54,9366.42
1140,55,9411.69
1140,56,9395.88
1140,57,9417
1140,58,9391.69
1140,59,9339.47
1140,60,9408.28
1140,61,9344.43
1140,62,9343.85
1140,63,9349.26
1140,64,9424.57
1140,65,9285.58
1140,66,9374.45
1140,67,9394.69
1140,68,9272.47
1140,69,9297.4
1140,70,9362.82
1140,71,9440.57
1140,72,9402.32
1140,73,9365.57
1140,74,9335.67
1140,75,9391.87
1140,76,9425.78
1140,77,9319.51
1140,78,9311.2
1140,79,9393.27
1140,80,9339
1140,81,9402.96
1140,82,9436.94
1140,83,9330.34
1140,84,9346.85
1140,85,9384.24
1140,86,9317.44
1140,87,9279.33
1140,88,9438.37
1140,89,9397.63
1140,90,9428.6
1140,91,9294.81
1140,92,9421.93
1140,93,9332.48
1140,94,9340.99
1140,95,9421.25
1140,96,9338.24
1140,97,9378.45
1140,98,9297.27
1140,99,9338.23
1150,0,9493.64
1150,1,9283.43
1150,2,9289.78
1150,3,9373.94
1150,4,9356.98
1150,5,9331.78
1150,6,9345.16
1150,7,9335.12
1150,8,9358.37
1150,9,9418.16
1150,10,9356.91
1150,11,9372.89
1150,12,9431.41
1150,13,9355.06
1150,14,9371.23
1150,15,9394.1
1150,16,9298.47
1150,17,9376.17
1150,18,9387.26
1150,19,9304.2
1150,20,9358.18
1150,21,9429.76
1150,22,9424.01
1150,23,9302.13
1150,24,9291.84
1150,25,9286.26
1150,26,9388.52
1150,27,9303.16
1150,28,9287.71
1150,29,9364.72
1150,30,9410.69
1150,31,9339.51
1150,32,9395.66
1150,33,9427.79
1150,34,9296.9
1150,35,9392.17
1150,36,9477.88
1150,37,9466.61
1150,38,9358.18
1150,39,9348.42
1150,40,9322.83
1150,41,9384.36
1150,42,9381.88
1150,43,9385.93
1150,44,9330.8
1150,45,9334.95
1150,46,9301.14
1150,47,9356.25
1150,48,9367.33
1150,49,9396.6
1150,50,9427.23
1150,51,9374.42
1150,52,9407.71
1150,53,9293.93
1150,54,9366.12
1150,55,9411.39
1150,56,9395.58
1150,57,9416.7
1150,58,9391.39
1150,59,9339.17
1150,60,9407.98
1150,61,9344.13
1150,62,9343.55
1150,63,9348.96
1150,64,9424.27
1150,65,9285.28
1150,66,9374.15
1150,67,9394.39
1150,68,9272.17
1150,69,9297.1
1150,70,9362.52
1150,71,9440.27
1150,72,9402.02
1150,73,9365.27
1150,74,9335.37
1150,75,9391.57
1150,76,9425.48
1150,77,9319.21
1150,78,9310.9
1150,79,9392.97
1150,80,9338.7
1150,81,9402.66
1150,82,9436.64
1150,83,9330.04
1150,84,9346.55
1150,85,9383.94
1150,86,9317.14
1150,87,9279.03
1150,88,9438.07
1150,89,9397.33
1150,90,9428.3
1150,91,9294.51
1150,92,9421.63
1150,93,9332.18
1150,94,9340.69
1150,95,9420.95
1150,96,9337.94
1150,97,9378.15
1150,98,9296.97
1150,99,9337.93
1160,0,9493.34
1160,1,9283.13
1160,2,9289.48
1160,3,9373.64
1160,4,9356.68
1160,5,9331.48
1160,6,9344.86
1160,7,9334.82
1160,8,9358.07
1160,9,9417.86
1160,10,9356.61
1160,11,9372.59
1160,12,9431.11
1160,13,9354.76
1160,14,9370.93
1160,15,9393.8
1160,16,9298.17
1160,17,9375.87
1160,18,9386.96
1160,19,9303.9
1160,20,9357.88
1160,21,9429.46
1160,22,9423.71
1160,23,9301.83
1160,24,9291.54
1160,25,9285.96
1160,26,9388.22
1160,27,9302.86
1160,28,9287.41
1160,29,9364.42
1160,30,9410.39
1160,31,9339.21
1160,32,9395.36
1160,33,9427.49
1160,34,9296.6
1160,35,9391.87
1160,36,9477.58
1160,37,9466.31
1160,38,9357.88
1160,39,9348.12
1160,40,9322.53
1160,41,9384.06
1160,42,9381.58
1160,43,9385.63
1160,44,9330.5
1160,45,9334.65
1160,46,9300.84
1160,47,9355.95
1160,48,9367.03
1160,49,9396.3
1160,50,9426.93
1160,51,9374.12
1160,52,9407.41
1160,53,9293.63
1160,54,9365.82
1160,55,9411.09
1160,56,9395.28
1160,57,9416.4
1160,58,9391.09
1160,59,9338.87
1160,60,9407.68
1160,61,9343.83
1160,62,9343.25
1160,63,9348.66
1160,64,9423.97
1160,65,9284.98
1160,66,9373.85
1160,67,9394.09
1160,68,9271.87
1160,69,9296.8
1160,70,9362.22
1160,71,9439.97
1160,72,9401.72
1160,73,9364.97
1160,74,9335.07
1160,75,9391.27
1160,76,9425.18
1160,77,9318.91
1160,78,9310.6
1160,79,9392.67
1160,80,9338.4
1160,81,9402.36
1160,82,9436.34
1160,83,9329.74
1160,84,9346.25
1160,85,9383.64
1160,86,9316.84
1160,87,9278.73
1160,88,9437.77
1160,89,9397.03
1160,90,9428
1160,91,9294.21
1160,92,9421.33
1160,93,9331.88
1160,94,9340.39
1160,95,9420.65
1160,96,9337.64
1160,97,9377.85
1160,98,9296.67
1160,99,9337.63
1170,0,9480.7
1170,1,9265.85
1170,2,9274.12
1170,3,9362.32
1170,4,9344.21
1170,5,9318.13
1170,6,9330.72
1170,7,9321.48
1170,8,9344.84
1170,9,9405.62
1170,10,9343.3
1170,11,9360.15
1170,12,9420.06
1170,13,9341.06
1170,14,9357.69
1170,15,9379.3
1170,16,9283.81
1170,17,9362.83
1170,18,9377.02
1170,19,9288.34
1170,20,9343.39
1170,21,9419.58
1170,22,9413.47
1170,23,9289.59
1170,24,9275.95
1170,25,9270.56
1170,26,9374.93
1170,27,9288.59
1170,28,9272.64
1170,29,9352.28
1170,30,9397.5
1170,31,9327.26
1170,32,9384.54
1170,33,9418.19
1170,34,9282.25
1170,35,9378.41
1170,36,9466.04
1170,37,9457.94
1170,38,9342.1
1170,39,9332.68
1170,40,9308.21
1170,41,9372.98
1170,42,9368.2
1170,43,9373.2
1170,44,9315.39
1170,45,9321.1
1170,46,9285.35
1170,47,9342.8
1170,48,9355.62
1170,49,9383.6
1170,50,9417.3
1170,51,9360.73
1170,52,9393.98
1170,53,9278.86
1170,54,9352.92
1170,55,9400.69
1170,56,9382.43
1170,57,9406.11
1170,58,9379.74
1170,59,9324.2
1170,60,9393.93
1170,61,9330.42
1170,62,9327.69
1170,63,9335.63
1170,64,9410.96
1170,65,9269.77
1170,66,9359.96
1170,67,9379.73
1170,68,9262.78
1170,69,9280.83
1170,70,9348.23
1170,71,9428.6
1170,72,9389.74
1170,73,9350.93
1170,74,9320.58
1170,75,9379.13
1170,76,9413.1
1170,77,9304.14
1170,78,9296.55
1170,79,9380.85
1170,80,9325.23
1170,81,9389.97
1170,82,9424.7
1170,83,9315.73
1170,84,9332.1
1170,85,9370.93
1170,86,9302.16
1170,87,9262.71
1170,88,9424.75
1170,89,9383.45
1170,90,9418.2
1170,91,9280.22
1170,92,9410.95
1170,93,9317.34
1170,94,9327.15
1170,95,9408.61
1170,96,9322.84
1170,97,9365.2
1170,98,9283.72
1170,99,9323.62
1180,0,9480.4
1180,1,9265.55
1180,2,9273.82
1180,3,9362.02
1180,4,9343.91
1180,5,9317.83
1180,6,9330.42
1180,7,9321.18
1180,8,9344.54
1180,9,9405.32
1180,10,9343
1180,11,9359.85
1180,12,9419.76
1180,13,9340.76
1180,14,9357.39
1180,15,9379
1180,16,9283.51
1180,17,9362.53
1180,18,9376.72
1180,19,9288.04
1180,20,9343.09
1180,21,9419.28
1180,22,9413.17
1180,23,9289.29
1180,24,9275.65
1180,25,9270.26
1180,26,9374.63
1180,27,9288.29
1180,28,9272.34
1180,29,9351.98
1180,30,9397.2
1180,31,9326.96
1180,32,9384.24
1180,33,9417.89
1180,34,9281.95
1180,35,9378.11
1180,36,9465.74
1180,37,9457.64
1180,38,9341.8
1180,39,9332.38
1180,40,9307.91
1180,41,9372.68
1180,42,9367.9
1180,43,9372.9
1180,44,9315.09
1180,45,9320.8
1180,46,9285.05
1180,47,9342.5
1180,48,9355.32
1180,49,9383.3
1180,50,9417
1180,51,9360.43
1180,52,9393.68
1180,53,9278.56
1180,54,9352.62
1180,55,9400.39
1180,56,9382.13
1180,57,9405.81
1180,58,9379.44
1180,59,9323.9
1180,60,9393.63
1180,61,9330.12
1180,62,9327.39
1180,63,9335.33
1180,64,9410.66
1180,65,9269.47
1180,66,9359.66
1180,67,9379.43
1180,68,9262.48
1180,69,9280.53
1180,70,9347.93
1180,71,9428.3
1180,72,9389.44
1180,73,9350.63
1180,74,9320.28
1180,75,9378.83
1180,76,9412.8
1180,77,9303.84
1180,78,9296.25
1180,79,9380.55
1180,80,9324.93
1180,81,9389.67
1180,82,9424.4
1180,83,9315.43
1180,84,9331.8
1180,85,9370.63
1180,86,9301.86
1180,87,9262.41
1180,88,9424.45
1180,89,9383.15
1180,90,9417.9
1180,91,9279.92
1180,92,9410.65
1180,93,9317.04
1180,94,9326.85
1180,95,9408.31
1180,96,9322.54
1180,97,9364.9
1180,98,9283.42
1180,99,9323.32
1190,0,9480.1
1190,1,9265.25
1190,2,9273.52
1190,3,9361.72
1190,4,9343.61
1190,5,9317.53
1190,6,9330.12
1190,7,9320.88
1190,8,9344.24
1190,9,9405.02
1190,10,9342.7
1190,11,9359.55
1190,12,9419.46
1190,13,9340.46
1190,14,9357.09
1190,15,9378.7
1190,16,9283.21
1190,17,9362.23
1190,18,9376.42
1190,19,9287.74
1190,20,9342.79
1190,21,9418.98
1190,22,9412.87
1190,23,9288.99
1190,24,9275.35
1190,25,9269.96
1190,26,9374.33
1190,27,9287.99
1190,28,9272.04
1190,29,9351.68
1190,30,9396.9
1190,31,9326.66
1190,32,9383.94
1190,33,9417.59
1190,34,9281.65
1190,35,9377.81
1190,36,9465.44
1190,37,9457.34
1190,38,9341.5
1190,39,9332.08
1190,40,9307.61
1190,41,9372.38
1190,42,9367.6
1190,43,9372.6
1190,44,9314.79
1190,45,9320.5
1190,46,9284.75
1190,47,9342.2
1190,48,9355.02
1190,49,9383
1190,50,9416.7
1190,51,9360.13
1190,52,9393.38
1190,53,9278.26
1190,54,9352.32
1190,55,9400.09
1190,56,9381.83
1190,57,9405.51
1190,58,9379.14
1190,59,9323.6
1190,60,9393.33
1190,61,9329.82
1190,62,9327.09
1190,63,9335.03
1190,64,9410.36
1190,65,9269.17
1190,66,9359.36
1190,67,9379.13
1190,68,9262.18
1190,69,9280.23
1190,70,9347.63
1190,71,9428
1190,72,9389.14
1190,73,9350.33
1190,74,9319.98
1190,75,9378.53
1190,76,9412.5
1190,77,9303.54
1190,78,9295.95
1190,79,9380.25
1190,80,9324.63
1190,81,9389.37
1190,82,9424.1
1190,83,9315.13
1190,84,9331.5
1190,85,9370.33
1190,86,9301.56
1190,87,9262.11
1190,88,9424.15
1190,89,9382.85
1190,90,9417.6
1190,91,9279.62
1190,92,9410.35
1190,93,9316.74
1190,94,9326.55
1190,95,9408.01
1190,96,9322.24
1190,97,9364.6
1190,98,9283.12
1190,99,9323.02
1200,0,9467.87
1200,1,9248.68
1200,2,9258.62
1200,3,9349.98
1200,4,9330.85
1200,5,9305.27
1200,6,9316.86
1200,7,9307.37
1200,8,9331.58
1200,9,9393.28
1200,10,9329.75
1200,11,9347.04
1200,12,9410.45
1200,13,9327.25
1200,14,9344.1
1200,15,9363.81
1200,16,9268.5
1200,17,9348.56
1200,18,9366.25
1200,19,9272.45
1200,20,9327.01
1200,21,9408.59
1200,22,9402.14
1200,23,9276.62
1200,24,9260.78
1200,25,9254.81
1200,26,9361.45
1200,27,9274.03
1200,28,9257.28
1200,29,9339.16
1200,30,9383.35
1200,31,9314.27
1200,32,9372.23
1200,33,9403.47
1200,34,9266.74
1200,35,9363.75
1200,36,9453.66
1200,37,9448.19
1200,38,9325.23
1200,39,9317.66
1200,40,9293.68
1200,41,9360.89
1200,42,9353.75
1200,43,9359.94
1200,44,9299.83
1200,45,9307.24
1200,46,9268.84
1200,47,9328.71
1200,48,9343.19
1200,49,9370.11
1200,50,9407.63
1200,51,9347.18
1200,52,9381.11
1200,53,9263.69
1200,54,9340.13
1200,55,9388.26
1200,56,9368.81
1200,57,9395.95
1200,58,9367.2
1200,59,9309.18
1200,60,9380.5
1200,61,9316.75
1200,62,9312.15
1200,63,9322.2
1200,64,9397.35
1200,65,9254.17
1200,66,9345.68
1200,67,9363.93
1200,68,9249.52
1200,69,9264.67
1200,70,9334.52
1200,71,9416.95
1200,72,9377.24
1200,73,9336.68
1200,74,9305.84
1200,75,9366.06
1200,76,9400.19
1200,77,9288.97
1200,78,9281.67
1200,79,9367.71
1200,80,9311.14
1200,81,9378.1
1200,82,9412.52
1200,83,9302.04
1200,84,9316.7
1200,85,9356.41
1200,86,9287.12
1200,87,9246.54
1200,88,9410.88
1200,89,9370.29
1200,90,9409.4
1200,91,9265.59
1200,92,9400.63
1200,93,9301.9
1200,94,9313.58
1200,95,9397
1200,96,9307.6
1200,97,9353.8
1200,98,9270.72
1200,99,9308.83
1210,0,9467.57
1210,1,9248.38
1210,2,9258.32
1210,3,9349.68
1210,4,9330.55
1210,5,9304.97
1210,6,9316.56
1210,7,9307.07
1210,8,9331.28
1210,9,9392.98
1210,10,9329.45
1210,11,9346.74
1210,12,9410.15
1210,13,9326.95
1210,14,9343.8
1210,15,9363.51
1210,16,9268.2
1210,17,9348.26
1210,18,9365.95
1210,19,9272.15
1210,20,9326.71
1210,21,9408.29
1210,22,9401.84
1210,23,9276.32
1210,24,9260.48
1210,25,9254.51
1210,26,9361.15
1210,27,9273.73
1210,28,9256.98
1210,29,9338.86
1210,30,9383.05
1210,31,9313.97
1210,32,9371.93
1210,33,9403.17
1210,34,9266.44
1210,35,9363.45
1210,36,9453.36
1210,37,9447.89
1210,38,9324.93
1210,39,9317.36
1210,40,9293.38
1210,41,9360.59
1210,42,9353.45
1210,43,9359.64
1210,44,9299.53
1210,45,9306.94
1210,46,9268.54
1210,47,9328.41
1210,48,9342.89
1210,49,9369.81
1210,50,9407.33
1210,51,9346.88
1210,52,9380.81
1210,53,9263.39
1210,54,9339.83
1210,55,9387.96
1210,56,9368.51
1210,57,9395.65
1210,58,9366.9
1210,59,9308.88
1210,60,9380.2
1210,61,9316.45
1210,62,9311.85
1210,63,9321.9
1210,64,9397.05
1210,65,9253.87
1210,66,9345.38
1210,67,9363.63
1210,68,9249.22
1210,69,9264.37
1210,70,9334.22
1210,71,9416.65
1210,72,9376.94
1210,73,9336.38
1210,74,9305.54
1210,75,9365.76
1210,76,9399.89
1210,77,9288.67
1210,78,9281.37
1210,79,9367.41
1210,80,9310.84
1210,81,9377.8
1210,82,9412.22
1210,83,9301.74
1210,84,9316.4
1210,85,9356.11
1210,86,9286.82
1210,87,9246.24
1210,88,9410.58
1210,89,9369.99
1210,90,9409.1
1210,91,9265.29
1210,92,9400.33
1210,93,9301.6
1210,94,9313.28
1210,95,9396.7
1210,96,9307.3
1210,97,9353.5
1210,98,9270.42
1210,99,9308.53
1220,0,9467.27
1220,1,9248.08
1220,2,9258.02
1220,3,9349.38
1220,4,9330.25
1220,5,9304.67
1220,6,9316.26
1220,7,9306.77
1220,8,9330.98
1220,9,9392.68
1220,10,9329.15
1220,11,9346.44
1220,12,9409.85
1220,13,9326.65
1220,14,9343.5
1220,15,9363.21
1220,16,9267.9
1220,17,9347.96
1220,18,9365.65
1220,19,9271.85
1220,20,9326.41
1220,21,9407.99
1220,22,9401.54
1220,23,9276.02
1220,24,9260.18
1220,25,9254.21
1220,26,9360.85
1220,27,9273.43
1220,28,9256.68
1220,29,9338.56
1220,30,9382.75
1220,31,9313.67
1220,32,9371.63
1220,33,9402.87
1220,34,9266.14
1220,35,9363.15
1220,36,9453.06
1220,37,9447.59
1220,38,9324.63
1220,39,9317.06
1220,40,9293.08
1220,41,9360.29
1220,42,9353.15
1220,43,9359.34
1220,44,9299.23
1220,45,9306.64
1220,46,9268.24
1220,47,9328.11
1220,48,9342.59
1220,49,9369.51
1220,50,9407.03
1220,51,9346.58
1220,52,9380.51
1220,53,9263.09
1220,54,9339.53
1220,55,9387.66
1220,56,9368.21
1220,57,9395.35
1220,58,9366.6
1220,59,9308.58
1220,60,9379.9
1220,61,9316.15
1220,62,9311.55
1220,63,9321.6
1220,64,9396.75
1220,65,9253.57
1220,66,9345.08
1220,67,9363.33
1220,68,9248.92
1220,69,9264.07
1220,70,9333.92
1220,71,9416.35
1220,72,9376.64
1220,73,9336.08
1220,74,9305.24
1220,75,9365.46
1220,76,9399.59
1220,77,9288.37
1220,78,9281.07
1220,79,9367.11
1220,80,9310.54
1220,81,9377.5
1220,82,9411.92
1220,83,9301.44
1220,84,9316.1
1220,85,9355.81
1220,86,9286.52
1220,87,9245.94
1220,88,9410.28
1220,89,9369.69
1220,90,9408.8
1220,91,9264.99
1220,92,9400.03
1220,93,9301.3
1220,94,9312.98
1220,95,9396.4
1220,96,9307
1220,97,9353.2
1220,98,9270.12
1220,99,9308.23
1230,0,9453.78
1230,1,9229.02
1230,2,9242.14
1230,3,9330.67
1230,4,9316.28
1230,5,9289.92
1230,6,9299.94
1230,7,9286.21
1230,8,9313.47
1230,9,9378.97
1230,10,9308.95
1230,11,9329.26
1230,12,9394.52
1230,13,9309.57
1230,14,9328.18
1230,15,9344.63
1230,16,9247.53
1230,17,9330.47
1230,18,9349.55
1230,19,9255.23
1230,20,9310.4
1230,21,9394.64
1230,22,9388.33
1230,23,9260.56
1230,24,9240.96
1230,25,9238.21
1230,26,9342.96
1230,27,9255.88
1230,28,9237.76
1230,29,9322.37
1230,30,9366.77
1230,31,9296.52
1230,32,9355.22
1230,33,9386.62
1230,34,9245.32
1230,35,9345.24
1230,36,9439.74
1230,37,9434.18
1230,38,9307.03
1230,39,9300.17
1230,40,9276.37
1230,41,9343.69
1230,42,9336.01
1230,43,9341.61
1230,44,9282.83
1230,45,9290.07
1230,46,9251.24
1230,47,9312.77
1230,48,9329.17
1230,49,9354.45
1230,50,9393.09
1230,51,9329.04
1230,52,9365.39
1230,53,9244.64
1230,54,9324.6
1230,55,9371.01
1230,56,9350.82
1230,57,9380.34
1230,58,9349.1
1230,59,9291.39
1230,60,9365.92
1230,61,9301.59
1230,62,9292.96
1230,63,9305.22
1230,64,9381.71
1230,65,9233.68
1230,66,9330.46
1230,67,9345.58
1230,68,9235.47
1230,69,9244.24
1230,70,9315.61
1230,71,9399.15
1230,72,9363.41
1230,73,9317.93
1230,74,9286.97
1230,75,9348.13
1230,76,9381.09
1230,77,9271.41
1230,78,9260.97
1230,79,9352.68
1230,80,9292.5
1230,81,9361.87
1230,82,9396.4
1230,83,9281.73
1230,84,9299.9
1230,85,9338.88
1230,86,9270.38
1230,87,9226.26
1230,88,9394.99
1230,89,9351.18
1230,90,9397.46
1230,91,9248.42
1230,92,9384.54
1230,93,9286.07
1230,94,9297.29
1230,95,9381.93
1230,96,9290.23
1230,97,9336.14
1230,98,9252.1
1230,99,9289.48
1240,0,9453.48
1240,1,9228.72
1240,2,9241.84
1240,3,9330.37
1240,4,9315.98
1240,5,9289.62
1240,6,9299.64
1240,7,9285.93
1240,8,9313.17
1240,9,9378.67
1240,10,9308.65
1240,11,9328.96
1240,12,9394.22
1240,13,9309.27
1240,14,9327.88
1240,15,9344.33
1240,16,9247.23
1240,17,9330.17
1240,18,9349.25
1240,19,9254.93
1240,20,9310.1
1240,21,9394.34
1240,22,9388.03
1240,23,9260.26
1240,24,9240.69
1240,25,9237.91
1240,26,9342.66
1240,27,9255.58
1240,28,9237.48
1240,29,9322.07
1240,30,9366.47
1240,31,9296.22
1240,32,9354.92
1240,33,9386.32
1240,34,9245.03
1240,35,9344.94
1240,36,9439.44
1240,37,9433.88
1240,38,9306.73
1240,39,9299.87
1240,40,9276.07
1240,41,9343.39
1240,42,9335.71
1240,43,9341.32
1240,44,9282.53
1240,45,9289.77
1240,46,9250.94
1240,47,9312.47
1240,48,9328.87
1240,49,9354.15
1240,50,9392.79
1240,51,9328.74
1240,52,9365.09
1240,53,9244.34
1240,54,9324.3
1240,55,9370.71
1240,56,9350.52
1240,57,9380.04
1240,58,9348.8
1240,59,9291.09
1240,60,9365.62
1240,61,9301.29
1240,62,9292.66
1240,63,9304.92
1240,64,9381.41
1240,65,9233.41
1240,66,9330.16
1240,67,9345.28
1240,68,9235.17
1240,69,9243.95
1240,70,9315.31
1240,71,9398.85
1240,72,9363.11
1240,73,9317.63
1240,74,9286.67
1240,75,9347.83
1240,76,9380.79
1240,77,9271.11
1240,78,9260.67
1240,79,9352.38
1240,80,9292.22
1240,81,9361.57
1240,82,9396.1
1240,83,9281.43
1240,84,9299.6
1240,85,9338.58
1240,86,9270.08
1240,87,9225.98
1240,88,9394.69
1240,89,9350.88
1240,90,9397.16
1240,91,9248.12
1240,92,9384.24
1240,93,9285.77
1240,94,9296.99
1240,95,9381.63
1240,96,9289.93
1240,97,9335.84
1240,98,9251.8
1240,99,9289.19
1250,0,9453.18
1250,1,9228.42
1250,2,9241.54
1250,3,9330.07
1250,4,9315.68
1250,5,9289.32
1250,6,9299.34
1250,7,9285.63
1250,8,9312.87
1250,9,9378.37
1250,10,9308.35
1250,11,9328.66
1250,12,9393.92
1250,13,9308.97
1250,14,9327.58
1250,15,9344.03
1250,16,9246.93
1250,17,9329.87
1250,18,9348.95
1250,19,9254.63
1250,20,9309.8
1250,21,9394.04
1250,22,9387.73
1250,23,9259.96
1250,24,9240.39
1250,25,9237.61
1250,26,9342.36
1250,27,9255.28
1250,28,9237.18
1250,29,9321.77
1250,30,9366.17
1250,31,9295.92
1250,32,9354.62
1250,33,9386.02
1250,34,9244.73
1250,35,9344.64
1250,36,9439.14
1250,37,9433.58
1250,38,9306.43
1250,39,9299.57
1250,40,9275.77
1250,41,9343.09
1250,42,9335.41
1250,43,9341.02
1250,44,9282.23
1250,45,9289.47
1250,46,9250.64
1250,47,9312.17
1250,48,9328.57
1250,49,9353.85
1250,50,9392.49
1250,51,9328.44
1250,52,9364.79
1250,53,9244.04
1250,54,9324
1250,55,9370.41
1250,56,9350.22
1250,57,9379.74
1250,58,9348.5
1250,59,9290.79
1250,60,9365.32
1250,61,9300.99
1250,62,9292.36
1250,63,9304.62
1250,64,9381.11
1250,65,9233.11
1250,66,9329.86
1250,67,9344.98
1250,68,9234.87
1250,69,9243.65
1250,70,9315.01
1250,71,9398.55
1250,72,9362.81
1250,73,9317.33
1250,74,9286.37
1250,75,9347.53
1250,76,9380.49
1250,77,9270.81
1250,78,9260.37
1250,79,9352.08
1250,80,9291.92
1250,81,9361.27
1250,82,9395.8
1250,83,9281.13
1250,84,9299.3
1250,85,9338.28
1250,86,9269.78
1250,87,9225.68
1250,88,9394.39
1250,89,9350.58
1250,90,9396.86
1250,91,9247.82
1250,92,9383.94
1250,93,9285.47
1250,94,9296.69
1250,95,9381.33
1250,96,9289.63
1250,97,9335.54
1250,98,9251.5
1250,99,9288.89
1260,0,9441.45
1260,1,9212.99
1260,2,9224.19
1260,3,9318.92
1260,4,9301.95
1260,5,9275.05
1260,6,9283.8
1260,7,9273.09
1260,8,9298.9
1260,9,9368.11
1260,10,9296.61
1260,11,9316.99
1260,12,9383.82
1260,13,9296.35
1260,14,9314.75
1260,15,9331.77
1260,16,9234.92
1260,17,9316.81
1260,18,9338.39
1260,19,9239.22
1260,20,9296.53
1260,21,9385.06
1260,22,9378.56
1260,23,9247.25
1260,24,9225.66
1260,25,9222.01
1260,26,9328.33
1260,27,9240.77
1260,28,9221.95
1260,29,9308.63
1260,30,9352.96
1260,31,9281.16
1260,32,9343.65
1260,33,9373.97
1260,34,9228.08
1260,35,9332.3
1260,36,9428.41
1260,37,9423.45
1260,38,9292.24
1260,39,9282.68
1260,40,9260.13
1260,41,9330.66
1260,42,9323.63
1260,43,9328.21
1260,44,9269.05
1260,45,9277.12
1260,46,9234.63
1260,47,9298.17
1260,48,9317.37
1260,49,9341.7
1260,50,9381
1260,51,9317.27
1260,52,9350.99
1260,53,9230.58
1260,54,9310.6
1260,55,9360.33
1260,56,9337.76
1260,57,9368.7
1260,58,9336.84
1260,59,9275.27
1260,60,9353.68
1260,61,9287.35
1260,62,9278.04
1260,63,9290.15
1260,64,9367.63
1260,65,9218.5
1260,66,9317.29
1260,67,9331.38
1260,68,9222.83
1260,69,9228
1260,70,9299.98
1260,71,9387.5
1260,72,9352.18
1260,73,9304.23
1260,74,9274.07
1260,75,9335.36
1260,76,9368.67
1260,77,9257.58
1260,78,9244.44
1260,79,9341.07
1260,80,9278.71
1260,81,9349.72
1260,82,9384.75
1260,83,9265.52
1260,84,9285.72
1260,85,9325.87
1260,86,9253.33
1260,87,9212.41
1260,88,9381.72
1260,89,9337.74
1260,90,9388.19
1260,91,9233.47
1260,92,9374.91
1260,93,9271.12
1260,94,9283.49
1260,95,9369.4
1260,96,9273.81
1260,97,9325.11
1260,98,9239.3
1260,99,9275.61
1270,0,9441.15
1270,1,9212.69
1270,2,9223.89
1270,3,9318.62
1270,4,9301.65
1270,5,9274.75
1270,6,9283.5
1270,7,9272.79
1270,8,9298.6
1270,9,9367.81
1270,10,9296.31
1270,11,9316.69
1270,12,9383.52
1270,13,9296.05
1270,14,9314.45
1270,15,9331.47
1270,16,9234.62
1270,17,9316.51
1270,18,9338.09
1270,19,9238.92
1270,20,9296.23
1270,21,9384.76
1270,22,9378.26
1270,23,9246.95
1270,24,9225.36
1270,25,9221.71
1270,26,9328.03
1270,27,9240.47
1270,28,9221.65
1270,29,9308.33
1270,30,9352.66
1270,31,9280.86
1270,32,9343.35
1270,33,9373.67
1270,34,9227.78
1270,35,9332
1270,36,9428.11
1270,37,9423.15
1270,38,9291.94
1270,39,9282.38
1270,40,9259.83
1270,41,9330.36
1270,42,9323.33
1270,43,9327.91
1270,44,9268.75
1270,45,9276.82
1270,46,9234.33
1270,47,9297.87
1270,48,9317.07
1270,49,9341.4
1270,50,9380.7
1270,51,9316.97
1270,52,9350.69
1270,53,9230.28
1270,54,9310.3
1270,55,9360.03
1270,56,9337.46
1270,57,9368.4
1270,58,9336.54
1270,59,9274.97
1270,60,9353.38
1270,61,9287.05
1270,62,9277.74
1270,63,9289.85
1270,64,9367.33
1270,65,9218.2
1270,66,9316.99
1270,67,9331.08
1270,68,9222.53
1270,69,9227.7
1270,70,9299.68
1270,71,9387.2
1270,72,9351.88
1270,73,9303.93
1270,74,9273.77
1270,75,9335.06
1270,76,9368.37
1270,77,9257.28
1270,78,9244.14
1270,79,9340.77
1270,80,9278.41
1270,81,9349.42
1270,82,9384.45
1270,83,9265.22
1270,84,9285.42
1270,85,9325.57
1270,86,9253.03
1270,87,9212.11
1270,88,9381.42
1270,89,9337.44
1270,90,9387.89
1270,91,9233.17
1270,92,9374.61
1270,93,9270.82
1270,94,9283.19
1270,95,9369.1
1270,96,9273.51
1270,97,9324.81
1270,98,9239
1270,99,9275.31
1280,0,9440.85
1280,1,9212.39
1280,2,9223.59
1280,3,9318.32
1280,4,9301.35
1280,5,9274.45
1280,6,9283.2
1280,7,9272.49
1280,8,9298.3
1280,9,9367.51
1280,10,9296.01
1280,11,9316.39
1280,12,9383.22
1280,13,9295.75
1280,14,9314.15
1280,15,9331.17
1280,16,9234.32
1280,17,9316.21
1280,18,9337.79
1280,19,9238.62
1280,20,9295.93
1280,21,9384.46
1280,22,9377.96
1280,23,9246.65
1280,24,9225.06
1280,25,9221.41
1280,26,9327.73
1280,27,9240.17
1280,28,9221.35
1280,29,9308.03
1280,30,9352.36
1280,31,9280.56
1280,32,9343.05
1280,33,9373.37
1280,34,9227.48
1280,35,9331.7
1280,36,9427.81
1280,37,9422.85
1280,38,9291.64
1280,39,9282.08
1280,40,9259.53
1280,41,9330.06
1280,42,9323.03
1280,43,9327.61
1280,44,9268.45
1280,45,9276.52
1280,46,9234.03
1280,47,9297.57
1280,48,9316.77
1280,49,9341.1
1280,50,9380.4
1280,51,9316.67
1280,52,9350.39
1280,53,9229.98
1280,54,9310
1280,55,9359.73
1280,56,9337.16
1280,57,9368.1
1280,58,9336.24
1280,59,9274.67
1280,60,9353.08
1280,61,9286.75
1280,62,9277.44
1280,63,9289.55
1280,64,9367.03
1280,65,9217.9
1280,66,9316.69
1280,67,9330.78
1280,68,9222.23
1280,69,9227.4
1280,70,9299.38
1280,71,9386.9
1280,72,9351.58
1280,73,9303.63
1280,74,9273.47
1280,75,9334.76
1280,76,9368.07
1280,77,9256.98
1280,78,9243.84
1280,79,9340.47
1280,80,9278.11
1280,81,9349.12
1280,82,9384.15
1280,83,9264.92
1280,84,9285.12
1280,85,9325.27
1280,86,9252.73
1280,87,9211.81
1280,88,9381.12
1280,89,9337.14
1280,90,9387.59
1280,91,9232.87
1280,92,9374.31
1280,93,9270.52
1280,94,9282.89
1280,95,9368.8
1280,96,9273.21
1280,97,9324.51
1280,98,9238.7
1280,99,9275.01
1290,0,9422.27
1290,1,9189.9
1290,2,9201.46
1290,3,9299.68
1290,4,9282.98
1290,5,9255.32
1290,6,9260.05
1290,7,9248.71
1290,8,9278.69
1290,9,9349.1
1290,10,9273.98
1290,11,9292.01
1290,12,9366.22
1290,13,9273.32
1290,14,9296.99
1290,15,9311.44
1290,16,9213.54
1290,17,9297.4
1290,18,9314.3
1290,19,9218.08
1290,20,9276.44
1290,21,9367.43
1290,22,9360.91
1290,23,9223.33
1290,24,9202.25
1290,25,9200.92
1290,26,9305.26
1290,27,9219.5
1290,28,9196.65
1290,29,9285.7
1290,30,9330.54
1290,31,9259.03
1290,32,9322.2
1290,33,9348.38
1290,34,9205.71
1290,35,9307.85
1290,36,9412.11
1290,37,9404.03
1290,38,9272.08
1290,39,9262.38
1290,40,9235.34
1290,41,9311.75
1290,42,9304.87
1290,43,9304.61
1290,44,9249.33
1290,45,9256.7
1290,46,9209.93
1290,47,9278.93
1290,48,9302.66
1290,49,9322.16
1290,50,9356.16
1290,51,9295.03
1290,52,9329.72
1290,53,9205.57
1290,54,9291.26
1290,55,9340.27
1290,56,9315.41
1290,57,9349.92
1290,58,9315.04
1290,59,9252.92
1290,60,9333.87
1290,61,9264.82
1290,62,9257.34
1290,63,9269.82
1290,64,9348.19
1290,65,9192.06
1290,66,9297.48
1290,67,9310.8
1290,68,9200.74
1290,69,9203.05
1290,70,9278.13
1290,71,9363.42
1290,72,9336.09
1290,73,9283.22
1290,74,9252.22
1290,75,9312.31
1290,76,9348.02
1290,77,9236.06
1290,78,9223.54
1290,79,9317.53
1290,80,9254.71
1290,81,9327.25
1290,82,9363.06
1290,83,9242.89
1290,84,9261.25
1290,85,9308.31
1290,86,9231.37
1290,87,9187.51
1290,88,9362.53
1290,89,9314.43
1290,90,9366.6
1290,91,9208.8
1290,92,9352.23
1290,93,9251.59
1290,94,9262.91
1290,95,9352.19
1290,96,9252.86
1290,97,9302.16
1290,98,9215.74
1290,99,9253.68
1300,0,9421.99
1300,1,9189.64
1300,2,9201.21
1300,3,9299.41
1300,4,9282.69
1300,5,9255.02
1300,6,9259.79
1300,7,9248.49
1300,8,9278.43
1300,9,9348.82
1300,10,9273.74
1300,11,9291.79
1300,12,9365.94
1300,13,9273.08
1300,14,9296.71
1300,15,9311.19
1300,16,9213.29
1300,17,9297.11
1300,18,9314.08
1300,19,9217.82
1300,20,9276.15
1300,21,9367.17
1300,22,9360.65
1300,23,9223.09
1300,24,9202.03
1300,25,9200.64
1300,26,9305
1300,27,9219.22
1300,28,9196.42
1300,29,9285.45
1300,30,9330.3
1300,31,9258.78
1300,32,9321.95
1300,33,9348.16
1300,34,9205.47
1300,35,9307.64
1300,36,9411.82
1300,37,9403.79
1300,38,9271.78
1300,39,9262.1
1300,40,9235.11
1300,41,9311.47
1300,42,9304.59
1300,43,9304.39
1300,44,9249.04
1300,45,9256.41
1300,46,9209.69
1300,47,9278.65
1300,48,9302.36
1300,49,9321.89
1300,50,9355.92
1300,51,9294.79
1300,52,9329.45
1300,53,9205.33
1300,54,9290.97
1300,55,9340.01
1300,56,9315.17
1300,57,9349.65
1300,58,9314.78
1300,59,9252.66
1300,60,9333.58
1300,61,9264.55
1300,62,9257.05
1300,63,9269.55
1300,64,9347.92
1300,65,9191.85
1300,66,9297.19
1300,67,9310.54
1300,68,9200.5
1300,69,9202.82
1300,70,9277.87
1300,71,9363.19
1300,72,9335.8
1300,73,9282.94
1300,74,9251.98
1300,75,9312.08
1300,76,9347.78
1300,77,9235.79
1300,78,9223.29
1300,79,9317.3
1300,80,9254.49
1300,81,9327
1300,82,9362.79
1300,83,9242.64
1300,84,9261.02
1300,85,9308.04
1300,86,9231.12
1300,87,9187.29
1300,88,9362.26
1300,89,9314.18
1300,90,9366.37
1300,91,9208.57
1300,92,9352
1300,93,9251.31
1300,94,9262.65
1300,95,9351.89
1300,96,9252.58
1300,97,9301.9
1300,98,9215.52
1300,99,9253.43
1310,0,9421.69
1310,1,9189.34
1310,2,9200.91
1310,3,9299.11
1310,4,9282.39
1310,5,9254.72
1310,6,9259.49
1310,7,9248.19
1310,8,9278.13
1310,9,9348.52
1310,10,9273.44
1310,11,9291.49
1310,12,9365.64
1310,13,9272.78
1310,14,9296.41
1310,15,9310.89
1310,16,9212.99
1310,17,9296.81
1310,18,9313.78
1310,19,9217.52
1310,20,9275.85
1310,21,9366.87
1310,22,9360.35
1310,23,9222.79
1310,24,9201.73
1310,25,9200.34
1310,26,9304.7
1310,27,9218.92
1310,28,9196.12
1310,29,9285.15
1310,30,9330
1310,31,9258.48
1310,32,9321.65
1310,33,9347.86
1310,34,9205.17
1310,35,9307.34
1310,36,9411.52
1310,37,9403.49
1310,38,9271.48
1310,39,9261.8
1310,40,9234.81
1310,41,9311.17
1310,42,9304.29
1310,43,9304.09
1310,44,9248.74
1310,45,9256.11
1310,46,9209.39
1310,47,9278.35
1310,48,9302.06
1310,49,9321.59
1310,50,9355.62
1310,51,9294.49
1310,52,9329.15
1310,53,9205.03
1310,54,9290.67
1310,55,9339.71
1310,56,9314.87
1310,57,9349.35
1310,58,9314.48
1310,59,9252.36
1310,60,9333.28
1310,61,9264.25
1310,62,9256.75
1310,63,9269.25
1310,64,9347.62
1310,65,9191.55
1310,66,9296.89
1310,67,9310.24
1310,68,9200.2
1310,69,9202.52
1310,70,9277.57
1310,71,9362.89
1310,72,9335.5
1310,73,9282.64
1310,74,9251.68
1310,75,9311.78
1310,76,9347.48
1310,77,9235.49
1310,78,9222.99
1310,79,9317
1310,80,9254.19
1310,81,9326.7
1310,82,9362.49
1310,83,9242.34
1310,84,9260.72
1310,85,9307.74
1310,86,9230.82
1310,87,9186.99
1310,88,9361.96
1310,89,9313.88
1310,90,9366.07
1310,91,9208.27
1310,92,9351.7
1310,93,9251.01
1310,94,9262.35
1310,95,9351.59
1310,96,9252.28
1310,97,9301.6
1310,98,9215.22
1310,99,9253.13
1320,0,9407.93
1320,1,9171.61
1320,2,9185.66
1320,3,9280.78
1320,4,9268.82
1320,5,9241.11
1320,6,9240.84
1320,7,9228.52
1320,8,9263.52
1320,9,9334.76
1320,10,9254.73
1320,11,9272.29
1320,12,9353.34
1320,13,9253.79
1320,14,9281.88
1320,15,9295
1320,16,9193.84
1320,17,9279.57
1320,18,9298.63
1320,19,9202.5
1320,20,9257.89
1320,21,9354.01
1320,22,9347.42
1320,23,9202.67
1320,24,9184.79
1320,25,9183.57
1320,26,9287.55
1320,27,9201.02
1320,28,9180.5
1320,29,9268.87
1320,30,9310.31
1320,31,9240.56
1320,32,9308.01
1320,33,9332.19
1320,34,9185.65
1320,35,9292.59
1320,36,9399.23
1320,37,9388.76
1320,38,9252.25
1320,39,9246.27
1320,40,9215.41
1320,41,9296.23
1320,42,9288.73
1320,43,9286.19
1320,44,9232.01
1320,45,9241.29
1320,46,9192.75
1320,47,9263.93
1320,48,9288.32
1320,49,9307.45
1320,50,9339.75
1320,51,9277.05
1320,52,9313.98
1320,53,9188.68
1320,54,9277.29
1320,55,9323.61
1320,56,9298.2
1320,57,9335.89
1320,58,9297.86
1320,59,9237.92
1320,60,9319.45
1320,61,9247.24
1320,62,9239.7
1320,63,9254.93
1320,64,9332.56
1320,65,9175.96
1320,66,9281.68
1320,67,9294.64
1320,68,9183.78
1320,69,9184.93
1320,70,9263.44
1320,71,9347.46
1320,72,9320.89
1320,73,9264.69
1320,74,9237.08
1320,75,9292.43
1320,76,9331.01
1320,77,9219.01
1320,78,9204.52
1320,79,9301.52
1320,80,9234.99
1320,81,9312.61
1320,82,9345.08
1320,83,9225.21
1320,84,9245.08
1320,85,9293.14
1320,86,9211.45
1320,87,9169.75
1320,88,9346.38
1320,89,9298.83
1320,90,9353
1320,91,9188.41
1320,92,9337.2
1320,93,9235.53
1320,94,9247.51
1320,95,9336.2
1320,96,9233.85
1320,97,9284.7
1320,98,9197.47
1320,99,9233.37
1330,0,9407.63
1330,1,9171.32
1330,2,9185.36
1330,3,9280.48
1330,4,9268.52
1330,5,9240.81
1330,6,9240.56
1330,7,9228.26
1330,8,9263.22
1330,9,9334.46
1330,10,9254.46
1330,11,9272.02
1330,12,9353.04
1330,13,9253.51
1330,14,9281.58
1330,15,9294.7
1330,16,9193.56
1330,17,9279.28
1330,18,9298.33
1330,19,9202.2
1330,20,9257.6
1330,21,9353.71
1330,22,9347.12
1330,23,9202.4
1330,24,9184.5
1330,25,9183.27
1330,26,9287.26
1330,27,9200.72
1330,28,9180.2
1330,29,9268.57
1330,30,9310.01
1330,31,9240.28
1330,32,9307.71
1330,33,9331.89
1330,34,9185.39
1330,35,9292.29
1330,36,9398.93
1330,37,9388.46
1330,38,9251.97
1330,39,9245.97
1330,40,9215.14
1330,41,9295.93
1330,42,9288.43
1330,43,9285.94
1330,44,9231.71
1330,45,9240.99
1330,46,9192.45
1330,47,9263.63
1330,48,9288.02
1330,49,9307.15
1330,50,9339.45
1330,51,9276.79
1330,52,9313.68
1330,53,9188.38
1330,54,9276.99
1330,55,9323.33
1330,56,9297.92
1330,57,9335.59
1330,58,9297.56
1330,59,9237.62
1330,60,9319.15
1330,61,9246.94
1330,62,9239.4
1330,63,9254.63
1330,64,9332.26
1330,65,9175.66
1330,66,9281.38
1330,67,9294.34
1330,68,9183.48
1330,69,9184.64
1330,70,9263.14
1330,71,9347.19
1330,72,9320.59
1330,73,9264.4
1330,74,9236.78
1330,75,9292.17
1330,76,9330.73
1330,77,9218.71
1330,78,9204.25
1330,79,9301.22
1330,80,9234.74
1330,81,9312.31
1330,82,9344.79
1330,83,9224.93
1330,84,9244.78
1330,85,9292.84
1330,86,9211.17
1330,87,9169.45
1330,88,9346.08
1330,89,9298.53
1330,90,9352.7
1330,91,9188.16
1330,92,9336.9
1330,93,9235.23
1330,94,9247.21
1330,95,9335.9
1330,96,9233.56
1330,97,9284.41
1330,98,9197.2
1330,99,9233.1
1340,0,9407.33
1340,1,9171.02
1340,2,9185.06
1340,3,9280.18
1340,4,9268.22
1340,5,9240.51
1340,6,9240.26
1340,7,9227.96
1340,8,9262.92
1340,9,9334.16
1340,10,9254.16
1340,11,9271.72
1340,12,9352.74
1340,13,9253.21
1340,14,9281.28
1340,15,9294.4
1340,16,9193.26
1340,17,9278.98
1340,18,9298.03
1340,19,9201.9
1340,20,9257.3
1340,21,9353.41
1340,22,9346.82
1340,23,9202.1
1340,24,9184.2
1340,25,9182.97
1340,26,9286.96
1340,27,9200.42
1340,28,9179.9
1340,29,9268.27
1340,30,9309.71
1340,31,9239.98
1340,32,9307.41
1340,33,9331.59
1340,34,9185.09
1340,35,9291.99
1340,36,9398.63
1340,37,9388.16
1340,38,9251.67
1340,39,9245.67
1340,40,9214.84
1340,41,9295.63
1340,42,9288.13
1340,43,9285.64
1340,44,9231.41
1340,45,9240.69
1340,46,9192.15
1340,47,9263.33
1340,48,9287.72
1340,49,9306.85
1340,50,9339.15
1340,51,9276.49
1340,52,9313.38
1340,53,9188.08
1340,54,9276.69
1340,55,9323.03
1340,56,9297.62
1340,57,9335.29
1340,58,9297.26
1340,59,9237.32
1340,60,9318.85
1340,61,9246.64
1340,62,9239.1
1340,63,9254.33
1340,64,9331.96
1340,65,9175.36
1340,66,9281.08
1340,67,9294.04
1340,68,9183.18
1340,69,9184.34
1340,70,9262.84
1340,71,9346.89
1340,72,9320.29
1340,73,9264.1
1340,74,9236.48
1340,75,9291.87
1340,76,9330.43
1340,77,9218.41
1340,78,9203.95
1340,79,9300.92
1340,80,9234.44
1340,81,9312.01
1340,82,9344.49
1340,83,9224.63
1340,84,9244.48
1340,85,9292.54
1340,86,9210.87
1340,87,9169.15
1340,88,9345.78
1340,89,9298.23
1340,90,9352.4
1340,91,9187.86
1340,92,9336.6
1340,93,9234.93
1340,94,9246.91
1340,95,9335.6
1340,96,9233.26
1340,97,9284.11
1340,98,9196.9
1340,99,9232.8
1350,0,9392.97
1350,1,9155.88
1350,2,9167.3
1350,3,9262.37
1350,4,9251.81
1350,5,9224.02
1350,6,9221.22
1350,7,9214.32
1350,8,9249.76
1350,9,9318.42
1350,10,9240.11
1350,11,9258.57
1350,12,9336.5
1350,13,9235.49
1350,14,9265.93
1350,15,9273.36
1350,16,9171.14
1350,17,9262.03
1350,18,9282.39
1350,19,9182.77
1350,20,9239.09
1350,21,9337.84
1350,22,9330.79
1350,23,9187.46
1350,24,9168.1
1350,25,9164.92
1350,26,9269.58
1350,27,9181.84
1350,28,9164.75
1350,29,9251.19
1350,30,9295.32
1350,31,9219.7
1350,32,9291.87
1350,33,9316.39
1350,34,9170.11
1350,35,9275.98
1350,36,9385.17
1350,37,9374.82
1350,38,9231.44
1350,39,9228.36
1350,40,9200.15
1350,41,9281.24
1350,42,9269.35
1350,43,9272.53
1350,44,9212.07
1350,45,9223.27
1350,46,9174.97
1350,47,9245.03
1350,48,9274.03
1350,49,9292.77
1350,50,9323.68
1350,51,9264.27
1350,52,9294.95
1350,53,9168.59
1350,54,9261.61
1350,55,9308.54
1350,56,9280.89
1350,57,9319.37
1350,58,9281.12
1350,59,9220.2
1350,60,9304.04
1350,61,9230.06
1350,62,9219.56
1350,63,9238.26
1350,64,9315.74
1350,65,9160.51
1350,66,9264.2
1350,67,9274.78
1350,68,9168.89
1350,69,9167.81
1350,70,9245.12
1350,71,9331.38
1350,72,9306.91
1350,73,9245.78
1350,74,9214.87
1350,75,9276.37
1350,76,9316.16
1350,77,9199.76
1350,78,9186.89
1350,79,9286.91
1350,80,9220.92
1350,81,9294.62
1350,82,9329.14
1350,83,9202.76
1350,84,9229.47
1350,85,9274.94
1350,86,9191.31
1350,87,9153.12
1350,88,9329.42
1350,89,9280.38
1350,90,9339.16
1350,91,9172.95
1350,92,9322.69
1350,93,9219.01
1350,94,9229.6
1350,95,9320.32
1350,96,9213.23
1350,97,9266.29
1350,98,9184.45
1350,99,9219.16
1360,0,9392.69
1360,1,9151.18
1360,2,9162.64
1360,3,9262.11
1360,4,9251.56
1360,5,9223.77
1360,6,9220.99
1360,7,9208.85
1360,8,9244.96
1360,9,9318.15
1360,10,9234.94
1360,11,9253.54
1360,12,9336.25
1360,13,9235.26
1360,14,9265.66
1360,15,9273.12
1360,16,9170.92
1360,17,9261.79
1360,18,9282.13
1360,19,9182.54
1360,20,9238.83
1360,21,9337.57
1360,22,9330.53
1360,23,9182.58
1360,24,9161.67
1360,25,9164.67
1360,26,9269.34
1360,27,9181.59
1360,28,9158.89
1360,29,9250.93
1360,30,9295.04
1360,31,9219.48
1360,32,9291.61
1360,33,9316.13
1360,34,9164.92
1360,35,9275.72
1360,36,9384.88
1360,37,9374.54
1360,38,9231.19
1360,39,9224.23
1360,40,9195.29
1360,41,9280.98
1360,42,9269.1
1360,43,9266.97
1360,44,9211.8
1360,45,9223.01
1360,46,9170.14
1360,47,9244.78
1360,48,9273.73
1360,49,9292.5
1360,50,9323.41
1360,51,9259.27
1360,52,9294.7
1360,53,9163.8
1360,54,9261.34
1360,55,9308.31
1360,56,9280.65
1360,57,9319.12
1360,58,9280.87
1360,59,9219.95
1360,60,9303.76
1360,61,9229.81
1360,62,9219.31
1360,63,9238
1360,64,9315.45
1360,65,9153.89
1360,66,9263.94
1360,67,9274.54
1360,68,9168.62
1360,69,9162.01
1360,70,9244.86
1360,71,9331.15
1360,72,9306.62
1360,73,9245.55
1360,74,9214.64
1360,75,9271.32
1360,76,9311.46
1360,77,9199.5
1360,78,9182.06
1360,79,9286.64
1360,80,9215.12
1360,81,9294.38
1360,82,9328.9
1360,83,9202.53
1360,84,9224.56
1360,85,9274.68
1360,86,9191.08
1360,87,9147.67
1360,88,9329.14
1360,89,9280.15
1360,90,9338.89
1360,91,9167.51
1360,92,9322.42
1360,93,9214.11
1360,94,9229.33
1360,95,9320.04
1360,96,9212.99
1360,97,9266.06
1360,98,9179.36
1360,99,9213.95
1370,0,9392.39
1370,1,9150.88
1370,2,9162.34
1370,3,9261.81
1370,4,9251.26
1370,5,9223.47
1370,6,9220.69
1370,7,9208.55
1370,8,9244.66
1370,9,9317.85
1370,10,9234.64
1370,11,9253.24
1370,12,9335.95
1370,13,9234.96
1370,14,9265.36
1370,15,9272.82
1370,16,9170.62
1370,17,9261.49
1370,18,9281.83
1370,19,9182.24
1370,20,9238.53
1370,21,9337.27
1370,22,9330.23
1370,23,9182.28
1370,24,9161.37
1370,25,9164.37
1370,26,9269.04
1370,27,9181.29
1370,28,9158.59
1370,29,9250.63
1370,30,9294.74
1370,31,9219.18
1370,32,9291.31
1370,33,9315.83
1370,34,9164.62
1370,35,9275.42
1370,36,9384.58
1370,37,9374.24
1370,38,9230.89
1370,39,9223.93
1370,40,9194.99
1370,41,9280.68
1370,42,9268.8
1370,43,9266.67
1370,44,9211.5
1370,45,9222.71
1370,46,9169.84
1370,47,9244.48
1370,48,9273.43
1370,49,9292.2
1370,50,9323.11
1370,51,9258.97
1370,52,9294.4
1370,53,9163.5
1370,54,9261.04
1370,55,9308.01
1370,56,9280.35
1370,57,9318.82
1370,58,9280.57
1370,59,9219.65
1370,60,9303.46
1370,61,9229.51
1370,62,9219.01
1370,63,9237.7
1370,64,9315.15
1370,65,9153.59
1370,66,9263.64
1370,67,9274.24
1370,68,9168.32
1370,69,9161.71
1370,70,9244.56
1370,71,9330.85
1370,72,9306.32
1370,73,9245.25
1370,74,9214.34
1370,75,9271.02
1370,76,9311.16
1370,77,9199.2
1370,78,9181.76
1370,79,9286.34
1370,80,9214.82
1370,81,9294.08
1370,82,9328.6
1370,83,9202.23
1370,84,9224.26
1370,85,9274.38
1370,86,9190.78
1370,87,9147.37
1370,88,9328.84
1370,89,9279.85
1370,90,9338.59
1370,91,9167.21
1370,92,9322.12
1370,93,9213.81
1370,94,9229.03
1370,95,9319.74
1370,96,9212.69
1370,97,9265.76
1370,98,9179.06
1370,99,9213.65
1380,0,9375.3
1380,1,9134.01
1380,2,9143.58
1380,3,9244.49
1380,4,9237.19
1380,5,9209.45
1380,6,9203.07
1380,7,9192.63
1380,8,9228.82
1380,9,9304.54
1380,10,9217.71
1380,11,9237.49
1380,12,9322.6
1380,13,9218.89
1380,14,9248.2
1380,15,9257.06
1380,16,9152.53
1380,17,9246.65
1380,18,9266.58
1380,19,9166.85
1380,20,9223.2
1380,21,9322.49
1380,22,9317.05
1380,23,9161.92
1380,24,9142.37
1380,25,9145.55
1380,26,9253.95
1380,27,9163.61
1380,28,9140.58
1380,29,9235.97
1380,30,9281.15
1380,31,9202.79
1380,32,9278.74
1380,33,9300.69
1380,34,9146.71
1380,35,9259.54
1380,36,9370.95
1380,37,9362.25
1380,38,9214.42
1380,39,9208.04
1380,40,9177.6
1380,41,9265.98
1380,42,9250.67
1380,43,9253.52
1380,44,9195.97
1380,45,9208.07
1380,46,9153.53
1380,47,9229.96
1380,48,9259.96
1380,49,9275.93
1380,50,9308.97
1380,51,9245.92
1380,52,9279.33
1380,53,9143.49
1380,54,9247.14
1380,55,9295.95
1380,56,9264.44
1380,57,9304.15
1380,58,9266.41
1380,59,9201.74
1380,60,9291.4
1380,61,9215.99
1380,62,9203.74
1380,63,9221.94
1380,64,9297.6
1380,65,9135.97
1380,66,9249.15
1380,67,9257.32
1380,68,9150.87
1380,69,9142.62
1380,70,9229.97
1380,71,9317.34
1380,72,9292.54
1380,73,9227.99
1380,74,9197.85
1380,75,9255.44
1380,76,9296.35
1380,77,9183.36
1380,78,9166.71
1380,79,9273.46
1380,80,9201.86
1380,81,9278.2
1380,82,9315.06
1380,83,9184.27
1380,84,9206.3
1380,85,9260.56
1380,86,9172.56
1380,87,9128.53
1380,88,9312.28
1380,89,9264.49
1380,90,9326.2
1380,91,9150.04
1380,92,9307.63
1380,93,9194.94
1380,94,9213.39
1380,95,9303.68
1380,96,9196.68
1380,97,9252.24
1380,98,9163.89
1380,99,9197.35
1390,0,9373.2
1390,1,9129.75
1390,2,9138.71
1390,3,9240.92
1390,4,9234.08
1390,5,9206.32
1390,6,9198.5
1390,7,9186.82
1390,8,9224.01
1390,9,9302.41
1390,10,9212.18
1390,11,9232.18
1390,12,9319.02
1390,13,9213.95
1390,14,9245.45
1390,15,9252.54
1390,16,9147.64
1390,17,9243.09
1390,18,9262.87
1390,19,9162.65
1390,20,9220.58
1390,21,9320.31
1390,22,9314.89
1390,23,9156.84
1390,24,9135.68
1390,25,9142.07
1390,26,9249.61
1390,27,9160.12
1390,28,9134.49
1390,29,9232.78
1390,30,9278.41
1390,31,9197.7
1390,32,9275.95
1390,33,9297.42
1390,34,9141.32
1390,35,9255.74
1390,36,9370.68
1390,37,9359.6
1390,38,9211.44
1390,39,9203.94
1390,40,9172.63
1390,41,9263.49
1390,42,9247.3
1390,43,9247.37
1390,44,9193.89
1390,45,9205.72
1390,46,9148.71
1390,47,9226.7
1390,48,9259.69
1390,49,9273.5
1390,50,9305.89
1390,51,9240.32
1390,52,9275.28
1390,53,9138.72
1390,54,9244.46
1390,55,9291.42
1390,56,9259.61
1390,57,9300.24
1390,58,9262.3
1390,59,9198.11
1390,60,9289.66
1390,61,9212.78
1390,62,9200.52
1390,63,9219.07
1390,64,9297.33
1390,65,9128.99
1390,66,9246.47
1390,67,9253.44
1390,68,9147.8
1390,69,9136.78
1390,70,9226.68
1390,71,9312.16
1390,72,9292.28
1390,73,9223.85
1390,74,9193.23
1390,75,9249.81
1390,76,9291.08
1390,77,9181.08
1390,78,9161.49
1390,79,9270.23
1390,80,9195.52
1390,81,9274.02
1390,82,9310.99
1390,83,9179.37
1390,84,9201.41
1390,85,9257.15
1390,86,9167.87
1390,87,9123.04
1390,88,9310.65
1390,89,9259.68
1390,90,9323.01
1390,91,9144.42
1390,92,9304.31
1390,93,9190.09
1390,94,9210.92
1390,95,9301.67
1390,96,9193.02
1390,97,9247.7
1390,98,9158.41
1390,99,9191.9
1400,0,9372.9
1400,1,9129.45
1400,2,9138.41
1400,3,9240.62
1400,4,9233.78
1400,5,9206.02
1400,6,9198.2
1400,7,9186.52
1400,8,9223.71
1400,9,9302.11
1400,10,9211.88
1400,11,9231.88
1400,12,9318.72
1400,13,9213.65
1400,14,9245.15
1400,15,9252.24
1400,16,9147.34
1400,17,9242.79
1400,18,9262.57
1400,19,9162.35
1400,20,9220.28
1400,21,9320.01
1400,22,9314.59
1400,23,9156.54
1400,24,9135.38
1400,25,9141.77
1400,26,9249.31
1400,27,9159.82
1400,28,9134.19
1400,29,9232.48
1400,30,9278.11
1400,31,9197.4
1400,32,9275.65
1400,33,9297.12
1400,34,9141.02
1400,35,9255.44
1400,36,9370.38
1400,37,9359.3
1400,38,9211.14
1400,39,9203.64
1400,40,9172.33
1400,41,9263.19
1400,42,9247
1400,43,9247.07
1400,44,9193.59
1400,45,9205.42
1400,46,9148.41
1400,47,9226.4
1400,48,9259.39
1400,49,9273.2
1400,50,9305.59
1400,51,9240.02
1400,52,9274.98
1400,53,9138.42
1400,54,9244.16
1400,55,9291.12
1400,56,9259.31
1400,57,9299.94
1400,58,9262
1400,59,9197.81
1400,60,9289.36
1400,61,9212.48
1400,62,9200.22
1400,63,9218.77
1400,64,9297.03
1400,65,9128.69
1400,66,9246.17
1400,67,9253.14
1400,68,9147.5
1400,69,9136.48
1400,70,9226.38
1400,71,9311.86
1400,72,9291.98
1400,73,9223.55
1400,74,9192.93
1400,75,9249.51
1400,76,9290.78
1400,77,9180.78
1400,78,9161.19
1400,79,9269.93
1400,80,9195.22
1400,81,9273.72
1400,82,9310.69
1400,83,9179.07
1400,84,9201.11
1400,85,9256.85
1400,86,9167.57
1400,87,9122.74
1400,88,9310.35
1400,89,9259.38
1400,90,9322.71
1400,91,9144.12
1400,92,9304.01
1400,93,9189.79
1400,94,9210.62
1400,95,9301.37
1400,96,9192.72
1400,97,9247.4
1400,98,9158.11
1400,99,9191.6
1410,0,9357.06
1410,1,9113.49
1410,2,9120.05
1410,3,9222.72
1410,4,9217.97
1410,5,9190.51
1410,6,9182
1410,7,9172.2
1410,8,9212.28
1410,9,9285.85
1410,10,9197.41
1410,11,9219.74
1410,12,9306.59
1410,13,9196.53
1410,14,9228.52
1410,15,9237.05
1410,16,9129.51
1410,17,9225.85
1410,18,9249.13
1410,19,9142.83
1410,20,9203.86
1410,21,9306.43
1410,22,9300.58
1410,23,9143.83
1410,24,9118.82
1410,25,9124.44
1410,26,9231.23
1410,27,9143.23
1410,28,9119.21
1410,29,9215.72
1410,30,9264.8
1410,31,9179.48
1410,32,9261.38
1410,33,9282.98
1410,34,9128.2
1410,35,9240.55
1410,36,9358.02
1410,37,9345.79
1410,38,9193.22
1410,39,9185.17
1410,40,9160.12
1410,41,9247.86
1410,42,9231.4
1410,43,9235.67
1410,44,9177.95
1410,45,9190.01
1410,46,9133.64
1410,47,9208.48
1410,48,9245.09
1410,49,9257.58
1410,50,9290.62
1410,51,9226.78
1410,52,9258.75
1410,53,9118.72
1410,54,9226.55
1410,55,9277
1410,56,9242.87
1410,57,9284.56
1410,58,9246.48
1410,59,9181.5
1410,60,9273.44
1410,61,9198.21
1410,62,9182.47
1410,63,9201.56
1410,64,9281.31
1410,65,9113.55
1410,66,9231.23
1410,67,9238.12
1410,68,9133.53
1410,69,9120.02
1410,70,9209.63
1410,71,9296.53
1410,72,9279.72
1410,73,9206.56
1410,74,9174.67
1410,75,9235.4
1410,76,9278.13
1410,77,9164.73
1410,78,9148.49
1410,79,9257.8
1410,80,9181.29
1410,81,9257.65
1410,82,9294.8
1410,83,9163.09
1410,84,9188.21
1410,85,9241.65
1410,86,9148.88
1410,87,9107.93
1410,88,9296.03
1410,89,9242.21
1410,90,9309.92
1410,91,9133.19
1410,92,9291.14
1410,93,9175.67
1410,94,9193.15
1410,95,9285.09
1410,96,9173.19
1410,97,9232.41
1410,98,9147.25
1410,99,9179.48
1420,0,9354.92
1420,1,9106.8
1420,2,9117.49
1420,3,9220.14
1420,4,9215.52
1420,5,9188.05
1420,6,9179.45
1420,7,9166.84
1420,8,9205.21
1420,9,9285.01
1420,10,9192.17
1420,11,9214.82
1420,12,9302.97
1420,13,9191.53
1420,14,9228.27
1420,15,9233.07
1420,16,9126.93
1420,17,9223.37
1420,18,9245.44
1420,19,9140.4
1420,20,9201.23
1420,21,9304.15
1420,22,9298.35
1420,23,9136.59
1420,24,9112.32
1420,25,9122.04
1420,26,9226.88
1420,27,9140.79
1420,28,9113.44
1420,29,9214.91
1420,30,9262.03
1420,31,9174.35
1420,32,9258.92
1420,33,9280.4
1420,34,9120.66
1420,35,9236.75
1420,36,9357.76
1420,37,9343.12
1420,38,9190.65
1420,39,9182.66
1420,40,9153
1420,41,9245.38
1420,42,9228.04
1420,43,9230.05
1420,44,9175.36
1420,45,9187.38
1420,46,9126.57
1420,47,9206.43
1420,48,9244.82
1420,49,9255.15
1420,50,9287.57
1420,51,9221.79
1420,52,9254.68
1420,53,9116.21
1420,54,9225.88
1420,55,9272.51
1420,56,9238.03
1420,57,9280.65
1420,58,9242.4
1420,59,9178.95
1420,60,9271.58
1420,61,9195.72
1420,62,9179.85
1420,63,9199.1
1420,64,9281.05
1420,65,9107.02
1420,66,9228.57
1420,67,9234.27
1420,68,9130.95
1420,69,9113.63
1420,70,9207.1
1420,71,9291.35
1420,72,9279.46
1420,73,9204.08
1420,74,9172.09
1420,75,9230.38
1420,76,9273.36
1420,77,9162.18
1420,78,9143.63
1420,79,9255.24
1420,80,9175.53
1420,81,9253.38
1420,82,9292.25
1420,83,9158.12
1420,84,9180.92
1420,85,9238.78
1420,86,9146.33
1420,87,9100.25
1420,88,9294.4
1420,89,9237.37
1420,90,9307.14
1420,91,9125.46
1420,92,9288.42
1420,93,9168.44
1420,94,9192.9
1420,95,9284.83
1420,96,9170.86
1420,97,9227.9
1420,98,9142.24
1420,99,9171.84
1430,0,9354.62
1430,1,9106.5
1430,2,9117.19
1430,3,9219.84
1430,4,9215.22
1430,5,9187.75
1430,6,9179.15
1430,7,9166.54
1430,8,9204.91
1430,9,9284.71
1430,10,9191.87
1430,11,9214.52
1430,12,9302.67
1430,13,9191.23
1430,14,9227.97
1430,15,9232.77
1430,16,9126.63
1430,17,9223.07
1430,18,9245.14
1430,19,9140.1
1430,20,9200.93
1430,21,9303.85
1430,22,9298.05
1430,23,9136.29
1430,24,9112.02
1430,25,9121.74
1430,26,9226.58
1430,27,9140.49
1430,28,9113.14
1430,29,9214.61
1430,30,9261.73
1430,31,9174.05
1430,32,9258.62
1430,33,9280.1
1430,34,9120.36
1430,35,9236.45
1430,36,9357.46
1430,37,9342.82
1430,38,9190.35
1430,39,9182.36
1430,40,9152.7
1430,41,9245.08
1430,42,9227.74
1430,43,9229.75
1430,44,9175.06
1430,45,9187.08
1430,46,9126.27
1430,47,9206.13
1430,48,9244.52
1430,49,9254.85
1430,50,9287.27
1430,51,9221.49
1430,52,9254.38
1430,53,9115.91
1430,54,9225.58
1430,55,9272.21
1430,56,9237.73
1430,57,9280.35
1430,58,9242.1
1430,59,9178.65
1430,60,9271.28
1430,61,9195.42
1430,62,9179.55
1430,63,9198.8
1430,64,9280.75
1430,65,9106.72
1430,66,9228.27
1430,67,9233.97
1430,68,9130.65
1430,69,9113.33
1430,70,9206.8
1430,71,9291.05
1430,72,9279.16
1430,73,9203.78
1430,74,9171.79
1430,75,9230.08
1430,76,9273.06
1430,77,9161.88
1430,78,9143.33
1430,79,9254.94
1430,80,9175.23
1430,81,9253.08
1430,82,9291.95
1430,83,9157.82
1430,84,9180.62
1430,85,9238.48
1430,86,9146.03
1430,87,9099.95
1430,88,9294.1
1430,89,9237.07
1430,90,9306.84
1430,91,9125.16
1430,92,9288.12
1430,93,9168.14
1430,94,9192.6
1430,95,9284.53
1430,96,9170.56
1430,97,9227.6
1430,98,9141.94
1430,99,9171.54
1440,0,9341.32
1440,1,9091.91
1440,2,9100.14
1440,3,9205.1
1440,4,9200.94
1440,5,9173.87
1440,6,9163.92
1440,7,9150.26
1440,8,9190.32
1440,9,9271.23
1440,10,9177.13
1440,11,9201.85
1440,12,9289.18
1440,13,9176.19
1440,14,9213
1440,15,9215.44
1440,16,9108.99
1440,17,9206.64
1440,18,9233.27
1440,19,9124.98
1440,20,9185.24
1440,21,9289.14
1440,22,9285.24
1440,23,9119.14
1440,24,9098.69
1440,25,9104.73
1440,26,9209.87
1440,27,9124.44
1440,28,9094.95
1440,29,9200.43
1440,30,9247.88
1440,31,9159.29
1440,32,9246.17
1440,33,9264.17
1440,34,9103.01
1440,35,9220.75
1440,36,9343.42
1440,37,9333.32
1440,38,9176.83
1440,39,9167.18
1440,40,9136.47
1440,41,9232.62
1440,42,9211.14
1440,43,9214.23
1440,44,9159.88
1440,45,9171.52
1440,46,9107.63
1440,47,9192.02
1440,48,9231.9
1440,49,9239.67
1440,50,9275.73
1440,51,9206.6
1440,52,9238.48
1440,53,9101.16
1440,54,9210.81
1440,55,9260.08
1440,56,9221.09
1440,57,9265.85
1440,58,9229.06
1440,59,9162.02
1440,60,9257.45
1440,61,9179.68
1440,62,9162.17
1440,63,9186.08
1440,64,9266.61
1440,65,9094.49
1440,66,9214.68
1440,67,9218
1440,68,9117.07
1440,69,9095.04
1440,70,9189.46
1440,71,9279.9
1440,72,9265.51
1440,73,9188.61
1440,74,9153.07
1440,75,9216.38
1440,76,9258.91
1440,77,9146.04
1440,78,9126.53
1440,79,9241.07
1440,80,9158.91
1440,81,9236.64
1440,82,9278.44
1440,83,9143.26
1440,84,9164.21
1440,85,9222.14
1440,86,9127.03
1440,87,9082.97
1440,88,9281.55
1440,89,9221.72
1440,90,9294.02
1440,91,9107.71
1440,92,9274.73
1440,93,9151.14
1440,94,9179.04
1440,95,9270.52
1440,96,9155.67
1440,97,9213.84
1440,98,9127.74
1440,99,9155.7
1450,0,9341.05
1450,1,9085.82
1450,2,9099.9
1450,3,9204.8
1450,4,9200.69
1450,5,9173.61
1450,6,9163.66
1450,7,9150.01
1450,8,9190.07
1450,9,9270.96
1450,10,9176.87
1450,11,9201.58
1450,12,9288.91
1450,13,9175.92
1450,14,9212.73
1450,15,9215.2
1450,16,9108.76
1450,17,9206.38
1450,18,9232.99
1450,19,9119.53
1450,20,9184.98
1450,21,9288.86
1450,22,9284.96
1450,23,9118.9
1450,24,9093.12
1450,25,9104.48
1450,26,9209.63
1450,27,9124.18
1450,28,9094.73
1450,29,9200.16
1450,30,9247.59
1450,31,9159.03
1450,32,9245.88
1450,33,9263.89
1450,34,9102.78
1450,35,9220.49
1450,36,9343.14
1450,37,9333.02
1450,38,9171.4
1450,39,9166.92
1450,40,9136.23
1450,41,9232.33
1450,42,9210.9
1450,43,9213.98
1450,44,9159.61
1450,45,9171.26
1450,46,9107.4
1450,47,9191.75
1450,48,9231.61
1450,49,9239.42
1450,50,9275.44
1450,51,9206.36
1450,52,9238.24
1450,53,9095.71
1450,54,9210.54
1450,55,9259.79
1450,56,9220.84
1450,57,9265.59
1450,58,9228.79
1450,59,9161.76
1450,60,9257.16
1450,61,9179.42
1450,62,9161.92
1450,63,9185.79
1450,64,9266.34
1450,65,9088.79
1450,66,9214.4
1450,67,9217.76
1450,68,9116.77
1450,69,9094.81
1450,70,9189.21
1450,71,9279.63
1450,72,9265.24
1450,73,9188.35
1450,74,9152.85
1450,75,9216.13
1450,76,9258.66
1450,77,9145.79
1450,78,9126.3
1450,79,9240.8
1450,80,9158.69
1450,81,9236.39
1450,82,9278.18
1450,83,9143
1450,84,9163.97
1450,85,9221.89
1450,86,9126.8
1450,87,9082.73
1450,88,9281.26
1450,89,9221.48
1450,90,9293.72
1450,91,9107.48
1450,92,9274.46
1450,93,9150.91
1450,94,9178.76
1450,95,9270.24
1450,96,9149.94
1450,97,9213.57
1450,98,9127.49
1450,99,9155.46
1460,0,9340.75
1460,1,9085.52
1460,2,9099.6
1460,3,9204.5
1460,4,9200.39
1460,5,9173.31
1460,6,9163.36
1460,7,9149.71
1460,8,9189.77
1460,9,9270.66
1460,10,9176.57
1460,11,9201.28
1460,12,9288.61
1460,13,9175.62
1460,14,9212.43
1460,15,9214.9
1460,16,9108.46
1460,17,9206.08
1460,18,9232.69
1460,19,9119.23
1460,20,9184.68
1460,21,9288.56
1460,22,9284.66
1460,23,9118.6
1460,24,9092.82
1460,25,9104.18
1460,26,9209.33
1460,27,9123.88
1460,28,9094.43
1460,29,9199.86
1460,30,9247.29
1460,31,9158.73
1460,32,9245.58
1460,33,9263.59
1460,34,9102.48
1460,35,9220.19
1460,36,9342.84
1460,37,9332.72
1460,38,9171.1
1460,39,9166.62
1460,40,9135.93
1460,41,9232.03
1460,42,9210.6
1460,43,9213.68
1460,44,9159.31
1460,45,9170.96
1460,46,9107.1
1460,47,9191.45
1460,48,9231.31
1460,49,9239.12
1460,50,9275.14
1460,51,9206.06
1460,52,9237.94
1460,53,9095.41
1460,54,9210.24
1460,55,9259.49
1460,56,9220.54
1460,57,9265.29
1460,58,9228.49
1460,59,9161.46
1460,60,9256.86
1460,61,9179.12
1460,62,9161.62
1460,63,9185.49
1460,64,9266.04
1460,65,9088.49
1460,66,9214.1
1460,67,9217.46
1460,68,9116.47
1460,69,9094.51
1460,70,9188.91
1460,71,9279.33
1460,72,9264.94
1460,73,9188.05
1460,74,9152.55
1460,75,9215.83
1460,76,9258.36
1460,77,9145.49
1460,78,9126
1460,79,9240.5
1460,80,9158.39
1460,81,9236.09
1460,82,9277.88
1460,83,9142.7
1460,84,9163.67
1460,85,9221.59
1460,86,9126.5
1460,87,9082.43
1460,88,9280.96
1460,89,9221.18
1460,90,9293.42
1460,91,9107.18
1460,92,9274.16
1460,93,9150.61
1460,94,9178.46
1460,95,9269.94
1460,96,9149.64
1460,97,9213.27
1460,98,9127.19
1460,99,9155.16
1470,0,9325.67
1470,1,9070.68
1470,2,9086.91
1470,3,9190.64
1470,4,9191.22
1470,5,9161.11
1470,6,9152.61
1470,7,9137.43
1470,8,9175.43
1470,9,9258.54
1470,10,9163.6
1470,11,9185.77
1470,12,9276.36
1470,13,9164.71
1470,14,9199.74
1470,15,9203.88
1470,16,9096.46
1470,17,9190.76
1470,18,9220.51
1470,19,9104.89
1470,20,9169.75
1470,21,9277.62
1470,22,9269.57
1470,23,9106.48
1470,24,9078.52
1470,25,9090.37
1470,26,9198.98
1470,27,9108.37
1470,28,9081.54
1470,29,9185.53
1470,30,9235.67
1470,31,9147.71
1470,32,9234.5
1470,33,9251.05
1470,34,9090.91
1470,35,9205.67
1470,36,9331.05
1470,37,9324.61
1470,38,9157.51
1470,39,9155
1470,40,9124.01
1470,41,9221.16
1470,42,9197.19
1470,43,9201.88
1470,44,9146.01
1470,45,9156.33
1470,46,9093.08
1470,47,9178.13
1470,48,9218.29
1470,49,9225.36
1470,50,9263.8
1470,51,9195.02
1470,52,9224.61
1470,53,9081.51
1470,54,9196.46
1470,55,9249.27
1470,56,9206.88
1470,57,9253.06
1470,58,9214.41
1470,59,9150.69
1470,60,9244.25
1470,61,9164.29
1470,62,9148.03
1470,63,9172.84
1470,64,9253.08
1470,65,9075.21
1470,66,9200.76
1470,67,9206.03
1470,68,9104.45
1470,69,9080.19
1470,70,9174.92
1470,71,9266.69
1470,72,9252.98
1470,73,9175.34
1470,74,9140.76
1470,75,9201.71
1470,76,9243.61
1470,77,9131.89
1470,78,9115.46
1470,79,9229.17
1470,80,9145.9
1470,81,9220.36
1470,82,9264.12
1470,83,9132
1470,84,9150.96
1470,85,9210.22
1470,86,9114.05
1470,87,9068.98
1470,88,9268.55
1470,89,9210
1470,90,9282.23
1470,91,9094.48
1470,92,9261.57
1470,93,9137.7
1470,94,9163.46
1470,95,9257.54
1470,96,9135.89
1470,97,9198.99
1470,98,9116.28
1470,99,9143.11
1480,0,9323.64
1480,1,9064.59
1480,2,9078.05
1480,3,9187.17
1480,4,9184.66
1480,5,9158.04
1480,6,9144.53
1480,7,9128.14
1480,8,9170.76
1480,9,9256.11
1480,10,9154.4
1480,11,9180.94
1480,12,9273.05
1480,13,9156.1
1480,14,9197.44
1480,15,9195.62
1480,16,9087.03
1480,17,9187.26
1480,18,9217.43
1480,19,9096.58
1480,20,9166.85
1480,21,9275.9
1480,22,9267.86
1480,23,9097.93
1480,24,9066.92
1480,25,9083.15
1480,26,9190.79
1480,27,9104.84
1480,28,9071.02
1480,29,9182.58
1480,30,9233.62
1480,31,9139.1
1480,32,9232.1
1480,33,9248.49
1480,34,9081.26
1480,35,9202.55
1480,36,9330.74
1480,37,9322.35
1480,38,9152.08
1480,39,9147.01
1480,40,9115.94
1480,41,9218.77
1480,42,9193.79
1480,43,9192.27
1480,44,9141.48
1480,45,9153.65
1480,46,9083.91
1480,47,9174.81
1480,48,9217.22
1480,49,9223.38
1480,50,9261.37
1480,51,9186.12
1480,52,9217.21
1480,53,9072.42
1480,54,9193.9
1480,55,9245.36
1480,56,9202.63
1480,57,9249.79
1480,58,9210.92
1480,59,9143.74
1480,60,9242.57
1480,61,9161.22
1480,62,9140.72
1480,63,9169.89
1480,64,9251.35
1480,65,9063.23
1480,66,9197.86
1480,67,9199.19
1480,68,9101.76
1480,69,9074.22
1480,70,9171.92
1480,71,9262.05
1480,72,9252.39
1480,73,9167.74
1480,74,9131.37
1480,75,9196.49
1480,76,9238.59
1480,77,9126.93
1480,78,9106.06
1480,79,9226.58
1480,80,9135.74
1480,81,9216.69
1480,82,9260.16
1480,83,9123.39
1480,84,9142.22
1480,85,9203.72
1480,86,9105.15
1480,87,9059.69
1480,88,9267.33
1480,89,9201.45
1480,90,9279.31
1480,91,9084.34
1480,92,9258.79
1480,93,9128.7
1480,94,9161.18
1480,95,9255.52
1480,96,9130.1
1480,97,9194.85
1480,98,9107.53
1480,99,9133.8
1490,0,9323.34
1490,1,9064.29
1490,2,9077.75
1490,3,9186.87
1490,4,9184.36
1490,5,9157.74
1490,6,9144.23
1490,7,9127.84
1490,8,9170.46
1490,9,9255.81
1490,10,9154.1
1490,11,9180.64
1490,12,9272.75
1490,13,9155.8
1490,14,9197.14
1490,15,9195.32
1490,16,9086.73
1490,17,9186.96
1490,18,9217.13
1490,19,9096.28
1490,20,9166.55
1490,21,9275.6
1490,22,9267.56
1490,23,9097.63
1490,24,9066.62
1490,25,9082.85
1490,26,9190.49
1490,27,9104.54
1490,28,9070.72
1490,29,9182.28
1490,30,9233.32
1490,31,9138.8
1490,32,9231.8
1490,33,9248.19
1490,34,9080.96
1490,35,9202.25
1490,36,9330.44
1490,37,9322.05
1490,38,9151.78
1490,39,9146.71
1490,40,9115.64
1490,41,9218.47
1490,42,9193.49
1490,43,9191.97
1490,44,9141.18
1490,45,9153.35
1490,46,9083.61
1490,47,9174.51
1490,48,9216.92
1490,49,9223.08
1490,50,9261.07
1490,51,9185.82
1490,52,9216.91
1490,53,9072.12
1490,54,9193.6
1490,55,9245.06
1490,56,9202.33
1490,57,9249.49
1490,58,9210.62
1490,59,9143.44
1490,60,9242.27
1490,61,9160.92
1490,62,9140.42
1490,63,9169.59
1490,64,9251.05
1490,65,9062.93
1490,66,9197.56
1490,67,9198.89
1490,68,9101.46
1490,69,9073.92
1490,70,9171.62
1490,71,9261.75
1490,72,9252.09
1490,73,9167.44
1490,74,9131.07
1490,75,9196.19
1490,76,9238.29
1490,77,9126.63
1490,78,9105.76
1490,79,9226.28
1490,80,9135.44
1490,81,9216.39
1490,82,9259.86
1490,83,9123.09
1490,84,9141.92
1490,85,9203.42
1490,86,9104.85
1490,87,9059.39
1490,88,9267.03
1490,89,9201.15
1490,90,9279.01
1490,91,9084.04
1490,92,9258.49
1490,93,9128.4
1490,94,9160.88
1490,95,9255.22
1490,96,9129.8
1490,97,9194.55
1490,98,9107.23
1490,99,9133.5
1500,0,9311.48
1500,1,9050.9
1500,2,9066.67
1500,3,9174.49
1500,4,9172.67
1500,5,9146.47
1500,6,9130.1
1500,7,9117.29
1500,8,9158.74
1500,9,9245.6
1500,10,9142.15
1500,11,9169.15
1500,12,9263.4
1500,13,9144.77
1500,14,9185.4
1500,15,9184.12
1500,16,9072.26
1500,17,9173.86
1500,18,9207.06
1500,19,9082.18
1500,20,9155.46
1500,21,9266.76
1500,22,9259.29
1500,23,9085.39
1500,24,9051.61
1500,25,9069.94
1500,26,9178.9
1500,27,9091.21
1500,28,9057
1500,29,9172.4
1500,30,9221.74
1500,31,9127.65
1500,32,9221.49
1500,33,9237.69
1500,34,9067.45
1500,35,9191.25
1500,36,9320.06
1500,37,9314.42
1500,38,9139.62
1500,39,9131.21
1500,40,9101.57
1500,41,9207.79
1500,42,9181.49
1500,43,9178.07
1500,44,9129.24
1500,45,9141.48
1500,46,9068.48
1500,47,9164.31
1500,48,9207.15
1500,49,9211.64
1500,50,9250.47
1500,51,9171.72
1500,52,9205.62
1500,53,9058.93
1500,54,9182.7
1500,55,9235.72
1500,56,9190.49
1500,57,9237.7
1500,58,9198.84
1500,59,9131.33
1500,60,9232.03
1500,61,9149.22
1500,62,9128.11
1500,63,9159.72
1500,64,9241.13
1500,65,9050.83
1500,66,9185.89
1500,67,9187.1
1500,68,9089.36
1500,69,9057.89
1500,70,9159.74
1500,71,9249.4
1500,72,9242.26
1500,73,9153.72
1500,74,9117.79
1500,75,9181.23
1500,76,9224.54
1500,77,9115
1500,78,9091.54
1500,79,9216.95
1500,80,9120.15
1500,81,9205.44
1500,82,9248.99
1500,83,9109.19
1500,84,9126.72
1500,85,9192.12
1500,86,9091.9
1500,87,9048.23
1500,88,9254.79
1500,89,9190
1500,90,9267.7
1500,91,9069.41
1500,92,9247.42
1500,93,9113.42
1500,94,9148.75
1500,95,9244.44
1500,96,9116.33
1500,97,9183.74
1500,98,9097.48
1500,99,9120.96
1510,0,9307.49
1510,1,9044.81
1510,2,9061.75
1510,3,9171.73
1510,4,9167.94
1510,5,9141.93
1510,6,9125.52
1510,7,9113.16
1510,8,9154.86
1510,9,9241.7
1510,10,9138.06
1510,11,9165.79
1510,12,9260.83
1510,13,9140.56
1510,14,9181.95
1510,15,9179.62
1510,16,9067.49
1510,17,9169.3
1510,18,9204.82
1510,19,9076.76
1510,20,9150.84
1510,21,9264.62
1510,22,9256.85
1510,23,9081.05
1510,24,9051.38
1510,25,9064.85
1510,26,9174.48
1510,27,9086.71
1510,28,9052.04
1510,29,9168.85
1510,30,9219.85
1510,31,9123.47
1510,32,9218.41
1510,33,9237.42
1510,34,9067.22
1510,35,9187.89
1510,36,9317.29
1510,37,9312.26
1510,38,9134.15
1510,39,9126.1
1510,40,9101.33
1510,41,9204.66
1510,42,9177.72
1510,43,9177.83
1510,44,9124.72
1510,45,9137.13
1510,46,9062.85
1510,47,9160.45
1510,48,9203.62
1510,49,9208.2
1510,50,9248.61
1510,51,9171.49
1510,52,9201.53
1510,53,9053.48
1510,54,9178.5
1510,55,9233.9
1510,56,9187.16
1510,57,9234.53
1510,58,9196.04
1510,59,9126.98
1510,60,9230.24
1510,61,9144.96
1510,62,9122.66
1510,63,9156.37
1510,64,9236.98
1510,65,9045.46
1510,66,9181.86
1510,67,9183.33
1510,68,9089.08
1510,69,9057.68
1510,70,9155.42
1510,71,9249.15
1510,72,9239.72
1510,73,9149.03
1510,74,9112.58
1510,75,9181
1510,76,9224.3
1510,77,9110
1510,78,9091.3
1510,79,9214.67
1510,80,9119.93
1510,81,9201.88
1510,82,9246.06
1510,83,9104.99
1510,84,9126.49
1510,85,9188.36
1510,86,9086.67
1510,87,9043.4
1510,88,9251.82
1510,89,9185.69
1510,90,9267.44
1510,91,9069.18
1510,92,9244.69
1510,93,9108.15
1510,94,9145.15
1510,95,9240.55
1510,96,9110.48
1510,97,9181.24
1510,98,9093.56
1510,99,9116.73
1520,0,9307.19
1520,1,9044.51
1520,2,9061.45
1520,3,9171.43
1520,4,9167.64
1520,5,9141.63
1520,6,9125.22
1520,7,9112.86
1520,8,9154.56
1520,9,9241.4
1520,10,9137.76
1520,11,9165.49
1520,12,9260.53
1520,13,9140.26
1520,14,9181.65
1520,15,9179.32
1520,16,9067.19
1520,17,9169
1520,18,9204.52
1520,19,9076.46
1520,20,9150.54
1520,21,9264.32
1520,22,9256.55
1520,23,9080.75
1520,24,9051.08
1520,25,9064.55
1520,26,9174.18
1520,27,9086.41
1520,28,9051.74
1520,29,9168.55
1520,30,9219.55
1520,31,9123.17
1520,32,9218.11
1520,33,9237.12
1520,34,9066.92
1520,35,9187.59
1520,36,9316.99
1520,37,9311.96
1520,38,9133.85
1520,39,9125.8
1520,40,9101.03
1520,41,9204.36
1520,42,9177.42
1520,43,9177.53
1520,44,9124.42
1520,45,9136.83
1520,46,9062.55
1520,47,9160.15
1520,48,9203.32
1520,49,9207.9
1520,50,9248.31
1520,51,9171.19
1520,52,9201.23
1520,53,9053.18
1520,54,9178.2
1520,55,9233.6
1520,56,9186.86
1520,57,9234.23
1520,58,9195.74
1520,59,9126.68
1520,60,9229.94
1520,61,9144.66
1520,62,9122.36
1520,63,9156.07
1520,64,9236.68
1520,65,9045.16
1520,66,9181.56
1520,67,9183.03
1520,68,9088.78
1520,69,9057.38
1520,70,9155.12
1520,71,9248.85
1520,72,9239.42
1520,73,9148.73
1520,74,9112.28
1520,75,9180.7
1520,76,9224
1520,77,9109.7
1520,78,9091
1520,79,9214.37
1520,80,9119.63
1520,81,9201.58
1520,82,9245.76
1520,83,9104.69
1520,84,9126.19
1520,85,9188.06
1520,86,9086.37
1520,87,9043.1
1520,88,9251.52
1520,89,9185.39
1520,90,9267.14
1520,91,9068.88
1520,92,9244.39
1520,93,9107.85
1520,94,9144.85
1520,95,9240.25
1520,96,9110.18
1520,97,9180.94
1520,98,9093.26
1520,99,9116.43
1530,0,9293.46
1530,1,9029.54
1530,2,9048.02
1530,3,9160.14
1530,4,9154.87
1530,5,9129.53
1530,6,9112.62
1530,7,9100.02
1530,8,9142.98
1530,9,9230.82
1530,10,9124.08
1530,11,9152.87
1530,12,9248.51
1530,13,9129.47
1530,14,9169.83
1530,15,9165.72
1530,16,9054.18
1530,17,9155.98
1530,18,9194.47
1530,19,9062.76
1530,20,9138.33
1530,21,9253.54
1530,22,9244.98
1530,23,9066.95
1530,24,9035.68
1530,25,9051.04
1530,26,9160.81
1530,27,9073.6
1530,28,9037.48
1530,29,9157.34
1530,30,9207.32
1530,31,9112.38
1530,32,9206.01
1530,33,9223.49
1530,34,9053.53
1530,35,9175.39
1530,36,9305.42
1530,37,9303.3
1530,38,9119.59
1530,39,9110.67
1530,40,9089.47
1530,41,9193.56
1530,42,9164.89
1530,43,9165.65
1530,44,9112.27
1530,45,9124.45
1530,46,9047.95
1530,47,9148.74
1530,48,9191.21
1530,49,9195.95
1530,50,9233.65
1530,51,9160.05
1530,52,9188.23
1530,53,9039.22
1530,54,9166.75
1530,55,9222.35
1530,56,9174.26
1530,57,9222.54
1530,58,9183.82
1530,59,9112.85
1530,60,9216.54
1530,61,9132.92
1530,62,9108.52
1530,63,9144.75
1530,64,9223.71
1530,65,9031.63
1530,66,9169.71
1530,67,9172.11
1530,68,9076.34
1530,69,9041.94
1530,70,9142.26
1530,71,9239.83
1530,72,9228.19
1530,73,9135.46
1530,74,9097.4
1530,75,9168.64
1530,76,9212.78
1530,77,9095.96
1530,78,9079.81
1530,79,9202.72
1530,80,9106.96
1530,81,9187.3
1530,82,9234.22
1530,83,9093.28
1530,84,9111.53
1530,85,9176.83
1530,86,9072.71
1530,87,9030.03
1530,88,9239.81
1530,89,9173.47
1530,90,9253.82
1530,91,9055.77
1530,92,9233.82
1530,93,9094.96
1530,94,9132.76
1530,95,9230.19
1530,96,9094.58
1530,97,9169.32
1530,98,9082
1530,99,9103.85
1540,0,9293.23
1540,1,9029.32
1540,2,9047.78
1540,3,9159.89
1540,4,9152.44
1540,5,9127.12
1540,6,9109.35
1540,7,9099.78
1540,8,9142.74
1540,9,9226.79
1540,10,9121.64
1540,11,9150.42
1540,12,9248.26
1540,13,9125.11
1540,14,9169.57
1540,15,9165.48
1540,16,9053.94
1540,17,9155.73
1540,18,9194.2
1540,19,9062.52
1540,20,9134
1540,21,9253.28
1540,22,9244.73
1540,23,9066.71
1540,24,9033.29
1540,25,9050.79
1540,26,9160.57
1540,27,9073.35
1540,28,9034.84
1540,29,9157.07
1540,30,9207.06
1540,31,9109.02
1540,32,9205.76
1540,33,9223.23
1540,34,9050.33
1540,35,9175.14
1540,36,9305.17
1540,37,9303.03
1540,38,9119.36
1540,39,9110.44
1540,40,9085.31
1540,41,9190.38
1540,42,9164.64
1540,43,9165.41
1540,44,9108.24
1540,45,9120.14
1540,46,9047.73
1540,47,9144.53
1540,48,9190.96
1540,49,9195.7
1540,50,9233.39
1540,51,9155.58
1540,52,9187.98
1540,53,9038.98
1540,54,9166.49
1540,55,9222.1
1540,56,9174.01
1540,57,9222.29
1540,58,9183.56
1540,59,9112.61
1540,60,9216.28
1540,61,9129.71
1540,62,9108.29
1540,63,9141.26
1540,64,9221.69
1540,65,9031.4
1540,66,9169.45
1540,67,9168.22
1540,68,9076.07
1540,69,9041.73
1540,70,9142.01
1540,71,9236.21
1540,72,9227.93
1540,73,9135.22
1540,74,9097.18
1540,75,9168.4
1540,76,9208.57
1540,77,9095.73
1540,78,9075.34
1540,79,9202.46
1540,80,9106.72
1540,81,9187.07
1540,82,9233.97
1540,83,9088.99
1540,84,9111.31
1540,85,9173.16
1540,86,9072.47
1540,87,9029.78
1540,88,9239.56
1540,89,9169.13
1540,90,9253.55
1540,91,9053.02
1540,92,9230.93
1540,93,9094.72
1540,94,9132.51
1540,95,9227.4
1540,96,9094.36
1540,97,9169.07
1540,98,9081.75
1540,99,9103.62
1550,0,9292.93
1550,1,9029.02
1550,2,9047.48
1550,3,9159.59
1550,4,9152.14
1550,5,9126.82
1550,6,9109.05
1550,7,9099.48
1550,8,9142.44
1550,9,9226.49
1550,10,9121.34
1550,11,9150.12
1550,12,9247.96
1550,13,9124.81
1550,14,9169.27
1550,15,9165.18
1550,16,9053.64
1550,17,9155.43
1550,18,9193.9
1550,19,9062.22
1550,20,9133.7
1550,21,9252.98
1550,22,9244.43
1550,23,9066.41
1550,24,9032.99
1550,25,9050.49
1550,26,9160.27
1550,27,9073.05
1550,28,9034.54
1550,29,9156.77
1550,30,9206.76
1550,31,9108.72
1550,32,9205.46
1550,33,9222.93
1550,34,9050.03
1550,35,9174.84
1550,36,9304.87
1550,37,9302.73
1550,38,9119.06
1550,39,9110.14
1550,40,9085.01
1550,41,9190.08
1550,42,9164.34
1550,43,9165.11
1550,44,9107.94
1550,45,9119.84
1550,46,9047.43
1550,47,9144.23
1550,48,9190.66
1550,49,9195.4
1550,50,9233.09
1550,51,9155.28
1550,52,9187.68
1550,53,9038.68
1550,54,9166.19
1550,55,9221.8
1550,56,9173.71
1550,57,9221.99
1550,58,9183.26
1550,59,9112.31
1550,60,9215.98
1550,61,9129.41
1550,62,9107.99
1550,63,9140.96
1550,64,9221.39
1550,65,9031.1
1550,66,9169.15
1550,67,9167.92
1550,68,9075.77
1550,69,9041.43
1550,70,9141.71
1550,71,9235.91
1550,72,9227.63
1550,73,9134.92
1550,74,9096.88
1550,75,9168.1
1550,76,9208.27
1550,77,9095.43
1550,78,9075.04
1550,79,9202.16
1550,80,9106.42
1550,81,9186.77
1550,82,9233.67
1550,83,9088.69
1550,84,9111.01
1550,85,9172.86
1550,86,9072.17
1550,87,9029.48
1550,88,9239.26
1550,89,9168.83
1550,90,9253.25
1550,91,9052.72
1550,92,9230.63
1550,93,9094.42
1550,94,9132.21
1550,95,9227.1
1550,96,9094.06
1550,97,9168.77
1550,98,9081.45
1550,99,9103.32
1560,0,9281.23
1560,1,9019.7
1560,2,9035.01
1560,3,9149.05
1560,4,9139.51
1560,5,9114.59
1560,6,9096.62
1560,7,9086.69
1560,8,9130.9
1560,9,9215.83
1560,10,9107.68
1560,11,9137.45
1560,12,9237.8
1560,13,9113.21
1560,14,9159.07
1560,15,9152.98
1560,16,9041.45
1560,17,9142.59
1560,18,9183.98
1560,19,9047.93
1560,20,9121.2
1560,21,9244.08
1560,22,9234.14
1560,23,9052.77
1560,24,9020.02
1560,25,9035.98
1560,26,9148.31
1560,27,9060.26
1560,28,9022.62
1560,29,9146.75
1560,30,9195.89
1560,31,9097.85
1560,32,9195.52
1560,33,9211.4
1560,34,9037.17
1560,35,9163.36
1560,36,9295.6
1560,37,9293.7
1560,38,9105.38
1560,39,9097.59
1560,40,9072.12
1560,41,9179.2
1560,42,9153.27
1560,43,9152.54
1560,44,9094.99
1560,45,9107.48
1560,46,9033.32
1560,47,9132.72
1560,48,9179.81
1560,49,9183.96
1560,50,9221.54
1560,51,9144.07
1560,52,9176.64
1560,53,9024.86
1560,54,9154.53
1560,55,9212.02
1560,56,9162.8
1560,57,9211.88
1560,58,9174.13
1560,59,9100.58
1560,60,9204.38
1560,61,9117.4
1560,62,9096.09
1560,63,9129.73
1560,64,9210.51
1560,65,9019.41
1560,66,9157.25
1560,67,9157.73
1560,68,9063.93
1560,69,9028.69
1560,70,9129.26
1560,71,9225.69
1560,72,9218.03
1560,73,9121.22
1560,74,9083.7
1560,75,9156.11
1560,76,9196.38
1560,77,9082.65
1560,78,9063.61
1560,79,9192.46
1560,80,9093.86
1560,81,9175.31
1560,82,9222.35
1560,83,9077.25
1560,84,9098.02
1560,85,9161.67
1560,86,9058.92
1560,87,9016.58
1560,88,9230.48
1560,89,9156.97
1560,90,9241.79
1560,91,9041.23
1560,92,9221.46
1560,93,9081.49
1560,94,9123.35
1560,95,9215.33
1560,96,9079.78
1560,97,9157.36
1560,98,9069.83
1560,99,9093.64
1570,0,9280.99
1570,1,9014.22
1570,2,9034.77
1570,3,9146.07
1570,4,9139.28
1570,5,9114.35
1570,6,9096.39
1570,7,9086.46
1570,8,9130.67
1570,9,9212.3
1570,10,9107.24
1570,11,9137.22
1570,12,9235.32
1570,13,9112.97
1570,14,9157.06
1570,15,9152.74
1570,16,9041.21
1570,17,9142.36
1570,18,9183.72
1570,19,9047.71
1570,20,9116.93
1570,21,9242.76
1570,22,9233.89
1570,23,9052.54
1570,24,9017.26
1570,25,9035.76
1570,26,9148.07
1570,27,9060.02
1570,28,9020.02
1570,29,9144.79
1570,30,9195.63
1570,31,9094.29
1570,32,9193.69
1570,33,9210.28
1570,34,9036.72
1570,35,9163.12
1570,36,9293.07
1570,37,9292.41
1570,38,9105.16
1570,39,9095.35
1570,40,9071.89
1570,41,9176.65
1570,42,9153.02
1570,43,9150.55
1570,44,9094.76
1570,45,9103.19
1570,46,9032.65
1570,47,9128.57
1570,48,9176.31
1570,49,9183.72
1570,50,9220.42
1570,51,9141.5
1570,52,9176.39
1570,53,9023.94
1570,54,9154.3
1570,55,9209.88
1570,56,9160.76
1570,57,9209.69
1570,58,9172.58
1570,59,9097.22
1570,60,9202.39
1570,61,9113.74
1570,62,9093.93
1570,63,9126.29
1570,64,9206.91
1570,65,9017.07
1570,66,9153.24
1570,67,9157.48
1570,68,9062.59
1570,69,9025.44
1570,70,9129.02
1570,71,9225.45
1570,72,9216.06
1570,73,9121
1570,74,9080.93
1570,75,9154.03
1570,76,9194.13
1570,77,9082.42
1570,78,9063.38
1570,79,9190.9
1570,80,9091.42
1570,81,9175.06
1570,82,9218.72
1570,83,9077.01
1570,84,9095.72
1570,85,9161.42
1570,86,9057.16
1570,87,9014.7
1570,88,9228.67
1570,89,9156.73
1570,90,9239.55
1570,91,9039.31
1570,92,9219.73
1570,93,9079.44
1570,94,9119.37
1570,95,9215.09
1570,96,9078.73
1570,97,9157.12
1570,98,9069.6
1570,99,9090.19
1580,0,9280.69
1580,1,9013.92
1580,2,9034.47
1580,3,9145.77
1580,4,9138.98
1580,5,9114.05
1580,6,9096.09
1580,7,9086.16
1580,8,9130.37
1580,9,9212
1580,10,9106.94
1580,11,9136.92
1580,12,9235.02
1580,13,9112.67
1580,14,9156.76
1580,15,9152.44
1580,16,9040.91
1580,17,9142.06
1580,18,9183.42
1580,19,9047.41
1580,20,9116.63
1580,21,9242.46
1580,22,9233.59
1580,23,9052.24
1580,24,9016.96
1580,25,9035.46
1580,26,9147.77
1580,27,9059.72
1580,28,9019.72
1580,29,9144.49
1580,30,9195.33
1580,31,9093.99
1580,32,9193.39
1580,33,9209.98
1580,34,9036.42
1580,35,9162.82
1580,36,9292.77
1580,37,9292.11
1580,38,9104.86
1580,39,9095.05
1580,40,9071.59
1580,41,9176.35
1580,42,9152.72
1580,43,9150.25
1580,44,9094.46
1580,45,9102.89
1580,46,9032.35
1580,47,9128.27
1580,48,9176.01
1580,49,9183.42
1580,50,9220.12
1580,51,9141.2
1580,52,9176.09
1580,53,9023.64
1580,54,9154
1580,55,9209.58
1580,56,9160.46
1580,57,9209.39
1580,58,9172.28
1580,59,9096.92
1580,60,9202.09
1580,61,9113.44
1580,62,9093.63
1580,63,9125.99
1580,64,9206.61
1580,65,9016.77
1580,66,9152.94
1580,67,9157.18
1580,68,9062.29
1580,69,9025.14
1580,70,9128.72
1580,71,9225.15
1580,72,9215.76
1580,73,9120.7
1580,74,9080.63
1580,75,9153.73
1580,76,9193.83
1580,77,9082.12
1580,78,9063.08
1580,79,9190.6
1580,80,9091.12
1580,81,9174.76
1580,82,9218.42
1580,83,9076.71
1580,84,9095.42
1580,85,9161.12
1580,86,9056.86
1580,87,9014.4
1580,88,9228.37
1580,89,9156.43
1580,90,9239.25
1580,91,9039.01
1580,92,9219.43
1580,93,9079.14
1580,94,9119.07
1580,95,9214.79
1580,96,9078.43
1580,97,9156.82
1580,98,9069.3
1580,99,9089.89
1590,0,9269.05
1590,1,9004.61
1590,2,9023.61
1590,3,9137.14
1590,4,9128.61
1590,5,9104.1
1590,6,9085.24
1590,7,9075.34
1590,8,9121.05
1590,9,9202.02
1590,10,9096.16
1590,11,9127.32
1590,12,9227.08
1590,13,9103.75
1590,14,9148.22
1590,15,9142.87
1590,16,9030.41
1590,17,9131.4
1590,18,9176.11
1590,19,9035.87
1590,20,9105.15
1590,21,9233.57
1590,22,9225.5
1590,23,9040.26
1590,24,9006.86
1590,25,9025.34
1590,26,9138.11
1590,27,9050.47
1590,28,9011.02
1590,29,9136.27
1590,30,9185.24
1590,31,9083.37
1590,32,9184.74
1590,33,9199.46
1590,34,9027.58
1590,35,9151.39
1590,36,9282.96
1590,37,9284.33
1590,38,9093.3
1590,39,9084.18
1590,40,9060.75
1590,41,9166.72
1590,42,9144.16
1590,43,9140.45
1590,44,9084.83
1590,45,9090.81
1590,46,9021.05
1590,47,9116.98
1590,48,9165.02
1590,49,9172.04
1590,50,9211.85
1590,51,9131.66
1590,52,9164.52
1590,53,9015.61
1590,54,9144.16
1590,55,9201.43
1590,56,9151.31
1590,57,9201.06
1590,58,9164.06
1590,59,9087.22
1590,60,9194.07
1590,61,9101.67
1590,62,9083.32
1590,63,9116.46
1590,64,9195.8
1590,65,9005.72
1590,66,9142.21
1590,67,9146.39
1590,68,9051.38
1590,69,9014.3
1590,70,9119.13
1590,71,9215.7
1590,72,9206.26
1590,73,9109.86
1590,74,9069.86
1590,75,9143.49
1590,76,9184.11
1590,77,9070.09
1590,78,9053.52
1590,79,9182.93
1590,80,9080.86
1590,81,9164.76
1590,82,9208.51
1590,83,9066.27
1590,84,9084.75
1590,85,9150.15
1590,86,9044.66
1590,87,9004.88
1590,88,9216.83
1590,89,9147.83
1590,90,9230.94
1590,91,9031.77
1590,92,9211.77
1590,93,9069.44
1590,94,9110.44
1590,95,9204.92
1590,96,9068.83
1590,97,9146.43
1590,98,9059.64
1590,99,9081.55
1600,0,9268.18
1600,1,8999.43
1600,2,9020.27
1600,3,9133.7
1600,4,9125.34
1600,5,9101.13
1600,6,9081.92
1600,7,9071.8
1600,8,9115.85
1600,9,9196.86
1600,10,9093.5
1600,11,9122.08
1600,12,9222.6
1600,13,9099.32
1600,14,9145.3
1600,15,9139.41
1600,16,9027.02
1600,17,9126.97
1600,18,9173.79
1600,19,9029.64
1600,20,9100.18
1600,21,9233.32
1600,22,9223.2
1600,23,9035.69
1600,24,9003.69
1600,25,9021.23
1600,26,9133.77
1600,27,9043.81
1600,28,9002.8
1600,29,9133.17
1600,30,9184.17
1600,31,9080.22
1600,32,9180.14
1600,33,9197.75
1600,34,9019.57
1600,35,9149.59
1600,36,9280.24
1600,37,9281.36
1600,38,9090.43
1600,39,9080.57
1600,40,9055.72
1600,41,9163.51
1600,42,9141.45
1600,43,9136.93
1600,44,9079.54
1600,45,9085.93
1600,46,9013.99
1600,47,9111.33
1600,48,9161.14
1600,49,9171.32
1600,50,9210.69
1600,51,9128.29
1600,52,9161.67
1600,53,9010.12
1600,54,9141.3
1600,55,9197.89
1600,56,9147.55
1600,57,9197.39
1600,58,9161.15
1600,59,9083.38
1600,60,9192.4
1600,61,9098.04
1600,62,9079.51
1600,63,9113.54
1600,64,9192.65
1600,65,8999.84
1600,66,9137.32
1600,67,9143.84
1600,68,9049.44
1600,69,9010.49
1600,70,9115.52
1600,71,9213.31
1600,72,9204.33
1600,73,9103.55
1600,74,9064.61
1600,75,9140.11
1600,76,9180.56
1600,77,9068.89
1600,78,9048.66
1600,79,9180.03
1600,80,9077.09
1600,81,9161.29
1600,82,9203.32
1600,83,9062.76
1600,84,9081.16
1600,85,9148.51
1600,86,9040.84
1600,87,9000.7
1600,88,9215.11
1600,89,9144.23
1600,90,9228.85
1600,91,9022.9
1600,92,9208.67
1600,93,9065.42
1600,94,9106.96
1600,95,9199.96
1600,96,9064.03
1600,97,9145.28
1600,98,9056.49
1600,99,9078.1
1610,0,9267.88
1610,1,8999.13
1610,2,9019.97
1610,3,9133.4
1610,4,9125.04
1610,5,9100.83
1610,6,9081.62
1610,7,9071.5
1610,8,9115.55
1610,9,9196.56
1610,10,9093.2
1610,11,9121.78
1610,12,9222.3
1610,13,9099.02
1610,14,9145
1610,15,9139.11
1610,16,9026.72
1610,17,9126.67
1610,18,9173.49
1610,19,9029.34
1610,20,9099.88
1610,21,9233.02
1610,22,9222.9
1610,23,9035.39
1610,24,9003.39
1610,25,9020.93
1610,26,9133.47
1610,27,9043.51
1610,28,9002.5
1610,29,9132.87
1610,30,9183.87
1610,31,9079.92
1610,32,9179.84
1610,33,9197.45
1610,34,9019.27
1610,35,9149.29
1610,36,9279.94
1610,37,9281.06
1610,38,9090.13
1610,39,9080.27
1610,40,9055.42
1610,41,9163.21
1610,42,9141.15
1610,43,9136.63
1610,44,9079.24
1610,45,9085.63
1610,46,9013.69
1610,47,9111.03
1610,48,9160.84
1610,49,9171.02
1610,50,9210.39
1610,51,9127.99
1610,52,9161.37
1610,53,9009.82
1610,54,9141
1610,55,9197.59
1610,56,9147.25
1610,57,9197.09
1610,58,9160.85
1610,59,9083.08
1610,60,9192.1
1610,61,9097.74
1610,62,9079.21
1610,63,9113.24
1610,64,9192.35
1610,65,8999.54
1610,66,9137.02
1610,67,9143.54
1610,68,9049.14
1610,69,9010.19
1610,70,9115.22
1610,71,9213.01
1610,72,9204.03
1610,73,9103.25
1610,74,9064.31
1610,75,9139.81
1610,76,9180.26
1610,77,9068.59
1610,78,9048.36
1610,79,9179.73
1610,80,9076.79
1610,81,9160.99
1610,82,9203.02
1610,83,9062.46
1610,84,9080.86
1610,85,9148.21
1610,86,9040.54
1610,87,9000.4
1610,88,9214.81
1610,89,9143.93
1610,90,9228.55
1610,91,9022.6
1610,92,9208.37
1610,93,9065.12
1610,94,9106.66
1610,95,9199.66
1610,96,9063.73
1610,97,9144.98
1610,98,9056.19
1610,99,9077.8
1620,0,9257.79
1620,1,8989.95
1620,2,9011.75
1620,3,9124.24
1620,4,9118.16
1620,5,9093.84
1620,6,9073.5
1620,7,9063.2
1620,8,9108.25
1620,9,9188.6
1620,10,9083.58
1620,11,9112.81
1620,12,9214.93
1620,13,9091.73
1620,14,9136.2
1620,15,9130.6
1620,16,9018.29
1620,17,9116.07
1620,18,9166.84
1620,19,9020.33
1620,20,9090.69
1620,21,9226.57
1620,22,9212.79
1620,23,9026.38
1620,24,8992.36
1620,25,9010.91
1620,26,9125.03
1620,27,9034.36
1620,28,8992.88
1620,29,9126.11
1620,30,9177.8
1620,31,9070.78
1620,32,9171.79
1620,33,9190.61
1620,34,9009.03
1620,35,9138.45
1620,36,9273.64
1620,37,9274.33
1620,38,9078.82
1620,39,9070.06
1620,40,9047.37
1620,41,9153.35
1620,42,9132.79
1620,43,9126.77
1620,44,9068.05
1620,45,9074.22
1620,46,9003.22
1620,47,9099.78
1620,48,9152.17
1620,49,9162.04
1620,50,9204.75
1620,51,9118.27
1620,52,9150.24
1620,53,9001.28
1620,54,9132.66
1620,55,9189.47
1620,56,9138.15
1620,57,9188.36
1620,58,9153.72
1620,59,9075.86
1620,60,9184.57
1620,61,9087.87
1620,62,9069.38
1620,63,9103.99
1620,64,9181.62
1620,65,8989.18
1620,66,9127.32
1620,67,9132.89
1620,68,9036.64
1620,69,8999.7
1620,70,9105.81
1620,71,9204.9
1620,72,9196.84
1620,73,9093.67
1620,74,9053.47
1620,75,9129.37
1620,76,9170.86
1620,77,9056.42
1620,78,9040.16
1620,79,9172.41
1620,80,9067.11
1620,81,9151.9
1620,82,9192.14
1620,83,9055.35
1620,84,9070.13
1620,85,9137.79
1620,86,9030.54
1620,87,8991.34
1620,88,9206.09
1620,89,9136.92
1620,90,9217.09
1620,91,9015.49
1620,92,9200.69
1620,93,9055.27
1620,94,9098.71
1620,95,9187.28
1620,96,9053.47
1620,97,9135.23
1620,98,9048.11
1620,99,9069.27
1630,0,9254.77
1630,1,8985.07
1630,2,9007.26
1630,3,9121.91
1630,4,9111.77
1630,5,9087.82
1630,6,9069.62
1630,7,9059.25
1630,8,9105.24
1630,9,9185.85
1630,10,9079.19
1630,11,9109.79
1630,12,9212.76
1630,13,9087.68
1630,14,9133.16
1630,15,9127.57
1630,16,9014.85
1630,17,9112.45
1630,18,9164.51
1630,19,9015.93
1630,20,9087.44
1630,21,9224.4
1630,22,9207.97
1630,23,9019.26
1630,24,8990.06
1630,25,9006.76
1630,26,9121.87
1630,27,9030.96
1630,28,8986.49
1630,29,9119.7
1630,30,9173.3
1630,31,9066.83
1630,32,9169.53
1630,33,9188.69
1630,34,9004.64
1630,35,9136.09
1630,36,9271.54
1630,37,9271.31
1630,38,9074.44
1630,39,9065.54
1630,40,9041.61
1630,41,9150.85
1630,42,9130.62
1630,43,9122.9
1630,44,9064.33
1630,45,9069.96
1630,46,8998.5
1630,47,9096.21
1630,48,9149.36
1630,49,9158.83
1630,50,9203.12
1630,51,9113.79
1630,52,9145.61
1630,53,8993.38
1630,54,9125.07
1630,55,9187.56
1630,56,9134.05
1630,57,9186.07
1630,58,9152.1
1630,59,9071.58
1630,60,9182.95
1630,61,9084.6
1630,62,9065.06
1630,63,9101.31
1630,64,9178.33
1630,65,8984.24
1630,66,9123.26
1630,67,9129.38
1630,68,9035.19
1630,69,8994.5
1630,70,9099.97
1630,71,9201.54
1630,72,9194.8
1630,73,9090.7
1630,74,9048.83
1630,75,9125.15
1630,76,9166.14
1630,77,9051.92
1630,78,9035.52
1630,79,9169.43
1630,80,9062.1
1630,81,9147.69
1630,82,9188.25
1630,83,9050.86
1630,84,9065.66
1630,85,9134.32
1630,86,9026.65
1630,87,8983.53
1630,88,9204.46
1630,89,9130.53
1630,90,9215
1630,91,9010.97
1630,92,9198.89
1630,93,9051.68
1630,94,9095.12
1630,95,9184.43
1630,96,9048.86
1630,97,9132.01
1630,98,9044.35
1630,99,9065.46
1640,0,9254.47
1640,1,8984.77
1640,2,9006.96
1640,3,9121.61
1640,4,9111.47
1640,5,9087.52
1640,6,9069.32
1640,7,9058.95
1640,8,9104.94
1640,9,9185.55
1640,10,9078.89
1640,11,9109.49
1640,12,9212.46
1640,13,9087.38
1640,14,9132.86
1640,15,9127.27
1640,16,9014.55
1640,17,9112.15
1640,18,9164.21
1640,19,9015.63
1640,20,9087.14
1640,21,9224.1
1640,22,9207.67
1640,23,9018.96
1640,24,8989.76
1640,25,9006.46
1640,26,9121.57
1640,27,9030.66
1640,28,8986.19
1640,29,9119.4
1640,30,9173
1640,31,9066.53
1640,32,9169.23
1640,33,9188.39
1640,34,9004.34
1640,35,9135.79
1640,36,9271.24
1640,37,9271.01
1640,38,9074.14
1640,39,9065.24
1640,40,9041.31
1640,41,9150.55
1640,42,9130.32
1640,43,9122.6
1640,44,9064.03
1640,45,9069.66
1640,46,8998.2
1640,47,9095.91
1640,48,9149.06
1640,49,9158.53
1640,50,9202.82
1640,51,9113.49
1640,52,9145.31
1640,53,8993.08
1640,54,9124.77
1640,55,9187.26
1640,56,9133.75
1640,57,9185.77
1640,58,9151.8
1640,59,9071.28
1640,60,9182.65
1640,61,9084.3
1640,62,9064.76
1640,63,9101.01
1640,64,9178.03
1640,65,8983.94
1640,66,9122.96
1640,67,9129.08
1640,68,9034.89
1640,69,8994.2
1640,70,9099.67
1640,71,9201.24
1640,72,9194.5
1640,73,9090.4
1640,74,9048.53
1640,75,9124.85
1640,76,9165.84
1640,77,9051.62
1640,78,9035.22
1640,79,9169.13
1640,80,9061.8
1640,81,9147.39
1640,82,9187.95
1640,83,9050.56
1640,84,9065.36
1640,85,9134.02
1640,86,9026.35
1640,87,8983.23
1640,88,9204.16
1640,89,9130.23
1640,90,9214.7
1640,91,9010.67
1640,92,9198.59
1640,93,9051.38
1640,94,9094.82
1640,95,9184.13
1640,96,9048.56
1640,97,9131.71
1640,98,9044.05
1640,99,9065.16
1650,0,9245.07
1650,1,8976.27
1650,2,8998.76
1650,3,9112.64
1650,4,9104.29
1650,5,9079.41
1650,6,9061.18
1650,7,9050.88
1650,8,9097.68
1650,9,9177.67
1650,10,9069.1
1650,11,9101.21
1650,12,9205.29
1650,13,9080.45
1650,14,9124.44
1650,15,9119.23
1650,16,9006.01
1650,17,9104.23
1650,18,9158.39
1650,19,9006.9
1650,20,9077.55
1650,21,9217.57
1650,22,9198.9
1650,23,9009.93
1650,24,8979.84
1650,25,8998.6
1650,26,9112.76
1650,27,9020.66
1650,28,8977.88
1650,29,9111.97
1650,30,9164.27
1650,31,9059.34
1650,32,9161
1650,33,9178.7
1650,34,8996.16
1650,35,9126.84
1650,36,9262.74
1650,37,9264.91
1650,38,9069.19
1650,39,9055.35
1650,40,9033.59
1650,41,9141.6
1650,42,9121.96
1650,43,9114.14
1650,44,9057.32
1650,45,9061.18
1650,46,8989.44
1650,47,9086.03
1650,48,9138.49
1650,49,9150.18
1650,50,9196.92
1650,51,9106.31
1650,52,9136.19
1650,53,8985.69
1650,54,9113.99
1650,55,9179.22
1650,56,9124.71
1650,57,9177.73
1650,58,9144.67
1650,59,9062.21
1650,60,9172.19
1650,61,9077.04
1650,62,9056.03
1650,63,9092.93
1650,64,9172.58
1650,65,8975.87
1650,66,9113.38
1650,67,9119.13
1650,68,9024.2
1650,69,8985.04
1650,70,9090.46
1650,71,9193.22
1650,72,9185.99
1650,73,9081.12
1650,74,9037.77
1650,75,9116.47
1650,76,9157.55
1650,77,9043.21
1650,78,9026.9
1650,79,9161.46
1650,80,9056
1650,81,9137.61
1650,82,9178.49
1650,83,9045.09
1650,84,9055.78
1650,85,9124.89
1650,86,9016.35
1650,87,8973.73
1650,88,9195.65
1650,89,9122.45
1650,90,9203.21
1650,91,9003.57
1650,92,9190.01
1650,93,9042.24
1650,94,9086.06
1650,95,9171.69
1650,96,9039.79
1650,97,9122.28
1650,98,9037.18
1650,99,9056.72
1660,0,9240.65
1660,1,8967.76
1660,2,8991.77
1660,3,9109.03
1660,4,9095.85
1660,5,9073.21
1660,6,9054.31
1660,7,9043.09
1660,8,9090.62
1660,9,9173.36
1660,10,9062.58
1660,11,9091.73
1660,12,9197.35
1660,13,9073.12
1660,14,9122.16
1660,15,9111.52
1660,16,8997.99
1660,17,9098
1660,18,9152.48
1660,19,8999.08
1660,20,9074.79
1660,21,9212.41
1660,22,9193.88
1660,23,9001.76
1660,24,8970.25
1660,25,8991.52
1660,26,9105.49
1660,27,9016.21
1660,28,8968.03
1660,29,9105.23
1660,30,9154.25
1660,31,9049.76
1660,32,9158.41
1660,33,9172.94
1660,34,8987.04
1660,35,9123.73
1660,36,9259.95
1660,37,9257.14
1660,38,9060.01
1660,39,9050.15
1660,40,9025.67
1660,41,9138.56
1660,42,9117.47
1660,43,9106.19
1660,44,9050.66
1660,45,9056.31
1660,46,8980.57
1660,47,9081.99
1660,48,9137.28
1660,49,9144.54
1660,50,9189.88
1660,51,9097.24
1660,52,9129.68
1660,53,8976.5
1660,54,9110.21
1660,55,9175.63
1660,56,9119.84
1660,57,9174.28
1660,58,9138.87
1660,59,9054.6
1660,60,9167.3
1660,61,9070.66
1660,62,9050.11
1660,63,9088.55
1660,64,9164.44
1660,65,8964.61
1660,66,9109.77
1660,67,9114.68
1660,68,9019.41
1660,69,8975.7
1660,70,9084.65
1660,71,9187.53
1660,72,9182.2
1660,73,9073.8
1660,74,9030.95
1660,75,9108.5
1660,76,9148.69
1660,77,9037.78
1660,78,9019.62
1660,79,9157.09
1660,80,9043.79
1660,81,9133.01
1660,82,9173.72
1660,83,9036.38
1660,84,9046.95
1660,85,9120.9
1660,86,9011.8
1660,87,8965.44
1660,88,9191.56
1660,89,9116.24
1660,90,9199.32
1660,91,8994.27
1660,92,9186.97
1660,93,9033.46
1660,94,9082.28
1660,95,9168.88
1660,96,9033.12
1660,97,9117.81
1660,98,9028.62
1660,99,9049.48
1670,0,9240.35
1670,1,8967.46
1670,2,8991.47
1670,3,9108.73
1670,4,9095.55
1670,5,9072.91
1670,6,9054.01
1670,7,9042.79
1670,8,9090.32
1670,9,9173.06
1670,10,9062.28
1670,11,9091.43
1670,12,9197.05
1670,13,9072.82
1670,14,9121.86
1670,15,9111.22
1670,16,8997.69
1670,17,9097.7
1670,18,9152.18
1670,19,8998.78
1670,20,9074.49
1670,21,9212.11
1670,22,9193.58
1670,23,9001.46
1670,24,8969.95
1670,25,8991.22
1670,26,9105.19
1670,27,9015.91
1670,28,8967.73
1670,29,9104.93
1670,30,9153.95
1670,31,9049.46
1670,32,9158.11
1670,33,9172.64
1670,34,8986.74
1670,35,9123.43
1670,36,9259.65
1670,37,9256.84
1670,38,9059.71
1670,39,9049.85
1670,40,9025.37
1670,41,9138.26
1670,42,9117.17
1670,43,9105.89
1670,44,9050.36
1670,45,9056.01
1670,46,8980.27
1670,47,9081.69
1670,48,9136.98
1670,49,9144.24
1670,50,9189.58
1670,51,9096.94
1670,52,9129.38
1670,53,8976.2
1670,54,9109.91
1670,55,9175.33
1670,56,9119.54
1670,57,9173.98
1670,58,9138.57
1670,59,9054.3
1670,60,9167
1670,61,9070.36
1670,62,9049.81
1670,63,9088.25
1670,64,9164.14
1670,65,8964.31
1670,66,9109.47
1670,67,9114.38
1670,68,9019.11
1670,69,8975.4
1670,70,9084.35
1670,71,9187.23
1670,72,9181.9
1670,73,9073.5
1670,74,9030.65
1670,75,9108.2
1670,76,9148.39
1670,77,9037.48
1670,78,9019.32
1670,79,9156.79
1670,80,9043.49
1670,81,9132.71
1670,82,9173.42
1670,83,9036.08
1670,84,9046.65
1670,85,9120.6
1670,86,9011.5
1670,87,8965.14
1670,88,9191.26
1670,89,9115.94
1670,90,9199.02
1670,91,8993.97
1670,92,9186.67
1670,93,9033.16
1670,94,9081.98
1670,95,9168.58
1670,96,9032.82
1670,97,9117.51
1670,98,9028.32
1670,99,9049.18
1680,0,9235.03
1680,1,8961.67
1680,2,8987.7
1680,3,9102.37
1680,4,9088.07
1680,5,9068.5
1680,6,9049.82
1680,7,9035.37
1680,8,9084.04
1680,9,9168.19
1680,10,9057.02
1680,11,9083.86
1680,12,9190.75
1680,13,9066.13
1680,14,9114.46
1680,15,9103.53
1680,16,8992.5
1680,17,9090.54
1680,18,9146.72
1680,19,8993.11
1680,20,9069.03
1680,21,9205.76
1680,22,9182.94
1680,23,8994.1
1680,24,8965.86
1680,25,8982.88
1680,26,9098.69
1680,27,9008.84
1680,28,8965.05
1680,29,9097.41
1680,30,9146.22
1680,31,9044.16
1680,32,9150.89
1680,33,9167.06
1680,34,8980.17
1680,35,9115.89
1680,36,9254.27
1680,37,9250.56
1680,38,9053.59
1680,39,9043.75
1680,40,9018.93
1680,41,9131.13
1680,42,9111.43
1680,43,9103.54
1680,44,9043.67
1680,45,9049.19
1680,46,8973.5
1680,47,9074.32
1680,48,9129.4
1680,49,9138.5
1680,50,9184.46
1680,51,9092.02
1680,52,9125.95
1680,53,8967.79
1680,54,9103.79
1680,55,9168.11
1680,56,9113.58
1680,57,9166.22
1680,58,9132.23
1680,59,9046.58
1680,60,9161.24
1680,61,9062.78
1680,62,9042.36
1680,63,9082.35
1680,64,9158.76
1680,65,8958.53
1680,66,9103.4
1680,67,9106.29
1680,68,9008.39
1680,69,8973.05
1680,70,9079.59
1680,71,9183.26
1680,72,9175.18
1680,73,9066.96
1680,74,9027.64
1680,75,9102.91
1680,76,9143.28
1680,77,9029.75
1680,78,9014.16
1680,79,9150.1
1680,80,9040.22
1680,81,9127.46
1680,82,9167.02
1680,83,9030.49
1680,84,9041.16
1680,85,9117.2
1680,86,9004.28
1680,87,8957.52
1680,88,9186.99
1680,89,9108.27
1680,90,9192.32
1680,91,8986.92
1680,92,9179.05
1680,93,9027.66
1680,94,9078.17
1680,95,9158.86
1680,96,9024.76
1680,97,9111.14
1680,98,9021.48
1680,99,9046.01
1690,0,9228.83
1690,1,8953.51
1690,2,8973.67
1690,3,9095.66
1690,4,9083.68
1690,5,9058.62
1690,6,9038.74
1690,7,9025.21
1690,8,9075.44
1690,9,9162.62
1690,10,9043.84
1690,11,9075.83
1690,12,9183.89
1690,13,9055.26
1690,14,9109.6
1690,15,9095.81
1690,16,8980.71
1690,17,9084.87
1690,18,9141.96
1690,19,8984.75
1690,20,9061.75
1690,21,9197.1
1690,22,9179.29
1690,23,8983.88
1690,24,8949.87
1690,25,8975.51
1690,26,9088.49
1690,27,9000.68
1690,28,8949.17
1690,29,9090.96
1690,30,9136.58
1690,31,9032.29
1690,32,9146.94
1690,33,9159.61
1690,34,8969.49
1690,35,9110.57
1690,36,9249.51
1690,37,9247.16
1690,38,9047.16
1690,39,9034.37
1690,40,9009.39
1690,41,9126.99
1690,42,9103.89
1690,43,9087.52
1690,44,9039.13
1690,45,9043.69
1690,46,8966.12
1690,47,9068.09
1690,48,9125.49
1690,49,9132.1
1690,50,9179.8
1690,51,9079.53
1690,52,9113.71
1690,53,8961.13
1690,54,9096.8
1690,55,9162.41
1690,56,9104.12
1690,57,9160.36
1690,58,9126.79
1690,59,9038.6
1690,60,9153.32
1690,61,9056.47
1690,62,9036.26
1690,63,9075.36
1690,64,9153.2
1690,65,8944.55
1690,66,9096.42
1690,67,9099.38
1690,68,9002.17
1690,69,8956.59
1690,70,9069.73
1690,71,9172.8
1690,72,9171.16
1690,73,9056.63
1690,74,9012.74
1690,75,9089.76
1690,76,9130.11
1690,77,9025.19
1690,78,9002.3
1690,79,9144.13
1690,80,9024.46
1690,81,9117.97
1690,82,9158.03
1690,83,9018.39
1690,84,9028.15
1690,85,9106.95
1690,86,8997.05
1690,87,8947.04
1690,88,9181.08
1690,89,9099.06
1690,90,9182.21
1690,91,8977.73
1690,92,9173.75
1690,93,9014.98
1690,94,9068.22
1690,95,9153.79
1690,96,9018.42
1690,97,9103.13
1690,98,9012.06
1690,99,9031.69
1700,0,9228.53
1700,1,8953.21
1700,2,8973.37
1700,3,9095.36
1700,4,9083.38
1700,5,9058.32
1700,6,9038.44
1700,7,9024.91
1700,8,9075.14
1700,9,9162.32
1700,10,9043.54
1700,11,9075.53
1700,12,9183.59
1700,13,9054.96
1700,14,9109.3
1700,15,9095.51
1700,16,8980.41
1700,17,9084.57
1700,18,9141.66
1700,19,8984.45
1700,20,9061.45
1700,21,9196.8
1700,22,9178.99
1700,23,8983.58
1700,24,8949.57
1700,25,8975.21
1700,26,9088.19
1700,27,9000.38
1700,28,8948.87
1700,29,9090.66
1700,30,9136.28
1700,31,9031.99
1700,32,9146.64
1700,33,9159.31
1700,34,8969.19
1700,35,9110.27
1700,36,9249.21
1700,37,9246.86
1700,38,9046.86
1700,39,9034.07
1700,40,9009.09
1700,41,9126.69
1700,42,9103.59
1700,43,9087.22
1700,44,9038.83
1700,45,9043.39
1700,46,8965.82
1700,47,9067.79
1700,48,9125.19
1700,49,9131.8
1700,50,9179.5
1700,51,9079.23
1700,52,9113.41
1700,53,8960.83
1700,54,9096.5
1700,55,9162.11
1700,56,9103.82
1700,57,9160.06
1700,58,9126.49
1700,59,9038.3
1700,60,9153.02
1700,61,9056.17
1700,62,9035.96
1700,63,9075.06
1700,64,9152.9
1700,65,8944.25
1700,66,9096.12
1700,67,9099.08
1700,68,9001.87
1700,69,8956.29
1700,70,9069.43
1700,71,9172.5
1700,72,9170.86
1700,73,9056.33
1700,74,9012.44
1700,75,9089.46
1700,76,9129.81
1700,77,9024.89
1700,78,9002
1700,79,9143.83
1700,80,9024.16
1700,81,9117.67
1700,82,9157.73
1700,83,9018.09
1700,84,9027.85
1700,85,9106.65
1700,86,8996.75
1700,87,8946.74
1700,88,9180.78
1700,89,9098.76
1700,90,9181.91
1700,91,8977.43
1700,92,9173.45
1700,93,9014.68
1700,94,9067.92
1700,95,9153.49
1700,96,9018.12
1700,97,9102.83
1700,98,9011.76
1700,99,9031.39
1710,0,9224.91
1710,1,8948.29
1710,2,8969.7
1710,3,9093.98
1710,4,9079.12
1710,5,9054.53
1710,6,9035.02
1710,7,9022.41
1710,8,9073.74
1710,9,9158.5
1710,10,9041.14
1710,11,9071.45
1710,12,9177.28
1710,13,9051.94
1710,14,9106.03
1710,15,9091.68
1710,16,8976.43
1710,17,9080.32
1710,18,9138.42
1710,19,8982.06
1710,20,9056.01
1710,21,9194.77
1710,22,9176.74
1710,23,8981.72
1710,24,8946.45
1710,25,8969.78
1710,26,9084.15
1710,27,8995.16
1710,28,8946.23
1710,29,9088.29
1710,30,9131.53
1710,31,9028.34
1710,32,9141.43
1710,33,9156.85
1710,34,8967.46
1710,35,9107.28
1710,36,9246.98
1710,37,9243.28
1710,38,9045.25
1710,39,9029.7
1710,40,9003.44
1710,41,9122.16
1710,42,9099.82
1710,43,9084.85
1710,44,9034.53
1710,45,9039.35
1710,46,8962.95
1710,47,9063.15
1710,48,9123.32
1710,49,9127.18
1710,50,9175.28
1710,51,9077.12
1710,52,9110.66
1710,53,8958.79
1710,54,9091.17
1710,55,9159.61
1710,56,9098.44
1710,57,9156.84
1710,58,9122.26
1710,59,9035.39
1710,60,9149.95
1710,61,9050.73
1710,62,9033.58
1710,63,9072.91
1710,64,9149.1
1710,65,8942.37
1710,66,9091.86
1710,67,9094.16
1710,68,8999.59
1710,69,8953.86
1710,70,9065.87
1710,71,9168.63
1710,72,9167.29
1710,73,9050.73
1710,74,9009.53
1710,75,9087.14
1710,76,9127.4
1710,77,9020.28
1710,78,8997.64
1710,79,9141.47
1710,80,9021.78
1710,81,9112.63
1710,82,9155.23
1710,83,9016.46
1710,84,9025.9
1710,85,9103.27
1710,86,8993.21
1710,87,8943.15
1710,88,9176.9
1710,89,9096.49
1710,90,9179.47
1710,91,8974.11
1710,92,9169.62
1710,93,9011.7
1710,94,9064.9
1710,95,9150.3
1710,96,9015.42
1710,97,9100.07
1710,98,9009.07
1710,99,9030.11
1720,0,9216.23
1720,1,8938.05
1720,2,8960.84
1720,3,9083.49
1720,4,9069.87
1720,5,9045.76
1720,6,9022.99
1720,7,9012.26
1720,8,9064.09
1720,9,9148.35
1720,10,9030.87
1720,11,9061.84
1720,12,9170.31
1720,13,9043.02
1720,14,9093.5
1720,15,9083.4
1720,16,8967.46
1720,17,9071.19
1720,18,9131.54
1720,19,8970.67
1720,20,9048.6
1720,21,9187.6
1720,22,9168.66
1720,23,8970.82
1720,24,8935.45
1720,25,8961.12
1720,26,9075.88
1720,27,8988.13
1720,28,8935.39
1720,29,9078.62
1720,30,9125.81
1720,31,9018.97
1720,32,9133.66
1720,33,9149.89
1720,34,8956.69
1720,35,9098.22
1720,36,9236.99
1720,37,9237.95
1720,38,9033.52
1720,39,9021.79
1720,40,8994.07
1720,41,9115.31
1720,42,9091.48
1720,43,9075.67
1720,44,9023.82
1720,45,9030.14
1720,46,8951.85
1720,47,9054.72
1720,48,9113.44
1720,49,9119.97
1720,50,9169.29
1720,51,9066.74
1720,52,9100.74
1720,53,8946.62
1720,54,9083.85
1720,55,9152.1
1720,56,9093.21
1720,57,9148.44
1720,58,9116.17
1720,59,9024.54
1720,60,9140.92
1720,61,9041.1
1720,62,9022
1720,63,9062.1
1720,64,9139.31
1720,65,8930.04
1720,66,9083.62
1720,67,9088.01
1720,68,8987.91
1720,69,8941.9
1720,70,9055.64
1720,71,9161.72
1720,72,9161.4
1720,73,9042.53
1720,74,8999
1720,75,9077.61
1720,76,9117.77
1720,77,9011.79
1720,78,8990.4
1720,79,9132.74
1720,80,9011.62
1720,81,9104.68
1720,82,9144.52
1720,83,9006.15
1720,84,9014.75
1720,85,9094.58
1720,86,8982.57
1720,87,8933.57
1720,88,9165.55
1720,89,9085.86
1720,90,9166
1720,91,8961.74
1720,92,9162.99
1720,93,9001.41
1720,94,9055.09
1720,95,9140.49
1720,96,9003.76
1720,97,9091.47
1720,98,8999.8
1720,99,9018.42
1730,0,9215.93
1730,1,8937.75
1730,2,8960.54
1730,3,9083.19
1730,4,9069.57
1730,5,9045.46
1730,6,9022.69
1730,7,9011.96
1730,8,9063.79
1730,9,9148.05
1730,10,9030.57
1730,11,9061.54
1730,12,9170.01
1730,13,9042.72
1730,14,9093.2
1730,15,9083.1
1730,16,8967.16
1730,17,9070.89
1730,18,9131.24
1730,19,8970.37
1730,20,9048.3
1730,21,9187.3
1730,22,9168.36
1730,23,8970.52
1730,24,8935.15
1730,25,8960.82
1730,26,9075.58
1730,27,8987.83
1730,28,8935.09
1730,29,9078.32
1730,30,9125.51
1730,31,9018.67
1730,32,9133.36
1730,33,9149.59
1730,34,8956.39
1730,35,9097.92
1730,36,9236.69
1730,37,9237.65
1730,38,9033.22
1730,39,9021.49
1730,40,8993.77
1730,41,9115.01
1730,42,9091.18
1730,43,9075.37
1730,44,9023.52
1730,45,9029.84
1730,46,8951.55
1730,47,9054.42
1730,48,9113.14
1730,49,9119.67
1730,50,9168.99
1730,51,9066.44
1730,52,9100.44
1730,53,8946.32
1730,54,9083.55
1730,55,9151.8
1730,56,9092.91
1730,57,9148.14
1730,58,9115.87
1730,59,9024.24
1730,60,9140.62
1730,61,9040.8
1730,62,9021.7
1730,63,9061.8
1730,64,9139.01
1730,65,8929.74
1730,66,9083.32
1730,67,9087.71
1730,68,8987.61
1730,69,8941.6
1730,70,9055.34
1730,71,9161.42
1730,72,9161.1
1730,73,9042.23
1730,74,8998.7
1730,75,9077.31
1730,76,9117.47
1730,77,9011.49
1730,78,8990.1
1730,79,9132.44
1730,80,9011.32
1730,81,9104.38
1730,82,9144.22
1730,83,9005.85
1730,84,9014.45
1730,85,9094.28
1730,86,8982.27
1730,87,8933.27
1730,88,9165.25
1730,89,9085.56
1730,90,9165.7
1730,91,8961.44
1730,92,9162.69
1730,93,9001.11
1730,94,9054.79
1730,95,9140.19
1730,96,9003.46
1730,97,9091.17
1730,98,8999.5
1730,99,9018.12
1740,0,9215.63
1740,1,8935.23
1740,2,8960.24
1740,3,9081.87
1740,4,9068.01
1740,5,9044.15
1740,6,9022.39
1740,7,9009.51
1740,8,9063.44
1740,9,9147.7
1740,10,9028.18
1740,11,9059.99
1740,12,9168.26
1740,13,9042.42
1740,14,9091.02
1740,15,9080.53
1740,16,8966.86
1740,17,9068.51
1740,18,9130.94
1740,19,8967.85
1740,20,9046.67
1740,21,9187
1740,22,9166.69
1740,23,8968.65
1740,24,8934.85
1740,25,8958.76
1740,26,9073.11
1740,27,8985.49
1740,28,8934.79
1740,29,9075.95
1740,30,9124.38
1740,31,9018.37
1740,32,9131.02
1740,33,9149.29
1740,34,8956.09
1740,35,9096.03
1740,36,9234.47
1740,37,9237.35
1740,38,9031.66
1740,39,9019.97
1740,40,8992.01
1740,41,9113.49
1740,42,9088.99
1740,43,9075.07
1740,44,9021.27
1740,45,9028.73
1740,46,8951.25
1740,47,9052.99
1740,48,9111.29
1740,49,9118.38
1740,50,9168.69
1740,51,9066.14
1740,52,9098.6
1740,53,8944.26
1740,54,9082.1
1740,55,9149.35
1740,56,9092.61
1740,57,9147.22
1740,58,9114.21
1740,59,9021.42
1740,60,9140.32
1740,61,9038.72
1740,62,9021.4
1740,63,9059.65
1740,64,9136.39
1740,65,8929.44
1740,66,9081.83
1740,67,9086.03
1740,68,8987.31
1740,69,8939.09
1740,70,9054.08
1740,71,9161.07
1740,72,9160.75
1740,73,9041.93
1740,74,8995.87
1740,75,9077.01
1740,76,9117.17
1740,77,9009.7
1740,78,8989.74
1740,79,9130.46
1740,80,9011.02
1740,81,9103.42
1740,82,9141.66
1740,83,9005.55
1740,84,9012.48
1740,85,9093.92
1740,86,8980.45
1740,87,8931.13
1740,88,9162.33
1740,89,9085.26
1740,90,9163.29
1740,91,8961.07
1740,92,9161.77
1740,93,9000.81
1740,94,9053.63
1740,95,9138.43
1740,96,9000.66
1740,97,9090.87
1740,98,8996.9
1740,99,9016.78
1750,0,9198.92
1750,1,8918.07
1750,2,8944.45
1750,3,9068.23
1750,4,9050.38
1750,5,9028.03
1750,6,9003.11
1750,7,8995.17
1750,8,9048.17
1750,9,9129.95
1750,10,9012.8
1750,11,9046.93
1750,12,9154.26
1750,13,9024.61
1750,14,9078.56
1750,15,9065.84
1750,16,8950.45
1750,17,9050.38
1750,18,9119.6
1750,19,8954.64
1750,20,9027.92
1750,21,9175.71
1750,22,9154.98
1750,23,8950.77
1750,24,8915.58
1750,25,8940.59
1750,26,9059.62
1750,27,8968.88
1750,28,8917.33
1750,29,9062.45
1750,30,9112.61
1750,31,9003.5
1750,32,9119.53
1750,33,9134.97
1750,34,8940.9
1750,35,9084.05
1750,36,9218.46
1750,37,9226.47
1750,38,9015.82
1750,39,9001.59
1750,40,8975.55
1750,41,9098.18
1750,42,9077.36
1750,43,9058.68
1750,44,9004.08
1750,45,9009.72
1750,46,8935.11
1750,47,9035.56
1750,48,9096.58
1750,49,9105.97
1750,50,9158.14
1750,51,9050.28
1750,52,9084.47
1750,53,8927.36
1750,54,9064.86
1750,55,9137.87
1750,56,9078.62
1750,57,9132.94
1750,58,9101.9
1750,59,9007.25
1750,60,9126.3
1750,61,9022.65
1750,62,9003.05
1750,63,9046.24
1750,64,9121.91
1750,65,8910.39
1750,66,9065.34
1750,67,9071.9
1750,68,8977.79
1750,69,8921.89
1750,70,9039.03
1750,71,9147.05
1750,72,9147.61
1750,73,9025.03
1750,74,8978.27
1750,75,9060.79
1750,76,9101.32
1750,77,8990.46
1750,78,8974.61
1750,79,9117.36
1750,80,8994.08
1750,81,9088.55
1750,82,9128.81
1750,83,8990.03
1750,84,8996.54
1750,85,9079.01
1750,86,8962.51
1750,87,8913.26
1750,88,9150.78
1750,89,9069.9
1750,90,9152.18
1750,91,8946.4
1750,92,9147.79
1750,93,8982.63
1750,94,9039.58
1750,95,9121.28
1750,96,8983.92
1750,97,9078.08
1750,98,8983.61
1750,99,9002.58
1760,0,9198.62
1760,1,8917.77
1760,2,8944.15
1760,3,9067.93
1760,4,9050.08
1760,5,9027.73
1760,6,9002.81
1760,7,8994.87
1760,8,9047.87
1760,9,9129.65
1760,10,9012.5
1760,11,9046.63
1760,12,9153.96
1760,13,9024.31
1760,14,9078.26
1760,15,9065.54
1760,16,8950.15
1760,17,9050.08
1760,18,9119.3
1760,19,8954.34
1760,20,9027.62
1760,21,9175.41
1760,22,9154.68
1760,23,8950.47
1760,24,8915.28
1760,25,8940.29
1760,26,9059.32
1760,27,8968.58
1760,28,8917.03
1760,29,9062.15
1760,30,9112.31
1760,31,9003.2
1760,32,9119.23
1760,33,9134.67
1760,34,8940.6
1760,35,9083.75
1760,36,9218.16
1760,37,9226.17
1760,38,9015.52
1760,39,9001.29
1760,40,8975.25
1760,41,9097.88
1760,42,9077.06
1760,43,9058.38
1760,44,9003.78
1760,45,9009.42
1760,46,8934.81
1760,47,9035.26
1760,48,9096.28
1760,49,9105.67
1760,50,9157.84
1760,51,9049.98
1760,52,9084.17
1760,53,8927.06
1760,54,9064.56
1760,55,9137.57
1760,56,9078.32
1760,57,9132.64
1760,58,9101.6
1760,59,9006.95
1760,60,9126
1760,61,9022.35
1760,62,9002.75
1760,63,9045.94
1760,64,9121.61
1760,65,8910.09
1760,66,9065.04
1760,67,9071.6
1760,68,8977.49
1760,69,8921.59
1760,70,9038.73
1760,71,9146.75
1760,72,9147.31
1760,73,9024.73
1760,74,8977.97
1760,75,9060.49
1760,76,9101.02
1760,77,8990.16
1760,78,8974.31
1760,79,9117.06
1760,80,8993.78
1760,81,9088.25
1760,82,9128.51
1760,83,8989.73
1760,84,8996.24
1760,85,9078.71
1760,86,8962.21
1760,87,8912.96
1760,88,9150.48
1760,89,9069.6
1760,90,9151.88
1760,91,8946.1
1760,92,9147.49
1760,93,8982.33
1760,94,9039.28
1760,95,9120.98
1760,96,8983.62
1760,97,9077.78
1760,98,8983.31
1760,99,9002.28
1770,0,9198.32
1770,1,8917.47
1770,2,8943.85
1770,3,9067.63
1770,4,9049.44
1770,5,9026.72
1770,6,9002.51
1770,7,8994.57
1770,8,9047.51
1770,9,9129.28
1770,10,9012.2
1770,11,9046.33
1770,12,9153.66
1770,13,9024.01
1770,14,9077.96
1770,15,9065.24
1770,16,8949.85
1770,17,9049.78
1770,18,9119
1770,19,8954.04
1770,20,9027.32
1770,21,9175.11
1770,22,9154.38
1770,23,8950.17
1770,24,8914.98
1770,25,8939.28
1770,26,9059.02
1770,27,8968.28
1770,28,8916.73
1770,29,9061.85
1770,30,9112.01
1770,31,9002.9
1770,32,9118.93
1770,33,9134.37
1770,34,8940.3
1770,35,9083.45
1770,36,9217.86
1770,37,9225.87
1770,38,9015.22
1770,39,9000.64
1770,40,8974.95
1770,41,9097.58
1770,42,9076.76
1770,43,9058.08
1770,44,9003.48
1770,45,9009.12
1770,46,8934.51
1770,47,9034.96
1770,48,9095.98
1770,49,9105.37
1770,50,9157.54
1770,51,9049.68
1770,52,9083.87
1770,53,8926.76
1770,54,9064.26
1770,55,9137.27
1770,56,9078.02
1770,57,9132.27
1770,58,9101.3
1770,59,9006.65
1770,60,9125.7
1770,61,9022.05
1770,62,9002.45
1770,63,9045.64
1770,64,9121.31
1770,65,8909.79
1770,66,9064.74
1770,67,9071.3
1770,68,8977.19
1770,69,8921.29
1770,70,9037.78
1770,71,9146.45
1770,72,9147.01
1770,73,9024.43
1770,74,8977.67
1770,75,9060.19
1770,76,9100.72
1770,77,8989.86
1770,78,8974.01
1770,79,9116.76
1770,80,8993.48
1770,81,9087.95
1770,82,9128.21
1770,83,8989.43
1770,84,8995.94
1770,85,9078.41
1770,86,8961.91
1770,87,8912.66
1770,88,9150.18
1770,89,9069.3
1770,90,9151.58
1770,91,8945.8
1770,92,9147.19
1770,93,8982.03
1770,94,9038.98
1770,95,9120.68
1770,96,8983.32
1770,97,9077.48
1770,98,8983.01
1770,99,9001.98
1780,0,9185.1
1780,1,8900.21
1780,2,8925.58
1780,3,9053.5
1780,4,9033.26
1780,5,9010.24
1780,6,8982.56
1780,7,8977.31
1780,8,9032.25
1780,9,9112.51
1780,10,8993.36
1780,11,9031.29
1780,12,9137.93
1780,13,9005.25
1780,14,9066.33
1780,15,9047.29
1780,16,8932.67
1780,17,9031.68
1780,18,9107.89
1780,19,8936.15
1780,20,9011.8
1780,21,9161.05
1780,22,9140.76
1780,23,8932.26
1780,24,8894.02
1780,25,8923.45
1780,26,9042.47
1780,27,8947.93
1780,28,8894.52
1780,29,9048.13
1780,30,9098.12
1780,31,8985.1
1780,32,9101.92
1780,33,9119.56
1780,34,8919.92
1780,35,9070.07
1780,36,9202.36
1780,37,9214.34
1780,38,8999.22
1780,39,8982.77
1780,40,8955.72
1780,41,9081.32
1780,42,9061.41
1780,43,9038.34
1780,44,8989.06
1780,45,8993.13
1780,46,8916
1780,47,9017.91
1780,48,9078.06
1780,49,9093.74
1780,50,9141.74
1780,51,9030.34
1780,52,9065.34
1780,53,8907.32
1780,54,9048.17
1780,55,9124.06
1780,56,9063.01
1780,57,9116.99
1780,58,9088.77
1780,59,8991.11
1780,60,9113.47
1780,61,9006.14
1780,62,8981.41
1780,63,9029.34
1780,64,9107.52
1780,65,8891.44
1780,66,9048.47
1780,67,9056.75
1780,68,8960
1780,69,8899.35
1780,70,9023.21
1780,71,9130.37
1780,72,9138.62
1780,73,9003.56
1780,74,8959.52
1780,75,9043.64
1780,76,9083.52
1780,77,8972.59
1780,78,8953.32
1780,79,9102.16
1780,80,8976.15
1780,81,9073.15
1780,82,9112.16
1780,83,8970.62
1780,84,8977.4
1780,85,9065.11
1780,86,8943.32
1780,87,8891.75
1780,88,9131.59
1780,89,9052.63
1780,90,9132.53
1780,91,8925
1780,92,9131.53
1780,93,8960.66
1780,94,9022.77
1780,95,9103.87
1780,96,8965.09
1780,97,9058.51
1780,98,8963.85
1780,99,8983.21
1790,0,9184.8
1790,1,8899.91
1790,2,8925.28
1790,3,9053.2
1790,4,9032.96
1790,5,9009.94
1790,6,8982.26
1790,7,8977.01
1790,8,9031.95
1790,9,9112.21
1790,10,8993.06
1790,11,9030.99
1790,12,9137.63
1790,13,9004.95
1790,14,9066.03
1790,15,9046.99
1790,16,8932.37
1790,17,9031.38
1790,18,9107.59
1790,19,8935.85
1790,20,9011.5
1790,21,9160.75
1790,22,9140.46
1790,23,8931.96
1790,24,8893.72
1790,25,8923.15
1790,26,9042.17
1790,27,8947.63
1790,28,8894.22
1790,29,9047.83
1790,30,9097.82
1790,31,8984.8
1790,32,9101.62
1790,33,9119.26
1790,34,8919.62
1790,35,9069.77
1790,36,9202.06
1790,37,9214.04
1790,38,8998.92
1790,39,8982.47
1790,40,8955.42
1790,41,9081.02
1790,42,9061.11
1790,43,9038.04
1790,44,8988.76
1790,45,8992.83
1790,46,8915.7
1790,47,9017.61
1790,48,9077.76
1790,49,9093.44
1790,50,9141.44
1790,51,9030.04
1790,52,9065.04
1790,53,8907.02
1790,54,9047.87
1790,55,9123.76
1790,56,9062.71
1790,57,9116.69
1790,58,9088.47
1790,59,8990.81
1790,60,9113.17
1790,61,9005.84
1790,62,8981.11
1790,63,9029.04
1790,64,9107.22
1790,65,8891.14
1790,66,9048.17
1790,67,9056.45
1790,68,8959.7
1790,69,8899.05
1790,70,9022.91
1790,71,9130.07
1790,72,9138.32
1790,73,9003.26
1790,74,8959.22
1790,75,9043.34
1790,76,9083.22
1790,77,8972.29
1790,78,8953.02
1790,79,9101.86
1790,80,8975.85
1790,81,9072.85
1790,82,9111.86
1790,83,8970.32
1790,84,8977.1
1790,85,9064.81
1790,86,8943.02
1790,87,8891.45
1790,88,9131.29
1790,89,9052.33
1790,90,9132.23
1790,91,8924.7
1790,92,9131.23
1790,93,8960.36
1790,94,9022.47
1790,95,9103.57
1790,96,8964.79
1790,97,9058.21
1790,98,8963.55
1790,99,8982.91
1800,0,9184.5
1800,1,8899.61
1800,2,8924.98
1800,3,9052.9
1800,4,9032.66
1800,5,9009.64
1800,6,8981.96
1800,7,8976.71
1800,8,9031.65
1800,9,9111.91
1800,10,8992.76
1800,11,9030.69
1800,12,9137.33
1800,13,9004.65
1800,14,9065.73
1800,15,9046.69
1800,16,8932.07
1800,17,9031.08
1800,18,9107.29
1800,19,8935.55
1800,20,9011.2
1800,21,9160.45
1800,22,9140.16
1800,23,8931.66
1800,24,8893.42
1800,25,8922.85
1800,26,9041.87
1800,27,8947.33
1800,28,8893.92
1800,29,9047.53
1800,30,9097.52
1800,31,8984.5
1800,32,9101.32
1800,33,9118.96
1800,34,8919.32
1800,35,9069.47
1800,36,9201.76
1800,37,9213.74
1800,38,8998.62
1800,39,8982.17
1800,40,8955.12
1800,41,9080.72
1800,42,9060.81
1800,43,9037.74
1800,44,8988.46
1800,45,8992.53
1800,46,8915.4
1800,47,9017.31
1800,48,9077.46
1800,49,9093.14
1800,50,9141.14
1800,51,9029.74
1800,52,9064.74
1800,53,8906.72
1800,54,9047.57
1800,55,9123.46
1800,56,9062.41
1800,57,9116.39
1800,58,9088.17
1800,59,8990.51
1800,60,9112.87
1800,61,9005.54
1800,62,8980.81
1800,63,9028.74
1800,64,9106.92
1800,65,8890.84
1800,66,9047.87
1800,67,9056.15
1800,68,8959.4
1800,69,8898.75
1800,70,9022.61
1800,71,9129.77
1800,72,9138.02
1800,73,9002.96
1800,74,8958.92
1800,75,9043.04
1800,76,9082.92
1800,77,8971.99
1800,78,8952.72
1800,79,9101.56
1800,80,8975.55
1800,81,9072.55
1800,82,9111.56
1800,83,8970.02
1800,84,8976.8
1800,85,9064.51
1800,86,8942.72
1800,87,8891.15
1800,88,9130.99
1800,89,9052.03
1800,90,9131.93
1800,91,8924.4
1800,92,9130.93
1800,93,8960.06
1800,94,9022.17
1800,95,9103.27
1800,96,8964.49
1800,97,9057.91
1800,98,8963.25
1800,99,8982.61
1810,0,9170.15
1810,1,8878.29
1810,2,8907.9
1810,3,9039.13
1810,4,9014.53
1810,5,8994.62
1810,6,8965.92
1810,7,8958.46
1810,8,9014.91
1810,9,9097.29
1810,10,8975.85
1810,11,9014.57
1810,12,9121.13
1810,13,8988.18
1810,14,9050
1810,15,9027.21
1810,16,8913.98
1810,17,9012.64
1810,18,9094.32
1810,19,8916.37
1810,20,8996.16
1810,21,9145.7
1810,22,9124.05
1810,23,8912.13
1810,24,8874.81
1810,25,8906.24
1810,26,9023.43
1810,27,8930.45
1810,28,8877.03
1810,29,9032.78
1810,30,9081.92
1810,31,8968.11
1810,32,9085.77
1810,33,9105.23
1810,34,8901.64
1810,35,9057.06
1810,36,9183.08
1810,37,9200.55
1810,38,8981.53
1810,39,8963.31
1810,40,8937.38
1810,41,9065.99
1810,42,9046.91
1810,43,9020.55
1810,44,8972.03
1810,45,8975.08
1810,46,8895.1
1810,47,8999.54
1810,48,9058.98
1810,49,9077.34
1810,50,9130.3
1810,51,9013.76
1810,52,9050.15
1810,53,8887.19
1810,54,9031.87
1810,55,9106.06
1810,56,9048.42
1810,57,9101.74
1810,58,9071.94
1810,59,8974.26
1810,60,9098.83
1810,61,8988.96
1810,62,8961.35
1810,63,9013.07
1810,64,9091.34
1810,65,8872.39
1810,66,9032.09
1810,67,9042.88
1810,68,8941.13
1810,69,8876.18
1810,70,9005.94
1810,71,9114.23
1810,72,9122.4
1810,73,8984.81
1810,74,8941.12
1810,75,9027.1
1810,76,9066.74
1810,77,8951.23
1810,78,8936.59
1810,79,9088.52
1810,80,8957.97
1810,81,9058.24
1810,82,9095.25
1810,83,8953.6
1810,84,8960.11
1810,85,9052.7
1810,86,8921.03
1810,87,8873.79
1810,88,9117.41
1810,89,9035.76
1810,90,9115.62
1810,91,8907.72
1810,92,9117.86
1810,93,8940.93
1810,94,9007.67
1810,95,9085.96
1810,96,8945.55
1810,97,9038.9
1810,98,8946.32
1810,99,8961.88
1820,0,9169.85
1820,1,8877.99
1820,2,8907.6
1820,3,9038.83
1820,4,9014.23
1820,5,8994.32
1820,6,8965.62
1820,7,8958.16
1820,8,9014.61
1820,9,9096.99
1820,10,8975.55
1820,11,9014.27
1820,12,9120.83
1820,13,8987.88
1820,14,9049.7
1820,15,9026.91
1820,16,8913.68
1820,17,9012.34
1820,18,9094.02
1820,19,8916.07
1820,20,8995.86
1820,21,9145.4
1820,22,9123.75
1820,23,8911.83
1820,24,8874.51
1820,25,8905.94
1820,26,9023.13
1820,27,8930.15
1820,28,8876.73
1820,29,9032.48
1820,30,9081.62
1820,31,8967.81
1820,32,9085.47
1820,33,9104.93
1820,34,8901.34
1820,35,9056.76
1820,36,9182.78
1820,37,9200.25
1820,38,8981.23
1820,39,8963.01
1820,40,8937.08
1820,41,9065.69
1820,42,9046.61
1820,43,9020.25
1820,44,8971.73
1820,45,8974.78
1820,46,8894.8
1820,47,8999.24
1820,48,9058.68
1820,49,9077.04
1820,50,9130
1820,51,9013.46
1820,52,9049.85
1820,53,8886.89
1820,54,9031.57
1820,55,9105.76
1820,56,9048.12
1820,57,9101.44
1820,58,9071.64
1820,59,8973.96
1820,60,9098.53
1820,61,8988.66
1820,62,8961.05
1820,63,9012.77
1820,64,9091.04
1820,65,8872.09
1820,66,9031.79
1820,67,9042.58
1820,68,8940.83
1820,69,8875.88
1820,70,9005.64
1820,71,9113.93
1820,72,9122.1
1820,73,8984.51
1820,74,8940.82
1820,75,9026.8
1820,76,9066.44
1820,77,8950.93
1820,78,8936.29
1820,79,9088.22
1820,80,8957.67
1820,81,9057.94
1820,82,9094.95
1820,83,8953.3
1820,84,8959.81
1820,85,9052.4
1820,86,8920.73
1820,87,8873.49
1820,88,9117.11
1820,89,9035.46
1820,90,9115.32
1820,91,8907.42
1820,92,9117.56
1820,93,8940.63
1820,94,9007.37
1820,95,9085.66
1820,96,8945.25
1820,97,9038.6
1820,98,8946.02
1820,99,8961.58
1830,0,9169.55
1830,1,8877.69
1830,2,8907.3
1830,3,9038.53
1830,4,9013.93
1830,5,8994.02
1830,6,8965.32
1830,7,8957.86
1830,8,9014.31
1830,9,9096.69
1830,10,8975.25
1830,11,9013.97
1830,12,9120.53
1830,13,8987.58
1830,14,9049.4
1830,15,9026.61
1830,16,8913.38
1830,17,9012.04
1830,18,9093.72
1830,19,8915.77
1830,20,8995.56
1830,21,9145.1
1830,22,9123.45
1830,23,8911.53
1830,24,8874.21
1830,25,8905.64
1830,26,9022.83
1830,27,8929.85
1830,28,8876.43
1830,29,9032.18
1830,30,9081.32
1830,31,8967.51
1830,32,9085.17
1830,33,9104.63
1830,34,8901.04
1830,35,9056.46
1830,36,9182.48
1830,37,9199.95
1830,38,8980.93
1830,39,8962.71
1830,40,8936.78
1830,41,9065.39
1830,42,9046.31
1830,43,9019.95
1830,44,8971.43
1830,45,8974.48
1830,46,8894.5
1830,47,8998.94
1830,48,9058.38
1830,49,9076.74
1830,50,9129.7
1830,51,9013.16
1830,52,9049.55
1830,53,8886.59
1830,54,9031.27
1830,55,9105.46
1830,56,9047.82
1830,57,9101.14
1830,58,9071.34
1830,59,8973.66
1830,60,9098.23
1830,61,8988.36
1830,62,8960.75
1830,63,9012.47
1830,64,9090.74
1830,65,8871.79
1830,66,9031.49
1830,67,9042.28
1830,68,8940.53
1830,69,8875.58
1830,70,9005.34
1830,71,9113.63
1830,72,9121.8
1830,73,8984.21
1830,74,8940.52
1830,75,9026.5
1830,76,9066.14
1830,77,8950.63
1830,78,8935.99
1830,79,9087.92
1830,80,8957.37
1830,81,9057.64
1830,82,9094.65
1830,83,8953
1830,84,8959.51
1830,85,9052.1
1830,86,8920.43
1830,87,8873.19
1830,88,9116.81
1830,89,9035.16
1830,90,9115.02
1830,91,8907.12
1830,92,9117.26
1830,93,8940.33
1830,94,9007.07
1830,95,9085.36
1830,96,8944.95
1830,97,9038.3
1830,98,8945.72
1830,99,8961.28
1840,0,9157.4
1840,1,8863.8
1840,2,8894.96
1840,3,9027.6
1840,4,9000.07
1840,5,8981.79
1840,6,8951.54
1840,7,8943
1840,8,9003.05
1840,9,9083.19
1840,10,8959.04
1840,11,9001.47
1840,12,9108.39
1840,13,8973.94
1840,14,9036.41
1840,15,9009.2
1840,16,8895.75
1840,17,8998.92
1840,18,9083.05
1840,19,8901.39
1840,20,8981.11
1840,21,9136.2
1840,22,9110.24
1840,23,8896.53
1840,24,8860.91
1840,25,8887.57
1840,26,9004.53
1840,27,8917.42
1840,28,8860.27
1840,29,9019.79
1840,30,9068.69
1840,31,8953.5
1840,32,9070.97
1840,33,9095.08
1840,34,8885.15
1840,35,9044.56
1840,36,9169.33
1840,37,9191.4
1840,38,8964.62
1840,39,8948.25
1840,40,8922.34
1840,41,9051.46
1840,42,9035.37
1840,43,9005.34
1840,44,8955.46
1840,45,8959.84
1840,46,8879.27
1840,47,8985.52
1840,48,9043.39
1840,49,9065.42
1840,50,9119.88
1840,51,8998.42
1840,52,9034.3
1840,53,8872.58
1840,54,9017.8
1840,55,9090.97
1840,56,9035.53
1840,57,9087.53
1840,58,9060.31
1840,59,8959.83
1840,60,9086.12
1840,61,8972.67
1840,62,8944.06
1840,63,9000.61
1840,64,9077.89
1840,65,8855.06
1840,66,9019.14
1840,67,9026.37
1840,68,8926.86
1840,69,8860.52
1840,70,8992.55
1840,71,9101.52
1840,72,9111.19
1840,73,8971.76
1840,74,8920.38
1840,75,9014.31
1840,76,9053.86
1840,77,8937.76
1840,78,8921.59
1840,79,9078.01
1840,80,8941.43
1840,81,9044.01
1840,82,9080.3
1840,83,8938.34
1840,84,8945.4
1840,85,9035.71
1840,86,8905.59
1840,87,8857.49
1840,88,9103.96
1840,89,9020.93
1840,90,9103.55
1840,91,8893.65
1840,92,9105.24
1840,93,8924.29
1840,94,8991.62
1840,95,9067.08
1840,96,8929.76
1840,97,9023.05
1840,98,8931.67
1840,99,8948.85
1850,0,9157.1
1850,1,8863.5
1850,2,8894.66
1850,3,9027.3
1850,4,8999.77
1850,5,8981.49
1850,6,8951.24
1850,7,8942.7
1850,8,9002.75
1850,9,9082.89
1850,10,8958.74
1850,11,9001.17
1850,12,9108.09
1850,13,8973.64
1850,14,9036.11
1850,15,9008.9
1850,16,8895.45
1850,17,8998.62
1850,18,9082.75
1850,19,8901.09
1850,20,8980.81
1850,21,9135.9
1850,22,9109.94
1850,23,8896.23
1850,24,8860.61
1850,25,8887.27
1850,26,9004.23
1850,27,8917.12
1850,28,8859.97
1850,29,9019.49
1850,30,9068.39
1850,31,8953.2
1850,32,9070.67
1850,33,9094.78
1850,34,8884.85
1850,35,9044.26
1850,36,9169.03
1850,37,9191.1
1850,38,8964.32
1850,39,8947.95
1850,40,8922.04
1850,41,9051.16
1850,42,9035.07
1850,43,9005.04
1850,44,8955.16
1850,45,8959.54
1850,46,8878.97
1850,47,8985.22
1850,48,9043.09
1850,49,9065.12
1850,50,9119.58
1850,51,8998.12
1850,52,9034
1850,53,8872.28
1850,54,9017.5
1850,55,9090.67
1850,56,9035.23
1850,57,9087.23
1850,58,9060.01
1850,59,8959.53
1850,60,9085.82
1850,61,8972.37
1850,62,8943.76
1850,63,9000.31
1850,64,9077.59
1850,65,8854.76
1850,66,9018.84
1850,67,9026.07
1850,68,8926.56
1850,69,8860.22
1850,70,8992.25
1850,71,9101.22
1850,72,9110.89
1850,73,8971.46
1850,74,8920.08
1850,75,9014.01
1850,76,9053.56
1850,77,8937.46
1850,78,8921.29
1850,79,9077.71
1850,80,8941.13
1850,81,9043.71
1850,82,9080
1850,83,8938.04
1850,84,8945.1
1850,85,9035.41
1850,86,8905.29
1850,87,8857.19
1850,88,9103.66
1850,89,9020.63
1850,90,9103.25
1850,91,8893.35
1850,92,9104.94
1850,93,8923.99
1850,94,8991.32
1850,95,9066.78
1850,96,8929.46
1850,97,9022.75
1850,98,8931.37
1850,99,8948.55
1860,0,9156.8
1860,1,8863.2
1860,2,8894.36
1860,3,9027
1860,4,8999.47
1860,5,8981.19
1860,6,8950.94
1860,7,8942.4
1860,8,9002.45
1860,9,9082.59
1860,10,8958.44
1860,11,9000.87
1860,12,9107.79
1860,13,8973.34
1860,14,9035.81
1860,15,9008.6
1860,16,8895.15
1860,17,8998.32
1860,18,9082.45
1860,19,8900.79
1860,20,8980.51
1860,21,9135.6
1860,22,9109.64
1860,23,8895.93
1860,24,8860.31
1860,25,8886.97
1860,26,9003.93
1860,27,8916.82
1860,28,8859.67
1860,29,9019.19
1860,30,9068.09
1860,31,8952.9
1860,32,9070.37
1860,33,9094.48
1860,34,8884.55
1860,35,9043.96
1860,36,9168.73
1860,37,9190.8
1860,38,8964.02
1860,39,8947.65
1860,40,8921.74
1860,41,9050.86
1860,42,9034.77
1860,43,9004.74
1860,44,8954.86
1860,45,8959.24
1860,46,8878.67
1860,47,8984.92
1860,48,9042.79
1860,49,9064.82
1860,50,9119.28
1860,51,8997.82
1860,52,9033.7
1860,53,8871.98
1860,54,9017.2
1860,55,9090.37
1860,56,9034.93
1860,57,9086.93
1860,58,9059.71
1860,59,8959.23
1860,60,9085.52
1860,61,8972.07
1860,62,8943.46
1860,63,9000.01
1860,64,9077.29
1860,65,8854.46
1860,66,9018.54
1860,67,9025.77
1860,68,8926.26
1860,69,8859.92
1860,70,8991.95
1860,71,9100.92
1860,72,9110.59
1860,73,8971.16
1860,74,8919.78
1860,75,9013.71
1860,76,9053.26
1860,77,8937.16
1860,78,8920.99
1860,79,9077.41
1860,80,8940.83
1860,81,9043.41
1860,82,9079.7
1860,83,8937.74
1860,84,8944.8
1860,85,9035.11
1860,86,8904.99
1860,87,8856.89
1860,88,9103.36
1860,89,9020.33
1860,90,9102.95
1860,91,8893.05
1860,92,9104.64
1860,93,8923.69
1860,94,8991.02
1860,95,9066.48
1860,96,8929.16
1860,97,9022.45
1860,98,8931.07
1860,99,8948.25
1870,0,9143.07
1870,1,8842.51
1870,2,8876.93
1870,3,9014.57
1870,4,8980.39
1870,5,8965.07
1870,6,8935.17
1870,7,8928.04
1870,8,8989.12
1870,9,9069.05
1870,10,8942.07
1870,11,8985.94
1870,12,9094.34
1870,13,8957.36
1870,14,9021.47
1870,15,8991.5
1870,16,8878.07
1870,17,8981.4
1870,18,9073.98
1870,19,8883.44
1870,20,8966.04
1870,21,9120.23
1870,22,9094.03
1870,23,8879.33
1870,24,8841.97
1870,25,8872.41
1870,26,8988.29
1870,27,8899.06
1870,28,8842.65
1870,29,9006.91
1870,30,9053.93
1870,31,8938.71
1870,32,9054.94
1870,33,9080.79
1870,34,8868.9
1870,35,9030.74
1870,36,9155.02
1870,37,9179.96
1870,38,8947.81
1870,39,8928.49
1870,40,8903.36
1870,41,9036.62
1870,42,9023.22
1870,43,8988.25
1870,44,8939.81
1870,45,8940.59
1870,46,8858.39
1870,47,8969.09
1870,48,9024.25
1870,49,9048.35
1870,50,9108.36
1870,51,8982.84
1870,52,9016.4
1870,53,8855.64
1870,54,9001.15
1870,55,9077.22
1870,56,9021.79
1870,57,9069.87
1870,58,9047.85
1870,59,8943.04
1870,60,9071.81
1870,61,8954.79
1870,62,8927.82
1870,63,8987.15
1870,64,9061.35
1870,65,8834.45
1870,66,9004.86
1870,67,9010.92
1870,68,8913.88
1870,69,8839.13
1870,70,8976.45
1870,71,9086.27
1870,72,9097
1870,73,8951.25
1870,74,8904.62
1870,75,8997.02
1870,76,9036.49
1870,77,8918.08
1870,78,8904.74
1870,79,9062.63
1870,80,8922.15
1870,81,9029.91
1870,82,9064.99
1870,83,8923.1
1870,84,8930.36
1870,85,9020.81
1870,86,8888.48
1870,87,8841.34
1870,88,9092.42
1870,89,9003.91
1870,90,9088.65
1870,91,8874.78
1870,92,9088.74
1870,93,8905.5
1870,94,8974.18
1870,95,9048.88
1870,96,8909.27
1870,97,9006.5
1870,98,8916.68
1870,99,8931.56
1880,0,9142.77
1880,1,8842.21
1880,2,8876.63
1880,3,9014.27
1880,4,8980.09
1880,5,8964.77
1880,6,8934.87
1880,7,8927.74
1880,8,8988.82
1880,9,9068.75
1880,10,8941.77
1880,11,8985.64
1880,12,9094.04
1880,13,8957.06
1880,14,9021.17
1880,15,8991.2
1880,16,8877.77
1880,17,8981.1
1880,18,9073.68
1880,19,8883.14
1880,20,8965.74
1880,21,9119.93
1880,22,9093.73
1880,23,8879.03
1880,24,8841.67
1880,25,8872.11
1880,26,8987.99
1880,27,8898.76
1880,28,8842.35
1880,29,9006.61
1880,30,9053.63
1880,31,8938.41
1880,32,9054.64
1880,33,9080.49
1880,34,8868.6
1880,35,9030.44
1880,36,9154.72
1880,37,9179.66
1880,38,8947.51
1880,39,8928.19
1880,40,8903.06
1880,41,9036.32
1880,42,9022.92
1880,43,8987.95
1880,44,8939.51
1880,45,8940.29
1880,46,8858.09
1880,47,8968.79
1880,48,9023.95
1880,49,9048.05
1880,50,9108.06
1880,51,8982.54
1880,52,9016.1
1880,53,8855.34
1880,54,9000.85
1880,55,9076.92
1880,56,9021.49
1880,57,9069.57
1880,58,9047.55
1880,59,8942.74
1880,60,9071.51
1880,61,8954.49
1880,62,8927.52
1880,63,8986.85
1880,64,9061.05
1880,65,8834.15
1880,66,9004.56
1880,67,9010.62
1880,68,8913.58
1880,69,8838.84
1880,70,8976.15
1880,71,9085.97
1880,72,9096.7
1880,73,8950.95
1880,74,8904.32
1880,75,8996.72
1880,76,9036.19
1880,77,8917.78
1880,78,8904.44
1880,79,9062.33
1880,80,8921.85
1880,81,9029.61
1880,82,9064.69
1880,83,8922.8
1880,84,8930.06
1880,85,9020.51
1880,86,8888.18
1880,87,8841.04
1880,88,9092.12
1880,89,9003.61
1880,90,9088.35
1880,91,8874.48
1880,92,9088.44
1880,93,8905.2
1880,94,8973.88
1880,95,9048.58
1880,96,8908.97
1880,97,9006.2
1880,98,8916.38
1880,99,8931.26
1890,0,9142.47
1890,1,8841.91
1890,2,8876.33
1890,3,9013.97
1890,4,8979.79
1890,5,8964.47
1890,6,8934.57
1890,7,8927.44
1890,8,8988.52
1890,9,9068.45
1890,10,8941.47
1890,11,8985.34
1890,12,9093.74
1890,13,8956.76
1890,14,9020.87
1890,15,8990.9
1890,16,8877.47
1890,17,8980.8
1890,18,9073.38
1890,19,8882.84
1890,20,8965.44
1890,21,9119.63
1890,22,9093.43
1890,23,8878.73
1890,24,8841.37
1890,25,8871.81
1890,26,8987.69
1890,27,8898.46
1890,28,8842.05
1890,29,9006.31
1890,30,9053.33
1890,31,8938.11
1890,32,9054.34
1890,33,9080.19
1890,34,8868.3
1890,35,9030.14
1890,36,9154.42
1890,37,9179.36
1890,38,8947.21
1890,39,8927.89
1890,40,8902.76
1890,41,9036.02
1890,42,9022.62
1890,43,8987.65
1890,44,8939.21
1890,45,8939.99
1890,46,8857.79
1890,47,8968.49
1890,48,9023.65
1890,49,9047.75
1890,50,9107.76
1890,51,8982.24
1890,52,9015.8
1890,53,8855.04
1890,54,9000.55
1890,55,9076.62
1890,56,9021.19
1890,57,9069.27
1890,58,9047.25
1890,59,8942.44
1890,60,9071.21
1890,61,8954.19
1890,62,8927.22
1890,63,8986.55
1890,64,9060.75
1890,65,8833.85
1890,66,9004.26
1890,67,9010.32
1890,68,8913.28
1890,69,8838.54
1890,70,8975.85
1890,71,9085.67
1890,72,9096.4
1890,73,8950.65
1890,74,8904.02
1890,75,8996.42
1890,76,9035.89
1890,77,8917.48
1890,78,8904.14
1890,79,9062.03
1890,80,8921.55
1890,81,9029.31
1890,82,9064.39
1890,83,8922.5
1890,84,8929.76
1890,85,9020.21
1890,86,8887.88
1890,87,8840.74
1890,88,9091.82
1890,89,9003.31
1890,90,9088.05
1890,91,8874.18
1890,92,9088.14
1890,93,8904.9
1890,94,8973.58
1890,95,9048.28
1890,96,8908.67
1890,97,9005.9
1890,98,8916.08
1890,99,8930.96
1900,0,9127.04
1900,1,8821.56
1900,2,8859.08
1900,3,8998.89
1900,4,8964.97
1900,5,8948.28
1900,6,8916.57
1900,7,8906.08
1900,8,8973.2
1900,9,9054.31
1900,10,8918.37
1900,11,8968.77
1900,12,9078.16
1900,13,8936.36
1900,14,9005.79
1900,15,8975.21
1900,16,8859.6
1900,17,8963.6
1900,18,9060.27
1900,19,8864.02
1900,20,8950.79
1900,21,9103.3
1900,22,9076.94
1900,23,8858.84
1900,24,8818.29
1900,25,8853.14
1900,26,8972.8
1900,27,8884.14
1900,28,8820.71
1900,29,8990.55
1900,30,9039.16
1900,31,8923.08
1900,32,9040.22
1900,33,9062.15
1900,34,8851.37
1900,35,9014.47
1900,36,9138.96
1900,37,9167.67
1900,38,8930.58
1900,39,8913.33
1900,40,8884.6
1900,41,9021.63
1900,42,9009.4
1900,43,8966.15
1900,44,8923.41
1900,45,8923.56
1900,46,8839.57
1900,47,8954.76
1900,48,9004.68
1900,49,9032.94
1900,50,9093.03
1900,51,8964.65
1900,52,8996.84
1900,53,8835.31
1900,54,8982.7
1900,55,9060.46
1900,56,9002.65
1900,57,9054.98
1900,58,9032.77
1900,59,8924.51
1900,60,9056.65
1900,61,8936.99
1900,62,8909.63
1900,63,8973.09
1900,64,9045.59
1900,65,8817.26
1900,66,8990.54
1900,67,8994.62
1900,68,8895.19
1900,69,8817.14
1900,70,8960.15
1900,71,9064.95
1900,72,9080.78
1900,73,8931.47
1900,74,8886.71
1900,75,8978.99
1900,76,9012.8
1900,77,8899.89
1900,78,8883.23
1900,79,9046.63
1900,80,8898.43
1900,81,9014.76
1900,82,9046.87
1900,83,8904.25
1900,84,8910.49
1900,85,9005.61
1900,86,8871.77
1900,87,8822.15
1900,88,9078.34
1900,89,8985.86
1900,90,9071.3
1900,91,8855.54
1900,92,9071.56
1900,93,8889.29
1900,94,8959.45
1900,95,9030.28
1900,96,8893.13
1900,97,8986.07
1900,98,8895.5
1900,99,8909.38
1910,0,9126.74
1910,1,8821.26
1910,2,8858.78
1910,3,8998.59
1910,4,8964.67
1910,5,8947.98
1910,6,8916.27
1910,7,8905.8
1910,8,8972.9
1910,9,9054.01
1910,10,8918.1
1910,11,8968.47
1910,12,9077.86
1910,13,8936.08
1910,14,9005.49
1910,15,8974.91
1910,16,8859.3
1910,17,8963.3
1910,18,9059.97
1910,19,8863.72
1910,20,8950.49
1910,21,9103
1910,22,9076.64
1910,23,8858.54
1910,24,8818.02
1910,25,8852.84
1910,26,8972.5
1910,27,8883.84
1910,28,8820.43
1910,29,8990.25
1910,30,9038.86
1910,31,8922.78
1910,32,9039.92
1910,33,9061.85
1910,34,8851.07
1910,35,9014.17
1910,36,9138.66
1910,37,9167.37
1910,38,8930.28
1910,39,8913.03
1910,40,8884.3
1910,41,9021.33
1910,42,9009.1
1910,43,8965.88
1910,44,8923.11
1910,45,8923.26
1910,46,8839.27
1910,47,8954.46
1910,48,9004.38
1910,49,9032.64
1910,50,9092.73
1910,51,8964.35
1910,52,8996.54
1910,53,8835.01
1910,54,8982.4
1910,55,9060.16
1910,56,9002.35
1910,57,9054.68
1910,58,9032.47
1910,59,8924.21
1910,60,9056.35
1910,61,8936.69
1910,62,8909.33
1910,63,8972.79
1910,64,9045.29
1910,65,8816.96
1910,66,8990.24
1910,67,8994.32
1910,68,8894.89
1910,69,8816.86
1910,70,8959.85
1910,71,9064.67
1910,72,9080.48
1910,73,8931.17
1910,74,8886.41
1910,75,8978.69
1910,76,9012.54
1910,77,8899.59
1910,78,8882.96
1910,79,9046.33
1910,80,8898.17
1910,81,9014.46
1910,82,9046.57
1910,83,8903.95
1910,84,8910.19
1910,85,9005.31
1910,86,8871.47
1910,87,8821.85
1910,88,9078.04
1910,89,8985.56
1910,90,9071
1910,91,8855.24
1910,92,9071.26
1910,93,8888.99
1910,94,8959.15
1910,95,9029.98
1910,96,8892.83
1910,97,8985.77
1910,98,8895.21
1910,99,8909.09
1920,0,9126.44
1920,1,8820.96
1920,2,8858.48
1920,3,8998.29
1920,4,8964.37
1920,5,8947.68
1920,6,8915.97
1920,7,8905.5
1920,8,8972.6
1920,9,9053.71
1920,10,8917.8
1920,11,8968.17
1920,12,9077.56
1920,13,8935.78
1920,14,9005.19
1920,15,8974.61
1920,16,8859
1920,17,8963
1920,18,9059.67
1920,19,8863.42
1920,20,8950.19
1920,21,9102.7
1920,22,9076.34
1920,23,8858.24
1920,24,8817.72
1920,25,8852.54
1920,26,8972.2
1920,27,8883.54
1920,28,8820.13
1920,29,8989.95
1920,30,9038.56
1920,31,8922.48
1920,32,9039.62
1920,33,9061.55
1920,34,8850.77
1920,35,9013.87
1920,36,9138.36
1920,37,9167.07
1920,38,8929.98
1920,39,8912.73
1920,40,8884
1920,41,9021.03
1920,42,9008.8
1920,43,8965.58
1920,44,8922.81
1920,45,8922.96
1920,46,8838.97
1920,47,8954.16
1920,48,9004.08
1920,49,9032.34
1920,50,9092.43
1920,51,8964.05
1920,52,8996.24
1920,53,8834.71
1920,54,8982.1
1920,55,9059.86
1920,56,9002.05
1920,57,9054.38
1920,58,9032.17
1920,59,8923.91
1920,60,9056.05
1920,61,8936.39
1920,62,8909.03
1920,63,8972.49
1920,64,9044.99
1920,65,8816.66
1920,66,8989.94
1920,67,8994.02
1920,68,8894.59
1920,69,8816.56
1920,70,8959.55
1920,71,9064.37
1920,72,9080.18
1920,73,8930.87
1920,74,8886.11
1920,75,8978.39
1920,76,9012.24
1920,77,8899.29
1920,78,8882.66
1920,79,9046.03
1920,80,8897.87
1920,81,9014.16
1920,82,9046.27
1920,83,8903.65
1920,84,8909.89
1920,85,9005.01
1920,86,8871.17
1920,87,8821.55
1920,88,9077.74
1920,89,8985.26
1920,90,9070.7
1920,91,8854.94
1920,92,9070.96
1920,93,8888.69
1920,94,8958.85
1920,95,9029.68
1920,96,8892.53
1920,97,8985.47
1920,98,8894.91
1920,99,8908.79
1930,0,9111.03
1930,1,8807.16
1930,2,8842.55
1930,3,8988.65
1930,4,8952.01
1930,5,8931.19
1930,6,8903.4
1930,7,8891.11
1930,8,8960.98
1930,9,9042.76
1930,10,8905.82
1930,11,8957.75
1930,12,9067.8
1930,13,8920.08
1930,14,8989.75
1930,15,8956.94
1930,16,8841.21
1930,17,8949.83
1930,18,9048.76
1930,19,8850.5
1930,20,8937.44
1930,21,9091.45
1930,22,9062.27
1930,23,8844.9
1930,24,8805.02
1930,25,8839.56
1930,26,8954.77
1930,27,8871.98
1930,28,8806.42
1930,29,8975.39
1930,30,9024.16
1930,31,8906.4
1930,32,9025.46
1930,33,9043.22
1930,34,8838.48
1930,35,8999.7
1930,36,9125.76
1930,37,9156.37
1930,38,8916.9
1930,39,8899.63
1930,40,8871.12
1930,41,9009.57
1930,42,8996.02
1930,43,8951.08
1930,44,8907.31
1930,45,8910.09
1930,46,8825.25
1930,47,8943.27
1930,48,8990.75
1930,49,9018.07
1930,50,9082.77
1930,51,8952.46
1930,52,8978.27
1930,53,8820.64
1930,54,8969.77
1930,55,9050.5
1930,56,8989.19
1930,57,9038.68
1930,58,9017.51
1930,59,8908.38
1930,60,9046.89
1930,61,8921.29
1930,62,8894.8
1930,63,8961.26
1930,64,9030.42
1930,65,8804.1
1930,66,8979.35
1930,67,8981.02
1930,68,8880.34
1930,69,8800.79
1930,70,8943.18
1930,71,9052.19
1930,72,9064.42
1930,73,8916.6
1930,74,8866.74
1930,75,8966.98
1930,76,8999.49
1930,77,8886.56
1930,78,8866.69
1930,79,9033.04
1930,80,8885.44
1930,81,8999.26
1930,82,9034
1930,83,8887.99
1930,84,8895.45
1930,85,8990.61
1930,86,8856.94
1930,87,8808.72
1930,88,9067.42
1930,89,8969
1930,90,9060.75
1930,91,8842.51
1930,92,9057.18
1930,93,8874.04
1930,94,8943.42
1930,95,9016.37
1930,96,8878.97
1930,97,8972.5
1930,98,8880.95
1930,99,8894.75
1940,0,9110.73
1940,1,8806.86
1940,2,8842.25
1940,3,8988.35
1940,4,8951.71
1940,5,8930.89
1940,6,8903.1
1940,7,8890.81
1940,8,8960.68
1940,9,9042.46
1940,10,8905.52
1940,11,8957.45
1940,12,9067.5
1940,13,8919.78
1940,14,8989.45
1940,15,8956.64
1940,16,8840.91
1940,17,8949.53
1940,18,9048.46
1940,19,8850.2
1940,20,8937.14
1940,21,9091.15
1940,22,9061.97
1940,23,8844.6
1940,24,8804.72
1940,25,8839.26
1940,26,8954.47
1940,27,8871.68
1940,28,8806.12
1940,29,8975.09
1940,30,9023.86
1940,31,8906.1
1940,32,9025.16
1940,33,9042.92
1940,34,8838.18
1940,35,8999.4
1940,36,9125.46
1940,37,9156.07
1940,38,8916.6
1940,39,8899.33
1940,40,8870.82
1940,41,9009.27
1940,42,8995.72
1940,43,8950.78
1940,44,8907.01
1940,45,8909.79
1940,46,8824.95
1940,47,8942.97
1940,48,8990.45
1940,49,9017.77
1940,50,9082.47
1940,51,8952.16
1940,52,8977.98
1940,53,8820.34
1940,54,8969.47
1940,55,9050.2
1940,56,8988.89
1940,57,9038.38
1940,58,9017.21
1940,59,8908.08
1940,60,9046.59
1940,61,8920.99
1940,62,8894.5
1940,63,8960.96
1940,64,9030.12
1940,65,8803.8
1940,66,8979.05
1940,67,8980.72
1940,68,8880.04
1940,69,8800.49
1940,70,8942.88
1940,71,9051.89
1940,72,9064.12
1940,73,8916.3
1940,74,8866.45
1940,75,8966.68
1940,76,8999.19
1940,77,8886.26
1940,78,8866.39
1940,79,9032.74
1940,80,8885.14
1940,81,8998.96
1940,82,9033.7
1940,83,8887.69
1940,84,8895.15
1940,85,8990.31
1940,86,8856.64
1940,87,8808.42
1940,88,9067.12
1940,89,8968.7
1940,90,9060.45
1940,91,8842.21
1940,92,9056.88
1940,93,8873.74
1940,94,8943.12
1940,95,9016.07
1940,96,8878.67
1940,97,8972.2
1940,98,8880.65
1940,99,8894.45
1950,0,9110.43
1950,1,8806.56
1950,2,8841.95
1950,3,8988.05
1950,4,8951.41
1950,5,8930.59
1950,6,8902.8
1950,7,8890.51
1950,8,8960.38
1950,9,9042.16
1950,10,8905.22
1950,11,8957.15
1950,12,9067.2
1950,13,8919.48
1950,14,8989.15
1950,15,8956.34
1950,16,8840.61
1950,17,8949.23
1950,18,9048.16
1950,19,8849.9
1950,20,8936.84
1950,21,9090.85
1950,22,9061.67
1950,23,8844.3
1950,24,8804.42
1950,25,8838.96
1950,26,8954.17
1950,27,8871.38
1950,28,8805.82
1950,29,8974.79
1950,30,9023.56
1950,31,8905.8
1950,32,9024.86
1950,33,9042.62
1950,34,8837.88
1950,35,8999.1
1950,36,9125.16
1950,37,9155.77
1950,38,8916.3
1950,39,8899.03
1950,40,8870.52
1950,41,9008.97
1950,42,8995.42
1950,43,8950.48
1950,44,8906.71
1950,45,8909.49
1950,46,8824.65
1950,47,8942.67
1950,48,8990.15
1950,49,9017.47
1950,50,9082.17
1950,51,8951.86
1950,52,8977.68
1950,53,8820.04
1950,54,8969.17
1950,55,9049.9
1950,56,8988.59
1950,57,9038.08
1950,58,9016.91
1950,59,8907.78
1950,60,9046.29
1950,61,8920.69
1950,62,8894.2
1950,63,8960.66
1950,64,9029.82
1950,65,8803.5
1950,66,8978.75
1950,67,8980.42
1950,68,8879.74
1950,69,8800.19
1950,70,8942.58
1950,71,9051.59
1950,72,9063.82
1950,73,8916
1950,74,8866.15
1950,75,8966.38
1950,76,8998.89
1950,77,8885.96
1950,78,8866.09
1950,79,9032.44
1950,80,8884.84
1950,81,8998.66
1950,82,9033.4
1950,83,8887.39
1950,84,8894.85
1950,85,8990.01
1950,86,8856.34
1950,87,8808.12
1950,88,9066.82
1950,89,8968.4
1950,90,9060.15
1950,91,8841.91
1950,92,9056.58
1950,93,8873.44
1950,94,8942.82
1950,95,9015.77
1950,96,8878.37
1950,97,8971.9
1950,98,8880.35
1950,99,8894.15
1960,0,9096.65
1960,1,8789.5
1960,2,8826.28
1960,3,8970.14
1960,4,8936.58
1960,5,8913.7
1960,6,8884.59
1960,7,8874.02
1960,8,8941.56
1960,9,9025.7
1960,10,8885.24
1960,11,8938.73
1960,12,9050.43
1960,13,8902.9
1960,14,8972.57
1960,15,8941.64
1960,16,8823.41
1960,17,8935.53
1960,18,9035.31
1960,19,8830.9
1960,20,8921.16
1960,21,9074.46
1960,22,9044.51
1960,23,8824.7
1960,24,8783.02
1960,25,8825.08
1960,26,8938.07
1960,27,8854.13
1960,28,8785.44
1960,29,8955.7
1960,30,9008.3
1960,31,8884.84
1960,32,9010.45
1960,33,9026.56
1960,34,8823.02
1960,35,8983.11
1960,36,9105.79
1960,37,9142.74
1960,38,8898.58
1960,39,8882.69
1960,40,8850.88
1960,41,8990.68
1960,42,8979.38
1960,43,8928.51
1960,44,8891.61
1960,45,8894.26
1960,46,8805.06
1960,47,8924.36
1960,48,8973.02
1960,49,9001.69
1960,50,9070.11
1960,51,8929.01
1960,52,8961.97
1960,53,8804.05
1960,54,8952.94
1960,55,9033.28
1960,56,8971.57
1960,57,9024.28
1960,58,8999.43
1960,59,8888.16
1960,60,9028.46
1960,61,8903.38
1960,62,8873.34
1960,63,8943.86
1960,64,9017.24
1960,65,8780.33
1960,66,8963.61
1960,67,8964.08
1960,68,8859.95
1960,69,8779
1960,70,8928.58
1960,71,9035.14
1960,72,9047.27
1960,73,8896.58
1960,74,8848.15
1960,75,8949.26
1960,76,8980.67
1960,77,8870.14
1960,78,8848.03
1960,79,9016.23
1960,80,8861.26
1960,81,8980.85
1960,82,9012.37
1960,83,8871.12
1960,84,8879.22
1960,85,8977.56
1960,86,8839.23
1960,87,8787.78
1960,88,9053.68
1960,89,8947.5
1960,90,9043.05
1960,91,8824.99
1960,92,9038.61
1960,93,8852.37
1960,94,8924.56
1960,95,9001.11
1960,96,8863.22
1960,97,8951.66
1960,98,8864.24
1960,99,8872.71
1970,0,9096.35
1970,1,8789.2
1970,2,8825.98
1970,3,8969.87
1970,4,8936.28
1970,5,8913.4
1970,6,8884.33
1970,7,8873.72
1970,8,8941.29
1970,9,9025.43
1970,10,8884.97
1970,11,8938.45
1970,12,9050.15
1970,13,8902.6
1970,14,8972.27
1970,15,8941.34
1970,16,8823.12
1970,17,8935.23
1970,18,9035.01
1970,19,8830.63
1970,20,8920.86
1970,21,9074.18
1970,22,9044.22
1970,23,8824.44
1970,24,8782.77
1970,25,8824.78
1970,26,8937.77
1970,27,8853.84
1970,28,8785.18
1970,29,8955.42
1970,30,9008
1970,31,8884.58
1970,32,9010.15
1970,33,9026.26
1970,34,8822.72
1970,35,8982.82
1970,36,9105.49
1970,37,9142.44
1970,38,8898.3
1970,39,8882.39
1970,40,8850.61
1970,41,8990.39
1970,42,8979.09
1970,43,8928.28
1970,44,8891.31
1970,45,8893.96
1970,46,8804.79
1970,47,8924.09
1970,48,8972.72
1970,49,9001.39
1970,50,9069.81
1970,51,8928.78
1970,52,8961.67
1970,53,8803.75
1970,54,8952.64
1970,55,9032.99
1970,56,8971.31
1970,57,9023.98
1970,58,8999.15
1970,59,8887.89
1970,60,9028.17
1970,61,8903.09
1970,62,8873.08
1970,63,8943.57
1970,64,9016.94
1970,65,8780.11
1970,66,8963.31
1970,67,8963.79
1970,68,8859.65
1970,69,8778.77
1970,70,8928.28
1970,71,9034.84
1970,72,9046.97
1970,73,8896.31
1970,74,8847.88
1970,75,8948.97
1970,76,8980.4
1970,77,8869.85
1970,78,8847.75
1970,79,9015.93
1970,80,8861.04
1970,81,8980.57
1970,82,9012.13
1970,83,8870.82
1970,84,8878.92
1970,85,8977.26
1970,86,8838.93
1970,87,8787.51
1970,88,9053.38
1970,89,8947.25
1970,90,9042.78
1970,91,8824.7
1970,92,9038.33
1970,93,8852.13
1970,94,8924.28
1970,95,9000.81
1970,96,8862.92
1970,97,8951.37
1970,98,8863.94
1970,99,8872.47
1980,0,9096.05
1980,1,8788.9
1980,2,8825.68
1980,3,8969.57
1980,4,8935.98
1980,5,8913.1
1980,6,8884.03
1980,7,8873.42
1980,8,8940.99
1980,9,9025.13
1980,10,8884.67
1980,11,8938.15
1980,12,9049.85
1980,13,8902.3
1980,14,8971.97
1980,15,8941.04
1980,16,8822.82
1980,17,8934.93
1980,18,9034.71
1980,19,8830.33
1980,20,8920.56
1980,21,9073.88
1980,22,9043.92
1980,23,8824.14
1980,24,8782.47
1980,25,8824.48
1980,26,8937.47
1980,27,8853.54
1980,28,8784.88
1980,29,8955.12
1980,30,9007.7
1980,31,8884.28
1980,32,9009.85
1980,33,9025.96
1980,34,8822.42
1980,35,8982.52
1980,36,9105.19
1980,37,9142.14
1980,38,8898
1980,39,8882.09
1980,40,8850.31
1980,41,8990.09
1980,42,8978.79
1980,43,8927.98
1980,44,8891.01
1980,45,8893.66
1980,46,8804.49
1980,47,8923.79
1980,48,8972.42
1980,49,9001.09
1980,50,9069.51
1980,51,8928.48
1980,52,8961.37
1980,53,8803.45
1980,54,8952.34
1980,55,9032.69
1980,56,8971.01
1980,57,9023.68
1980,58,8998.85
1980,59,8887.59
1980,60,9027.87
1980,61,8902.79
1980,62,8872.78
1980,63,8943.27
1980,64,9016.64
1980,65,8779.81
1980,66,8963.01
1980,67,8963.49
1980,68,8859.35
1980,69,8778.47
1980,70,8927.98
1980,71,9034.54
1980,72,9046.67
1980,73,8896.01
1980,74,8847.58
1980,75,8948.67
1980,76,8980.1
1980,77,8869.55
1980,78,8847.45
1980,79,9015.63
1980,80,8860.74
1980,81,8980.27
1980,82,9011.83
1980,83,8870.52
1980,84,8878.62
1980,85,8976.96
1980,86,8838.63
1980,87,8787.21
1980,88,9053.08
1980,89,8946.95
1980,90,9042.48
1980,91,8824.4
1980,92,9038.03
1980,93,8851.83
1980,94,8923.98
1980,95,9000.51
1980,96,8862.62
1980,97,8951.07
1980,98,8863.64
1980,99,8872.17
1990,0,9084.19
1990,1,8773.54
1990,2,8809.65
1990,3,8954.76
1990,4,8918.48
1990,5,8897.69
1990,6,8866.69
1990,7,8855.21
1990,8,8924.99
1990,9,9009
1990,10,8864.69
1990,11,8922.68
1990,12,9035.03
1990,13,8883.25
1990,14,8957.93
1990,15,8923.26
1990,16,8804.21
1990,17,8916.5
1990,18,9022.96
1990,19,8811.9
1990,20,8902.82
1990,21,9059.18
1990,22,9030.82
1990,23,8809.94
1990,24,8767.26
1990,25,8810.74
1990,26,8920.86
1990,27,8836.63
1990,28,8770.44
1990,29,8942.08
1990,30,8995.93
1990,31,8868.33
1990,32,8997.32
1990,33,9011.36
1990,34,8803.7
1990,35,8968.21
1990,36,9089.96
1990,37,9130.8
1990,38,8881.49
1990,39,8864.36
1990,40,8833.48
1990,41,8974.13
1990,42,8966.09
1990,43,8908.62
1990,44,8875.39
1990,45,8879.21
1990,46,8789.92
1990,47,8908.02
1990,48,8958.82
1990,49,8986.87
1990,50,9058.73
1990,51,8908.66
1990,52,8947.71
1990,53,8785.55
1990,54,8934.84
1990,55,9018.42
1990,56,8954.12
1990,57,9006.99
1990,58,8983.64
1990,59,8874.05
1990,60,9012.43
1990,61,8886.38
1990,62,8858.48
1990,63,8928.63
1990,64,9002.23
1990,65,8760.58
1990,66,8950.13
1990,67,8946.09
1990,68,8839.32
1990,69,8762.61
1990,70,8913.72
1990,71,9018.03
1990,72,9031.52
1990,73,8877.59
1990,74,8828.1
1990,75,8934.48
1990,76,8965.56
1990,77,8851.68
1990,78,8829.46
1990,79,8999.99
1990,80,8845.02
1990,81,8964.38
1990,82,8998.65
1990,83,8851.65
1990,84,8864.48
1990,85,8962.63
1990,86,8820.74
1990,87,8769.83
1990,88,9042.84
1990,89,8932.38
1990,90,9027.02
1990,91,8807.32
1990,92,9022.46
1990,93,8832.86
1990,94,8907.67
1990,95,8982.45
1990,96,8848.74
1990,97,8939.14
1990,98,8846.15
1990,99,8856.01
2000,0,9083.89
2000,1,8773.24
2000,2,8809.36
2000,3,8954.46
2000,4,8918.21
2000,5,8897.39
2000,6,8866.41
2000,7,8854.94
2000,8,8924.7
2000,9,9008.72
2000,10,8864.44
2000,11,8922.4
2000,12,9034.74
2000,13,8882.99
2000,14,8957.63
2000,15,8922.97
2000,16,8803.95
2000,17,8916.23
2000,18,9022.66
2000,19,8811.63
2000,20,8902.54
2000,21,9058.88
2000,22,9030.52
2000,23,8809.64
2000,24,8766.96
2000,25,8810.44
2000,26,8920.58
2000,27,8836.34
2000,28,8770.14
2000,29,8941.78
2000,30,8995.63
2000,31,8868.04
2000,32,8997.02
2000,33,9011.06
2000,34,8803.45
2000,35,8967.91
2000,36,9089.66
2000,37,9130.5
2000,38,8881.21
2000,39,8864.09
2000,40,8833.19
2000,41,8973.84
2000,42,8965.79
2000,43,8908.36
2000,44,8875.1
2000,45,8878.91
2000,46,8789.62
2000,47,8907.73
2000,48,8958.52
2000,49,8986.57
2000,50,9058.43
2000,51,8908.41
2000,52,8947.41
2000,53,8785.27
2000,54,8934.55
2000,55,9018.12
2000,56,8953.84
2000,57,9006.69
2000,58,8983.34
2000,59,8873.75
2000,60,9012.13
2000,61,8886.09
2000,62,8858.18
2000,63,8928.33
2000,64,9001.93
2000,65,8760.35
2000,66,8949.83
2000,67,8945.79
2000,68,8839.03
2000,69,8762.32
2000,70,8913.42
2000,71,9017.77
2000,72,9031.22
2000,73,8877.32
2000,74,8827.83
2000,75,8934.18
2000,76,8965.26
2000,77,8851.41
2000,78,8829.21
2000,79,8999.69
2000,80,8844.73
2000,81,8964.08
2000,82,8998.35
2000,83,8851.39
2000,84,8864.18
2000,85,8962.33
2000,86,8820.46
2000,87,8769.55
2000,88,9042.54
2000,89,8932.08
2000,90,9026.73
2000,91,8807.04
2000,92,9022.16
2000,93,8832.6
2000,94,8907.37
2000,95,8982.17
2000,96,8848.44
2000,97,8938.84
2000,98,8845.88
2000,99,8855.71
2010,0,9083.59
2010,1,8772.94
2010,2,8809.06
2010,3,8954.16
2010,4,8917.91
2010,5,8897.09
2010,6,8866.11
2010,7,8854.64
2010,8,8924.4
2010,9,9008.42
2010,10,8864.14
2010,11,8922.1
2010,12,9034.44
2010,13,8882.69
2010,14,8957.33
2010,15,8922.67
2010,16,8803.65
2010,17,8915.93
2010,18,9022.36
2010,19,8811.33
2010,20,8902.24
2010,21,9058.58
2010,22,9030.22
2010,23,8809.34
2010,24,8766.66
2010,25,8810.14
2010,26,8920.28
2010,27,8836.04
2010,28,8769.84
2010,29,8941.48
2010,30,8995.33
2010,31,8867.74
2010,32,8996.72
2010,33,9010.76
2010,34,8803.15
2010,35,8967.61
2010,36,9089.36
2010,37,9130.2
2010,38,8880.91
2010,39,8863.79
2010,40,8832.89
2010,41,8973.54
2010,42,8965.49
2010,43,8908.06
2010,44,8874.8
2010,45,8878.61
2010,46,8789.32
2010,47,8907.43
2010,48,8958.22
2010,49,8986.27
2010,50,9058.13
2010,51,8908.11
2010,52,8947.11
2010,53,8784.97
2010,54,8934.25
2010,55,9017.82
2010,56,8953.54
2010,57,9006.39
2010,58,8983.04
2010,59,8873.45
2010,60,9011.83
2010,61,8885.79
2010,62,8857.88
2010,63,8928.03
2010,64,9001.63
2010,65,8760.05
2010,66,8949.53
2010,67,8945.49
2010,68,8838.73
2010,69,8762.02
2010,70,8913.12
2010,71,9017.47
2010,72,9030.92
2010,73,8877.02
2010,74,8827.53
2010,75,8933.88
2010,76,8964.96
2010,77,8851.11
2010,78,8828.91
2010,79,8999.39
2010,80,8844.43
2010,81,8963.78
2010,82,8998.05
2010,83,8851.09
2010,84,8863.88
2010,85,8962.03
2010,86,8820.16
2010,87,8769.25
2010,88,9042.24
2010,89,8931.78
2010,90,9026.43
2010,91,8806.74
2010,92,9021.86
2010,93,8832.3
2010,94,8907.07
2010,95,8981.87
2010,96,8848.14
2010,97,8938.54
2010,98,8845.58
2010,99,8855.41
2020,0,9068.02
2020,1,8751.64
2020,2,8792.22
2020,3,8938.83
2020,4,8899.02
2020,5,8881.39
2020,6,8848.74
2020,7,8836.48
2020,8,8909.36
2020,9,8991.49
2020,10,8846.64
2020,11,8906.44
2020,12,9018.65
2020,13,8864.69
2020,14,8942.39
2020,15,8905.94
2020,16,8786.88
2020,17,8897.38
2020,18,9010.33
2020,19,8792.47
2020,20,8885.68
2020,21,9045.63
2020,22,9015.63
2020,23,8795.15
2020,24,8751.03
2020,25,8790.93
2020,26,8903.76
2020,27,8818.78
2020,28,8754.31
2020,29,8925.52
2020,30,8979.91
2020,31,8852.43
2020,32,8981.18
2020,33,8995.25
2020,34,8783.71
2020,35,8953.14
2020,36,9070.5
2020,37,9118.68
2020,38,8863.93
2020,39,8844.94
2020,40,8816.23
2020,41,8958.16
2020,42,8950.94
2020,43,8890.07
2020,44,8859.21
2020,45,8859.86
2020,46,8774.95
2020,47,8890.98
2020,48,8939.11
2020,49,8971.7
2020,50,9047.69
2020,51,8890.6
2020,52,8930.87
2020,53,8766.22
2020,54,8916.61
2020,55,9004.62
2020,56,8938.12
2020,57,8989.25
2020,58,8966.11
2020,59,8856.29
2020,60,8998.99
2020,61,8868.25
2020,62,8842.53
2020,63,8914.4
2020,64,8987.17
2020,65,8744.55
2020,66,8935.5
2020,67,8931.9
2020,68,8819.26
2020,69,8746.12
2020,70,8895.69
2020,71,9000.01
2020,72,9017.21
2020,73,8863.22
2020,74,8810.35
2020,75,8918.23
2020,76,8948.38
2020,77,8834.81
2020,78,8811
2020,79,8984.47
2020,80,8824.59
2020,81,8949.77
2020,82,8980.99
2020,83,8832.24
2020,84,8846.07
2020,85,8948.65
2020,86,8801.12
2020,87,8750.98
2020,88,9032.1
2020,89,8913.63
2020,90,9012.55
2020,91,8788.91
2020,92,9005.9
2020,93,8817.23
2020,94,8890.3
2020,95,8966.12
2020,96,8829.28
2020,97,8916.39
2020,98,8827.91
2020,99,8838.98
2030,0,9067.73
2030,1,8751.41
2030,2,8791.99
2030,3,8938.57
2030,4,8898.77
2030,5,8881.13
2030,6,8848.51
2030,7,8836.24
2030,8,8909.11
2030,9,8991.26
2030,10,8846.41
2030,11,8906.17
2030,12,9018.4
2030,13,8864.44
2030,14,8942.1
2030,15,8905.67
2030,16,8786.64
2030,17,8897.16
2030,18,9010.04
2030,19,8792.26
2030,20,8885.44
2030,21,9045.34
2030,22,9015.33
2030,23,8790.02
2030,24,8745.4
2030,25,8790.68
2030,26,8903.5
2030,27,8818.54
2030,28,8749.26
2030,29,8925.25
2030,30,8979.62
2030,31,8852.17
2030,32,8980.93
2030,33,8994.95
2030,34,8782.57
2030,35,8952.85
2030,36,9070.23
2030,37,9118.39
2030,38,8863.69
2030,39,8844.69
2030,40,8815.99
2030,41,8957.91
2030,42,8950.65
2030,43,8889.83
2030,44,8858.94
2030,45,8859.62
2030,46,8768.95
2030,47,8890.74
2030,48,8938.87
2030,49,8971.41
2030,50,9047.4
2030,51,8890.37
2030,52,8930.59
2030,53,8765.99
2030,54,8916.36
2030,55,9004.34
2030,56,8937.85
2030,57,8988.98
2030,58,8965.83
2030,59,8856.02
2030,60,8998.71
2030,61,8868.01
2030,62,8836.61
2030,63,8914.14
2030,64,8986.88
2030,65,8738.64
2030,66,8935.23
2030,67,8931.6
2030,68,8818.99
2030,69,8739.9
2030,70,8895.43
2030,71,8999.78
2030,72,9016.92
2030,73,8857.93
2030,74,8810.07
2030,75,8917.96
2030,76,8948.11
2030,77,8834.56
2030,78,8810.78
2030,79,8984.17
2030,80,8824.36
2030,81,8949.48
2030,82,8980.76
2030,83,8832
2030,84,8845.84
2030,85,8948.35
2030,86,8800.87
2030,87,8750.74
2030,88,9031.8
2030,89,8913.38
2030,90,9012.29
2030,91,8788.69
2030,92,9005.62
2030,93,8811.47
2030,94,8890.03
2030,95,8965.87
2030,96,8829.07
2030,97,8916.13
2030,98,8827.66
2030,99,8833.71
2040,0,9067.43
2040,1,8751.11
2040,2,8791.69
2040,3,8938.27
2040,4,8898.47
2040,5,8880.83
2040,6,8848.21
2040,7,8835.94
2040,8,8908.81
2040,9,8990.96
2040,10,8846.11
2040,11,8905.87
2040,12,9018.1
2040,13,8864.14
2040,14,8941.8
2040,15,8905.37
2040,16,8786.34
2040,17,8896.86
2040,18,9009.74
2040,19,8791.96
2040,20,8885.14
2040,21,9045.04
2040,22,9015.03
2040,23,8789.72
2040,24,8745.1
2040,25,8790.38
2040,26,8903.2
2040,27,8818.24
2040,28,8748.96
2040,29,8924.95
2040,30,8979.32
2040,31,8851.87
2040,32,8980.63
2040,33,8994.65
2040,34,8782.27
2040,35,8952.55
2040,36,9069.93
2040,37,9118.09
2040,38,8863.39
2040,39,8844.39
2040,40,8815.69
2040,41,8957.61
2040,42,8950.35
2040,43,8889.53
2040,44,8858.64
2040,45,8859.32
2040,46,8768.65
2040,47,8890.44
2040,48,8938.57
2040,49,8971.11
2040,50,9047.1
2040,51,8890.07
2040,52,8930.29
2040,53,8765.69
2040,54,8916.06
2040,55,9004.04
2040,56,8937.55
2040,57,8988.68
2040,58,8965.53
2040,59,8855.72
2040,60,8998.41
2040,61,8867.71
2040,62,8836.31
2040,63,8913.84
2040,64,8986.58
2040,65,8738.34
2040,66,8934.93
2040,67,8931.3
2040,68,8818.69
2040,69,8739.6
2040,70,8895.13
2040,71,8999.48
2040,72,9016.62
2040,73,8857.63
2040,74,8809.77
2040,75,8917.66
2040,76,8947.81
2040,77,8834.26
2040,78,8810.48
2040,79,8983.87
2040,80,8824.06
2040,81,8949.18
2040,82,8980.46
2040,83,8831.7
2040,84,8845.54
2040,85,8948.05
2040,86,8800.57
2040,87,8750.44
2040,88,9031.5
2040,89,8913.08
2040,90,9011.99
2040,91,8788.39
2040,92,9005.32
2040,93,8811.17
2040,94,8889.73
2040,95,8965.57
2040,96,8828.77
2040,97,8915.83
2040,98,8827.36
2040,99,8833.41
2050,0,9053.09
2050,1,8734.73
2050,2,8774.4
2050,3,8922.5
2050,4,8883.83
2050,5,8862.99
2050,6,8830.44
2050,7,8825.11
2050,8,8892
2050,9,8979.45
2050,10,8832.68
2050,11,8889.88
2050,12,9002.12
2050,13,8853.48
2050,14,8925.35
2050,15,8891.58
2050,16,8773.34
2050,17,8883.73
2050,18,8996.85
2050,19,8774.33
2050,20,8869.36
2050,21,9030.87
2050,22,8994.26
2050,23,8769.45
2050,24,8732.67
2050,25,8775.15
2050,26,8886.18
2050,27,8801.89
2050,28,8735.54
2050,29,8907.55
2050,30,8964.89
2050,31,8834.92
2050,32,8967.56
2050,33,8982.44
2050,34,8768.74
2050,35,8936.62
2050,36,9053.5
2050,37,9106.18
2050,38,8850.12
2050,39,8829.78
2050,40,8798.3
2050,41,8944.13
2050,42,8934.91
2050,43,8878.35
2050,44,8846.53
2050,45,8846.91
2050,46,8752.57
2050,47,8875.62
2050,48,8924.64
2050,49,8957.31
2050,50,9033.51
2050,51,8878.62
2050,52,8913.39
2050,53,8749.11
2050,54,8902.65
2050,55,8989.45
2050,56,8928.84
2050,57,8972.4
2050,58,8948.5
2050,59,8840.01
2050,60,8983.22
2050,61,8852.53
2050,62,8821.84
2050,63,8898.86
2050,64,8975.02
2050,65,8727.03
2050,66,8921.42
2050,67,8910.9
2050,68,8798.78
2050,69,8723.27
2050,70,8881.64
2050,71,8987.31
2050,72,9003.99
2050,73,8837.97
2050,74,8792.42
2050,75,8905.27
2050,76,8935.09
2050,77,8822.22
2050,78,8799.58
2050,79,8971.68
2050,80,8811.02
2050,81,8936.17
2050,82,8961.98
2050,83,8821.41
2050,84,8826.82
2050,85,8935.18
2050,86,8784.14
2050,87,8735.55
2050,88,9020.55
2050,89,8899.51
2050,90,8995.7
2050,91,8770.88
2050,92,8988.83
2050,93,8796.31
2050,94,8875.86
2050,95,8952.45
2050,96,8813.66
2050,97,8896.24
2050,98,8814.78
2050,99,8818.84
2060,0,9052.83
2060,1,8734.48
2060,2,8774.19
2060,3,8922.28
2060,4,8883.56
2060,5,8862.74
2060,6,8830.22
2060,7,8818.71
2060,8,8891.78
2060,9,8979.15
2060,10,8825.55
2060,11,8889.66
2060,12,9001.89
2060,13,8846.22
2060,14,8925.09
2060,15,8891.33
2060,16,8766.44
2060,17,8883.47
2060,18,8996.59
2060,19,8774.09
2060,20,8869.09
2060,21,9030.63
2060,22,8994.01
2060,23,8769.23
2060,24,8725.12
2060,25,8774.88
2060,26,8885.92
2060,27,8801.64
2060,28,8729.07
2060,29,8907.33
2060,30,8964.63
2060,31,8834.71
2060,32,8967.29
2060,33,8982.19
2060,34,8761.69
2060,35,8936.37
2060,36,9053.21
2060,37,9105.91
2060,38,8849.84
2060,39,8829.52
2060,40,8798.06
2060,41,8943.84
2060,42,8934.66
2060,43,8871.11
2060,44,8846.24
2060,45,8846.61
2060,46,8752.34
2060,47,8875.34
2060,48,8924.34
2060,49,8957.05
2060,50,9033.24
2060,51,8871.02
2060,52,8913.12
2060,53,8748.88
2060,54,8902.37
2060,55,8989.21
2060,56,8922.71
2060,57,8972.16
2060,58,8948.26
2060,59,8839.79
2060,60,8982.98
2060,61,8852.27
2060,62,8821.56
2060,63,8898.61
2060,64,8974.74
2060,65,8719.09
2060,66,8921.15
2060,67,8910.65
2060,68,8798.56
2060,69,8723.01
2060,70,8881.38
2060,71,8980.37
2060,72,9003.73
2060,73,8837.75
2060,74,8792.16
2060,75,8897.21
2060,76,8926.76
2060,77,8821.92
2060,78,8792.11
2060,79,8971.43
2060,80,8803.31
2060,81,8935.88
2060,82,8961.75
2060,83,8814.38
2060,84,8826.59
2060,85,8934.93
2060,86,8783.91
2060,87,8735.33
2060,88,9020.29
2060,89,8893.06
2060,90,8995.47
2060,91,8770.66
2060,92,8988.59
2060,93,8796.04
2060,94,8875.58
2060,95,8952.17
2060,96,8813.4
2060,97,8896
2060,98,8808.56
2060,99,8812.17
2070,0,9052.53
2070,1,8734.18
2070,2,8773.89
2070,3,8921.98
2070,4,8883.26
2070,5,8862.44
2070,6,8829.92
2070,7,8818.41
2070,8,8891.48
2070,9,8978.85
2070,10,8825.25
2070,11,8889.36
2070,12,9001.59
2070,13,8845.92
2070,14,8924.79
2070,15,8891.03
2070,16,8766.14
2070,17,8883.17
2070,18,8996.29
2070,19,8773.79
2070,20,8868.79
2070,21,9030.33
2070,22,8993.71
2070,23,8768.93
2070,24,8724.82
2070,25,8774.58
2070,26,8885.62
2070,27,8801.34
2070,28,8728.77
2070,29,8907.03
2070,30,8964.33
2070,31,8834.41
2070,32,8966.99
2070,33,8981.89
2070,34,8761.39
2070,35,8936.07
2070,36,9052.91
2070,37,9105.61
2070,38,8849.54
2070,39,8829.22
2070,40,8797.76
2070,41,8943.54
2070,42,8934.36
2070,43,8870.81
2070,44,8845.94
2070,45,8846.31
2070,46,8752.04
2070,47,8875.04
2070,48,8924.04
2070,49,8956.75
2070,50,9032.94
2070,51,8870.72
2070,52,8912.82
2070,53,8748.58
2070,54,8902.07
2070,55,8988.91
2070,56,8922.41
2070,57,8971.86
2070,58,8947.96
2070,59,8839.49
2070,60,8982.68
2070,61,8851.97
2070,62,8821.26
2070,63,8898.31
2070,64,8974.44
2070,65,8718.79
2070,66,8920.85
2070,67,8910.35
2070,68,8798.26
2070,69,8722.71
2070,70,8881.08
2070,71,8980.07
2070,72,9003.43
2070,73,8837.45
2070,74,8791.86
2070,75,8896.91
2070,76,8926.46
2070,77,8821.62
2070,78,8791.81
2070,79,8971.13
2070,80,8803.01
2070,81,8935.58
2070,82,8961.45
2070,83,8814.08
2070,84,8826.29
2070,85,8934.63
2070,86,8783.61
2070,87,8735.03
2070,88,9019.99
2070,89,8892.76
2070,90,8995.17
2070,91,8770.36
2070,92,8988.29
2070,93,8795.74
2070,94,8875.28
2070,95,8951.87
2070,96,8813.1
2070,97,8895.7
2070,98,8808.26
2070,99,8811.87
2080,0,9037.51
2080,1,8717.34
2080,2,8759
2080,3,8910.52
2080,4,8866.72
2080,5,8849.77
2080,6,8816.92
2080,7,8804.4
2080,8,8879.2
2080,9,8966.4
2080,10,8809.62
2080,11,8878.08
2080,12,8989.85
2080,13,8833.46
2080,14,8910.72
2080,15,8878.25
2080,16,8750.29
2080,17,8870.27
2080,18,8985.26
2080,19,8760.91
2080,20,8855.66
2080,21,9017.71
2080,22,8980.22
2080,23,8754.03
2080,24,8707.12
2080,25,8758.13
2080,26,8869.92
2080,27,8787.17
2080,28,8713.92
2080,29,8895.17
2080,30,8949.07
2080,31,8820.95
2080,32,8953.95
2080,33,8968.06
2080,34,8746.07
2080,35,8921.91
2080,36,9039.64
2080,37,9092.68
2080,38,8835.87
2080,39,8813.3
2080,40,8784.46
2080,41,8930.14
2080,42,8923.96
2080,43,8856.03
2080,44,8831.64
2080,45,8831.32
2080,46,8738.23
2080,47,8861.71
2080,48,8910.67
2080,49,8942.58
2080,50,9023.16
2080,51,8854.88
2080,52,8895.17
2080,53,8731.75
2080,54,8888.96
2080,55,8976.99
2080,56,8909.55
2080,57,8958.36
2080,58,8937.17
2080,59,8828.33
2080,60,8971.02
2080,61,8840.59
2080,62,8807.52
2080,63,8887.42
2080,64,8963.49
2080,65,8705.52
2080,66,8908.64
2080,67,8893.48
2080,68,8783.87
2080,69,8706.22
2080,70,8866.28
2080,71,8965.52
2080,72,8985.99
2080,73,8822.93
2080,74,8774.3
2080,75,8880.47
2080,76,8909.57
2080,77,8806.56
2080,78,8776.59
2080,79,8959.57
2080,80,8787.2
2080,81,8920.05
2080,82,8948.37
2080,83,8798.3
2080,84,8812.66
2080,85,8918.41
2080,86,8765.87
2080,87,8721.01
2080,88,9009.01
2080,89,8877.96
2080,90,8983.85
2080,91,8758
2080,92,8974.24
2080,93,8780.86
2080,94,8859.6
2080,95,8938.67
2080,96,8799.47
2080,97,8880.53
2080,98,8794.76
2080,99,8796.7
2090,0,9037.25
2090,1,8717.1
2090,2,8754.84
2090,3,8907.27
2090,4,8866.47
2090,5,8846.85
2090,6,8812.48
2090,7,8800.32
2090,8,8875.56
2090,9,8962.53
2090,10,8805.12
2090,11,8874.98
2090,12,8986.38
2090,13,8829.26
2090,14,8910.45
2090,15,8875.13
2090,16,8750.05
2090,17,8865.75
2090,18,8984.99
2090,19,8756.19
2090,20,8851.57
2090,21,9017.44
2090,22,8979.94
2090,23,8748.85
2090,24,8706.89
2090,25,8757.88
2090,26,8865.96
2090,27,8783.59
2090,28,8708.89
2090,29,8892.45
2090,30,8948.81
2090,31,8817.64
2090,32,8950.79
2090,33,8967.77
2090,34,8741.1
2090,35,8921.65
2090,36,9037.11
2090,37,9092.43
2090,38,8832.33
2090,39,8813.05
2090,40,8780.44
2090,41,8926.78
2090,42,8923.7
2090,43,8852.06
2090,44,8829.21
2090,45,8827.27
2090,46,8733.03
2090,47,8858.15
2090,48,8906.77
2090,49,8942.31
2090,50,9022.9
2090,51,8854.63
2090,52,8894.93
2090,53,8727.31
2090,54,8885.63
2090,55,8976.74
2090,56,8906.73
2090,57,8955.6
2090,58,8934.86
2090,59,8825.3
2090,60,8968.48
2090,61,8836.86
2090,62,8802.42
2090,63,8884.34
2090,64,8963.24
2090,65,8700.27
2090,66,8905.72
2090,67,8893.21
2090,68,8783.62
2090,69,8700.07
2090,70,8863.24
2090,71,8961.77
2090,72,8985.72
2090,73,8817.77
2090,74,8774.06
2090,75,8880.23
2090,76,8909.34
2090,77,8803.03
2090,78,8771.84
2090,79,8959.29
2090,80,8786.95
2090,81,8919.79
2090,82,8943.85
2090,83,8798.05
2090,84,8808.2
2090,85,8918.13
2090,86,8765.64
2090,87,8716.81
2090,88,9008.74
2090,89,8877.71
2090,90,8980.53
2090,91,8753.56
2090,92,8973.97
2090,93,8775.24
2090,94,8859.35
2090,95,8935.5
2090,96,8794.67
2090,97,8877.55
2090,98,8790.79
2090,99,8791.37
2100,0,9036.95
2100,1,8716.8
2100,2,8754.54
2100,3,8906.97
2100,4,8866.17
2100,5,8846.55
2100,6,8812.18
2100,7,8800.02
2100,8,8875.26
2100,9,8962.23
2100,10,8804.82
2100,11,8874.68
2100,12,8986.08
2100,13,8828.96
2100,14,8910.15
2100,15,8874.83
2100,16,8749.75
2100,17,8865.45
2100,18,8984.69
2100,19,8755.89
2100,20,8851.27
2100,21,9017.14
2100,22,8979.64
2100,23,8748.55
2100,24,8706.59
2100,25,8757.58
2100,26,8865.66
2100,27,8783.29
2100,28,8708.59
2100,29,8892.15
2100,30,8948.51
2100,31,8817.34
2100,32,8950.49
2100,33,8967.47
2100,34,8740.8
2100,35,8921.35
2100,36,9036.81
2100,37,9092.13
2100,38,8832.03
2100,39,8812.75
2100,40,8780.14
2100,41,8926.48
2100,42,8923.4
2100,43,8851.76
2100,44,8828.91
2100,45,8826.97
2100,46,8732.73
2100,47,8857.85
2100,48,8906.47
2100,49,8942.01
2100,50,9022.6
2100,51,8854.33
2100,52,8894.63
2100,53,8727.01
2100,54,8885.33
2100,55,8976.44
2100,56,8906.43
2100,57,8955.3
2100,58,8934.56
2100,59,8825
2100,60,8968.18
2100,61,8836.56
2100,62,8802.12
2100,63,8884.04
2100,64,8962.94
2100,65,8699.97
2100,66,8905.42
2100,67,8892.91
2100,68,8783.32
2100,69,8699.77
2100,70,8862.94
2100,71,8961.47
2100,72,8985.42
2100,73,8817.47
2100,74,8773.76
2100,75,8879.93
2100,76,8909.04
2100,77,8802.73
2100,78,8771.54
2100,79,8958.99
2100,80,8786.65
2100,81,8919.49
2100,82,8943.55
2100,83,8797.75
2100,84,8807.9
2100,85,8917.83
2100,86,8765.34
2100,87,8716.51
2100,88,9008.44
2100,89,8877.41
2100,90,8980.23
2100,91,8753.26
2100,92,8973.67
2100,93,8774.94
2100,94,8859.05
2100,95,8935.2
2100,96,8794.37
2100,97,8877.25
2100,98,8790.49
2100,99,8791.07
2110,0,9022.83
2110,1,8702.17
2110,2,8740.82
2110,3,8893.7
2110,4,8852.93
2110,5,8831.07
2110,6,8798.84
2110,7,8785.88
2110,8,8861.17
2110,9,8948.68
2110,10,8790.83
2110,11,8861.69
2110,12,8972.26
2110,13,8816.74
2110,14,8896.56
2110,15,8858.96
2110,16,8732.62
2110,17,8850.29
2110,18,8972.2
2110,19,8739.73
2110,20,8837.99
2110,21,9002.74
2110,22,8962.66
2110,23,8733.51
2110,24,8690.65
2110,25,8743.79
2110,26,8850.06
2110,27,8769.36
2110,28,8693.74
2110,29,8879.14
2110,30,8934.38
2110,31,8801.1
2110,32,8936.54
2110,33,8951.79
2110,34,8725.46
2110,35,8906.54
2110,36,9021.95
2110,37,9077.69
2110,38,8818.01
2110,39,8798.86
2110,40,8763.69
2110,41,8913.06
2110,42,8910.01
2110,43,8836.88
2110,44,8813.1
2110,45,8811.48
2110,46,8716.45
2110,47,8844.5
2110,48,8892.75
2110,49,8926.89
2110,50,9008.4
2110,51,8842.73
2110,52,8877.03
2110,53,8712.21
2110,54,8872.23
2110,55,8964.88
2110,56,8893.09
2110,57,8939.21
2110,58,8919.96
2110,59,8810.43
2110,60,8953.45
2110,61,8822.52
2110,62,8785.89
2110,63,8870.42
2110,64,8950.31
2110,65,8687.62
2110,66,8892.94
2110,67,8875.42
2110,68,8764.43
2110,69,8683.96
2110,70,8847.53
2110,71,8946.54
2110,72,8972.2
2110,73,8802.88
2110,74,8757.94
2110,75,8865.68
2110,76,8894.54
2110,77,8787.4
2110,78,8759.19
2110,79,8945.05
2110,80,8771.58
2110,81,8903.94
2110,82,8930.37
2110,83,8786.09
2110,84,8795
2110,85,8898.04
2110,86,8750.45
2110,87,8703.5
2110,88,8993.79
2110,89,8861.59
2110,90,8965.09
2110,91,8737.82
2110,92,8958.78
2110,93,8760.05
2110,94,8843.04
2110,95,8919.65
2110,96,8778.87
2110,97,8858.94
2110,98,8776.73
2110,99,8776.21
2120,0,9022.57
2120,1,8697.41
2120,2,8734.1
2120,3,8889.24
2120,4,8849.33
2120,5,8830.82
2120,6,8791.45
2120,7,8778.37
2120,8,8856.39
2120,9,8944.9
2120,10,8782.46
2120,11,8857.48
2120,12,8967.6
2120,13,8809.51
2120,14,8894.49
2120,15,8858.72
2120,16,8729.7
2120,17,8845.45
2120,18,8971.94
2120,19,8739.5
2120,20,8833.42
2120,21,9002.49
2120,22,8962.4
2120,23,8726.23
2120,24,8683.96
2120,25,8739.81
2120,26,8846.1
2120,27,8765.28
2120,28,8687.73
2120,29,8876.31
2120,30,8934.13
2120,31,8800.87
2120,32,8933.02
2120,33,8951.52
2120,34,8719.47
2120,35,8906.28
2120,36,9019.46
2120,37,9074.86
2120,38,8814.37
2120,39,8795.14
2120,40,8763.45
2120,41,8909.59
2120,42,8909.76
2120,43,8833.4
2120,44,8810.8
2120,45,8807.48
2120,46,8715.5
2120,47,8840.89
2120,48,8889.33
2120,49,8926.64
2120,50,9005.8
2120,51,8835.35
2120,52,8876.76
2120,53,8707.33
2120,54,8868.76
2120,55,8961.86
2120,56,8889.27
2120,57,8938.28
2120,58,8919.71
2120,59,8807.64
2120,60,8951.58
2120,61,8818.23
2120,62,8780.87
2120,63,8866.51
2120,64,8948.53
2120,65,8679.01
2120,66,8889.52
2120,67,8875.17
2120,68,8762.99
2120,69,8676.06
2120,70,8847.28
2120,71,8941.78
2120,72,8971.94
2120,73,8796.98
2120,74,8755.8
2120,75,8858.95
2120,76,8888.65
2120,77,8783.97
2120,78,8750.99
2120,79,8944.79
2120,80,8766
2120,81,8903.69
2120,82,8925.08
2120,83,8782
2120,84,8787.17
2120,85,8897.78
2120,86,8747.45
2120,87,8696.18
2120,88,8991.35
2120,89,8858.52
2120,90,8962.56
2120,91,8736.47
2120,92,8958.06
2120,93,8753.72
2120,94,8841.49
2120,95,8916.61
2120,96,8773.82
2120,97,8858.69
2120,98,8769.3
2120,99,8768.59
2130,0,9022.27
2130,1,8697.11
2130,2,8733.8
2130,3,8888.94
2130,4,8849.03
2130,5,8830.52
2130,6,8791.15
2130,7,8778.07
2130,8,8856.09
2130,9,8944.6
2130,10,8782.16
2130,11,8857.18
2130,12,8967.3
2130,13,8809.21
2130,14,8894.19
2130,15,8858.42
2130,16,8729.4
2130,17,8845.15
2130,18,8971.64
2130,19,8739.2
2130,20,8833.12
2130,21,9002.19
2130,22,8962.1
2130,23,8725.93
2130,24,8683.66
2130,25,8739.51
2130,26,8845.8
2130,27,8764.98
2130,28,8687.43
2130,29,8876.01
2130,30,8933.83
2130,31,8800.57
2130,32,8932.72
2130,33,8951.22
2130,34,8719.17
2130,35,8905.98
2130,36,9019.16
2130,37,9074.56
2130,38,8814.07
2130,39,8794.84
2130,40,8763.15
2130,41,8909.29
2130,42,8909.46
2130,43,8833.1
2130,44,8810.5
2130,45,8807.18
2130,46,8715.2
2130,47,8840.59
2130,48,8889.03
2130,49,8926.34
2130,50,9005.5
2130,51,8835.05
2130,52,8876.46
2130,53,8707.03
2130,54,8868.46
2130,55,8961.56
2130,56,8888.97
2130,57,8937.98
2130,58,8919.41
2130,59,8807.34
2130,60,8951.28
2130,61,8817.93
2130,62,8780.57
2130,63,8866.21
2130,64,8948.23
2130,65,8678.71
2130,66,8889.22
2130,67,8874.87
2130,68,8762.69
2130,69,8675.76
2130,70,8846.98
2130,71,8941.48
2130,72,8971.64
2130,73,8796.68
2130,74,8755.5
2130,75,8858.65
2130,76,8888.35
2130,77,8783.67
2130,78,8750.69
2130,79,8944.49
2130,80,8765.7
2130,81,8903.39
2130,82,8924.78
2130,83,8781.7
2130,84,8786.87
2130,85,8897.48
2130,86,8747.15
2130,87,8695.88
2130,88,8991.05
2130,89,8858.22
2130,90,8962.26
2130,91,8736.17
2130,92,8957.76
2130,93,8753.42
2130,94,8841.19
2130,95,8916.31
2130,96,8773.52
2130,97,8858.39
2130,98,8769
2130,99,8768.29
2140,0,9008.09
2140,1,8684.07
2140,2,8720.57
2140,3,8877.54
2140,4,8836.88
2140,5,8815.46
2140,6,8777.28
2140,7,8765.35
2140,8,8844.64
2140,9,8932.16
2140,10,8768.96
2140,11,8843.39
2140,12,8955.37
2140,13,8796.06
2140,14,8880.45
2140,15,8847.45
2140,16,8716.33
2140,17,8831.12
2140,18,8961.63
2140,19,8725.66
2140,20,8819.02
2140,21,8991.86
2140,22,8949.85
2140,23,8711.04
2140,24,8668.71
2140,25,8727.86
2140,26,8833.02
2140,27,8750.95
2140,28,8673.63
2140,29,8862.72
2140,30,8922.12
2140,31,8789.26
2140,32,8920.7
2140,33,8932.23
2140,34,8706.43
2140,35,8893.57
2140,36,9002.67
2140,37,9061.67
2140,38,8801.61
2140,39,8780.12
2140,40,8751.35
2140,41,8896.98
2140,42,8899.73
2140,43,8820.05
2140,44,8797.16
2140,45,8792.85
2140,46,8700.63
2140,47,8827.91
2140,48,8876.51
2140,49,8907.31
2140,50,8993.89
2140,51,8821.18
2140,52,8864.39
2140,53,8693.88
2140,54,8855.86
2140,55,8948.14
2140,56,8877.85
2140,57,8926.14
2140,58,8905.92
2140,59,8793.48
2140,60,8940.67
2140,61,8805.66
2140,62,8765.26
2140,63,8852.53
2140,64,8935.35
2140,65,8663.56
2140,66,8878.26
2140,67,8853.85
2140,68,8749.18
2140,69,8659.37
2140,70,8833.07
2140,71,8928.45
2140,72,8955.6
2140,73,8782.44
2140,74,8741.58
2140,75,8845.71
2140,76,8875.54
2140,77,8770.61
2140,78,8736.61
2140,79,8931.74
2140,80,8752
2140,81,8892.66
2140,82,8911.69
2140,83,8769.09
2140,84,8773.38
2140,85,8885.83
2140,86,8733.49
2140,87,8682.49
2140,88,8979.76
2140,89,8847.41
2140,90,8950.04
2140,91,8721.84
2140,92,8944.08
2140,93,8738.82
2140,94,8830.12
2140,95,8903.43
2140,96,8759.29
2140,97,8843.35
2140,98,8756.54
2140,99,8752.8
2150,0,9004.18
2150,1,8679.3
2150,2,8715.85
2150,3,8873.2
2150,4,8833.37
2150,5,8810.78
2150,6,8771.87
2150,7,8760.21
2150,8,8840.08
2150,9,8928.05
2150,10,8763.14
2150,11,8840.45
2150,12,8950.96
2150,13,8789.95
2150,14,8876.64
2150,15,8838.76
2150,16,8706.95
2150,17,8826.09
2150,18,8956.46
2150,19,8720.71
2150,20,8815.28
2150,21,8988.52
2150,22,8945.18
2150,23,8705.26
2150,24,8663.5
2150,25,8723.35
2150,26,8827.87
2150,27,8746.46
2150,28,8668.94
2150,29,8857.36
2150,30,8918.49
2150,31,8780.25
2150,32,8916.58
2150,33,8928.37
2150,34,8701.54
2150,35,8889.35
2150,36,8999.4
2150,37,9059.84
2150,38,8797.24
2150,39,8774.91
2150,40,8745.1
2150,41,8892.68
2150,42,8893.39
2150,43,8814.2
2150,44,8794.54
2150,45,8788
2150,46,8694.89
2150,47,8824.49
2150,48,8872.35
2150,49,8903.88
2150,50,8991.67
2150,51,8814.88
2150,52,8859.81
2150,53,8689.2
2150,54,8851.21
2150,55,8942.55
2150,56,8868.13
2150,57,8921.92
2150,58,8901.35
2150,59,8786.97
2150,60,8934.93
2150,61,8801.93
2150,62,8763.3
2150,63,8852.29
2150,64,8931.63
2150,65,8657.76
2150,66,8875.2
2150,67,8849.83
2150,68,8745
2150,69,8659.15
2150,70,8829.37
2150,71,8923.15
2150,72,8951.74
2150,73,8778.17
2150,74,8733.7
2150,75,8838.92
2150,76,8868.7
2150,77,8765.65
2150,78,8730.17
2150,79,8931.5
2150,80,8745.7
2150,81,8884.45
2150,82,8906.11
2150,83,8764.06
2150,84,8769.92
2150,85,8881.65
2150,86,8727.41
2150,87,8677.05
2150,88,8976.05
2150,89,8836.92
2150,90,8944.03
2150,91,8716.45
2150,92,8939.45
2150,93,8734.02
2150,94,8826.06
2150,95,8898.65
2150,96,8754.19
2150,97,8840.06
2150,98,8747.36
2150,99,8746.25
2160,0,9003.88
2160,1,8679
2160,2,8715.55
2160,3,8872.9
2160,4,8833.07
2160,5,8810.48
2160,6,8771.57
2160,7,8759.91
2160,8,8839.78
2160,9,8927.75
2160,10,8762.84
2160,11,8840.15
2160,12,8950.66
2160,13,8789.65
2160,14,8876.34
2160,15,8838.46
2160,16,8706.65
2160,17,8825.79
2160,18,8956.16
2160,19,8720.41
2160,20,8814.98
2160,21,8988.22
2160,22,8944.88
2160,23,8704.96
2160,24,8663.2
2160,25,8723.05
2160,26,8827.57
2160,27,8746.16
2160,28,8668.64
2160,29,8857.06
2160,30,8918.19
2160,31,8779.95
2160,32,8916.28
2160,33,8928.07
2160,34,8701.24
2160,35,8889.05
2160,36,8999.1
2160,37,9059.54
2160,38,8796.94
2160,39,8774.61
2160,40,8744.8
2160,41,8892.38
2160,42,8893.09
2160,43,8813.9
2160,44,8794.24
2160,45,8787.7
2160,46,8694.59
2160,47,8824.19
2160,48,8872.05
2160,49,8903.58
2160,50,8991.37
2160,51,8814.58
2160,52,8859.51
2160,53,8688.9
2160,54,8850.91
2160,55,8942.25
2160,56,8867.83
2160,57,8921.62
2160,58,8901.05
2160,59,8786.67
2160,60,8934.63
2160,61,8801.63
2160,62,8763
2160,63,8851.99
2160,64,8931.33
2160,65,8657.46
2160,66,8874.9
2160,67,8849.53
2160,68,8744.7
2160,69,8658.85
2160,70,8829.07
2160,71,8922.85
2160,72,8951.44
2160,73,8777.87
2160,74,8733.4
2160,75,8838.62
2160,76,8868.4
2160,77,8765.35
2160,78,8729.87
2160,79,8931.2
2160,80,8745.4
2160,81,8884.15
2160,82,8905.81
2160,83,8763.76
2160,84,8769.62
2160,85,8881.35
2160,86,8727.11
2160,87,8676.75
2160,88,8975.75
2160,89,8836.62
2160,90,8943.73
2160,91,8716.15
2160,92,8939.15
2160,93,8733.72
2160,94,8825.76
2160,95,8898.35
2160,96,8753.89
2160,97,8839.76
2160,98,8747.06
2160,99,8745.95
2170,0,8992.51
2170,1,8665.99
2170,2,8703.84
2170,3,8862.87
2170,4,8823.15
2170,5,8801.14
2170,6,8759.43
2170,7,8748.97
2170,8,8829.22
2170,9,8915.35
2170,10,8749.75
2170,11,8829.83
2170,12,8939.82
2170,13,8778.4
2170,14,8867.49
2170,15,8830.32
2170,16,8694.99
2170,17,8813.99
2170,18,8948.88
2170,19,8707.71
2170,20,8802.73
2170,21,8980.43
2170,22,8935.57
2170,23,8691.1
2170,24,8650.17
2170,25,8712.4
2170,26,8816.05
2170,27,8736.09
2170,28,8655.24
2170,29,8847.58
2170,30,8907.87
2170,31,8769.79
2170,32,8905.71
2170,33,8916.67
2170,34,8689.09
2170,35,8878.76
2170,36,8989.63
2170,37,9050.9
2170,38,8786.91
2170,39,8762.84
2170,40,8733.61
2170,41,8880.97
2170,42,8886.65
2170,43,8802.62
2170,44,8783.98
2170,45,8776.81
2170,46,8680.31
2170,47,8812.63
2170,48,8857.51
2170,49,8886.9
2170,50,8983.07
2170,51,8802.42
2170,52,8847.56
2170,53,8677.24
2170,54,8840.41
2170,55,8930.97
2170,56,8857.79
2170,57,8911.3
2170,58,8890.01
2170,59,8777.31
2170,60,8925.23
2170,61,8789.94
2170,62,8749.82
2170,63,8842.35
2170,64,8918.62
2170,65,8643.7
2170,66,8865.53
2170,67,8835.92
2170,68,8732.58
2170,69,8643.73
2170,70,8818.9
2170,71,8912.69
2170,72,8940.42
2170,73,8764.96
2170,74,8723.27
2170,75,8825.72
2170,76,8855.49
2170,77,8753.81
2170,78,8716.88
2170,79,8923.79
2170,80,8732.75
2170,81,8874.6
2170,82,8893.75
2170,83,8753.56
2170,84,8757.34
2170,85,8871.91
2170,86,8716.08
2170,87,8666.01
2170,88,8967.71
2170,89,8826.05
2170,90,8933.45
2170,91,8705.61
2170,92,8929.95
2170,93,8720.41
2170,94,8814.97
2170,95,8886.64
2170,96,8741.64
2170,97,8830.09
2170,98,8734.86
2170,99,8731.57
2180,0,8988.94
2180,1,8661.9
2180,2,8698.72
2180,3,8858.5
2180,4,8819.15
2180,5,8797.39
2180,6,8754.76
2180,7,8743.86
2180,8,8824.65
2180,9,8915.11
2180,10,8743.94
2180,11,8825.67
2180,12,8935.36
2180,13,8772.26
2180,14,8861.57
2180,15,8826.65
2180,16,8688.77
2180,17,8810.42
2180,18,8942.59
2180,19,8703.03
2180,20,8799.41
2180,21,8976.68
2180,22,8931.86
2180,23,8685.36
2180,24,8643.74
2180,25,8708.28
2180,26,8810.85
2180,27,8732.57
2180,28,8649.81
2180,29,8843.12
2180,30,8905.13
2180,31,8765.11
2180,32,8903.48
2180,33,8910.66
2180,34,8682.94
2180,35,8875.59
2180,36,8988.02
2180,37,9045.86
2180,38,8784.76
2180,39,8759.61
2180,40,8729.74
2180,41,8880.72
2180,42,8883.51
2180,43,8796.78
2180,44,8779.68
2180,45,8774.54
2180,46,8680.09
2180,47,8812.38
2180,48,8857.24
2180,49,8883.44
2180,50,8977.71
2180,51,8796.1
2180,52,8843.1
2180,53,8672.57
2180,54,8837.98
2180,55,8924.43
2180,56,8852.91
2180,57,8907.15
2180,58,8886.32
2180,59,8772.63
2180,60,8921.58
2180,61,8786.23
2180,62,8749.58
2180,63,8839.26
2180,64,8915.84
2180,65,8636.95
2180,66,8860.6
2180,67,8832.8
2180,68,8728.35
2180,69,8637.09
2180,70,8815.97
2180,71,8907.42
2180,72,8937.47
2180,73,8759.68
2180,74,8718.7
2180,75,8818.92
2180,76,8848.7
2180,77,8752.23
2180,78,8710.38
2180,79,8920.57
2180,80,8726.47
2180,81,8871.09
2180,82,8888.79
2180,83,8747.75
2180,84,8753.09
2180,85,8868.97
2180,86,8711.45
2180,87,8661.54
2180,88,8961.76
2180,89,8820.64
2180,90,8929.47
2180,91,8700.86
2180,92,8926.01
2180,93,8714.86
2180,94,8810.49
2180,95,8884.18
2180,96,8738.05
2180,97,8826.84
2180,98,8729.92
2180,99,8725.07
2190,0,8988.64
2190,1,8661.6
2190,2,8698.42
2190,3,8858.2
2190,4,8818.85
2190,5,8797.09
2190,6,8754.46
2190,7,8743.56
2190,8,8824.35
2190,9,8914.81
2190,10,8743.64
2190,11,8825.37
2190,12,8935.06
2190,13,8771.96
2190,14,8861.27
2190,15,8826.35
2190,16,8688.47
2190,17,8810.12
2190,18,8942.29
2190,19,8702.73
2190,20,8799.11
2190,21,8976.38
2190,22,8931.56
2190,23,8685.06
2190,24,8643.44
2190,25,8707.98
2190,26,8810.55
2190,27,8732.27
2190,28,8649.51
2190,29,8842.82
2190,30,8904.83
2190,31,8764.81
2190,32,8903.18
2190,33,8910.36
2190,34,8682.64
2190,35,8875.29
2190,36,8987.72
2190,37,9045.56
2190,38,8784.46
2190,39,8759.31
2190,40,8729.44
2190,41,8880.42
2190,42,8883.21
2190,43,8796.48
2190,44,8779.38
2190,45,8774.24
2190,46,8679.79
2190,47,8812.08
2190,48,8856.94
2190,49,8883.14
2190,50,8977.41
2190,51,8795.8
2190,52,8842.8
2190,53,8672.27
2190,54,8837.68
2190,55,8924.13
2190,56,8852.61
2190,57,8906.85
2190,58,8886.02
2190,59,8772.33
2190,60,8921.28
2190,61,8785.93
2190,62,8749.28
2190,63,8838.96
2190,64,8915.54
2190,65,8636.65
2190,66,8860.3
2190,67,8832.5
2190,68,8728.05
2190,69,8636.79
2190,70,8815.67
2190,71,8907.12
2190,72,8937.17
2190,73,8759.38
2190,74,8718.4
2190,75,8818.62
2190,76,8848.4
2190,77,8751.93
2190,78,8710.08
2190,79,8920.27
2190,80,8726.17
2190,81,8870.79
2190,82,8888.49
2190,83,8747.45
2190,84,8752.79
2190,85,8868.67
2190,86,8711.15
2190,87,8661.24
2190,88,8961.46
2190,89,8820.34
2190,90,8929.17
2190,91,8700.56
2190,92,8925.71
2190,93,8714.56
2190,94,8810.19
2190,95,8883.88
2190,96,8737.75
2190,97,8826.54
2190,98,8729.62
2190,99,8724.77
2200,0,8977.51
2200,1,8649.22
2200,2,8686.94
2200,3,8848.69
2200,4,8808.92
2200,5,8787.9
2200,6,8742.95
2200,7,8731.88
2200,8,8814.62
2200,9,8902.34
2200,10,8731.46
2200,11,8813.31
2200,12,8924.54
2200,13,8760.9
2200,14,8851.73
2200,15,8816.14
2200,16,8676.77
2200,17,8798.5
2200,18,8931.59
2200,19,8689.83
2200,20,8786.31
2200,21,8967.17
2200,22,8922.29
2200,23,8672.21
2200,24,8629.34
2200,25,8697.43
2200,26,8798.57
2200,27,8723.24
2200,28,8636.71
2200,29,8832.49
2200,30,8895.46
2200,31,8753.64
2200,32,8892.4
2200,33,8898.37
2200,34,8669.82
2200,35,8864.88
2200,36,8975.23
2200,37,9037.14
2200,38,8774.53
2200,39,8747.94
2200,40,8717.5
2200,41,8868.32
2200,42,8874.68
2200,43,8785
2200,44,8770.54
2200,45,8762.32
2200,46,8668.66
2200,47,8800.4
2200,48,8842.55
2200,49,8870.11
2200,50,8967.66
2200,51,8784.56
2200,52,8830.72
2200,53,8660.02
2200,54,8828.77
2200,55,8912.99
2200,56,8842.05
2200,57,8895.35
2200,58,8875.84
2200,59,8762.12
2200,60,8912.16
2200,61,8773.98
2200,62,8736.38
2200,63,8826.98
2200,64,8902.12
2200,65,8623.61
2200,66,8850.42
2200,67,8821.47
2200,68,8716.04
2200,69,8622.09
2200,70,8805.9
2200,71,8896.59
2200,72,8923.6
2200,73,8747.3
2200,74,8706.23
2200,75,8805.68
2200,76,8835.67
2200,77,8741.6
2200,78,8697.98
2200,79,8912.02
2200,80,8713.9
2200,81,8861.28
2200,82,8877.07
2200,83,8736.81
2200,84,8741.55
2200,85,8857.65
2200,86,8701.07
2200,87,8649.05
2200,88,8951.23
2200,89,8809.96
2200,90,8918.57
2200,91,8688.77
2200,92,8916.07
2200,93,8702.14
2200,94,8799.3
2200,95,8872.04
2200,96,8726.19
2200,97,8816.82
2200,98,8718.18
2200,99,8712.09
2210,0,8974.79
2210,1,8641.58
2210,2,8676.91
2210,3,8842.34
2210,4,8801.37
2210,5,8782.5
2210,6,8738.41
2210,7,8725.15
2210,8,8807.56
2210,9,8901.6
2210,10,8725.53
2210,11,8807.92
2210,12,8915.78
2210,13,8754.26
2210,14,8845.85
2210,15,8808.24
2210,16,8670.02
2210,17,8792.09
2210,18,8928.92
2210,19,8685.05
2210,20,8783.01
2210,21,8960.8
2210,22,8914.3
2210,23,8667.09
2210,24,8622.97
2210,25,8691.2
2210,26,8793.25
2210,27,8715.1
2210,28,8632.03
2210,29,8826.93
2210,30,8890.8
2210,31,8750.41
2210,32,8888.01
2210,33,8892.39
2210,34,8662.74
2210,35,8860.09
2210,36,8970.5
2210,37,9032.78
2210,38,8768.4
2210,39,8739.78
2210,40,8713.63
2210,41,8866.12
2210,42,8871.16
2210,43,8779.65
2210,44,8766.58
2210,45,8758.91
2210,46,8660.79
2210,47,8796.59
2210,48,8838.81
2210,49,8864.35
2210,50,8962.24
2210,51,8776.01
2210,52,8827.8
2210,53,8653.42
2210,54,8820.86
2210,55,8905.04
2210,56,8838.17
2210,57,8892.48
2210,58,8867.01
2210,59,8756.86
2210,60,8906.65
2210,61,8770.2
2210,62,8732.58
2210,63,8823.99
2210,64,8897
2210,65,8616.99
2210,66,8845.51
2210,67,8817.58
2210,68,8708.35
2210,69,8618.16
2210,70,8798.63
2210,71,8889.04
2210,72,8918.55
2210,73,8743.09
2210,74,8701.72
2210,75,8800.79
2210,76,8825.86
2210,77,8735.04
2210,78,8691.47
2210,79,8907.95
2210,80,8707.83
2210,81,8855.07
2210,82,8872.44
2210,83,8730.35
2210,84,8737.31
2210,85,8852.41
2210,86,8692.16
2210,87,8644.74
2210,88,8943.79
2210,89,8801.55
2210,90,8910.19
2210,91,8684.07
2210,92,8907.25
2210,93,8697.08
2210,94,8791.24
2210,95,8865.93
2210,96,8719.7
2210,97,8811.02
2210,98,8711.52
2210,99,8707.91
2220,0,8974.49
2220,1,8641.28
2220,2,8676.61
2220,3,8842.04
2220,4,8801.07
2220,5,8782.2
2220,6,8738.11
2220,7,8724.85
2220,8,8807.26
2220,9,8901.3
2220,10,8725.23
2220,11,8807.62
2220,12,8915.48
2220,13,8753.96
2220,14,8845.55
2220,15,8807.94
2220,16,8669.72
2220,17,8791.79
2220,18,8928.62
2220,19,8684.75
2220,20,8782.71
2220,21,8960.5
2220,22,8914
2220,23,8666.79
2220,24,8622.67
2220,25,8690.9
2220,26,8792.95
2220,27,8714.8
2220,28,8631.73
2220,29,8826.63
2220,30,8890.5
2220,31,8750.11
2220,32,8887.71
2220,33,8892.09
2220,34,8662.44
2220,35,8859.79
2220,36,8970.2
2220,37,9032.48
2220,38,8768.1
2220,39,8739.48
2220,40,8713.33
2220,41,8865.82
2220,42,8870.86
2220,43,8779.35
2220,44,8766.28
2220,45,8758.61
2220,46,8660.49
2220,47,8796.29
2220,48,8838.51
2220,49,8864.05
2220,50,8961.94
2220,51,8775.71
2220,52,8827.5
2220,53,8653.12
2220,54,8820.56
2220,55,8904.74
2220,56,8837.87
2220,57,8892.18
2220,58,8866.71
2220,59,8756.56
2220,60,8906.35
2220,61,8769.9
2220,62,8732.28
2220,63,8823.69
2220,64,8896.7
2220,65,8616.69
2220,66,8845.21
2220,67,8817.28
2220,68,8708.05
2220,69,8617.86
2220,70,8798.33
2220,71,8888.74
2220,72,8918.25
2220,73,8742.79
2220,74,8701.42
2220,75,8800.49
2220,76,8825.56
2220,77,8734.74
2220,78,8691.17
2220,79,8907.65
2220,80,8707.53
2220,81,8854.77
2220,82,8872.14
2220,83,8730.05
2220,84,8737.01
2220,85,8852.11
2220,86,8691.86
2220,87,8644.44
2220,88,8943.49
2220,89,8801.25
2220,90,8909.89
2220,91,8683.77
2220,92,8906.95
2220,93,8696.78
2220,94,8790.94
2220,95,8865.63
2220,96,8719.4
2220,97,8810.72
2220,98,8711.22
2220,99,8707.61
2230,0,8965.22
2230,1,8629.87
2230,2,8664.5
2230,3,8830.92
2230,4,8790.09
2230,5,8770.35
2230,6,8726.39
2230,7,8712.83
2230,8,8796.28
2230,9,8888.67
2230,10,8713.19
2230,11,8797.46
2230,12,8903.19
2230,13,8742.15
2230,14,8838.69
2230,15,8797.46
2230,16,8659.06
2230,17,8780.08
2230,18,8920.83
2230,19,8673.59
2230,20,8771.57
2230,21,8952.15
2230,22,8903.95
2230,23,8655.87
2230,24,8610.79
2230,25,8680.56
2230,26,8782.08
2230,27,8702.61
2230,28,8618.8
2230,29,8818.01
2230,30,8878.32
2230,31,8738.59
2230,32,8876.14
2230,33,8880.99
2230,34,8649.57
2230,35,8847.44
2230,36,8957.58
2230,37,9023.76
2230,38,8757.69
2230,39,8727.8
2230,40,8701.69
2230,41,8853.47
2230,42,8863.76
2230,43,8768.64
2230,44,8757.65
2230,45,8745.54
2230,46,8648.5
2230,47,8786.14
2230,48,8823.54
2230,49,8852.61
2230,50,8953.35
2230,51,8763.66
2230,52,8817.54
2230,53,8641.77
2230,54,8809.83
2230,55,8893.92
2230,56,8827.84
2230,57,8880.41
2230,58,8855.58
2230,59,8747.44
2230,60,8896.59
2230,61,8759.12
2230,62,8719.38
2230,63,8813.04
2230,64,8887.46
2230,65,8603.57
2230,66,8835.34
2230,67,8804.91
2230,68,8695.66
2230,69,8605.09
2230,70,8787.98
2230,71,8878.02
2230,72,8903.62
2230,73,8730.25
2230,74,8690.04
2230,75,8787.53
2230,76,8813.59
2230,77,8723.88
2230,78,8678.55
2230,79,8901.09
2230,80,8695.64
2230,81,8845.11
2230,82,8860.41
2230,83,8719.13
2230,84,8725.82
2230,85,8839.76
2230,86,8679.97
2230,87,8632.6
2230,88,8932.96
2230,89,8791.66
2230,90,8898.15
2230,91,8672.86
2230,92,8895.74
2230,93,8688.77
2230,94,8780.56
2230,95,8853.46
2230,96,8707.36
2230,97,8801.04
2230,98,8698.77
2230,99,8695.63
2240,0,8959.6
2240,1,8624.29
2240,2,8658.99
2240,3,8826.44
2240,4,8786.01
2240,5,8765.17
2240,6,8718.14
2240,7,8707.53
2240,8,8787.88
2240,9,8884.48
2240,10,8702.36
2240,11,8792.88
2240,12,8895.17
2240,13,8735.15
2240,14,8831.35
2240,15,8790.46
2240,16,8652.2
2240,17,8774.67
2240,18,8916.76
2240,19,8667.39
2240,20,8766.9
2240,21,8946.31
2240,22,8896.71
2240,23,8646.74
2240,24,8603.43
2240,25,8675.97
2240,26,8771.64
2240,27,8698.53
2240,28,8613.81
2240,29,8810.13
2240,30,8874.77
2240,31,8731
2240,32,8871.77
2240,33,8875.86
2240,34,8642.67
2240,35,8841.13
2240,36,8952.66
2240,37,9018.77
2240,38,8753.12
2240,39,8721.18
2240,40,8697.93
2240,41,8848.86
2240,42,8858.37
2240,43,8761.31
2240,44,8752.99
2240,45,8740.55
2240,46,8641.69
2240,47,8783.1
2240,48,8816.36
2240,49,8847.27
2240,50,8947.76
2240,51,8757.34
2240,52,8810.34
2240,53,8635.82
2240,54,8804.61
2240,55,8885.96
2240,56,8820.2
2240,57,8876.24
2240,58,8850.7
2240,59,8740.43
2240,60,8892.06
2240,61,8754.57
2240,62,8716.07
2240,63,8809.13
2240,64,8881.74
2240,65,8596.43
2240,66,8830.42
2240,67,8801
2240,68,8687.04
2240,69,8596.12
2240,70,8780.71
2240,71,8868
2240,72,8900.5
2240,73,8723.87
2240,74,8681.84
2240,75,8776.52
2240,76,8806.8
2240,77,8717.7
2240,78,8666.71
2240,79,8895.21
2240,80,8684.69
2240,81,8840.36
2240,82,8856.98
2240,83,8711.62
2240,84,8721.39
2240,85,8832.7
2240,86,8672.85
2240,87,8628.21
2240,88,8925.15
2240,89,8784.26
2240,90,8890.75
2240,91,8666.75
2240,92,8888.99
2240,93,8678.08
2240,94,8771.87
2240,95,8850.99
2240,96,8702.08
2240,97,8796.22
2240,98,8693.86
2240,99,8690.57
2250,0,8959.3
2250,1,8623.99
2250,2,8658.69
2250,3,8826.14
2250,4,8785.71
2250,5,8764.87
2250,6,8717.84
2250,7,8707.23
2250,8,8787.58
2250,9,8884.18
2250,10,8702.06
2250,11,8792.58
2250,12,8894.87
2250,13,8734.85
2250,14,8831.05
2250,15,8790.16
2250,16,8651.9
2250,17,8774.37
2250,18,8916.46
2250,19,8667.09
2250,20,8766.6
2250,21,8946.01
2250,22,8896.41
2250,23,8646.44
2250,24,8603.13
2250,25,8675.67
2250,26,8771.34
2250,27,8698.23
2250,28,8613.51
2250,29,8809.83
2250,30,8874.47
2250,31,8730.7
2250,32,8871.47
2250,33,8875.56
2250,34,8642.37
2250,35,8840.83
2250,36,8952.36
2250,37,9018.47
2250,38,8752.82
2250,39,8720.88
2250,40,8697.63
2250,41,8848.56
2250,42,8858.07
2250,43,8761.01
2250,44,8752.69
2250,45,8740.25
2250,46,8641.39
2250,47,8782.8
2250,48,8816.06
2250,49,8846.97
2250,50,8947.46
2250,51,8757.04
2250,52,8810.04
2250,53,8635.52
2250,54,8804.31
2250,55,8885.66
2250,56,8819.9
2250,57,8875.94
2250,58,8850.4
2250,59,8740.13
2250,60,8891.76
2250,61,8754.27
2250,62,8715.77
2250,63,8808.83
2250,64,8881.44
2250,65,8596.13
2250,66,8830.12
2250,67,8800.7
2250,68,8686.74
2250,69,8595.82
2250,70,8780.41
2250,71,8867.7
2250,72,8900.2
2250,73,8723.57
2250,74,8681.54
2250,75,8776.22
2250,76,8806.5
2250,77,8717.4
2250,78,8666.41
2250,79,8894.91
2250,80,8684.39
2250,81,8840.06
2250,82,8856.68
2250,83,8711.32
2250,84,8721.09
2250,85,8832.4
2250,86,8672.55
2250,87,8627.91
2250,88,8924.85
2250,89,8783.96
2250,90,8890.45
2250,91,8666.45
2250,92,8888.69
2250,93,8677.78
2250,94,8771.57
2250,95,8850.69
2250,96,8701.78
2250,97,8795.92
2250,98,8693.56
2250,99,8690.27
2260,0,8949.03
2260,1,8611.34
2260,2,8649.32
2260,3,8816.14
2260,4,8775.53
2260,5,8755.57
2260,6,8708.75
2260,7,8697.93
2260,8,8777.94
2260,9,8874.28
2260,10,8690.87
2260,11,8783.19
2260,12,8883.47
2260,13,8723.07
2260,14,8820.39
2260,15,8780.29
2260,16,8642.6
2260,17,8763.35
2260,18,8907.36
2260,19,8658.33
2260,20,8757.74
2260,21,8938.3
2260,22,8886.77
2260,23,8635.43
2260,24,8591.86
2260,25,8666.44
2260,26,8760.22
2260,27,8688.66
2260,28,8602.96
2260,29,8801.17
2260,30,8864.35
2260,31,8721.3
2260,32,8859.73
2260,33,8866.22
2260,34,8631.36
2260,35,8828.64
2260,36,8942.51
2260,37,9009.7
2260,38,8741.86
2260,39,8709.84
2260,40,8688.43
2260,41,8835.5
2260,42,8850.22
2260,43,8750.49
2260,44,8742.29
2260,45,8729.91
2260,46,8631.49
2260,47,8773.99
2260,48,8804.76
2260,49,8834.47
2260,50,8938.83
2260,51,8747.31
2260,52,8799.07
2260,53,8624.88
2260,54,8793.17
2260,55,8873.79
2260,56,8810.65
2260,57,8864.78
2260,58,8838.38
2260,59,8731.07
2260,60,8882.69
2260,61,8744.83
2260,62,8705.93
2260,63,8799.4
2260,64,8868.17
2260,65,8583.66
2260,66,8820.73
2260,67,8788.1
2260,68,8676.07
2260,69,8584.97
2260,70,8771.41
2260,71,8857.58
2260,72,8886.61
2260,73,8713.38
2260,74,8670.38
2260,75,8765.96
2260,76,8796.79
2260,77,8706.24
2260,78,8654.2
2260,79,8886.6
2260,80,8670.6
2260,81,8829.72
2260,82,8845.37
2260,83,8700.41
2260,84,8710.15
2260,85,8818.37
2260,86,8661.84
2260,87,8618.27
2260,88,8912.75
2260,89,8774.45
2260,90,8879.64
2260,91,8657.19
2260,92,8879.27
2260,93,8669.76
2260,94,8762.62
2260,95,8840.42
2260,96,8690.44
2260,97,8786.26
2260,98,8684.11
2260,99,8677.98
2270,0,8946.35
2270,1,8608.45
2270,2,8639.7
2270,3,8811.82
2270,4,8772.27
2270,5,8748.24
2270,6,8704.07
2270,7,8691.5
2270,8,8770.93
2270,9,8870.02
2270,10,8682.01
2270,11,8776.5
2270,12,8879.2
2270,13,8719.34
2270,14,8816.62
2270,15,8777.23
2270,16,8636.61
2270,17,8758.93
2270,18,8904.69
2270,19,8651.82
2270,20,8751.79
2270,21,8932.62
2270,22,8880.49
2270,23,8629.13
2270,24,8584.87
2270,25,8662.54
2270,26,8752.24
2270,27,8684.39
2270,28,8598.42
2270,29,8792.89
2270,30,8861.03
2270,31,8712.74
2270,32,8857.67
2270,33,8861.69
2270,34,8625.09
2270,35,8824.89
2270,36,8937.04
2270,37,9007.65
2270,38,8740.07
2270,39,8706.85
2270,40,8683.07
2270,41,8834.04
2270,42,8845.52
2270,43,8741.29
2270,44,8739.93
2270,45,8725.78
2270,46,8625.31
2270,47,8769.44
2270,48,8803.62
2270,49,8829.14
2270,50,8935.64
2270,51,8742.21
2270,52,8793.94
2270,53,8619.89
2270,54,8791.21
2270,55,8869.69
2270,56,8802.58
2270,57,8859.32
2270,58,8832.45
2270,59,8722.6
2270,60,8877.3
2270,61,8740.29
2270,62,8700.7
2270,63,8795.35
2270,64,8866.28
2270,65,8578.35
2270,66,8818.39
2270,67,8785.06
2270,68,8669.57
2270,69,8579.12
2270,70,8767.28
2270,71,8853.3
2270,72,8883.39
2270,73,8707.02
2270,74,8664.25
2270,75,8756.43
2270,76,8788.24
2270,77,8702.53
2270,78,8650.65
2270,79,8881.58
2270,80,8666.25
2270,81,8826.31
2270,82,8841.86
2270,83,8696.34
2270,84,8705.47
2270,85,8814.66
2270,86,8657.73
2270,87,8610.93
2270,88,8908.65
2270,89,8765.2
2270,90,8873.99
2270,91,8651.04
2270,92,8872.28
2270,93,8660.93
2270,94,8758.48
2270,95,8837.55
2270,96,8686.2
2270,97,8784.05
2270,98,8677.76
2270,99,8674.56
2280,0,8946.05
2280,1,8608.15
2280,2,8639.4
2280,3,8811.52
2280,4,8771.97
2280,5,8747.94
2280,6,8703.77
2280,7,8691.2
2280,8,8770.63
2280,9,8869.72
2280,10,8681.71
2280,11,8776.2
2280,12,8878.9
2280,13,8719.04
2280,14,8816.32
2280,15,8776.93
2280,16,8636.31
2280,17,8758.63
2280,18,8904.39
2280,19,8651.52
2280,20,8751.49
2280,21,8932.32
2280,22,8880.19
2280,23,8628.83
2280,24,8584.57
2280,25,8662.24
2280,26,8751.94
2280,27,8684.09
2280,28,8598.12
2280,29,8792.59
2280,30,8860.73
2280,31,8712.44
2280,32,8857.37
2280,33,8861.39
2280,34,8624.79
2280,35,8824.59
2280,36,8936.74
2280,37,9007.35
2280,38,8739.77
2280,39,8706.55
2280,40,8682.77
2280,41,8833.74
2280,42,8845.22
2280,43,8740.99
2280,44,8739.63
2280,45,8725.48
2280,46,8625.01
2280,47,8769.14
2280,48,8803.32
2280,49,8828.84
2280,50,8935.34
2280,51,8741.91
2280,52,8793.64
2280,53,8619.59
2280,54,8790.91
2280,55,8869.39
2280,56,8802.28
2280,57,8859.02
2280,58,8832.15
2280,59,8722.3
2280,60,8877
2280,61,8739.99
2280,62,8700.4
2280,63,8795.05
2280,64,8865.98
2280,65,8578.05
2280,66,8818.09
2280,67,8784.76
2280,68,8669.27
2280,69,8578.82
2280,70,8766.98
2280,71,8853
2280,72,8883.09
2280,73,8706.72
2280,74,8663.95
2280,75,8756.13
2280,76,8787.94
2280,77,8702.23
2280,78,8650.35
2280,79,8881.28
2280,80,8665.95
2280,81,8826.01
2280,82,8841.56
2280,83,8696.04
2280,84,8705.17
2280,85,8814.36
2280,86,8657.43
2280,87,8610.63
2280,88,8908.35
2280,89,8764.9
2280,90,8873.69
2280,91,8650.74
2280,92,8871.98
2280,93,8660.63
2280,94,8758.18
2280,95,8837.25
2280,96,8685.9
2280,97,8783.75
2280,98,8677.46
2280,99,8674.26
2290,0,8937.71
2290,1,8599.58
2290,2,8630.04
2290,3,8802.41
2290,4,8764.19
2290,5,8739.76
2290,6,8694.53
2290,7,8682.02
2290,8,8762.47
2290,9,8862.08
2290,10,8671.09
2290,11,8768.78
2290,12,8868.04
2290,13,8712.05
2290,14,8810.77
2290,15,8766.89
2290,16,8628.62
2290,17,8749.64
2290,18,8896.05
2290,19,8643.06
2290,20,8742.03
2290,21,8925.08
2290,22,8870.4
2290,23,8620.17
2290,24,8575.64
2290,25,8654.53
2290,26,8742.62
2290,27,8675.47
2290,28,8589.8
2290,29,8783.53
2290,30,8851.38
2290,31,8703.39
2290,32,8848.96
2290,33,8853.21
2290,34,8617.23
2290,35,8818.66
2290,36,8928.34
2290,37,8998.42
2290,38,8730.89
2290,39,8698.32
2290,40,8674.79
2290,41,8824.93
2290,42,8837.64
2290,43,8732.27
2290,44,8731.47
2290,45,8716.99
2290,46,8619.7
2290,47,8760.38
2290,48,8794.34
2290,49,8819.71
2290,50,8926.4
2290,51,8734.08
2290,52,8783.94
2290,53,8610.82
2290,54,8782.8
2290,55,8858.19
2290,56,8792.23
2290,57,8848.73
2290,58,8821.73
2290,59,8713.29
2290,60,8868.44
2290,61,8732.08
2290,62,8691.4
2290,63,8786.16
2290,64,8858.34
2290,65,8570.45
2290,66,8808.9
2290,67,8778.75
2290,68,8659.8
2290,69,8568.63
2290,70,8760.16
2290,71,8843.61
2290,72,8875.04
2290,73,8698.26
2290,74,8655.55
2290,75,8747.44
2290,76,8779.51
2290,77,8691.33
2290,78,8642.23
2290,79,8872.83
2290,80,8657.11
2290,81,8817.71
2290,82,8835.79
2290,83,8685.45
2290,84,8695.33
2290,85,8802.86
2290,86,8648.3
2290,87,8602.95
2290,88,8897.07
2290,89,8755.36
2290,90,8863.9
2290,91,8643.26
2290,92,8862.76
2290,93,8652.58
2290,94,8748.85
2290,95,8828.25
2290,96,8681.13
2290,97,8777.71
2290,98,8668.56
2290,99,8665.57
2300,0,8932.27
2300,1,8588.16
2300,2,8620.06
2300,3,8795.44
2300,4,8754.83
2300,5,8730.64
2300,6,8683.05
2300,7,8672.33
2300,8,8754.72
2300,9,8849.31
2300,10,8661.34
2300,11,8761.1
2300,12,8860.51
2300,13,8700.16
2300,14,8801.25
2300,15,8760.93
2300,16,8617.59
2300,17,8738.69
2300,18,8890.92
2300,19,8632
2300,20,8731.48
2300,21,8919.2
2300,22,8862.98
2300,23,8606.11
2300,24,8561.13
2300,25,8644.47
2300,26,8733.04
2300,27,8667.29
2300,28,8576.61
2300,29,8777.45
2300,30,8843.8
2300,31,8694.53
2300,32,8837.76
2300,33,8844.56
2300,34,8603.15
2300,35,8811.24
2300,36,8919.2
2300,37,8993.32
2300,38,8722.04
2300,39,8688.63
2300,40,8664.96
2300,41,8814.32
2300,42,8830.65
2300,43,8723.19
2300,44,8725.29
2300,45,8705.58
2300,46,8604.07
2300,47,8749.87
2300,48,8781.97
2300,49,8813.47
2300,50,8921.57
2300,51,8723.05
2300,52,8775.43
2300,53,8600.29
2300,54,8772.49
2300,55,8852.16
2300,56,8781.55
2300,57,8841.35
2300,58,8812.45
2300,59,8707.35
2300,60,8861.79
2300,61,8721.78
2300,62,8677.52
2300,63,8778.79
2300,64,8851.07
2300,65,8558.36
2300,66,8803.01
2300,67,8772.09
2300,68,8655.07
2300,69,8554.89
2300,70,8749.51
2300,71,8838.1
2300,72,8866.48
2300,73,8685.61
2300,74,8646
2300,75,8736.96
2300,76,8766.96
2300,77,8682.51
2300,78,8628.8
2300,79,8866.34
2300,80,8645.67
2300,81,8810.75
2300,82,8821.2
2300,83,8678.55
2300,84,8685.7
2300,85,8797.24
2300,86,8638.45
2300,87,8591.83
2300,88,8892.59
2300,89,8748.51
2300,90,8856.07
2300,91,8631.86
2300,92,8855.97
2300,93,8638.51
2300,94,8740.7
2300,95,8818.22
2300,96,8665.87
2300,97,8764.72
2300,98,8658.54
2300,99,8651.84
2310,0,8931.97
2310,1,8587.86
2310,2,8619.76
2310,3,8795.14
2310,4,8754.53
2310,5,8730.34
2310,6,8682.75
2310,7,8672.03
2310,8,8754.42
2310,9,8849.01
2310,10,8661.04
2310,11,8760.8
2310,12,8860.21
2310,13,8699.86
2310,14,8800.95
2310,15,8760.63
2310,16,8617.29
2310,17,8738.39
2310,18,8890.62
2310,19,8631.7
2310,20,8731.18
2310,21,8918.9
2310,22,8862.68
2310,23,8605.81
2310,24,8560.83
2310,25,8644.17
2310,26,8732.74
2310,27,8666.99
2310,28,8576.31
2310,29,8777.15
2310,30,8843.5
2310,31,8694.23
2310,32,8837.46
2310,33,8844.26
2310,34,8602.85
2310,35,8810.94
2310,36,8918.9
2310,37,8993.02
2310,38,8721.74
2310,39,8688.33
2310,40,8664.66
2310,41,8814.02
2310,42,8830.35
2310,43,8722.89
2310,44,8724.99
2310,45,8705.28
2310,46,8603.77
2310,47,8749.57
2310,48,8781.67
2310,49,8813.17
2310,50,8921.27
2310,51,8722.75
2310,52,8775.13
2310,53,8599.99
2310,54,8772.19
2310,55,8851.86
2310,56,8781.25
2310,57,8841.05
2310,58,8812.15
2310,59,8707.05
2310,60,8861.49
2310,61,8721.48
2310,62,8677.22
2310,63,8778.49
2310,64,8850.77
2310,65,8558.06
2310,66,8802.71
2310,67,8771.79
2310,68,8654.77
2310,69,8554.59
2310,70,8749.21
2310,71,8837.8
2310,72,8866.18
2310,73,8685.31
2310,74,8645.7
2310,75,8736.66
2310,76,8766.66
2310,77,8682.21
2310,78,8628.5
2310,79,8866.04
2310,80,8645.37
2310,81,8810.45
2310,82,8820.9
2310,83,8678.25
2310,84,8685.4
2310,85,8796.94
2310,86,8638.15
2310,87,8591.53
2310,88,8892.29
2310,89,8748.21
2310,90,8855.77
2310,91,8631.56
2310,92,8855.67
2310,93,8638.21
2310,94,8740.4
2310,95,8817.92
2310,96,8665.57
2310,97,8764.42
2310,98,8658.24
2310,99,8651.54
2320,0,8924.78
2320,1,8579.52
2320,2,8614.68
2320,3,8789.58
2320,4,8746.85
2320,5,8722.75
2320,6,8677.34
2320,7,8667.01
2320,8,8750.89
2320,9,8843.85
2320,10,8656.38
2320,11,8753.29
2320,12,8854.67
2320,13,8694.42
2320,14,8795.22
2320,15,8753.66
2320,16,8612.71
2320,17,8731.16
2320,18,8884.86
2320,19,8626.52
2320,20,8728.46
2320,21,8914.23
2320,22,8856.11
2320,23,8602.04
2320,24,8558.07
2320,25,8636.47
2320,26,8727.54
2320,27,8661.31
2320,28,8568.64
2320,29,8769.95
2320,30,8837.72
2320,31,8688.58
2320,32,8831.25
2320,33,8838.06
2320,34,8595.24
2320,35,8801.84
2320,36,8911.83
2320,37,8986.95
2320,38,8715.28
2320,39,8682.47
2320,40,8659.75
2320,41,8808.56
2320,42,8824.6
2320,43,8715.73
2320,44,8719.42
2320,45,8697.06
2320,46,8599.55
2320,47,8744.48
2320,48,8774.95
2320,49,8806.87
2320,50,8914.61
2320,51,8719.91
2320,52,8769.73
2320,53,8593.35
2320,54,8765.96
2320,55,8845.13
2320,56,8774.36
2320,57,8835.68
2320,58,8803.6
2320,59,8701.22
2320,60,8859.2
2320,61,8717.82
2320,62,8671.78
2320,63,8771.05
2320,64,8845.46
2320,65,8551.83
2320,66,8796.96
2320,67,8765.3
2320,68,8650.82
2320,69,8550.87
2320,70,8742.69
2320,71,8835.51
2320,72,8862.33
2320,73,8677.5
2320,74,8637.69
2320,75,8732.81
2320,76,8763.85
2320,77,8673.89
2320,78,8625.55
2320,79,8860.55
2320,80,8640.36
2320,81,8803.57
2320,82,8816.16
2320,83,8672.84
2320,84,8677.92
2320,85,8786.18
2320,86,8631.15
2320,87,8585.78
2320,88,8885.09
2320,89,8744.9
2320,90,8848.19
2320,91,8626.87
2320,92,8850.47
2320,93,8630.91
2320,94,8733.89
2320,95,8810.75
2320,96,8659.93
2320,97,8758.81
2320,98,8653.46
2320,99,8648.37
2330,0,8919.57
2330,1,8569.63
2330,2,8600.59
2330,3,8781.55
2330,4,8737.57
2330,5,8712.55
2330,6,8664.92
2330,7,8654.68
2330,8,8740.83
2330,9,8831.34
2330,10,8642.48
2330,11,8747.23
2330,12,8843.61
2330,13,8680.71
2330,14,8786.29
2330,15,8745.05
2330,16,8598.44
2330,17,8720.02
2330,18,8876.31
2330,19,8613.28
2330,20,8712.72
2330,21,8905.71
2330,22,8848.19
2330,23,8584.87
2330,24,8539.26
2330,25,8626.67
2330,26,8712.04
2330,27,8650.52
2330,28,8557.04
2330,29,8760.25
2330,30,8828.75
2330,31,8676.75
2330,32,8819.07
2330,33,8829.47
2330,34,8581.49
2330,35,8791.94
2330,36,8902.34
2330,37,8979.11
2330,38,8706.78
2330,39,8669.48
2330,40,8647.07
2330,41,8795.84
2330,42,8815.79
2330,43,8706.42
2330,44,8708.85
2330,45,8685.94
2330,46,8585.82
2330,47,8732.98
2330,48,8762.29
2330,49,8799.21
2330,50,8909.55
2330,51,8705.36
2330,52,8759.19
2330,53,8579.43
2330,54,8755.08
2330,55,8839.46
2330,56,8764.14
2330,57,8822.29
2330,58,8796
2330,59,8690.47
2330,60,8847.53
2330,61,8705.09
2330,62,8654.36
2330,63,8765.14
2330,64,8833.42
2330,65,8537.74
2330,66,8790.34
2330,67,8758.42
2330,68,8641.98
2330,69,8533.05
2330,70,8730.14
2330,71,8823.5
2330,72,8850.31
2330,73,8668.49
2330,74,8628.31
2330,75,8717.94
2330,76,8749.07
2330,77,8662.63
2330,78,8608.07
2330,79,8851.27
2330,80,8626.9
2330,81,8795.49
2330,82,8804.48
2330,83,8660.2
2330,84,8669.97
2330,85,8777.97
2330,86,8620.58
2330,87,8574.09
2330,88,8877.15
2330,89,8732.12
2330,90,8839.13
2330,91,8610.58
2330,92,8841.69
2330,93,8617.14
2330,94,8725.07
2330,95,8798.81
2330,96,8645.82
2330,97,8747.8
2330,98,8640.83
2330,99,8629.78
2340,0,8919.27
2340,1,8569.33
2340,2,8600.29
2340,3,8781.25
2340,4,8737.27
2340,5,8712.25
2340,6,8664.62
2340,7,8654.38
2340,8,8740.53
2340,9,8831.04
2340,10,8642.18
2340,11,8746.93
2340,12,8843.31
2340,13,8680.41
2340,14,8785.99
2340,15,8744.75
2340,16,8598.14
2340,17,8719.72
2340,18,8876.01
2340,19,8612.98
2340,20,8712.42
2340,21,8905.41
2340,22,8847.89
2340,23,8584.57
2340,24,8538.96
2340,25,8626.37
2340,26,8711.74
2340,27,8650.22
2340,28,8556.74
2340,29,8759.95
2340,30,8828.45
2340,31,8676.45
2340,32,8818.77
2340,33,8829.17
2340,34,8581.19
2340,35,8791.64
2340,36,8902.04
2340,37,8978.81
2340,38,8706.48
2340,39,8669.18
2340,40,8646.77
2340,41,8795.54
2340,42,8815.49
2340,43,8706.12
2340,44,8708.55
2340,45,8685.64
2340,46,8585.52
2340,47,8732.68
2340,48,8761.99
2340,49,8798.91
2340,50,8909.25
2340,51,8705.06
2340,52,8758.89
2340,53,8579.13
2340,54,8754.78
2340,55,8839.16
2340,56,8763.84
2340,57,8821.99
2340,58,8795.7
2340,59,8690.17
2340,60,8847.23
2340,61,8704.79
2340,62,8654.06
2340,63,8764.84
2340,64,8833.12
2340,65,8537.44
2340,66,8790.04
2340,67,8758.12
2340,68,8641.68
2340,69,8532.75
2340,70,8729.84
2340,71,8823.2
2340,72,8850.01
2340,73,8668.19
2340,74,8628.01
2340,75,8717.64
2340,76,8748.77
2340,77,8662.33
2340,78,8607.77
2340,79,8850.97
2340,80,8626.6
2340,81,8795.19
2340,82,8804.18
2340,83,8659.9
2340,84,8669.67
2340,85,8777.67
2340,86,8620.28
2340,87,8573.79
2340,88,8876.85
2340,89,8731.82
2340,90,8838.83
2340,91,8610.28
2340,92,8841.39
2340,93,8616.84
2340,94,8724.77
2340,95,8798.51
2340,96,8645.52
2340,97,8747.5
2340,98,8640.53
2340,99,8629.48
2350,0,8914.37
2350,1,8567.16
2350,2,8597.96
2350,3,8778.83
2350,4,8734.88
2350,5,8707.09
2350,6,8661.49
2350,7,8652.96
2350,8,8738.27
2350,9,8830.12
2350,10,8639.23
2350,11,8743.22
2350,12,8839.72
2350,13,8677.67
2350,14,8781.42
2350,15,8741.16
2350,16,8594.61
2350,17,8717.01
2350,18,8871.69
2350,19,8612.68
2350,20,8709.61
2350,21,8902.34
2350,22,8843.68
2350,23,8580.74
2350,24,8536.18
2350,25,8622.6
2350,26,8709.97
2350,27,8645.43
2350,28,8553.78
2350,29,8757.14
2350,30,8824.42
2350,31,8674.64
2350,32,8813.32
2350,33,8824.65
2350,34,8578.49
2350,35,8786.99
2350,36,8900.25
2350,37,8974.17
2350,38,8703.85
2350,39,8665.4
2350,40,8641.95
2350,41,8790.02
2350,42,8810.11
2350,43,8703.64
2350,44,8703.09
2350,45,8679.99
2350,46,8581.21
2350,47,8731.76
2350,48,8760.77
2350,49,8794.81
2350,50,8906.25
2350,51,8702.31
2350,52,8755.23
2350,53,8575.34
2350,54,8751.93
2350,55,8834.9
2350,56,8761.87
2350,57,8819.89
2350,58,8792.07
2350,59,8686.65
2350,60,8844.9
2350,61,8701.73
2350,62,8648.55
2350,63,8762.56
2350,64,8829.16
2350,65,8536.11
2350,66,8786.93
2350,67,8753.64
2350,68,8640.14
2350,69,8528.97
2350,70,8727.47
2350,71,8820.95
2350,72,8847.66
2350,73,8665.16
2350,74,8625.87
2350,75,8714.48
2350,76,8746.11
2350,77,8657.64
2350,78,8604.85
2350,79,8847.97
2350,80,8621.73
2350,81,8792.19
2350,82,8800.19
2350,83,8657.35
2350,84,8667.28
2350,85,8774
2350,86,8615.58
2350,87,8570.91
2350,88,8874.52
2350,89,8728.1
2350,90,8835.98
2350,91,8606.99
2350,92,8838.13
2350,93,8613.13
2350,94,8722.03
2350,95,8794.67
2350,96,8642.66
2350,97,8744.29
2350,98,8639.09
2350,99,8626.18
2360,0,8908.32
2360,1,8553.82
2360,2,8587.07
2360,3,8769.04
2360,4,8721.01
2360,5,8699.22
2360,6,8651.86
2360,7,8642.2
2360,8,8729.06
2360,9,8816.63
2360,10,8628.23
2360,11,8736.49
2360,12,8829.74
2360,13,8666.11
2360,14,8773.75
2360,15,8730.45
2360,16,8581.86
2360,17,8703.11
2360,18,8862.69
2360,19,8600.75
2360,20,8700
2360,21,8894.53
2360,22,8836.54
2360,23,8570.43
2360,24,8523.83
2360,25,8609.3
2360,26,8698.8
2360,27,8636.91
2360,28,8543.04
2360,29,8745.59
2360,30,8814.52
2360,31,8661.4
2360,32,8803.99
2360,33,8819.21
2360,34,8566.77
2360,35,8777.96
2360,36,8890.75
2360,37,8967.57
2360,38,8693.23
2360,39,8653.71
2360,40,8634.71
2360,41,8780.29
2360,42,8804.99
2360,43,8692.56
2360,44,8696.73
2360,45,8669.78
2360,46,8569.09
2360,47,8719.22
2360,48,8749.85
2360,49,8785.61
2360,50,8899.84
2360,51,8690.43
2360,52,8746.6
2360,53,8563.64
2360,54,8740.23
2360,55,8830.34
2360,56,8751.9
2360,57,8809.29
2360,58,8781.12
2360,59,8676.39
2360,60,8835.07
2360,61,8693.56
2360,62,8636.8
2360,63,8753.41
2360,64,8823.65
2360,65,8522.21
2360,66,8781.13
2360,67,8748.84
2360,68,8631.16
2360,69,8517.61
2360,70,8715.69
2360,71,8813.05
2360,72,8837.4
2360,73,8654.84
2360,74,8613.3
2360,75,8702.12
2360,76,8734.27
2360,77,8648.72
2360,78,8592.37
2360,79,8837.07
2360,80,8611.91
2360,81,8780.71
2360,82,8790.28
2360,83,8645.27
2360,84,8657.33
2360,85,8766.88
2360,86,8605.36
2360,87,8562.36
2360,88,8866.47
2360,89,8717.07
2360,90,8825.31
2360,91,8595.24
2360,92,8829.53
2360,93,8603.34
2360,94,8712.1
2360,95,8784.8
2360,96,8629.24
2360,97,8731.08
2360,98,8628.46
2360,99,8613.68
2370,0,8908.02
2370,1,8553.52
2370,2,8586.77
2370,3,8768.74
2370,4,8720.71
2370,5,8698.92
2370,6,8651.56
2370,7,8641.9
2370,8,8728.76
2370,9,8816.33
2370,10,8627.93
2370,11,8736.19
2370,12,8829.44
2370,13,8665.81
2370,14,8773.45
2370,15,8730.15
2370,16,8581.56
2370,17,8702.81
2370,18,8862.39
2370,19,8600.45
2370,20,8699.7
2370,21,8894.23
2370,22,8836.24
2370,23,8570.13
2370,24,8523.53
2370,25,8609
2370,26,8698.5
2370,27,8636.61
2370,28,8542.74
2370,29,8745.29
2370,30,8814.22
2370,31,8661.1
2370,32,8803.69
2370,33,8818.91
2370,34,8566.47
2370,35,8777.66
2370,36,8890.45
2370,37,8967.27
2370,38,8692.93
2370,39,8653.41
2370,40,8634.41
2370,41,8779.99
2370,42,8804.69
2370,43,8692.26
2370,44,8696.43
2370,45,8669.48
2370,46,8568.79
2370,47,8718.92
2370,48,8749.55
2370,49,8785.31
2370,50,8899.54
2370,51,8690.13
2370,52,8746.3
2370,53,8563.34
2370,54,8739.93
2370,55,8830.04
2370,56,8751.6
2370,57,8808.99
2370,58,8780.82
2370,59,8676.09
2370,60,8834.77
2370,61,8693.26
2370,62,8636.5
2370,63,8753.11
2370,64,8823.35
2370,65,8521.91
2370,66,8780.83
2370,67,8748.54
2370,68,8630.86
2370,69,8517.31
2370,70,8715.39
2370,71,8812.75
2370,72,8837.1
2370,73,8654.54
2370,74,8613
2370,75,8701.82
2370,76,8733.97
2370,77,8648.42
2370,78,8592.07
2370,79,8836.77
2370,80,8611.61
2370,81,8780.41
2370,82,8789.98
2370,83,8644.97
2370,84,8657.03
2370,85,8766.58
2370,86,8605.06
2370,87,8562.06
2370,88,8866.17
2370,89,8716.77
2370,90,8825.01
2370,91,8594.94
2370,92,8829.23
2370,93,8603.04
2370,94,8711.8
2370,95,8784.5
2370,96,8628.94
2370,97,8730.78
2370,98,8628.16
2370,99,8613.38
2380,0,8906.77
2380,1,8551.33
2380,2,8584.42
2380,3,8767.8
2380,4,8720.18
2380,5,8696.79
2380,6,8651.26
2380,7,8640.45
2380,8,8728.41
2380,9,8815.37
2380,10,8626.47
2380,11,8734.82
2380,12,8827.86
2380,13,8665.51
2380,14,8773.15
2380,15,8728.73
2380,16,8581.26
2380,17,8702.51
2380,18,8862.09
2380,19,8600.15
2380,20,8699.4
2380,21,8893.93
2380,22,8835.16
2380,23,8569.83
2380,24,8523.23
2380,25,8607.54
2380,26,8696.75
2380,27,8633.84
2380,28,8542.44
2380,29,8742.49
2380,30,8813.92
2380,31,8659.4
2380,32,8802.03
2380,33,8818.61
2380,34,8566.17
2380,35,8776.54
2380,36,8888.65
2380,37,8966.97
2380,38,8692.63
2380,39,8650.76
2380,40,8634.11
2380,41,8778.24
2380,42,8802.53
2380,43,8689.81
2380,44,8693.69
2380,45,8667.46
2380,46,8568.49
2380,47,8717.98
2380,48,8748.32
2380,49,8785.01
2380,50,8899.24
2380,51,8689.83
2380,52,8744.75
2380,53,8560.6
2380,54,8737.9
2380,55,8829.74
2380,56,8749.72
2380,57,8806.92
2380,58,8779.29
2380,59,8675.79
2380,60,8832.38
2380,61,8692.96
2380,62,8634.32
2380,63,8750.8
2380,64,8823.05
2380,65,8521.61
2380,66,8780.53
2380,67,8748.24
2380,68,8629.32
2380,69,8517.01
2380,70,8712.93
2380,71,8810.51
2380,72,8836.74
2380,73,8654.24
2380,74,8610.91
2380,75,8701.52
2380,76,8731.4
2380,77,8646.83
2380,78,8591.71
2380,79,8836.47
2380,80,8609.68
2380,81,8777.87
2380,82,8789.68
2380,83,8642.54
2380,84,8654.61
2380,85,8766.22
2380,86,8603.15
2380,87,8561.76
2380,88,8863.85
2380,89,8716.47
2380,90,8824.71
2380,91,8594.57
2380,92,8827.68
2380,93,8602.74
2380,94,8708.76
2380,95,8782.25
2380,96,8628.64
2380,97,8730.48
2380,98,8626.67
2380,99,8613.08
2390,0,8898.27
2390,1,8541.11
2390,2,8571.41
2390,3,8758.81
2390,4,8706.43
2390,5,8686.03
2390,6,8636.55
2390,7,8628.34
2390,8,8718.32
2390,9,8802.79
2390,10,8613.56
2390,11,8724.76
2390,12,8815.34
2390,13,8651.39
2390,14,8760.93
2390,15,8715.89
2390,16,8565.56
2390,17,8686.37
2390,18,8849.57
2390,19,8585.47
2390,20,8685.09
2390,21,8884.35
2390,22,8822.78
2390,23,8553.87
2390,24,8506.74
2390,25,8592.08
2390,26,8683.45
2390,27,8625.04
2390,28,8526.67
2390,29,8731.19
2390,30,8801.33
2390,31,8645.75
2390,32,8788.81
2390,33,8807.31
2390,34,8550.21
2390,35,8763.2
2390,36,8877.14
2390,37,8955.03
2390,38,8679.92
2390,39,8637.79
2390,40,8620.68
2390,41,8763.23
2390,42,8794.36
2390,43,8679.03
2390,44,8683.63
2390,45,8652.45
2390,46,8554.97
2390,47,8708.02
2390,48,8735.61
2390,49,8772
2390,50,8887.53
2390,51,8675.82
2390,52,8731.34
2390,53,8549.45
2390,54,8725.36
2390,55,8817.53
2390,56,8737.71
2390,57,8793.91
2390,58,8768.48
2390,59,8662.49
2390,60,8823.88
2390,61,8679.32
2390,62,8621.6
2390,63,8741.03
2390,64,8814.17
2390,65,8506.9
2390,66,8768.74
2390,67,8735.74
2390,68,8620.11
2390,69,8500.44
2390,70,8701.05
2390,71,8801.37
2390,72,8825.44
2390,73,8638.97
2390,74,8598.9
2390,75,8687.59
2390,76,8720.38
2390,77,8634.6
2390,78,8576.25
2390,79,8825
2390,80,8598.12
2390,81,8767.77
2390,82,8776.26
2390,83,8631.37
2390,84,8642.71
2390,85,8755.24
2390,86,8591.93
2390,87,8548.31
2390,88,8851.6
2390,89,8702.33
2390,90,8811.87
2390,91,8581.2
2390,92,8815.44
2390,93,8587.07
2390,94,8697.17
2390,95,8771.06
2390,96,8615.31
2390,97,8716.49
2390,98,8614.51
2390,99,8596.84
2400,0,8897.97
2400,1,8540.81
2400,2,8571.11
2400,3,8758.51
2400,4,8706.13
2400,5,8685.73
2400,6,8636.25
2400,7,8628.04
2400,8,8718.02
2400,9,8802.49
2400,10,8613.26
2400,11,8724.46
2400,12,8815.04
2400,13,8651.09
2400,14,8760.63
2400,15,8715.59
2400,16,8565.26
2400,17,8686.07
2400,18,8849.27
2400,19,8585.17
2400,20,8684.79
2400,21,8884.05
2400,22,8822.48
2400,23,8553.57
2400,24,8506.44
2400,25,8591.78
2400,26,8683.15
2400,27,8624.74
2400,28,8526.37
2400,29,8730.89
2400,30,8801.03
2400,31,8645.45
2400,32,8788.51
2400,33,8807.01
2400,34,8549.91
2400,35,8762.9
2400,36,8876.84
2400,37,8954.73
2400,38,8679.62
2400,39,8637.49
2400,40,8620.38
2400,41,8762.93
2400,42,8794.06
2400,43,8678.73
2400,44,8683.33
2400,45,8652.15
2400,46,8554.67
2400,47,8707.72
2400,48,8735.31
2400,49,8771.7
2400,50,8887.23
2400,51,8675.52
2400,52,8731.04
2400,53,8549.15
2400,54,8725.06
2400,55,8817.23
2400,56,8737.41
2400,57,8793.61
2400,58,8768.18
2400,59,8662.19
2400,60,8823.58
2400,61,8679.02
2400,62,8621.3
2400,63,8740.73
2400,64,8813.87
2400,65,8506.6
2400,66,8768.44
2400,67,8735.44
2400,68,8619.81
2400,69,8500.14
2400,70,8700.75
2400,71,8801.07
2400,72,8825.14
2400,73,8638.67
2400,74,8598.6
2400,75,8687.29
2400,76,8720.08
2400,77,8634.3
2400,78,8575.95
2400,79,8824.7
2400,80,8597.82
2400,81,8767.47
2400,82,8775.96
2400,83,8631.07
2400,84,8642.41
2400,85,8754.94
2400,86,8591.63
2400,87,8548.01
2400,88,8851.3
2400,89,8702.03
2400,90,8811.57
2400,91,8580.9
2400,92,8815.14
2400,93,8586.77
2400,94,8696.87
2400,95,8770.76
2400,96,8615.01
2400,97,8716.19
2400,98,8614.21
2400,99,8596.54
2410,0,8897.67
2410,1,8540.51
2410,2,8570.81
2410,3,8757.51
2410,4,8705.64
2410,5,8685.43
2410,6,8635.95
2410,7,8627.74
2410,8,8717.66
2410,9,8802.13
2410,10,8612.96
2410,11,8724.16
2410,12,8814.74
2410,13,8650.79
2410,14,8760.33
2410,15,8715.29
2410,16,8564.96
2410,17,8685.77
2410,18,8848.97
2410,19,8584.87
2410,20,8684.49
2410,21,8883.75
2410,22,8822.18
2410,23,8553.27
2410,24,8506.14
2410,25,8590.96
2410,26,8682.85
2410,27,8624.44
2410,28,8526.07
2410,29,8730.59
2410,30,8800.73
2410,31,8645.15
2410,32,8788.21
2410,33,8806.71
2410,34,8549.61
2410,35,8762.6
2410,36,8876.54
2410,37,8954.43
2410,38,8679.32
2410,39,8637.19
2410,40,8620.08
2410,41,8762.63
2410,42,8793.76
2410,43,8678.43
2410,44,8683.03
2410,45,8651.85
2410,46,8554.37
2410,47,8707.42
2410,48,8735.01
2410,49,8771.4
2410,50,8886.93
2410,51,8675.22
2410,52,8730.74
2410,53,8548.85
2410,54,8724.76
2410,55,8816.93
2410,56,8737.11
2410,57,8793.24
2410,58,8766.72
2410,59,8661.89
2410,60,8823.28
2410,61,8678.72
2410,62,8621
2410,63,8740.43
2410,64,8813.57
2410,65,8506.3
2410,66,8768.14
2410,67,8735.14
2410,68,8619.51
2410,69,8499.84
2410,70,8700.45
2410,71,8800.77
2410,72,8824.84
2410,73,8638.37
2410,74,8598.1
2410,75,8686.99
2410,76,8719.78
2410,77,8634
2410,78,8575.65
2410,79,8824.4
2410,80,8597.52
2410,81,8767.17
2410,82,8775.66
2410,83,8630.77
2410,84,8642.11
2410,85,8754.64
2410,86,8591.33
2410,87,8547.71
2410,88,8851
2410,89,8701.73
2410,90,8811.27
2410,91,8580.6
2410,92,8814.84
2410,93,8586.47
2410,94,8696.57
2410,95,8770.46
2410,96,8614.71
2410,97,8715.89
2410,98,8613.91
2410,99,8596.24
2420,0,8887.99
2420,1,8528.88
2420,2,8557.23
2420,3,8746.61
2420,4,8692.26
2420,5,8673.17
2420,6,8626.23
2420,7,8617.96
2420,8,8707.63
2420,9,8790.8
2420,10,8601.39
2420,11,8714.53
2420,12,8801.92
2420,13,8637.3
2420,14,8752.51
2420,15,8701.84
2420,16,8553.2
2420,17,8672.57
2420,18,8839.64
2420,19,8573.34
2420,20,8673.45
2420,21,8874.31
2420,22,8810.08
2420,23,8540.01
2420,24,8493.16
2420,25,8578.3
2420,26,8672.59
2420,27,8613.69
2420,28,8515.55
2420,29,8721.04
2420,30,8790.69
2420,31,8631.83
2420,32,8776.47
2420,33,8797.28
2420,34,8535.06
2420,35,8754.1
2420,36,8863.42
2420,37,8946.44
2420,38,8668.65
2420,39,8622.95
2420,40,8609.6
2420,41,8748.78
2420,42,8784.73
2420,43,8666.66
2420,44,8672.45
2420,45,8639.44
2420,46,8541.25
2420,47,8694.53
2420,48,8721.37
2420,49,8760.31
2420,50,8879.45
2420,51,8661.8
2420,52,8721.15
2420,53,8535.94
2420,54,8712.49
2420,55,8806.27
2420,56,8726.34
2420,57,8780.08
2420,58,8755.62
2420,59,8651.85
2420,60,8813.21
2420,61,8668.45
2420,62,8609.1
2420,63,8730.65
2420,64,8803.21
2420,65,8492.15
2420,66,8758.63
2420,67,8726.36
2420,68,8608.93
2420,69,8485.63
2420,70,8689.24
2420,71,8792.05
2420,72,8814.36
2420,73,8628.1
2420,74,8584.91
2420,75,8673.74
2420,76,8706.68
2420,77,8620.67
2420,78,8560.75
2420,79,8815.51
2420,80,8585.17
2420,81,8755.31
2420,82,8763.89
2420,83,8618.42
2420,84,8632.35
2420,85,8744.15
2420,86,8579.55
2420,87,8536.93
2420,88,8842.76
2420,89,8691.37
2420,90,8800.06
2420,91,8568.15
2420,92,8802.41
2420,93,8576.04
2420,94,8683.82
2420,95,8759.62
2420,96,8601.91
2420,97,8706.95
2420,98,8604
2420,99,8581.64
2430,0,8887.69
2430,1,8528.58
2430,2,8556.93
2430,3,8746.31
2430,4,8691.96
2430,5,8672.87
2430,6,8625.93
2430,7,8617.66
2430,8,8707.33
2430,9,8790.5
2430,10,8601.09
2430,11,8714.23
2430,12,8801.62
2430,13,8637
2430,14,8752.21
2430,15,8701.54
2430,16,8552.9
2430,17,8672.27
2430,18,8839.34
2430,19,8573.04
2430,20,8673.15
2430,21,8874.01
2430,22,8809.78
2430,23,8539.71
2430,24,8492.86
2430,25,8578
2430,26,8672.29
2430,27,8613.39
2430,28,8515.25
2430,29,8720.74
2430,30,8790.39
2430,31,8631.53
2430,32,8776.17
2430,33,8796.98
2430,34,8534.76
2430,35,8753.8
2430,36,8863.12
2430,37,8946.14
2430,38,8668.35
2430,39,8622.65
2430,40,8609.3
2430,41,8748.48
2430,42,8784.43
2430,43,8666.36
2430,44,8672.15
2430,45,8639.14
2430,46,8540.95
2430,47,8694.23
2430,48,8721.07
2430,49,8760.01
2430,50,8879.15
2430,51,8661.5
2430,52,8720.85
2430,53,8535.64
2430,54,8712.19
2430,55,8805.97
2430,56,8726.04
2430,57,8779.78
2430,58,8755.32
2430,59,8651.55
2430,60,8812.91
2430,61,8668.15
2430,62,8608.8
2430,63,8730.35
2430,64,8802.91
2430,65,8491.85
2430,66,8758.33
2430,67,8726.06
2430,68,8608.63
2430,69,8485.33
2430,70,8688.94
2430,71,8791.75
2430,72,8814.06
2430,73,8627.8
2430,74,8584.61
2430,75,8673.44
2430,76,8706.38
2430,77,8620.37
2430,78,8560.45
2430,79,8815.21
2430,80,8584.87
2430,81,8755.01
2430,82,8763.59
2430,83,8618.12
2430,84,8632.05
2430,85,8743.85
2430,86,8579.25
2430,87,8536.63
2430,88,8842.46
2430,89,8691.07
2430,90,8799.76
2430,91,8567.85
2430,92,8802.11
2430,93,8575.74
2430,94,8683.52
2430,95,8759.32
2430,96,8601.61
2430,97,8706.65
2430,98,8603.7
2430,99,8581.34
2440,0,8887.39
2440,1,8528.28
2440,2,8556.63
2440,3,8746.01
2440,4,8691.66
2440,5,8672.57
2440,6,8625.63
2440,7,8617.36
2440,8,8707.03
2440,9,8790.2
2440,10,8600.79
2440,11,8713.93
2440,12,8801.32
2440,13,8636.7
2440,14,8751.91
2440,15,8701.24
2440,16,8552.6
2440,17,8671.97
2440,18,8839.04
2440,19,8572.74
2440,20,8672.85
2440,21,8873.71
2440,22,8809.48
2440,23,8539.41
2440,24,8492.56
2440,25,8577.7
2440,26,8671.99
2440,27,8613.09
2440,28,8514.95
2440,29,8720.44
2440,30,8790.09
2440,31,8631.23
2440,32,8775.87
2440,33,8796.68
2440,34,8534.46
2440,35,8753.5
2440,36,8862.82
2440,37,8945.84
2440,38,8668.05
2440,39,8622.35
2440,40,8609
2440,41,8748.18
2440,42,8784.13
2440,43,8666.06
2440,44,8671.85
2440,45,8638.84
2440,46,8540.65
2440,47,8693.93
2440,48,8720.77
2440,49,8759.71
2440,50,8878.85
2440,51,8661.2
2440,52,8720.55
2440,53,8535.34
2440,54,8711.89
2440,55,8805.67
2440,56,8725.74
2440,57,8779.48
2440,58,8755.02
2440,59,8651.25
2440,60,8812.61
2440,61,8667.85
2440,62,8608.5
2440,63,8730.05
2440,64,8802.61
2440,65,8491.55
2440,66,8758.03
2440,67,8725.76
2440,68,8608.33
2440,69,8485.03
2440,70,8688.64
2440,71,8791.45
2440,72,8813.76
2440,73,8627.5
2440,74,8584.31
2440,75,8673.14
2440,76,8706.08
2440,77,8620.07
2440,78,8560.15
2440,79,8814.91
2440,80,8584.57
2440,81,8754.71
2440,82,8763.29
2440,83,8617.82
2440,84,8631.75
2440,85,8743.55
2440,86,8578.95
2440,87,8536.33
2440,88,8842.16
2440,89,8690.77
2440,90,8799.46
2440,91,8567.55
2440,92,8801.81
2440,93,8575.44
2440,94,8683.22
2440,95,8759.02
2440,96,8601.31
2440,97,8706.35
2440,98,8603.4
2440,99,8581.04
2450,0,8873.56
2450,1,8506.11
2450,2,8534.99
2450,3,8726.46
2450,4,8672.38
2450,5,8655.94
2450,6,8603.3
2450,7,8598.74
2450,8,8687.84
2450,9,8770.88
2450,10,8577.77
2450,11,8697.6
2450,12,8779.99
2450,13,8609.32
2450,14,8735.58
2450,15,8682.58
2450,16,8530.51
2450,17,8651.36
2450,18,8820.48
2450,19,8551
2450,20,8650.7
2450,21,8858.99
2450,22,8795.48
2450,23,8514.59
2450,24,8467.98
2450,25,8556.73
2450,26,8652.1
2450,27,8594.28
2450,28,8492.19
2450,29,8702.53
2450,30,8773.56
2450,31,8613.81
2450,32,8755.63
2450,33,8781.12
2450,34,8510.55
2450,35,8736.6
2450,36,8841.61
2450,37,8924.94
2450,38,8648.03
2450,39,8604.45
2450,40,8589.84
2450,41,8728.47
2450,42,8767.06
2450,43,8643.69
2450,44,8655.63
2450,45,8619.33
2450,46,8516.32
2450,47,8675.8
2450,48,8701.49
2450,49,8745.45
2450,50,8861.42
2450,51,8638.71
2450,52,8704.74
2450,53,8514.56
2450,54,8692.94
2450,55,8788.92
2450,56,8704.08
2450,57,8759.88
2450,58,8737.28
2450,59,8631.92
2450,60,8796.88
2450,61,8647.49
2450,62,8584.62
2450,63,8712.78
2450,64,8786.68
2450,65,8466.04
2450,66,8738.59
2450,67,8708.9
2450,68,8592.72
2450,69,8463.12
2450,70,8669.73
2450,71,8775.49
2450,72,8797.74
2450,73,8603.45
2450,74,8565.91
2450,75,8649.72
2450,76,8684.56
2450,77,8600.15
2450,78,8538.39
2450,79,8795.05
2450,80,8559.76
2450,81,8739.52
2450,82,8744.94
2450,83,8595.86
2450,84,8612.3
2450,85,8727.14
2450,86,8558.71
2450,87,8516.99
2450,88,8820.45
2450,89,8672.36
2450,90,8779.99
2450,91,8546.1
2450,92,8785.69
2450,93,8551.45
2450,94,8667.97
2450,95,8736.29
2450,96,8582.12
2450,97,8685.72
2450,98,8584.8
2450,99,8555.31
2460,0,8873.26
2460,1,8505.81
2460,2,8534.7
2460,3,8726.16
2460,4,8672.08
2460,5,8655.64
2460,6,8603.02
2460,7,8598.44
2460,8,8687.54
2460,9,8770.58
2460,10,8577.48
2460,11,8697.3
2460,12,8779.7
2460,13,8609.03
2460,14,8735.28
2460,15,8682.28
2460,16,8530.22
2460,17,8651.07
2460,18,8820.18
2460,19,8550.72
2460,20,8650.4
2460,21,8858.69
2460,22,8795.18
2460,23,8514.31
2460,24,8467.71
2460,25,8556.43
2460,26,8651.8
2460,27,8593.98
2460,28,8491.91
2460,29,8702.23
2460,30,8773.26
2460,31,8613.51
2460,32,8755.33
2460,33,8780.82
2460,34,8510.27
2460,35,8736.3
2460,36,8841.32
2460,37,8924.64
2460,38,8647.73
2460,39,8604.15
2460,40,8589.54
2460,41,8728.17
2460,42,8766.76
2460,43,8643.39
2460,44,8655.33
2460,45,8619.03
2460,46,8516.04
2460,47,8675.5
2460,48,8701.19
2460,49,8745.15
2460,50,8861.13
2460,51,8638.41
2460,52,8704.44
2460,53,8514.26
2460,54,8692.64
2460,55,8788.62
2460,56,8703.78
2460,57,8759.58
2460,58,8736.98
2460,59,8631.62
2460,60,8796.58
2460,61,8647.19
2460,62,8584.32
2460,63,8712.48
2460,64,8786.38
2460,65,8465.76
2460,66,8738.29
2460,67,8708.6
2460,68,8592.42
2460,69,8462.85
2460,70,8669.43
2460,71,8775.19
2460,72,8797.44
2460,73,8603.17
2460,74,8565.61
2460,75,8649.44
2460,76,8684.26
2460,77,8599.85
2460,78,8538.12
2460,79,8794.75
2460,80,8559.47
2460,81,8739.22
2460,82,8744.64
2460,83,8595.56
2460,84,8612
2460,85,8726.84
2460,86,8558.41
2460,87,8516.69
2460,88,8820.15
2460,89,8672.06
2460,90,8779.69
2460,91,8545.81
2460,92,8785.39
2460,93,8551.17
2460,94,8667.67
2460,95,8735.99
2460,96,8581.83
2460,97,8685.43
2460,98,8584.5
2460,99,8555.08
2470,0,8872.96
2470,1,8505.51
2470,2,8534.4
2470,3,8725.86
2470,4,8671.78
2470,5,8655.34
2470,6,8602.72
2470,7,8598.14
2470,8,8687.24
2470,9,8770.28
2470,10,8577.18
2470,11,8697
2470,12,8779.4
2470,13,8608.73
2470,14,8734.98
2470,15,8681.98
2470,16,8529.92
2470,17,8650.77
2470,18,8819.88
2470,19,8550.42
2470,20,8650.1
2470,21,8858.39
2470,22,8794.88
2470,23,8514.01
2470,24,8467.41
2470,25,8556.13
2470,26,8651.5
2470,27,8593.68
2470,28,8491.61
2470,29,8701.93
2470,30,8772.96
2470,31,8613.21
2470,32,8755.03
2470,33,8780.52
2470,34,8509.97
2470,35,8736
2470,36,8841.02
2470,37,8924.34
2470,38,8647.43
2470,39,8603.85
2470,40,8589.24
2470,41,8727.87
2470,42,8766.46
2470,43,8643.09
2470,44,8655.03
2470,45,8618.73
2470,46,8515.74
2470,47,8675.2
2470,48,8700.89
2470,49,8744.85
2470,50,8860.83
2470,51,8638.11
2470,52,8704.14
2470,53,8513.96
2470,54,8692.34
2470,55,8788.32
2470,56,8703.48
2470,57,8759.28
2470,58,8736.68
2470,59,8631.32
2470,60,8796.28
2470,61,8646.89
2470,62,8584.02
2470,63,8712.18
2470,64,8786.08
2470,65,8465.46
2470,66,8737.99
2470,67,8708.3
2470,68,8592.12
2470,69,8462.55
2470,70,8669.13
2470,71,8774.89
2470,72,8797.14
2470,73,8602.87
2470,74,8565.31
2470,75,8649.14
2470,76,8683.96
2470,77,8599.55
2470,78,8537.82
2470,79,8794.45
2470,80,8559.17
2470,81,8738.92
2470,82,8744.34
2470,83,8595.26
2470,84,8611.7
2470,85,8726.54
2470,86,8558.11
2470,87,8516.39
2470,88,8819.85
2470,89,8671.76
2470,90,8779.39
2470,91,8545.51
2470,92,8785.09
2470,93,8550.87
2470,94,8667.37
2470,95,8735.69
2470,96,8581.53
2470,97,8685.13
2470,98,8584.2
2470,99,8554.78
2480,0,8859.63
2480,1,8491.49
2480,2,8520.07
2480,3,8712.07
2480,4,8657.21
2480,5,8642.91
2480,6,8589.5
2480,7,8585.49
2480,8,8672.89
2480,9,8754.62
2480,10,8563.69
2480,11,8686.65
2480,12,8769.07
2480,13,8593.27
2480,14,8724.8
2480,15,8669.79
2480,16,8515.48
2480,17,8637.16
2480,18,8808.61
2480,19,8538.18
2480,20,8637.47
2480,21,8847.14
2480,22,8781.02
2480,23,8499.51
2480,24,8452.24
2480,25,8540.07
2480,26,8636.18
2480,27,8580.7
2480,28,8477.96
2480,29,8689.14
2480,30,8758.28
2480,31,8599.34
2480,32,8740.08
2480,33,8765.48
2480,34,8495.8
2480,35,8722.99
2480,36,8825.88
2480,37,8910.19
2480,38,8635.21
2480,39,8591.76
2480,40,8577.99
2480,41,8711.72
2480,42,8756.54
2480,43,8629.44
2480,44,8643.03
2480,45,8603.67
2480,46,8502.19
2480,47,8660.16
2480,48,8685.22
2480,49,8731.08
2480,50,8848.66
2480,51,8625.41
2480,52,8690.44
2480,53,8500.06
2480,54,8678.14
2480,55,8777.66
2480,56,8686.89
2480,57,8744.27
2480,58,8721.64
2480,59,8618.18
2480,60,8787.46
2480,61,8633.02
2480,62,8567.54
2480,63,8700.87
2480,64,8773.9
2480,65,8452.57
2480,66,8726.87
2480,67,8697.92
2480,68,8580.93
2480,69,8450.01
2480,70,8656.02
2480,71,8764.67
2480,72,8787.4
2480,73,8589.41
2480,74,8550.78
2480,75,8633.54
2480,76,8671.93
2480,77,8583.74
2480,78,8523.21
2480,79,8782.78
2480,80,8546.33
2480,81,8724.04
2480,82,8730.48
2480,83,8583.48
2480,84,8598.86
2480,85,8712.76
2480,86,8545.2
2480,87,8504.28
2480,88,8808.77
2480,89,8658.42
2480,90,8765.43
2480,91,8532.25
2480,92,8771.95
2480,93,8536.76
2480,94,8653.95
2480,95,8721.52
2480,96,8567.45
2480,97,8673.38
2480,98,8573.42
2480,99,8541.29
2490,0,8859.33
2490,1,8491.19
2490,2,8519.77
2490,3,8711.77
2490,4,8656.91
2490,5,8642.61
2490,6,8589.2
2490,7,8585.19
2490,8,8672.59
2490,9,8754.32
2490,10,8563.39
2490,11,8686.35
2490,12,8768.77
2490,13,8592.97
2490,14,8724.5
2490,15,8669.49
2490,16,8515.18
2490,17,8636.86
2490,18,8808.31
2490,19,8537.88
2490,20,8637.17
2490,21,8846.84
2490,22,8780.72
2490,23,8499.21
2490,24,8451.94
2490,25,8539.77
2490,26,8635.88
2490,27,8580.4
2490,28,8477.66
2490,29,8688.84
2490,30,8757.98
2490,31,8599.04
2490,32,8739.78
2490,33,8765.18
2490,34,8495.5
2490,35,8722.69
2490,36,8825.58
2490,37,8909.89
2490,38,8634.91
2490,39,8591.46
2490,40,8577.69
2490,41,8711.42
2490,42,8756.24
2490,43,8629.14
2490,44,8642.73
2490,45,8603.37
2490,46,8501.89
2490,47,8659.86
2490,48,8684.92
2490,49,8730.78
2490,50,8848.36
2490,51,8625.11
2490,52,8690.14
2490,53,8499.76
2490,54,8677.84
2490,55,8777.36
2490,56,8686.59
2490,57,8743.97
2490,58,8721.34
2490,59,8617.88
2490,60,8787.16
2490,61,8632.72
2490,62,8567.24
2490,63,8700.57
2490,64,8773.6
2490,65,8452.27
2490,66,8726.57
2490,67,8697.62
2490,68,8580.63
2490,69,8449.71
2490,70,8655.72
2490,71,8764.37
2490,72,8787.1
2490,73,8589.11
2490,74,8550.48
2490,75,8633.24
2490,76,8671.63
2490,77,8583.44
2490,78,8522.91
2490,79,8782.48
2490,80,8546.03
2490,81,8723.74
2490,82,8730.18
2490,83,8583.18
2490,84,8598.56
2490,85,8712.46
2490,86,8544.9
2490,87,8503.98
2490,88,8808.47
2490,89,8658.12
2490,90,8765.13
2490,91,8531.95
2490,92,8771.65
2490,93,8536.46
2490,94,8653.65
2490,95,8721.22
2490,96,8567.15
2490,97,8673.08
2490,98,8573.12
2490,99,8540.99
2500,0,8859.03
2500,1,8490.89
2500,2,8519.47
2500,3,8711.47
2500,4,8656.61
2500,5,8642.31
2500,6,8588.9
2500,7,8584.89
2500,8,8672.29
2500,9,8754.02
2500,10,8563.09
2500,11,8686.05
2500,12,8768.47
2500,13,8592.67
2500,14,8724.2
2500,15,8669.19
2500,16,8514.88
2500,17,8636.56
2500,18,8808.01
2500,19,8537.58
2500,20,8636.87
2500,21,8846.54
2500,22,8780.42
2500,23,8498.91
2500,24,8451.64
2500,25,8539.47
2500,26,8635.58
2500,27,8580.1
2500,28,8477.36
2500,29,8688.54
2500,30,8757.68
2500,31,8598.74
2500,32,8739.48
2500,33,8764.88
2500,34,8495.2
2500,35,8722.39
2500,36,8825.28
2500,37,8909.59
2500,38,8634.61
2500,39,8591.16
2500,40,8577.39
2500,41,8711.12
2500,42,8755.94
2500,43,8628.84
2500,44,8642.43
2500,45,8603.07
2500,46,8501.59
2500,47,8659.56
2500,48,8684.62
2500,49,8730.48
2500,50,8848.06
2500,51,8624.81
2500,52,8689.84
2500,53,8499.46
2500,54,8677.54
2500,55,8777.06
2500,56,8686.29
2500,57,8743.67
2500,58,8721.04
2500,59,8617.58
2500,60,8786.86
2500,61,8632.42
2500,62,8566.94
2500,63,8700.27
2500,64,8773.3
2500,65,8451.97
2500,66,8726.27
2500,67,8697.32
2500,68,8580.33
2500,69,8449.41
2500,70,8655.42
2500,71,8764.07
2500,72,8786.8
2500,73,8588.81
2500,74,8550.18
2500,75,8632.94
2500,76,8671.33
2500,77,8583.14
2500,78,8522.61
2500,79,8782.18
2500,80,8545.73
2500,81,8723.44
2500,82,8729.88
2500,83,8582.88
2500,84,8598.26
2500,85,8712.16
2500,86,8544.6
2500,87,8503.68
2500,88,8808.17
2500,89,8657.82
2500,90,8764.83
2500,91,8531.65
2500,92,8771.35
2500,93,8536.16
2500,94,8653.35
2500,95,8720.92
2500,96,8566.85
2500,97,8672.78
2500,98,8572.82
2500,99,8540.69
2510,0,8846.39
2510,1,8475.02
2510,2,8505.44
2510,3,8699.88
2510,4,8643.51
2510,5,8629.88
2510,6,8575.46
2510,7,8572.29
2510,8,8659.3
2510,9,8738.36
2510,10,8546.19
2510,11,8674.17
2510,12,8754.93
2510,13,8573.92
2510,14,8713.18
2510,15,8652.64
2510,16,8498.7
2510,17,8620.28
2510,18,8795.47
2510,19,8524.51
2510,20,8623.32
2510,21,8833.55
2510,22,8766.37
2510,23,8484.08
2510,24,8434.23
2510,25,8525.04
2510,26,8619.12
2510,27,8564.31
2510,28,8464.23
2510,29,8676.35
2510,30,8741.92
2510,31,8584.7
2510,32,8723.39
2510,33,8748.53
2510,34,8480.39
2510,35,8708.16
2510,36,8810.13
2510,37,8896.84
2510,38,8622.14
2510,39,8577.76
2510,40,8565.48
2510,41,8693.88
2510,42,8744.34
2510,43,8613.9
2510,44,8628.62
2510,45,8587.13
2510,46,8486.81
2510,47,8644.45
2510,48,8669.59
2510,49,8717.65
2510,50,8835.84
2510,51,8608.73
2510,52,8675.27
2510,53,8484.41
2510,54,8663.78
2510,55,8762.16
2510,56,8673.08
2510,57,8727.23
2510,58,8707.05
2510,59,8602.71
2510,60,8776.3
2510,61,8618.93
2510,62,8549.88
2510,63,8688.77
2510,64,8760.94
2510,65,8435.24
2510,66,8713.8
2510,67,8681.67
2510,68,8567.08
2510,69,8434.6
2510,70,8642.44
2510,71,8751.22
2510,72,8773.43
2510,73,8575.28
2510,74,8536
2510,75,8616.57
2510,76,8650.78
2510,77,8567.2
2510,78,8505.49
2510,79,8766.19
2510,80,8530.86
2510,81,8709.07
2510,82,8717.28
2510,83,8567.22
2510,84,8585.81
2510,85,8699.23
2510,86,8531.19
2510,87,8488.69
2510,88,8792.9
2510,89,8643.21
2510,90,8753.11
2510,91,8517.54
2510,92,8758.64
2510,93,8519.95
2510,94,8639.49
2510,95,8707.59
2510,96,8551.46
2510,97,8661.64
2510,98,8559.81
2510,99,8524.9
2520,0,8846.09
2520,1,8474.72
2520,2,8505.14
2520,3,8699.58
2520,4,8643.21
2520,5,8629.58
2520,6,8575.16
2520,7,8571.99
2520,8,8659
2520,9,8738.06
2520,10,8545.89
2520,11,8673.87
2520,12,8754.63
2520,13,8573.62
2520,14,8712.88
2520,15,8652.34
2520,16,8498.4
2520,17,8619.98
2520,18,8795.17
2520,19,8524.21
2520,20,8623.02
2520,21,8833.25
2520,22,8766.07
2520,23,8483.78
2520,24,8433.93
2520,25,8524.74
2520,26,8618.82
2520,27,8564.01
2520,28,8463.93
2520,29,8676.05
2520,30,8741.62
2520,31,8584.4
2520,32,8723.09
2520,33,8748.23
2520,34,8480.09
2520,35,8707.86
2520,36,8809.83
2520,37,8896.54
2520,38,8621.84
2520,39,8577.46
2520,40,8565.18
2520,41,8693.58
2520,42,8744.04
2520,43,8613.6
2520,44,8628.32
2520,45,8586.83
2520,46,8486.51
2520,47,8644.15
2520,48,8669.29
2520,49,8717.35
2520,50,8835.54
2520,51,8608.43
2520,52,8674.97
2520,53,8484.11
2520,54,8663.48
2520,55,8761.86
2520,56,8672.78
2520,57,8726.93
2520,58,8706.75
2520,59,8602.41
2520,60,8776
2520,61,8618.63
2520,62,8549.58
2520,63,8688.47
2520,64,8760.64
2520,65,8434.94
2520,66,8713.5
2520,67,8681.37
2520,68,8566.78
2520,69,8434.3
2520,70,8642.14
2520,71,8750.92
2520,72,8773.13
2520,73,8574.98
2520,74,8535.7
2520,75,8616.27
2520,76,8650.48
2520,77,8566.9
2520,78,8505.19
2520,79,8765.89
2520,80,8530.56
2520,81,8708.77
2520,82,8716.98
2520,83,8566.92
2520,84,8585.51
2520,85,8698.93
2520,86,8530.89
2520,87,8488.39
2520,88,8792.6
2520,89,8642.91
2520,90,8752.81
2520,91,8517.24
2520,92,8758.34
2520,93,8519.65
2520,94,8639.19
2520,95,8707.29
2520,96,8551.16
2520,97,8661.34
2520,98,8559.51
2520,99,8524.6
2530,0,8845.79
2530,1,8474.42
2530,2,8504.84
2530,3,8699.28
2530,4,8642.91
2530,5,8629.28
2530,6,8574.86
2530,7,8571.69
2530,8,8658.7
2530,9,8737.76
2530,10,8545.59
2530,11,8673.57
2530,12,8754.33
2530,13,8573.32
2530,14,8712.58
2530,15,8652.04
2530,16,8498.1
2530,17,8619.68
2530,18,8794.87
2530,19,8523.91
2530,20,8622.72
2530,21,8832.95
2530,22,8765.77
2530,23,8483.48
2530,24,8433.63
2530,25,8524.44
2530,26,8618.52
2530,27,8563.71
2530,28,8463.63
2530,29,8675.75
2530,30,8741.32
2530,31,8584.1
2530,32,8722.79
2530,33,8747.93
2530,34,8479.79
2530,35,8707.56
2530,36,8809.53
2530,37,8896.24
2530,38,8621.54
2530,39,8577.16
2530,40,8564.88
2530,41,8693.28
2530,42,8743.74
2530,43,8613.3
2530,44,8628.02
2530,45,8586.53
2530,46,8486.21
2530,47,8643.85
2530,48,8668.99
2530,49,8717.05
2530,50,8835.24
2530,51,8608.13
2530,52,8674.67
2530,53,8483.81
2530,54,8663.18
2530,55,8761.56
2530,56,8672.48
2530,57,8726.63
2530,58,8706.45
2530,59,8602.11
2530,60,8775.7
2530,61,8618.33
2530,62,8549.28
2530,63,8688.17
2530,64,8760.34
2530,65,8434.64
2530,66,8713.2
2530,67,8681.07
2530,68,8566.48
2530,69,8434
2530,70,8641.84
2530,71,8750.62
2530,72,8772.83
2530,73,8574.68
2530,74,8535.4
2530,75,8615.97
2530,76,8650.18
2530,77,8566.6
2530,78,8504.89
2530,79,8765.59
2530,80,8530.26
2530,81,8708.47
2530,82,8716.68
2530,83,8566.62
2530,84,8585.21
2530,85,8698.63
2530,86,8530.59
2530,87,8488.09
2530,88,8792.3
2530,89,8642.61
2530,90,8752.51
2530,91,8516.94
2530,92,8758.04
2530,93,8519.35
2530,94,8638.89
2530,95,8706.99
2530,96,8550.86
2530,97,8661.04
2530,98,8559.21
2530,99,8524.3
2540,0,8832.27
2540,1,8454.35
2540,2,8484.41
2540,3,8681.41
2540,4,8625.09
2540,5,8613.49
2540,6,8555.71
2540,7,8553.27
2540,8,8638.68
2540,9,8722.25
2540,10,8526.43
2540,11,8658.28
2540,12,8736.14
2540,13,8552.04
2540,14,8698.55
2540,15,8633.71
2540,16,8481.35
2540,17,8597.73
2540,18,8782.09
2540,19,8505
2540,20,8604.24
2540,21,8819.67
2540,22,8749.59
2540,23,8465.27
2540,24,8412.22
2540,25,8505.61
2540,26,8598.35
2540,27,8547.49
2540,28,8445.69
2540,29,8658.76
2540,30,8726.67
2540,31,8566.88
2540,32,8703.26
2540,33,8727.56
2540,34,8458.75
2540,35,8694.32
2540,36,8794.79
2540,37,8881.44
2540,38,8606.16
2540,39,8558.95
2540,40,8547.13
2540,41,8676.14
2540,42,8730.3
2540,43,8594.65
2540,44,8615.21
2540,45,8570.87
2540,46,8465.85
2540,47,8628.88
2540,48,8652.86
2540,49,8704.51
2540,50,8821.64
2540,51,8588.5
2540,52,8658.51
2540,53,8465.45
2540,54,8644.89
2540,55,8748.05
2540,56,8656.89
2540,57,8708.84
2540,58,8689.36
2540,59,8584.26
2540,60,8762.38
2540,61,8600.32
2540,62,8527.8
2540,63,8673.58
2540,64,8745.17
2540,65,8416.91
2540,66,8700.2
2540,67,8664.11
2540,68,8553.31
2540,69,8413.43
2540,70,8625.38
2540,71,8736.06
2540,72,8758.21
2540,73,8555.09
2540,74,8518.07
2540,75,8598.59
2540,76,8627.52
2540,77,8548.27
2540,78,8484.02
2540,79,8751.26
2540,80,8507.05
2540,81,8691.42
2540,82,8699.41
2540,83,8550.3
2540,84,8570.53
2540,85,8684.14
2540,86,8510.66
2540,87,8469.42
2540,88,8775.41
2540,89,8627.28
2540,90,8735.08
2540,91,8499.37
2540,92,8741.11
2540,93,8502.4
2540,94,8622.59
2540,95,8692
2540,96,8530.57
2540,97,8640.33
2540,98,8541.49
2540,99,8502.55
2550,0,8831.97
2550,1,8454.06
2550,2,8484.12
2550,3,8681.11
2550,4,8624.79
2550,5,8613.19
2550,6,8555.42
2550,7,8552.97
2550,8,8638.38
2550,9,8721.95
2550,10,8526.13
2550,11,8657.98
2550,12,8735.84
2550,13,8551.74
2550,14,8698.25
2550,15,8633.41
2550,16,8481.05
2550,17,8597.46
2550,18,8781.79
2550,19,8504.72
2550,20,8603.94
2550,21,8819.37
2550,22,8749.29
2550,23,8464.99
2550,24,8411.93
2550,25,8505.31
2550,26,8598.05
2550,27,8547.19
2550,28,8445.41
2550,29,8658.46
2550,30,8726.37
2550,31,8566.58
2550,32,8702.96
2550,33,8727.26
2550,34,8458.47
2550,35,8694.02
2550,36,8794.49
2550,37,8881.14
2550,38,8605.86
2550,39,8558.65
2550,40,8546.83
2550,41,8675.84
2550,42,8730
2550,43,8594.35
2550,44,8614.91
2550,45,8570.57
2550,46,8465.57
2550,47,8628.58
2550,48,8652.56
2550,49,8704.21
2550,50,8821.34
2550,51,8588.2
2550,52,8658.21
2550,53,8465.15
2550,54,8644.59
2550,55,8747.75
2550,56,8656.59
2550,57,8708.54
2550,58,8689.06
2550,59,8583.96
2550,60,8762.08
2550,61,8600.02
2550,62,8527.52
2550,63,8673.28
2550,64,8744.87
2550,65,8416.61
2550,66,8699.9
2550,67,8663.81
2550,68,8553.01
2550,69,8413.16
2550,70,8625.08
2550,71,8735.76
2550,72,8757.91
2550,73,8554.79
2550,74,8517.77
2550,75,8598.29
2550,76,8627.22
2550,77,8547.97
2550,78,8483.74
2550,79,8750.96
2550,80,8506.75
2550,81,8691.12
2550,82,8699.11
2550,83,8550
2550,84,8570.23
2550,85,8683.84
2550,86,8510.36
2550,87,8469.12
2550,88,8775.11
2550,89,8626.98
2550,90,8734.78
2550,91,8499.07
2550,92,8740.81
2550,93,8502.1
2550,94,8622.29
2550,95,8691.7
2550,96,8530.28
2550,97,8640.03
2550,98,8541.19
2550,99,8502.29
2560,0,8831.67
2560,1,8453.76
2560,2,8483.82
2560,3,8680.81
2560,4,8624.49
2560,5,8612.89
2560,6,8555.12
2560,7,8552.67
2560,8,8638.08
2560,9,8721.65
2560,10,8525.83
2560,11,8657.68
2560,12,8735.54
2560,13,8551.44
2560,14,8697.95
2560,15,8633.11
2560,16,8480.75
2560,17,8597.16
2560,18,8781.49
2560,19,8504.42
2560,20,8603.64
2560,21,8819.07
2560,22,8748.99
2560,23,8464.69
2560,24,8411.63
2560,25,8505.01
2560,26,8597.75
2560,27,8546.89
2560,28,8445.11
2560,29,8658.16
2560,30,8726.07
2560,31,8566.28
2560,32,8702.66
2560,33,8726.96
2560,34,8458.17
2560,35,8693.72
2560,36,8794.19
2560,37,8880.84
2560,38,8605.56
2560,39,8558.35
2560,40,8546.53
2560,41,8675.54
2560,42,8729.7
2560,43,8594.05
2560,44,8614.61
2560,45,8570.27
2560,46,8465.27
2560,47,8628.28
2560,48,8652.26
2560,49,8703.91
2560,50,8821.04
2560,51,8587.9
2560,52,8657.91
2560,53,8464.85
2560,54,8644.29
2560,55,8747.45
2560,56,8656.29
2560,57,8708.24
2560,58,8688.76
2560,59,8583.66
2560,60,8761.78
2560,61,8599.72
2560,62,8527.22
2560,63,8672.98
2560,64,8744.57
2560,65,8416.31
2560,66,8699.6
2560,67,8663.51
2560,68,8552.71
2560,69,8412.86
2560,70,8624.78
2560,71,8735.46
2560,72,8757.61
2560,73,8554.49
2560,74,8517.47
2560,75,8597.99
2560,76,8626.92
2560,77,8547.67
2560,78,8483.44
2560,79,8750.66
2560,80,8506.45
2560,81,8690.82
2560,82,8698.81
2560,83,8549.7
2560,84,8569.93
2560,85,8683.54
2560,86,8510.06
2560,87,8468.82
2560,88,8774.81
2560,89,8626.68
2560,90,8734.48
2560,91,8498.77
2560,92,8740.51
2560,93,8501.8
2560,94,8621.99
2560,95,8691.4
2560,96,8529.98
2560,97,8639.73
2560,98,8540.89
2560,99,8501.99
2570,0,8816.75
2570,1,8434.29
2570,2,8466.06
2570,3,8663.73
2570,4,8607.36
2570,5,8596.33
2570,6,8535.53
2570,7,8533.88
2570,8,8622.39
2570,9,8701.46
2570,10,8507.15
2570,11,8641.16
2570,12,8719.75
2570,13,8532.63
2570,14,8684.43
2570,15,8615.23
2570,16,8463.91
2570,17,8579.36
2570,18,8765.25
2570,19,8483.77
2570,20,8586.33
2570,21,8804.82
2570,22,8733.37
2570,23,8444.33
2570,24,8392.59
2570,25,8486.16
2570,26,8574.64
2570,27,8527.18
2570,28,8424.89
2570,29,8639.96
2570,30,8708.77
2570,31,8546.14
2570,32,8681.08
2570,33,8709.63
2570,34,8439.85
2570,35,8676.92
2570,36,8776.29
2570,37,8866.29
2570,38,8588.95
2570,39,8540.18
2570,40,8529.11
2570,41,8654.68
2570,42,8711.36
2570,43,8577.81
2570,44,8598.58
2570,45,8551.57
2570,46,8443.22
2570,47,8609.43
2570,48,8633.55
2570,49,8684.04
2570,50,8807.35
2570,51,8568.56
2570,52,8641.49
2570,53,8446.44
2570,54,8626.08
2570,55,8733.75
2570,56,8640.1
2570,57,8688.67
2570,58,8668.51
2570,59,8567.29
2570,60,8750.51
2570,61,8580.53
2570,62,8505.56
2570,63,8658.47
2570,64,8730.23
2570,65,8398.08
2570,66,8685.16
2570,67,8641.2
2570,68,8539.79
2570,69,8391.86
2570,70,8605.63
2570,71,8722.38
2570,72,8742.23
2570,73,8535.41
2570,74,8497.19
2570,75,8581.47
2570,76,8610.08
2570,77,8528.67
2570,78,8464.55
2570,79,8734.85
2570,80,8482.46
2570,81,8673.08
2570,82,8683.23
2570,83,8531.72
2570,84,8553.21
2570,85,8669.38
2570,86,8489.32
2570,87,8453.04
2570,88,8762.03
2570,89,8610.23
2570,90,8719.83
2570,91,8480.71
2570,92,8723.47
2570,93,8481.7
2570,94,8605.08
2570,95,8677.27
2570,96,8508.89
2570,97,8619.4
2570,98,8521.62
2570,99,8480.81
2580,0,8816.45
2580,1,8434
2580,2,8465.77
2580,3,8663.43
2580,4,8607.06
2580,5,8596.03
2580,6,8535.25
2580,7,8533.59
2580,8,8622.09
2580,9,8701.19
2580,10,8506.86
2580,11,8640.86
2580,12,8719.45
2580,13,8532.34
2580,14,8684.13
2580,15,8614.93
2580,16,8463.61
2580,17,8579.06
2580,18,8764.95
2580,19,8483.51
2580,20,8586.04
2580,21,8804.52
2580,22,8733.07
2580,23,8444.07
2580,24,8392.32
2580,25,8485.86
2580,26,8574.38
2580,27,8526.9
2580,28,8424.63
2580,29,8639.67
2580,30,8708.47
2580,31,8545.85
2580,32,8680.81
2580,33,8709.33
2580,34,8439.55
2580,35,8676.62
2580,36,8776
2580,37,8865.99
2580,38,8588.65
2580,39,8539.9
2580,40,8528.82
2580,41,8654.41
2580,42,8711.06
2580,43,8577.51
2580,44,8598.28
2580,45,8551.27
2580,46,8442.98
2580,47,8609.15
2580,48,8633.27
2580,49,8683.74
2580,50,8807.05
2580,51,8568.27
2580,52,8641.19
2580,53,8446.14
2580,54,8625.79
2580,55,8733.45
2580,56,8639.8
2580,57,8688.39
2580,58,8668.22
2580,59,8566.99
2580,60,8750.21
2580,61,8580.25
2580,62,8505.3
2580,63,8658.17
2580,64,8729.93
2580,65,8397.8
2580,66,8684.86
2580,67,8640.9
2580,68,8539.49
2580,69,8391.61
2580,70,8605.34
2580,71,8722.08
2580,72,8741.93
2580,73,8535.13
2580,74,8496.91
2580,75,8581.17
2580,76,8609.78
2580,77,8528.38
2580,78,8464.26
2580,79,8734.55
2580,80,8482.18
2580,81,8672.78
2580,82,8682.93
2580,83,8531.42
2580,84,8552.91
2580,85,8669.08
2580,86,8489.04
2580,87,8452.74
2580,88,8761.73
2580,89,8609.93
2580,90,8719.53
2580,91,8480.41
2580,92,8723.17
2580,93,8481.44
2580,94,8604.78
2580,95,8676.97
2580,96,8508.63
2580,97,8619.1
2580,98,8521.34
2580,99,8480.56
2590,0,8816.15
2590,1,8433.7
2590,2,8465.47
2590,3,8663.13
2590,4,8606.76
2590,5,8595.73
2590,6,8534.95
2590,7,8533.29
2590,8,8621.79
2590,9,8700.89
2590,10,8506.56
2590,11,8640.56
2590,12,8719.15
2590,13,8532.04
2590,14,8683.83
2590,15,8614.63
2590,16,8463.31
2590,17,8578.76
2590,18,8764.65
2590,19,8483.21
2590,20,8585.74
2590,21,8804.22
2590,22,8732.77
2590,23,8443.77
2590,24,8392.02
2590,25,8485.56
2590,26,8574.08
2590,27,8526.6
2590,28,8424.33
2590,29,8639.37
2590,30,8708.17
2590,31,8545.55
2590,32,8680.51
2590,33,8709.03
2590,34,8439.25
2590,35,8676.32
2590,36,8775.7
2590,37,8865.69
2590,38,8588.35
2590,39,8539.6
2590,40,8528.52
2590,41,8654.11
2590,42,8710.76
2590,43,8577.21
2590,44,8597.98
2590,45,8550.97
2590,46,8442.68
2590,47,8608.85
2590,48,8632.97
2590,49,8683.44
2590,50,8806.75
2590,51,8567.97
2590,52,8640.89
2590,53,8445.84
2590,54,8625.49
2590,55,8733.15
2590,56,8639.5
2590,57,8688.09
2590,58,8667.92
2590,59,8566.69
2590,60,8749.91
2590,61,8579.95
2590,62,8505
2590,63,8657.87
2590,64,8729.63
2590,65,8397.5
2590,66,8684.56
2590,67,8640.6
2590,68,8539.19
2590,69,8391.31
2590,70,8605.04
2590,71,8721.78
2590,72,8741.63
2590,73,8534.83
2590,74,8496.61
2590,75,8580.87
2590,76,8609.48
2590,77,8528.08
2590,78,8463.96
2590,79,8734.25
2590,80,8481.88
2590,81,8672.48
2590,82,8682.63
2590,83,8531.12
2590,84,8552.61
2590,85,8668.78
2590,86,8488.74
2590,87,8452.44
2590,88,8761.43
2590,89,8609.63
2590,90,8719.23
2590,91,8480.11
2590,92,8722.87
2590,93,8481.14
2590,94,8604.48
2590,95,8676.67
2590,96,8508.33
2590,97,8618.8
2590,98,8521.04
2590,99,8480.26
2600,0,8803.96
2600,1,8416.25
2600,2,8450.25
2600,3,8650.87
2600,4,8590.97
2600,5,8580.61
2600,6,8520.43
2600,7,8522.25
2600,8,8606.26
2600,9,8685.59
2600,10,8492.24
2600,11,8628.86
2600,12,8708.05
2600,13,8516.65
2600,14,8673.39
2600,15,8598.71
2600,16,8446.43
2600,17,8563.86
2600,18,8752.59
2600,19,8471.33
2600,20,8574.48
2600,21,8793.5
2600,22,8719.03
2600,23,8430.38
2600,24,8376.41
2600,25,8468.74
2600,26,8554.7
2600,27,8512.36
2600,28,8409.4
2600,29,8625.82
2600,30,8693.74
2600,31,8530.05
2600,32,8665.99
2600,33,8690.93
2600,34,8422.58
2600,35,8657.74
2600,36,8761.17
2600,37,8852.81
2600,38,8576.57
2600,39,8524.69
2600,40,8515.14
2600,41,8637.96
2600,42,8696.85
2600,43,8562.94
2600,44,8586.68
2600,45,8536.85
2600,46,8426.44
2600,47,8594.01
2600,48,8618.14
2600,49,8667.5
2600,50,8795.7
2600,51,8552.18
2600,52,8627.02
2600,53,8429.7
2600,54,8611.01
2600,55,8722.72
2600,56,8626.28
2600,57,8672.2
2600,58,8652.41
2600,59,8552.28
2600,60,8740.91
2600,61,8568.1
2600,62,8488.52
2600,63,8648.15
2600,64,8716.27
2600,65,8380.1
2600,66,8674.52
2600,67,8625.39
2600,68,8527.97
2600,69,8377.77
2600,70,8591.24
2600,71,8712.74
2600,72,8727.57
2600,73,8520.45
2600,74,8481.05
2600,75,8566.01
2600,76,8594.65
2600,77,8513.7
2600,78,8447.43
2600,79,8722.68
2600,80,8463.34
2600,81,8658.08
2600,82,8670.98
2600,83,8515.61
2600,84,8539.78
2600,85,8656.59
2600,86,8474.16
2600,87,8438.36
2600,88,8752.18
2600,89,8595.31
2600,90,8708.46
2600,91,8463.98
2600,92,8707.2
2600,93,8466.36
2600,94,8592.15
2600,95,8665.29
2600,96,8494.71
2600,97,8601.75
2600,98,8507.25
2600,99,8467.05
2610,0,8803.66
2610,1,8415.95
2610,2,8449.95
2610,3,8650.57
2610,4,8590.67
2610,5,8580.31
2610,6,8520.13
2610,7,8521.95
2610,8,8605.96
2610,9,8685.29
2610,10,8491.94
2610,11,8628.56
2610,12,8707.75
2610,13,8516.35
2610,14,8673.09
2610,15,8598.41
2610,16,8446.13
2610,17,8563.56
2610,18,8752.29
2610,19,8471.03
2610,20,8574.18
2610,21,8793.2
2610,22,8718.73
2610,23,8430.08
2610,24,8376.11
2610,25,8468.44
2610,26,8554.42
2610,27,8512.06
2610,28,8409.1
2610,29,8625.52
2610,30,8693.44
2610,31,8529.75
2610,32,8665.69
2610,33,8690.63
2610,34,8422.28
2610,35,8657.44
2610,36,8760.87
2610,37,8852.51
2610,38,8576.27
2610,39,8524.39
2610,40,8514.84
2610,41,8637.66
2610,42,8696.55
2610,43,8562.64
2610,44,8586.38
2610,45,8536.55
2610,46,8426.14
2610,47,8593.71
2610,48,8617.84
2610,49,8667.2
2610,50,8795.4
2610,51,8551.88
2610,52,8626.72
2610,53,8429.4
2610,54,8610.71
2610,55,8722.42
2610,56,8625.98
2610,57,8671.9
2610,58,8652.11
2610,59,8551.98
2610,60,8740.61
2610,61,8567.8
2610,62,8488.22
2610,63,8647.85
2610,64,8715.97
2610,65,8379.8
2610,66,8674.22
2610,67,8625.09
2610,68,8527.67
2610,69,8377.47
2610,70,8590.94
2610,71,8712.44
2610,72,8727.27
2610,73,8520.15
2610,74,8480.75
2610,75,8565.71
2610,76,8594.35
2610,77,8513.4
2610,78,8447.13
2610,79,8722.38
2610,80,8463.04
2610,81,8657.78
2610,82,8670.68
2610,83,8515.31
2610,84,8539.48
2610,85,8656.29
2610,86,8473.86
2610,87,8438.06
2610,88,8751.88
2610,89,8595.01
2610,90,8708.16
2610,91,8463.68
2610,92,8706.9
2610,93,8466.06
2610,94,8591.85
2610,95,8664.99
2610,96,8494.41
2610,97,8601.45
2610,98,8506.95
2610,99,8466.75
2620,0,8803.36
2620,1,8415.65
2620,2,8449.65
2620,3,8650.27
2620,4,8590.37
2620,5,8580.01
2620,6,8519.83
2620,7,8521.65
2620,8,8605.66
2620,9,8684.99
2620,10,8491.64
2620,11,8628.26
2620,12,8707.45
2620,13,8516.05
2620,14,8672.79
2620,15,8598.11
2620,16,8445.83
2620,17,8563.26
2620,18,8751.99
2620,19,8470.73
2620,20,8573.88
2620,21,8792.9
2620,22,8718.43
2620,23,8429.78
2620,24,8375.81
2620,25,8468.14
2620,26,8554.12
2620,27,8511.76
2620,28,8408.8
2620,29,8625.22
2620,30,8693.14
2620,31,8529.45
2620,32,8665.39
2620,33,8690.33
2620,34,8421.98
2620,35,8657.14
2620,36,8760.57
2620,37,8852.21
2620,38,8575.97
2620,39,8524.09
2620,40,8514.54
2620,41,8637.36
2620,42,8696.25
2620,43,8562.34
2620,44,8586.08
2620,45,8536.25
2620,46,8425.84
2620,47,8593.41
2620,48,8617.54
2620,49,8666.9
2620,50,8795.1
2620,51,8551.58
2620,52,8626.42
2620,53,8429.1
2620,54,8610.41
2620,55,8722.12
2620,56,8625.68
2620,57,8671.6
2620,58,8651.81
2620,59,8551.68
2620,60,8740.31
2620,61,8567.5
2620,62,8487.92
2620,63,8647.55
2620,64,8715.67
2620,65,8379.5
2620,66,8673.92
2620,67,8624.79
2620,68,8527.37
2620,69,8377.17
2620,70,8590.64
2620,71,8712.14
2620,72,8726.97
2620,73,8519.85
2620,74,8480.45
2620,75,8565.41
2620,76,8594.05
2620,77,8513.1
2620,78,8446.83
2620,79,8722.08
2620,80,8462.74
2620,81,8657.48
2620,82,8670.38
2620,83,8515.01
2620,84,8539.18
2620,85,8655.99
2620,86,8473.56
2620,87,8437.76
2620,88,8751.58
2620,89,8594.71
2620,90,8707.86
2620,91,8463.38
2620,92,8706.6
2620,93,8465.76
2620,94,8591.55
2620,95,8664.69
2620,96,8494.11
2620,97,8601.15
2620,98,8506.65
2620,99,8466.45
2630,0,8791.46
2630,1,8398.88
2630,2,8429.43
2630,3,8633.35
2630,4,8573.91
2630,5,8562.82
2630,6,8500.17
2630,7,8503.79
2630,8,8590.2
2630,9,8669.3
2630,10,8472.69
2630,11,8613.71
2630,12,8689.29
2630,13,8496.04
2630,14,8661.26
2630,15,8579.64
2630,16,8429.15
2630,17,8546.81
2630,18,8734.9
2630,19,8450.32
2630,20,8558.03
2630,21,8778.76
2630,22,8704.12
2630,23,8410.02
2630,24,8354.55
2630,25,8451.57
2630,26,8534.23
2630,27,8494.22
2630,28,8388.61
2630,29,8608.06
2630,30,8678.75
2630,31,8510.72
2630,32,8648.99
2630,33,8672.72
2630,34,8399.54
2630,35,8643.11
2630,36,8745.69
2630,37,8834.91
2630,38,8561.92
2630,39,8504.91
2630,40,8496.89
2630,41,8618.27
2630,42,8680.41
2630,43,8544.24
2630,44,8570.41
2630,45,8518.25
2630,46,8409.6
2630,47,8578.2
2630,48,8603.41
2630,49,8650.23
2630,50,8780.62
2630,51,8533.45
2630,52,8611.5
2630,53,8408.57
2630,54,8592.15
2630,55,8709.65
2630,56,8611.14
2630,57,8654.89
2630,58,8633.5
2630,59,8533.16
2630,60,8726.93
2630,61,8548.65
2630,62,8466.89
2630,63,8633.06
2630,64,8702.61
2630,65,8357.28
2630,66,8661.64
2630,67,8600.93
2630,68,8513.17
2630,69,8356.37
2630,70,8573.89
2630,71,8696.26
2630,72,8713.04
2630,73,8500.73
2630,74,8464.46
2630,75,8545.76
2630,76,8573.7
2630,77,8497.07
2630,78,8423.5
2630,79,8707.17
2630,80,8443.24
2630,81,8641.24
2630,82,8654.1
2630,83,8495.5
2630,84,8522.48
2630,85,8643.65
2630,86,8454.41
2630,87,8419.88
2630,88,8736.15
2630,89,8577.66
2630,90,8692.2
2630,91,8442.58
2630,92,8690
2630,93,8446.03
2630,94,8576.78
2630,95,8650.68
2630,96,8474.83
2630,97,8583.45
2630,98,8489.21
2630,99,8445.31
2640,0,8791.16
2640,1,8398.58
2640,2,8429.19
2640,3,8633.09
2640,4,8573.62
2640,5,8562.53
2640,6,8499.93
2640,7,8503.53
2640,8,8589.92
2640,9,8669.01
2640,10,8472.43
2640,11,8613.42
2640,12,8689.04
2640,13,8495.8
2640,14,8660.96
2640,15,8579.36
2640,16,8428.86
2640,17,8546.52
2640,18,8734.6
2640,19,8450.09
2640,20,8557.77
2640,21,8778.46
2640,22,8703.82
2640,23,8409.78
2640,24,8354.32
2640,25,8451.28
2640,26,8533.96
2640,27,8493.94
2640,28,8388.37
2640,29,8607.78
2640,30,8678.45
2640,31,8510.45
2640,32,8648.69
2640,33,8672.42
2640,34,8399.31
2640,35,8642.81
2640,36,8745.39
2640,37,8834.62
2640,38,8561.63
2640,39,8504.65
2640,40,8496.63
2640,41,8618.01
2640,42,8680.11
2640,43,8543.96
2640,44,8570.11
2640,45,8517.97
2640,46,8409.32
2640,47,8577.9
2640,48,8603.11
2640,49,8649.93
2640,50,8780.34
2640,51,8533.19
2640,52,8611.2
2640,53,8408.33
2640,54,8591.88
2640,55,8709.35
2640,56,8610.86
2640,57,8654.59
2640,58,8633.22
2640,59,8532.89
2640,60,8726.64
2640,61,8548.39
2640,62,8466.64
2640,63,8632.77
2640,64,8702.31
2640,65,8357.05
2640,66,8661.34
2640,67,8600.63
2640,68,8512.88
2640,69,8356.14
2640,70,8573.61
2640,71,8695.98
2640,72,8712.74
2640,73,8500.48
2640,74,8464.16
2640,75,8545.51
2640,76,8573.43
2640,77,8496.78
2640,78,8423.28
2640,79,8706.87
2640,80,8442.98
2640,81,8640.94
2640,82,8653.84
2640,83,8495.24
2640,84,8522.21
2640,85,8643.35
2640,86,8454.14
2640,87,8419.62
2640,88,8735.86
2640,89,8577.39
2640,90,8691.95
2640,91,8442.34
2640,92,8689.71
2640,93,8445.79
2640,94,8576.48
2640,95,8650.39
2640,96,8474.58
2640,97,8583.15
2640,98,8488.95
2640,99,8445.08
2650,0,8790.86
2650,1,8398.28
2650,2,8428.89
2650,3,8632.79
2650,4,8573.32
2650,5,8562.23
2650,6,8499.63
2650,7,8503.23
2650,8,8589.62
2650,9,8668.71
2650,10,8472.13
2650,11,8613.12
2650,12,8688.74
2650,13,8495.5
2650,14,8660.66
2650,15,8579.06
2650,16,8428.56
2650,17,8546.22
2650,18,8734.3
2650,19,8449.79
2650,20,8557.47
2650,21,8778.16
2650,22,8703.52
2650,23,8409.48
2650,24,8354.02
2650,25,8450.98
2650,26,8533.66
2650,27,8493.64
2650,28,8388.07
2650,29,8607.48
2650,30,8678.15
2650,31,8510.15
2650,32,8648.39
2650,33,8672.12
2650,34,8399.01
2650,35,8642.51
2650,36,8745.09
2650,37,8834.32
2650,38,8561.33
2650,39,8504.35
2650,40,8496.33
2650,41,8617.71
2650,42,8679.81
2650,43,8543.66
2650,44,8569.81
2650,45,8517.67
2650,46,8409.02
2650,47,8577.6
2650,48,8602.81
2650,49,8649.63
2650,50,8780.04
2650,51,8532.89
2650,52,8610.9
2650,53,8408.03
2650,54,8591.58
2650,55,8709.05
2650,56,8610.56
2650,57,8654.29
2650,58,8632.92
2650,59,8532.59
2650,60,8726.34
2650,61,8548.09
2650,62,8466.34
2650,63,8632.47
2650,64,8702.01
2650,65,8356.75
2650,66,8661.04
2650,67,8600.33
2650,68,8512.58
2650,69,8355.84
2650,70,8573.31
2650,71,8695.68
2650,72,8712.44
2650,73,8500.18
2650,74,8463.86
2650,75,8545.21
2650,76,8573.13
2650,77,8496.48
2650,78,8422.98
2650,79,8706.57
2650,80,8442.68
2650,81,8640.64
2650,82,8653.54
2650,83,8494.94
2650,84,8521.91
2650,85,8643.05
2650,86,8453.84
2650,87,8419.32
2650,88,8735.56
2650,89,8577.09
2650,90,8691.65
2650,91,8442.04
2650,92,8689.41
2650,93,8445.49
2650,94,8576.18
2650,95,8650.09
2650,96,8474.28
2650,97,8582.85
2650,98,8488.65
2650,99,8444.78
2660,0,8778.68
2660,1,8384.09
2660,2,8413.22
2660,3,8620.69
2660,4,8560.44
2660,5,8548.82
2660,6,8486.41
2660,7,8491.01
2660,8,8575.42
2660,9,8652.68
2660,10,8454.63
2660,11,8601.55
2660,12,8676.45
2660,13,8480.78
2660,14,8650.72
2660,15,8564.65
2660,16,8415.14
2660,17,8530.84
2660,18,8722.15
2660,19,8436.92
2660,20,8544.83
2660,21,8767.8
2660,22,8690.15
2660,23,8396.65
2660,24,8341.86
2660,25,8436.99
2660,26,8518.87
2660,27,8481.56
2660,28,8375.74
2660,29,8595.09
2660,30,8664.44
2660,31,8497.21
2660,32,8631.66
2660,33,8654.3
2660,34,8383.64
2660,35,8627.38
2660,36,8729.82
2660,37,8822.78
2660,38,8550.77
2660,39,8490.32
2660,40,8483.94
2660,41,8602.38
2660,42,8670.49
2660,43,8531.04
2660,44,8557.49
2660,45,8504.01
2660,46,8394.66
2660,47,8563.11
2660,48,8586.8
2660,49,8634.61
2660,50,8768.96
2660,51,8518.8
2660,52,8599.53
2660,53,8394.54
2660,54,8576.44
2660,55,8698.06
2660,56,8594.31
2660,57,8640.35
2660,58,8618.5
2660,59,8520.7
2660,60,8713.76
2660,61,8535.87
2660,62,8449.73
2660,63,8620.74
2660,64,8686.69
2660,65,8343.47
2660,66,8651.05
2660,67,8583.91
2660,68,8500.23
2660,69,8342.51
2660,70,8561.01
2660,71,8684.96
2660,72,8700.3
2660,73,8487.33
2660,74,8449.8
2660,75,8531.29
2660,76,8555.92
2660,77,8481.59
2660,78,8406.59
2660,79,8689.43
2660,80,8424.84
2660,81,8625.67
2660,82,8642.15
2660,83,8481.1
2660,84,8508.5
2660,85,8631.34
2660,86,8438.5
2660,87,8404.75
2660,88,8726.19
2660,89,8564.97
2660,90,8680.45
2660,91,8428.43
2660,92,8676.69
2660,93,8433.29
2660,94,8565.05
2660,95,8638.16
2660,96,8459.96
2660,97,8571.05
2660,98,8474.68
2660,99,8430.58
2670,0,8778.38
2670,1,8383.79
2670,2,8412.93
2670,3,8620.39
2670,4,8560.14
2670,5,8548.52
2670,6,8486.11
2670,7,8490.71
2670,8,8575.12
2670,9,8652.41
2670,10,8454.33
2670,11,8601.25
2670,12,8676.15
2670,13,8480.48
2670,14,8650.42
2670,15,8564.35
2670,16,8414.84
2670,17,8530.55
2670,18,8721.85
2670,19,8436.63
2670,20,8544.53
2670,21,8767.5
2670,22,8689.85
2670,23,8396.35
2670,24,8341.56
2670,25,8436.69
2670,26,8518.57
2670,27,8481.26
2670,28,8375.44
2670,29,8594.79
2670,30,8664.14
2670,31,8496.91
2670,32,8631.38
2670,33,8654
2670,34,8383.35
2670,35,8627.08
2670,36,8729.54
2670,37,8822.48
2670,38,8550.47
2670,39,8490.02
2670,40,8483.64
2670,41,8602.09
2670,42,8670.19
2670,43,8530.74
2670,44,8557.19
2670,45,8503.71
2670,46,8394.37
2670,47,8562.82
2670,48,8586.51
2670,49,8634.31
2670,50,8768.66
2670,51,8518.5
2670,52,8599.23
2670,53,8394.24
2670,54,8576.15
2670,55,8697.76
2670,56,8594.01
2670,57,8640.05
2670,58,8618.2
2670,59,8520.4
2670,60,8713.46
2670,61,8535.57
2670,62,8449.45
2670,63,8620.44
2670,64,8686.39
2670,65,8343.17
2670,66,8650.75
2670,67,8583.61
2670,68,8499.93
2670,69,8342.22
2670,70,8560.71
2670,71,8684.66
2670,72,8700
2670,73,8487.03
2670,74,8449.5
2670,75,8530.99
2670,76,8555.62
2670,77,8481.29
2670,78,8406.31
2670,79,8689.13
2670,80,8424.54
2670,81,8625.38
2670,82,8641.85
2670,83,8480.8
2670,84,8508.2
2670,85,8631.04
2670,86,8438.21
2670,87,8404.46
2670,88,8725.89
2670,89,8564.67
2670,90,8680.15
2670,91,8428.13
2670,92,8676.39
2670,93,8432.99
2670,94,8564.75
2670,95,8637.86
2670,96,8459.67
2670,97,8570.75
2670,98,8474.38
2670,99,8430.29
2680,0,8778.08
2680,1,8383.49
2680,2,8412.63
2680,3,8620.09
2680,4,8559.84
2680,5,8548.22
2680,6,8485.81
2680,7,8490.41
2680,8,8574.82
2680,9,8652.11
2680,10,8454.03
2680,11,8600.95
2680,12,8675.85
2680,13,8480.18
2680,14,8650.12
2680,15,8564.05
2680,16,8414.54
2680,17,8530.25
2680,18,8721.55
2680,19,8436.33
2680,20,8544.23
2680,21,8767.2
2680,22,8689.55
2680,23,8396.05
2680,24,8341.26
2680,25,8436.39
2680,26,8518.27
2680,27,8480.96
2680,28,8375.14
2680,29,8594.49
2680,30,8663.84
2680,31,8496.61
2680,32,8631.08
2680,33,8653.7
2680,34,8383.05
2680,35,8626.78
2680,36,8729.24
2680,37,8822.18
2680,38,8550.17
2680,39,8489.72
2680,40,8483.34
2680,41,8601.79
2680,42,8669.89
2680,43,8530.44
2680,44,8556.89
2680,45,8503.41
2680,46,8394.07
2680,47,8562.52
2680,48,8586.21
2680,49,8634.01
2680,50,8768.36
2680,51,8518.2
2680,52,8598.93
2680,53,8393.94
2680,54,8575.85
2680,55,8697.46
2680,56,8593.71
2680,57,8639.75
2680,58,8617.9
2680,59,8520.1
2680,60,8713.16
2680,61,8535.27
2680,62,8449.15
2680,63,8620.14
2680,64,8686.09
2680,65,8342.87
2680,66,8650.45
2680,67,8583.31
2680,68,8499.63
2680,69,8341.92
2680,70,8560.41
2680,71,8684.36
2680,72,8699.7
2680,73,8486.73
2680,74,8449.2
2680,75,8530.69
2680,76,8555.32
2680,77,8480.99
2680,78,8406.01
2680,79,8688.83
2680,80,8424.24
2680,81,8625.08
2680,82,8641.55
2680,83,8480.5
2680,84,8507.9
2680,85,8630.74
2680,86,8437.91
2680,87,8404.16
2680,88,8725.59
2680,89,8564.37
2680,90,8679.85
2680,91,8427.83
2680,92,8676.09
2680,93,8432.69
2680,94,8564.45
2680,95,8637.56
2680,96,8459.37
2680,97,8570.45
2680,98,8474.08
2680,99,8429.99
2690,0,8765.47
2690,1,8365.38
2690,2,8397.65
2690,3,8600.76
2690,4,8543.73
2690,5,8535.64
2690,6,8471.64
2690,7,8473.05
2690,8,8557.14
2690,9,8636.41
2690,10,8433
2690,11,8588.46
2690,12,8658.94
2690,13,8462.23
2690,14,8637.73
2690,15,8548.02
2690,16,8399.39
2690,17,8513.93
2690,18,8705.95
2690,19,8419.52
2690,20,8528.96
2690,21,8753.15
2690,22,8674.91
2690,23,8378.14
2690,24,8325.27
2690,25,8418.37
2690,26,8499.31
2690,27,8466.3
2690,28,8360.57
2690,29,8579.48
2690,30,8650.11
2690,31,8480.66
2690,32,8614.37
2690,33,8641.5
2690,34,8366.21
2690,35,8610.34
2690,36,8714.51
2690,37,8809.48
2690,38,8537.1
2690,39,8475.41
2690,40,8467.6
2690,41,8585.21
2690,42,8656.31
2690,43,8515.54
2690,44,8544
2690,45,8489.27
2690,46,8374.75
2690,47,8546.67
2690,48,8569.24
2690,49,8616.53
2690,50,8755.54
2690,51,8498.73
2690,52,8585.68
2690,53,8376.11
2690,54,8560.47
2690,55,8685.16
2690,56,8578.62
2690,57,8623.38
2690,58,8603.77
2690,59,8504.31
2690,60,8697.13
2690,61,8517.74
2690,62,8433.56
2690,63,8604.64
2690,64,8674.11
2690,65,8325.96
2690,66,8637.9
2690,67,8568.73
2690,68,8484.1
2690,69,8327.9
2690,70,8545.46
2690,71,8671.3
2690,72,8685.67
2690,73,8468.83
2690,74,8432.09
2690,75,8514.05
2690,76,8533.06
2690,77,8466.23
2690,78,8386.23
2690,79,8670.91
2690,80,8407.23
2690,81,8609.46
2690,82,8625.53
2690,83,8464.74
2690,84,8492.7
2690,85,8616.12
2690,86,8423.57
2690,87,8388.52
2690,88,8711.58
2690,89,8550.62
2690,90,8665.35
2690,91,8410.28
2690,92,8660.44
2690,93,8418.21
2690,94,8550.69
2690,95,8625.61
2690,96,8441.86
2690,97,8557.41
2690,98,8456.56
2690,99,8410.75
2700,0,8765.17
2700,1,8365.13
2700,2,8397.39
2700,3,8600.52
2700,4,8543.47
2700,5,8535.35
2700,6,8471.37
2700,7,8472.81
2700,8,8556.88
2700,9,8636.15
2700,10,8432.75
2700,11,8588.17
2700,12,8658.7
2700,13,8461.99
2700,14,8637.44
2700,15,8547.75
2700,16,8399.12
2700,17,8513.67
2700,18,8705.65
2700,19,8419.29
2700,20,8528.7
2700,21,8752.86
2700,22,8674.62
2700,23,8377.91
2700,24,8325.01
2700,25,8418.12
2700,26,8499.06
2700,27,8466.02
2700,28,8360.3
2700,29,8579.2
2700,30,8649.83
2700,31,8480.39
2700,32,8614.11
2700,33,8641.2
2700,34,8365.96
2700,35,8610.04
2700,36,8714.23
2700,37,8809.18
2700,38,8536.8
2700,39,8475.12
2700,40,8467.33
2700,41,8584.95
2700,42,8656.03
2700,43,8515.26
2700,44,8543.7
2700,45,8488.98
2700,46,8374.53
2700,47,8546.41
2700,48,8568.98
2700,49,8616.23
2700,50,8755.26
2700,51,8498.49
2700,52,8585.39
2700,53,8375.86
2700,54,8560.19
2700,55,8684.87
2700,56,8578.35
2700,57,8623.11
2700,58,8603.48
2700,59,8504.05
2700,60,8696.88
2700,61,8517.51
2700,62,8433.29
2700,63,8604.38
2700,64,8673.81
2700,65,8325.7
2700,66,8637.62
2700,67,8568.44
2700,68,8483.83
2700,69,8322.23
2700,70,8545.18
2700,71,8671.03
2700,72,8685.38
2700,73,8468.59
2700,74,8431.82
2700,75,8513.79
2700,76,8532.82
2700,77,8465.95
2700,78,8386.01
2700,79,8670.63
2700,80,8406.98
2700,81,8609.19
2700,82,8625.28
2700,83,8464.47
2700,84,8492.44
2700,85,8615.82
2700,86,8423.3
2700,87,8388.26
2700,88,8711.3
2700,89,8550.34
2700,90,8665.09
2700,91,8410.04
2700,92,8660.16
2700,93,8417.94
2700,94,8550.39
2700,95,8625.31
2700,96,8441.62
2700,97,8557.12
2700,98,8456.32
2700,99,8410.53
2710,0,8764.87
2710,1,8364.83
2710,2,8397.09
2710,3,8600.22
2710,4,8543.17
2710,5,8535.05
2710,6,8471.07
2710,7,8472.51
2710,8,8556.58
2710,9,8635.85
2710,10,8432.45
2710,11,8587.87
2710,12,8658.4
2710,13,8461.69
2710,14,8637.14
2710,15,8547.45
2710,16,8398.82
2710,17,8513.37
2710,18,8705.35
2710,19,8418.99
2710,20,8528.4
2710,21,8752.56
2710,22,8674.32
2710,23,8377.61
2710,24,8324.71
2710,25,8417.82
2710,26,8498.76
2710,27,8465.72
2710,28,8360
2710,29,8578.9
2710,30,8649.53
2710,31,8480.09
2710,32,8613.81
2710,33,8640.9
2710,34,8365.66
2710,35,8609.74
2710,36,8713.93
2710,37,8808.88
2710,38,8536.5
2710,39,8474.82
2710,40,8467.03
2710,41,8584.65
2710,42,8655.73
2710,43,8514.96
2710,44,8543.4
2710,45,8488.68
2710,46,8374.23
2710,47,8546.11
2710,48,8568.68
2710,49,8615.93
2710,50,8754.96
2710,51,8498.19
2710,52,8585.09
2710,53,8375.56
2710,54,8559.89
2710,55,8684.57
2710,56,8578.05
2710,57,8622.81
2710,58,8603.18
2710,59,8503.75
2710,60,8696.58
2710,61,8517.21
2710,62,8432.99
2710,63,8604.08
2710,64,8673.51
2710,65,8325.4
2710,66,8637.32
2710,67,8568.14
2710,68,8483.53
2710,69,8321.93
2710,70,8544.88
2710,71,8670.73
2710,72,8685.08
2710,73,8468.29
2710,74,8431.52
2710,75,8513.49
2710,76,8532.52
2710,77,8465.65
2710,78,8385.71
2710,79,8670.33
2710,80,8406.68
2710,81,8608.89
2710,82,8624.98
2710,83,8464.17
2710,84,8492.14
2710,85,8615.52
2710,86,8423
2710,87,8387.96
2710,88,8711
2710,89,8550.04
2710,90,8664.79
2710,91,8409.74
2710,92,8659.86
2710,93,8417.64
2710,94,8550.09
2710,95,8625.01
2710,96,8441.32
2710,97,8556.82
2710,98,8456.02
2710,99,8410.23
2720,0,8753.5
2720,1,8350.72
2720,2,8381.94
2720,3,8587.53
2720,4,8531.12
2720,5,8522.62
2720,6,8456.97
2720,7,8458.26
2720,8,8541.56
2720,9,8619.62
2720,10,8416.87
2720,11,8576.35
2720,12,8643.57
2720,13,8446.21
2720,14,8626.67
2720,15,8533.98
2720,16,8384.22
2720,17,8496.96
2720,18,8689.96
2720,19,8404.75
2720,20,8515.89
2720,21,8740.46
2720,22,8662.24
2720,23,8362.68
2720,24,8309.04
2720,25,8403.44
2720,26,8482.1
2720,27,8452.5
2720,28,8345.6
2720,29,8564.56
2720,30,8636.15
2720,31,8466.96
2720,32,8597.18
2720,33,8628.03
2720,34,8349.45
2720,35,8598.26
2720,36,8698.28
2720,37,8796.04
2720,38,8524.96
2720,39,8459.36
2720,40,8453.73
2720,41,8568.1
2720,42,8645.03
2720,43,8501.73
2720,44,8531.86
2720,45,8473.38
2720,46,8358.4
2720,47,8529.99
2720,48,8552.87
2720,49,8597.63
2720,50,8742.48
2720,51,8479.99
2720,52,8573.78
2720,53,8360.42
2720,54,8544.34
2720,55,8669.88
2720,56,8566.71
2720,57,8609.51
2720,58,8589.81
2720,59,8489.9
2720,60,8683.98
2720,61,8503.35
2720,62,8416.5
2720,63,8593.14
2720,64,8659.86
2720,65,8309.37
2720,66,8626.65
2720,67,8541.05
2720,68,8470.79
2720,69,8306.61
2720,70,8531.21
2720,71,8660.31
2720,72,8672.7
2720,73,8454.06
2720,74,8418.53
2720,75,8499.58
2720,76,8517.1
2720,77,8450.55
2720,78,8370.89
2720,79,8653.89
2720,80,8393.66
2720,81,8594.17
2720,82,8612.94
2720,83,8447.18
2720,84,8478.75
2720,85,8603.57
2720,86,8409
2720,87,8374.44
2720,88,8699.38
2720,89,8536.88
2720,90,8651.94
2720,91,8394.47
2720,92,8646.23
2720,93,8403.36
2720,94,8538.29
2720,95,8613.09
2720,96,8426.65
2720,97,8544.84
2720,98,8442.45
2720,99,8395.67
2730,0,8753.2
2730,1,8350.45
2730,2,8381.68
2730,3,8587.25
2730,4,8530.83
2730,5,8522.33
2730,6,8456.72
2730,7,8457.98
2730,8,8541.26
2730,9,8619.39
2730,10,8416.59
2730,11,8576.05
2730,12,8643.31
2730,13,8445.95
2730,14,8626.37
2730,15,8533.7
2730,16,8383.95
2730,17,8496.72
2730,18,8689.67
2730,19,8404.51
2730,20,8515.61
2730,21,8740.17
2730,22,8661.95
2730,23,8362.42
2730,24,8308.79
2730,25,8403.17
2730,26,8481.84
2730,27,8452.22
2730,28,8345.35
2730,29,8564.28
2730,30,8635.87
2730,31,8466.67
2730,32,8596.93
2730,33,8627.75
2730,34,8349.2
2730,35,8597.96
2730,36,8698.02
2730,37,8795.75
2730,38,8524.67
2730,39,8459.1
2730,40,8453.46
2730,41,8567.85
2730,42,8644.73
2730,43,8501.45
2730,44,8531.56
2730,45,8473.12
2730,46,8358.16
2730,47,8529.75
2730,48,8552.61
2730,49,8597.34
2730,50,8742.19
2730,51,8479.72
2730,52,8573.48
2730,53,8360.16
2730,54,8544.08
2730,55,8669.59
2730,56,8566.41
2730,57,8609.23
2730,58,8589.53
2730,59,8489.62
2730,60,8683.69
2730,61,8503.08
2730,62,8416.25
2730,63,8592.84
2730,64,8659.56
2730,65,8309.12
2730,66,8626.35
2730,67,8540.75
2730,68,8470.5
2730,69,8306.37
2730,70,8530.93
2730,71,8660.01
2730,72,8672.41
2730,73,8453.79
2730,74,8418.24
2730,75,8499.31
2730,76,8516.8
2730,77,8450.29
2730,78,8370.63
2730,79,8653.59
2730,80,8393.38
2730,81,8593.91
2730,82,8612.66
2730,83,8446.91
2730,84,8478.47
2730,85,8603.27
2730,86,8408.72
2730,87,8374.17
2730,88,8699.08
2730,89,8536.59
2730,90,8651.67
2730,91,8394.21
2730,92,8645.95
2730,93,8403.1
2730,94,8537.99
2730,95,8612.8
2730,96,8426.39
2730,97,8544.55
2730,98,8442.18
2730,99,8395.42
2740,0,8752.9
2740,1,8350.15
2740,2,8381.38
2740,3,8586.95
2740,4,8530.53
2740,5,8522.03
2740,6,8456.42
2740,7,8457.68
2740,8,8540.96
2740,9,8619.09
2740,10,8416.29
2740,11,8575.75
2740,12,8643.01
2740,13,8445.65
2740,14,8626.07
2740,15,8533.4
2740,16,8383.65
2740,17,8496.42
2740,18,8689.37
2740,19,8404.21
2740,20,8515.31
2740,21,8739.87
2740,22,8661.65
2740,23,8362.12
2740,24,8308.49
2740,25,8402.87
2740,26,8481.54
2740,27,8451.92
2740,28,8345.05
2740,29,8563.98
2740,30,8635.57
2740,31,8466.37
2740,32,8596.63
2740,33,8627.45
2740,34,8348.9
2740,35,8597.66
2740,36,8697.72
2740,37,8795.45
2740,38,8524.37
2740,39,8458.8
2740,40,8453.16
2740,41,8567.55
2740,42,8644.43
2740,43,8501.15
2740,44,8531.26
2740,45,8472.82
2740,46,8357.86
2740,47,8529.45
2740,48,8552.31
2740,49,8597.04
2740,50,8741.89
2740,51,8479.42
2740,52,8573.18
2740,53,8359.86
2740,54,8543.78
2740,55,8669.29
2740,56,8566.11
2740,57,8608.93
2740,58,8589.23
2740,59,8489.32
2740,60,8683.39
2740,61,8502.78
2740,62,8415.95
2740,63,8592.54
2740,64,8659.26
2740,65,8308.82
2740,66,8626.05
2740,67,8540.45
2740,68,8470.2
2740,69,8306.07
2740,70,8530.63
2740,71,8659.71
2740,72,8672.11
2740,73,8453.49
2740,74,8417.94
2740,75,8499.01
2740,76,8516.5
2740,77,8449.99
2740,78,8370.33
2740,79,8653.29
2740,80,8393.08
2740,81,8593.61
2740,82,8612.36
2740,83,8446.61
2740,84,8478.17
2740,85,8602.97
2740,86,8408.42
2740,87,8373.87
2740,88,8698.78
2740,89,8536.29
2740,90,8651.37
2740,91,8393.91
2740,92,8645.65
2740,93,8402.8
2740,94,8537.69
2740,95,8612.5
2740,96,8426.09
2740,97,8544.25
2740,98,8441.88
2740,99,8395.12
2750,0,8741.01
2750,1,8335.28
2750,2,8367.08
2750,3,8575.13
2750,4,8514.77
2750,5,8506.74
2750,6,8443.51
2750,7,8447.32
2750,8,8529.36
2750,9,8604.72
2750,10,8400.81
2750,11,8562.55
2750,12,8631.3
2750,13,8429.74
2750,14,8614.64
2750,15,8519.14
2750,16,8372.57
2750,17,8480.22
2750,18,8673.82
2750,19,8393.26
2750,20,8503.66
2750,21,8725.11
2750,22,8649.52
2750,23,8349.03
2750,24,8293.53
2750,25,8386.08
2750,26,8467.42
2750,27,8439.7
2750,28,8331.87
2750,29,8548.58
2750,30,8622.4
2750,31,8451.08
2750,32,8581.73
2750,33,8614.64
2750,34,8332.61
2750,35,8586.24
2750,36,8682.31
2750,37,8782.04
2750,38,8511.57
2750,39,8443.28
2750,40,8441.55
2750,41,8552.89
2750,42,8631.97
2750,43,8488.57
2750,44,8517.78
2750,45,8459.7
2750,46,8343.91
2750,47,8515.06
2750,48,8535.46
2750,49,8581.75
2750,50,8728.35
2750,51,8460.09
2750,52,8559.9
2750,53,8345.75
2750,54,8529.98
2750,55,8651.01
2750,56,8554.2
2750,57,8594.36
2750,58,8573.97
2750,59,8477.44
2750,60,8672.77
2750,61,8491.11
2750,62,8399.74
2750,63,8582.39
2750,64,8644.75
2750,65,8292.81
2750,66,8615.24
2750,67,8521.14
2750,68,8457.34
2750,69,8294.61
2750,70,8517.04
2750,71,8648.97
2750,72,8656.99
2750,73,8440.26
2750,74,8404.88
2750,75,8484.03
2750,76,8505.62
2750,77,8435.14
2750,78,8354.65
2750,79,8643
2750,80,8379.75
2750,81,8578.87
2750,82,8600.85
2750,83,8430.46
2750,84,8466.36
2750,85,8591.64
2750,86,8394.65
2750,87,8362.34
2750,88,8688.43
2750,89,8521.77
2750,90,8639.97
2750,91,8379.42
2750,92,8632.14
2750,93,8388.84
2750,94,8524.92
2750,95,8600.92
2750,96,8413.13
2750,97,8528.33
2750,98,8429.23
2750,99,8380.79
2760,0,8740.74
2760,1,8335.02
2760,2,8362.34
2760,3,8571.42
2760,4,8514.53
2760,5,8506.49
2760,6,8438.76
2760,7,8443.7
2760,8,8526
2760,9,8604.48
2760,10,8396.83
2760,11,8562.29
2760,12,8626.76
2760,13,8429.49
2760,14,8614.37
2760,15,8518.88
2760,16,8368.54
2760,17,8479.98
2760,18,8673.55
2760,19,8388.12
2760,20,8499.76
2760,21,8724.87
2760,22,8646.66
2760,23,8344.47
2760,24,8293.29
2760,25,8385.84
2760,26,8463.36
2760,27,8436.72
2760,28,8327.05
2760,29,8548.33
2760,30,8622.13
2760,31,8450.82
2760,32,8581.48
2760,33,8614.37
2760,34,8332.38
2760,35,8585.96
2760,36,8682.06
2760,37,8781.79
2760,38,8511.31
2760,39,8443.03
2760,40,8437.85
2760,41,8552.64
2760,42,8631.71
2760,43,8485
2760,44,8517.5
2760,45,8456.92
2760,46,8343.67
2760,47,8514.82
2760,48,8535.23
2760,49,8581.48
2760,50,8728.11
2760,51,8459.84
2760,52,8559.64
2760,53,8341.63
2760,54,8526.59
2760,55,8650.75
2760,56,8551.09
2760,57,8594.11
2760,58,8573.72
2760,59,8473.69
2760,60,8668.71
2760,61,8486.76
2760,62,8399.5
2760,63,8579.58
2760,64,8644.46
2760,65,8292.58
2760,66,8614.98
2760,67,8520.87
2760,68,8454.03
2760,69,8289.42
2760,70,8516.78
2760,71,8646.09
2760,72,8656.74
2760,73,8435.99
2760,74,8401.78
2760,75,8483.78
2760,76,8501.99
2760,77,8434.89
2760,78,8354.42
2760,79,8642.74
2760,80,8375.66
2760,81,8578.62
2760,82,8596.81
2760,83,8426.56
2760,84,8463.07
2760,85,8591.36
2760,86,8394.39
2760,87,8358.89
2760,88,8685.63
2760,89,8521.52
2760,90,8635.53
2760,91,8379.17
2760,92,8631.88
2760,93,8388.59
2760,94,8524.64
2760,95,8600.65
2760,96,8408.67
2760,97,8528.08
2760,98,8425.41
2760,99,8380.55
2770,0,8740.44
2770,1,8334.72
2770,2,8362.04
2770,3,8571.12
2770,4,8514.23
2770,5,8506.19
2770,6,8438.46
2770,7,8443.4
2770,8,8525.7
2770,9,8604.18
2770,10,8396.53
2770,11,8561.99
2770,12,8626.46
2770,13,8429.19
2770,14,8614.07
2770,15,8518.58
2770,16,8368.24
2770,17,8479.68
2770,18,8673.25
2770,19,8387.82
2770,20,8499.46
2770,21,8724.57
2770,22,8646.36
2770,23,8344.17
2770,24,8292.99
2770,25,8385.54
2770,26,8463.06
2770,27,8436.42
2770,28,8326.75
2770,29,8548.03
2770,30,8621.83
2770,31,8450.52
2770,32,8581.18
2770,33,8614.07
2770,34,8332.08
2770,35,8585.66
2770,36,8681.76
2770,37,8781.49
2770,38,8511.01
2770,39,8442.73
2770,40,8437.55
2770,41,8552.34
2770,42,8631.41
2770,43,8484.7
2770,44,8517.2
2770,45,8456.62
2770,46,8343.37
2770,47,8514.52
2770,48,8534.93
2770,49,8581.18
2770,50,8727.81
2770,51,8459.54
2770,52,8559.34
2770,53,8341.33
2770,54,8526.29
2770,55,8650.45
2770,56,8550.79
2770,57,8593.81
2770,58,8573.42
2770,59,8473.39
2770,60,8668.41
2770,61,8486.46
2770,62,8399.2
2770,63,8579.28
2770,64,8644.16
2770,65,8292.28
2770,66,8614.68
2770,67,8520.57
2770,68,8453.73
2770,69,8289.12
2770,70,8516.48
2770,71,8645.79
2770,72,8656.44
2770,73,8435.69
2770,74,8401.48
2770,75,8483.48
2770,76,8501.69
2770,77,8434.59
2770,78,8354.12
2770,79,8642.44
2770,80,8375.36
2770,81,8578.32
2770,82,8596.51
2770,83,8426.26
2770,84,8462.77
2770,85,8591.06
2770,86,8394.09
2770,87,8358.59
2770,88,8685.33
2770,89,8521.22
2770,90,8635.23
2770,91,8378.87
2770,92,8631.58
2770,93,8388.29
2770,94,8524.34
2770,95,8600.35
2770,96,8408.37
2770,97,8527.78
2770,98,8425.11
2770,99,8380.25
2780,0,8728.67
2780,1,8319.35
2780,2,8351.1
2780,3,8556.46
2780,4,8500.29
2780,5,8493.28
2780,6,8424.78
2780,7,8430.1
2780,8,8508.26
2780,9,8589.92
2780,10,8381.43
2780,11,8548.66
2780,12,8615.17
2780,13,8413.36
2780,14,8602.36
2780,15,8504.99
2780,16,8353.63
2780,17,8463.44
2780,18,8659.23
2780,19,8376.02
2780,20,8485.99
2780,21,8709.6
2780,22,8632.23
2780,23,8330.25
2780,24,8277.49
2780,25,8370.44
2780,26,8449.03
2780,27,8422.02
2780,28,8312.81
2780,29,8533.1
2780,30,8608.42
2780,31,8436.32
2780,32,8566.33
2780,33,8601.93
2780,34,8316.89
2780,35,8569.17
2780,36,8666.85
2780,37,8770.04
2780,38,8499.53
2780,39,8426.77
2780,40,8423.8
2780,41,8537.36
2780,42,8618.86
2780,43,8470.16
2780,44,8502.74
2780,45,8443.56
2780,46,8329.09
2780,47,8500.34
2780,48,8519.71
2780,49,8563.79
2780,50,8716.59
2780,51,8440.51
2780,52,8546.47
2780,53,8326.37
2780,54,8512.13
2780,55,8632.66
2780,56,8536.67
2780,57,8579.76
2780,58,8557.91
2780,59,8458.33
2780,60,8657.4
2780,61,8473.52
2780,62,8385.16
2780,63,8568.03
2780,64,8627.53
2780,65,8276.68
2780,66,8602.03
2780,67,8499.06
2780,68,8441.59
2780,69,8274.95
2780,70,8504.09
2780,71,8634.03
2780,72,8642.79
2780,73,8421.53
2780,74,8385.81
2780,75,8468.59
2780,76,8487.83
2780,77,8421.26
2780,78,8338.21
2780,79,8627.19
2780,80,8362.37
2780,81,8563.43
2780,82,8582.72
2780,83,8410.23
2780,84,8450.24
2780,85,8579.22
2780,86,8379.82
2780,87,8344.86
2780,88,8671.42
2780,89,8507.91
2780,90,8623.61
2780,91,8365.06
2780,92,8617.17
2780,93,8374.43
2780,94,8512.23
2780,95,8589.88
2780,96,8394.55
2780,97,8513.39
2780,98,8410.8
2780,99,8366.78
2790,0,8728.41
2790,1,8319.11
2790,2,8346.32
2790,3,8555.84
2790,4,8497.48
2790,5,8493.02
2790,6,8424.55
2790,7,8429.85
2790,8,8508.02
2790,9,8589.69
2790,10,8377.51
2790,11,8548.4
2790,12,8610.18
2790,13,8411
2790,14,8602.1
2790,15,8504.73
2790,16,8352.19
2790,17,8462.57
2790,18,8658.96
2790,19,8372.63
2790,20,8485.75
2790,21,8709.36
2790,22,8631.99
2790,23,8330.02
2790,24,8277.27
2790,25,8367.65
2790,26,8444.32
2790,27,8421.77
2790,28,8312.58
2790,29,8532.86
2790,30,8608.17
2790,31,8436.07
2790,32,8566.1
2790,33,8601.66
2790,34,8316.66
2790,35,8568.92
2790,36,8666.45
2790,37,8769.77
2790,38,8499.26
2790,39,8426.55
2790,40,8423.56
2790,41,8537.13
2790,42,8618.6
2790,43,8467.64
2790,44,8502.48
2790,45,8443.3
2790,46,8327.17
2790,47,8500.1
2790,48,8519.48
2790,49,8563.54
2790,50,8716.32
2790,51,8438.16
2790,52,8546.21
2790,53,8326.15
2790,54,8511.88
2790,55,8632.4
2790,56,8536.43
2790,57,8579.51
2790,58,8557.67
2790,59,8458.09
2790,60,8657.15
2790,61,8473.06
2790,62,8384.92
2790,63,8564.7
2790,64,8627.25
2790,65,8274.38
2790,66,8601.77
2790,67,8498.8
2790,68,8437.89
2790,69,8273.48
2790,70,8503.83
2790,71,8633.76
2790,72,8642.54
2790,73,8421.29
2790,74,8385.57
2790,75,8465.59
2790,76,8487.58
2790,77,8421.01
2790,78,8336.24
2790,79,8626.93
2790,80,8357.67
2790,81,8563.19
2790,82,8581.59
2790,83,8405.66
2790,84,8449.98
2790,85,8578.96
2790,86,8379.58
2790,87,8344.61
2790,88,8671.17
2790,89,8507.66
2790,90,8619.46
2790,91,8362.03
2790,92,8616.92
2790,93,8374.16
2790,94,8511.97
2790,95,8589.61
2790,96,8394.31
2790,97,8513.13
2790,98,8410.56
2790,99,8365.11
2800,0,8728.11
2800,1,8318.81
2800,2,8346.02
2800,3,8555.54
2800,4,8497.18
2800,5,8492.72
2800,6,8424.25
2800,7,8429.55
2800,8,8507.72
2800,9,8589.39
2800,10,8377.21
2800,11,8548.1
2800,12,8609.88
2800,13,8410.7
2800,14,8601.8
2800,15,8504.43
2800,16,8351.89
2800,17,8462.27
2800,18,8658.66
2800,19,8372.33
2800,20,8485.45
2800,21,8709.06
2800,22,8631.69
2800,23,8329.72
2800,24,8276.97
2800,25,8367.35
2800,26,8444.02
2800,27,8421.47
2800,28,8312.28
2800,29,8532.56
2800,30,8607.87
2800,31,8435.77
2800,32,8565.8
2800,33,8601.36
2800,34,8316.36
2800,35,8568.62
2800,36,8666.15
2800,37,8769.47
2800,38,8498.96
2800,39,8426.25
2800,40,8423.26
2800,41,8536.83
2800,42,8618.3
2800,43,8467.34
2800,44,8502.18
2800,45,8443
2800,46,8326.87
2800,47,8499.8
2800,48,8519.18
2800,49,8563.24
2800,50,8716.02
2800,51,8437.86
2800,52,8545.91
2800,53,8325.85
2800,54,8511.58
2800,55,8632.1
2800,56,8536.13
2800,57,8579.21
2800,58,8557.37
2800,59,8457.79
2800,60,8656.85
2800,61,8472.76
2800,62,8384.62
2800,63,8564.4
2800,64,8626.95
2800,65,8274.08
2800,66,8601.47
2800,67,8498.5
2800,68,8437.59
2800,69,8273.18
2800,70,8503.53
2800,71,8633.46
2800,72,8642.24
2800,73,8420.99
2800,74,8385.27
2800,75,8465.29
2800,76,8487.28
2800,77,8420.71
2800,78,8335.94
2800,79,8626.63
2800,80,8357.37
2800,81,8562.89
2800,82,8581.29
2800,83,8405.36
2800,84,8449.68
2800,85,8578.66
2800,86,8379.28
2800,87,8344.31
2800,88,8670.87
2800,89,8507.36
2800,90,8619.16
2800,91,8361.73
2800,92,8616.62
2800,93,8373.86
2800,94,8511.67
2800,95,8589.31
2800,96,8394.01
2800,97,8512.83
2800,98,8410.26
2800,99,8364.81
2810,0,8717.95
2810,1,8304.43
2810,2,8333.43
2810,3,8543.35
2810,4,8484.19
2810,5,8482.16
2810,6,8413.31
2810,7,8419.9
2810,8,8493.58
2810,9,8578.68
2810,10,8362.22
2810,11,8537.19
2810,12,8597.77
2810,13,8394.64
2810,14,8591.3
2810,15,8491.99
2810,16,8339.2
2810,17,8448.01
2810,18,8647.33
2810,19,8361.33
2810,20,8473.57
2810,21,8696.83
2810,22,8619.51
2810,23,8319.01
2810,24,8263.87
2810,25,8353.55
2810,26,8430
2810,27,8410.42
2810,28,8301.42
2810,29,8519.2
2810,30,8594.44
2810,31,8423.34
2810,32,8552.73
2810,33,8589.82
2810,34,8301.74
2810,35,8555.44
2810,36,8651.07
2810,37,8757.76
2810,38,8489.95
2810,39,8412.59
2810,40,8411.11
2810,41,8525.83
2810,42,8607.25
2810,43,8453.18
2810,44,8489.78
2810,45,8433.04
2810,46,8312.49
2810,47,8485.77
2810,48,8503.98
2810,49,8545.99
2810,50,8704.65
2810,51,8422.6
2810,52,8534.65
2810,53,8312.77
2810,54,8498.7
2810,55,8615.04
2810,56,8523.73
2810,57,8566.46
2810,58,8543.73
2810,59,8443.18
2810,60,8645.4
2810,61,8460.78
2810,62,8370.55
2810,63,8553.45
2810,64,8615.92
2810,65,8260.53
2810,66,8590.64
2810,67,8483.05
2810,68,8425.27
2810,69,8262.17
2810,70,8492.1
2810,71,8622.24
2810,72,8629.25
2810,73,8409.55
2810,74,8372.3
2810,75,8451.63
2810,76,8475.09
2810,77,8407.38
2810,78,8321.94
2810,79,8612.22
2810,80,8344.12
2810,81,8548.94
2810,82,8569.54
2810,83,8389.69
2810,84,8438.64
2810,85,8566.76
2810,86,8367.75
2810,87,8332.94
2810,88,8658.73
2810,89,8494.82
2810,90,8607.29
2810,91,8347.74
2810,92,8603.47
2810,93,8363.31
2810,94,8500.34
2810,95,8579.95
2810,96,8380.27
2810,97,8500.69
2810,98,8399.59
2810,99,8353.51
2820,0,8717.69
2820,1,8304.19
2820,2,8333.19
2820,3,8541.47
2820,4,8483.95
2820,5,8479.19
2820,6,8413.06
2820,7,8417.42
2820,8,8492.05
2820,9,8573.96
2820,10,8360.17
2820,11,8536.92
2820,12,8597.53
2820,13,8394.42
2820,14,8591.04
2820,15,8487.59
2820,16,8338.96
2820,17,8447.78
2820,18,8647.07
2820,19,8361.1
2820,20,8473.33
2820,21,8696.57
2820,22,8616.41
2820,23,8314.89
2820,24,8263.64
2820,25,8353.31
2820,26,8429.76
2820,27,8406.57
2820,28,8296.72
2820,29,8516.72
2820,30,8594.13
2820,31,8418.93
2820,32,8552.49
2820,33,8589.56
2820,34,8301.52
2820,35,8555.19
2820,36,8650.85
2820,37,8757.51
2820,38,8487.33
2820,39,8412.36
2820,40,8410.87
2820,41,8521.33
2820,42,8606.99
2820,43,8452.94
2820,44,8487.46
2820,45,8430.8
2820,46,8312.28
2820,47,8485.55
2820,48,8503.77
2820,49,8545.74
2820,50,8704.4
2820,51,8420.3
2820,52,8531.64
2820,53,8312.53
2820,54,8498.46
2820,55,8614.79
2820,56,8523.31
2820,57,8566.22
2820,58,8543.48
2820,59,8441.86
2820,60,8645.15
2820,61,8460.54
2820,62,8370.32
2820,63,8553.19
2820,64,8615.66
2820,65,8260.29
2820,66,8590.38
2820,67,8482.78
2820,68,8425.02
2820,69,8261.93
2820,70,8488.17
2820,71,8621.98
2820,72,8627
2820,73,8409.29
2820,74,8367.94
2820,75,8448.73
2820,76,8474.84
2820,77,8407.14
2820,78,8319.1
2820,79,8611.96
2820,80,8342.64
2820,81,8548.7
2820,82,8569.29
2820,83,8387.27
2820,84,8438.39
2820,85,8566.51
2820,86,8363.9
2820,87,8328.88
2820,88,8658.47
2820,89,8494.57
2820,90,8605.6
2820,91,8347.51
2820,92,8599.96
2820,93,8358.91
2820,94,8500.07
2820,95,8577.12
2820,96,8380.04
2820,97,8500.44
2820,98,8396.23
2820,99,8349.65
2830,0,8717.39
2830,1,8303.89
2830,2,8332.89
2830,3,8541.17
2830,4,8483.65
2830,5,8478.89
2830,6,8412.76
2830,7,8417.12
2830,8,8491.75
2830,9,8573.66
2830,10,8359.87
2830,11,8536.62
2830,12,8597.23
2830,13,8394.12
2830,14,8590.74
2830,15,8487.29
2830,16,8338.66
2830,17,8447.48
2830,18,8646.77
2830,19,8360.8
2830,20,8473.03
2830,21,8696.27
2830,22,8616.11
2830,23,8314.59
2830,24,8263.34
2830,25,8353.01
2830,26,8429.46
2830,27,8406.27
2830,28,8296.42
2830,29,8516.42
2830,30,8593.83
2830,31,8418.63
2830,32,8552.19
2830,33,8589.26
2830,34,8301.22
2830,35,8554.89
2830,36,8650.55
2830,37,8757.21
2830,38,8487.03
2830,39,8412.06
2830,40,8410.57
2830,41,8521.03
2830,42,8606.69
2830,43,8452.64
2830,44,8487.16
2830,45,8430.5
2830,46,8311.98
2830,47,8485.25
2830,48,8503.47
2830,49,8545.44
2830,50,8704.1
2830,51,8420
2830,52,8531.34
2830,53,8312.23
2830,54,8498.16
2830,55,8614.49
2830,56,8523.01
2830,57,8565.92
2830,58,8543.18
2830,59,8441.56
2830,60,8644.85
2830,61,8460.24
2830,62,8370.02
2830,63,8552.89
2830,64,8615.36
2830,65,8259.99
2830,66,8590.08
2830,67,8482.48
2830,68,8424.72
2830,69,8261.63
2830,70,8487.87
2830,71,8621.68
2830,72,8626.7
2830,73,8408.99
2830,74,8367.64
2830,75,8448.43
2830,76,8474.54
2830,77,8406.84
2830,78,8318.8
2830,79,8611.66
2830,80,8342.34
2830,81,8548.4
2830,82,8568.99
2830,83,8386.97
2830,84,8438.09
2830,85,8566.21
2830,86,8363.6
2830,87,8328.58
2830,88,8658.17
2830,89,8494.27
2830,90,8605.3
2830,91,8347.21
2830,92,8599.66
2830,93,8358.61
2830,94,8499.77
2830,95,8576.82
2830,96,8379.74
2830,97,8500.14
2830,98,8395.93
2830,99,8349.35
2840,0,8707.55
2840,1,8290.76
2840,2,8319.71
2840,3,8529.35
2840,4,8471.66
2840,5,8468.7
2840,6,8401.16
2840,7,8405.75
2840,8,8479.26
2840,9,8563.28
2840,10,8343.72
2840,11,8526.83
2840,12,8584.74
2840,13,8380.57
2840,14,8582.6
2840,15,8475.08
2840,16,8326.99
2840,17,8433.47
2840,18,8635.42
2840,19,8350
2840,20,8462.06
2840,21,8683.83
2840,22,8605.04
2840,23,8302.26
2840,24,8250.96
2840,25,8339.96
2840,26,8415.38
2840,27,8395.85
2840,28,8284.88
2840,29,8506.19
2840,30,8581.92
2840,31,8406.24
2840,32,8539.27
2840,33,8577.85
2840,34,8287.88
2840,35,8538.99
2840,36,8636.38
2840,37,8746.9
2840,38,8478.41
2840,39,8398.82
2840,40,8399.16
2840,41,8510.07
2840,42,8597.38
2840,43,8439.69
2840,44,8477.16
2840,45,8419.48
2840,46,8299.43
2840,47,8472.05
2840,48,8491.49
2840,49,8527.37
2840,50,8693.29
2840,51,8404.05
2840,52,8521.62
2840,53,8300.22
2840,54,8485.45
2840,55,8600.38
2840,56,8510.27
2840,57,8553.55
2840,58,8530.9
2840,59,8428.41
2840,60,8632.54
2840,61,8448.49
2840,62,8357.32
2840,63,8543.49
2840,64,8603.49
2840,65,8244.66
2840,66,8581.82
2840,67,8472.43
2840,68,8411.42
2840,69,8249.44
2840,70,8476.48
2840,71,8610.65
2840,72,8613.65
2840,73,8396.44
2840,74,8355.25
2840,75,8432.56
2840,76,8461.52
2840,77,8394.35
2840,78,8304.62
2840,79,8598.49
2840,80,8329.78
2840,81,8535.23
2840,82,8557.53
2840,83,8370.84
2840,84,8427.51
2840,85,8554.17
2840,86,8352.23
2840,87,8318
2840,88,8646.94
2840,89,8481.54
2840,90,8593.21
2840,91,8335.21
2840,92,8586.41
2840,93,8347.33
2840,94,8489.04
2840,95,8568.01
2840,96,8367.53
2840,97,8488.51
2840,98,8384.14
2840,99,8336.39
2850,0,8705.15
2850,1,8285.46
2850,2,8318.69
2850,3,8525.81
2850,4,8466.3
2850,5,8461.72
2850,6,8400.29
2850,7,8401.23
2850,8,8479.04
2850,9,8559.99
2850,10,8343.5
2850,11,8523.75
2850,12,8584.52
2850,13,8375.45
2850,14,8580.61
2850,15,8470.72
2850,16,8321.79
2850,17,8433.25
2850,18,8632.39
2850,19,8346.02
2850,20,8460.02
2850,21,8680.33
2850,22,8600.74
2850,23,8299.83
2850,24,8248.76
2850,25,8334.29
2850,26,8409.62
2850,27,8391.68
2850,28,8283.78
2850,29,8502.54
2850,30,8578.86
2850,31,8401.46
2850,32,8539.04
2850,33,8577.6
2850,34,8286.04
2850,35,8536.95
2850,36,8636.17
2850,37,8744.62
2850,38,8475.6
2850,39,8394.45
2850,40,8394.26
2850,41,8506.74
2850,42,8594.9
2850,43,8435.08
2850,44,8474.42
2850,45,8416.67
2850,46,8297.7
2850,47,8471.17
2850,48,8488.07
2850,49,8525.4
2850,50,8693.05
2850,51,8403.85
2850,52,8518.43
2850,53,8295.1
2850,54,8485.22
2850,55,8600.13
2850,56,8506.78
2850,57,8549.08
2850,58,8526.19
2850,59,8423.51
2850,60,8632.31
2850,61,8446.12
2850,62,8352.81
2850,63,8541.26
2850,64,8601.4
2850,65,8244.47
2850,66,8579.83
2850,67,8470.94
2850,68,8411.2
2850,69,8246.72
2850,70,8472.75
2850,71,8610.41
2850,72,8609.31
2850,73,8395.89
2850,74,8350.64
2850,75,8432.35
2850,76,8457.45
2850,77,8394.12
2850,78,8298.91
2850,79,8596.89
2850,80,8325.55
2850,81,8535
2850,82,8557.29
2850,83,8366.4
2850,84,8424.78
2850,85,8551.75
2850,86,8347.73
2850,87,8313.5
2850,88,8644.82
2850,89,8477.1
2850,90,8592.99
2850,91,8329.76
2850,92,8581.66
2850,93,8343.61
2850,94,8485.49
2850,95,8565.49
2850,96,8364.98
2850,97,8488.21
2850,98,8381.72
2850,99,8335.62
2860,0,8704.85
2860,1,8285.16
2860,2,8318.39
2860,3,8525.51
2860,4,8466
2860,5,8461.42
2860,6,8399.99
2860,7,8400.93
2860,8,8478.74
2860,9,8559.69
2860,10,8343.2
2860,11,8523.45
2860,12,8584.22
2860,13,8375.15
2860,14,8580.31
2860,15,8470.42
2860,16,8321.49
2860,17,8432.95
2860,18,8632.09
2860,19,8345.72
2860,20,8459.72
2860,21,8680.03
2860,22,8600.44
2860,23,8299.53
2860,24,8248.46
2860,25,8333.99
2860,26,8409.32
2860,27,8391.38
2860,28,8283.48
2860,29,8502.24
2860,30,8578.56
2860,31,8401.16
2860,32,8538.74
2860,33,8577.3
2860,34,8285.74
2860,35,8536.65
2860,36,8635.87
2860,37,8744.32
2860,38,8475.3
2860,39,8394.15
2860,40,8393.96
2860,41,8506.44
2860,42,8594.6
2860,43,8434.78
2860,44,8474.12
2860,45,8416.37
2860,46,8297.4
2860,47,8470.87
2860,48,8487.77
2860,49,8525.1
2860,50,8692.75
2860,51,8403.55
2860,52,8518.13
2860,53,8294.8
2860,54,8484.92
2860,55,8599.83
2860,56,8506.48
2860,57,8548.78
2860,58,8525.89
2860,59,8423.21
2860,60,8632.01
2860,61,8445.82
2860,62,8352.51
2860,63,8540.96
2860,64,8601.1
2860,65,8244.17
2860,66,8579.53
2860,67,8470.64
2860,68,8410.9
2860,69,8246.42
2860,70,8472.45
2860,71,8610.11
2860,72,8609.01
2860,73,8395.59
2860,74,8350.34
2860,75,8432.05
2860,76,8457.15
2860,77,8393.82
2860,78,8298.61
2860,79,8596.59
2860,80,8325.25
2860,81,8534.7
2860,82,8556.99
2860,83,8366.1
2860,84,8424.48
2860,85,8551.45
2860,86,8347.43
2860,87,8313.2
2860,88,8644.52
2860,89,8476.8
2860,90,8592.69
2860,91,8329.46
2860,92,8581.36
2860,93,8343.31
2860,94,8485.19
2860,95,8565.19
2860,96,8364.68
2860,97,8487.91
2860,98,8381.42
2860,99,8335.32
2870,0,8696.05
2870,1,8273.36
2870,2,8306.49
2870,3,8512.5
2870,4,8454.32
2870,5,8449.39
2870,6,8390.6
2870,7,8390.39
2870,8,8468.42
2870,9,8546.7
2870,10,8330.43
2870,11,8514.75
2870,12,8572.58
2870,13,8362.3
2870,14,8572.17
2870,15,8461.06
2870,16,8308.68
2870,17,8420.81
2870,18,8623.87
2870,19,8336.3
2870,20,8449.01
2870,21,8667.18
2870,22,8589.74
2870,23,8288.84
2870,24,8236.63
2870,25,8321.39
2870,26,8397.97
2870,27,8381.91
2870,28,8274.29
2870,29,8492.01
2870,30,8567.78
2870,31,8390.13
2870,32,8527.67
2870,33,8566.57
2870,34,8273.34
2870,35,8525.61
2870,36,8627.01
2870,37,8733.66
2870,38,8467.11
2870,39,8381.65
2870,40,8382.7
2870,41,8497.07
2870,42,8584.86
2870,43,8422.23
2870,44,8465.85
2870,45,8407.64
2870,46,8286.67
2870,47,8460.73
2870,48,8473.97
2870,49,8517.74
2870,50,8681.82
2870,51,8391.01
2870,52,8506.86
2870,53,8283.79
2870,54,8473.01
2870,55,8585.58
2870,56,8491.63
2870,57,8539.02
2870,58,8514.58
2870,59,8409.92
2870,60,8618.99
2870,61,8434.38
2870,62,8340.36
2870,63,8531.46
2870,64,8591.38
2870,65,8232.51
2870,66,8570.58
2870,67,8456.37
2870,68,8398.41
2870,69,8234.54
2870,70,8461
2870,71,8598.93
2870,72,8597.54
2870,73,8384.55
2870,74,8341.08
2870,75,8419.03
2870,76,8446.81
2870,77,8381.94
2870,78,8285.83
2870,79,8582.69
2870,80,8315.07
2870,81,8525.9
2870,82,8545.17
2870,83,8352.27
2870,84,8414.44
2870,85,8540.33
2870,86,8336.95
2870,87,8303.04
2870,88,8633.08
2870,89,8464.48
2870,90,8579.94
2870,91,8318.8
2870,92,8571.44
2870,93,8332.29
2870,94,8474.86
2870,95,8557.62
2870,96,8352.95
2870,97,8475.24
2870,98,8370.58
2870,99,8323.18
2880,0,8691.03
2880,1,8262.34
2880,2,8295.91
2880,3,8505.52
2880,4,8442.8
2880,5,8442.62
2880,6,8381.02
2880,7,8382.56
2880,8,8460.54
2880,9,8541.42
2880,10,8324.26
2880,11,8508.07
2880,12,8565.21
2880,13,8354.84
2880,14,8567.07
2880,15,8451.45
2880,16,8298.29
2880,17,8412.14
2880,18,8616.09
2880,19,8328.99
2880,20,8442.23
2880,21,8662.73
2880,22,8583.35
2880,23,8279.37
2880,24,8224.99
2880,25,8309.02
2880,26,8384.09
2880,27,8372.82
2880,28,8266.46
2880,29,8482.56
2880,30,8561.41
2880,31,8380.59
2880,32,8520.65
2880,33,8562.13
2880,34,8264.91
2880,35,8520.18
2880,36,8617.8
2880,37,8727.75
2880,38,8458.18
2880,39,8370.82
2880,40,8376.15
2880,41,8488.18
2880,42,8579.42
2880,43,8413.19
2880,44,8458.05
2880,45,8398.76
2880,46,8277.07
2880,47,8454.63
2880,48,8469.17
2880,49,8510.49
2880,50,8676.2
2880,51,8383.07
2880,52,8501.04
2880,53,8272.86
2880,54,8463.69
2880,55,8579.85
2880,56,8484.65
2880,57,8529.56
2880,58,8505.01
2880,59,8400.28
2880,60,8614.99
2880,61,8425.83
2880,62,8333.59
2880,63,8524.45
2880,64,8586.62
2880,65,8221.91
2880,66,8565.54
2880,67,8450.6
2880,68,8394.59
2880,69,8225.3
2880,70,8452.86
2880,71,8592.48
2880,72,8589.68
2880,73,8375.34
2880,74,8331.13
2880,75,8409.84
2880,76,8437.18
2880,77,8374.65
2880,78,8276.99
2880,79,8578.42
2880,80,8303.96
2880,81,8516.55
2880,82,8540
2880,83,8347.16
2880,84,8407.28
2880,85,8535.66
2880,86,8327.73
2880,87,8292.55
2880,88,8626.73
2880,89,8458.17
2880,90,8577.88
2880,91,8306.41
2880,92,8561.61
2880,93,8322.28
2880,94,8467.31
2880,95,8551.45
2880,96,8342.81
2880,97,8471.26
2880,98,8362.9
2880,99,8319.19
2890,0,8690.73
2890,1,8262.04
2890,2,8295.61
2890,3,8505.22
2890,4,8442.5
2890,5,8442.32
2890,6,8380.72
2890,7,8382.26
2890,8,8460.24
2890,9,8541.12
2890,10,8323.96
2890,11,8507.77
2890,12,8564.91
2890,13,8354.54
2890,14,8566.77
2890,15,8451.15
2890,16,8297.99
2890,17,8411.84
2890,18,8615.79
2890,19,8328.69
2890,20,8441.93
2890,21,8662.43
2890,22,8583.05
2890,23,8279.07
2890,24,8224.69
2890,25,8308.72
2890,26,8383.79
2890,27,8372.52
2890,28,8266.16
2890,29,8482.26
2890,30,8561.11
2890,31,8380.29
2890,32,8520.35
2890,33,8561.83
2890,34,8264.61
2890,35,8519.88
2890,36,8617.5
2890,37,8727.45
2890,38,8457.88
2890,39,8370.52
2890,40,8375.85
2890,41,8487.88
2890,42,8579.12
2890,43,8412.89
2890,44,8457.75
2890,45,8398.46
2890,46,8276.77
2890,47,8454.33
2890,48,8468.87
2890,49,8510.19
2890,50,8675.9
2890,51,8382.77
2890,52,8500.74
2890,53,8272.56
2890,54,8463.39
2890,55,8579.55
2890,56,8484.35
2890,57,8529.26
2890,58,8504.71
2890,59,8399.98
2890,60,8614.69
2890,61,8425.53
2890,62,8333.29
2890,63,8524.15
2890,64,8586.32
2890,65,8221.61
2890,66,8565.24
2890,67,8450.3
2890,68,8394.29
2890,69,8225
2890,70,8452.56
2890,71,8592.18
2890,72,8589.38
2890,73,8375.04
2890,74,8330.83
2890,75,8409.54
2890,76,8436.88
2890,77,8374.35
2890,78,8276.69
2890,79,8578.12
2890,80,8303.66
2890,81,8516.25
2890,82,8539.7
2890,83,8346.86
2890,84,8406.98
2890,85,8535.36
2890,86,8327.43
2890,87,8292.25
2890,88,8626.43
2890,89,8457.87
2890,90,8577.58
2890,91,8306.11
2890,92,8561.31
2890,93,8321.98
2890,94,8467.01
2890,95,8551.15
2890,96,8342.51
2890,97,8470.96
2890,98,8362.6
2890,99,8318.89
2900,0,8680.31
2900,1,8251.16
2900,2,8284.03
2900,3,8494.89
2900,4,8432.51
2900,5,8434.7
2900,6,8372.93
2900,7,8372.8
2900,8,8449.91
2900,9,8531.86
2900,10,8309.99
2900,11,8499.26
2900,12,8553.8
2900,13,8344.76
2900,14,8558.89
2900,15,8440.43
2900,16,8288.35
2900,17,8401.25
2900,18,8605.85
2900,19,8320.89
2900,20,8433.74
2900,21,8652.52
2900,22,8575.68
2900,23,8268.44
2900,24,8213.26
2900,25,8297.84
2900,26,8372.6
2900,27,8364.14
2900,28,8258.34
2900,29,8472.05
2900,30,8550.52
2900,31,8369.66
2900,32,8510.04
2900,33,8555.74
2900,34,8252.19
2900,35,8512.67
2900,36,8608.24
2900,37,8719.82
2900,38,8450.09
2900,39,8359.56
2900,40,8365.87
2900,41,8478.02
2900,42,8570.02
2900,43,8401.38
2900,44,8449.08
2900,45,8389.57
2900,46,8266.53
2900,47,8445.04
2900,48,8458.64
2900,49,8498.1
2900,50,8666.32
2900,51,8369.64
2900,52,8490.51
2900,53,8262.82
2900,54,8451.58
2900,55,8568.64
2900,56,8471.64
2900,57,8519.83
2900,58,8496.64
2900,59,8387.8
2900,60,8604.73
2900,61,8416.6
2900,62,8321.26
2900,63,8514.39
2900,64,8575.91
2900,65,8209.25
2900,66,8557.28
2900,67,8440.41
2900,68,8385.04
2900,69,8216.97
2900,70,8442.01
2900,71,8581.93
2900,72,8579.89
2900,73,8364.72
2900,74,8321.71
2900,75,8397.67
2900,76,8425.66
2900,77,8365.3
2900,78,8267.41
2900,79,8565.63
2900,80,8293.1
2900,81,8506.91
2900,82,8529.32
2900,83,8337.31
2900,84,8398.19
2900,85,8523.89
2900,86,8318.94
2900,87,8283.21
2900,88,8616.02
2900,89,8448.46
2900,90,8566.7
2900,91,8295.6
2900,92,8551.64
2900,93,8311.39
2900,94,8456.05
2900,95,8542.19
2900,96,8331.34
2900,97,8460.64
2900,98,8353.6
2900,99,8308.36
2910,0,8677.98
2910,1,8243.93
2910,2,8278.47
2910,3,8490.63
2910,4,8426.49
2910,5,8426.04
2910,6,8365.24
2910,7,8367.38
2910,8,8442.54
2910,9,8527.15
2910,10,8304.36
2910,11,8492.85
2910,12,8549.61
2910,13,8337.41
2910,14,8554.5
2910,15,8436.16
2910,16,8282.11
2910,17,8395.16
2910,18,8600.53
2910,19,8313.21
2910,20,8428.2
2910,21,8647.37
2910,22,8566.74
2910,23,8263.66
2910,24,8207.66
2910,25,8291.82
2910,26,8366.83
2910,27,8354.45
2910,28,8250.56
2910,29,8463.7
2910,30,8546.04
2910,31,8363.13
2910,32,8505.39
2910,33,8547.44
2910,34,8246.35
2910,35,8506.59
2910,36,8604.28
2910,37,8712.78
2910,38,8444.13
2910,39,8354.35
2910,40,8360.59
2910,41,8473.02
2910,42,8563.96
2910,43,8395.66
2910,44,8442.55
2910,45,8385.02
2910,46,8259.16
2910,47,8440.03
2910,48,8453.64
2910,49,8490.53
2910,50,8663.16
2910,51,8365.92
2910,52,8485.29
2910,53,8256.45
2910,54,8448.18
2910,55,8563.73
2910,56,8465.15
2910,57,8511.95
2910,58,8486.83
2910,59,8382.87
2910,60,8600.88
2910,61,8410.71
2910,62,8317.76
2910,63,8511.46
2910,64,8569.57
2910,65,8202.62
2910,66,8553.05
2910,67,8434.79
2910,68,8380.3
2910,69,8209.51
2910,70,8435.04
2910,71,8578.65
2910,72,8571.65
2910,73,8358.89
2910,74,8314.84
2910,75,8394.51
2910,76,8417.95
2910,77,8358.18
2910,78,8260.88
2910,79,8559.73
2910,80,8287.38
2910,81,8501.9
2910,82,8526.12
2910,83,8330.89
2910,84,8392.83
2910,85,8521.02
2910,86,8308.46
2910,87,8277.24
2910,88,8612.88
2910,89,8441.91
2910,90,8562.51
2910,91,8289.44
2910,92,8543.12
2910,93,8305.79
2910,94,8450.9
2910,95,8538.6
2910,96,8326.97
2910,97,8456.71
2910,98,8347.34
2910,99,8302.87
2920,0,8677.68
2920,1,8243.63
2920,2,8278.17
2920,3,8490.33
2920,4,8426.19
2920,5,8425.74
2920,6,8364.94
2920,7,8367.08
2920,8,8442.24
2920,9,8526.85
2920,10,8304.06
2920,11,8492.55
2920,12,8549.31
2920,13,8337.11
2920,14,8554.2
2920,15,8435.86
2920,16,8281.81
2920,17,8394.86
2920,18,8600.23
2920,19,8312.91
2920,20,8427.9
2920,21,8647.07
2920,22,8566.44
2920,23,8263.36
2920,24,8207.36
2920,25,8291.52
2920,26,8366.53
2920,27,8354.15
2920,28,8250.26
2920,29,8463.4
2920,30,8545.74
2920,31,8362.83
2920,32,8505.09
2920,33,8547.14
2920,34,8246.05
2920,35,8506.29
2920,36,8603.98
2920,37,8712.48
2920,38,8443.83
2920,39,8354.05
2920,40,8360.29
2920,41,8472.72
2920,42,8563.66
2920,43,8395.36
2920,44,8442.25
2920,45,8384.72
2920,46,8258.86
2920,47,8439.73
2920,48,8453.34
2920,49,8490.23
2920,50,8662.86
2920,51,8365.62
2920,52,8484.99
2920,53,8256.15
2920,54,8447.88
2920,55,8563.43
2920,56,8464.85
2920,57,8511.65
2920,58,8486.53
2920,59,8382.57
2920,60,8600.58
2920,61,8410.41
2920,62,8317.46
2920,63,8511.16
2920,64,8569.27
2920,65,8202.32
2920,66,8552.75
2920,67,8434.49
2920,68,8380
2920,69,8209.21
2920,70,8434.74
2920,71,8578.35
2920,72,8571.35
2920,73,8358.59
2920,74,8314.54
2920,75,8394.21
2920,76,8417.65
2920,77,8357.88
2920,78,8260.58
2920,79,8559.43
2920,80,8287.08
2920,81,8501.6
2920,82,8525.82
2920,83,8330.59
2920,84,8392.53
2920,85,8520.72
2920,86,8308.16
2920,87,8276.94
2920,88,8612.58
2920,89,8441.61
2920,90,8562.21
2920,91,8289.14
2920,92,8542.82
2920,93,8305.49
2920,94,8450.6
2920,95,8538.3
2920,96,8326.67
2920,97,8456.41
2920,98,8347.04
2920,99,8302.57
2930,0,8677.38
2930,1,8243.33
2930,2,8277.87
2930,3,8490.03
2930,4,8425.89
2930,5,8425.44
2930,6,8364.64
2930,7,8366.78
2930,8,8441.94
2930,9,8526.55
2930,10,8303.76
2930,11,8492.25
2930,12,8549.01
2930,13,8336.81
2930,14,8553.9
2930,15,8435.56
2930,16,8281.51
2930,17,8394.56
2930,18,8599.93
2930,19,8312.61
2930,20,8427.6
2930,21,8646.77
2930,22,8566.14
2930,23,8263.06
2930,24,8207.06
2930,25,8291.22
2930,26,8366.23
2930,27,8353.85
2930,28,8249.96
2930,29,8463.1
2930,30,8545.44
2930,31,8362.53
2930,32,8504.79
2930,33,8546.84
2930,34,8245.75
2930,35,8505.99
2930,36,8603.68
2930,37,8712.18
2930,38,8443.53
2930,39,8353.75
2930,40,8359.99
2930,41,8472.42
2930,42,8563.36
2930,43,8395.06
2930,44,8441.95
2930,45,8384.42
2930,46,8258.56
2930,47,8439.43
2930,48,8453.04
2930,49,8489.93
2930,50,8662.56
2930,51,8365.32
2930,52,8484.69
2930,53,8255.85
2930,54,8447.58
2930,55,8563.13
2930,56,8464.55
2930,57,8511.35
2930,58,8486.23
2930,59,8382.27
2930,60,8600.28
2930,61,8410.11
2930,62,8317.16
2930,63,8510.86
2930,64,8568.97
2930,65,8202.02
2930,66,8552.45
2930,67,8434.19
2930,68,8379.7
2930,69,8208.91
2930,70,8434.44
2930,71,8578.05
2930,72,8571.05
2930,73,8358.29
2930,74,8314.24
2930,75,8393.91
2930,76,8417.35
2930,77,8357.58
2930,78,8260.28
2930,79,8559.13
2930,80,8286.78
2930,81,8501.3
2930,82,8525.52
2930,83,8330.29
2930,84,8392.23
2930,85,8520.42
2930,86,8307.86
2930,87,8276.64
2930,88,8612.28
2930,89,8441.31
2930,90,8561.91
2930,91,8288.84
2930,92,8542.52
2930,93,8305.19
2930,94,8450.3
2930,95,8538
2930,96,8326.37
2930,97,8456.11
2930,98,8346.74
2930,99,8302.27
2940,0,8677.08
2940,1,8243.03
2940,2,8277.57
2940,3,8489.73
2940,4,8425.59
2940,5,8425.14
2940,6,8364.34
2940,7,8366.48
2940,8,8441.64
2940,9,8526.25
2940,10,8303.46
2940,11,8491.95
2940,12,8548.71
2940,13,8336.51
2940,14,8553.6
2940,15,8435.26
2940,16,8281.21
2940,17,8394.26
2940,18,8599.63
2940,19,8312.31
2940,20,8427.3
2940,21,8646.47
2940,22,8565.84
2940,23,8262.76
2940,24,8206.76
2940,25,8290.92
2940,26,8365.93
2940,27,8353.55
2940,28,8249.66
2940,29,8462.8
2940,30,8545.14
2940,31,8362.23
2940,32,8504.49
2940,33,8546.54
2940,34,8245.45
2940,35,8505.69
2940,36,8603.38
2940,37,8711.88
2940,38,8443.23
2940,39,8353.45
2940,40,8359.69
2940,41,8472.12
2940,42,8563.06
2940,43,8394.76
2940,44,8441.65
2940,45,8384.12
2940,46,8258.26
2940,47,8439.13
2940,48,8452.74
2940,49,8489.63
2940,50,8662.26
2940,51,8365.02
2940,52,8484.39
2940,53,8255.55
2940,54,8447.28
2940,55,8562.83
2940,56,8464.25
2940,57,8511.05
2940,58,8485.93
2940,59,8381.97
2940,60,8599.98
2940,61,8409.81
2940,62,8316.86
2940,63,8510.56
2940,64,8568.67
2940,65,8201.72
2940,66,8552.15
2940,67,8433.89
2940,68,8379.4
2940,69,8208.61
2940,70,8434.14
2940,71,8577.75
2940,72,8570.75
2940,73,8357.99
2940,74,8313.94
2940,75,8393.61
2940,76,8417.05
2940,77,8357.28
2940,78,8259.98
2940,79,8558.83
2940,80,8286.48
2940,81,8501
2940,82,8525.22
2940,83,8329.99
2940,84,8391.93
2940,85,8520.12
2940,86,8307.56
2940,87,8276.34
2940,88,8611.98
2940,89,8441.01
2940,90,8561.61
2940,91,8288.54
2940,92,8542.22
2940,93,8304.89
2940,94,8450
2940,95,8537.7
2940,96,8326.07
2940,97,8455.81
2940,98,8346.44
2940,99,8301.97
2950,0,8676.78
2950,1,8242.73
2950,2,8277.27
2950,3,8489.43
2950,4,8425.29
2950,5,8424.84
2950,6,8364.04
2950,7,8366.18
2950,8,8441.34
2950,9,8525.95
2950,10,8303.16
2950,11,8491.65
2950,12,8548.41
2950,13,8336.21
2950,14,8553.3
2950,15,8434.96
2950,16,8280.91
2950,17,8393.96
2950,18,8599.33
2950,19,8312.01
2950,20,8427
2950,21,8646.17
2950,22,8565.54
2950,23,8262.46
2950,24,8206.46
2950,25,8290.62
2950,26,8365.63
2950,27,8353.25
2950,28,8249.36
2950,29,8462.5
2950,30,8544.84
2950,31,8361.93
2950,32,8504.19
2950,33,8546.24
2950,34,8245.15
2950,35,8505.39
2950,36,8603.08
2950,37,8711.58
2950,38,8442.93
2950,39,8353.15
2950,40,8359.39
2950,41,8471.82
2950,42,8562.76
2950,43,8394.46
2950,44,8441.35
2950,45,8383.82
2950,46,8257.96
2950,47,8438.83
2950,48,8452.44
2950,49,8489.33
2950,50,8661.96
2950,51,8364.72
2950,52,8484.09
2950,53,8255.25
2950,54,8446.98
2950,55,8562.53
2950,56,8463.95
2950,57,8510.75
2950,58,8485.63
2950,59,8381.67
2950,60,8599.68
2950,61,8409.51
2950,62,8316.56
2950,63,8510.26
2950,64,8568.37
2950,65,8201.42
2950,66,8551.85
2950,67,8433.59
2950,68,8379.1
2950,69,8208.31
2950,70,8433.84
2950,71,8577.45
2950,72,8570.45
2950,73,8357.69
2950,74,8313.64
2950,75,8393.31
2950,76,8416.75
2950,77,8356.98
2950,78,8259.68
2950,79,8558.53
2950,80,8286.18
2950,81,8500.7
2950,82,8524.92
2950,83,8329.69
2950,84,8391.63
2950,85,8519.82
2950,86,8307.26
2950,87,8276.04
2950,88,8611.68
2950,89,8440.71
2950,90,8561.31
2950,91,8288.24
2950,92,8541.92
2950,93,8304.59
2950,94,8449.7
2950,95,8537.4
2950,96,8325.77
2950,97,8455.51
2950,98,8346.14
2950,99,8301.67
2960,0,8676.48
2960,1,8242.43
2960,2,8276.97
2960,3,8489.13
2960,4,8424.99
2960,5,8424.54
2960,6,8363.74
2960,7,8365.88
2960,8,8441.04
2960,9,8525.65
2960,10,8302.86
2960,11,8491.35
2960,12,8548.11
2960,13,8335.91
2960,14,8553
2960,15,8434.66
2960,16,8280.61
2960,17,8393.66
2960,18,8599.03
2960,19,8311.71
2960,20,8426.7
2960,21,8645.87
2960,22,8565.24
2960,23,8262.16
2960,24,8206.16
2960,25,8290.32
2960,26,8365.33
2960,27,8352.95
2960,28,8249.06
2960,29,8462.2
2960,30,8544.54
2960,31,8361.63
2960,32,8503.89
2960,33,8545.94
2960,34,8244.85
2960,35,8505.09
2960,36,8602.78
2960,37,8711.28
2960,38,8442.63
2960,39,8352.85
2960,40,8359.09
2960,41,8471.52
2960,42,8562.46
2960,43,8394.16
2960,44,8441.05
2960,45,8383.52
2960,46,8257.66
2960,47,8438.53
2960,48,8452.14
2960,49,8489.03
2960,50,8661.66
2960,51,8364.42
2960,52,8483.79
2960,53,8254.95
2960,54,8446.68
2960,55,8562.23
2960,56,8463.65
2960,57,8510.45
2960,58,8485.33
2960,59,8381.37
2960,60,8599.38
2960,61,8409.21
2960,62,8316.26
2960,63,8509.96
2960,64,8568.07
2960,65,8201.12
2960,66,8551.55
2960,67,8433.29
2960,68,8378.8
2960,69,8208.01
2960,70,8433.54
2960,71,8577.15
2960,72,8570.15
2960,73,8357.39
2960,74,8313.34
2960,75,8393.01
2960,76,8416.45
2960,77,8356.68
2960,78,8259.38
2960,79,8558.23
2960,80,8285.88
2960,81,8500.4
2960,82,8524.62
2960,83,8329.39
2960,84,8391.33
2960,85,8519.52
2960,86,8306.96
2960,87,8275.74
2960,88,8611.38
2960,89,8440.41
2960,90,8561.01
2960,91,8287.94
2960,92,8541.62
2960,93,8304.29
2960,94,8449.4
2960,95,8537.1
2960,96,8325.47
2960,97,8455.21
2960,98,8345.84
2960,99,8301.37
2970,0,8676.18
2970,1,8242.13
2970,2,8276.67
2970,3,8488.83
2970,4,8424.69
2970,5,8424.24
2970,6,8363.44
2970,7,8365.58
2970,8,8440.74
2970,9,8525.35
2970,10,8302.56
2970,11,8491.05
2970,12,8547.81
2970,13,8335.61
2970,14,8552.7
2970,15,8434.36
2970,16,8280.31
2970,17,8393.36
2970,18,8598.73
2970,19,8311.41
2970,20,8426.4
2970,21,8645.57
2970,22,8564.94
2970,23,8261.86
2970,24,8205.86
2970,25,8290.02
2970,26,8365.03
2970,27,8352.65
2970,28,8248.76
2970,29,8461.9
2970,30,8544.24
2970,31,8361.33
2970,32,8503.59
2970,33,8545.64
2970,34,8244.55
2970,35,8504.79
2970,36,8602.48
2970,37,8710.98
2970,38,8442.33
2970,39,8352.55
2970,40,8358.79
2970,41,8471.22
2970,42,8562.16
2970,43,8393.86
2970,44,8440.75
2970,45,8383.22
2970,46,8257.36
2970,47,8438.23
2970,48,8451.84
2970,49,8488.73
2970,50,8661.36
2970,51,8364.12
2970,52,8483.49
2970,53,8254.65
2970,54,8446.38
2970,55,8561.93
2970,56,8463.35
2970,57,8510.15
2970,58,8485.03
2970,59,8381.07
2970,60,8599.08
2970,61,8408.91
2970,62,8315.96
2970,63,8509.66
2970,64,8567.77
2970,65,8200.82
2970,66,8551.25
2970,67,8432.99
2970,68,8378.5
2970,69,8207.71
2970,70,8433.24
2970,71,8576.85
2970,72,8569.85
2970,73,8357.09
2970,74,8313.04
2970,75,8392.71
2970,76,8416.15
2970,77,8356.38
2970,78,8259.08
2970,79,8557.93
2970,80,8285.58
2970,81,8500.1
2970,82,8524.32
2970,83,8329.09
2970,84,8391.03
2970,85,8519.22
2970,86,8306.66
2970,87,8275.44
2970,88,8611.08
2970,89,8440.11
2970,90,8560.71
2970,91,8287.64
2970,92,8541.32
2970,93,8303.99
2970,94,8449.1
2970,95,8536.8
2970,96,8325.17
2970,97,8454.91
2970,98,8345.54
2970,99,8301.07
2980,0,8675.88
2980,1,8241.83
2980,2,8276.37
2980,3,8488.53
2980,4,8424.39
2980,5,8423.94
2980,6,8363.14
2980,7,8365.28
2980,8,8440.44
2980,9,8525.05
2980,10,8302.26
2980,11,8490.75
2980,12,8547.51
2980,13,8335.31
2980,14,8552.4
2980,15,8434.06
2980,16,8280.01
2980,17,8393.06
2980,18,8598.43
2980,19,8311.11
2980,20,8426.1
2980,21,8645.27
2980,22,8564.64
2980,23,8261.56
2980,24,8205.56
2980,25,8289.72
2980,26,8364.73
2980,27,8352.35
2980,28,8248.46
2980,29,8461.6
2980,30,8543.94
2980,31,8361.03
2980,32,8503.29
2980,33,8545.34
2980,34,8244.25
2980,35,8504.49
2980,36,8602.18
2980,37,8710.68
2980,38,8442.03
2980,39,8352.25
2980,40,8358.49
2980,41,8470.92
2980,42,8561.86
2980,43,8393.56
2980,44,8440.45
2980,45,8382.92
2980,46,8257.06
2980,47,8437.93
2980,48,8451.54
2980,49,8488.43
2980,50,8661.06
2980,51,8363.82
2980,52,8483.19
2980,53,8254.35
2980,54,8446.08
2980,55,8561.63
2980,56,8463.05
2980,57,8509.85
2980,58,8484.73
2980,59,8380.77
2980,60,8598.78
2980,61,8408.61
2980,62,8315.66
2980,63,8509.36
2980,64,8567.47
2980,65,8200.52
2980,66,8550.95
2980,67,8432.69
2980,68,8378.2
2980,69,8207.41
2980,70,8432.94
2980,71,8576.55
2980,72,8569.55
2980,73,8356.79
2980,74,8312.74
2980,75,8392.41
2980,76,8415.85
2980,77,8356.08
2980,78,8258.78
2980,79,8557.63
2980,80,8285.28
2980,81,8499.8
2980,82,8524.02
2980,83,8328.79
2980,84,8390.73
2980,85,8518.92
2980,86,8306.36
2980,87,8275.14
2980,88,8610.78
2980,89,8439.81
2980,90,8560.41
2980,91,8287.34
2980,92,8541.02
2980,93,8303.69
2980,94,8448.8
2980,95,8536.5
2980,96,8324.87
2980,97,8454.61
2980,98,8345.24
2980,99,8300.77
2990,0,8675.58
2990,1,8241.53
2990,2,8276.07
2990,3,8488.23
2990,4,8424.09
2990,5,8423.64
2990,6,8362.84
2990,7,8364.98
2990,8,8440.14
2990,9,8524.75
2990,10,8301.96
2990,11,8490.45
2990,12,8547.21
2990,13,8335.01
2990,14,8552.1
2990,15,8433.76
2990,16,8279.71
2990,17,8392.76
2990,18,8598.13
2990,19,8310.81
2990,20,8425.8
2990,21,8644.97
2990,22,8564.34
2990,23,8261.26
2990,24,8205.26
2990,25,8289.42
2990,26,8364.43
2990,27,8352.05
2990,28,8248.16
2990,29,8461.3
2990,30,8543.64
2990,31,8360.73
2990,32,8502.99
2990,33,8545.04
2990,34,8243.95
2990,35,8504.19
2990,36,8601.88
2990,37,8710.38
2990,38,8441.73
2990,39,8351.95
2990,40,8358.19
2990,41,8470.62
2990,42,8561.56
2990,43,8393.26
2990,44,8440.15
2990,45,8382.62
2990,46,8256.76
2990,47,8437.63
2990,48,8451.24
2990,49,8488.13
2990,50,8660.76
2990,51,8363.52
2990,52,8482.89
2990,53,8254.05
2990,54,8445.78
2990,55,8561.33
2990,56,8462.75
2990,57,8509.55
2990,58,8484.43
2990,59,8380.47
2990,60,8598.48
2990,61,8408.31
2990,62,8315.36
2990,63,8509.06
2990,64,8567.17
2990,65,8200.22
2990,66,8550.65
2990,67,8432.39
2990,68,8377.9
2990,69,8207.11
2990,70,8432.64
2990,71,8576.25
2990,72,8569.25
2990,73,8356.49
2990,74,8312.44
2990,75,8392.11
2990,76,8415.55
2990,77,8355.78
2990,78,8258.48
2990,79,8557.33
2990,80,8284.98
2990,81,8499.5
2990,82,8523.72
2990,83,8328.49
2990,84,8390.43
2990,85,8518.62
2990,86,8306.06
2990,87,8274.84
2990,88,8610.48
2990,89,8439.51
2990,90,8560.11
2990,91,8287.04
2990,92,8540.72
2990,93,8303.39
2990,94,8448.5
2990,95,8536.2
2990,96,8324.57
2990,97,8454.31
2990,98,8344.94
2990,99,8300.47
