time,node_id,residual_energy
0,0,10000
0,1,10000
0,2,10000
0,3,10000
0,4,10000
0,5,10000
0,6,10000
0,7,10000
0,8,10000
0,9,10000
0,10,10000
0,11,10000
0,12,10000
0,13,10000
0,14,10000
0,15,10000
0,16,10000
0,17,10000
0,18,10000
0,19,10000
0,20,10000
0,21,10000
0,22,10000
0,23,10000
0,24,10000
0,25,10000
0,26,10000
0,27,10000
0,28,10000
0,29,10000
0,30,10000
0,31,10000
0,32,10000
0,33,10000
0,34,10000
0,35,10000
0,36,10000
0,37,10000
0,38,10000
0,39,10000
0,40,10000
0,41,10000
0,42,10000
0,43,10000
0,44,10000
0,45,10000
0,46,10000
0,47,10000
0,48,10000
0,49,10000
0,50,10000
0,51,10000
0,52,10000
0,53,10000
0,54,10000
0,55,10000
0,56,10000
0,57,10000
0,58,10000
0,59,10000
0,60,10000
0,61,10000
0,62,10000
0,63,10000
0,64,10000
0,65,10000
0,66,10000
0,67,10000
0,68,10000
0,69,10000
0,70,10000
0,71,10000
0,72,10000
0,73,10000
0,74,10000
0,75,10000
0,76,10000
0,77,10000
0,78,10000
0,79,10000
0,80,10000
0,81,10000
0,82,10000
0,83,10000
0,84,10000
0,85,10000
0,86,10000
0,87,10000
0,88,10000
0,89,10000
0,90,10000
0,91,10000
0,92,10000
0,93,10000
0,94,10000
0,95,10000
0,96,10000
0,97,10000
0,98,10000
0,99,10000
10,0,9999.73
10,1,9999.73
10,2,9999.73
10,3,9999.73
10,4,9999.73
10,5,9999.73
10,6,9999.73
10,7,9999.73
10,8,9999.73
10,9,9999.73
10,10,9999.73
10,11,9999.73
10,12,9999.73
10,13,9999.73
10,14,9999.73
10,15,9999.73
10,16,9999.73
10,17,9999.73
10,18,9999.73
10,19,9999.73
10,20,9999.73
10,21,9999.73
10,22,9999.73
10,23,9999.73
10,24,9999.73
10,25,9999.73
10,26,9999.73
10,27,9999.73
10,28,9999.73
10,29,9999.73
10,30,9999.73
10,31,9999.73
10,32,9999.73
10,33,9999.73
10,34,9999.73
10,35,9999.73
10,36,9999.73
10,37,9999.73
10,38,9999.73
10,39,9999.73
10,40,9999.73
10,41,9999.73
10,42,9999.73
10,43,9999.73
10,44,9999.73
10,45,9999.73
10,46,9999.73
10,47,9999.73
10,48,9999.73
10,49,9999.73
10,50,9999.73
10,51,9999.73
10,52,9999.73
10,53,9999.73
10,54,9999.73
10,55,9999.73
10,56,9999.73
10,57,9999.73
10,58,9999.73
10,59,9999.73
10,60,9999.73
10,61,9999.73
10,62,9999.73
10,63,9999.73
10,64,9999.73
10,65,9999.73
10,66,9999.73
10,67,9999.73
10,68,9999.73
10,69,9999.73
10,70,9999.73
10,71,9999.73
10,72,9999.73
10,73,9999.73
10,74,9999.73
10,75,9999.73
10,76,9999.73
10,77,9999.73
10,78,9999.73
10,79,9999.73
10,80,9999.73
10,81,9999.73
10,82,9999.73
10,83,9999.73
10,84,9999.73
10,85,9999.73
10,86,9999.73
10,87,9999.73
10,88,9999.73
10,89,9999.73
10,90,9999.73
10,91,9999.73
10,92,9999.73
10,93,9999.73
10,94,9999.73
10,95,9999.73
10,96,9999.73
10,97,9999.73
10,98,9999.73
10,99,9999.73
20,0,9999.43
20,1,9999.43
20,2,9999.43
20,3,9999.43
20,4,9999.43
20,5,9999.43
20,6,9999.43
20,7,9999.43
20,8,9999.43
20,9,9999.43
20,10,9999.43
20,11,9999.43
20,12,9999.43
20,13,9999.43
20,14,9999.43
20,15,9999.43
20,16,9999.43
20,17,9999.43
20,18,9999.43
20,19,9999.43
20,20,9999.43
20,21,9999.43
20,22,9999.43
20,23,9999.43
20,24,9999.43
20,25,9999.43
20,26,9999.43
20,27,9999.43
20,28,9999.43
20,29,9999.43
20,30,9999.43
20,31,9999.43
20,32,9999.43
20,33,9999.43
20,34,9999.43
20,35,9999.43
20,36,9999.43
20,37,9999.43
20,38,9999.43
20,39,9999.43
20,40,9999.43
20,41,9999.43
20,42,9999.43
20,43,9999.43
20,44,9999.43
20,45,9999.43
20,46,9999.43
20,47,9999.43
20,48,9999.43
20,49,9999.43
20,50,9999.43
20,51,9999.43
20,52,9999.43
20,53,9999.43
20,54,9999.43
20,55,9999.43
20,56,9999.43
20,57,9999.43
20,58,9999.43
20,59,9999.43
20,60,9999.43
20,61,9999.43
20,62,9999.43
20,63,9999.43
20,64,9999.43
20,65,9999.43
20,66,9999.43
20,67,9999.43
20,68,9999.43
20,69,9999.43
20,70,9999.43
20,71,9999.43
20,72,9999.43
20,73,9999.43
20,74,9999.43
20,75,9999.43
20,76,9999.43
20,77,9999.43
20,78,9999.43
20,79,9999.43
20,80,9999.43
20,81,9999.43
20,82,9999.43
20,83,9999.43
20,84,9999.43
20,85,9999.43
20,86,9999.43
20,87,9999.43
20,88,9999.43
20,89,9999.43
20,90,9999.43
20,91,9999.43
20,92,9999.43
20,93,9999.43
20,94,9999.43
20,95,9999.43
20,96,9999.43
20,97,9999.43
20,98,9999.43
20,99,9999.43
30,0,9999.13
30,1,9999.13
30,2,9999.13
30,3,9999.13
30,4,9999.13
30,5,9999.13
30,6,9999.13
30,7,9999.13
30,8,9999.13
30,9,9999.13
30,10,9999.13
30,11,9999.13
30,12,9999.13
30,13,9999.13
30,14,9999.13
30,15,9999.13
30,16,9999.13
30,17,9999.13
30,18,9999.13
30,19,9999.13
30,20,9999.13
30,21,9999.13
30,22,9999.13
30,23,9999.13
30,24,9999.13
30,25,9999.13
30,26,9999.13
30,27,9999.13
30,28,9999.13
30,29,9999.13
30,30,9999.13
30,31,9999.13
30,32,9999.13
30,33,9999.13
30,34,9999.13
30,35,9999.13
30,36,9999.13
30,37,9999.13
30,38,9999.13
30,39,9999.13
30,40,9999.13
30,41,9999.13
30,42,9999.13
30,43,9999.13
30,44,9999.13
30,45,9999.13
30,46,9999.13
30,47,9999.13
30,48,9999.13
30,49,9999.13
30,50,9999.13
30,51,9999.13
30,52,9999.13
30,53,9999.13
30,54,9999.13
30,55,9999.13
30,56,9999.13
30,57,9999.13
30,58,9999.13
30,59,9999.13
30,60,9999.13
30,61,9999.13
30,62,9999.13
30,63,9999.13
30,64,9999.13
30,65,9999.13
30,66,9999.13
30,67,9999.13
30,68,9999.13
30,69,9999.13
30,70,9999.13
30,71,9999.13
30,72,9999.13
30,73,9999.13
30,74,9999.13
30,75,9999.13
30,76,9999.13
30,77,9999.13
30,78,9999.13
30,79,9999.13
30,80,9999.13
30,81,9999.13
30,82,9999.13
30,83,9999.13
30,84,9999.13
30,85,9999.13
30,86,9999.13
30,87,9999.13
30,88,9999.13
30,89,9999.13
30,90,9999.13
30,91,9999.13
30,92,9999.13
30,93,9999.13
30,94,9999.13
30,95,9999.13
30,96,9999.13
30,97,9999.13
30,98,9999.13
30,99,9999.13
40,0,9985.04
40,1,9982.38
40,2,9985.82
40,3,9980.86
40,4,9982.85
40,5,9984.27
40,6,9982.7
40,7,9981.83
40,8,9982.84
40,9,9980.39
40,10,9983.9
40,11,9984.42
40,12,9984.44
40,13,9984.06
40,14,9980.61
40,15,9982.83
40,16,9983.74
40,17,9986.19
40,18,9983.91
40,19,9982.73
40,20,9983.9
40,21,9980.62
40,22,9980.89
40,23,9982.33
40,24,9983.71
40,25,9981.35
40,26,9983.29
40,27,9981.77
40,28,9982.27
40,29,9982.55
40,30,9982.93
40,31,9984.61
40,32,9982.51
40,33,9984.41
40,34,9983.23
40,35,9979.63
40,36,9981.5
40,37,9978.81
40,38,9984.88
40,39,9980.82
40,40,9981.87
40,41,9983.19
40,42,9985.23
40,43,9981.97
40,44,9983.2
40,45,9980.68
40,46,9986.62
40,47,9986.17
40,48,9986.13
40,49,9979.86
40,50,9982.85
40,51,9981.41
40,52,9982.99
40,53,9984.25
40,54,9982.65
40,55,9979.52
40,56,9980.74
40,57,9980.32
40,58,9982.04
40,59,9986.26
40,60,9983.67
40,61,9981.78
40,62,9982.14
40,63,9982.53
40,64,9985.55
40,65,9982.32
40,66,9979.26
40,67,9983.04
40,68,9983.25
40,69,9984.25
40,70,9983.41
40,71,9985.52
40,72,9981.81
40,73,9985.81
40,74,9981.16
40,75,9982.07
40,76,9982.31
40,77,9985.5
40,78,9982.46
40,79,9984.31
40,80,9984.73
40,81,9984.32
40,82,9982.72
40,83,9983.03
40,84,9984.24
40,85,9981.75
40,86,9983.93
40,87,9983.12
40,88,9983.79
40,89,9982.3
40,90,9980.45
40,91,9983.48
40,92,9983.27
40,93,9983.82
40,94,9984.27
40,95,9982.32
40,96,9981.64
40,97,9982.66
40,98,9985.1
40,99,9986.04
50,0,9984.74
50,1,9982.09
50,2,9985.52
50,3,9980.58
50,4,9982.55
50,5,9983.97
50,6,9982.41
50,7,9981.53
50,8,9982.54
50,9,9980.1
50,10,9983.61
50,11,9984.12
50,12,9984.14
50,13,9983.76
50,14,9980.35
50,15,9982.53
50,16,9983.44
50,17,9985.89
50,18,9983.61
50,19,9982.43
50,20,9983.6
50,21,9980.33
50,22,9980.59
50,23,9982.03
50,24,9983.41
50,25,9981.08
50,26,9982.99
50,27,9981.49
50,28,9981.97
50,29,9982.25
50,30,9982.63
50,31,9984.31
50,32,9982.23
50,33,9984.11
50,34,9982.93
50,35,9979.35
50,36,9981.2
50,37,9978.52
50,38,9984.58
50,39,9980.53
50,40,9981.58
50,41,9982.89
50,42,9984.93
50,43,9981.67
50,44,9982.9
50,45,9980.4
50,46,9986.32
50,47,9985.87
50,48,9985.83
50,49,9979.58
50,50,9982.55
50,51,9981.11
50,52,9982.7
50,53,9983.95
50,54,9982.36
50,55,9979.25
50,56,9980.46
50,57,9980.04
50,58,9981.74
50,59,9985.96
50,60,9983.37
50,61,9981.49
50,62,9981.84
50,63,9982.23
50,64,9985.25
50,65,9982.02
50,66,9978.99
50,67,9982.74
50,68,9982.95
50,69,9983.95
50,70,9983.11
50,71,9985.22
50,72,9981.51
50,73,9985.51
50,74,9980.86
50,75,9981.77
50,76,9982.02
50,77,9985.2
50,78,9982.16
50,79,9984.01
50,80,9984.43
50,81,9984.02
50,82,9982.42
50,83,9982.73
50,84,9983.94
50,85,9981.47
50,86,9983.63
50,87,9982.82
50,88,9983.49
50,89,9982.02
50,90,9980.2
50,91,9983.18
50,92,9982.97
50,93,9983.52
50,94,9983.97
50,95,9982.02
50,96,9981.35
50,97,9982.36
50,98,9984.8
50,99,9985.74
60,0,9984.44
60,1,9981.79
60,2,9985.22
60,3,9980.28
60,4,9982.25
60,5,9983.67
60,6,9982.11
60,7,9981.23
60,8,9982.24
60,9,9979.8
60,10,9983.31
60,11,9983.82
60,12,9983.84
60,13,9983.46
60,14,9980.05
60,15,9982.23
60,16,9983.14
60,17,9985.59
60,18,9983.31
60,19,9982.13
60,20,9983.3
60,21,9980.03
60,22,9980.29
60,23,9981.73
60,24,9983.11
60,25,9980.78
60,26,9982.69
60,27,9981.19
60,28,9981.67
60,29,9981.95
60,30,9982.33
60,31,9984.01
60,32,9981.93
60,33,9983.81
60,34,9982.63
60,35,9979.05
60,36,9980.9
60,37,9978.22
60,38,9984.28
60,39,9980.23
60,40,9981.28
60,41,9982.59
60,42,9984.63
60,43,9981.37
60,44,9982.6
60,45,9980.1
60,46,9986.02
60,47,9985.57
60,48,9985.53
60,49,9979.28
60,50,9982.25
60,51,9980.81
60,52,9982.4
60,53,9983.65
60,54,9982.06
60,55,9978.95
60,56,9980.16
60,57,9979.74
60,58,9981.44
60,59,9985.66
60,60,9983.07
60,61,9981.19
60,62,9981.54
60,63,9981.93
60,64,9984.95
60,65,9981.72
60,66,9978.69
60,67,9982.44
60,68,9982.65
60,69,9983.65
60,70,9982.81
60,71,9984.92
60,72,9981.21
60,73,9985.21
60,74,9980.56
60,75,9981.47
60,76,9981.72
60,77,9984.9
60,78,9981.86
60,79,9983.71
60,80,9984.13
60,81,9983.72
60,82,9982.12
60,83,9982.43
60,84,9983.64
60,85,9981.17
60,86,9983.33
60,87,9982.52
60,88,9983.19
60,89,9981.72
60,90,9979.9
60,91,9982.88
60,92,9982.67
60,93,9983.22
60,94,9983.67
60,95,9981.72
60,96,9981.05
60,97,9982.06
60,98,9984.5
60,99,9985.44
70,0,9969.56
70,1,9965.06
70,2,9973.06
70,3,9962.14
70,4,9964.99
70,5,9967.1
70,6,9964.59
70,7,9964.08
70,8,9961.36
70,9,9961
70,10,9966.38
70,11,9968.73
70,12,9963.39
70,13,9966.46
70,14,9961.6
70,15,9966.04
70,16,9965.04
70,17,9972.61
70,18,9967.51
70,19,9965.88
70,20,9968.13
70,21,9960.91
70,22,9961.53
70,23,9964.14
70,24,9965.45
70,25,9962.85
70,26,9966.37
70,27,9961.4
70,28,9961.48
70,29,9961.81
70,30,9965.04
70,31,9968.64
70,32,9964.84
70,33,9967.26
70,34,9965.38
70,35,9961.9
70,36,9964.25
70,37,9957.69
70,38,9970.07
70,39,9961.53
70,40,9964.27
70,41,9967.05
70,42,9970.76
70,43,9966.12
70,44,9966.2
70,45,9963.89
70,46,9972.07
70,47,9971.8
70,48,9973.26
70,49,9961.41
70,50,9966.36
70,51,9968.23
70,52,9965.61
70,53,9968.16
70,54,9962.39
70,55,9958.34
70,56,9961.87
70,57,9961.9
70,58,9959.26
70,59,9971.96
70,60,9967.5
70,61,9963.87
70,62,9964.56
70,63,9969.2
70,64,9970.16
70,65,9962.73
70,66,9961.39
70,67,9964.15
70,68,9962.61
70,69,9965.82
70,70,9963.86
70,71,9968.71
70,72,9964.16
70,73,9969.57
70,74,9964.43
70,75,9964.6
70,76,9963.07
70,77,9970.89
70,78,9962.17
70,79,9969.71
70,80,9968.69
70,81,9967
70,82,9965.29
70,83,9965.98
70,84,9964.27
70,85,9963.86
70,86,9969.09
70,87,9966.65
70,88,9966.51
70,89,9962.7
70,90,9960.85
70,91,9964.64
70,92,9963.38
70,93,9968.62
70,94,9966.07
70,95,9963.39
70,96,9960.81
70,97,9963.81
70,98,9962.67
70,99,9970.6
80,0,9969.26
80,1,9964.79
80,2,9972.76
80,3,9961.87
80,4,9964.71
80,5,9966.82
80,6,9964.32
80,7,9963.8
80,8,9961.12
80,9,9960.74
80,10,9966.11
80,11,9968.44
80,12,9963.12
80,13,9966.2
80,14,9961.37
80,15,9965.75
80,16,9964.78
80,17,9972.31
80,18,9967.23
80,19,9965.61
80,20,9967.86
80,21,9960.65
80,22,9961.25
80,23,9963.89
80,24,9965.17
80,25,9962.59
80,26,9966.12
80,27,9961.19
80,28,9961.25
80,29,9961.55
80,30,9964.77
80,31,9968.35
80,32,9964.58
80,33,9967
80,34,9965.09
80,35,9961.63
80,36,9963.97
80,37,9957.42
80,38,9969.77
80,39,9961.27
80,40,9964
80,41,9966.75
80,42,9970.46
80,43,9965.82
80,44,9965.92
80,45,9963.63
80,46,9971.78
80,47,9971.5
80,48,9972.96
80,49,9961.15
80,50,9966.07
80,51,9967.93
80,52,9965.34
80,53,9967.87
80,54,9962.16
80,55,9958.1
80,56,9961.6
80,57,9961.62
80,58,9959.02
80,59,9971.66
80,60,9967.21
80,61,9963.59
80,62,9964.27
80,63,9968.9
80,64,9969.86
80,65,9962.48
80,66,9961.14
80,67,9963.9
80,68,9962.37
80,69,9965.54
80,70,9963.6
80,71,9968.43
80,72,9963.88
80,73,9969.29
80,74,9964.13
80,75,9964.3
80,76,9962.84
80,77,9970.59
80,78,9961.91
80,79,9969.42
80,80,9968.41
80,81,9966.75
80,82,9964.99
80,83,9965.69
80,84,9964.02
80,85,9963.6
80,86,9968.8
80,87,9966.35
80,88,9966.23
80,89,9962.45
80,90,9960.62
80,91,9964.4
80,92,9963.13
80,93,9968.33
80,94,9965.82
80,95,9963.15
80,96,9960.59
80,97,9963.54
80,98,9962.4
80,99,9970.31
90,0,9968.96
90,1,9964.49
90,2,9972.46
90,3,9961.57
90,4,9964.41
90,5,9966.52
90,6,9964.02
90,7,9963.5
90,8,9960.82
90,9,9960.44
90,10,9965.81
90,11,9968.14
90,12,9962.82
90,13,9965.9
90,14,9961.07
90,15,9965.45
90,16,9964.48
90,17,9972.01
90,18,9966.93
90,19,9965.31
90,20,9967.56
90,21,9960.35
90,22,9960.95
90,23,9963.59
90,24,9964.87
90,25,9962.29
90,26,9965.82
90,27,9960.89
90,28,9960.95
90,29,9961.25
90,30,9964.47
90,31,9968.05
90,32,9964.28
90,33,9966.7
90,34,9964.79
90,35,9961.33
90,36,9963.67
90,37,9957.12
90,38,9969.47
90,39,9960.97
90,40,9963.7
90,41,9966.45
90,42,9970.16
90,43,9965.52
90,44,9965.62
90,45,9963.33
90,46,9971.48
90,47,9971.2
90,48,9972.66
90,49,9960.85
90,50,9965.77
90,51,9967.63
90,52,9965.04
90,53,9967.57
90,54,9961.86
90,55,9957.8
90,56,9961.3
90,57,9961.32
90,58,9958.72
90,59,9971.36
90,60,9966.91
90,61,9963.29
90,62,9963.97
90,63,9968.6
90,64,9969.56
90,65,9962.18
90,66,9960.84
90,67,9963.6
90,68,9962.07
90,69,9965.24
90,70,9963.3
90,71,9968.13
90,72,9963.58
90,73,9968.99
90,74,9963.83
90,75,9964
90,76,9962.54
90,77,9970.29
90,78,9961.61
90,79,9969.12
90,80,9968.11
90,81,9966.45
90,82,9964.69
90,83,9965.39
90,84,9963.72
90,85,9963.3
90,86,9968.5
90,87,9966.05
90,88,9965.93
90,89,9962.15
90,90,9960.32
90,91,9964.1
90,92,9962.83
90,93,9968.03
90,94,9965.52
90,95,9962.85
90,96,9960.29
90,97,9963.24
90,98,9962.1
90,99,9970.01
100,0,9954.89
100,1,9950.11
100,2,9960.42
100,3,9947.05
100,4,9947.18
100,5,9951.94
100,6,9948.07
100,7,9949.2
100,8,9944.13
100,9,9943.42
100,10,9951.9
100,11,9953.97
100,12,9945.26
100,13,9951.66
100,14,9945.7
100,15,9950.35
100,16,9950.45
100,17,9958.91
100,18,9950.98
100,19,9951.79
100,20,9953.07
100,21,9943.87
100,22,9945.42
100,23,9946.02
100,24,9950.92
100,25,9947.93
100,26,9950.8
100,27,9942.56
100,28,9946.01
100,29,9943.94
100,30,9945.85
100,31,9955.52
100,32,9950.18
100,33,9952.78
100,34,9946.23
100,35,9943.34
100,36,9950.59
100,37,9941
100,38,9955.1
100,39,9946.41
100,40,9950.36
100,41,9950.77
100,42,9954.27
100,43,9951.07
100,44,9952.63
100,45,9947.3
100,46,9956.83
100,47,9957.05
100,48,9958.85
100,49,9948.27
100,50,9949.73
100,51,9955.14
100,52,9948.67
100,53,9951.23
100,54,9945.35
100,55,9939.23
100,56,9945.64
100,57,9941.13
100,58,9941.61
100,59,9957.47
100,60,9950.3
100,61,9945.67
100,62,9945.94
100,63,9952.63
100,64,9953.65
100,65,9947.65
100,66,9944.44
100,67,9948.69
100,68,9945.22
100,69,9951.37
100,70,9949.39
100,71,9954.58
100,72,9948.74
100,73,9952.74
100,74,9952.05
100,75,9950.36
100,76,9944.55
100,77,9955.07
100,78,9946.86
100,79,9955.96
100,80,9955.33
100,81,9951.11
100,82,9947.36
100,83,9949.66
100,84,9948.17
100,85,9950.86
100,86,9954.08
100,87,9950.95
100,88,9951.62
100,89,9948.16
100,90,9944.9
100,91,9947.19
100,92,9947.44
100,93,9953.8
100,94,9951.52
100,95,9946.37
100,96,9941.12
100,97,9946.81
100,98,9947.21
100,99,9956.87
110,0,9954.59
110,1,9949.82
110,2,9960.12
110,3,9946.77
110,4,9946.92
110,5,9951.64
110,6,9947.8
110,7,9948.91
110,8,9943.86
110,9,9943.14
110,10,9951.6
110,11,9953.67
110,12,9944.97
110,13,9951.37
110,14,9945.43
110,15,9950.07
110,16,9950.16
110,17,9958.61
110,18,9950.7
110,19,9951.49
110,20,9952.77
110,21,9943.59
110,22,9945.12
110,23,9945.75
110,24,9950.62
110,25,9947.64
110,26,9950.52
110,27,9942.32
110,28,9945.72
110,29,9943.67
110,30,9945.56
110,31,9955.22
110,32,9949.88
110,33,9952.48
110,34,9945.97
110,35,9943.09
110,36,9950.29
110,37,9940.7
110,38,9954.8
110,39,9946.13
110,40,9950.06
110,41,9950.48
110,42,9953.99
110,43,9950.77
110,44,9952.33
110,45,9947.01
110,46,9956.55
110,47,9956.75
110,48,9958.55
110,49,9947.97
110,50,9949.47
110,51,9954.84
110,52,9948.4
110,53,9950.97
110,54,9945.09
110,55,9938.97
110,56,9945.36
110,57,9940.89
110,58,9941.34
110,59,9957.17
110,60,9950.03
110,61,9945.41
110,62,9945.68
110,63,9952.33
110,64,9953.35
110,65,9947.37
110,66,9944.16
110,67,9948.4
110,68,9944.94
110,69,9951.07
110,70,9949.09
110,71,9954.28
110,72,9948.44
110,73,9952.46
110,74,9951.75
110,75,9950.06
110,76,9944.3
110,77,9954.78
110,78,9946.56
110,79,9955.66
110,80,9955.03
110,81,9950.84
110,82,9947.09
110,83,9949.39
110,84,9947.89
110,85,9950.57
110,86,9953.79
110,87,9950.66
110,88,9951.33
110,89,9947.87
110,90,9944.64
110,91,9946.92
110,92,9947.16
110,93,9953.5
110,94,9951.23
110,95,9946.1
110,96,9940.89
110,97,9946.53
110,98,9946.93
110,99,9956.57
120,0,9954.29
120,1,9949.52
120,2,9959.82
120,3,9946.47
120,4,9946.62
120,5,9951.34
120,6,9947.5
120,7,9948.61
120,8,9943.56
120,9,9942.84
120,10,9951.3
120,11,9953.37
120,12,9944.67
120,13,9951.07
120,14,9945.13
120,15,9949.77
120,16,9949.86
120,17,9958.31
120,18,9950.4
120,19,9951.19
120,20,9952.47
120,21,9943.29
120,22,9944.82
120,23,9945.45
120,24,9950.32
120,25,9947.34
120,26,9950.22
120,27,9942.02
120,28,9945.42
120,29,9943.37
120,30,9945.26
120,31,9954.92
120,32,9949.58
120,33,9952.18
120,34,9945.67
120,35,9942.79
120,36,9949.99
120,37,9940.4
120,38,9954.5
120,39,9945.83
120,40,9949.76
120,41,9950.18
120,42,9953.69
120,43,9950.47
120,44,9952.03
120,45,9946.71
120,46,9956.25
120,47,9956.45
120,48,9958.25
120,49,9947.67
120,50,9949.17
120,51,9954.54
120,52,9948.1
120,53,9950.67
120,54,9944.79
120,55,9938.67
120,56,9945.06
120,57,9940.59
120,58,9941.04
120,59,9956.87
120,60,9949.73
120,61,9945.11
120,62,9945.38
120,63,9952.03
120,64,9953.05
120,65,9947.07
120,66,9943.86
120,67,9948.1
120,68,9944.64
120,69,9950.77
120,70,9948.79
120,71,9953.98
120,72,9948.14
120,73,9952.16
120,74,9951.45
120,75,9949.76
120,76,9944
120,77,9954.48
120,78,9946.26
120,79,9955.36
120,80,9954.73
120,81,9950.54
120,82,9946.79
120,83,9949.09
120,84,9947.59
120,85,9950.27
120,86,9953.49
120,87,9950.36
120,88,9951.03
120,89,9947.57
120,90,9944.34
120,91,9946.62
120,92,9946.86
120,93,9953.2
120,94,9950.93
120,95,9945.8
120,96,9940.59
120,97,9946.23
120,98,9946.63
120,99,9956.27
130,0,9938.86
130,1,9936.81
130,2,9946.07
130,3,9929.66
130,4,9930.39
130,5,9936.83
130,6,9930.5
130,7,9931.8
130,8,9928.53
130,9,9925.97
130,10,9934.82
130,11,9939.78
130,12,9930.24
130,13,9935.56
130,14,9929.88
130,15,9931.97
130,16,9933.1
130,17,9946.23
130,18,9936.5
130,19,9933.28
130,20,9938.32
130,21,9926.64
130,22,9927.8
130,23,9925.52
130,24,9936.21
130,25,9933.23
130,26,9936.72
130,27,9927.5
130,28,9928.14
130,29,9926.48
130,30,9929.64
130,31,9940.32
130,32,9933.74
130,33,9937.46
130,34,9926.15
130,35,9924.8
130,36,9934.1
130,37,9922.11
130,38,9940.38
130,39,9930.18
130,40,9932.74
130,41,9934.98
130,42,9939.82
130,43,9936.76
130,44,9936.71
130,45,9932.26
130,46,9943.71
130,47,9942.47
130,48,9944.29
130,49,9933.72
130,50,9930.42
130,51,9938.91
130,52,9934.15
130,53,9935.65
130,54,9930.38
130,55,9920.21
130,56,9927.15
130,57,9920.58
130,58,9923.63
130,59,9941.98
130,60,9933.68
130,61,9928.3
130,62,9926.13
130,63,9936.37
130,64,9936.72
130,65,9931.98
130,66,9926.38
130,67,9933.75
130,68,9928.49
130,69,9935.59
130,70,9932.08
130,71,9938.18
130,72,9933.26
130,73,9937.66
130,74,9937.52
130,75,9934.19
130,76,9928.22
130,77,9940.38
130,78,9929.06
130,79,9941.93
130,80,9940.82
130,81,9932.55
130,82,9928.84
130,83,9933.25
130,84,9931.72
130,85,9933.78
130,86,9937.82
130,87,9936.25
130,88,9936.64
130,89,9931.15
130,90,9925.67
130,91,9930.06
130,92,9932.05
130,93,9938.7
130,94,9935.82
130,95,9929.59
130,96,9921.01
130,97,9928.85
130,98,9930.31
130,99,9942.11
140,0,9938.58
140,1,9936.53
140,2,9945.77
140,3,9929.4
140,4,9930.14
140,5,9936.54
140,6,9930.25
140,7,9931.56
140,8,9928.27
140,9,9925.71
140,10,9934.56
140,11,9939.49
140,12,9929.96
140,13,9935.3
140,14,9929.62
140,15,9931.71
140,16,9932.84
140,17,9945.93
140,18,9936.21
140,19,9933.01
140,20,9938.05
140,21,9926.39
140,22,9927.52
140,23,9925.28
140,24,9935.93
140,25,9932.95
140,26,9936.44
140,27,9921.14
140,28,9927.89
140,29,9926.22
140,30,9929.38
140,31,9940.04
140,32,9933.48
140,33,9937.18
140,34,9925.92
140,35,9924.56
140,36,9933.83
140,37,9921.85
140,38,9940.09
140,39,9929.9
140,40,9932.49
140,41,9934.7
140,42,9939.53
140,43,9936.47
140,44,9936.44
140,45,9931.98
140,46,9943.42
140,47,9942.19
140,48,9944.02
140,49,9933.44
140,50,9930.19
140,51,9938.62
140,52,9933.87
140,53,9935.38
140,54,9924.99
140,55,9919.97
140,56,9926.89
140,57,9920.35
140,58,9923.37
140,59,9941.68
140,60,9933.43
140,61,9928.04
140,62,9925.89
140,63,9936.08
140,64,9936.43
140,65,9931.71
140,66,9926.12
140,67,9933.47
140,68,9928.22
140,69,9935.32
140,70,9931.83
140,71,9937.92
140,72,9932.97
140,73,9937.38
140,74,9937.22
140,75,9933.9
140,76,9927.97
140,77,9940.09
140,78,9928.8
140,79,9941.63
140,80,9940.55
140,81,9932.32
140,82,9928.58
140,83,9933
140,84,9931.46
140,85,9933.53
140,86,9937.53
140,87,9935.96
140,88,9936.36
140,89,9930.9
140,90,9925.44
140,91,9929.81
140,92,9931.77
140,93,9938.41
140,94,9935.55
140,95,9929.33
140,96,9920.79
140,97,9928.59
140,98,9930.04
140,99,9941.84
150,0,9938.28
150,1,9936.23
150,2,9945.47
150,3,9929.1
150,4,9929.84
150,5,9936.24
150,6,9929.95
150,7,9931.26
150,8,9927.97
150,9,9925.41
150,10,9934.26
150,11,9939.19
150,12,9929.66
150,13,9935
150,14,9929.32
150,15,9931.41
150,16,9932.54
150,17,9945.63
150,18,9935.91
150,19,9932.71
150,20,9937.75
150,21,9926.09
150,22,9927.22
150,23,9924.98
150,24,9935.63
150,25,9932.65
150,26,9936.14
150,27,9920.84
150,28,9927.59
150,29,9925.92
150,30,9929.08
150,31,9939.74
150,32,9933.18
150,33,9936.88
150,34,9925.62
150,35,9924.26
150,36,9933.53
150,37,9921.55
150,38,9939.79
150,39,9929.6
150,40,9932.19
150,41,9934.4
150,42,9939.23
150,43,9936.17
150,44,9936.14
150,45,9931.68
150,46,9943.12
150,47,9941.89
150,48,9943.72
150,49,9933.14
150,50,9929.89
150,51,9938.32
150,52,9933.57
150,53,9935.08
150,54,9924.69
150,55,9919.67
150,56,9926.59
150,57,9920.05
150,58,9923.07
150,59,9941.38
150,60,9933.13
150,61,9927.74
150,62,9925.59
150,63,9935.78
150,64,9936.13
150,65,9931.41
150,66,9925.82
150,67,9933.17
150,68,9927.92
150,69,9935.02
150,70,9931.53
150,71,9937.62
150,72,9932.67
150,73,9937.08
150,74,9936.92
150,75,9933.6
150,76,9927.67
150,77,9939.79
150,78,9928.5
150,79,9941.33
150,80,9940.25
150,81,9932.02
150,82,9928.28
150,83,9932.7
150,84,9931.16
150,85,9933.23
150,86,9937.23
150,87,9935.66
150,88,9936.06
150,89,9930.6
150,90,9925.14
150,91,9929.51
150,92,9931.47
150,93,9938.11
150,94,9935.25
150,95,9929.03
150,96,9920.49
150,97,9928.29
150,98,9929.74
150,99,9941.54
160,0,9924.23
160,1,9923.24
160,2,9931.57
160,3,9912.96
160,4,9912.19
160,5,9920.37
160,6,9915.89
160,7,9915.82
160,8,9911.75
160,9,9908.64
160,10,9917.67
160,11,9924.46
160,12,9913.52
160,13,9921.63
160,14,9913.41
160,15,9915.09
160,16,9917.51
160,17,9930.91
160,18,9919.83
160,19,9911.83
160,20,9922.95
160,21,9909.45
160,22,9909.69
160,23,9908.21
160,24,9921.42
160,25,9917.86
160,26,9922.97
160,27,9905.81
160,28,9911.37
160,29,9909.58
160,30,9913.69
160,31,9926.19
160,32,9919.57
160,33,9922.91
160,34,9906.79
160,35,9911.19
160,36,9918.72
160,37,9903.3
160,38,9925.85
160,39,9914.28
160,40,9916.28
160,41,9918.5
160,42,9925
160,43,9922.33
160,44,9922.3
160,45,9918.13
160,46,9929.59
160,47,9927.43
160,48,9930.18
160,49,9916.95
160,50,9915.52
160,51,9923.09
160,52,9919.76
160,53,9920.84
160,54,9910.75
160,55,9905.32
160,56,9910.44
160,57,9903.58
160,58,9906.79
160,59,9926.45
160,60,9914.95
160,61,9909.89
160,62,9909.25
160,63,9920.67
160,64,9920.15
160,65,9914.94
160,66,9908.92
160,67,9917.65
160,68,9910.06
160,69,9918.83
160,70,9917.82
160,71,9922.65
160,72,9917.74
160,73,9922.55
160,74,9923.53
160,75,9918.57
160,76,9912.62
160,77,9923.36
160,78,9910.96
160,79,9927.81
160,80,9928.13
160,81,9916.47
160,82,9910.92
160,83,9915.17
160,84,9916.51
160,85,9918.51
160,86,9923.39
160,87,9921.3
160,88,9921.41
160,89,9915.68
160,90,9906.59
160,91,9915.04
160,92,9917.22
160,93,9923.73
160,94,9921.35
160,95,9911.06
160,96,9904.7
160,97,9911.93
160,98,9913.04
160,99,9928.79
170,0,9923.95
170,1,9922.98
170,2,9931.28
170,3,9912.72
170,4,9911.97
170,5,9920.11
170,6,9915.62
170,7,9915.57
170,8,9911.51
170,9,9908.4
170,10,9917.42
170,11,9924.2
170,12,9913.28
170,13,9917.57
170,14,9913.18
170,15,9914.83
170,16,9917.25
170,17,9930.64
170,18,9919.58
170,19,9911.58
170,20,9922.7
170,21,9909.2
170,22,9909.43
170,23,9906.68
170,24,9921.16
170,25,9917.6
170,26,9922.7
170,27,9905.57
170,28,9911.12
170,29,9909.34
170,30,9913.44
170,31,9925.91
170,32,9916.04
170,33,9922.65
170,34,9905.8
170,35,9905.98
170,36,9918.46
170,37,9903.04
170,38,9925.57
170,39,9914.03
170,40,9916.02
170,41,9918.24
170,42,9924.73
170,43,9922.06
170,44,9922.04
170,45,9917.87
170,46,9929.32
170,47,9927.16
170,48,9929.92
170,49,9916.71
170,50,9915.27
170,51,9922.81
170,52,9919.49
170,53,9920.58
170,54,9906.18
170,55,9900.36
170,56,9910.19
170,57,9899.87
170,58,9906.54
170,59,9926.17
170,60,9914.72
170,61,9909.66
170,62,9907.67
170,63,9920.4
170,64,9919.86
170,65,9914.7
170,66,9908.68
170,67,9917.39
170,68,9909.82
170,69,9918.58
170,70,9914.14
170,71,9922.39
170,72,9917.47
170,73,9922.29
170,74,9923.25
170,75,9918.28
170,76,9912.36
170,77,9923.11
170,78,9910.72
170,79,9927.54
170,80,9924.53
170,81,9916.23
170,82,9910.69
170,83,9914.94
170,84,9916.26
170,85,9918.25
170,86,9923.12
170,87,9921.02
170,88,9921.14
170,89,9915.44
170,90,9906.36
170,91,9911.01
170,92,9916.96
170,93,9923.46
170,94,9921.09
170,95,9910.83
170,96,9904.45
170,97,9911.69
170,98,9912.8
170,99,9928.51
180,0,9923.65
180,1,9922.68
180,2,9930.98
180,3,9912.42
180,4,9911.67
180,5,9919.81
180,6,9915.32
180,7,9915.27
180,8,9911.21
180,9,9908.1
180,10,9917.12
180,11,9923.9
180,12,9912.98
180,13,9917.27
180,14,9912.88
180,15,9914.53
180,16,9916.95
180,17,9930.34
180,18,9919.28
180,19,9911.28
180,20,9922.4
180,21,9908.9
180,22,9909.13
180,23,9906.38
180,24,9920.86
180,25,9917.3
180,26,9922.4
180,27,9905.27
180,28,9910.82
180,29,9909.04
180,30,9913.14
180,31,9925.61
180,32,9915.74
180,33,9922.35
180,34,9905.5
180,35,9905.68
180,36,9918.16
180,37,9902.74
180,38,9925.27
180,39,9913.73
180,40,9915.72
180,41,9917.94
180,42,9924.43
180,43,9921.76
180,44,9921.74
180,45,9917.57
180,46,9929.02
180,47,9926.86
180,48,9929.62
180,49,9916.41
180,50,9914.97
180,51,9922.51
180,52,9919.19
180,53,9920.28
180,54,9905.88
180,55,9900.06
180,56,9909.89
180,57,9899.57
180,58,9906.24
180,59,9925.87
180,60,9914.42
180,61,9909.36
180,62,9907.37
180,63,9920.1
180,64,9919.56
180,65,9914.4
180,66,9908.38
180,67,9917.09
180,68,9909.52
180,69,9918.28
180,70,9913.84
180,71,9922.09
180,72,9917.17
180,73,9921.99
180,74,9922.95
180,75,9917.98
180,76,9912.06
180,77,9922.81
180,78,9910.42
180,79,9927.24
180,80,9924.23
180,81,9915.93
180,82,9910.39
180,83,9914.64
180,84,9915.96
180,85,9917.95
180,86,9922.82
180,87,9920.72
180,88,9920.84
180,89,9915.14
180,90,9906.06
180,91,9910.71
180,92,9916.66
180,93,9923.16
180,94,9920.79
180,95,9910.53
180,96,9904.15
180,97,9911.39
180,98,9912.5
180,99,9928.21
190,0,9910.12
190,1,9912.36
190,2,9910.25
190,3,9897.72
190,4,9895.71
190,5,9905.08
190,6,9901.27
190,7,9901.53
190,8,9897.78
190,9,9894.79
190,10,9902.82
190,11,9909.76
190,12,9900.39
190,13,9906.53
190,14,9898.14
190,15,9900.12
190,16,9902.52
190,17,9917.26
190,18,9903.71
190,19,9895.63
190,20,9908.85
190,21,9893.61
190,22,9892.49
190,23,9891.41
190,24,9905.12
190,25,9904.35
190,26,9910.56
190,27,9888.06
190,28,9894.09
190,29,9893.53
190,30,9899.09
190,31,9912.1
190,32,9901.8
190,33,9908.53
190,34,9888.27
190,35,9890.75
190,36,9904.07
190,37,9886.74
190,38,9911.82
190,39,9899.64
190,40,9902.64
190,41,9902.68
190,42,9909.72
190,43,9906.11
190,44,9909.5
190,45,9904.17
190,46,9915.01
190,47,9913.26
190,48,9916.77
190,49,9905.16
190,50,9900.99
190,51,9908.2
190,52,9906.02
190,53,9908.06
190,54,9889.95
190,55,9885.12
190,56,9893.88
190,57,9880.11
190,58,9891.83
190,59,9908.48
190,60,9900.67
190,61,9893.99
190,62,9892.61
190,63,9903.09
190,64,9901.5
190,65,9899.31
190,66,9892.58
190,67,9902.1
190,68,9895.32
190,69,9905.51
190,70,9899.99
190,71,9906.96
190,72,9902.11
190,73,9909.37
190,74,9911.47
190,75,9902.63
190,76,9895.82
190,77,9908.26
190,78,9893.4
190,79,9914.85
190,80,9912.16
190,81,9901.67
190,82,9894.25
190,83,9899.46
190,84,9903.34
190,85,9903.97
190,86,9908.3
190,87,9906.02
190,88,9907.94
190,89,9900.06
190,90,9889.46
190,91,9895.76
190,92,9901.76
190,93,9909.11
190,94,9906.78
190,95,9896.37
190,96,9887.23
190,97,9895.78
190,98,9899.27
190,99,9913.1
200,0,9909.84
200,1,9908.67
200,2,9909.97
200,3,9897.46
200,4,9895.48
200,5,9904.82
200,6,9899.32
200,7,9901.27
200,8,9892.95
200,9,9891.23
200,10,9899
200,11,9909.5
200,12,9897.45
200,13,9902.52
200,14,9897.91
200,15,9896.76
200,16,9902.27
200,17,9916.99
200,18,9903.46
200,19,9895.38
200,20,9905.98
200,21,9893.36
200,22,9892.23
200,23,9891.16
200,24,9904.88
200,25,9900.97
200,26,9907.38
200,27,9887.85
200,28,9893.86
200,29,9893.28
200,30,9898.83
200,31,9911.84
200,32,9898.47
200,33,9908.27
200,34,9888.04
200,35,9884.67
200,36,9903.81
200,37,9883
200,38,9911.55
200,39,9896.05
200,40,9899.5
200,41,9902.43
200,42,9909.46
200,43,9905.86
200,44,9909.25
200,45,9900.73
200,46,9914.76
200,47,9912.99
200,48,9916.51
200,49,9901.97
200,50,9897.12
200,51,9907.92
200,52,9905.77
200,53,9904.76
200,54,9889.71
200,55,9884.87
200,56,9893.63
200,57,9879.9
200,58,9887.41
200,59,9908.21
200,60,9900.41
200,61,9893.74
200,62,9892.36
200,63,9902.83
200,64,9901.22
200,65,9895.44
200,66,9892.33
200,67,9898.23
200,68,9891.45
200,69,9903.12
200,70,9896.72
200,71,9906.71
200,72,9901.86
200,73,9906.17
200,74,9911.2
200,75,9902.36
200,76,9895.59
200,77,9908
200,78,9893.16
200,79,9914.59
200,80,9908.94
200,81,9901.42
200,82,9894.01
200,83,9899.22
200,84,9899.39
200,85,9903.72
200,86,9908.06
200,87,9905.76
200,88,9904.67
200,89,9899.81
200,90,9885.48
200,91,9895.51
200,92,9897.89
200,93,9908.84
200,94,9903.65
200,95,9891.74
200,96,9887.01
200,97,9895.53
200,98,9896.1
200,99,9912.85
210,0,9909.54
210,1,9908.37
210,2,9909.67
210,3,9897.16
210,4,9895.18
210,5,9904.52
210,6,9899.02
210,7,9900.97
210,8,9892.65
210,9,9890.93
210,10,9898.7
210,11,9909.2
210,12,9897.15
210,13,9902.22
210,14,9897.61
210,15,9896.46
210,16,9901.97
210,17,9916.69
210,18,9903.16
210,19,9895.08
210,20,9905.68
210,21,9893.06
210,22,9891.93
210,23,9890.86
210,24,9904.58
210,25,9900.67
210,26,9907.08
210,27,9887.55
210,28,9893.56
210,29,9892.98
210,30,9898.53
210,31,9911.54
210,32,9898.17
210,33,9907.97
210,34,9887.74
210,35,9884.37
210,36,9903.51
210,37,9882.7
210,38,9911.25
210,39,9895.75
210,40,9899.2
210,41,9902.13
210,42,9909.16
210,43,9905.56
210,44,9908.95
210,45,9900.43
210,46,9914.46
210,47,9912.69
210,48,9916.21
210,49,9901.67
210,50,9896.82
210,51,9907.62
210,52,9905.47
210,53,9904.46
210,54,9889.41
210,55,9884.57
210,56,9893.33
210,57,9879.6
210,58,9887.11
210,59,9907.91
210,60,9900.11
210,61,9893.44
210,62,9892.06
210,63,9902.53
210,64,9900.92
210,65,9895.14
210,66,9892.03
210,67,9897.93
210,68,9891.15
210,69,9902.82
210,70,9896.42
210,71,9906.41
210,72,9901.56
210,73,9905.87
210,74,9910.9
210,75,9902.06
210,76,9895.29
210,77,9907.7
210,78,9892.86
210,79,9914.29
210,80,9908.64
210,81,9901.12
210,82,9893.71
210,83,9898.92
210,84,9899.09
210,85,9903.42
210,86,9907.76
210,87,9905.46
210,88,9904.37
210,89,9899.51
210,90,9885.18
210,91,9895.21
210,92,9897.59
210,93,9908.54
210,94,9903.35
210,95,9891.44
210,96,9886.71
210,97,9895.23
210,98,9895.8
210,99,9912.55
220,0,9896.58
220,1,9894.32
220,2,9893.28
220,3,9882.62
220,4,9880.8
220,5,9890.84
220,6,9884.29
220,7,9885.16
220,8,9880.54
220,9,9875.17
220,10,9886.77
220,11,9894.29
220,12,9881.16
220,13,9888.82
220,14,9882.93
220,15,9880.34
220,16,9887.5
220,17,9905.61
220,18,9889.68
220,19,9877.33
220,20,9892.5
220,21,9879.24
220,22,9876.18
220,23,9873.7
220,24,9890.1
220,25,9889.17
220,26,9895.08
220,27,9871.83
220,28,9876.99
220,29,9878.07
220,30,9884.71
220,31,9899.67
220,32,9884.4
220,33,9895.46
220,34,9870.29
220,35,9870.08
220,36,9889.84
220,37,9866.14
220,38,9897.05
220,39,9882.15
220,40,9886.46
220,41,9888.23
220,42,9894.76
220,43,9890.89
220,44,9898.48
220,45,9888.44
220,46,9902.86
220,47,9898.82
220,48,9905.42
220,49,9890.31
220,50,9884.25
220,51,9893.4
220,52,9892.27
220,53,9890.32
220,54,9874.57
220,55,9866.96
220,56,9877.44
220,57,9861.3
220,58,9873.3
220,59,9894.34
220,60,9885.39
220,61,9879.18
220,62,9874.97
220,63,9886.82
220,64,9883.65
220,65,9879.93
220,66,9876.81
220,67,9882.75
220,68,9878.6
220,69,9890.59
220,70,9883.06
220,71,9891.55
220,72,9888.25
220,73,9893.51
220,74,9899.14
220,75,9888.64
220,76,9880.3
220,77,9893.89
220,78,9875.93
220,79,9902.34
220,80,9896.49
220,81,9886.93
220,82,9878.08
220,83,9883.89
220,84,9887.57
220,85,9889.25
220,86,9895.75
220,87,9891.86
220,88,9890.2
220,89,9884.24
220,90,9869.84
220,91,9882.28
220,92,9883.24
220,93,9896.13
220,94,9888.81
220,95,9877.58
220,96,9871.91
220,97,9879.29
220,98,9884.34
220,99,9901.85
230,0,9896.31
230,1,9894.09
230,2,9893
230,3,9882.38
230,4,9880.56
230,5,9890.59
230,6,9884.05
230,7,9884.94
230,8,9876.61
230,9,9874.94
230,10,9883.77
230,11,9894.05
230,12,9880.91
230,13,9888.57
230,14,9882.71
230,15,9880.1
230,16,9887.26
230,17,9903.62
230,18,9889.43
230,19,9877.07
230,20,9889.63
230,21,9879
230,22,9873.97
230,23,9873.48
230,24,9889.87
230,25,9885.82
230,26,9891.99
230,27,9870.15
230,28,9876.77
230,29,9877.83
230,30,9884.45
230,31,9897.75
230,32,9884.16
230,33,9892.03
230,34,9870.07
230,35,9869.85
230,36,9889.58
230,37,9865.89
230,38,9896.8
230,39,9881.9
230,40,9884.11
230,41,9887.99
230,42,9894.52
230,43,9890.65
230,44,9896
230,45,9884.99
230,46,9899.85
230,47,9898.57
230,48,9903.19
230,49,9887.15
230,50,9880.45
230,51,9891.73
230,52,9892.02
230,53,9890.08
230,54,9873.39
230,55,9866.75
230,56,9877.21
230,57,9860.23
230,58,9868.98
230,59,9894.09
230,60,9885.16
230,61,9878.95
230,62,9874.76
230,63,9885.13
230,64,9883.39
230,65,9879.7
230,66,9876.57
230,67,9882.52
230,68,9874.8
230,69,9890.33
230,70,9882.81
230,71,9891.31
230,72,9888.01
230,73,9890.44
230,74,9897.51
230,75,9888.36
230,76,9878.95
230,77,9893.64
230,78,9875.7
230,79,9900.64
230,80,9892.98
230,81,9886.7
230,82,9877.85
230,83,9883.65
230,84,9883.63
230,85,9889.01
230,86,9893.02
230,87,9891.61
230,88,9889.96
230,89,9884.01
230,90,9868.33
230,91,9878.36
230,92,9883
230,93,9895.87
230,94,9888.58
230,95,9877.33
230,96,9869.89
230,97,9879.05
230,98,9881.25
230,99,9898.97
240,0,9896.01
240,1,9893.79
240,2,9892.7
240,3,9882.08
240,4,9880.26
240,5,9890.29
240,6,9883.75
240,7,9884.64
240,8,9876.31
240,9,9874.64
240,10,9883.47
240,11,9893.75
240,12,9880.61
240,13,9888.27
240,14,9882.41
240,15,9879.8
240,16,9886.96
240,17,9903.32
240,18,9889.13
240,19,9876.77
240,20,9889.33
240,21,9878.7
240,22,9873.67
240,23,9873.18
240,24,9889.57
240,25,9885.52
240,26,9891.69
240,27,9869.85
240,28,9876.47
240,29,9877.53
240,30,9884.15
240,31,9897.45
240,32,9883.86
240,33,9891.73
240,34,9869.77
240,35,9869.55
240,36,9889.28
240,37,9865.59
240,38,9896.5
240,39,9881.6
240,40,9883.81
240,41,9887.69
240,42,9894.22
240,43,9890.35
240,44,9895.7
240,45,9884.69
240,46,9899.55
240,47,9898.27
240,48,9902.89
240,49,9886.85
240,50,9880.15
240,51,9891.43
240,52,9891.72
240,53,9889.78
240,54,9873.09
240,55,9866.45
240,56,9876.91
240,57,9859.93
240,58,9868.68
240,59,9893.79
240,60,9884.86
240,61,9878.65
240,62,9874.46
240,63,9884.83
240,64,9883.09
240,65,9879.4
240,66,9876.27
240,67,9882.22
240,68,9874.5
240,69,9890.03
240,70,9882.51
240,71,9891.01
240,72,9887.71
240,73,9890.14
240,74,9897.21
240,75,9888.06
240,76,9878.65
240,77,9893.34
240,78,9875.4
240,79,9900.34
240,80,9892.68
240,81,9886.4
240,82,9877.55
240,83,9883.35
240,84,9883.33
240,85,9888.71
240,86,9892.72
240,87,9891.31
240,88,9889.66
240,89,9883.71
240,90,9868.03
240,91,9878.06
240,92,9882.7
240,93,9895.57
240,94,9888.28
240,95,9877.03
240,96,9869.59
240,97,9878.75
240,98,9880.95
240,99,9898.67
250,0,9881.39
250,1,9881.93
250,2,9876.86
250,3,9867.75
250,4,9866.15
250,5,9876.18
250,6,9870.04
250,7,9870.97
250,8,9864.1
250,9,9859.93
250,10,9872.33
250,11,9881.2
250,12,9862.97
250,13,9875.55
250,14,9869.94
250,15,9864.7
250,16,9874.34
250,17,9892.88
250,18,9875.77
250,19,9863.82
250,20,9875.5
250,21,9864.07
250,22,9860.53
250,23,9858.57
250,24,9875.61
250,25,9874.4
250,26,9879.54
250,27,9856.16
250,28,9861.33
250,29,9863.35
250,30,9870.4
250,31,9886
250,32,9871.75
250,33,9878.62
250,34,9854.94
250,35,9855.75
250,36,9876.15
250,37,9851.03
250,38,9882.52
250,39,9869.08
250,40,9871.26
250,41,9872.51
250,42,9879.81
250,43,9875.86
250,44,9879.57
250,45,9872.84
250,46,9886.26
250,47,9884.29
250,48,9890.93
250,49,9874.42
250,50,9867.96
250,51,9875.29
250,52,9878.01
250,53,9875.98
250,54,9858.85
250,55,9850.22
250,56,9862.28
250,57,9844.34
250,58,9855.29
250,59,9877.37
250,60,9871.12
250,61,9864.53
250,62,9859.58
250,63,9870.49
250,64,9866.4
250,65,9865.75
250,66,9862.2
250,67,9868.26
250,68,9861.74
250,69,9877.14
250,70,9871.46
250,71,9869.08
250,72,9874.43
250,73,9876.45
250,74,9882.11
250,75,9874.11
250,76,9864.92
250,77,9880.74
250,78,9859.77
250,79,9888.36
250,80,9881.46
250,81,9873.99
250,82,9862.94
250,83,9868.28
250,84,9872.51
250,85,9877.13
250,86,9879.39
250,87,9877.32
250,88,9875.53
250,89,9870.69
250,90,9853.78
250,91,9865.22
250,92,9869.83
250,93,9883.96
250,94,9875.52
250,95,9864.87
250,96,9855
250,97,9864.59
250,98,9867.13
250,99,9886.12
260,0,9881.15
260,1,9876.19
260,2,9873.49
260,3,9863.82
260,4,9861.05
260,5,9875.06
260,6,9868.92
260,7,9869.34
260,8,9858.24
260,9,9856.86
260,10,9868.27
260,11,9877.52
260,12,9860.24
260,13,9870.24
260,14,9867.94
260,15,9863.12
260,16,9868.81
260,17,9888.24
260,18,9873.22
260,19,9858.46
260,20,9869.66
260,21,9860.37
260,22,9855.54
260,23,9854.25
260,24,9873.25
260,25,9869.63
260,26,9875.46
260,27,9851
260,28,9856.78
260,29,9860.21
260,30,9867.95
260,31,9883.04
260,32,9869.35
260,33,9875.21
260,34,9850.53
260,35,9849.24
260,36,9874.16
260,37,9845.56
260,38,9882.29
260,39,9864.32
260,40,9868.95
260,41,9871.67
260,42,9878.5
260,43,9873.53
260,44,9874.82
260,45,9866.66
260,46,9883.44
260,47,9882.32
260,48,9886.82
260,49,9869.02
260,50,9865.2
260,51,9871.76
260,52,9874.79
260,53,9872.3
260,54,9855.66
260,55,9847.81
260,56,9860.04
260,57,9839.44
260,58,9848.79
260,59,9873.43
260,60,9866.39
260,61,9859.3
260,62,9858.05
260,63,9869.13
260,64,9865.05
260,65,9860.93
260,66,9857.85
260,67,9863.97
260,68,9856.91
260,69,9874.23
260,70,9865.89
260,71,9866.54
260,72,9872.69
260,73,9873.73
260,74,9878.45
260,75,9873.42
260,76,9859.49
260,77,9876.5
260,78,9857.21
260,79,9884.18
260,80,9875.22
260,81,9871.24
260,82,9858.57
260,83,9868.06
260,84,9868.46
260,85,9870.85
260,86,9876.98
260,87,9875.38
260,88,9874.82
260,89,9866.51
260,90,9850.81
260,91,9859.44
260,92,9865.08
260,93,9881.11
260,94,9873.64
260,95,9856.93
260,96,9849.52
260,97,9861.51
260,98,9863.8
260,99,9880.82
270,0,9880.85
270,1,9875.89
270,2,9873.19
270,3,9863.52
270,4,9860.75
270,5,9874.76
270,6,9868.62
270,7,9869.04
270,8,9857.94
270,9,9856.56
270,10,9867.97
270,11,9877.22
270,12,9859.94
270,13,9869.94
270,14,9867.64
270,15,9862.82
270,16,9868.51
270,17,9887.94
270,18,9872.92
270,19,9858.16
270,20,9869.36
270,21,9860.07
270,22,9855.24
270,23,9853.95
270,24,9872.95
270,25,9869.33
270,26,9875.16
270,27,9850.7
270,28,9856.48
270,29,9859.91
270,30,9867.65
270,31,9882.74
270,32,9869.05
270,33,9874.91
270,34,9850.23
270,35,9848.94
270,36,9873.86
270,37,9845.26
270,38,9881.99
270,39,9864.02
270,40,9868.65
270,41,9871.37
270,42,9878.2
270,43,9873.23
270,44,9874.52
270,45,9866.36
270,46,9883.14
270,47,9882.02
270,48,9886.52
270,49,9868.72
270,50,9864.9
270,51,9871.46
270,52,9874.49
270,53,9872
270,54,9855.36
270,55,9847.51
270,56,9859.74
270,57,9839.14
270,58,9848.49
270,59,9873.13
270,60,9866.09
270,61,9859
270,62,9857.75
270,63,9868.83
270,64,9864.75
270,65,9860.63
270,66,9857.55
270,67,9863.67
270,68,9856.61
270,69,9873.93
270,70,9865.59
270,71,9866.24
270,72,9872.39
270,73,9873.43
270,74,9878.15
270,75,9873.12
270,76,9859.19
270,77,9876.2
270,78,9856.91
270,79,9883.88
270,80,9874.92
270,81,9870.94
270,82,9858.27
270,83,9867.76
270,84,9868.16
270,85,9870.55
270,86,9876.68
270,87,9875.08
270,88,9874.52
270,89,9866.21
270,90,9850.51
270,91,9859.14
270,92,9864.78
270,93,9880.81
270,94,9873.34
270,95,9856.63
270,96,9849.22
270,97,9861.21
270,98,9863.5
270,99,9880.52
280,0,9868.08
280,1,9865.84
280,2,9858.65
280,3,9849.19
280,4,9849
280,5,9861.31
280,6,9856
280,7,9856.02
280,8,9846.09
280,9,9844.94
280,10,9855.85
280,11,9864.26
280,12,9847.88
280,13,9859.67
280,14,9855.97
280,15,9851.17
280,16,9857.24
280,17,9878.74
280,18,9862.21
280,19,9847.3
280,20,9858.4
280,21,9848.26
280,22,9844.48
280,23,9840
280,24,9859.2
280,25,9858.17
280,26,9863.01
280,27,9840.53
280,28,9844.98
280,29,9847.11
280,30,9852.93
280,31,9871.37
280,32,9857.21
280,33,9865.22
280,34,9838.42
280,35,9839.34
280,36,9863.9
280,37,9832.17
280,38,9870.41
280,39,9851.93
280,40,9857.96
280,41,9858.59
280,42,9866.29
280,43,9858.84
280,44,9862.34
280,45,9854.29
280,46,9872.33
280,47,9869.45
280,48,9876.81
280,49,9857.76
280,50,9853.49
280,51,9858.7
280,52,9862.95
280,53,9861.09
280,54,9845.73
280,55,9835.6
280,56,9847.78
280,57,9824.68
280,58,9833.9
280,59,9859.86
280,60,9853.95
280,61,9847.19
280,62,9844.91
280,63,9854.44
280,64,9850.5
280,65,9847.99
280,66,9844.07
280,67,9850.8
280,68,9844.6
280,69,9862.63
280,70,9854.23
280,71,9852.53
280,72,9860.04
280,73,9862.95
280,74,9864.12
280,75,9859.57
280,76,9848.69
280,77,9865.02
280,78,9845.06
280,79,9873.64
280,80,9863.61
280,81,9859.87
280,82,9844.55
280,83,9855.74
280,84,9857.14
280,85,9860.25
280,86,9867.05
280,87,9863.15
280,88,9862.22
280,89,9854.91
280,90,9836.83
280,91,9846.31
280,92,9853.14
280,93,9870.98
280,94,9860.71
280,95,9844.23
280,96,9837.58
280,97,9848.86
280,98,9852.63
280,99,9870.5
290,0,9865.96
290,1,9861.99
290,2,9857.01
290,3,9844.95
290,4,9841.17
290,5,9858.42
290,6,9851.36
290,7,9852.05
290,8,9840.85
290,9,9839.52
290,10,9852.96
290,11,9860.95
290,12,9845.32
290,13,9856.16
290,14,9853.01
290,15,9847.77
290,16,9853.34
290,17,9875.18
290,18,9858.93
290,19,9844.98
290,20,9855.59
290,21,9845.21
290,22,9842.42
290,23,9833.86
290,24,9858.15
290,25,9854.85
290,26,9860.15
290,27,9835.06
290,28,9836.24
290,29,9844.08
290,30,9850.92
290,31,9869.6
290,32,9852.95
290,33,9858.59
290,34,9830.23
290,35,9830.2
290,36,9858.32
290,37,9829.27
290,38,9867.76
290,39,9849.13
290,40,9855.67
290,41,9858.37
290,42,9863.12
290,43,9855.06
290,44,9859.92
290,45,9849.96
290,46,9870.58
290,47,9866.68
290,48,9873.93
290,49,9854.65
290,50,9849.16
290,51,9856.9
290,52,9859.23
290,53,9858.01
290,54,9835.82
290,55,9828.1
290,56,9844.81
290,57,9817.29
290,58,9828.75
290,59,9859.08
290,60,9850.97
290,61,9839.61
290,62,9841.34
290,63,9852.58
290,64,9849.2
290,65,9844.88
290,66,9840.84
290,67,9845.92
290,68,9839.79
290,69,9858.59
290,70,9848.42
290,71,9848.98
290,72,9859.01
290,73,9860.64
290,74,9861.82
290,75,9857.61
290,76,9839.35
290,77,9861.31
290,78,9840.64
290,79,9869.58
290,80,9861.48
290,81,9856.54
290,82,9840.58
290,83,9852.94
290,84,9851.96
290,85,9856.01
290,86,9864.95
290,87,9859.97
290,88,9858.72
290,89,9849.89
290,90,9833.41
290,91,9842.53
290,92,9846.73
290,93,9865.34
290,94,9856.55
290,95,9839.63
290,96,9828.31
290,97,9842.93
290,98,9849.73
290,99,9865.37
300,0,9865.66
300,1,9861.69
300,2,9856.71
300,3,9844.65
300,4,9840.87
300,5,9858.12
300,6,9851.06
300,7,9851.75
300,8,9840.55
300,9,9839.22
300,10,9852.66
300,11,9860.65
300,12,9845.02
300,13,9855.86
300,14,9852.71
300,15,9847.47
300,16,9853.04
300,17,9874.88
300,18,9858.63
300,19,9844.68
300,20,9855.29
300,21,9844.91
300,22,9842.12
300,23,9833.56
300,24,9857.85
300,25,9854.55
300,26,9859.85
300,27,9834.76
300,28,9835.94
300,29,9843.78
300,30,9850.62
300,31,9869.3
300,32,9852.65
300,33,9858.29
300,34,9829.93
300,35,9829.9
300,36,9858.02
300,37,9828.97
300,38,9867.46
300,39,9848.83
300,40,9855.37
300,41,9858.07
300,42,9862.82
300,43,9854.76
300,44,9859.62
300,45,9849.66
300,46,9870.28
300,47,9866.38
300,48,9873.63
300,49,9854.35
300,50,9848.86
300,51,9856.6
300,52,9858.93
300,53,9857.71
300,54,9835.52
300,55,9827.8
300,56,9844.51
300,57,9816.99
300,58,9828.45
300,59,9858.78
300,60,9850.67
300,61,9839.31
300,62,9841.04
300,63,9852.28
300,64,9848.9
300,65,9844.58
300,66,9840.54
300,67,9845.62
300,68,9839.49
300,69,9858.29
300,70,9848.12
300,71,9848.68
300,72,9858.71
300,73,9860.34
300,74,9861.52
300,75,9857.31
300,76,9839.05
300,77,9861.01
300,78,9840.34
300,79,9869.28
300,80,9861.18
300,81,9856.24
300,82,9840.28
300,83,9852.64
300,84,9851.66
300,85,9855.71
300,86,9864.65
300,87,9859.67
300,88,9858.42
300,89,9849.59
300,90,9833.11
300,91,9842.23
300,92,9846.43
300,93,9865.04
300,94,9856.25
300,95,9839.33
300,96,9828.01
300,97,9842.63
300,98,9849.43
300,99,9865.07
310,0,9852.98
310,1,9851.71
310,2,9845.59
310,3,9830.32
310,4,9831.3
310,5,9847.57
310,6,9839.65
310,7,9838.72
310,8,9830.25
310,9,9829.55
310,10,9843.67
310,11,9847.75
310,12,9831.82
310,13,9846.41
310,14,9842.45
310,15,9837.79
310,16,9844.43
310,17,9866.23
310,18,9847.44
310,19,9834.44
310,20,9845.78
310,21,9835.65
310,22,9831.84
310,23,9823.61
310,24,9846.42
310,25,9846.93
310,26,9849.37
310,27,9824.59
310,28,9824.77
310,29,9833.69
310,30,9839
310,31,9859.09
310,32,9840.76
310,33,9848.52
310,34,9818.35
310,35,9820.9
310,36,9847.36
310,37,9816.3
310,38,9855.68
310,39,9838.78
310,40,9845.47
310,41,9847.77
310,42,9850.53
310,43,9843.41
310,44,9848.49
310,45,9838.48
310,46,9860.84
310,47,9853.46
310,48,9863.45
310,49,9844.44
310,50,9840.37
310,51,9844.63
310,52,9847.79
310,53,9847.84
310,54,9825.63
310,55,9816.86
310,56,9834.18
310,57,9803.59
310,58,9821.17
310,59,9847.5
310,60,9841.49
310,61,9832.21
310,62,9830.67
310,63,9839.88
310,64,9837.5
310,65,9833.17
310,66,9829.83
310,67,9833.08
310,68,9830.65
310,69,9846.8
310,70,9837.17
310,71,9835.88
310,72,9845.38
310,73,9849.9
310,74,9851.82
310,75,9845.08
310,76,9828.6
310,77,9850.56
310,78,9829.19
310,79,9860
310,80,9850.96
310,81,9846.26
310,82,9828.93
310,83,9844.28
310,84,9843.53
310,85,9846.14
310,86,9854.9
310,87,9849.1
310,88,9847.16
310,89,9840.08
310,90,9821.2
310,91,9833.62
310,92,9835.3
310,93,9854.45
310,94,9843.74
310,95,9829.04
310,96,9817.17
310,97,9833.12
310,98,9839.2
310,99,9855.46
320,0,9852.16
320,1,9847.56
320,2,9840.74
320,3,9828.43
320,4,9821.46
320,5,9841.66
320,6,9837.33
320,7,9836.33
320,8,9822.95
320,9,9822.23
320,10,9836
320,11,9845.52
320,12,9824.36
320,13,9841.75
320,14,9837.57
320,15,9830.61
320,16,9838.24
320,17,9863.01
320,18,9844.24
320,19,9830.29
320,20,9840.2
320,21,9829.69
320,22,9824.48
320,23,9814.69
320,24,9842.73
320,25,9837.94
320,26,9844.22
320,27,9818.16
320,28,9815.3
320,29,9824.82
320,30,9834.5
320,31,9856.03
320,32,9838
320,33,9841.69
320,34,9809.94
320,35,9811.28
320,36,9841.6
320,37,9812.25
320,38,9853.69
320,39,9831.83
320,40,9840.54
320,41,9843.09
320,42,9847.07
320,43,9839.15
320,44,9842.85
320,45,9832.43
320,46,9856.7
320,47,9851.66
320,48,9859.88
320,49,9838.67
320,50,9833.85
320,51,9840.6
320,52,9843.83
320,53,9843.57
320,54,9820.32
320,55,9808.67
320,56,9828.24
320,57,9797.83
320,58,9812.39
320,59,9843.04
320,60,9833.43
320,61,9820.29
320,62,9822.09
320,63,9835.39
320,64,9834.21
320,65,9828.73
320,66,9824.59
320,67,9830.41
320,68,9822.69
320,69,9843.44
320,70,9833.15
320,71,9833.99
320,72,9844.11
320,73,9846.28
320,74,9847.52
320,75,9840.47
320,76,9819.12
320,77,9846.93
320,78,9823.99
320,79,9855.19
320,80,9846.7
320,81,9841.64
320,82,9823.77
320,83,9836.26
320,84,9835.57
320,85,9841.51
320,86,9851.23
320,87,9844.93
320,88,9842.41
320,89,9834.89
320,90,9815.88
320,91,9824.29
320,92,9831.03
320,93,9849.55
320,94,9840.71
320,95,9822.08
320,96,9812.1
320,97,9826.88
320,98,9835.32
320,99,9852.03
330,0,9851.86
330,1,9847.26
330,2,9840.44
330,3,9828.13
330,4,9821.16
330,5,9841.36
330,6,9837.03
330,7,9836.03
330,8,9822.65
330,9,9821.93
330,10,9835.7
330,11,9845.22
330,12,9824.06
330,13,9841.45
330,14,9837.27
330,15,9830.31
330,16,9837.94
330,17,9862.71
330,18,9843.94
330,19,9829.99
330,20,9839.9
330,21,9829.39
330,22,9824.18
330,23,9814.39
330,24,9842.43
330,25,9837.64
330,26,9843.92
330,27,9817.86
330,28,9815
330,29,9824.52
330,30,9834.2
330,31,9855.73
330,32,9837.7
330,33,9841.39
330,34,9809.64
330,35,9810.98
330,36,9841.3
330,37,9811.95
330,38,9853.39
330,39,9831.53
330,40,9840.24
330,41,9842.79
330,42,9846.77
330,43,9838.85
330,44,9842.55
330,45,9832.13
330,46,9856.4
330,47,9851.36
330,48,9859.58
330,49,9838.37
330,50,9833.55
330,51,9840.3
330,52,9843.53
330,53,9843.27
330,54,9820.02
330,55,9808.37
330,56,9827.94
330,57,9797.53
330,58,9812.09
330,59,9842.74
330,60,9833.13
330,61,9819.99
330,62,9821.79
330,63,9835.09
330,64,9833.91
330,65,9828.43
330,66,9824.29
330,67,9830.11
330,68,9822.39
330,69,9843.14
330,70,9832.85
330,71,9833.69
330,72,9843.81
330,73,9845.98
330,74,9847.22
330,75,9840.17
330,76,9818.82
330,77,9846.63
330,78,9823.69
330,79,9854.89
330,80,9846.4
330,81,9841.34
330,82,9823.47
330,83,9835.96
330,84,9835.27
330,85,9841.21
330,86,9850.93
330,87,9844.63
330,88,9842.11
330,89,9834.59
330,90,9815.58
330,91,9823.99
330,92,9830.73
330,93,9849.25
330,94,9840.41
330,95,9821.78
330,96,9811.8
330,97,9826.58
330,98,9835.02
330,99,9851.73
340,0,9843.52
340,1,9837.51
340,2,9826.46
340,3,9818.89
340,4,9811.22
340,5,9831.48
340,6,9829.51
340,7,9829.22
340,8,9814.54
340,9,9812.86
340,10,9829.26
340,11,9832.91
340,12,9817.62
340,13,9831.78
340,14,9831.9
340,15,9821.18
340,16,9827.36
340,17,9854.16
340,18,9834.11
340,19,9823.23
340,20,9833.69
340,21,9822.82
340,22,9817.07
340,23,9803.54
340,24,9832.77
340,25,9828.14
340,26,9833.45
340,27,9810.47
340,28,9803.71
340,29,9815.89
340,30,9822.27
340,31,9849.44
340,32,9832.33
340,33,9831.87
340,34,9798.37
340,35,9801.82
340,36,9832.95
340,37,9800.54
340,38,9842.13
340,39,9823.8
340,40,9829.46
340,41,9833.99
340,42,9835.08
340,43,9829.96
340,44,9833.1
340,45,9824.98
340,46,9847.25
340,47,9838.96
340,48,9849.6
340,49,9833.49
340,50,9825.01
340,51,9832.16
340,52,9833.83
340,53,9833.57
340,54,9810.4
340,55,9797.9
340,56,9819.28
340,57,9784.38
340,58,9801
340,59,9832.53
340,60,9824.02
340,61,9813.71
340,62,9811.72
340,63,9825.53
340,64,9820.3
340,65,9817.39
340,66,9814.88
340,67,9821.83
340,68,9812.54
340,69,9835.62
340,70,9823.02
340,71,9825.05
340,72,9831.73
340,73,9837.34
340,74,9837.57
340,75,9828.72
340,76,9808.41
340,77,9837.02
340,78,9812.69
340,79,9847.81
340,80,9836.85
340,81,9831.47
340,82,9813.75
340,83,9827.99
340,84,9827.13
340,85,9833.14
340,86,9840.58
340,87,9834.19
340,88,9832.02
340,89,9825.51
340,90,9807.66
340,91,9816.45
340,92,9819.57
340,93,9840.09
340,94,9830.36
340,95,9810.67
340,96,9802.47
340,97,9818.16
340,98,9827.53
340,99,9842.13
350,0,9837.86
350,1,9830.95
350,2,9820.13
350,3,9810.98
350,4,9805.8
350,5,9827.27
350,6,9822.92
350,7,9820.43
350,8,9803.66
350,9,9807.35
350,10,9816.9
350,11,9830.2
350,12,9806.67
350,13,9825.05
350,14,9822.51
350,15,9815.68
350,16,9823.89
350,17,9850.13
350,18,9830.54
350,19,9815.93
350,20,9821.09
350,21,9814.45
350,22,9807.7
350,23,9797.56
350,24,9827.4
350,25,9821.57
350,26,9824.84
350,27,9801.48
350,28,9799.83
350,29,9810.18
350,30,9815.68
350,31,9843.22
350,32,9822.98
350,33,9825.24
350,34,9791.89
350,35,9794.61
350,36,9827.96
350,37,9790.29
350,38,9839.75
350,39,9817.95
350,40,9826.13
350,41,9830.16
350,42,9832.3
350,43,9824.51
350,44,9825.6
350,45,9818.13
350,46,9840.54
350,47,9838.08
350,48,9844.64
350,49,9821.3
350,50,9818.51
350,51,9823.89
350,52,9829.97
350,53,9824.82
350,54,9804.96
350,55,9792.38
350,56,9811.18
350,57,9779.79
350,58,9794.05
350,59,9826.76
350,60,9817.53
350,61,9803.05
350,62,9803.29
350,63,9821.39
350,64,9818.9
350,65,9808.59
350,66,9805.94
350,67,9812.89
350,68,9807.46
350,69,9827.32
350,70,9817.84
350,71,9814.63
350,72,9829.56
350,73,9832.44
350,74,9830.85
350,75,9821.87
350,76,9803.28
350,77,9829.32
350,78,9807.7
350,79,9841.79
350,80,9830.47
350,81,9827.33
350,82,9805.88
350,83,9818.12
350,84,9815.74
350,85,9821.39
350,86,9837.33
350,87,9830.14
350,88,9826.61
350,89,9819.57
350,90,9799.19
350,91,9804.89
350,92,9812.63
350,93,9835.33
350,94,9826.86
350,95,9807.53
350,96,9795.71
350,97,9811.67
350,98,9815.56
350,99,9836.61
360,0,9837.56
360,1,9830.65
360,2,9819.83
360,3,9810.68
360,4,9805.5
360,5,9826.97
360,6,9822.62
360,7,9820.13
360,8,9803.36
360,9,9807.05
360,10,9816.6
360,11,9829.9
360,12,9806.37
360,13,9824.75
360,14,9822.21
360,15,9815.38
360,16,9823.59
360,17,9849.83
360,18,9830.24
360,19,9815.63
360,20,9820.79
360,21,9814.15
360,22,9807.4
360,23,9797.26
360,24,9827.1
360,25,9821.27
360,26,9824.54
360,27,9801.18
360,28,9799.53
360,29,9809.88
360,30,9815.38
360,31,9842.92
360,32,9822.68
360,33,9824.94
360,34,9791.59
360,35,9794.31
360,36,9827.66
360,37,9789.99
360,38,9839.45
360,39,9817.65
360,40,9825.83
360,41,9829.86
360,42,9832
360,43,9824.21
360,44,9825.3
360,45,9817.83
360,46,9840.24
360,47,9837.78
360,48,9844.34
360,49,9821
360,50,9818.21
360,51,9823.59
360,52,9829.67
360,53,9824.52
360,54,9804.66
360,55,9792.08
360,56,9810.88
360,57,9779.49
360,58,9793.75
360,59,9826.46
360,60,9817.23
360,61,9802.75
360,62,9802.99
360,63,9821.09
360,64,9818.6
360,65,9808.29
360,66,9805.64
360,67,9812.59
360,68,9807.16
360,69,9827.02
360,70,9817.54
360,71,9814.33
360,72,9829.26
360,73,9832.14
360,74,9830.55
360,75,9821.57
360,76,9802.98
360,77,9829.02
360,78,9807.4
360,79,9841.49
360,80,9830.17
360,81,9827.03
360,82,9805.58
360,83,9817.82
360,84,9815.44
360,85,9821.09
360,86,9837.03
360,87,9829.84
360,88,9826.31
360,89,9819.27
360,90,9798.89
360,91,9804.59
360,92,9812.33
360,93,9835.03
360,94,9826.56
360,95,9807.23
360,96,9795.41
360,97,9811.37
360,98,9815.26
360,99,9836.31
370,0,9829.03
370,1,9821.83
370,2,9813.44
370,3,9801.57
370,4,9799.79
370,5,9818.53
370,6,9818.86
370,7,9813.49
370,8,9797.17
370,9,9798.19
370,10,9810.2
370,11,9822.02
370,12,9797.46
370,13,9815.18
370,14,9813.79
370,15,9807.08
370,16,9815.31
370,17,9842.9
370,18,9820.62
370,19,9809.4
370,20,9813.96
370,21,9805.38
370,22,9801.6
370,23,9787.46
370,24,9820.72
370,25,9814.91
370,26,9817.92
370,27,9792.65
370,28,9790.11
370,29,9801.25
370,30,9808.13
370,31,9836.8
370,32,9818.58
370,33,9817.75
370,34,9786.82
370,35,9788.35
370,36,9820.15
370,37,9782.74
370,38,9833.14
370,39,9811.19
370,40,9816.99
370,41,9820.88
370,42,9828.39
370,43,9815.24
370,44,9815.81
370,45,9811.9
370,46,9831.78
370,47,9829.48
370,48,9834.94
370,49,9813.27
370,50,9810.39
370,51,9814.48
370,52,9823.88
370,53,9817.71
370,54,9797.35
370,55,9783.06
370,56,9801.64
370,57,9773.36
370,58,9784.82
370,59,9817.71
370,60,9808.11
370,61,9796.74
370,62,9792.64
370,63,9813.06
370,64,9809.3
370,65,9799.13
370,66,9796.33
370,67,9806.54
370,68,9800.28
370,69,9820.24
370,70,9811.97
370,71,9810.82
370,72,9822.32
370,73,9823.94
370,74,9818.43
370,75,9812.35
370,76,9795.45
370,77,9820.03
370,78,9798.07
370,79,9834.49
370,80,9820.69
370,81,9822.57
370,82,9796.41
370,83,9809.8
370,84,9809.09
370,85,9811.25
370,86,9828.78
370,87,9821.34
370,88,9820.04
370,89,9810.19
370,90,9791.83
370,91,9797.08
370,92,9802.67
370,93,9828.23
370,94,9821.01
370,95,9801.59
370,96,9786.31
370,97,9802.95
370,98,9807.98
370,99,9827.4
380,0,9822.82
380,1,9813.87
380,2,9807.57
380,3,9792.91
380,4,9788.04
380,5,9812.37
380,6,9806
380,7,9801.55
380,8,9786.13
380,9,9791.35
380,10,9798.96
380,11,9812.26
380,12,9787.3
380,13,9808.2
380,14,9806.98
380,15,9800.59
380,16,9805.16
380,17,9835.27
380,18,9814.56
380,19,9799.76
380,20,9803.11
380,21,9796.42
380,22,9792.07
380,23,9778.75
380,24,9810.84
380,25,9805.36
380,26,9807.29
380,27,9780.62
380,28,9781.83
380,29,9793.93
380,30,9798.82
380,31,9828.34
380,32,9805.6
380,33,9808.01
380,34,9775.1
380,35,9773.34
380,36,9812.04
380,37,9774.44
380,38,9824.33
380,39,9803.6
380,40,9809.87
380,41,9813.54
380,42,9815.4
380,43,9808.45
380,44,9805.94
380,45,9799.5
380,46,9823.78
380,47,9822.2
380,48,9828.99
380,49,9804.84
380,50,9799.22
380,51,9809.05
380,52,9813.16
380,53,9807.96
380,54,9786.07
380,55,9774.68
380,56,9793.48
380,57,9762.1
380,58,9774.38
380,59,9808.88
380,60,9799.84
380,61,9785.73
380,62,9786.32
380,63,9805.33
380,64,9804.7
380,65,9788.77
380,66,9787.86
380,67,9792.93
380,68,9788.98
380,69,9809.83
380,70,9799.52
380,71,9792.2
380,72,9814.7
380,73,9817.17
380,74,9811.04
380,75,9806.24
380,76,9785.53
380,77,9812.98
380,78,9789.69
380,79,9827.17
380,80,9814.63
380,81,9808.31
380,82,9787.27
380,83,9803.31
380,84,9797.08
380,85,9800.25
380,86,9822.24
380,87,9815.24
380,88,9809.1
380,89,9801.22
380,90,9779.86
380,91,9786.07
380,92,9793.52
380,93,9821.73
380,94,9808.31
380,95,9789.49
380,96,9775.88
380,97,9797.13
380,98,9797.71
380,99,9820.2
390,0,9822.52
390,1,9813.57
390,2,9807.27
390,3,9792.61
390,4,9787.74
390,5,9812.07
390,6,9805.7
390,7,9801.25
390,8,9785.83
390,9,9791.05
390,10,9798.66
390,11,9811.96
390,12,9787
390,13,9807.9
390,14,9806.68
390,15,9800.29
390,16,9804.86
390,17,9834.97
390,18,9814.26
390,19,9799.46
390,20,9802.81
390,21,9796.12
390,22,9791.77
390,23,9778.45
390,24,9810.54
390,25,9805.06
390,26,9806.99
390,27,9780.32
390,28,9781.53
390,29,9793.63
390,30,9798.52
390,31,9828.04
390,32,9805.3
390,33,9807.71
390,34,9774.8
390,35,9773.04
390,36,9811.74
390,37,9774.14
390,38,9824.03
390,39,9803.3
390,40,9809.57
390,41,9813.24
390,42,9815.1
390,43,9808.15
390,44,9805.64
390,45,9799.2
390,46,9823.48
390,47,9821.9
390,48,9828.69
390,49,9804.54
390,50,9798.92
390,51,9808.75
390,52,9812.86
390,53,9807.66
390,54,9785.77
390,55,9774.38
390,56,9793.18
390,57,9761.8
390,58,9774.08
390,59,9808.58
390,60,9799.54
390,61,9785.43
390,62,9786.02
390,63,9805.03
390,64,9804.4
390,65,9788.47
390,66,9787.56
390,67,9792.63
390,68,9788.68
390,69,9809.53
390,70,9799.22
390,71,9791.9
390,72,9814.4
390,73,9816.87
390,74,9810.74
390,75,9805.94
390,76,9785.23
390,77,9812.68
390,78,9789.39
390,79,9826.87
390,80,9814.33
390,81,9808.01
390,82,9786.97
390,83,9803.01
390,84,9796.78
390,85,9799.95
390,86,9821.94
390,87,9814.94
390,88,9808.8
390,89,9800.92
390,90,9779.56
390,91,9785.77
390,92,9793.22
390,93,9821.43
390,94,9808.01
390,95,9789.19
390,96,9775.58
390,97,9796.83
390,98,9797.41
390,99,9819.9
400,0,9815.07
400,1,9810.05
400,2,9801.89
400,3,9787.93
400,4,9782.87
400,5,9806.44
400,6,9801.81
400,7,9796.78
400,8,9781.58
400,9,9787.38
400,10,9791.41
400,11,9807.92
400,12,9780.53
400,13,9801.7
400,14,9802.23
400,15,9792.41
400,16,9796.49
400,17,9827.85
400,18,9808.77
400,19,9792.86
400,20,9797.17
400,21,9788.97
400,22,9785.91
400,23,9772.2
400,24,9805.57
400,25,9800.05
400,26,9800.85
400,27,9775.78
400,28,9776.29
400,29,9785.72
400,30,9791.43
400,31,9821.24
400,32,9799.76
400,33,9804.03
400,34,9769.97
400,35,9767.14
400,36,9805.19
400,37,9768.31
400,38,9818.43
400,39,9796.45
400,40,9804.25
400,41,9808.76
400,42,9811.33
400,43,9802.12
400,44,9798.98
400,45,9792.73
400,46,9820.26
400,47,9819.11
400,48,9820.72
400,49,9799.28
400,50,9795.71
400,51,9804.6
400,52,9807.09
400,53,9804.09
400,54,9780.72
400,55,9769.09
400,56,9786.03
400,57,9755.75
400,58,9768.92
400,59,9804.55
400,60,9795.51
400,61,9781.84
400,62,9781.51
400,63,9799.17
400,64,9797.53
400,65,9782.2
400,66,9782.61
400,67,9786.44
400,68,9782.76
400,69,9804.19
400,70,9793.71
400,71,9788.33
400,72,9807.47
400,73,9808.12
400,74,9806.13
400,75,9800.1
400,76,9780.78
400,77,9809.37
400,78,9784.77
400,79,9821.75
400,80,9810.89
400,81,9803.48
400,82,9781.63
400,83,9797.65
400,84,9790.87
400,85,9790.67
400,86,9817.86
400,87,9810.7
400,88,9802.6
400,89,9797.14
400,90,9772.58
400,91,9781.41
400,92,9788.19
400,93,9813.9
400,94,9803.52
400,95,9783.55
400,96,9769.55
400,97,9790.96
400,98,9789.93
400,99,9813.46
410,0,9810.5
410,1,9797.54
410,2,9792.18
410,3,9774.96
410,4,9769.62
410,5,9798.29
410,6,9790.67
410,7,9784.82
410,8,9768.95
410,9,9774.64
410,10,9782.22
410,11,9795.95
410,12,9771.86
410,13,9789.97
410,14,9788.05
410,15,9782.96
410,16,9786.79
410,17,9820.87
410,18,9798.6
410,19,9783.61
410,20,9786.45
410,21,9779.47
410,22,9776.24
410,23,9760.71
410,24,9794.12
410,25,9789.26
410,26,9791.91
410,27,9758.03
410,28,9762.19
410,29,9777
410,30,9781.23
410,31,9814.25
410,32,9787.93
410,33,9791.38
410,34,9756.48
410,35,9751.9
410,36,9797.31
410,37,9757.69
410,38,9810.51
410,39,9787.65
410,40,9795.48
410,41,9797.65
410,42,9799.64
410,43,9793.2
410,44,9790.9
410,45,9781.88
410,46,9807.7
410,47,9809.37
410,48,9813.89
410,49,9787.3
410,50,9780.5
410,51,9794.42
410,52,9796.46
410,53,9790.48
410,54,9766.58
410,55,9756.02
410,56,9776.05
410,57,9744.64
410,58,9756.32
410,59,9794.59
410,60,9782.23
410,61,9766.84
410,62,9767.24
410,63,9790.77
410,64,9790.48
410,65,9768.43
410,66,9769.81
410,67,9772.64
410,68,9770.87
410,69,9795
410,70,9781.47
410,71,9771.72
410,72,9801.38
410,73,9799.92
410,74,9797.38
410,75,9789.66
410,76,9769.37
410,77,9795.89
410,78,9771.3
410,79,9812.82
410,80,9798.53
410,81,9790.07
410,82,9768.11
410,83,9786.42
410,84,9779.27
410,85,9779.58
410,86,9805.8
410,87,9800.65
410,88,9793.67
410,89,9782.14
410,90,9758.17
410,91,9767.89
410,92,9774.29
410,93,9806.25
410,94,9793.29
410,95,9772.21
410,96,9755.81
410,97,9777.76
410,98,9781.01
410,99,9803.71
420,0,9810.2
420,1,9797.24
420,2,9791.88
420,3,9774.66
420,4,9769.32
420,5,9797.99
420,6,9790.37
420,7,9784.52
420,8,9768.65
420,9,9774.34
420,10,9781.92
420,11,9795.65
420,12,9771.56
420,13,9789.67
420,14,9787.75
420,15,9782.66
420,16,9786.49
420,17,9820.57
420,18,9798.3
420,19,9783.31
420,20,9786.15
420,21,9779.17
420,22,9775.94
420,23,9760.41
420,24,9793.82
420,25,9788.96
420,26,9791.61
420,27,9757.73
420,28,9761.89
420,29,9776.7
420,30,9780.93
420,31,9813.95
420,32,9787.63
420,33,9791.08
420,34,9756.18
420,35,9751.6
420,36,9797.01
420,37,9757.39
420,38,9810.21
420,39,9787.35
420,40,9795.18
420,41,9797.35
420,42,9799.34
420,43,9792.9
420,44,9790.6
420,45,9781.58
420,46,9807.4
420,47,9809.07
420,48,9813.59
420,49,9787
420,50,9780.2
420,51,9794.12
420,52,9796.16
420,53,9790.18
420,54,9766.28
420,55,9755.72
420,56,9775.75
420,57,9744.34
420,58,9756.02
420,59,9794.29
420,60,9781.93
420,61,9766.54
420,62,9766.94
420,63,9790.47
420,64,9790.18
420,65,9768.13
420,66,9769.51
420,67,9772.34
420,68,9770.57
420,69,9794.7
420,70,9781.17
420,71,9771.42
420,72,9801.08
420,73,9799.62
420,74,9797.08
420,75,9789.36
420,76,9769.07
420,77,9795.59
420,78,9771
420,79,9812.52
420,80,9798.23
420,81,9789.77
420,82,9767.81
420,83,9786.12
420,84,9778.97
420,85,9779.28
420,86,9805.5
420,87,9800.35
420,88,9793.37
420,89,9781.84
420,90,9757.87
420,91,9767.59
420,92,9773.99
420,93,9805.95
420,94,9792.99
420,95,9771.91
420,96,9755.51
420,97,9777.46
420,98,9780.71
420,99,9803.41
430,0,9805.84
430,1,9793.75
430,2,9790.18
430,3,9770.64
430,4,9765.86
430,5,9793.43
430,6,9786.37
430,7,9784.22
430,8,9764.37
430,9,9770.68
430,10,9776.38
430,11,9791.46
430,12,9769.01
430,13,9785.96
430,14,9787.45
430,15,9778.71
430,16,9781.43
430,17,9816.15
430,18,9794.39
430,19,9780.73
430,20,9782.51
430,21,9776.3
430,22,9771.8
430,23,9755.6
430,24,9789.95
430,25,9784.16
430,26,9786.9
430,27,9757.43
430,28,9759.29
430,29,9772.91
430,30,9776.07
430,31,9808.96
430,32,9783.43
430,33,9787.33
430,34,9751.32
430,35,9747.82
430,36,9792.98
430,37,9753.87
430,38,9807.16
430,39,9782.76
430,40,9791.49
430,41,9792.31
430,42,9795.42
430,43,9790.6
430,44,9784.82
430,45,9779.01
430,46,9804.13
430,47,9806.12
430,48,9808.99
430,49,9783.4
430,50,9777.11
430,51,9789.88
430,52,9792.66
430,53,9786.63
430,54,9762.6
430,55,9751.76
430,56,9771.46
430,57,9742.62
430,58,9750.94
430,59,9790.19
430,60,9779.3
430,61,9762.36
430,62,9764.72
430,63,9788.41
430,64,9785.72
430,65,9764.55
430,66,9765.01
430,67,9770.11
430,68,9768.22
430,69,9790.63
430,70,9780.87
430,71,9767.79
430,72,9798.23
430,73,9795.44
430,74,9794.93
430,75,9786.23
430,76,9765.98
430,77,9792.22
430,78,9767.79
430,79,9807.88
430,80,9794.77
430,81,9789.47
430,82,9762.5
430,83,9783.91
430,84,9774.2
430,85,9773.72
430,86,9801.37
430,87,9796.89
430,88,9789.39
430,89,9777.33
430,90,9755.53
430,91,9763.27
430,92,9771.06
430,93,9801.74
430,94,9792.69
430,95,9768.43
430,96,9752.16
430,97,9773.65
430,98,9778.11
430,99,9800.65
440,0,9798.18
440,1,9780.56
440,2,9774.16
440,3,9757.41
440,4,9752.04
440,5,9784.27
440,6,9775.6
440,7,9768.89
440,8,9750.12
440,9,9758.69
440,10,9763.9
440,11,9780.44
440,12,9755.78
440,13,9771.6
440,14,9768.24
440,15,9765.15
440,16,9768.63
440,17,9806.56
440,18,9785.07
440,19,9768.85
440,20,9768.78
440,21,9762.51
440,22,9760.16
440,23,9743.62
440,24,9779.5
440,25,9773.2
440,26,9775.38
440,27,9737.67
440,28,9744.59
440,29,9760.84
440,30,9765.37
440,31,9800.43
440,32,9770.06
440,33,9774.8
440,34,9739.54
440,35,9731.86
440,36,9781.83
440,37,9740.94
440,38,9796.13
440,39,9770.2
440,40,9781.49
440,41,9783.23
440,42,9784.46
440,43,9776.25
440,44,9775.03
440,45,9762.51
440,46,9791.24
440,47,9794.96
440,48,9798.98
440,49,9769.85
440,50,9761.69
440,51,9779.74
440,52,9779.97
440,53,9773.28
440,54,9750.34
440,55,9739.53
440,56,9758.51
440,57,9726.44
440,58,9736.47
440,59,9778.62
440,60,9765.06
440,61,9749.63
440,62,9749.86
440,63,9776.84
440,64,9776.61
440,65,9743.9
440,66,9752.81
440,67,9755.68
440,68,9752.56
440,69,9779.66
440,70,9763.95
440,71,9750.86
440,72,9787.61
440,73,9783.68
440,74,9783.24
440,75,9775.17
440,76,9752.33
440,77,9778.7
440,78,9755.65
440,79,9798.46
440,80,9781.39
440,81,9774.43
440,82,9749.16
440,83,9768.51
440,84,9760.66
440,85,9760.34
440,86,9789.55
440,87,9785.43
440,88,9778.33
440,89,9763.76
440,90,9738.79
440,91,9749.99
440,92,9754.83
440,93,9791.38
440,94,9777.89
440,95,9755.23
440,96,9739.18
440,97,9760.71
440,98,9763.87
440,99,9785.94
450,0,9797.88
450,1,9780.26
450,2,9773.86
450,3,9757.11
450,4,9751.74
450,5,9783.97
450,6,9775.3
450,7,9768.59
450,8,9749.82
450,9,9758.39
450,10,9763.6
450,11,9780.14
450,12,9755.48
450,13,9771.3
450,14,9767.94
450,15,9764.85
450,16,9768.33
450,17,9806.26
450,18,9784.77
450,19,9768.55
450,20,9768.48
450,21,9762.21
450,22,9759.86
450,23,9743.32
450,24,9779.2
450,25,9772.9
450,26,9775.08
450,27,9737.37
450,28,9744.29
450,29,9760.54
450,30,9765.07
450,31,9800.13
450,32,9769.76
450,33,9774.5
450,34,9739.24
450,35,9731.56
450,36,9781.53
450,37,9740.64
450,38,9795.83
450,39,9769.9
450,40,9781.19
450,41,9782.93
450,42,9784.16
450,43,9775.95
450,44,9774.73
450,45,9762.21
450,46,9790.94
450,47,9794.66
450,48,9798.68
450,49,9769.55
450,50,9761.39
450,51,9779.44
450,52,9779.67
450,53,9772.98
450,54,9750.04
450,55,9739.23
450,56,9758.21
450,57,9726.14
450,58,9736.17
450,59,9778.32
450,60,9764.76
450,61,9749.33
450,62,9749.56
450,63,9776.54
450,64,9776.31
450,65,9743.6
450,66,9752.51
450,67,9755.38
450,68,9752.26
450,69,9779.36
450,70,9763.65
450,71,9750.56
450,72,9787.31
450,73,9783.38
450,74,9782.94
450,75,9774.87
450,76,9752.03
450,77,9778.4
450,78,9755.35
450,79,9798.16
450,80,9781.09
450,81,9774.13
450,82,9748.86
450,83,9768.21
450,84,9760.36
450,85,9760.04
450,86,9789.25
450,87,9785.13
450,88,9778.03
450,89,9763.46
450,90,9738.49
450,91,9749.69
450,92,9754.53
450,93,9791.08
450,94,9777.59
450,95,9754.93
450,96,9738.88
450,97,9760.41
450,98,9763.57
450,99,9785.64
460,0,9796.13
460,1,9779.96
460,2,9772.22
460,3,9755.3
460,4,9751.44
460,5,9782.02
460,6,9775
460,7,9768.29
460,8,9749.52
460,9,9757.79
460,10,9761.94
460,11,9779.84
460,12,9754.38
460,13,9771
460,14,9767.64
460,15,9763.4
460,16,9766.8
460,17,9804.53
460,18,9784.47
460,19,9767.61
460,20,9766.32
460,21,9759.37
460,22,9758.96
460,23,9741.73
460,24,9778.9
460,25,9772.6
460,26,9773.68
460,27,9737.07
460,28,9741.69
460,29,9758.56
460,30,9763.39
460,31,9798.5
460,32,9769.46
460,33,9774.2
460,34,9737.95
460,35,9731.21
460,36,9777.81
460,37,9740.29
460,38,9795.53
460,39,9767.38
460,40,9778.77
460,41,9780.71
460,42,9783.86
460,43,9773.64
460,44,9773.36
460,45,9761.85
460,46,9790.64
460,47,9794.36
460,48,9796.62
460,49,9769.19
460,50,9761.03
460,51,9777.41
460,52,9779.37
460,53,9772.68
460,54,9749.74
460,55,9738.62
460,56,9756.47
460,57,9724.47
460,58,9734.96
460,59,9776.4
460,60,9762.15
460,61,9749.03
460,62,9747.32
460,63,9774.37
460,64,9774.41
460,65,9741.96
460,66,9750.79
460,67,9755.08
460,68,9750.04
460,69,9779.06
460,70,9763.35
460,71,9750.26
460,72,9787.01
460,73,9782.2
460,74,9780.7
460,75,9771.56
460,76,9751.73
460,77,9778.1
460,78,9753.22
460,79,9796.22
460,80,9780.79
460,81,9773.83
460,82,9747.05
460,83,9766.11
460,84,9760.06
460,85,9757.97
460,86,9788
460,87,9782.4
460,88,9777.73
460,89,9763.16
460,90,9738.19
460,91,9749.39
460,92,9753.29
460,93,9789.24
460,94,9777.29
460,95,9752.85
460,96,9738.58
460,97,9757.97
460,98,9761.04
460,99,9782.86
470,0,9786.65
470,1,9767.95
470,2,9759.4
470,3,9746.43
470,4,9739.11
470,5,9771.87
470,6,9762.83
470,7,9756.56
470,8,9738.6
470,9,9742.94
470,10,9752.26
470,11,9766.37
470,12,9739.48
470,13,9758.81
470,14,9756.47
470,15,9750.17
470,16,9755.65
470,17,9794.93
470,18,9772.41
470,19,9752.73
470,20,9756.5
470,21,9747.76
470,22,9745.5
470,23,9730.22
470,24,9765.32
470,25,9761.32
470,26,9764.19
470,27,9721.57
470,28,9729.93
470,29,9746.71
470,30,9752.98
470,31,9791.75
470,32,9758.35
470,33,9762.29
470,34,9725.41
470,35,9717.84
470,36,9768.87
470,37,9727.74
470,38,9784.61
470,39,9757.55
470,40,9769.81
470,41,9769.32
470,42,9771.71
470,43,9761.46
470,44,9763.45
470,45,9750.99
470,46,9779.41
470,47,9781.08
470,48,9786.83
470,49,9757.56
470,50,9748.91
470,51,9767.77
470,52,9766.52
470,53,9760.15
470,54,9738.11
470,55,9723.46
470,56,9745.61
470,57,9708.67
470,58,9723.15
470,59,9766.95
470,60,9753.27
470,61,9736.68
470,62,9738.13
470,63,9765.83
470,64,9763.5
470,65,9729.08
470,66,9738.83
470,67,9739.47
470,68,9741.5
470,69,9766.82
470,70,9750.83
470,71,9736.27
470,72,9775.33
470,73,9770.48
470,74,9771.55
470,75,9761.74
470,76,9738.3
470,77,9765.77
470,78,9739.08
470,79,9786.65
470,80,9768.34
470,81,9760.95
470,82,9734.44
470,83,9748.53
470,84,9748.19
470,85,9748.29
470,86,9776.87
470,87,9772.56
470,88,9765.3
470,89,9753.45
470,90,9725.53
470,91,9738.62
470,92,9743.11
470,93,9780.1
470,94,9764.3
470,95,9743.47
470,96,9725.29
470,97,9744.81
470,98,9751.87
470,99,9773.75
480,0,9786.35
480,1,9767.65
480,2,9759.1
480,3,9746.13
480,4,9738.81
480,5,9771.57
480,6,9762.53
480,7,9756.26
480,8,9738.3
480,9,9742.64
480,10,9751.96
480,11,9766.07
480,12,9739.18
480,13,9758.51
480,14,9756.17
480,15,9749.87
480,16,9755.35
480,17,9794.63
480,18,9772.11
480,19,9752.43
480,20,9756.2
480,21,9747.46
480,22,9745.2
480,23,9729.92
480,24,9765.02
480,25,9761.02
480,26,9763.89
480,27,9721.27
480,28,9729.63
480,29,9746.41
480,30,9752.68
480,31,9791.45
480,32,9758.05
480,33,9761.99
480,34,9725.11
480,35,9717.54
480,36,9768.57
480,37,9727.44
480,38,9784.31
480,39,9757.25
480,40,9769.51
480,41,9769.02
480,42,9771.41
480,43,9761.16
480,44,9763.15
480,45,9750.69
480,46,9779.11
480,47,9780.78
480,48,9786.53
480,49,9757.26
480,50,9748.61
480,51,9767.47
480,52,9766.22
480,53,9759.85
480,54,9737.81
480,55,9723.16
480,56,9745.31
480,57,9708.37
480,58,9722.85
480,59,9766.65
480,60,9752.97
480,61,9736.38
480,62,9737.83
480,63,9765.53
480,64,9763.2
480,65,9728.78
480,66,9738.53
480,67,9739.17
480,68,9741.2
480,69,9766.52
480,70,9750.53
480,71,9735.97
480,72,9775.03
480,73,9770.18
480,74,9771.25
480,75,9761.44
480,76,9738
480,77,9765.47
480,78,9738.78
480,79,9786.35
480,80,9768.04
480,81,9760.65
480,82,9734.14
480,83,9748.23
480,84,9747.89
480,85,9747.99
480,86,9776.57
480,87,9772.26
480,88,9765
480,89,9753.15
480,90,9725.23
480,91,9738.32
480,92,9742.81
480,93,9779.8
480,94,9764
480,95,9743.17
480,96,9724.99
480,97,9744.51
480,98,9751.57
480,99,9773.45
490,0,9786.05
490,1,9767.35
490,2,9758.74
490,3,9745.83
490,4,9738.51
490,5,9771.27
490,6,9762.23
490,7,9755.96
490,8,9738
490,9,9742.08
490,10,9751.66
490,11,9765.77
490,12,9738.88
490,13,9758.21
490,14,9755.87
490,15,9749.57
490,16,9755.05
490,17,9794.33
490,18,9771.81
490,19,9752.13
490,20,9755.9
490,21,9747.16
490,22,9744.9
490,23,9728.99
490,24,9764.72
490,25,9760.72
490,26,9763.59
490,27,9720.97
490,28,9729.33
490,29,9746.11
490,30,9752.38
490,31,9791.08
490,32,9757.75
490,33,9761.69
490,34,9724.81
490,35,9717.18
490,36,9767.11
490,37,9727.14
490,38,9784.01
490,39,9756.95
490,40,9769.21
490,41,9768.72
490,42,9771.11
490,43,9760.86
490,44,9762.85
490,45,9750.39
490,46,9778.81
490,47,9780.48
490,48,9786.23
490,49,9756.96
490,50,9748.31
490,51,9767.17
490,52,9765.92
490,53,9759.55
490,54,9737.51
490,55,9722.6
490,56,9745.01
490,57,9708.07
490,58,9722.55
490,59,9766.35
490,60,9752.67
490,61,9736.08
490,62,9737.53
490,63,9765.23
490,64,9762.9
490,65,9728.48
490,66,9738.23
490,67,9738.87
490,68,9740.9
490,69,9766.22
490,70,9750.23
490,71,9735.67
490,72,9774.73
490,73,9769.88
490,74,9770.95
490,75,9761.14
490,76,9737.7
490,77,9765.17
490,78,9737.6
490,79,9786.05
490,80,9767.74
490,81,9760.35
490,82,9733.84
490,83,9747.93
490,84,9747.59
490,85,9747.69
490,86,9776.27
490,87,9771.96
490,88,9764.7
490,89,9752.85
490,90,9724.93
490,91,9738.02
490,92,9742.51
490,93,9779.5
490,94,9763.7
490,95,9742.87
490,96,9724.69
490,97,9744.21
490,98,9751.27
490,99,9773.15
500,0,9775.28
500,1,9754.92
500,2,9748.36
500,3,9735.53
500,4,9725.29
500,5,9758.93
500,6,9750.01
500,7,9742.21
500,8,9726.92
500,9,9730.71
500,10,9741.83
500,11,9752.91
500,12,9727.11
500,13,9746.18
500,14,9742.1
500,15,9738.84
500,16,9741.17
500,17,9783.52
500,18,9759.55
500,19,9739.9
500,20,9743.86
500,21,9736.38
500,22,9735.24
500,23,9717.6
500,24,9752.31
500,25,9751.1
500,26,9753.97
500,27,9705.34
500,28,9715.55
500,29,9733.78
500,30,9742.76
500,31,9779.58
500,32,9744.82
500,33,9749.67
500,34,9711.74
500,35,9704.64
500,36,9758.37
500,37,9714.57
500,38,9772.34
500,39,9745.27
500,40,9758.27
500,41,9755.88
500,42,9758.46
500,43,9748.6
500,44,9753.25
500,45,9739.51
500,46,9766.45
500,47,9766.72
500,48,9774.19
500,49,9745.27
500,50,9738.87
500,51,9756.08
500,52,9753.26
500,53,9747.62
500,54,9724.27
500,55,9711.1
500,56,9734
500,57,9691.87
500,58,9710.91
500,59,9754.75
500,60,9742.34
500,61,9724.77
500,62,9726.17
500,63,9753.91
500,64,9750.07
500,65,9716.05
500,66,9724.93
500,67,9723.22
500,68,9729.24
500,69,9753.88
500,70,9737.02
500,71,9721.52
500,72,9762.8
500,73,9757.29
500,74,9758.94
500,75,9748.8
500,76,9724.19
500,77,9752.77
500,78,9725.91
500,79,9776.57
500,80,9754.92
500,81,9749.1
500,82,9719.84
500,83,9733.9
500,84,9737.62
500,85,9735.11
500,86,9764.15
500,87,9761.58
500,88,9752.34
500,89,9741.17
500,90,9709.89
500,91,9726.28
500,92,9729.16
500,93,9768.7
500,94,9749.8
500,95,9732.95
500,96,9712.14
500,97,9734.05
500,98,9739.6
500,99,9761.53
510,0,9774.98
510,1,9754.62
510,2,9748.06
510,3,9735.23
510,4,9724.99
510,5,9758.63
510,6,9749.71
510,7,9741.91
510,8,9726.62
510,9,9730.41
510,10,9741.53
510,11,9752.61
510,12,9726.81
510,13,9745.88
510,14,9741.8
510,15,9738.54
510,16,9740.87
510,17,9783.22
510,18,9759.25
510,19,9739.6
510,20,9743.56
510,21,9736.08
510,22,9734.94
510,23,9717.3
510,24,9752.01
510,25,9750.8
510,26,9753.67
510,27,9705.04
510,28,9715.25
510,29,9733.48
510,30,9742.46
510,31,9779.28
510,32,9744.52
510,33,9749.37
510,34,9711.44
510,35,9704.34
510,36,9758.07
510,37,9714.27
510,38,9772.04
510,39,9744.97
510,40,9757.97
510,41,9755.58
510,42,9758.16
510,43,9748.3
510,44,9752.95
510,45,9739.21
510,46,9766.15
510,47,9766.42
510,48,9773.89
510,49,9744.97
510,50,9738.57
510,51,9755.78
510,52,9752.96
510,53,9747.32
510,54,9723.97
510,55,9710.8
510,56,9733.7
510,57,9691.57
510,58,9710.61
510,59,9754.45
510,60,9742.04
510,61,9724.47
510,62,9725.87
510,63,9753.61
510,64,9749.77
510,65,9715.75
510,66,9724.63
510,67,9722.92
510,68,9728.94
510,69,9753.58
510,70,9736.72
510,71,9721.22
510,72,9762.5
510,73,9756.99
510,74,9758.64
510,75,9748.5
510,76,9723.89
510,77,9752.47
510,78,9725.61
510,79,9776.27
510,80,9754.62
510,81,9748.8
510,82,9719.54
510,83,9733.6
510,84,9737.32
510,85,9734.81
510,86,9763.85
510,87,9761.28
510,88,9752.04
510,89,9740.87
510,90,9709.59
510,91,9725.98
510,92,9728.86
510,93,9768.4
510,94,9749.5
510,95,9732.65
510,96,9711.84
510,97,9733.75
510,98,9739.3
510,99,9761.23
520,0,9774.68
520,1,9754.32
520,2,9747.76
520,3,9734.93
520,4,9724.69
520,5,9758.33
520,6,9749.41
520,7,9741.61
520,8,9726.32
520,9,9730.11
520,10,9741.23
520,11,9752.31
520,12,9726.51
520,13,9745.58
520,14,9741.5
520,15,9738.24
520,16,9740.57
520,17,9782.92
520,18,9758.95
520,19,9739.3
520,20,9743.26
520,21,9735.78
520,22,9734.64
520,23,9717
520,24,9751.71
520,25,9750.5
520,26,9753.37
520,27,9704.74
520,28,9714.95
520,29,9733.18
520,30,9742.16
520,31,9778.98
520,32,9744.22
520,33,9749.07
520,34,9711.14
520,35,9704.04
520,36,9757.77
520,37,9713.97
520,38,9771.74
520,39,9744.67
520,40,9757.67
520,41,9755.28
520,42,9757.86
520,43,9748
520,44,9752.65
520,45,9738.91
520,46,9765.85
520,47,9766.12
520,48,9773.59
520,49,9744.67
520,50,9738.27
520,51,9755.48
520,52,9752.66
520,53,9747.02
520,54,9723.67
520,55,9710.5
520,56,9733.4
520,57,9691.27
520,58,9710.31
520,59,9754.15
520,60,9741.74
520,61,9724.17
520,62,9725.57
520,63,9753.31
520,64,9749.47
520,65,9715.45
520,66,9724.33
520,67,9722.62
520,68,9728.64
520,69,9753.28
520,70,9736.42
520,71,9720.92
520,72,9762.2
520,73,9756.69
520,74,9758.34
520,75,9748.2
520,76,9723.59
520,77,9752.17
520,78,9725.31
520,79,9775.97
520,80,9754.32
520,81,9748.5
520,82,9719.24
520,83,9733.3
520,84,9737.02
520,85,9734.51
520,86,9763.55
520,87,9760.98
520,88,9751.74
520,89,9740.57
520,90,9709.29
520,91,9725.68
520,92,9728.56
520,93,9768.1
520,94,9749.2
520,95,9732.35
520,96,9711.54
520,97,9733.45
520,98,9739
520,99,9760.93
530,0,9758.56
530,1,9737.36
530,2,9730.89
530,3,9716.19
530,4,9706.88
530,5,9743.76
530,6,9734.33
530,7,9726.74
530,8,9709.02
530,9,9710.84
530,10,9725.04
530,11,9737.83
530,12,9707.44
530,13,9727.25
530,14,9724.8
530,15,9721.42
530,16,9722.84
530,17,9768.24
530,18,9745.31
530,19,9720.32
530,20,9724.33
530,21,9715.9
530,22,9720.5
530,23,9697.12
530,24,9736.55
530,25,9735.11
530,26,9737.62
530,27,9684.09
530,28,9697.09
530,29,9715.76
530,30,9725.75
530,31,9764.98
530,32,9729.49
530,33,9733.24
530,34,9692.72
530,35,9682.54
530,36,9743.53
530,37,9697.8
530,38,9757.31
530,39,9730.01
530,40,9744.32
530,41,9733.21
530,42,9743.82
530,43,9731.92
530,44,9737.53
530,45,9719.74
530,46,9748.84
530,47,9750.54
530,48,9758.18
530,49,9728.26
530,50,9718.81
530,51,9740.69
530,52,9738.84
530,53,9728.61
530,54,9706.45
530,55,9690.88
530,56,9713.08
530,57,9670.04
530,58,9690.13
530,59,9739.6
530,60,9725.45
530,61,9705.63
530,62,9708.2
530,63,9739.32
530,64,9731
530,65,9692.15
530,66,9705.81
530,67,9704.61
530,68,9710.48
530,69,9739.75
530,70,9721.76
530,71,9705.32
530,72,9747.63
530,73,9740.95
530,74,9743.04
530,75,9733.06
530,76,9706.21
530,77,9733.24
530,78,9707
530,79,9760.73
530,80,9737.19
530,81,9732.58
530,82,9699.85
530,83,9711.74
530,84,9716.6
530,85,9716.68
530,86,9747.6
530,87,9746.1
530,88,9738.11
530,89,9721.03
530,90,9687.63
530,91,9707.85
530,92,9709.68
530,93,9753.31
530,94,9733.35
530,95,9716.24
530,96,9693.96
530,97,9716.71
530,98,9720.75
530,99,9742.98
540,0,9758.26
540,1,9737.06
540,2,9730.59
540,3,9715.89
540,4,9706.58
540,5,9743.46
540,6,9734.03
540,7,9726.44
540,8,9708.72
540,9,9710.54
540,10,9724.74
540,11,9737.53
540,12,9707.14
540,13,9726.96
540,14,9724.5
540,15,9721.12
540,16,9722.54
540,17,9767.94
540,18,9745.01
540,19,9720.02
540,20,9724.05
540,21,9715.61
540,22,9720.2
540,23,9696.82
540,24,9736.25
540,25,9734.81
540,26,9737.32
540,27,9683.79
540,28,9696.79
540,29,9715.46
540,30,9725.45
540,31,9764.68
540,32,9729.19
540,33,9732.94
540,34,9692.42
540,35,9682.27
540,36,9743.23
540,37,9697.5
540,38,9757.01
540,39,9729.71
540,40,9744.02
540,41,9732.91
540,42,9743.52
540,43,9731.62
540,44,9737.23
540,45,9719.47
540,46,9748.54
540,47,9750.24
540,48,9757.88
540,49,9727.96
540,50,9718.54
540,51,9740.39
540,52,9738.54
540,53,9728.32
540,54,9706.15
540,55,9690.58
540,56,9712.78
540,57,9669.74
540,58,9689.85
540,59,9739.3
540,60,9725.15
540,61,9705.33
540,62,9707.91
540,63,9739.02
540,64,9730.7
540,65,9691.85
540,66,9705.51
540,67,9704.31
540,68,9710.19
540,69,9739.45
540,70,9721.46
540,71,9705.02
540,72,9747.33
540,73,9740.65
540,74,9742.74
540,75,9732.76
540,76,9705.91
540,77,9732.95
540,78,9706.7
540,79,9760.43
540,80,9736.89
540,81,9732.28
540,82,9699.55
540,83,9711.44
540,84,9716.31
540,85,9716.39
540,86,9747.3
540,87,9745.8
540,88,9737.81
540,89,9720.74
540,90,9687.34
540,91,9707.55
540,92,9709.38
540,93,9753.01
540,94,9733.05
540,95,9715.94
540,96,9693.66
540,97,9716.41
540,98,9720.47
540,99,9742.68
550,0,9757.96
550,1,9736.76
550,2,9730.29
550,3,9715.59
550,4,9706.28
550,5,9743.16
550,6,9733.73
550,7,9726.14
550,8,9708.42
550,9,9710.24
550,10,9724.44
550,11,9737.23
550,12,9706.84
550,13,9726.66
550,14,9724.2
550,15,9720.82
550,16,9722.24
550,17,9767.64
550,18,9744.71
550,19,9719.72
550,20,9723.75
550,21,9715.31
550,22,9719.9
550,23,9696.52
550,24,9735.95
550,25,9734.51
550,26,9737.02
550,27,9683.49
550,28,9696.49
550,29,9715.16
550,30,9725.15
550,31,9764.38
550,32,9728.89
550,33,9732.64
550,34,9692.12
550,35,9681.97
550,36,9742.93
550,37,9697.2
550,38,9756.71
550,39,9729.41
550,40,9743.72
550,41,9732.61
550,42,9743.22
550,43,9731.32
550,44,9736.93
550,45,9719.17
550,46,9748.24
550,47,9749.94
550,48,9757.58
550,49,9727.66
550,50,9718.24
550,51,9740.09
550,52,9738.24
550,53,9728.02
550,54,9705.85
550,55,9690.28
550,56,9712.48
550,57,9669.44
550,58,9689.55
550,59,9739
550,60,9724.85
550,61,9705.03
550,62,9707.61
550,63,9738.72
550,64,9730.4
550,65,9691.55
550,66,9705.21
550,67,9704.01
550,68,9709.89
550,69,9739.15
550,70,9721.16
550,71,9704.72
550,72,9747.03
550,73,9740.35
550,74,9742.44
550,75,9732.46
550,76,9705.61
550,77,9732.65
550,78,9706.4
550,79,9760.13
550,80,9736.59
550,81,9731.98
550,82,9699.25
550,83,9711.14
550,84,9716.01
550,85,9716.09
550,86,9747
550,87,9745.5
550,88,9737.51
550,89,9720.44
550,90,9687.04
550,91,9707.25
550,92,9709.08
550,93,9752.71
550,94,9732.75
550,95,9715.64
550,96,9693.36
550,97,9716.11
550,98,9720.17
550,99,9742.38
560,0,9745.26
560,1,9724.46
560,2,9717.71
560,3,9702.62
560,4,9694.78
560,5,9731.41
560,6,9720.04
560,7,9712.42
560,8,9697.96
560,9,9698.23
560,10,9712.2
560,11,9724.01
560,12,9696.52
560,13,9714.25
560,14,9710.92
560,15,9710.89
560,16,9710.03
560,17,9756.93
560,18,9732.79
560,19,9707.4
560,20,9713.16
560,21,9701.83
560,22,9707.7
560,23,9682.51
560,24,9722.73
560,25,9723.56
560,26,9725.49
560,27,9668
560,28,9682.45
560,29,9702.89
560,30,9714.55
560,31,9751.94
560,32,9716.06
560,33,9721.41
560,34,9676.15
560,35,9665.88
560,36,9732.87
560,37,9684.88
560,38,9744.5
560,39,9717.42
560,40,9733.14
560,41,9719.35
560,42,9729.1
560,43,9717.17
560,44,9726.05
560,45,9706
560,46,9735.46
560,47,9736.9
560,48,9746.14
560,49,9715.68
560,50,9705.03
560,51,9729.12
560,52,9725.53
560,53,9715.64
560,54,9692.36
560,55,9678.27
560,56,9697.94
560,57,9653.46
560,58,9674.63
560,59,9727.92
560,60,9710.87
560,61,9693.45
560,62,9693.05
560,63,9728.34
560,64,9714.71
560,65,9677.08
560,66,9691.83
560,67,9689.27
560,68,9696.22
560,69,9725.65
560,70,9708.21
560,71,9692
560,72,9734.7
560,73,9727.51
560,74,9731.33
560,75,9722.19
560,76,9692.22
560,77,9719.52
560,78,9692.32
560,79,9750
560,80,9724.46
560,81,9719.03
560,82,9685.49
560,83,9697.81
560,84,9703.04
560,85,9700.64
560,86,9733.97
560,87,9732.68
560,88,9724.06
560,89,9705.7
560,90,9673.3
560,91,9695.39
560,92,9694.5
560,93,9739.81
560,94,9718.81
560,95,9705.15
560,96,9679.66
560,97,9706.17
560,98,9706.69
560,99,9730.02
570,0,9744.96
570,1,9724.16
570,2,9717.41
570,3,9702.32
570,4,9694.48
570,5,9731.11
570,6,9719.74
570,7,9712.12
570,8,9697.66
570,9,9697.93
570,10,9711.9
570,11,9723.71
570,12,9696.22
570,13,9713.95
570,14,9710.62
570,15,9710.59
570,16,9709.73
570,17,9756.63
570,18,9732.49
570,19,9707.1
570,20,9712.86
570,21,9701.53
570,22,9707.4
570,23,9682.21
570,24,9722.43
570,25,9723.26
570,26,9725.19
570,27,9667.7
570,28,9682.15
570,29,9702.59
570,30,9714.25
570,31,9751.64
570,32,9715.76
570,33,9721.11
570,34,9675.85
570,35,9665.58
570,36,9732.57
570,37,9684.58
570,38,9744.2
570,39,9717.12
570,40,9732.84
570,41,9719.05
570,42,9728.8
570,43,9716.87
570,44,9725.75
570,45,9705.7
570,46,9735.16
570,47,9736.6
570,48,9745.84
570,49,9715.38
570,50,9704.73
570,51,9728.82
570,52,9725.23
570,53,9715.34
570,54,9692.06
570,55,9677.97
570,56,9697.64
570,57,9653.16
570,58,9674.33
570,59,9727.62
570,60,9710.57
570,61,9693.15
570,62,9692.75
570,63,9728.04
570,64,9714.41
570,65,9676.78
570,66,9691.53
570,67,9688.97
570,68,9695.92
570,69,9725.35
570,70,9707.91
570,71,9691.7
570,72,9734.4
570,73,9727.21
570,74,9731.03
570,75,9721.89
570,76,9691.92
570,77,9719.22
570,78,9692.02
570,79,9749.7
570,80,9724.16
570,81,9718.73
570,82,9685.19
570,83,9697.51
570,84,9702.74
570,85,9700.34
570,86,9733.67
570,87,9732.38
570,88,9723.76
570,89,9705.4
570,90,9673
570,91,9695.09
570,92,9694.2
570,93,9739.51
570,94,9718.51
570,95,9704.85
570,96,9679.36
570,97,9705.87
570,98,9706.39
570,99,9729.72
580,0,9744.66
580,1,9723.86
580,2,9717.11
580,3,9702.02
580,4,9694.18
580,5,9730.81
580,6,9719.44
580,7,9711.82
580,8,9697.36
580,9,9697.63
580,10,9711.6
580,11,9723.41
580,12,9695.92
580,13,9713.65
580,14,9710.32
580,15,9710.29
580,16,9709.43
580,17,9756.33
580,18,9732.19
580,19,9706.8
580,20,9712.56
580,21,9701.23
580,22,9707.1
580,23,9681.91
580,24,9722.13
580,25,9722.96
580,26,9724.89
580,27,9667.4
580,28,9681.85
580,29,9702.29
580,30,9713.95
580,31,9751.34
580,32,9715.46
580,33,9720.81
580,34,9675.55
580,35,9665.28
580,36,9732.27
580,37,9684.28
580,38,9743.9
580,39,9716.82
580,40,9732.54
580,41,9718.75
580,42,9728.5
580,43,9716.57
580,44,9725.45
580,45,9705.4
580,46,9734.86
580,47,9736.3
580,48,9745.54
580,49,9715.08
580,50,9704.43
580,51,9728.52
580,52,9724.93
580,53,9715.04
580,54,9691.76
580,55,9677.67
580,56,9697.34
580,57,9652.86
580,58,9674.03
580,59,9727.32
580,60,9710.27
580,61,9692.85
580,62,9692.45
580,63,9727.74
580,64,9714.11
580,65,9676.48
580,66,9691.23
580,67,9688.67
580,68,9695.62
580,69,9725.05
580,70,9707.61
580,71,9691.4
580,72,9734.1
580,73,9726.91
580,74,9730.73
580,75,9721.59
580,76,9691.62
580,77,9718.92
580,78,9691.72
580,79,9749.4
580,80,9723.86
580,81,9718.43
580,82,9684.89
580,83,9697.21
580,84,9702.44
580,85,9700.04
580,86,9733.37
580,87,9732.08
580,88,9723.46
580,89,9705.1
580,90,9672.7
580,91,9694.79
580,92,9693.9
580,93,9739.21
580,94,9718.21
580,95,9704.55
580,96,9679.06
580,97,9705.57
580,98,9706.09
580,99,9729.42
590,0,9732.52
590,1,9709.58
590,2,9704.64
590,3,9689.8
590,4,9678.26
590,5,9719.36
590,6,9705.12
590,7,9696.88
590,8,9683.07
590,9,9685.81
590,10,9699.49
590,11,9708.68
590,12,9683.81
590,13,9700.17
590,14,9696.4
590,15,9698.53
590,16,9693.3
590,17,9744.37
590,18,9718.14
590,19,9694.68
590,20,9697.75
590,21,9687.93
590,22,9694.98
590,23,9667.81
590,24,9708.62
590,25,9709.53
590,26,9713.94
590,27,9650.19
590,28,9666.1
590,29,9690.24
590,30,9702.21
590,31,9738.13
590,32,9702.63
590,33,9709.57
590,34,9659.69
590,35,9650.65
590,36,9720.98
590,37,9669.39
590,38,9730.53
590,39,9703.02
590,40,9720.27
590,41,9702.41
590,42,9714.06
590,43,9702.98
590,44,9710.77
590,45,9689.38
590,46,9720.42
590,47,9722.87
590,48,9732.7
590,49,9701.42
590,50,9688.89
590,51,9716.01
590,52,9711.49
590,53,9702.5
590,54,9676.23
590,55,9663.38
590,56,9682.89
590,57,9639.05
590,58,9660
590,59,9714.58
590,60,9696.42
590,61,9679.3
590,62,9678.39
590,63,9714.35
590,64,9701.5
590,65,9659.22
590,66,9676.66
590,67,9670.57
590,68,9683.54
590,69,9710.73
590,70,9693.09
590,71,9678.48
590,72,9720.95
590,73,9711.24
590,74,9717.01
590,75,9709.1
590,76,9676.36
590,77,9705.8
590,78,9679.47
590,79,9738.5
590,80,9709.35
590,81,9703.32
590,82,9670.01
590,83,9679.37
590,84,9689.88
590,85,9685.03
590,86,9717.68
590,87,9720.05
590,88,9709.17
590,89,9688.98
590,90,9655.16
590,91,9683.15
590,92,9676.72
590,93,9726.23
590,94,9701.89
590,95,9691.88
590,96,9665.45
590,97,9693.8
590,98,9692.58
590,99,9717.23
600,0,9732.22
600,1,9709.28
600,2,9704.34
600,3,9689.5
600,4,9677.96
600,5,9719.06
600,6,9704.82
600,7,9696.58
600,8,9682.77
600,9,9685.51
600,10,9699.19
600,11,9708.38
600,12,9683.51
600,13,9699.87
600,14,9696.1
600,15,9698.23
600,16,9693
600,17,9744.07
600,18,9717.84
600,19,9694.38
600,20,9697.45
600,21,9687.63
600,22,9694.68
600,23,9667.51
600,24,9708.32
600,25,9709.23
600,26,9713.64
600,27,9649.89
600,28,9665.8
600,29,9689.94
600,30,9701.91
600,31,9737.83
600,32,9702.33
600,33,9709.27
600,34,9659.39
600,35,9650.35
600,36,9720.68
600,37,9669.09
600,38,9730.23
600,39,9702.72
600,40,9719.97
600,41,9702.11
600,42,9713.76
600,43,9702.68
600,44,9710.47
600,45,9689.08
600,46,9720.12
600,47,9722.57
600,48,9732.4
600,49,9701.12
600,50,9688.59
600,51,9715.71
600,52,9711.19
600,53,9702.2
600,54,9675.93
600,55,9663.08
600,56,9682.59
600,57,9638.75
600,58,9659.7
600,59,9714.28
600,60,9696.12
600,61,9679
600,62,9678.09
600,63,9714.05
600,64,9701.2
600,65,9658.92
600,66,9676.36
600,67,9670.27
600,68,9683.24
600,69,9710.43
600,70,9692.79
600,71,9678.18
600,72,9720.65
600,73,9710.94
600,74,9716.71
600,75,9708.8
600,76,9676.06
600,77,9705.5
600,78,9679.17
600,79,9738.2
600,80,9709.05
600,81,9703.02
600,82,9669.71
600,83,9679.07
600,84,9689.58
600,85,9684.73
600,86,9717.38
600,87,9719.75
600,88,9708.87
600,89,9688.68
600,90,9654.86
600,91,9682.85
600,92,9676.42
600,93,9725.93
600,94,9701.59
600,95,9691.58
600,96,9665.15
600,97,9693.5
600,98,9692.28
600,99,9716.93
610,0,9731.92
610,1,9708.98
610,2,9704.04
610,3,9689.2
610,4,9677.66
610,5,9718.76
610,6,9704.52
610,7,9696.28
610,8,9682.47
610,9,9685.21
610,10,9698.89
610,11,9708.08
610,12,9683.21
610,13,9699.57
610,14,9695.8
610,15,9697.93
610,16,9692.7
610,17,9743.77
610,18,9717.54
610,19,9694.08
610,20,9697.15
610,21,9687.33
610,22,9694.38
610,23,9667.21
610,24,9708.02
610,25,9708.93
610,26,9713.34
610,27,9649.59
610,28,9665.5
610,29,9689.64
610,30,9701.61
610,31,9737.53
610,32,9702.03
610,33,9708.97
610,34,9659.09
610,35,9650.05
610,36,9720.38
610,37,9668.79
610,38,9729.93
610,39,9702.42
610,40,9719.67
610,41,9701.81
610,42,9713.46
610,43,9702.38
610,44,9710.17
610,45,9688.78
610,46,9719.82
610,47,9722.27
610,48,9732.1
610,49,9700.82
610,50,9688.29
610,51,9715.41
610,52,9710.89
610,53,9701.9
610,54,9675.63
610,55,9662.78
610,56,9682.29
610,57,9638.45
610,58,9659.4
610,59,9713.98
610,60,9695.82
610,61,9678.7
610,62,9677.79
610,63,9713.75
610,64,9700.9
610,65,9658.62
610,66,9676.06
610,67,9669.97
610,68,9682.94
610,69,9710.13
610,70,9692.49
610,71,9677.88
610,72,9720.35
610,73,9710.64
610,74,9716.41
610,75,9708.5
610,76,9675.76
610,77,9705.2
610,78,9678.87
610,79,9737.9
610,80,9708.75
610,81,9702.72
610,82,9669.41
610,83,9678.77
610,84,9689.28
610,85,9684.43
610,86,9717.08
610,87,9719.45
610,88,9708.57
610,89,9688.38
610,90,9654.56
610,91,9682.55
610,92,9676.12
610,93,9725.63
610,94,9701.29
610,95,9691.28
610,96,9664.85
610,97,9693.2
610,98,9691.98
610,99,9716.63
620,0,9720.22
620,1,9691.59
620,2,9689.66
620,3,9674.13
620,4,9658.6
620,5,9702.07
620,6,9689.86
620,7,9681.23
620,8,9664.27
620,9,9671.31
620,10,9681.92
620,11,9692.9
620,12,9667.84
620,13,9680.54
620,14,9679.92
620,15,9684.53
620,16,9673.04
620,17,9729.75
620,18,9703.42
620,19,9679.28
620,20,9681.93
620,21,9670.46
620,22,9679.08
620,23,9651.14
620,24,9694.55
620,25,9691.43
620,26,9698.49
620,27,9634.22
620,28,9647.04
620,29,9674.3
620,30,9687.47
620,31,9722.42
620,32,9685.72
620,33,9693.01
620,34,9643.64
620,35,9633.86
620,36,9707
620,37,9652.93
620,38,9716.21
620,39,9686.05
620,40,9705.29
620,41,9679.73
620,42,9698.5
620,43,9687.67
620,44,9693.79
620,45,9672.23
620,46,9701.4
620,47,9708.33
620,48,9717.16
620,49,9682.85
620,50,9669.94
620,51,9700.39
620,52,9695.45
620,53,9683.29
620,54,9661.09
620,55,9648.98
620,56,9665.21
620,57,9621.98
620,58,9638.75
620,59,9699.36
620,60,9680.69
620,61,9659.74
620,62,9661.84
620,63,9699.77
620,64,9683.96
620,65,9641.26
620,66,9659.87
620,67,9652.96
620,68,9663.86
620,69,9693.65
620,70,9675.73
620,71,9665.2
620,72,9707.01
620,73,9692.18
620,74,9700.96
620,75,9694.47
620,76,9657.34
620,77,9686.8
620,78,9663.05
620,79,9724.6
620,80,9691.48
620,81,9684.78
620,82,9652.59
620,83,9662.94
620,84,9669.27
620,85,9663.67
620,86,9700.03
620,87,9706.02
620,88,9692.12
620,89,9668.82
620,90,9637.38
620,91,9665.13
620,92,9657.05
620,93,9711
620,94,9683.47
620,95,9674.29
620,96,9646.15
620,97,9681.54
620,98,9675.55
620,99,9699.7
630,0,9719.92
630,1,9691.29
630,2,9689.36
630,3,9673.83
630,4,9658.31
630,5,9701.77
630,6,9689.56
630,7,9680.93
630,8,9663.97
630,9,9671.01
630,10,9681.62
630,11,9692.6
630,12,9667.54
630,13,9680.25
630,14,9679.62
630,15,9684.23
630,16,9672.75
630,17,9729.45
630,18,9703.12
630,19,9678.98
630,20,9681.63
630,21,9670.16
630,22,9678.78
630,23,9650.84
630,24,9694.25
630,25,9691.13
630,26,9698.19
630,27,9633.92
630,28,9646.74
630,29,9674
630,30,9687.17
630,31,9722.12
630,32,9685.42
630,33,9692.71
630,34,9643.34
630,35,9633.56
630,36,9706.7
630,37,9652.63
630,38,9715.91
630,39,9685.75
630,40,9704.99
630,41,9679.43
630,42,9698.2
630,43,9687.37
630,44,9693.49
630,45,9671.93
630,46,9701.1
630,47,9708.03
630,48,9716.86
630,49,9682.55
630,50,9669.64
630,51,9700.09
630,52,9695.15
630,53,9682.99
630,54,9660.79
630,55,9648.68
630,56,9664.91
630,57,9621.68
630,58,9638.46
630,59,9699.06
630,60,9680.39
630,61,9659.45
630,62,9661.54
630,63,9699.47
630,64,9683.66
630,65,9640.96
630,66,9659.57
630,67,9652.66
630,68,9663.56
630,69,9693.35
630,70,9675.43
630,71,9664.9
630,72,9706.71
630,73,9691.88
630,74,9700.66
630,75,9694.17
630,76,9657.04
630,77,9686.5
630,78,9662.75
630,79,9724.3
630,80,9691.18
630,81,9684.48
630,82,9652.29
630,83,9662.64
630,84,9668.98
630,85,9663.37
630,86,9699.73
630,87,9705.72
630,88,9691.82
630,89,9668.53
630,90,9637.08
630,91,9664.83
630,92,9656.76
630,93,9710.7
630,94,9683.18
630,95,9673.99
630,96,9645.85
630,97,9681.24
630,98,9675.25
630,99,9699.4
640,0,9719.62
640,1,9690.99
640,2,9689.06
640,3,9673.53
640,4,9658.01
640,5,9701.47
640,6,9689.26
640,7,9680.63
640,8,9663.67
640,9,9670.71
640,10,9681.32
640,11,9692.3
640,12,9667.24
640,13,9679.95
640,14,9679.32
640,15,9683.93
640,16,9672.45
640,17,9729.15
640,18,9702.82
640,19,9678.68
640,20,9681.33
640,21,9669.86
640,22,9678.48
640,23,9650.54
640,24,9693.95
640,25,9690.83
640,26,9697.89
640,27,9633.62
640,28,9646.44
640,29,9673.7
640,30,9686.87
640,31,9721.82
640,32,9685.12
640,33,9692.41
640,34,9643.04
640,35,9633.26
640,36,9706.4
640,37,9652.33
640,38,9715.61
640,39,9685.45
640,40,9704.69
640,41,9679.13
640,42,9697.9
640,43,9687.07
640,44,9693.19
640,45,9671.63
640,46,9700.8
640,47,9707.73
640,48,9716.56
640,49,9682.25
640,50,9669.34
640,51,9699.79
640,52,9694.85
640,53,9682.69
640,54,9660.49
640,55,9648.38
640,56,9664.61
640,57,9621.38
640,58,9638.16
640,59,9698.76
640,60,9680.09
640,61,9659.15
640,62,9661.24
640,63,9699.17
640,64,9683.36
640,65,9640.66
640,66,9659.27
640,67,9652.36
640,68,9663.26
640,69,9693.05
640,70,9675.13
640,71,9664.6
640,72,9706.41
640,73,9691.58
640,74,9700.36
640,75,9693.87
640,76,9656.74
640,77,9686.2
640,78,9662.45
640,79,9724
640,80,9690.88
640,81,9684.18
640,82,9651.99
640,83,9662.34
640,84,9668.68
640,85,9663.07
640,86,9699.43
640,87,9705.42
640,88,9691.52
640,89,9668.23
640,90,9636.78
640,91,9664.53
640,92,9656.46
640,93,9710.4
640,94,9682.88
640,95,9673.69
640,96,9645.55
640,97,9680.94
640,98,9674.95
640,99,9699.1
650,0,9705.25
650,1,9672.83
650,2,9671.07
650,3,9656.78
650,4,9643.16
650,5,9686.29
650,6,9674.72
650,7,9667.16
650,8,9645
650,9,9656.89
650,10,9663.08
650,11,9677.05
650,12,9652.83
650,13,9665.14
650,14,9663.6
650,15,9669.22
650,16,9657
650,17,9713.65
650,18,9689.57
650,19,9662.51
650,20,9663.36
650,21,9652.52
650,22,9663.48
650,23,9634.44
650,24,9680.84
650,25,9673.75
650,26,9682.18
650,27,9617.27
650,28,9628.1
650,29,9658.23
650,30,9671.75
650,31,9706.2
650,32,9670.7
650,33,9674.41
650,34,9627.74
650,35,9616.22
650,36,9690.98
650,37,9633.94
650,38,9701.73
650,39,9671.65
650,40,9690.53
650,41,9656.68
650,42,9683.06
650,43,9671.84
650,44,9676.64
650,45,9656.62
650,46,9685.92
650,47,9693
650,48,9701.22
650,49,9667.13
650,50,9651.11
650,51,9685.69
650,52,9680.74
650,53,9667.01
650,54,9646.06
650,55,9634.54
650,56,9647.03
650,57,9607.84
650,58,9622.47
650,59,9682.42
650,60,9665.3
650,61,9644.3
650,62,9644.84
650,63,9685.65
650,64,9670.64
650,65,9623.88
650,66,9644.53
650,67,9634.65
650,68,9644.34
650,69,9678.88
650,70,9660.57
650,71,9651.69
650,72,9693.02
650,73,9673.2
650,74,9684.31
650,75,9679.89
650,76,9638.49
650,77,9667.28
650,78,9646.91
650,79,9709.91
650,80,9675.71
650,81,9670.46
650,82,9636.94
650,83,9647.31
650,84,9648.87
650,85,9642.53
650,86,9681
650,87,9691.53
650,88,9677.29
650,89,9649.12
650,90,9620.11
650,91,9647
650,92,9639.7
650,93,9695.41
650,94,9666.86
650,95,9656.56
650,96,9631.11
650,97,9667.61
650,98,9659.49
650,99,9681.79
660,0,9704.95
660,1,9672.53
660,2,9670.77
660,3,9656.48
660,4,9642.86
660,5,9685.99
660,6,9674.42
660,7,9666.86
660,8,9644.71
660,9,9656.59
660,10,9662.78
660,11,9676.75
660,12,9652.53
660,13,9664.84
660,14,9663.3
660,15,9668.92
660,16,9656.7
660,17,9713.35
660,18,9689.27
660,19,9662.21
660,20,9663.06
660,21,9652.22
660,22,9663.18
660,23,9634.14
660,24,9680.54
660,25,9673.45
660,26,9681.88
660,27,9616.97
660,28,9627.8
660,29,9657.93
660,30,9671.45
660,31,9705.9
660,32,9670.4
660,33,9674.12
660,34,9627.44
660,35,9615.92
660,36,9690.68
660,37,9633.65
660,38,9701.43
660,39,9671.35
660,40,9690.23
660,41,9656.38
660,42,9682.76
660,43,9671.54
660,44,9676.34
660,45,9656.32
660,46,9685.62
660,47,9692.7
660,48,9700.92
660,49,9666.83
660,50,9650.81
660,51,9685.39
660,52,9680.44
660,53,9666.71
660,54,9645.76
660,55,9634.24
660,56,9646.73
660,57,9607.54
660,58,9622.17
660,59,9682.12
660,60,9665
660,61,9644
660,62,9644.54
660,63,9685.35
660,64,9670.34
660,65,9623.58
660,66,9644.23
660,67,9634.35
660,68,9644.05
660,69,9678.58
660,70,9660.27
660,71,9651.39
660,72,9692.72
660,73,9672.9
660,74,9684.01
660,75,9679.59
660,76,9638.2
660,77,9666.99
660,78,9646.61
660,79,9709.61
660,80,9675.41
660,81,9670.16
660,82,9636.64
660,83,9647.01
660,84,9648.59
660,85,9642.24
660,86,9680.7
660,87,9691.23
660,88,9676.99
660,89,9648.83
660,90,9619.81
660,91,9646.7
660,92,9639.4
660,93,9695.11
660,94,9666.56
660,95,9656.26
660,96,9630.81
660,97,9667.31
660,98,9659.19
660,99,9681.49
670,0,9704.65
670,1,9672.23
670,2,9670.47
670,3,9656.18
670,4,9642.56
670,5,9685.69
670,6,9674.12
670,7,9666.56
670,8,9644.41
670,9,9656.29
670,10,9662.48
670,11,9676.45
670,12,9652.23
670,13,9664.54
670,14,9663
670,15,9668.62
670,16,9656.4
670,17,9713.05
670,18,9688.97
670,19,9661.91
670,20,9662.76
670,21,9651.92
670,22,9662.88
670,23,9633.84
670,24,9680.24
670,25,9673.15
670,26,9681.58
670,27,9616.67
670,28,9627.5
670,29,9657.63
670,30,9671.15
670,31,9705.6
670,32,9670.1
670,33,9673.82
670,34,9627.14
670,35,9615.62
670,36,9690.38
670,37,9633.35
670,38,9701.13
670,39,9671.05
670,40,9689.93
670,41,9656.08
670,42,9682.46
670,43,9671.24
670,44,9676.04
670,45,9656.02
670,46,9685.32
670,47,9692.4
670,48,9700.62
670,49,9666.53
670,50,9650.51
670,51,9685.09
670,52,9680.14
670,53,9666.41
670,54,9645.46
670,55,9633.94
670,56,9646.43
670,57,9607.24
670,58,9621.87
670,59,9681.82
670,60,9664.7
670,61,9643.7
670,62,9644.24
670,63,9685.05
670,64,9670.04
670,65,9623.28
670,66,9643.93
670,67,9634.05
670,68,9643.75
670,69,9678.28
670,70,9659.97
670,71,9651.09
670,72,9692.42
670,73,9672.6
670,74,9683.71
670,75,9679.29
670,76,9637.9
670,77,9666.69
670,78,9646.31
670,79,9709.31
670,80,9675.11
670,81,9669.86
670,82,9636.34
670,83,9646.71
670,84,9648.29
670,85,9641.94
670,86,9680.4
670,87,9690.93
670,88,9676.69
670,89,9648.53
670,90,9619.51
670,91,9646.4
670,92,9639.1
670,93,9694.81
670,94,9666.26
670,95,9655.96
670,96,9630.51
670,97,9667.01
670,98,9658.89
670,99,9681.19
680,0,9690.87
680,1,9655.19
680,2,9655.19
680,3,9641.99
680,4,9627.6
680,5,9670.14
680,6,9660.81
680,7,9652.22
680,8,9629.94
680,9,9641.77
680,10,9645.68
680,11,9662.41
680,12,9636.6
680,13,9650.2
680,14,9648.71
680,15,9655.77
680,16,9640.8
680,17,9699.27
680,18,9675.15
680,19,9647.91
680,20,9646.03
680,21,9636.39
680,22,9649.94
680,23,9619.38
680,24,9666
680,25,9656.41
680,26,9665.53
680,27,9600.97
680,28,9612.55
680,29,9642.44
680,30,9657.68
680,31,9690.42
680,32,9656.1
680,33,9660.27
680,34,9611.07
680,35,9599.39
680,36,9678.04
680,37,9616.35
680,38,9688.51
680,39,9657.62
680,40,9676.9
680,41,9636.19
680,42,9668.82
680,43,9655.72
680,44,9659.37
680,45,9639.72
680,46,9672.55
680,47,9679.15
680,48,9686.99
680,49,9650.25
680,50,9633.89
680,51,9669.65
680,52,9667.98
680,53,9652.01
680,54,9631.79
680,55,9620.19
680,56,9631.7
680,57,9589.62
680,58,9606.86
680,59,9666.85
680,60,9650.24
680,61,9628.67
680,62,9630.62
680,63,9670.11
680,64,9657.99
680,65,9606.85
680,66,9629.61
680,67,9617.97
680,68,9629.19
680,69,9665.71
680,70,9645.9
680,71,9636.71
680,72,9679.81
680,73,9655.74
680,74,9668.67
680,75,9664.32
680,76,9624.05
680,77,9652.12
680,78,9631.45
680,79,9694.92
680,80,9658.3
680,81,9656.65
680,82,9621.86
680,83,9632.55
680,84,9632.78
680,85,9620.75
680,86,9662.82
680,87,9676.46
680,88,9663.72
680,89,9629.71
680,90,9602.78
680,91,9629.47
680,92,9623.01
680,93,9680.62
680,94,9652.57
680,95,9639.6
680,96,9616.97
680,97,9654.79
680,98,9643.93
680,99,9667.41
690,0,9690.57
690,1,9654.89
690,2,9654.89
690,3,9641.69
690,4,9627.3
690,5,9669.84
690,6,9660.51
690,7,9651.92
690,8,9629.64
690,9,9641.47
690,10,9645.38
690,11,9662.11
690,12,9636.3
690,13,9649.9
690,14,9648.41
690,15,9655.47
690,16,9640.5
690,17,9698.97
690,18,9674.85
690,19,9647.61
690,20,9645.73
690,21,9636.09
690,22,9649.64
690,23,9619.08
690,24,9665.7
690,25,9656.11
690,26,9665.23
690,27,9600.68
690,28,9612.25
690,29,9642.14
690,30,9657.38
690,31,9690.12
690,32,9655.8
690,33,9659.97
690,34,9610.77
690,35,9599.09
690,36,9677.74
690,37,9616.06
690,38,9688.21
690,39,9657.32
690,40,9676.6
690,41,9635.89
690,42,9668.52
690,43,9655.42
690,44,9659.07
690,45,9639.42
690,46,9672.25
690,47,9678.85
690,48,9686.69
690,49,9649.95
690,50,9633.59
690,51,9669.35
690,52,9667.68
690,53,9651.71
690,54,9631.49
690,55,9619.89
690,56,9631.4
690,57,9589.32
690,58,9606.56
690,59,9666.55
690,60,9649.94
690,61,9628.37
690,62,9630.32
690,63,9669.81
690,64,9657.69
690,65,9606.55
690,66,9629.31
690,67,9617.67
690,68,9628.89
690,69,9665.41
690,70,9645.6
690,71,9636.41
690,72,9679.51
690,73,9655.44
690,74,9668.37
690,75,9664.02
690,76,9623.75
690,77,9651.82
690,78,9631.15
690,79,9694.62
690,80,9658.01
690,81,9656.35
690,82,9621.56
690,83,9632.25
690,84,9632.48
690,85,9620.46
690,86,9662.53
690,87,9676.16
690,88,9663.42
690,89,9629.41
690,90,9602.49
690,91,9629.17
690,92,9622.71
690,93,9680.32
690,94,9652.27
690,95,9639.3
690,96,9616.67
690,97,9654.49
690,98,9643.63
690,99,9667.11
700,0,9690.27
700,1,9654.59
700,2,9654.59
700,3,9641.39
700,4,9627
700,5,9669.54
700,6,9660.21
700,7,9651.62
700,8,9629.34
700,9,9641.17
700,10,9645.08
700,11,9661.81
700,12,9636
700,13,9649.6
700,14,9648.11
700,15,9655.17
700,16,9640.2
700,17,9698.67
700,18,9674.55
700,19,9647.31
700,20,9645.43
700,21,9635.79
700,22,9649.34
700,23,9618.78
700,24,9665.4
700,25,9655.81
700,26,9664.93
700,27,9600.38
700,28,9611.95
700,29,9641.84
700,30,9657.08
700,31,9689.82
700,32,9655.5
700,33,9659.67
700,34,9610.47
700,35,9598.79
700,36,9677.44
700,37,9615.76
700,38,9687.91
700,39,9657.02
700,40,9676.3
700,41,9635.59
700,42,9668.22
700,43,9655.12
700,44,9658.77
700,45,9639.12
700,46,9671.95
700,47,9678.55
700,48,9686.39
700,49,9649.65
700,50,9633.29
700,51,9669.05
700,52,9667.38
700,53,9651.41
700,54,9631.19
700,55,9619.59
700,56,9631.1
700,57,9589.02
700,58,9606.26
700,59,9666.25
700,60,9649.64
700,61,9628.07
700,62,9630.02
700,63,9669.51
700,64,9657.39
700,65,9606.25
700,66,9629.01
700,67,9617.37
700,68,9628.59
700,69,9665.11
700,70,9645.3
700,71,9636.11
700,72,9679.21
700,73,9655.14
700,74,9668.07
700,75,9663.72
700,76,9623.45
700,77,9651.52
700,78,9630.85
700,79,9694.32
700,80,9657.71
700,81,9656.05
700,82,9621.26
700,83,9631.95
700,84,9632.18
700,85,9620.16
700,86,9662.23
700,87,9675.86
700,88,9663.12
700,89,9629.11
700,90,9602.19
700,91,9628.87
700,92,9622.41
700,93,9680.02
700,94,9651.97
700,95,9639
700,96,9616.37
700,97,9654.19
700,98,9643.33
700,99,9666.81
710,0,9677.41
710,1,9641.44
710,2,9640.99
710,3,9628.02
710,4,9613.72
710,5,9657.44
710,6,9645.41
710,7,9636.3
710,8,9616.5
710,9,9626.17
710,10,9631.45
710,11,9646.54
710,12,9622.3
710,13,9637.27
710,14,9631.79
710,15,9641.96
710,16,9624.48
710,17,9687.16
710,18,9661.68
710,19,9633.44
710,20,9631.57
710,21,9622.21
710,22,9636.12
710,23,9603.86
710,24,9651.62
710,25,9642.22
710,26,9650.97
710,27,9584.87
710,28,9598.13
710,29,9629.51
710,30,9644.41
710,31,9675.49
710,32,9643.2
710,33,9647.93
710,34,9594.53
710,35,9584.94
710,36,9664.01
710,37,9601.98
710,38,9674.17
710,39,9645.46
710,40,9663.52
710,41,9611.42
710,42,9654.2
710,43,9641.9
710,44,9643.6
710,45,9624.8
710,46,9658.08
710,47,9665.66
710,48,9673.56
710,49,9629.92
710,50,9618.97
710,51,9654.43
710,52,9653.87
710,53,9638.02
710,54,9615.59
710,55,9605.92
710,56,9617.86
710,57,9573.63
710,58,9591.99
710,59,9653.87
710,60,9635.48
710,61,9615.43
710,62,9615.5
710,63,9657.13
710,64,9646.05
710,65,9587.12
710,66,9616.22
710,67,9602.84
710,68,9615.17
710,69,9651.5
710,70,9632.75
710,71,9623.85
710,72,9666.56
710,73,9639.72
710,74,9655.85
710,75,9648.93
710,76,9611.08
710,77,9637.02
710,78,9615.71
710,79,9680.78
710,80,9645.24
710,81,9640.38
710,82,9608.2
710,83,9615.87
710,84,9618.61
710,85,9603.05
710,86,9646.21
710,87,9662.45
710,88,9649.47
710,89,9614.96
710,90,9587.04
710,91,9615.34
710,92,9606.11
710,93,9666.02
710,94,9636.52
710,95,9625.33
710,96,9600.94
710,97,9642.46
710,98,9630
710,99,9652.91
720,0,9677.11
720,1,9641.14
720,2,9640.69
720,3,9627.72
720,4,9613.42
720,5,9657.14
720,6,9645.13
720,7,9636.02
720,8,9616.2
720,9,9625.87
720,10,9631.15
720,11,9646.26
720,12,9622
720,13,9636.97
720,14,9631.52
720,15,9641.66
720,16,9624.18
720,17,9686.86
720,18,9661.38
720,19,9633.14
720,20,9631.27
720,21,9621.91
720,22,9635.82
720,23,9603.56
720,24,9651.32
720,25,9641.92
720,26,9650.67
720,27,9584.59
720,28,9597.83
720,29,9629.21
720,30,9644.11
720,31,9675.19
720,32,9642.9
720,33,9647.63
720,34,9594.23
720,35,9584.64
720,36,9663.71
720,37,9601.68
720,38,9673.87
720,39,9645.16
720,40,9663.22
720,41,9611.12
720,42,9653.9
720,43,9641.6
720,44,9643.3
720,45,9624.5
720,46,9657.78
720,47,9665.36
720,48,9673.26
720,49,9629.63
720,50,9618.67
720,51,9654.13
720,52,9653.57
720,53,9637.72
720,54,9615.3
720,55,9605.62
720,56,9617.56
720,57,9573.33
720,58,9591.69
720,59,9653.57
720,60,9635.18
720,61,9615.13
720,62,9615.2
720,63,9656.83
720,64,9645.75
720,65,9586.86
720,66,9615.92
720,67,9602.54
720,68,9614.87
720,69,9651.2
720,70,9632.45
720,71,9623.55
720,72,9666.26
720,73,9639.42
720,74,9655.55
720,75,9648.63
720,76,9610.78
720,77,9636.72
720,78,9615.41
720,79,9680.48
720,80,9644.94
720,81,9640.1
720,82,9607.9
720,83,9615.57
720,84,9618.31
720,85,9602.75
720,86,9645.91
720,87,9662.15
720,88,9649.17
720,89,9614.66
720,90,9586.74
720,91,9615.04
720,92,9605.82
720,93,9665.72
720,94,9636.23
720,95,9625.03
720,96,9600.64
720,97,9642.16
720,98,9629.7
720,99,9652.61
730,0,9676.81
730,1,9640.84
730,2,9640.39
730,3,9627.42
730,4,9613.12
730,5,9656.84
730,6,9644.83
730,7,9635.72
730,8,9615.9
730,9,9625.57
730,10,9630.85
730,11,9645.96
730,12,9621.7
730,13,9636.67
730,14,9631.22
730,15,9641.36
730,16,9623.88
730,17,9686.56
730,18,9661.08
730,19,9632.84
730,20,9630.97
730,21,9621.61
730,22,9635.52
730,23,9603.26
730,24,9651.02
730,25,9641.62
730,26,9650.37
730,27,9584.29
730,28,9597.53
730,29,9628.91
730,30,9643.81
730,31,9674.89
730,32,9642.6
730,33,9647.33
730,34,9593.93
730,35,9584.34
730,36,9663.41
730,37,9601.38
730,38,9673.57
730,39,9644.86
730,40,9662.92
730,41,9610.82
730,42,9653.6
730,43,9641.3
730,44,9643
730,45,9624.2
730,46,9657.48
730,47,9665.06
730,48,9672.96
730,49,9629.33
730,50,9618.37
730,51,9653.83
730,52,9653.27
730,53,9637.42
730,54,9615
730,55,9605.32
730,56,9617.26
730,57,9573.03
730,58,9591.39
730,59,9653.27
730,60,9634.88
730,61,9614.83
730,62,9614.9
730,63,9656.53
730,64,9645.45
730,65,9586.56
730,66,9615.62
730,67,9602.24
730,68,9614.57
730,69,9650.9
730,70,9632.15
730,71,9623.25
730,72,9665.96
730,73,9639.12
730,74,9655.25
730,75,9648.33
730,76,9610.48
730,77,9636.42
730,78,9615.11
730,79,9680.18
730,80,9644.64
730,81,9639.8
730,82,9607.6
730,83,9615.27
730,84,9618.01
730,85,9602.45
730,86,9645.61
730,87,9661.85
730,88,9648.87
730,89,9614.36
730,90,9586.44
730,91,9614.74
730,92,9605.52
730,93,9665.42
730,94,9635.93
730,95,9624.73
730,96,9600.34
730,97,9641.86
730,98,9629.4
730,99,9652.31
740,0,9664.77
740,1,9627.07
740,2,9626.94
740,3,9613.69
740,4,9597.62
740,5,9642.09
740,6,9631.21
740,7,9621.84
740,8,9603.39
740,9,9611.63
740,10,9616.01
740,11,9631.63
740,12,9611.27
740,13,9620.2
740,14,9615.57
740,15,9629.21
740,16,9607.54
740,17,9673.14
740,18,9647.79
740,19,9620.46
740,20,9618.31
740,21,9606.67
740,22,9623.97
740,23,9588.44
740,24,9638.24
740,25,9627.32
740,26,9636.3
740,27,9570.56
740,28,9581.21
740,29,9616.34
740,30,9629.52
740,31,9659.39
740,32,9627.65
740,33,9632.89
740,34,9578.1
740,35,9566.16
740,36,9651.24
740,37,9587.13
740,38,9660.86
740,39,9631.22
740,40,9650.55
740,41,9588.44
740,42,9639.52
740,43,9627.93
740,44,9627.8
740,45,9610.52
740,46,9642.97
740,47,9652.17
740,48,9660.15
740,49,9612.59
740,50,9604.56
740,51,9639.3
740,52,9639.82
740,53,9621.66
740,54,9600.28
740,55,9591.45
740,56,9602.03
740,57,9556.81
740,58,9573.66
740,59,9639.01
740,60,9622.16
740,61,9599.35
740,62,9602.62
740,63,9643.93
740,64,9633.63
740,65,9568.41
740,66,9600.74
740,67,9585.64
740,68,9597.73
740,69,9636.56
740,70,9617.04
740,71,9610.47
740,72,9653.68
740,73,9623.72
740,74,9642.94
740,75,9632.68
740,76,9594.92
740,77,9620.35
740,78,9601.29
740,79,9668.22
740,80,9629.56
740,81,9624.05
740,82,9592.17
740,83,9599.06
740,84,9600.45
740,85,9584.52
740,86,9628.19
740,87,9648.03
740,88,9634.18
740,89,9597.18
740,90,9568.03
740,91,9599.71
740,92,9588.64
740,93,9651.5
740,94,9621.49
740,95,9609.58
740,96,9585.75
740,97,9629.71
740,98,9613.89
740,99,9636.87
750,0,9664.47
750,1,9626.77
750,2,9626.64
750,3,9613.39
750,4,9597.34
750,5,9641.79
750,6,9630.93
750,7,9621.56
750,8,9603.09
750,9,9611.33
750,10,9615.71
750,11,9631.36
750,12,9610.97
750,13,9619.93
750,14,9615.3
750,15,9628.91
750,16,9607.26
750,17,9672.84
750,18,9647.49
750,19,9620.16
750,20,9618.01
750,21,9606.38
750,22,9623.67
750,23,9588.14
750,24,9637.94
750,25,9627.03
750,26,9636
750,27,9570.27
750,28,9580.93
750,29,9616.04
750,30,9629.22
750,31,9659.09
750,32,9627.37
750,33,9632.6
750,34,9577.81
750,35,9565.9
750,36,9650.94
750,37,9586.83
750,38,9660.56
750,39,9630.92
750,40,9650.25
750,41,9588.14
750,42,9639.24
750,43,9627.63
750,44,9627.51
750,45,9610.22
750,46,9642.68
750,47,9651.87
750,48,9659.85
750,49,9612.32
750,50,9604.26
750,51,9639
750,52,9639.52
750,53,9621.37
750,54,9600
750,55,9591.15
750,56,9601.73
750,57,9556.53
750,58,9573.39
750,59,9638.71
750,60,9621.86
750,61,9599.07
750,62,9602.32
750,63,9643.63
750,64,9633.33
750,65,9568.16
750,66,9600.44
750,67,9585.37
750,68,9597.45
750,69,9636.27
750,70,9616.77
750,71,9610.17
750,72,9653.38
750,73,9623.43
750,74,9642.64
750,75,9632.38
750,76,9594.64
750,77,9620.08
750,78,9600.99
750,79,9667.92
750,80,9629.28
750,81,9623.78
750,82,9591.87
750,83,9598.76
750,84,9600.19
750,85,9584.24
750,86,9627.92
750,87,9647.73
750,88,9633.9
750,89,9596.9
750,90,9567.78
750,91,9599.42
750,92,9588.37
750,93,9651.2
750,94,9621.21
750,95,9609.29
750,96,9585.46
750,97,9629.41
750,98,9613.59
750,99,9636.58
760,0,9664.17
760,1,9626.47
760,2,9626.34
760,3,9613.09
760,4,9597.04
760,5,9641.49
760,6,9630.63
760,7,9621.26
760,8,9602.79
760,9,9611.03
760,10,9615.41
760,11,9631.06
760,12,9610.67
760,13,9619.63
760,14,9615
760,15,9628.61
760,16,9606.96
760,17,9672.54
760,18,9647.19
760,19,9619.86
760,20,9617.71
760,21,9606.08
760,22,9623.37
760,23,9587.84
760,24,9637.64
760,25,9626.73
760,26,9635.7
760,27,9569.97
760,28,9580.63
760,29,9615.74
760,30,9628.92
760,31,9658.79
760,32,9627.07
760,33,9632.3
760,34,9577.51
760,35,9565.6
760,36,9650.64
760,37,9586.53
760,38,9660.26
760,39,9630.62
760,40,9649.95
760,41,9587.84
760,42,9638.94
760,43,9627.33
760,44,9627.21
760,45,9609.92
760,46,9642.38
760,47,9651.57
760,48,9659.55
760,49,9612.02
760,50,9603.96
760,51,9638.7
760,52,9639.22
760,53,9621.07
760,54,9599.7
760,55,9590.85
760,56,9601.43
760,57,9556.23
760,58,9573.09
760,59,9638.41
760,60,9621.56
760,61,9598.77
760,62,9602.02
760,63,9643.33
760,64,9633.03
760,65,9567.86
760,66,9600.14
760,67,9585.07
760,68,9597.15
760,69,9635.97
760,70,9616.47
760,71,9609.87
760,72,9653.08
760,73,9623.13
760,74,9642.34
760,75,9632.08
760,76,9594.34
760,77,9619.78
760,78,9600.69
760,79,9667.62
760,80,9628.98
760,81,9623.48
760,82,9591.57
760,83,9598.46
760,84,9599.89
760,85,9583.94
760,86,9627.62
760,87,9647.43
760,88,9633.6
760,89,9596.6
760,90,9567.48
760,91,9599.12
760,92,9588.07
760,93,9650.9
760,94,9620.91
760,95,9608.99
760,96,9585.16
760,97,9629.11
760,98,9613.29
760,99,9636.28
770,0,9651.36
770,1,9610.68
770,2,9611.88
770,3,9599.58
770,4,9581.84
770,5,9627.81
770,6,9619.46
770,7,9609.39
770,8,9587.99
770,9,9598.88
770,10,9601.3
770,11,9618.56
770,12,9596.85
770,13,9606.07
770,14,9600.14
770,15,9616.48
770,16,9591.94
770,17,9659.06
770,18,9633.38
770,19,9607.08
770,20,9603.85
770,21,9591.68
770,22,9609.43
770,23,9574.65
770,24,9622.96
770,25,9613.01
770,26,9620.24
770,27,9554.19
770,28,9564.93
770,29,9601.1
770,30,9613.29
770,31,9644.47
770,32,9611.98
770,33,9617.92
770,34,9561.17
770,35,9551.34
770,36,9639.36
770,37,9573.63
770,38,9647.01
770,39,9615.56
770,40,9636.82
770,41,9569.38
770,42,9627.2
770,43,9612.65
770,44,9613.05
770,45,9593.97
770,46,9628.87
770,47,9640.52
770,48,9647.76
770,49,9597.32
770,50,9590.17
770,51,9623.47
770,52,9625.49
770,53,9607.56
770,54,9585.77
770,55,9577.05
770,56,9585.31
770,57,9541.1
770,58,9557.49
770,59,9624
770,60,9607.05
770,61,9582.87
770,62,9588.1
770,63,9630.76
770,64,9619.81
770,65,9551.75
770,66,9585.39
770,67,9570.15
770,68,9582.23
770,69,9620.93
770,70,9600.67
770,71,9597.73
770,72,9640.15
770,73,9607.62
770,74,9627.61
770,75,9616.54
770,76,9580.9
770,77,9606.4
770,78,9585.74
770,79,9655.67
770,80,9612.89
770,81,9610.29
770,82,9575.69
770,83,9579.83
770,84,9584.32
770,85,9568.77
770,86,9614.31
770,87,9633.34
770,88,9622.21
770,89,9581.34
770,90,9551.17
770,91,9584.65
770,92,9573.34
770,93,9636.37
770,94,9603.65
770,95,9592.83
770,96,9571.53
770,97,9618.28
770,98,9599.58
770,99,9623.33
780,0,9651.06
780,1,9610.42
780,2,9611.58
780,3,9599.29
780,4,9581.57
780,5,9627.51
780,6,9619.16
780,7,9609.11
780,8,9587.72
780,9,9598.59
780,10,9601.01
780,11,9618.28
780,12,9596.57
780,13,9605.78
780,14,9599.88
780,15,9616.18
780,16,9591.66
780,17,9658.76
780,18,9633.1
780,19,9606.79
780,20,9603.55
780,21,9591.39
780,22,9609.15
780,23,9574.35
780,24,9622.69
780,25,9612.72
780,26,9619.97
780,27,9553.94
780,28,9564.66
780,29,9600.83
780,30,9613.01
780,31,9644.19
780,32,9611.72
780,33,9617.65
780,34,9560.9
780,35,9551.07
780,36,9639.06
780,37,9573.34
780,38,9646.73
780,39,9615.29
780,40,9636.52
780,41,9569.08
780,42,9626.91
780,43,9612.36
780,44,9612.76
780,45,9593.71
780,46,9628.59
780,47,9640.22
780,48,9647.46
780,49,9597.04
780,50,9589.87
780,51,9623.19
780,52,9625.21
780,53,9607.26
780,54,9585.49
780,55,9576.76
780,56,9585.04
780,57,9540.82
780,58,9557.21
780,59,9623.71
780,60,9606.75
780,61,9582.61
780,62,9587.81
780,63,9630.47
780,64,9619.52
780,65,9551.48
780,66,9585.11
780,67,9569.88
780,68,9581.95
780,69,9620.67
780,70,9600.42
780,71,9597.43
780,72,9639.86
780,73,9607.35
780,74,9627.34
780,75,9616.24
780,76,9580.62
780,77,9606.11
780,78,9585.45
780,79,9655.37
780,80,9612.63
780,81,9610.02
780,82,9575.41
780,83,9579.53
780,84,9584.05
780,85,9568.48
780,86,9614.02
780,87,9633.05
780,88,9621.91
780,89,9581.06
780,90,9550.91
780,91,9584.36
780,92,9573.05
780,93,9636.08
780,94,9603.41
780,95,9592.56
780,96,9571.25
780,97,9617.98
780,98,9599.28
780,99,9623.03
790,0,9650.76
790,1,9610.12
790,2,9611.28
790,3,9598.99
790,4,9581.27
790,5,9627.21
790,6,9618.86
790,7,9608.81
790,8,9587.42
790,9,9598.29
790,10,9600.71
790,11,9617.98
790,12,9596.27
790,13,9605.48
790,14,9599.58
790,15,9615.88
790,16,9591.36
790,17,9658.46
790,18,9632.8
790,19,9606.49
790,20,9603.25
790,21,9591.09
790,22,9608.85
790,23,9574.05
790,24,9622.39
790,25,9612.42
790,26,9619.67
790,27,9553.64
790,28,9564.36
790,29,9600.53
790,30,9612.71
790,31,9643.89
790,32,9611.42
790,33,9617.35
790,34,9560.6
790,35,9550.77
790,36,9638.76
790,37,9573.04
790,38,9646.43
790,39,9614.99
790,40,9636.22
790,41,9568.78
790,42,9626.61
790,43,9612.06
790,44,9612.46
790,45,9593.41
790,46,9628.29
790,47,9639.92
790,48,9647.16
790,49,9596.74
790,50,9589.57
790,51,9622.89
790,52,9624.91
790,53,9606.96
790,54,9585.19
790,55,9576.46
790,56,9584.74
790,57,9540.52
790,58,9556.91
790,59,9623.41
790,60,9606.45
790,61,9582.31
790,62,9587.51
790,63,9630.17
790,64,9619.22
790,65,9551.18
790,66,9584.81
790,67,9569.58
790,68,9581.65
790,69,9620.37
790,70,9600.12
790,71,9597.13
790,72,9639.56
790,73,9607.05
790,74,9627.04
790,75,9615.94
790,76,9580.32
790,77,9605.81
790,78,9585.15
790,79,9655.07
790,80,9612.33
790,81,9609.72
790,82,9575.11
790,83,9579.23
790,84,9583.75
790,85,9568.18
790,86,9613.72
790,87,9632.75
790,88,9621.61
790,89,9580.76
790,90,9550.61
790,91,9584.06
790,92,9572.75
790,93,9635.78
790,94,9603.11
790,95,9592.26
790,96,9570.95
790,97,9617.68
790,98,9598.98
790,99,9622.73
800,0,9640.54
800,1,9597.94
800,2,9599.23
800,3,9586.03
800,4,9568.27
800,5,9614.81
800,6,9605.85
800,7,9596.29
800,8,9574.48
800,9,9584.62
800,10,9585.75
800,11,9606.51
800,12,9583.11
800,13,9592.41
800,14,9584.02
800,15,9602.08
800,16,9577.06
800,17,9648.16
800,18,9622.1
800,19,9594.56
800,20,9589.29
800,21,9576.14
800,22,9597.2
800,23,9560.15
800,24,9609.94
800,25,9600.33
800,26,9606.37
800,27,9537.31
800,28,9551.73
800,29,9587.05
800,30,9599.08
800,31,9632.72
800,32,9599.34
800,33,9602.86
800,34,9545.3
800,35,9536.72
800,36,9628.14
800,37,9560.68
800,38,9635.75
800,39,9602.75
800,40,9623.68
800,41,9556.27
800,42,9615.28
800,43,9599.18
800,44,9598.46
800,45,9577.2
800,46,9615.08
800,47,9628.19
800,48,9637.19
800,49,9584.01
800,50,9575.12
800,51,9611.09
800,52,9614.01
800,53,9593.81
800,54,9570.66
800,55,9563.22
800,56,9569.93
800,57,9527.05
800,58,9542.91
800,59,9611.7
800,60,9593.88
800,61,9569.3
800,62,9573.34
800,63,9619.52
800,64,9607.64
800,65,9536
800,66,9572.47
800,67,9553.91
800,68,9567.38
800,69,9608.45
800,70,9587.67
800,71,9584.6
800,72,9628.7
800,73,9594.56
800,74,9615.29
800,75,9605.61
800,76,9565.95
800,77,9593.26
800,78,9569.03
800,79,9642.19
800,80,9599.79
800,81,9596.74
800,82,9560.39
800,83,9564.17
800,84,9567.43
800,85,9552.36
800,86,9600.7
800,87,9620.06
800,88,9610.61
800,89,9566.72
800,90,9535.24
800,91,9570.22
800,92,9557.64
800,93,9622.52
800,94,9588.68
800,95,9578.51
800,96,9556.79
800,97,9605.87
800,98,9587.13
800,99,9610.47
810,0,9640.24
810,1,9597.65
810,2,9598.94
810,3,9585.74
810,4,9568
810,5,9614.51
810,6,9605.59
810,7,9596.02
810,8,9574.2
810,9,9584.34
810,10,9585.48
810,11,9606.23
810,12,9582.82
810,13,9592.14
810,14,9583.78
810,15,9601.78
810,16,9576.79
810,17,9647.86
810,18,9621.8
810,19,9594.26
810,20,9589.01
810,21,9575.87
810,22,9596.91
810,23,9559.87
810,24,9609.66
810,25,9600.04
810,26,9606.09
810,27,9537.07
810,28,9551.44
810,29,9586.77
810,30,9598.79
810,31,9632.42
810,32,9599.06
810,33,9602.6
810,34,9545.03
810,35,9536.45
810,36,9627.84
810,37,9560.39
810,38,9635.45
810,39,9602.47
810,40,9623.39
810,41,9555.97
810,42,9615
810,43,9598.89
810,44,9598.18
810,45,9576.95
810,46,9614.8
810,47,9627.91
810,48,9636.89
810,49,9583.73
810,50,9574.84
810,51,9610.79
810,52,9613.71
810,53,9593.52
810,54,9570.41
810,55,9562.94
810,56,9569.65
810,57,9526.77
810,58,9542.63
810,59,9611.4
810,60,9593.59
810,61,9569.02
810,62,9573.06
810,63,9619.22
810,64,9607.35
810,65,9535.74
810,66,9572.18
810,67,9553.66
810,68,9567.11
810,69,9608.17
810,70,9587.4
810,71,9584.32
810,72,9628.4
810,73,9594.28
810,74,9615
810,75,9605.31
810,76,9565.69
810,77,9592.98
810,78,9568.75
810,79,9641.89
810,80,9599.51
810,81,9596.47
810,82,9560.12
810,83,9563.87
810,84,9567.19
810,85,9552.09
810,86,9600.42
810,87,9619.76
810,88,9610.33
810,89,9566.43
810,90,9534.98
810,91,9569.94
810,92,9557.38
810,93,9622.23
810,94,9588.42
810,95,9578.22
810,96,9556.53
810,97,9605.57
810,98,9586.83
810,99,9610.18
820,0,9639.94
820,1,9597.35
820,2,9598.64
820,3,9585.44
820,4,9567.7
820,5,9614.21
820,6,9605.29
820,7,9595.72
820,8,9573.9
820,9,9584.04
820,10,9585.18
820,11,9605.93
820,12,9582.52
820,13,9591.84
820,14,9583.48
820,15,9601.48
820,16,9576.49
820,17,9647.56
820,18,9621.5
820,19,9593.96
820,20,9588.71
820,21,9575.57
820,22,9596.61
820,23,9559.57
820,24,9609.36
820,25,9599.74
820,26,9605.79
820,27,9536.77
820,28,9551.14
820,29,9586.47
820,30,9598.49
820,31,9632.12
820,32,9598.76
820,33,9602.3
820,34,9544.73
820,35,9536.15
820,36,9627.54
820,37,9560.09
820,38,9635.15
820,39,9602.17
820,40,9623.09
820,41,9555.67
820,42,9614.7
820,43,9598.59
820,44,9597.88
820,45,9576.65
820,46,9614.5
820,47,9627.61
820,48,9636.59
820,49,9583.43
820,50,9574.54
820,51,9610.49
820,52,9613.41
820,53,9593.22
820,54,9570.11
820,55,9562.64
820,56,9569.35
820,57,9526.47
820,58,9542.33
820,59,9611.1
820,60,9593.29
820,61,9568.72
820,62,9572.76
820,63,9618.92
820,64,9607.05
820,65,9535.44
820,66,9571.88
820,67,9553.36
820,68,9566.81
820,69,9607.87
820,70,9587.1
820,71,9584.02
820,72,9628.1
820,73,9593.98
820,74,9614.7
820,75,9605.01
820,76,9565.39
820,77,9592.68
820,78,9568.45
820,79,9641.59
820,80,9599.21
820,81,9596.17
820,82,9559.82
820,83,9563.57
820,84,9566.89
820,85,9551.79
820,86,9600.12
820,87,9619.46
820,88,9610.03
820,89,9566.13
820,90,9534.68
820,91,9569.64
820,92,9557.08
820,93,9621.93
820,94,9588.12
820,95,9577.92
820,96,9556.23
820,97,9605.27
820,98,9586.53
820,99,9609.88
830,0,9628.53
830,1,9584.32
830,2,9584.56
830,3,9571.77
830,4,9553.56
830,5,9601.61
830,6,9592.46
830,7,9583.23
830,8,9558.01
830,9,9570.64
830,10,9571.17
830,11,9593.47
830,12,9565.91
830,13,9580.2
830,14,9570.57
830,15,9588.57
830,16,9560.16
830,17,9635.46
830,18,9607.96
830,19,9575.95
830,20,9574.31
830,21,9562.56
830,22,9582.42
830,23,9546.88
830,24,9594.46
830,25,9585.8
830,26,9589.51
830,27,9523.8
830,28,9535.65
830,29,9573.46
830,30,9585.06
830,31,9619.13
830,32,9587.15
830,33,9588.37
830,34,9529.79
830,35,9519.87
830,36,9615.56
830,37,9546.48
830,38,9620.66
830,39,9587.58
830,40,9606.47
830,41,9537.96
830,42,9601.49
830,43,9585.56
830,44,9585.01
830,45,9564.77
830,46,9602.63
830,47,9614.44
830,48,9624.85
830,49,9571.98
830,50,9558.74
830,51,9596.95
830,52,9600.51
830,53,9582.48
830,54,9558.27
830,55,9549.17
830,56,9553.89
830,57,9512.13
830,58,9526.18
830,59,9598.17
830,60,9580.77
830,61,9554.64
830,62,9560.35
830,63,9605.57
830,64,9593.13
830,65,9522.15
830,66,9556.01
830,67,9539.54
830,68,9552.35
830,69,9596.66
830,70,9574.99
830,71,9569.11
830,72,9616.96
830,73,9579.77
830,74,9602.14
830,75,9592.95
830,76,9550.46
830,77,9580
830,78,9551.83
830,79,9626.57
830,80,9588.33
830,81,9583.82
830,82,9543.96
830,83,9551.08
830,84,9554.65
830,85,9536.05
830,86,9585.27
830,87,9606.57
830,88,9597.38
830,89,9550.88
830,90,9521.32
830,91,9555.78
830,92,9544.3
830,93,9606.99
830,94,9576.2
830,95,9565.18
830,96,9540.28
830,97,9592.12
830,98,9573.04
830,99,9597.57
840,0,9628.25
840,1,9584.06
840,2,9584.29
840,3,9571.51
840,4,9553.31
840,5,9601.34
840,6,9592.21
840,7,9582.99
840,8,9557.78
840,9,9570.38
840,10,9570.91
840,11,9593.22
840,12,9565.66
840,13,9575.81
840,14,9565.08
840,15,9588.3
840,16,9559.93
840,17,9635.19
840,18,9607.72
840,19,9575.7
840,20,9574.07
840,21,9562.29
840,22,9582.17
840,23,9546.6
840,24,9594.22
840,25,9585.54
840,26,9589.27
840,27,9517.9
840,28,9535.41
840,29,9573.19
840,30,9584.81
840,31,9618.88
840,32,9583.21
840,33,9588.12
840,34,9529.54
840,35,9519.64
840,36,9615.29
840,37,9546.24
840,38,9620.42
840,39,9587.34
840,40,9606.2
840,41,9537.66
840,42,9601.24
840,43,9585.29
840,44,9581.32
840,45,9559.89
840,46,9598.17
840,47,9614.19
840,48,9624.57
840,49,9567.52
840,50,9558.49
840,51,9596.7
840,52,9600.26
840,53,9578.68
840,54,9553.43
840,55,9548.89
840,56,9553.64
840,57,9511.87
840,58,9525.94
840,59,9597.9
840,60,9580.49
840,61,9554.4
840,62,9560.07
840,63,9605.32
840,64,9592.87
840,65,9516.57
840,66,9555.77
840,67,9533.71
840,68,9552.09
840,69,9593.16
840,70,9574.73
840,71,9568.87
840,72,9616.69
840,73,9579.53
840,74,9601.88
840,75,9592.69
840,76,9550.22
840,77,9576.08
840,78,9551.57
840,79,9626.32
840,80,9584.49
840,81,9578.89
840,82,9543.72
840,83,9550.79
840,84,9549.43
840,85,9535.8
840,86,9585.03
840,87,9606.29
840,88,9597.13
840,89,9550.62
840,90,9515.72
840,91,9555.51
840,92,9539.17
840,93,9606.74
840,94,9571.07
840,95,9564.91
840,96,9540.05
840,97,9591.85
840,98,9572.77
840,99,9593.86
850,0,9627.95
850,1,9583.76
850,2,9583.99
850,3,9571.21
850,4,9553.01
850,5,9601.04
850,6,9591.91
850,7,9582.69
850,8,9557.48
850,9,9570.08
850,10,9570.61
850,11,9592.92
850,12,9565.36
850,13,9575.51
850,14,9564.78
850,15,9588
850,16,9559.63
850,17,9634.89
850,18,9607.42
850,19,9575.4
850,20,9573.77
850,21,9561.99
850,22,9581.87
850,23,9546.3
850,24,9593.92
850,25,9585.24
850,26,9588.97
850,27,9517.6
850,28,9535.11
850,29,9572.89
850,30,9584.51
850,31,9618.58
850,32,9582.91
850,33,9587.82
850,34,9529.24
850,35,9519.34
850,36,9614.99
850,37,9545.94
850,38,9620.12
850,39,9587.04
850,40,9605.9
850,41,9537.36
850,42,9600.94
850,43,9584.99
850,44,9581.02
850,45,9559.59
850,46,9597.87
850,47,9613.89
850,48,9624.27
850,49,9567.22
850,50,9558.19
850,51,9596.4
850,52,9599.96
850,53,9578.38
850,54,9553.13
850,55,9548.59
850,56,9553.34
850,57,9511.57
850,58,9525.64
850,59,9597.6
850,60,9580.19
850,61,9554.1
850,62,9559.77
850,63,9605.02
850,64,9592.57
850,65,9516.27
850,66,9555.47
850,67,9533.41
850,68,9551.79
850,69,9592.86
850,70,9574.43
850,71,9568.57
850,72,9616.39
850,73,9579.23
850,74,9601.58
850,75,9592.39
850,76,9549.92
850,77,9575.78
850,78,9551.27
850,79,9626.02
850,80,9584.19
850,81,9578.59
850,82,9543.42
850,83,9550.49
850,84,9549.13
850,85,9535.5
850,86,9584.73
850,87,9605.99
850,88,9596.83
850,89,9550.32
850,90,9515.42
850,91,9555.21
850,92,9538.87
850,93,9606.44
850,94,9570.77
850,95,9564.61
850,96,9539.75
850,97,9591.55
850,98,9572.47
850,99,9593.56
860,0,9615.98
860,1,9571.9
860,2,9570.54
860,3,9557.92
860,4,9539.78
860,5,9588.9
860,6,9578.45
860,7,9569.36
860,8,9544.2
860,9,9555.28
860,10,9558.32
860,11,9579.59
860,12,9550.62
860,13,9562.65
860,14,9550.31
860,15,9576.63
860,16,9546.01
860,17,9621.7
860,18,9597.1
860,19,9558.85
860,20,9560.45
860,21,9548.77
860,22,9567.61
860,23,9531.97
860,24,9580.86
860,25,9572.08
860,26,9575.4
860,27,9502.79
860,28,9521.53
860,29,9560.76
860,30,9571.24
860,31,9606.6
860,32,9571.17
860,33,9575.3
860,34,9512.93
860,35,9505.52
860,36,9599.65
860,37,9534.64
860,38,9608.53
860,39,9575.07
860,40,9592.2
860,41,9515.82
860,42,9587.13
860,43,9571.41
860,44,9568.77
860,45,9546.35
860,46,9584.25
860,47,9601.59
860,48,9611.27
860,49,9550.85
860,50,9545.38
860,51,9584.25
860,52,9589.01
860,53,9565.43
860,54,9539.97
860,55,9535.27
860,56,9540.6
860,57,9498.64
860,58,9511.11
860,59,9585.88
860,60,9566.28
860,61,9540.84
860,62,9545.43
860,63,9594.12
860,64,9579.73
860,65,9500.02
860,66,9540.53
860,67,9518.53
860,68,9538.96
860,69,9580.87
860,70,9562.19
860,71,9554.82
860,72,9604.68
860,73,9565.28
860,74,9589.73
860,75,9579.4
860,76,9537.29
860,77,9563.05
860,78,9535.51
860,79,9612.16
860,80,9572.09
860,81,9565.18
860,82,9528.94
860,83,9530.19
860,84,9535.22
860,85,9522.18
860,86,9570.1
860,87,9593.98
860,88,9584.32
860,89,9536.53
860,90,9499.29
860,91,9542.25
860,92,9524.71
860,93,9592.16
860,94,9556.46
860,95,9552.12
860,96,9524.81
860,97,9576.36
860,98,9559.12
860,99,9580.88
870,0,9615.72
870,1,9568.19
870,2,9568.38
870,3,9557.67
870,4,9534.77
870,5,9588.64
870,6,9578.21
870,7,9569.13
870,8,9539.3
870,9,9555.05
870,10,9555.06
870,11,9579.36
870,12,9547.83
870,13,9558.32
870,14,9547.96
870,15,9574.84
870,16,9541.28
870,17,9621.45
870,18,9593.74
870,19,9558.59
870,20,9560.2
870,21,9545.4
870,22,9564.78
870,23,9531.73
870,24,9580.62
870,25,9567.99
870,26,9575.15
870,27,9500.73
870,28,9517.31
870,29,9557.65
870,30,9568.47
870,31,9604.01
870,32,9567.22
870,33,9570.9
870,34,9512.71
870,35,9500.3
870,36,9599.39
870,37,9530.4
870,38,9608.27
870,39,9571.61
870,40,9589.65
870,41,9515.54
870,42,9586.91
870,43,9571.16
870,44,9565.58
870,45,9541.51
870,46,9584.01
870,47,9601.35
870,48,9611.01
870,49,9546.43
870,50,9542.61
870,51,9581.17
870,52,9585.65
870,53,9561.8
870,54,9537.4
870,55,9535.01
870,56,9537.56
870,57,9498.38
870,58,9506.37
870,59,9582.62
870,60,9564.2
870,61,9535.94
870,62,9545.18
870,63,9590.99
870,64,9579.48
870,65,9499.8
870,66,9540.29
870,67,9515.38
870,68,9534.6
870,69,9577.4
870,70,9557.81
870,71,9554.59
870,72,9604.42
870,73,9565.03
870,74,9586.11
870,75,9579.15
870,76,9532.97
870,77,9559.26
870,78,9535.25
870,79,9611.91
870,80,9568.33
870,81,9564.95
870,82,9528.69
870,83,9529.92
870,84,9530.02
870,85,9518.76
870,86,9569.86
870,87,9591.64
870,88,9584.08
870,89,9532.65
870,90,9499.07
870,91,9538.5
870,92,9519.61
870,93,9591.91
870,94,9556.22
870,95,9548.81
870,96,9524.59
870,97,9574.64
870,98,9555.76
870,99,9577.21
880,0,9615.42
880,1,9567.89
880,2,9568.08
880,3,9557.37
880,4,9534.47
880,5,9588.34
880,6,9577.91
880,7,9568.83
880,8,9539
880,9,9554.75
880,10,9554.76
880,11,9579.06
880,12,9547.53
880,13,9558.02
880,14,9547.66
880,15,9574.54
880,16,9540.98
880,17,9621.15
880,18,9593.44
880,19,9558.29
880,20,9559.9
880,21,9545.1
880,22,9564.48
880,23,9531.43
880,24,9580.32
880,25,9567.69
880,26,9574.85
880,27,9500.43
880,28,9517.01
880,29,9557.35
880,30,9568.17
880,31,9603.71
880,32,9566.92
880,33,9570.6
880,34,9512.41
880,35,9500
880,36,9599.09
880,37,9530.1
880,38,9607.97
880,39,9571.31
880,40,9589.35
880,41,9515.24
880,42,9586.61
880,43,9570.86
880,44,9565.28
880,45,9541.21
880,46,9583.71
880,47,9601.05
880,48,9610.71
880,49,9546.13
880,50,9542.31
880,51,9580.87
880,52,9585.35
880,53,9561.5
880,54,9537.1
880,55,9534.71
880,56,9537.26
880,57,9498.08
880,58,9506.07
880,59,9582.32
880,60,9563.9
880,61,9535.64
880,62,9544.88
880,63,9590.69
880,64,9579.18
880,65,9499.5
880,66,9539.99
880,67,9515.08
880,68,9534.3
880,69,9577.1
880,70,9557.51
880,71,9554.29
880,72,9604.12
880,73,9564.73
880,74,9585.81
880,75,9578.85
880,76,9532.67
880,77,9558.96
880,78,9534.95
880,79,9611.61
880,80,9568.03
880,81,9564.65
880,82,9528.39
880,83,9529.62
880,84,9529.72
880,85,9518.46
880,86,9569.56
880,87,9591.34
880,88,9583.78
880,89,9532.35
880,90,9498.77
880,91,9538.2
880,92,9519.31
880,93,9591.61
880,94,9555.92
880,95,9548.51
880,96,9524.29
880,97,9574.34
880,98,9555.46
880,99,9576.91
890,0,9603.32
890,1,9557.82
890,2,9555.54
890,3,9546.11
890,4,9522.47
890,5,9574.73
890,6,9565.73
890,7,9556.35
890,8,9527.7
890,9,9540.53
890,10,9541.3
890,11,9566.63
890,12,9535.79
890,13,9545.26
890,14,9535.36
890,15,9562.24
890,16,9526.95
890,17,9609.09
890,18,9583.43
890,19,9544.97
890,20,9547.67
890,21,9531.42
890,22,9552.94
890,23,9519.04
890,24,9567.72
890,25,9554.24
890,26,9560.46
890,27,9487.7
890,28,9503.06
890,29,9545.37
890,30,9558.61
890,31,9592.53
890,32,9555.48
890,33,9561
890,34,9499.34
890,35,9488.19
890,36,9584.36
890,37,9519.82
890,38,9596.27
890,39,9560.39
890,40,9579.73
890,41,9499.21
890,42,9574.86
890,43,9557.41
890,44,9552.01
890,45,9529.23
890,46,9570.91
890,47,9589.44
890,48,9600.12
890,49,9531.7
890,50,9530.32
890,51,9568.49
890,52,9572.43
890,53,9548.97
890,54,9526.11
890,55,9520.96
890,56,9524.28
890,57,9482.92
890,58,9492.89
890,59,9571.65
890,60,9549.58
890,61,9524.37
890,62,9532.09
890,63,9580.73
890,64,9566.75
890,65,9484.65
890,66,9526.8
890,67,9502.18
890,68,9520.54
890,69,9566.4
890,70,9545.55
890,71,9540.87
890,72,9592.92
890,73,9552.66
890,74,9575.02
890,75,9568.75
890,76,9521.41
890,77,9546.54
890,78,9520.09
890,79,9600.49
890,80,9556.93
890,81,9552.23
890,82,9515.01
890,83,9513.3
890,84,9517.79
890,85,9504.81
890,86,9556.55
890,87,9580.01
890,88,9572.38
890,89,9520.42
890,90,9484.08
890,91,9525.01
890,92,9506.02
890,93,9578.93
890,94,9542.12
890,95,9535.53
890,96,9513.85
890,97,9561.68
890,98,9543.76
890,99,9564.17
900,0,9602.03
900,1,9554.43
900,2,9553.92
900,3,9542.77
900,4,9519.37
900,5,9572.7
900,6,9561.3
900,7,9552.49
900,8,9521.13
900,9,9539.37
900,10,9537.46
900,11,9562.51
900,12,9533.04
900,13,9544.28
900,14,9529.14
900,15,9560.95
900,16,9521.57
900,17,9606.57
900,18,9580.35
900,19,9542.7
900,20,9545.24
900,21,9531.18
900,22,9550.67
900,23,9516.21
900,24,9566.09
900,25,9550.52
900,26,9557.67
900,27,9481.26
900,28,9498.98
900,29,9542.66
900,30,9555.84
900,31,9590.43
900,32,9551.29
900,33,9553.05
900,34,9496.81
900,35,9481.41
900,36,9582.53
900,37,9515.77
900,38,9593.47
900,39,9556.56
900,40,9577.17
900,41,9498.21
900,42,9569.86
900,43,9557.17
900,44,9548.8
900,45,9525.91
900,46,9569.76
900,47,9585.85
900,48,9597.78
900,49,9527.71
900,50,9528.25
900,51,9564.78
900,52,9570.81
900,53,9545.43
900,54,9521.2
900,55,9520.73
900,56,9521.76
900,57,9482.54
900,58,9486.59
900,59,9568.62
900,60,9549.34
900,61,9517.84
900,62,9531.84
900,63,9577.66
900,64,9565.93
900,65,9479.27
900,66,9523.28
900,67,9494.75
900,68,9516.66
900,69,9562.47
900,70,9540.84
900,71,9540.13
900,72,9589.63
900,73,9548.47
900,74,9571.64
900,75,9566.08
900,76,9515.47
900,77,9542.86
900,78,9518.88
900,79,9598.04
900,80,9552.88
900,81,9547.09
900,82,9511.42
900,83,9512.3
900,84,9514.25
900,85,9501.4
900,86,9552.17
900,87,9576.93
900,88,9568.07
900,89,9514.73
900,90,9478.71
900,91,9521.74
900,92,9500.74
900,93,9575.91
900,94,9537.78
900,95,9532.1
900,96,9507.55
900,97,9560.96
900,98,9540.46
900,99,9560.54
910,0,9601.73
910,1,9554.13
910,2,9553.62
910,3,9542.47
910,4,9519.07
910,5,9572.4
910,6,9561
910,7,9552.19
910,8,9520.83
910,9,9539.07
910,10,9537.16
910,11,9562.21
910,12,9532.74
910,13,9543.98
910,14,9528.84
910,15,9560.65
910,16,9521.27
910,17,9606.27
910,18,9580.05
910,19,9542.4
910,20,9544.94
910,21,9530.88
910,22,9550.37
910,23,9515.91
910,24,9565.79
910,25,9550.22
910,26,9557.37
910,27,9480.96
910,28,9498.68
910,29,9542.36
910,30,9555.54
910,31,9590.13
910,32,9550.99
910,33,9552.75
910,34,9496.51
910,35,9481.11
910,36,9582.23
910,37,9515.47
910,38,9593.17
910,39,9556.26
910,40,9576.87
910,41,9497.91
910,42,9569.56
910,43,9556.87
910,44,9548.5
910,45,9525.61
910,46,9569.46
910,47,9585.55
910,48,9597.48
910,49,9527.41
910,50,9527.95
910,51,9564.48
910,52,9570.51
910,53,9545.13
910,54,9520.9
910,55,9520.43
910,56,9521.46
910,57,9482.24
910,58,9486.29
910,59,9568.32
910,60,9549.04
910,61,9517.54
910,62,9531.54
910,63,9577.36
910,64,9565.63
910,65,9478.97
910,66,9522.98
910,67,9494.45
910,68,9516.36
910,69,9562.17
910,70,9540.54
910,71,9539.83
910,72,9589.33
910,73,9548.17
910,74,9571.34
910,75,9565.78
910,76,9515.17
910,77,9542.56
910,78,9518.58
910,79,9597.74
910,80,9552.58
910,81,9546.79
910,82,9511.12
910,83,9512
910,84,9513.95
910,85,9501.1
910,86,9551.87
910,87,9576.63
910,88,9567.77
910,89,9514.43
910,90,9478.41
910,91,9521.44
910,92,9500.44
910,93,9575.61
910,94,9537.48
910,95,9531.8
910,96,9507.25
910,97,9560.66
910,98,9540.16
910,99,9560.24
920,0,9592.43
920,1,9543.5
920,2,9545.79
920,3,9531.08
920,4,9506.76
920,5,9559.99
920,6,9549.17
920,7,9539.71
920,8,9508.35
920,9,9529.06
920,10,9526.72
920,11,9549.8
920,12,9518.58
920,13,9532.16
920,14,9517.35
920,15,9546.54
920,16,9507.79
920,17,9596.52
920,18,9570.42
920,19,9532.58
920,20,9535.21
920,21,9520.09
920,22,9541.07
920,23,9501.94
920,24,9555.05
920,25,9540.46
920,26,9545.91
920,27,9468.9
920,28,9486.67
920,29,9532.78
920,30,9545.51
920,31,9579.3
920,32,9539.96
920,33,9540.9
920,34,9482.37
920,35,9468.77
920,36,9571.67
920,37,9504.2
920,38,9582.78
920,39,9545.72
920,40,9567.96
920,41,9484.78
920,42,9557.77
920,43,9543.56
920,44,9537.58
920,45,9513.6
920,46,9557.39
920,47,9573.96
920,48,9587.77
920,49,9515.93
920,50,9518.91
920,51,9553.28
920,52,9560.58
920,53,9533.36
920,54,9510.51
920,55,9507.22
920,56,9512.07
920,57,9468.84
920,58,9473.6
920,59,9557.68
920,60,9535.72
920,61,9505.2
920,62,9518.9
920,63,9568.09
920,64,9556.28
920,65,9465.08
920,66,9510.67
920,67,9480.55
920,68,9504.64
920,69,9551.37
920,70,9529.29
920,71,9528.17
920,72,9578.54
920,73,9536.82
920,74,9560.5
920,75,9555.31
920,76,9503.87
920,77,9530.51
920,78,9502.45
920,79,9587.7
920,80,9541.48
920,81,9536.19
920,82,9497.38
920,83,9495.28
920,84,9502.12
920,85,9489.73
920,86,9540.23
920,87,9565.95
920,88,9557.09
920,89,9501.55
920,90,9465.19
920,91,9509.8
920,92,9487.36
920,93,9561.43
920,94,9525.65
920,95,9521.49
920,96,9497.61
920,97,9545.25
920,98,9528.59
920,99,9548.13
930,0,9588.24
930,1,9539.51
930,2,9541.78
930,3,9528.51
930,4,9501.57
930,5,9557.45
930,6,9544.77
930,7,9537.15
930,8,9503
930,9,9524.58
930,10,9520.95
930,11,9546.14
930,12,9515.33
930,13,9527.35
930,14,9510.56
930,15,9543.16
930,16,9503.05
930,17,9593.1
930,18,9565.64
930,19,9527.52
930,20,9530.2
930,21,9515.24
930,22,9536.09
930,23,9501.65
930,24,9553.21
930,25,9534.64
930,26,9541.12
930,27,9462.46
930,28,9481.62
930,29,9527.87
930,30,9541.11
930,31,9576.57
930,32,9535.58
930,33,9535.95
930,34,9481.78
930,35,9463.03
930,36,9567.79
930,37,9499.88
930,38,9580.34
930,39,9541.5
930,40,9564.04
930,41,9482.32
930,42,9553.28
930,43,9541.32
930,44,9532.07
930,45,9507.85
930,46,9552.57
930,47,9572.19
930,48,9584.91
930,49,9510.34
930,50,9514.49
930,51,9549.43
930,52,9556.8
930,53,9529.79
930,54,9503.81
930,55,9505.46
930,56,9507.2
930,57,9467.69
930,58,9467.85
930,59,9553.17
930,60,9532.44
930,61,9499.81
930,62,9517.37
930,63,9564.31
930,64,9553.82
930,65,9459.75
930,66,9507.02
930,67,9475.06
930,68,9499.06
930,69,9547.65
930,70,9524.76
930,71,9527.13
930,72,9576.61
930,73,9532.46
930,74,9555.83
930,75,9552.29
930,76,9498.68
930,77,9527.4
930,78,9502.21
930,79,9583.05
930,80,9536.82
930,81,9529.82
930,82,9495.13
930,83,9492.71
930,84,9496.29
930,85,9484.25
930,86,9535.4
930,87,9562.45
930,88,9552.29
930,89,9495.93
930,90,9459.5
930,91,9505.53
930,92,9481.79
930,93,9560.41
930,94,9520.4
930,95,9516.52
930,96,9491.46
930,97,9542.22
930,98,9524.26
930,99,9544.9
940,0,9587.94
940,1,9539.21
940,2,9541.48
940,3,9528.21
940,4,9501.27
940,5,9557.15
940,6,9544.47
940,7,9536.85
940,8,9502.7
940,9,9524.28
940,10,9520.65
940,11,9545.84
940,12,9515.03
940,13,9527.05
940,14,9510.26
940,15,9542.86
940,16,9502.75
940,17,9592.8
940,18,9565.34
940,19,9527.22
940,20,9529.9
940,21,9514.94
940,22,9535.79
940,23,9501.35
940,24,9552.91
940,25,9534.34
940,26,9540.82
940,27,9462.16
940,28,9481.32
940,29,9527.57
940,30,9540.81
940,31,9576.27
940,32,9535.28
940,33,9535.65
940,34,9481.48
940,35,9462.73
940,36,9567.49
940,37,9499.58
940,38,9580.04
940,39,9541.2
940,40,9563.74
940,41,9482.02
940,42,9552.98
940,43,9541.02
940,44,9531.77
940,45,9507.55
940,46,9552.27
940,47,9571.89
940,48,9584.61
940,49,9510.04
940,50,9514.19
940,51,9549.13
940,52,9556.5
940,53,9529.49
940,54,9503.51
940,55,9505.16
940,56,9506.9
940,57,9467.39
940,58,9467.55
940,59,9552.87
940,60,9532.14
940,61,9499.51
940,62,9517.07
940,63,9564.01
940,64,9553.52
940,65,9459.45
940,66,9506.72
940,67,9474.76
940,68,9498.76
940,69,9547.35
940,70,9524.46
940,71,9526.83
940,72,9576.31
940,73,9532.16
940,74,9555.53
940,75,9551.99
940,76,9498.38
940,77,9527.1
940,78,9501.91
940,79,9582.75
940,80,9536.52
940,81,9529.52
940,82,9494.83
940,83,9492.41
940,84,9495.99
940,85,9483.95
940,86,9535.1
940,87,9562.15
940,88,9551.99
940,89,9495.63
940,90,9459.2
940,91,9505.23
940,92,9481.49
940,93,9560.11
940,94,9520.1
940,95,9516.22
940,96,9491.16
940,97,9541.92
940,98,9523.96
940,99,9544.6
950,0,9577.67
950,1,9529.09
950,2,9529.75
950,3,9520.25
950,4,9490.72
950,5,9546.04
950,6,9532.11
950,7,9526.95
950,8,9491.91
950,9,9511.77
950,10,9510.41
950,11,9533.45
950,12,9506.37
950,13,9515.39
950,14,9499.71
950,15,9528.95
950,16,9490.56
950,17,9583.23
950,18,9556.89
950,19,9516.84
950,20,9518.27
950,21,9505.2
950,22,9525.49
950,23,9487.39
950,24,9544.03
950,25,9524.18
950,26,9532.82
950,27,9451.54
950,28,9471.42
950,29,9517.79
950,30,9530.01
950,31,9566.99
950,32,9525.73
950,33,9525.25
950,34,9469.82
950,35,9451.88
950,36,9557.8
950,37,9489.66
950,38,9569.69
950,39,9531.26
950,40,9554.33
950,41,9468.78
950,42,9540.55
950,43,9529.83
950,44,9522.44
950,45,9496.81
950,46,9540.23
950,47,9562.45
950,48,9575.65
950,49,9495.36
950,50,9505.48
950,51,9537.62
950,52,9547.75
950,53,9518.51
950,54,9493.06
950,55,9493.33
950,56,9497.49
950,57,9458.56
950,58,9454.96
950,59,9542.37
950,60,9523.53
950,61,9488.93
950,62,9507.16
950,63,9555.96
950,64,9544.19
950,65,9446.13
950,66,9495.17
950,67,9461.83
950,68,9487.57
950,69,9538.38
950,70,9514.3
950,71,9515.88
950,72,9565.56
950,73,9522.06
950,74,9545.34
950,75,9542.53
950,76,9488.35
950,77,9514.98
950,78,9491.85
950,79,9572.59
950,80,9525.64
950,81,9518.89
950,82,9483.35
950,83,9478.53
950,84,9485.47
950,85,9472.23
950,86,9523.46
950,87,9545.89
950,88,9542.7
950,89,9483.28
950,90,9445.85
950,91,9495.35
950,92,9469.06
950,93,9550.12
950,94,9508.41
950,95,9505.92
950,96,9481.38
950,97,9530.11
950,98,9512.74
950,99,9532.27
960,0,9575.22
960,1,9525.15
960,2,9525.66
960,3,9515.88
960,4,9485.63
960,5,9540.64
960,6,9530.33
960,7,9521.73
960,8,9486.81
960,9,9511.19
960,10,9506.54
960,11,9532.06
960,12,9501.63
960,13,9511.77
960,14,9492.92
960,15,9526.98
960,16,9485.49
960,17,9579.79
960,18,9552.17
960,19,9510.39
960,20,9515.43
960,21,9500.95
960,22,9520.98
960,23,9486.87
960,24,9539.24
960,25,9520.06
960,26,9527.07
960,27,9443.25
960,28,9466.75
960,29,9514.7
960,30,9527.16
960,31,9562.12
960,32,9520.78
960,33,9520.77
960,34,9464.94
960,35,9446.99
960,36,9553.92
960,37,9484.87
960,38,9566.61
960,39,9527.23
960,40,9551.69
960,41,9461.01
960,42,9538.87
960,43,9524.94
960,44,9515.18
960,45,9490.65
960,46,9536.67
960,47,9558.1
960,48,9572.36
960,49,9490.94
960,50,9500.35
960,51,9534.94
960,52,9543.48
960,53,9514.96
960,54,9487.64
960,55,9488.74
960,56,9492.62
960,57,9453.9
960,58,9450.17
960,59,9538.94
960,60,9518.18
960,61,9483.97
960,62,9502.47
960,63,9550.52
960,64,9540.4
960,65,9441.24
960,66,9492.58
960,67,9457.16
960,68,9483.27
960,69,9532.58
960,70,9509.52
960,71,9512.84
960,72,9563.06
960,73,9517.2
960,74,9541.01
960,75,9540.28
960,76,9482.89
960,77,9511.15
960,78,9487.52
960,79,9567.4
960,80,9521.98
960,81,9513.47
960,82,9478.27
960,83,9473.95
960,84,9478.87
960,85,9468.54
960,86,9518.97
960,87,9543.35
960,88,9537.6
960,89,9479.17
960,90,9439.79
960,91,9488.87
960,92,9463.56
960,93,9545.79
960,94,9504.26
960,95,9502.69
960,96,9475.95
960,97,9525.45
960,98,9509.31
960,99,9528.41
970,0,9574.92
970,1,9524.85
970,2,9525.36
970,3,9515.58
970,4,9485.33
970,5,9540.34
970,6,9530.03
970,7,9521.43
970,8,9486.51
970,9,9510.89
970,10,9506.24
970,11,9531.76
970,12,9501.33
970,13,9511.47
970,14,9492.62
970,15,9526.68
970,16,9485.19
970,17,9579.49
970,18,9551.87
970,19,9510.09
970,20,9515.13
970,21,9500.65
970,22,9520.68
970,23,9486.57
970,24,9538.94
970,25,9519.76
970,26,9526.77
970,27,9442.95
970,28,9466.45
970,29,9514.4
970,30,9526.86
970,31,9561.82
970,32,9520.48
970,33,9520.47
970,34,9464.64
970,35,9446.69
970,36,9553.62
970,37,9484.57
970,38,9566.31
970,39,9526.93
970,40,9551.39
970,41,9460.71
970,42,9538.57
970,43,9524.64
970,44,9514.88
970,45,9490.35
970,46,9536.37
970,47,9557.8
970,48,9572.06
970,49,9490.64
970,50,9500.05
970,51,9534.64
970,52,9543.18
970,53,9514.66
970,54,9487.34
970,55,9488.44
970,56,9492.32
970,57,9453.6
970,58,9449.87
970,59,9538.64
970,60,9517.88
970,61,9483.67
970,62,9502.17
970,63,9550.22
970,64,9540.1
970,65,9440.94
970,66,9492.28
970,67,9456.86
970,68,9482.97
970,69,9532.28
970,70,9509.22
970,71,9512.54
970,72,9562.76
970,73,9516.9
970,74,9540.71
970,75,9539.98
970,76,9482.59
970,77,9510.85
970,78,9487.22
970,79,9567.1
970,80,9521.68
970,81,9513.17
970,82,9477.97
970,83,9473.65
970,84,9478.57
970,85,9468.24
970,86,9518.67
970,87,9543.05
970,88,9537.3
970,89,9478.87
970,90,9439.49
970,91,9488.57
970,92,9463.26
970,93,9545.49
970,94,9503.96
970,95,9502.39
970,96,9475.65
970,97,9525.15
970,98,9509.01
970,99,9528.11
980,0,9566.06
980,1,9515.2
980,2,9516.59
980,3,9507.72
980,4,9476.27
980,5,9530.94
980,6,9520.07
980,7,9512.56
980,8,9477.88
980,9,9501.14
980,10,9497.4
980,11,9522.68
980,12,9492.6
980,13,9502.57
980,14,9482.87
980,15,9518.61
980,16,9474.44
980,17,9570.26
980,18,9543.39
980,19,9501.86
980,20,9505.29
980,21,9491.23
980,22,9511.14
980,23,9475.82
980,24,9529.82
980,25,9510.36
980,26,9516.72
980,27,9433.98
980,28,9456.24
980,29,9504.36
980,30,9517.2
980,31,9552.58
980,32,9510.82
980,33,9511.37
980,34,9455.26
980,35,9436.91
980,36,9543.98
980,37,9476.01
980,38,9557.49
980,39,9516.77
980,40,9543.54
980,41,9450.71
980,42,9528.75
980,43,9514.1
980,44,9506.08
980,45,9480.86
980,46,9530.62
980,47,9548.8
980,48,9563.14
980,49,9480.33
980,50,9489.18
980,51,9524.23
980,52,9533.83
980,53,9503.77
980,54,9477.88
980,55,9478.8
980,56,9482.94
980,57,9442.45
980,58,9438.98
980,59,9528.73
980,60,9508.07
980,61,9473.75
980,62,9493.39
980,63,9542.51
980,64,9530.8
980,65,9431.23
980,66,9482.75
980,67,9447.1
980,68,9473.42
980,69,9524.04
980,70,9499.35
980,71,9502.54
980,72,9554.03
980,73,9506.93
980,74,9530.52
980,75,9530.49
980,76,9473.75
980,77,9500.86
980,78,9476.68
980,79,9557.11
980,80,9512.54
980,81,9502.57
980,82,9468.36
980,83,9460.64
980,84,9470.83
980,85,9458.44
980,86,9507.99
980,87,9530.66
980,88,9528.65
980,89,9468.12
980,90,9432.3
980,91,9478.67
980,92,9455.54
980,93,9535.71
980,94,9493.5
980,95,9494.34
980,96,9466.85
980,97,9517.44
980,98,9498.92
980,99,9517.86
990,0,9561.48
990,1,9510.68
990,2,9510.67
990,3,9502.16
990,4,9469.99
990,5,9525.57
990,6,9513.19
990,7,9504.78
990,8,9471.33
990,9,9494.81
990,10,9489.38
990,11,9515.24
990,12,9486.12
990,13,9494.99
990,14,9477.21
990,15,9514.61
990,16,9466.68
990,17,9566.02
990,18,9538.27
990,19,9496.45
990,20,9500.63
990,21,9483.74
990,22,9506.47
990,23,9471.16
990,24,9526.68
990,25,9502.73
990,26,9510.9
990,27,9426.66
990,28,9448.37
990,29,9498.69
990,30,9512.74
990,31,9547.61
990,32,9504.48
990,33,9502.59
990,34,9450.59
990,35,9428.47
990,36,9538.18
990,37,9469.39
990,38,9553.67
990,39,9511.22
990,40,9537.71
990,41,9446.96
990,42,9521.83
990,43,9507.92
990,44,9499.64
990,45,9475.04
990,46,9519.1
990,47,9542.77
990,48,9559.51
990,49,9472.19
990,50,9486.55
990,51,9520.13
990,52,9529.97
990,53,9499.79
990,54,9468.94
990,55,9472.26
990,56,9476.93
990,57,9439.82
990,58,9431.31
990,59,9524.73
990,60,9504.31
990,61,9463.95
990,62,9486.99
990,63,9537.56
990,64,9525.93
990,65,9419.96
990,66,9475.07
990,67,9438.82
990,68,9465.2
990,69,9517.16
990,70,9492.3
990,71,9498.59
990,72,9550.28
990,73,9502.95
990,74,9525.93
990,75,9527.97
990,76,9464.3
990,77,9495.41
990,78,9471.93
990,79,9551.72
990,80,9506.73
990,81,9494.54
990,82,9460.9
990,83,9457.56
990,84,9458.62
990,85,9452.15
990,86,9500.22
990,87,9525.42
990,88,9522.34
990,89,9461.07
990,90,9418.26
990,91,9472.15
990,92,9443.61
990,93,9528.86
990,94,9488.32
990,95,9487.21
990,96,9458.67
990,97,9512.38
990,98,9492.9
990,99,9512.33
1000,0,9561.18
1000,1,9510.38
1000,2,9510.37
1000,3,9501.86
1000,4,9469.69
1000,5,9525.27
1000,6,9512.89
1000,7,9504.48
1000,8,9471.03
1000,9,9494.51
1000,10,9489.08
1000,11,9514.94
1000,12,9485.82
1000,13,9494.69
1000,14,9476.91
1000,15,9514.31
1000,16,9466.38
1000,17,9565.72
1000,18,9537.97
1000,19,9496.15
1000,20,9500.33
1000,21,9483.44
1000,22,9506.17
1000,23,9470.86
1000,24,9526.38
1000,25,9502.43
1000,26,9510.6
1000,27,9426.36
1000,28,9448.07
1000,29,9498.39
1000,30,9512.44
1000,31,9547.31
1000,32,9504.18
1000,33,9502.29
1000,34,9450.29
1000,35,9428.17
1000,36,9537.88
1000,37,9469.09
1000,38,9553.37
1000,39,9510.92
1000,40,9537.41
1000,41,9446.66
1000,42,9521.53
1000,43,9507.62
1000,44,9499.34
1000,45,9474.74
1000,46,9518.8
1000,47,9542.47
1000,48,9559.21
1000,49,9471.89
1000,50,9486.25
1000,51,9519.83
1000,52,9529.67
1000,53,9499.49
1000,54,9468.64
1000,55,9471.96
1000,56,9476.63
1000,57,9439.52
1000,58,9431.01
1000,59,9524.43
1000,60,9504.01
1000,61,9463.65
1000,62,9486.69
1000,63,9537.26
1000,64,9525.63
1000,65,9419.66
1000,66,9474.77
1000,67,9438.52
1000,68,9464.9
1000,69,9516.86
1000,70,9492
1000,71,9498.29
1000,72,9549.98
1000,73,9502.65
1000,74,9525.63
1000,75,9527.67
1000,76,9464
1000,77,9495.11
1000,78,9471.63
1000,79,9551.42
1000,80,9506.43
1000,81,9494.24
1000,82,9460.6
1000,83,9457.26
1000,84,9458.32
1000,85,9451.85
1000,86,9499.92
1000,87,9525.12
1000,88,9522.04
1000,89,9460.77
1000,90,9417.96
1000,91,9471.85
1000,92,9443.31
1000,93,9528.56
1000,94,9488.02
1000,95,9486.91
1000,96,9458.37
1000,97,9512.08
1000,98,9492.6
1000,99,9512.03
1010,0,9553.37
1010,1,9501.97
1010,2,9502.99
1010,3,9493.64
1010,4,9461.13
1010,5,9515.95
1010,6,9504.48
1010,7,9497.78
1010,8,9462.92
1010,9,9486.36
1010,10,9480.28
1010,11,9506.55
1010,12,9478.7
1010,13,9487.79
1010,14,9468.71
1010,15,9506.06
1010,16,9460.35
1010,17,9556.53
1010,18,9529.44
1010,19,9487.98
1010,20,9492.64
1010,21,9473.74
1010,22,9497.26
1010,23,9461.05
1010,24,9518.74
1010,25,9496.1
1010,26,9500.67
1010,27,9418.58
1010,28,9439.04
1010,29,9490.92
1010,30,9503.18
1010,31,9537.91
1010,32,9498.9
1010,33,9495.58
1010,34,9440.95
1010,35,9423.41
1010,36,9529.67
1010,37,9460.93
1010,38,9545.77
1010,39,9503.63
1010,40,9529.64
1010,41,9433.06
1010,42,9513.24
1010,43,9497.02
1010,44,9491.23
1010,45,9467.44
1010,46,9510.07
1010,47,9535.27
1010,48,9550.31
1010,49,9463.63
1010,50,9478.24
1010,51,9511.57
1010,52,9520.34
1010,53,9490.01
1010,54,9460.96
1010,55,9462.24
1010,56,9466.79
1010,57,9430.9
1010,58,9422.8
1010,59,9517.28
1010,60,9494.68
1010,61,9457.09
1010,62,9477.75
1010,63,9529.51
1010,64,9516.48
1010,65,9412.11
1010,66,9466.81
1010,67,9428.84
1010,68,9458.5
1010,69,9509.01
1010,70,9484.12
1010,71,9490.31
1010,72,9543.08
1010,73,9497.13
1010,74,9516.52
1010,75,9519.86
1010,76,9456.38
1010,77,9487.91
1010,78,9460.57
1010,79,9543.94
1010,80,9497.41
1010,81,9487.87
1010,82,9450.78
1010,83,9449.77
1010,84,9450.59
1010,85,9446.18
1010,86,9490.45
1010,87,9516.46
1010,88,9514.36
1010,89,9450.78
1010,90,9410.3
1010,91,9464
1010,92,9435.31
1010,93,9520.22
1010,94,9479.16
1010,95,9479.44
1010,96,9451.12
1010,97,9503.35
1010,98,9484.2
1010,99,9504.79
1020,0,9551.28
1020,1,9496.87
1020,2,9498.45
1020,3,9489.91
1020,4,9453.97
1020,5,9510.94
1020,6,9498.27
1020,7,9490.58
1020,8,9455.71
1020,9,9480.97
1020,10,9474.25
1020,11,9500.76
1020,12,9471.62
1020,13,9479.7
1020,14,9461.51
1020,15,9503.25
1020,16,9448.98
1020,17,9553.48
1020,18,9526.97
1020,19,9484.39
1020,20,9487.47
1020,21,9468.72
1020,22,9490.09
1020,23,9457.88
1020,24,9514.57
1020,25,9488.6
1020,26,9496.49
1020,27,9410.77
1020,28,9433.2
1020,29,9485.3
1020,30,9498.73
1020,31,9534.54
1020,32,9491.7
1020,33,9488.5
1020,34,9436.38
1020,35,9411.55
1020,36,9525.16
1020,37,9454.43
1020,38,9541.21
1020,39,9497.92
1020,40,9525.35
1020,41,9431
1020,42,9507.06
1020,43,9493.92
1020,44,9486.55
1020,45,9459.29
1020,46,9503.26
1020,47,9529.57
1020,48,9548.07
1020,49,9455.44
1020,50,9474.08
1020,51,9505.65
1020,52,9517.33
1020,53,9485.4
1020,54,9454.68
1020,55,9458.2
1020,56,9463.34
1020,57,9426.07
1020,58,9413.9
1020,59,9510.9
1020,60,9491.45
1020,61,9448.6
1020,62,9473.73
1020,63,9524.75
1020,64,9513.03
1020,65,9401.35
1020,66,9460.62
1020,67,9419.94
1020,68,9448.71
1020,69,9503.11
1020,70,9478.63
1020,71,9485.01
1020,72,9537.78
1020,73,9488.08
1020,74,9511.63
1020,75,9516.1
1020,76,9450.29
1020,77,9482.6
1020,78,9457.59
1020,79,9538.52
1020,80,9492.49
1020,81,9480.72
1020,82,9446.41
1020,83,9441.7
1020,84,9442.77
1020,85,9436.11
1020,86,9484.26
1020,87,9512.92
1020,88,9508.29
1020,89,9443.45
1020,90,9399.06
1020,91,9457.49
1020,92,9425.35
1020,93,9514.53
1020,94,9471.92
1020,95,9474.44
1020,96,9445.24
1020,97,9501.05
1020,98,9478.09
1020,99,9499.09
1030,0,9550.98
1030,1,9496.57
1030,2,9498.15
1030,3,9489.61
1030,4,9453.67
1030,5,9510.64
1030,6,9497.97
1030,7,9490.28
1030,8,9455.41
1030,9,9480.67
1030,10,9473.95
1030,11,9500.46
1030,12,9471.32
1030,13,9479.4
1030,14,9461.21
1030,15,9502.95
1030,16,9448.68
1030,17,9553.18
1030,18,9526.67
1030,19,9484.09
1030,20,9487.17
1030,21,9468.42
1030,22,9489.79
1030,23,9457.58
1030,24,9514.27
1030,25,9488.3
1030,26,9496.19
1030,27,9410.47
1030,28,9432.9
1030,29,9485
1030,30,9498.43
1030,31,9534.24
1030,32,9491.4
1030,33,9488.2
1030,34,9436.08
1030,35,9411.25
1030,36,9524.86
1030,37,9454.13
1030,38,9540.91
1030,39,9497.62
1030,40,9525.05
1030,41,9430.7
1030,42,9506.76
1030,43,9493.62
1030,44,9486.25
1030,45,9458.99
1030,46,9502.96
1030,47,9529.27
1030,48,9547.77
1030,49,9455.14
1030,50,9473.78
1030,51,9505.35
1030,52,9517.03
1030,53,9485.1
1030,54,9454.38
1030,55,9457.9
1030,56,9463.04
1030,57,9425.77
1030,58,9413.6
1030,59,9510.6
1030,60,9491.15
1030,61,9448.3
1030,62,9473.43
1030,63,9524.45
1030,64,9512.73
1030,65,9401.05
1030,66,9460.32
1030,67,9419.64
1030,68,9448.41
1030,69,9502.81
1030,70,9478.33
1030,71,9484.71
1030,72,9537.48
1030,73,9487.78
1030,74,9511.33
1030,75,9515.8
1030,76,9449.99
1030,77,9482.3
1030,78,9457.29
1030,79,9538.22
1030,80,9492.19
1030,81,9480.42
1030,82,9446.11
1030,83,9441.4
1030,84,9442.47
1030,85,9435.81
1030,86,9483.96
1030,87,9512.62
1030,88,9507.99
1030,89,9443.15
1030,90,9398.76
1030,91,9457.19
1030,92,9425.05
1030,93,9514.23
1030,94,9471.62
1030,95,9474.14
1030,96,9444.94
1030,97,9500.75
1030,98,9477.79
1030,99,9498.79
1040,0,9545.12
1040,1,9492.83
1040,2,9490.69
1040,3,9483.27
1040,4,9448.09
1040,5,9504.2
1040,6,9494.42
1040,7,9486.3
1040,8,9452.01
1040,9,9476.16
1040,10,9466.49
1040,11,9496.88
1040,12,9465.37
1040,13,9475.35
1040,14,9457.03
1040,15,9496.78
1040,16,9442.5
1040,17,9545.82
1040,18,9522.02
1040,19,9477.59
1040,20,9480.11
1040,21,9464.21
1040,22,9483.47
1040,23,9448.15
1040,24,9510.25
1040,25,9481.91
1040,26,9490.21
1040,27,9405.99
1040,28,9426.08
1040,29,9478.18
1040,30,9491.18
1040,31,9528.93
1040,32,9486.18
1040,33,9483.68
1040,34,9430.08
1040,35,9406.47
1040,36,9519.43
1040,37,9446.98
1040,38,9535.73
1040,39,9493.87
1040,40,9518.88
1040,41,9422.15
1040,42,9503.37
1040,43,9487.06
1040,44,9479.93
1040,45,9455.92
1040,46,9496.93
1040,47,9523.76
1040,48,9541.11
1040,49,9449.86
1040,50,9468.81
1040,51,9499.13
1040,52,9511.51
1040,53,9477.7
1040,54,9448.75
1040,55,9451.54
1040,56,9455
1040,57,9420.2
1040,58,9408.75
1040,59,9504.59
1040,60,9485.5
1040,61,9441.79
1040,62,9467.33
1040,63,9519.35
1040,64,9506.88
1040,65,9396.75
1040,66,9453.36
1040,67,9416.61
1040,68,9442.22
1040,69,9496.97
1040,70,9474.17
1040,71,9478.07
1040,72,9532.52
1040,73,9482.13
1040,74,9507.52
1040,75,9511.85
1040,76,9444.22
1040,77,9478.77
1040,78,9452.12
1040,79,9531.44
1040,80,9486.63
1040,81,9474.88
1040,82,9440.25
1040,83,9435.42
1040,84,9437.41
1040,85,9428.19
1040,86,9477.55
1040,87,9507.91
1040,88,9504.9
1040,89,9433.2
1040,90,9391.11
1040,91,9452.06
1040,92,9417.27
1040,93,9508.44
1040,94,9464.21
1040,95,9467.13
1040,96,9438.66
1040,97,9494.16
1040,98,9470.48
1040,99,9495.22
1050,0,9536.39
1050,1,9479.08
1050,2,9486.11
1050,3,9473.63
1050,4,9433.7
1050,5,9496.36
1050,6,9478.18
1050,7,9471.02
1050,8,9434.43
1050,9,9463.41
1050,10,9457.23
1050,11,9481.44
1050,12,9456.14
1050,13,9462.72
1050,14,9439.15
1050,15,9487.39
1050,16,9429.1
1050,17,9538.1
1050,18,9509.39
1050,19,9469.77
1050,20,9473.03
1050,21,9452.66
1050,22,9472.76
1050,23,9440.08
1050,24,9497.86
1050,25,9471.29
1050,26,9480.5
1050,27,9389.45
1050,28,9414.64
1050,29,9467.02
1050,30,9483.8
1050,31,9519.04
1050,32,9475.23
1050,33,9470.43
1050,34,9417.73
1050,35,9393.27
1050,36,9508.64
1050,37,9438.17
1050,38,9524.3
1050,39,9479.92
1050,40,9509.76
1050,41,9410.08
1050,42,9487.54
1050,43,9475.16
1050,44,9468.83
1050,45,9444.41
1050,46,9485.51
1050,47,9511.54
1050,48,9533.73
1050,49,9436.63
1050,50,9459.95
1050,51,9490.02
1050,52,9500.71
1050,53,9469.82
1050,54,9435.21
1050,55,9441.79
1050,56,9445.14
1050,57,9408.64
1050,58,9394.39
1050,59,9496.56
1050,60,9474.9
1050,61,9427.9
1050,62,9457.57
1050,63,9506.58
1050,64,9496.2
1050,65,9380.4
1050,66,9442.47
1050,67,9396.78
1050,68,9430.93
1050,69,9483.18
1050,70,9459.85
1050,71,9467.38
1050,72,9520.94
1050,73,9471.93
1050,74,9496.16
1050,75,9499.2
1050,76,9433.04
1050,77,9467.26
1050,78,9438.73
1050,79,9520.29
1050,80,9477.09
1050,81,9460.93
1050,82,9428.64
1050,83,9420.56
1050,84,9426.66
1050,85,9419.38
1050,86,9466.59
1050,87,9495.73
1050,88,9490.25
1050,89,9424.31
1050,90,9377.84
1050,91,9440.2
1050,92,9404.63
1050,93,9494.22
1050,94,9452.62
1050,95,9456.65
1050,96,9428.02
1050,97,9486.12
1050,98,9462.07
1050,99,9482.79
1060,0,9536.09
1060,1,9478.78
1060,2,9485.81
1060,3,9473.33
1060,4,9433.4
1060,5,9496.06
1060,6,9477.88
1060,7,9470.72
1060,8,9434.13
1060,9,9463.11
1060,10,9456.93
1060,11,9481.14
1060,12,9455.84
1060,13,9462.42
1060,14,9438.85
1060,15,9487.09
1060,16,9428.8
1060,17,9537.8
1060,18,9509.09
1060,19,9469.47
1060,20,9472.73
1060,21,9452.36
1060,22,9472.46
1060,23,9439.78
1060,24,9497.56
1060,25,9470.99
1060,26,9480.2
1060,27,9389.15
1060,28,9414.34
1060,29,9466.72
1060,30,9483.5
1060,31,9518.74
1060,32,9474.93
1060,33,9470.13
1060,34,9417.43
1060,35,9392.97
1060,36,9508.34
1060,37,9437.87
1060,38,9524
1060,39,9479.62
1060,40,9509.46
1060,41,9409.78
1060,42,9487.24
1060,43,9474.86
1060,44,9468.53
1060,45,9444.11
1060,46,9485.21
1060,47,9511.24
1060,48,9533.43
1060,49,9436.33
1060,50,9459.65
1060,51,9489.72
1060,52,9500.41
1060,53,9469.52
1060,54,9434.91
1060,55,9441.49
1060,56,9444.84
1060,57,9408.34
1060,58,9394.09
1060,59,9496.26
1060,60,9474.6
1060,61,9427.6
1060,62,9457.27
1060,63,9506.28
1060,64,9495.9
1060,65,9380.1
1060,66,9442.17
1060,67,9396.48
1060,68,9430.63
1060,69,9482.88
1060,70,9459.55
1060,71,9467.08
1060,72,9520.64
1060,73,9471.63
1060,74,9495.86
1060,75,9498.9
1060,76,9432.74
1060,77,9466.96
1060,78,9438.43
1060,79,9519.99
1060,80,9476.79
1060,81,9460.63
1060,82,9428.34
1060,83,9420.26
1060,84,9426.36
1060,85,9419.08
1060,86,9466.29
1060,87,9495.43
1060,88,9489.95
1060,89,9424.01
1060,90,9377.54
1060,91,9439.9
1060,92,9404.33
1060,93,9493.92
1060,94,9452.32
1060,95,9456.35
1060,96,9427.72
1060,97,9485.82
1060,98,9461.77
1060,99,9482.49
1070,0,9532.35
1070,1,9475
1070,2,9483.18
1070,3,9469.53
1070,4,9429.9
1070,5,9493.03
1070,6,9477.58
1070,7,9470.42
1070,8,9430.71
1070,9,9458.43
1070,10,9451.84
1070,11,9480.84
1070,12,9449.84
1070,13,9458.29
1070,14,9438.55
1070,15,9484.54
1070,16,9425.44
1070,17,9533.75
1070,18,9504.28
1070,19,9464.96
1070,20,9467.31
1070,21,9448.42
1070,22,9466.8
1070,23,9434.68
1070,24,9493.58
1070,25,9466.68
1070,26,9474.32
1070,27,9388.85
1070,28,9411.85
1070,29,9462.75
1070,30,9479.68
1070,31,9514.09
1070,32,9471.42
1070,33,9465.73
1070,34,9415
1070,35,9388.12
1070,36,9505.5
1070,37,9434.96
1070,38,9523.7
1070,39,9475.85
1070,40,9505.3
1070,41,9404.28
1070,42,9486.94
1070,43,9472.16
1070,44,9464.53
1070,45,9441.17
1070,46,9481.06
1070,47,9510.94
1070,48,9530.62
1070,49,9431.12
1070,50,9456.57
1070,51,9487.01
1070,52,9498.4
1070,53,9467.02
1070,54,9434.61
1070,55,9437.35
1070,56,9440.74
1070,57,9406.74
1070,58,9389.46
1070,59,9492.69
1070,60,9470.82
1070,61,9424.29
1070,62,9454.32
1070,63,9503.89
1070,64,9492.7
1070,65,9377.95
1070,66,9438.85
1070,67,9393.43
1070,68,9427.1
1070,69,9480.67
1070,70,9459.25
1070,71,9463.9
1070,72,9520.34
1070,73,9470.51
1070,74,9491.94
1070,75,9494.84
1070,76,9429.41
1070,77,9463.33
1070,78,9433.39
1070,79,9517.97
1070,80,9472.46
1070,81,9457.78
1070,82,9422.32
1070,83,9416.25
1070,84,9422.89
1070,85,9413.34
1070,86,9464.41
1070,87,9490.14
1070,88,9486.91
1070,89,9418.32
1070,90,9373.83
1070,91,9435.53
1070,92,9402.65
1070,93,9489.37
1070,94,9450.52
1070,95,9451.26
1070,96,9424.93
1070,97,9482.82
1070,98,9456.95
1070,99,9478.81
1080,0,9522.33
1080,1,9464.71
1080,2,9468.14
1080,3,9455.66
1080,4,9412.11
1080,5,9480.54
1080,6,9459.96
1080,7,9454.04
1080,8,9411.65
1080,9,9444.73
1080,10,9437.67
1080,11,9464.51
1080,12,9440.34
1080,13,9443.97
1080,14,9416.38
1080,15,9470.75
1080,16,9406.57
1080,17,9521.16
1080,18,9492.68
1080,19,9450.94
1080,20,9455.11
1080,21,9432.71
1080,22,9454.35
1080,23,9421.08
1080,24,9481.23
1080,25,9451.75
1080,26,9462.28
1080,27,9367.34
1080,28,9394.17
1080,29,9449.49
1080,30,9466.32
1080,31,9500.98
1080,32,9456.11
1080,33,9450.29
1080,34,9397.38
1080,35,9376.71
1080,36,9493.5
1080,37,9420.95
1080,38,9509.64
1080,39,9460.7
1080,40,9493.33
1080,41,9388.68
1080,42,9470.09
1080,43,9456.81
1080,44,9449.87
1080,45,9425.09
1080,46,9470.12
1080,47,9496.16
1080,48,9514.98
1080,49,9416.82
1080,50,9441.36
1080,51,9473.32
1080,52,9485.3
1080,53,9453.81
1080,54,9413.92
1080,55,9420.62
1080,56,9427.3
1080,57,9389.61
1080,58,9374.33
1080,59,9481.85
1080,60,9455.19
1080,61,9405.79
1080,62,9439.91
1080,63,9491.97
1080,64,9477.79
1080,65,9362.18
1080,66,9421.46
1080,67,9378.19
1080,68,9411.37
1080,69,9463.1
1080,70,9439.37
1080,71,9448.4
1080,72,9506.65
1080,73,9454.86
1080,74,9480.48
1080,75,9486.05
1080,76,9412.81
1080,77,9451.51
1080,78,9419.8
1080,79,9503.21
1080,80,9461.43
1080,81,9440.85
1080,82,9408.22
1080,83,9402.17
1080,84,9404.21
1080,85,9400.28
1080,86,9445.53
1080,87,9475.3
1080,88,9474.03
1080,89,9398.78
1080,90,9359.28
1080,91,9421.6
1080,92,9387.1
1080,93,9473.13
1080,94,9430.23
1080,95,9439.09
1080,96,9408.1
1080,97,9465.99
1080,98,9445.01
1080,99,9466.93
1090,0,9522.03
1090,1,9464.41
1090,2,9467.84
1090,3,9455.36
1090,4,9411.81
1090,5,9480.24
1090,6,9459.66
1090,7,9453.74
1090,8,9411.35
1090,9,9444.43
1090,10,9437.37
1090,11,9464.21
1090,12,9440.04
1090,13,9443.67
1090,14,9416.08
1090,15,9470.45
1090,16,9406.27
1090,17,9520.86
1090,18,9492.38
1090,19,9450.64
1090,20,9454.81
1090,21,9432.41
1090,22,9454.05
1090,23,9420.78
1090,24,9480.93
1090,25,9451.45
1090,26,9461.98
1090,27,9367.04
1090,28,9393.87
1090,29,9449.19
1090,30,9466.02
1090,31,9500.68
1090,32,9455.81
1090,33,9449.99
1090,34,9397.08
1090,35,9376.41
1090,36,9493.2
1090,37,9420.65
1090,38,9509.34
1090,39,9460.4
1090,40,9493.03
1090,41,9388.38
1090,42,9469.79
1090,43,9456.51
1090,44,9449.57
1090,45,9424.79
1090,46,9469.82
1090,47,9495.86
1090,48,9514.68
1090,49,9416.52
1090,50,9441.06
1090,51,9473.02
1090,52,9485
1090,53,9453.51
1090,54,9413.62
1090,55,9420.32
1090,56,9427
1090,57,9389.31
1090,58,9374.03
1090,59,9481.55
1090,60,9454.89
1090,61,9405.49
1090,62,9439.61
1090,63,9491.67
1090,64,9477.49
1090,65,9361.88
1090,66,9421.16
1090,67,9377.89
1090,68,9411.07
1090,69,9462.8
1090,70,9439.07
1090,71,9448.1
1090,72,9506.35
1090,73,9454.56
1090,74,9480.18
1090,75,9485.75
1090,76,9412.51
1090,77,9451.21
1090,78,9419.5
1090,79,9502.91
1090,80,9461.13
1090,81,9440.55
1090,82,9407.92
1090,83,9401.87
1090,84,9403.91
1090,85,9399.98
1090,86,9445.23
1090,87,9475
1090,88,9473.73
1090,89,9398.48
1090,90,9358.98
1090,91,9421.3
1090,92,9386.8
1090,93,9472.83
1090,94,9429.93
1090,95,9438.79
1090,96,9407.8
1090,97,9465.69
1090,98,9444.71
1090,99,9466.63
1100,0,9521.73
1100,1,9464.11
1100,2,9465.74
1100,3,9453.15
1100,4,9411.51
1100,5,9479.94
1100,6,9459.36
1100,7,9453.44
1100,8,9411.05
1100,9,9444.09
1100,10,9434.1
1100,11,9463.91
1100,12,9438.14
1100,13,9443.37
1100,14,9415.78
1100,15,9467.85
1100,16,9405.03
1100,17,9520.56
1100,18,9492.08
1100,19,9448.38
1100,20,9453.49
1100,21,9430.22
1100,22,9451.53
1100,23,9417.67
1100,24,9480.63
1100,25,9449.07
1100,26,9460.26
1100,27,9366.74
1100,28,9391.36
1100,29,9447.96
1100,30,9464.47
1100,31,9498.43
1100,32,9455.51
1100,33,9449.69
1100,34,9395.7
1100,35,9376.06
1100,36,9492.9
1100,37,9420.3
1100,38,9509.04
1100,39,9460.1
1100,40,9492.73
1100,41,9386.09
1100,42,9469.49
1100,43,9454.75
1100,44,9447.58
1100,45,9421.95
1100,46,9469.52
1100,47,9495.56
1100,48,9514.38
1100,49,9414.62
1100,50,9440.06
1100,51,9470.23
1100,52,9484.7
1100,53,9451.01
1100,54,9413.32
1100,55,9418.77
1100,56,9425.36
1100,57,9388.39
1100,58,9372.75
1100,59,9481.25
1100,60,9453.21
1100,61,9405.19
1100,62,9436.6
1100,63,9491.37
1100,64,9477.19
1100,65,9361.58
1100,66,9419.22
1100,67,9377.59
1100,68,9410.77
1100,69,9462.5
1100,70,9438.77
1100,71,9447.8
1100,72,9506.05
1100,73,9453.42
1100,74,9479.88
1100,75,9485.45
1100,76,9412.21
1100,77,9450.91
1100,78,9416.2
1100,79,9500.92
1100,80,9460.83
1100,81,9440.25
1100,82,9406.12
1100,83,9399.27
1100,84,9403.61
1100,85,9397.31
1100,86,9444.93
1100,87,9473.97
1100,88,9473.43
1100,89,9397
1100,90,9357.54
1100,91,9419.71
1100,92,9386.5
1100,93,9471.67
1100,94,9429.63
1100,95,9437.04
1100,96,9407.5
1100,97,9462.66
1100,98,9442.82
1100,99,9466.33
1110,0,9509.68
1110,1,9451
1110,2,9453.97
1110,3,9442.3
1110,4,9396.86
1110,5,9467.11
1110,6,9446.63
1110,7,9441.26
1110,8,9395.69
1110,9,9427.23
1110,10,9421.97
1110,11,9451.95
1110,12,9424.96
1110,13,9431.32
1110,14,9400
1110,15,9458.25
1110,16,9390.13
1110,17,9507.5
1110,18,9478.57
1110,19,9434.9
1110,20,9440.02
1110,21,9414.1
1110,22,9440.35
1110,23,9404.08
1110,24,9466.98
1110,25,9435.99
1110,26,9447.01
1110,27,9351.41
1110,28,9379.78
1110,29,9434.09
1110,30,9451.97
1110,31,9485.73
1110,32,9442.66
1110,33,9435.79
1110,34,9378.3
1110,35,9360.23
1110,36,9477.23
1110,37,9406.28
1110,38,9497.87
1110,39,9445.09
1110,40,9479.48
1110,41,9365.97
1110,42,9457.3
1110,43,9439.46
1110,44,9434.9
1110,45,9408.53
1110,46,9456.68
1110,47,9483.37
1110,48,9501.83
1110,49,9400.03
1110,50,9428.01
1110,51,9458.71
1110,52,9471.76
1110,53,9439.22
1110,54,9399.23
1110,55,9403.48
1110,56,9412.37
1110,57,9371.97
1110,58,9357.58
1110,59,9467.89
1110,60,9440.11
1110,61,9390.25
1110,62,9423.94
1110,63,9479.06
1110,64,9461.68
1110,65,9343.76
1110,66,9403.66
1110,67,9360.18
1110,68,9395.34
1110,69,9447.84
1110,70,9425.41
1110,71,9432.28
1110,72,9494.39
1110,73,9440.95
1110,74,9468.77
1110,75,9474.07
1110,76,9398.81
1110,77,9438.85
1110,78,9403.57
1110,79,9488.16
1110,80,9446.94
1110,81,9425.82
1110,82,9391.09
1110,83,9381.73
1110,84,9386.88
1110,85,9383.92
1110,86,9429.52
1110,87,9458.13
1110,88,9458.08
1110,89,9377.41
1110,90,9340.97
1110,91,9404.71
1110,92,9369.56
1110,93,9456.11
1110,94,9413.99
1110,95,9424.3
1110,96,9394.09
1110,97,9453.84
1110,98,9429.43
1110,99,9451.08
1120,0,9509.38
1120,1,9450.7
1120,2,9453.67
1120,3,9442
1120,4,9396.56
1120,5,9466.81
1120,6,9446.33
1120,7,9440.96
1120,8,9395.39
1120,9,9426.93
1120,10,9421.67
1120,11,9451.65
1120,12,9424.66
1120,13,9431.02
1120,14,9399.7
1120,15,9457.95
1120,16,9389.83
1120,17,9507.2
1120,18,9478.27
1120,19,9434.6
1120,20,9439.72
1120,21,9413.8
1120,22,9440.05
1120,23,9403.78
1120,24,9466.68
1120,25,9435.69
1120,26,9446.71
1120,27,9351.11
1120,28,9379.48
1120,29,9433.79
1120,30,9451.67
1120,31,9485.43
1120,32,9442.36
1120,33,9435.49
1120,34,9378
1120,35,9359.93
1120,36,9476.93
1120,37,9405.98
1120,38,9497.57
1120,39,9444.79
1120,40,9479.18
1120,41,9365.67
1120,42,9457
1120,43,9439.16
1120,44,9434.6
1120,45,9408.23
1120,46,9456.38
1120,47,9483.07
1120,48,9501.53
1120,49,9399.73
1120,50,9427.71
1120,51,9458.41
1120,52,9471.46
1120,53,9438.92
1120,54,9398.93
1120,55,9403.18
1120,56,9412.07
1120,57,9371.67
1120,58,9357.28
1120,59,9467.59
1120,60,9439.81
1120,61,9389.95
1120,62,9423.64
1120,63,9478.76
1120,64,9461.38
1120,65,9343.46
1120,66,9403.36
1120,67,9359.88
1120,68,9395.04
1120,69,9447.54
1120,70,9425.11
1120,71,9431.98
1120,72,9494.09
1120,73,9440.65
1120,74,9468.47
1120,75,9473.77
1120,76,9398.51
1120,77,9438.55
1120,78,9403.27
1120,79,9487.86
1120,80,9446.64
1120,81,9425.52
1120,82,9390.79
1120,83,9381.43
1120,84,9386.58
1120,85,9383.62
1120,86,9429.22
1120,87,9457.83
1120,88,9457.78
1120,89,9377.11
1120,90,9340.67
1120,91,9404.41
1120,92,9369.26
1120,93,9455.81
1120,94,9413.69
1120,95,9424
1120,96,9393.79
1120,97,9453.54
1120,98,9429.13
1120,99,9450.78
1130,0,9509.08
1130,1,9450.4
1130,2,9453.32
1130,3,9441.7
1130,4,9396.26
1130,5,9466.51
1130,6,9446.03
1130,7,9440.66
1130,8,9395.09
1130,9,9426.57
1130,10,9421.37
1130,11,9451.35
1130,12,9424.36
1130,13,9430.72
1130,14,9399.4
1130,15,9457.65
1130,16,9389.53
1130,17,9506.9
1130,18,9477.97
1130,19,9434.09
1130,20,9438.28
1130,21,9413.5
1130,22,9438.73
1130,23,9403.48
1130,24,9466.38
1130,25,9435.39
1130,26,9446.41
1130,27,9350.81
1130,28,9379.18
1130,29,9433.49
1130,30,9451.37
1130,31,9485.07
1130,32,9442.06
1130,33,9435.19
1130,34,9377.7
1130,35,9359.56
1130,36,9476.63
1130,37,9405.68
1130,38,9497.27
1130,39,9444.49
1130,40,9478.88
1130,41,9365.37
1130,42,9456.7
1130,43,9438.86
1130,44,9434.3
1130,45,9407.93
1130,46,9456.08
1130,47,9482.77
1130,48,9501.23
1130,49,9399.43
1130,50,9426.76
1130,51,9458.11
1130,52,9471.16
1130,53,9438.62
1130,54,9398.63
1130,55,9402.88
1130,56,9411.77
1130,57,9370.75
1130,58,9356.98
1130,59,9467.29
1130,60,9439.51
1130,61,9389.65
1130,62,9423.34
1130,63,9478.46
1130,64,9461.08
1130,65,9343.16
1130,66,9403.06
1130,67,9359.58
1130,68,9394.74
1130,69,9447.24
1130,70,9424.81
1130,71,9431.68
1130,72,9493.79
1130,73,9440.35
1130,74,9468.17
1130,75,9473.47
1130,76,9398.21
1130,77,9438.25
1130,78,9402.97
1130,79,9487.56
1130,80,9446.34
1130,81,9425.22
1130,82,9390.49
1130,83,9381.13
1130,84,9386.28
1130,85,9383.32
1130,86,9428.92
1130,87,9456.93
1130,88,9457.48
1130,89,9376.81
1130,90,9340.37
1130,91,9404.11
1130,92,9368.96
1130,93,9455.51
1130,94,9413.39
1130,95,9423.7
1130,96,9393.49
1130,97,9453.24
1130,98,9428.83
1130,99,9450.48
1140,0,9496.79
1140,1,9436.03
1140,2,9441.31
1140,3,9427.33
1140,4,9378.81
1140,5,9454.02
1140,6,9429.85
1140,7,9425.72
1140,8,9375.89
1140,9,9410.85
1140,10,9403.97
1140,11,9435.86
1140,12,9408.75
1140,13,9417.88
1140,14,9379.78
1140,15,9443.82
1140,16,9371.22
1140,17,9493.54
1140,18,9464.04
1140,19,9419.98
1140,20,9426.27
1140,21,9397.26
1140,22,9425.21
1140,23,9387.4
1140,24,9452.76
1140,25,9417.77
1140,26,9427.67
1140,27,9332.59
1140,28,9361.72
1140,29,9418.33
1140,30,9436.8
1140,31,9471.24
1140,32,9425.83
1140,33,9417.68
1140,34,9360.75
1140,35,9341.26
1140,36,9463.63
1140,37,9392.78
1140,38,9483.06
1140,39,9429.39
1140,40,9464.94
1140,41,9344
1140,42,9441.38
1140,43,9424.91
1140,44,9417.3
1140,45,9393.4
1140,46,9442.7
1140,47,9468.36
1140,48,9489.05
1140,49,9384.46
1140,50,9413.45
1140,51,9443.6
1140,52,9458.38
1140,53,9424.76
1140,54,9380.7
1140,55,9387.85
1140,56,9397.25
1140,57,9355.56
1140,58,9342.07
1140,59,9453.06
1140,60,9424.49
1140,61,9370.9
1140,62,9408.69
1140,63,9465.41
1140,64,9447.84
1140,65,9326.53
1140,66,9386.6
1140,67,9339.6
1140,68,9380.52
1140,69,9432.39
1140,70,9407.69
1140,71,9418.38
1140,72,9479.91
1140,73,9424.14
1140,74,9452.78
1140,75,9461.37
1140,76,9381.8
1140,77,9424.21
1140,78,9385.8
1140,79,9472.3
1140,80,9431.27
1140,81,9406.98
1140,82,9373.8
1140,83,9361.74
1140,84,9367.05
1140,85,9366.78
1140,86,9411.39
1140,87,9442.7
1140,88,9442.48
1140,89,9358.29
1140,90,9320.42
1140,91,9389.84
1140,92,9349.52
1140,93,9438.77
1140,94,9395.67
1140,95,9407.9
1140,96,9376.23
1140,97,9437.55
1140,98,9414.83
1140,99,9435.98
1150,0,9496.49
1150,1,9435.73
1150,2,9441.01
1150,3,9427.03
1150,4,9378.51
1150,5,9453.72
1150,6,9429.55
1150,7,9425.42
1150,8,9375.59
1150,9,9410.55
1150,10,9403.67
1150,11,9435.56
1150,12,9408.45
1150,13,9417.58
1150,14,9379.48
1150,15,9443.52
1150,16,9370.92
1150,17,9493.24
1150,18,9463.74
1150,19,9419.68
1150,20,9425.97
1150,21,9396.96
1150,22,9424.91
1150,23,9387.1
1150,24,9452.46
1150,25,9417.47
1150,26,9427.37
1150,27,9332.29
1150,28,9361.42
1150,29,9418.03
1150,30,9436.5
1150,31,9470.94
1150,32,9425.53
1150,33,9417.38
1150,34,9360.45
1150,35,9340.96
1150,36,9463.33
1150,37,9392.48
1150,38,9482.76
1150,39,9429.09
1150,40,9464.64
1150,41,9343.7
1150,42,9441.08
1150,43,9424.61
1150,44,9417
1150,45,9393.1
1150,46,9442.4
1150,47,9468.06
1150,48,9488.75
1150,49,9384.16
1150,50,9413.15
1150,51,9443.3
1150,52,9458.08
1150,53,9424.46
1150,54,9380.4
1150,55,9387.55
1150,56,9396.95
1150,57,9355.26
1150,58,9341.77
1150,59,9452.76
1150,60,9424.19
1150,61,9370.6
1150,62,9408.39
1150,63,9465.11
1150,64,9447.54
1150,65,9326.23
1150,66,9386.3
1150,67,9339.3
1150,68,9380.22
1150,69,9432.09
1150,70,9407.39
1150,71,9418.08
1150,72,9479.61
1150,73,9423.84
1150,74,9452.48
1150,75,9461.07
1150,76,9381.5
1150,77,9423.91
1150,78,9385.5
1150,79,9472
1150,80,9430.97
1150,81,9406.68
1150,82,9373.5
1150,83,9361.44
1150,84,9366.75
1150,85,9366.48
1150,86,9411.09
1150,87,9442.4
1150,88,9442.18
1150,89,9357.99
1150,90,9320.12
1150,91,9389.54
1150,92,9349.22
1150,93,9438.47
1150,94,9395.37
1150,95,9407.6
1150,96,9375.93
1150,97,9437.25
1150,98,9414.53
1150,99,9435.68
1160,0,9496.19
1160,1,9435.43
1160,2,9440.71
1160,3,9426.73
1160,4,9378.21
1160,5,9453.42
1160,6,9429.25
1160,7,9425.12
1160,8,9375.29
1160,9,9410.25
1160,10,9403.37
1160,11,9435.26
1160,12,9408.15
1160,13,9417.28
1160,14,9379.18
1160,15,9443.22
1160,16,9370.62
1160,17,9492.94
1160,18,9463.44
1160,19,9419.38
1160,20,9425.67
1160,21,9396.66
1160,22,9424.61
1160,23,9386.8
1160,24,9452.16
1160,25,9417.17
1160,26,9427.07
1160,27,9331.99
1160,28,9361.12
1160,29,9417.73
1160,30,9436.2
1160,31,9470.64
1160,32,9425.23
1160,33,9417.08
1160,34,9360.15
1160,35,9340.66
1160,36,9463.03
1160,37,9392.18
1160,38,9482.46
1160,39,9428.79
1160,40,9464.34
1160,41,9343.4
1160,42,9440.78
1160,43,9424.31
1160,44,9416.7
1160,45,9392.8
1160,46,9442.1
1160,47,9467.76
1160,48,9488.45
1160,49,9383.86
1160,50,9412.85
1160,51,9443
1160,52,9457.78
1160,53,9424.16
1160,54,9380.1
1160,55,9387.25
1160,56,9396.65
1160,57,9354.96
1160,58,9341.47
1160,59,9452.46
1160,60,9423.89
1160,61,9370.3
1160,62,9408.09
1160,63,9464.81
1160,64,9447.24
1160,65,9325.93
1160,66,9386
1160,67,9339
1160,68,9379.92
1160,69,9431.79
1160,70,9407.09
1160,71,9417.78
1160,72,9479.31
1160,73,9423.54
1160,74,9452.18
1160,75,9460.77
1160,76,9381.2
1160,77,9423.61
1160,78,9385.2
1160,79,9471.7
1160,80,9430.67
1160,81,9406.38
1160,82,9373.2
1160,83,9361.14
1160,84,9366.45
1160,85,9366.18
1160,86,9410.79
1160,87,9442.1
1160,88,9441.88
1160,89,9357.69
1160,90,9319.82
1160,91,9389.24
1160,92,9348.92
1160,93,9438.17
1160,94,9395.07
1160,95,9407.3
1160,96,9375.63
1160,97,9436.95
1160,98,9414.23
1160,99,9435.38
1170,0,9484.96
1170,1,9423.75
1170,2,9427.78
1170,3,9413.54
1170,4,9362.2
1170,5,9441.54
1170,6,9411.98
1170,7,9410.1
1170,8,9359.24
1170,9,9395.95
1170,10,9388.68
1170,11,9419.6
1170,12,9394.31
1170,13,9402.79
1170,14,9360.87
1170,15,9429.85
1170,16,9352.07
1170,17,9480.13
1170,18,9449.65
1170,19,9405.69
1170,20,9413.12
1170,21,9380.31
1170,22,9410.18
1170,23,9370.58
1170,24,9439.22
1170,25,9399.73
1170,26,9410.79
1170,27,9314.47
1170,28,9345.85
1170,29,9402.41
1170,30,9421.51
1170,31,9457.01
1170,32,9408.3
1170,33,9402.15
1170,34,9345.41
1170,35,9326.43
1170,36,9448.09
1170,37,9376.21
1170,38,9468.16
1170,39,9412.87
1170,40,9451.93
1170,41,9330.2
1170,42,9424.88
1170,43,9409.86
1170,44,9402.35
1170,45,9377.09
1170,46,9428.95
1170,47,9452.53
1170,48,9475.95
1170,49,9365.12
1170,50,9400
1170,51,9428.09
1170,52,9444.87
1170,53,9409.99
1170,54,9364.93
1170,55,9373.25
1170,56,9380.94
1170,57,9340.53
1170,58,9326.83
1170,59,9439.23
1170,60,9407.78
1170,61,9354.22
1170,62,9394.49
1170,63,9451.61
1170,64,9432.99
1170,65,9309.76
1170,66,9369.95
1170,67,9323.2
1170,68,9365.68
1170,69,9417.75
1170,70,9393.36
1170,71,9403.46
1170,72,9465.29
1170,73,9407.64
1170,74,9438.79
1170,75,9448.48
1170,76,9367.55
1170,77,9409.85
1170,78,9367.56
1170,79,9455.27
1170,80,9417.63
1170,81,9391.07
1170,82,9357.67
1170,83,9347.85
1170,84,9348.7
1170,85,9348.6
1170,86,9393.96
1170,87,9428.36
1170,88,9427.01
1170,89,9340.59
1170,90,9304.42
1170,91,9375.13
1170,92,9328.99
1170,93,9422.65
1170,94,9377.08
1170,95,9393.21
1170,96,9361.75
1170,97,9421.48
1170,98,9398.81
1170,99,9420.01
1180,0,9484.66
1180,1,9423.45
1180,2,9427.48
1180,3,9413.24
1180,4,9361.9
1180,5,9441.24
1180,6,9411.68
1180,7,9409.8
1180,8,9358.94
1180,9,9395.65
1180,10,9388.38
1180,11,9419.3
1180,12,9394.01
1180,13,9402.49
1180,14,9360.57
1180,15,9429.55
1180,16,9351.77
1180,17,9479.83
1180,18,9449.35
1180,19,9405.39
1180,20,9412.82
1180,21,9380.01
1180,22,9409.88
1180,23,9370.28
1180,24,9438.92
1180,25,9399.43
1180,26,9410.49
1180,27,9314.17
1180,28,9345.55
1180,29,9402.11
1180,30,9421.21
1180,31,9456.71
1180,32,9408
1180,33,9401.85
1180,34,9345.11
1180,35,9326.13
1180,36,9447.79
1180,37,9375.91
1180,38,9467.86
1180,39,9412.57
1180,40,9451.63
1180,41,9329.9
1180,42,9424.58
1180,43,9409.56
1180,44,9402.05
1180,45,9376.79
1180,46,9428.65
1180,47,9452.23
1180,48,9475.65
1180,49,9364.82
1180,50,9399.7
1180,51,9427.79
1180,52,9444.57
1180,53,9409.69
1180,54,9364.63
1180,55,9372.95
1180,56,9380.64
1180,57,9340.23
1180,58,9326.53
1180,59,9438.93
1180,60,9407.48
1180,61,9353.92
1180,62,9394.19
1180,63,9451.31
1180,64,9432.69
1180,65,9309.46
1180,66,9369.65
1180,67,9322.9
1180,68,9365.38
1180,69,9417.45
1180,70,9393.06
1180,71,9403.16
1180,72,9464.99
1180,73,9407.34
1180,74,9438.49
1180,75,9448.18
1180,76,9367.25
1180,77,9409.55
1180,78,9367.26
1180,79,9454.97
1180,80,9417.33
1180,81,9390.77
1180,82,9357.37
1180,83,9347.55
1180,84,9348.4
1180,85,9348.3
1180,86,9393.66
1180,87,9428.06
1180,88,9426.71
1180,89,9340.29
1180,90,9304.12
1180,91,9374.83
1180,92,9328.69
1180,93,9422.35
1180,94,9376.78
1180,95,9392.91
1180,96,9361.45
1180,97,9421.18
1180,98,9398.51
1180,99,9419.71
1190,0,9484.36
1190,1,9423.15
1190,2,9427.18
1190,3,9412.94
1190,4,9361.6
1190,5,9440.94
1190,6,9411.38
1190,7,9409.5
1190,8,9358.64
1190,9,9395.35
1190,10,9388.08
1190,11,9419
1190,12,9393.71
1190,13,9402.19
1190,14,9360.27
1190,15,9429.25
1190,16,9351.47
1190,17,9479.53
1190,18,9449.05
1190,19,9405.09
1190,20,9412.52
1190,21,9379.71
1190,22,9409.58
1190,23,9369.98
1190,24,9438.62
1190,25,9399.13
1190,26,9410.19
1190,27,9313.87
1190,28,9345.25
1190,29,9401.81
1190,30,9420.91
1190,31,9456.41
1190,32,9407.7
1190,33,9401.55
1190,34,9344.81
1190,35,9325.83
1190,36,9447.49
1190,37,9375.61
1190,38,9467.56
1190,39,9412.27
1190,40,9451.33
1190,41,9329.6
1190,42,9424.28
1190,43,9409.26
1190,44,9401.75
1190,45,9376.49
1190,46,9428.35
1190,47,9451.93
1190,48,9475.35
1190,49,9364.52
1190,50,9399.4
1190,51,9427.49
1190,52,9444.27
1190,53,9409.39
1190,54,9364.33
1190,55,9372.65
1190,56,9380.34
1190,57,9339.93
1190,58,9326.23
1190,59,9438.63
1190,60,9407.18
1190,61,9353.62
1190,62,9393.89
1190,63,9451.01
1190,64,9432.39
1190,65,9309.16
1190,66,9369.35
1190,67,9322.6
1190,68,9365.08
1190,69,9417.15
1190,70,9392.76
1190,71,9402.86
1190,72,9464.69
1190,73,9407.04
1190,74,9438.19
1190,75,9447.88
1190,76,9366.95
1190,77,9409.25
1190,78,9366.96
1190,79,9454.67
1190,80,9417.03
1190,81,9390.47
1190,82,9357.07
1190,83,9347.25
1190,84,9348.1
1190,85,9348
1190,86,9393.36
1190,87,9427.76
1190,88,9426.41
1190,89,9339.99
1190,90,9303.82
1190,91,9374.53
1190,92,9328.39
1190,93,9422.05
1190,94,9376.48
1190,95,9392.61
1190,96,9361.15
1190,97,9420.88
1190,98,9398.21
1190,99,9419.41
1200,0,9467.91
1200,1,9404.25
1200,2,9406.4
1200,3,9394.57
1200,4,9342.23
1200,5,9424.2
1200,6,9389.37
1200,7,9388.8
1200,8,9338.83
1200,9,9377.19
1200,10,9364.96
1200,11,9399.02
1200,12,9373.89
1200,13,9379.18
1200,14,9341.27
1200,15,9409.74
1200,16,9330.05
1200,17,9462.17
1200,18,9432.91
1200,19,9384.6
1200,20,9392.18
1200,21,9356.57
1200,22,9388.71
1200,23,9347.74
1200,24,9419.68
1200,25,9376.45
1200,26,9392.42
1200,27,9295.75
1200,28,9326.51
1200,29,9382.27
1200,30,9398.99
1200,31,9436.85
1200,32,9388.08
1200,33,9381.75
1200,34,9322.92
1200,35,9303.1
1200,36,9431.11
1200,37,9356.66
1200,38,9450.7
1200,39,9394.19
1200,40,9431.78
1200,41,9298.87
1200,42,9403.8
1200,43,9388.9
1200,44,9379.13
1200,45,9351.51
1200,46,9406.87
1200,47,9430.71
1200,48,9458.27
1200,49,9343.31
1200,50,9380.04
1200,51,9405
1200,52,9423.5
1200,53,9387.99
1200,54,9343.69
1200,55,9350.75
1200,56,9360.31
1200,57,9318.78
1200,58,9302.41
1200,59,9418.29
1200,60,9387.47
1200,61,9334.59
1200,62,9374.96
1200,63,9434.9
1200,64,9414.66
1200,65,9285.72
1200,66,9351.11
1200,67,9299.49
1200,68,9344.34
1200,69,9400.52
1200,70,9373.33
1200,71,9384.89
1200,72,9445.54
1200,73,9388.12
1200,74,9416.77
1200,75,9430.59
1200,76,9348.07
1200,77,9388.21
1200,78,9347.74
1200,79,9433.66
1200,80,9396.37
1200,81,9369.83
1200,82,9338.52
1200,83,9330.74
1200,84,9326.44
1200,85,9326.14
1200,86,9374.03
1200,87,9406.91
1200,88,9408.23
1200,89,9315.33
1200,90,9279.9
1200,91,9353.54
1200,92,9306.97
1200,93,9401.04
1200,94,9355.11
1200,95,9374.55
1200,96,9341.95
1200,97,9399.45
1200,98,9376.9
1200,99,9396.49
1210,0,9467.64
1210,1,9403.97
1210,2,9406.15
1210,3,9394.27
1210,4,9341.94
1210,5,9423.93
1210,6,9389.09
1210,7,9388.52
1210,8,9338.53
1210,9,9376.9
1210,10,9364.69
1210,11,9398.75
1210,12,9373.61
1210,13,9378.93
1210,14,9340.97
1210,15,9409.45
1210,16,9329.76
1210,17,9461.89
1210,18,9432.61
1210,19,9384.32
1210,20,9391.91
1210,21,9356.31
1210,22,9388.44
1210,23,9347.44
1210,24,9419.38
1210,25,9376.17
1210,26,9392.13
1210,27,9295.45
1210,28,9326.21
1210,29,9381.97
1210,30,9398.74
1210,31,9436.56
1210,32,9387.78
1210,33,9381.45
1210,34,9322.63
1210,35,9302.83
1210,36,9430.82
1210,37,9356.36
1210,38,9450.4
1210,39,9393.89
1210,40,9431.49
1210,41,9298.6
1210,42,9403.52
1210,43,9388.6
1210,44,9378.86
1210,45,9351.26
1210,46,9406.64
1210,47,9430.44
1210,48,9457.99
1210,49,9343.06
1210,50,9379.78
1210,51,9404.76
1210,52,9423.2
1210,53,9387.74
1210,54,9343.39
1210,55,9350.47
1210,56,9360.02
1210,57,9318.49
1210,58,9302.16
1210,59,9418.04
1210,60,9387.18
1210,61,9334.29
1210,62,9374.69
1210,63,9434.6
1210,64,9414.36
1210,65,9285.48
1210,66,9350.81
1210,67,9299.22
1210,68,9344.09
1210,69,9400.22
1210,70,9373.03
1210,71,9384.6
1210,72,9445.27
1210,73,9387.82
1210,74,9416.52
1210,75,9430.3
1210,76,9347.77
1210,77,9387.97
1210,78,9347.44
1210,79,9433.36
1210,80,9396.11
1210,81,9369.53
1210,82,9338.22
1210,83,9330.45
1210,84,9326.17
1210,85,9325.87
1210,86,9373.75
1210,87,9406.61
1210,88,9407.93
1210,89,9315.04
1210,90,9279.63
1210,91,9353.24
1210,92,9306.69
1210,93,9400.74
1210,94,9354.82
1210,95,9374.25
1210,96,9341.65
1210,97,9399.15
1210,98,9376.66
1210,99,9396.27
1220,0,9467.34
1220,1,9403.67
1220,2,9405.85
1220,3,9393.97
1220,4,9341.64
1220,5,9423.63
1220,6,9388.79
1220,7,9388.22
1220,8,9338.23
1220,9,9376.6
1220,10,9364.39
1220,11,9398.45
1220,12,9373.31
1220,13,9378.63
1220,14,9340.67
1220,15,9409.15
1220,16,9329.46
1220,17,9461.59
1220,18,9432.31
1220,19,9384.02
1220,20,9391.61
1220,21,9356.01
1220,22,9388.14
1220,23,9347.14
1220,24,9419.08
1220,25,9375.87
1220,26,9391.83
1220,27,9295.15
1220,28,9325.91
1220,29,9381.67
1220,30,9398.44
1220,31,9436.26
1220,32,9387.48
1220,33,9381.15
1220,34,9322.33
1220,35,9302.53
1220,36,9430.52
1220,37,9356.06
1220,38,9450.1
1220,39,9393.59
1220,40,9431.19
1220,41,9298.3
1220,42,9403.22
1220,43,9388.3
1220,44,9378.56
1220,45,9350.96
1220,46,9406.34
1220,47,9430.14
1220,48,9457.69
1220,49,9342.76
1220,50,9379.48
1220,51,9404.46
1220,52,9422.9
1220,53,9387.44
1220,54,9343.09
1220,55,9350.17
1220,56,9359.72
1220,57,9318.19
1220,58,9301.86
1220,59,9417.74
1220,60,9386.88
1220,61,9333.99
1220,62,9374.39
1220,63,9434.3
1220,64,9414.06
1220,65,9285.18
1220,66,9350.51
1220,67,9298.92
1220,68,9343.79
1220,69,9399.92
1220,70,9372.73
1220,71,9384.3
1220,72,9444.97
1220,73,9387.52
1220,74,9416.22
1220,75,9430
1220,76,9347.47
1220,77,9387.67
1220,78,9347.14
1220,79,9433.06
1220,80,9395.81
1220,81,9369.23
1220,82,9337.92
1220,83,9330.15
1220,84,9325.87
1220,85,9325.57
1220,86,9373.45
1220,87,9406.31
1220,88,9407.63
1220,89,9314.74
1220,90,9279.33
1220,91,9352.94
1220,92,9306.39
1220,93,9400.44
1220,94,9354.52
1220,95,9373.95
1220,96,9341.35
1220,97,9398.85
1220,98,9376.36
1220,99,9395.97
1230,0,9449.06
1230,1,9388.44
1230,2,9390.88
1230,3,9373.56
1230,4,9319.25
1230,5,9405.76
1230,6,9367.18
1230,7,9365.16
1230,8,9316.51
1230,9,9355.29
1230,10,9345.75
1230,11,9375.1
1230,12,9350.69
1230,13,9361.96
1230,14,9321.02
1230,15,9386.64
1230,16,9307.32
1230,17,9443.75
1230,18,9415.4
1230,19,9363.23
1230,20,9374.46
1230,21,9336.42
1230,22,9369.67
1230,23,9324.82
1230,24,9400.27
1230,25,9352.13
1230,26,9372.18
1230,27,9275.33
1230,28,9305.53
1230,29,9361.02
1230,30,9379.67
1230,31,9415.81
1230,32,9368.46
1230,33,9360.22
1230,34,9299.23
1230,35,9281.04
1230,36,9410
1230,37,9336.83
1230,38,9432.68
1230,39,9375.59
1230,40,9411.95
1230,41,9272.35
1230,42,9380.08
1230,43,9367.73
1230,44,9358.54
1230,45,9329.74
1230,46,9385.42
1230,47,9410.95
1230,48,9437.13
1230,49,9321.17
1230,50,9359.96
1230,51,9384.95
1230,52,9400.75
1230,53,9371.61
1230,54,9326.15
1230,55,9326.3
1230,56,9337.21
1230,57,9296.48
1230,58,9281.41
1230,59,9400.4
1230,60,9364.67
1230,61,9313.88
1230,62,9354.37
1230,63,9416.01
1230,64,9394.16
1230,65,9260.58
1230,66,9331.15
1230,67,9274.52
1230,68,9323.1
1230,69,9380.43
1230,70,9354.95
1230,71,9365.33
1230,72,9422.44
1230,73,9367.46
1230,74,9398.2
1230,75,9410.48
1230,76,9328.44
1230,77,9371.08
1230,78,9325.01
1230,79,9410.77
1230,80,9379.02
1230,81,9350.76
1230,82,9318.72
1230,83,9302.35
1230,84,9302.78
1230,85,9308.24
1230,86,9351.92
1230,87,9385.55
1230,88,9390.64
1230,89,9289.74
1230,90,9256.77
1230,91,9331.16
1230,92,9282.25
1230,93,9378.05
1230,94,9332.42
1230,95,9353.32
1230,96,9322.66
1230,97,9375.57
1230,98,9358.54
1230,99,9376.61
1240,0,9444.23
1240,1,9383.82
1240,2,9384.94
1240,3,9373.3
1240,4,9319
1240,5,9400.85
1240,6,9366.94
1240,7,9364.92
1240,8,9316.25
1240,9,9355.05
1240,10,9340.76
1240,11,9374.86
1240,12,9350.46
1240,13,9356.05
1240,14,9320.75
1240,15,9386.39
1240,16,9307.07
1240,17,9439.08
1240,18,9415.12
1240,19,9362.99
1240,20,9369.79
1240,21,9330.45
1240,22,9364.35
1240,23,9324.57
1240,24,9400.02
1240,25,9351.9
1240,26,9371.93
1240,27,9275.06
1240,28,9305.28
1240,29,9360.78
1240,30,9373.48
1240,31,9415.58
1240,32,9368.17
1240,33,9359.96
1240,34,9298.99
1240,35,9276.28
1240,36,9409.76
1240,37,9336.57
1240,38,9432.42
1240,39,9375.32
1240,40,9411.71
1240,41,9267.24
1240,42,9379.84
1240,43,9367.47
1240,44,9353.44
1240,45,9323.81
1240,46,9378.41
1240,47,9405.71
1240,48,9436.89
1240,49,9315.51
1240,50,9353.87
1240,51,9378.46
1240,52,9400.48
1240,53,9365.44
1240,54,9325.85
1240,55,9326.07
1240,56,9336.97
1240,57,9296.24
1240,58,9275.94
1240,59,9394.68
1240,60,9364.43
1240,61,9313.61
1240,62,9349.3
1240,63,9415.74
1240,64,9393.9
1240,65,9254.68
1240,66,9330.87
1240,67,9274.28
1240,68,9317.36
1240,69,9380.16
1240,70,9354.66
1240,71,9365.08
1240,72,9422.21
1240,73,9367.2
1240,74,9392.24
1240,75,9410.23
1240,76,9328.16
1240,77,9364.65
1240,78,9324.76
1240,79,9410.52
1240,80,9373.67
1240,81,9350.47
1240,82,9318.45
1240,83,9302.11
1240,84,9297.42
1240,85,9303.63
1240,86,9351.69
1240,87,9385.3
1240,88,9390.36
1240,89,9289.5
1240,90,9252.09
1240,91,9330.91
1240,92,9282.02
1240,93,9377.8
1240,94,9332.18
1240,95,9353.06
1240,96,9322.37
1240,97,9375.33
1240,98,9352.02
1240,99,9369.48
1250,0,9443.93
1250,1,9383.52
1250,2,9384.64
1250,3,9373
1250,4,9318.7
1250,5,9400.55
1250,6,9366.64
1250,7,9364.62
1250,8,9315.95
1250,9,9354.75
1250,10,9340.46
1250,11,9374.56
1250,12,9350.16
1250,13,9355.75
1250,14,9320.45
1250,15,9386.09
1250,16,9306.77
1250,17,9438.78
1250,18,9414.82
1250,19,9362.69
1250,20,9369.49
1250,21,9330.15
1250,22,9364.05
1250,23,9324.27
1250,24,9399.72
1250,25,9351.6
1250,26,9371.63
1250,27,9274.76
1250,28,9304.98
1250,29,9360.48
1250,30,9373.18
1250,31,9415.28
1250,32,9367.87
1250,33,9359.66
1250,34,9298.69
1250,35,9275.98
1250,36,9409.46
1250,37,9336.27
1250,38,9432.12
1250,39,9375.02
1250,40,9411.41
1250,41,9266.94
1250,42,9379.54
1250,43,9367.17
1250,44,9353.14
1250,45,9323.51
1250,46,9378.11
1250,47,9405.41
1250,48,9436.59
1250,49,9315.21
1250,50,9353.57
1250,51,9378.16
1250,52,9400.18
1250,53,9365.14
1250,54,9325.55
1250,55,9325.77
1250,56,9336.67
1250,57,9295.94
1250,58,9275.64
1250,59,9394.38
1250,60,9364.13
1250,61,9313.31
1250,62,9349
1250,63,9415.44
1250,64,9393.6
1250,65,9254.38
1250,66,9330.57
1250,67,9273.98
1250,68,9317.06
1250,69,9379.86
1250,70,9354.36
1250,71,9364.78
1250,72,9421.91
1250,73,9366.9
1250,74,9391.94
1250,75,9409.93
1250,76,9327.86
1250,77,9364.35
1250,78,9324.46
1250,79,9410.22
1250,80,9373.37
1250,81,9350.17
1250,82,9318.15
1250,83,9301.81
1250,84,9297.12
1250,85,9303.33
1250,86,9351.39
1250,87,9385
1250,88,9390.06
1250,89,9289.2
1250,90,9251.79
1250,91,9330.61
1250,92,9281.72
1250,93,9377.5
1250,94,9331.88
1250,95,9352.76
1250,96,9322.07
1250,97,9375.03
1250,98,9351.72
1250,99,9369.18
1260,0,9429.28
1260,1,9367.51
1260,2,9366.44
1260,3,9357.04
1260,4,9298.84
1260,5,9385.04
1260,6,9345.7
1260,7,9345.13
1260,8,9290.81
1260,9,9335.47
1260,10,9319.51
1260,11,9356.67
1260,12,9331.94
1260,13,9335.94
1260,14,9300.31
1260,15,9370.55
1260,16,9283.01
1260,17,9423.64
1260,18,9395.7
1260,19,9345.41
1260,20,9349.64
1260,21,9309.06
1260,22,9345.86
1260,23,9307.07
1260,24,9384.52
1260,25,9329.97
1260,26,9355.03
1260,27,9252.98
1260,28,9282.51
1260,29,9342.64
1260,30,9354.28
1260,31,9398.39
1260,32,9347.22
1260,33,9339.88
1260,34,9277.4
1260,35,9254.04
1260,36,9393.78
1260,37,9318.22
1260,38,9415.09
1260,39,9353.83
1260,40,9392.47
1260,41,9249.02
1260,42,9361.23
1260,43,9346.21
1260,44,9331.98
1260,45,9304.97
1260,46,9357.32
1260,47,9387.17
1260,48,9422.73
1260,49,9296.11
1260,50,9336.59
1260,51,9357.95
1260,52,9384.34
1260,53,9347.9
1260,54,9302.76
1260,55,9307.88
1260,56,9319.54
1260,57,9276.56
1260,58,9256.67
1260,59,9377.65
1260,60,9348.24
1260,61,9289.19
1260,62,9331.84
1260,63,9398.75
1260,64,9375.77
1260,65,9232.76
1260,66,9309.7
1260,67,9253.99
1260,68,9298.69
1260,69,9361.43
1260,70,9331.13
1260,71,9346.98
1260,72,9404.52
1260,73,9349.72
1260,74,9374.14
1260,75,9393.27
1260,76,9306.72
1260,77,9347.73
1260,78,9307.72
1260,79,9391.4
1260,80,9354.54
1260,81,9327.38
1260,82,9298.47
1260,83,9283.07
1260,84,9276.93
1260,85,9283.54
1260,86,9329.85
1260,87,9365.51
1260,88,9371.11
1260,89,9264.8
1260,90,9232.26
1260,91,9311.19
1260,92,9261.21
1260,93,9356.32
1260,94,9311.32
1260,95,9333.55
1260,96,9301.47
1260,97,9360.5
1260,98,9333.52
1260,99,9352.63
1270,0,9428.98
1270,1,9367.22
1270,2,9366.14
1270,3,9356.75
1270,4,9298.56
1270,5,9384.74
1270,6,9345.46
1270,7,9344.87
1270,8,9290.58
1270,9,9335.2
1270,10,9319.24
1270,11,9356.4
1270,12,9331.64
1270,13,9335.67
1270,14,9300.03
1270,15,9370.25
1270,16,9282.76
1270,17,9423.34
1270,18,9395.42
1270,19,9345.12
1270,20,9349.34
1270,21,9308.77
1270,22,9345.56
1270,23,9306.78
1270,24,9384.24
1270,25,9329.71
1270,26,9354.74
1270,27,9252.76
1270,28,9282.26
1270,29,9342.35
1270,30,9353.98
1270,31,9398.1
1270,32,9346.96
1270,33,9339.63
1270,34,9277.14
1270,35,9253.78
1270,36,9393.48
1270,37,9317.96
1270,38,9414.82
1270,39,9353.57
1270,40,9392.17
1270,41,9248.72
1270,42,9360.97
1270,43,9345.94
1270,44,9331.71
1270,45,9304.67
1270,46,9357.06
1270,47,9386.9
1270,48,9422.43
1270,49,9295.82
1270,50,9336.29
1270,51,9357.66
1270,52,9384.04
1270,53,9347.6
1270,54,9302.52
1270,55,9307.59
1270,56,9319.25
1270,57,9276.28
1270,58,9256.37
1270,59,9377.35
1270,60,9347.94
1270,61,9288.95
1270,62,9331.54
1270,63,9398.47
1270,64,9375.49
1270,65,9232.47
1270,66,9309.44
1270,67,9253.72
1270,68,9298.39
1270,69,9361.15
1270,70,9330.89
1270,71,9346.7
1270,72,9404.24
1270,73,9349.46
1270,74,9373.86
1270,75,9392.98
1270,76,9306.47
1270,77,9347.44
1270,78,9307.43
1270,79,9391.12
1270,80,9354.26
1270,81,9327.14
1270,82,9298.2
1270,83,9282.77
1270,84,9276.65
1270,85,9283.26
1270,86,9329.59
1270,87,9365.23
1270,88,9370.84
1270,89,9264.53
1270,90,9231.97
1270,91,9310.92
1270,92,9260.93
1270,93,9356.06
1270,94,9311.06
1270,95,9333.26
1270,96,9301.21
1270,97,9360.2
1270,98,9333.22
1270,99,9352.33
1280,0,9428.68
1280,1,9366.92
1280,2,9365.84
1280,3,9356.45
1280,4,9298.26
1280,5,9384.44
1280,6,9345.16
1280,7,9344.57
1280,8,9290.28
1280,9,9334.9
1280,10,9318.94
1280,11,9356.1
1280,12,9331.34
1280,13,9335.37
1280,14,9299.73
1280,15,9369.95
1280,16,9282.46
1280,17,9423.04
1280,18,9395.12
1280,19,9344.82
1280,20,9349.04
1280,21,9308.47
1280,22,9345.26
1280,23,9306.48
1280,24,9383.94
1280,25,9329.41
1280,26,9354.44
1280,27,9252.46
1280,28,9281.96
1280,29,9342.05
1280,30,9353.68
1280,31,9397.8
1280,32,9346.66
1280,33,9339.33
1280,34,9276.84
1280,35,9253.48
1280,36,9393.18
1280,37,9317.66
1280,38,9414.52
1280,39,9353.27
1280,40,9391.87
1280,41,9248.42
1280,42,9360.67
1280,43,9345.64
1280,44,9331.41
1280,45,9304.37
1280,46,9356.76
1280,47,9386.6
1280,48,9422.13
1280,49,9295.52
1280,50,9335.99
1280,51,9357.36
1280,52,9383.74
1280,53,9347.3
1280,54,9302.22
1280,55,9307.29
1280,56,9318.95
1280,57,9275.98
1280,58,9256.07
1280,59,9377.05
1280,60,9347.64
1280,61,9288.65
1280,62,9331.24
1280,63,9398.17
1280,64,9375.19
1280,65,9232.17
1280,66,9309.14
1280,67,9253.42
1280,68,9298.09
1280,69,9360.85
1280,70,9330.59
1280,71,9346.4
1280,72,9403.94
1280,73,9349.16
1280,74,9373.56
1280,75,9392.68
1280,76,9306.17
1280,77,9347.14
1280,78,9307.13
1280,79,9390.82
1280,80,9353.96
1280,81,9326.84
1280,82,9297.9
1280,83,9282.47
1280,84,9276.35
1280,85,9282.96
1280,86,9329.29
1280,87,9364.93
1280,88,9370.54
1280,89,9264.23
1280,90,9231.67
1280,91,9310.62
1280,92,9260.63
1280,93,9355.76
1280,94,9310.76
1280,95,9332.96
1280,96,9300.91
1280,97,9359.9
1280,98,9332.92
1280,99,9352.03
1290,0,9416.17
1290,1,9353.11
1290,2,9349.72
1290,3,9342.62
1290,4,9282.2
1290,5,9372.19
1290,6,9330.3
1290,7,9329.68
1290,8,9270.62
1290,9,9319.15
1290,10,9303.93
1290,11,9342.44
1290,12,9315.78
1290,13,9320.08
1290,14,9279.85
1290,15,9353.85
1290,16,9265.22
1290,17,9411.08
1290,18,9379.34
1290,19,9330
1290,20,9332.52
1290,21,9289.74
1290,22,9328.17
1290,23,9293.31
1290,24,9370.19
1290,25,9312.46
1290,26,9340.8
1290,27,9233.68
1290,28,9263.62
1290,29,9327.2
1290,30,9338.52
1290,31,9382.73
1290,32,9330.13
1290,33,9324.01
1290,34,9261.04
1290,35,9234.26
1290,36,9380.13
1290,37,9302.89
1290,38,9399.59
1290,39,9336.42
1290,40,9376.52
1290,41,9232.54
1290,42,9344.9
1290,43,9326.92
1290,44,9314.05
1290,45,9285.38
1290,46,9338.14
1290,47,9372.32
1290,48,9411.83
1290,49,9278.74
1290,50,9320.66
1290,51,9341.6
1290,52,9371.69
1290,53,9332.8
1290,54,9283.44
1290,55,9292.79
1290,56,9303.7
1290,57,9258.78
1290,58,9239.91
1290,59,9364.35
1290,60,9332.86
1290,61,9269.67
1290,62,9316.14
1290,63,9384.29
1290,64,9359.26
1290,65,9213.72
1290,66,9290.7
1290,67,9233.46
1290,68,9280.89
1290,69,9345.75
1290,70,9312.66
1290,71,9331
1290,72,9390.98
1290,73,9334.42
1290,74,9360.33
1290,75,9379.97
1290,76,9289.64
1290,77,9333.62
1290,78,9292.83
1290,79,9374.25
1290,80,9340.1
1290,81,9311.63
1290,82,9280.2
1290,83,9266.02
1290,84,9261.36
1290,85,9266.58
1290,86,9315.39
1290,87,9350.04
1290,88,9355.36
1290,89,9247.78
1290,90,9213.26
1290,91,9293.75
1290,92,9242.37
1290,93,9338.88
1290,94,9294.55
1290,95,9318.64
1290,96,9286.68
1290,97,9346.84
1290,98,9317.3
1290,99,9336.3
1300,0,9415.87
1300,1,9352.81
1300,2,9349.42
1300,3,9342.32
1300,4,9281.9
1300,5,9371.89
1300,6,9330
1300,7,9329.38
1300,8,9270.34
1300,9,9318.85
1300,10,9303.63
1300,11,9342.14
1300,12,9315.48
1300,13,9319.78
1300,14,9279.58
1300,15,9353.55
1300,16,9264.92
1300,17,9410.78
1300,18,9379.04
1300,19,9329.7
1300,20,9332.22
1300,21,9289.44
1300,22,9327.87
1300,23,9293.01
1300,24,9369.89
1300,25,9312.16
1300,26,9340.5
1300,27,9233.4
1300,28,9263.32
1300,29,9326.9
1300,30,9338.22
1300,31,9382.43
1300,32,9329.83
1300,33,9323.71
1300,34,9260.74
1300,35,9233.96
1300,36,9379.83
1300,37,9302.59
1300,38,9399.29
1300,39,9336.12
1300,40,9376.22
1300,41,9232.24
1300,42,9344.6
1300,43,9326.62
1300,44,9313.75
1300,45,9285.08
1300,46,9337.86
1300,47,9372.02
1300,48,9411.53
1300,49,9278.44
1300,50,9320.36
1300,51,9341.3
1300,52,9371.39
1300,53,9332.5
1300,54,9283.15
1300,55,9292.49
1300,56,9303.4
1300,57,9258.48
1300,58,9239.61
1300,59,9364.05
1300,60,9332.56
1300,61,9269.39
1300,62,9315.84
1300,63,9383.99
1300,64,9358.96
1300,65,9213.42
1300,66,9290.4
1300,67,9233.19
1300,68,9280.59
1300,69,9345.45
1300,70,9312.37
1300,71,9330.7
1300,72,9390.68
1300,73,9334.12
1300,74,9360.03
1300,75,9379.67
1300,76,9289.34
1300,77,9333.32
1300,78,9292.53
1300,79,9373.95
1300,80,9339.8
1300,81,9311.33
1300,82,9279.9
1300,83,9265.72
1300,84,9261.06
1300,85,9266.28
1300,86,9315.09
1300,87,9349.74
1300,88,9355.06
1300,89,9247.48
1300,90,9212.96
1300,91,9293.45
1300,92,9242.08
1300,93,9338.58
1300,94,9294.25
1300,95,9318.34
1300,96,9286.38
1300,97,9346.54
1300,98,9317
1300,99,9336
1310,0,9415.57
1310,1,9352.51
1310,2,9349.12
1310,3,9342.02
1310,4,9281.6
1310,5,9371.59
1310,6,9329.7
1310,7,9329.08
1310,8,9270.04
1310,9,9318.55
1310,10,9303.33
1310,11,9341.84
1310,12,9315.18
1310,13,9319.48
1310,14,9279.28
1310,15,9353.25
1310,16,9264.62
1310,17,9410.48
1310,18,9378.74
1310,19,9329.4
1310,20,9331.92
1310,21,9289.14
1310,22,9327.57
1310,23,9292.71
1310,24,9369.59
1310,25,9311.86
1310,26,9340.2
1310,27,9233.1
1310,28,9263.02
1310,29,9326.6
1310,30,9337.92
1310,31,9382.13
1310,32,9329.53
1310,33,9323.41
1310,34,9260.44
1310,35,9233.66
1310,36,9379.53
1310,37,9302.29
1310,38,9398.99
1310,39,9335.82
1310,40,9375.92
1310,41,9231.94
1310,42,9344.3
1310,43,9326.32
1310,44,9313.45
1310,45,9284.78
1310,46,9337.56
1310,47,9371.72
1310,48,9411.23
1310,49,9278.14
1310,50,9320.06
1310,51,9341
1310,52,9371.09
1310,53,9332.2
1310,54,9282.85
1310,55,9292.19
1310,56,9303.1
1310,57,9258.18
1310,58,9239.31
1310,59,9363.75
1310,60,9332.26
1310,61,9269.09
1310,62,9315.54
1310,63,9383.69
1310,64,9358.66
1310,65,9213.12
1310,66,9290.1
1310,67,9232.89
1310,68,9280.29
1310,69,9345.15
1310,70,9312.07
1310,71,9330.4
1310,72,9390.38
1310,73,9333.82
1310,74,9359.73
1310,75,9379.37
1310,76,9289.04
1310,77,9333.02
1310,78,9292.23
1310,79,9373.65
1310,80,9339.5
1310,81,9311.03
1310,82,9279.6
1310,83,9265.42
1310,84,9260.76
1310,85,9265.98
1310,86,9314.79
1310,87,9349.44
1310,88,9354.76
1310,89,9247.18
1310,90,9212.66
1310,91,9293.15
1310,92,9241.78
1310,93,9338.28
1310,94,9293.95
1310,95,9318.04
1310,96,9286.08
1310,97,9346.24
1310,98,9316.7
1310,99,9335.7
1320,0,9403.99
1320,1,9339
1320,2,9335.54
1320,3,9328.45
1320,4,9263
1320,5,9357.43
1320,6,9312.61
1320,7,9313.9
1320,8,9251.16
1320,9,9304.24
1320,10,9287.03
1320,11,9327
1320,12,9300.9
1320,13,9303.43
1320,14,9260.2
1320,15,9340.72
1320,16,9247.5
1320,17,9396.9
1320,18,9365.76
1320,19,9314.55
1320,20,9312
1320,21,9273.1
1320,22,9310.3
1320,23,9276.98
1320,24,9357.05
1320,25,9293.79
1320,26,9325.51
1320,27,9215.58
1320,28,9246.48
1320,29,9310.87
1320,30,9319.7
1320,31,9368.76
1320,32,9315.93
1320,33,9305.76
1320,34,9242.91
1320,35,9216.84
1320,36,9366.66
1320,37,9285.42
1320,38,9385.57
1320,39,9322.92
1320,40,9362.84
1320,41,9218.38
1320,42,9329.11
1320,43,9308.19
1320,44,9296.95
1320,45,9267.67
1320,46,9319.17
1320,47,9358.54
1320,48,9399.47
1320,49,9260.07
1320,50,9304.33
1320,51,9325
1320,52,9356.95
1320,53,9317.09
1320,54,9265.55
1320,55,9277.87
1320,56,9288.59
1320,57,9241.7
1320,58,9219.98
1320,59,9350.02
1320,60,9317.24
1320,61,9250.85
1320,62,9302.18
1320,63,9370
1320,64,9343.6
1320,65,9195.67
1320,66,9274.92
1320,67,9215.61
1320,68,9262.69
1320,69,9326.81
1320,70,9297.07
1320,71,9316.11
1320,72,9376.02
1320,73,9319.05
1320,74,9344.96
1320,75,9365.19
1320,76,9274.71
1320,77,9319.04
1320,78,9277.3
1320,79,9358.32
1320,80,9325.43
1320,81,9295.26
1320,82,9264.83
1320,83,9244.6
1320,84,9241.28
1320,85,9247.72
1320,86,9298.85
1320,87,9333.89
1320,88,9341.17
1320,89,9226.56
1320,90,9194.9
1320,91,9277.66
1320,92,9223.88
1320,93,9322.09
1320,94,9277.41
1320,95,9303.15
1320,96,9271.42
1320,97,9331.56
1320,98,9299.27
1320,99,9319.8
1330,0,9403.69
1330,1,9338.7
1330,2,9335.24
1330,3,9328.15
1330,4,9262.74
1330,5,9357.13
1330,6,9312.34
1330,7,9313.61
1330,8,9250.88
1330,9,9303.94
1330,10,9286.73
1330,11,9326.71
1330,12,9300.6
1330,13,9303.13
1330,14,9259.93
1330,15,9340.42
1330,16,9247.21
1330,17,9396.6
1330,18,9365.46
1330,19,9314.25
1330,20,9311.7
1330,21,9272.8
1330,22,9310.01
1330,23,9276.68
1330,24,9356.75
1330,25,9293.52
1330,26,9325.22
1330,27,9215.3
1330,28,9246.18
1330,29,9310.57
1330,30,9319.42
1330,31,9368.46
1330,32,9315.63
1330,33,9305.5
1330,34,9242.61
1330,35,9216.56
1330,36,9366.36
1330,37,9285.13
1330,38,9385.27
1330,39,9322.62
1330,40,9362.54
1330,41,9218.08
1330,42,9328.82
1330,43,9307.9
1330,44,9296.65
1330,45,9267.38
1330,46,9318.91
1330,47,9358.24
1330,48,9399.17
1330,49,9259.79
1330,50,9304.03
1330,51,9324.71
1330,52,9356.65
1330,53,9316.79
1330,54,9265.28
1330,55,9277.57
1330,56,9288.29
1330,57,9241.4
1330,58,9219.72
1330,59,9349.72
1330,60,9316.94
1330,61,9250.56
1330,62,9301.88
1330,63,9369.7
1330,64,9343.3
1330,65,9195.38
1330,66,9274.62
1330,67,9215.33
1330,68,9262.4
1330,69,9326.51
1330,70,9296.77
1330,71,9315.81
1330,72,9375.73
1330,73,9318.75
1330,74,9344.66
1330,75,9364.89
1330,76,9274.41
1330,77,9318.74
1330,78,9277
1330,79,9358.02
1330,80,9325.13
1330,81,9294.96
1330,82,9264.53
1330,83,9244.3
1330,84,9241.01
1330,85,9247.44
1330,86,9298.55
1330,87,9333.59
1330,88,9340.87
1330,89,9226.28
1330,90,9194.62
1330,91,9277.36
1330,92,9223.6
1330,93,9321.79
1330,94,9277.12
1330,95,9302.85
1330,96,9271.12
1330,97,9331.26
1330,98,9298.99
1330,99,9319.51
1340,0,9403.39
1340,1,9338.4
1340,2,9334.94
1340,3,9327.85
1340,4,9262.44
1340,5,9356.83
1340,6,9312.04
1340,7,9313.31
1340,8,9250.58
1340,9,9303.64
1340,10,9286.43
1340,11,9326.41
1340,12,9300.3
1340,13,9302.83
1340,14,9259.63
1340,15,9340.12
1340,16,9246.91
1340,17,9396.3
1340,18,9365.16
1340,19,9313.95
1340,20,9311.4
1340,21,9272.5
1340,22,9309.71
1340,23,9276.38
1340,24,9356.45
1340,25,9293.22
1340,26,9324.92
1340,27,9215
1340,28,9245.88
1340,29,9310.27
1340,30,9319.12
1340,31,9368.16
1340,32,9315.33
1340,33,9305.2
1340,34,9242.31
1340,35,9216.26
1340,36,9366.06
1340,37,9284.83
1340,38,9384.97
1340,39,9322.32
1340,40,9362.24
1340,41,9217.78
1340,42,9328.52
1340,43,9307.6
1340,44,9296.35
1340,45,9267.08
1340,46,9318.61
1340,47,9357.94
1340,48,9398.87
1340,49,9259.49
1340,50,9303.73
1340,51,9324.41
1340,52,9356.35
1340,53,9316.49
1340,54,9264.98
1340,55,9277.27
1340,56,9287.99
1340,57,9241.1
1340,58,9219.42
1340,59,9349.42
1340,60,9316.64
1340,61,9250.26
1340,62,9301.58
1340,63,9369.4
1340,64,9343
1340,65,9195.08
1340,66,9274.32
1340,67,9215.03
1340,68,9262.1
1340,69,9326.21
1340,70,9296.47
1340,71,9315.51
1340,72,9375.43
1340,73,9318.45
1340,74,9344.36
1340,75,9364.59
1340,76,9274.11
1340,77,9318.44
1340,78,9276.7
1340,79,9357.72
1340,80,9324.83
1340,81,9294.66
1340,82,9264.23
1340,83,9244
1340,84,9240.71
1340,85,9247.14
1340,86,9298.25
1340,87,9333.29
1340,88,9340.57
1340,89,9225.98
1340,90,9194.32
1340,91,9277.06
1340,92,9223.3
1340,93,9321.49
1340,94,9276.82
1340,95,9302.55
1340,96,9270.82
1340,97,9330.96
1340,98,9298.69
1340,99,9319.21
1350,0,9391.68
1350,1,9327.28
1350,2,9319.47
1350,3,9314.06
1350,4,9242.81
1350,5,9344.73
1350,6,9297.88
1350,7,9298.92
1350,8,9233.75
1350,9,9289
1350,10,9267.44
1350,11,9312.68
1350,12,9284.2
1350,13,9287.69
1350,14,9243.32
1350,15,9326.88
1350,16,9229.35
1350,17,9385.49
1350,18,9348.88
1350,19,9299.88
1350,20,9293.71
1350,21,9252.26
1350,22,9294.95
1350,23,9261.63
1350,24,9343
1350,25,9278.56
1350,26,9312.39
1350,27,9199.8
1350,28,9231.25
1350,29,9293.8
1350,30,9303.85
1350,31,9353.78
1350,32,9300.93
1350,33,9290.94
1350,34,9223.65
1350,35,9198.46
1350,36,9354.29
1350,37,9272.26
1350,38,9371.82
1350,39,9308.06
1350,40,9350.63
1350,41,9201.79
1350,42,9314.45
1350,43,9288.72
1350,44,9277.39
1350,45,9249.14
1350,46,9302.21
1350,47,9344.14
1350,48,9388.46
1350,49,9244.62
1350,50,9289.1
1350,51,9309.18
1350,52,9343.99
1350,53,9302.11
1350,54,9250.33
1350,55,9262.41
1350,56,9273.58
1350,57,9225.39
1350,58,9202.93
1350,59,9334.94
1350,60,9299.71
1350,61,9234.5
1350,62,9286.38
1350,63,9356.02
1350,64,9326
1350,65,9176.8
1350,66,9257.75
1350,67,9197.15
1350,68,9247.74
1350,69,9308.16
1350,70,9281.34
1350,71,9299
1350,72,9361.86
1350,73,9305.06
1350,74,9329.9
1350,75,9352.37
1350,76,9260.29
1350,77,9304.7
1350,78,9262.82
1350,79,9339.76
1350,80,9310.96
1350,81,9279.73
1350,82,9247.86
1350,83,9225.5
1350,84,9223.68
1350,85,9229.94
1350,86,9282.67
1350,87,9317.27
1350,88,9327.45
1350,89,9210.45
1350,90,9175.67
1350,91,9260.28
1350,92,9205.38
1350,93,9304.21
1350,94,9259.87
1350,95,9288.1
1350,96,9256.41
1350,97,9315.85
1350,98,9283.71
1350,99,9303.81
1360,0,9391.38
1360,1,9326.98
1360,2,9319.17
1360,3,9313.76
1360,4,9242.56
1360,5,9344.43
1360,6,9297.58
1360,7,9298.63
1360,8,9233.47
1360,9,9288.7
1360,10,9267.17
1360,11,9312.38
1360,12,9283.9
1360,13,9287.4
1360,14,9243.04
1360,15,9326.58
1360,16,9229.08
1360,17,9385.19
1360,18,9348.59
1360,19,9299.58
1360,20,9293.41
1360,21,9252.01
1360,22,9294.65
1360,23,9261.33
1360,24,9342.7
1360,25,9278.26
1360,26,9312.09
1360,27,9199.51
1360,28,9230.95
1360,29,9293.51
1360,30,9303.55
1360,31,9353.48
1360,32,9300.63
1360,33,9290.64
1360,34,9223.4
1360,35,9198.19
1360,36,9353.99
1360,37,9271.96
1360,38,9371.52
1360,39,9307.76
1360,40,9350.33
1360,41,9201.49
1360,42,9314.15
1360,43,9288.46
1360,44,9277.12
1360,45,9248.87
1360,46,9301.93
1360,47,9343.85
1360,48,9388.16
1360,49,9244.32
1360,50,9288.81
1360,51,9308.88
1360,52,9343.69
1360,53,9301.81
1360,54,9250.03
1360,55,9262.11
1360,56,9273.28
1360,57,9225.09
1360,58,9202.64
1360,59,9334.65
1360,60,9299.43
1360,61,9234.21
1360,62,9286.08
1360,63,9355.72
1360,64,9325.72
1360,65,9176.53
1360,66,9257.45
1360,67,9196.89
1360,68,9247.44
1360,69,9307.86
1360,70,9281.05
1360,71,9298.72
1360,72,9361.56
1360,73,9304.76
1360,74,9329.6
1360,75,9352.07
1360,76,9259.99
1360,77,9304.4
1360,78,9262.52
1360,79,9339.49
1360,80,9310.66
1360,81,9279.43
1360,82,9247.56
1360,83,9225.2
1360,84,9223.41
1360,85,9229.65
1360,86,9282.38
1360,87,9316.97
1360,88,9327.15
1360,89,9210.15
1360,90,9175.41
1360,91,9259.98
1360,92,9205.11
1360,93,9303.93
1360,94,9259.59
1360,95,9287.8
1360,96,9256.11
1360,97,9315.55
1360,98,9283.41
1360,99,9303.52
1370,0,9391.08
1370,1,9326.68
1370,2,9318.87
1370,3,9313.46
1370,4,9242.26
1370,5,9344.13
1370,6,9297.28
1370,7,9298.33
1370,8,9233.17
1370,9,9288.4
1370,10,9266.87
1370,11,9312.08
1370,12,9283.6
1370,13,9287.1
1370,14,9242.74
1370,15,9326.28
1370,16,9228.78
1370,17,9384.89
1370,18,9348.29
1370,19,9299.28
1370,20,9293.11
1370,21,9251.71
1370,22,9294.35
1370,23,9261.03
1370,24,9342.4
1370,25,9277.96
1370,26,9311.79
1370,27,9199.21
1370,28,9230.65
1370,29,9293.21
1370,30,9303.25
1370,31,9353.18
1370,32,9300.33
1370,33,9290.34
1370,34,9223.1
1370,35,9197.89
1370,36,9353.69
1370,37,9271.66
1370,38,9371.22
1370,39,9307.46
1370,40,9350.03
1370,41,9201.19
1370,42,9313.85
1370,43,9288.16
1370,44,9276.82
1370,45,9248.57
1370,46,9301.63
1370,47,9343.55
1370,48,9387.86
1370,49,9244.02
1370,50,9288.51
1370,51,9308.58
1370,52,9343.39
1370,53,9301.51
1370,54,9249.73
1370,55,9261.81
1370,56,9272.98
1370,57,9224.79
1370,58,9202.34
1370,59,9334.35
1370,60,9299.13
1370,61,9233.91
1370,62,9285.78
1370,63,9355.42
1370,64,9325.42
1370,65,9176.23
1370,66,9257.15
1370,67,9196.59
1370,68,9247.14
1370,69,9307.56
1370,70,9280.75
1370,71,9298.42
1370,72,9361.26
1370,73,9304.46
1370,74,9329.3
1370,75,9351.77
1370,76,9259.69
1370,77,9304.1
1370,78,9262.22
1370,79,9339.19
1370,80,9310.36
1370,81,9279.13
1370,82,9247.26
1370,83,9224.9
1370,84,9223.11
1370,85,9229.35
1370,86,9282.08
1370,87,9316.67
1370,88,9326.85
1370,89,9209.85
1370,90,9175.11
1370,91,9259.68
1370,92,9204.81
1370,93,9303.63
1370,94,9259.29
1370,95,9287.5
1370,96,9255.81
1370,97,9315.25
1370,98,9283.11
1370,99,9303.22
1380,0,9375.68
1380,1,9313.62
1380,2,9303.33
1380,3,9295.58
1380,4,9222.87
1380,5,9329.06
1380,6,9278.77
1380,7,9281.56
1380,8,9212.15
1380,9,9272.88
1380,10,9248.8
1380,11,9296.51
1380,12,9268.91
1380,13,9270.85
1380,14,9220.98
1380,15,9310.04
1380,16,9214.06
1380,17,9370.59
1380,18,9331.72
1380,19,9283.64
1380,20,9275.17
1380,21,9232.88
1380,22,9277.59
1380,23,9241.97
1380,24,9326.96
1380,25,9261.14
1380,26,9299.02
1380,27,9181.7
1380,28,9213.35
1380,29,9276.48
1380,30,9285.85
1380,31,9337.2
1380,32,9284.04
1380,33,9271.44
1380,34,9207.28
1380,35,9183.45
1380,36,9339.26
1380,37,9256.7
1380,38,9355.36
1380,39,9293.13
1380,40,9334.8
1380,41,9182.59
1380,42,9297.56
1380,43,9271.09
1380,44,9259.24
1380,45,9229.37
1380,46,9283.39
1380,47,9330.68
1380,48,9374.01
1380,49,9228.66
1380,50,9273.98
1380,51,9291.45
1380,52,9331.24
1380,53,9286.94
1380,54,9232.18
1380,55,9243.37
1380,56,9257.18
1380,57,9209.64
1380,58,9186.17
1380,59,9320
1380,60,9279.78
1380,61,9213.85
1380,62,9270.07
1380,63,9341.37
1380,64,9307.45
1380,65,9159.11
1380,66,9238
1380,67,9179.62
1380,68,9228.55
1380,69,9291.39
1380,70,9261.64
1380,71,9281.44
1380,72,9344.87
1380,73,9289.82
1380,74,9315.58
1380,75,9337.5
1380,76,9243.45
1380,77,9284.41
1380,78,9246.5
1380,79,9321.54
1380,80,9297.47
1380,81,9261.84
1380,82,9229.47
1380,83,9208.65
1380,84,9206.32
1380,85,9211.37
1380,86,9265.32
1380,87,9299.88
1380,88,9312.54
1380,89,9191.72
1380,90,9158.85
1380,91,9243
1380,92,9187.08
1380,93,9283.68
1380,94,9243.52
1380,95,9273.98
1380,96,9239.15
1380,97,9298.78
1380,98,9267.77
1380,99,9286.72
1390,0,9375.43
1390,1,9310.42
1390,2,9303.08
1390,3,9295.34
1390,4,9222.63
1390,5,9328.8
1390,6,9278.53
1390,7,9281.31
1390,8,9211.94
1390,9,9269.09
1390,10,9248.54
1390,11,9292.38
1390,12,9268.66
1390,13,9266.94
1390,14,9220.78
1390,15,9309.78
1390,16,9208.9
1390,17,9370.34
1390,18,9327.75
1390,19,9280.62
1390,20,9274.91
1390,21,9232.62
1390,22,9277.34
1390,23,9241.72
1390,24,9323.56
1390,25,9256.88
1390,26,9295.91
1390,27,9175.41
1390,28,9208.74
1390,29,9273.26
1390,30,9285.58
1390,31,9334.19
1390,32,9279.26
1390,33,9271.21
1390,34,9202.82
1390,35,9178.55
1390,36,9339.01
1390,37,9252.2
1390,38,9355.1
1390,39,9288.32
1390,40,9334.56
1390,41,9182.3
1390,42,9297.3
1390,43,9266.37
1390,44,9255.31
1390,45,9229.11
1390,46,9283.14
1390,47,9326.5
1390,48,9373.75
1390,49,9224.1
1390,50,9273.69
1390,51,9291.19
1390,52,9328.2
1390,53,9286.67
1390,54,9226.36
1390,55,9243.13
1390,56,9254.15
1390,57,9205.93
1390,58,9181.72
1390,59,9316.75
1390,60,9279.53
1390,61,9213.63
1390,62,9269.81
1390,63,9337.26
1390,64,9307.19
1390,65,9153.78
1390,66,9233.12
1390,67,9172.82
1390,68,9228.3
1390,69,9287.82
1390,70,9261.41
1390,71,9277.76
1390,72,9340.74
1390,73,9285.17
1390,74,9312.01
1390,75,9333.94
1390,76,9238.66
1390,77,9284.16
1390,78,9243.51
1390,79,9317.73
1390,80,9293.81
1390,81,9256.42
1390,82,9225.12
1390,83,9208.39
1390,84,9201.01
1390,85,9207.93
1390,86,9260.67
1390,87,9295.66
1390,88,9308.35
1390,89,9187.74
1390,90,9153.76
1390,91,9239.23
1390,92,9181.44
1390,93,9283.43
1390,94,9238.57
1390,95,9270.54
1390,96,9234.16
1390,97,9298.52
1390,98,9267.51
1390,99,9286.46
1400,0,9375.13
1400,1,9310.12
1400,2,9302.78
1400,3,9295.04
1400,4,9222.33
1400,5,9328.5
1400,6,9278.23
1400,7,9281.01
1400,8,9211.64
1400,9,9268.79
1400,10,9248.24
1400,11,9292.08
1400,12,9268.36
1400,13,9266.64
1400,14,9220.48
1400,15,9309.48
1400,16,9208.6
1400,17,9370.04
1400,18,9327.45
1400,19,9280.32
1400,20,9274.61
1400,21,9232.32
1400,22,9277.04
1400,23,9241.42
1400,24,9323.26
1400,25,9256.58
1400,26,9295.61
1400,27,9175.11
1400,28,9208.44
1400,29,9272.96
1400,30,9285.28
1400,31,9333.89
1400,32,9278.96
1400,33,9270.91
1400,34,9202.52
1400,35,9178.25
1400,36,9338.71
1400,37,9251.9
1400,38,9354.8
1400,39,9288.02
1400,40,9334.26
1400,41,9182
1400,42,9297
1400,43,9266.07
1400,44,9255.01
1400,45,9228.81
1400,46,9282.84
1400,47,9326.2
1400,48,9373.45
1400,49,9223.8
1400,50,9273.39
1400,51,9290.89
1400,52,9327.9
1400,53,9286.37
1400,54,9226.06
1400,55,9242.83
1400,56,9253.85
1400,57,9205.63
1400,58,9181.42
1400,59,9316.45
1400,60,9279.23
1400,61,9213.33
1400,62,9269.51
1400,63,9336.96
1400,64,9306.89
1400,65,9153.48
1400,66,9232.82
1400,67,9172.52
1400,68,9228
1400,69,9287.52
1400,70,9261.11
1400,71,9277.46
1400,72,9340.44
1400,73,9284.87
1400,74,9311.71
1400,75,9333.64
1400,76,9238.36
1400,77,9283.86
1400,78,9243.21
1400,79,9317.43
1400,80,9293.51
1400,81,9256.12
1400,82,9224.82
1400,83,9208.09
1400,84,9200.71
1400,85,9207.63
1400,86,9260.37
1400,87,9295.36
1400,88,9308.05
1400,89,9187.44
1400,90,9153.46
1400,91,9238.93
1400,92,9181.14
1400,93,9283.13
1400,94,9238.27
1400,95,9270.24
1400,96,9233.86
1400,97,9298.22
1400,98,9267.21
1400,99,9286.16
1410,0,9363.76
1410,1,9297.04
1410,2,9288.09
1410,3,9280.21
1410,4,9207.2
1410,5,9313.98
1410,6,9260.36
1410,7,9266.54
1410,8,9196.58
1410,9,9252.54
1410,10,9232.57
1410,11,9276.8
1410,12,9253.56
1410,13,9250.88
1410,14,9205.39
1410,15,9296.76
1410,16,9190.17
1410,17,9356.87
1410,18,9312.11
1410,19,9265.33
1410,20,9254.66
1410,21,9217.55
1410,22,9262.87
1410,23,9225.28
1410,24,9310.03
1410,25,9243.86
1410,26,9281.05
1410,27,9159.2
1410,28,9190.65
1410,29,9257.34
1410,30,9270.65
1410,31,9318.57
1410,32,9262.45
1410,33,9256.41
1410,34,9188.11
1410,35,9161.55
1410,36,9323.51
1410,37,9236.55
1410,38,9340.19
1410,39,9272.26
1410,40,9316.58
1410,41,9164.8
1410,42,9281.23
1410,43,9251.53
1410,44,9238.48
1410,45,9212.9
1410,46,9269.1
1410,47,9313.2
1410,48,9360.66
1410,49,9208.77
1410,50,9259.56
1410,51,9277.8
1410,52,9314.08
1410,53,9270.94
1410,54,9210.85
1410,55,9225.09
1410,56,9239
1410,57,9189.58
1410,58,9166.51
1410,59,9305.14
1410,60,9264.32
1410,61,9193.11
1410,62,9252.78
1410,63,9322.84
1410,64,9290.02
1410,65,9136.79
1410,66,9215
1410,67,9157.22
1410,68,9213.09
1410,69,9272.45
1410,70,9243.35
1410,71,9260.88
1410,72,9325.49
1410,73,9268.96
1410,74,9299.7
1410,75,9319.87
1410,76,9224.63
1410,77,9270.69
1410,78,9227.25
1410,79,9300.38
1410,80,9280.21
1410,81,9240.91
1410,82,9207.99
1410,83,9191.24
1410,84,9183.69
1410,85,9192.25
1410,86,9243.2
1410,87,9280.84
1410,88,9291.68
1410,89,9171.71
1410,90,9138.93
1410,91,9222
1410,92,9162.17
1410,93,9268.06
1410,94,9221.7
1410,95,9255.92
1410,96,9214.9
1410,97,9284.16
1410,98,9253.75
1410,99,9271.68
1420,0,9363.49
1420,1,9296.77
1420,2,9284.01
1420,3,9279.93
1420,4,9202.07
1420,5,9313.72
1420,6,9260.13
1420,7,9266.3
1420,8,9190.05
1420,9,9252.28
1420,10,9227.89
1420,11,9276.55
1420,12,9253.31
1420,13,9250.62
1420,14,9199.58
1420,15,9296.49
1420,16,9189.94
1420,17,9356.61
1420,18,9311.85
1420,19,9262.02
1420,20,9254.41
1420,21,9213.01
1420,22,9259.19
1420,23,9225.01
1420,24,9309.77
1420,25,9239.03
1420,26,9280.81
1420,27,9153.87
1420,28,9190.41
1420,29,9254.05
1420,30,9266.6
1420,31,9315.21
1420,32,9262.21
1420,33,9251.51
1420,34,9184.78
1420,35,9156.54
1420,36,9323.25
1420,37,9236.31
1420,38,9339.94
1420,39,9272.02
1420,40,9316.33
1420,41,9164.54
1420,42,9280.98
1420,43,9248
1420,44,9233.67
1420,45,9208.29
1420,46,9264.03
1420,47,9312.95
1420,48,9360.39
1420,49,9203.58
1420,50,9259.31
1420,51,9273.52
1420,52,9313.8
1420,53,9270.7
1420,54,9206.27
1420,55,9224.85
1420,56,9238.73
1420,57,9189.33
1420,58,9161.48
1420,59,9301.39
1420,60,9264.04
1420,61,9192.9
1420,62,9252.53
1420,63,9322.59
1420,64,9289.77
1420,65,9130.78
1420,66,9214.76
1420,67,9151.65
1420,68,9207.95
1420,69,9272.18
1420,70,9243.12
1420,71,9260.62
1420,72,9325.24
1420,73,9268.72
1420,74,9295.64
1420,75,9319.61
1420,76,9220.64
1420,77,9267.43
1420,78,9226.97
1420,79,9300.12
1420,80,9279.95
1420,81,9236.59
1420,82,9207.74
1420,83,9190.94
1420,84,9183.45
1420,85,9188.28
1420,86,9242.96
1420,87,9277.24
1420,88,9291.43
1420,89,9171.46
1420,90,9133.8
1420,91,9221.74
1420,92,9161.95
1420,93,9264.18
1420,94,9221.46
1420,95,9255.65
1420,96,9214.66
1420,97,9283.89
1420,98,9249.98
1420,99,9267.27
1430,0,9363.19
1430,1,9296.47
1430,2,9283.71
1430,3,9279.63
1430,4,9201.77
1430,5,9313.42
1430,6,9259.83
1430,7,9266
1430,8,9189.75
1430,9,9251.98
1430,10,9227.59
1430,11,9276.25
1430,12,9253.01
1430,13,9250.32
1430,14,9199.28
1430,15,9296.19
1430,16,9189.64
1430,17,9356.31
1430,18,9311.55
1430,19,9261.72
1430,20,9254.11
1430,21,9212.71
1430,22,9258.89
1430,23,9224.71
1430,24,9309.47
1430,25,9238.73
1430,26,9280.51
1430,27,9153.57
1430,28,9190.11
1430,29,9253.75
1430,30,9266.3
1430,31,9314.91
1430,32,9261.91
1430,33,9251.21
1430,34,9184.48
1430,35,9156.24
1430,36,9322.95
1430,37,9236.01
1430,38,9339.64
1430,39,9271.72
1430,40,9316.03
1430,41,9164.24
1430,42,9280.68
1430,43,9247.7
1430,44,9233.37
1430,45,9207.99
1430,46,9263.73
1430,47,9312.65
1430,48,9360.09
1430,49,9203.28
1430,50,9259.01
1430,51,9273.22
1430,52,9313.5
1430,53,9270.4
1430,54,9205.97
1430,55,9224.55
1430,56,9238.43
1430,57,9189.03
1430,58,9161.18
1430,59,9301.09
1430,60,9263.74
1430,61,9192.6
1430,62,9252.23
1430,63,9322.29
1430,64,9289.47
1430,65,9130.48
1430,66,9214.46
1430,67,9151.35
1430,68,9207.65
1430,69,9271.88
1430,70,9242.82
1430,71,9260.32
1430,72,9324.94
1430,73,9268.42
1430,74,9295.34
1430,75,9319.31
1430,76,9220.34
1430,77,9267.13
1430,78,9226.67
1430,79,9299.82
1430,80,9279.65
1430,81,9236.29
1430,82,9207.44
1430,83,9190.64
1430,84,9183.15
1430,85,9187.98
1430,86,9242.66
1430,87,9276.94
1430,88,9291.13
1430,89,9171.16
1430,90,9133.5
1430,91,9221.44
1430,92,9161.65
1430,93,9263.88
1430,94,9221.16
1430,95,9255.35
1430,96,9214.36
1430,97,9283.59
1430,98,9249.68
1430,99,9266.97
1440,0,9350.57
1440,1,9283
1440,2,9268.6
1440,3,9267.44
1440,4,9183.36
1440,5,9299.51
1440,6,9246.3
1440,7,9251.96
1440,8,9172.53
1440,9,9237.83
1440,10,9209.19
1440,11,9264.26
1440,12,9240.93
1440,13,9235.09
1440,14,9181.92
1440,15,9277.93
1440,16,9172.77
1440,17,9345.59
1440,18,9298.56
1440,19,9248.13
1440,20,9241.01
1440,21,9196.14
1440,22,9243.25
1440,23,9211.39
1440,24,9297.1
1440,25,9222.05
1440,26,9269.32
1440,27,9136.1
1440,28,9173.47
1440,29,9238.49
1440,30,9251.12
1440,31,9300.69
1440,32,9248.96
1440,33,9234.4
1440,34,9168.69
1440,35,9138.44
1440,36,9311.32
1440,37,9221.58
1440,38,9326.76
1440,39,9256.91
1440,40,9303.72
1440,41,9148.81
1440,42,9268.77
1440,43,9232.19
1440,44,9214.81
1440,45,9190.81
1440,46,9248.69
1440,47,9300.05
1440,48,9347.11
1440,49,9185.89
1440,50,9242.79
1440,51,9258.82
1440,52,9301.93
1440,53,9257.44
1440,54,9189.85
1440,55,9209.86
1440,56,9225.12
1440,57,9174.21
1440,58,9144.68
1440,59,9288.26
1440,60,9249.91
1440,61,9175.91
1440,62,9237.57
1440,63,9308.55
1440,64,9274.59
1440,65,9111.5
1440,66,9198.14
1440,67,9133.19
1440,68,9190.61
1440,69,9257.07
1440,70,9226.21
1440,71,9246.76
1440,72,9312.78
1440,73,9253.17
1440,74,9281.76
1440,75,9306.11
1440,76,9205.06
1440,77,9253.26
1440,78,9212.87
1440,79,9284.48
1440,80,9265.19
1440,81,9220.01
1440,82,9193.76
1440,83,9176.39
1440,84,9164.74
1440,85,9171.55
1440,86,9226.82
1440,87,9261.82
1440,88,9279.47
1440,89,9153.07
1440,90,9118.3
1440,91,9206.77
1440,92,9144.42
1440,93,9248.49
1440,94,9204.98
1440,95,9243.22
1440,96,9198.85
1440,97,9268.19
1440,98,9234.81
1440,99,9251.65
1450,0,9347.68
1450,1,9279.72
1450,2,9268.34
1450,3,9264.37
1450,4,9183.13
1450,5,9299.26
1450,6,9240.98
1450,7,9247.42
1450,8,9165.94
1450,9,9234
1450,10,9208.95
1450,11,9260.12
1450,12,9238.59
1450,13,9234.85
1450,14,9175.12
1450,15,9277.68
1450,16,9167.53
1450,17,9342.85
1450,18,9294.44
1450,19,9245.02
1450,20,9238.49
1450,21,9195.89
1450,22,9242.98
1450,23,9208.37
1450,24,9293.64
1450,25,9221.8
1450,26,9266.13
1450,27,9135.87
1450,28,9168.86
1450,29,9235.26
1450,30,9250.87
1450,31,9297.6
1450,32,9244.08
1450,33,9234.17
1450,34,9164.12
1450,35,9133.49
1450,36,9308.65
1450,37,9216.99
1450,38,9322.33
1450,39,9252.07
1450,40,9300.78
1450,41,9148.53
1450,42,9264.4
1450,43,9227.32
1450,44,9214.57
1450,45,9190.57
1450,46,9248.44
1450,47,9295.83
1450,48,9346.85
1450,49,9185.65
1450,50,9242.51
1450,51,9256.06
1450,52,9298.87
1450,53,9257.17
1450,54,9183.92
1450,55,9207.05
1450,56,9222.05
1450,57,9170.51
1450,58,9144.44
1450,59,9284.93
1450,60,9246.85
1450,61,9169.71
1450,62,9235.29
1450,63,9304.26
1450,64,9270.03
1450,65,9111.27
1450,66,9193.09
1450,67,9132.98
1450,68,9190.37
1450,69,9253.51
1450,70,9220.74
1450,71,9242.92
1450,72,9308.64
1450,73,9248.42
1450,74,9278.25
1450,75,9302.35
1450,76,9200.24
1450,77,9253.01
1450,78,9209.86
1450,79,9280.54
1450,80,9264.94
1450,81,9214.57
1450,82,9189.29
1450,83,9173.98
1450,84,9164.52
1450,85,9168.07
1450,86,9222.16
1450,87,9257.51
1450,88,9275.2
1450,89,9149
1450,90,9118.06
1450,91,9203.01
1450,92,9144.18
1450,93,9243.68
1450,94,9200
1450,95,9239.7
1450,96,9193.82
1450,97,9267.94
1450,98,9234.54
1450,99,9251.41
1460,0,9347.38
1460,1,9279.42
1460,2,9268.04
1460,3,9264.07
1460,4,9182.83
1460,5,9298.96
1460,6,9240.68
1460,7,9247.12
1460,8,9165.64
1460,9,9233.7
1460,10,9208.65
1460,11,9259.82
1460,12,9238.29
1460,13,9234.55
1460,14,9174.82
1460,15,9277.38
1460,16,9167.23
1460,17,9342.55
1460,18,9294.14
1460,19,9244.72
1460,20,9238.19
1460,21,9195.59
1460,22,9242.68
1460,23,9208.07
1460,24,9293.34
1460,25,9221.5
1460,26,9265.83
1460,27,9135.57
1460,28,9168.56
1460,29,9234.96
1460,30,9250.57
1460,31,9297.3
1460,32,9243.78
1460,33,9233.87
1460,34,9163.82
1460,35,9133.19
1460,36,9308.35
1460,37,9216.69
1460,38,9322.03
1460,39,9251.77
1460,40,9300.48
1460,41,9148.23
1460,42,9264.1
1460,43,9227.02
1460,44,9214.27
1460,45,9190.27
1460,46,9248.14
1460,47,9295.53
1460,48,9346.55
1460,49,9185.35
1460,50,9242.21
1460,51,9255.76
1460,52,9298.57
1460,53,9256.87
1460,54,9183.62
1460,55,9206.75
1460,56,9221.75
1460,57,9170.21
1460,58,9144.14
1460,59,9284.63
1460,60,9246.55
1460,61,9169.41
1460,62,9234.99
1460,63,9303.96
1460,64,9269.73
1460,65,9110.97
1460,66,9192.79
1460,67,9132.68
1460,68,9190.07
1460,69,9253.21
1460,70,9220.44
1460,71,9242.62
1460,72,9308.34
1460,73,9248.12
1460,74,9277.95
1460,75,9302.05
1460,76,9199.94
1460,77,9252.71
1460,78,9209.56
1460,79,9280.24
1460,80,9264.64
1460,81,9214.27
1460,82,9188.99
1460,83,9173.68
1460,84,9164.22
1460,85,9167.77
1460,86,9221.86
1460,87,9257.21
1460,88,9274.9
1460,89,9148.7
1460,90,9117.76
1460,91,9202.71
1460,92,9143.88
1460,93,9243.38
1460,94,9199.7
1460,95,9239.4
1460,96,9193.52
1460,97,9267.64
1460,98,9234.24
1460,99,9251.11
1470,0,9336.77
1470,1,9266.9
1470,2,9254.38
1470,3,9254.35
1470,4,9169.32
1470,5,9287.49
1470,6,9227.94
1470,7,9235.44
1470,8,9149.84
1470,9,9221.13
1470,10,9195.63
1470,11,9248.24
1470,12,9227.87
1470,13,9221.01
1470,14,9159.15
1470,15,9263.37
1470,16,9154.45
1470,17,9333.21
1470,18,9282.3
1470,19,9232.95
1470,20,9225.44
1470,21,9179.72
1470,22,9231.18
1470,23,9195.35
1470,24,9282.81
1470,25,9208.99
1470,26,9254.76
1470,27,9121.63
1470,28,9154.67
1470,29,9223.4
1470,30,9237.32
1470,31,9287.09
1470,32,9230.86
1470,33,9219.69
1470,34,9149.34
1470,35,9119.61
1470,36,9297.72
1470,37,9205.36
1470,38,9309.72
1470,39,9240.11
1470,40,9291.11
1470,41,9133.78
1470,42,9252.12
1470,43,9211.36
1470,44,9197.83
1470,45,9178.32
1470,46,9232.23
1470,47,9282.91
1470,48,9336.25
1470,49,9169.08
1470,50,9226.48
1470,51,9243.34
1470,52,9287
1470,53,9245.9
1470,54,9169.4
1470,55,9194.13
1470,56,9210.78
1470,57,9156.78
1470,58,9128.48
1470,59,9271.54
1470,60,9234.68
1470,61,9154.23
1470,62,9222.57
1470,63,9293.52
1470,64,9256.96
1470,65,9098.11
1470,66,9179.65
1470,67,9117.44
1470,68,9175.32
1470,69,9241.04
1470,70,9206.44
1470,71,9228.19
1470,72,9296.97
1470,73,9235.59
1470,74,9265.31
1470,75,9290.69
1470,76,9188.18
1470,77,9241.26
1470,78,9197.2
1470,79,9267.19
1470,80,9250.62
1470,81,9201.14
1470,82,9177.34
1470,83,9164.07
1470,84,9149.97
1470,85,9155.86
1470,86,9209.73
1470,87,9243.12
1470,88,9264.32
1470,89,9137.19
1470,90,9103.9
1470,91,9191.1
1470,92,9129.17
1470,93,9229.34
1470,94,9186.19
1470,95,9226.58
1470,96,9181
1470,97,9256.6
1470,98,9221.66
1470,99,9236.75
1480,0,9336.49
1480,1,9266.63
1480,2,9254.12
1480,3,9254.06
1480,4,9169.06
1480,5,9287.22
1480,6,9227.69
1480,7,9235.17
1480,8,9149.61
1480,9,9220.86
1480,10,9195.36
1480,11,9247.97
1480,12,9227.58
1480,13,9220.77
1480,14,9158.92
1480,15,9263.07
1480,16,9154.19
1480,17,9332.91
1480,18,9282.03
1480,19,9232.67
1480,20,9225.15
1480,21,9179.47
1480,22,9230.89
1480,23,9195.06
1480,24,9282.52
1480,25,9208.72
1480,26,9254.48
1480,27,9121.38
1480,28,9154.41
1480,29,9223.12
1480,30,9237.05
1480,31,9286.79
1480,32,9230.59
1480,33,9219.45
1480,34,9149.09
1480,35,9119.35
1480,36,9297.45
1480,37,9205.08
1480,38,9309.46
1480,39,9239.84
1480,40,9290.82
1480,41,9133.5
1480,42,9251.85
1480,43,9211.12
1480,44,9197.58
1480,45,9178.03
1480,46,9232.01
1480,47,9282.67
1480,48,9335.96
1480,49,9168.86
1480,50,9226.21
1480,51,9243.07
1480,52,9286.71
1480,53,9245.62
1480,54,9169.15
1480,55,9193.85
1480,56,9210.48
1480,57,9156.52
1480,58,9128.24
1480,59,9271.3
1480,60,9234.4
1480,61,9153.99
1480,62,9222.29
1480,63,9293.23
1480,64,9256.69
1480,65,9092.48
1480,66,9179.38
1480,67,9117.2
1480,68,9175.08
1480,69,9240.75
1480,70,9206.19
1480,71,9227.93
1480,72,9296.7
1480,73,9235.32
1480,74,9265.05
1480,75,9290.43
1480,76,9187.91
1480,77,9240.99
1480,78,9196.92
1480,79,9266.92
1480,80,9250.37
1480,81,9200.87
1480,82,9177.06
1480,83,9163.77
1480,84,9149.72
1480,85,9155.57
1480,86,9209.46
1480,87,9242.87
1480,88,9264.03
1480,89,9136.91
1480,90,9103.64
1480,91,9190.81
1480,92,9128.92
1480,93,9229.08
1480,94,9185.93
1480,95,9226.31
1480,96,9180.73
1480,97,9256.3
1480,98,9221.38
1480,99,9236.51
1490,0,9336.19
1490,1,9266.33
1490,2,9253.82
1490,3,9253.76
1490,4,9168.76
1490,5,9286.92
1490,6,9227.39
1490,7,9234.87
1490,8,9149.31
1490,9,9220.56
1490,10,9195.06
1490,11,9247.67
1490,12,9227.28
1490,13,9220.47
1490,14,9158.62
1490,15,9262.77
1490,16,9153.89
1490,17,9332.61
1490,18,9281.73
1490,19,9232.37
1490,20,9224.85
1490,21,9179.17
1490,22,9230.59
1490,23,9194.76
1490,24,9282.22
1490,25,9208.42
1490,26,9254.18
1490,27,9121.08
1490,28,9154.11
1490,29,9222.82
1490,30,9236.75
1490,31,9286.49
1490,32,9230.29
1490,33,9219.15
1490,34,9148.79
1490,35,9119.05
1490,36,9297.15
1490,37,9204.78
1490,38,9309.16
1490,39,9239.54
1490,40,9290.52
1490,41,9133.2
1490,42,9251.55
1490,43,9210.82
1490,44,9197.28
1490,45,9177.73
1490,46,9231.71
1490,47,9282.37
1490,48,9335.66
1490,49,9168.56
1490,50,9225.91
1490,51,9242.77
1490,52,9286.41
1490,53,9245.32
1490,54,9168.85
1490,55,9193.55
1490,56,9210.18
1490,57,9156.22
1490,58,9127.94
1490,59,9271
1490,60,9234.1
1490,61,9153.69
1490,62,9221.99
1490,63,9292.93
1490,64,9256.39
1490,65,9092.18
1490,66,9179.08
1490,67,9116.9
1490,68,9174.78
1490,69,9240.45
1490,70,9205.89
1490,71,9227.63
1490,72,9296.4
1490,73,9235.02
1490,74,9264.75
1490,75,9290.13
1490,76,9187.61
1490,77,9240.69
1490,78,9196.62
1490,79,9266.62
1490,80,9250.07
1490,81,9200.57
1490,82,9176.76
1490,83,9163.47
1490,84,9149.42
1490,85,9155.27
1490,86,9209.16
1490,87,9242.57
1490,88,9263.73
1490,89,9136.61
1490,90,9103.34
1490,91,9190.51
1490,92,9128.62
1490,93,9228.78
1490,94,9185.63
1490,95,9226.01
1490,96,9180.43
1490,97,9256
1490,98,9221.08
1490,99,9236.21
1500,0,9325.74
1500,1,9254.43
1500,2,9241.03
1500,3,9241.31
1500,4,9155.49
1500,5,9276.04
1500,6,9214.19
1500,7,9222.35
1500,8,9135.13
1500,9,9209.82
1500,10,9181.36
1500,11,9235.86
1500,12,9216.75
1500,13,9207.42
1500,14,9144.47
1500,15,9250.67
1500,16,9141.27
1500,17,9322.67
1500,18,9268.81
1500,19,9221.76
1500,20,9211.8
1500,21,9164.7
1500,22,9217.52
1500,23,9180.52
1500,24,9270.43
1500,25,9194.87
1500,26,9244.12
1500,27,9107.49
1500,28,9140.57
1500,29,9211.6
1500,30,9222.64
1500,31,9275.25
1500,32,9216.89
1500,33,9205.37
1500,34,9135.86
1500,35,9105.15
1500,36,9285.38
1500,37,9192.49
1500,38,9297.15
1500,39,9226.2
1500,40,9279.58
1500,41,9117.92
1500,42,9239.25
1500,43,9197.55
1500,44,9182.4
1500,45,9164.64
1500,46,9217.01
1500,47,9270.59
1500,48,9323.26
1500,49,9153.44
1500,50,9212.31
1500,51,9229.72
1500,52,9275.33
1500,53,9232.86
1500,54,9155.24
1500,55,9180.92
1500,56,9200.32
1500,57,9143.34
1500,58,9113.25
1500,59,9258.74
1500,60,9222.11
1500,61,9138.17
1500,62,9209.92
1500,63,9280.87
1500,64,9243.47
1500,65,9076.48
1500,66,9165.78
1500,67,9101.36
1500,68,9160.83
1500,69,9226.4
1500,70,9191.59
1500,71,9215.68
1500,72,9284.55
1500,73,9221.98
1500,74,9252.09
1500,75,9278.76
1500,76,9175.99
1500,77,9229.3
1500,78,9185.78
1500,79,9252.75
1500,80,9238.07
1500,81,9186.78
1500,82,9164.43
1500,83,9153.51
1500,84,9135.26
1500,85,9142.09
1500,86,9195.02
1500,87,9229.64
1500,88,9251.25
1500,89,9124.93
1500,90,9089.11
1500,91,9178.22
1500,92,9113.34
1500,93,9215.48
1500,94,9174.37
1500,95,9215.49
1500,96,9167.65
1500,97,9239.58
1500,98,9207.3
1500,99,9222.85
1510,0,9325.48
1510,1,9254.18
1510,2,9236.51
1510,3,9241.05
1510,4,9155.24
1510,5,9275.78
1510,6,9213.95
1510,7,9222.1
1510,8,9132.93
1510,9,9206.7
1510,10,9176.38
1510,11,9235.6
1510,12,9213.67
1510,13,9207.17
1510,14,9142.5
1510,15,9250.41
1510,16,9136.67
1510,17,9322.4
1510,18,9268.55
1510,19,9218.17
1510,20,9208.71
1510,21,9159.83
1510,22,9213.6
1510,23,9180.28
1510,24,9270.17
1510,25,9189.79
1510,26,9240.98
1510,27,9107.25
1510,28,9135.88
1510,29,9208.06
1510,30,9222.39
1510,31,9271.57
1510,32,9216.64
1510,33,9205.13
1510,34,9135.61
1510,35,9104.91
1510,36,9285.13
1510,37,9188.89
1510,38,9296.9
1510,39,9225.96
1510,40,9276.42
1510,41,9115.21
1510,42,9239
1510,43,9197.3
1510,44,9177.25
1510,45,9160.01
1510,46,9216.78
1510,47,9270.34
1510,48,9322.99
1510,49,9153.21
1510,50,9209.49
1510,51,9229.47
1510,52,9275.08
1510,53,9229.71
1510,54,9155
1510,55,9177.49
1510,56,9197.53
1510,57,9143.08
1510,58,9113.01
1510,59,9258.5
1510,60,9221.83
1510,61,9137.94
1510,62,9206.69
1510,63,9280.61
1510,64,9243.21
1510,65,9076.26
1510,66,9165.52
1510,67,9101.14
1510,68,9155.5
1510,69,9226.15
1510,70,9191.35
1510,71,9215.41
1510,72,9284.3
1510,73,9221.72
1510,74,9251.85
1510,75,9278.49
1510,76,9172.01
1510,77,9229.05
1510,78,9183.04
1510,79,9248.64
1510,80,9237.82
1510,81,9186.53
1510,82,9161.1
1510,83,9153.22
1510,84,9135.03
1510,85,9137.99
1510,86,9194.78
1510,87,9229.38
1510,88,9250.99
1510,89,9121.15
1510,90,9088.87
1510,91,9174.34
1510,92,9113.12
1510,93,9211.62
1510,94,9170.28
1510,95,9212.39
1510,96,9167.39
1510,97,9239.32
1510,98,9207.06
1510,99,9222.62
1520,0,9325.18
1520,1,9253.88
1520,2,9236.21
1520,3,9240.75
1520,4,9154.94
1520,5,9275.48
1520,6,9213.65
1520,7,9221.8
1520,8,9132.63
1520,9,9206.4
1520,10,9176.08
1520,11,9235.3
1520,12,9213.37
1520,13,9206.87
1520,14,9142.2
1520,15,9250.11
1520,16,9136.37
1520,17,9322.1
1520,18,9268.25
1520,19,9217.87
1520,20,9208.41
1520,21,9159.53
1520,22,9213.3
1520,23,9179.98
1520,24,9269.87
1520,25,9189.49
1520,26,9240.68
1520,27,9106.95
1520,28,9135.58
1520,29,9207.76
1520,30,9222.09
1520,31,9271.27
1520,32,9216.34
1520,33,9204.83
1520,34,9135.31
1520,35,9104.61
1520,36,9284.83
1520,37,9188.59
1520,38,9296.6
1520,39,9225.66
1520,40,9276.12
1520,41,9114.91
1520,42,9238.7
1520,43,9197
1520,44,9176.95
1520,45,9159.71
1520,46,9216.48
1520,47,9270.04
1520,48,9322.69
1520,49,9152.91
1520,50,9209.19
1520,51,9229.17
1520,52,9274.78
1520,53,9229.41
1520,54,9154.7
1520,55,9177.19
1520,56,9197.23
1520,57,9142.78
1520,58,9112.71
1520,59,9258.2
1520,60,9221.53
1520,61,9137.64
1520,62,9206.39
1520,63,9280.31
1520,64,9242.91
1520,65,9075.96
1520,66,9165.22
1520,67,9100.84
1520,68,9155.2
1520,69,9225.85
1520,70,9191.05
1520,71,9215.11
1520,72,9284
1520,73,9221.42
1520,74,9251.55
1520,75,9278.19
1520,76,9171.71
1520,77,9228.75
1520,78,9182.74
1520,79,9248.34
1520,80,9237.52
1520,81,9186.23
1520,82,9160.8
1520,83,9152.92
1520,84,9134.73
1520,85,9137.69
1520,86,9194.48
1520,87,9229.08
1520,88,9250.69
1520,89,9120.85
1520,90,9088.57
1520,91,9174.04
1520,92,9112.82
1520,93,9211.32
1520,94,9169.98
1520,95,9212.09
1520,96,9167.09
1520,97,9239.02
1520,98,9206.76
1520,99,9222.32
1530,0,9315.31
1530,1,9243.71
1530,2,9223.85
1530,3,9231.99
1530,4,9142.91
1530,5,9263.79
1530,6,9203.3
1530,7,9210.33
1530,8,9118.71
1530,9,9194.27
1530,10,9163.92
1530,11,9223.55
1530,12,9203.85
1530,13,9194.68
1530,14,9132.28
1530,15,9237.38
1530,16,9124.94
1530,17,9312.13
1530,18,9257.39
1530,19,9206.51
1530,20,9196.94
1530,21,9145.29
1530,22,9200.08
1530,23,9168.97
1530,24,9258.13
1530,25,9176.34
1530,26,9230.68
1530,27,9094.96
1530,28,9122.06
1530,29,9196.59
1530,30,9208.97
1530,31,9259.86
1530,32,9202.87
1530,33,9192.93
1530,34,9120.91
1530,35,9093.72
1530,36,9276.68
1530,37,9176.51
1530,38,9285.48
1530,39,9212.41
1530,40,9265.59
1530,41,9104.04
1530,42,9226.45
1530,43,9182.49
1530,44,9163.38
1530,45,9146.55
1530,46,9206.39
1530,47,9258.93
1530,48,9311.69
1530,49,9141.39
1530,50,9197.06
1530,51,9216.31
1530,52,9266.32
1530,53,9218.69
1530,54,9141.42
1530,55,9166.5
1530,56,9187.01
1530,57,9130.04
1530,58,9102.14
1530,59,9245.91
1530,60,9210.13
1530,61,9124.29
1530,62,9194.28
1530,63,9267.53
1530,64,9229.88
1530,65,9064.38
1530,66,9152.66
1530,67,9089.45
1530,68,9141.35
1530,69,9216.19
1530,70,9178.57
1530,71,9202.22
1530,72,9272.55
1530,73,9208.27
1530,74,9238.95
1530,75,9267.17
1530,76,9159.96
1530,77,9218.29
1530,78,9170.15
1530,79,9234.36
1530,80,9226.46
1530,81,9172.67
1530,82,9149.41
1530,83,9142.18
1530,84,9125.37
1530,85,9125.31
1530,86,9181.2
1530,87,9215.88
1530,88,9240.51
1530,89,9108.84
1530,90,9077.21
1530,91,9162.5
1530,92,9100.23
1530,93,9197.71
1530,94,9156.49
1530,95,9200.08
1530,96,9154.5
1530,97,9226.9
1530,98,9194.06
1530,99,9212.66
1540,0,9315.06
1540,1,9243.45
1540,2,9223.62
1540,3,9231.7
1540,4,9141.98
1540,5,9263.55
1540,6,9200.27
1540,7,9209.54
1540,8,9116.27
1540,9,9194.02
1540,10,9162.79
1540,11,9223.31
1540,12,9203.59
1540,13,9194.44
1540,14,9126.16
1540,15,9237.11
1540,16,9124.69
1540,17,9311.87
1540,18,9257.12
1540,19,9206.25
1540,20,9196.67
1540,21,9145.05
1540,22,9199.83
1540,23,9168.7
1540,24,9257.89
1540,25,9176.11
1540,26,9230.42
1540,27,9093.5
1540,28,9121.81
1540,29,9196.33
1540,30,9207.82
1540,31,9259.6
1540,32,9202.63
1540,33,9192.69
1540,34,9120.69
1540,35,9093.46
1540,36,9276.4
1540,37,9176.26
1540,38,9285.23
1540,39,9212.18
1540,40,9265.33
1540,41,9103.77
1540,42,9226.21
1540,43,9182.26
1540,44,9162.26
1540,45,9146.31
1540,46,9201.62
1540,47,9258.13
1540,48,9311.42
1540,49,9137.54
1540,50,9196.79
1540,51,9215.42
1540,52,9266.04
1540,53,9218.43
1540,54,9140.87
1540,55,9166.23
1540,56,9186.73
1540,57,9129.8
1540,58,9097.77
1540,59,9245.68
1540,60,9209.87
1540,61,9121.82
1540,62,9194.03
1540,63,9267.29
1540,64,9229.64
1540,65,9060.01
1540,66,9152.41
1540,67,9085.73
1540,68,9141.12
1540,69,9215.92
1540,70,9176.46
1540,71,9201.97
1540,72,9272.32
1540,73,9208.03
1540,74,9238.72
1540,75,9266.92
1540,76,9159.71
1540,77,9217.06
1540,78,9169.89
1540,79,9234.12
1540,80,9226.22
1540,81,9172.44
1540,82,9149.15
1540,83,9141.92
1540,84,9120.9
1540,85,9125.05
1540,86,9180.97
1540,87,9215.64
1540,88,9240.24
1540,89,9108.59
1540,90,9073.99
1540,91,9162.23
1540,92,9099.99
1540,93,9197.47
1540,94,9156.25
1540,95,9199.81
1540,96,9154.26
1540,97,9226.63
1540,98,9192.66
1540,99,9207.95
1550,0,9314.76
1550,1,9243.15
1550,2,9223.32
1550,3,9231.4
1550,4,9141.68
1550,5,9263.25
1550,6,9199.97
1550,7,9209.24
1550,8,9115.97
1550,9,9193.72
1550,10,9162.49
1550,11,9223.01
1550,12,9203.29
1550,13,9194.14
1550,14,9125.86
1550,15,9236.81
1550,16,9124.39
1550,17,9311.57
1550,18,9256.82
1550,19,9205.95
1550,20,9196.37
1550,21,9144.75
1550,22,9199.53
1550,23,9168.4
1550,24,9257.59
1550,25,9175.81
1550,26,9230.12
1550,27,9093.2
1550,28,9121.51
1550,29,9196.03
1550,30,9207.52
1550,31,9259.3
1550,32,9202.33
1550,33,9192.39
1550,34,9120.39
1550,35,9093.16
1550,36,9276.1
1550,37,9175.96
1550,38,9284.93
1550,39,9211.88
1550,40,9265.03
1550,41,9103.47
1550,42,9225.91
1550,43,9181.96
1550,44,9161.96
1550,45,9146.01
1550,46,9201.32
1550,47,9257.83
1550,48,9311.12
1550,49,9137.24
1550,50,9196.49
1550,51,9215.12
1550,52,9265.74
1550,53,9218.13
1550,54,9140.57
1550,55,9165.93
1550,56,9186.43
1550,57,9129.5
1550,58,9097.47
1550,59,9245.38
1550,60,9209.57
1550,61,9121.52
1550,62,9193.73
1550,63,9266.99
1550,64,9229.34
1550,65,9059.71
1550,66,9152.11
1550,67,9085.43
1550,68,9140.82
1550,69,9215.62
1550,70,9176.16
1550,71,9201.67
1550,72,9272.02
1550,73,9207.73
1550,74,9238.42
1550,75,9266.62
1550,76,9159.41
1550,77,9216.76
1550,78,9169.59
1550,79,9233.82
1550,80,9225.92
1550,81,9172.14
1550,82,9148.85
1550,83,9141.62
1550,84,9120.6
1550,85,9124.75
1550,86,9180.67
1550,87,9215.34
1550,88,9239.94
1550,89,9108.29
1550,90,9073.69
1550,91,9161.93
1550,92,9099.69
1550,93,9197.17
1550,94,9155.95
1550,95,9199.51
1550,96,9153.96
1550,97,9226.33
1550,98,9192.36
1550,99,9207.65
1560,0,9305.1
1560,1,9232.98
1560,2,9214.15
1560,3,9222.86
1560,4,9131.25
1560,5,9252.75
1560,6,9189.77
1560,7,9200.14
1560,8,9103.14
1560,9,9183.36
1560,10,9153.1
1560,11,9214.22
1560,12,9193.08
1560,13,9184.19
1560,14,9113.05
1560,15,9227.16
1560,16,9113.79
1560,17,9301.89
1560,18,9245.88
1560,19,9194.75
1560,20,9184.8
1560,21,9132.91
1560,22,9187.53
1560,23,9158.19
1560,24,9248.03
1560,25,9165.56
1560,26,9220.24
1560,27,9082.3
1560,28,9111.53
1560,29,9185.04
1560,30,9196.26
1560,31,9249.17
1560,32,9190.56
1560,33,9181.8
1560,34,9107.63
1560,35,9082.06
1560,36,9266.22
1560,37,9166.5
1560,38,9274.02
1560,39,9200.41
1560,40,9254.22
1560,41,9093
1560,42,9216.57
1560,43,9169.5
1560,44,9151.57
1560,45,9134.27
1560,46,9189.64
1560,47,9249.11
1560,48,9303.99
1560,49,9124.95
1560,50,9183.76
1560,51,9204.74
1560,52,9256.7
1560,53,9207.41
1560,54,9127.93
1560,55,9155.34
1560,56,9175
1560,57,9117.38
1560,58,9085.63
1560,59,9235.94
1560,60,9198.05
1560,61,9108.97
1560,62,9182.28
1560,63,9256.05
1560,64,9216.28
1560,65,9046.82
1560,66,9140.54
1560,67,9073.02
1560,68,9129.99
1560,69,9203.85
1560,70,9164.75
1560,71,9188.34
1560,72,9263.68
1560,73,9197.44
1560,74,9228.78
1560,75,9255.81
1560,76,9148.07
1560,77,9208.52
1560,78,9158.72
1560,79,9221.93
1560,80,9216.89
1560,81,9161.4
1560,82,9136.62
1560,83,9131.95
1560,84,9109.51
1560,85,9112.17
1560,86,9171.96
1560,87,9206.3
1560,88,9229.63
1560,89,9096.76
1560,90,9062.14
1560,91,9149.76
1560,92,9087.74
1560,93,9185.2
1560,94,9146.45
1560,95,9189.18
1560,96,9144.04
1560,97,9216.99
1560,98,9182.26
1560,99,9197.4
1570,0,9304.86
1570,1,9232.74
1570,2,9211.02
1570,3,9222.59
1570,4,9126.53
1570,5,9252.31
1570,6,9186.95
1570,7,9197.25
1570,8,9099.87
1570,9,9183.11
1570,10,9147.48
1570,11,9211.39
1570,12,9192.82
1570,13,9181.37
1570,14,9110.03
1570,15,9226.89
1570,16,9110.36
1570,17,9301.65
1570,18,9243.56
1570,19,9194.5
1570,20,9184.55
1570,21,9129.16
1570,22,9187.28
1570,23,9157.93
1570,24,9247.78
1570,25,9162.41
1570,26,9219.99
1570,27,9078.65
1570,28,9107.36
1570,29,9184.79
1570,30,9194.49
1570,31,9247.83
1570,32,9188.76
1570,33,9177.61
1570,34,9106.24
1570,35,9079.24
1570,36,9265.97
1570,37,9163.66
1570,38,9273.78
1570,39,9198.63
1570,40,9253.98
1570,41,9092.75
1570,42,9213.73
1570,43,9167.11
1570,44,9147.8
1570,45,9132.96
1570,46,9186.83
1570,47,9246.24
1570,48,9303.71
1570,49,9122.13
1570,50,9183.5
1570,51,9202.51
1570,52,9256.43
1570,53,9207.15
1570,54,9126.56
1570,55,9152.9
1570,56,9174.75
1570,57,9117.14
1570,58,9082.81
1570,59,9233.11
1570,60,9197.8
1570,61,9105.76
1570,62,9181.23
1570,63,9254.07
1570,64,9216.06
1570,65,9044.02
1570,66,9138.48
1570,67,9070.42
1570,68,9127.08
1570,69,9203.59
1570,70,9163.37
1570,71,9188.11
1570,72,9260.91
1570,73,9194.8
1570,74,9225.95
1570,75,9255.57
1570,76,9146.81
1570,77,9205.69
1570,78,9158.46
1570,79,9219.31
1570,80,9214.05
1570,81,9158.44
1570,82,9135.57
1570,83,9131.69
1570,84,9105.75
1570,85,9111.51
1570,86,9167.54
1570,87,9203.58
1570,88,9229.38
1570,89,9096.48
1570,90,9059.32
1570,91,9148.71
1570,92,9084.67
1570,93,9183.48
1570,94,9141.88
1570,95,9188.93
1570,96,9141.2
1570,97,9216.74
1570,98,9179.82
1570,99,9194.58
1580,0,9304.56
1580,1,9232.44
1580,2,9210.72
1580,3,9222.29
1580,4,9126.23
1580,5,9252.01
1580,6,9186.65
1580,7,9196.95
1580,8,9099.57
1580,9,9182.81
1580,10,9147.18
1580,11,9211.09
1580,12,9192.52
1580,13,9181.07
1580,14,9109.73
1580,15,9226.59
1580,16,9110.06
1580,17,9301.35
1580,18,9243.26
1580,19,9194.2
1580,20,9184.25
1580,21,9128.86
1580,22,9186.98
1580,23,9157.63
1580,24,9247.48
1580,25,9162.11
1580,26,9219.69
1580,27,9078.35
1580,28,9107.06
1580,29,9184.49
1580,30,9194.19
1580,31,9247.53
1580,32,9188.46
1580,33,9177.31
1580,34,9105.94
1580,35,9078.94
1580,36,9265.67
1580,37,9163.36
1580,38,9273.48
1580,39,9198.33
1580,40,9253.68
1580,41,9092.45
1580,42,9213.43
1580,43,9166.81
1580,44,9147.5
1580,45,9132.66
1580,46,9186.53
1580,47,9245.94
1580,48,9303.41
1580,49,9121.83
1580,50,9183.2
1580,51,9202.21
1580,52,9256.13
1580,53,9206.85
1580,54,9126.26
1580,55,9152.6
1580,56,9174.45
1580,57,9116.84
1580,58,9082.51
1580,59,9232.81
1580,60,9197.5
1580,61,9105.46
1580,62,9180.93
1580,63,9253.77
1580,64,9215.76
1580,65,9043.72
1580,66,9138.18
1580,67,9070.12
1580,68,9126.78
1580,69,9203.29
1580,70,9163.07
1580,71,9187.81
1580,72,9260.61
1580,73,9194.5
1580,74,9225.65
1580,75,9255.27
1580,76,9146.51
1580,77,9205.39
1580,78,9158.16
1580,79,9219.01
1580,80,9213.75
1580,81,9158.14
1580,82,9135.27
1580,83,9131.39
1580,84,9105.45
1580,85,9111.21
1580,86,9167.24
1580,87,9203.28
1580,88,9229.08
1580,89,9096.18
1580,90,9059.02
1580,91,9148.41
1580,92,9084.37
1580,93,9183.18
1580,94,9141.58
1580,95,9188.63
1580,96,9140.9
1580,97,9216.44
1580,98,9179.52
1580,99,9194.28
1590,0,9296.95
1590,1,9224.43
1590,2,9201.47
1590,3,9213.69
1590,4,9116.21
1590,5,9243.87
1590,6,9176.16
1590,7,9187.92
1590,8,9089.95
1590,9,9171.87
1590,10,9138.31
1590,11,9202.41
1590,12,9185.21
1590,13,9171.23
1590,14,9101.94
1590,15,9215.12
1590,16,9099.65
1590,17,9294.07
1590,18,9233.78
1590,19,9184.03
1590,20,9174.25
1590,21,9117.83
1590,22,9176.07
1590,23,9147.86
1590,24,9239.71
1590,25,9151.81
1590,26,9212.43
1590,27,9069.44
1590,28,9097.16
1590,29,9174.39
1590,30,9183.9
1590,31,9240.01
1590,32,9178.11
1590,33,9167.01
1590,34,9093.23
1590,35,9069.32
1590,36,9258.26
1590,37,9153.87
1590,38,9262.51
1590,39,9189.24
1590,40,9245.45
1590,41,9081.85
1590,42,9204.16
1590,43,9154.31
1590,44,9138.93
1590,45,9124.32
1590,46,9176.68
1590,47,9237.39
1590,48,9294.6
1590,49,9110.37
1590,50,9170.16
1590,51,9192.76
1590,52,9248.87
1590,53,9198.75
1590,54,9115.67
1590,55,9141.8
1590,56,9163.93
1590,57,9104.81
1590,58,9071.1
1590,59,9223.53
1590,60,9187.91
1590,61,9095.81
1590,62,9170.13
1590,63,9245.13
1590,64,9204.03
1590,65,9031.14
1590,66,9126.74
1590,67,9059.06
1590,68,9116.09
1590,69,9195.91
1590,70,9151.76
1590,71,9178.95
1590,72,9252.51
1590,73,9183.55
1590,74,9216.08
1590,75,9246.72
1590,76,9137.52
1590,77,9197.25
1590,78,9146.8
1590,79,9209.53
1590,80,9204.78
1590,81,9147.39
1590,82,9124.84
1590,83,9121.71
1590,84,9097.33
1590,85,9101.72
1590,86,9156.64
1590,87,9194.81
1590,88,9218.96
1590,89,9086.77
1590,90,9047.46
1590,91,9139.87
1590,92,9073.87
1590,93,9172.26
1590,94,9131.09
1590,95,9178.81
1590,96,9130.93
1590,97,9199.35
1590,98,9169.96
1590,99,9184.52
1600,0,9290.88
1600,1,9219.94
1600,2,9193.03
1600,3,9211.25
1600,4,9111.5
1600,5,9239.84
1600,6,9172.42
1600,7,9183.52
1600,8,9083.54
1600,9,9167.51
1600,10,9129.95
1600,11,9197.33
1600,12,9178.64
1600,13,9167.13
1600,14,9093.92
1600,15,9212.63
1600,16,9096.36
1600,17,9289.49
1600,18,9228.79
1600,19,9179.71
1600,20,9170.47
1600,21,9108.97
1600,22,9170.66
1600,23,9144.22
1600,24,9235.19
1600,25,9147.11
1600,26,9208.28
1600,27,9063.85
1600,28,9089.97
1600,29,9170.7
1600,30,9178.06
1600,31,9233
1600,32,9175.65
1600,33,9163.14
1600,34,9091.8
1600,35,9062.31
1600,36,9252.83
1600,37,9149.58
1600,38,9260.02
1600,39,9185.24
1600,40,9240.62
1600,41,9076.4
1600,42,9199.12
1600,43,9151.89
1600,44,9130.61
1600,45,9117.72
1600,46,9169.39
1600,47,9233.98
1600,48,9291.76
1600,49,9103.24
1600,50,9165.99
1600,51,9186.24
1600,52,9247
1600,53,9193.29
1600,54,9112.4
1600,55,9135.87
1600,56,9161.52
1600,57,9099.88
1600,58,9064.09
1600,59,9217.21
1600,60,9184.1
1600,61,9089.03
1600,62,9165.3
1600,63,9241.11
1600,64,9200.32
1600,65,9028.71
1600,66,9123.42
1600,67,9055.23
1600,68,9109.01
1600,69,9192.82
1600,70,9148.93
1600,71,9172.73
1600,72,9247.36
1600,73,9181.53
1600,74,9212.55
1600,75,9242.5
1600,76,9133.95
1600,77,9191.17
1600,78,9143.89
1600,79,9203.89
1600,80,9200.44
1600,81,9144.47
1600,82,9120.87
1600,83,9118.07
1600,84,9087.58
1600,85,9096.94
1600,86,9154.05
1600,87,9187.14
1600,88,9217.09
1600,89,9082.42
1600,90,9043.27
1600,91,9135.3
1600,92,9070.66
1600,93,9166.78
1600,94,9126.32
1600,95,9174.43
1600,96,9128.22
1600,97,9195.85
1600,98,9164.23
1600,99,9179.8
1610,0,9290.58
1610,1,9219.64
1610,2,9192.73
1610,3,9210.95
1610,4,9111.2
1610,5,9239.54
1610,6,9172.12
1610,7,9183.22
1610,8,9083.24
1610,9,9167.21
1610,10,9129.65
1610,11,9197.03
1610,12,9178.34
1610,13,9166.83
1610,14,9093.62
1610,15,9212.33
1610,16,9096.06
1610,17,9289.19
1610,18,9228.49
1610,19,9179.41
1610,20,9170.17
1610,21,9108.67
1610,22,9170.36
1610,23,9143.92
1610,24,9234.89
1610,25,9146.81
1610,26,9207.98
1610,27,9063.55
1610,28,9089.67
1610,29,9170.4
1610,30,9177.76
1610,31,9232.7
1610,32,9175.35
1610,33,9162.84
1610,34,9091.5
1610,35,9062.01
1610,36,9252.53
1610,37,9149.28
1610,38,9259.72
1610,39,9184.94
1610,40,9240.32
1610,41,9076.1
1610,42,9198.82
1610,43,9151.59
1610,44,9130.31
1610,45,9117.42
1610,46,9169.09
1610,47,9233.68
1610,48,9291.46
1610,49,9102.94
1610,50,9165.69
1610,51,9185.94
1610,52,9246.7
1610,53,9192.99
1610,54,9112.1
1610,55,9135.57
1610,56,9161.22
1610,57,9099.58
1610,58,9063.79
1610,59,9216.91
1610,60,9183.8
1610,61,9088.73
1610,62,9165
1610,63,9240.81
1610,64,9200.02
1610,65,9028.41
1610,66,9123.12
1610,67,9054.93
1610,68,9108.71
1610,69,9192.52
1610,70,9148.63
1610,71,9172.43
1610,72,9247.06
1610,73,9181.23
1610,74,9212.25
1610,75,9242.2
1610,76,9133.65
1610,77,9190.87
1610,78,9143.59
1610,79,9203.59
1610,80,9200.14
1610,81,9144.17
1610,82,9120.57
1610,83,9117.77
1610,84,9087.28
1610,85,9096.64
1610,86,9153.75
1610,87,9186.84
1610,88,9216.79
1610,89,9082.12
1610,90,9042.97
1610,91,9135
1610,92,9070.36
1610,93,9166.48
1610,94,9126.02
1610,95,9174.13
1610,96,9127.92
1610,97,9195.55
1610,98,9163.93
1610,99,9179.5
1620,0,9283.23
1620,1,9211.69
1620,2,9183.43
1620,3,9202.18
1620,4,9102.23
1620,5,9231.17
1620,6,9162.25
1620,7,9174.2
1620,8,9073.84
1620,9,9156.65
1620,10,9119.13
1620,11,9188.92
1620,12,9171.2
1620,13,9157.18
1620,14,9084.06
1620,15,9202.73
1620,16,9086.56
1620,17,9282.43
1620,18,9218.29
1620,19,9171.39
1620,20,9158.92
1620,21,9097.67
1620,22,9161.67
1620,23,9133.41
1620,24,9225.87
1620,25,9137.27
1620,26,9201.01
1620,27,9053.25
1620,28,9081.58
1620,29,9162.65
1620,30,9167.84
1620,31,9222.41
1620,32,9167.17
1620,33,9154.11
1620,34,9079.89
1620,35,9052.28
1620,36,9245.39
1620,37,9141.06
1620,38,9248.44
1620,39,9175.98
1620,40,9233.99
1620,41,9065.57
1620,42,9190.56
1620,43,9139.9
1620,44,9123.11
1620,45,9108.49
1620,46,9159.36
1620,47,9225.25
1620,48,9284.32
1620,49,9092.72
1620,50,9155.23
1620,51,9176.37
1620,52,9240.89
1620,53,9183.63
1620,54,9101.35
1620,55,9123.83
1620,56,9150.3
1620,57,9087.68
1620,58,9055.31
1620,59,9207.62
1620,60,9172.46
1620,61,9079.1
1620,62,9155.13
1620,63,9233.11
1620,64,9188.32
1620,65,9021.5
1620,66,9113.66
1620,67,9044.02
1620,68,9098.15
1620,69,9183.93
1620,70,9139.53
1620,71,9160.8
1620,72,9238.63
1620,73,9171.6
1620,74,9202.97
1620,75,9233.92
1620,76,9124.52
1620,77,9182.83
1620,78,9135.4
1620,79,9193.47
1620,80,9191.6
1620,81,9134.75
1620,82,9111.73
1620,83,9108.07
1620,84,9079.35
1620,85,9087.79
1620,86,9144.15
1620,87,9175.85
1620,88,9206.42
1620,89,9074.63
1620,90,9033.44
1620,91,9126.25
1620,92,9059.81
1620,93,9155.67
1620,94,9116.34
1620,95,9164.73
1620,96,9119.04
1620,97,9181.17
1620,98,9154.34
1620,99,9169.32
1630,0,9280.79
1630,1,9210
1630,2,9179
1630,3,9200.83
1630,4,9096.23
1630,5,9228.56
1630,6,9158.75
1630,7,9170.37
1630,8,9069.38
1630,9,9154.47
1630,10,9114.72
1630,11,9184.37
1630,12,9166.81
1630,13,9152.81
1630,14,9080.43
1630,15,9201.43
1630,16,9081.58
1630,17,9279.47
1630,18,9215.8
1630,19,9168.43
1630,20,9157.39
1630,21,9092.76
1630,22,9157.38
1630,23,9129.72
1630,24,9223.01
1630,25,9132.25
1630,26,9196.61
1630,27,9050.81
1630,28,9076.19
1630,29,9158.86
1630,30,9165.14
1630,31,9220.06
1630,32,9161.67
1630,33,9150.07
1630,34,9077.43
1630,35,9046.13
1630,36,9242.69
1630,37,9135.11
1630,38,9246.2
1630,39,9171.12
1630,40,9228.77
1630,41,9063.07
1630,42,9185.82
1630,43,9134.65
1630,44,9115.56
1630,45,9105.15
1630,46,9156.03
1630,47,9222.72
1630,48,9281.59
1630,49,9085.94
1630,50,9152.01
1630,51,9173.43
1630,52,9238.73
1630,53,9181.17
1630,54,9095.64
1630,55,9120.53
1630,56,9147.96
1630,57,9085.67
1630,58,9049.25
1630,59,9204.7
1630,60,9171.34
1630,61,9074.93
1630,62,9151.59
1630,63,9227.45
1630,64,9186.28
1630,65,9010.68
1630,66,9110.42
1630,67,9042.51
1630,68,9092.91
1630,69,9179.88
1630,70,9135.03
1630,71,9159.97
1630,72,9236.44
1630,73,9167.75
1630,74,9199.9
1630,75,9231.69
1630,76,9120.1
1630,77,9180.33
1630,78,9132.1
1630,79,9189.77
1630,80,9187.17
1630,81,9128.53
1630,82,9107.06
1630,83,9107.84
1630,84,9072.55
1630,85,9081.81
1630,86,9140.26
1630,87,9173.57
1630,88,9204.15
1630,89,9070.08
1630,90,9027.3
1630,91,9120.76
1630,92,9053.78
1630,93,9152.31
1630,94,9111.21
1630,95,9160.22
1630,96,9113.23
1630,97,9176.82
1630,98,9151.7
1630,99,9165.81
1640,0,9280.49
1640,1,9209.7
1640,2,9178.7
1640,3,9200.53
1640,4,9095.93
1640,5,9228.26
1640,6,9158.45
1640,7,9170.07
1640,8,9069.08
1640,9,9154.17
1640,10,9114.42
1640,11,9184.07
1640,12,9166.51
1640,13,9152.51
1640,14,9080.13
1640,15,9201.13
1640,16,9081.28
1640,17,9279.17
1640,18,9215.5
1640,19,9168.13
1640,20,9157.09
1640,21,9092.46
1640,22,9157.08
1640,23,9129.42
1640,24,9222.71
1640,25,9131.95
1640,26,9196.31
1640,27,9050.51
1640,28,9075.89
1640,29,9158.56
1640,30,9164.84
1640,31,9219.76
1640,32,9161.37
1640,33,9149.77
1640,34,9077.13
1640,35,9045.83
1640,36,9242.39
1640,37,9134.81
1640,38,9245.9
1640,39,9170.82
1640,40,9228.47
1640,41,9062.77
1640,42,9185.52
1640,43,9134.35
1640,44,9115.26
1640,45,9104.85
1640,46,9155.73
1640,47,9222.42
1640,48,9281.29
1640,49,9085.64
1640,50,9151.71
1640,51,9173.13
1640,52,9238.43
1640,53,9180.87
1640,54,9095.34
1640,55,9120.23
1640,56,9147.66
1640,57,9085.37
1640,58,9048.95
1640,59,9204.4
1640,60,9171.04
1640,61,9074.63
1640,62,9151.29
1640,63,9227.15
1640,64,9185.98
1640,65,9010.38
1640,66,9110.12
1640,67,9042.21
1640,68,9092.61
1640,69,9179.58
1640,70,9134.73
1640,71,9159.67
1640,72,9236.14
1640,73,9167.45
1640,74,9199.6
1640,75,9231.39
1640,76,9119.8
1640,77,9180.03
1640,78,9131.8
1640,79,9189.47
1640,80,9186.87
1640,81,9128.23
1640,82,9106.76
1640,83,9107.54
1640,84,9072.25
1640,85,9081.51
1640,86,9139.96
1640,87,9173.27
1640,88,9203.85
1640,89,9069.78
1640,90,9027
1640,91,9120.46
1640,92,9053.48
1640,93,9152.01
1640,94,9110.91
1640,95,9159.92
1640,96,9112.93
1640,97,9176.52
1640,98,9151.4
1640,99,9165.51
1650,0,9273.05
1650,1,9202.98
1650,2,9169.68
1650,3,9191.09
1650,4,9088.87
1650,5,9220.67
1650,6,9148.65
1650,7,9162.93
1650,8,9059.94
1650,9,9144.87
1650,10,9106.84
1650,11,9176.41
1650,12,9160.5
1650,13,9144.78
1650,14,9070.69
1650,15,9192.88
1650,16,9071.6
1650,17,9272.74
1650,18,9207.41
1650,19,9160.16
1650,20,9148.62
1650,21,9086.28
1650,22,9148.42
1650,23,9121.64
1650,24,9215.25
1650,25,9124.88
1650,26,9190.26
1650,27,9043.45
1650,28,9067.27
1650,29,9151.14
1650,30,9157.73
1650,31,9212.97
1650,32,9153.42
1650,33,9143.14
1650,34,9071.83
1650,35,9038.06
1650,36,9236.51
1650,37,9126.3
1650,38,9237.02
1650,39,9162.25
1650,40,9220.56
1650,41,9053.73
1650,42,9177.46
1650,43,9129.12
1650,44,9107.54
1650,45,9097.72
1650,46,9147.49
1650,47,9214.91
1650,48,9273.74
1650,49,9075.47
1650,50,9141.3
1650,51,9163.99
1650,52,9232.91
1650,53,9173.21
1650,54,9084.64
1650,55,9111.91
1650,56,9139.17
1650,57,9074.33
1650,58,9039.53
1650,59,9197.04
1650,60,9163.45
1650,61,9065.12
1650,62,9141.47
1650,63,9218.95
1650,64,9175.88
1650,65,9003.49
1650,66,9100.75
1650,67,9034.28
1650,68,9083.26
1650,69,9173.78
1650,70,9125.78
1650,71,9151.31
1650,72,9228.55
1650,73,9157.74
1650,74,9191.81
1650,75,9223.31
1650,76,9110.53
1650,77,9172.48
1650,78,9122.75
1650,79,9179.68
1650,80,9178.69
1650,81,9121.04
1650,82,9098.74
1650,83,9100
1650,84,9063.95
1650,85,9074.7
1650,86,9131.46
1650,87,9163.28
1650,88,9196.15
1650,89,9063.87
1650,90,9017.6
1650,91,9113.53
1650,92,9043.23
1650,93,9143.21
1650,94,9102.24
1650,95,9153.42
1650,96,9102.84
1650,97,9166.45
1650,98,9142.16
1650,99,9157.18
1660,0,9271.12
1660,1,9197.43
1660,2,9164.65
1660,3,9188.62
1660,4,9082.93
1660,5,9217.29
1660,6,9144.81
1660,7,9158.39
1660,8,9053.58
1660,9,9140.9
1660,10,9099.83
1660,11,9171.54
1660,12,9155.45
1660,13,9139.17
1660,14,9064.3
1660,15,9188.64
1660,16,9068.5
1660,17,9268.84
1660,18,9203.49
1660,19,9155.19
1660,20,9145.9
1660,21,9077.75
1660,22,9142.74
1660,23,9117.63
1660,24,9211.27
1660,25,9118.85
1660,26,9185.45
1660,27,9038.99
1660,28,9062.46
1660,29,9147.78
1660,30,9150.42
1660,31,9207.05
1660,32,9149.97
1660,33,9137.46
1660,34,9063.84
1660,35,9033.23
1660,36,9232.6
1660,37,9120.56
1660,38,9234.17
1660,39,9157.71
1660,40,9216.63
1660,41,9049.71
1660,42,9173.16
1660,43,9121.62
1660,44,9102.44
1660,45,9092.27
1660,46,9141.32
1660,47,9210.63
1660,48,9271.71
1660,49,9068.81
1660,50,9139.49
1660,51,9159.5
1660,52,9229.08
1660,53,9168.33
1660,54,9081.71
1660,55,9107.82
1660,56,9137.1
1660,57,9071.93
1660,58,9036.09
1660,59,9191.51
1660,60,9160.19
1660,61,9059.1
1660,62,9138.73
1660,63,9215.31
1660,64,9174.21
1660,65,8996.49
1660,66,9096.58
1660,67,9029.24
1660,68,9080.26
1660,69,9170.1
1660,70,9122.53
1660,71,9146.43
1660,72,9225.35
1660,73,9152.8
1660,74,9185.59
1660,75,9219.82
1660,76,9106.75
1660,77,9168.45
1660,78,9120.72
1660,79,9176.31
1660,80,9174.75
1660,81,9113.58
1660,82,9094.85
1660,83,9097.59
1660,84,9059.04
1660,85,9068.24
1660,86,9128.26
1660,87,9159.02
1660,88,9193.07
1660,89,9056.29
1660,90,9010.85
1660,91,9109.19
1660,92,9040.52
1660,93,9138.43
1660,94,9098.23
1660,95,9147.72
1660,96,9100.06
1660,97,9165.72
1660,98,9137.5
1660,99,9154.16
1670,0,9270.82
1670,1,9197.13
1670,2,9164.35
1670,3,9188.32
1670,4,9082.63
1670,5,9216.99
1670,6,9144.51
1670,7,9158.09
1670,8,9053.28
1670,9,9140.6
1670,10,9099.53
1670,11,9171.24
1670,12,9155.15
1670,13,9138.87
1670,14,9064
1670,15,9188.34
1670,16,9068.2
1670,17,9268.54
1670,18,9203.19
1670,19,9154.89
1670,20,9145.6
1670,21,9077.45
1670,22,9142.44
1670,23,9117.33
1670,24,9210.97
1670,25,9118.55
1670,26,9185.15
1670,27,9038.69
1670,28,9062.16
1670,29,9147.48
1670,30,9150.12
1670,31,9206.75
1670,32,9149.67
1670,33,9137.16
1670,34,9063.54
1670,35,9032.93
1670,36,9232.3
1670,37,9120.26
1670,38,9233.87
1670,39,9157.41
1670,40,9216.33
1670,41,9049.41
1670,42,9172.86
1670,43,9121.32
1670,44,9102.14
1670,45,9091.97
1670,46,9141.02
1670,47,9210.33
1670,48,9271.41
1670,49,9068.51
1670,50,9139.19
1670,51,9159.2
1670,52,9228.78
1670,53,9168.03
1670,54,9081.41
1670,55,9107.52
1670,56,9136.8
1670,57,9071.63
1670,58,9035.79
1670,59,9191.21
1670,60,9159.89
1670,61,9058.8
1670,62,9138.43
1670,63,9215.01
1670,64,9173.91
1670,65,8996.19
1670,66,9096.28
1670,67,9028.94
1670,68,9079.96
1670,69,9169.8
1670,70,9122.23
1670,71,9146.13
1670,72,9225.05
1670,73,9152.5
1670,74,9185.29
1670,75,9219.52
1670,76,9106.45
1670,77,9168.15
1670,78,9120.42
1670,79,9176.01
1670,80,9174.45
1670,81,9113.28
1670,82,9094.55
1670,83,9097.29
1670,84,9058.74
1670,85,9067.94
1670,86,9127.96
1670,87,9158.72
1670,88,9192.77
1670,89,9055.99
1670,90,9010.55
1670,91,9108.89
1670,92,9040.22
1670,93,9138.13
1670,94,9097.93
1670,95,9147.42
1670,96,9099.76
1670,97,9165.42
1670,98,9137.2
1670,99,9153.86
1680,0,9264.95
1680,1,9190.36
1680,2,9159.03
1680,3,9182.39
1680,4,9077.36
1680,5,9210.27
1680,6,9141.61
1680,7,9153.66
1680,8,9048.16
1680,9,9134.62
1680,10,9094.19
1680,11,9166.73
1680,12,9149.43
1680,13,9135.85
1680,14,9058.44
1680,15,9182.09
1680,16,9063.23
1680,17,9263.15
1680,18,9195.37
1680,19,9148.83
1680,20,9139.1
1680,21,9070.85
1680,22,9134.83
1680,23,9110.98
1680,24,9204.36
1680,25,9115.4
1680,26,9179.67
1680,27,9032.75
1680,28,9057.14
1680,29,9140.15
1680,30,9143.54
1680,31,9203.07
1680,32,9141.85
1680,33,9129.91
1680,34,9058.2
1680,35,9025.98
1680,36,9226.83
1680,37,9113.38
1680,38,9229.61
1680,39,9150.99
1680,40,9209.92
1680,41,9043.09
1680,42,9169.77
1680,43,9116.04
1680,44,9097.57
1680,45,9084.83
1680,46,9139.05
1680,47,9204.71
1680,48,9265.79
1680,49,9065.59
1680,50,9132.48
1680,51,9152.88
1680,52,9224.29
1680,53,9160.34
1680,54,9074.28
1680,55,9103.33
1680,56,9127
1680,57,9065.61
1680,58,9029.01
1680,59,9186.1
1680,60,9152.97
1680,61,9053.71
1680,62,9133.69
1680,63,9208.71
1680,64,9165.47
1680,65,8989.58
1680,66,9090.37
1680,67,9026.46
1680,68,9073.41
1680,69,9162.28
1680,70,9117.33
1680,71,9138.71
1680,72,9218.33
1680,73,9148.36
1680,74,9180.95
1680,75,9212.66
1680,76,9101.23
1680,77,9162.75
1680,78,9112.95
1680,79,9171.52
1680,80,9170.57
1680,81,9106.18
1680,82,9089.86
1680,83,9090.84
1680,84,9054.62
1680,85,9060.69
1680,86,9125.33
1680,87,9152.42
1680,88,9185.35
1680,89,9049.21
1680,90,9002.55
1680,91,9102.1
1680,92,9037.93
1680,93,9134.14
1680,94,9092.5
1680,95,9141.27
1680,96,9092.77
1680,97,9162.05
1680,98,9129.49
1680,99,9149.32
1690,0,9261.41
1690,1,9184.99
1690,2,9150.49
1690,3,9175.9
1690,4,9069.89
1690,5,9204.04
1690,6,9133.9
1690,7,9145.62
1690,8,9040.19
1690,9,9127.96
1690,10,9085.97
1690,11,9159.68
1690,12,9142.81
1690,13,9125.61
1690,14,9050.39
1690,15,9178.7
1690,16,9053.82
1690,17,9257.28
1690,18,9190
1690,19,9141.77
1690,20,9134.36
1690,21,9059.22
1690,22,9128.14
1690,23,9104.95
1690,24,9200.65
1690,25,9102.54
1690,26,9173.82
1690,27,9025.43
1690,28,9046.82
1690,29,9135.49
1690,30,9136.5
1690,31,9192.72
1690,32,9135.01
1690,33,9124.3
1690,34,9048.95
1690,35,9017.88
1690,36,9222.34
1690,37,9106.12
1690,38,9220.43
1690,39,9144.78
1690,40,9203.65
1690,41,9036.37
1690,42,9161.13
1690,43,9105.82
1690,44,9088.72
1690,45,9078.39
1690,46,9125.97
1690,47,9199.34
1690,48,9261.22
1690,49,9051.75
1690,50,9125.15
1690,51,9144.84
1690,52,9220.71
1690,53,9156.33
1690,54,9065.25
1690,55,9092.68
1690,56,9121.96
1690,57,9057.83
1690,58,9019.98
1690,59,9181.04
1690,60,9147.82
1690,61,9045.55
1690,62,9123.57
1690,63,9202.22
1690,64,9160.64
1690,65,8978.95
1690,66,9081.85
1690,67,9014.51
1690,68,9064.46
1690,69,9156.8
1690,70,9109.19
1690,71,9132.84
1690,72,9214.49
1690,73,9139.56
1690,74,9171.41
1690,75,9208.25
1690,76,9092.01
1690,77,9158.34
1690,78,9107.59
1690,79,9160.79
1690,80,9162.45
1690,81,9098.43
1690,82,9082.22
1690,83,9086.72
1690,84,9042.73
1690,85,9053.52
1690,86,9115.36
1690,87,9145.61
1690,88,9180.06
1690,89,9042.46
1690,90,8994.01
1690,91,9096.14
1690,92,9026.13
1690,93,9123.38
1690,94,9084.21
1690,95,9133.09
1690,96,9085.28
1690,97,9151.57
1690,98,9124.02
1690,99,9139.26
1700,0,9261.11
1700,1,9184.69
1700,2,9150.19
1700,3,9175.6
1700,4,9069.59
1700,5,9203.74
1700,6,9133.6
1700,7,9145.32
1700,8,9039.89
1700,9,9127.66
1700,10,9085.67
1700,11,9159.38
1700,12,9142.51
1700,13,9125.31
1700,14,9050.09
1700,15,9178.4
1700,16,9053.52
1700,17,9256.98
1700,18,9189.7
1700,19,9141.47
1700,20,9134.06
1700,21,9058.92
1700,22,9127.84
1700,23,9104.65
1700,24,9200.35
1700,25,9102.24
1700,26,9173.52
1700,27,9025.13
1700,28,9046.52
1700,29,9135.19
1700,30,9136.2
1700,31,9192.42
1700,32,9134.71
1700,33,9124
1700,34,9048.65
1700,35,9017.58
1700,36,9222.04
1700,37,9105.82
1700,38,9220.13
1700,39,9144.48
1700,40,9203.35
1700,41,9036.07
1700,42,9160.83
1700,43,9105.52
1700,44,9088.42
1700,45,9078.09
1700,46,9125.67
1700,47,9199.04
1700,48,9260.92
1700,49,9051.45
1700,50,9124.85
1700,51,9144.54
1700,52,9220.41
1700,53,9156.03
1700,54,9064.95
1700,55,9092.38
1700,56,9121.66
1700,57,9057.53
1700,58,9019.68
1700,59,9180.74
1700,60,9147.52
1700,61,9045.25
1700,62,9123.27
1700,63,9201.92
1700,64,9160.34
1700,65,8978.65
1700,66,9081.55
1700,67,9014.21
1700,68,9064.16
1700,69,9156.5
1700,70,9108.89
1700,71,9132.54
1700,72,9214.19
1700,73,9139.26
1700,74,9171.11
1700,75,9207.95
1700,76,9091.71
1700,77,9158.04
1700,78,9107.29
1700,79,9160.49
1700,80,9162.15
1700,81,9098.13
1700,82,9081.92
1700,83,9086.42
1700,84,9042.43
1700,85,9053.22
1700,86,9115.06
1700,87,9145.31
1700,88,9179.76
1700,89,9042.16
1700,90,8993.71
1700,91,9095.84
1700,92,9025.83
1700,93,9123.08
1700,94,9083.91
1700,95,9132.79
1700,96,9084.98
1700,97,9151.27
1700,98,9123.72
1700,99,9138.96
1710,0,9260.81
1710,1,9182.28
1710,2,9147.46
1710,3,9171.32
1710,4,9066.32
1710,5,9199.47
1710,6,9130.73
1710,7,9145.02
1710,8,9036.19
1710,9,9125.02
1710,10,9080.29
1710,11,9159.08
1710,12,9138.34
1710,13,9122.31
1710,14,9049.79
1710,15,9174.45
1710,16,9052.04
1710,17,9256.68
1710,18,9186.89
1710,19,9138.48
1710,20,9129.86
1710,21,9055.08
1710,22,9123.32
1710,23,9100.99
1710,24,9196.68
1710,25,9098.77
1710,26,9168.7
1710,27,9022.53
1710,28,9041.63
1710,29,9131.53
1710,30,9132.7
1710,31,9188.83
1710,32,9130.58
1710,33,9120.22
1710,34,9046.8
1710,35,9015.02
1710,36,9218.67
1710,37,9103.02
1710,38,9216.93
1710,39,9142.78
1710,40,9200.39
1710,41,9033.7
1710,42,9160.53
1710,43,9103.53
1710,44,9085.81
1710,45,9072.93
1710,46,9123.68
1710,47,9198.74
1710,48,9256.76
1710,49,9048.44
1710,50,9119.38
1710,51,9140.85
1710,52,9216.61
1710,53,9153.49
1710,54,9062.98
1710,55,9088.14
1710,56,9117.06
1710,57,9053.62
1710,58,9017.49
1710,59,9180.44
1710,60,9143.49
1710,61,9041.52
1710,62,9118.99
1710,63,9198.29
1710,64,9158.22
1710,65,8977.01
1710,66,9079.05
1710,67,9011.92
1710,68,9060.41
1710,69,9151.27
1710,70,9105.16
1710,71,9127.49
1710,72,9213.89
1710,73,9135.1
1710,74,9170.81
1710,75,9205.23
1710,76,9087.31
1710,77,9157.74
1710,78,9102.77
1710,79,9156.18
1710,80,9161.85
1710,81,9094.47
1710,82,9077.26
1710,83,9083.09
1710,84,9038.37
1710,85,9049.89
1710,86,9112.48
1710,87,9142.58
1710,88,9176.34
1710,89,9037.25
1710,90,8989.44
1710,91,9092.06
1710,92,9023.56
1710,93,9119.04
1710,94,9081.69
1710,95,9128.12
1710,96,9082.13
1710,97,9147.67
1710,98,9120.33
1710,99,9138.66
1720,0,9249.43
1720,1,9172.61
1720,2,9133.74
1720,3,9164.1
1720,4,9054
1720,5,9191.11
1720,6,9119.47
1720,7,9132.81
1720,8,9022.15
1720,9,9112.62
1720,10,9068
1720,11,9146.85
1720,12,9130.19
1720,13,9112.86
1720,14,9033.28
1720,15,9167.38
1720,16,9038.73
1720,17,9246.29
1720,18,9173.3
1720,19,9127.06
1720,20,9117.04
1720,21,9038.71
1720,22,9112.89
1720,23,9091.42
1720,24,9188.97
1720,25,9085.58
1720,26,9160.88
1720,27,9009.04
1720,28,9029.4
1720,29,9119.77
1720,30,9122.24
1720,31,9176.85
1720,32,9120.5
1720,33,9106.94
1720,34,9034.16
1720,35,9002.68
1720,36,9210.3
1720,37,9092.2
1720,38,9207
1720,39,9131.42
1720,40,9189.82
1720,41,9022.62
1720,42,9147.04
1720,43,9089.88
1720,44,9069.54
1720,45,9061.17
1720,46,9109.78
1720,47,9186.99
1720,48,9252.07
1720,49,9035.15
1720,50,9108.51
1720,51,9131.36
1720,52,9208.57
1720,53,9141.84
1720,54,9047.58
1720,55,9076.57
1720,56,9108.5
1720,57,9041.82
1720,58,9003.97
1720,59,9167.52
1720,60,9133.71
1720,61,9027.37
1720,62,9108.22
1720,63,9189.11
1720,64,9145.65
1720,65,8962.42
1720,66,9066.04
1720,67,8998.18
1720,68,9049.04
1720,69,9145.14
1720,70,9093.46
1720,71,9118.72
1720,72,9201.96
1720,73,9124.95
1720,74,9157.08
1720,75,9194.72
1720,76,9078.2
1720,77,9145.87
1720,78,9091.31
1720,79,9143.98
1720,80,9149.1
1720,81,9082.29
1720,82,9067.31
1720,83,9075.01
1720,84,9025.35
1720,85,9038.74
1720,86,9100.26
1720,87,9129.73
1720,88,9165.44
1720,89,9028.95
1720,90,8977.8
1720,91,9080.3
1720,92,9012.01
1720,93,9106.68
1720,94,9068.34
1720,95,9117.92
1720,96,9070.99
1720,97,9132.31
1720,98,9110.06
1720,99,9124.19
1730,0,9249.13
1730,1,9172.31
1730,2,9133.44
1730,3,9163.8
1730,4,9053.7
1730,5,9190.81
1730,6,9119.17
1730,7,9132.51
1730,8,9021.85
1730,9,9112.32
1730,10,9067.7
1730,11,9146.55
1730,12,9129.89
1730,13,9112.56
1730,14,9032.98
1730,15,9167.08
1730,16,9038.43
1730,17,9245.99
1730,18,9173
1730,19,9126.76
1730,20,9116.74
1730,21,9038.41
1730,22,9112.59
1730,23,9091.12
1730,24,9188.67
1730,25,9085.28
1730,26,9160.58
1730,27,9008.74
1730,28,9029.1
1730,29,9119.47
1730,30,9121.94
1730,31,9176.55
1730,32,9120.2
1730,33,9106.64
1730,34,9033.86
1730,35,9002.38
1730,36,9210
1730,37,9091.9
1730,38,9206.7
1730,39,9131.12
1730,40,9189.52
1730,41,9022.32
1730,42,9146.74
1730,43,9089.58
1730,44,9069.24
1730,45,9060.87
1730,46,9109.48
1730,47,9186.69
1730,48,9251.77
1730,49,9034.85
1730,50,9108.21
1730,51,9131.06
1730,52,9208.27
1730,53,9141.54
1730,54,9047.28
1730,55,9076.27
1730,56,9108.2
1730,57,9041.52
1730,58,9003.67
1730,59,9167.22
1730,60,9133.41
1730,61,9027.07
1730,62,9107.92
1730,63,9188.81
1730,64,9145.35
1730,65,8962.12
1730,66,9065.74
1730,67,8997.88
1730,68,9048.74
1730,69,9144.84
1730,70,9093.16
1730,71,9118.42
1730,72,9201.66
1730,73,9124.65
1730,74,9156.78
1730,75,9194.42
1730,76,9077.9
1730,77,9145.57
1730,78,9091.01
1730,79,9143.68
1730,80,9148.8
1730,81,9081.99
1730,82,9067.01
1730,83,9074.71
1730,84,9025.05
1730,85,9038.44
1730,86,9099.96
1730,87,9129.43
1730,88,9165.14
1730,89,9028.65
1730,90,8977.5
1730,91,9080
1730,92,9011.71
1730,93,9106.38
1730,94,9068.04
1730,95,9117.62
1730,96,9070.69
1730,97,9132.01
1730,98,9109.76
1730,99,9123.89
1740,0,9248.83
1740,1,9172.01
1740,2,9133.09
1740,3,9163.5
1740,4,9053.4
1740,5,9190.51
1740,6,9118.87
1740,7,9132.21
1740,8,9021.55
1740,9,9111.8
1740,10,9065.86
1740,11,9146.25
1740,12,9129.59
1740,13,9112.26
1740,14,9032.68
1740,15,9164.66
1740,16,9036.96
1740,17,9245.69
1740,18,9171.09
1740,19,9124.1
1740,20,9114.89
1740,21,9036.82
1740,22,9110.68
1740,23,9087.93
1740,24,9188.37
1740,25,9084.98
1740,26,9160.28
1740,27,9008.44
1740,28,9027.56
1740,29,9117.32
1740,30,9121.64
1740,31,9173.9
1740,32,9117.63
1740,33,9106.34
1740,34,9031.97
1740,35,9002.03
1740,36,9209.7
1740,37,9091.28
1740,38,9206.4
1740,39,9129.44
1740,40,9189.22
1740,41,9019.94
1740,42,9146.44
1740,43,9087.54
1740,44,9066.61
1740,45,9058.4
1740,46,9109.18
1740,47,9186.39
1740,48,9251.47
1740,49,9034.49
1740,50,9105.78
1740,51,9130.76
1740,52,9207.97
1740,53,9139
1740,54,9046.98
1740,55,9074.5
1740,56,9105.71
1740,57,9038.54
1740,58,9003.37
1740,59,9166.92
1740,60,9132.08
1740,61,9026.77
1740,62,9106.07
1740,63,9188.51
1740,64,9143.32
1740,65,8961.82
1740,66,9063.27
1740,67,8997.58
1740,68,9048.44
1740,69,9144.54
1740,70,9092.86
1740,71,9116.77
1740,72,9201.36
1740,73,9123.3
1740,74,9156.48
1740,75,9194.12
1740,76,9077.6
1740,77,9145.27
1740,78,9087.4
1740,79,9140.64
1740,80,9148.5
1740,81,9080.89
1740,82,9064.95
1740,83,9074.41
1740,84,9024.75
1740,85,9036.46
1740,86,9099.66
1740,87,9128.91
1740,88,9162.8
1740,89,9027.29
1740,90,8975.57
1740,91,9078.32
1740,92,9011.41
1740,93,9104.97
1740,94,9067.74
1740,95,9115.97
1740,96,9070.06
1740,97,9129.81
1740,98,9109.46
1740,99,9123.59
1750,0,9235.36
1750,1,9159.23
1750,2,9119.43
1750,3,9149.29
1750,4,9038.21
1750,5,9176
1750,6,9103.76
1750,7,9119.15
1750,8,9005.38
1750,9,9098.7
1750,10,9050.95
1750,11,9131.82
1750,12,9116.93
1750,13,9096.62
1750,14,9016.28
1750,15,9155.3
1750,16,9024.22
1750,17,9232.97
1750,18,9159.14
1750,19,9113.22
1750,20,9103.21
1750,21,9020.54
1750,22,9098.52
1750,23,9078.44
1750,24,9175.91
1750,25,9069.32
1750,26,9148.03
1750,27,8991.32
1750,28,9012.3
1750,29,9101.85
1750,30,9107.47
1750,31,9162.57
1750,32,9105.48
1750,33,9090.47
1750,34,9018.67
1750,35,8987.55
1750,36,9196.93
1750,37,9078.44
1750,38,9193.7
1750,39,9118.33
1750,40,9177.34
1750,41,9008.2
1750,42,9131.91
1750,43,9073.29
1750,44,9052.54
1750,45,9047.45
1750,46,9095.2
1750,47,9172.7
1750,48,9238.9
1750,49,9018.66
1750,50,9094.09
1750,51,9118.4
1750,52,9197.41
1750,53,9129.27
1750,54,9032.12
1750,55,9061.39
1750,56,9096.04
1750,57,9027.21
1750,58,8988.25
1750,59,9153.84
1750,60,9121.56
1750,61,9010.49
1750,62,9092.11
1750,63,9176.11
1750,64,9131.89
1750,65,8945.5
1750,66,9050.41
1750,67,8982.23
1750,68,9034.03
1750,69,9132.58
1750,70,9077.59
1750,71,9105.22
1750,72,9188.94
1750,73,9110.34
1750,74,9143.66
1750,75,9179.87
1750,76,9063.94
1750,77,9131.42
1750,78,9076.93
1750,79,9128.32
1750,80,9133.97
1750,81,9067.22
1750,82,9052.9
1750,83,9061.49
1750,84,9009.92
1750,85,9023.73
1750,86,9083.02
1750,87,9115.6
1750,88,9152.64
1750,89,9015.64
1750,90,8959.3
1750,91,9065.57
1750,92,8996.22
1750,93,9091.8
1750,94,9051.73
1750,95,9100.98
1750,96,9056.8
1750,97,9120.45
1750,98,9095.31
1750,99,9108.97
1760,0,9235.06
1760,1,9158.93
1760,2,9119.13
1760,3,9148.99
1760,4,9037.91
1760,5,9175.7
1760,6,9103.46
1760,7,9118.85
1760,8,9005.08
1760,9,9098.4
1760,10,9050.65
1760,11,9131.52
1760,12,9116.63
1760,13,9096.32
1760,14,9015.98
1760,15,9155
1760,16,9023.92
1760,17,9232.67
1760,18,9158.84
1760,19,9112.92
1760,20,9102.91
1760,21,9020.24
1760,22,9098.22
1760,23,9078.14
1760,24,9175.61
1760,25,9069.02
1760,26,9147.73
1760,27,8991.02
1760,28,9012
1760,29,9101.55
1760,30,9107.17
1760,31,9162.27
1760,32,9105.18
1760,33,9090.17
1760,34,9018.37
1760,35,8987.25
1760,36,9196.63
1760,37,9078.14
1760,38,9193.4
1760,39,9118.03
1760,40,9177.04
1760,41,9007.9
1760,42,9131.61
1760,43,9072.99
1760,44,9052.24
1760,45,9047.15
1760,46,9094.9
1760,47,9172.4
1760,48,9238.6
1760,49,9018.36
1760,50,9093.79
1760,51,9118.1
1760,52,9197.11
1760,53,9128.97
1760,54,9031.82
1760,55,9061.09
1760,56,9095.74
1760,57,9026.91
1760,58,8987.95
1760,59,9153.54
1760,60,9121.26
1760,61,9010.19
1760,62,9091.81
1760,63,9175.81
1760,64,9131.59
1760,65,8945.2
1760,66,9050.11
1760,67,8981.93
1760,68,9033.73
1760,69,9132.28
1760,70,9077.29
1760,71,9104.92
1760,72,9188.64
1760,73,9110.04
1760,74,9143.36
1760,75,9179.57
1760,76,9063.64
1760,77,9131.12
1760,78,9076.63
1760,79,9128.02
1760,80,9133.67
1760,81,9066.92
1760,82,9052.6
1760,83,9061.19
1760,84,9009.62
1760,85,9023.43
1760,86,9082.72
1760,87,9115.3
1760,88,9152.34
1760,89,9015.34
1760,90,8959
1760,91,9065.27
1760,92,8995.92
1760,93,9091.5
1760,94,9051.43
1760,95,9100.68
1760,96,9056.5
1760,97,9120.15
1760,98,9095.01
1760,99,9108.67
1770,0,9234.76
1770,1,9158.63
1770,2,9118.77
1770,3,9148.69
1770,4,9037.61
1770,5,9175.4
1770,6,9103.16
1770,7,9118.55
1770,8,9004.78
1770,9,9097.89
1770,10,9050.35
1770,11,9131.22
1770,12,9116.33
1770,13,9096.02
1770,14,9015.68
1770,15,9154.7
1770,16,9023.62
1770,17,9232.37
1770,18,9158.54
1770,19,9112.15
1770,20,9102.61
1770,21,9019.94
1770,22,9097.92
1770,23,9077.84
1770,24,9175.31
1770,25,9068.72
1770,26,9147.43
1770,27,8990.72
1770,28,9011.7
1770,29,9101.25
1770,30,9106.87
1770,31,9161.91
1770,32,9104.88
1770,33,9089.87
1770,34,9018.07
1770,35,8986.89
1770,36,9196.33
1770,37,9077.84
1770,38,9193.1
1770,39,9117.73
1770,40,9176.74
1770,41,9007.6
1770,42,9131.31
1770,43,9072.69
1770,44,9051.94
1770,45,9046.85
1770,46,9094.6
1770,47,9172.1
1770,48,9238.3
1770,49,9018.06
1770,50,9093.49
1770,51,9117.8
1770,52,9196.81
1770,53,9128.67
1770,54,9031.52
1770,55,9060.79
1770,56,9095.44
1770,57,9025.83
1770,58,8987.65
1770,59,9153.24
1770,60,9120.96
1770,61,9009.89
1770,62,9091.51
1770,63,9175.51
1770,64,9131.29
1770,65,8944.9
1770,66,9049.81
1770,67,8981.63
1770,68,9033.43
1770,69,9131.98
1770,70,9076.99
1770,71,9104.62
1770,72,9188.34
1770,73,9109.74
1770,74,9143.06
1770,75,9179.27
1770,76,9063.34
1770,77,9130.82
1770,78,9076.33
1770,79,9127.72
1770,80,9133.37
1770,81,9066.62
1770,82,9052.3
1770,83,9060.89
1770,84,9009.32
1770,85,9023.13
1770,86,9082.42
1770,87,9114.79
1770,88,9152.04
1770,89,9015.04
1770,90,8958.7
1770,91,9064.97
1770,92,8995.62
1770,93,9091.2
1770,94,9051.13
1770,95,9100.38
1770,96,9056.2
1770,97,9119.85
1770,98,9094.71
1770,99,9108.37
1780,0,9224.28
1780,1,9147.96
1780,2,9104.02
1780,3,9136.23
1780,4,9024.03
1780,5,9164.02
1780,6,9088.39
1780,7,9105.46
1780,8,8991.51
1780,9,9084.99
1780,10,9036.66
1780,11,9119.44
1780,12,9106.29
1780,13,9084.08
1780,14,9002.52
1780,15,9144.3
1780,16,9007.42
1780,17,9220.57
1780,18,9143.47
1780,19,9098.64
1780,20,9089.49
1780,21,9004.66
1780,22,9083.16
1780,23,9066.56
1780,24,9163.11
1780,25,9055.1
1780,26,9136.84
1780,27,8973.76
1780,28,8998.1
1780,29,9084.72
1780,30,9094.55
1780,31,9148.46
1780,32,9090.48
1780,33,9075.88
1780,34,9002.36
1780,35,8971.7
1780,36,9185.35
1780,37,9063.65
1780,38,9180.86
1780,39,9104.49
1780,40,9165.65
1780,41,8993.02
1780,42,9117.93
1780,43,9057.48
1780,44,9038.61
1780,45,9032.83
1780,46,9079.22
1780,47,9159.81
1780,48,9225.73
1780,49,9000.61
1780,50,9079.56
1780,51,9106.27
1780,52,9187.66
1780,53,9116.68
1780,54,9014.87
1780,55,9046.14
1780,56,9083.42
1780,57,9012.68
1780,58,8970.98
1780,59,9140.4
1780,60,9108.63
1780,61,8996.65
1780,62,9076.74
1780,63,9161.62
1780,64,9117.85
1780,65,8931.37
1780,66,9036.6
1780,67,8968.65
1780,68,9018.4
1780,69,9120.81
1780,70,9064.41
1780,71,9090.85
1780,72,9178.05
1780,73,9094.28
1780,74,9129.66
1780,75,9166.06
1780,76,9049.45
1780,77,9119.9
1780,78,9062.84
1780,79,9112.02
1780,80,9119.93
1780,81,9051.01
1780,82,9039.61
1780,83,9048.85
1780,84,8996.06
1780,85,9008.41
1780,86,9068.11
1780,87,9101.54
1780,88,9140.65
1780,89,9001.52
1780,90,8941.32
1780,91,9050.91
1780,92,8982.61
1780,93,9077.23
1780,94,9034.99
1780,95,9084.39
1780,96,9041.13
1780,97,9107.94
1780,98,9080.62
1780,99,9093.35
1790,0,9223.98
1790,1,9147.66
1790,2,9103.72
1790,3,9135.93
1790,4,9023.73
1790,5,9163.72
1790,6,9088.09
1790,7,9105.16
1790,8,8991.21
1790,9,9084.69
1790,10,9036.36
1790,11,9119.14
1790,12,9105.99
1790,13,9083.78
1790,14,9002.22
1790,15,9144
1790,16,9007.12
1790,17,9220.27
1790,18,9143.17
1790,19,9098.34
1790,20,9089.19
1790,21,9004.36
1790,22,9082.86
1790,23,9066.26
1790,24,9162.81
1790,25,9054.8
1790,26,9136.54
1790,27,8973.46
1790,28,8997.8
1790,29,9084.42
1790,30,9094.25
1790,31,9148.16
1790,32,9090.18
1790,33,9075.58
1790,34,9002.06
1790,35,8971.4
1790,36,9185.05
1790,37,9063.35
1790,38,9180.56
1790,39,9104.19
1790,40,9165.35
1790,41,8992.72
1790,42,9117.63
1790,43,9057.18
1790,44,9038.31
1790,45,9032.53
1790,46,9078.92
1790,47,9159.51
1790,48,9225.43
1790,49,9000.31
1790,50,9079.26
1790,51,9105.97
1790,52,9187.36
1790,53,9116.38
1790,54,9014.57
1790,55,9045.84
1790,56,9083.12
1790,57,9012.38
1790,58,8970.68
1790,59,9140.1
1790,60,9108.33
1790,61,8996.35
1790,62,9076.44
1790,63,9161.32
1790,64,9117.55
1790,65,8931.07
1790,66,9036.3
1790,67,8968.35
1790,68,9018.1
1790,69,9120.51
1790,70,9064.11
1790,71,9090.55
1790,72,9177.75
1790,73,9093.98
1790,74,9129.36
1790,75,9165.76
1790,76,9049.15
1790,77,9119.6
1790,78,9062.54
1790,79,9111.72
1790,80,9119.63
1790,81,9050.71
1790,82,9039.31
1790,83,9048.55
1790,84,8995.76
1790,85,9008.11
1790,86,9067.81
1790,87,9101.24
1790,88,9140.35
1790,89,9001.22
1790,90,8941.02
1790,91,9050.61
1790,92,8982.31
1790,93,9076.93
1790,94,9034.69
1790,95,9084.09
1790,96,9040.83
1790,97,9107.64
1790,98,9080.32
1790,99,9093.05
1800,0,9223.68
1800,1,9147.36
1800,2,9103.42
1800,3,9135.63
1800,4,9023.43
1800,5,9163.42
1800,6,9087.79
1800,7,9104.86
1800,8,8990.91
1800,9,9084.39
1800,10,9036.06
1800,11,9118.84
1800,12,9105.69
1800,13,9083.48
1800,14,9001.92
1800,15,9143.7
1800,16,9006.82
1800,17,9219.97
1800,18,9142.87
1800,19,9098.04
1800,20,9088.89
1800,21,9004.06
1800,22,9082.56
1800,23,9065.96
1800,24,9162.51
1800,25,9054.5
1800,26,9136.24
1800,27,8973.16
1800,28,8997.5
1800,29,9084.12
1800,30,9093.95
1800,31,9147.86
1800,32,9089.88
1800,33,9075.28
1800,34,9001.76
1800,35,8971.1
1800,36,9184.75
1800,37,9063.05
1800,38,9180.26
1800,39,9103.89
1800,40,9165.05
1800,41,8992.42
1800,42,9117.33
1800,43,9056.88
1800,44,9038.01
1800,45,9032.23
1800,46,9078.62
1800,47,9159.21
1800,48,9225.13
1800,49,9000.01
1800,50,9078.96
1800,51,9105.67
1800,52,9187.06
1800,53,9116.08
1800,54,9014.27
1800,55,9045.54
1800,56,9082.82
1800,57,9012.08
1800,58,8970.38
1800,59,9139.8
1800,60,9108.03
1800,61,8996.05
1800,62,9076.14
1800,63,9161.02
1800,64,9117.25
1800,65,8930.77
1800,66,9036
1800,67,8968.05
1800,68,9017.8
1800,69,9120.21
1800,70,9063.81
1800,71,9090.25
1800,72,9177.45
1800,73,9093.68
1800,74,9129.06
1800,75,9165.46
1800,76,9048.85
1800,77,9119.3
1800,78,9062.24
1800,79,9111.42
1800,80,9119.33
1800,81,9050.41
1800,82,9039.01
1800,83,9048.25
1800,84,8995.46
1800,85,9007.81
1800,86,9067.51
1800,87,9100.94
1800,88,9140.05
1800,89,9000.92
1800,90,8940.72
1800,91,9050.31
1800,92,8982.01
1800,93,9076.63
1800,94,9034.39
1800,95,9083.79
1800,96,9040.53
1800,97,9107.34
1800,98,9080.02
1800,99,9092.75
1810,0,9211.63
1810,1,9136.59
1810,2,9089.55
1810,3,9122.25
1810,4,9007.63
1810,5,9149.86
1810,6,9074.49
1810,7,9091.98
1810,8,8975.23
1810,9,9071.36
1810,10,9019.95
1810,11,9106.28
1810,12,9093.59
1810,13,9068.81
1810,14,8984.55
1810,15,9131.38
1810,16,8991.91
1810,17,9209.46
1810,18,9128.19
1810,19,9085.09
1810,20,9074.72
1810,21,8986.62
1810,22,9068.73
1810,23,9054.35
1810,24,9151.45
1810,25,9038.49
1810,26,9123.99
1810,27,8955.62
1810,28,8981.83
1810,29,9067.88
1810,30,9079.82
1810,31,9135.27
1810,32,9074.42
1810,33,9060.3
1810,34,8986.96
1810,35,8955.14
1810,36,9173.26
1810,37,9048.84
1810,38,9166.3
1810,39,9090.22
1810,40,9152
1810,41,8977.38
1810,42,9105.27
1810,43,9040.26
1810,44,9021.36
1810,45,9018.46
1810,46,9063.31
1810,47,9146.58
1810,48,9214.23
1810,49,8982.89
1810,50,9065.14
1810,51,9092.83
1810,52,9177.41
1810,53,9103.32
1810,54,8997.45
1810,55,9031.08
1810,56,9070.83
1810,57,8998.21
1810,58,8953.63
1810,59,9126.07
1810,60,9096.2
1810,61,8980.24
1810,62,9061.16
1810,63,9147.02
1810,64,9102.92
1810,65,8914.4
1810,66,9019.63
1810,67,8951.62
1810,68,9002.07
1810,69,9108.88
1810,70,9047.36
1810,71,9077.18
1810,72,9166.85
1810,73,9078.19
1810,74,9114.96
1810,75,9153.02
1810,76,9033.34
1810,77,9106.11
1810,78,9050.55
1810,79,9096.22
1810,80,9107.02
1810,81,9036.04
1810,82,9023.72
1810,83,9035.97
1810,84,8979.43
1810,85,8994.84
1810,86,9053.31
1810,87,9088
1810,88,9126.74
1810,89,8988.02
1810,90,8924.63
1810,91,9037.21
1810,92,8966.23
1810,93,9062
1810,94,9019.6
1810,95,9068.11
1810,96,9027.02
1810,97,9093.48
1810,98,9066.03
1810,99,9078.09
1820,0,9211.33
1820,1,9136.29
1820,2,9089.25
1820,3,9121.95
1820,4,9007.33
1820,5,9149.56
1820,6,9074.19
1820,7,9091.68
1820,8,8974.93
1820,9,9071.06
1820,10,9019.65
1820,11,9105.98
1820,12,9093.29
1820,13,9068.51
1820,14,8984.25
1820,15,9131.08
1820,16,8991.61
1820,17,9209.16
1820,18,9127.89
1820,19,9084.79
1820,20,9074.42
1820,21,8986.32
1820,22,9068.43
1820,23,9054.05
1820,24,9151.15
1820,25,9038.19
1820,26,9123.69
1820,27,8955.32
1820,28,8981.53
1820,29,9067.58
1820,30,9079.52
1820,31,9134.97
1820,32,9074.12
1820,33,9060
1820,34,8986.66
1820,35,8954.84
1820,36,9172.96
1820,37,9048.54
1820,38,9166
1820,39,9089.92
1820,40,9151.7
1820,41,8977.08
1820,42,9104.97
1820,43,9039.96
1820,44,9021.06
1820,45,9018.16
1820,46,9063.01
1820,47,9146.28
1820,48,9213.93
1820,49,8982.59
1820,50,9064.84
1820,51,9092.53
1820,52,9177.11
1820,53,9103.02
1820,54,8997.15
1820,55,9030.78
1820,56,9070.53
1820,57,8997.91
1820,58,8953.33
1820,59,9125.77
1820,60,9095.9
1820,61,8979.94
1820,62,9060.86
1820,63,9146.72
1820,64,9102.62
1820,65,8914.1
1820,66,9019.33
1820,67,8951.32
1820,68,9001.77
1820,69,9108.58
1820,70,9047.06
1820,71,9076.88
1820,72,9166.55
1820,73,9077.89
1820,74,9114.66
1820,75,9152.72
1820,76,9033.04
1820,77,9105.81
1820,78,9050.25
1820,79,9095.92
1820,80,9106.72
1820,81,9035.74
1820,82,9023.42
1820,83,9035.67
1820,84,8979.13
1820,85,8994.54
1820,86,9053.01
1820,87,9087.7
1820,88,9126.44
1820,89,8987.72
1820,90,8924.33
1820,91,9036.91
1820,92,8965.93
1820,93,9061.7
1820,94,9019.3
1820,95,9067.81
1820,96,9026.72
1820,97,9093.18
1820,98,9065.73
1820,99,9077.79
1830,0,9211.03
1830,1,9135.99
1830,2,9088.95
1830,3,9121.65
1830,4,9007.03
1830,5,9149.26
1830,6,9073.89
1830,7,9091.38
1830,8,8974.63
1830,9,9070.76
1830,10,9019.35
1830,11,9105.68
1830,12,9092.99
1830,13,9068.21
1830,14,8983.95
1830,15,9130.78
1830,16,8991.31
1830,17,9208.86
1830,18,9127.59
1830,19,9084.49
1830,20,9074.12
1830,21,8986.02
1830,22,9068.13
1830,23,9053.75
1830,24,9150.85
1830,25,9037.89
1830,26,9123.39
1830,27,8955.02
1830,28,8981.23
1830,29,9067.28
1830,30,9079.22
1830,31,9134.67
1830,32,9073.82
1830,33,9059.7
1830,34,8986.36
1830,35,8954.54
1830,36,9172.66
1830,37,9048.24
1830,38,9165.7
1830,39,9089.62
1830,40,9151.4
1830,41,8976.78
1830,42,9104.67
1830,43,9039.66
1830,44,9020.76
1830,45,9017.86
1830,46,9062.71
1830,47,9145.98
1830,48,9213.63
1830,49,8982.29
1830,50,9064.54
1830,51,9092.23
1830,52,9176.81
1830,53,9102.72
1830,54,8996.85
1830,55,9030.48
1830,56,9070.23
1830,57,8997.61
1830,58,8953.03
1830,59,9125.47
1830,60,9095.6
1830,61,8979.64
1830,62,9060.56
1830,63,9146.42
1830,64,9102.32
1830,65,8913.8
1830,66,9019.03
1830,67,8951.02
1830,68,9001.47
1830,69,9108.28
1830,70,9046.76
1830,71,9076.58
1830,72,9166.25
1830,73,9077.59
1830,74,9114.36
1830,75,9152.42
1830,76,9032.74
1830,77,9105.51
1830,78,9049.95
1830,79,9095.62
1830,80,9106.42
1830,81,9035.44
1830,82,9023.12
1830,83,9035.37
1830,84,8978.83
1830,85,8994.24
1830,86,9052.71
1830,87,9087.4
1830,88,9126.14
1830,89,8987.42
1830,90,8924.03
1830,91,9036.61
1830,92,8965.63
1830,93,9061.4
1830,94,9019
1830,95,9067.51
1830,96,9026.42
1830,97,9092.88
1830,98,9065.43
1830,99,9077.49
1840,0,9198.43
1840,1,9124.07
1840,2,9074.62
1840,3,9108.72
1840,4,8993.62
1840,5,9136.73
1840,6,9059.99
1840,7,9080.22
1840,8,8960.76
1840,9,9058.05
1840,10,9002.99
1840,11,9093.84
1840,12,9083.32
1840,13,9055.08
1840,14,8971.09
1840,15,9118.36
1840,16,8975.87
1840,17,9198.73
1840,18,9114.68
1840,19,9071.09
1840,20,9062.2
1840,21,8971.42
1840,22,9053.72
1840,23,9042.49
1840,24,9139.46
1840,25,9024.34
1840,26,9113.39
1840,27,8941.67
1840,28,8965.42
1840,29,9055.3
1840,30,9065.81
1840,31,9121.64
1840,32,9061.57
1840,33,9045.82
1840,34,8970.72
1840,35,8938.41
1840,36,9161.39
1840,37,9034.4
1840,38,9153.68
1840,39,9077.28
1840,40,9139.27
1840,41,8964.48
1840,42,9092.4
1840,43,9026.53
1840,44,9003.46
1840,45,9005.29
1840,46,9047.99
1840,47,9135.14
1840,48,9201.7
1840,49,8969.36
1840,50,9053.21
1840,51,9078.77
1840,52,9164.49
1840,53,9090.81
1840,54,8983.43
1840,55,9016.6
1840,56,9059.51
1840,57,8984.08
1840,58,8936.15
1840,59,9114.38
1840,60,9083.59
1840,61,8965.6
1840,62,9047.2
1840,63,9134.93
1840,64,9088.83
1840,65,8900.5
1840,66,9003.81
1840,67,8938.27
1840,68,8986.74
1840,69,9098.45
1840,70,9033.45
1840,71,9062.6
1840,72,9156.25
1840,73,9062.84
1840,74,9102.63
1840,75,9140.1
1840,76,9018.77
1840,77,9094.95
1840,78,9037.48
1840,79,9081.34
1840,80,9094.09
1840,81,9020.24
1840,82,9008.42
1840,83,9023.12
1840,84,8965.23
1840,85,8980.39
1840,86,9038.7
1840,87,9074.54
1840,88,9113.7
1840,89,8975.62
1840,90,8908.91
1840,91,9023.72
1840,92,8953.04
1840,93,9047.21
1840,94,9003.86
1840,95,9054.97
1840,96,9011.68
1840,97,9080.23
1840,98,9052.14
1840,99,9063.48
1850,0,9198.13
1850,1,9123.77
1850,2,9074.32
1850,3,9108.42
1850,4,8993.32
1850,5,9136.43
1850,6,9059.69
1850,7,9079.92
1850,8,8960.46
1850,9,9057.75
1850,10,9002.69
1850,11,9093.54
1850,12,9083.02
1850,13,9054.78
1850,14,8970.79
1850,15,9118.06
1850,16,8975.57
1850,17,9198.43
1850,18,9114.38
1850,19,9070.79
1850,20,9061.9
1850,21,8971.12
1850,22,9053.42
1850,23,9042.19
1850,24,9139.16
1850,25,9024.04
1850,26,9113.09
1850,27,8941.37
1850,28,8965.12
1850,29,9055
1850,30,9065.51
1850,31,9121.34
1850,32,9061.27
1850,33,9045.52
1850,34,8970.42
1850,35,8938.11
1850,36,9161.09
1850,37,9034.1
1850,38,9153.38
1850,39,9076.98
1850,40,9138.97
1850,41,8964.18
1850,42,9092.1
1850,43,9026.23
1850,44,9003.16
1850,45,9004.99
1850,46,9047.69
1850,47,9134.84
1850,48,9201.4
1850,49,8969.06
1850,50,9052.91
1850,51,9078.47
1850,52,9164.19
1850,53,9090.51
1850,54,8983.13
1850,55,9016.3
1850,56,9059.21
1850,57,8983.78
1850,58,8935.85
1850,59,9114.08
1850,60,9083.29
1850,61,8965.3
1850,62,9046.9
1850,63,9134.63
1850,64,9088.53
1850,65,8900.2
1850,66,9003.51
1850,67,8937.97
1850,68,8986.44
1850,69,9098.15
1850,70,9033.15
1850,71,9062.3
1850,72,9155.95
1850,73,9062.54
1850,74,9102.33
1850,75,9139.8
1850,76,9018.47
1850,77,9094.65
1850,78,9037.18
1850,79,9081.04
1850,80,9093.79
1850,81,9019.94
1850,82,9008.12
1850,83,9022.82
1850,84,8964.93
1850,85,8980.09
1850,86,9038.4
1850,87,9074.24
1850,88,9113.4
1850,89,8975.32
1850,90,8908.61
1850,91,9023.42
1850,92,8952.74
1850,93,9046.91
1850,94,9003.56
1850,95,9054.67
1850,96,9011.38
1850,97,9079.93
1850,98,9051.84
1850,99,9063.18
1860,0,9197.83
1860,1,9123.47
1860,2,9074.02
1860,3,9108.12
1860,4,8993.02
1860,5,9136.13
1860,6,9059.39
1860,7,9079.62
1860,8,8960.16
1860,9,9057.45
1860,10,9002.39
1860,11,9093.24
1860,12,9082.72
1860,13,9054.48
1860,14,8970.49
1860,15,9117.76
1860,16,8975.27
1860,17,9198.13
1860,18,9114.08
1860,19,9070.49
1860,20,9061.6
1860,21,8970.82
1860,22,9053.12
1860,23,9041.89
1860,24,9138.86
1860,25,9023.74
1860,26,9112.79
1860,27,8941.07
1860,28,8964.82
1860,29,9054.7
1860,30,9065.21
1860,31,9121.04
1860,32,9060.97
1860,33,9045.22
1860,34,8970.12
1860,35,8937.81
1860,36,9160.79
1860,37,9033.8
1860,38,9153.08
1860,39,9076.68
1860,40,9138.67
1860,41,8963.88
1860,42,9091.8
1860,43,9025.93
1860,44,9002.86
1860,45,9004.69
1860,46,9047.39
1860,47,9134.54
1860,48,9201.1
1860,49,8968.76
1860,50,9052.61
1860,51,9078.17
1860,52,9163.89
1860,53,9090.21
1860,54,8982.83
1860,55,9016
1860,56,9058.91
1860,57,8983.48
1860,58,8935.55
1860,59,9113.78
1860,60,9082.99
1860,61,8965
1860,62,9046.6
1860,63,9134.33
1860,64,9088.23
1860,65,8899.9
1860,66,9003.21
1860,67,8937.67
1860,68,8986.14
1860,69,9097.85
1860,70,9032.85
1860,71,9062
1860,72,9155.65
1860,73,9062.24
1860,74,9102.03
1860,75,9139.5
1860,76,9018.17
1860,77,9094.35
1860,78,9036.88
1860,79,9080.74
1860,80,9093.49
1860,81,9019.64
1860,82,9007.82
1860,83,9022.52
1860,84,8964.63
1860,85,8979.79
1860,86,9038.1
1860,87,9073.94
1860,88,9113.1
1860,89,8975.02
1860,90,8908.31
1860,91,9023.12
1860,92,8952.44
1860,93,9046.61
1860,94,9003.26
1860,95,9054.37
1860,96,9011.08
1860,97,9079.63
1860,98,9051.54
1860,99,9062.88
1870,0,9185.78
1870,1,9111.73
1870,2,9059.93
1870,3,9093.06
1870,4,8977.16
1870,5,9123.24
1870,6,9045.43
1870,7,9067
1870,8,8944.36
1870,9,9044.87
1870,10,8986.18
1870,11,9080.88
1870,12,9071.31
1870,13,9041.61
1870,14,8954.65
1870,15,9104.95
1870,16,8960.45
1870,17,9186.38
1870,18,9099.4
1870,19,9057.36
1870,20,9049.07
1870,21,8953.68
1870,22,9038.42
1870,23,9029.73
1870,24,9127.43
1870,25,9007.55
1870,26,9100.27
1870,27,8924.7
1870,28,8948.86
1870,29,9041.14
1870,30,9051.88
1870,31,9106.91
1870,32,9047.01
1870,33,9029.25
1870,34,8955.2
1870,35,8921.07
1870,36,9149.11
1870,37,9019.83
1870,38,9139.46
1870,39,9062.98
1870,40,9125.74
1870,41,8949.95
1870,42,9078.63
1870,43,9010
1870,44,8985.93
1870,45,8992.5
1870,46,9032.71
1870,47,9122.16
1870,48,9190.17
1870,49,8952.07
1870,50,9039.73
1870,51,9066.07
1870,52,9152.33
1870,53,9077.07
1870,54,8964.92
1870,55,9001.48
1870,56,9045.69
1870,57,8969.62
1870,58,8919.2
1870,59,9101.64
1870,60,9070.17
1870,61,8949.17
1870,62,9031.87
1870,63,9119.16
1870,64,9074.72
1870,65,8883.18
1870,66,8988.45
1870,67,8921.73
1870,68,8972.08
1870,69,9086.46
1870,70,9017.81
1870,71,9048.81
1870,72,9143.24
1870,73,9047.09
1870,74,9089.15
1870,75,9126.41
1870,76,9004.01
1870,77,9082.11
1870,78,9023.98
1870,79,9065.91
1870,80,9080.48
1870,81,9004.74
1870,82,8994.73
1870,83,9010.33
1870,84,8948.57
1870,85,8965.34
1870,86,9023.39
1870,87,9061.38
1870,88,9101.76
1870,89,8961.56
1870,90,8893.69
1870,91,9010.39
1870,92,8936.49
1870,93,9032.24
1870,94,8988.23
1870,95,9040.69
1870,96,8995.95
1870,97,9063.4
1870,98,9038.35
1870,99,9049.29
1880,0,9185.48
1880,1,9111.43
1880,2,9059.63
1880,3,9092.76
1880,4,8976.86
1880,5,9122.94
1880,6,9045.13
1880,7,9066.7
1880,8,8944.06
1880,9,9044.57
1880,10,8985.88
1880,11,9080.58
1880,12,9071.01
1880,13,9041.31
1880,14,8954.35
1880,15,9104.65
1880,16,8960.15
1880,17,9186.08
1880,18,9099.1
1880,19,9057.06
1880,20,9048.77
1880,21,8953.38
1880,22,9038.12
1880,23,9029.43
1880,24,9127.13
1880,25,9007.25
1880,26,9099.97
1880,27,8924.4
1880,28,8948.56
1880,29,9040.84
1880,30,9051.58
1880,31,9106.61
1880,32,9046.71
1880,33,9028.95
1880,34,8954.9
1880,35,8920.77
1880,36,9148.81
1880,37,9019.53
1880,38,9139.16
1880,39,9062.68
1880,40,9125.44
1880,41,8949.65
1880,42,9078.33
1880,43,9009.7
1880,44,8985.63
1880,45,8992.2
1880,46,9032.41
1880,47,9121.86
1880,48,9189.87
1880,49,8951.77
1880,50,9039.43
1880,51,9065.77
1880,52,9152.03
1880,53,9076.77
1880,54,8964.62
1880,55,9001.18
1880,56,9045.39
1880,57,8969.32
1880,58,8918.9
1880,59,9101.34
1880,60,9069.87
1880,61,8948.87
1880,62,9031.57
1880,63,9118.86
1880,64,9074.42
1880,65,8882.88
1880,66,8988.15
1880,67,8921.43
1880,68,8971.78
1880,69,9086.16
1880,70,9017.51
1880,71,9048.51
1880,72,9142.94
1880,73,9046.79
1880,74,9088.85
1880,75,9126.11
1880,76,9003.71
1880,77,9081.81
1880,78,9023.68
1880,79,9065.61
1880,80,9080.18
1880,81,9004.44
1880,82,8994.43
1880,83,9010.03
1880,84,8948.27
1880,85,8965.04
1880,86,9023.09
1880,87,9061.08
1880,88,9101.46
1880,89,8961.26
1880,90,8893.39
1880,91,9010.09
1880,92,8936.19
1880,93,9031.94
1880,94,8987.93
1880,95,9040.39
1880,96,8995.65
1880,97,9063.1
1880,98,9038.05
1880,99,9048.99
1890,0,9185.18
1890,1,9111.13
1890,2,9059.33
1890,3,9092.46
1890,4,8976.56
1890,5,9122.64
1890,6,9044.83
1890,7,9066.4
1890,8,8943.76
1890,9,9044.27
1890,10,8985.58
1890,11,9080.28
1890,12,9070.71
1890,13,9041.01
1890,14,8954.05
1890,15,9104.35
1890,16,8959.85
1890,17,9185.78
1890,18,9098.8
1890,19,9056.76
1890,20,9048.47
1890,21,8953.08
1890,22,9037.82
1890,23,9029.13
1890,24,9126.83
1890,25,9006.95
1890,26,9099.67
1890,27,8924.1
1890,28,8948.26
1890,29,9040.54
1890,30,9051.28
1890,31,9106.31
1890,32,9046.41
1890,33,9028.65
1890,34,8954.6
1890,35,8920.47
1890,36,9148.51
1890,37,9019.23
1890,38,9138.86
1890,39,9062.38
1890,40,9125.14
1890,41,8949.35
1890,42,9078.03
1890,43,9009.4
1890,44,8985.33
1890,45,8991.9
1890,46,9032.11
1890,47,9121.56
1890,48,9189.57
1890,49,8951.47
1890,50,9039.13
1890,51,9065.47
1890,52,9151.73
1890,53,9076.47
1890,54,8964.32
1890,55,9000.88
1890,56,9045.09
1890,57,8969.02
1890,58,8918.6
1890,59,9101.04
1890,60,9069.57
1890,61,8948.57
1890,62,9031.27
1890,63,9118.56
1890,64,9074.12
1890,65,8882.58
1890,66,8987.85
1890,67,8921.13
1890,68,8971.48
1890,69,9085.86
1890,70,9017.21
1890,71,9048.21
1890,72,9142.64
1890,73,9046.49
1890,74,9088.55
1890,75,9125.81
1890,76,9003.41
1890,77,9081.51
1890,78,9023.38
1890,79,9065.31
1890,80,9079.88
1890,81,9004.14
1890,82,8994.13
1890,83,9009.73
1890,84,8947.97
1890,85,8964.74
1890,86,9022.79
1890,87,9060.78
1890,88,9101.16
1890,89,8960.96
1890,90,8893.09
1890,91,9009.79
1890,92,8935.89
1890,93,9031.64
1890,94,8987.63
1890,95,9040.09
1890,96,8995.35
1890,97,9062.8
1890,98,9037.75
1890,99,9048.69
1900,0,9174.8
1900,1,9101.76
1900,2,9046.75
1900,3,9079.75
1900,4,8962.64
1900,5,9112.87
1900,6,9032.13
1900,7,9054.45
1900,8,8931.61
1900,9,9033.16
1900,10,8971.4
1900,11,9069.43
1900,12,9059.25
1900,13,9028.89
1900,14,8938.89
1900,15,9090.25
1900,16,8948.15
1900,17,9175.7
1900,18,9084.34
1900,19,9044.06
1900,20,9037.53
1900,21,8937.54
1900,22,9026.3
1900,23,9017.22
1900,24,9116.26
1900,25,8992.83
1900,26,9091.01
1900,27,8911.57
1900,28,8934.91
1900,29,9030.34
1900,30,9040.43
1900,31,9094.17
1900,32,9034.07
1900,33,9016.39
1900,34,8941.79
1900,35,8907.97
1900,36,9137.6
1900,37,9008.34
1900,38,9124.96
1900,39,9051.97
1900,40,9113.69
1900,41,8937.77
1900,42,9066.35
1900,43,8996.31
1900,44,8970.99
1900,45,8982.59
1900,46,9020.79
1900,47,9109.8
1900,48,9180.25
1900,49,8936.28
1900,50,9026.32
1900,51,9055.99
1900,52,9142.32
1900,53,9066.7
1900,54,8951.13
1900,55,8988.46
1900,56,9033.83
1900,57,8956.13
1900,58,8903.78
1900,59,9091.8
1900,60,9056.61
1900,61,8936.23
1900,62,9017.68
1900,63,9106.7
1900,64,9060.59
1900,65,8867.42
1900,66,8972.6
1900,67,8908.4
1900,68,8959.1
1900,69,9074.78
1900,70,9003.81
1900,71,9037.08
1900,72,9132.6
1900,73,9034.3
1900,74,9078.67
1900,75,9113.84
1900,76,8991
1900,77,9070.99
1900,78,9011.67
1900,79,9051.23
1900,80,9068.04
1900,81,8992.13
1900,82,8981.1
1900,83,8997.79
1900,84,8935.15
1900,85,8952.62
1900,86,9011.58
1900,87,9051.01
1900,88,9089.13
1900,89,8949.93
1900,90,8880.84
1900,91,8998.58
1900,92,8922.87
1900,93,9018.99
1900,94,8975.7
1900,95,9028.99
1900,96,8983.12
1900,97,9050.38
1900,98,9028.14
1900,99,9036.87
1910,0,9174.5
1910,1,9101.46
1910,2,9046.45
1910,3,9079.45
1910,4,8962.34
1910,5,9112.57
1910,6,9031.83
1910,7,9054.15
1910,8,8931.31
1910,9,9032.86
1910,10,8971.1
1910,11,9069.13
1910,12,9058.95
1910,13,9028.59
1910,14,8938.59
1910,15,9089.95
1910,16,8947.85
1910,17,9175.4
1910,18,9084.04
1910,19,9043.76
1910,20,9037.23
1910,21,8937.24
1910,22,9026
1910,23,9016.92
1910,24,9115.96
1910,25,8992.53
1910,26,9090.71
1910,27,8911.27
1910,28,8934.61
1910,29,9030.04
1910,30,9040.13
1910,31,9093.87
1910,32,9033.77
1910,33,9016.09
1910,34,8941.49
1910,35,8907.67
1910,36,9137.3
1910,37,9008.04
1910,38,9124.66
1910,39,9051.67
1910,40,9113.39
1910,41,8937.47
1910,42,9066.05
1910,43,8996.01
1910,44,8970.69
1910,45,8982.29
1910,46,9020.49
1910,47,9109.5
1910,48,9179.95
1910,49,8935.98
1910,50,9026.02
1910,51,9055.69
1910,52,9142.02
1910,53,9066.4
1910,54,8950.83
1910,55,8988.16
1910,56,9033.53
1910,57,8955.83
1910,58,8903.48
1910,59,9091.5
1910,60,9056.31
1910,61,8935.93
1910,62,9017.38
1910,63,9106.4
1910,64,9060.29
1910,65,8867.12
1910,66,8972.3
1910,67,8908.1
1910,68,8958.8
1910,69,9074.48
1910,70,9003.51
1910,71,9036.78
1910,72,9132.3
1910,73,9034
1910,74,9078.37
1910,75,9113.54
1910,76,8990.7
1910,77,9070.69
1910,78,9011.37
1910,79,9050.93
1910,80,9067.74
1910,81,8991.83
1910,82,8980.8
1910,83,8997.49
1910,84,8934.85
1910,85,8952.32
1910,86,9011.28
1910,87,9050.71
1910,88,9088.83
1910,89,8949.63
1910,90,8880.54
1910,91,8998.28
1910,92,8922.57
1910,93,9018.69
1910,94,8975.4
1910,95,9028.69
1910,96,8982.82
1910,97,9050.08
1910,98,9027.84
1910,99,9036.57
1920,0,9174.2
1920,1,9101.16
1920,2,9046.15
1920,3,9079.15
1920,4,8962.04
1920,5,9112.27
1920,6,9031.53
1920,7,9053.85
1920,8,8931.01
1920,9,9032.56
1920,10,8970.8
1920,11,9068.83
1920,12,9058.65
1920,13,9028.29
1920,14,8938.29
1920,15,9089.65
1920,16,8947.55
1920,17,9175.1
1920,18,9083.74
1920,19,9043.46
1920,20,9036.93
1920,21,8936.94
1920,22,9025.7
1920,23,9016.62
1920,24,9115.66
1920,25,8992.23
1920,26,9090.41
1920,27,8910.97
1920,28,8934.31
1920,29,9029.74
1920,30,9039.83
1920,31,9093.57
1920,32,9033.47
1920,33,9015.79
1920,34,8941.19
1920,35,8907.37
1920,36,9137
1920,37,9007.74
1920,38,9124.36
1920,39,9051.37
1920,40,9113.09
1920,41,8937.17
1920,42,9065.75
1920,43,8995.71
1920,44,8970.39
1920,45,8981.99
1920,46,9020.19
1920,47,9109.2
1920,48,9179.65
1920,49,8935.68
1920,50,9025.72
1920,51,9055.39
1920,52,9141.72
1920,53,9066.1
1920,54,8950.53
1920,55,8987.86
1920,56,9033.23
1920,57,8955.53
1920,58,8903.18
1920,59,9091.2
1920,60,9056.01
1920,61,8935.63
1920,62,9017.08
1920,63,9106.1
1920,64,9059.99
1920,65,8866.82
1920,66,8972
1920,67,8907.8
1920,68,8958.5
1920,69,9074.18
1920,70,9003.21
1920,71,9036.48
1920,72,9132
1920,73,9033.7
1920,74,9078.07
1920,75,9113.24
1920,76,8990.4
1920,77,9070.39
1920,78,9011.07
1920,79,9050.63
1920,80,9067.44
1920,81,8991.53
1920,82,8980.5
1920,83,8997.19
1920,84,8934.55
1920,85,8952.02
1920,86,9010.98
1920,87,9050.41
1920,88,9088.53
1920,89,8949.33
1920,90,8880.24
1920,91,8997.98
1920,92,8922.27
1920,93,9018.39
1920,94,8975.1
1920,95,9028.39
1920,96,8982.52
1920,97,9049.78
1920,98,9027.54
1920,99,9036.27
1930,0,9162.25
1930,1,9090.61
1930,2,9032.11
1930,3,9063.06
1930,4,8944.39
1930,5,9102.17
1930,6,9018.99
1930,7,9039.48
1930,8,8914.1
1930,9,9015.72
1930,10,8953.1
1930,11,9058.25
1930,12,9047.47
1930,13,9016.82
1930,14,8920.55
1930,15,9073.61
1930,16,8931
1930,17,9164.92
1930,18,9067.63
1930,19,9026.21
1930,20,9020.73
1930,21,8918.89
1930,22,9011.65
1930,23,9000.93
1930,24,9103.36
1930,25,8975.94
1930,26,9078.9
1930,27,8894.82
1930,28,8916.34
1930,29,9015.26
1930,30,9028.54
1930,31,9076.64
1930,32,9017.52
1930,33,8997.98
1930,34,8921.44
1930,35,8892.22
1930,36,9125.2
1930,37,8993.91
1930,38,9110.26
1930,39,9038.03
1930,40,9099.07
1930,41,8924.59
1930,42,9054.1
1930,43,8975.17
1930,44,8953.35
1930,45,8968.14
1930,46,9001.87
1930,47,9095.39
1930,48,9165.49
1930,49,8920.97
1930,50,9010.21
1930,51,9043.24
1930,52,9128.53
1930,53,9054.08
1930,54,8933.95
1930,55,8972.07
1930,56,9017.69
1930,57,8937.74
1930,58,8890.32
1930,59,9080.62
1930,60,9039.27
1930,61,8918.48
1930,62,9002.49
1930,63,9092.41
1930,64,9042.73
1930,65,8851.22
1930,66,8954.72
1930,67,8893.13
1930,68,8945.28
1930,69,9062.94
1930,70,8986.13
1930,71,9018.39
1930,72,9120.05
1930,73,9018.2
1930,74,9064.49
1930,75,9101.26
1930,76,8974.63
1930,77,9060.31
1930,78,8996.28
1930,79,9033.48
1930,80,9055.58
1930,81,8976.26
1930,82,8964.92
1930,83,8983.03
1930,84,8918.34
1930,85,8938.7
1930,86,8999.76
1930,87,9033.71
1930,88,9074.38
1930,89,8935.25
1930,90,8865.31
1930,91,8982.87
1930,92,8906.22
1930,93,9001.17
1930,94,8963.43
1930,95,9013.37
1930,96,8968.63
1930,97,9036.56
1930,98,9016.96
1930,99,9022.92
1940,0,9161.95
1940,1,9090.31
1940,2,9031.81
1940,3,9062.76
1940,4,8944.09
1940,5,9101.87
1940,6,9018.69
1940,7,9039.18
1940,8,8913.8
1940,9,9015.42
1940,10,8952.8
1940,11,9057.95
1940,12,9047.17
1940,13,9016.52
1940,14,8920.25
1940,15,9073.31
1940,16,8930.7
1940,17,9164.62
1940,18,9067.33
1940,19,9025.91
1940,20,9020.43
1940,21,8918.59
1940,22,9011.35
1940,23,9000.63
1940,24,9103.06
1940,25,8975.64
1940,26,9078.6
1940,27,8894.52
1940,28,8916.04
1940,29,9014.96
1940,30,9028.24
1940,31,9076.34
1940,32,9017.22
1940,33,8997.68
1940,34,8921.16
1940,35,8891.92
1940,36,9124.9
1940,37,8993.61
1940,38,9109.96
1940,39,9037.73
1940,40,9098.77
1940,41,8924.29
1940,42,9053.8
1940,43,8974.88
1940,44,8953.05
1940,45,8967.84
1940,46,9001.57
1940,47,9095.09
1940,48,9165.19
1940,49,8920.67
1940,50,9009.91
1940,51,9042.94
1940,52,9128.23
1940,53,9053.78
1940,54,8933.65
1940,55,8971.77
1940,56,9017.39
1940,57,8937.44
1940,58,8890.02
1940,59,9080.32
1940,60,9038.97
1940,61,8918.18
1940,62,9002.19
1940,63,9092.11
1940,64,9042.43
1940,65,8850.92
1940,66,8954.42
1940,67,8892.83
1940,68,8944.98
1940,69,9062.64
1940,70,8985.83
1940,71,9018.09
1940,72,9119.75
1940,73,9017.9
1940,74,9064.19
1940,75,9100.96
1940,76,8974.33
1940,77,9060.01
1940,78,8995.98
1940,79,9033.18
1940,80,9055.28
1940,81,8975.96
1940,82,8964.62
1940,83,8982.73
1940,84,8918.04
1940,85,8938.4
1940,86,8999.46
1940,87,9033.41
1940,88,9074.08
1940,89,8934.95
1940,90,8865.01
1940,91,8982.57
1940,92,8905.92
1940,93,9000.87
1940,94,8963.13
1940,95,9013.07
1940,96,8968.33
1940,97,9036.26
1940,98,9016.66
1940,99,9022.62
1950,0,9161.65
1950,1,9090.01
1950,2,9031.51
1950,3,9062.46
1950,4,8943.79
1950,5,9101.57
1950,6,9018.39
1950,7,9038.88
1950,8,8913.5
1950,9,9015.12
1950,10,8952.5
1950,11,9057.65
1950,12,9046.87
1950,13,9016.22
1950,14,8919.95
1950,15,9073.01
1950,16,8930.4
1950,17,9164.32
1950,18,9067.03
1950,19,9025.61
1950,20,9020.13
1950,21,8918.29
1950,22,9011.05
1950,23,9000.33
1950,24,9102.76
1950,25,8975.34
1950,26,9078.3
1950,27,8894.22
1950,28,8915.74
1950,29,9014.66
1950,30,9027.94
1950,31,9076.04
1950,32,9016.92
1950,33,8997.38
1950,34,8920.86
1950,35,8891.62
1950,36,9124.6
1950,37,8993.31
1950,38,9109.66
1950,39,9037.43
1950,40,9098.47
1950,41,8923.99
1950,42,9053.5
1950,43,8974.58
1950,44,8952.75
1950,45,8967.54
1950,46,9001.27
1950,47,9094.79
1950,48,9164.89
1950,49,8920.37
1950,50,9009.61
1950,51,9042.64
1950,52,9127.93
1950,53,9053.48
1950,54,8933.35
1950,55,8971.47
1950,56,9017.09
1950,57,8937.14
1950,58,8889.72
1950,59,9080.02
1950,60,9038.67
1950,61,8917.88
1950,62,9001.89
1950,63,9091.81
1950,64,9042.13
1950,65,8850.62
1950,66,8954.12
1950,67,8892.53
1950,68,8944.68
1950,69,9062.34
1950,70,8985.53
1950,71,9017.79
1950,72,9119.45
1950,73,9017.6
1950,74,9063.89
1950,75,9100.66
1950,76,8974.03
1950,77,9059.71
1950,78,8995.68
1950,79,9032.88
1950,80,9054.98
1950,81,8975.66
1950,82,8964.32
1950,83,8982.43
1950,84,8917.74
1950,85,8938.1
1950,86,8999.16
1950,87,9033.11
1950,88,9073.78
1950,89,8934.65
1950,90,8864.71
1950,91,8982.27
1950,92,8905.62
1950,93,9000.57
1950,94,8962.83
1950,95,9012.77
1950,96,8968.03
1950,97,9035.96
1950,98,9016.36
1950,99,9022.32
1960,0,9151.11
1960,1,9079.68
1960,2,9016.47
1960,3,9051.08
1960,4,8928.11
1960,5,9089.98
1960,6,9005.83
1960,7,9026.41
1960,8,8901.29
1960,9,9003.26
1960,10,8936.37
1960,11,9047.38
1960,12,9035.45
1960,13,9004.34
1960,14,8906.12
1960,15,9063.41
1960,16,8915.98
1960,17,9153.93
1960,18,9050.58
1960,19,9009.48
1960,20,9007.42
1960,21,8903.28
1960,22,8995.7
1960,23,8986.48
1960,24,9091.91
1960,25,8962.08
1960,26,9066.67
1960,27,8880.14
1960,28,8901.15
1960,29,9001.79
1960,30,9016.77
1960,31,9060.95
1960,32,9001.93
1960,33,8984.95
1960,34,8907.05
1960,35,8877.98
1960,36,9114.51
1960,37,8980.59
1960,38,9097.51
1960,39,9025.92
1960,40,9087.23
1960,41,8911.49
1960,42,9041.93
1960,43,8960.18
1960,44,8937.28
1960,45,8955.44
1960,46,8984.49
1960,47,9082.71
1960,48,9155.45
1960,49,8905.56
1960,50,8991.88
1960,51,9032.57
1960,52,9117.81
1960,53,9042.36
1960,54,8918.95
1960,55,8956.35
1960,56,9005.81
1960,57,8922.89
1960,58,8874.91
1960,59,9069.51
1960,60,9027.69
1960,61,8904.38
1960,62,8988.12
1960,63,9077.32
1960,64,9028.56
1960,65,8836.53
1960,66,8937.02
1960,67,8878.97
1960,68,8933.15
1960,69,9053.16
1960,70,8972.41
1960,71,9003.2
1960,72,9109.12
1960,73,9004.02
1960,74,9052.95
1960,75,9088.69
1960,76,8960.11
1960,77,9049.16
1960,78,8983.57
1960,79,9018.18
1960,80,9043.17
1960,81,8962.6
1960,82,8950.48
1960,83,8970.78
1960,84,8904.8
1960,85,8925.03
1960,86,8986.72
1960,87,9020.51
1960,88,9060.57
1960,89,8922.58
1960,90,8852.03
1960,91,8969.06
1960,92,8893.42
1960,93,8988.27
1960,94,8948.87
1960,95,8997.62
1960,96,8956.52
1960,97,9025.6
1960,98,9005.12
1960,99,9010.38
1970,0,9150.81
1970,1,9079.38
1970,2,9016.17
1970,3,9050.78
1970,4,8927.81
1970,5,9089.68
1970,6,9005.53
1970,7,9026.11
1970,8,8900.99
1970,9,9002.96
1970,10,8936.07
1970,11,9047.08
1970,12,9035.15
1970,13,9004.04
1970,14,8905.82
1970,15,9063.11
1970,16,8915.68
1970,17,9153.63
1970,18,9050.28
1970,19,9009.18
1970,20,9007.12
1970,21,8902.98
1970,22,8995.4
1970,23,8986.18
1970,24,9091.61
1970,25,8961.78
1970,26,9066.37
1970,27,8879.84
1970,28,8900.85
1970,29,9001.49
1970,30,9016.47
1970,31,9060.65
1970,32,9001.63
1970,33,8984.65
1970,34,8906.75
1970,35,8877.68
1970,36,9114.21
1970,37,8980.29
1970,38,9097.21
1970,39,9025.62
1970,40,9086.93
1970,41,8911.19
1970,42,9041.63
1970,43,8959.88
1970,44,8936.98
1970,45,8955.14
1970,46,8984.19
1970,47,9082.41
1970,48,9155.15
1970,49,8905.26
1970,50,8991.58
1970,51,9032.27
1970,52,9117.51
1970,53,9042.06
1970,54,8918.65
1970,55,8956.05
1970,56,9005.51
1970,57,8922.59
1970,58,8874.61
1970,59,9069.21
1970,60,9027.39
1970,61,8904.08
1970,62,8987.82
1970,63,9077.02
1970,64,9028.26
1970,65,8836.23
1970,66,8936.72
1970,67,8878.67
1970,68,8932.85
1970,69,9052.86
1970,70,8972.11
1970,71,9002.9
1970,72,9108.82
1970,73,9003.72
1970,74,9052.65
1970,75,9088.39
1970,76,8959.81
1970,77,9048.86
1970,78,8983.27
1970,79,9017.88
1970,80,9042.87
1970,81,8962.3
1970,82,8950.18
1970,83,8970.48
1970,84,8904.5
1970,85,8924.73
1970,86,8986.42
1970,87,9020.21
1970,88,9060.27
1970,89,8922.28
1970,90,8851.73
1970,91,8968.76
1970,92,8893.12
1970,93,8987.97
1970,94,8948.57
1970,95,8997.32
1970,96,8956.22
1970,97,9025.3
1970,98,9004.82
1970,99,9010.08
1980,0,9150.51
1980,1,9079.08
1980,2,9015.87
1980,3,9050.48
1980,4,8927.51
1980,5,9089.38
1980,6,9005.23
1980,7,9025.81
1980,8,8900.69
1980,9,9002.66
1980,10,8935.77
1980,11,9046.78
1980,12,9034.85
1980,13,9003.74
1980,14,8905.52
1980,15,9062.81
1980,16,8915.38
1980,17,9153.33
1980,18,9049.98
1980,19,9008.88
1980,20,9006.82
1980,21,8902.68
1980,22,8995.1
1980,23,8985.88
1980,24,9091.31
1980,25,8961.48
1980,26,9066.07
1980,27,8879.54
1980,28,8900.55
1980,29,9001.19
1980,30,9016.17
1980,31,9060.35
1980,32,9001.33
1980,33,8984.35
1980,34,8906.45
1980,35,8877.38
1980,36,9113.91
1980,37,8979.99
1980,38,9096.91
1980,39,9025.32
1980,40,9086.63
1980,41,8910.89
1980,42,9041.33
1980,43,8959.58
1980,44,8936.68
1980,45,8954.84
1980,46,8983.89
1980,47,9082.11
1980,48,9154.85
1980,49,8904.96
1980,50,8991.28
1980,51,9031.97
1980,52,9117.21
1980,53,9041.76
1980,54,8918.35
1980,55,8955.75
1980,56,9005.21
1980,57,8922.29
1980,58,8874.31
1980,59,9068.91
1980,60,9027.09
1980,61,8903.78
1980,62,8987.52
1980,63,9076.72
1980,64,9027.96
1980,65,8835.93
1980,66,8936.42
1980,67,8878.37
1980,68,8932.55
1980,69,9052.56
1980,70,8971.81
1980,71,9002.6
1980,72,9108.52
1980,73,9003.42
1980,74,9052.35
1980,75,9088.09
1980,76,8959.51
1980,77,9048.56
1980,78,8982.97
1980,79,9017.58
1980,80,9042.57
1980,81,8962
1980,82,8949.88
1980,83,8970.18
1980,84,8904.2
1980,85,8924.43
1980,86,8986.12
1980,87,9019.91
1980,88,9059.97
1980,89,8921.98
1980,90,8851.43
1980,91,8968.46
1980,92,8892.82
1980,93,8987.67
1980,94,8948.27
1980,95,8997.02
1980,96,8955.92
1980,97,9025
1980,98,9004.52
1980,99,9009.78
1990,0,9135.63
1990,1,9065.4
1990,2,9000.45
1990,3,9035.27
1990,4,8908.15
1990,5,9074.66
1990,6,8988.65
1990,7,9011.14
1990,8,8881.89
1990,9,8987.97
1990,10,8917.86
1990,11,9032.72
1990,12,9023.27
1990,13,8989
1990,14,8883.09
1990,15,9049.58
1990,16,8895.42
1990,17,9139.88
1990,18,9032.3
1990,19,8988.33
1990,20,8990.83
1990,21,8882.25
1990,22,8979.66
1990,23,8971.17
1990,24,9077.8
1990,25,8943.25
1990,26,9053.51
1990,27,8859.49
1990,28,8882.1
1990,29,8985.17
1990,30,9002.42
1990,31,9040.72
1990,32,8981.48
1990,33,8965.17
1990,34,8889
1990,35,8858.21
1990,36,9100.1
1990,37,8962.85
1990,38,9077.69
1990,39,9009.61
1990,40,9072.21
1990,41,8896.58
1990,42,9026.42
1990,43,8942.26
1990,44,8917.87
1990,45,8940.63
1990,46,8963.07
1990,47,9067.8
1990,48,9137.52
1990,49,8885.29
1990,50,8980.32
1990,51,9018.35
1990,52,9104.37
1990,53,9031.32
1990,54,8897.81
1990,55,8940.77
1990,56,8988.76
1990,57,8905.68
1990,58,8856.12
1990,59,9055.6
1990,60,9012.09
1990,61,8884.61
1990,62,8974.49
1990,63,9058.24
1990,64,9012.68
1990,65,8816.4
1990,66,8918.06
1990,67,8859.18
1990,68,8916.74
1990,69,9040.44
1990,70,8954.77
1990,71,8985.68
1990,72,9095.43
1990,73,8984.87
1990,74,9038.36
1990,75,9071.91
1990,76,8942.04
1990,77,9033.76
1990,78,8969.81
1990,79,8998.08
1990,80,9027.19
1990,81,8944.06
1990,82,8933.31
1990,83,8954.76
1990,84,8886.53
1990,85,8907.35
1990,86,8969.36
1990,87,9004.96
1990,88,9044.72
1990,89,8905.04
1990,90,8833.59
1990,91,8952.56
1990,92,8872.49
1990,93,8970.36
1990,94,8929.63
1990,95,8979.18
1990,96,8938.55
1990,97,9009.69
1990,98,8990.87
1990,99,8995.28
2000,0,9135.35
2000,1,9065.12
2000,2,9000.17
2000,3,9034.99
2000,4,8907.9
2000,5,9074.39
2000,6,8988.4
2000,7,9010.88
2000,8,8881.66
2000,9,8987.68
2000,10,8917.6
2000,11,9032.45
2000,12,9022.98
2000,13,8988.73
2000,14,8882.87
2000,15,9049.28
2000,16,8895.19
2000,17,9139.61
2000,18,9032.02
2000,19,8988.05
2000,20,8990.56
2000,21,8881.99
2000,22,8979.38
2000,23,8970.88
2000,24,9077.52
2000,25,8943.01
2000,26,9053.23
2000,27,8859.27
2000,28,8881.85
2000,29,8984.88
2000,30,9002.14
2000,31,9040.45
2000,32,8981.23
2000,33,8964.94
2000,34,8888.75
2000,35,8857.98
2000,36,9099.82
2000,37,8962.61
2000,38,9077.43
2000,39,9009.35
2000,40,9071.93
2000,41,8896.29
2000,42,9026.15
2000,43,8942.02
2000,44,8917.62
2000,45,8940.35
2000,46,8962.81
2000,47,9067.53
2000,48,9137.22
2000,49,8885.06
2000,50,8980.02
2000,51,9018.06
2000,52,9104.08
2000,53,9031.02
2000,54,8897.58
2000,55,8940.48
2000,56,8988.47
2000,57,8905.4
2000,58,8855.88
2000,59,9055.33
2000,60,9011.8
2000,61,8884.38
2000,62,8974.19
2000,63,9057.99
2000,64,9012.39
2000,65,8816.17
2000,66,8917.81
2000,67,8858.96
2000,68,8916.47
2000,69,9040.15
2000,70,8954.49
2000,71,8985.4
2000,72,9095.15
2000,73,8984.63
2000,74,9038.08
2000,75,9071.66
2000,76,8941.79
2000,77,9033.49
2000,78,8969.51
2000,79,8997.82
2000,80,9026.93
2000,81,8943.81
2000,82,8933.05
2000,83,8954.49
2000,84,8886.28
2000,85,8907.08
2000,86,8969.1
2000,87,9004.67
2000,88,9044.45
2000,89,8904.79
2000,90,8833.35
2000,91,8952.29
2000,92,8872.27
2000,93,8970.08
2000,94,8929.39
2000,95,8978.91
2000,96,8938.3
2000,97,9009.39
2000,98,8990.58
2000,99,8995
2010,0,9135.05
2010,1,9064.82
2010,2,8999.87
2010,3,9034.69
2010,4,8907.6
2010,5,9074.09
2010,6,8988.1
2010,7,9010.58
2010,8,8881.36
2010,9,8987.38
2010,10,8917.3
2010,11,9032.15
2010,12,9022.68
2010,13,8988.43
2010,14,8882.57
2010,15,9048.98
2010,16,8894.89
2010,17,9139.31
2010,18,9031.72
2010,19,8987.75
2010,20,8990.26
2010,21,8881.69
2010,22,8979.08
2010,23,8970.58
2010,24,9077.22
2010,25,8942.71
2010,26,9052.93
2010,27,8858.97
2010,28,8881.55
2010,29,8984.58
2010,30,9001.84
2010,31,9040.15
2010,32,8980.93
2010,33,8964.64
2010,34,8888.45
2010,35,8857.68
2010,36,9099.52
2010,37,8962.31
2010,38,9077.13
2010,39,9009.05
2010,40,9071.63
2010,41,8895.99
2010,42,9025.85
2010,43,8941.72
2010,44,8917.32
2010,45,8940.05
2010,46,8962.51
2010,47,9067.23
2010,48,9136.92
2010,49,8884.76
2010,50,8979.72
2010,51,9017.76
2010,52,9103.78
2010,53,9030.72
2010,54,8897.28
2010,55,8940.18
2010,56,8988.17
2010,57,8905.1
2010,58,8855.58
2010,59,9055.03
2010,60,9011.5
2010,61,8884.08
2010,62,8973.89
2010,63,9057.69
2010,64,9012.09
2010,65,8815.87
2010,66,8917.51
2010,67,8858.66
2010,68,8916.17
2010,69,9039.85
2010,70,8954.19
2010,71,8985.1
2010,72,9094.85
2010,73,8984.33
2010,74,9037.78
2010,75,9071.36
2010,76,8941.49
2010,77,9033.19
2010,78,8969.21
2010,79,8997.52
2010,80,9026.63
2010,81,8943.51
2010,82,8932.75
2010,83,8954.19
2010,84,8885.98
2010,85,8906.78
2010,86,8968.8
2010,87,9004.37
2010,88,9044.15
2010,89,8904.49
2010,90,8833.05
2010,91,8951.99
2010,92,8871.97
2010,93,8969.78
2010,94,8929.09
2010,95,8978.61
2010,96,8938
2010,97,9009.09
2010,98,8990.28
2010,99,8994.7
2020,0,9124.78
2020,1,9052.61
2020,2,8984.66
2020,3,9019.53
2020,4,8893.74
2020,5,9062.92
2020,6,8974.27
2020,7,8996.87
2020,8,8866.36
2020,9,8972.18
2020,10,8902.67
2020,11,9020.97
2020,12,9009.38
2020,13,8976.9
2020,14,8867.85
2020,15,9037.65
2020,16,8880.76
2020,17,9128.41
2020,18,9018.76
2020,19,8973.57
2020,20,8975.55
2020,21,8864.28
2020,22,8966.04
2020,23,8955.9
2020,24,9065.98
2020,25,8928.39
2020,26,9040.31
2020,27,8841.84
2020,28,8867.39
2020,29,8970.49
2020,30,8990.59
2020,31,9025.31
2020,32,8966.24
2020,33,8950.67
2020,34,8870.11
2020,35,8843.51
2020,36,9088.38
2020,37,8948.66
2020,38,9060.87
2020,39,8995.3
2020,40,9055.77
2020,41,8882.85
2020,42,9014.14
2020,43,8922.43
2020,44,8900.84
2020,45,8926.77
2020,46,8950.14
2020,47,9054.12
2020,48,9124.25
2020,49,8870.2
2020,50,8963.15
2020,51,9005.92
2020,52,9090.18
2020,53,9018.08
2020,54,8881.19
2020,55,8925.43
2020,56,8977.19
2020,57,8888.57
2020,58,8841.9
2020,59,9044.42
2020,60,8996.43
2020,61,8869.04
2020,62,8959.81
2020,63,9041.98
2020,64,8996.92
2020,65,8801.48
2020,66,8903.33
2020,67,8846.03
2020,68,8904.36
2020,69,9030.79
2020,70,8940.44
2020,71,8968.26
2020,72,9084.38
2020,73,8968.29
2020,74,9026.76
2020,75,9057.89
2020,76,8926.65
2020,77,9022.61
2020,78,8951.08
2020,79,8984.48
2020,80,9014.44
2020,81,8927.74
2020,82,8918.42
2020,83,8940.85
2020,84,8871.36
2020,85,8895.6
2020,86,8956.16
2020,87,8989.37
2020,88,9032.03
2020,89,8889.94
2020,90,8819.12
2020,91,8937.6
2020,92,8858.27
2020,93,8954.08
2020,94,8914.92
2020,95,8966.28
2020,96,8922.92
2020,97,8997.09
2020,98,8979.53
2020,99,8983.42
2030,0,9124.48
2030,1,9052.31
2030,2,8984.37
2030,3,9019.23
2030,4,8893.44
2030,5,9062.62
2030,6,8973.97
2030,7,8996.57
2030,8,8866.08
2030,9,8971.89
2030,10,8902.37
2030,11,9020.67
2030,12,9009.08
2030,13,8976.6
2030,14,8867.56
2030,15,9037.35
2030,16,8880.46
2030,17,9128.11
2030,18,9018.46
2030,19,8973.27
2030,20,8975.26
2030,21,8864
2030,22,8965.74
2030,23,8955.6
2030,24,9065.68
2030,25,8928.1
2030,26,9040.01
2030,27,8841.57
2030,28,8867.09
2030,29,8970.19
2030,30,8990.29
2030,31,9025.02
2030,32,8965.95
2030,33,8950.38
2030,34,8869.85
2030,35,8843.22
2030,36,9088.08
2030,37,8948.36
2030,38,9060.59
2030,39,8995
2030,40,9055.47
2030,41,8882.55
2030,42,9013.84
2030,43,8922.18
2030,44,8900.56
2030,45,8926.47
2030,46,8949.84
2030,47,9053.82
2030,48,9123.95
2030,49,8869.92
2030,50,8962.85
2030,51,9005.62
2030,52,9089.88
2030,53,9017.78
2030,54,8880.91
2030,55,8925.13
2030,56,8976.89
2030,57,8888.28
2030,58,8841.61
2030,59,9044.12
2030,60,8996.15
2030,61,8868.76
2030,62,8959.51
2030,63,9041.7
2030,64,8996.64
2030,65,8801.19
2030,66,8903.03
2030,67,8845.73
2030,68,8904.06
2030,69,9030.49
2030,70,8940.14
2030,71,8967.98
2030,72,9084.08
2030,73,8968
2030,74,9026.46
2030,75,9057.6
2030,76,8926.35
2030,77,9022.31
2030,78,8950.78
2030,79,8984.18
2030,80,9014.14
2030,81,8927.45
2030,82,8918.12
2030,83,8940.55
2030,84,8871.07
2030,85,8895.3
2030,86,8955.86
2030,87,8989.08
2030,88,9031.73
2030,89,8889.64
2030,90,8818.83
2030,91,8937.3
2030,92,8857.98
2030,93,8953.8
2030,94,8914.62
2030,95,8965.98
2030,96,8922.64
2030,97,8996.79
2030,98,8979.23
2030,99,8983.12
2040,0,9124.18
2040,1,9052.01
2040,2,8984.07
2040,3,9018.93
2040,4,8893.14
2040,5,9062.32
2040,6,8973.67
2040,7,8996.27
2040,8,8865.78
2040,9,8971.59
2040,10,8902.07
2040,11,9020.37
2040,12,9008.78
2040,13,8976.3
2040,14,8867.26
2040,15,9037.05
2040,16,8880.16
2040,17,9127.81
2040,18,9018.16
2040,19,8972.97
2040,20,8974.96
2040,21,8863.7
2040,22,8965.44
2040,23,8955.3
2040,24,9065.38
2040,25,8927.8
2040,26,9039.71
2040,27,8841.27
2040,28,8866.79
2040,29,8969.89
2040,30,8989.99
2040,31,9024.72
2040,32,8965.65
2040,33,8950.08
2040,34,8869.55
2040,35,8842.92
2040,36,9087.78
2040,37,8948.06
2040,38,9060.29
2040,39,8994.7
2040,40,9055.17
2040,41,8882.25
2040,42,9013.54
2040,43,8921.88
2040,44,8900.26
2040,45,8926.17
2040,46,8949.54
2040,47,9053.52
2040,48,9123.65
2040,49,8869.62
2040,50,8962.55
2040,51,9005.32
2040,52,9089.58
2040,53,9017.48
2040,54,8880.61
2040,55,8924.83
2040,56,8976.59
2040,57,8887.98
2040,58,8841.31
2040,59,9043.82
2040,60,8995.85
2040,61,8868.46
2040,62,8959.21
2040,63,9041.4
2040,64,8996.34
2040,65,8800.89
2040,66,8902.73
2040,67,8845.43
2040,68,8903.76
2040,69,9030.19
2040,70,8939.84
2040,71,8967.68
2040,72,9083.78
2040,73,8967.7
2040,74,9026.16
2040,75,9057.3
2040,76,8926.05
2040,77,9022.01
2040,78,8950.48
2040,79,8983.88
2040,80,9013.84
2040,81,8927.15
2040,82,8917.82
2040,83,8940.25
2040,84,8870.77
2040,85,8895
2040,86,8955.56
2040,87,8988.78
2040,88,9031.43
2040,89,8889.34
2040,90,8818.53
2040,91,8937
2040,92,8857.68
2040,93,8953.5
2040,94,8914.32
2040,95,8965.68
2040,96,8922.34
2040,97,8996.49
2040,98,8978.93
2040,99,8982.82
2050,0,9110.92
2050,1,9037.41
2050,2,8969.65
2050,3,9006.07
2050,4,8876.46
2050,5,9047.89
2050,6,8958.07
2050,7,8981.25
2050,8,8848.7
2050,9,8958.17
2050,10,8884.98
2050,11,9007.34
2050,12,8997.34
2050,13,8961.96
2050,14,8851.35
2050,15,9020.13
2050,16,8861.1
2050,17,9114.91
2050,18,9002.34
2050,19,8957.48
2050,20,8960.1
2050,21,8845.12
2050,22,8950.49
2050,23,8941.98
2050,24,9053.26
2050,25,8909.75
2050,26,9026.16
2050,27,8822.08
2050,28,8851.06
2050,29,8955.55
2050,30,8976.51
2050,31,9009.75
2050,32,8948.76
2050,33,8932.4
2050,34,8851.91
2050,35,8824.62
2050,36,9074.27
2050,37,8932.19
2050,38,9045.55
2050,39,8979.84
2050,40,9036.46
2050,41,8867.61
2050,42,8998.78
2050,43,8904.01
2050,44,8881.36
2050,45,8913.82
2050,46,8934.3
2050,47,9038.75
2050,48,9108.06
2050,49,8855.07
2050,50,8943.93
2050,51,8993.32
2050,52,9075.75
2050,53,9005.99
2050,54,8861.66
2050,55,8911.34
2050,56,8962.09
2050,57,8873.87
2050,58,8823.41
2050,59,9030.63
2050,60,8983.27
2050,61,8850.99
2050,62,8945.64
2050,63,9024.4
2050,64,8982.72
2050,65,8782.36
2050,66,8887.04
2050,67,8827.23
2050,68,8888.78
2050,69,9019.04
2050,70,8924.91
2050,71,8952.16
2050,72,9071.56
2050,73,8948.76
2050,74,9012.5
2050,75,9042.57
2050,76,8910.62
2050,77,9008.58
2050,78,8939.15
2050,79,8970.08
2050,80,8998.89
2050,81,8910.59
2050,82,8903.16
2050,83,8925.12
2050,84,8853.11
2050,85,8877.76
2050,86,8940.17
2050,87,8976.75
2050,88,9018.77
2050,89,8873.74
2050,90,8805.64
2050,91,8922.82
2050,92,8844.19
2050,93,8938.52
2050,94,8896.29
2050,95,8950.65
2050,96,8905.49
2050,97,8981.18
2050,98,8964.9
2050,99,8969.59
2060,0,9110.67
2060,1,9037.14
2060,2,8969.38
2060,3,9005.79
2060,4,8876.22
2060,5,9047.64
2060,6,8957.82
2060,7,8980.99
2060,8,8848.46
2060,9,8957.89
2060,10,8884.73
2060,11,9007.08
2060,12,8997.04
2060,13,8961.7
2060,14,8851.09
2060,15,9019.83
2060,16,8860.87
2060,17,9114.64
2060,18,9002.09
2060,19,8957.2
2060,20,8959.81
2060,21,8844.88
2060,22,8950.23
2060,23,8941.68
2060,24,9052.99
2060,25,8909.52
2060,26,9025.89
2060,27,8821.85
2060,28,8850.78
2060,29,8955.27
2060,30,8976.25
2060,31,9009.48
2060,32,8948.51
2060,33,8932.17
2060,34,8851.66
2060,35,8824.39
2060,36,9074.01
2060,37,8931.95
2060,38,9045.29
2060,39,8979.58
2060,40,9036.21
2060,41,8867.34
2060,42,8998.53
2060,43,8903.76
2060,44,8881.12
2060,45,8913.53
2060,46,8934.05
2060,47,9038.48
2060,48,9107.76
2060,49,8854.81
2060,50,8943.63
2060,51,8993.03
2060,52,9075.46
2060,53,9005.69
2060,54,8861.43
2060,55,8911.05
2060,56,8961.79
2060,57,8873.57
2060,58,8823.18
2060,59,9030.35
2060,60,8983
2060,61,8850.76
2060,62,8945.34
2060,63,9024.14
2060,64,8982.45
2060,65,8782.14
2060,66,8886.78
2060,67,8827
2060,68,8888.53
2060,69,9018.75
2060,70,8924.63
2060,71,8951.9
2060,72,9071.28
2060,73,8948.53
2060,74,9012.24
2060,75,9042.33
2060,76,8910.37
2060,77,9008.33
2060,78,8938.85
2060,79,8969.81
2060,80,8998.64
2060,81,8910.34
2060,82,8902.88
2060,83,8924.87
2060,84,8852.87
2060,85,8877.49
2060,86,8939.92
2060,87,8976.47
2060,88,9018.49
2060,89,8873.49
2060,90,8805.36
2060,91,8922.55
2060,92,8838.75
2060,93,8938.25
2060,94,8896.05
2060,95,8950.39
2060,96,8905.25
2060,97,8980.88
2060,98,8964.62
2060,99,8969.32
2070,0,9110.37
2070,1,9036.84
2070,2,8969.08
2070,3,9005.49
2070,4,8875.92
2070,5,9047.34
2070,6,8957.52
2070,7,8980.69
2070,8,8848.16
2070,9,8957.59
2070,10,8884.43
2070,11,9006.78
2070,12,8996.74
2070,13,8961.4
2070,14,8850.79
2070,15,9019.53
2070,16,8860.57
2070,17,9114.34
2070,18,9001.79
2070,19,8956.9
2070,20,8959.51
2070,21,8844.58
2070,22,8949.93
2070,23,8941.38
2070,24,9052.69
2070,25,8909.22
2070,26,9025.59
2070,27,8821.55
2070,28,8850.48
2070,29,8954.97
2070,30,8975.95
2070,31,9009.18
2070,32,8948.21
2070,33,8931.87
2070,34,8851.36
2070,35,8824.09
2070,36,9073.71
2070,37,8931.65
2070,38,9044.99
2070,39,8979.28
2070,40,9035.91
2070,41,8867.04
2070,42,8998.23
2070,43,8903.46
2070,44,8880.82
2070,45,8913.23
2070,46,8933.75
2070,47,9038.18
2070,48,9107.46
2070,49,8854.51
2070,50,8943.33
2070,51,8992.73
2070,52,9075.16
2070,53,9005.39
2070,54,8861.13
2070,55,8910.75
2070,56,8961.49
2070,57,8873.27
2070,58,8822.88
2070,59,9030.05
2070,60,8982.7
2070,61,8850.46
2070,62,8945.04
2070,63,9023.84
2070,64,8982.15
2070,65,8781.84
2070,66,8886.48
2070,67,8826.7
2070,68,8888.23
2070,69,9018.45
2070,70,8924.33
2070,71,8951.6
2070,72,9070.98
2070,73,8948.23
2070,74,9011.94
2070,75,9042.03
2070,76,8910.07
2070,77,9008.03
2070,78,8938.55
2070,79,8969.51
2070,80,8998.34
2070,81,8910.04
2070,82,8902.58
2070,83,8924.57
2070,84,8852.57
2070,85,8877.19
2070,86,8939.62
2070,87,8976.17
2070,88,9018.19
2070,89,8873.19
2070,90,8805.06
2070,91,8922.25
2070,92,8838.45
2070,93,8937.95
2070,94,8895.75
2070,95,8950.09
2070,96,8904.95
2070,97,8980.58
2070,98,8964.32
2070,99,8969.02
2080,0,9096.5
2080,1,9024.42
2080,2,8954.97
2080,3,8992.57
2080,4,8860.51
2080,5,9033.33
2080,6,8943.58
2080,7,8966.48
2080,8,8833.11
2080,9,8943.48
2080,10,8868.59
2080,11,8995.11
2080,12,8983.97
2080,13,8949.14
2080,14,8834.76
2080,15,9002.87
2080,16,8846.64
2080,17,9100.97
2080,18,8988.6
2080,19,8943.79
2080,20,8946.25
2080,21,8826.49
2080,22,8936.76
2080,23,8924.34
2080,24,9039.83
2080,25,8892.22
2080,26,9009.51
2080,27,8806.96
2080,28,8834.04
2080,29,8941.59
2080,30,8962.6
2080,31,8993.79
2080,32,8931.85
2080,33,8916.41
2080,34,8833.82
2080,35,8807.09
2080,36,9061.84
2080,37,8917.31
2080,38,9029.54
2080,39,8966.16
2080,40,9018.91
2080,41,8851.79
2080,42,8985.89
2080,43,8885.88
2080,44,8863.38
2080,45,8900.72
2080,46,8920.98
2080,47,9024.04
2080,48,9089.19
2080,49,8839.72
2080,50,8926.61
2080,51,8980.66
2080,52,9062.62
2080,53,8993.03
2080,54,8844.5
2080,55,8896.69
2080,56,8943.87
2080,57,8859.41
2080,58,8808.13
2080,59,9017.26
2080,60,8970.74
2080,61,8835
2080,62,8932.02
2080,63,9011.22
2080,64,8967.91
2080,65,8766.64
2080,66,8871.03
2080,67,8812.45
2080,68,8875.53
2080,69,9006.72
2080,70,8906.78
2080,71,8938.25
2080,72,9058.71
2080,73,8931.13
2080,74,8998.33
2080,75,9028.04
2080,76,8895.44
2080,77,8994.03
2080,78,8924.75
2080,79,8953.69
2080,80,8983.55
2080,81,8896.1
2080,82,8886.46
2080,83,8910.78
2080,84,8836.34
2080,85,8861.43
2080,86,8923.99
2080,87,8962.35
2080,88,9006.45
2080,89,8858.78
2080,90,8791.36
2080,91,8909.16
2080,92,8822.42
2080,93,8923.88
2080,94,8878.7
2080,95,8938.62
2080,96,8890.2
2080,97,8969.99
2080,98,8950.29
2080,99,8954.46
2090,0,9096.24
2090,1,9024.13
2090,2,8954.7
2090,3,8992.29
2090,4,8860.26
2090,5,9033.08
2090,6,8943.32
2090,7,8966.21
2090,8,8832.86
2090,9,8943.21
2090,10,8868.33
2090,11,8994.83
2090,12,8983.69
2090,13,8948.86
2090,14,8834.51
2090,15,9002.58
2090,16,8846.36
2090,17,9100.71
2090,18,8988.31
2090,19,8943.49
2090,20,8945.96
2090,21,8826.25
2090,22,8936.48
2090,23,8924.04
2090,24,9039.55
2090,25,8891.98
2090,26,9009.23
2090,27,8806.7
2090,28,8833.79
2090,29,8941.3
2090,30,8962.34
2090,31,8993.53
2090,32,8931.6
2090,33,8916.16
2090,34,8833.58
2090,35,8806.86
2090,36,9061.56
2090,37,8917.05
2090,38,9029.28
2090,39,8965.88
2090,40,9018.64
2090,41,8851.53
2090,42,8985.62
2090,43,8885.64
2090,44,8863.14
2090,45,8900.43
2090,46,8920.7
2090,47,9023.77
2090,48,9088.9
2090,49,8839.47
2090,50,8926.31
2090,51,8980.38
2090,52,9062.33
2090,53,8992.73
2090,54,8844.26
2090,55,8896.41
2090,56,8943.58
2090,57,8859.12
2090,58,8807.88
2090,59,9017
2090,60,8970.45
2090,61,8834.76
2090,62,8931.73
2090,63,9010.94
2090,64,8967.64
2090,65,8766.39
2090,66,8870.77
2090,67,8812.17
2090,68,8875.26
2090,69,9006.43
2090,70,8906.54
2090,71,8937.97
2090,72,9058.42
2090,73,8930.89
2090,74,8998.07
2090,75,9027.78
2090,76,8895.17
2090,77,8993.77
2090,78,8924.46
2090,79,8953.43
2090,80,8983.3
2090,81,8895.83
2090,82,8886.21
2090,83,8910.52
2090,84,8836.1
2090,85,8861.16
2090,86,8923.73
2090,87,8962.07
2090,88,9006.15
2090,89,8858.51
2090,90,8791.09
2090,91,8908.88
2090,92,8822.18
2090,93,8923.6
2090,94,8878.46
2090,95,8938.33
2090,96,8889.94
2090,97,8969.69
2090,98,8950.03
2090,99,8954.21
2100,0,9095.94
2100,1,9023.83
2100,2,8954.4
2100,3,8991.99
2100,4,8859.96
2100,5,9032.78
2100,6,8943.02
2100,7,8965.91
2100,8,8832.56
2100,9,8942.91
2100,10,8868.03
2100,11,8994.53
2100,12,8983.39
2100,13,8948.56
2100,14,8834.21
2100,15,9002.28
2100,16,8846.06
2100,17,9100.41
2100,18,8988.01
2100,19,8943.19
2100,20,8945.66
2100,21,8825.95
2100,22,8936.18
2100,23,8923.74
2100,24,9039.25
2100,25,8891.68
2100,26,9008.93
2100,27,8806.4
2100,28,8833.49
2100,29,8941
2100,30,8962.04
2100,31,8993.23
2100,32,8931.3
2100,33,8915.86
2100,34,8833.28
2100,35,8806.56
2100,36,9061.26
2100,37,8916.75
2100,38,9028.98
2100,39,8965.58
2100,40,9018.34
2100,41,8851.23
2100,42,8985.32
2100,43,8885.34
2100,44,8862.84
2100,45,8900.13
2100,46,8920.4
2100,47,9023.47
2100,48,9088.6
2100,49,8839.17
2100,50,8926.01
2100,51,8980.08
2100,52,9062.03
2100,53,8992.43
2100,54,8843.96
2100,55,8896.11
2100,56,8943.28
2100,57,8858.82
2100,58,8807.58
2100,59,9016.7
2100,60,8970.15
2100,61,8834.46
2100,62,8931.43
2100,63,9010.64
2100,64,8967.34
2100,65,8766.09
2100,66,8870.47
2100,67,8811.87
2100,68,8874.96
2100,69,9006.13
2100,70,8906.24
2100,71,8937.67
2100,72,9058.12
2100,73,8930.59
2100,74,8997.77
2100,75,9027.48
2100,76,8894.87
2100,77,8993.47
2100,78,8924.16
2100,79,8953.13
2100,80,8983
2100,81,8895.53
2100,82,8885.91
2100,83,8910.22
2100,84,8835.8
2100,85,8860.86
2100,86,8923.43
2100,87,8961.77
2100,88,9005.85
2100,89,8858.21
2100,90,8790.79
2100,91,8908.58
2100,92,8821.88
2100,93,8923.3
2100,94,8878.16
2100,95,8938.03
2100,96,8889.64
2100,97,8969.39
2100,98,8949.73
2100,99,8953.91
2110,0,9083.23
2110,1,9011.74
2110,2,8939.95
2110,3,8980.32
2110,4,8845.62
2110,5,9020.23
2110,6,8929.76
2110,7,8953.08
2110,8,8817.36
2110,9,8928.83
2110,10,8852.79
2110,11,8983.82
2110,12,8970.7
2110,13,8936.29
2110,14,8818.39
2110,15,8990.01
2110,16,8829.32
2110,17,9089.43
2110,18,8971.54
2110,19,8926.46
2110,20,8930.35
2110,21,8809.79
2110,22,8923.32
2110,23,8910.34
2110,24,9027.1
2110,25,8876.22
2110,26,8993.82
2110,27,8792.01
2110,28,8817.98
2110,29,8928.65
2110,30,8950.54
2110,31,8978.6
2110,32,8916.02
2110,33,8900.37
2110,34,8815.51
2110,35,8790.66
2110,36,9049.01
2110,37,8905.02
2110,38,9015.35
2110,39,8952.11
2110,40,9001.16
2110,41,8838.46
2110,42,8972.83
2110,43,8867.45
2110,44,8846.41
2110,45,8887.04
2110,46,8907.74
2110,47,9010.02
2110,48,9075.96
2110,49,8824.17
2110,50,8911.31
2110,51,8967.6
2110,52,9048.23
2110,53,8979.99
2110,54,8829.24
2110,55,8882.71
2110,56,8930.74
2110,57,8843.1
2110,58,8793.28
2110,59,9002.85
2110,60,8955.38
2110,61,8818.65
2110,62,8918.83
2110,63,8997.66
2110,64,8954.34
2110,65,8753.1
2110,66,8854.34
2110,67,8797.6
2110,68,8862.14
2110,69,8994.73
2110,70,8889.64
2110,71,8923.19
2110,72,9046.39
2110,73,8916.52
2110,74,8986.15
2110,75,9013.79
2110,76,8882.74
2110,77,8982.47
2110,78,8909.66
2110,79,8937.98
2110,80,8969.93
2110,81,8883.38
2110,82,8870.63
2110,83,8896.22
2110,84,8820.81
2110,85,8848.71
2110,86,8909.1
2110,87,8947.96
2110,88,8991.63
2110,89,8845.95
2110,90,8777.74
2110,91,8896.35
2110,92,8805.72
2110,93,8909.59
2110,94,8864.24
2110,95,8925.32
2110,96,8874.87
2110,97,8958.03
2110,98,8938.18
2110,99,8941.58
2120,0,9082.98
2120,1,9011.47
2120,2,8939.69
2120,3,8980.05
2120,4,8845.37
2120,5,9019.98
2120,6,8929.5
2120,7,8952.82
2120,8,8817.12
2120,9,8928.58
2120,10,8852.54
2120,11,8983.54
2120,12,8970.45
2120,13,8936.02
2120,14,8818.16
2120,15,8989.71
2120,16,8829.08
2120,17,9089.15
2120,18,8971.31
2120,19,8926.2
2120,20,8930.09
2120,21,8809.55
2120,22,8923.05
2120,23,8910.04
2120,24,9026.83
2120,25,8875.98
2120,26,8993.55
2120,27,8791.76
2120,28,8817.73
2120,29,8928.37
2120,30,8950.27
2120,31,8978.35
2120,32,8915.77
2120,33,8900.13
2120,34,8815.29
2120,35,8790.43
2120,36,9048.75
2120,37,8904.74
2120,38,9015.09
2120,39,8951.84
2120,40,9000.89
2120,41,8838.19
2120,42,8972.57
2120,43,8867.22
2120,44,8846.17
2120,45,8886.76
2120,46,8907.48
2120,47,9009.76
2120,48,9075.66
2120,49,8823.93
2120,50,8911.01
2120,51,8967.35
2120,52,9047.93
2120,53,8979.71
2120,54,8828.99
2120,55,8882.44
2120,56,8930.44
2120,57,8842.84
2120,58,8793.04
2120,59,9002.61
2120,60,8955.13
2120,61,8818.42
2120,62,8918.55
2120,63,8997.4
2120,64,8954.08
2120,65,8752.84
2120,66,8854.1
2120,67,8797.34
2120,68,8861.88
2120,69,8994.44
2120,70,8889.41
2120,71,8922.93
2120,72,9046.11
2120,73,8916.26
2120,74,8985.88
2120,75,9013.54
2120,76,8882.47
2120,77,8982.2
2120,78,8909.37
2120,79,8937.72
2120,80,8969.67
2120,81,8883.11
2120,82,8870.38
2120,83,8895.97
2120,84,8820.57
2120,85,8848.43
2120,86,8908.85
2120,87,8947.7
2120,88,8991.37
2120,89,8845.68
2120,90,8777.48
2120,91,8896.07
2120,92,8805.5
2120,93,8909.33
2120,94,8863.98
2120,95,8925.05
2120,96,8874.62
2120,97,8957.74
2120,98,8937.91
2120,99,8941.31
2130,0,9082.68
2130,1,9011.17
2130,2,8939.39
2130,3,8979.75
2130,4,8845.07
2130,5,9019.68
2130,6,8929.2
2130,7,8952.52
2130,8,8816.82
2130,9,8928.28
2130,10,8852.24
2130,11,8983.24
2130,12,8970.15
2130,13,8935.72
2130,14,8817.86
2130,15,8989.41
2130,16,8828.78
2130,17,9088.85
2130,18,8971.01
2130,19,8925.9
2130,20,8929.79
2130,21,8809.25
2130,22,8922.75
2130,23,8909.74
2130,24,9026.53
2130,25,8875.68
2130,26,8993.25
2130,27,8791.46
2130,28,8817.43
2130,29,8928.07
2130,30,8949.97
2130,31,8978.05
2130,32,8915.47
2130,33,8899.83
2130,34,8814.99
2130,35,8790.13
2130,36,9048.45
2130,37,8904.44
2130,38,9014.79
2130,39,8951.54
2130,40,9000.59
2130,41,8837.89
2130,42,8972.27
2130,43,8866.92
2130,44,8845.87
2130,45,8886.46
2130,46,8907.18
2130,47,9009.46
2130,48,9075.36
2130,49,8823.63
2130,50,8910.71
2130,51,8967.05
2130,52,9047.63
2130,53,8979.41
2130,54,8828.69
2130,55,8882.14
2130,56,8930.14
2130,57,8842.54
2130,58,8792.74
2130,59,9002.31
2130,60,8954.83
2130,61,8818.12
2130,62,8918.25
2130,63,8997.1
2130,64,8953.78
2130,65,8752.54
2130,66,8853.8
2130,67,8797.04
2130,68,8861.58
2130,69,8994.14
2130,70,8889.11
2130,71,8922.63
2130,72,9045.81
2130,73,8915.96
2130,74,8985.58
2130,75,9013.24
2130,76,8882.17
2130,77,8981.9
2130,78,8909.07
2130,79,8937.42
2130,80,8969.37
2130,81,8882.81
2130,82,8870.08
2130,83,8895.67
2130,84,8820.27
2130,85,8848.13
2130,86,8908.55
2130,87,8947.4
2130,88,8991.07
2130,89,8845.38
2130,90,8777.18
2130,91,8895.77
2130,92,8805.2
2130,93,8909.03
2130,94,8863.68
2130,95,8924.75
2130,96,8874.32
2130,97,8957.44
2130,98,8937.61
2130,99,8941.01
2140,0,9069.42
2140,1,8998.45
2140,2,8924.71
2140,3,8967.31
2140,4,8831.45
2140,5,9006.07
2140,6,8915.63
2140,7,8939.19
2140,8,8801.36
2140,9,8915.93
2140,10,8836.35
2140,11,8971.1
2140,12,8957.61
2140,13,8923.48
2140,14,8801.92
2140,15,8976.44
2140,16,8812.55
2140,17,9076.11
2140,18,8954.34
2140,19,8909.26
2140,20,8914.29
2140,21,8792.03
2140,22,8910.47
2140,23,8891.51
2140,24,9013.27
2140,25,8861.75
2140,26,8978.72
2140,27,8775.22
2140,28,8801.77
2140,29,8915.33
2140,30,8937.46
2140,31,8961.92
2140,32,8901.93
2140,33,8884.08
2140,34,8797.08
2140,35,8775.18
2140,36,9035.53
2140,37,8890.64
2140,38,9001.74
2140,39,8939.26
2140,40,8982.61
2140,41,8824.75
2140,42,8959.23
2140,43,8851.06
2140,44,8830.72
2140,45,8873.44
2140,46,8894.23
2140,47,8995.92
2140,48,9062.62
2140,49,8809.66
2140,50,8898.35
2140,51,8954.65
2140,52,9030.62
2140,53,8967.77
2140,54,8812.59
2140,55,8867.78
2140,56,8915.28
2140,57,8827.77
2140,58,8779.43
2140,59,8991.31
2140,60,8942.76
2140,61,8802.94
2140,62,8905.59
2140,63,8983.05
2140,64,8937.99
2140,65,8738.32
2140,66,8837.67
2140,67,8781.55
2140,68,8850.2
2140,69,8981.78
2140,70,8872.36
2140,71,8905.65
2140,72,9034.29
2140,73,8900.91
2140,74,8973.52
2140,75,8999.17
2140,76,8868.53
2140,77,8970.42
2140,78,8896.18
2140,79,8924.17
2140,80,8955.92
2140,81,8869.38
2140,82,8855.95
2140,83,8881.52
2140,84,8806.85
2140,85,8835
2140,86,8892.87
2140,87,8934.08
2140,88,8976.88
2140,89,8831.6
2140,90,8763.77
2140,91,8881.16
2140,92,8791.32
2140,93,8893.11
2140,94,8849.56
2140,95,8912.71
2140,96,8860.39
2140,97,8945.18
2140,98,8925.15
2140,99,8927.9
2150,0,9069.18
2150,1,8998.19
2150,2,8924.46
2150,3,8967.05
2150,4,8829.13
2150,5,9004.51
2150,6,8915.39
2150,7,8938.94
2150,8,8801.13
2150,9,8915.67
2150,10,8836.12
2150,11,8970.85
2150,12,8957.14
2150,13,8923.22
2150,14,8801.7
2150,15,8976.15
2150,16,8812.32
2150,17,9075.87
2150,18,8954.12
2150,19,8908.81
2150,20,8914.05
2150,21,8791.8
2150,22,8906.74
2150,23,8891.24
2150,24,9013.03
2150,25,8861.52
2150,26,8978.46
2150,27,8775
2150,28,8801.53
2150,29,8915.07
2150,30,8935.74
2150,31,8961.15
2150,32,8901.67
2150,33,8883.86
2150,34,8796.87
2150,35,8774.82
2150,36,9035.29
2150,37,8890.4
2150,38,9001.49
2150,39,8939
2150,40,8979.91
2150,41,8824.5
2150,42,8958.99
2150,43,8850.83
2150,44,8828.76
2150,45,8873.19
2150,46,8891.67
2150,47,8995.68
2150,48,9062.35
2150,49,8806.11
2150,50,8898.08
2150,51,8954.4
2150,52,9030.36
2150,53,8967.5
2150,54,8812.37
2150,55,8867.54
2150,56,8915.01
2150,57,8827.52
2150,58,8775.65
2150,59,8988.92
2150,60,8942.49
2150,61,8802.72
2150,62,8905.33
2150,63,8982.81
2150,64,8937.76
2150,65,8734.88
2150,66,8837.44
2150,67,8781.32
2150,68,8846.27
2150,69,8981.52
2150,70,8872.15
2150,71,8905.44
2150,72,9034.03
2150,73,8900.67
2150,74,8971.06
2150,75,8998.94
2150,76,8868.29
2150,77,8968.38
2150,78,8895.92
2150,79,8921.69
2150,80,8955.68
2150,81,8869.13
2150,82,8855.7
2150,83,8881.28
2150,84,8802.97
2150,85,8833.1
2150,86,8892.63
2150,87,8933.83
2150,88,8976.63
2150,89,8831.35
2150,90,8761.12
2150,91,8880.92
2150,92,8789.6
2150,93,8892.88
2150,94,8849.32
2150,95,8912.45
2150,96,8860.15
2150,97,8944.91
2150,98,8923.61
2150,99,8926.35
2160,0,9068.88
2160,1,8997.89
2160,2,8924.16
2160,3,8966.75
2160,4,8828.83
2160,5,9004.21
2160,6,8915.09
2160,7,8938.64
2160,8,8800.83
2160,9,8915.37
2160,10,8835.82
2160,11,8970.55
2160,12,8956.84
2160,13,8922.92
2160,14,8801.4
2160,15,8975.85
2160,16,8812.02
2160,17,9075.57
2160,18,8953.82
2160,19,8908.51
2160,20,8913.75
2160,21,8791.5
2160,22,8906.44
2160,23,8890.94
2160,24,9012.73
2160,25,8861.22
2160,26,8978.16
2160,27,8774.7
2160,28,8801.23
2160,29,8914.77
2160,30,8935.44
2160,31,8960.85
2160,32,8901.37
2160,33,8883.56
2160,34,8796.57
2160,35,8774.52
2160,36,9034.99
2160,37,8890.1
2160,38,9001.19
2160,39,8938.7
2160,40,8979.61
2160,41,8824.2
2160,42,8958.69
2160,43,8850.53
2160,44,8828.46
2160,45,8872.89
2160,46,8891.37
2160,47,8995.38
2160,48,9062.05
2160,49,8805.81
2160,50,8897.78
2160,51,8954.1
2160,52,9030.06
2160,53,8967.2
2160,54,8812.07
2160,55,8867.24
2160,56,8914.71
2160,57,8827.22
2160,58,8775.35
2160,59,8988.62
2160,60,8942.19
2160,61,8802.42
2160,62,8905.03
2160,63,8982.51
2160,64,8937.46
2160,65,8734.58
2160,66,8837.14
2160,67,8781.02
2160,68,8845.97
2160,69,8981.22
2160,70,8871.85
2160,71,8905.14
2160,72,9033.73
2160,73,8900.37
2160,74,8970.76
2160,75,8998.64
2160,76,8867.99
2160,77,8968.08
2160,78,8895.62
2160,79,8921.39
2160,80,8955.38
2160,81,8868.83
2160,82,8855.4
2160,83,8880.98
2160,84,8802.67
2160,85,8832.8
2160,86,8892.33
2160,87,8933.53
2160,88,8976.33
2160,89,8831.05
2160,90,8760.82
2160,91,8880.62
2160,92,8789.3
2160,93,8892.58
2160,94,8849.02
2160,95,8912.15
2160,96,8859.85
2160,97,8944.61
2160,98,8923.31
2160,99,8926.05
2170,0,9057.47
2170,1,8987.07
2170,2,8912.03
2170,3,8955.27
2170,4,8815.62
2170,5,8993.01
2170,6,8902.33
2170,7,8927.46
2170,8,8788.34
2170,9,8903.05
2170,10,8821.35
2170,11,8959.78
2170,12,8947.51
2170,13,8910.54
2170,14,8788.77
2170,15,8961.39
2170,16,8797.52
2170,17,9065.63
2170,18,8940.37
2170,19,8893.79
2170,20,8900.81
2170,21,8774.38
2170,22,8895.54
2170,23,8879.92
2170,24,9003.17
2170,25,8847.25
2170,26,8964.71
2170,27,8761.22
2170,28,8786.98
2170,29,8903.45
2170,30,8924.81
2170,31,8947.08
2170,32,8889
2170,33,8871.26
2170,34,8780.7
2170,35,8760.85
2170,36,9023.4
2170,37,8876.84
2170,38,8988.57
2170,39,8927.18
2170,40,8967.64
2170,41,8813.21
2170,42,8947.13
2170,43,8834.81
2170,44,8814.73
2170,45,8861.93
2170,46,8879.55
2170,47,8984.58
2170,48,9045.48
2170,49,8792.31
2170,50,8879.27
2170,51,8943.02
2170,52,9017.64
2170,53,8951.47
2170,54,8799.49
2170,55,8855.04
2170,56,8901.72
2170,57,8813.82
2170,58,8762.42
2170,59,8978.8
2170,60,8930.11
2170,61,8790.9
2170,62,8892.71
2170,63,8971.17
2170,64,8923.57
2170,65,8721.36
2170,66,8823.73
2170,67,8766.73
2170,68,8834.47
2170,69,8970.33
2170,70,8859.54
2170,71,8891.3
2170,72,9021.68
2170,73,8886.65
2170,74,8960.03
2170,75,8986.56
2170,76,8854.43
2170,77,8956.64
2170,78,8885.4
2170,79,8908.38
2170,80,8943.97
2170,81,8856.17
2170,82,8844.43
2170,83,8869.22
2170,84,8789.24
2170,85,8821.39
2170,86,8877.91
2170,87,8921.86
2170,88,8963.92
2170,89,8817.14
2170,90,8749.77
2170,91,8870
2170,92,8774.88
2170,93,8879.23
2170,94,8835.42
2170,95,8900.75
2170,96,8847.42
2170,97,8932.03
2170,98,8913.57
2170,99,8915.34
2180,0,9055.55
2180,1,8985.44
2180,2,8908.47
2180,3,8955.03
2180,4,8810.85
2180,5,8988.67
2180,6,8900.9
2180,7,8924.23
2180,8,8786.14
2180,9,8902.8
2180,10,8821.12
2180,11,8959.54
2180,12,8944.47
2180,13,8908.95
2180,14,8786.41
2180,15,8961.13
2180,16,8795.69
2180,17,9062.58
2180,18,8940.14
2180,19,8890.89
2180,20,8897.49
2180,21,8774.17
2180,22,8891.85
2180,23,8878.77
2180,24,9000.06
2180,25,8847.02
2180,26,8962.4
2180,27,8759.66
2180,28,8786.75
2180,29,8900.7
2180,30,8921.24
2180,31,8946.84
2180,32,8885.87
2180,33,8868.53
2180,34,8780.48
2180,35,8759.94
2180,36,9023.16
2180,37,8876.61
2180,38,8988.33
2180,39,8923.69
2180,40,8963.79
2180,41,8809.64
2180,42,8946.89
2180,43,8834.59
2180,44,8809.44
2180,45,8859.19
2180,46,8879.31
2180,47,8982.48
2180,48,9043.81
2180,49,8792.09
2180,50,8879.01
2180,51,8942.47
2180,52,9015.33
2180,53,8949.56
2180,54,8796.35
2180,55,8851.45
2180,56,8900.55
2180,57,8813.58
2180,58,8762.19
2180,59,8976.34
2180,60,8929.86
2180,61,8788.14
2180,62,8890.15
2180,63,8968.61
2180,64,8923.33
2180,65,8719.89
2180,66,8823.48
2180,67,8764.6
2180,68,8830.67
2180,69,8970.07
2180,70,8854.45
2180,71,8888.63
2180,72,9021.43
2180,73,8886.42
2180,74,8957.49
2180,75,8984.69
2180,76,8854.19
2180,77,8954.73
2180,78,8883.15
2180,79,8905.07
2180,80,8940.61
2180,81,8851.83
2180,82,8838.49
2180,83,8868.98
2180,84,8789.01
2180,85,8817.76
2180,86,8877.67
2180,87,8921.6
2180,88,8960.82
2180,89,8816.91
2180,90,8743.83
2180,91,8866.89
2180,92,8774.45
2180,93,8878.99
2180,94,8831.87
2180,95,8897.32
2180,96,8846.42
2180,97,8930.72
2180,98,8909.51
2180,99,8911.7
2190,0,9055.25
2190,1,8985.14
2190,2,8908.17
2190,3,8954.73
2190,4,8810.55
2190,5,8988.37
2190,6,8900.6
2190,7,8923.93
2190,8,8785.84
2190,9,8902.5
2190,10,8820.82
2190,11,8959.24
2190,12,8944.17
2190,13,8908.65
2190,14,8786.11
2190,15,8960.83
2190,16,8795.39
2190,17,9062.28
2190,18,8939.84
2190,19,8890.59
2190,20,8897.19
2190,21,8773.87
2190,22,8891.55
2190,23,8878.47
2190,24,8999.76
2190,25,8846.72
2190,26,8962.1
2190,27,8759.36
2190,28,8786.45
2190,29,8900.4
2190,30,8920.94
2190,31,8946.54
2190,32,8885.57
2190,33,8868.23
2190,34,8780.18
2190,35,8759.64
2190,36,9022.86
2190,37,8876.31
2190,38,8988.03
2190,39,8923.39
2190,40,8963.49
2190,41,8809.34
2190,42,8946.59
2190,43,8834.29
2190,44,8809.14
2190,45,8858.89
2190,46,8879.01
2190,47,8982.18
2190,48,9043.51
2190,49,8791.79
2190,50,8878.71
2190,51,8942.17
2190,52,9015.03
2190,53,8949.26
2190,54,8796.05
2190,55,8851.15
2190,56,8900.25
2190,57,8813.28
2190,58,8761.89
2190,59,8976.04
2190,60,8929.56
2190,61,8787.84
2190,62,8889.85
2190,63,8968.31
2190,64,8923.03
2190,65,8719.59
2190,66,8823.18
2190,67,8764.3
2190,68,8830.37
2190,69,8969.77
2190,70,8854.15
2190,71,8888.33
2190,72,9021.13
2190,73,8886.12
2190,74,8957.19
2190,75,8984.39
2190,76,8853.89
2190,77,8954.43
2190,78,8882.85
2190,79,8904.77
2190,80,8940.31
2190,81,8851.53
2190,82,8838.19
2190,83,8868.68
2190,84,8788.71
2190,85,8817.46
2190,86,8877.37
2190,87,8921.3
2190,88,8960.52
2190,89,8816.61
2190,90,8743.53
2190,91,8866.59
2190,92,8774.15
2190,93,8878.69
2190,94,8831.57
2190,95,8897.02
2190,96,8846.12
2190,97,8930.42
2190,98,8909.21
2190,99,8911.4
2200,0,9044.7
2200,1,8974.11
2200,2,8896.22
2200,3,8945.11
2200,4,8799.13
2200,5,8977.92
2200,6,8889.41
2200,7,8913
2200,8,8774.49
2200,9,8890.41
2200,10,8807.7
2200,11,8950.49
2200,12,8934.17
2200,13,8899.92
2200,14,8773.82
2200,15,8951
2200,16,8785.33
2200,17,9053.15
2200,18,8926.88
2200,19,8877.2
2200,20,8885.3
2200,21,8760.18
2200,22,8879.56
2200,23,8867.41
2200,24,8989.76
2200,25,8834.21
2200,26,8952.05
2200,27,8747.38
2200,28,8772.29
2200,29,8889.3
2200,30,8910.23
2200,31,8932.81
2200,32,8872.85
2200,33,8857.26
2200,34,8766.49
2200,35,8750.41
2200,36,9014.08
2200,37,8864.45
2200,38,8975.44
2200,39,8911.92
2200,40,8952.48
2200,41,8798.22
2200,42,8937.9
2200,43,8818.71
2200,44,8798.02
2200,45,8850.27
2200,46,8869.61
2200,47,8971.1
2200,48,9029.59
2200,49,8781.46
2200,50,8861.31
2200,51,8931.5
2200,52,9004.98
2200,53,8938.61
2200,54,8784.7
2200,55,8838.89
2200,56,8889
2200,57,8801.06
2200,58,8752.25
2200,59,8966.29
2200,60,8919.36
2200,61,8777.15
2200,62,8876.23
2200,63,8956.73
2200,64,8909.09
2200,65,8710.08
2200,66,8811.05
2200,67,8754.29
2200,68,8819.42
2200,69,8960.54
2200,70,8842.2
2200,71,8874.38
2200,72,9006.48
2200,73,8874.69
2200,74,8948.52
2200,75,8974.32
2200,76,8841.79
2200,77,8944.06
2200,78,8870.09
2200,79,8892.25
2200,80,8930.53
2200,81,8838.66
2200,82,8826.76
2200,83,8857.99
2200,84,8777.56
2200,85,8804.83
2200,86,8861.68
2200,87,8911.05
2200,88,8949.46
2200,89,8805.78
2200,90,8733.03
2200,91,8855.61
2200,92,8761.74
2200,93,8865.45
2200,94,8819.67
2200,95,8886.4
2200,96,8835.59
2200,97,8921.29
2200,98,8899.12
2200,99,8901.16
2210,0,9040.6
2210,1,8970.88
2210,2,8894.91
2210,3,8942.12
2210,4,8793.24
2210,5,8975.07
2210,6,8884.55
2210,7,8908.97
2210,8,8768.29
2210,9,8890.17
2210,10,8805.74
2210,11,8945.09
2210,12,8931.71
2210,13,8894.28
2210,14,8771.49
2210,15,8949.71
2210,16,8775.9
2210,17,9048.83
2210,18,8922.46
2210,19,8873.62
2210,20,8881.92
2210,21,8757.3
2210,22,8876.41
2210,23,8865.6
2210,24,8987.43
2210,25,8831.8
2210,26,8948.99
2210,27,8739.95
2210,28,8772.07
2210,29,8886.54
2210,30,8908.9
2210,31,8932.59
2210,32,8868.71
2210,33,8854.17
2210,34,8765.5
2210,35,8746.06
2210,36,9010.32
2210,37,8859.86
2210,38,8972.16
2210,39,8908.49
2210,40,8947.8
2210,41,8796.46
2210,42,8934.13
2210,43,8818.5
2210,44,8793.32
2210,45,8847.52
2210,46,8866.45
2210,47,8968.05
2210,48,9027.93
2210,49,8777.47
2210,50,8860.26
2210,51,8929.25
2210,52,9002.66
2210,53,8937.76
2210,54,8781.32
2210,55,8837.5
2210,56,8886.94
2210,57,8800.83
2210,58,8748.52
2210,59,8962.4
2210,60,8914.01
2210,61,8774
2210,62,8874.66
2210,63,8952.54
2210,64,8908.86
2210,65,8705.64
2210,66,8807.18
2210,67,8745.13
2210,68,8814.88
2210,69,8958.38
2210,70,8835.56
2210,71,8874.15
2210,72,9004.57
2210,73,8867.67
2210,74,8942.64
2210,75,8971.33
2210,76,8837.7
2210,77,8939.8
2210,78,8869.85
2210,79,8888.97
2210,80,8927.15
2210,81,8834.37
2210,82,8822.77
2210,83,8853.77
2210,84,8774.53
2210,85,8801.21
2210,86,8858.08
2210,87,8908.75
2210,88,8946.35
2210,89,8801.46
2210,90,8726.41
2210,91,8852.5
2210,92,8759.5
2210,93,8865.22
2210,94,8814.19
2210,95,8882.98
2210,96,8828.89
2210,97,8920.23
2210,98,8897.56
2210,99,8899.15
2220,0,9040.3
2220,1,8970.58
2220,2,8894.61
2220,3,8941.82
2220,4,8792.94
2220,5,8974.77
2220,6,8884.25
2220,7,8908.67
2220,8,8767.99
2220,9,8889.87
2220,10,8805.44
2220,11,8944.79
2220,12,8931.41
2220,13,8893.98
2220,14,8771.19
2220,15,8949.41
2220,16,8775.6
2220,17,9048.53
2220,18,8922.16
2220,19,8873.32
2220,20,8881.62
2220,21,8757
2220,22,8876.11
2220,23,8865.3
2220,24,8987.13
2220,25,8831.5
2220,26,8948.69
2220,27,8739.65
2220,28,8771.77
2220,29,8886.24
2220,30,8908.6
2220,31,8932.29
2220,32,8868.41
2220,33,8853.87
2220,34,8765.2
2220,35,8745.76
2220,36,9010.02
2220,37,8859.56
2220,38,8971.86
2220,39,8908.19
2220,40,8947.5
2220,41,8796.16
2220,42,8933.83
2220,43,8818.2
2220,44,8793.02
2220,45,8847.22
2220,46,8866.15
2220,47,8967.75
2220,48,9027.63
2220,49,8777.17
2220,50,8859.96
2220,51,8928.95
2220,52,9002.36
2220,53,8937.46
2220,54,8781.02
2220,55,8837.2
2220,56,8886.64
2220,57,8800.53
2220,58,8748.22
2220,59,8962.1
2220,60,8913.71
2220,61,8773.7
2220,62,8874.36
2220,63,8952.24
2220,64,8908.56
2220,65,8705.34
2220,66,8806.88
2220,67,8744.83
2220,68,8814.58
2220,69,8958.08
2220,70,8835.26
2220,71,8873.85
2220,72,9004.27
2220,73,8867.37
2220,74,8942.34
2220,75,8971.03
2220,76,8837.4
2220,77,8939.5
2220,78,8869.55
2220,79,8888.67
2220,80,8926.85
2220,81,8834.07
2220,82,8822.47
2220,83,8853.47
2220,84,8774.23
2220,85,8800.91
2220,86,8857.78
2220,87,8908.45
2220,88,8946.05
2220,89,8801.16
2220,90,8726.11
2220,91,8852.2
2220,92,8759.2
2220,93,8864.92
2220,94,8813.89
2220,95,8882.68
2220,96,8828.59
2220,97,8919.93
2220,98,8897.26
2220,99,8898.85
2230,0,9030.79
2230,1,8962.49
2230,2,8883.39
2230,3,8933.54
2230,4,8781.49
2230,5,8964.09
2230,6,8875.48
2230,7,8897.73
2230,8,8757.61
2230,9,8878.28
2230,10,8794.9
2230,11,8936.74
2230,12,8924.95
2230,13,8886.51
2230,14,8762.53
2230,15,8939.77
2230,16,8764.95
2230,17,9040.24
2230,18,8910.18
2230,19,8860.97
2230,20,8871.41
2230,21,8742.38
2230,22,8866.46
2230,23,8848.69
2230,24,8977.39
2230,25,8822.48
2230,26,8938.62
2230,27,8729.07
2230,28,8760.86
2230,29,8876.85
2230,30,8899.66
2230,31,8920.86
2230,32,8857.84
2230,33,8842.43
2230,34,8752.87
2230,35,8736.16
2230,36,9001.26
2230,37,8849.74
2230,38,8959.39
2230,39,8897.26
2230,40,8938.29
2230,41,8785.13
2230,42,8925.09
2230,43,8806.13
2230,44,8783.21
2230,45,8837.24
2230,46,8857.64
2230,47,8957.5
2230,48,9015.78
2230,49,8767.57
2230,50,8843.61
2230,51,8921.85
2230,52,8993.34
2230,53,8925.6
2230,54,8770.09
2230,55,8824.66
2230,56,8875.03
2230,57,8787.81
2230,58,8739.17
2230,59,8954.15
2230,60,8903.03
2230,61,8762.21
2230,62,8862.18
2230,63,8942.75
2230,64,8895.99
2230,65,8695.48
2230,66,8796.06
2230,67,8736.04
2230,68,8806.53
2230,69,8948.21
2230,70,8821.97
2230,71,8862.27
2230,72,8991.97
2230,73,8857.29
2230,74,8933.08
2230,75,8961.64
2230,76,8828.33
2230,77,8930.06
2230,78,8855.9
2230,79,8876.55
2230,80,8917.56
2230,81,8825.75
2230,82,8810.1
2230,83,8842.54
2230,84,8763.57
2230,85,8788.97
2230,86,8849.13
2230,87,8897.51
2230,88,8935.87
2230,89,8792.65
2230,90,8716.89
2230,91,8840.44
2230,92,8746.6
2230,93,8851.11
2230,94,8804.58
2230,95,8869.48
2230,96,8819.62
2230,97,8909.27
2230,98,8891.57
2230,99,8887.86
2240,0,9023.83
2240,1,8955.86
2240,2,8877.13
2240,3,8927.44
2240,4,8773.93
2240,5,8960.49
2240,6,8868.08
2240,7,8892.88
2240,8,8748.88
2240,9,8873.16
2240,10,8786.01
2240,11,8929.87
2240,12,8916.13
2240,13,8879.39
2240,14,8749.71
2240,15,8935.64
2240,16,8754.48
2240,17,9033.49
2240,18,8902.51
2240,19,8855.8
2240,20,8864.97
2240,21,8736.42
2240,22,8860.34
2240,23,8844.38
2240,24,8972.58
2240,25,8811.76
2240,26,8934.78
2240,27,8717.76
2240,28,8752.35
2240,29,8868.84
2240,30,8892.77
2240,31,8914.82
2240,32,8850.41
2240,33,8833.63
2240,34,8746.32
2240,35,8725.61
2240,36,8994.25
2240,37,8840.94
2240,38,8955.85
2240,39,8892.9
2240,40,8930.77
2240,41,8781.42
2240,42,8918.23
2240,43,8799.51
2240,44,8772.08
2240,45,8830.59
2240,46,8849.73
2240,47,8951.64
2240,48,9012.74
2240,49,8757.44
2240,50,8843.05
2240,51,8915.95
2240,52,8987.08
2240,53,8924.54
2240,54,8760.27
2240,55,8819.21
2240,56,8870.74
2240,57,8783.7
2240,58,8728.69
2240,59,8947.8
2240,60,8898.17
2240,61,8754
2240,62,8857.36
2240,63,8935.72
2240,64,8893.05
2240,65,8685.34
2240,66,8789.13
2240,67,8725.09
2240,68,8797.42
2240,69,8943.89
2240,70,8814.76
2240,71,8856.05
2240,72,8986.7
2240,73,8847.26
2240,74,8927.01
2240,75,8953.5
2240,76,8819.34
2240,77,8923.05
2240,78,8853.63
2240,79,8873.09
2240,80,8910.35
2240,81,8815.63
2240,82,8805.2
2240,83,8835.84
2240,84,8755.3
2240,85,8783.53
2240,86,8841.09
2240,87,8893.32
2240,88,8930.15
2240,89,8782.87
2240,90,8706.82
2240,91,8834.69
2240,92,8735.9
2240,93,8847.28
2240,94,8795.78
2240,95,8865.15
2240,96,8810.16
2240,97,8906.05
2240,98,8882.73
2240,99,8883.48
2250,0,9023.53
2250,1,8955.56
2250,2,8876.83
2250,3,8927.14
2250,4,8773.63
2250,5,8960.19
2250,6,8867.78
2250,7,8892.58
2250,8,8748.58
2250,9,8872.86
2250,10,8785.71
2250,11,8929.57
2250,12,8915.83
2250,13,8879.09
2250,14,8749.41
2250,15,8935.34
2250,16,8754.18
2250,17,9033.19
2250,18,8902.21
2250,19,8855.5
2250,20,8864.67
2250,21,8736.12
2250,22,8860.04
2250,23,8844.08
2250,24,8972.28
2250,25,8811.46
2250,26,8934.48
2250,27,8717.46
2250,28,8752.05
2250,29,8868.54
2250,30,8892.47
2250,31,8914.52
2250,32,8850.11
2250,33,8833.33
2250,34,8746.02
2250,35,8725.31
2250,36,8993.95
2250,37,8840.64
2250,38,8955.55
2250,39,8892.6
2250,40,8930.47
2250,41,8781.12
2250,42,8917.93
2250,43,8799.21
2250,44,8771.78
2250,45,8830.29
2250,46,8849.43
2250,47,8951.34
2250,48,9012.44
2250,49,8757.14
2250,50,8842.75
2250,51,8915.65
2250,52,8986.78
2250,53,8924.24
2250,54,8759.97
2250,55,8818.91
2250,56,8870.44
2250,57,8783.4
2250,58,8728.39
2250,59,8947.5
2250,60,8897.87
2250,61,8753.7
2250,62,8857.06
2250,63,8935.42
2250,64,8892.75
2250,65,8685.04
2250,66,8788.83
2250,67,8724.79
2250,68,8797.12
2250,69,8943.59
2250,70,8814.46
2250,71,8855.75
2250,72,8986.4
2250,73,8846.96
2250,74,8926.71
2250,75,8953.2
2250,76,8819.04
2250,77,8922.75
2250,78,8853.33
2250,79,8872.79
2250,80,8910.05
2250,81,8815.33
2250,82,8804.9
2250,83,8835.54
2250,84,8755
2250,85,8783.23
2250,86,8840.79
2250,87,8893.02
2250,88,8929.85
2250,89,8782.57
2250,90,8706.52
2250,91,8834.39
2250,92,8735.6
2250,93,8846.98
2250,94,8795.48
2250,95,8864.85
2250,96,8809.86
2250,97,8905.75
2250,98,8882.43
2250,99,8883.18
2260,0,9014.08
2260,1,8946.25
2260,2,8864.57
2260,3,8918.96
2260,4,8765.1
2260,5,8951.31
2260,6,8858.14
2260,7,8881.63
2260,8,8737.91
2260,9,8860.64
2260,10,8774.28
2260,11,8922.19
2260,12,8908.72
2260,13,8871.88
2260,14,8740.39
2260,15,8927.74
2260,16,8743.55
2260,17,9025.13
2260,18,8893.8
2260,19,8843.72
2260,20,8856.42
2260,21,8722.98
2260,22,8851.91
2260,23,8829.18
2260,24,8964
2260,25,8802.31
2260,26,8928.42
2260,27,8707.24
2260,28,8740.42
2260,29,8859.77
2260,30,8884.13
2260,31,8906.47
2260,32,8841.28
2260,33,8827.61
2260,34,8736.08
2260,35,8715.62
2260,36,8985.19
2260,37,8831.6
2260,38,8946.62
2260,39,8884.05
2260,40,8921.15
2260,41,8771
2260,42,8909.12
2260,43,8787.16
2260,44,8760.2
2260,45,8821.74
2260,46,8841.05
2260,47,8940.13
2260,48,8999.14
2260,49,8748.31
2260,50,8833.83
2260,51,8908.58
2260,52,8976.93
2260,53,8915.03
2260,54,8749.9
2260,55,8807.91
2260,56,8861.72
2260,57,8770.83
2260,58,8719.34
2260,59,8940.42
2260,60,8888.35
2260,61,8742.38
2260,62,8843.67
2260,63,8923.94
2260,64,8884.18
2260,65,8676.46
2260,66,8779.91
2260,67,8715.9
2260,68,8789.37
2260,69,8934.59
2260,70,8805.26
2260,71,8844.23
2260,72,8975.67
2260,73,8835.72
2260,74,8917.94
2260,75,8943.74
2260,76,8810.02
2260,77,8913.38
2260,78,8840.96
2260,79,8864.85
2260,80,8900.82
2260,81,8807.53
2260,82,8792.45
2260,83,8824.59
2260,84,8747.27
2260,85,8773.66
2260,86,8830.92
2260,87,8881.63
2260,88,8919.03
2260,89,8774.08
2260,90,8699.17
2260,91,8822.1
2260,92,8723.04
2260,93,8836.95
2260,94,8786.02
2260,95,8858.28
2260,96,8798.94
2260,97,8896.84
2260,98,8876.69
2260,99,8873.12
2270,0,9009.02
2270,1,8938.65
2270,2,8859.03
2270,3,8909.92
2270,4,8755.25
2270,5,8942.31
2270,6,8852
2270,7,8875.48
2270,8,8730.47
2270,9,8855.59
2270,10,8766.46
2270,11,8914.48
2270,12,8902.13
2270,13,8862.96
2270,14,8728.14
2270,15,8921.2
2270,16,8734.43
2270,17,9019.68
2270,18,8883.93
2270,19,8838.06
2270,20,8847.99
2270,21,8714.68
2270,22,8842.16
2270,23,8822.72
2270,24,8957.87
2270,25,8791.81
2270,26,8917.93
2270,27,8697.67
2270,28,8732.49
2270,29,8851.13
2270,30,8876.58
2270,31,8897.45
2270,32,8833.29
2270,33,8813.08
2270,34,8725.89
2270,35,8705.38
2270,36,8979.5
2270,37,8823.64
2270,38,8939.6
2270,39,8874.51
2270,40,8912.88
2270,41,8765.91
2270,42,8903.43
2270,43,8779.8
2270,44,8750.55
2270,45,8814.55
2270,46,8832.98
2270,47,8934.15
2270,48,8995.84
2270,49,8737.44
2270,50,8824.97
2270,51,8902.56
2270,52,8967.32
2270,53,8909.83
2270,54,8741.33
2270,55,8800.09
2270,56,8854.37
2270,57,8766.88
2270,58,8708.9
2270,59,8933.74
2270,60,8883.15
2270,61,8733.79
2270,62,8838.61
2270,63,8919.45
2270,64,8875.44
2270,65,8665.57
2270,66,8772.33
2270,67,8706.23
2270,68,8779.68
2270,69,8928.91
2270,70,8793.96
2270,71,8838.07
2270,72,8971
2270,73,8828.46
2270,74,8911.45
2270,75,8937.87
2270,76,8802.53
2270,77,8908.31
2270,78,8836.58
2270,79,8854.19
2270,80,8894.76
2270,81,8797.86
2270,82,8788.27
2270,83,8820.12
2270,84,8736.26
2270,85,8765.59
2270,86,8823.58
2270,87,8877.52
2270,88,8912.21
2270,89,8766.27
2270,90,8688.14
2270,91,8814.08
2270,92,8715.04
2270,93,8830.44
2270,94,8778.14
2270,95,8849.61
2270,96,8790.24
2270,97,8889.29
2270,98,8867.7
2270,99,8868.48
2280,0,9008.72
2280,1,8938.35
2280,2,8858.73
2280,3,8909.62
2280,4,8754.95
2280,5,8942.01
2280,6,8851.7
2280,7,8875.18
2280,8,8730.17
2280,9,8855.29
2280,10,8766.16
2280,11,8914.18
2280,12,8901.83
2280,13,8862.66
2280,14,8727.84
2280,15,8920.9
2280,16,8734.13
2280,17,9019.38
2280,18,8883.63
2280,19,8837.76
2280,20,8847.69
2280,21,8714.38
2280,22,8841.86
2280,23,8822.42
2280,24,8957.57
2280,25,8791.51
2280,26,8917.63
2280,27,8697.37
2280,28,8732.19
2280,29,8850.83
2280,30,8876.28
2280,31,8897.15
2280,32,8832.99
2280,33,8812.78
2280,34,8725.59
2280,35,8705.08
2280,36,8979.2
2280,37,8823.34
2280,38,8939.3
2280,39,8874.21
2280,40,8912.58
2280,41,8765.61
2280,42,8903.13
2280,43,8779.5
2280,44,8750.25
2280,45,8814.25
2280,46,8832.68
2280,47,8933.85
2280,48,8995.54
2280,49,8737.14
2280,50,8824.67
2280,51,8902.26
2280,52,8967.02
2280,53,8909.53
2280,54,8741.03
2280,55,8799.79
2280,56,8854.07
2280,57,8766.58
2280,58,8708.6
2280,59,8933.44
2280,60,8882.85
2280,61,8733.49
2280,62,8838.31
2280,63,8919.15
2280,64,8875.14
2280,65,8665.27
2280,66,8772.03
2280,67,8705.93
2280,68,8779.38
2280,69,8928.61
2280,70,8793.66
2280,71,8837.77
2280,72,8970.7
2280,73,8828.16
2280,74,8911.15
2280,75,8937.57
2280,76,8802.23
2280,77,8908.01
2280,78,8836.28
2280,79,8853.89
2280,80,8894.46
2280,81,8797.56
2280,82,8787.97
2280,83,8819.82
2280,84,8735.96
2280,85,8765.29
2280,86,8823.28
2280,87,8877.22
2280,88,8911.91
2280,89,8765.97
2280,90,8687.84
2280,91,8813.78
2280,92,8714.74
2280,93,8830.14
2280,94,8777.84
2280,95,8849.31
2280,96,8789.94
2280,97,8888.99
2280,98,8867.4
2280,99,8868.18
2290,0,9001.31
2290,1,8930.84
2290,2,8848.88
2290,3,8902.09
2290,4,8746.16
2290,5,8934.8
2290,6,8844.45
2290,7,8866.95
2290,8,8724.38
2290,9,8845.26
2290,10,8756.51
2290,11,8909.24
2290,12,8895.46
2290,13,8855.17
2290,14,8719.03
2290,15,8912.37
2290,16,8724.25
2290,17,9012.18
2290,18,8876.84
2290,19,8828.97
2290,20,8840.28
2290,21,8705.25
2290,22,8832.58
2290,23,8812.92
2290,24,8951.17
2290,25,8782.22
2290,26,8911.57
2290,27,8689.64
2290,28,8722.79
2290,29,8842.1
2290,30,8868.42
2290,31,8889.16
2290,32,8824.13
2290,33,8807.08
2290,34,8719.25
2290,35,8699.85
2290,36,8973.18
2290,37,8815.24
2290,38,8932.76
2290,39,8866.89
2290,40,8903.81
2290,41,8758.33
2290,42,8897.01
2290,43,8771.31
2290,44,8741.19
2290,45,8809.12
2290,46,8824.6
2290,47,8926.57
2290,48,8982.36
2290,49,8729
2290,50,8814.83
2290,51,8895.19
2290,52,8958.47
2290,53,8900.46
2290,54,8730.9
2290,55,8792.96
2290,56,8845.94
2290,57,8755.81
2290,58,8699.55
2290,59,8927.03
2290,60,8874.89
2290,61,8728.12
2290,62,8829.64
2290,63,8910.97
2290,64,8868.02
2290,65,8657.32
2290,66,8762.66
2290,67,8696.91
2290,68,8771.94
2290,69,8921.69
2290,70,8788.17
2290,71,8830.06
2290,72,8964.18
2290,73,8818.07
2290,74,8904.16
2290,75,8931.45
2290,76,8794.73
2290,77,8900.48
2290,78,8822.78
2290,79,8846.84
2290,80,8887.42
2290,81,8789.9
2290,82,8781.02
2290,83,8811.12
2290,84,8728.41
2290,85,8756.14
2290,86,8812.17
2290,87,8867.86
2290,88,8902.35
2290,89,8758.46
2290,90,8682.73
2290,91,8807.39
2290,92,8706.5
2290,93,8820.24
2290,94,8768.17
2290,95,8842.18
2290,96,8778.39
2290,97,8880.26
2290,98,8860.16
2290,99,8859.81
2300,0,8995.68
2300,1,8925.27
2300,2,8846.03
2300,3,8897.09
2300,4,8737.04
2300,5,8928.4
2300,6,8837.41
2300,7,8861.29
2300,8,8712.78
2300,9,8841.47
2300,10,8751.79
2300,11,8902.53
2300,12,8889.43
2300,13,8849.42
2300,14,8707.83
2300,15,8906.46
2300,16,8714.77
2300,17,9006.93
2300,18,8869.89
2300,19,8820.02
2300,20,8831.83
2300,21,8697.09
2300,22,8828.66
2300,23,8807.67
2300,24,8947.22
2300,25,8777.25
2300,26,8904.52
2300,27,8677.74
2300,28,8717.45
2300,29,8836.6
2300,30,8864.68
2300,31,8883.68
2300,32,8816.14
2300,33,8799
2300,34,8709.75
2300,35,8691.02
2300,36,8968.05
2300,37,8806.62
2300,38,8922.78
2300,39,8860.69
2300,40,8899.15
2300,41,8753.38
2300,42,8891.84
2300,43,8764.11
2300,44,8733.66
2300,45,8802.67
2300,46,8820.68
2300,47,8919.67
2300,48,8980.75
2300,49,8723.4
2300,50,8812.79
2300,51,8892.24
2300,52,8954.86
2300,53,8897.84
2300,54,8722.03
2300,55,8785.44
2300,56,8842.02
2300,57,8750.68
2300,58,8694.6
2300,59,8923.11
2300,60,8869.58
2300,61,8715.14
2300,62,8823.34
2300,63,8905.09
2300,64,8861.69
2300,65,8651.12
2300,66,8756.4
2300,67,8687.91
2300,68,8766.66
2300,69,8916.08
2300,70,8774.89
2300,71,8822.25
2300,72,8956.9
2300,73,8810.31
2300,74,8899.45
2300,75,8921.83
2300,76,8786.47
2300,77,8894.86
2300,78,8820.46
2300,79,8838.93
2300,80,8879.74
2300,81,8781.74
2300,82,8771.65
2300,83,8804.82
2300,84,8723.26
2300,85,8750.28
2300,86,8805.07
2300,87,8863.88
2300,88,8897.34
2300,89,8749.81
2300,90,8670.99
2300,91,8800.19
2300,92,8698.42
2300,93,8813.18
2300,94,8760.35
2300,95,8834.75
2300,96,8774.48
2300,97,8876.3
2300,98,8855.75
2300,99,8856.25
2310,0,8995.38
2310,1,8924.97
2310,2,8845.73
2310,3,8896.79
2310,4,8736.74
2310,5,8928.1
2310,6,8837.11
2310,7,8860.99
2310,8,8712.48
2310,9,8841.17
2310,10,8751.49
2310,11,8902.23
2310,12,8889.13
2310,13,8849.12
2310,14,8707.53
2310,15,8906.16
2310,16,8714.47
2310,17,9006.63
2310,18,8869.59
2310,19,8819.72
2310,20,8831.53
2310,21,8696.79
2310,22,8828.36
2310,23,8807.37
2310,24,8946.92
2310,25,8776.95
2310,26,8904.22
2310,27,8677.44
2310,28,8717.15
2310,29,8836.3
2310,30,8864.38
2310,31,8883.38
2310,32,8815.84
2310,33,8798.7
2310,34,8709.45
2310,35,8690.72
2310,36,8967.75
2310,37,8806.32
2310,38,8922.48
2310,39,8860.39
2310,40,8898.85
2310,41,8753.08
2310,42,8891.54
2310,43,8763.81
2310,44,8733.36
2310,45,8802.37
2310,46,8820.38
2310,47,8919.37
2310,48,8980.45
2310,49,8723.1
2310,50,8812.49
2310,51,8891.94
2310,52,8954.56
2310,53,8897.54
2310,54,8721.73
2310,55,8785.14
2310,56,8841.72
2310,57,8750.38
2310,58,8694.3
2310,59,8922.81
2310,60,8869.28
2310,61,8714.84
2310,62,8823.04
2310,63,8904.79
2310,64,8861.39
2310,65,8650.82
2310,66,8756.1
2310,67,8687.61
2310,68,8766.36
2310,69,8915.78
2310,70,8774.59
2310,71,8821.95
2310,72,8956.6
2310,73,8810.01
2310,74,8899.15
2310,75,8921.53
2310,76,8786.17
2310,77,8894.56
2310,78,8820.16
2310,79,8838.63
2310,80,8879.44
2310,81,8781.44
2310,82,8771.35
2310,83,8804.52
2310,84,8722.96
2310,85,8749.98
2310,86,8804.77
2310,87,8863.58
2310,88,8897.04
2310,89,8749.51
2310,90,8670.69
2310,91,8799.89
2310,92,8698.12
2310,93,8812.88
2310,94,8760.05
2310,95,8834.45
2310,96,8774.18
2310,97,8876
2310,98,8855.45
2310,99,8855.95
2320,0,8990.88
2320,1,8917.94
2320,2,8839.76
2320,3,8889.64
2320,4,8731.79
2320,5,8924.64
2320,6,8829.94
2320,7,8853.66
2320,8,8706.56
2320,9,8835.3
2320,10,8746.51
2320,11,8897.29
2320,12,8883.1
2320,13,8842.34
2320,14,8700.59
2320,15,8898.42
2320,16,8708.36
2320,17,9001.78
2320,18,8864.63
2320,19,8814.14
2320,20,8824.91
2320,21,8690.52
2320,22,8822.21
2320,23,8800.71
2320,24,8940.49
2320,25,8770.29
2320,26,8898.13
2320,27,8671.57
2320,28,8711.78
2320,29,8832.18
2320,30,8857.99
2320,31,8879.07
2320,32,8811.94
2320,33,8793.05
2320,34,8703.13
2320,35,8687.13
2320,36,8963.67
2320,37,8799.62
2320,38,8916.15
2320,39,8853.11
2320,40,8893.09
2320,41,8747.35
2320,42,8886.15
2320,43,8757.9
2320,44,8726.02
2320,45,8797.26
2320,46,8813.34
2320,47,8912.14
2320,48,8973.65
2320,49,8718.95
2320,50,8807.25
2320,51,8885.76
2320,52,8950.1
2320,53,8893.52
2320,54,8717.78
2320,55,8778.05
2320,56,8836.31
2320,57,8744.22
2320,58,8692.9
2320,59,8917.9
2320,60,8863.05
2320,61,8711.02
2320,62,8814.48
2320,63,8898.41
2320,64,8854.07
2320,65,8648.9
2320,66,8750.4
2320,67,8682.5
2320,68,8759.63
2320,69,8908.65
2320,70,8769.13
2320,71,8817.96
2320,72,8950.68
2320,73,8803.45
2320,74,8893.01
2320,75,8917.1
2320,76,8778.7
2320,77,8890.04
2320,78,8814.45
2320,79,8832.18
2320,80,8874.05
2320,81,8774.26
2320,82,8764.45
2320,83,8799.48
2320,84,8718.35
2320,85,8743.04
2320,86,8800.49
2320,87,8859.74
2320,88,8890.34
2320,89,8741.99
2320,90,8665.76
2320,91,8792.03
2320,92,8692.31
2320,93,8806.79
2320,94,8753.77
2320,95,8828.86
2320,96,8765.49
2320,97,8868.68
2320,98,8849.85
2320,99,8850.81
2330,0,8982.76
2330,1,8909.25
2330,2,8829.46
2330,3,8881.88
2330,4,8718.32
2330,5,8913.73
2330,6,8821.51
2330,7,8844.91
2330,8,8693.9
2330,9,8826.82
2330,10,8735.31
2330,11,8889.88
2330,12,8875.23
2330,13,8834.14
2330,14,8686.96
2330,15,8894.37
2330,16,8693.47
2330,17,8991.86
2330,18,8851.32
2330,19,8802.22
2330,20,8814.86
2330,21,8680.92
2330,22,8812.56
2330,23,8792.83
2330,24,8933.5
2330,25,8760.88
2330,26,8889.6
2330,27,8657.11
2330,28,8700.38
2330,29,8820.33
2330,30,8851.05
2330,31,8866.65
2330,32,8799.1
2330,33,8779.48
2330,34,8693.7
2330,35,8675.19
2330,36,8955.23
2330,37,8787.81
2330,38,8906.82
2330,39,8846.95
2330,40,8883.95
2330,41,8739.87
2330,42,8878.72
2330,43,8744.78
2330,44,8717.13
2330,45,8787.98
2330,46,8806.79
2330,47,8903.74
2330,48,8963.01
2330,49,8707.73
2330,50,8795.16
2330,51,8879.08
2330,52,8939.62
2330,53,8881.25
2330,54,8701.27
2330,55,8769.85
2330,56,8826.42
2330,57,8732.29
2330,58,8678.58
2330,59,8910.86
2330,60,8852.81
2330,61,8697.43
2330,62,8806.33
2330,63,8886.88
2330,64,8845.29
2330,65,8635.08
2330,66,8739.88
2330,67,8667.78
2330,68,8748.52
2330,69,8902.07
2330,70,8755.04
2330,71,8804.27
2330,72,8942.47
2330,73,8790.64
2330,74,8885.71
2330,75,8905.79
2330,76,8768.89
2330,77,8879.15
2330,78,8803.52
2330,79,8821.71
2330,80,8863.18
2330,81,8764.09
2330,82,8754.74
2330,83,8789.27
2330,84,8707.54
2330,85,8733.34
2330,86,8786.71
2330,87,8850.43
2330,88,8880.14
2330,89,8731.66
2330,90,8652.34
2330,91,8783.46
2330,92,8680.48
2330,93,8796.06
2330,94,8744.38
2330,95,8816.53
2330,96,8752.9
2330,97,8864.73
2330,98,8842.92
2330,99,8842.19
2340,0,8982.46
2340,1,8908.95
2340,2,8829.16
2340,3,8881.58
2340,4,8718.02
2340,5,8913.43
2340,6,8821.21
2340,7,8844.61
2340,8,8693.6
2340,9,8826.52
2340,10,8735.01
2340,11,8889.58
2340,12,8874.93
2340,13,8833.84
2340,14,8686.66
2340,15,8894.07
2340,16,8693.17
2340,17,8991.56
2340,18,8851.02
2340,19,8801.92
2340,20,8814.56
2340,21,8680.62
2340,22,8812.26
2340,23,8792.53
2340,24,8933.2
2340,25,8760.58
2340,26,8889.3
2340,27,8656.81
2340,28,8700.08
2340,29,8820.03
2340,30,8850.75
2340,31,8866.35
2340,32,8798.8
2340,33,8779.18
2340,34,8693.4
2340,35,8674.89
2340,36,8954.93
2340,37,8787.51
2340,38,8906.52
2340,39,8846.65
2340,40,8883.65
2340,41,8739.57
2340,42,8878.42
2340,43,8744.48
2340,44,8716.83
2340,45,8787.68
2340,46,8806.49
2340,47,8903.44
2340,48,8962.71
2340,49,8707.43
2340,50,8794.86
2340,51,8878.78
2340,52,8939.32
2340,53,8880.95
2340,54,8700.97
2340,55,8769.55
2340,56,8826.12
2340,57,8731.99
2340,58,8678.28
2340,59,8910.56
2340,60,8852.51
2340,61,8697.13
2340,62,8806.03
2340,63,8886.58
2340,64,8844.99
2340,65,8634.78
2340,66,8739.58
2340,67,8667.48
2340,68,8748.22
2340,69,8901.77
2340,70,8754.74
2340,71,8803.97
2340,72,8942.17
2340,73,8790.34
2340,74,8885.41
2340,75,8905.49
2340,76,8768.59
2340,77,8878.85
2340,78,8803.22
2340,79,8821.41
2340,80,8862.88
2340,81,8763.79
2340,82,8754.44
2340,83,8788.97
2340,84,8707.24
2340,85,8733.04
2340,86,8786.41
2340,87,8850.13
2340,88,8879.84
2340,89,8731.36
2340,90,8652.04
2340,91,8783.16
2340,92,8680.18
2340,93,8795.76
2340,94,8744.08
2340,95,8816.23
2340,96,8752.6
2340,97,8864.43
2340,98,8842.62
2340,99,8841.89
2350,0,8982.16
2350,1,8905.99
2350,2,8826.39
2350,3,8878.09
2350,4,8713
2350,5,8913.13
2350,6,8818.36
2350,7,8842.04
2350,8,8688.89
2350,9,8823.18
2350,10,8732.57
2350,11,8889.28
2350,12,8872.32
2350,13,8830.81
2350,14,8685.02
2350,15,8891.12
2350,16,8689.57
2350,17,8991.26
2350,18,8849.09
2350,19,8797.73
2350,20,8810.8
2350,21,8678.63
2350,22,8808.75
2350,23,8788.07
2350,24,8929.66
2350,25,8756.9
2350,26,8885.27
2350,27,8655.11
2350,28,8697.52
2350,29,8815.88
2350,30,8850.45
2350,31,8863.08
2350,32,8794.91
2350,33,8775.36
2350,34,8691
2350,35,8674.55
2350,36,8954.63
2350,37,8783.41
2350,38,8902.19
2350,39,8842.67
2350,40,8881.64
2350,41,8735.89
2350,42,8878.12
2350,43,8738.71
2350,44,8713.8
2350,45,8783.84
2350,46,8804.07
2350,47,8900.81
2350,48,8957.84
2350,49,8707.09
2350,50,8792.18
2350,51,8875.02
2350,52,8936
2350,53,8876.92
2350,54,8696.99
2350,55,8765.54
2350,56,8821.51
2350,57,8729.27
2350,58,8676.87
2350,59,8910.26
2350,60,8850.54
2350,61,8693.56
2350,62,8802.52
2350,63,8884.3
2350,64,8841.43
2350,65,8632.87
2350,66,8734.02
2350,67,8665.44
2350,68,8746.54
2350,69,8898.13
2350,70,8751.45
2350,71,8801.98
2350,72,8940.09
2350,73,8785.75
2350,74,8885.11
2350,75,8905.19
2350,76,8764.05
2350,77,8878.55
2350,78,8797.61
2350,79,8818.53
2350,80,8862.58
2350,81,8760.34
2350,82,8750.89
2350,83,8788.67
2350,84,8706.94
2350,85,8728.55
2350,86,8784.09
2350,87,8846.26
2350,88,8875.75
2350,89,8727.41
2350,90,8649.37
2350,91,8779.49
2350,92,8675.72
2350,93,8789.85
2350,94,8742.02
2350,95,8811.45
2350,96,8751.14
2350,97,8860.2
2350,98,8842.32
2350,99,8841.59
2360,0,8968.26
2360,1,8895.92
2360,2,8813.59
2360,3,8867.68
2360,4,8699.71
2360,5,8898.46
2360,6,8807.08
2360,7,8831.3
2360,8,8674.73
2360,9,8813.47
2360,10,8714.8
2360,11,8877.58
2360,12,8860.95
2360,13,8818.08
2360,14,8666.29
2360,15,8882.74
2360,16,8673.51
2360,17,8979.15
2360,18,8832.55
2360,19,8783
2360,20,8797.89
2360,21,8662.39
2360,22,8796.87
2360,23,8776.75
2360,24,8920.75
2360,25,8741.07
2360,26,8876.96
2360,27,8637.92
2360,28,8683.67
2360,29,8805.19
2360,30,8837.49
2360,31,8848.27
2360,32,8780.68
2360,33,8760.2
2360,34,8675.55
2360,35,8660.85
2360,36,8940.87
2360,37,8769.1
2360,38,8889.83
2360,39,8830.35
2360,40,8868.87
2360,41,8724.23
2360,42,8863.84
2360,43,8726.77
2360,44,8696.23
2360,45,8775.55
2360,46,8790.16
2360,47,8889.72
2360,48,8949.57
2360,49,8692.65
2360,50,8775.99
2360,51,8866.12
2360,52,8925.81
2360,53,8865.76
2360,54,8681.58
2360,55,8752.32
2360,56,8811.46
2360,57,8716.09
2360,58,8662.98
2360,59,8895.55
2360,60,8837.23
2360,61,8678.38
2360,62,8788.42
2360,63,8870.63
2360,64,8828.81
2360,65,8619.97
2360,66,8723.43
2360,67,8651.17
2360,68,8730.64
2360,69,8886.55
2360,70,8739.28
2360,71,8788.91
2360,72,8927.61
2360,73,8772.91
2360,74,8871.88
2360,75,8888.98
2360,76,8751.49
2360,77,8864.89
2360,78,8787.04
2360,79,8805.1
2360,80,8848.87
2360,81,8749.15
2360,82,8736.49
2360,83,8773.28
2360,84,8692.37
2360,85,8714.86
2360,86,8770.6
2360,87,8833.75
2360,88,8864.9
2360,89,8714.28
2360,90,8635.56
2360,91,8769.29
2360,92,8659.69
2360,93,8779.67
2360,94,8728.37
2360,95,8802.71
2360,96,8735.16
2360,97,8851.14
2360,98,8829.32
2360,99,8826.14
2370,0,8967.96
2370,1,8895.62
2370,2,8813.29
2370,3,8867.38
2370,4,8699.41
2370,5,8898.16
2370,6,8806.78
2370,7,8831
2370,8,8674.43
2370,9,8813.17
2370,10,8714.5
2370,11,8877.28
2370,12,8860.65
2370,13,8817.78
2370,14,8665.99
2370,15,8882.44
2370,16,8673.21
2370,17,8978.85
2370,18,8832.25
2370,19,8782.7
2370,20,8797.59
2370,21,8662.09
2370,22,8796.57
2370,23,8776.45
2370,24,8920.45
2370,25,8740.77
2370,26,8876.66
2370,27,8637.62
2370,28,8683.37
2370,29,8804.89
2370,30,8837.19
2370,31,8847.97
2370,32,8780.38
2370,33,8759.9
2370,34,8675.25
2370,35,8660.55
2370,36,8940.57
2370,37,8768.8
2370,38,8889.53
2370,39,8830.05
2370,40,8868.57
2370,41,8723.93
2370,42,8863.54
2370,43,8726.47
2370,44,8695.93
2370,45,8775.25
2370,46,8789.86
2370,47,8889.42
2370,48,8949.27
2370,49,8692.35
2370,50,8775.69
2370,51,8865.82
2370,52,8925.51
2370,53,8865.46
2370,54,8681.28
2370,55,8752.02
2370,56,8811.16
2370,57,8715.79
2370,58,8662.68
2370,59,8895.25
2370,60,8836.93
2370,61,8678.08
2370,62,8788.12
2370,63,8870.33
2370,64,8828.51
2370,65,8619.67
2370,66,8723.13
2370,67,8650.87
2370,68,8730.34
2370,69,8886.25
2370,70,8738.98
2370,71,8788.61
2370,72,8927.31
2370,73,8772.61
2370,74,8871.58
2370,75,8888.68
2370,76,8751.19
2370,77,8864.59
2370,78,8786.74
2370,79,8804.8
2370,80,8848.57
2370,81,8748.85
2370,82,8736.19
2370,83,8772.98
2370,84,8692.07
2370,85,8714.56
2370,86,8770.3
2370,87,8833.45
2370,88,8864.6
2370,89,8713.98
2370,90,8635.26
2370,91,8768.99
2370,92,8659.39
2370,93,8779.37
2370,94,8728.07
2370,95,8802.41
2370,96,8734.86
2370,97,8850.84
2370,98,8829.02
2370,99,8825.84
2380,0,8967.66
2380,1,8895.32
2380,2,8811.58
2380,3,8867.08
2380,4,8699.11
2380,5,8897.86
2380,6,8806.48
2380,7,8828.5
2380,8,8674.13
2380,9,8812.16
2380,10,8712.02
2380,11,8876.98
2380,12,8860.35
2380,13,8817.48
2380,14,8664.41
2380,15,8880.06
2380,16,8671.93
2380,17,8978.55
2380,18,8830.31
2380,19,8779.98
2380,20,8795.92
2380,21,8660.09
2380,22,8796.27
2380,23,8774.48
2380,24,8920.15
2380,25,8740.47
2380,26,8876.36
2380,27,8637.32
2380,28,8680.78
2380,29,8802.57
2380,30,8836.89
2380,31,8846.27
2380,32,8777.83
2380,33,8759.6
2380,34,8672.86
2380,35,8660.2
2380,36,8940.27
2380,37,8768.06
2380,38,8887.73
2380,39,8829.75
2380,40,8868.27
2380,41,8723.63
2380,42,8863.24
2380,43,8724.5
2380,44,8695.63
2380,45,8774.9
2380,46,8789.56
2380,47,8886.87
2380,48,8947.67
2380,49,8691.99
2380,50,8775.33
2380,51,8865.52
2380,52,8923.11
2380,53,8863.11
2380,54,8679.96
2380,55,8750.29
2380,56,8809.52
2380,57,8714.2
2380,58,8662.38
2380,59,8894.95
2380,60,8834.9
2380,61,8677.78
2380,62,8786.14
2380,63,8868.12
2380,64,8824.99
2380,65,8619.37
2380,66,8721.41
2380,67,8650.57
2380,68,8730.04
2380,69,8885.95
2380,70,8738.68
2380,71,8786.53
2380,72,8925.35
2380,73,8771.1
2380,74,8871.28
2380,75,8888.38
2380,76,8749.59
2380,77,8864.29
2380,78,8783.21
2380,79,8803.48
2380,80,8848.27
2380,81,8748.55
2380,82,8733.81
2380,83,8772.68
2380,84,8691.77
2380,85,8712.68
2380,86,8770
2380,87,8832.45
2380,88,8863.13
2380,89,8713.24
2380,90,8634.96
2380,91,8767.94
2380,92,8657.72
2380,93,8777.69
2380,94,8727.77
2380,95,8802.11
2380,96,8733.46
2380,97,8848.49
2380,98,8828.72
2380,99,8825.54
2390,0,8953.65
2390,1,8878.4
2390,2,8794.77
2390,3,8851.38
2390,4,8680
2390,5,8884.31
2390,6,8788.41
2390,7,8813.81
2390,8,8653.41
2390,9,8798.23
2390,10,8694.44
2390,11,8863.47
2390,12,8846.11
2390,13,8799.47
2390,14,8644.45
2390,15,8870.97
2390,16,8655.41
2390,17,8964.53
2390,18,8812
2390,19,8763.25
2390,20,8778.14
2390,21,8644.78
2390,22,8781
2390,23,8759.39
2390,24,8906.98
2390,25,8721.26
2390,26,8861.1
2390,27,8616.75
2390,28,8662.37
2390,29,8788.78
2390,30,8821.28
2390,31,8831.58
2390,32,8760.33
2390,33,8742.8
2390,34,8654.65
2390,35,8643.79
2390,36,8925.91
2390,37,8750.02
2390,38,8873.4
2390,39,8810.91
2390,40,8851.87
2390,41,8709.99
2390,42,8850.51
2390,43,8707.92
2390,44,8675.07
2390,45,8758.12
2390,46,8772.96
2390,47,8871.83
2390,48,8934.02
2390,49,8674.84
2390,50,8755.84
2390,51,8853.48
2390,52,8908.43
2390,53,8846.74
2390,54,8660.1
2390,55,8735.15
2390,56,8793.75
2390,57,8698.89
2390,58,8644.22
2390,59,8882.13
2390,60,8820.11
2390,61,8661.31
2390,62,8772.41
2390,63,8849.45
2390,64,8811.01
2390,65,8600.99
2390,66,8706.52
2390,67,8630.02
2390,68,8709.38
2390,69,8871.73
2390,70,8721.55
2390,71,8769.65
2390,72,8910.55
2390,73,8753.35
2390,74,8856.37
2390,75,8872.01
2390,76,8733.54
2390,77,8849.92
2390,78,8767.91
2390,79,8786.43
2390,80,8832.6
2390,81,8729.43
2390,82,8718.69
2390,83,8756.4
2390,84,8673.6
2390,85,8696.94
2390,86,8752.41
2390,87,8818.41
2390,88,8848.02
2390,89,8695.62
2390,90,8614.25
2390,91,8751.69
2390,92,8636.58
2390,93,8762.05
2390,94,8710.18
2390,95,8782.83
2390,96,8713.86
2390,97,8837.88
2390,98,8814.04
2390,99,8811.85
2400,0,8953.35
2400,1,8878.1
2400,2,8794.47
2400,3,8851.08
2400,4,8679.7
2400,5,8884.01
2400,6,8788.11
2400,7,8813.51
2400,8,8653.11
2400,9,8797.93
2400,10,8694.14
2400,11,8863.17
2400,12,8845.81
2400,13,8799.17
2400,14,8644.15
2400,15,8870.67
2400,16,8655.11
2400,17,8964.23
2400,18,8811.7
2400,19,8762.95
2400,20,8777.84
2400,21,8644.48
2400,22,8780.7
2400,23,8759.09
2400,24,8906.68
2400,25,8720.96
2400,26,8860.8
2400,27,8616.45
2400,28,8662.07
2400,29,8788.48
2400,30,8820.98
2400,31,8831.28
2400,32,8760.03
2400,33,8742.5
2400,34,8654.35
2400,35,8643.49
2400,36,8925.61
2400,37,8749.72
2400,38,8873.1
2400,39,8810.61
2400,40,8851.57
2400,41,8709.69
2400,42,8850.21
2400,43,8707.62
2400,44,8674.77
2400,45,8757.82
2400,46,8772.66
2400,47,8871.53
2400,48,8933.72
2400,49,8674.54
2400,50,8755.54
2400,51,8853.18
2400,52,8908.13
2400,53,8846.44
2400,54,8659.8
2400,55,8734.85
2400,56,8793.45
2400,57,8698.59
2400,58,8643.92
2400,59,8881.83
2400,60,8819.81
2400,61,8661.01
2400,62,8772.11
2400,63,8849.15
2400,64,8810.71
2400,65,8600.69
2400,66,8706.22
2400,67,8629.72
2400,68,8709.08
2400,69,8871.43
2400,70,8721.25
2400,71,8769.35
2400,72,8910.25
2400,73,8753.05
2400,74,8856.07
2400,75,8871.71
2400,76,8733.24
2400,77,8849.62
2400,78,8767.61
2400,79,8786.13
2400,80,8832.3
2400,81,8729.13
2400,82,8718.39
2400,83,8756.1
2400,84,8673.3
2400,85,8696.64
2400,86,8752.11
2400,87,8818.11
2400,88,8847.72
2400,89,8695.32
2400,90,8613.95
2400,91,8751.39
2400,92,8636.28
2400,93,8761.75
2400,94,8709.88
2400,95,8782.53
2400,96,8713.56
2400,97,8837.58
2400,98,8813.74
2400,99,8811.55
2410,0,8953.05
2410,1,8877.8
2410,2,8794.11
2410,3,8850.78
2410,4,8679.4
2410,5,8883.71
2410,6,8787.81
2410,7,8813.21
2410,8,8652.81
2410,9,8797.57
2410,10,8693.84
2410,11,8862.87
2410,12,8845.51
2410,13,8798.87
2410,14,8643.85
2410,15,8870.37
2410,16,8654.81
2410,17,8963.93
2410,18,8811.4
2410,19,8762.65
2410,20,8777.54
2410,21,8644.18
2410,22,8780.4
2410,23,8758.79
2410,24,8906.38
2410,25,8720.66
2410,26,8860.5
2410,27,8616.15
2410,28,8661.77
2410,29,8788.18
2410,30,8820.68
2410,31,8830.92
2410,32,8759.73
2410,33,8742.2
2410,34,8654.05
2410,35,8643.13
2410,36,8925.31
2410,37,8749.42
2410,38,8872.8
2410,39,8810.31
2410,40,8851.27
2410,41,8709.39
2410,42,8849.91
2410,43,8707.32
2410,44,8674.47
2410,45,8757.52
2410,46,8772.36
2410,47,8871.23
2410,48,8933.42
2410,49,8674.24
2410,50,8755.24
2410,51,8852.88
2410,52,8907.83
2410,53,8846.14
2410,54,8659.5
2410,55,8734.55
2410,56,8793.15
2410,57,8698.29
2410,58,8643.62
2410,59,8881.53
2410,60,8819.51
2410,61,8660.71
2410,62,8771.81
2410,63,8848.85
2410,64,8810.41
2410,65,8600.39
2410,66,8705.92
2410,67,8629.42
2410,68,8708.78
2410,69,8871.13
2410,70,8720.95
2410,71,8769.05
2410,72,8909.95
2410,73,8752.75
2410,74,8855.77
2410,75,8871.41
2410,76,8732.94
2410,77,8849.32
2410,78,8766.17
2410,79,8785.83
2410,80,8832
2410,81,8728.83
2410,82,8718.09
2410,83,8755.8
2410,84,8673
2410,85,8696.34
2410,86,8751.81
2410,87,8817.11
2410,88,8847.42
2410,89,8695.02
2410,90,8613.65
2410,91,8751.09
2410,92,8635.98
2410,93,8761.45
2410,94,8709.58
2410,95,8782.23
2410,96,8713.26
2410,97,8837.28
2410,98,8813.44
2410,99,8811.25
2420,0,8935.69
2420,1,8861.04
2420,2,8776.38
2420,3,8835.61
2420,4,8660.97
2420,5,8867.19
2420,6,8770.21
2420,7,8796.62
2420,8,8634.89
2420,9,8781.4
2420,10,8674.19
2420,11,8849.26
2420,12,8831.08
2420,13,8780.45
2420,14,8625.48
2420,15,8855.91
2420,16,8633.52
2420,17,8948.98
2420,18,8791.86
2420,19,8743.34
2420,20,8759.82
2420,21,8623.68
2420,22,8764.57
2420,23,8742.1
2420,24,8892.39
2420,25,8701.16
2420,26,8840.68
2420,27,8597.98
2420,28,8641.16
2420,29,8772.38
2420,30,8805.47
2420,31,8812.11
2420,32,8738.61
2420,33,8724.63
2420,34,8635.2
2420,35,8621.47
2420,36,8910.36
2420,37,8729.24
2420,38,8853.06
2420,39,8790.17
2420,40,8833.41
2420,41,8694.43
2420,42,8836.3
2420,43,8688.14
2420,44,8653.94
2420,45,8739.44
2420,46,8758.25
2420,47,8855.29
2420,48,8914.2
2420,49,8655.18
2420,50,8733.66
2420,51,8839.01
2420,52,8890.58
2420,53,8826.26
2420,54,8636.75
2420,55,8715.34
2420,56,8776.23
2420,57,8679.12
2420,58,8625.79
2420,59,8868.75
2420,60,8802.39
2420,61,8643.01
2420,62,8753.9
2420,63,8829.22
2420,64,8790.17
2420,65,8581.04
2420,66,8685.78
2420,67,8608.98
2420,68,8690.74
2420,69,8854.62
2420,70,8700.87
2420,71,8750.77
2420,72,8892.8
2420,73,8733.69
2420,74,8839.69
2420,75,8854.95
2420,76,8714.18
2420,77,8832.65
2420,78,8746.66
2420,79,8766.69
2420,80,8813.9
2420,81,8709.89
2420,82,8697.75
2420,83,8739.12
2420,84,8654.15
2420,85,8675.04
2420,86,8730.36
2420,87,8803.24
2420,88,8829.09
2420,89,8675.45
2420,90,8591.98
2420,91,8733.6
2420,92,8612.53
2420,93,8742.45
2420,94,8692.55
2420,95,8760.46
2420,96,8692.65
2420,97,8824.77
2420,98,8799.58
2420,99,8796.44
2430,0,8935.39
2430,1,8860.74
2430,2,8776.08
2430,3,8835.31
2430,4,8660.67
2430,5,8866.89
2430,6,8769.91
2430,7,8796.32
2430,8,8634.59
2430,9,8781.1
2430,10,8673.89
2430,11,8848.96
2430,12,8830.78
2430,13,8780.15
2430,14,8625.18
2430,15,8855.61
2430,16,8633.22
2430,17,8948.68
2430,18,8791.56
2430,19,8743.04
2430,20,8759.52
2430,21,8623.38
2430,22,8764.27
2430,23,8741.8
2430,24,8892.09
2430,25,8700.86
2430,26,8840.38
2430,27,8597.68
2430,28,8640.86
2430,29,8772.08
2430,30,8805.17
2430,31,8811.81
2430,32,8738.31
2430,33,8724.33
2430,34,8634.9
2430,35,8621.17
2430,36,8910.06
2430,37,8728.94
2430,38,8852.76
2430,39,8789.87
2430,40,8833.11
2430,41,8694.13
2430,42,8836
2430,43,8687.84
2430,44,8653.64
2430,45,8739.14
2430,46,8757.95
2430,47,8854.99
2430,48,8913.9
2430,49,8654.88
2430,50,8733.36
2430,51,8838.71
2430,52,8890.28
2430,53,8825.96
2430,54,8636.45
2430,55,8715.04
2430,56,8775.93
2430,57,8678.82
2430,58,8625.49
2430,59,8868.45
2430,60,8802.09
2430,61,8642.71
2430,62,8753.6
2430,63,8828.92
2430,64,8789.87
2430,65,8580.74
2430,66,8685.48
2430,67,8608.68
2430,68,8690.44
2430,69,8854.32
2430,70,8700.57
2430,71,8750.47
2430,72,8892.5
2430,73,8733.39
2430,74,8839.39
2430,75,8854.65
2430,76,8713.88
2430,77,8832.35
2430,78,8746.36
2430,79,8766.39
2430,80,8813.6
2430,81,8709.59
2430,82,8697.45
2430,83,8738.82
2430,84,8653.85
2430,85,8674.74
2430,86,8730.06
2430,87,8802.94
2430,88,8828.79
2430,89,8675.15
2430,90,8591.68
2430,91,8733.3
2430,92,8612.23
2430,93,8742.15
2430,94,8692.25
2430,95,8760.16
2430,96,8692.35
2430,97,8824.47
2430,98,8799.28
2430,99,8796.14
2440,0,8935.09
2440,1,8860.44
2440,2,8775.78
2440,3,8835.01
2440,4,8660.37
2440,5,8866.59
2440,6,8769.61
2440,7,8796.02
2440,8,8634.29
2440,9,8780.8
2440,10,8673.59
2440,11,8848.66
2440,12,8830.48
2440,13,8779.85
2440,14,8624.88
2440,15,8855.31
2440,16,8632.92
2440,17,8948.38
2440,18,8791.26
2440,19,8742.74
2440,20,8759.22
2440,21,8623.08
2440,22,8763.97
2440,23,8741.5
2440,24,8891.79
2440,25,8700.56
2440,26,8840.08
2440,27,8597.38
2440,28,8640.56
2440,29,8771.78
2440,30,8804.87
2440,31,8811.51
2440,32,8738.01
2440,33,8724.03
2440,34,8634.6
2440,35,8620.87
2440,36,8909.76
2440,37,8728.64
2440,38,8852.46
2440,39,8789.57
2440,40,8832.81
2440,41,8693.83
2440,42,8835.7
2440,43,8687.54
2440,44,8653.34
2440,45,8738.84
2440,46,8757.65
2440,47,8854.69
2440,48,8913.6
2440,49,8654.58
2440,50,8733.06
2440,51,8838.41
2440,52,8889.98
2440,53,8825.66
2440,54,8636.15
2440,55,8714.74
2440,56,8775.63
2440,57,8678.52
2440,58,8625.19
2440,59,8868.15
2440,60,8801.79
2440,61,8642.41
2440,62,8753.3
2440,63,8828.62
2440,64,8789.57
2440,65,8580.44
2440,66,8685.18
2440,67,8608.38
2440,68,8690.14
2440,69,8854.02
2440,70,8700.27
2440,71,8750.17
2440,72,8892.2
2440,73,8733.09
2440,74,8839.09
2440,75,8854.35
2440,76,8713.58
2440,77,8832.05
2440,78,8746.06
2440,79,8766.09
2440,80,8813.3
2440,81,8709.29
2440,82,8697.15
2440,83,8738.52
2440,84,8653.55
2440,85,8674.44
2440,86,8729.76
2440,87,8802.64
2440,88,8828.49
2440,89,8674.85
2440,90,8591.38
2440,91,8733
2440,92,8611.93
2440,93,8741.85
2440,94,8691.95
2440,95,8759.86
2440,96,8692.05
2440,97,8824.17
2440,98,8798.98
2440,99,8795.84
2450,0,8921.96
2450,1,8846.58
2450,2,8761.08
2450,3,8821.77
2450,4,8643.52
2450,5,8853.51
2450,6,8755.28
2450,7,8783.04
2450,8,8617.56
2450,9,8768.5
2450,10,8657.08
2450,11,8836.96
2450,12,8818.92
2450,13,8767.5
2450,14,8606.95
2450,15,8843.32
2450,16,8615.43
2450,17,8935.4
2450,18,8774.69
2450,19,8726.59
2450,20,8743.96
2450,21,8606.87
2450,22,8750.22
2450,23,8723.71
2450,24,8879.92
2450,25,8684.05
2450,26,8827
2450,27,8579.6
2450,28,8623.29
2450,29,8757.83
2450,30,8792.43
2450,31,8795.39
2450,32,8722.21
2450,33,8707
2450,34,8618.65
2450,35,8604.24
2450,36,8898.14
2450,37,8712.41
2450,38,8838.05
2450,39,8776.51
2450,40,8817.94
2450,41,8682.14
2450,42,8823.45
2450,43,8671.6
2450,44,8636.32
2450,45,8723.95
2450,46,8745.09
2450,47,8841.64
2450,48,8897.3
2450,49,8639.8
2450,50,8722.28
2450,51,8826.11
2450,52,8876.72
2450,53,8808.65
2450,54,8618.29
2450,55,8699.57
2450,56,8758.61
2450,57,8664.55
2450,58,8609.55
2450,59,8856.66
2450,60,8786.84
2450,61,8625.82
2450,62,8740.69
2450,63,8811.91
2450,64,8775.81
2450,65,8564.6
2450,66,8670.03
2450,67,8591.56
2450,68,8671.59
2450,69,8842
2450,70,8682.92
2450,71,8734.63
2450,72,8873.26
2450,73,8716.4
2450,74,8825.87
2450,75,8839.57
2450,76,8698.04
2450,77,8818.76
2450,78,8731.19
2450,79,8751.83
2450,80,8799.44
2450,81,8694.07
2450,82,8681.58
2450,83,8723.89
2450,84,8637.74
2450,85,8658.31
2450,86,8713.39
2450,87,8789.54
2450,88,8814.18
2450,89,8658.82
2450,90,8574.88
2450,91,8719.54
2450,92,8592.89
2450,93,8726.75
2450,94,8676.42
2450,95,8743.32
2450,96,8675.73
2450,97,8813.31
2450,98,8787.11
2450,99,8784.12
2460,0,8921.66
2460,1,8846.28
2460,2,8760.78
2460,3,8821.47
2460,4,8643.22
2460,5,8853.21
2460,6,8754.98
2460,7,8782.74
2460,8,8617.26
2460,9,8768.2
2460,10,8656.78
2460,11,8836.66
2460,12,8818.62
2460,13,8767.2
2460,14,8606.65
2460,15,8843.02
2460,16,8615.13
2460,17,8935.1
2460,18,8774.39
2460,19,8726.29
2460,20,8743.66
2460,21,8606.57
2460,22,8749.92
2460,23,8723.41
2460,24,8879.62
2460,25,8683.75
2460,26,8826.7
2460,27,8579.3
2460,28,8622.99
2460,29,8757.53
2460,30,8792.13
2460,31,8795.09
2460,32,8721.91
2460,33,8706.7
2460,34,8618.35
2460,35,8603.94
2460,36,8897.84
2460,37,8712.11
2460,38,8837.75
2460,39,8776.21
2460,40,8817.64
2460,41,8681.84
2460,42,8823.15
2460,43,8671.3
2460,44,8636.02
2460,45,8723.65
2460,46,8744.79
2460,47,8841.34
2460,48,8897
2460,49,8639.5
2460,50,8721.98
2460,51,8825.81
2460,52,8876.42
2460,53,8808.35
2460,54,8617.99
2460,55,8699.27
2460,56,8758.31
2460,57,8664.25
2460,58,8609.25
2460,59,8856.36
2460,60,8786.54
2460,61,8625.52
2460,62,8740.39
2460,63,8811.61
2460,64,8775.51
2460,65,8564.3
2460,66,8669.73
2460,67,8591.26
2460,68,8671.29
2460,69,8841.7
2460,70,8682.62
2460,71,8734.33
2460,72,8872.96
2460,73,8716.1
2460,74,8825.57
2460,75,8839.27
2460,76,8697.74
2460,77,8818.46
2460,78,8730.89
2460,79,8751.53
2460,80,8799.14
2460,81,8693.77
2460,82,8681.28
2460,83,8723.59
2460,84,8637.44
2460,85,8658.01
2460,86,8713.09
2460,87,8789.24
2460,88,8813.88
2460,89,8658.52
2460,90,8574.58
2460,91,8719.24
2460,92,8592.59
2460,93,8726.45
2460,94,8676.12
2460,95,8743.02
2460,96,8675.43
2460,97,8813.01
2460,98,8786.81
2460,99,8783.82
2470,0,8921.36
2470,1,8845.98
2470,2,8760.48
2470,3,8821.17
2470,4,8642.92
2470,5,8852.91
2470,6,8754.68
2470,7,8782.44
2470,8,8616.96
2470,9,8767.9
2470,10,8656.48
2470,11,8836.36
2470,12,8818.32
2470,13,8766.9
2470,14,8606.35
2470,15,8842.72
2470,16,8614.83
2470,17,8934.8
2470,18,8774.09
2470,19,8725.99
2470,20,8743.36
2470,21,8606.27
2470,22,8749.62
2470,23,8723.11
2470,24,8879.32
2470,25,8683.45
2470,26,8826.4
2470,27,8579
2470,28,8622.69
2470,29,8757.23
2470,30,8791.83
2470,31,8794.79
2470,32,8721.61
2470,33,8706.4
2470,34,8618.05
2470,35,8603.64
2470,36,8897.54
2470,37,8711.81
2470,38,8837.45
2470,39,8775.91
2470,40,8817.34
2470,41,8681.54
2470,42,8822.85
2470,43,8671
2470,44,8635.72
2470,45,8723.35
2470,46,8744.49
2470,47,8841.04
2470,48,8896.7
2470,49,8639.2
2470,50,8721.68
2470,51,8825.51
2470,52,8876.12
2470,53,8808.05
2470,54,8617.69
2470,55,8698.97
2470,56,8758.01
2470,57,8663.95
2470,58,8608.95
2470,59,8856.06
2470,60,8786.24
2470,61,8625.22
2470,62,8740.09
2470,63,8811.31
2470,64,8775.21
2470,65,8564
2470,66,8669.43
2470,67,8590.96
2470,68,8670.99
2470,69,8841.4
2470,70,8682.32
2470,71,8734.03
2470,72,8872.66
2470,73,8715.8
2470,74,8825.27
2470,75,8838.97
2470,76,8697.44
2470,77,8818.16
2470,78,8730.59
2470,79,8751.23
2470,80,8798.84
2470,81,8693.47
2470,82,8680.98
2470,83,8723.29
2470,84,8637.14
2470,85,8657.71
2470,86,8712.79
2470,87,8788.94
2470,88,8813.58
2470,89,8658.22
2470,90,8574.28
2470,91,8718.94
2470,92,8592.29
2470,93,8726.15
2470,94,8675.82
2470,95,8742.72
2470,96,8675.13
2470,97,8812.71
2470,98,8786.51
2470,99,8783.52
2480,0,8907.36
2480,1,8832.38
2480,2,8744.35
2480,3,8808.65
2480,4,8624.67
2480,5,8840.24
2480,6,8740.46
2480,7,8768.86
2480,8,8599.04
2480,9,8753.93
2480,10,8640.52
2480,11,8823.06
2480,12,8806.64
2480,13,8754.19
2480,14,8591.23
2480,15,8828.59
2480,16,8597.63
2480,17,8923.11
2480,18,8758.97
2480,19,8710.19
2480,20,8728.28
2480,21,8588.99
2480,22,8735.94
2480,23,8708.51
2480,24,8866.48
2480,25,8667.4
2480,26,8811.42
2480,27,8559.81
2480,28,8605.75
2480,29,8743.95
2480,30,8777.89
2480,31,8778.85
2480,32,8703.7
2480,33,8691.32
2480,34,8602.8
2480,35,8587.11
2480,36,8886.35
2480,37,8693.87
2480,38,8822.58
2480,39,8762.38
2480,40,8802.27
2480,41,8669.14
2480,42,8810.15
2480,43,8655.19
2480,44,8618.98
2480,45,8707.66
2480,46,8731.63
2480,47,8827.35
2480,48,8879.2
2480,49,8624.46
2480,50,8703.87
2480,51,8813.32
2480,52,8860.75
2480,53,8792.54
2480,54,8600.4
2480,55,8682.54
2480,56,8742.13
2480,57,8648.59
2480,58,8592.38
2480,59,8843.09
2480,60,8771.71
2480,61,8610.47
2480,62,8726.52
2480,63,8796.06
2480,64,8759.56
2480,65,8548.47
2480,66,8653.51
2480,67,8575.22
2480,68,8656.58
2480,69,8827.42
2480,70,8667.35
2480,71,8718.91
2480,72,8853.6
2480,73,8699.26
2480,74,8810.64
2480,75,8822.64
2480,76,8681.73
2480,77,8805.3
2480,78,8715.52
2480,79,8737.49
2480,80,8785.36
2480,81,8679.29
2480,82,8664.5
2480,83,8707.46
2480,84,8621.37
2480,85,8640.32
2480,86,8696.87
2480,87,8772.49
2480,88,8797.23
2480,89,8640.6
2480,90,8555.94
2480,91,8705.88
2480,92,8573.19
2480,93,8709.19
2480,94,8660.16
2480,95,8726.62
2480,96,8659.21
2480,97,8800.88
2480,98,8772.21
2480,99,8771.43
2490,0,8907.06
2490,1,8832.08
2490,2,8744.05
2490,3,8808.35
2490,4,8624.37
2490,5,8839.94
2490,6,8740.16
2490,7,8768.56
2490,8,8598.74
2490,9,8753.63
2490,10,8640.22
2490,11,8822.76
2490,12,8806.34
2490,13,8753.89
2490,14,8590.93
2490,15,8828.29
2490,16,8597.33
2490,17,8922.81
2490,18,8758.67
2490,19,8709.89
2490,20,8727.98
2490,21,8588.69
2490,22,8735.64
2490,23,8708.21
2490,24,8866.18
2490,25,8667.1
2490,26,8811.12
2490,27,8559.51
2490,28,8605.45
2490,29,8743.65
2490,30,8777.59
2490,31,8778.55
2490,32,8703.4
2490,33,8691.02
2490,34,8602.5
2490,35,8586.81
2490,36,8886.05
2490,37,8693.57
2490,38,8822.28
2490,39,8762.08
2490,40,8801.97
2490,41,8668.84
2490,42,8809.85
2490,43,8654.89
2490,44,8618.68
2490,45,8707.36
2490,46,8731.33
2490,47,8827.05
2490,48,8878.9
2490,49,8624.16
2490,50,8703.57
2490,51,8813.02
2490,52,8860.45
2490,53,8792.24
2490,54,8600.1
2490,55,8682.24
2490,56,8741.83
2490,57,8648.29
2490,58,8592.08
2490,59,8842.79
2490,60,8771.41
2490,61,8610.17
2490,62,8726.22
2490,63,8795.76
2490,64,8759.26
2490,65,8548.17
2490,66,8653.21
2490,67,8574.92
2490,68,8656.28
2490,69,8827.12
2490,70,8667.05
2490,71,8718.61
2490,72,8853.3
2490,73,8698.96
2490,74,8810.34
2490,75,8822.34
2490,76,8681.43
2490,77,8805
2490,78,8715.22
2490,79,8737.19
2490,80,8785.06
2490,81,8678.99
2490,82,8664.2
2490,83,8707.16
2490,84,8621.07
2490,85,8640.02
2490,86,8696.57
2490,87,8772.19
2490,88,8796.93
2490,89,8640.3
2490,90,8555.64
2490,91,8705.58
2490,92,8572.89
2490,93,8708.89
2490,94,8659.86
2490,95,8726.32
2490,96,8658.91
2490,97,8800.58
2490,98,8771.91
2490,99,8771.13
2500,0,8906.76
2500,1,8831.78
2500,2,8743.75
2500,3,8808.05
2500,4,8624.07
2500,5,8839.64
2500,6,8739.86
2500,7,8768.26
2500,8,8598.44
2500,9,8753.33
2500,10,8639.92
2500,11,8822.46
2500,12,8806.04
2500,13,8753.59
2500,14,8590.63
2500,15,8827.99
2500,16,8597.03
2500,17,8922.51
2500,18,8758.37
2500,19,8709.59
2500,20,8727.68
2500,21,8588.39
2500,22,8735.34
2500,23,8707.91
2500,24,8865.88
2500,25,8666.8
2500,26,8810.82
2500,27,8559.21
2500,28,8605.15
2500,29,8743.35
2500,30,8777.29
2500,31,8778.25
2500,32,8703.1
2500,33,8690.72
2500,34,8602.2
2500,35,8586.51
2500,36,8885.75
2500,37,8693.27
2500,38,8821.98
2500,39,8761.78
2500,40,8801.67
2500,41,8668.54
2500,42,8809.55
2500,43,8654.59
2500,44,8618.38
2500,45,8707.06
2500,46,8731.03
2500,47,8826.75
2500,48,8878.6
2500,49,8623.86
2500,50,8703.27
2500,51,8812.72
2500,52,8860.15
2500,53,8791.94
2500,54,8599.8
2500,55,8681.94
2500,56,8741.53
2500,57,8647.99
2500,58,8591.78
2500,59,8842.49
2500,60,8771.11
2500,61,8609.87
2500,62,8725.92
2500,63,8795.46
2500,64,8758.96
2500,65,8547.87
2500,66,8652.91
2500,67,8574.62
2500,68,8655.98
2500,69,8826.82
2500,70,8666.75
2500,71,8718.31
2500,72,8853
2500,73,8698.66
2500,74,8810.04
2500,75,8822.04
2500,76,8681.13
2500,77,8804.7
2500,78,8714.92
2500,79,8736.89
2500,80,8784.76
2500,81,8678.69
2500,82,8663.9
2500,83,8706.86
2500,84,8620.77
2500,85,8639.72
2500,86,8696.27
2500,87,8771.89
2500,88,8796.63
2500,89,8640
2500,90,8555.34
2500,91,8705.28
2500,92,8572.59
2500,93,8708.59
2500,94,8659.56
2500,95,8726.02
2500,96,8658.61
2500,97,8800.28
2500,98,8771.61
2500,99,8770.83
2510,0,8893.61
2510,1,8818.52
2510,2,8728.94
2510,3,8793.86
2510,4,8605.82
2510,5,8827.22
2510,6,8725.96
2510,7,8754.79
2510,8,8580.04
2510,9,8740.77
2510,10,8622.83
2510,11,8808.75
2510,12,8792.84
2510,13,8741.73
2510,14,8573.69
2510,15,8813.55
2510,16,8578.07
2510,17,8908.77
2510,18,8742.73
2510,19,8691.57
2510,20,8710.14
2510,21,8570.11
2510,22,8719.95
2510,23,8693.95
2510,24,8853.64
2510,25,8651.31
2510,26,8797.83
2510,27,8542.14
2510,28,8589.21
2510,29,8728.09
2510,30,8762.86
2510,31,8760.77
2510,32,8687.78
2510,33,8674.36
2510,34,8587.21
2510,35,8568.53
2510,36,8873.53
2510,37,8677.83
2510,38,8808.64
2510,39,8744.21
2510,40,8787.01
2510,41,8655.3
2510,42,8795.21
2510,43,8640.81
2510,44,8602.81
2510,45,8694.21
2510,46,8716.18
2510,47,8813.3
2510,48,8866.25
2510,49,8610.01
2510,50,8687.25
2510,51,8799.92
2510,52,8845.25
2510,53,8775.33
2510,54,8582.48
2510,55,8666.56
2510,56,8728.11
2510,57,8634.02
2510,58,8575.47
2510,59,8828.62
2510,60,8756.85
2510,61,8593.93
2510,62,8712.42
2510,63,8779.04
2510,64,8743.88
2510,65,8532.75
2510,66,8638.89
2510,67,8556.55
2510,68,8641.85
2510,69,8813.88
2510,70,8650.14
2510,71,8700.95
2510,72,8836.14
2510,73,8682.3
2510,74,8794.45
2510,75,8805.96
2510,76,8666.51
2510,77,8792.77
2510,78,8698.7
2510,79,8721.37
2510,80,8772.89
2510,81,8661.7
2510,82,8649.3
2510,83,8691.02
2510,84,8605.48
2510,85,8621.49
2510,86,8680.24
2510,87,8755.3
2510,88,8783.51
2510,89,8624.73
2510,90,8536.96
2510,91,8689.89
2510,92,8551.88
2510,93,8694.14
2510,94,8642.63
2510,95,8707.93
2510,96,8640.91
2510,97,8787.44
2510,98,8757.75
2510,99,8756.78
2520,0,8893.31
2520,1,8818.22
2520,2,8728.64
2520,3,8793.56
2520,4,8605.52
2520,5,8826.92
2520,6,8725.66
2520,7,8754.49
2520,8,8579.74
2520,9,8740.47
2520,10,8622.53
2520,11,8808.45
2520,12,8792.54
2520,13,8741.43
2520,14,8573.39
2520,15,8813.25
2520,16,8577.77
2520,17,8908.47
2520,18,8742.43
2520,19,8691.27
2520,20,8709.84
2520,21,8569.81
2520,22,8719.65
2520,23,8693.65
2520,24,8853.34
2520,25,8651.01
2520,26,8797.53
2520,27,8541.84
2520,28,8588.91
2520,29,8727.79
2520,30,8762.56
2520,31,8760.47
2520,32,8687.48
2520,33,8674.06
2520,34,8586.91
2520,35,8568.23
2520,36,8873.23
2520,37,8677.53
2520,38,8808.34
2520,39,8743.91
2520,40,8786.71
2520,41,8655
2520,42,8794.91
2520,43,8640.51
2520,44,8602.51
2520,45,8693.91
2520,46,8715.88
2520,47,8813
2520,48,8865.95
2520,49,8609.71
2520,50,8686.95
2520,51,8799.62
2520,52,8844.95
2520,53,8775.03
2520,54,8582.18
2520,55,8666.26
2520,56,8727.81
2520,57,8633.72
2520,58,8575.17
2520,59,8828.32
2520,60,8756.55
2520,61,8593.63
2520,62,8712.12
2520,63,8778.74
2520,64,8743.58
2520,65,8532.45
2520,66,8638.59
2520,67,8556.25
2520,68,8641.55
2520,69,8813.58
2520,70,8649.84
2520,71,8700.65
2520,72,8835.84
2520,73,8682
2520,74,8794.15
2520,75,8805.66
2520,76,8666.21
2520,77,8792.47
2520,78,8698.4
2520,79,8721.07
2520,80,8772.59
2520,81,8661.4
2520,82,8649
2520,83,8690.72
2520,84,8605.18
2520,85,8621.19
2520,86,8679.94
2520,87,8755
2520,88,8783.21
2520,89,8624.43
2520,90,8536.66
2520,91,8689.59
2520,92,8551.58
2520,93,8693.84
2520,94,8642.33
2520,95,8707.63
2520,96,8640.61
2520,97,8787.14
2520,98,8757.45
2520,99,8756.48
2530,0,8893.01
2530,1,8817.92
2530,2,8728.34
2530,3,8793.26
2530,4,8605.22
2530,5,8826.62
2530,6,8725.36
2530,7,8754.19
2530,8,8579.44
2530,9,8740.17
2530,10,8622.23
2530,11,8808.15
2530,12,8792.24
2530,13,8741.13
2530,14,8573.09
2530,15,8812.95
2530,16,8577.47
2530,17,8908.17
2530,18,8742.13
2530,19,8690.97
2530,20,8709.54
2530,21,8569.51
2530,22,8719.35
2530,23,8693.35
2530,24,8853.04
2530,25,8650.71
2530,26,8797.23
2530,27,8541.54
2530,28,8588.61
2530,29,8727.49
2530,30,8762.26
2530,31,8760.17
2530,32,8687.18
2530,33,8673.76
2530,34,8586.61
2530,35,8567.93
2530,36,8872.93
2530,37,8677.23
2530,38,8808.04
2530,39,8743.61
2530,40,8786.41
2530,41,8654.7
2530,42,8794.61
2530,43,8640.21
2530,44,8602.21
2530,45,8693.61
2530,46,8715.58
2530,47,8812.7
2530,48,8865.65
2530,49,8609.41
2530,50,8686.65
2530,51,8799.32
2530,52,8844.65
2530,53,8774.73
2530,54,8581.88
2530,55,8665.96
2530,56,8727.51
2530,57,8633.42
2530,58,8574.87
2530,59,8828.02
2530,60,8756.25
2530,61,8593.33
2530,62,8711.82
2530,63,8778.44
2530,64,8743.28
2530,65,8532.15
2530,66,8638.29
2530,67,8555.95
2530,68,8641.25
2530,69,8813.28
2530,70,8649.54
2530,71,8700.35
2530,72,8835.54
2530,73,8681.7
2530,74,8793.85
2530,75,8805.36
2530,76,8665.91
2530,77,8792.17
2530,78,8698.1
2530,79,8720.77
2530,80,8772.29
2530,81,8661.1
2530,82,8648.7
2530,83,8690.42
2530,84,8604.88
2530,85,8620.89
2530,86,8679.64
2530,87,8754.7
2530,88,8782.91
2530,89,8624.13
2530,90,8536.36
2530,91,8689.29
2530,92,8551.28
2530,93,8693.54
2530,94,8642.03
2530,95,8707.33
2530,96,8640.31
2530,97,8786.84
2530,98,8757.15
2530,99,8756.18
2540,0,8878.62
2540,1,8801.18
2540,2,8709.87
2540,3,8779.38
2540,4,8586.88
2540,5,8810.07
2540,6,8711.4
2540,7,8738.01
2540,8,8559.9
2540,9,8726.28
2540,10,8603.28
2540,11,8792.74
2540,12,8778.43
2540,13,8725.34
2540,14,8552.65
2540,15,8799.36
2540,16,8557.29
2540,17,8894.67
2540,18,8723.13
2540,19,8671.95
2540,20,8691.82
2540,21,8550.35
2540,22,8704.75
2540,23,8676.45
2540,24,8838.62
2540,25,8630.97
2540,26,8782.22
2540,27,8521.13
2540,28,8568.13
2540,29,8712.06
2540,30,8746.47
2540,31,8743.78
2540,32,8668.92
2540,33,8653.71
2540,34,8567.65
2540,35,8548.69
2540,36,8859.64
2540,37,8658.39
2540,38,8791.63
2540,39,8726.69
2540,40,8766.81
2540,41,8640.13
2540,42,8781.26
2540,43,8622.82
2540,44,8583.62
2540,45,8679.24
2540,46,8700.21
2540,47,8796.78
2540,48,8849.58
2540,49,8590.56
2540,50,8671.69
2540,51,8785.92
2540,52,8829.83
2540,53,8758.49
2540,54,8562.83
2540,55,8647.79
2540,56,8710.92
2540,57,8617.42
2540,58,8554.05
2540,59,8812.8
2540,60,8738.68
2540,61,8573.11
2540,62,8695.94
2540,63,8763.13
2540,64,8726.62
2540,65,8513.07
2540,66,8623.31
2540,67,8538.1
2540,68,8623.63
2540,69,8799.07
2540,70,8629.96
2540,71,8682.22
2540,72,8816.6
2540,73,8663.42
2540,74,8779.24
2540,75,8789.16
2540,76,8648.72
2540,77,8777.91
2540,78,8680.2
2540,79,8705.16
2540,80,8757.53
2540,81,8645.04
2540,82,8634.81
2540,83,8674.76
2540,84,8586.72
2540,85,8602.78
2540,86,8660.66
2540,87,8738.38
2540,88,8766.06
2540,89,8605.48
2540,90,8517.11
2540,91,8674.42
2540,92,8529.97
2540,93,8676.42
2540,94,8625.27
2540,95,8690.26
2540,96,8621.62
2540,97,8773.46
2540,98,8742.44
2540,99,8740.02
2550,0,8878.32
2550,1,8800.88
2550,2,8709.57
2550,3,8779.08
2550,4,8586.58
2550,5,8809.77
2550,6,8711.1
2550,7,8737.71
2550,8,8559.6
2550,9,8725.98
2550,10,8602.98
2550,11,8792.44
2550,12,8778.13
2550,13,8725.04
2550,14,8552.37
2550,15,8799.06
2550,16,8556.99
2550,17,8894.37
2550,18,8722.83
2550,19,8671.65
2550,20,8691.52
2550,21,8550.05
2550,22,8704.45
2550,23,8676.15
2550,24,8838.32
2550,25,8630.68
2550,26,8781.92
2550,27,8520.84
2550,28,8567.84
2550,29,8711.76
2550,30,8746.17
2550,31,8743.48
2550,32,8668.62
2550,33,8653.42
2550,34,8567.35
2550,35,8548.4
2550,36,8859.34
2550,37,8658.09
2550,38,8791.33
2550,39,8726.39
2550,40,8766.52
2550,41,8639.83
2550,42,8780.96
2550,43,8622.52
2550,44,8583.32
2550,45,8678.94
2550,46,8699.91
2550,47,8796.48
2550,48,8849.28
2550,49,8590.27
2550,50,8671.39
2550,51,8785.62
2550,52,8829.53
2550,53,8758.19
2550,54,8562.53
2550,55,8647.49
2550,56,8710.62
2550,57,8617.12
2550,58,8553.77
2550,59,8812.5
2550,60,8738.38
2550,61,8572.81
2550,62,8695.64
2550,63,8762.83
2550,64,8726.32
2550,65,8512.78
2550,66,8623.01
2550,67,8537.8
2550,68,8623.33
2550,69,8798.77
2550,70,8629.67
2550,71,8681.92
2550,72,8816.3
2550,73,8663.12
2550,74,8778.94
2550,75,8788.86
2550,76,8648.42
2550,77,8777.61
2550,78,8679.9
2550,79,8704.86
2550,80,8757.23
2550,81,8644.74
2550,82,8634.51
2550,83,8674.46
2550,84,8586.42
2550,85,8602.48
2550,86,8660.36
2550,87,8738.08
2550,88,8765.76
2550,89,8605.18
2550,90,8516.82
2550,91,8674.12
2550,92,8529.69
2550,93,8676.12
2550,94,8624.97
2550,95,8689.96
2550,96,8621.32
2550,97,8773.16
2550,98,8742.14
2550,99,8739.72
2560,0,8878.02
2560,1,8800.58
2560,2,8709.27
2560,3,8778.78
2560,4,8586.28
2560,5,8809.47
2560,6,8710.8
2560,7,8737.41
2560,8,8559.3
2560,9,8725.68
2560,10,8602.68
2560,11,8792.14
2560,12,8777.83
2560,13,8724.74
2560,14,8552.07
2560,15,8798.76
2560,16,8556.69
2560,17,8894.07
2560,18,8722.53
2560,19,8671.35
2560,20,8691.22
2560,21,8549.75
2560,22,8704.15
2560,23,8675.85
2560,24,8838.02
2560,25,8630.38
2560,26,8781.62
2560,27,8520.54
2560,28,8567.54
2560,29,8711.46
2560,30,8745.87
2560,31,8743.18
2560,32,8668.32
2560,33,8653.12
2560,34,8567.05
2560,35,8548.1
2560,36,8859.04
2560,37,8657.79
2560,38,8791.03
2560,39,8726.09
2560,40,8766.22
2560,41,8639.53
2560,42,8780.66
2560,43,8622.22
2560,44,8583.02
2560,45,8678.64
2560,46,8699.61
2560,47,8796.18
2560,48,8848.98
2560,49,8589.97
2560,50,8671.09
2560,51,8785.32
2560,52,8829.23
2560,53,8757.89
2560,54,8562.23
2560,55,8647.19
2560,56,8710.32
2560,57,8616.82
2560,58,8553.47
2560,59,8812.2
2560,60,8738.08
2560,61,8572.51
2560,62,8695.34
2560,63,8762.53
2560,64,8726.02
2560,65,8512.48
2560,66,8622.71
2560,67,8537.5
2560,68,8623.03
2560,69,8798.47
2560,70,8629.37
2560,71,8681.62
2560,72,8816
2560,73,8662.82
2560,74,8778.64
2560,75,8788.56
2560,76,8648.12
2560,77,8777.31
2560,78,8679.6
2560,79,8704.56
2560,80,8756.93
2560,81,8644.44
2560,82,8634.21
2560,83,8674.16
2560,84,8586.12
2560,85,8602.18
2560,86,8660.06
2560,87,8737.78
2560,88,8765.46
2560,89,8604.88
2560,90,8516.52
2560,91,8673.82
2560,92,8529.39
2560,93,8675.82
2560,94,8624.67
2560,95,8689.66
2560,96,8621.02
2560,97,8772.86
2560,98,8741.84
2560,99,8739.42
2570,0,8865.21
2570,1,8783.91
2570,2,8693.46
2570,3,8765.2
2570,4,8567.68
2570,5,8796.18
2570,6,8690.86
2570,7,8721.84
2570,8,8541.25
2570,9,8711.83
2570,10,8585.71
2570,11,8780.04
2570,12,8765.77
2570,13,8711.02
2570,14,8534.42
2570,15,8782.31
2570,16,8539.01
2570,17,8880.3
2570,18,8706.2
2570,19,8654.01
2570,20,8675.23
2570,21,8533.84
2570,22,8690.99
2570,23,8657.77
2570,24,8824.62
2570,25,8612.97
2570,26,8767.63
2570,27,8500.69
2570,28,8549.59
2570,29,8696.13
2570,30,8733.65
2570,31,8724.6
2570,32,8652.42
2570,33,8635.82
2570,34,8551.45
2570,35,8530.57
2570,36,8845.37
2570,37,8641.45
2570,38,8774.38
2570,39,8710.81
2570,40,8751.91
2570,41,8627.66
2570,42,8766.48
2570,43,8606.89
2570,44,8563.29
2570,45,8663.77
2570,46,8684.49
2570,47,8780.49
2570,48,8833.76
2570,49,8572.86
2570,50,8653.67
2570,51,8772.72
2570,52,8815.03
2570,53,8740.43
2570,54,8545.67
2570,55,8631.5
2570,56,8694.75
2570,57,8600.54
2570,58,8537.57
2570,59,8798.1
2570,60,8723.27
2570,61,8556.52
2570,62,8680.92
2570,63,8746.18
2570,64,8711.4
2570,65,8497.14
2570,66,8605.13
2570,67,8520.53
2570,68,8605.25
2570,69,8784.44
2570,70,8611.57
2570,71,8663.79
2570,72,8805.11
2570,73,8646.69
2570,74,8765.38
2570,75,8773.41
2570,76,8632.57
2570,77,8763.18
2570,78,8664.03
2570,79,8688.84
2570,80,8743.14
2570,81,8628.38
2570,82,8618.89
2570,83,8659.68
2570,84,8570.53
2570,85,8584.82
2570,86,8643.85
2570,87,8722.6
2570,88,8748.3
2570,89,8587.19
2570,90,8497.47
2570,91,8660.02
2570,92,8509.65
2570,93,8657.67
2570,94,8609.05
2570,95,8673.38
2570,96,8603.41
2570,97,8760.75
2570,98,8729
2570,99,8726.84
2580,0,8864.91
2580,1,8783.61
2580,2,8693.16
2580,3,8764.9
2580,4,8567.4
2580,5,8795.88
2580,6,8690.56
2580,7,8721.54
2580,8,8540.96
2580,9,8711.53
2580,10,8585.41
2580,11,8779.74
2580,12,8765.47
2580,13,8710.72
2580,14,8534.12
2580,15,8782.01
2580,16,8538.71
2580,17,8880
2580,18,8705.9
2580,19,8653.72
2580,20,8674.93
2580,21,8533.54
2580,22,8690.69
2580,23,8657.47
2580,24,8824.32
2580,25,8612.67
2580,26,8767.33
2580,27,8500.42
2580,28,8549.29
2580,29,8695.83
2580,30,8733.35
2580,31,8724.3
2580,32,8652.12
2580,33,8635.52
2580,34,8551.15
2580,35,8530.27
2580,36,8845.07
2580,37,8641.15
2580,38,8774.08
2580,39,8710.51
2580,40,8751.61
2580,41,8627.36
2580,42,8766.18
2580,43,8606.59
2580,44,8563
2580,45,8663.47
2580,46,8684.19
2580,47,8780.19
2580,48,8833.46
2580,49,8572.57
2580,50,8653.37
2580,51,8772.42
2580,52,8814.73
2580,53,8740.13
2580,54,8545.37
2580,55,8631.2
2580,56,8694.45
2580,57,8600.24
2580,58,8537.27
2580,59,8797.8
2580,60,8722.97
2580,61,8556.22
2580,62,8680.62
2580,63,8745.88
2580,64,8711.1
2580,65,8496.84
2580,66,8604.83
2580,67,8520.23
2580,68,8604.95
2580,69,8784.14
2580,70,8611.28
2580,71,8663.49
2580,72,8804.81
2580,73,8646.39
2580,74,8765.08
2580,75,8773.11
2580,76,8632.27
2580,77,8762.88
2580,78,8663.73
2580,79,8688.54
2580,80,8742.84
2580,81,8628.08
2580,82,8618.59
2580,83,8659.38
2580,84,8570.23
2580,85,8584.52
2580,86,8643.55
2580,87,8722.3
2580,88,8748
2580,89,8586.91
2580,90,8497.2
2580,91,8659.72
2580,92,8509.37
2580,93,8657.37
2580,94,8608.75
2580,95,8673.08
2580,96,8603.11
2580,97,8760.45
2580,98,8728.7
2580,99,8726.54
2590,0,8864.61
2590,1,8783.31
2590,2,8692.86
2590,3,8764.6
2590,4,8567.1
2590,5,8795.58
2590,6,8690.26
2590,7,8721.24
2590,8,8540.66
2590,9,8711.23
2590,10,8585.11
2590,11,8779.44
2590,12,8765.17
2590,13,8710.42
2590,14,8533.82
2590,15,8781.71
2590,16,8538.41
2590,17,8879.7
2590,18,8705.6
2590,19,8653.42
2590,20,8674.63
2590,21,8533.24
2590,22,8690.39
2590,23,8657.17
2590,24,8824.02
2590,25,8612.37
2590,26,8767.03
2590,27,8500.12
2590,28,8548.99
2590,29,8695.53
2590,30,8733.05
2590,31,8724
2590,32,8651.82
2590,33,8635.22
2590,34,8550.85
2590,35,8529.97
2590,36,8844.77
2590,37,8640.85
2590,38,8773.78
2590,39,8710.21
2590,40,8751.31
2590,41,8627.06
2590,42,8765.88
2590,43,8606.29
2590,44,8562.7
2590,45,8663.17
2590,46,8683.89
2590,47,8779.89
2590,48,8833.16
2590,49,8572.27
2590,50,8653.07
2590,51,8772.12
2590,52,8814.43
2590,53,8739.83
2590,54,8545.07
2590,55,8630.9
2590,56,8694.15
2590,57,8599.94
2590,58,8536.97
2590,59,8797.5
2590,60,8722.67
2590,61,8555.92
2590,62,8680.32
2590,63,8745.58
2590,64,8710.8
2590,65,8496.54
2590,66,8604.53
2590,67,8519.93
2590,68,8604.65
2590,69,8783.84
2590,70,8610.98
2590,71,8663.19
2590,72,8804.51
2590,73,8646.09
2590,74,8764.78
2590,75,8772.81
2590,76,8631.97
2590,77,8762.58
2590,78,8663.43
2590,79,8688.24
2590,80,8742.54
2590,81,8627.78
2590,82,8618.29
2590,83,8659.08
2590,84,8569.93
2590,85,8584.22
2590,86,8643.25
2590,87,8722
2590,88,8747.7
2590,89,8586.61
2590,90,8496.9
2590,91,8659.42
2590,92,8509.07
2590,93,8657.07
2590,94,8608.45
2590,95,8672.78
2590,96,8602.81
2590,97,8760.15
2590,98,8728.4
2590,99,8726.24
2600,0,8851.61
2600,1,8769.65
2600,2,8677.33
2600,3,8752.25
2600,4,8552.32
2600,5,8783.61
2600,6,8675.31
2600,7,8709.29
2600,8,8525.87
2600,9,8699.43
2600,10,8569.78
2600,11,8766.39
2600,12,8753.76
2600,13,8699.34
2600,14,8517.16
2600,15,8770.43
2600,16,8522.82
2600,17,8868.12
2600,18,8691.72
2600,19,8637.31
2600,20,8660.08
2600,21,8515.92
2600,22,8677.55
2600,23,8642.28
2600,24,8811.72
2600,25,8596.24
2600,26,8755.55
2600,27,8483.45
2600,28,8532.15
2600,29,8683.17
2600,30,8720.17
2600,31,8708.36
2600,32,8635.91
2600,33,8618.82
2600,34,8537.73
2600,35,8514.36
2600,36,8833.93
2600,37,8625.49
2600,38,8761.16
2600,39,8698.57
2600,40,8736.59
2600,41,8616.35
2600,42,8752.78
2600,43,8592.99
2600,44,8546.32
2600,45,8649.57
2600,46,8670.11
2600,47,8766.66
2600,48,8818.79
2600,49,8556.4
2600,50,8636.45
2600,51,8760.19
2600,52,8800.89
2600,53,8726.47
2600,54,8529.6
2600,55,8614.01
2600,56,8679.28
2600,57,8585.43
2600,58,8519.72
2600,59,8785.55
2600,60,8709.88
2600,61,8540.19
2600,62,8666.5
2600,63,8731.13
2600,64,8696.19
2600,65,8481.92
2600,66,8588.79
2600,67,8505.04
2600,68,8588.89
2600,69,8770.61
2600,70,8595.44
2600,71,8649.49
2600,72,8787.64
2600,73,8631.41
2600,74,8751.08
2600,75,8758.88
2600,76,8617.77
2600,77,8749.32
2600,78,8651.05
2600,79,8673.84
2600,80,8730.52
2600,81,8613.87
2600,82,8604.65
2600,83,8645.04
2600,84,8552.34
2600,85,8568.33
2600,86,8629.6
2600,87,8706.13
2600,88,8732.83
2600,89,8571.37
2600,90,8482.08
2600,91,8646.71
2600,92,8491.31
2600,93,8643.79
2600,94,8592.26
2600,95,8657.42
2600,96,8587.16
2600,97,8748.08
2600,98,8716.61
2600,99,8714.6
2610,0,8851.31
2610,1,8769.35
2610,2,8677.03
2610,3,8751.95
2610,4,8552.02
2610,5,8783.31
2610,6,8675.01
2610,7,8708.99
2610,8,8525.57
2610,9,8699.13
2610,10,8569.48
2610,11,8766.09
2610,12,8753.46
2610,13,8699.04
2610,14,8516.86
2610,15,8770.13
2610,16,8522.52
2610,17,8867.82
2610,18,8691.42
2610,19,8637.01
2610,20,8659.78
2610,21,8515.62
2610,22,8677.25
2610,23,8641.98
2610,24,8811.42
2610,25,8595.94
2610,26,8755.25
2610,27,8483.15
2610,28,8531.85
2610,29,8682.87
2610,30,8719.87
2610,31,8708.06
2610,32,8635.61
2610,33,8618.52
2610,34,8537.43
2610,35,8514.06
2610,36,8833.63
2610,37,8625.19
2610,38,8760.86
2610,39,8698.27
2610,40,8736.29
2610,41,8616.05
2610,42,8752.48
2610,43,8592.69
2610,44,8546.02
2610,45,8649.27
2610,46,8669.81
2610,47,8766.36
2610,48,8818.49
2610,49,8556.11
2610,50,8636.15
2610,51,8759.89
2610,52,8800.59
2610,53,8726.17
2610,54,8529.3
2610,55,8613.71
2610,56,8678.98
2610,57,8585.13
2610,58,8519.43
2610,59,8785.25
2610,60,8709.58
2610,61,8539.89
2610,62,8666.2
2610,63,8730.83
2610,64,8695.89
2610,65,8481.62
2610,66,8588.49
2610,67,8504.74
2610,68,8588.59
2610,69,8770.31
2610,70,8595.14
2610,71,8649.19
2610,72,8787.34
2610,73,8631.11
2610,74,8750.78
2610,75,8758.58
2610,76,8617.47
2610,77,8749.02
2610,78,8650.75
2610,79,8673.54
2610,80,8730.22
2610,81,8613.57
2610,82,8604.35
2610,83,8644.74
2610,84,8552.05
2610,85,8568.03
2610,86,8629.3
2610,87,8705.83
2610,88,8732.53
2610,89,8571.07
2610,90,8481.78
2610,91,8646.41
2610,92,8491.02
2610,93,8643.49
2610,94,8591.96
2610,95,8657.12
2610,96,8586.86
2610,97,8747.78
2610,98,8716.31
2610,99,8714.3
2620,0,8851.01
2620,1,8769.05
2620,2,8676.73
2620,3,8751.65
2620,4,8551.72
2620,5,8783.01
2620,6,8674.71
2620,7,8708.69
2620,8,8525.27
2620,9,8698.83
2620,10,8569.18
2620,11,8765.79
2620,12,8753.16
2620,13,8698.74
2620,14,8516.56
2620,15,8769.83
2620,16,8522.22
2620,17,8867.52
2620,18,8691.12
2620,19,8636.71
2620,20,8659.48
2620,21,8515.32
2620,22,8676.95
2620,23,8641.68
2620,24,8811.12
2620,25,8595.64
2620,26,8754.95
2620,27,8482.85
2620,28,8531.55
2620,29,8682.57
2620,30,8719.57
2620,31,8707.76
2620,32,8635.31
2620,33,8618.22
2620,34,8537.13
2620,35,8513.76
2620,36,8833.33
2620,37,8624.89
2620,38,8760.56
2620,39,8697.97
2620,40,8735.99
2620,41,8615.75
2620,42,8752.18
2620,43,8592.39
2620,44,8545.72
2620,45,8648.97
2620,46,8669.51
2620,47,8766.06
2620,48,8818.19
2620,49,8555.81
2620,50,8635.85
2620,51,8759.59
2620,52,8800.29
2620,53,8725.87
2620,54,8529
2620,55,8613.41
2620,56,8678.68
2620,57,8584.83
2620,58,8519.13
2620,59,8784.95
2620,60,8709.28
2620,61,8539.59
2620,62,8665.9
2620,63,8730.53
2620,64,8695.59
2620,65,8481.32
2620,66,8588.19
2620,67,8504.44
2620,68,8588.29
2620,69,8770.01
2620,70,8594.84
2620,71,8648.89
2620,72,8787.04
2620,73,8630.81
2620,74,8750.48
2620,75,8758.28
2620,76,8617.17
2620,77,8748.72
2620,78,8650.45
2620,79,8673.24
2620,80,8729.92
2620,81,8613.27
2620,82,8604.05
2620,83,8644.44
2620,84,8551.75
2620,85,8567.73
2620,86,8629
2620,87,8705.53
2620,88,8732.23
2620,89,8570.77
2620,90,8481.48
2620,91,8646.11
2620,92,8490.72
2620,93,8643.19
2620,94,8591.66
2620,95,8656.82
2620,96,8586.56
2620,97,8747.48
2620,98,8716.01
2620,99,8714
2630,0,8837.49
2630,1,8754.1
2630,2,8662.17
2630,3,8737.72
2630,4,8535.45
2630,5,8769.51
2630,6,8658.58
2630,7,8696.77
2630,8,8510.59
2630,9,8688.08
2630,10,8552.56
2630,11,8753.4
2630,12,8741.2
2630,13,8685.25
2630,14,8501.56
2630,15,8755.5
2630,16,8505.89
2630,17,8855.03
2630,18,8677.37
2630,19,8622.36
2630,20,8645.56
2630,21,8498.93
2630,22,8664.34
2630,23,8629.79
2630,24,8799.04
2630,25,8578.43
2630,26,8740.81
2630,27,8464.77
2630,28,8513.57
2630,29,8668.95
2630,30,8707.47
2630,31,8692.47
2630,32,8621.11
2630,33,8602.83
2630,34,8523.34
2630,35,8497.35
2630,36,8820.33
2630,37,8610.04
2630,38,8748.33
2630,39,8683.91
2630,40,8721.15
2630,41,8603.68
2630,42,8739.1
2630,43,8578.97
2630,44,8528.25
2630,45,8635.5
2630,46,8657.06
2630,47,8752.28
2630,48,8804.34
2630,49,8542.33
2630,50,8620.88
2630,51,8746.9
2630,52,8785.37
2630,53,8711.05
2630,54,8510.64
2630,55,8597.72
2630,56,8662.53
2630,57,8569.8
2630,58,8504.94
2630,59,8773.01
2630,60,8695.69
2630,61,8525.21
2630,62,8652.81
2630,63,8714.81
2630,64,8682.2
2630,65,8464.41
2630,66,8575.75
2630,67,8489.26
2630,68,8573.08
2630,69,8756.57
2630,70,8579.78
2630,71,8634.83
2630,72,8775.58
2630,73,8614
2630,74,8736.78
2630,75,8743.08
2630,76,8601.14
2630,77,8734.9
2630,78,8635.99
2630,79,8658.49
2630,80,8715.73
2630,81,8598.28
2630,82,8590.2
2630,83,8629.73
2630,84,8533.89
2630,85,8552.94
2630,86,8614.72
2630,87,8692.9
2630,88,8719
2630,89,8556.04
2630,90,8467.02
2630,91,8631.46
2630,92,8470.98
2630,93,8630.11
2630,94,8576.83
2630,95,8639.44
2630,96,8568.78
2630,97,8735.55
2630,98,8702.57
2630,99,8700.82
2640,0,8837.19
2640,1,8753.8
2640,2,8661.87
2640,3,8737.42
2640,4,8535.16
2640,5,8769.21
2640,6,8658.28
2640,7,8696.47
2640,8,8510.29
2640,9,8687.78
2640,10,8552.27
2640,11,8753.1
2640,12,8740.9
2640,13,8684.95
2640,14,8501.26
2640,15,8755.2
2640,16,8505.61
2640,17,8854.73
2640,18,8677.07
2640,19,8622.06
2640,20,8645.26
2640,21,8498.64
2640,22,8664.04
2640,23,8629.49
2640,24,8798.74
2640,25,8578.16
2640,26,8740.51
2640,27,8464.5
2640,28,8513.3
2640,29,8668.65
2640,30,8707.17
2640,31,8692.17
2640,32,8620.81
2640,33,8602.53
2640,34,8523.04
2640,35,8497.07
2640,36,8820.03
2640,37,8609.74
2640,38,8748.03
2640,39,8683.61
2640,40,8720.85
2640,41,8603.38
2640,42,8738.8
2640,43,8578.67
2640,44,8527.97
2640,45,8635.2
2640,46,8656.76
2640,47,8751.98
2640,48,8804.04
2640,49,8542.03
2640,50,8620.58
2640,51,8746.6
2640,52,8785.07
2640,53,8710.75
2640,54,8510.37
2640,55,8597.43
2640,56,8662.23
2640,57,8569.5
2640,58,8504.64
2640,59,8772.71
2640,60,8695.39
2640,61,8524.91
2640,62,8652.51
2640,63,8714.51
2640,64,8681.9
2640,65,8464.14
2640,66,8575.45
2640,67,8488.96
2640,68,8572.79
2640,69,8756.27
2640,70,8579.49
2640,71,8634.53
2640,72,8775.28
2640,73,8613.71
2640,74,8736.48
2640,75,8742.79
2640,76,8600.85
2640,77,8734.6
2640,78,8635.69
2640,79,8658.19
2640,80,8715.43
2640,81,8597.98
2640,82,8589.9
2640,83,8629.44
2640,84,8533.62
2640,85,8552.64
2640,86,8614.42
2640,87,8692.6
2640,88,8718.7
2640,89,8555.74
2640,90,8466.73
2640,91,8631.16
2640,92,8470.72
2640,93,8629.81
2640,94,8576.53
2640,95,8639.14
2640,96,8568.5
2640,97,8735.25
2640,98,8702.27
2640,99,8700.52
2650,0,8836.89
2650,1,8753.5
2650,2,8661.57
2650,3,8737.12
2650,4,8534.86
2650,5,8768.91
2650,6,8657.98
2650,7,8696.17
2650,8,8509.99
2650,9,8687.48
2650,10,8551.97
2650,11,8752.8
2650,12,8740.6
2650,13,8684.65
2650,14,8500.96
2650,15,8754.9
2650,16,8505.31
2650,17,8854.43
2650,18,8676.77
2650,19,8621.76
2650,20,8644.96
2650,21,8498.34
2650,22,8663.74
2650,23,8629.19
2650,24,8798.44
2650,25,8577.86
2650,26,8740.21
2650,27,8464.2
2650,28,8513
2650,29,8668.35
2650,30,8706.87
2650,31,8691.87
2650,32,8620.51
2650,33,8602.23
2650,34,8522.74
2650,35,8496.77
2650,36,8819.73
2650,37,8609.44
2650,38,8747.73
2650,39,8683.31
2650,40,8720.55
2650,41,8603.08
2650,42,8738.5
2650,43,8578.37
2650,44,8527.67
2650,45,8634.9
2650,46,8656.46
2650,47,8751.68
2650,48,8803.74
2650,49,8541.73
2650,50,8620.28
2650,51,8746.3
2650,52,8784.77
2650,53,8710.45
2650,54,8510.07
2650,55,8597.13
2650,56,8661.93
2650,57,8569.2
2650,58,8504.34
2650,59,8772.41
2650,60,8695.09
2650,61,8524.61
2650,62,8652.21
2650,63,8714.21
2650,64,8681.6
2650,65,8463.84
2650,66,8575.15
2650,67,8488.66
2650,68,8572.49
2650,69,8755.97
2650,70,8579.19
2650,71,8634.23
2650,72,8774.98
2650,73,8613.41
2650,74,8736.18
2650,75,8742.49
2650,76,8600.55
2650,77,8734.3
2650,78,8635.39
2650,79,8657.89
2650,80,8715.13
2650,81,8597.68
2650,82,8589.6
2650,83,8629.14
2650,84,8533.32
2650,85,8552.34
2650,86,8614.12
2650,87,8692.3
2650,88,8718.4
2650,89,8555.44
2650,90,8466.43
2650,91,8630.86
2650,92,8470.42
2650,93,8629.51
2650,94,8576.23
2650,95,8638.84
2650,96,8568.2
2650,97,8734.95
2650,98,8701.97
2650,99,8700.22
2660,0,8821.39
2660,1,8735.66
2660,2,8643.32
2660,3,8721.87
2660,4,8514.22
2660,5,8753.42
2660,6,8639.48
2660,7,8681.44
2660,8,8489.95
2660,9,8672.76
2660,10,8531.96
2660,11,8736.07
2660,12,8724.88
2660,13,8669.52
2660,14,8479.7
2660,15,8741.63
2660,16,8488.86
2660,17,8839.63
2660,18,8658.67
2660,19,8602.86
2660,20,8626.65
2660,21,8478.82
2660,22,8646.91
2660,23,8613.8
2660,24,8783.39
2660,25,8561.19
2660,26,8724.17
2660,27,8442.75
2660,28,8495.63
2660,29,8651.4
2660,30,8690.67
2660,31,8673.36
2660,32,8601.53
2660,33,8581.74
2660,34,8503.07
2660,35,8480.36
2660,36,8804.65
2660,37,8592.91
2660,38,8731.25
2660,39,8667.48
2660,40,8701.04
2660,41,8589.09
2660,42,8721.35
2660,43,8559.37
2660,44,8508.19
2660,45,8618.24
2660,46,8640.65
2660,47,8736.11
2660,48,8791.98
2660,49,8526.55
2660,50,8607.74
2660,51,8732.3
2660,52,8767.63
2660,53,8691.66
2660,54,8488.6
2660,55,8581.18
2660,56,8645.92
2660,57,8552.11
2660,58,8487.4
2660,59,8756.42
2660,60,8677.93
2660,61,8502.99
2660,62,8636.78
2660,63,8696.51
2660,64,8663.96
2660,65,8444.96
2660,66,8557.8
2660,67,8468.26
2660,68,8557.37
2660,69,8740.11
2660,70,8558.49
2660,71,8617.89
2660,72,8754.81
2660,73,8596.66
2660,74,8718.49
2660,75,8727.51
2660,76,8582.73
2660,77,8719.27
2660,78,8618.91
2660,79,8640.71
2660,80,8699.2
2660,81,8579.19
2660,82,8572.37
2660,83,8612.7
2660,84,8516
2660,85,8532.96
2660,86,8597.02
2660,87,8676.71
2660,88,8697.4
2660,89,8537.5
2660,90,8445.71
2660,91,8615.61
2660,92,8451.91
2660,93,8612.92
2660,94,8560.63
2660,95,8621.36
2660,96,8549.56
2660,97,8721.43
2660,98,8685.45
2660,99,8683.82
2670,0,8821.12
2670,1,8735.4
2670,2,8643.07
2670,3,8721.6
2670,4,8513.98
2670,5,8753.15
2670,6,8639.21
2670,7,8681.15
2670,8,8489.71
2670,9,8672.46
2670,10,8531.72
2670,11,8735.81
2670,12,8724.61
2670,13,8669.24
2670,14,8479.47
2670,15,8741.33
2670,16,8488.59
2670,17,8839.35
2670,18,8658.41
2670,19,8602.61
2670,20,8626.4
2670,21,8478.57
2670,22,8646.65
2670,23,8613.5
2670,24,8783.11
2670,25,8560.91
2670,26,8723.89
2670,27,8442.52
2670,28,8495.36
2670,29,8651.12
2670,30,8690.41
2670,31,8673.09
2670,32,8601.28
2670,33,8581.52
2670,34,8502.82
2670,35,8480.1
2670,36,8804.37
2670,37,8592.64
2670,38,8730.98
2670,39,8667.2
2670,40,8700.8
2670,41,8588.8
2670,42,8721.1
2670,43,8559.11
2670,44,8507.95
2670,45,8617.97
2670,46,8640.38
2670,47,8735.82
2670,48,8791.68
2670,49,8526.28
2670,50,8607.44
2670,51,8732.01
2670,52,8767.35
2670,53,8691.36
2670,54,8488.38
2670,55,8580.9
2670,56,8645.62
2670,57,8551.83
2670,58,8487.13
2670,59,8756.15
2670,60,8677.67
2670,61,8502.76
2670,62,8636.49
2670,63,8696.23
2670,64,8663.7
2670,65,8444.71
2670,66,8557.53
2670,67,8468.03
2670,68,8557.08
2670,69,8739.83
2670,70,8558.26
2670,71,8617.61
2670,72,8754.52
2670,73,8596.38
2670,74,8718.24
2670,75,8727.24
2670,76,8582.47
2670,77,8718.99
2670,78,8618.63
2670,79,8640.44
2670,80,8698.93
2670,81,8578.94
2670,82,8572.11
2670,83,8612.44
2670,84,8515.74
2670,85,8532.71
2670,86,8596.75
2670,87,8676.41
2670,88,8697.14
2670,89,8537.26
2670,90,8445.48
2670,91,8615.32
2670,92,8451.65
2670,93,8612.65
2670,94,8560.35
2670,95,8621.09
2670,96,8549.31
2670,97,8721.13
2670,98,8685.2
2670,99,8683.56
2680,0,8820.82
2680,1,8735.1
2680,2,8642.77
2680,3,8721.3
2680,4,8513.68
2680,5,8752.85
2680,6,8638.91
2680,7,8680.85
2680,8,8489.41
2680,9,8672.16
2680,10,8531.42
2680,11,8735.51
2680,12,8724.31
2680,13,8668.94
2680,14,8479.17
2680,15,8741.03
2680,16,8488.29
2680,17,8839.05
2680,18,8658.11
2680,19,8602.31
2680,20,8626.1
2680,21,8478.27
2680,22,8646.35
2680,23,8613.2
2680,24,8782.81
2680,25,8560.61
2680,26,8723.59
2680,27,8442.22
2680,28,8495.06
2680,29,8650.82
2680,30,8690.11
2680,31,8672.79
2680,32,8600.98
2680,33,8581.22
2680,34,8502.52
2680,35,8479.8
2680,36,8804.07
2680,37,8592.34
2680,38,8730.68
2680,39,8666.9
2680,40,8700.5
2680,41,8588.5
2680,42,8720.8
2680,43,8558.81
2680,44,8507.65
2680,45,8617.67
2680,46,8640.08
2680,47,8735.52
2680,48,8791.38
2680,49,8525.98
2680,50,8607.14
2680,51,8731.71
2680,52,8767.05
2680,53,8691.06
2680,54,8488.08
2680,55,8580.6
2680,56,8645.32
2680,57,8551.53
2680,58,8486.83
2680,59,8755.85
2680,60,8677.37
2680,61,8502.46
2680,62,8636.19
2680,63,8695.93
2680,64,8663.4
2680,65,8444.41
2680,66,8557.23
2680,67,8467.73
2680,68,8556.78
2680,69,8739.53
2680,70,8557.96
2680,71,8617.31
2680,72,8754.22
2680,73,8596.08
2680,74,8717.94
2680,75,8726.94
2680,76,8582.17
2680,77,8718.69
2680,78,8618.33
2680,79,8640.14
2680,80,8698.63
2680,81,8578.64
2680,82,8571.81
2680,83,8612.14
2680,84,8515.44
2680,85,8532.41
2680,86,8596.45
2680,87,8676.11
2680,88,8696.84
2680,89,8536.96
2680,90,8445.18
2680,91,8615.02
2680,92,8451.35
2680,93,8612.35
2680,94,8560.05
2680,95,8620.79
2680,96,8549.01
2680,97,8720.83
2680,98,8684.9
2680,99,8683.26
2690,0,8808.61
2690,1,8719.69
2690,2,8627.81
2690,3,8707.95
2690,4,8496.74
2690,5,8741.26
2690,6,8619.93
2690,7,8665.83
2690,8,8474.06
2690,9,8655.13
2690,10,8513.09
2690,11,8723.93
2690,12,8711.02
2690,13,8651.51
2690,14,8459.67
2690,15,8729.34
2690,16,8472.93
2690,17,8824.15
2690,18,8640.61
2690,19,8582.54
2690,20,8607.87
2690,21,8461.44
2690,22,8632.92
2690,23,8600.03
2690,24,8770.63
2690,25,8543.4
2690,26,8708.22
2690,27,8426.81
2690,28,8479.92
2690,29,8636.41
2690,30,8676.35
2690,31,8654.72
2690,32,8582.96
2690,33,8564.35
2690,34,8484.76
2690,35,8464.42
2690,36,8791.7
2690,37,8574.46
2690,38,8716.76
2690,39,8653.49
2690,40,8685.82
2690,41,8576.87
2690,42,8708.36
2690,43,8541.42
2690,44,8490.59
2690,45,8603.05
2690,46,8627.35
2690,47,8722.22
2690,48,8774.32
2690,49,8511.63
2690,50,8585.1
2690,51,8717.09
2690,52,8750.6
2690,53,8670.67
2690,54,8471.15
2690,55,8563.65
2690,56,8628.67
2690,57,8535.64
2690,58,8470.81
2690,59,8743.31
2690,60,8662.6
2690,61,8482.88
2690,62,8622.63
2690,63,8678.3
2690,64,8649.56
2690,65,8426.23
2690,66,8541.83
2690,67,8448.83
2690,68,8542.43
2690,69,8726.63
2690,70,8542.79
2690,71,8599.59
2690,72,8734.38
2690,73,8580.83
2690,74,8703.8
2690,75,8710.31
2690,76,8565.01
2690,77,8704
2690,78,8604.52
2690,79,8625.97
2690,80,8683
2690,81,8564.19
2690,82,8553.8
2690,83,8596.23
2690,84,8498.61
2690,85,8514.35
2690,86,8582.66
2690,87,8662
2690,88,8678.66
2690,89,8519.05
2690,90,8428.48
2690,91,8599.39
2690,92,8432.63
2690,93,8597.6
2690,94,8545
2690,95,8602.3
2690,96,8534.29
2690,97,8708.21
2690,98,8673.46
2690,99,8669.33
2700,0,8808.31
2700,1,8719.44
2700,2,8627.54
2700,3,8707.67
2700,4,8496.48
2700,5,8740.97
2700,6,8619.67
2700,7,8665.55
2700,8,8473.78
2700,9,8654.84
2700,10,8512.85
2700,11,8723.64
2700,12,8710.74
2700,13,8651.23
2700,14,8459.45
2700,15,8729.04
2700,16,8472.67
2700,17,8823.88
2700,18,8640.36
2700,19,8582.3
2700,20,8607.63
2700,21,8461.18
2700,22,8632.64
2700,23,8599.73
2700,24,8770.33
2700,25,8543.15
2700,26,8707.96
2700,27,8426.54
2700,28,8479.65
2700,29,8636.13
2700,30,8676.08
2700,31,8654.47
2700,32,8582.72
2700,33,8564.09
2700,34,8484.51
2700,35,8464.15
2700,36,8791.4
2700,37,8574.23
2700,38,8716.47
2700,39,8653.2
2700,40,8685.55
2700,41,8576.57
2700,42,8708.08
2700,43,8541.17
2700,44,8490.33
2700,45,8602.78
2700,46,8627.06
2700,47,8721.93
2700,48,8774.03
2700,49,8511.36
2700,50,8584.8
2700,51,8716.8
2700,52,8750.34
2700,53,8670.38
2700,54,8470.89
2700,55,8563.39
2700,56,8628.37
2700,57,8535.35
2700,58,8470.55
2700,59,8743.02
2700,60,8662.32
2700,61,8482.65
2700,62,8622.34
2700,63,8678.03
2700,64,8649.28
2700,65,8426
2700,66,8541.57
2700,67,8448.6
2700,68,8542.15
2700,69,8726.34
2700,70,8542.52
2700,71,8599.35
2700,72,8734.08
2700,73,8580.55
2700,74,8703.53
2700,75,8710.07
2700,76,8564.76
2700,77,8703.73
2700,78,8604.23
2700,79,8625.68
2700,80,8682.74
2700,81,8563.91
2700,82,8553.55
2700,83,8595.97
2700,84,8498.36
2700,85,8514.1
2700,86,8582.37
2700,87,8661.7
2700,88,8678.41
2700,89,8518.82
2700,90,8428.23
2700,91,8599.12
2700,92,8432.39
2700,93,8597.31
2700,94,8544.73
2700,95,8602.02
2700,96,8534.01
2700,97,8707.91
2700,98,8673.17
2700,99,8669.05
2710,0,8808.01
2710,1,8719.14
2710,2,8627.24
2710,3,8707.37
2710,4,8496.18
2710,5,8740.67
2710,6,8619.37
2710,7,8665.25
2710,8,8473.48
2710,9,8654.54
2710,10,8512.55
2710,11,8723.34
2710,12,8710.44
2710,13,8650.93
2710,14,8459.15
2710,15,8728.74
2710,16,8472.37
2710,17,8823.58
2710,18,8640.06
2710,19,8582
2710,20,8607.33
2710,21,8460.88
2710,22,8632.34
2710,23,8599.43
2710,24,8770.03
2710,25,8542.85
2710,26,8707.66
2710,27,8426.24
2710,28,8479.35
2710,29,8635.83
2710,30,8675.78
2710,31,8654.17
2710,32,8582.42
2710,33,8563.79
2710,34,8484.21
2710,35,8463.85
2710,36,8791.1
2710,37,8573.93
2710,38,8716.17
2710,39,8652.9
2710,40,8685.25
2710,41,8576.27
2710,42,8707.78
2710,43,8540.87
2710,44,8490.03
2710,45,8602.48
2710,46,8626.76
2710,47,8721.63
2710,48,8773.73
2710,49,8511.06
2710,50,8584.5
2710,51,8716.5
2710,52,8750.04
2710,53,8670.08
2710,54,8470.59
2710,55,8563.09
2710,56,8628.07
2710,57,8535.05
2710,58,8470.25
2710,59,8742.72
2710,60,8662.02
2710,61,8482.35
2710,62,8622.04
2710,63,8677.73
2710,64,8648.98
2710,65,8425.7
2710,66,8541.27
2710,67,8448.3
2710,68,8541.85
2710,69,8726.04
2710,70,8542.22
2710,71,8599.05
2710,72,8733.78
2710,73,8580.25
2710,74,8703.23
2710,75,8709.77
2710,76,8564.46
2710,77,8703.43
2710,78,8603.93
2710,79,8625.38
2710,80,8682.44
2710,81,8563.61
2710,82,8553.25
2710,83,8595.67
2710,84,8498.06
2710,85,8513.8
2710,86,8582.07
2710,87,8661.4
2710,88,8678.11
2710,89,8518.52
2710,90,8427.93
2710,91,8598.82
2710,92,8432.09
2710,93,8597.01
2710,94,8544.43
2710,95,8601.72
2710,96,8533.71
2710,97,8707.61
2710,98,8672.87
2710,99,8668.75
2720,0,8795.37
2720,1,8706.8
2720,2,8613.79
2720,3,8695.29
2720,4,8482.44
2720,5,8727.89
2720,6,8600.81
2720,7,8651.76
2720,8,8458.95
2720,9,8639.09
2720,10,8498.42
2720,11,8710.1
2720,12,8696.59
2720,13,8634.89
2720,14,8445.15
2720,15,8716.41
2720,16,8458.22
2720,17,8808.46
2720,18,8626.64
2720,19,8566.42
2720,20,8593.32
2720,21,8444.6
2720,22,8617.21
2720,23,8583.08
2720,24,8756.62
2720,25,8527.94
2720,26,8693.38
2720,27,8410.8
2720,28,8464.35
2720,29,8623.48
2720,30,8663.37
2720,31,8639.72
2720,32,8569.84
2720,33,8550.25
2720,34,8469.87
2720,35,8449.71
2720,36,8778.2
2720,37,8560.72
2720,38,8700.95
2720,39,8638.49
2720,40,8671.33
2720,41,8563.91
2720,42,8694.24
2720,43,8527.37
2720,44,8475.61
2720,45,8587.01
2720,46,8612.79
2720,47,8707.52
2720,48,8761.63
2720,49,8497.01
2720,50,8568.07
2720,51,8704.38
2720,52,8737.78
2720,53,8652
2720,54,8455.65
2720,55,8547.74
2720,56,8611.86
2720,57,8519.93
2720,58,8454.69
2720,59,8729.06
2720,60,8646.63
2720,61,8467.76
2720,62,8608.53
2720,63,8660.39
2720,64,8630.42
2720,65,8410.78
2720,66,8525.93
2720,67,8433.82
2720,68,8529.2
2720,69,8709.94
2720,70,8527.19
2720,71,8584.67
2720,72,8713.77
2720,73,8566.83
2720,74,8690.13
2720,75,8697.26
2720,76,8551.9
2720,77,8688.49
2720,78,8587.84
2720,79,8610.49
2720,80,8670.9
2720,81,8551.58
2720,82,8540.43
2720,83,8583.28
2720,84,8481.78
2720,85,8500.75
2720,86,8569.8
2720,87,8646.34
2720,88,8662.52
2720,89,8505.2
2720,90,8413.7
2720,91,8584.73
2720,92,8415.46
2720,93,8583.2
2720,94,8531.19
2720,95,8589.09
2720,96,8519.13
2720,97,8693.06
2720,98,8660.02
2720,99,8654.09
2730,0,8795.09
2730,1,8703.28
2730,2,8609.9
2730,3,8691.98
2730,4,8477.63
2730,5,8727.62
2730,6,8600.56
2730,7,8651.5
2730,8,8454.29
2730,9,8638.83
2730,10,8494
2730,11,8709.84
2730,12,8696.34
2730,13,8634.61
2730,14,8440
2730,15,8716.12
2730,16,8453.12
2730,17,8808.22
2730,18,8622.62
2730,19,8562.11
2730,20,8588.93
2730,21,8444.34
2730,22,8616.97
2730,23,8582.8
2730,24,8756.35
2730,25,8522.93
2730,26,8693.11
2730,27,8405.7
2730,28,8459.18
2730,29,8620.17
2730,30,8663.1
2730,31,8636.17
2730,32,8565.38
2730,33,8545.11
2730,34,8466.17
2730,35,8444.56
2730,36,8777.93
2730,37,8556.06
2730,38,8700.71
2730,39,8638.25
2730,40,8667.1
2730,41,8563.64
2730,42,8693.98
2730,43,8523.77
2730,44,8470.88
2730,45,8586.76
2730,46,8612.53
2730,47,8707.27
2730,48,8761.36
2730,49,8496.76
2730,50,8567.77
2730,51,8704.11
2730,52,8734.39
2730,53,8651.74
2730,54,8450.75
2730,55,8547.48
2730,56,8611.58
2730,57,8519.68
2730,58,8454.44
2730,59,8728.8
2730,60,8646.38
2730,61,8463.03
2730,62,8608.27
2730,63,8660.14
2730,64,8630.18
2730,65,8406.03
2730,66,8525.69
2730,67,8429.17
2730,68,8525.32
2730,69,8709.7
2730,70,8521.89
2730,71,8580.54
2730,72,8713.5
2730,73,8562.79
2730,74,8686.65
2730,75,8693.19
2730,76,8547.99
2730,77,8688.24
2730,78,8587.59
2730,79,8610.24
2730,80,8667.48
2730,81,8547.57
2730,82,8536.56
2730,83,8579.6
2730,84,8481.54
2730,85,8496.52
2730,86,8566.48
2730,87,8646.06
2730,88,8659
2730,89,8500.44
2730,90,8408.31
2730,91,8584.49
2730,92,8409.77
2730,93,8579.83
2730,94,8527.08
2730,95,8585.45
2730,96,8514.82
2730,97,8692.78
2730,98,8659.76
2730,99,8653.84
2740,0,8794.79
2740,1,8702.98
2740,2,8609.6
2740,3,8691.68
2740,4,8477.33
2740,5,8727.32
2740,6,8600.26
2740,7,8651.2
2740,8,8453.99
2740,9,8638.53
2740,10,8493.7
2740,11,8709.54
2740,12,8696.04
2740,13,8634.31
2740,14,8439.7
2740,15,8715.82
2740,16,8452.82
2740,17,8807.92
2740,18,8622.32
2740,19,8561.81
2740,20,8588.63
2740,21,8444.04
2740,22,8616.67
2740,23,8582.5
2740,24,8756.05
2740,25,8522.63
2740,26,8692.81
2740,27,8405.4
2740,28,8458.88
2740,29,8619.87
2740,30,8662.8
2740,31,8635.87
2740,32,8565.08
2740,33,8544.81
2740,34,8465.87
2740,35,8444.26
2740,36,8777.63
2740,37,8555.76
2740,38,8700.41
2740,39,8637.95
2740,40,8666.8
2740,41,8563.34
2740,42,8693.68
2740,43,8523.47
2740,44,8470.58
2740,45,8586.46
2740,46,8612.23
2740,47,8706.97
2740,48,8761.06
2740,49,8496.46
2740,50,8567.47
2740,51,8703.81
2740,52,8734.09
2740,53,8651.44
2740,54,8450.45
2740,55,8547.18
2740,56,8611.28
2740,57,8519.38
2740,58,8454.14
2740,59,8728.5
2740,60,8646.08
2740,61,8462.73
2740,62,8607.97
2740,63,8659.84
2740,64,8629.88
2740,65,8405.73
2740,66,8525.39
2740,67,8428.87
2740,68,8525.02
2740,69,8709.4
2740,70,8521.59
2740,71,8580.24
2740,72,8713.2
2740,73,8562.49
2740,74,8686.35
2740,75,8692.89
2740,76,8547.69
2740,77,8687.94
2740,78,8587.29
2740,79,8609.94
2740,80,8667.18
2740,81,8547.27
2740,82,8536.26
2740,83,8579.3
2740,84,8481.24
2740,85,8496.22
2740,86,8566.18
2740,87,8645.76
2740,88,8658.7
2740,89,8500.14
2740,90,8408.01
2740,91,8584.19
2740,92,8409.47
2740,93,8579.53
2740,94,8526.78
2740,95,8585.15
2740,96,8514.52
2740,97,8692.48
2740,98,8659.46
2740,99,8653.54
2750,0,8781.52
2750,1,8690.53
2750,2,8594.33
2750,3,8677.32
2750,4,8463.94
2750,5,8715.17
2750,6,8586.84
2750,7,8638.45
2750,8,8440.97
2750,9,8625.2
2750,10,8480.18
2750,11,8698.15
2750,12,8685.3
2750,13,8618.58
2750,14,8423.22
2750,15,8706.1
2750,16,8437.95
2750,17,8794.09
2750,18,8608.86
2750,19,8546.54
2750,20,8574.42
2750,21,8427.54
2750,22,8603.14
2750,23,8567.25
2750,24,8744.6
2750,25,8508.84
2750,26,8679.37
2750,27,8392.25
2750,28,8443.58
2750,29,8605
2750,30,8652.08
2750,31,8621.9
2750,32,8551.37
2750,33,8529.13
2750,34,8451.4
2750,35,8429.33
2750,36,8766.52
2750,37,8543.6
2750,38,8687.7
2750,39,8626.61
2750,40,8652.92
2750,41,8551.76
2750,42,8681.63
2750,43,8509.67
2750,44,8456.76
2750,45,8573.43
2750,46,8601.32
2750,47,8693.19
2750,48,8748.99
2750,49,8484.14
2750,50,8552.54
2750,51,8692.07
2750,52,8717.83
2750,53,8636.59
2750,54,8433.39
2750,55,8532.85
2750,56,8597.49
2750,57,8504.65
2750,58,8438.81
2750,59,8716.35
2750,60,8634
2750,61,8449.59
2750,62,8594.61
2750,63,8645.21
2750,64,8616.03
2750,65,8391.51
2750,66,8510.03
2750,67,8414.39
2750,68,8512.4
2750,69,8695.93
2750,70,8507.39
2750,71,8564.33
2750,72,8695.76
2750,73,8548.59
2750,74,8674.54
2750,75,8680.4
2750,76,8534.21
2750,77,8675.73
2750,78,8573.77
2750,79,8595.57
2750,80,8653.06
2750,81,8536.5
2750,82,8521.55
2750,83,8567.4
2750,84,8466.15
2750,85,8482.2
2750,86,8551.77
2750,87,8630.17
2750,88,8645.08
2750,89,8487.77
2750,90,8394.99
2750,91,8570.04
2750,92,8392.54
2750,93,8565.17
2750,94,8513.78
2750,95,8572.37
2750,96,8500.74
2750,97,8681.01
2750,98,8648.87
2750,99,8642.36
2760,0,8781.27
2760,1,8687.14
2760,2,8594.08
2760,3,8677.07
2760,4,8459.65
2760,5,8714.91
2760,6,8586.57
2760,7,8638.19
2760,8,8436.82
2760,9,8624.94
2760,10,8476.13
2760,11,8697.88
2760,12,8685.02
2760,13,8618.31
2760,14,8422.98
2760,15,8705.8
2760,16,8437.71
2760,17,8793.84
2760,18,8605.1
2760,19,8546.28
2760,20,8569.97
2760,21,8427.3
2760,22,8602.89
2760,23,8566.96
2760,24,8744.32
2760,25,8504.3
2760,26,8679.11
2760,27,8387.82
2760,28,8443.34
2760,29,8604.76
2760,30,8651.8
2760,31,8618.52
2760,32,8547.17
2760,33,8528.89
2760,34,8451.14
2760,35,8429.09
2760,36,8766.25
2760,37,8539.39
2760,38,8684.5
2760,39,8626.33
2760,40,8652.67
2760,41,8551.49
2760,42,8681.36
2760,43,8505.9
2760,44,8456.5
2760,45,8573.17
2760,46,8601.04
2760,47,8692.94
2760,48,8748.72
2760,49,8483.88
2760,50,8552.26
2760,51,8691.79
2760,52,8717.59
2760,53,8636.32
2760,54,8433.16
2760,55,8532.59
2760,56,8597.21
2760,57,8504.4
2760,58,8438.57
2760,59,8716.09
2760,60,8630.69
2760,61,8445.33
2760,62,8594.35
2760,63,8644.94
2760,64,8612.54
2760,65,8391.26
2760,66,8509.79
2760,67,8414.14
2760,68,8512.13
2760,69,8695.68
2760,70,8507.14
2760,71,8564.09
2760,72,8695.49
2760,73,8548.33
2760,74,8674.27
2760,75,8680.14
2760,76,8533.95
2760,77,8675.46
2760,78,8573.5
2760,79,8595.32
2760,80,8652.81
2760,81,8533.27
2760,82,8521.3
2760,83,8563.66
2760,84,8465.91
2760,85,8478.3
2760,86,8551.52
2760,87,8629.89
2760,88,8641.66
2760,89,8483.48
2760,90,8390.12
2760,91,8569.78
2760,92,8392.31
2760,93,8564.91
2760,94,8513.52
2760,95,8572.1
2760,96,8500.48
2760,97,8680.73
2760,98,8648.6
2760,99,8642.09
2770,0,8780.97
2770,1,8686.84
2770,2,8593.78
2770,3,8676.77
2770,4,8459.35
2770,5,8714.61
2770,6,8586.27
2770,7,8637.89
2770,8,8436.52
2770,9,8624.64
2770,10,8475.83
2770,11,8697.58
2770,12,8684.72
2770,13,8618.01
2770,14,8422.68
2770,15,8705.5
2770,16,8437.41
2770,17,8793.54
2770,18,8604.8
2770,19,8545.98
2770,20,8569.67
2770,21,8427
2770,22,8602.59
2770,23,8566.66
2770,24,8744.02
2770,25,8504
2770,26,8678.81
2770,27,8387.52
2770,28,8443.04
2770,29,8604.46
2770,30,8651.5
2770,31,8618.22
2770,32,8546.87
2770,33,8528.59
2770,34,8450.84
2770,35,8428.79
2770,36,8765.95
2770,37,8539.09
2770,38,8684.2
2770,39,8626.03
2770,40,8652.37
2770,41,8551.19
2770,42,8681.06
2770,43,8505.6
2770,44,8456.2
2770,45,8572.87
2770,46,8600.74
2770,47,8692.64
2770,48,8748.42
2770,49,8483.58
2770,50,8551.96
2770,51,8691.49
2770,52,8717.29
2770,53,8636.02
2770,54,8432.86
2770,55,8532.29
2770,56,8596.91
2770,57,8504.1
2770,58,8438.27
2770,59,8715.79
2770,60,8630.39
2770,61,8445.03
2770,62,8594.05
2770,63,8644.64
2770,64,8612.24
2770,65,8390.96
2770,66,8509.49
2770,67,8413.84
2770,68,8511.83
2770,69,8695.38
2770,70,8506.84
2770,71,8563.79
2770,72,8695.19
2770,73,8548.03
2770,74,8673.97
2770,75,8679.84
2770,76,8533.65
2770,77,8675.16
2770,78,8573.2
2770,79,8595.02
2770,80,8652.51
2770,81,8532.97
2770,82,8521
2770,83,8563.36
2770,84,8465.61
2770,85,8478
2770,86,8551.22
2770,87,8629.59
2770,88,8641.36
2770,89,8483.18
2770,90,8389.82
2770,91,8569.48
2770,92,8392.01
2770,93,8564.61
2770,94,8513.22
2770,95,8571.8
2770,96,8500.18
2770,97,8680.43
2770,98,8648.3
2770,99,8641.79
2780,0,8768.49
2780,1,8675.7
2780,2,8581.83
2780,3,8662.91
2780,4,8446.55
2780,5,8704.71
2780,6,8574.5
2780,7,8624.31
2780,8,8423.6
2780,9,8612.18
2780,10,8461.73
2780,11,8687.41
2780,12,8670.87
2780,13,8603.82
2780,14,8410.21
2780,15,8692.62
2780,16,8424.6
2780,17,8779.63
2780,18,8591.39
2780,19,8530.5
2780,20,8555.39
2780,21,8413.82
2780,22,8591.49
2780,23,8553.88
2780,24,8732.41
2780,25,8488.85
2780,26,8665.71
2780,27,8371.78
2780,28,8427.58
2780,29,8592.3
2780,30,8640.16
2780,31,8605.63
2780,32,8532.84
2780,33,8514.44
2780,34,8436.49
2780,35,8416.42
2780,36,8755.95
2780,37,8528.63
2780,38,8671.84
2780,39,8615.3
2780,40,8639.94
2780,41,8538.08
2780,42,8670.35
2780,43,8491.67
2780,44,8441.74
2780,45,8559.9
2780,46,8589.1
2780,47,8679.73
2780,48,8733.67
2780,49,8472.87
2780,50,8534
2780,51,8678.39
2780,52,8703.64
2780,53,8620.17
2780,54,8420.24
2780,55,8519.58
2780,56,8580.63
2780,57,8491.19
2780,58,8426
2780,59,8702.15
2780,60,8618.17
2780,61,8431.61
2780,62,8581.54
2780,63,8630.83
2780,64,8600.21
2780,65,8376.59
2780,66,8496.57
2780,67,8399.75
2780,68,8500.23
2780,69,8684.28
2780,70,8493.39
2780,71,8550.47
2780,72,8680.95
2780,73,8533.14
2780,74,8663.15
2780,75,8669.19
2780,76,8522.06
2780,77,8661.03
2780,78,8562.5
2780,79,8582.99
2780,80,8641.72
2780,81,8522.67
2780,82,8509.47
2780,83,8550.85
2780,84,8451.93
2780,85,8465.34
2780,86,8537.44
2780,87,8616.86
2780,88,8627.27
2780,89,8472.39
2780,90,8378.01
2780,91,8558.01
2780,92,8377.19
2780,93,8553.2
2780,94,8501.44
2780,95,8556.54
2780,96,8488.1
2780,97,8668.06
2780,98,8638.41
2780,99,8630.2
2790,0,8764.76
2790,1,8671.17
2790,2,8577.62
2790,3,8659.91
2790,4,8441.7
2790,5,8699.88
2790,6,8570.98
2790,7,8624.06
2790,8,8418.8
2790,9,8610.15
2790,10,8457.45
2790,11,8682.11
2790,12,8668.44
2790,13,8600.78
2790,14,8404.82
2790,15,8690.96
2790,16,8417.98
2790,17,8777.23
2790,18,8588.08
2790,19,8527.67
2790,20,8552.84
2790,21,8408.07
2790,22,8587.57
2790,23,8552.77
2790,24,8728.99
2790,25,8485.22
2790,26,8662.04
2790,27,8367.54
2790,28,8423.4
2790,29,8588.16
2790,30,8635.43
2790,31,8602.14
2790,32,8529.96
2790,33,8511.43
2790,34,8435.01
2790,35,8409.95
2790,36,8751.58
2790,37,8523.85
2790,38,8668.37
2790,39,8609.84
2790,40,8635.31
2790,41,8537.67
2790,42,8664.39
2790,43,8489.8
2790,44,8437.26
2790,45,8557.78
2790,46,8584.74
2790,47,8677.22
2790,48,8732.66
2790,49,8467.14
2790,50,8531.91
2790,51,8676.36
2790,52,8699.93
2790,53,8619.72
2790,54,8413.9
2790,55,8513.57
2790,56,8579.5
2790,57,8487.66
2790,58,8419.9
2790,59,8701.92
2790,60,8614.72
2790,61,8427.5
2790,62,8579.15
2790,63,8629.56
2790,64,8596.11
2790,65,8371.7
2790,66,8493.62
2790,67,8395.29
2790,68,8494.57
2790,69,8679.34
2790,70,8488.38
2790,71,8546.5
2790,72,8680.69
2790,73,8530.41
2790,74,8658.31
2790,75,8662.24
2790,76,8516.76
2790,77,8658.83
2790,78,8557.99
2790,79,8580.18
2790,80,8635.5
2790,81,8517.21
2790,82,8505.42
2790,83,8546.06
2790,84,8445.77
2790,85,8461.36
2790,86,8534.49
2790,87,8616.44
2790,88,8624.49
2790,89,8467.48
2790,90,8372.72
2790,91,8554.87
2790,92,8370.82
2790,93,8549.39
2790,94,8495.69
2790,95,8553.61
2790,96,8481.39
2790,97,8667.37
2790,98,8631.75
2790,99,8626.47
2800,0,8764.46
2800,1,8670.87
2800,2,8577.32
2800,3,8659.61
2800,4,8441.4
2800,5,8699.58
2800,6,8570.68
2800,7,8623.76
2800,8,8418.5
2800,9,8609.85
2800,10,8457.15
2800,11,8681.81
2800,12,8668.14
2800,13,8600.48
2800,14,8404.52
2800,15,8690.66
2800,16,8417.68
2800,17,8776.93
2800,18,8587.78
2800,19,8527.37
2800,20,8552.54
2800,21,8407.77
2800,22,8587.27
2800,23,8552.47
2800,24,8728.69
2800,25,8484.92
2800,26,8661.74
2800,27,8367.24
2800,28,8423.1
2800,29,8587.86
2800,30,8635.13
2800,31,8601.84
2800,32,8529.66
2800,33,8511.13
2800,34,8434.71
2800,35,8409.65
2800,36,8751.28
2800,37,8523.55
2800,38,8668.07
2800,39,8609.54
2800,40,8635.01
2800,41,8537.37
2800,42,8664.09
2800,43,8489.5
2800,44,8436.96
2800,45,8557.48
2800,46,8584.44
2800,47,8676.92
2800,48,8732.36
2800,49,8466.84
2800,50,8531.61
2800,51,8676.06
2800,52,8699.63
2800,53,8619.42
2800,54,8413.6
2800,55,8513.27
2800,56,8579.2
2800,57,8487.36
2800,58,8419.6
2800,59,8701.62
2800,60,8614.42
2800,61,8427.2
2800,62,8578.85
2800,63,8629.26
2800,64,8595.81
2800,65,8371.4
2800,66,8493.32
2800,67,8394.99
2800,68,8494.27
2800,69,8679.04
2800,70,8488.08
2800,71,8546.2
2800,72,8680.39
2800,73,8530.11
2800,74,8658.01
2800,75,8661.94
2800,76,8516.46
2800,77,8658.53
2800,78,8557.69
2800,79,8579.88
2800,80,8635.2
2800,81,8516.91
2800,82,8505.12
2800,83,8545.76
2800,84,8445.47
2800,85,8461.06
2800,86,8534.19
2800,87,8616.14
2800,88,8624.19
2800,89,8467.18
2800,90,8372.42
2800,91,8554.57
2800,92,8370.52
2800,93,8549.09
2800,94,8495.39
2800,95,8553.31
2800,96,8481.09
2800,97,8667.07
2800,98,8631.45
2800,99,8626.17
2810,0,8750.81
2810,1,8657.85
2810,2,8565.28
2810,3,8647.83
2810,4,8429.16
2810,5,8687.59
2810,6,8558.82
2810,7,8613.27
2810,8,8406.63
2810,9,8599.61
2810,10,8446.03
2810,11,8669.21
2810,12,8656.2
2810,13,8587.91
2810,14,8391.31
2810,15,8680.48
2810,16,8403.9
2810,17,8765.37
2810,18,8576.12
2810,19,8513.28
2810,20,8539.22
2810,21,8393.47
2810,22,8575.13
2810,23,8539.6
2810,24,8716
2810,25,8473.02
2810,26,8649.93
2810,27,8353.94
2810,28,8412.15
2810,29,8575.38
2810,30,8623.26
2810,31,8586.47
2810,32,8516.45
2810,33,8499.25
2810,34,8423.04
2810,35,8396.92
2810,36,8740.19
2810,37,8513.03
2810,38,8656.49
2810,39,8600.02
2810,40,8623.62
2810,41,8525.91
2810,42,8650.99
2810,43,8477.56
2810,44,8425.11
2810,45,8545.59
2810,46,8572.83
2810,47,8665.4
2810,48,8721.83
2810,49,8455.77
2810,50,8516.01
2810,51,8664.39
2810,52,8687.46
2810,53,8608.29
2810,54,8399.21
2810,55,8501.19
2810,56,8565.14
2810,57,8474.58
2810,58,8406.63
2810,59,8689.7
2810,60,8602.24
2810,61,8416.24
2810,62,8567.45
2810,63,8618.75
2810,64,8584.14
2810,65,8358.27
2810,66,8482.07
2810,67,8383.24
2810,68,8482.01
2810,69,8666.96
2810,70,8476.7
2810,71,8532.9
2810,72,8662.51
2810,73,8517.84
2810,74,8646.68
2810,75,8651.21
2810,76,8503.01
2810,77,8646.48
2810,78,8544.31
2810,79,8568.62
2810,80,8623.38
2810,81,8506.01
2810,82,8491.97
2810,83,8533.39
2810,84,8431.38
2810,85,8447.59
2810,86,8521.02
2810,87,8605.49
2810,88,8609.36
2810,89,8456.17
2810,90,8360.78
2810,91,8542.91
2810,92,8354.73
2810,93,8537.14
2810,94,8481.81
2810,95,8540
2810,96,8468.13
2810,97,8656.78
2810,98,8618.88
2810,99,8614.38
2820,0,8750.58
2820,1,8654.32
2820,2,8561.46
2820,3,8645.85
2820,4,8422.04
2820,5,8686.91
2820,6,8555.68
2820,7,8610.97
2820,8,8399.61
2820,9,8597.56
2820,10,8439.35
2820,11,8668.98
2820,12,8655.96
2820,13,8587.66
2820,14,8388.12
2820,15,8679.34
2820,16,8401.24
2820,17,8763.48
2820,18,8572.23
2820,19,8509
2820,20,8534.71
2820,21,8392.04
2820,22,8573.74
2820,23,8538.24
2820,24,8715.76
2820,25,8469.5
2820,26,8648.13
2820,27,8350.55
2820,28,8408.02
2820,29,8572.01
2820,30,8623.02
2820,31,8582.99
2820,32,8511.97
2820,33,8491.24
2820,34,8419.47
2820,35,8393.75
2820,36,8738.13
2820,37,8505.6
2820,38,8653.41
2820,39,8595.82
2820,40,8618.46
2820,41,8525.65
2820,42,8650.76
2820,43,8474.11
2820,44,8418.11
2820,45,8542.81
2820,46,8572.58
2820,47,8662.86
2820,48,8719.97
2820,49,8452.68
2820,50,8515.74
2820,51,8664.14
2820,52,8683.87
2820,53,8606.01
2820,54,8396.98
2820,55,8498.05
2820,56,8563.51
2820,57,8471.82
2820,58,8403.9
2820,59,8689.46
2820,60,8599.36
2820,61,8408.6
2820,62,8565.17
2820,63,8616.25
2820,64,8580.77
2820,65,8355.68
2820,66,8479.04
2820,67,8380.05
2820,68,8479.26
2820,69,8663.79
2820,70,8469.28
2820,71,8528.91
2820,72,8660.72
2820,73,8515.76
2820,74,8643.2
2820,75,8647.71
2820,76,8500.64
2820,77,8645.15
2820,78,8541.17
2820,79,8565.71
2820,80,8621.44
2820,81,8502.86
2820,82,8488.14
2820,83,8531.87
2820,84,8429.32
2820,85,8443.29
2820,86,8520.78
2820,87,8604.35
2820,88,8605.73
2820,89,8452.98
2820,90,8357.59
2820,91,8539.8
2820,92,8352.13
2820,93,8533.86
2820,94,8479.82
2820,95,8538.31
2820,96,8465.31
2820,97,8655.31
2820,98,8618.65
2820,99,8614.14
2830,0,8750.28
2830,1,8654.02
2830,2,8561.16
2830,3,8645.55
2830,4,8421.74
2830,5,8686.61
2830,6,8555.38
2830,7,8610.67
2830,8,8399.31
2830,9,8597.26
2830,10,8439.05
2830,11,8668.68
2830,12,8655.66
2830,13,8587.36
2830,14,8387.82
2830,15,8679.04
2830,16,8400.94
2830,17,8763.18
2830,18,8571.93
2830,19,8508.7
2830,20,8534.41
2830,21,8391.74
2830,22,8573.44
2830,23,8537.94
2830,24,8715.46
2830,25,8469.2
2830,26,8647.83
2830,27,8350.25
2830,28,8407.72
2830,29,8571.71
2830,30,8622.72
2830,31,8582.69
2830,32,8511.67
2830,33,8490.94
2830,34,8419.17
2830,35,8393.45
2830,36,8737.83
2830,37,8505.3
2830,38,8653.11
2830,39,8595.52
2830,40,8618.16
2830,41,8525.35
2830,42,8650.46
2830,43,8473.81
2830,44,8417.81
2830,45,8542.51
2830,46,8572.28
2830,47,8662.56
2830,48,8719.67
2830,49,8452.38
2830,50,8515.44
2830,51,8663.84
2830,52,8683.57
2830,53,8605.71
2830,54,8396.68
2830,55,8497.75
2830,56,8563.21
2830,57,8471.52
2830,58,8403.6
2830,59,8689.16
2830,60,8599.06
2830,61,8408.3
2830,62,8564.87
2830,63,8615.95
2830,64,8580.47
2830,65,8355.38
2830,66,8478.74
2830,67,8379.75
2830,68,8478.96
2830,69,8663.49
2830,70,8468.98
2830,71,8528.61
2830,72,8660.42
2830,73,8515.46
2830,74,8642.9
2830,75,8647.41
2830,76,8500.34
2830,77,8644.85
2830,78,8540.87
2830,79,8565.41
2830,80,8621.14
2830,81,8502.56
2830,82,8487.84
2830,83,8531.57
2830,84,8429.02
2830,85,8442.99
2830,86,8520.48
2830,87,8604.05
2830,88,8605.43
2830,89,8452.68
2830,90,8357.29
2830,91,8539.5
2830,92,8351.83
2830,93,8533.56
2830,94,8479.52
2830,95,8538.01
2830,96,8465.01
2830,97,8655.01
2830,98,8618.35
2830,99,8613.84
2840,0,8737.16
2840,1,8644.64
2840,2,8549.1
2840,3,8634.47
2840,4,8411.61
2840,5,8675.24
2840,6,8545.39
2840,7,8600.82
2840,8,8389.4
2840,9,8585.73
2840,10,8428.33
2840,11,8658.48
2840,12,8646.65
2840,13,8576.6
2840,14,8376.51
2840,15,8668.72
2840,16,8388.53
2840,17,8752.37
2840,18,8562.64
2840,19,8498.01
2840,20,8524.35
2840,21,8378.31
2840,22,8563.96
2840,23,8526.24
2840,24,8703.55
2840,25,8458.25
2840,26,8635.85
2840,27,8340.71
2840,28,8395.65
2840,29,8561.59
2840,30,8613.4
2840,31,8568.81
2840,32,8502.57
2840,33,8479.43
2840,34,8407.62
2840,35,8381.63
2840,36,8727.01
2840,37,8495.53
2840,38,8641.68
2840,39,8585.73
2840,40,8606.54
2840,41,8513.77
2840,42,8639.25
2840,43,8462.74
2840,44,8406.25
2840,45,8532.47
2840,46,8563.67
2840,47,8651.73
2840,48,8710.44
2840,49,8444.29
2840,50,8501.28
2840,51,8653.35
2840,52,8672.82
2840,53,8593.43
2840,54,8383.48
2840,55,8484.37
2840,56,8547.73
2840,57,8460.09
2840,58,8394.6
2840,59,8678.42
2840,60,8587.7
2840,61,8399.48
2840,62,8553.82
2840,63,8601.36
2840,64,8568.61
2840,65,8343.6
2840,66,8467.62
2840,67,8368.98
2840,68,8468.78
2840,69,8653.28
2840,70,8459.59
2840,71,8515.59
2840,72,8648.33
2840,73,8503.19
2840,74,8631.75
2840,75,8635.6
2840,76,8486.26
2840,77,8632.36
2840,78,8530.07
2840,79,8554.47
2840,80,8609.97
2840,81,8492.72
2840,82,8475.97
2840,83,8518.94
2840,84,8416.97
2840,85,8432.55
2840,86,8508.51
2840,87,8591.57
2840,88,8592.66
2840,89,8442.06
2840,90,8347.35
2840,91,8528.8
2840,92,8336.14
2840,93,8522.68
2840,94,8468.49
2840,95,8524.54
2840,96,8452.18
2840,97,8645.35
2840,98,8606.71
2840,99,8602.99
2850,0,8736.4
2850,1,8641.13
2850,2,8548.5
2850,3,8632.9
2850,4,8407.32
2850,5,8673.81
2850,6,8542.66
2850,7,8599.42
2850,8,8385.26
2850,9,8584.17
2850,10,8424.91
2850,11,8654.2
2850,12,8644.52
2850,13,8572.93
2850,14,8371.87
2850,15,8667.7
2850,16,8386.83
2850,17,8750.66
2850,18,8559.2
2850,19,8494.78
2850,20,8520.91
2850,21,8377.14
2850,22,8560.59
2850,23,8524.54
2850,24,8702.49
2850,25,8454.03
2850,26,8635.61
2850,27,8333.57
2850,28,8392.28
2850,29,8559.09
2850,30,8612.02
2850,31,8567.7
2850,32,8498.04
2850,33,8474.78
2850,34,8406.22
2850,35,8377.36
2850,36,8725.59
2850,37,8491.38
2850,38,8639.7
2850,39,8583.62
2850,40,8602.25
2850,41,8513.49
2850,42,8636.01
2850,43,8460.23
2850,44,8403.31
2850,45,8529.75
2850,46,8561.46
2850,47,8650.75
2850,48,8708.58
2850,49,8437.87
2850,50,8501.03
2850,51,8653.1
2850,52,8670.6
2850,53,8591.08
2850,54,8380.48
2850,55,8483.39
2850,56,8547.47
2850,57,8459.85
2850,58,8387.49
2850,59,8676.37
2850,60,8586.75
2850,61,8394.03
2850,62,8553.57
2850,63,8600.78
2850,64,8568.37
2850,65,8339.17
2850,66,8467.37
2850,67,8364.28
2850,68,8464.07
2850,69,8650.94
2850,70,8454.81
2850,71,8514.78
2850,72,8646.64
2850,73,8501
2850,74,8629.07
2850,75,8633.97
2850,76,8483.45
2850,77,8631.32
2850,78,8529.01
2850,79,8553.92
2850,80,8608.38
2850,81,8488.48
2850,82,8474.02
2850,83,8517.62
2850,84,8412.39
2850,85,8428.87
2850,86,8504.5
2850,87,8591.31
2850,88,8589.92
2850,89,8437.98
2850,90,8342.43
2850,91,8527.04
2850,92,8334.81
2850,93,8520.57
2850,94,8466.16
2850,95,8524.32
2850,96,8451.95
2850,97,8643.56
2850,98,8604.98
2850,99,8601.7
2860,0,8736.1
2860,1,8640.83
2860,2,8548.2
2860,3,8632.6
2860,4,8407.02
2860,5,8673.51
2860,6,8542.36
2860,7,8599.12
2860,8,8384.96
2860,9,8583.87
2860,10,8424.61
2860,11,8653.9
2860,12,8644.22
2860,13,8572.63
2860,14,8371.57
2860,15,8667.4
2860,16,8386.53
2860,17,8750.36
2860,18,8558.9
2860,19,8494.48
2860,20,8520.61
2860,21,8376.84
2860,22,8560.29
2860,23,8524.24
2860,24,8702.19
2860,25,8453.73
2860,26,8635.31
2860,27,8333.27
2860,28,8391.98
2860,29,8558.79
2860,30,8611.72
2860,31,8567.4
2860,32,8497.74
2860,33,8474.48
2860,34,8405.92
2860,35,8377.06
2860,36,8725.29
2860,37,8491.08
2860,38,8639.4
2860,39,8583.32
2860,40,8601.95
2860,41,8513.19
2860,42,8635.71
2860,43,8459.93
2860,44,8403.01
2860,45,8529.45
2860,46,8561.16
2860,47,8650.45
2860,48,8708.28
2860,49,8437.57
2860,50,8500.73
2860,51,8652.8
2860,52,8670.3
2860,53,8590.78
2860,54,8380.18
2860,55,8483.09
2860,56,8547.17
2860,57,8459.55
2860,58,8387.19
2860,59,8676.07
2860,60,8586.45
2860,61,8393.73
2860,62,8553.27
2860,63,8600.48
2860,64,8568.07
2860,65,8338.87
2860,66,8467.07
2860,67,8363.98
2860,68,8463.77
2860,69,8650.64
2860,70,8454.51
2860,71,8514.48
2860,72,8646.34
2860,73,8500.7
2860,74,8628.77
2860,75,8633.67
2860,76,8483.15
2860,77,8631.02
2860,78,8528.71
2860,79,8553.62
2860,80,8608.08
2860,81,8488.18
2860,82,8473.72
2860,83,8517.32
2860,84,8412.09
2860,85,8428.57
2860,86,8504.2
2860,87,8591.01
2860,88,8589.62
2860,89,8437.68
2860,90,8342.13
2860,91,8526.74
2860,92,8334.51
2860,93,8520.27
2860,94,8465.86
2860,95,8524.02
2860,96,8451.65
2860,97,8643.26
2860,98,8604.68
2860,99,8601.4
2870,0,8723.35
2870,1,8631.06
2870,2,8536.78
2870,3,8622.57
2870,4,8396.81
2870,5,8664.61
2870,6,8531.97
2870,7,8588.55
2870,8,8375.09
2870,9,8572.85
2870,10,8414.11
2870,11,8642.17
2870,12,8634.9
2870,13,8562.51
2870,14,8361.66
2870,15,8656.7
2870,16,8375.04
2870,17,8738.63
2870,18,8549.01
2870,19,8485.34
2870,20,8510.34
2870,21,8364.95
2870,22,8550.39
2870,23,8512.01
2870,24,8690.16
2870,25,8443.96
2870,26,8625.95
2870,27,8322.41
2870,28,8381.24
2870,29,8548.71
2870,30,8602.31
2870,31,8553
2870,32,8487.88
2870,33,8463.95
2870,34,8394.6
2870,35,8366.4
2870,36,8715.37
2870,37,8482.31
2870,38,8629.62
2870,39,8573.4
2870,40,8590.29
2870,41,8501.52
2870,42,8625.19
2870,43,8449.7
2870,44,8393.99
2870,45,8521.64
2870,46,8552.48
2870,47,8641.35
2870,48,8698.55
2870,49,8429.64
2870,50,8485.42
2870,51,8643.81
2870,52,8659.5
2870,53,8580.52
2870,54,8369.07
2870,55,8471.1
2870,56,8533.4
2870,57,8447.28
2870,58,8377.52
2870,59,8665.98
2870,60,8575.8
2870,61,8384.17
2870,62,8542.52
2870,63,8588.71
2870,64,8557.15
2870,65,8330.58
2870,66,8456.36
2870,67,8354.96
2870,68,8454.17
2870,69,8641.3
2870,70,8445.43
2870,71,8503.3
2870,72,8633.03
2870,73,8490.57
2870,74,8619.09
2870,75,8623.11
2870,76,8472.09
2870,77,8621.68
2870,78,8517.89
2870,79,8542.47
2870,80,8597.78
2870,81,8477.58
2870,82,8462.85
2870,83,8504.67
2870,84,8402.56
2870,85,8417.11
2870,86,8494.73
2870,87,8577.3
2870,88,8576.5
2870,89,8428.8
2870,90,8332.42
2870,91,8518.41
2870,92,8321.12
2870,93,8509.51
2870,94,8455.11
2870,95,8513.24
2870,96,8440.6
2870,97,8633.77
2870,98,8594.5
2870,99,8590.96
2880,0,8720.78
2880,1,8624.77
2880,2,8530.59
2880,3,8618.05
2880,4,8391.09
2880,5,8660.77
2880,6,8526.04
2880,7,8584.83
2880,8,8369.3
2880,9,8567.58
2880,10,8408.81
2880,11,8639.08
2880,12,8627.84
2880,13,8555.57
2880,14,8355.03
2880,15,8653.5
2880,16,8369.17
2880,17,8734.27
2880,18,8541.66
2880,19,8475.72
2880,20,8502.24
2880,21,8358.6
2880,22,8547.58
2880,23,8508.73
2880,24,8689.39
2880,25,8437.25
2880,26,8618.72
2880,27,8317.48
2880,28,8373.86
2880,29,8542.74
2880,30,8598.13
2880,31,8549.52
2880,32,8482.66
2880,33,8456.18
2880,34,8391.86
2880,35,8361.26
2880,36,8712.58
2880,37,8473.87
2880,38,8622.97
2880,39,8569.81
2880,40,8585.63
2880,41,8499.91
2880,42,8620.64
2880,43,8445.88
2880,44,8386.92
2880,45,8514.98
2880,46,8548.16
2880,47,8634.94
2880,48,8693.81
2880,49,8424
2880,50,8480.91
2880,51,8634.36
2880,52,8654.34
2880,53,8574.34
2880,54,8364.05
2880,55,8465.88
2880,56,8529.82
2880,57,8443.38
2880,58,8371.96
2880,59,8662.82
2880,60,8570.53
2880,61,8376.03
2880,62,8539.34
2880,63,8584.56
2880,64,8551.14
2880,65,8323.69
2880,66,8451.97
2880,67,8349.19
2880,68,8449.71
2880,69,8637.09
2880,70,8438.98
2880,71,8498.65
2880,72,8628.38
2880,73,8486.65
2880,74,8614.81
2880,75,8616.87
2880,76,8463.9
2880,77,8615.76
2880,78,8512.38
2880,79,8537.3
2880,80,8593.44
2880,81,8474.42
2880,82,8457.14
2880,83,8500.96
2880,84,8396.22
2880,85,8412.77
2880,86,8487.24
2880,87,8572.15
2880,88,8568.59
2880,89,8420.02
2880,90,8324.24
2880,91,8511.46
2880,92,8316.23
2880,93,8504.28
2880,94,8450.85
2880,95,8505.48
2880,96,8434.25
2880,97,8631.01
2880,98,8591.45
2880,99,8587.62
2890,0,8720.48
2890,1,8624.47
2890,2,8530.29
2890,3,8617.75
2890,4,8390.79
2890,5,8660.47
2890,6,8525.74
2890,7,8584.53
2890,8,8369
2890,9,8567.28
2890,10,8408.51
2890,11,8638.78
2890,12,8627.54
2890,13,8555.27
2890,14,8354.73
2890,15,8653.2
2890,16,8368.87
2890,17,8733.97
2890,18,8541.36
2890,19,8475.42
2890,20,8501.94
2890,21,8358.3
2890,22,8547.28
2890,23,8508.43
2890,24,8689.09
2890,25,8436.95
2890,26,8618.42
2890,27,8317.18
2890,28,8373.56
2890,29,8542.44
2890,30,8597.83
2890,31,8549.22
2890,32,8482.36
2890,33,8455.88
2890,34,8391.56
2890,35,8360.96
2890,36,8712.28
2890,37,8473.57
2890,38,8622.67
2890,39,8569.51
2890,40,8585.33
2890,41,8499.61
2890,42,8620.34
2890,43,8445.58
2890,44,8386.62
2890,45,8514.68
2890,46,8547.86
2890,47,8634.64
2890,48,8693.51
2890,49,8423.7
2890,50,8480.61
2890,51,8634.06
2890,52,8654.04
2890,53,8574.04
2890,54,8363.75
2890,55,8465.58
2890,56,8529.52
2890,57,8443.08
2890,58,8371.66
2890,59,8662.52
2890,60,8570.23
2890,61,8375.73
2890,62,8539.04
2890,63,8584.26
2890,64,8550.84
2890,65,8323.39
2890,66,8451.67
2890,67,8348.89
2890,68,8449.41
2890,69,8636.79
2890,70,8438.68
2890,71,8498.35
2890,72,8628.08
2890,73,8486.35
2890,74,8614.51
2890,75,8616.57
2890,76,8463.6
2890,77,8615.46
2890,78,8512.08
2890,79,8537
2890,80,8593.14
2890,81,8474.12
2890,82,8456.84
2890,83,8500.66
2890,84,8395.92
2890,85,8412.47
2890,86,8486.94
2890,87,8571.85
2890,88,8568.29
2890,89,8419.72
2890,90,8323.94
2890,91,8511.16
2890,92,8315.93
2890,93,8503.98
2890,94,8450.55
2890,95,8505.18
2890,96,8433.95
2890,97,8630.71
2890,98,8591.15
2890,99,8587.32
2900,0,8709.58
2900,1,8614.5
2900,2,8519.42
2900,3,8607.81
2900,4,8384.4
2900,5,8651.72
2900,6,8515.39
2900,7,8574.89
2900,8,8361.79
2900,9,8557.29
2900,10,8399.08
2900,11,8629.33
2900,12,8619.25
2900,13,8547.76
2900,14,8345.24
2900,15,8645.13
2900,16,8358.79
2900,17,8724.66
2900,18,8532.27
2900,19,8466.38
2900,20,8492.27
2900,21,8345.54
2900,22,8538.42
2900,23,8499.93
2900,24,8678.8
2900,25,8427.17
2900,26,8609.64
2900,27,8307.99
2900,28,8362.88
2900,29,8533.7
2900,30,8588.47
2900,31,8536.6
2900,32,8472.62
2900,33,8446.34
2900,34,8383.9
2900,35,8350.12
2900,36,8705.37
2900,37,8464.89
2900,38,8613.75
2900,39,8560.18
2900,40,8575.86
2900,41,8489.54
2900,42,8611.07
2900,43,8435.75
2900,44,8376.9
2900,45,8507.34
2900,46,8539.22
2900,47,8624.07
2900,48,8685.81
2900,49,8415.93
2900,50,8465.79
2900,51,8623.36
2900,52,8644.05
2900,53,8563.7
2900,54,8352.35
2900,55,8453.68
2900,56,8518.12
2900,57,8431.57
2900,58,8362.06
2900,59,8652.36
2900,60,8559.53
2900,61,8366.31
2900,62,8529.04
2900,63,8576.11
2900,64,8539.23
2900,65,8315.42
2900,66,8443.55
2900,67,8339.91
2900,68,8439.84
2900,69,8628.37
2900,70,8429.86
2900,71,8489.91
2900,72,8612.28
2900,73,8477.46
2900,74,8605
2900,75,8606.79
2900,76,8452.35
2900,77,8606.26
2900,78,8501.73
2900,79,8529.47
2900,80,8582.87
2900,81,8467.12
2900,82,8446.56
2900,83,8491.37
2900,84,8386.51
2900,85,8402.89
2900,86,8478.23
2900,87,8558.65
2900,88,8556.84
2900,89,8410.94
2900,90,8314.22
2900,91,8503.72
2900,92,8305.47
2900,93,8493.28
2900,94,8440.42
2900,95,8495.83
2900,96,8423.37
2900,97,8621.44
2900,98,8582.8
2900,99,8577.51
2910,0,8706.3
2910,1,8608.69
2910,2,8514.67
2910,3,8603.73
2910,4,8375.86
2910,5,8647.58
2910,6,8510.77
2910,7,8571.5
2910,8,8351.79
2910,9,8553.79
2910,10,8390.83
2910,11,8625.36
2910,12,8614.5
2910,13,8540.84
2910,14,8339.32
2910,15,8640.42
2910,16,8353
2910,17,8719.59
2910,18,8524.86
2910,19,8459.64
2910,20,8486.81
2910,21,8339.79
2910,22,8531.94
2910,23,8497.94
2910,24,8675.49
2910,25,8421.63
2910,26,8602.52
2910,27,8300.83
2910,28,8358.02
2910,29,8527.25
2910,30,8584.98
2910,31,8532.93
2910,32,8465.62
2910,33,8437.2
2910,34,8375.49
2910,35,8345.75
2910,36,8699.08
2910,37,8456.52
2910,38,8608.3
2910,39,8555.79
2910,40,8570.25
2910,41,8486.12
2910,42,8606.58
2910,43,8430.26
2910,44,8368.56
2910,45,8500.53
2910,46,8534.89
2910,47,8620.64
2910,48,8681.78
2910,49,8410.42
2910,50,8460.1
2910,51,8620.02
2910,52,8638.07
2910,53,8561.79
2910,54,8348.14
2910,55,8448.26
2910,56,8514.28
2910,57,8428.6
2910,58,8356.48
2910,59,8648.24
2910,60,8555.88
2910,61,8360.96
2910,62,8524.93
2910,63,8571.94
2910,64,8535.02
2910,65,8308.47
2910,66,8439.36
2910,67,8334.72
2910,68,8435.43
2910,69,8621.35
2910,70,8422.33
2910,71,8481.29
2910,72,8606.45
2910,73,8470.34
2910,74,8601.57
2910,75,8602.03
2910,76,8447.24
2910,77,8601.03
2910,78,8496.72
2910,79,8523.93
2910,80,8578.82
2910,81,8458.13
2910,82,8440.75
2910,83,8485.96
2910,84,8380.58
2910,85,8395.72
2910,86,8471.07
2910,87,8554.26
2910,88,8550.34
2910,89,8402.13
2910,90,8308.4
2910,91,8497.34
2910,92,8298.43
2910,93,8488.83
2910,94,8436.06
2910,95,8490.44
2910,96,8416.4
2910,97,8618.81
2910,98,8577.68
2910,99,8572.08
2920,0,8706
2920,1,8608.39
2920,2,8514.37
2920,3,8603.43
2920,4,8375.56
2920,5,8647.28
2920,6,8510.47
2920,7,8571.2
2920,8,8351.49
2920,9,8553.49
2920,10,8390.53
2920,11,8625.06
2920,12,8614.2
2920,13,8540.54
2920,14,8339.02
2920,15,8640.12
2920,16,8352.7
2920,17,8719.29
2920,18,8524.56
2920,19,8459.34
2920,20,8486.51
2920,21,8339.49
2920,22,8531.64
2920,23,8497.64
2920,24,8675.19
2920,25,8421.33
2920,26,8602.22
2920,27,8300.53
2920,28,8357.72
2920,29,8526.95
2920,30,8584.68
2920,31,8532.63
2920,32,8465.32
2920,33,8436.9
2920,34,8375.19
2920,35,8345.45
2920,36,8698.78
2920,37,8456.22
2920,38,8608
2920,39,8555.49
2920,40,8569.95
2920,41,8485.82
2920,42,8606.28
2920,43,8429.96
2920,44,8368.26
2920,45,8500.23
2920,46,8534.59
2920,47,8620.34
2920,48,8681.48
2920,49,8410.12
2920,50,8459.8
2920,51,8619.72
2920,52,8637.77
2920,53,8561.49
2920,54,8347.84
2920,55,8447.96
2920,56,8513.98
2920,57,8428.3
2920,58,8356.18
2920,59,8647.94
2920,60,8555.58
2920,61,8360.66
2920,62,8524.63
2920,63,8571.64
2920,64,8534.72
2920,65,8308.17
2920,66,8439.06
2920,67,8334.42
2920,68,8435.13
2920,69,8621.05
2920,70,8422.03
2920,71,8480.99
2920,72,8606.15
2920,73,8470.04
2920,74,8601.27
2920,75,8601.73
2920,76,8446.94
2920,77,8600.73
2920,78,8496.42
2920,79,8523.63
2920,80,8578.52
2920,81,8457.83
2920,82,8440.45
2920,83,8485.66
2920,84,8380.28
2920,85,8395.42
2920,86,8470.77
2920,87,8553.96
2920,88,8550.04
2920,89,8401.83
2920,90,8308.1
2920,91,8497.04
2920,92,8298.13
2920,93,8488.53
2920,94,8435.76
2920,95,8490.14
2920,96,8416.1
2920,97,8618.51
2920,98,8577.38
2920,99,8571.78
2930,0,8705.7
2930,1,8608.09
2930,2,8514.07
2930,3,8603.13
2930,4,8375.26
2930,5,8646.98
2930,6,8510.17
2930,7,8570.9
2930,8,8351.19
2930,9,8553.19
2930,10,8390.23
2930,11,8624.76
2930,12,8613.9
2930,13,8540.24
2930,14,8338.72
2930,15,8639.82
2930,16,8352.4
2930,17,8718.99
2930,18,8524.26
2930,19,8459.04
2930,20,8486.21
2930,21,8339.19
2930,22,8531.34
2930,23,8497.34
2930,24,8674.89
2930,25,8421.03
2930,26,8601.92
2930,27,8300.23
2930,28,8357.42
2930,29,8526.65
2930,30,8584.38
2930,31,8532.33
2930,32,8465.02
2930,33,8436.6
2930,34,8374.89
2930,35,8345.15
2930,36,8698.48
2930,37,8455.92
2930,38,8607.7
2930,39,8555.19
2930,40,8569.65
2930,41,8485.52
2930,42,8605.98
2930,43,8429.66
2930,44,8367.96
2930,45,8499.93
2930,46,8534.29
2930,47,8620.04
2930,48,8681.18
2930,49,8409.82
2930,50,8459.5
2930,51,8619.42
2930,52,8637.47
2930,53,8561.19
2930,54,8347.54
2930,55,8447.66
2930,56,8513.68
2930,57,8428
2930,58,8355.88
2930,59,8647.64
2930,60,8555.28
2930,61,8360.36
2930,62,8524.33
2930,63,8571.34
2930,64,8534.42
2930,65,8307.87
2930,66,8438.76
2930,67,8334.12
2930,68,8434.83
2930,69,8620.75
2930,70,8421.73
2930,71,8480.69
2930,72,8605.85
2930,73,8469.74
2930,74,8600.97
2930,75,8601.43
2930,76,8446.64
2930,77,8600.43
2930,78,8496.12
2930,79,8523.33
2930,80,8578.22
2930,81,8457.53
2930,82,8440.15
2930,83,8485.36
2930,84,8379.98
2930,85,8395.12
2930,86,8470.47
2930,87,8553.66
2930,88,8549.74
2930,89,8401.53
2930,90,8307.8
2930,91,8496.74
2930,92,8297.83
2930,93,8488.23
2930,94,8435.46
2930,95,8489.84
2930,96,8415.8
2930,97,8618.21
2930,98,8577.08
2930,99,8571.48
2940,0,8705.4
2940,1,8607.79
2940,2,8513.77
2940,3,8602.83
2940,4,8374.96
2940,5,8646.68
2940,6,8509.87
2940,7,8570.6
2940,8,8350.89
2940,9,8552.89
2940,10,8389.93
2940,11,8624.46
2940,12,8613.6
2940,13,8539.94
2940,14,8338.42
2940,15,8639.52
2940,16,8352.1
2940,17,8718.69
2940,18,8523.96
2940,19,8458.74
2940,20,8485.91
2940,21,8338.89
2940,22,8531.04
2940,23,8497.04
2940,24,8674.59
2940,25,8420.73
2940,26,8601.62
2940,27,8299.93
2940,28,8357.12
2940,29,8526.35
2940,30,8584.08
2940,31,8532.03
2940,32,8464.72
2940,33,8436.3
2940,34,8374.59
2940,35,8344.85
2940,36,8698.18
2940,37,8455.62
2940,38,8607.4
2940,39,8554.89
2940,40,8569.35
2940,41,8485.22
2940,42,8605.68
2940,43,8429.36
2940,44,8367.66
2940,45,8499.63
2940,46,8533.99
2940,47,8619.74
2940,48,8680.88
2940,49,8409.52
2940,50,8459.2
2940,51,8619.12
2940,52,8637.17
2940,53,8560.89
2940,54,8347.24
2940,55,8447.36
2940,56,8513.38
2940,57,8427.7
2940,58,8355.58
2940,59,8647.34
2940,60,8554.98
2940,61,8360.06
2940,62,8524.03
2940,63,8571.04
2940,64,8534.12
2940,65,8307.57
2940,66,8438.46
2940,67,8333.82
2940,68,8434.53
2940,69,8620.45
2940,70,8421.43
2940,71,8480.39
2940,72,8605.55
2940,73,8469.44
2940,74,8600.67
2940,75,8601.13
2940,76,8446.34
2940,77,8600.13
2940,78,8495.82
2940,79,8523.03
2940,80,8577.92
2940,81,8457.23
2940,82,8439.85
2940,83,8485.06
2940,84,8379.68
2940,85,8394.82
2940,86,8470.17
2940,87,8553.36
2940,88,8549.44
2940,89,8401.23
2940,90,8307.5
2940,91,8496.44
2940,92,8297.53
2940,93,8487.93
2940,94,8435.16
2940,95,8489.54
2940,96,8415.5
2940,97,8617.91
2940,98,8576.78
2940,99,8571.18
2950,0,8705.1
2950,1,8607.49
2950,2,8513.47
2950,3,8602.53
2950,4,8374.66
2950,5,8646.38
2950,6,8509.57
2950,7,8570.3
2950,8,8350.59
2950,9,8552.59
2950,10,8389.63
2950,11,8624.16
2950,12,8613.3
2950,13,8539.64
2950,14,8338.12
2950,15,8639.22
2950,16,8351.8
2950,17,8718.39
2950,18,8523.66
2950,19,8458.44
2950,20,8485.61
2950,21,8338.59
2950,22,8530.74
2950,23,8496.74
2950,24,8674.29
2950,25,8420.43
2950,26,8601.32
2950,27,8299.63
2950,28,8356.82
2950,29,8526.05
2950,30,8583.78
2950,31,8531.73
2950,32,8464.42
2950,33,8436
2950,34,8374.29
2950,35,8344.55
2950,36,8697.88
2950,37,8455.32
2950,38,8607.1
2950,39,8554.59
2950,40,8569.05
2950,41,8484.92
2950,42,8605.38
2950,43,8429.06
2950,44,8367.36
2950,45,8499.33
2950,46,8533.69
2950,47,8619.44
2950,48,8680.58
2950,49,8409.22
2950,50,8458.9
2950,51,8618.82
2950,52,8636.87
2950,53,8560.59
2950,54,8346.94
2950,55,8447.06
2950,56,8513.08
2950,57,8427.4
2950,58,8355.28
2950,59,8647.04
2950,60,8554.68
2950,61,8359.76
2950,62,8523.73
2950,63,8570.74
2950,64,8533.82
2950,65,8307.27
2950,66,8438.16
2950,67,8333.52
2950,68,8434.23
2950,69,8620.15
2950,70,8421.13
2950,71,8480.09
2950,72,8605.25
2950,73,8469.14
2950,74,8600.37
2950,75,8600.83
2950,76,8446.04
2950,77,8599.83
2950,78,8495.52
2950,79,8522.73
2950,80,8577.62
2950,81,8456.93
2950,82,8439.55
2950,83,8484.76
2950,84,8379.38
2950,85,8394.52
2950,86,8469.87
2950,87,8553.06
2950,88,8549.14
2950,89,8400.93
2950,90,8307.2
2950,91,8496.14
2950,92,8297.23
2950,93,8487.63
2950,94,8434.86
2950,95,8489.24
2950,96,8415.2
2950,97,8617.61
2950,98,8576.48
2950,99,8570.88
2960,0,8704.8
2960,1,8607.19
2960,2,8513.17
2960,3,8602.23
2960,4,8374.36
2960,5,8646.08
2960,6,8509.27
2960,7,8570
2960,8,8350.29
2960,9,8552.29
2960,10,8389.33
2960,11,8623.86
2960,12,8613
2960,13,8539.34
2960,14,8337.82
2960,15,8638.92
2960,16,8351.5
2960,17,8718.09
2960,18,8523.36
2960,19,8458.14
2960,20,8485.31
2960,21,8338.29
2960,22,8530.44
2960,23,8496.44
2960,24,8673.99
2960,25,8420.13
2960,26,8601.02
2960,27,8299.33
2960,28,8356.52
2960,29,8525.75
2960,30,8583.48
2960,31,8531.43
2960,32,8464.12
2960,33,8435.7
2960,34,8373.99
2960,35,8344.25
2960,36,8697.58
2960,37,8455.02
2960,38,8606.8
2960,39,8554.29
2960,40,8568.75
2960,41,8484.62
2960,42,8605.08
2960,43,8428.76
2960,44,8367.06
2960,45,8499.03
2960,46,8533.39
2960,47,8619.14
2960,48,8680.28
2960,49,8408.92
2960,50,8458.6
2960,51,8618.52
2960,52,8636.57
2960,53,8560.29
2960,54,8346.64
2960,55,8446.76
2960,56,8512.78
2960,57,8427.1
2960,58,8354.98
2960,59,8646.74
2960,60,8554.38
2960,61,8359.46
2960,62,8523.43
2960,63,8570.44
2960,64,8533.52
2960,65,8306.97
2960,66,8437.86
2960,67,8333.22
2960,68,8433.93
2960,69,8619.85
2960,70,8420.83
2960,71,8479.79
2960,72,8604.95
2960,73,8468.84
2960,74,8600.07
2960,75,8600.53
2960,76,8445.74
2960,77,8599.53
2960,78,8495.22
2960,79,8522.43
2960,80,8577.32
2960,81,8456.63
2960,82,8439.25
2960,83,8484.46
2960,84,8379.08
2960,85,8394.22
2960,86,8469.57
2960,87,8552.76
2960,88,8548.84
2960,89,8400.63
2960,90,8306.9
2960,91,8495.84
2960,92,8296.93
2960,93,8487.33
2960,94,8434.56
2960,95,8488.94
2960,96,8414.9
2960,97,8617.31
2960,98,8576.18
2960,99,8570.58
2970,0,8704.5
2970,1,8606.89
2970,2,8512.87
2970,3,8601.93
2970,4,8374.06
2970,5,8645.78
2970,6,8508.97
2970,7,8569.7
2970,8,8349.99
2970,9,8551.99
2970,10,8389.03
2970,11,8623.56
2970,12,8612.7
2970,13,8539.04
2970,14,8337.52
2970,15,8638.62
2970,16,8351.2
2970,17,8717.79
2970,18,8523.06
2970,19,8457.84
2970,20,8485.01
2970,21,8337.99
2970,22,8530.14
2970,23,8496.14
2970,24,8673.69
2970,25,8419.83
2970,26,8600.72
2970,27,8299.03
2970,28,8356.22
2970,29,8525.45
2970,30,8583.18
2970,31,8531.13
2970,32,8463.82
2970,33,8435.4
2970,34,8373.69
2970,35,8343.95
2970,36,8697.28
2970,37,8454.72
2970,38,8606.5
2970,39,8553.99
2970,40,8568.45
2970,41,8484.32
2970,42,8604.78
2970,43,8428.46
2970,44,8366.76
2970,45,8498.73
2970,46,8533.09
2970,47,8618.84
2970,48,8679.98
2970,49,8408.62
2970,50,8458.3
2970,51,8618.22
2970,52,8636.27
2970,53,8559.99
2970,54,8346.34
2970,55,8446.46
2970,56,8512.48
2970,57,8426.8
2970,58,8354.68
2970,59,8646.44
2970,60,8554.08
2970,61,8359.16
2970,62,8523.13
2970,63,8570.14
2970,64,8533.22
2970,65,8306.67
2970,66,8437.56
2970,67,8332.92
2970,68,8433.63
2970,69,8619.55
2970,70,8420.53
2970,71,8479.49
2970,72,8604.65
2970,73,8468.54
2970,74,8599.77
2970,75,8600.23
2970,76,8445.44
2970,77,8599.23
2970,78,8494.92
2970,79,8522.13
2970,80,8577.02
2970,81,8456.33
2970,82,8438.95
2970,83,8484.16
2970,84,8378.78
2970,85,8393.92
2970,86,8469.27
2970,87,8552.46
2970,88,8548.54
2970,89,8400.33
2970,90,8306.6
2970,91,8495.54
2970,92,8296.63
2970,93,8487.03
2970,94,8434.26
2970,95,8488.64
2970,96,8414.6
2970,97,8617.01
2970,98,8575.88
2970,99,8570.28
2980,0,8704.2
2980,1,8606.59
2980,2,8512.57
2980,3,8601.63
2980,4,8373.76
2980,5,8645.48
2980,6,8508.67
2980,7,8569.4
2980,8,8349.69
2980,9,8551.69
2980,10,8388.73
2980,11,8623.26
2980,12,8612.4
2980,13,8538.74
2980,14,8337.22
2980,15,8638.32
2980,16,8350.9
2980,17,8717.49
2980,18,8522.76
2980,19,8457.54
2980,20,8484.71
2980,21,8337.69
2980,22,8529.84
2980,23,8495.84
2980,24,8673.39
2980,25,8419.53
2980,26,8600.42
2980,27,8298.73
2980,28,8355.92
2980,29,8525.15
2980,30,8582.88
2980,31,8530.83
2980,32,8463.52
2980,33,8435.1
2980,34,8373.39
2980,35,8343.65
2980,36,8696.98
2980,37,8454.42
2980,38,8606.2
2980,39,8553.69
2980,40,8568.15
2980,41,8484.02
2980,42,8604.48
2980,43,8428.16
2980,44,8366.46
2980,45,8498.43
2980,46,8532.79
2980,47,8618.54
2980,48,8679.68
2980,49,8408.32
2980,50,8458
2980,51,8617.92
2980,52,8635.97
2980,53,8559.69
2980,54,8346.04
2980,55,8446.16
2980,56,8512.18
2980,57,8426.5
2980,58,8354.38
2980,59,8646.14
2980,60,8553.78
2980,61,8358.86
2980,62,8522.83
2980,63,8569.84
2980,64,8532.92
2980,65,8306.37
2980,66,8437.26
2980,67,8332.62
2980,68,8433.33
2980,69,8619.25
2980,70,8420.23
2980,71,8479.19
2980,72,8604.35
2980,73,8468.24
2980,74,8599.47
2980,75,8599.93
2980,76,8445.14
2980,77,8598.93
2980,78,8494.62
2980,79,8521.83
2980,80,8576.72
2980,81,8456.03
2980,82,8438.65
2980,83,8483.86
2980,84,8378.48
2980,85,8393.62
2980,86,8468.97
2980,87,8552.16
2980,88,8548.24
2980,89,8400.03
2980,90,8306.3
2980,91,8495.24
2980,92,8296.33
2980,93,8486.73
2980,94,8433.96
2980,95,8488.34
2980,96,8414.3
2980,97,8616.71
2980,98,8575.58
2980,99,8569.98
2990,0,8703.9
2990,1,8606.29
2990,2,8512.27
2990,3,8601.33
2990,4,8373.46
2990,5,8645.18
2990,6,8508.37
2990,7,8569.1
2990,8,8349.39
2990,9,8551.39
2990,10,8388.43
2990,11,8622.96
2990,12,8612.1
2990,13,8538.44
2990,14,8336.92
2990,15,8638.02
2990,16,8350.6
2990,17,8717.19
2990,18,8522.46
2990,19,8457.24
2990,20,8484.41
2990,21,8337.39
2990,22,8529.54
2990,23,8495.54
2990,24,8673.09
2990,25,8419.23
2990,26,8600.12
2990,27,8298.43
2990,28,8355.62
2990,29,8524.85
2990,30,8582.58
2990,31,8530.53
2990,32,8463.22
2990,33,8434.8
2990,34,8373.09
2990,35,8343.35
2990,36,8696.68
2990,37,8454.12
2990,38,8605.9
2990,39,8553.39
2990,40,8567.85
2990,41,8483.72
2990,42,8604.18
2990,43,8427.86
2990,44,8366.16
2990,45,8498.13
2990,46,8532.49
2990,47,8618.24
2990,48,8679.38
2990,49,8408.02
2990,50,8457.7
2990,51,8617.62
2990,52,8635.67
2990,53,8559.39
2990,54,8345.74
2990,55,8445.86
2990,56,8511.88
2990,57,8426.2
2990,58,8354.08
2990,59,8645.84
2990,60,8553.48
2990,61,8358.56
2990,62,8522.53
2990,63,8569.54
2990,64,8532.62
2990,65,8306.07
2990,66,8436.96
2990,67,8332.32
2990,68,8433.03
2990,69,8618.95
2990,70,8419.93
2990,71,8478.89
2990,72,8604.05
2990,73,8467.94
2990,74,8599.17
2990,75,8599.63
2990,76,8444.84
2990,77,8598.63
2990,78,8494.32
2990,79,8521.53
2990,80,8576.42
2990,81,8455.73
2990,82,8438.35
2990,83,8483.56
2990,84,8378.18
2990,85,8393.32
2990,86,8468.67
2990,87,8551.86
2990,88,8547.94
2990,89,8399.73
2990,90,8306
2990,91,8494.94
2990,92,8296.03
2990,93,8486.43
2990,94,8433.66
2990,95,8488.04
2990,96,8414
2990,97,8616.41
2990,98,8575.28
2990,99,8569.68
