time,node_id,residual_energy
0,0,10000
0,1,10000
0,2,10000
0,3,10000
0,4,10000
0,5,10000
0,6,10000
0,7,10000
0,8,10000
0,9,10000
0,10,10000
0,11,10000
0,12,10000
0,13,10000
0,14,10000
0,15,10000
0,16,10000
0,17,10000
0,18,10000
0,19,10000
0,20,10000
0,21,10000
0,22,10000
0,23,10000
0,24,10000
0,25,10000
0,26,10000
0,27,10000
0,28,10000
0,29,10000
0,30,10000
0,31,10000
0,32,10000
0,33,10000
0,34,10000
0,35,10000
0,36,10000
0,37,10000
0,38,10000
0,39,10000
0,40,10000
0,41,10000
0,42,10000
0,43,10000
0,44,10000
0,45,10000
0,46,10000
0,47,10000
0,48,10000
0,49,10000
0,50,10000
0,51,10000
0,52,10000
0,53,10000
0,54,10000
0,55,10000
0,56,10000
0,57,10000
0,58,10000
0,59,10000
0,60,10000
0,61,10000
0,62,10000
0,63,10000
0,64,10000
0,65,10000
0,66,10000
0,67,10000
0,68,10000
0,69,10000
0,70,10000
0,71,10000
0,72,10000
0,73,10000
0,74,10000
0,75,10000
0,76,10000
0,77,10000
0,78,10000
0,79,10000
0,80,10000
0,81,10000
0,82,10000
0,83,10000
0,84,10000
0,85,10000
0,86,10000
0,87,10000
0,88,10000
0,89,10000
0,90,10000
0,91,10000
0,92,10000
0,93,10000
0,94,10000
0,95,10000
0,96,10000
0,97,10000
0,98,10000
0,99,10000
10,0,9999.73
10,1,9999.73
10,2,9999.73
10,3,9999.73
10,4,9999.73
10,5,9999.73
10,6,9999.73
10,7,9999.73
10,8,9999.73
10,9,9999.73
10,10,9999.73
10,11,9999.73
10,12,9999.73
10,13,9999.73
10,14,9999.73
10,15,9999.73
10,16,9999.73
10,17,9999.73
10,18,9999.73
10,19,9999.73
10,20,9999.73
10,21,9999.73
10,22,9999.73
10,23,9999.73
10,24,9999.73
10,25,9999.73
10,26,9999.73
10,27,9999.73
10,28,9999.73
10,29,9999.73
10,30,9999.73
10,31,9999.73
10,32,9999.73
10,33,9999.73
10,34,9999.73
10,35,9999.73
10,36,9999.73
10,37,9999.73
10,38,9999.73
10,39,9999.73
10,40,9999.73
10,41,9999.73
10,42,9999.73
10,43,9999.73
10,44,9999.73
10,45,9999.73
10,46,9999.73
10,47,9999.73
10,48,9999.73
10,49,9999.73
10,50,9999.73
10,51,9999.73
10,52,9999.73
10,53,9999.73
10,54,9999.73
10,55,9999.73
10,56,9999.73
10,57,9999.73
10,58,9999.73
10,59,9999.73
10,60,9999.73
10,61,9999.73
10,62,9999.73
10,63,9999.73
10,64,9999.73
10,65,9999.73
10,66,9999.73
10,67,9999.73
10,68,9999.73
10,69,9999.73
10,70,9999.73
10,71,9999.73
10,72,9999.73
10,73,9999.73
10,74,9999.73
10,75,9999.73
10,76,9999.73
10,77,9999.73
10,78,9999.73
10,79,9999.73
10,80,9999.73
10,81,9999.73
10,82,9999.73
10,83,9999.73
10,84,9999.73
10,85,9999.73
10,86,9999.73
10,87,9999.73
10,88,9999.73
10,89,9999.73
10,90,9999.73
10,91,9999.73
10,92,9999.73
10,93,9999.73
10,94,9999.73
10,95,9999.73
10,96,9999.73
10,97,9999.73
10,98,9999.73
10,99,9999.73
20,0,9999.43
20,1,9999.43
20,2,9999.43
20,3,9999.43
20,4,9999.43
20,5,9999.43
20,6,9999.43
20,7,9999.43
20,8,9999.43
20,9,9999.43
20,10,9999.43
20,11,9999.43
20,12,9999.43
20,13,9999.43
20,14,9999.43
20,15,9999.43
20,16,9999.43
20,17,9999.43
20,18,9999.43
20,19,9999.43
20,20,9999.43
20,21,9999.43
20,22,9999.43
20,23,9999.43
20,24,9999.43
20,25,9999.43
20,26,9999.43
20,27,9999.43
20,28,9999.43
20,29,9999.43
20,30,9999.43
20,31,9999.43
20,32,9999.43
20,33,9999.43
20,34,9999.43
20,35,9999.43
20,36,9999.43
20,37,9999.43
20,38,9999.43
20,39,9999.43
20,40,9999.43
20,41,9999.43
20,42,9999.43
20,43,9999.43
20,44,9999.43
20,45,9999.43
20,46,9999.43
20,47,9999.43
20,48,9999.43
20,49,9999.43
20,50,9999.43
20,51,9999.43
20,52,9999.43
20,53,9999.43
20,54,9999.43
20,55,9999.43
20,56,9999.43
20,57,9999.43
20,58,9999.43
20,59,9999.43
20,60,9999.43
20,61,9999.43
20,62,9999.43
20,63,9999.43
20,64,9999.43
20,65,9999.43
20,66,9999.43
20,67,9999.43
20,68,9999.43
20,69,9999.43
20,70,9999.43
20,71,9999.43
20,72,9999.43
20,73,9999.43
20,74,9999.43
20,75,9999.43
20,76,9999.43
20,77,9999.43
20,78,9999.43
20,79,9999.43
20,80,9999.43
20,81,9999.43
20,82,9999.43
20,83,9999.43
20,84,9999.43
20,85,9999.43
20,86,9999.43
20,87,9999.43
20,88,9999.43
20,89,9999.43
20,90,9999.43
20,91,9999.43
20,92,9999.43
20,93,9999.43
20,94,9999.43
20,95,9999.43
20,96,9999.43
20,97,9999.43
20,98,9999.43
20,99,9999.43
30,0,9999.13
30,1,9999.13
30,2,9999.13
30,3,9999.13
30,4,9999.13
30,5,9999.13
30,6,9999.13
30,7,9999.13
30,8,9999.13
30,9,9999.13
30,10,9999.13
30,11,9999.13
30,12,9999.13
30,13,9999.13
30,14,9999.13
30,15,9999.13
30,16,9999.13
30,17,9999.13
30,18,9999.13
30,19,9999.13
30,20,9999.13
30,21,9999.13
30,22,9999.13
30,23,9999.13
30,24,9999.13
30,25,9999.13
30,26,9999.13
30,27,9999.13
30,28,9999.13
30,29,9999.13
30,30,9999.13
30,31,9999.13
30,32,9999.13
30,33,9999.13
30,34,9999.13
30,35,9999.13
30,36,9999.13
30,37,9999.13
30,38,9999.13
30,39,9999.13
30,40,9999.13
30,41,9999.13
30,42,9999.13
30,43,9999.13
30,44,9999.13
30,45,9999.13
30,46,9999.13
30,47,9999.13
30,48,9999.13
30,49,9999.13
30,50,9999.13
30,51,9999.13
30,52,9999.13
30,53,9999.13
30,54,9999.13
30,55,9999.13
30,56,9999.13
30,57,9999.13
30,58,9999.13
30,59,9999.13
30,60,9999.13
30,61,9999.13
30,62,9999.13
30,63,9999.13
30,64,9999.13
30,65,9999.13
30,66,9999.13
30,67,9999.13
30,68,9999.13
30,69,9999.13
30,70,9999.13
30,71,9999.13
30,72,9999.13
30,73,9999.13
30,74,9999.13
30,75,9999.13
30,76,9999.13
30,77,9999.13
30,78,9999.13
30,79,9999.13
30,80,9999.13
30,81,9999.13
30,82,9999.13
30,83,9999.13
30,84,9999.13
30,85,9999.13
30,86,9999.13
30,87,9999.13
30,88,9999.13
30,89,9999.13
30,90,9999.13
30,91,9999.13
30,92,9999.13
30,93,9999.13
30,94,9999.13
30,95,9999.13
30,96,9999.13
30,97,9999.13
30,98,9999.13
30,99,9999.13
40,0,9988.73
40,1,9984.57
40,2,9986.46
40,3,9987.4
40,4,9986.95
40,5,9989.94
40,6,9985.23
40,7,9987.85
40,8,9986.08
40,9,9984.88
40,10,9989.48
40,11,9986.85
40,12,9984.45
40,13,9985.08
40,14,9986.71
40,15,9986.77
40,16,9987.57
40,17,9987.9
40,18,9987.99
40,19,9986.05
40,20,9988.06
40,21,9985.06
40,22,9988.46
40,23,9987.74
40,24,9987.32
40,25,9984.87
40,26,9985.23
40,27,9987.06
40,28,9985.64
40,29,9985.37
40,30,9986.87
40,31,9984.6
40,32,9984.93
40,33,9986.77
40,34,9986.47
40,35,9989.11
40,36,9987.12
40,37,9985.32
40,38,9986.25
40,39,9987.55
40,40,9987.95
40,41,9987.84
40,42,9985.3
40,43,9987.11
40,44,9987.45
40,45,9985.57
40,46,9987.52
40,47,9989.44
40,48,9985.22
40,49,9987.96
40,50,9984.42
40,51,9986.93
40,52,9980.24
40,53,9988.75
40,54,9989.2
40,55,9985.21
40,56,9985.22
40,57,9986.39
40,58,9984.25
40,59,9987.77
40,60,9984.58
40,61,9985.25
40,62,9987.79
40,63,9985.04
40,64,9988.68
40,65,9986.39
40,66,9986.64
40,67,9984.84
40,68,9984.98
40,69,9986.82
40,70,9988.14
40,71,9985.32
40,72,9987.1
40,73,9988.95
40,74,9987.45
40,75,9986.18
40,76,9987.05
40,77,9985.66
40,78,9989.58
40,79,9986.37
40,80,9986.89
40,81,9988.34
40,82,9989.77
40,83,9984.62
40,84,9989.65
40,85,9990.48
40,86,9988.01
40,87,9986.16
40,88,9989.4
40,89,9989.75
40,90,9986.18
40,91,9985.06
40,92,9982.99
40,93,9986
40,94,9988.57
40,95,9985.59
40,96,9986.1
40,97,9984.51
40,98,9984.11
40,99,9986.57
50,0,9988.43
50,1,9984.27
50,2,9986.16
50,3,9987.1
50,4,9986.65
50,5,9989.64
50,6,9984.93
50,7,9987.55
50,8,9985.78
50,9,9984.58
50,10,9989.18
50,11,9986.55
50,12,9984.15
50,13,9984.78
50,14,9986.41
50,15,9986.47
50,16,9987.27
50,17,9987.6
50,18,9987.69
50,19,9985.75
50,20,9987.76
50,21,9984.76
50,22,9988.16
50,23,9987.44
50,24,9987.02
50,25,9984.57
50,26,9984.93
50,27,9986.76
50,28,9985.34
50,29,9985.07
50,30,9986.57
50,31,9984.3
50,32,9984.63
50,33,9986.47
50,34,9986.17
50,35,9988.81
50,36,9986.82
50,37,9985.02
50,38,9985.95
50,39,9987.25
50,40,9987.65
50,41,9987.54
50,42,9985
50,43,9986.81
50,44,9987.15
50,45,9985.27
50,46,9987.22
50,47,9989.14
50,48,9984.92
50,49,9987.66
50,50,9984.12
50,51,9986.63
50,52,9979.94
50,53,9988.45
50,54,9988.9
50,55,9984.91
50,56,9984.92
50,57,9986.09
50,58,9983.95
50,59,9987.47
50,60,9984.28
50,61,9984.95
50,62,9987.49
50,63,9984.74
50,64,9988.38
50,65,9986.09
50,66,9986.34
50,67,9984.54
50,68,9984.68
50,69,9986.52
50,70,9987.84
50,71,9985.02
50,72,9986.8
50,73,9988.65
50,74,9987.15
50,75,9985.88
50,76,9986.75
50,77,9985.36
50,78,9989.28
50,79,9986.07
50,80,9986.59
50,81,9988.04
50,82,9989.47
50,83,9984.32
50,84,9989.35
50,85,9990.18
50,86,9987.71
50,87,9985.86
50,88,9989.1
50,89,9989.45
50,90,9985.88
50,91,9984.76
50,92,9982.69
50,93,9985.7
50,94,9988.27
50,95,9985.29
50,96,9985.8
50,97,9984.21
50,98,9983.81
50,99,9986.27
60,0,9988.13
60,1,9983.97
60,2,9985.86
60,3,9986.8
60,4,9986.35
60,5,9989.34
60,6,9984.63
60,7,9987.25
60,8,9985.48
60,9,9984.28
60,10,9988.88
60,11,9986.25
60,12,9983.85
60,13,9984.48
60,14,9986.11
60,15,9986.17
60,16,9986.97
60,17,9987.3
60,18,9987.39
60,19,9985.45
60,20,9987.46
60,21,9984.46
60,22,9987.86
60,23,9987.14
60,24,9986.72
60,25,9984.27
60,26,9984.63
60,27,9986.46
60,28,9985.04
60,29,9984.77
60,30,9986.27
60,31,9984
60,32,9984.33
60,33,9986.17
60,34,9985.87
60,35,9988.51
60,36,9986.52
60,37,9984.72
60,38,9985.65
60,39,9986.95
60,40,9987.35
60,41,9987.24
60,42,9984.7
60,43,9986.51
60,44,9986.85
60,45,9984.97
60,46,9986.92
60,47,9988.84
60,48,9984.62
60,49,9987.36
60,50,9983.82
60,51,9986.33
60,52,9979.64
60,53,9988.15
60,54,9988.6
60,55,9984.61
60,56,9984.62
60,57,9985.79
60,58,9983.65
60,59,9987.17
60,60,9983.98
60,61,9984.65
60,62,9987.19
60,63,9984.44
60,64,9988.08
60,65,9985.79
60,66,9986.04
60,67,9984.24
60,68,9984.38
60,69,9986.22
60,70,9987.54
60,71,9984.72
60,72,9986.5
60,73,9988.35
60,74,9986.85
60,75,9985.58
60,76,9986.45
60,77,9985.06
60,78,9988.98
60,79,9985.77
60,80,9986.29
60,81,9987.74
60,82,9989.17
60,83,9984.02
60,84,9989.05
60,85,9989.88
60,86,9987.41
60,87,9985.56
60,88,9988.8
60,89,9989.15
60,90,9985.58
60,91,9984.46
60,92,9982.39
60,93,9985.4
60,94,9987.97
60,95,9984.99
60,96,9985.5
60,97,9983.91
60,98,9983.51
60,99,9985.97
70,0,9977.69
70,1,9970.19
70,2,9972.95
70,3,9974.95
70,4,9975.45
70,5,9980.86
70,6,9970.39
70,7,9973.37
70,8,9972.07
70,9,9971.96
70,10,9979.05
70,11,9974.7
70,12,9973.38
70,13,9972.27
70,14,9975.06
70,15,9976.43
70,16,9976.02
70,17,9977.35
70,18,9974.53
70,19,9972.07
70,20,9977.31
70,21,9973.3
70,22,9976.15
70,23,9975.25
70,24,9975.67
70,25,9970.57
70,26,9973.7
70,27,9974.11
70,28,9972.22
70,29,9971.7
70,30,9976.48
70,31,9970.67
70,32,9972.8
70,33,9973.94
70,34,9973.27
70,35,9978.47
70,36,9973.2
70,37,9971.09
70,38,9972.65
70,39,9973.71
70,40,9976.66
70,41,9975.21
70,42,9970.27
70,43,9973.98
70,44,9974.77
70,45,9973.86
70,46,9976.01
70,47,9978.38
70,48,9971.77
70,49,9976.83
70,50,9969.09
70,51,9976.41
70,52,9965.64
70,53,9977.62
70,54,9978.8
70,55,9970.79
70,56,9972.76
70,57,9975.95
70,58,9969.48
70,59,9976.65
70,60,9969.78
70,61,9970.53
70,62,9974.53
70,63,9970.75
70,64,9976.4
70,65,9971.82
70,66,9974.52
70,67,9969.9
70,68,9971.27
70,69,9972.28
70,70,9977.69
70,71,9976.05
70,72,9974.85
70,73,9977.34
70,74,9973.84
70,75,9975.09
70,76,9975.86
70,77,9972.78
70,78,9981.27
70,79,9971.74
70,80,9975.02
70,81,9976.87
70,82,9979.95
70,83,9969.12
70,84,9978.96
70,85,9981.54
70,86,9975.2
70,87,9972.63
70,88,9979.97
70,89,9979.31
70,90,9973.8
70,91,9972.79
70,92,9968.17
70,93,9974.62
70,94,9979.5
70,95,9974.88
70,96,9974.9
70,97,9970.36
70,98,9972.32
70,99,9975.85
80,0,9977.39
80,1,9969.89
80,2,9972.65
80,3,9974.65
80,4,9975.15
80,5,9980.56
80,6,9970.09
80,7,9973.07
80,8,9971.77
80,9,9971.66
80,10,9978.75
80,11,9974.4
80,12,9973.08
80,13,9971.97
80,14,9974.76
80,15,9976.13
80,16,9975.72
80,17,9977.05
80,18,9974.23
80,19,9971.77
80,20,9977.01
80,21,9973
80,22,9975.85
80,23,9974.95
80,24,9975.37
80,25,9970.27
80,26,9973.4
80,27,9973.81
80,28,9971.92
80,29,9971.4
80,30,9976.18
80,31,9970.37
80,32,9972.5
80,33,9973.64
80,34,9972.97
80,35,9978.17
80,36,9972.9
80,37,9970.79
80,38,9972.35
80,39,9973.41
80,40,9976.36
80,41,9974.91
80,42,9969.97
80,43,9973.68
80,44,9974.47
80,45,9973.56
80,46,9975.71
80,47,9978.08
80,48,9971.47
80,49,9976.53
80,50,9968.79
80,51,9976.11
80,52,9965.34
80,53,9977.32
80,54,9978.5
80,55,9970.49
80,56,9972.46
80,57,9975.65
80,58,9969.18
80,59,9976.35
80,60,9969.48
80,61,9970.23
80,62,9974.23
80,63,9970.45
80,64,9976.1
80,65,9971.52
80,66,9974.22
80,67,9969.6
80,68,9970.97
80,69,9971.98
80,70,9977.39
80,71,9975.75
80,72,9974.55
80,73,9977.04
80,74,9973.54
80,75,9974.79
80,76,9975.56
80,77,9972.48
80,78,9980.97
80,79,9971.44
80,80,9974.72
80,81,9976.57
80,82,9979.65
80,83,9968.83
80,84,9978.66
80,85,9981.24
80,86,9974.9
80,87,9972.33
80,88,9979.67
80,89,9979.01
80,90,9973.5
80,91,9972.49
80,92,9967.87
80,93,9974.32
80,94,9979.2
80,95,9974.58
80,96,9974.6
80,97,9970.06
80,98,9972.02
80,99,9975.55
90,0,9977.09
90,1,9969.59
90,2,9972.35
90,3,9974.35
90,4,9974.85
90,5,9980.26
90,6,9969.79
90,7,9972.77
90,8,9971.47
90,9,9971.36
90,10,9978.45
90,11,9974.1
90,12,9972.78
90,13,9971.67
90,14,9974.46
90,15,9975.83
90,16,9975.42
90,17,9976.75
90,18,9973.93
90,19,9971.47
90,20,9976.71
90,21,9972.7
90,22,9975.55
90,23,9974.65
90,24,9975.07
90,25,9969.97
90,26,9973.1
90,27,9973.51
90,28,9971.62
90,29,9971.1
90,30,9975.88
90,31,9970.07
90,32,9972.2
90,33,9973.34
90,34,9972.67
90,35,9977.87
90,36,9972.6
90,37,9970.49
90,38,9972.05
90,39,9973.11
90,40,9976.06
90,41,9974.61
90,42,9969.67
90,43,9973.38
90,44,9974.17
90,45,9973.26
90,46,9975.41
90,47,9977.78
90,48,9971.17
90,49,9976.23
90,50,9968.49
90,51,9975.81
90,52,9965.04
90,53,9977.02
90,54,9978.2
90,55,9970.19
90,56,9972.16
90,57,9975.35
90,58,9968.88
90,59,9976.05
90,60,9969.18
90,61,9969.93
90,62,9973.93
90,63,9970.15
90,64,9975.8
90,65,9971.22
90,66,9973.92
90,67,9969.3
90,68,9970.67
90,69,9971.68
90,70,9977.09
90,71,9975.45
90,72,9974.25
90,73,9976.74
90,74,9973.24
90,75,9974.49
90,76,9975.26
90,77,9972.18
90,78,9980.67
90,79,9971.14
90,80,9974.42
90,81,9976.27
90,82,9979.35
90,83,9968.53
90,84,9978.36
90,85,9980.94
90,86,9974.6
90,87,9972.03
90,88,9979.37
90,89,9978.71
90,90,9973.2
90,91,9972.19
90,92,9967.57
90,93,9974.02
90,94,9978.9
90,95,9974.28
90,96,9974.3
90,97,9969.76
90,98,9971.72
90,99,9975.25
100,0,9966.26
100,1,9953.3
100,2,9958.76
100,3,9962.09
100,4,9960.95
100,5,9966.99
100,6,9954.28
100,7,9957.58
100,8,9956.76
100,9,9954.55
100,10,9964.84
100,11,9959.69
100,12,9958.15
100,13,9955.89
100,14,9960.33
100,15,9963.31
100,16,9963.41
100,17,9963.05
100,18,9956.83
100,19,9957.65
100,20,9964.64
100,21,9955.09
100,22,9963.2
100,23,9962.23
100,24,9960.97
100,25,9950.89
100,26,9958.47
100,27,9959.9
100,28,9955.53
100,29,9955.27
100,30,9959.22
100,31,9956.43
100,32,9956.15
100,33,9956.69
100,34,9959.17
100,35,9965.2
100,36,9954.94
100,37,9956.03
100,38,9957.78
100,39,9956.81
100,40,9963.3
100,41,9959.14
100,42,9950.11
100,43,9961.2
100,44,9957.78
100,45,9956.59
100,46,9961.08
100,47,9965.32
100,48,9954.78
100,49,9962.57
100,50,9952.48
100,51,9959.56
100,52,9947.65
100,53,9964
100,54,9967.43
100,55,9955.65
100,56,9958.45
100,57,9961.7
100,58,9954.1
100,59,9964.31
100,60,9950.45
100,61,9955.27
100,62,9957.78
100,63,9953.53
100,64,9960.35
100,65,9952.93
100,66,9960.64
100,67,9953.64
100,68,9953.29
100,69,9953.47
100,70,9965.41
100,71,9962.19
100,72,9958.05
100,73,9965.63
100,74,9957.83
100,75,9958.69
100,76,9958.69
100,77,9955.67
100,78,9970.76
100,79,9958.57
100,80,9964
100,81,9963.49
100,82,9967.81
100,83,9952.31
100,84,9965.1
100,85,9968.85
100,86,9958.72
100,87,9958.26
100,88,9965.56
100,89,9964.64
100,90,9960.34
100,91,9954.98
100,92,9949.24
100,93,9960.3
100,94,9967.36
100,95,9960.67
100,96,9962.11
100,97,9951.99
100,98,9956.7
100,99,9963.46
110,0,9965.96
110,1,9953.01
110,2,9958.47
110,3,9961.79
110,4,9960.66
110,5,9966.69
110,6,9954
110,7,9957.3
110,8,9956.47
110,9,9954.29
110,10,9964.55
110,11,9959.39
110,12,9957.85
110,13,9955.61
110,14,9960.03
110,15,9963.01
110,16,9963.11
110,17,9962.75
110,18,9956.56
110,19,9957.36
110,20,9964.34
110,21,9954.85
110,22,9962.9
110,23,9961.93
110,24,9960.68
110,25,9950.64
110,26,9958.17
110,27,9959.6
110,28,9955.26
110,29,9955
110,30,9958.92
110,31,9956.13
110,32,9955.87
110,33,9956.42
110,34,9958.87
110,35,9964.9
110,36,9954.68
110,37,9955.75
110,38,9957.49
110,39,9956.55
110,40,9963
110,41,9958.86
110,42,9949.87
110,43,9960.9
110,44,9957.49
110,45,9956.31
110,46,9960.79
110,47,9965.02
110,48,9954.51
110,49,9962.27
110,50,9952.21
110,51,9959.26
110,52,9947.37
110,53,9963.7
110,54,9967.13
110,55,9955.37
110,56,9958.15
110,57,9961.43
110,58,9953.83
110,59,9964.01
110,60,9950.2
110,61,9954.99
110,62,9957.51
110,63,9953.27
110,64,9960.07
110,65,9952.68
110,66,9960.34
110,67,9953.36
110,68,9953.03
110,69,9953.21
110,70,9965.11
110,71,9961.9
110,72,9957.77
110,73,9965.33
110,74,9957.54
110,75,9958.41
110,76,9958.41
110,77,9955.4
110,78,9970.46
110,79,9958.28
110,80,9963.7
110,81,9963.19
110,82,9967.51
110,83,9952.04
110,84,9964.8
110,85,9968.55
110,86,9958.45
110,87,9957.96
110,88,9965.26
110,89,9964.36
110,90,9960.04
110,91,9954.72
110,92,9948.98
110,93,9960
110,94,9967.06
110,95,9960.37
110,96,9961.81
110,97,9951.74
110,98,9956.41
110,99,9963.16
120,0,9965.66
120,1,9952.71
120,2,9958.17
120,3,9961.49
120,4,9960.36
120,5,9966.39
120,6,9953.7
120,7,9957
120,8,9956.17
120,9,9953.99
120,10,9964.25
120,11,9959.09
120,12,9957.55
120,13,9955.31
120,14,9959.73
120,15,9962.71
120,16,9962.81
120,17,9962.45
120,18,9956.26
120,19,9957.06
120,20,9964.04
120,21,9954.55
120,22,9962.6
120,23,9961.63
120,24,9960.38
120,25,9950.34
120,26,9957.87
120,27,9959.3
120,28,9954.96
120,29,9954.7
120,30,9958.62
120,31,9955.83
120,32,9955.57
120,33,9956.12
120,34,9958.57
120,35,9964.6
120,36,9954.38
120,37,9955.45
120,38,9957.19
120,39,9956.25
120,40,9962.7
120,41,9958.56
120,42,9949.57
120,43,9960.6
120,44,9957.19
120,45,9956.01
120,46,9960.49
120,47,9964.72
120,48,9954.21
120,49,9961.97
120,50,9951.91
120,51,9958.96
120,52,9947.07
120,53,9963.4
120,54,9966.83
120,55,9955.07
120,56,9957.85
120,57,9961.13
120,58,9953.53
120,59,9963.71
120,60,9949.9
120,61,9954.69
120,62,9957.21
120,63,9952.97
120,64,9959.77
120,65,9952.38
120,66,9960.04
120,67,9953.06
120,68,9952.73
120,69,9952.91
120,70,9964.81
120,71,9961.6
120,72,9957.47
120,73,9965.03
120,74,9957.24
120,75,9958.11
120,76,9958.11
120,77,9955.1
120,78,9970.16
120,79,9957.98
120,80,9963.4
120,81,9962.89
120,82,9967.21
120,83,9951.74
120,84,9964.5
120,85,9968.25
120,86,9958.15
120,87,9957.66
120,88,9964.96
120,89,9964.06
120,90,9959.74
120,91,9954.42
120,92,9948.68
120,93,9959.7
120,94,9966.76
120,95,9960.07
120,96,9961.51
120,97,9951.44
120,98,9956.11
120,99,9962.86
130,0,9953.95
130,1,9937.27
130,2,9945.11
130,3,9948.26
130,4,9945.04
130,5,9953.51
130,6,9938.47
130,7,9942.03
130,8,9938.5
130,9,9936.87
130,10,9950.28
130,11,9945.55
130,12,9939.77
130,13,9938.95
130,14,9943.28
130,15,9949.35
130,16,9947.78
130,17,9948.79
130,18,9941.1
130,19,9943.77
130,20,9949.63
130,21,9937.38
130,22,9950.18
130,23,9947.28
130,24,9945.74
130,25,9933.76
130,26,9944.18
130,27,9943.94
130,28,9939.27
130,29,9938.73
130,30,9941.8
130,31,9941.37
130,32,9938.99
130,33,9937.88
130,34,9943.51
130,35,9950.18
130,36,9935.43
130,37,9942.29
130,38,9941.85
130,39,9939.38
130,40,9947.31
130,41,9943.07
130,42,9933.09
130,43,9945.88
130,44,9941.57
130,45,9939.53
130,46,9945.82
130,47,9951.39
130,48,9939.39
130,49,9946.29
130,50,9936.18
130,51,9944.34
130,52,9929.91
130,53,9949.2
130,54,9953.84
130,55,9939.23
130,56,9944.76
130,57,9947.56
130,58,9938.05
130,59,9949.48
130,60,9934.16
130,61,9937.55
130,62,9943.86
130,63,9936.65
130,64,9942.46
130,65,9937.74
130,66,9944.64
130,67,9935.72
130,68,9935.35
130,69,9935.58
130,70,9951.46
130,71,9946.67
130,72,9940.45
130,73,9953.3
130,74,9941.84
130,75,9942.82
130,76,9940.44
130,77,9937.41
130,78,9957.8
130,79,9942.58
130,80,9951.03
130,81,9947.69
130,82,9954.23
130,83,9937.06
130,84,9951.78
130,85,9954.21
130,86,9940.38
130,87,9942.81
130,88,9951.51
130,89,9950.76
130,90,9944.78
130,91,9939.59
130,92,9930.43
130,93,9943.64
130,94,9955.4
130,95,9944.4
130,96,9946.95
130,97,9935.58
130,98,9940
130,99,9948.77
140,0,9953.65
140,1,9936.99
140,2,9944.83
140,3,9947.97
140,4,9944.77
140,5,9953.22
140,6,9938.2
140,7,9941.77
140,8,9938.26
140,9,9936.61
140,10,9950
140,11,9945.27
140,12,9939.5
140,13,9938.68
140,14,9943.02
140,15,9949.06
140,16,9947.51
140,17,9948.5
140,18,9940.83
140,19,9943.49
140,20,9949.35
140,21,9937.15
140,22,9949.89
140,23,9947
140,24,9945.46
140,25,9933.5
140,26,9943.9
140,27,9943.68
140,28,9939.01
140,29,9938.47
140,30,9941.53
140,31,9941.1
140,32,9938.73
140,33,9937.64
140,34,9943.24
140,35,9949.9
140,36,9935.2
140,37,9942.01
140,38,9941.59
140,39,9939.14
140,40,9947.04
140,41,9942.79
140,42,9932.83
140,43,9945.6
140,44,9941.3
140,45,9939.28
140,46,9945.55
140,47,9951.1
140,48,9939.11
140,49,9946.03
140,50,9935.91
140,51,9944.04
140,52,9929.64
140,53,9948.93
140,54,9953.55
140,55,9938.98
140,56,9944.47
140,57,9947.3
140,58,9937.8
140,59,9949.2
140,60,9933.89
140,61,9937.3
140,62,9943.57
140,63,9936.4
140,64,9942.21
140,65,9932
140,66,9944.37
140,67,9935.48
140,68,9935.1
140,69,9935.34
140,70,9951.17
140,71,9946.38
140,72,9940.2
140,73,9953
140,74,9941.56
140,75,9942.55
140,76,9940.19
140,77,9937.18
140,78,9957.51
140,79,9942.32
140,80,9950.73
140,81,9947.43
140,82,9953.94
140,83,9936.79
140,84,9951.49
140,85,9953.91
140,86,9940.15
140,87,9942.54
140,88,9951.22
140,89,9950.48
140,90,9944.51
140,91,9939.32
140,92,9930.18
140,93,9943.35
140,94,9955.1
140,95,9944.14
140,96,9946.67
140,97,9935.32
140,98,9939.73
140,99,9948.48
150,0,9953.35
150,1,9936.69
150,2,9944.53
150,3,9947.67
150,4,9944.47
150,5,9952.92
150,6,9937.9
150,7,9941.47
150,8,9937.96
150,9,9936.31
150,10,9949.7
150,11,9944.97
150,12,9939.2
150,13,9938.38
150,14,9942.72
150,15,9948.76
150,16,9947.21
150,17,9948.2
150,18,9940.53
150,19,9943.19
150,20,9949.05
150,21,9936.85
150,22,9949.59
150,23,9946.7
150,24,9945.16
150,25,9933.2
150,26,9943.6
150,27,9943.38
150,28,9938.71
150,29,9938.17
150,30,9941.23
150,31,9940.8
150,32,9938.43
150,33,9937.34
150,34,9942.94
150,35,9949.6
150,36,9934.9
150,37,9941.71
150,38,9941.29
150,39,9938.84
150,40,9946.74
150,41,9942.49
150,42,9932.53
150,43,9945.3
150,44,9941
150,45,9938.98
150,46,9945.25
150,47,9950.8
150,48,9938.81
150,49,9945.73
150,50,9935.61
150,51,9943.74
150,52,9929.34
150,53,9948.63
150,54,9953.25
150,55,9938.68
150,56,9944.17
150,57,9947
150,58,9937.5
150,59,9948.9
150,60,9933.59
150,61,9937
150,62,9943.27
150,63,9936.1
150,64,9941.91
150,65,9931.7
150,66,9944.07
150,67,9935.18
150,68,9934.8
150,69,9935.04
150,70,9950.87
150,71,9946.08
150,72,9939.9
150,73,9952.7
150,74,9941.26
150,75,9942.25
150,76,9939.89
150,77,9936.88
150,78,9957.21
150,79,9942.02
150,80,9950.43
150,81,9947.13
150,82,9953.64
150,83,9936.49
150,84,9951.19
150,85,9953.61
150,86,9939.85
150,87,9942.24
150,88,9950.92
150,89,9950.18
150,90,9944.21
150,91,9939.02
150,92,9929.88
150,93,9943.05
150,94,9954.8
150,95,9943.84
150,96,9946.37
150,97,9935.02
150,98,9939.43
150,99,9948.18
160,0,9944.07
160,1,9922.36
160,2,9931.22
160,3,9936.54
160,4,9932.08
160,5,9943.21
160,6,9922.5
160,7,9927.15
160,8,9922.74
160,9,9922.08
160,10,9939.39
160,11,9930.97
160,12,9925.32
160,13,9923.38
160,14,9929.63
160,15,9935.14
160,16,9935.55
160,17,9937.32
160,18,9925.85
160,19,9931.55
160,20,9938.28
160,21,9924.56
160,22,9938.09
160,23,9935.64
160,24,9932.21
160,25,9919.44
160,26,9929.31
160,27,9932.23
160,28,9923.2
160,29,9926.27
160,30,9927.73
160,31,9930.62
160,32,9924.59
160,33,9920.84
160,34,9929.77
160,35,9938.39
160,36,9919.28
160,37,9930.41
160,38,9928.88
160,39,9922.16
160,40,9934.3
160,41,9928.5
160,42,9918.74
160,43,9932.51
160,44,9928.44
160,45,9924.92
160,46,9932.42
160,47,9940.7
160,48,9924.09
160,49,9931
160,50,9922.2
160,51,9933.51
160,52,9913.27
160,53,9936.75
160,54,9943.98
160,55,9924.73
160,56,9933.51
160,57,9933.74
160,58,9924.42
160,59,9938.51
160,60,9916.51
160,61,9924.44
160,62,9931.42
160,63,9924.4
160,64,9927.47
160,65,9916.64
160,66,9933.63
160,67,9921.87
160,68,9920.9
160,69,9917.99
160,70,9940.41
160,71,9933.32
160,72,9928.19
160,73,9943.15
160,74,9925.99
160,75,9929.62
160,76,9926.71
160,77,9923.72
160,78,9946.85
160,79,9929.21
160,80,9940.88
160,81,9934.65
160,82,9943.16
160,83,9919.49
160,84,9941.43
160,85,9940.79
160,86,9924.67
160,87,9930.8
160,88,9941.23
160,89,9938.69
160,90,9930.93
160,91,9924.77
160,92,9913.02
160,93,9929.4
160,94,9944.84
160,95,9931.07
160,96,9934.24
160,97,9919.6
160,98,9927.13
160,99,9934.48
170,0,9943.77
170,1,9922.08
170,2,9930.96
170,3,9936.26
170,4,9931.8
170,5,9942.91
170,6,9922.25
170,7,9926.9
170,8,9922.48
170,9,9921.81
170,10,9939.1
170,11,9930.71
170,12,9925.03
170,13,9923.12
170,14,9929.34
170,15,9934.87
170,16,9935.26
170,17,9937.02
170,18,9925.6
170,19,9931.27
170,20,9937.98
170,21,9924.29
170,22,9937.8
170,23,9935.34
170,24,9931.93
170,25,9919.16
170,26,9929.04
170,27,9931.94
170,28,9922.96
170,29,9925.99
170,30,9927.43
170,31,9930.32
170,32,9924.31
170,33,9920.6
170,34,9929.51
170,35,9938.09
170,36,9919.04
170,37,9930.13
170,38,9928.6
170,39,9921.94
170,40,9934.02
170,41,9928.23
170,42,9918.46
170,43,9932.23
170,44,9928.15
170,45,9924.66
170,46,9932.14
170,47,9940.4
170,48,9923.83
170,49,9930.73
170,50,9921.93
170,51,9933.21
170,52,9913
170,53,9936.46
170,54,9943.68
170,55,9924.48
170,56,9933.21
170,57,9933.48
170,58,9924.16
170,59,9938.21
170,60,9916.28
170,61,9924.16
170,62,9931.13
170,63,9924.12
170,64,9927.2
170,65,9916.4
170,66,9933.33
170,67,9921.6
170,68,9920.64
170,69,9917.75
170,70,9940.11
170,71,9933.02
170,72,9927.9
170,73,9942.85
170,74,9925.73
170,75,9929.35
170,76,9926.43
170,77,9923.46
170,78,9946.55
170,79,9928.94
170,80,9940.58
170,81,9934.37
170,82,9942.86
170,83,9919.26
170,84,9941.13
170,85,9940.49
170,86,9924.42
170,87,9930.52
170,88,9940.93
170,89,9938.41
170,90,9930.66
170,91,9924.52
170,92,9912.77
170,93,9929.1
170,94,9944.54
170,95,9930.79
170,96,9933.96
170,97,9919.35
170,98,9926.85
170,99,9934.19
180,0,9943.47
180,1,9921.78
180,2,9930.66
180,3,9935.96
180,4,9931.5
180,5,9942.61
180,6,9921.95
180,7,9926.6
180,8,9922.18
180,9,9921.51
180,10,9938.8
180,11,9930.41
180,12,9924.73
180,13,9922.82
180,14,9929.04
180,15,9934.57
180,16,9934.96
180,17,9936.72
180,18,9925.3
180,19,9930.97
180,20,9937.68
180,21,9923.99
180,22,9937.5
180,23,9935.04
180,24,9931.63
180,25,9918.86
180,26,9928.74
180,27,9931.64
180,28,9922.66
180,29,9925.69
180,30,9927.13
180,31,9930.02
180,32,9924.01
180,33,9920.3
180,34,9929.21
180,35,9937.79
180,36,9918.74
180,37,9929.83
180,38,9928.3
180,39,9921.64
180,40,9933.72
180,41,9927.93
180,42,9918.16
180,43,9931.93
180,44,9927.85
180,45,9924.36
180,46,9931.84
180,47,9940.1
180,48,9923.53
180,49,9930.43
180,50,9921.63
180,51,9932.91
180,52,9912.7
180,53,9936.16
180,54,9943.38
180,55,9924.18
180,56,9932.91
180,57,9933.18
180,58,9923.86
180,59,9937.91
180,60,9915.98
180,61,9923.86
180,62,9930.83
180,63,9923.82
180,64,9926.9
180,65,9916.1
180,66,9933.03
180,67,9921.3
180,68,9920.34
180,69,9917.45
180,70,9939.81
180,71,9932.72
180,72,9927.6
180,73,9942.55
180,74,9925.43
180,75,9929.05
180,76,9926.13
180,77,9923.16
180,78,9946.25
180,79,9928.64
180,80,9940.28
180,81,9934.07
180,82,9942.56
180,83,9918.96
180,84,9940.83
180,85,9940.19
180,86,9924.12
180,87,9930.22
180,88,9940.63
180,89,9938.11
180,90,9930.36
180,91,9924.22
180,92,9912.47
180,93,9928.8
180,94,9944.24
180,95,9930.49
180,96,9933.66
180,97,9919.05
180,98,9926.55
180,99,9933.89
190,0,9932.08
190,1,9904.61
190,2,9914.96
190,3,9922.39
190,4,9919.32
190,5,9929.86
190,6,9907.05
190,7,9911.61
190,8,9905.78
190,9,9908.11
190,10,9925.38
190,11,9916.41
190,12,9907.21
190,13,9908.67
190,14,9914
190,15,9920.66
190,16,9922.27
190,17,9925.56
190,18,9908.94
190,19,9916.94
190,20,9924.49
190,21,9909.09
190,22,9925.07
190,23,9923.23
190,24,9918.83
190,25,9901.85
190,26,9913.8
190,27,9918.82
190,28,9907.51
190,29,9909.96
190,30,9912.41
190,31,9915.06
190,32,9909.99
190,33,9906.94
190,34,9914.67
190,35,9926.18
190,36,9903.18
190,37,9914.19
190,38,9913.52
190,39,9907.26
190,40,9921.05
190,41,9915.09
190,42,9901.26
190,43,9918.34
190,44,9914.79
190,45,9909.4
190,46,9919.56
190,47,9928.5
190,48,9909.03
190,49,9917.16
190,50,9906.48
190,51,9915.16
190,52,9897.24
190,53,9924.37
190,54,9933.03
190,55,9909.28
190,56,9918.41
190,57,9920.07
190,58,9909.57
190,59,9925.1
190,60,9899.59
190,61,9909.62
190,62,9917.47
190,63,9908.16
190,64,9912.57
190,65,9901.1
190,66,9919.31
190,67,9906.14
190,68,9906.09
190,69,9900.21
190,70,9927.21
190,71,9919.74
190,72,9910.83
190,73,9931.21
190,74,9911.46
190,75,9914.91
190,76,9911.45
190,77,9909.65
190,78,9935.53
190,79,9913.66
190,80,9930.66
190,81,9920.03
190,82,9931.77
190,83,9903.21
190,84,9925.9
190,85,9929.59
190,86,9911.17
190,87,9915.92
190,88,9927.97
190,89,9927.1
190,90,9917.61
190,91,9907.84
190,92,9896.71
190,93,9916.51
190,94,9931.82
190,95,9917.51
190,96,9922.6
190,97,9904.52
190,98,9913.25
190,99,9921.2
200,0,9931.8
200,1,9904.34
200,2,9914.74
200,3,9922.13
200,4,9919.04
200,5,9929.59
200,6,9906.81
200,7,9911.38
200,8,9905.55
200,9,9907.84
200,10,9925.12
200,11,9916.15
200,12,9906.97
200,13,9908.41
200,14,9913.76
200,15,9920.4
200,16,9922
200,17,9925.27
200,18,9908.71
200,19,9916.69
200,20,9924.23
200,21,9907.64
200,22,9924.8
200,23,9922.95
200,24,9918.56
200,25,9901.62
200,26,9913.54
200,27,9918.56
200,28,9907.27
200,29,9909.73
200,30,9912.14
200,31,9914.83
200,32,9909.73
200,33,9906.68
200,34,9914.43
200,35,9925.9
200,36,9902.94
200,37,9913.97
200,38,9913.28
200,39,9905.68
200,40,9920.78
200,41,9914.82
200,42,9901.03
200,43,9918.08
200,44,9914.54
200,45,9909.16
200,46,9919.29
200,47,9928.22
200,48,9908.78
200,49,9916.89
200,50,9906.24
200,51,9914.88
200,52,9896.98
200,53,9924.09
200,54,9932.74
200,55,9909.04
200,56,9918.16
200,57,9919.83
200,58,9907.23
200,59,9924.83
200,60,9899.36
200,61,9909.37
200,62,9917.21
200,63,9907.93
200,64,9912.32
200,65,9899.74
200,66,9919.05
200,67,9905.9
200,68,9905.84
200,69,9899.98
200,70,9926.93
200,71,9919.46
200,72,9910.6
200,73,9930.92
200,74,9911.2
200,75,9914.66
200,76,9911.2
200,77,9909.39
200,78,9935.25
200,79,9913.43
200,80,9930.36
200,81,9919.79
200,82,9931.49
200,83,9902.99
200,84,9925.62
200,85,9929.29
200,86,9910.91
200,87,9915.67
200,88,9927.7
200,89,9926.83
200,90,9917.33
200,91,9907.61
200,92,9896.46
200,93,9916.23
200,94,9931.54
200,95,9917.24
200,96,9922.32
200,97,9904.27
200,98,9912.98
200,99,9920.92
210,0,9931.5
210,1,9904.04
210,2,9914.44
210,3,9921.83
210,4,9918.74
210,5,9929.29
210,6,9906.51
210,7,9911.08
210,8,9905.25
210,9,9907.54
210,10,9924.82
210,11,9915.85
210,12,9906.67
210,13,9908.11
210,14,9913.46
210,15,9920.1
210,16,9921.7
210,17,9924.97
210,18,9908.41
210,19,9916.39
210,20,9923.93
210,21,9907.34
210,22,9924.5
210,23,9922.65
210,24,9918.26
210,25,9901.32
210,26,9913.24
210,27,9918.26
210,28,9906.97
210,29,9909.43
210,30,9911.84
210,31,9914.53
210,32,9909.43
210,33,9906.38
210,34,9914.13
210,35,9925.6
210,36,9902.64
210,37,9913.67
210,38,9912.98
210,39,9905.38
210,40,9920.48
210,41,9914.52
210,42,9900.73
210,43,9917.78
210,44,9914.24
210,45,9908.86
210,46,9918.99
210,47,9927.92
210,48,9908.48
210,49,9916.59
210,50,9905.94
210,51,9914.58
210,52,9896.68
210,53,9923.79
210,54,9932.44
210,55,9908.74
210,56,9917.86
210,57,9919.53
210,58,9906.93
210,59,9924.53
210,60,9899.06
210,61,9909.07
210,62,9916.91
210,63,9907.63
210,64,9912.02
210,65,9899.44
210,66,9918.75
210,67,9905.6
210,68,9905.54
210,69,9899.68
210,70,9926.63
210,71,9919.16
210,72,9910.3
210,73,9930.62
210,74,9910.9
210,75,9914.36
210,76,9910.9
210,77,9909.09
210,78,9934.95
210,79,9913.13
210,80,9930.06
210,81,9919.49
210,82,9931.19
210,83,9902.69
210,84,9925.32
210,85,9928.99
210,86,9910.61
210,87,9915.37
210,88,9927.4
210,89,9926.53
210,90,9917.03
210,91,9907.31
210,92,9896.16
210,93,9915.93
210,94,9931.24
210,95,9916.94
210,96,9922.02
210,97,9903.97
210,98,9912.68
210,99,9920.62
220,0,9920.26
220,1,9891.15
220,2,9901.85
220,3,9909.43
220,4,9905.31
220,5,9917.82
220,6,9891.39
220,7,9897.19
220,8,9891.92
220,9,9892.5
220,10,9909.32
220,11,9902.54
220,12,9892.91
220,13,9894.73
220,14,9899.62
220,15,9907.8
220,16,9908.93
220,17,9912.04
220,18,9892.98
220,19,9901.45
220,20,9911.48
220,21,9893.73
220,22,9911.88
220,23,9910.09
220,24,9904.06
220,25,9886.85
220,26,9899.97
220,27,9904.55
220,28,9892.37
220,29,9894.77
220,30,9899.53
220,31,9900.77
220,32,9895.64
220,33,9894.26
220,34,9899.82
220,35,9913.23
220,36,9887.07
220,37,9899.5
220,38,9901.63
220,39,9892.08
220,40,9907.93
220,41,9901.38
220,42,9887.19
220,43,9904.47
220,44,9901.55
220,45,9893.75
220,46,9905.12
220,47,9916.82
220,48,9893.65
220,49,9902.84
220,50,9890.89
220,51,9896.51
220,52,9883.39
220,53,9912.3
220,54,9921.1
220,55,9895.76
220,56,9905.04
220,57,9907.54
220,58,9892.97
220,59,9912.44
220,60,9887.03
220,61,9893.78
220,62,9903.57
220,63,9894.53
220,64,9897.34
220,65,9885.79
220,66,9906.04
220,67,9890.83
220,68,9890.42
220,69,9883.38
220,70,9915.06
220,71,9908.32
220,72,9898.52
220,73,9919.42
220,74,9895.76
220,75,9900.19
220,76,9895.58
220,77,9894.51
220,78,9923.92
220,79,9899.15
220,80,9918.29
220,81,9908.44
220,82,9919.53
220,83,9888.85
220,84,9913.57
220,85,9915.6
220,86,9896.36
220,87,9901.24
220,88,9916.06
220,89,9915.18
220,90,9903.52
220,91,9893.97
220,92,9880.81
220,93,9904.36
220,94,9917.15
220,95,9903.22
220,96,9908.56
220,97,9890.4
220,98,9900.97
220,99,9906.73
230,0,9919.98
230,1,9887.67
230,2,9899.5
230,3,9909.18
230,4,9905.06
230,5,9917.57
230,6,9891.16
230,7,9896.96
230,8,9891.67
230,9,9892.26
230,10,9909.07
230,11,9902.29
230,12,9892.66
230,13,9892.45
230,14,9899.37
230,15,9907.55
230,16,9908.68
230,17,9911.79
230,18,9892.75
230,19,9901.23
230,20,9911.22
230,21,9891.59
230,22,9911.64
230,23,9909.83
230,24,9903.82
230,25,9886.6
230,26,9899.71
230,27,9904.31
230,28,9892.14
230,29,9894.55
230,30,9899.26
230,31,9900.54
230,32,9895.39
230,33,9889.82
230,34,9899.59
230,35,9912.97
230,36,9886.85
230,37,9899.27
230,38,9897.91
230,39,9889.82
230,40,9907.67
230,41,9901.13
230,42,9882.04
230,43,9904.22
230,44,9901.29
230,45,9893.52
230,46,9904.87
230,47,9916.54
230,48,9893.42
230,49,9902.59
230,50,9889.91
230,51,9896.22
230,52,9879.88
230,53,9912.03
230,54,9920.84
230,55,9893.84
230,56,9904.79
230,57,9907.29
230,58,9888.93
230,59,9912.18
230,60,9882.05
230,61,9893.56
230,62,9903.33
230,63,9892.19
230,64,9897.1
230,65,9883.19
230,66,9905.78
230,67,9889.91
230,68,9890.2
230,69,9883.16
230,70,9914.78
230,71,9908.05
230,72,9894.3
230,73,9919.15
230,74,9895.52
230,75,9899.95
230,76,9895.35
230,77,9893.04
230,78,9923.65
230,79,9897.54
230,80,9918.03
230,81,9908.18
230,82,9919.27
230,83,9886.43
230,84,9913.31
230,85,9915.34
230,86,9896.12
230,87,9901.01
230,88,9915.81
230,89,9914.93
230,90,9903.27
230,91,9891.72
230,92,9880.58
230,93,9904.09
230,94,9916.88
230,95,9902.98
230,96,9908.31
230,97,9888.22
230,98,9897.06
230,99,9906.47
240,0,9919.68
240,1,9887.37
240,2,9899.2
240,3,9908.88
240,4,9904.76
240,5,9917.27
240,6,9890.86
240,7,9896.66
240,8,9891.37
240,9,9891.96
240,10,9908.77
240,11,9901.99
240,12,9892.36
240,13,9892.15
240,14,9899.07
240,15,9907.25
240,16,9908.38
240,17,9911.49
240,18,9892.45
240,19,9900.93
240,20,9910.92
240,21,9891.29
240,22,9911.34
240,23,9909.53
240,24,9903.52
240,25,9886.3
240,26,9899.41
240,27,9904.01
240,28,9891.84
240,29,9894.25
240,30,9898.96
240,31,9900.24
240,32,9895.09
240,33,9889.52
240,34,9899.29
240,35,9912.67
240,36,9886.55
240,37,9898.97
240,38,9897.61
240,39,9889.52
240,40,9907.37
240,41,9900.83
240,42,9881.74
240,43,9903.92
240,44,9900.99
240,45,9893.22
240,46,9904.57
240,47,9916.24
240,48,9893.12
240,49,9902.29
240,50,9889.61
240,51,9895.92
240,52,9879.58
240,53,9911.73
240,54,9920.54
240,55,9893.54
240,56,9904.49
240,57,9906.99
240,58,9888.63
240,59,9911.88
240,60,9881.75
240,61,9893.26
240,62,9903.03
240,63,9891.89
240,64,9896.8
240,65,9882.89
240,66,9905.48
240,67,9889.61
240,68,9889.9
240,69,9882.86
240,70,9914.48
240,71,9907.75
240,72,9894
240,73,9918.85
240,74,9895.22
240,75,9899.65
240,76,9895.05
240,77,9892.74
240,78,9923.35
240,79,9897.24
240,80,9917.73
240,81,9907.88
240,82,9918.97
240,83,9886.13
240,84,9913.01
240,85,9915.04
240,86,9895.82
240,87,9900.71
240,88,9915.51
240,89,9914.63
240,90,9902.97
240,91,9891.42
240,92,9880.28
240,93,9903.79
240,94,9916.58
240,95,9902.68
240,96,9908.01
240,97,9887.92
240,98,9896.76
240,99,9906.17
250,0,9909.23
250,1,9874.63
250,2,9885.46
250,3,9896.81
250,4,9893.5
250,5,9907.84
250,6,9877.24
250,7,9884.06
250,8,9878.68
250,9,9878.23
250,10,9896.71
250,11,9889.83
250,12,9879.34
250,13,9879.56
250,14,9886.24
250,15,9896.46
250,16,9897.36
250,17,9901.69
250,18,9879.04
250,19,9887.42
250,20,9899.36
250,21,9878.34
250,22,9899.57
250,23,9897.95
250,24,9892.79
250,25,9871.61
250,26,9887.84
250,27,9891.78
250,28,9878.35
250,29,9880.82
250,30,9888.41
250,31,9886.82
250,32,9883.79
250,33,9876.24
250,34,9885.41
250,35,9901.26
250,36,9872.77
250,37,9885.17
250,38,9884.87
250,39,9876.37
250,40,9895.91
250,41,9888.23
250,42,9867.43
250,43,9892.47
250,44,9890.55
250,45,9879.87
250,46,9892.62
250,47,9906.14
250,48,9880.04
250,49,9890.45
250,50,9876.1
250,51,9881.13
250,52,9867.75
250,53,9899.57
250,54,9908.37
250,55,9879.39
250,56,9893.54
250,57,9896.26
250,58,9875.62
250,59,9901
250,60,9867.37
250,61,9879.25
250,62,9890.23
250,63,9878.9
250,64,9884.67
250,65,9870.19
250,66,9894.36
250,67,9875.86
250,68,9876.15
250,69,9868.86
250,70,9905.15
250,71,9896.57
250,72,9880.34
250,73,9907.8
250,74,9883.42
250,75,9887.24
250,76,9882.1
250,77,9879.56
250,78,9914.02
250,79,9883.76
250,80,9908.64
250,81,9897.68
250,82,9909.41
250,83,9872.5
250,84,9901.28
250,85,9903.31
250,86,9882.51
250,87,9887.04
250,88,9905.91
250,89,9904.87
250,90,9890.96
250,91,9878.22
250,92,9865.56
250,93,9893.5
250,94,9905.75
250,95,9891.65
250,96,9896.59
250,97,9873.72
250,98,9884.67
250,99,9894.1
260,0,9908.28
260,1,9870.66
260,2,9885.24
260,3,9894.27
260,4,9889.96
260,5,9906.12
260,6,9875.73
260,7,9880.4
260,8,9874.28
260,9,9874.16
260,10,9894.98
260,11,9886.34
260,12,9875.92
260,13,9874.45
260,14,9881.6
260,15,9892.6
260,16,9893.93
260,17,9896.55
260,18,9874.16
260,19,9883.6
260,20,9896.6
260,21,9872.61
260,22,9896.83
260,23,9895.5
260,24,9888.47
260,25,9866.54
260,26,9883.64
260,27,9888.26
260,28,9873.7
260,29,9876.23
260,30,9884.18
260,31,9886.6
260,32,9878.68
260,33,9871.77
260,34,9885.19
260,35,9898.92
260,36,9867.71
260,37,9884.95
260,38,9881.36
260,39,9869.89
260,40,9890.97
260,41,9884.1
260,42,9861.19
260,43,9890.09
260,44,9887.9
260,45,9875.42
260,46,9888.74
260,47,9904.78
260,48,9875.8
260,49,9887.26
260,50,9871.38
260,51,9880.84
260,52,9863.89
260,53,9896.83
260,54,9908.13
260,55,9879.17
260,56,9890.86
260,57,9892.54
260,58,9873.99
260,59,9897.08
260,60,9862.19
260,61,9879.02
260,62,9887.1
260,63,9872.87
260,64,9879.42
260,65,9862.97
260,66,9891.69
260,67,9874.67
260,68,9871.24
260,69,9863.87
260,70,9901.57
260,71,9891.46
260,72,9876.38
260,73,9906.17
260,74,9878.22
260,75,9883.34
260,76,9877.9
260,77,9875.14
260,78,9912.13
260,79,9878.61
260,80,9905.76
260,81,9894.15
260,82,9905.77
260,83,9870.28
260,84,9899.93
260,85,9900.03
260,86,9878.26
260,87,9886.81
260,88,9904.13
260,89,9901.6
260,90,9888.05
260,91,9873.18
260,92,9860.73
260,93,9890.69
260,94,9904.34
260,95,9888.28
260,96,9891.93
260,97,9868.54
260,98,9880.86
260,99,9890.21
270,0,9907.98
270,1,9870.36
270,2,9884.94
270,3,9893.97
270,4,9889.66
270,5,9905.82
270,6,9875.43
270,7,9880.1
270,8,9873.98
270,9,9873.86
270,10,9894.68
270,11,9886.04
270,12,9875.62
270,13,9874.15
270,14,9881.3
270,15,9892.3
270,16,9893.63
270,17,9896.25
270,18,9873.86
270,19,9883.3
270,20,9896.3
270,21,9872.31
270,22,9896.53
270,23,9895.2
270,24,9888.17
270,25,9866.24
270,26,9883.34
270,27,9887.96
270,28,9873.4
270,29,9875.93
270,30,9883.88
270,31,9886.3
270,32,9878.38
270,33,9871.47
270,34,9884.89
270,35,9898.62
270,36,9867.41
270,37,9884.65
270,38,9881.06
270,39,9869.59
270,40,9890.67
270,41,9883.8
270,42,9860.89
270,43,9889.79
270,44,9887.6
270,45,9875.12
270,46,9888.44
270,47,9904.48
270,48,9875.5
270,49,9886.96
270,50,9871.08
270,51,9880.54
270,52,9863.59
270,53,9896.53
270,54,9907.83
270,55,9878.87
270,56,9890.56
270,57,9892.24
270,58,9873.69
270,59,9896.78
270,60,9861.89
270,61,9878.72
270,62,9886.8
270,63,9872.57
270,64,9879.12
270,65,9862.67
270,66,9891.39
270,67,9874.37
270,68,9870.94
270,69,9863.57
270,70,9901.27
270,71,9891.16
270,72,9876.08
270,73,9905.87
270,74,9877.92
270,75,9883.04
270,76,9877.6
270,77,9874.84
270,78,9911.83
270,79,9878.31
270,80,9905.46
270,81,9893.85
270,82,9905.47
270,83,9869.98
270,84,9899.63
270,85,9899.73
270,86,9877.96
270,87,9886.51
270,88,9903.83
270,89,9901.3
270,90,9887.75
270,91,9872.88
270,92,9860.43
270,93,9890.39
270,94,9904.04
270,95,9887.98
270,96,9891.63
270,97,9868.24
270,98,9880.56
270,99,9889.91
280,0,9897.34
280,1,9859.45
280,2,9873.68
280,3,9882.82
280,4,9878.46
280,5,9896.3
280,6,9862.36
280,7,9869.69
280,8,9861.93
280,9,9861.51
280,10,9884.05
280,11,9874.11
280,12,9864.13
280,13,9863.01
280,14,9870.42
280,15,9882.91
280,16,9885.34
280,17,9885.62
280,18,9861.34
280,19,9873.74
280,20,9884.31
280,21,9862.04
280,22,9883.97
280,23,9882.14
280,24,9878.95
280,25,9851.38
280,26,9870.86
280,27,9876.3
280,28,9864.84
280,29,9866.26
280,30,9873.6
280,31,9877.25
280,32,9866.83
280,33,9859.05
280,34,9873.8
280,35,9887.45
280,36,9856.54
280,37,9874
280,38,9872.33
280,39,9860.16
280,40,9881.32
280,41,9871.86
280,42,9848.22
280,43,9877.51
280,44,9875.94
280,45,9863.03
280,46,9878.83
280,47,9894.28
280,48,9866.86
280,49,9874.43
280,50,9860.29
280,51,9869.66
280,52,9853.49
280,53,9886.55
280,54,9899.41
280,55,9869.44
280,56,9878.92
280,57,9882.45
280,58,9864.15
280,59,9886.49
280,60,9848.97
280,61,9867.52
280,62,9874.43
280,63,9863.32
280,64,9866.76
280,65,9852.28
280,66,9881.09
280,67,9866.69
280,68,9861.83
280,69,9852.71
280,70,9891
280,71,9879.6
280,72,9865.55
280,73,9895.18
280,74,9865.36
280,75,9872.69
280,76,9866.76
280,77,9863.68
280,78,9899.87
280,79,9869.51
280,80,9896.86
280,81,9884.5
280,82,9895.28
280,83,9856.07
280,84,9890.78
280,85,9887.82
280,86,9865.73
280,87,9877.88
280,88,9894.55
280,89,9892.11
280,90,9875.75
280,91,9861.62
280,92,9847.19
280,93,9879.77
280,94,9893.81
280,95,9878.12
280,96,9881.85
280,97,9858.49
280,98,9869.03
280,99,9876.2
290,0,9897.08
290,1,9852.54
290,2,9870.56
290,3,9882.58
290,4,9877.39
290,5,9894.55
290,6,9860.7
290,7,9866.82
290,8,9860.95
290,9,9858.6
290,10,9882.34
290,11,9873.11
290,12,9861.26
290,13,9858.7
290,14,9866.97
290,15,9877.99
290,16,9881.6
290,17,9883.25
290,18,9859.4
290,19,9868.86
290,20,9884.08
290,21,9857.67
290,22,9883.4
290,23,9881.9
290,24,9873.06
290,25,9849.04
290,26,9867.57
290,27,9874.81
290,28,9859.54
290,29,9862.02
290,30,9870.63
290,31,9872.99
290,32,9862.52
290,33,9856.39
290,34,9870.6
290,35,9885.1
290,36,9849.44
290,37,9870.95
290,38,9867.33
290,39,9854.92
290,40,9877.86
290,41,9866.49
290,42,9841.94
290,43,9877.03
290,44,9873.33
290,45,9861.08
290,46,9874.93
290,47,9892.99
290,48,9861.45
290,49,9871.26
290,50,9856.59
290,51,9869.36
290,52,9847.76
290,53,9883.76
290,54,9897.68
290,55,9864.36
290,56,9876.32
290,57,9878.02
290,58,9858.49
290,59,9883.66
290,60,9843.49
290,61,9863.6
290,62,9873.15
290,63,9858.13
290,64,9864.83
290,65,9848.97
290,66,9878.48
290,67,9859.96
290,68,9856.46
290,69,9848.6
290,70,9888.4
290,71,9877.06
290,72,9862
290,73,9893.59
290,74,9863.91
290,75,9869.94
290,76,9863.69
290,77,9861.15
290,78,9897.99
290,79,9863.71
290,80,9895.37
290,81,9881
290,82,9892.3
290,83,9854.27
290,84,9889.47
290,85,9885.79
290,86,9863.14
290,87,9872.43
290,88,9892.77
290,89,9887.2
290,90,9874.79
290,91,9858.62
290,92,9845.09
290,93,9877.91
290,94,9892.4
290,95,9874.75
290,96,9878.21
290,97,9852.98
290,98,9866.9
290,99,9875.97
300,0,9896.78
300,1,9852.24
300,2,9870.26
300,3,9882.28
300,4,9877.09
300,5,9894.25
300,6,9860.4
300,7,9866.52
300,8,9860.65
300,9,9858.3
300,10,9882.04
300,11,9872.81
300,12,9860.96
300,13,9858.4
300,14,9866.67
300,15,9877.69
300,16,9881.3
300,17,9882.95
300,18,9859.1
300,19,9868.56
300,20,9883.78
300,21,9857.37
300,22,9883.1
300,23,9881.6
300,24,9872.76
300,25,9848.74
300,26,9867.27
300,27,9874.51
300,28,9859.24
300,29,9861.72
300,30,9870.33
300,31,9872.69
300,32,9862.22
300,33,9856.09
300,34,9870.3
300,35,9884.8
300,36,9849.14
300,37,9870.65
300,38,9867.03
300,39,9854.62
300,40,9877.56
300,41,9866.19
300,42,9841.64
300,43,9876.73
300,44,9873.03
300,45,9860.78
300,46,9874.63
300,47,9892.69
300,48,9861.15
300,49,9870.96
300,50,9856.29
300,51,9869.06
300,52,9847.46
300,53,9883.46
300,54,9897.38
300,55,9864.06
300,56,9876.02
300,57,9877.72
300,58,9858.19
300,59,9883.36
300,60,9843.19
300,61,9863.3
300,62,9872.85
300,63,9857.83
300,64,9864.53
300,65,9848.67
300,66,9878.18
300,67,9859.66
300,68,9856.16
300,69,9848.3
300,70,9888.1
300,71,9876.76
300,72,9861.7
300,73,9893.29
300,74,9863.61
300,75,9869.64
300,76,9863.39
300,77,9860.85
300,78,9897.69
300,79,9863.41
300,80,9895.07
300,81,9880.7
300,82,9892
300,83,9853.97
300,84,9889.17
300,85,9885.49
300,86,9862.84
300,87,9872.13
300,88,9892.47
300,89,9886.9
300,90,9874.49
300,91,9858.32
300,92,9844.79
300,93,9877.61
300,94,9892.1
300,95,9874.45
300,96,9877.91
300,97,9852.68
300,98,9866.6
300,99,9875.67
310,0,9886.62
310,1,9841.96
310,2,9858.97
310,3,9871.68
310,4,9869.84
310,5,9886.36
310,6,9851.16
310,7,9856.28
310,8,9848.63
310,9,9847.92
310,10,9873.4
310,11,9863.87
310,12,9850.83
310,13,9847.22
310,14,9857.62
310,15,9869.5
310,16,9872.68
310,17,9873.96
310,18,9851.02
310,19,9856.74
310,20,9873.9
310,21,9848.28
310,22,9870.67
310,23,9870.2
310,24,9863.74
310,25,9839
310,26,9857.81
310,27,9865.8
310,28,9850.8
310,29,9852.07
310,30,9861.35
310,31,9861.86
310,32,9852.22
310,33,9843.99
310,34,9859.21
310,35,9874.73
310,36,9838.83
310,37,9859.52
310,38,9858.21
310,39,9845.16
310,40,9868.83
310,41,9855.8
310,42,9832.47
310,43,9866.26
310,44,9862.37
310,45,9851.16
310,46,9865.72
310,47,9882.96
310,48,9852.6
310,49,9861.42
310,50,9847.41
310,51,9857.58
310,52,9838.84
310,53,9875.57
310,54,9889.94
310,55,9852.76
310,56,9867.06
310,57,9868.03
310,58,9848.71
310,59,9874.38
310,60,9834.01
310,61,9850.47
310,62,9860.82
310,63,9848.58
310,64,9852.09
310,65,9839.35
310,66,9868.75
310,67,9848.97
310,68,9845.47
310,69,9837.73
310,70,9878.32
310,71,9864.64
310,72,9851.23
310,73,9883.96
310,74,9851.04
310,75,9859.31
310,76,9854.65
310,77,9850.14
310,78,9889.76
310,79,9853.94
310,80,9886.76
310,81,9874.03
310,82,9884.13
310,83,9843.76
310,84,9880.84
310,85,9874.41
310,86,9850.56
310,87,9861.23
310,88,9883.38
310,89,9878.25
310,90,9864.79
310,91,9848.58
310,92,9835.19
310,93,9867.42
310,94,9883.43
310,95,9864.67
310,96,9868.17
310,97,9842.97
310,98,9855.02
310,99,9863.46
320,0,9884.74
320,1,9837.58
320,2,9856.43
320,3,9870.09
320,4,9862.23
320,5,9881.52
320,6,9845.83
320,7,9852.14
320,8,9843.95
320,9,9843.78
320,10,9869.71
320,11,9858.66
320,12,9844.84
320,13,9842.93
320,14,9850.85
320,15,9864.33
320,16,9866.84
320,17,9869.36
320,18,9843.18
320,19,9852.43
320,20,9869
320,21,9840.95
320,22,9866.63
320,23,9868.38
320,24,9860.29
320,25,9830
320,26,9852.66
320,27,9859.56
320,28,9842.32
320,29,9844.86
320,30,9855.54
320,31,9857.53
320,32,9848.35
320,33,9838.55
320,34,9856.78
320,35,9870.9
320,36,9832.82
320,37,9857.14
320,38,9853.98
320,39,9835.81
320,40,9863.1
320,41,9851.69
320,42,9823.96
320,43,9864.06
320,44,9858.59
320,45,9846.18
320,46,9861.81
320,47,9879.19
320,48,9844.62
320,49,9854.93
320,50,9842.01
320,51,9854.53
320,52,9833.83
320,53,9868.62
320,54,9885.72
320,55,9849.83
320,56,9861.15
320,57,9865.73
320,58,9839.63
320,59,9870.95
320,60,9825.73
320,61,9849.32
320,62,9856.66
320,63,9839.78
320,64,9847.18
320,65,9833.05
320,66,9863.39
320,67,9843.66
320,68,9837.56
320,69,9833.45
320,70,9873.38
320,71,9862.03
320,72,9845.04
320,73,9880.81
320,74,9846.16
320,75,9855.99
320,76,9848.38
320,77,9843.72
320,78,9886.38
320,79,9845.46
320,80,9885.15
320,81,9867.34
320,82,9878.45
320,83,9839.84
320,84,9877.02
320,85,9870.31
320,86,9845.42
320,87,9858.29
320,88,9880.99
320,89,9874.13
320,90,9858.9
320,91,9843.21
320,92,9827.5
320,93,9865.34
320,94,9879.63
320,95,9861.33
320,96,9864.5
320,97,9834.11
320,98,9850.89
320,99,9860.37
330,0,9884.44
330,1,9837.28
330,2,9856.13
330,3,9869.79
330,4,9861.93
330,5,9881.22
330,6,9845.53
330,7,9851.84
330,8,9843.65
330,9,9843.48
330,10,9869.41
330,11,9858.36
330,12,9844.54
330,13,9842.63
330,14,9850.55
330,15,9864.03
330,16,9866.54
330,17,9869.06
330,18,9842.88
330,19,9852.13
330,20,9868.7
330,21,9840.65
330,22,9866.33
330,23,9868.08
330,24,9859.99
330,25,9829.7
330,26,9852.36
330,27,9859.26
330,28,9842.02
330,29,9844.56
330,30,9855.24
330,31,9857.23
330,32,9848.05
330,33,9838.25
330,34,9856.48
330,35,9870.6
330,36,9832.52
330,37,9856.84
330,38,9853.68
330,39,9835.51
330,40,9862.8
330,41,9851.39
330,42,9823.66
330,43,9863.76
330,44,9858.29
330,45,9845.88
330,46,9861.51
330,47,9878.89
330,48,9844.32
330,49,9854.63
330,50,9841.71
330,51,9854.23
330,52,9833.53
330,53,9868.32
330,54,9885.42
330,55,9849.53
330,56,9860.85
330,57,9865.43
330,58,9839.33
330,59,9870.65
330,60,9825.43
330,61,9849.02
330,62,9856.36
330,63,9839.48
330,64,9846.88
330,65,9832.75
330,66,9863.09
330,67,9843.36
330,68,9837.26
330,69,9833.15
330,70,9873.08
330,71,9861.73
330,72,9844.74
330,73,9880.51
330,74,9845.86
330,75,9855.69
330,76,9848.08
330,77,9843.42
330,78,9886.08
330,79,9845.16
330,80,9884.85
330,81,9867.04
330,82,9878.15
330,83,9839.54
330,84,9876.72
330,85,9870.01
330,86,9845.12
330,87,9857.99
330,88,9880.69
330,89,9873.83
330,90,9858.6
330,91,9842.91
330,92,9827.2
330,93,9865.04
330,94,9879.33
330,95,9861.03
330,96,9864.2
330,97,9833.81
330,98,9850.59
330,99,9860.07
340,0,9874.22
340,1,9828.27
340,2,9844.83
340,3,9860.08
340,4,9854.59
340,5,9873.43
340,6,9838.77
340,7,9842.63
340,8,9833.86
340,9,9833.23
340,10,9862.56
340,11,9852.69
340,12,9837.76
340,13,9833.34
340,14,9842.51
340,15,9855.75
340,16,9858.22
340,17,9861.99
340,18,9833.09
340,19,9840.94
340,20,9859.04
340,21,9832.66
340,22,9857.08
340,23,9858.96
340,24,9852.72
340,25,9820.58
340,26,9845.48
340,27,9852.46
340,28,9832.56
340,29,9835.72
340,30,9846.26
340,31,9848.35
340,32,9839.57
340,33,9829.31
340,34,9847.88
340,35,9860.68
340,36,9823.35
340,37,9848.34
340,38,9843.38
340,39,9826.31
340,40,9854.67
340,41,9844.26
340,42,9814.68
340,43,9854.86
340,44,9848.7
340,45,9837.48
340,46,9854.11
340,47,9869.2
340,48,9835.7
340,49,9847.94
340,50,9832.96
340,51,9841.36
340,52,9827.86
340,53,9859.84
340,54,9878.76
340,55,9840.32
340,56,9853.41
340,57,9857.82
340,58,9830.61
340,59,9861.45
340,60,9816.19
340,61,9838.94
340,62,9847.84
340,63,9830.7
340,64,9836.37
340,65,9824.14
340,66,9854.01
340,67,9833.75
340,68,9828.18
340,69,9823.53
340,70,9865.25
340,71,9851.12
340,72,9836.38
340,73,9872.05
340,74,9835.44
340,75,9847.77
340,76,9839.32
340,77,9835.72
340,78,9879.84
340,79,9835.73
340,80,9876.53
340,81,9858.89
340,82,9870.58
340,83,9827.97
340,84,9868.47
340,85,9860.67
340,86,9836.13
340,87,9849.04
340,88,9873.92
340,89,9865.07
340,90,9850.86
340,91,9833.37
340,92,9818.13
340,93,9858.31
340,94,9869.42
340,95,9853.43
340,96,9857.18
340,97,9824.08
340,98,9843.74
340,99,9849.7
350,0,9873.99
350,1,9821.66
350,2,9843.18
350,3,9858.78
350,4,9849.78
350,5,9871.05
350,6,9832.97
350,7,9839.31
350,8,9827.97
350,9,9826.87
350,10,9857.01
350,11,9847.38
350,12,9830.5
350,13,9826.61
350,14,9834.63
350,15,9853.13
350,16,9852.97
350,17,9857.87
350,18,9828.51
350,19,9839.64
350,20,9856.95
350,21,9825.12
350,22,9853.7
350,23,9855.89
350,24,9846.5
350,25,9812.24
350,26,9839.89
350,27,9847.67
350,28,9829.16
350,29,9832
350,30,9844.44
350,31,9845.04
350,32,9835.1
350,33,9822.99
350,34,9843.95
350,35,9860.45
350,36,9817.8
350,37,9844.43
350,38,9841.12
350,39,9821.43
350,40,9849.16
350,41,9836.25
350,42,9810.23
350,43,9852.5
350,44,9844.11
350,45,9830.45
350,46,9849.38
350,47,9866.91
350,48,9830.9
350,49,9840.89
350,50,9828.63
350,51,9838.23
350,52,9820.2
350,53,9857.11
350,54,9874.61
350,55,9836.39
350,56,9846.9
350,57,9855.03
350,58,9825.18
350,59,9859.76
350,60,9812.66
350,61,9835.69
350,62,9844.13
350,63,9825.82
350,64,9831.99
350,65,9817.74
350,66,9849.74
350,67,9830.31
350,68,9822.83
350,69,9820.36
350,70,9860.88
350,71,9847.19
350,72,9832.27
350,73,9866.61
350,74,9831.05
350,75,9842.09
350,76,9835.29
350,77,9830.11
350,78,9875.7
350,79,9831.44
350,80,9874.62
350,81,9856.56
350,82,9866.51
350,83,9826
350,84,9864.23
350,85,9859.8
350,86,9830.2
350,87,9845.21
350,88,9869.88
350,89,9861.02
350,90,9844.22
350,91,9826.75
350,92,9810.23
350,93,9854.1
350,94,9865.84
350,95,9847.51
350,96,9849.46
350,97,9819.3
350,98,9836.33
350,99,9847.55
360,0,9873.69
360,1,9821.36
360,2,9842.88
360,3,9858.48
360,4,9849.48
360,5,9870.75
360,6,9832.67
360,7,9839.01
360,8,9827.67
360,9,9826.57
360,10,9856.71
360,11,9847.08
360,12,9830.2
360,13,9826.31
360,14,9834.33
360,15,9852.83
360,16,9852.67
360,17,9857.57
360,18,9828.21
360,19,9839.34
360,20,9856.65
360,21,9824.82
360,22,9853.4
360,23,9855.59
360,24,9846.2
360,25,9811.94
360,26,9839.59
360,27,9847.37
360,28,9828.86
360,29,9831.7
360,30,9844.14
360,31,9844.74
360,32,9834.8
360,33,9822.69
360,34,9843.65
360,35,9860.15
360,36,9817.5
360,37,9844.13
360,38,9840.82
360,39,9821.13
360,40,9848.86
360,41,9835.95
360,42,9809.93
360,43,9852.2
360,44,9843.81
360,45,9830.15
360,46,9849.08
360,47,9866.61
360,48,9830.6
360,49,9840.59
360,50,9828.33
360,51,9837.93
360,52,9819.9
360,53,9856.81
360,54,9874.31
360,55,9836.09
360,56,9846.6
360,57,9854.73
360,58,9824.88
360,59,9859.46
360,60,9812.36
360,61,9835.39
360,62,9843.83
360,63,9825.52
360,64,9831.69
360,65,9817.44
360,66,9849.44
360,67,9830.01
360,68,9822.53
360,69,9820.06
360,70,9860.58
360,71,9846.89
360,72,9831.97
360,73,9866.31
360,74,9830.75
360,75,9841.79
360,76,9834.99
360,77,9829.81
360,78,9875.4
360,79,9831.14
360,80,9874.32
360,81,9856.26
360,82,9866.21
360,83,9825.7
360,84,9863.93
360,85,9859.5
360,86,9829.9
360,87,9844.91
360,88,9869.58
360,89,9860.72
360,90,9843.92
360,91,9826.45
360,92,9809.93
360,93,9853.8
360,94,9865.54
360,95,9847.21
360,96,9849.16
360,97,9819
360,98,9836.03
360,99,9847.25
370,0,9864.3
370,1,9813.55
370,2,9837.22
370,3,9851.7
370,4,9842.1
370,5,9863.84
370,6,9825.96
370,7,9831
370,8,9822.01
370,9,9818.57
370,10,9848.15
370,11,9841.43
370,12,9821.35
370,13,9818.59
370,14,9824.84
370,15,9847.34
370,16,9844.55
370,17,9852.72
370,18,9820.67
370,19,9829.99
370,20,9849.15
370,21,9819.52
370,22,9845.31
370,23,9845.04
370,24,9839.07
370,25,9802.85
370,26,9833.68
370,27,9838.93
370,28,9822.27
370,29,9824.47
370,30,9836.93
370,31,9839.62
370,32,9827.14
370,33,9815.4
370,34,9838.32
370,35,9851.32
370,36,9809.45
370,37,9839.86
370,38,9831.63
370,39,9813.8
370,40,9840.96
370,41,9828.77
370,42,9800.01
370,43,9843.65
370,44,9835.41
370,45,9821.89
370,46,9840.92
370,47,9858.73
370,48,9823.3
370,49,9833.68
370,50,9819.69
370,51,9828.72
370,52,9809.2
370,53,9848.42
370,54,9867.8
370,55,9832.78
370,56,9838.34
370,57,9847.89
370,58,9816.26
370,59,9851.15
370,60,9803.25
370,61,9827.06
370,62,9836.55
370,63,9818.48
370,64,9821.6
370,65,9812.47
370,66,9843.23
370,67,9822.56
370,68,9813.46
370,69,9811.37
370,70,9856.13
370,71,9838.52
370,72,9823.54
370,73,9859.15
370,74,9820.49
370,75,9833.88
370,76,9830.53
370,77,9822.66
370,78,9869.79
370,79,9823.08
370,80,9866.88
370,81,9849.28
370,82,9860.29
370,83,9818.33
370,84,9856.9
370,85,9852.38
370,86,9821.03
370,87,9835.86
370,88,9863.04
370,89,9853.38
370,90,9836.83
370,91,9819.33
370,92,9800.79
370,93,9846.5
370,94,9858.86
370,95,9838.71
370,96,9841.37
370,97,9809.29
370,98,9828.16
370,99,9837.43
380,0,9862.97
380,1,9806.3
380,2,9828.25
380,3,9846.33
380,4,9836.28
380,5,9858.71
380,6,9819.41
380,7,9825.71
380,8,9813.99
380,9,9812.5
380,10,9845.52
380,11,9832.99
380,12,9814.2
380,13,9810.17
380,14,9820.71
380,15,9840.16
380,16,9838.05
380,17,9845.97
380,18,9811.83
380,19,9825.02
380,20,9843.34
380,21,9808.96
380,22,9839.85
380,23,9841.64
380,24,9833.73
380,25,9797.53
380,26,9826.66
380,27,9834.84
380,28,9812.76
380,29,9816.32
380,30,9830.35
380,31,9831.31
380,32,9822.45
380,33,9809.75
380,34,9829.3
380,35,9847.64
380,36,9801.74
380,37,9830.62
380,38,9827.05
380,39,9804.31
380,40,9834.17
380,41,9820.81
380,42,9791.7
380,43,9840.08
380,44,9829.42
380,45,9815.21
380,46,9834.37
380,47,9853.85
380,48,9816.23
380,49,9824.91
380,50,9814.89
380,51,9824.38
380,52,9802.79
380,53,9843.59
380,54,9862.73
380,55,9821.79
380,56,9834.75
380,57,9842.08
380,58,9808.43
380,59,9846.75
380,60,9794.73
380,61,9820.2
380,62,9829.91
380,63,9809.11
380,64,9817.07
380,65,9800.59
380,66,9836.3
380,67,9815.92
380,68,9807.79
380,69,9804.33
380,70,9848.42
380,71,9832.15
380,72,9818.98
380,73,9855.27
380,74,9815.78
380,75,9827.84
380,76,9822.6
380,77,9815.1
380,78,9864.24
380,79,9816.26
380,80,9862.45
380,81,9842.92
380,82,9854.64
380,83,9811.33
380,84,9851.44
380,85,9846.93
380,86,9816.44
380,87,9830.99
380,88,9858.92
380,89,9847.77
380,90,9832.84
380,91,9810.09
380,92,9796.48
380,93,9840.97
380,94,9854.86
380,95,9834.15
380,96,9834.45
380,97,9803.56
380,98,9824.09
380,99,9833.66
390,0,9862.67
390,1,9806
390,2,9827.95
390,3,9846.03
390,4,9835.98
390,5,9858.41
390,6,9819.11
390,7,9825.41
390,8,9813.69
390,9,9812.2
390,10,9845.22
390,11,9832.69
390,12,9813.9
390,13,9809.87
390,14,9820.41
390,15,9839.86
390,16,9837.75
390,17,9845.67
390,18,9811.53
390,19,9824.72
390,20,9843.04
390,21,9808.66
390,22,9839.55
390,23,9841.34
390,24,9833.43
390,25,9797.23
390,26,9826.36
390,27,9834.54
390,28,9812.46
390,29,9816.02
390,30,9830.05
390,31,9831.01
390,32,9822.15
390,33,9809.45
390,34,9829
390,35,9847.34
390,36,9801.44
390,37,9830.32
390,38,9826.75
390,39,9804.01
390,40,9833.87
390,41,9820.51
390,42,9791.4
390,43,9839.78
390,44,9829.12
390,45,9814.91
390,46,9834.07
390,47,9853.55
390,48,9815.93
390,49,9824.61
390,50,9814.59
390,51,9824.08
390,52,9802.49
390,53,9843.29
390,54,9862.43
390,55,9821.49
390,56,9834.45
390,57,9841.78
390,58,9808.13
390,59,9846.45
390,60,9794.43
390,61,9819.9
390,62,9829.61
390,63,9808.81
390,64,9816.77
390,65,9800.29
390,66,9836
390,67,9815.62
390,68,9807.49
390,69,9804.03
390,70,9848.12
390,71,9831.85
390,72,9818.68
390,73,9854.97
390,74,9815.48
390,75,9827.54
390,76,9822.3
390,77,9814.8
390,78,9863.94
390,79,9815.96
390,80,9862.15
390,81,9842.62
390,82,9854.34
390,83,9811.03
390,84,9851.14
390,85,9846.63
390,86,9816.14
390,87,9830.69
390,88,9858.62
390,89,9847.47
390,90,9832.54
390,91,9809.79
390,92,9796.18
390,93,9840.67
390,94,9854.56
390,95,9833.85
390,96,9834.15
390,97,9803.26
390,98,9823.79
390,99,9833.36
400,0,9857.29
400,1,9799.84
400,2,9822.59
400,3,9841.55
400,4,9828.19
400,5,9853.22
400,6,9812.65
400,7,9818.96
400,8,9808.16
400,9,9808.48
400,10,9838.96
400,11,9827.03
400,12,9804.22
400,13,9804.99
400,14,9813.74
400,15,9834.25
400,16,9830.99
400,17,9840.18
400,18,9807.89
400,19,9819.28
400,20,9839.95
400,21,9803.34
400,22,9834.74
400,23,9835.62
400,24,9827.44
400,25,9791.62
400,26,9819.9
400,27,9827.16
400,28,9805.98
400,29,9809.92
400,30,9823.88
400,31,9825.83
400,32,9815.35
400,33,9803.46
400,34,9823.77
400,35,9839.53
400,36,9795.68
400,37,9826.11
400,38,9824.01
400,39,9797.6
400,40,9828.79
400,41,9813.27
400,42,9786.41
400,43,9832.47
400,44,9820.86
400,45,9811.25
400,46,9830.82
400,47,9847.45
400,48,9809.24
400,49,9817.6
400,50,9809.91
400,51,9816.12
400,52,9791.92
400,53,9837.29
400,54,9856.74
400,55,9818.12
400,56,9827.44
400,57,9837.47
400,58,9803.66
400,59,9840.36
400,60,9786.67
400,61,9813.16
400,62,9823.81
400,63,9802.72
400,64,9810.28
400,65,9795.44
400,66,9829.9
400,67,9810.62
400,68,9804.41
400,69,9801.02
400,70,9843.12
400,71,9825.37
400,72,9814.06
400,73,9847.78
400,74,9808.38
400,75,9820.62
400,76,9815.5
400,77,9809.9
400,78,9858.28
400,79,9812.19
400,80,9856.37
400,81,9837.64
400,82,9849.86
400,83,9806.73
400,84,9842.23
400,85,9839.31
400,86,9809.96
400,87,9825.59
400,88,9852.45
400,89,9842.57
400,90,9826.49
400,91,9804.71
400,92,9788.26
400,93,9834.17
400,94,9848.3
400,95,9828.7
400,96,9827.57
400,97,9799.56
400,98,9815.65
400,99,9827.93
410,0,9851.45
410,1,9788.62
410,2,9814.32
410,3,9832.89
410,4,9820.11
410,5,9846.11
410,6,9804.95
410,7,9811.75
410,8,9798.22
410,9,9795.38
410,10,9831.99
410,11,9818.66
410,12,9797
410,13,9792.54
410,14,9805.88
410,15,9826.12
410,16,9824.06
410,17,9833.67
410,18,9794.46
410,19,9811.03
410,20,9828.01
410,21,9790.18
410,22,9824.3
410,23,9826.56
410,24,9819.81
410,25,9779.8
410,26,9812.14
410,27,9819.06
410,28,9795.35
410,29,9802.58
410,30,9816.54
410,31,9818.66
410,32,9807.65
410,33,9792.01
410,34,9815.61
410,35,9833.52
410,36,9783.14
410,37,9817.92
410,38,9813.69
410,39,9787.4
410,40,9819.91
410,41,9804.3
410,42,9771.72
410,43,9826.32
410,44,9814.57
410,45,9801.31
410,46,9818.38
410,47,9841.33
410,48,9802.62
410,49,9811.3
410,50,9800.99
410,51,9806.04
410,52,9783.61
410,53,9829.3
410,54,9851.51
410,55,9808.03
410,56,9821
410,57,9828
410,58,9792.02
410,59,9832.28
410,60,9775.36
410,61,9805.67
410,62,9816.79
410,63,9791.22
410,64,9803.03
410,65,9782.02
410,66,9822.71
410,67,9800.94
410,68,9789.37
410,69,9786.85
410,70,9836.29
410,71,9817.15
410,72,9801.8
410,73,9843.47
410,74,9798.93
410,75,9811.12
410,76,9807.96
410,77,9798.95
410,78,9852.35
410,79,9802.3
410,80,9849.52
410,81,9829.85
410,82,9841.97
410,83,9795.33
410,84,9837.49
410,85,9831.45
410,86,9799.13
410,87,9818.36
410,88,9846.44
410,89,9834.86
410,90,9817.12
410,91,9792.38
410,92,9777.2
410,93,9828.79
410,94,9843.43
410,95,9820.98
410,96,9818.46
410,97,9788.45
410,98,9808.18
410,99,9819.39
420,0,9851.15
420,1,9788.32
420,2,9814.02
420,3,9832.59
420,4,9819.81
420,5,9845.81
420,6,9804.65
420,7,9811.45
420,8,9797.92
420,9,9795.08
420,10,9831.69
420,11,9818.36
420,12,9796.7
420,13,9792.24
420,14,9805.58
420,15,9825.82
420,16,9823.76
420,17,9833.37
420,18,9794.16
420,19,9810.73
420,20,9827.71
420,21,9789.88
420,22,9824
420,23,9826.26
420,24,9819.51
420,25,9779.5
420,26,9811.84
420,27,9818.76
420,28,9795.05
420,29,9802.28
420,30,9816.24
420,31,9818.36
420,32,9807.35
420,33,9791.71
420,34,9815.31
420,35,9833.22
420,36,9782.84
420,37,9817.62
420,38,9813.39
420,39,9787.1
420,40,9819.61
420,41,9804
420,42,9771.42
420,43,9826.02
420,44,9814.27
420,45,9801.01
420,46,9818.08
420,47,9841.03
420,48,9802.32
420,49,9811
420,50,9800.69
420,51,9805.74
420,52,9783.31
420,53,9829
420,54,9851.21
420,55,9807.73
420,56,9820.7
420,57,9827.7
420,58,9791.72
420,59,9831.98
420,60,9775.06
420,61,9805.37
420,62,9816.49
420,63,9790.92
420,64,9802.73
420,65,9781.72
420,66,9822.41
420,67,9800.64
420,68,9789.07
420,69,9786.55
420,70,9835.99
420,71,9816.85
420,72,9801.5
420,73,9843.17
420,74,9798.63
420,75,9810.82
420,76,9807.66
420,77,9798.65
420,78,9852.05
420,79,9802
420,80,9849.22
420,81,9829.55
420,82,9841.67
420,83,9795.03
420,84,9837.19
420,85,9831.15
420,86,9798.83
420,87,9818.06
420,88,9846.14
420,89,9834.56
420,90,9816.82
420,91,9792.08
420,92,9776.9
420,93,9828.49
420,94,9843.13
420,95,9820.68
420,96,9818.16
420,97,9788.15
420,98,9807.88
420,99,9819.09
430,0,9846.48
430,1,9783.57
430,2,9813.72
430,3,9828
430,4,9817.46
430,5,9842.8
430,6,9801.68
430,7,9810.01
430,8,9794.59
430,9,9791.29
430,10,9830.05
430,11,9815.6
430,12,9792.13
430,13,9787.48
430,14,9800.22
430,15,9822.5
430,16,9820.22
430,17,9828.04
430,18,9790.49
430,19,9807.2
430,20,9824.61
430,21,9789.58
430,22,9821.72
430,23,9821.69
430,24,9816.94
430,25,9774.56
430,26,9809.85
430,27,9817.35
430,28,9791.56
430,29,9798.76
430,30,9811.09
430,31,9815.31
430,32,9803.21
430,33,9789.23
430,34,9815.01
430,35,9828.76
430,36,9781.12
430,37,9813.43
430,38,9811.94
430,39,9786.8
430,40,9815.93
430,41,9801.49
430,42,9768.69
430,43,9821.75
430,44,9809.48
430,45,9797.31
430,46,9814.72
430,47,9837.79
430,48,9799.65
430,49,9809.06
430,50,9797.82
430,51,9802.78
430,52,9777.58
430,53,9826.35
430,54,9846.36
430,55,9807.43
430,56,9818.45
430,57,9827.37
430,58,9791.42
430,59,9829.3
430,60,9772.79
430,61,9802.01
430,62,9814.71
430,63,9790.62
430,64,9799.99
430,65,9781.42
430,66,9816.31
430,67,9797.05
430,68,9785.96
430,69,9783.51
430,70,9830.86
430,71,9812.56
430,72,9798.84
430,73,9839.37
430,74,9796.37
430,75,9807.14
430,76,9803.79
430,77,9795.9
430,78,9846.66
430,79,9798.28
430,80,9847.07
430,81,9825.87
430,82,9838.69
430,83,9794.73
430,84,9831.81
430,85,9826.81
430,86,9796.62
430,87,9815.1
430,88,9842.04
430,89,9834.26
430,90,9814.34
430,91,9788.01
430,92,9773.79
430,93,9825.43
430,94,9837.55
430,95,9817.61
430,96,9814.29
430,97,9787.85
430,98,9805.62
430,99,9817.26
440,0,9842.04
440,1,9774.01
440,2,9802.47
440,3,9821.55
440,4,9806.77
440,5,9836.17
440,6,9790
440,7,9798.3
440,8,9783.98
440,9,9781.45
440,10,9820.39
440,11,9807.87
440,12,9783.15
440,13,9778.71
440,14,9792.92
440,15,9814.68
440,16,9812.47
440,17,9824.35
440,18,9780.5
440,19,9798.52
440,20,9816.33
440,21,9776.44
440,22,9810.94
440,23,9813.95
440,24,9807.78
440,25,9764.84
440,26,9800.01
440,27,9807.19
440,28,9782.45
440,29,9789.98
440,30,9805.17
440,31,9806.14
440,32,9794.99
440,33,9778.94
440,34,9803.85
440,35,9822.09
440,36,9768.76
440,37,9806.23
440,38,9801.05
440,39,9773.63
440,40,9808.78
440,41,9791.82
440,42,9756.17
440,43,9813.07
440,44,9802.47
440,45,9788.77
440,46,9805.42
440,47,9826.87
440,48,9788.8
440,49,9797.98
440,50,9786.01
440,51,9795.04
440,52,9767.58
440,53,9818.02
440,54,9841.18
440,55,9796.09
440,56,9808.54
440,57,9817.12
440,58,9778.32
440,59,9822.58
440,60,9760.34
440,61,9793.33
440,62,9803.33
440,63,9778.06
440,64,9790.03
440,65,9767.75
440,66,9809.52
440,67,9785.33
440,68,9774.78
440,69,9772.43
440,70,9826.64
440,71,9806.37
440,72,9787.12
440,73,9832.98
440,74,9786.21
440,75,9799.42
440,76,9792.92
440,77,9786.42
440,78,9843.16
440,79,9788.53
440,80,9839.73
440,81,9817.45
440,82,9831.46
440,83,9779.19
440,84,9828.18
440,85,9817.53
440,86,9785.39
440,87,9805.84
440,88,9837.18
440,89,9824.44
440,90,9806.58
440,91,9778.18
440,92,9762
440,93,9818.7
440,94,9834.04
440,95,9810.15
440,96,9805.67
440,97,9773.11
440,98,9795.34
440,99,9807.05
450,0,9841.74
450,1,9773.71
450,2,9802.17
450,3,9821.25
450,4,9806.47
450,5,9835.87
450,6,9789.7
450,7,9798
450,8,9783.68
450,9,9781.15
450,10,9820.09
450,11,9807.57
450,12,9782.85
450,13,9778.41
450,14,9792.62
450,15,9814.38
450,16,9812.17
450,17,9824.05
450,18,9780.2
450,19,9798.22
450,20,9816.03
450,21,9776.14
450,22,9810.64
450,23,9813.65
450,24,9807.48
450,25,9764.54
450,26,9799.71
450,27,9806.89
450,28,9782.15
450,29,9789.68
450,30,9804.87
450,31,9805.84
450,32,9794.69
450,33,9778.64
450,34,9803.55
450,35,9821.79
450,36,9768.46
450,37,9805.93
450,38,9800.75
450,39,9773.33
450,40,9808.48
450,41,9791.52
450,42,9755.87
450,43,9812.77
450,44,9802.17
450,45,9788.47
450,46,9805.12
450,47,9826.57
450,48,9788.5
450,49,9797.68
450,50,9785.71
450,51,9794.74
450,52,9767.28
450,53,9817.72
450,54,9840.88
450,55,9795.79
450,56,9808.24
450,57,9816.82
450,58,9778.02
450,59,9822.28
450,60,9760.04
450,61,9793.03
450,62,9803.03
450,63,9777.76
450,64,9789.73
450,65,9767.45
450,66,9809.22
450,67,9785.03
450,68,9774.48
450,69,9772.13
450,70,9826.34
450,71,9806.07
450,72,9786.82
450,73,9832.68
450,74,9785.91
450,75,9799.12
450,76,9792.62
450,77,9786.12
450,78,9842.86
450,79,9788.23
450,80,9839.43
450,81,9817.15
450,82,9831.16
450,83,9778.89
450,84,9827.88
450,85,9817.23
450,86,9785.09
450,87,9805.54
450,88,9836.88
450,89,9824.14
450,90,9806.28
450,91,9777.88
450,92,9761.7
450,93,9818.4
450,94,9833.74
450,95,9809.85
450,96,9805.37
450,97,9772.81
450,98,9795.04
450,99,9806.75
460,0,9840.72
460,1,9771.69
460,2,9801.87
460,3,9820.95
460,4,9806.17
460,5,9835.57
460,6,9789.4
460,7,9796.53
460,8,9783.38
460,9,9779.75
460,10,9819.79
460,11,9807.27
460,12,9779.82
460,13,9776.12
460,14,9790.64
460,15,9814.08
460,16,9811.87
460,17,9823.7
460,18,9779.9
460,19,9797.92
460,20,9815.73
460,21,9775.84
460,22,9810.34
460,23,9811.53
460,24,9805.58
460,25,9762.75
460,26,9797.65
460,27,9805.49
460,28,9781.85
460,29,9789.38
460,30,9802.43
460,31,9805.54
460,32,9792.08
460,33,9778.34
460,34,9803.25
460,35,9819.23
460,36,9768.16
460,37,9805.63
460,38,9799.28
460,39,9773.03
460,40,9808.18
460,41,9788.99
460,42,9755.14
460,43,9811.54
460,44,9800.03
460,45,9788.17
460,46,9804.76
460,47,9823.95
460,48,9788.2
460,49,9795.61
460,50,9785.41
460,51,9794.38
460,52,9765.29
460,53,9815.13
460,54,9839.18
460,55,9795.49
460,56,9806.03
460,57,9816.48
460,58,9777.72
460,59,9821.98
460,60,9759.7
460,61,9792.73
460,62,9802.73
460,63,9777.46
460,64,9786.94
460,65,9767.15
460,66,9807.78
460,67,9784.73
460,68,9774.18
460,69,9771.83
460,70,9825.21
460,71,9804.11
460,72,9786.52
460,73,9832.38
460,74,9783.68
460,75,9798.82
460,76,9792.32
460,77,9785.82
460,78,9840.57
460,79,9787.93
460,80,9837.36
460,81,9816.85
460,82,9830.86
460,83,9778.59
460,84,9825.93
460,85,9815.54
460,86,9782.86
460,87,9805.24
460,88,9836.58
460,89,9823.84
460,90,9803.77
460,91,9777.58
460,92,9758.64
460,93,9816.9
460,94,9831.83
460,95,9809.55
460,96,9804.63
460,97,9772.51
460,98,9792.8
460,99,9804.91
470,0,9830.6
470,1,9756.19
470,2,9786.64
470,3,9809.05
470,4,9791.47
470,5,9824.19
470,6,9776.42
470,7,9782.84
470,8,9770.58
470,9,9763.76
470,10,9806.78
470,11,9793.83
470,12,9766.99
470,13,9762.63
470,14,9778.02
470,15,9799.08
470,16,9798.18
470,17,9812.01
470,18,9762.56
470,19,9782.73
470,20,9800.98
470,21,9757.25
470,22,9795.44
470,23,9799
470,24,9793.95
470,25,9745.72
470,26,9785.36
470,27,9792.23
470,28,9765.77
470,29,9773.21
470,30,9788.42
470,31,9792.16
470,32,9777.87
470,33,9764.65
470,34,9788.34
470,35,9807.97
470,36,9749.78
470,37,9791.51
470,38,9785.52
470,39,9758.52
470,40,9794.8
470,41,9775.39
470,42,9735.87
470,43,9799.09
470,44,9787.76
470,45,9772.38
470,46,9789.68
470,47,9812.51
470,48,9771.29
470,49,9782.98
470,50,9772.29
470,51,9779.2
470,52,9752.18
470,53,9803.52
470,54,9828.69
470,55,9783.34
470,56,9795.03
470,57,9804.15
470,58,9762.2
470,59,9808.28
470,60,9740.68
470,61,9779.56
470,62,9791.01
470,63,9760.21
470,64,9772.88
470,65,9752.07
470,66,9795.18
470,67,9771.29
470,68,9760.55
470,69,9756.99
470,70,9813.77
470,71,9792.81
470,72,9773.79
470,73,9820.98
470,74,9769.25
470,75,9784.2
470,76,9779.55
470,77,9769.6
470,78,9830.02
470,79,9774.62
470,80,9828.37
470,81,9801.9
470,82,9817.45
470,83,9764.01
470,84,9816.9
470,85,9804.45
470,86,9770.75
470,87,9790.03
470,88,9826.5
470,89,9809.95
470,90,9791.91
470,91,9759.95
470,92,9743.16
470,93,9806.69
470,94,9822.69
470,95,9796.08
470,96,9789.69
470,97,9758.22
470,98,9780.12
470,99,9792.32
480,0,9830.3
480,1,9755.89
480,2,9786.34
480,3,9808.75
480,4,9791.17
480,5,9823.89
480,6,9776.12
480,7,9782.54
480,8,9770.28
480,9,9763.46
480,10,9806.48
480,11,9793.53
480,12,9766.69
480,13,9762.33
480,14,9777.72
480,15,9798.78
480,16,9797.88
480,17,9811.71
480,18,9762.26
480,19,9782.43
480,20,9800.68
480,21,9756.95
480,22,9795.14
480,23,9798.7
480,24,9793.65
480,25,9745.42
480,26,9785.06
480,27,9791.93
480,28,9765.47
480,29,9772.91
480,30,9788.12
480,31,9791.86
480,32,9777.57
480,33,9764.35
480,34,9788.04
480,35,9807.67
480,36,9749.48
480,37,9791.21
480,38,9785.22
480,39,9758.22
480,40,9794.5
480,41,9775.09
480,42,9735.57
480,43,9798.79
480,44,9787.46
480,45,9772.08
480,46,9789.38
480,47,9812.21
480,48,9770.99
480,49,9782.68
480,50,9771.99
480,51,9778.9
480,52,9751.88
480,53,9803.22
480,54,9828.39
480,55,9783.04
480,56,9794.73
480,57,9803.85
480,58,9761.9
480,59,9807.98
480,60,9740.38
480,61,9779.26
480,62,9790.71
480,63,9759.91
480,64,9772.58
480,65,9751.77
480,66,9794.88
480,67,9770.99
480,68,9760.25
480,69,9756.69
480,70,9813.47
480,71,9792.51
480,72,9773.49
480,73,9820.68
480,74,9768.95
480,75,9783.9
480,76,9779.25
480,77,9769.3
480,78,9829.72
480,79,9774.32
480,80,9828.07
480,81,9801.6
480,82,9817.15
480,83,9763.71
480,84,9816.6
480,85,9804.15
480,86,9770.45
480,87,9789.73
480,88,9826.2
480,89,9809.65
480,90,9791.61
480,91,9759.65
480,92,9742.86
480,93,9806.39
480,94,9822.39
480,95,9795.78
480,96,9789.39
480,97,9757.92
480,98,9779.82
480,99,9792.02
490,0,9830
490,1,9755.59
490,2,9786.04
490,3,9808.45
490,4,9790.87
490,5,9823.59
490,6,9775.82
490,7,9782.24
490,8,9769.98
490,9,9763.16
490,10,9806.18
490,11,9793.23
490,12,9766.39
490,13,9762.03
490,14,9777.42
490,15,9798.48
490,16,9797.58
490,17,9811.35
490,18,9761.96
490,19,9782.13
490,20,9800.38
490,21,9756.65
490,22,9794.84
490,23,9798.4
490,24,9793.35
490,25,9745.12
490,26,9784.76
490,27,9791.63
490,28,9765.17
490,29,9772.61
490,30,9787.82
490,31,9791.56
490,32,9777.27
490,33,9764.05
490,34,9787.74
490,35,9807.37
490,36,9749.18
490,37,9790.91
490,38,9784.92
490,39,9757.92
490,40,9794.2
490,41,9774.79
490,42,9734.84
490,43,9798.49
490,44,9787.16
490,45,9771.78
490,46,9789.08
490,47,9811.91
490,48,9770.69
490,49,9782.38
490,50,9771.69
490,51,9778.6
490,52,9751.58
490,53,9802.92
490,54,9828.09
490,55,9782.74
490,56,9794.43
490,57,9803.5
490,58,9761.6
490,59,9807.68
490,60,9740.02
490,61,9778.96
490,62,9790.41
490,63,9759.61
490,64,9772.28
490,65,9751.47
490,66,9794.58
490,67,9770.69
490,68,9759.95
490,69,9756.39
490,70,9813.17
490,71,9792.21
490,72,9773.19
490,73,9820.38
490,74,9768.65
490,75,9783.6
490,76,9778.95
490,77,9769
490,78,9829.42
490,79,9774.02
490,80,9827.77
490,81,9801.3
490,82,9816.85
490,83,9763.41
490,84,9816.3
490,85,9803.85
490,86,9770.15
490,87,9789.43
490,88,9825.9
490,89,9809.35
490,90,9791.31
490,91,9759.35
490,92,9742.56
490,93,9806.09
490,94,9822.09
490,95,9795.48
490,96,9789.09
490,97,9757.62
490,98,9779.45
490,99,9791.72
500,0,9819.26
500,1,9743.28
500,2,9772.99
500,3,9797.35
500,4,9778.43
500,5,9814.59
500,6,9762.31
500,7,9769.82
500,8,9759.96
500,9,9748.98
500,10,9797.15
500,11,9781.72
500,12,9754
500,13,9749.83
500,14,9765.43
500,15,9787.18
500,16,9785.89
500,17,9801.51
500,18,9749.24
500,19,9769.27
500,20,9788.71
500,21,9743.88
500,22,9782.6
500,23,9785.33
500,24,9781.18
500,25,9732.09
500,26,9773.05
500,27,9780.09
500,28,9753.3
500,29,9760.65
500,30,9774.54
500,31,9779.14
500,32,9765.85
500,33,9751.87
500,34,9774.75
500,35,9795.3
500,36,9736.06
500,37,9778.94
500,38,9772.68
500,39,9744.64
500,40,9783.55
500,41,9762.28
500,42,9720.05
500,43,9787.37
500,44,9775.45
500,45,9759.13
500,46,9777.95
500,47,9802.42
500,48,9757.4
500,49,9769.6
500,50,9758.65
500,51,9764.58
500,52,9740.59
500,53,9791.95
500,54,9818.58
500,55,9769.63
500,56,9784.11
500,57,9793.06
500,58,9748.14
500,59,9796.71
500,60,9726.49
500,61,9765.62
500,62,9780.88
500,63,9747.05
500,64,9759.06
500,65,9739.11
500,66,9782.88
500,67,9755.96
500,68,9748
500,69,9742.25
500,70,9801.47
500,71,9781.23
500,72,9759.15
500,73,9809.84
500,74,9754.52
500,75,9771.72
500,76,9764.71
500,77,9756.63
500,78,9820.32
500,79,9760.49
500,80,9815.35
500,81,9790.12
500,82,9805.05
500,83,9748.19
500,84,9805.42
500,85,9792.33
500,86,9757.18
500,87,9776.82
500,88,9817.3
500,89,9799.37
500,90,9780.73
500,91,9745.75
500,92,9729.27
500,93,9794.93
500,94,9810.48
500,95,9785.85
500,96,9778.43
500,97,9743.33
500,98,9766.82
500,99,9778.78
510,0,9818.96
510,1,9742.98
510,2,9772.69
510,3,9797.05
510,4,9778.13
510,5,9814.29
510,6,9762.01
510,7,9769.52
510,8,9759.66
510,9,9748.68
510,10,9796.85
510,11,9781.42
510,12,9753.7
510,13,9749.53
510,14,9765.13
510,15,9786.88
510,16,9785.59
510,17,9801.21
510,18,9748.94
510,19,9768.97
510,20,9788.41
510,21,9743.58
510,22,9782.3
510,23,9785.03
510,24,9780.88
510,25,9731.79
510,26,9772.75
510,27,9779.79
510,28,9753
510,29,9760.35
510,30,9774.24
510,31,9778.84
510,32,9765.55
510,33,9751.57
510,34,9774.45
510,35,9795
510,36,9735.76
510,37,9778.64
510,38,9772.38
510,39,9744.34
510,40,9783.25
510,41,9761.98
510,42,9719.75
510,43,9787.07
510,44,9775.15
510,45,9758.83
510,46,9777.65
510,47,9802.12
510,48,9757.1
510,49,9769.3
510,50,9758.35
510,51,9764.28
510,52,9740.29
510,53,9791.65
510,54,9818.28
510,55,9769.33
510,56,9783.81
510,57,9792.76
510,58,9747.84
510,59,9796.41
510,60,9726.19
510,61,9765.32
510,62,9780.58
510,63,9746.75
510,64,9758.76
510,65,9738.81
510,66,9782.58
510,67,9755.66
510,68,9747.7
510,69,9741.95
510,70,9801.17
510,71,9780.93
510,72,9758.85
510,73,9809.54
510,74,9754.22
510,75,9771.42
510,76,9764.41
510,77,9756.33
510,78,9820.02
510,79,9760.19
510,80,9815.05
510,81,9789.82
510,82,9804.75
510,83,9747.89
510,84,9805.12
510,85,9792.03
510,86,9756.88
510,87,9776.52
510,88,9817
510,89,9799.07
510,90,9780.43
510,91,9745.45
510,92,9728.97
510,93,9794.63
510,94,9810.18
510,95,9785.55
510,96,9778.13
510,97,9743.03
510,98,9766.52
510,99,9778.48
520,0,9818.66
520,1,9742.68
520,2,9772.39
520,3,9796.75
520,4,9777.83
520,5,9813.99
520,6,9761.71
520,7,9769.22
520,8,9759.36
520,9,9748.38
520,10,9796.55
520,11,9781.12
520,12,9753.4
520,13,9749.23
520,14,9764.83
520,15,9786.58
520,16,9785.29
520,17,9800.91
520,18,9748.64
520,19,9768.67
520,20,9788.11
520,21,9743.28
520,22,9782
520,23,9784.73
520,24,9780.58
520,25,9731.49
520,26,9772.45
520,27,9779.49
520,28,9752.7
520,29,9760.05
520,30,9773.94
520,31,9778.54
520,32,9765.25
520,33,9751.27
520,34,9774.15
520,35,9794.7
520,36,9735.46
520,37,9778.34
520,38,9772.08
520,39,9744.04
520,40,9782.95
520,41,9761.68
520,42,9719.45
520,43,9786.77
520,44,9774.85
520,45,9758.53
520,46,9777.35
520,47,9801.82
520,48,9756.8
520,49,9769
520,50,9758.05
520,51,9763.98
520,52,9739.99
520,53,9791.35
520,54,9817.98
520,55,9769.03
520,56,9783.51
520,57,9792.46
520,58,9747.54
520,59,9796.11
520,60,9725.89
520,61,9765.02
520,62,9780.28
520,63,9746.45
520,64,9758.46
520,65,9738.51
520,66,9782.28
520,67,9755.36
520,68,9747.4
520,69,9741.65
520,70,9800.87
520,71,9780.63
520,72,9758.55
520,73,9809.24
520,74,9753.92
520,75,9771.12
520,76,9764.11
520,77,9756.03
520,78,9819.72
520,79,9759.89
520,80,9814.75
520,81,9789.52
520,82,9804.45
520,83,9747.59
520,84,9804.82
520,85,9791.73
520,86,9756.58
520,87,9776.22
520,88,9816.7
520,89,9798.77
520,90,9780.13
520,91,9745.15
520,92,9728.67
520,93,9794.33
520,94,9809.88
520,95,9785.25
520,96,9777.83
520,97,9742.73
520,98,9766.22
520,99,9778.18
530,0,9808.31
530,1,9729.76
530,2,9759.51
530,3,9785.48
530,4,9766.37
530,5,9805.14
530,6,9749.81
530,7,9758.57
530,8,9747.83
530,9,9735.35
530,10,9787
530,11,9769.36
530,12,9740.71
530,13,9736.61
530,14,9754.13
530,15,9776.22
530,16,9774.38
530,17,9793
530,18,9735.67
530,19,9756.61
530,20,9776.08
530,21,9729.48
530,22,9770
530,23,9772.8
530,24,9770.09
530,25,9717.48
530,26,9760.99
530,27,9769.21
530,28,9739.92
530,29,9747.01
530,30,9760.66
530,31,9765.96
530,32,9753.09
530,33,9739.06
530,34,9761.42
530,35,9783.28
530,36,9722.35
530,37,9766.6
530,38,9761.22
530,39,9730
530,40,9772.25
530,41,9750.19
530,42,9705
530,43,9776.9
530,44,9765.29
530,45,9745.74
530,46,9765.55
530,47,9792.05
530,48,9744.89
530,49,9758.6
530,50,9746.47
530,51,9745
530,52,9728.4
530,53,9776.78
530,54,9808.76
530,55,9756.43
530,56,9774.02
530,57,9782.15
530,58,9733.86
530,59,9784.86
530,60,9711.26
530,61,9751.82
530,62,9768.2
530,63,9732.84
530,64,9745.33
530,65,9724.76
530,66,9772.13
530,67,9743.51
530,68,9734.71
530,69,9727.77
530,70,9792.04
530,71,9770.46
530,72,9747.38
530,73,9798.84
530,74,9740.48
530,75,9758.92
530,76,9752.6
530,77,9744.08
530,78,9810.73
530,79,9747.13
530,80,9804.96
530,81,9779.11
530,82,9794.84
530,83,9734.53
530,84,9793.41
530,85,9781.11
530,86,9744.9
530,87,9763.77
530,88,9807.22
530,89,9788.04
530,90,9770.93
530,91,9731.78
530,92,9714.84
530,93,9785.12
530,94,9797.69
530,95,9775.22
530,96,9763.12
530,97,9729.76
530,98,9754.47
530,99,9766.35
540,0,9808.01
540,1,9729.46
540,2,9759.21
540,3,9785.18
540,4,9766.07
540,5,9804.84
540,6,9749.51
540,7,9758.27
540,8,9747.53
540,9,9735.05
540,10,9786.7
540,11,9769.06
540,12,9740.41
540,13,9736.31
540,14,9753.83
540,15,9775.92
540,16,9774.08
540,17,9792.7
540,18,9735.37
540,19,9756.31
540,20,9775.78
540,21,9729.18
540,22,9769.7
540,23,9772.5
540,24,9769.79
540,25,9717.18
540,26,9760.69
540,27,9768.91
540,28,9739.62
540,29,9746.71
540,30,9760.36
540,31,9765.66
540,32,9752.79
540,33,9738.76
540,34,9761.12
540,35,9782.98
540,36,9722.05
540,37,9766.3
540,38,9760.92
540,39,9729.7
540,40,9771.95
540,41,9749.89
540,42,9704.7
540,43,9776.6
540,44,9764.99
540,45,9745.44
540,46,9765.25
540,47,9791.75
540,48,9744.59
540,49,9758.3
540,50,9746.17
540,51,9744.7
540,52,9728.1
540,53,9776.48
540,54,9808.46
540,55,9756.13
540,56,9773.72
540,57,9781.85
540,58,9733.56
540,59,9784.56
540,60,9710.96
540,61,9751.52
540,62,9767.9
540,63,9732.54
540,64,9745.03
540,65,9724.46
540,66,9771.83
540,67,9743.21
540,68,9734.41
540,69,9727.47
540,70,9791.74
540,71,9770.16
540,72,9747.08
540,73,9798.54
540,74,9740.18
540,75,9758.62
540,76,9752.3
540,77,9743.78
540,78,9810.43
540,79,9746.83
540,80,9804.66
540,81,9778.81
540,82,9794.54
540,83,9734.23
540,84,9793.11
540,85,9780.81
540,86,9744.6
540,87,9763.47
540,88,9806.92
540,89,9787.74
540,90,9770.63
540,91,9731.48
540,92,9714.54
540,93,9784.82
540,94,9797.39
540,95,9774.92
540,96,9762.82
540,97,9729.46
540,98,9754.17
540,99,9766.05
550,0,9807.71
550,1,9729.16
550,2,9758.91
550,3,9784.88
550,4,9765.77
550,5,9804.54
550,6,9749.21
550,7,9757.97
550,8,9747.23
550,9,9734.75
550,10,9786.4
550,11,9768.76
550,12,9740.11
550,13,9736.01
550,14,9753.53
550,15,9775.62
550,16,9773.78
550,17,9792.4
550,18,9735.07
550,19,9756.01
550,20,9775.48
550,21,9728.88
550,22,9769.4
550,23,9772.2
550,24,9769.49
550,25,9716.88
550,26,9760.39
550,27,9768.61
550,28,9739.32
550,29,9746.41
550,30,9760.06
550,31,9765.36
550,32,9752.49
550,33,9738.46
550,34,9760.82
550,35,9782.68
550,36,9721.75
550,37,9766
550,38,9760.62
550,39,9729.4
550,40,9771.65
550,41,9749.59
550,42,9704.4
550,43,9776.3
550,44,9764.69
550,45,9745.14
550,46,9764.95
550,47,9791.45
550,48,9744.29
550,49,9758
550,50,9745.87
550,51,9744.4
550,52,9727.8
550,53,9776.18
550,54,9808.16
550,55,9755.83
550,56,9773.42
550,57,9781.55
550,58,9733.26
550,59,9784.26
550,60,9710.66
550,61,9751.22
550,62,9767.6
550,63,9732.24
550,64,9744.73
550,65,9724.16
550,66,9771.53
550,67,9742.91
550,68,9734.11
550,69,9727.17
550,70,9791.44
550,71,9769.86
550,72,9746.78
550,73,9798.24
550,74,9739.88
550,75,9758.32
550,76,9752
550,77,9743.48
550,78,9810.13
550,79,9746.53
550,80,9804.36
550,81,9778.51
550,82,9794.24
550,83,9733.93
550,84,9792.81
550,85,9780.51
550,86,9744.3
550,87,9763.17
550,88,9806.62
550,89,9787.44
550,90,9770.33
550,91,9731.18
550,92,9714.24
550,93,9784.52
550,94,9797.09
550,95,9774.62
550,96,9762.52
550,97,9729.16
550,98,9753.87
550,99,9765.75
560,0,9796.6
560,1,9714.27
560,2,9745.7
560,3,9773.73
560,4,9753.78
560,5,9794.52
560,6,9737.4
560,7,9746.46
560,8,9735.82
560,9,9721.77
560,10,9770.36
560,11,9756.87
560,12,9727.48
560,13,9721.39
560,14,9742.52
560,15,9764.33
560,16,9762.92
560,17,9783.43
560,18,9720.54
560,19,9743.51
560,20,9763.05
560,21,9713.71
560,22,9756.78
560,23,9759.27
560,24,9756.96
560,25,9702.57
560,26,9748.04
560,27,9757.87
560,28,9725.18
560,29,9732.57
560,30,9745.48
560,31,9752.85
560,32,9740.1
560,33,9725.52
560,34,9747.68
560,35,9771.26
560,36,9706.25
560,37,9754.42
560,38,9748.88
560,39,9714.85
560,40,9761.08
560,41,9735.86
560,42,9689.15
560,43,9765.51
560,44,9755.15
560,45,9731.71
560,46,9751.52
560,47,9781.32
560,48,9732.2
560,49,9746.71
560,50,9733.38
560,51,9731.72
560,52,9711.93
560,53,9761.82
560,54,9795.66
560,55,9742.83
560,56,9763
560,57,9770.23
560,58,9719.18
560,59,9772.95
560,60,9695.16
560,61,9737.25
560,62,9755.63
560,63,9717.98
560,64,9731.2
560,65,9708.87
560,66,9759.06
560,67,9730.12
560,68,9720.85
560,69,9712.98
560,70,9780.2
560,71,9757.89
560,72,9734.97
560,73,9787.95
560,74,9725.94
560,75,9745.58
560,76,9739.68
560,77,9729.52
560,78,9799.49
560,79,9733.93
560,80,9793.72
560,81,9767.02
560,82,9783.05
560,83,9720.8
560,84,9779.41
560,85,9769.03
560,86,9731.33
560,87,9750.46
560,88,9797.15
560,89,9776.73
560,90,9760.39
560,91,9715.88
560,92,9699.26
560,93,9774.59
560,94,9785.06
560,95,9764.02
560,96,9748.52
560,97,9715.85
560,98,9741.22
560,99,9752.81
570,0,9796.3
570,1,9713.97
570,2,9745.4
570,3,9773.43
570,4,9753.48
570,5,9794.22
570,6,9737.1
570,7,9746.16
570,8,9735.52
570,9,9721.47
570,10,9770.06
570,11,9756.57
570,12,9727.18
570,13,9721.09
570,14,9742.22
570,15,9764.03
570,16,9762.62
570,17,9783.13
570,18,9720.24
570,19,9743.21
570,20,9762.75
570,21,9713.41
570,22,9756.48
570,23,9758.97
570,24,9756.66
570,25,9702.27
570,26,9747.74
570,27,9757.57
570,28,9724.88
570,29,9732.27
570,30,9745.18
570,31,9752.55
570,32,9739.8
570,33,9725.22
570,34,9747.38
570,35,9770.96
570,36,9705.95
570,37,9754.12
570,38,9748.58
570,39,9714.55
570,40,9760.78
570,41,9735.56
570,42,9688.85
570,43,9765.21
570,44,9754.85
570,45,9731.41
570,46,9751.22
570,47,9781.02
570,48,9731.9
570,49,9746.41
570,50,9733.08
570,51,9731.42
570,52,9711.63
570,53,9761.52
570,54,9795.36
570,55,9742.53
570,56,9762.7
570,57,9769.93
570,58,9718.88
570,59,9772.65
570,60,9694.86
570,61,9736.95
570,62,9755.33
570,63,9717.68
570,64,9730.9
570,65,9708.57
570,66,9758.76
570,67,9729.82
570,68,9720.55
570,69,9712.68
570,70,9779.9
570,71,9757.59
570,72,9734.67
570,73,9787.65
570,74,9725.64
570,75,9745.28
570,76,9739.38
570,77,9729.22
570,78,9799.19
570,79,9733.63
570,80,9793.42
570,81,9766.72
570,82,9782.75
570,83,9720.5
570,84,9779.11
570,85,9768.73
570,86,9731.03
570,87,9750.16
570,88,9796.85
570,89,9776.43
570,90,9760.09
570,91,9715.58
570,92,9698.96
570,93,9774.29
570,94,9784.76
570,95,9763.72
570,96,9748.22
570,97,9715.55
570,98,9740.92
570,99,9752.51
580,0,9796
580,1,9713.67
580,2,9745.1
580,3,9773.13
580,4,9753.18
580,5,9793.92
580,6,9736.8
580,7,9745.86
580,8,9735.22
580,9,9721.17
580,10,9769.76
580,11,9756.27
580,12,9726.88
580,13,9720.79
580,14,9741.92
580,15,9763.73
580,16,9762.32
580,17,9782.83
580,18,9719.94
580,19,9742.91
580,20,9762.45
580,21,9713.11
580,22,9756.18
580,23,9758.67
580,24,9756.36
580,25,9701.97
580,26,9747.44
580,27,9757.27
580,28,9724.58
580,29,9731.97
580,30,9744.88
580,31,9752.25
580,32,9739.5
580,33,9724.92
580,34,9747.08
580,35,9770.66
580,36,9705.65
580,37,9753.82
580,38,9748.28
580,39,9714.25
580,40,9760.48
580,41,9735.26
580,42,9688.55
580,43,9764.91
580,44,9754.55
580,45,9731.11
580,46,9750.92
580,47,9780.72
580,48,9731.6
580,49,9746.11
580,50,9732.78
580,51,9731.12
580,52,9711.33
580,53,9761.22
580,54,9795.06
580,55,9742.23
580,56,9762.4
580,57,9769.63
580,58,9718.58
580,59,9772.35
580,60,9694.56
580,61,9736.65
580,62,9755.03
580,63,9717.38
580,64,9730.6
580,65,9708.27
580,66,9758.46
580,67,9729.52
580,68,9720.25
580,69,9712.38
580,70,9779.6
580,71,9757.29
580,72,9734.37
580,73,9787.35
580,74,9725.34
580,75,9744.98
580,76,9739.08
580,77,9728.92
580,78,9798.89
580,79,9733.33
580,80,9793.12
580,81,9766.42
580,82,9782.45
580,83,9720.2
580,84,9778.81
580,85,9768.43
580,86,9730.73
580,87,9749.86
580,88,9796.55
580,89,9776.13
580,90,9759.79
580,91,9715.28
580,92,9698.66
580,93,9773.99
580,94,9784.46
580,95,9763.42
580,96,9747.92
580,97,9715.25
580,98,9740.62
580,99,9752.21
590,0,9782.56
590,1,9700.36
590,2,9732.18
590,3,9759.21
590,4,9737.69
590,5,9783.5
590,6,9720.5
590,7,9730.74
590,8,9720.54
590,9,9703.95
590,10,9755.71
590,11,9744.3
590,12,9711.65
590,13,9707.53
590,14,9727.37
590,15,9750.76
590,16,9748.73
590,17,9771.67
590,18,9705.41
590,19,9730.9
590,20,9749.96
590,21,9699.09
590,22,9740.43
590,23,9746.43
590,24,9744.35
590,25,9688.22
590,26,9732.28
590,27,9743.31
590,28,9711.36
590,29,9718.94
590,30,9731.59
590,31,9739.82
590,32,9724.96
590,33,9712.16
590,34,9734.14
590,35,9759.47
590,36,9691.3
590,37,9742.51
590,38,9733.13
590,39,9700.13
590,40,9747.33
590,41,9719.68
590,42,9671.86
590,43,9751.52
590,44,9740.98
590,45,9718.34
590,46,9738.82
590,47,9767.04
590,48,9715.35
590,49,9731.21
590,50,9715.75
590,51,9716.95
590,52,9693.86
590,53,9747.1
590,54,9784.58
590,55,9729.36
590,56,9749.5
590,57,9757.6
590,58,9704.66
590,59,9761.31
590,60,9678.1
590,61,9723.32
590,62,9740.6
590,63,9703.98
590,64,9718.05
590,65,9692.57
590,66,9747.55
590,67,9711.61
590,68,9707.34
590,69,9698.17
590,70,9767.56
590,71,9746.05
590,72,9717.58
590,73,9775
590,74,9711.39
590,75,9732.66
590,76,9722.08
590,77,9716.14
590,78,9789.44
590,79,9720.95
590,80,9782.01
590,81,9752.34
590,82,9771.08
590,83,9707.46
590,84,9767.59
590,85,9757.41
590,86,9714.67
590,87,9737.48
590,88,9785.9
590,89,9763.21
590,90,9745.15
590,91,9698.8
590,92,9685.5
590,93,9762.95
590,94,9771.5
590,95,9750.41
590,96,9735.29
590,97,9701.99
590,98,9725.78
590,99,9739.88
600,0,9782.26
600,1,9700.06
600,2,9731.88
600,3,9758.91
600,4,9737.39
600,5,9783.2
600,6,9720.2
600,7,9730.44
600,8,9720.24
600,9,9703.65
600,10,9755.41
600,11,9744
600,12,9711.35
600,13,9707.23
600,14,9727.07
600,15,9750.46
600,16,9748.43
600,17,9771.37
600,18,9705.11
600,19,9730.6
600,20,9749.66
600,21,9698.79
600,22,9740.13
600,23,9746.13
600,24,9744.05
600,25,9687.92
600,26,9731.98
600,27,9743.01
600,28,9711.06
600,29,9718.64
600,30,9731.29
600,31,9739.52
600,32,9724.66
600,33,9711.86
600,34,9733.84
600,35,9759.17
600,36,9691
600,37,9742.21
600,38,9732.83
600,39,9699.83
600,40,9747.03
600,41,9719.38
600,42,9671.56
600,43,9751.22
600,44,9740.68
600,45,9718.04
600,46,9738.52
600,47,9766.74
600,48,9715.05
600,49,9730.91
600,50,9715.45
600,51,9716.65
600,52,9693.56
600,53,9746.8
600,54,9784.28
600,55,9729.06
600,56,9749.2
600,57,9757.3
600,58,9704.36
600,59,9761.01
600,60,9677.8
600,61,9723.02
600,62,9740.3
600,63,9703.68
600,64,9717.75
600,65,9692.27
600,66,9747.25
600,67,9711.31
600,68,9707.04
600,69,9697.87
600,70,9767.26
600,71,9745.75
600,72,9717.28
600,73,9774.7
600,74,9711.09
600,75,9732.36
600,76,9721.78
600,77,9715.84
600,78,9789.14
600,79,9720.65
600,80,9781.71
600,81,9752.04
600,82,9770.78
600,83,9707.16
600,84,9767.29
600,85,9757.11
600,86,9714.37
600,87,9737.18
600,88,9785.6
600,89,9762.91
600,90,9744.85
600,91,9698.5
600,92,9685.2
600,93,9762.65
600,94,9771.2
600,95,9750.11
600,96,9734.99
600,97,9701.69
600,98,9725.48
600,99,9739.58
610,0,9781.96
610,1,9699.76
610,2,9731.58
610,3,9758.61
610,4,9737.09
610,5,9782.9
610,6,9719.9
610,7,9730.14
610,8,9719.94
610,9,9703.35
610,10,9755.11
610,11,9743.7
610,12,9711.05
610,13,9706.93
610,14,9726.77
610,15,9750.16
610,16,9748.13
610,17,9771.07
610,18,9704.81
610,19,9730.3
610,20,9749.36
610,21,9698.49
610,22,9739.83
610,23,9745.83
610,24,9743.75
610,25,9687.62
610,26,9731.68
610,27,9742.71
610,28,9710.76
610,29,9718.34
610,30,9730.99
610,31,9739.22
610,32,9724.36
610,33,9711.56
610,34,9733.54
610,35,9758.87
610,36,9690.7
610,37,9741.91
610,38,9732.53
610,39,9699.53
610,40,9746.73
610,41,9719.08
610,42,9671.26
610,43,9750.92
610,44,9740.38
610,45,9717.74
610,46,9738.22
610,47,9766.44
610,48,9714.75
610,49,9730.61
610,50,9715.15
610,51,9716.35
610,52,9693.26
610,53,9746.5
610,54,9783.98
610,55,9728.76
610,56,9748.9
610,57,9757
610,58,9704.06
610,59,9760.71
610,60,9677.5
610,61,9722.72
610,62,9740
610,63,9703.38
610,64,9717.45
610,65,9691.97
610,66,9746.95
610,67,9711.01
610,68,9706.74
610,69,9697.57
610,70,9766.96
610,71,9745.45
610,72,9716.98
610,73,9774.4
610,74,9710.79
610,75,9732.06
610,76,9721.48
610,77,9715.54
610,78,9788.84
610,79,9720.35
610,80,9781.41
610,81,9751.74
610,82,9770.48
610,83,9706.86
610,84,9766.99
610,85,9756.81
610,86,9714.07
610,87,9736.88
610,88,9785.3
610,89,9762.61
610,90,9744.55
610,91,9698.2
610,92,9684.9
610,93,9762.35
610,94,9770.9
610,95,9749.81
610,96,9734.69
610,97,9701.39
610,98,9725.18
610,99,9739.28
620,0,9771.66
620,1,9686.99
620,2,9719.66
620,3,9747.71
620,4,9722.1
620,5,9771.87
620,6,9704.95
620,7,9716.12
620,8,9705.01
620,9,9687.1
620,10,9742.11
620,11,9732.11
620,12,9696.9
620,13,9694.37
620,14,9713.83
620,15,9738.41
620,16,9736.11
620,17,9761.63
620,18,9692.09
620,19,9719
620,20,9737.27
620,21,9684.97
620,22,9727.82
620,23,9733.36
620,24,9732.97
620,25,9675.62
620,26,9720.21
620,27,9729.73
620,28,9697.98
620,29,9705.78
620,30,9718.16
620,31,9727.89
620,32,9712.51
620,33,9699.72
620,34,9721
620,35,9748.14
620,36,9677.06
620,37,9730.41
620,38,9718.63
620,39,9685.83
620,40,9734.98
620,41,9707.31
620,42,9658.21
620,43,9737.79
620,44,9726.56
620,45,9705.97
620,46,9726.77
620,47,9755.09
620,48,9699.52
620,49,9716.94
620,50,9699.88
620,51,9705.12
620,52,9682.37
620,53,9732.89
620,54,9771.95
620,55,9715.62
620,56,9737.21
620,57,9745.52
620,58,9690.58
620,59,9749.92
620,60,9664.25
620,61,9709.15
620,62,9728.14
620,63,9690.42
620,64,9704.87
620,65,9678.53
620,66,9734.1
620,67,9698.91
620,68,9690.38
620,69,9683.83
620,70,9755.74
620,71,9732.66
620,72,9705.43
620,73,9764.26
620,74,9697.53
620,75,9720.24
620,76,9705.7
620,77,9703.22
620,78,9778.43
620,79,9705.06
620,80,9771.48
620,81,9740.96
620,82,9759.84
620,83,9694.27
620,84,9754.37
620,85,9744.94
620,86,9702.6
620,87,9724.85
620,88,9775.63
620,89,9751.91
620,90,9732.17
620,91,9684.52
620,92,9672.03
620,93,9751.18
620,94,9758.06
620,95,9738.65
620,96,9722.55
620,97,9689.19
620,98,9711.36
620,99,9725.93
630,0,9771.36
630,1,9686.69
630,2,9719.36
630,3,9747.41
630,4,9721.8
630,5,9771.57
630,6,9704.65
630,7,9715.82
630,8,9704.71
630,9,9686.8
630,10,9741.81
630,11,9731.81
630,12,9696.6
630,13,9694.07
630,14,9713.53
630,15,9738.11
630,16,9735.81
630,17,9761.33
630,18,9691.79
630,19,9718.7
630,20,9736.97
630,21,9684.67
630,22,9727.52
630,23,9733.06
630,24,9732.67
630,25,9675.32
630,26,9719.91
630,27,9729.43
630,28,9697.68
630,29,9705.48
630,30,9717.86
630,31,9727.59
630,32,9712.21
630,33,9699.42
630,34,9720.7
630,35,9747.84
630,36,9676.76
630,37,9730.11
630,38,9718.33
630,39,9685.53
630,40,9734.68
630,41,9707.01
630,42,9657.91
630,43,9737.49
630,44,9726.26
630,45,9705.67
630,46,9726.47
630,47,9754.79
630,48,9699.22
630,49,9716.64
630,50,9699.58
630,51,9704.82
630,52,9682.07
630,53,9732.59
630,54,9771.65
630,55,9715.32
630,56,9736.91
630,57,9745.22
630,58,9690.28
630,59,9749.62
630,60,9663.95
630,61,9708.85
630,62,9727.84
630,63,9690.12
630,64,9704.57
630,65,9678.23
630,66,9733.8
630,67,9698.61
630,68,9690.08
630,69,9683.53
630,70,9755.44
630,71,9732.36
630,72,9705.13
630,73,9763.96
630,74,9697.23
630,75,9719.94
630,76,9705.4
630,77,9702.92
630,78,9778.13
630,79,9704.76
630,80,9771.18
630,81,9740.66
630,82,9759.54
630,83,9693.97
630,84,9754.07
630,85,9744.64
630,86,9702.3
630,87,9724.55
630,88,9775.33
630,89,9751.61
630,90,9731.87
630,91,9684.22
630,92,9671.73
630,93,9750.88
630,94,9757.76
630,95,9738.35
630,96,9722.25
630,97,9688.89
630,98,9711.06
630,99,9725.63
640,0,9771.06
640,1,9686.39
640,2,9719.06
640,3,9747.11
640,4,9721.5
640,5,9771.27
640,6,9704.35
640,7,9715.52
640,8,9704.41
640,9,9686.5
640,10,9741.51
640,11,9731.51
640,12,9696.3
640,13,9693.77
640,14,9713.23
640,15,9737.81
640,16,9735.51
640,17,9761.03
640,18,9691.49
640,19,9718.4
640,20,9736.67
640,21,9684.37
640,22,9727.22
640,23,9732.76
640,24,9732.37
640,25,9675.02
640,26,9719.61
640,27,9729.13
640,28,9697.38
640,29,9705.18
640,30,9717.56
640,31,9727.29
640,32,9711.91
640,33,9699.12
640,34,9720.4
640,35,9747.54
640,36,9676.46
640,37,9729.81
640,38,9718.03
640,39,9685.23
640,40,9734.38
640,41,9706.71
640,42,9657.61
640,43,9737.19
640,44,9725.96
640,45,9705.37
640,46,9726.17
640,47,9754.49
640,48,9698.92
640,49,9716.34
640,50,9699.28
640,51,9704.52
640,52,9681.77
640,53,9732.29
640,54,9771.35
640,55,9715.02
640,56,9736.61
640,57,9744.92
640,58,9689.98
640,59,9749.32
640,60,9663.65
640,61,9708.55
640,62,9727.54
640,63,9689.82
640,64,9704.27
640,65,9677.93
640,66,9733.5
640,67,9698.31
640,68,9689.78
640,69,9683.23
640,70,9755.14
640,71,9732.06
640,72,9704.83
640,73,9763.66
640,74,9696.93
640,75,9719.64
640,76,9705.1
640,77,9702.62
640,78,9777.83
640,79,9704.46
640,80,9770.88
640,81,9740.36
640,82,9759.24
640,83,9693.67
640,84,9753.77
640,85,9744.34
640,86,9702
640,87,9724.25
640,88,9775.03
640,89,9751.31
640,90,9731.57
640,91,9683.92
640,92,9671.43
640,93,9750.58
640,94,9757.46
640,95,9738.05
640,96,9721.95
640,97,9688.59
640,98,9710.76
640,99,9725.33
650,0,9761.04
650,1,9671.55
650,2,9704.42
650,3,9734.51
650,4,9708.45
650,5,9758.82
650,6,9690.4
650,7,9703.02
650,8,9692.82
650,9,9668.85
650,10,9728.75
650,11,9717.16
650,12,9680.77
650,13,9678.82
650,14,9701.4
650,15,9722.98
650,16,9722.37
650,17,9749.39
650,18,9677.78
650,19,9705.43
650,20,9722.64
650,21,9669.59
650,22,9714.91
650,23,9719.64
650,24,9719.46
650,25,9657.47
650,26,9705.98
650,27,9716.46
650,28,9683.61
650,29,9691.68
650,30,9702.68
650,31,9712.48
650,32,9698.32
650,33,9684.57
650,34,9704.77
650,35,9734.23
650,36,9658.93
650,37,9716.67
650,38,9705.65
650,39,9667.21
650,40,9721.13
650,41,9690.67
650,42,9639.95
650,43,9724.26
650,44,9714.83
650,45,9690.02
650,46,9708.88
650,47,9744.8
650,48,9684.13
650,49,9702.15
650,50,9686.83
650,51,9692.81
650,52,9668.46
650,53,9717.92
650,54,9759.45
650,55,9701.29
650,56,9725.65
650,57,9731.75
650,58,9672.27
650,59,9735.34
650,60,9645.71
650,61,9692.55
650,62,9714.68
650,63,9672.21
650,64,9689.58
650,65,9663.22
650,66,9721.21
650,67,9683.15
650,68,9673.2
650,69,9665.01
650,70,9741.65
650,71,9718.39
650,72,9690.7
650,73,9751.1
650,74,9680.63
650,75,9704.78
650,76,9690.77
650,77,9684.61
650,78,9767.21
650,79,9689.95
650,80,9758.39
650,81,9724.32
650,82,9745.03
650,83,9677.88
650,84,9743.03
650,85,9729.75
650,86,9687.15
650,87,9708.97
650,88,9762.35
650,89,9736.79
650,90,9720.1
650,91,9669.05
650,92,9654.67
650,93,9740.3
650,94,9746.44
650,95,9724.9
650,96,9707.81
650,97,9671.98
650,98,9697.6
650,99,9711.23
660,0,9760.74
660,1,9671.25
660,2,9704.12
660,3,9734.21
660,4,9708.15
660,5,9758.52
660,6,9690.1
660,7,9702.72
660,8,9692.52
660,9,9668.55
660,10,9728.45
660,11,9716.86
660,12,9680.47
660,13,9678.52
660,14,9701.1
660,15,9722.68
660,16,9722.07
660,17,9749.09
660,18,9677.48
660,19,9705.13
660,20,9722.34
660,21,9669.29
660,22,9714.61
660,23,9719.34
660,24,9719.16
660,25,9657.17
660,26,9705.68
660,27,9716.16
660,28,9683.31
660,29,9691.38
660,30,9702.38
660,31,9712.18
660,32,9698.02
660,33,9684.27
660,34,9704.47
660,35,9733.93
660,36,9658.63
660,37,9716.37
660,38,9705.35
660,39,9666.94
660,40,9720.83
660,41,9690.37
660,42,9639.66
660,43,9723.96
660,44,9714.53
660,45,9689.72
660,46,9708.58
660,47,9744.5
660,48,9683.83
660,49,9701.85
660,50,9686.53
660,51,9692.51
660,52,9668.16
660,53,9717.62
660,54,9759.15
660,55,9700.99
660,56,9725.35
660,57,9731.45
660,58,9671.98
660,59,9735.04
660,60,9645.42
660,61,9692.25
660,62,9714.38
660,63,9671.92
660,64,9689.28
660,65,9662.92
660,66,9720.91
660,67,9682.85
660,68,9672.9
660,69,9664.71
660,70,9741.35
660,71,9718.09
660,72,9690.4
660,73,9750.8
660,74,9680.33
660,75,9704.48
660,76,9690.47
660,77,9684.31
660,78,9766.91
660,79,9689.65
660,80,9758.09
660,81,9724.02
660,82,9744.73
660,83,9677.58
660,84,9742.73
660,85,9729.45
660,86,9686.85
660,87,9708.67
660,88,9762.05
660,89,9736.49
660,90,9719.8
660,91,9668.75
660,92,9654.37
660,93,9740
660,94,9746.14
660,95,9724.6
660,96,9707.51
660,97,9671.68
660,98,9697.3
660,99,9710.93
670,0,9760.44
670,1,9670.95
670,2,9703.82
670,3,9733.91
670,4,9707.85
670,5,9758.22
670,6,9689.8
670,7,9702.42
670,8,9692.22
670,9,9668.25
670,10,9728.15
670,11,9716.56
670,12,9680.17
670,13,9678.22
670,14,9700.8
670,15,9722.38
670,16,9721.77
670,17,9748.79
670,18,9677.18
670,19,9704.83
670,20,9722.04
670,21,9668.99
670,22,9714.31
670,23,9719.04
670,24,9718.86
670,25,9656.87
670,26,9705.38
670,27,9715.86
670,28,9683.01
670,29,9691.08
670,30,9702.08
670,31,9711.88
670,32,9697.72
670,33,9683.97
670,34,9704.17
670,35,9733.63
670,36,9658.33
670,37,9716.07
670,38,9705.05
670,39,9666.64
670,40,9720.53
670,41,9690.07
670,42,9639.36
670,43,9723.66
670,44,9714.23
670,45,9689.42
670,46,9708.28
670,47,9744.2
670,48,9683.53
670,49,9701.55
670,50,9686.23
670,51,9692.21
670,52,9667.86
670,53,9717.32
670,54,9758.85
670,55,9700.69
670,56,9725.05
670,57,9731.15
670,58,9671.68
670,59,9734.74
670,60,9645.12
670,61,9691.95
670,62,9714.08
670,63,9671.62
670,64,9688.98
670,65,9662.62
670,66,9720.61
670,67,9682.55
670,68,9672.6
670,69,9664.41
670,70,9741.05
670,71,9717.79
670,72,9690.1
670,73,9750.5
670,74,9680.03
670,75,9704.18
670,76,9690.17
670,77,9684.01
670,78,9766.61
670,79,9689.35
670,80,9757.79
670,81,9723.72
670,82,9744.43
670,83,9677.28
670,84,9742.43
670,85,9729.15
670,86,9686.55
670,87,9708.37
670,88,9761.75
670,89,9736.19
670,90,9719.5
670,91,9668.45
670,92,9654.07
670,93,9739.7
670,94,9745.84
670,95,9724.3
670,96,9707.21
670,97,9671.38
670,98,9697
670,99,9710.63
680,0,9748.33
680,1,9656.95
680,2,9688.14
680,3,9720.76
680,4,9695.06
680,5,9749.18
680,6,9675.66
680,7,9689.41
680,8,9678.95
680,9,9655.79
680,10,9716.4
680,11,9701.73
680,12,9666.91
680,13,9664.84
680,14,9687.94
680,15,9711.02
680,16,9711.79
680,17,9739.57
680,18,9665.93
680,19,9692.7
680,20,9709.14
680,21,9655.4
680,22,9700.89
680,23,9704.98
680,24,9705.84
680,25,9644.06
680,26,9690.76
680,27,9703.86
680,28,9670.4
680,29,9678.94
680,30,9688.25
680,31,9699.95
680,32,9684.25
680,33,9671.99
680,34,9692.5
680,35,9720.67
680,36,9644.38
680,37,9705.15
680,38,9692.53
680,39,9653.12
680,40,9708.95
680,41,9674.92
680,42,9627.18
680,43,9711.87
680,44,9701.92
680,45,9673.82
680,46,9696.16
680,47,9734.27
680,48,9668.53
680,49,9688.76
680,50,9674.37
680,51,9678.92
680,52,9654.25
680,53,9702.82
680,54,9749.74
680,55,9684.72
680,56,9714.09
680,57,9719
680,58,9658.4
680,59,9720.43
680,60,9628.89
680,61,9676.9
680,62,9700.82
680,63,9658.83
680,64,9675.99
680,65,9649.2
680,66,9710.45
680,67,9668.94
680,68,9660.03
680,69,9651.68
680,70,9728.1
680,71,9707.19
680,72,9675.15
680,73,9738.44
680,74,9663.61
680,75,9688.6
680,76,9676.06
680,77,9672.93
680,78,9757.71
680,79,9673.96
680,80,9745.46
680,81,9709.75
680,82,9733.65
680,83,9663.43
680,84,9732.73
680,85,9716.59
680,86,9672.03
680,87,9694.9
680,88,9751.79
680,89,9725.86
680,90,9707.6
680,91,9654.95
680,92,9640.95
680,93,9729.46
680,94,9736.69
680,95,9712.68
680,96,9694.25
680,97,9655.42
680,98,9683.12
680,99,9696.23
690,0,9748.03
690,1,9656.65
690,2,9687.84
690,3,9720.46
690,4,9694.76
690,5,9748.88
690,6,9675.36
690,7,9689.11
690,8,9678.65
690,9,9655.49
690,10,9716.1
690,11,9701.43
690,12,9666.61
690,13,9664.54
690,14,9687.64
690,15,9710.72
690,16,9711.49
690,17,9739.27
690,18,9665.63
690,19,9692.4
690,20,9708.84
690,21,9655.1
690,22,9700.59
690,23,9704.68
690,24,9705.54
690,25,9643.76
690,26,9690.46
690,27,9703.56
690,28,9670.1
690,29,9678.64
690,30,9687.95
690,31,9699.65
690,32,9683.95
690,33,9671.69
690,34,9692.2
690,35,9720.37
690,36,9644.08
690,37,9704.85
690,38,9692.23
690,39,9652.82
690,40,9708.65
690,41,9674.62
690,42,9626.88
690,43,9711.57
690,44,9701.62
690,45,9673.52
690,46,9695.86
690,47,9733.97
690,48,9668.23
690,49,9688.46
690,50,9674.07
690,51,9678.62
690,52,9653.95
690,53,9702.52
690,54,9749.44
690,55,9684.43
690,56,9713.79
690,57,9718.7
690,58,9658.1
690,59,9720.13
690,60,9628.59
690,61,9676.6
690,62,9700.52
690,63,9658.53
690,64,9675.69
690,65,9648.9
690,66,9710.15
690,67,9668.64
690,68,9659.73
690,69,9651.38
690,70,9727.8
690,71,9706.89
690,72,9674.85
690,73,9738.14
690,74,9663.31
690,75,9688.3
690,76,9675.76
690,77,9672.63
690,78,9757.41
690,79,9673.66
690,80,9745.16
690,81,9709.45
690,82,9733.35
690,83,9663.13
690,84,9732.43
690,85,9716.29
690,86,9671.73
690,87,9694.6
690,88,9751.49
690,89,9725.56
690,90,9707.3
690,91,9654.65
690,92,9640.65
690,93,9729.16
690,94,9736.39
690,95,9712.38
690,96,9693.95
690,97,9655.13
690,98,9682.82
690,99,9695.93
700,0,9747.73
700,1,9656.35
700,2,9687.54
700,3,9720.16
700,4,9694.46
700,5,9748.58
700,6,9675.06
700,7,9688.81
700,8,9678.35
700,9,9655.19
700,10,9715.8
700,11,9701.13
700,12,9666.31
700,13,9664.24
700,14,9687.34
700,15,9710.42
700,16,9711.19
700,17,9738.97
700,18,9665.33
700,19,9692.1
700,20,9708.54
700,21,9654.8
700,22,9700.29
700,23,9704.38
700,24,9705.24
700,25,9643.46
700,26,9690.16
700,27,9703.26
700,28,9669.8
700,29,9678.34
700,30,9687.65
700,31,9699.35
700,32,9683.65
700,33,9671.39
700,34,9691.9
700,35,9720.07
700,36,9643.78
700,37,9704.55
700,38,9691.93
700,39,9652.52
700,40,9708.35
700,41,9674.32
700,42,9626.58
700,43,9711.27
700,44,9701.32
700,45,9673.22
700,46,9695.56
700,47,9733.67
700,48,9667.93
700,49,9688.16
700,50,9673.77
700,51,9678.32
700,52,9653.65
700,53,9702.22
700,54,9749.14
700,55,9684.13
700,56,9713.49
700,57,9718.4
700,58,9657.8
700,59,9719.83
700,60,9628.29
700,61,9676.3
700,62,9700.22
700,63,9658.23
700,64,9675.39
700,65,9648.6
700,66,9709.85
700,67,9668.34
700,68,9659.43
700,69,9651.08
700,70,9727.5
700,71,9706.59
700,72,9674.55
700,73,9737.84
700,74,9663.01
700,75,9688
700,76,9675.46
700,77,9672.33
700,78,9757.11
700,79,9673.36
700,80,9744.86
700,81,9709.15
700,82,9733.05
700,83,9662.83
700,84,9732.13
700,85,9715.99
700,86,9671.43
700,87,9694.3
700,88,9751.19
700,89,9725.26
700,90,9707
700,91,9654.35
700,92,9640.35
700,93,9728.86
700,94,9736.09
700,95,9712.08
700,96,9693.65
700,97,9654.83
700,98,9682.52
700,99,9695.63
710,0,9737.53
710,1,9642.5
710,2,9674.17
710,3,9710.08
710,4,9683.24
710,5,9739.09
710,6,9661.86
710,7,9675.79
710,8,9664.74
710,9,9639.57
710,10,9704.7
710,11,9688.24
710,12,9651.78
710,13,9650.78
710,14,9674.29
710,15,9696.55
710,16,9699.09
710,17,9727.88
710,18,9652.47
710,19,9678.94
710,20,9696.23
710,21,9641.35
710,22,9689.76
710,23,9690.7
710,24,9692.53
710,25,9627.11
710,26,9677.13
710,27,9691.04
710,28,9657.41
710,29,9666.2
710,30,9674.52
710,31,9687.8
710,32,9669.39
710,33,9659.47
710,34,9678
710,35,9706.82
710,36,9629.97
710,37,9692.88
710,38,9678.73
710,39,9637.98
710,40,9697.7
710,41,9661.22
710,42,9613.06
710,43,9698.58
710,44,9688.11
710,45,9659.15
710,46,9681.03
710,47,9723.23
710,48,9656.61
710,49,9675.08
710,50,9661.94
710,51,9663.76
710,52,9642.11
710,53,9689.78
710,54,9736.75
710,55,9670.75
710,56,9701.67
710,57,9706.54
710,58,9643.46
710,59,9706.62
710,60,9614.52
710,61,9661.4
710,62,9686.73
710,63,9645.33
710,64,9661.81
710,65,9635.36
710,66,9698.02
710,67,9652.7
710,68,9647.3
710,69,9638.85
710,70,9716.16
710,71,9695.72
710,72,9660.71
710,73,9726.87
710,74,9650.37
710,75,9676.31
710,76,9661.39
710,77,9660.51
710,78,9746.35
710,79,9661.7
710,80,9733.81
710,81,9697.58
710,82,9719.94
710,83,9646.92
710,84,9722.79
710,85,9703.97
710,86,9655.71
710,87,9680.98
710,88,9739.71
710,89,9711.74
710,90,9694.92
710,91,9640.89
710,92,9626.32
710,93,9718.59
710,94,9725.14
710,95,9699.27
710,96,9677.68
710,97,9642.25
710,98,9670
710,99,9681.64
720,0,9737.23
720,1,9642.2
720,2,9673.87
720,3,9709.78
720,4,9682.94
720,5,9738.79
720,6,9661.56
720,7,9675.49
720,8,9664.44
720,9,9639.28
720,10,9704.4
720,11,9687.94
720,12,9651.48
720,13,9650.48
720,14,9673.99
720,15,9696.25
720,16,9698.79
720,17,9727.58
720,18,9652.17
720,19,9678.64
720,20,9695.93
720,21,9641.05
720,22,9689.46
720,23,9690.4
720,24,9692.23
720,25,9626.82
720,26,9676.83
720,27,9690.74
720,28,9657.11
720,29,9665.9
720,30,9674.22
720,31,9687.5
720,32,9669.09
720,33,9659.17
720,34,9677.7
720,35,9706.52
720,36,9629.67
720,37,9692.58
720,38,9678.43
720,39,9637.7
720,40,9697.4
720,41,9660.92
720,42,9612.76
720,43,9698.28
720,44,9687.81
720,45,9658.85
720,46,9680.73
720,47,9722.93
720,48,9656.31
720,49,9674.78
720,50,9661.64
720,51,9663.46
720,52,9641.81
720,53,9689.48
720,54,9736.45
720,55,9670.45
720,56,9701.37
720,57,9706.24
720,58,9643.17
720,59,9706.32
720,60,9614.22
720,61,9661.1
720,62,9686.43
720,63,9645.03
720,64,9661.51
720,65,9635.06
720,66,9697.72
720,67,9652.41
720,68,9647
720,69,9638.55
720,70,9715.86
720,71,9695.42
720,72,9660.41
720,73,9726.57
720,74,9650.07
720,75,9676.01
720,76,9661.09
720,77,9660.21
720,78,9746.05
720,79,9661.4
720,80,9733.51
720,81,9697.28
720,82,9719.64
720,83,9646.64
720,84,9722.49
720,85,9703.67
720,86,9655.41
720,87,9680.68
720,88,9739.41
720,89,9711.44
720,90,9694.62
720,91,9640.59
720,92,9626.02
720,93,9718.29
720,94,9724.84
720,95,9698.97
720,96,9677.39
720,97,9641.95
720,98,9669.7
720,99,9681.34
730,0,9736.93
730,1,9641.9
730,2,9673.57
730,3,9709.48
730,4,9682.64
730,5,9738.49
730,6,9661.26
730,7,9675.19
730,8,9664.14
730,9,9638.98
730,10,9704.1
730,11,9687.64
730,12,9651.18
730,13,9650.18
730,14,9673.69
730,15,9695.95
730,16,9698.49
730,17,9727.28
730,18,9651.87
730,19,9678.34
730,20,9695.63
730,21,9640.75
730,22,9689.16
730,23,9690.1
730,24,9691.93
730,25,9626.52
730,26,9676.53
730,27,9690.44
730,28,9656.81
730,29,9665.6
730,30,9673.92
730,31,9687.2
730,32,9668.79
730,33,9658.87
730,34,9677.4
730,35,9706.22
730,36,9629.37
730,37,9692.28
730,38,9678.13
730,39,9637.4
730,40,9697.1
730,41,9660.62
730,42,9612.46
730,43,9697.98
730,44,9687.51
730,45,9658.55
730,46,9680.43
730,47,9722.63
730,48,9656.01
730,49,9674.48
730,50,9661.34
730,51,9663.16
730,52,9641.51
730,53,9689.18
730,54,9736.15
730,55,9670.15
730,56,9701.07
730,57,9705.94
730,58,9642.87
730,59,9706.02
730,60,9613.92
730,61,9660.8
730,62,9686.13
730,63,9644.73
730,64,9661.21
730,65,9634.76
730,66,9697.42
730,67,9652.11
730,68,9646.7
730,69,9638.25
730,70,9715.56
730,71,9695.12
730,72,9660.11
730,73,9726.27
730,74,9649.77
730,75,9675.71
730,76,9660.79
730,77,9659.91
730,78,9745.75
730,79,9661.1
730,80,9733.21
730,81,9696.98
730,82,9719.34
730,83,9646.34
730,84,9722.19
730,85,9703.37
730,86,9655.11
730,87,9680.38
730,88,9739.11
730,89,9711.14
730,90,9694.32
730,91,9640.29
730,92,9625.72
730,93,9717.99
730,94,9724.54
730,95,9698.67
730,96,9677.09
730,97,9641.65
730,98,9669.4
730,99,9681.04
740,0,9726.73
740,1,9627.65
740,2,9661.84
740,3,9699.06
740,4,9671.47
740,5,9727.14
740,6,9646.96
740,7,9664.51
740,8,9651.99
740,9,9625.65
740,10,9694.1
740,11,9676.36
740,12,9636.07
740,13,9633.82
740,14,9660.15
740,15,9684.55
740,16,9685.69
740,17,9716.26
740,18,9636.67
740,19,9665.58
740,20,9683.67
740,21,9628.44
740,22,9678.65
740,23,9676.09
740,24,9678.34
740,25,9609.2
740,26,9665.18
740,27,9677.28
740,28,9644.1
740,29,9653.2
740,30,9660.01
740,31,9675.41
740,32,9654.4
740,33,9646.61
740,34,9665.07
740,35,9692.97
740,36,9612.44
740,37,9682.06
740,38,9667.76
740,39,9623.94
740,40,9684.91
740,41,9645.38
740,42,9597.95
740,43,9686.64
740,44,9675.79
740,45,9647.02
740,46,9665.67
740,47,9713.12
740,48,9641.12
740,49,9661.15
740,50,9647.13
740,51,9651.16
740,52,9626.57
740,53,9676.33
740,54,9724.06
740,55,9658.46
740,56,9690.66
740,57,9693.76
740,58,9629.82
740,59,9695.09
740,60,9599.22
740,61,9648.75
740,62,9675.7
740,63,9631.92
740,64,9649.46
740,65,9622.7
740,66,9686.49
740,67,9640.63
740,68,9633.89
740,69,9621.9
740,70,9703.13
740,71,9683.32
740,72,9648.72
740,73,9717.15
740,74,9637.5
740,75,9664.21
740,76,9649.5
740,77,9644.26
740,78,9735.93
740,79,9649.39
740,80,9721.57
740,81,9685.12
740,82,9706.8
740,83,9634.66
740,84,9711.87
740,85,9690.43
740,86,9642.49
740,87,9668.62
740,88,9726.68
740,89,9700.31
740,90,9683.38
740,91,9627.94
740,92,9611.22
740,93,9707.35
740,94,9714.56
740,95,9686.69
740,96,9660.72
740,97,9629.16
740,98,9653.47
740,99,9669.53
750,0,9726.43
750,1,9627.35
750,2,9661.54
750,3,9698.76
750,4,9671.17
750,5,9726.84
750,6,9646.66
750,7,9664.21
750,8,9651.69
750,9,9625.35
750,10,9693.8
750,11,9676.06
750,12,9635.78
750,13,9633.54
750,14,9659.85
750,15,9684.25
750,16,9685.4
750,17,9715.96
750,18,9636.39
750,19,9665.28
750,20,9683.37
750,21,9628.14
750,22,9678.35
750,23,9675.79
750,24,9678.04
750,25,9608.93
750,26,9664.88
750,27,9676.98
750,28,9643.8
750,29,9652.9
750,30,9659.71
750,31,9675.11
750,32,9654.1
750,33,9646.31
750,34,9664.77
750,35,9692.67
750,36,9612.17
750,37,9681.76
750,38,9667.46
750,39,9623.65
750,40,9684.61
750,41,9645.1
750,42,9597.65
750,43,9686.34
750,44,9675.49
750,45,9646.72
750,46,9665.39
750,47,9712.82
750,48,9640.83
750,49,9660.85
750,50,9646.85
750,51,9650.86
750,52,9626.27
750,53,9676.04
750,54,9723.76
750,55,9658.16
750,56,9690.36
750,57,9693.46
750,58,9629.52
750,59,9694.79
750,60,9598.92
750,61,9648.45
750,62,9675.4
750,63,9631.62
750,64,9649.16
750,65,9622.4
750,66,9686.19
750,67,9640.33
750,68,9633.59
750,69,9621.63
750,70,9702.83
750,71,9683.02
750,72,9648.42
750,73,9716.85
750,74,9637.2
750,75,9663.91
750,76,9649.2
750,77,9643.99
750,78,9735.63
750,79,9649.09
750,80,9721.27
750,81,9684.82
750,82,9706.5
750,83,9634.36
750,84,9711.57
750,85,9690.13
750,86,9642.19
750,87,9668.32
750,88,9726.38
750,89,9700.01
750,90,9683.08
750,91,9627.64
750,92,9610.92
750,93,9707.05
750,94,9714.26
750,95,9686.39
750,96,9660.45
750,97,9628.86
750,98,9653.19
750,99,9669.23
760,0,9726.13
760,1,9627.05
760,2,9661.24
760,3,9698.46
760,4,9670.87
760,5,9726.54
760,6,9646.36
760,7,9663.91
760,8,9651.39
760,9,9625.05
760,10,9693.5
760,11,9675.76
760,12,9635.48
760,13,9633.24
760,14,9659.55
760,15,9683.95
760,16,9685.1
760,17,9715.66
760,18,9636.09
760,19,9664.98
760,20,9683.07
760,21,9627.84
760,22,9678.05
760,23,9675.49
760,24,9677.74
760,25,9608.63
760,26,9664.58
760,27,9676.68
760,28,9643.5
760,29,9652.6
760,30,9659.41
760,31,9674.81
760,32,9653.8
760,33,9646.01
760,34,9664.47
760,35,9692.37
760,36,9611.87
760,37,9681.46
760,38,9667.16
760,39,9623.35
760,40,9684.31
760,41,9644.8
760,42,9597.35
760,43,9686.04
760,44,9675.19
760,45,9646.42
760,46,9665.09
760,47,9712.52
760,48,9640.53
760,49,9660.55
760,50,9646.55
760,51,9650.56
760,52,9625.97
760,53,9675.74
760,54,9723.46
760,55,9657.86
760,56,9690.06
760,57,9693.16
760,58,9629.22
760,59,9694.49
760,60,9598.62
760,61,9648.15
760,62,9675.1
760,63,9631.32
760,64,9648.86
760,65,9622.1
760,66,9685.89
760,67,9640.03
760,68,9633.29
760,69,9621.33
760,70,9702.53
760,71,9682.72
760,72,9648.12
760,73,9716.55
760,74,9636.9
760,75,9663.61
760,76,9648.9
760,77,9643.69
760,78,9735.33
760,79,9648.79
760,80,9720.97
760,81,9684.52
760,82,9706.2
760,83,9634.06
760,84,9711.27
760,85,9689.83
760,86,9641.89
760,87,9668.02
760,88,9726.08
760,89,9699.71
760,90,9682.78
760,91,9627.34
760,92,9610.62
760,93,9706.75
760,94,9713.96
760,95,9686.09
760,96,9660.15
760,97,9628.56
760,98,9652.89
760,99,9668.93
770,0,9715.97
770,1,9612.18
770,2,9650.21
770,3,9688.15
770,4,9656.62
770,5,9717.5
770,6,9635.37
770,7,9650.93
770,8,9639.11
770,9,9612.96
770,10,9683.49
770,11,9661.33
770,12,9622.9
770,13,9619.52
770,14,9649.57
770,15,9672.61
770,16,9674.51
770,17,9705.68
770,18,9624.54
770,19,9651.61
770,20,9671.93
770,21,9614.4
770,22,9666.03
770,23,9663.43
770,24,9666.57
770,25,9596.36
770,26,9653.33
770,27,9666.92
770,28,9630.96
770,29,9639.87
770,30,9644.8
770,31,9663.12
770,32,9642.91
770,33,9633.6
770,34,9652.71
770,35,9679.22
770,36,9599.19
770,37,9669.43
770,38,9654.28
770,39,9609.84
770,40,9674.09
770,41,9631.06
770,42,9584.54
770,43,9674.45
770,44,9663.14
770,45,9634.86
770,46,9651.77
770,47,9702.43
770,48,9629.1
770,49,9647.49
770,50,9635.61
770,51,9638.45
770,52,9613.25
770,53,9664.56
770,54,9713.8
770,55,9646.86
770,56,9679.91
770,57,9684
770,58,9616.03
770,59,9680.59
770,60,9585.6
770,61,9633.21
770,62,9664.92
770,63,9618.19
770,64,9634.25
770,65,9609.01
770,66,9675.2
770,67,9628.41
770,68,9620.66
770,69,9608.65
770,70,9690.97
770,71,9672.95
770,72,9636.61
770,73,9705.57
770,74,9624.2
770,75,9652.69
770,76,9637.46
770,77,9631.29
770,78,9727.45
770,79,9636.93
770,80,9710.04
770,81,9672.88
770,82,9695.81
770,83,9621.93
770,84,9700.73
770,85,9677.57
770,86,9630.08
770,87,9656.86
770,88,9715.96
770,89,9688.9
770,90,9671.88
770,91,9613.85
770,92,9598.91
770,93,9695.2
770,94,9705.43
770,95,9676.08
770,96,9647.4
770,97,9615.79
770,98,9640.85
770,99,9654.7
780,0,9715.67
780,1,9611.89
780,2,9649.91
780,3,9687.85
780,4,9656.34
780,5,9717.2
780,6,9635.07
780,7,9650.64
780,8,9638.81
780,9,9612.66
780,10,9683.19
780,11,9661.05
780,12,9622.6
780,13,9619.23
780,14,9649.27
780,15,9672.31
780,16,9674.21
780,17,9705.38
780,18,9624.24
780,19,9651.31
780,20,9671.63
780,21,9614.12
780,22,9665.74
780,23,9663.13
780,24,9666.27
780,25,9596.06
780,26,9653.03
780,27,9666.62
780,28,9630.67
780,29,9639.58
780,30,9644.5
780,31,9662.82
780,32,9642.61
780,33,9633.3
780,34,9652.42
780,35,9678.93
780,36,9598.9
780,37,9669.14
780,38,9653.99
780,39,9609.57
780,40,9673.79
780,41,9630.77
780,42,9584.24
780,43,9674.15
780,44,9662.84
780,45,9634.56
780,46,9651.48
780,47,9702.13
780,48,9628.8
780,49,9647.2
780,50,9635.31
780,51,9638.15
780,52,9612.95
780,53,9664.26
780,54,9713.5
780,55,9646.56
780,56,9679.61
780,57,9683.7
780,58,9615.75
780,59,9680.31
780,60,9585.3
780,61,9632.93
780,62,9664.62
780,63,9617.9
780,64,9633.98
780,65,9608.72
780,66,9674.9
780,67,9628.12
780,68,9620.37
780,69,9608.35
780,70,9690.67
780,71,9672.65
780,72,9636.31
780,73,9705.27
780,74,9623.9
780,75,9652.39
780,76,9637.16
780,77,9630.99
780,78,9727.15
780,79,9636.63
780,80,9709.74
780,81,9672.58
780,82,9695.51
780,83,9621.64
780,84,9700.43
780,85,9677.27
780,86,9629.78
780,87,9656.56
780,88,9715.66
780,89,9688.6
780,90,9671.58
780,91,9613.57
780,92,9598.61
780,93,9694.9
780,94,9705.13
780,95,9675.78
780,96,9647.1
780,97,9615.51
780,98,9640.56
780,99,9654.42
790,0,9715.37
790,1,9611.59
790,2,9649.61
790,3,9687.55
790,4,9656.04
790,5,9716.9
790,6,9634.77
790,7,9650.34
790,8,9638.51
790,9,9612.36
790,10,9682.89
790,11,9660.75
790,12,9622.3
790,13,9618.93
790,14,9648.97
790,15,9672.01
790,16,9673.91
790,17,9705.08
790,18,9623.94
790,19,9651.01
790,20,9671.33
790,21,9613.82
790,22,9665.44
790,23,9662.83
790,24,9665.97
790,25,9595.76
790,26,9652.73
790,27,9666.32
790,28,9630.37
790,29,9639.28
790,30,9644.2
790,31,9662.52
790,32,9642.31
790,33,9633
790,34,9652.12
790,35,9678.63
790,36,9598.6
790,37,9668.84
790,38,9653.69
790,39,9609.27
790,40,9673.49
790,41,9630.47
790,42,9583.94
790,43,9673.85
790,44,9662.54
790,45,9634.26
790,46,9651.18
790,47,9701.83
790,48,9628.5
790,49,9646.9
790,50,9635.01
790,51,9637.85
790,52,9612.65
790,53,9663.96
790,54,9713.2
790,55,9646.26
790,56,9679.31
790,57,9683.4
790,58,9615.45
790,59,9680.01
790,60,9585
790,61,9632.63
790,62,9664.32
790,63,9617.6
790,64,9633.68
790,65,9608.42
790,66,9674.6
790,67,9627.82
790,68,9620.07
790,69,9608.05
790,70,9690.37
790,71,9672.35
790,72,9636.01
790,73,9704.97
790,74,9623.6
790,75,9652.09
790,76,9636.86
790,77,9630.69
790,78,9726.85
790,79,9636.33
790,80,9709.44
790,81,9672.28
790,82,9695.21
790,83,9621.34
790,84,9700.13
790,85,9676.97
790,86,9629.48
790,87,9656.26
790,88,9715.36
790,89,9688.3
790,90,9671.28
790,91,9613.27
790,92,9598.31
790,93,9694.6
790,94,9704.83
790,95,9675.48
790,96,9646.8
790,97,9615.21
790,98,9640.26
790,99,9654.12
800,0,9705.16
800,1,9597.82
800,2,9638.66
800,3,9677.32
800,4,9645.45
800,5,9707.28
800,6,9622.11
800,7,9637.09
800,8,9626.91
800,9,9599.94
800,10,9673.62
800,11,9650.08
800,12,9611.5
800,13,9606.2
800,14,9638.89
800,15,9661.94
800,16,9663.35
800,17,9695.78
800,18,9612.57
800,19,9637.88
800,20,9660.33
800,21,9598.52
800,22,9653.01
800,23,9650.72
800,24,9653.23
800,25,9583.52
800,26,9638.66
800,27,9654.55
800,28,9617.37
800,29,9626.7
800,30,9630.57
800,31,9650.88
800,32,9630.18
800,33,9618.04
800,34,9640.36
800,35,9665.65
800,36,9586.35
800,37,9656.67
800,38,9640.78
800,39,9596.46
800,40,9663.29
800,41,9616.51
800,42,9569.85
800,43,9662.29
800,44,9650.45
800,45,9623.48
800,46,9637.9
800,47,9692.37
800,48,9615.14
800,49,9633.74
800,50,9624.12
800,51,9625.74
800,52,9599.97
800,53,9652.19
800,54,9704.48
800,55,9635.22
800,56,9668.5
800,57,9673.18
800,58,9603.09
800,59,9669.35
800,60,9573.83
800,61,9617.73
800,62,9654.23
800,63,9603.16
800,64,9622.74
800,65,9593.39
800,66,9665.07
800,67,9616.89
800,68,9609.01
800,69,9594.03
800,70,9679.25
800,71,9662.07
800,72,9625.35
800,73,9694.22
800,74,9608.8
800,75,9641.16
800,76,9626.2
800,77,9617.36
800,78,9719.89
800,79,9625.38
800,80,9699.46
800,81,9661.87
800,82,9685.21
800,83,9610.19
800,84,9691.61
800,85,9664.52
800,86,9617.84
800,87,9644.85
800,88,9705.3
800,89,9678.94
800,90,9660.99
800,91,9599.57
800,92,9586.64
800,93,9684.85
800,94,9696.25
800,95,9665.55
800,96,9635.58
800,97,9603.32
800,98,9628.21
800,99,9639.64
810,0,9704.86
810,1,9597.54
810,2,9638.36
810,3,9677.02
810,4,9645.15
810,5,9706.98
810,6,9621.83
810,7,9636.81
810,8,9626.63
810,9,9599.65
810,10,9673.32
810,11,9649.78
810,12,9611.2
810,13,9605.91
810,14,9638.59
810,15,9661.64
810,16,9663.05
810,17,9695.48
810,18,9612.27
810,19,9637.6
810,20,9660.03
810,21,9598.28
810,22,9652.73
810,23,9650.42
810,24,9652.94
810,25,9583.22
810,26,9638.39
810,27,9654.26
810,28,9617.1
810,29,9626.42
810,30,9630.27
810,31,9650.59
810,32,9629.9
810,33,9617.78
810,34,9640.08
810,35,9665.37
810,36,9586.07
810,37,9656.38
810,38,9640.51
810,39,9596.19
810,40,9662.99
810,41,9616.23
810,42,9569.58
810,43,9661.99
810,44,9650.16
810,45,9623.18
810,46,9637.62
810,47,9692.07
810,48,9614.87
810,49,9633.46
810,50,9623.83
810,51,9625.44
810,52,9599.68
810,53,9651.91
810,54,9704.18
810,55,9634.93
810,56,9668.2
810,57,9672.88
810,58,9602.82
810,59,9669.05
810,60,9573.53
810,61,9617.46
810,62,9653.93
810,63,9602.91
810,64,9622.44
810,65,9593.14
810,66,9664.77
810,67,9616.6
810,68,9608.72
810,69,9593.77
810,70,9678.95
810,71,9661.77
810,72,9625.06
810,73,9693.92
810,74,9608.53
810,75,9640.87
810,76,9625.91
810,77,9617.09
810,78,9719.59
810,79,9625.08
810,80,9699.16
810,81,9661.57
810,82,9684.91
810,83,9609.9
810,84,9691.31
810,85,9664.23
810,86,9617.54
810,87,9644.57
810,88,9705
810,89,9678.64
810,90,9660.69
810,91,9599.31
810,92,9586.35
810,93,9684.55
810,94,9695.95
810,95,9665.25
810,96,9635.28
810,97,9603.04
810,98,9627.92
810,99,9639.37
820,0,9704.56
820,1,9597.24
820,2,9638.06
820,3,9676.72
820,4,9644.85
820,5,9706.68
820,6,9621.53
820,7,9636.51
820,8,9626.33
820,9,9599.35
820,10,9673.02
820,11,9649.48
820,12,9610.9
820,13,9605.61
820,14,9638.29
820,15,9661.34
820,16,9662.75
820,17,9695.18
820,18,9611.97
820,19,9637.3
820,20,9659.73
820,21,9597.98
820,22,9652.43
820,23,9650.12
820,24,9652.64
820,25,9582.92
820,26,9638.09
820,27,9653.96
820,28,9616.8
820,29,9626.12
820,30,9629.97
820,31,9650.29
820,32,9629.6
820,33,9617.48
820,34,9639.78
820,35,9665.07
820,36,9585.77
820,37,9656.08
820,38,9640.21
820,39,9595.89
820,40,9662.69
820,41,9615.93
820,42,9569.28
820,43,9661.69
820,44,9649.86
820,45,9622.88
820,46,9637.32
820,47,9691.77
820,48,9614.57
820,49,9633.16
820,50,9623.53
820,51,9625.14
820,52,9599.38
820,53,9651.61
820,54,9703.88
820,55,9634.63
820,56,9667.9
820,57,9672.58
820,58,9602.52
820,59,9668.75
820,60,9573.23
820,61,9617.16
820,62,9653.63
820,63,9602.61
820,64,9622.14
820,65,9592.84
820,66,9664.47
820,67,9616.3
820,68,9608.42
820,69,9593.47
820,70,9678.65
820,71,9661.47
820,72,9624.76
820,73,9693.62
820,74,9608.23
820,75,9640.57
820,76,9625.61
820,77,9616.79
820,78,9719.29
820,79,9624.78
820,80,9698.86
820,81,9661.27
820,82,9684.61
820,83,9609.6
820,84,9691.01
820,85,9663.93
820,86,9617.24
820,87,9644.27
820,88,9704.7
820,89,9678.34
820,90,9660.39
820,91,9599.01
820,92,9586.05
820,93,9684.25
820,94,9695.65
820,95,9664.95
820,96,9634.98
820,97,9602.74
820,98,9627.62
820,99,9639.07
830,0,9691.53
830,1,9583.37
830,2,9623.78
830,3,9663.29
830,4,9631.15
830,5,9697.45
830,6,9607.99
830,7,9622.2
830,8,9613
830,9,9585.57
830,10,9663.78
830,11,9635.07
830,12,9599.07
830,13,9590.51
830,14,9625.83
830,15,9649.77
830,16,9653.03
830,17,9685.66
830,18,9600.01
830,19,9624.63
830,20,9646.59
830,21,9585.2
830,22,9638.54
830,23,9637.99
830,24,9639.75
830,25,9570.16
830,26,9624.04
830,27,9640.66
830,28,9605
830,29,9614.06
830,30,9616.93
830,31,9636.43
830,32,9615.55
830,33,9602.94
830,34,9624.54
830,35,9651.66
830,36,9572.79
830,37,9643.26
830,38,9626.13
830,39,9580.04
830,40,9653.07
830,41,9604.33
830,42,9555.99
830,43,9648.94
830,44,9635.8
830,45,9608.91
830,46,9624.73
830,47,9681.32
830,48,9600.32
830,49,9620.06
830,50,9610.32
830,51,9610.8
830,52,9586.03
830,53,9639.24
830,54,9692.88
830,55,9620.38
830,56,9656.68
830,57,9662.59
830,58,9587.21
830,59,9654.36
830,60,9559.73
830,61,9604.65
830,62,9639.54
830,63,9588.11
830,64,9608.04
830,65,9580.36
830,66,9654.49
830,67,9601.8
830,68,9595.9
830,69,9577.45
830,70,9666.81
830,71,9648.14
830,72,9610.61
830,73,9682.94
830,74,9592.13
830,75,9626.45
830,76,9611.23
830,77,9601.85
830,78,9710.09
830,79,9613.86
830,80,9686.44
830,81,9649.82
830,82,9669.24
830,83,9594.99
830,84,9680.97
830,85,9649
830,86,9603.33
830,87,9629.54
830,88,9691.95
830,89,9667.43
830,90,9648.18
830,91,9585.25
830,92,9573.16
830,93,9672.81
830,94,9687.14
830,95,9654.89
830,96,9621.21
830,97,9590.95
830,98,9616.05
830,99,9626.57
840,0,9691.26
840,1,9583.11
840,2,9623.53
840,3,9663.02
840,4,9630.9
840,5,9697.15
840,6,9607.73
840,7,9621.94
840,8,9612.74
840,9,9585.31
840,10,9663.48
840,11,9634.82
840,12,9598.79
840,13,9590.27
840,14,9625.56
840,15,9649.49
840,16,9652.73
840,17,9685.36
840,18,9599.74
840,19,9624.35
840,20,9646.32
840,21,9584.94
840,22,9638.28
840,23,9637.71
840,24,9639.48
840,25,9569.88
840,26,9623.79
840,27,9640.39
840,28,9604.73
840,29,9613.79
840,30,9616.65
840,31,9636.18
840,32,9615.3
840,33,9602.69
840,34,9624.31
840,35,9651.39
840,36,9572.52
840,37,9643
840,38,9625.87
840,39,9579.17
840,40,9652.77
840,41,9604.04
840,42,9555.73
840,43,9648.66
840,44,9635.54
840,45,9608.66
840,46,9624.45
840,47,9681.02
840,48,9600.06
840,49,9619.8
840,50,9610.06
840,51,9610.51
840,52,9585.76
840,53,9638.97
840,54,9692.59
840,55,9620.14
840,56,9656.39
840,57,9662.29
840,58,9586.99
840,59,9654.11
840,60,9559.47
840,61,9604.37
840,62,9639.28
840,63,9587.87
840,64,9607.79
840,65,9580.09
840,66,9654.19
840,67,9601.57
840,68,9595.65
840,69,9577.21
840,70,9666.53
840,71,9647.85
840,72,9610.37
840,73,9682.65
840,74,9591.9
840,75,9626.2
840,76,9610.99
840,77,9601.61
840,78,9709.79
840,79,9613.58
840,80,9686.17
840,81,9649.53
840,82,9668.97
840,83,9594.75
840,84,9680.67
840,85,9648.75
840,86,9603.07
840,87,9629.31
840,88,9691.67
840,89,9667.15
840,90,9647.91
840,91,9585
840,92,9572.89
840,93,9672.52
840,94,9686.84
840,95,9654.59
840,96,9620.95
840,97,9590.68
840,98,9615.77
840,99,9626.29
850,0,9690.96
850,1,9582.81
850,2,9623.23
850,3,9662.72
850,4,9630.6
850,5,9696.85
850,6,9607.43
850,7,9621.64
850,8,9612.44
850,9,9585.01
850,10,9663.18
850,11,9634.52
850,12,9598.49
850,13,9589.97
850,14,9625.26
850,15,9649.19
850,16,9652.43
850,17,9685.06
850,18,9599.44
850,19,9624.05
850,20,9646.02
850,21,9584.64
850,22,9637.98
850,23,9637.41
850,24,9639.18
850,25,9569.58
850,26,9623.49
850,27,9640.09
850,28,9604.43
850,29,9613.49
850,30,9616.35
850,31,9635.88
850,32,9615
850,33,9602.39
850,34,9624.01
850,35,9651.09
850,36,9572.22
850,37,9642.7
850,38,9625.57
850,39,9578.87
850,40,9652.47
850,41,9603.74
850,42,9555.43
850,43,9648.36
850,44,9635.24
850,45,9608.36
850,46,9624.15
850,47,9680.72
850,48,9599.76
850,49,9619.5
850,50,9609.76
850,51,9610.21
850,52,9585.46
850,53,9638.67
850,54,9692.29
850,55,9619.84
850,56,9656.09
850,57,9661.99
850,58,9586.69
850,59,9653.81
850,60,9559.17
850,61,9604.07
850,62,9638.98
850,63,9587.57
850,64,9607.49
850,65,9579.79
850,66,9653.89
850,67,9601.27
850,68,9595.35
850,69,9576.91
850,70,9666.23
850,71,9647.55
850,72,9610.07
850,73,9682.35
850,74,9591.6
850,75,9625.9
850,76,9610.69
850,77,9601.31
850,78,9709.49
850,79,9613.28
850,80,9685.87
850,81,9649.23
850,82,9668.67
850,83,9594.45
850,84,9680.37
850,85,9648.45
850,86,9602.77
850,87,9629.01
850,88,9691.37
850,89,9666.85
850,90,9647.61
850,91,9584.7
850,92,9572.59
850,93,9672.22
850,94,9686.54
850,95,9654.29
850,96,9620.65
850,97,9590.38
850,98,9615.47
850,99,9625.99
860,0,9680.68
860,1,9568.83
860,2,9612.17
860,3,9650.06
860,4,9619.97
860,5,9687.87
860,6,9594.81
860,7,9608.95
860,8,9600.77
860,9,9571.12
860,10,9651.87
860,11,9623.92
860,12,9586.8
860,13,9576.98
860,14,9615.4
860,15,9637.13
860,16,9641.32
860,17,9675.99
860,18,9587.95
860,19,9611.25
860,20,9631.78
860,21,9572.27
860,22,9625.73
860,23,9625.2
860,24,9626.45
860,25,9555.91
860,26,9609.11
860,27,9628.18
860,28,9592.67
860,29,9603.65
860,30,9602.67
860,31,9624.42
860,32,9602.16
860,33,9591.46
860,34,9612.33
860,35,9637.42
860,36,9559.16
860,37,9630.63
860,38,9612.85
860,39,9570.74
860,40,9642.28
860,41,9588.98
860,42,9541.16
860,43,9636.52
860,44,9622.74
860,45,9596.46
860,46,9613.13
860,47,9671.37
860,48,9586.38
860,49,9605.91
860,50,9596.06
860,51,9597.97
860,52,9573.91
860,53,9625.45
860,54,9683.85
860,55,9609.19
860,56,9645.37
860,57,9651.8
860,58,9577.85
860,59,9642.92
860,60,9544.68
860,61,9591.57
860,62,9626.21
860,63,9577.99
860,64,9596.34
860,65,9564.74
860,66,9645.4
860,67,9590.4
860,68,9584.33
860,69,9565.81
860,70,9655.2
860,71,9636.96
860,72,9599.45
860,73,9671.51
860,74,9576.41
860,75,9614.75
860,76,9599.79
860,77,9590.14
860,78,9701.84
860,79,9602.42
860,80,9676.07
860,81,9637.66
860,82,9658.41
860,83,9583.39
860,84,9671.93
860,85,9635.8
860,86,9591.22
860,87,9617.8
860,88,9681.95
860,89,9654.83
860,90,9637.21
860,91,9572.37
860,92,9560.15
860,93,9661.29
860,94,9677.29
860,95,9644.43
860,96,9608.28
860,97,9578.5
860,98,9604.76
860,99,9613.47
870,0,9680.4
870,1,9568.58
870,2,9611.9
870,3,9649.8
870,4,9615.86
870,5,9687.57
870,6,9594.57
870,7,9608.71
870,8,9600.51
870,9,9570.88
870,10,9651.6
870,11,9619.85
870,12,9586.53
870,13,9576.73
870,14,9615.12
870,15,9636.87
870,16,9641.05
870,17,9675.7
870,18,9587.69
870,19,9610.99
870,20,9631.55
870,21,9572.01
870,22,9625.48
870,23,9624.93
870,24,9626.18
870,25,9555.67
870,26,9608.87
870,27,9627.92
870,28,9592.41
870,29,9599.11
870,30,9602.41
870,31,9624.16
870,32,9601.9
870,33,9587.15
870,34,9612.08
870,35,9637.16
870,36,9558.91
870,37,9630.37
870,38,9612.6
870,39,9564.36
870,40,9642.01
870,41,9588.74
870,42,9540.92
870,43,9636.24
870,44,9622.49
870,45,9596.22
870,46,9612.85
870,47,9671.09
870,48,9586.15
870,49,9605.68
870,50,9595.82
870,51,9597.68
870,52,9573.63
870,53,9625.2
870,54,9683.56
870,55,9604.87
870,56,9645.1
870,57,9651.52
870,58,9571.94
870,59,9638.69
870,60,9544.44
870,61,9591.31
870,62,9625.96
870,63,9573.27
870,64,9596.07
870,65,9564.52
870,66,9645.11
870,67,9590.14
870,68,9579.73
870,69,9561.69
870,70,9654.92
870,71,9636.7
870,72,9599.19
870,73,9671.23
870,74,9576.17
870,75,9614.49
870,76,9599.53
870,77,9585.99
870,78,9701.54
870,79,9598.38
870,80,9675.78
870,81,9637.38
870,82,9658.12
870,83,9583.13
870,84,9671.63
870,85,9635.54
870,86,9590.96
870,87,9617.54
870,88,9681.65
870,89,9654.58
870,90,9636.94
870,91,9572.12
870,92,9559.9
870,93,9661.02
870,94,9677.01
870,95,9644.14
870,96,9608.02
870,97,9578.25
870,98,9604.48
870,99,9613.21
880,0,9680.1
880,1,9568.28
880,2,9611.6
880,3,9649.5
880,4,9615.56
880,5,9687.27
880,6,9594.27
880,7,9608.41
880,8,9600.21
880,9,9570.58
880,10,9651.3
880,11,9619.55
880,12,9586.23
880,13,9576.43
880,14,9614.82
880,15,9636.57
880,16,9640.75
880,17,9675.4
880,18,9587.39
880,19,9610.69
880,20,9631.25
880,21,9571.71
880,22,9625.18
880,23,9624.63
880,24,9625.88
880,25,9555.37
880,26,9608.57
880,27,9627.62
880,28,9592.11
880,29,9598.81
880,30,9602.11
880,31,9623.86
880,32,9601.6
880,33,9586.85
880,34,9611.78
880,35,9636.86
880,36,9558.61
880,37,9630.07
880,38,9612.3
880,39,9564.06
880,40,9641.71
880,41,9588.44
880,42,9540.62
880,43,9635.94
880,44,9622.19
880,45,9595.92
880,46,9612.55
880,47,9670.79
880,48,9585.85
880,49,9605.38
880,50,9595.52
880,51,9597.38
880,52,9573.33
880,53,9624.9
880,54,9683.26
880,55,9604.57
880,56,9644.8
880,57,9651.22
880,58,9571.64
880,59,9638.39
880,60,9544.14
880,61,9591.01
880,62,9625.66
880,63,9572.97
880,64,9595.77
880,65,9564.22
880,66,9644.81
880,67,9589.84
880,68,9579.43
880,69,9561.39
880,70,9654.62
880,71,9636.4
880,72,9598.89
880,73,9670.93
880,74,9575.87
880,75,9614.19
880,76,9599.23
880,77,9585.69
880,78,9701.24
880,79,9598.08
880,80,9675.48
880,81,9637.08
880,82,9657.82
880,83,9582.83
880,84,9671.33
880,85,9635.24
880,86,9590.66
880,87,9617.24
880,88,9681.35
880,89,9654.28
880,90,9636.64
880,91,9571.82
880,92,9559.6
880,93,9660.72
880,94,9676.71
880,95,9643.84
880,96,9607.72
880,97,9577.95
880,98,9604.18
880,99,9612.91
890,0,9670.92
890,1,9554.34
890,2,9602.02
890,3,9639.38
890,4,9604.86
890,5,9678.6
890,6,9583.87
890,7,9597.93
890,8,9588.5
890,9,9557.54
890,10,9641.47
890,11,9608.5
890,12,9574.11
890,13,9563.7
890,14,9603.44
890,15,9626.79
890,16,9632
890,17,9665.59
890,18,9575.06
890,19,9597.98
890,20,9620.19
890,21,9558.71
890,22,9613.78
890,23,9610.26
890,24,9613.51
890,25,9543.3
890,26,9597.68
890,27,9615.42
890,28,9580.33
890,29,9587.45
890,30,9588.95
890,31,9612.49
890,32,9588.66
890,33,9575.32
890,34,9601.23
890,35,9623.21
890,36,9549.16
890,37,9618.49
890,38,9599.8
890,39,9551.14
890,40,9632.06
890,41,9577.12
890,42,9527.47
890,43,9625.04
890,44,9610.92
890,45,9585.08
890,46,9599.17
890,47,9661.37
890,48,9575.59
890,49,9595.2
890,50,9584.89
890,51,9584.39
890,52,9561.71
890,53,9611.34
890,54,9674.88
890,55,9594.06
890,56,9633.55
890,57,9641.13
890,58,9559.19
890,59,9629.57
890,60,9530.83
890,61,9576.41
890,62,9615.85
890,63,9562.6
890,64,9586.86
890,65,9552.36
890,66,9635.29
890,67,9578.82
890,68,9571.45
890,69,9549.72
890,70,9644.3
890,71,9627.56
890,72,9588.15
890,73,9660.62
890,74,9564.18
890,75,9602.68
890,76,9588.37
890,77,9575.6
890,78,9692.92
890,79,9587.13
890,80,9664.79
890,81,9627.07
890,82,9648.19
890,83,9571.72
890,84,9665.74
890,85,9623.19
890,86,9579.74
890,87,9606.7
890,88,9671.2
890,89,9644.58
890,90,9626.78
890,91,9558.81
890,92,9549.41
890,93,9650.66
890,94,9668.89
890,95,9634.95
890,96,9595.23
890,97,9566.1
890,98,9593.31
890,99,9600.42
900,0,9670.64
900,1,9554.1
900,2,9597.36
900,3,9639.12
900,4,9604.61
900,5,9678.31
900,6,9583.6
900,7,9597.66
900,8,9588.25
900,9,9557.3
900,10,9641.2
900,11,9605.62
900,12,9573.85
900,13,9563.46
900,14,9603.19
900,15,9626.53
900,16,9631.72
900,17,9665.32
900,18,9574.83
900,19,9597.73
900,20,9616.83
900,21,9556.24
900,22,9613.54
900,23,9610.02
900,24,9613.25
900,25,9543.05
900,26,9594.64
900,27,9615.16
900,28,9577.21
900,29,9583.72
900,30,9588.7
900,31,9612.24
900,32,9588.42
900,33,9575.07
900,34,9596.98
900,35,9622.97
900,36,9544.46
900,37,9618.23
900,38,9599.56
900,39,9548.09
900,40,9631.79
900,41,9576.85
900,42,9527.24
900,43,9624.77
900,44,9610.67
900,45,9582.14
900,46,9598.94
900,47,9661.1
900,48,9575.33
900,49,9594.94
900,50,9584.62
900,51,9584.11
900,52,9561.46
900,53,9611.1
900,54,9674.58
900,55,9590.86
900,56,9633.29
900,57,9640.87
900,58,9556.29
900,59,9624.76
900,60,9530.6
900,61,9576.18
900,62,9615.58
900,63,9559.61
900,64,9581.97
900,65,9549.25
900,66,9635.02
900,67,9578.57
900,68,9566.89
900,69,9546.46
900,70,9644.04
900,71,9627.28
900,72,9587.91
900,73,9660.36
900,74,9560.44
900,75,9599.91
900,76,9588.13
900,77,9572.47
900,78,9692.63
900,79,9586.87
900,80,9664.52
900,81,9626.79
900,82,9647.92
900,83,9571.48
900,84,9665.44
900,85,9622.94
900,86,9579.48
900,87,9602.84
900,88,9670.92
900,89,9644.31
900,90,9626.52
900,91,9555.71
900,92,9549.14
900,93,9650.4
900,94,9668.61
900,95,9634.67
900,96,9592.54
900,97,9565.86
900,98,9593.05
900,99,9597.96
910,0,9670.34
910,1,9553.8
910,2,9597.06
910,3,9638.82
910,4,9604.31
910,5,9678.01
910,6,9583.3
910,7,9597.36
910,8,9587.95
910,9,9557
910,10,9640.9
910,11,9605.32
910,12,9573.55
910,13,9563.16
910,14,9602.89
910,15,9626.23
910,16,9631.42
910,17,9665.02
910,18,9574.53
910,19,9597.43
910,20,9616.53
910,21,9555.94
910,22,9613.24
910,23,9609.72
910,24,9612.95
910,25,9542.75
910,26,9594.34
910,27,9614.86
910,28,9576.91
910,29,9583.42
910,30,9588.4
910,31,9611.94
910,32,9588.12
910,33,9574.77
910,34,9596.68
910,35,9622.67
910,36,9544.16
910,37,9617.93
910,38,9599.26
910,39,9547.79
910,40,9631.49
910,41,9576.55
910,42,9526.94
910,43,9624.47
910,44,9610.37
910,45,9581.84
910,46,9598.64
910,47,9660.8
910,48,9575.03
910,49,9594.64
910,50,9584.32
910,51,9583.81
910,52,9561.16
910,53,9610.8
910,54,9674.28
910,55,9590.56
910,56,9632.99
910,57,9640.57
910,58,9555.99
910,59,9624.46
910,60,9530.3
910,61,9575.88
910,62,9615.28
910,63,9559.31
910,64,9581.67
910,65,9548.95
910,66,9634.72
910,67,9578.27
910,68,9566.59
910,69,9546.16
910,70,9643.74
910,71,9626.98
910,72,9587.61
910,73,9660.06
910,74,9560.14
910,75,9599.61
910,76,9587.83
910,77,9572.17
910,78,9692.33
910,79,9586.57
910,80,9664.22
910,81,9626.49
910,82,9647.62
910,83,9571.18
910,84,9665.14
910,85,9622.64
910,86,9579.18
910,87,9602.54
910,88,9670.62
910,89,9644.01
910,90,9626.22
910,91,9555.41
910,92,9548.84
910,93,9650.1
910,94,9668.31
910,95,9634.37
910,96,9592.24
910,97,9565.56
910,98,9592.75
910,99,9597.66
920,0,9659.86
920,1,9541.42
920,2,9587.63
920,3,9628.78
920,4,9593.59
920,5,9668.27
920,6,9573.21
920,7,9586.91
920,8,9578.98
920,9,9546.36
920,10,9629.59
920,11,9594.3
920,12,9563.83
920,13,9551.23
920,14,9592.51
920,15,9616.35
920,16,9621.68
920,17,9657.48
920,18,9564.34
920,19,9587.25
920,20,9605.68
920,21,9543.49
920,22,9603.64
920,23,9597.54
920,24,9603.14
920,25,9532.29
920,26,9583.51
920,27,9605.43
920,28,9566.08
920,29,9571.98
920,30,9577.41
920,31,9600.66
920,32,9578.47
920,33,9563.41
920,34,9585.79
920,35,9612.03
920,36,9531.41
920,37,9608.58
920,38,9589.11
920,39,9536.47
920,40,9622.67
920,41,9565.14
920,42,9517.62
920,43,9615.69
920,44,9600.69
920,45,9571.04
920,46,9588.21
920,47,9650.14
920,48,9564.58
920,49,9584.25
920,50,9574.77
920,51,9570.25
920,52,9549.93
920,53,9599.67
920,54,9666.18
920,55,9580.2
920,56,9624.27
920,57,9633.12
920,58,9543.8
920,59,9613.31
920,60,9520.95
920,61,9563.49
920,62,9605.59
920,63,9547.63
920,64,9572.86
920,65,9536.79
920,66,9625.91
920,67,9567.21
920,68,9555.27
920,69,9534.51
920,70,9634.25
920,71,9616.87
920,72,9576.81
920,73,9651.22
920,74,9548.6
920,75,9588.1
920,76,9576.57
920,77,9561.03
920,78,9685.99
920,79,9577.72
920,80,9656.69
920,81,9616.43
920,82,9640.12
920,83,9559.58
920,84,9656.14
920,85,9613.01
920,86,9568.28
920,87,9591.44
920,88,9662.03
920,89,9633.34
920,90,9616.47
920,91,9542.32
920,92,9539.59
920,93,9642.51
920,94,9660.09
920,95,9625.75
920,96,9580.39
920,97,9553.71
920,98,9581
920,99,9585.21
930,0,9659.61
930,1,9541.19
930,2,9587.37
930,3,9628.52
930,4,9593.35
930,5,9668.01
930,6,9572.96
930,7,9586.66
930,8,9578.71
930,9,9546.11
930,10,9629.34
930,11,9594.06
930,12,9563.57
930,13,9550.98
930,14,9592.26
930,15,9616.1
930,16,9621.42
930,17,9657.19
930,18,9564.1
930,19,9586.99
930,20,9605.43
930,21,9543.27
930,22,9603.38
930,23,9597.3
930,24,9602.87
930,25,9532.03
930,26,9583.26
930,27,9605.16
930,28,9565.85
930,29,9571.75
930,30,9577.14
930,31,9600.43
930,32,9578.2
930,33,9563.18
930,34,9585.56
930,35,9611.78
930,36,9531.18
930,37,9608.32
930,38,9588.86
930,39,9534.64
930,40,9622.4
930,41,9564.89
930,42,9517.36
930,43,9615.41
930,44,9600.43
930,45,9570.79
930,46,9587.96
930,47,9649.86
930,48,9564.33
930,49,9584
930,50,9574.51
930,51,9569.98
930,52,9549.68
930,53,9599.41
930,54,9665.9
930,55,9579.95
930,56,9624
930,57,9632.85
930,58,9543.58
930,59,9613.08
930,60,9520.68
930,61,9563.26
930,62,9605.33
930,63,9547.4
930,64,9572.6
930,65,9536.56
930,66,9625.63
930,67,9566.99
930,68,9555.04
930,69,9534.27
930,70,9633.98
930,71,9616.62
930,72,9576.58
930,73,9650.95
930,74,9548.36
930,75,9587.87
930,76,9576.34
930,77,9560.79
930,78,9685.7
930,79,9577.46
930,80,9656.4
930,81,9616.17
930,82,9639.83
930,83,9559.36
930,84,9655.85
930,85,9612.75
930,86,9568.03
930,87,9591.21
930,88,9661.75
930,89,9633.1
930,90,9616.22
930,91,9542.1
930,92,9539.32
930,93,9642.22
930,94,9659.82
930,95,9625.48
930,96,9580.15
930,97,9553.49
930,98,9580.76
930,99,9584.98
940,0,9659.31
940,1,9540.89
940,2,9587.07
940,3,9628.22
940,4,9593.05
940,5,9667.71
940,6,9572.66
940,7,9586.36
940,8,9578.41
940,9,9545.81
940,10,9629.04
940,11,9593.76
940,12,9563.27
940,13,9550.68
940,14,9591.96
940,15,9615.8
940,16,9621.12
940,17,9656.89
940,18,9563.8
940,19,9586.69
940,20,9605.13
940,21,9542.97
940,22,9603.08
940,23,9597
940,24,9602.57
940,25,9531.73
940,26,9582.96
940,27,9604.86
940,28,9565.55
940,29,9571.45
940,30,9576.84
940,31,9600.13
940,32,9577.9
940,33,9562.88
940,34,9585.26
940,35,9611.48
940,36,9530.88
940,37,9608.02
940,38,9588.56
940,39,9534.34
940,40,9622.1
940,41,9564.59
940,42,9517.06
940,43,9615.11
940,44,9600.13
940,45,9570.49
940,46,9587.66
940,47,9649.56
940,48,9564.03
940,49,9583.7
940,50,9574.21
940,51,9569.68
940,52,9549.38
940,53,9599.11
940,54,9665.6
940,55,9579.65
940,56,9623.7
940,57,9632.55
940,58,9543.28
940,59,9612.78
940,60,9520.38
940,61,9562.96
940,62,9605.03
940,63,9547.1
940,64,9572.3
940,65,9536.26
940,66,9625.33
940,67,9566.69
940,68,9554.74
940,69,9533.97
940,70,9633.68
940,71,9616.32
940,72,9576.28
940,73,9650.65
940,74,9548.06
940,75,9587.57
940,76,9576.04
940,77,9560.49
940,78,9685.4
940,79,9577.16
940,80,9656.1
940,81,9615.87
940,82,9639.53
940,83,9559.06
940,84,9655.55
940,85,9612.45
940,86,9567.73
940,87,9590.91
940,88,9661.45
940,89,9632.8
940,90,9615.92
940,91,9541.8
940,92,9539.02
940,93,9641.92
940,94,9659.52
940,95,9625.18
940,96,9579.85
940,97,9553.19
940,98,9580.46
940,99,9584.68
950,0,9648.65
950,1,9530.57
950,2,9577.91
950,3,9618.83
950,4,9582.84
950,5,9658.89
950,6,9563.34
950,7,9578.45
950,8,9569.51
950,9,9535.34
950,10,9614.76
950,11,9586.38
950,12,9553.74
950,13,9540.59
950,14,9581.65
950,15,9605.49
950,16,9611.43
950,17,9648.85
950,18,9552.66
950,19,9576.76
950,20,9597.3
950,21,9532.78
950,22,9592.96
950,23,9584.83
950,24,9593.68
950,25,9521.36
950,26,9574.26
950,27,9597.1
950,28,9556.9
950,29,9563.34
950,30,9565.36
950,31,9588.97
950,32,9568.78
950,33,9554.22
950,34,9574.5
950,35,9601.04
950,36,9519.38
950,37,9598.33
950,38,9579.41
950,39,9525.91
950,40,9613.4
950,41,9555.87
950,42,9507.68
950,43,9606.03
950,44,9590.98
950,45,9563.04
950,46,9577.43
950,47,9641.31
950,48,9554.04
950,49,9574.51
950,50,9563.38
950,51,9560.62
950,52,9539.47
950,53,9588.54
950,54,9659.24
950,55,9569.74
950,56,9616.47
950,57,9625.64
950,58,9535.34
950,59,9604.51
950,60,9510.97
950,61,9550.64
950,62,9595.21
950,63,9537.21
950,64,9562.96
950,65,9526.48
950,66,9616.4
950,67,9557.16
950,68,9546.95
950,69,9524.35
950,70,9624.35
950,71,9607.51
950,72,9567.01
950,73,9641.92
950,74,9536.32
950,75,9579.79
950,76,9566.82
950,77,9549.4
950,78,9676.45
950,79,9566.81
950,80,9646.86
950,81,9606.48
950,82,9631.74
950,83,9551.08
950,84,9644.25
950,85,9601.66
950,86,9556.78
950,87,9580.43
950,88,9653.07
950,89,9622.21
950,90,9606.53
950,91,9533.04
950,92,9526.91
950,93,9634.9
950,94,9650.14
950,95,9616.58
950,96,9569.51
950,97,9544.89
950,98,9569.19
950,99,9572.26
960,0,9644.69
960,1,9521.24
960,2,9568.79
960,3,9614
960,4,9573.46
960,5,9651.21
960,6,9551.52
960,7,9567.81
960,8,9559.92
960,9,9524.52
960,10,9610.98
960,11,9573.89
960,12,9542.4
960,13,9531.82
960,14,9573.69
960,15,9597.55
960,16,9602.57
960,17,9641.6
960,18,9542.91
960,19,9571.45
960,20,9587.4
960,21,9518.39
960,22,9588.1
960,23,9580.62
960,24,9584.67
960,25,9511.51
960,26,9565.31
960,27,9587.67
960,28,9543.08
960,29,9550.69
960,30,9558.96
960,31,9582.51
960,32,9560.07
960,33,9541.6
960,34,9564.26
960,35,9594.63
960,36,9511.02
960,37,9593.66
960,38,9573.78
960,39,9513.24
960,40,9606.5
960,41,9546.35
960,42,9497.79
960,43,9599.77
960,44,9585.23
960,45,9553.93
960,46,9566.73
960,47,9635.68
960,48,9545.02
960,49,9565.26
960,50,9553.97
960,51,9556.78
960,52,9529.43
960,53,9578.4
960,54,9652.28
960,55,9561.63
960,56,9608.38
960,57,9620.23
960,58,9523.64
960,59,9592.61
960,60,9500.91
960,61,9546.41
960,62,9589.86
960,63,9525.99
960,64,9553.06
960,65,9514.91
960,66,9608.85
960,67,9549.36
960,68,9532.87
960,69,9514.39
960,70,9615.13
960,71,9600.35
960,72,9559.42
960,73,9635.85
960,74,9526.31
960,75,9570.15
960,76,9559.43
960,77,9539.42
960,78,9671.45
960,79,9557.85
960,80,9638.85
960,81,9599.44
960,82,9625.39
960,83,9541.24
960,84,9637.12
960,85,9591.59
960,86,9547.43
960,87,9570.46
960,88,9645.88
960,89,9614.15
960,90,9600.17
960,91,9521.67
960,92,9517.39
960,93,9628.03
960,94,9645.49
960,95,9606.71
960,96,9559.22
960,97,9530.2
960,98,9560.28
960,99,9567.82
970,0,9644.39
970,1,9520.94
970,2,9568.49
970,3,9613.7
970,4,9573.16
970,5,9650.91
970,6,9551.22
970,7,9567.51
970,8,9559.62
970,9,9524.22
970,10,9610.68
970,11,9573.59
970,12,9542.1
970,13,9531.52
970,14,9573.39
970,15,9597.25
970,16,9602.27
970,17,9641.3
970,18,9542.61
970,19,9571.15
970,20,9587.1
970,21,9518.09
970,22,9587.8
970,23,9580.32
970,24,9584.37
970,25,9511.21
970,26,9565.01
970,27,9587.37
970,28,9542.78
970,29,9550.39
970,30,9558.66
970,31,9582.21
970,32,9559.77
970,33,9541.3
970,34,9563.96
970,35,9594.33
970,36,9510.72
970,37,9593.36
970,38,9573.48
970,39,9512.94
970,40,9606.2
970,41,9546.05
970,42,9497.49
970,43,9599.47
970,44,9584.93
970,45,9553.63
970,46,9566.43
970,47,9635.38
970,48,9544.72
970,49,9564.96
970,50,9553.67
970,51,9556.48
970,52,9529.13
970,53,9578.1
970,54,9651.98
970,55,9561.33
970,56,9608.08
970,57,9619.93
970,58,9523.34
970,59,9592.31
970,60,9500.61
970,61,9546.11
970,62,9589.56
970,63,9525.69
970,64,9552.76
970,65,9514.61
970,66,9608.55
970,67,9549.06
970,68,9532.57
970,69,9514.09
970,70,9614.83
970,71,9600.05
970,72,9559.12
970,73,9635.55
970,74,9526.01
970,75,9569.85
970,76,9559.13
970,77,9539.12
970,78,9671.15
970,79,9557.55
970,80,9638.55
970,81,9599.14
970,82,9625.09
970,83,9540.94
970,84,9636.82
970,85,9591.29
970,86,9547.13
970,87,9570.16
970,88,9645.58
970,89,9613.85
970,90,9599.87
970,91,9521.37
970,92,9517.09
970,93,9627.73
970,94,9645.19
970,95,9606.41
970,96,9558.92
970,97,9529.9
970,98,9559.98
970,99,9567.52
980,0,9633.85
980,1,9511.58
980,2,9559.44
980,3,9604.61
980,4,9565.05
980,5,9641.93
980,6,9545.61
980,7,9559.05
980,8,9552.31
980,9,9513.67
980,10,9600.48
980,11,9566.22
980,12,9534.18
980,13,9522.72
980,14,9567.73
980,15,9589.05
980,16,9593.55
980,17,9633.09
980,18,9535.17
980,19,9563.15
980,20,9579.41
980,21,9508.26
980,22,9577.51
980,23,9570.2
980,24,9575.91
980,25,9501.72
980,26,9556.3
980,27,9580.51
980,28,9536.98
980,29,9542.07
980,30,9551.16
980,31,9571.1
980,32,9553.37
980,33,9534
980,34,9553.61
980,35,9585.2
980,36,9500.21
980,37,9584.07
980,38,9564.49
980,39,9504.82
980,40,9598.51
980,41,9537.26
980,42,9488.07
980,43,9590.32
980,44,9575.79
980,45,9547.03
980,46,9556.89
980,47,9626.91
980,48,9538.52
980,49,9558.93
980,50,9546.44
980,51,9547.56
980,52,9520.34
980,53,9567.94
980,54,9643.92
980,55,9551.49
980,56,9600.91
980,57,9612.58
980,58,9515.23
980,59,9583.91
980,60,9491.1
980,61,9535.75
980,62,9581.12
980,63,9515.78
980,64,9543.92
980,65,9505.61
980,66,9601.4
980,67,9541.48
980,68,9524.82
980,69,9508.18
980,70,9606.11
980,71,9591.13
980,72,9549.85
980,73,9627.61
980,74,9517.84
980,75,9561.85
980,76,9551.67
980,77,9529.8
980,78,9663.33
980,79,9550.96
980,80,9630.88
980,81,9589.77
980,82,9618.13
980,83,9533.33
980,84,9628.02
980,85,9580.35
980,86,9539
980,87,9559.7
980,88,9637.18
980,89,9606.37
980,90,9591.49
980,91,9512.57
980,92,9509.42
980,93,9620.08
980,94,9637.93
980,95,9598.11
980,96,9550.37
980,97,9521.66
980,98,9552.29
980,99,9557.13
990,0,9633.62
990,1,9504.25
990,2,9556.97
990,3,9604.03
990,4,9562.14
990,5,9641.69
990,6,9538.7
990,7,9556.55
990,8,9550.37
990,9,9511.49
990,10,9596.09
990,11,9559.89
990,12,9526.69
990,13,9515.63
990,14,9561.5
990,15,9584.07
990,16,9593.32
990,17,9629.37
990,18,9531.18
990,19,9560.49
990,20,9575.98
990,21,9504.3
990,22,9577.29
990,23,9569.97
990,24,9569.37
990,25,9499.81
990,26,9551.63
990,27,9577.63
990,28,9531.61
990,29,9538.09
990,30,9545.32
990,31,9570.79
990,32,9545.64
990,33,9529.87
990,34,9551.16
990,35,9583.11
990,36,9492.98
990,37,9583.83
990,38,9563.06
990,39,9502.51
990,40,9594.62
990,41,9533.6
990,42,9481.83
990,43,9590.07
990,44,9574.33
990,45,9542.58
990,46,9554.99
990,47,9626.66
990,48,9534.57
990,49,9554.4
990,50,9542.45
990,51,9547.32
990,52,9515.12
990,53,9566.95
990,54,9640.6
990,55,9549.66
990,56,9596.43
990,57,9608.86
990,58,9509.9
990,59,9580.37
990,60,9484.77
990,61,9533.68
990,62,9579.75
990,63,9513.32
990,64,9540.75
990,65,9502.15
990,66,9598.7
990,67,9537.83
990,68,9518.26
990,69,9503.8
990,70,9599.41
990,71,9588.98
990,72,9548.08
990,73,9626.17
990,74,9514.43
990,75,9555.85
990,76,9548.22
990,77,9527.27
990,78,9660.74
990,79,9544.19
990,80,9626.65
990,81,9584.91
990,82,9614.2
990,83,9529.71
990,84,9625.05
990,85,9575.11
990,86,9535.87
990,87,9557.47
990,88,9632.99
990,89,9603.71
990,90,9591.25
990,91,9507.73
990,92,9504.78
990,93,9616.47
990,94,9634.94
990,95,9594.51
990,96,9546.89
990,97,9517.96
990,98,9549.44
990,99,9556.9
1000,0,9633.32
1000,1,9503.95
1000,2,9556.67
1000,3,9603.73
1000,4,9561.84
1000,5,9641.39
1000,6,9538.4
1000,7,9556.25
1000,8,9550.07
1000,9,9511.19
1000,10,9595.79
1000,11,9559.59
1000,12,9526.39
1000,13,9515.33
1000,14,9561.2
1000,15,9583.77
1000,16,9593.02
1000,17,9629.07
1000,18,9530.88
1000,19,9560.19
1000,20,9575.68
1000,21,9504
1000,22,9576.99
1000,23,9569.67
1000,24,9569.07
1000,25,9499.51
1000,26,9551.33
1000,27,9577.33
1000,28,9531.31
1000,29,9537.79
1000,30,9545.02
1000,31,9570.49
1000,32,9545.34
1000,33,9529.57
1000,34,9550.86
1000,35,9582.81
1000,36,9492.68
1000,37,9583.53
1000,38,9562.76
1000,39,9502.21
1000,40,9594.32
1000,41,9533.3
1000,42,9481.53
1000,43,9589.77
1000,44,9574.03
1000,45,9542.28
1000,46,9554.69
1000,47,9626.36
1000,48,9534.27
1000,49,9554.1
1000,50,9542.15
1000,51,9547.02
1000,52,9514.82
1000,53,9566.65
1000,54,9640.3
1000,55,9549.36
1000,56,9596.13
1000,57,9608.56
1000,58,9509.6
1000,59,9580.07
1000,60,9484.47
1000,61,9533.38
1000,62,9579.45
1000,63,9513.02
1000,64,9540.45
1000,65,9501.85
1000,66,9598.4
1000,67,9537.53
1000,68,9517.96
1000,69,9503.5
1000,70,9599.11
1000,71,9588.68
1000,72,9547.78
1000,73,9625.87
1000,74,9514.13
1000,75,9555.55
1000,76,9547.92
1000,77,9526.97
1000,78,9660.44
1000,79,9543.89
1000,80,9626.35
1000,81,9584.61
1000,82,9613.9
1000,83,9529.41
1000,84,9624.75
1000,85,9574.81
1000,86,9535.57
1000,87,9557.17
1000,88,9632.69
1000,89,9603.41
1000,90,9590.95
1000,91,9507.43
1000,92,9504.48
1000,93,9616.17
1000,94,9634.64
1000,95,9594.21
1000,96,9546.59
1000,97,9517.66
1000,98,9549.14
1000,99,9556.6
1010,0,9622.65
1010,1,9495.22
1010,2,9547.79
1010,3,9593.53
1010,4,9555.69
1010,5,9634.45
1010,6,9532.12
1010,7,9548.39
1010,8,9543.24
1010,9,9502.38
1010,10,9585.51
1010,11,9552.21
1010,12,9518.5
1010,13,9507.19
1010,14,9555.41
1010,15,9576.04
1010,16,9587.23
1010,17,9624.52
1010,18,9523.39
1010,19,9551.55
1010,20,9568.08
1010,21,9499.7
1010,22,9567.49
1010,23,9559.64
1010,24,9560.71
1010,25,9491.35
1010,26,9544.42
1010,27,9570.6
1010,28,9522.88
1010,29,9529.31
1010,30,9536.16
1010,31,9565.27
1010,32,9539.09
1010,33,9522.25
1010,34,9543.58
1010,35,9573.74
1010,36,9483.2
1010,37,9574.33
1010,38,9554.76
1010,39,9495.04
1010,40,9589.02
1010,41,9525.62
1010,42,9472.05
1010,43,9582.9
1010,44,9564.84
1010,45,9535.64
1010,46,9547.74
1010,47,9619.37
1010,48,9528.11
1010,49,9547.95
1010,50,9534.76
1010,51,9537.92
1010,52,9507.74
1010,53,9561.36
1010,54,9634.39
1010,55,9539.63
1010,56,9589.1
1010,57,9602.77
1010,58,9502.48
1010,59,9571.59
1010,60,9474.91
1010,61,9523.14
1010,62,9571.07
1010,63,9507.14
1010,64,9531.59
1010,65,9495.63
1010,66,9590.67
1010,67,9529.77
1010,68,9510.28
1010,69,9497.62
1010,70,9592.86
1010,71,9584.09
1010,72,9540.2
1010,73,9616.38
1010,74,9506.11
1010,75,9547.53
1010,76,9540.63
1010,77,9518.14
1010,78,9653.58
1010,79,9537.75
1010,80,9618.92
1010,81,9575.77
1010,82,9607.86
1010,83,9522.74
1010,84,9617.39
1010,85,9565.26
1010,86,9529.45
1010,87,9552.16
1010,88,9626.21
1010,89,9596.5
1010,90,9586.18
1010,91,9502.49
1010,92,9496.85
1010,93,9609.56
1010,94,9626.92
1010,95,9589.61
1010,96,9541.93
1010,97,9510.54
1010,98,9541.34
1010,99,9546.27
1020,0,9618.83
1020,1,9483.72
1020,2,9540.45
1020,3,9588.87
1020,4,9542.53
1020,5,9626.8
1020,6,9521.46
1020,7,9537.83
1020,8,9531.54
1020,9,9489.02
1020,10,9579.63
1020,11,9539.3
1020,12,9505.87
1020,13,9495.97
1020,14,9541.83
1020,15,9567.63
1020,16,9575.63
1020,17,9613.78
1020,18,9509.75
1020,19,9544.55
1020,20,9560.58
1020,21,9484.15
1020,22,9562.78
1020,23,9552.18
1020,24,9549.6
1020,25,9480.2
1020,26,9531.56
1020,27,9562.3
1020,28,9509.64
1020,29,9514.7
1020,30,9528.91
1020,31,9553.31
1020,32,9527.28
1020,33,9507.85
1020,34,9531.61
1020,35,9565.94
1020,36,9468.83
1020,37,9569.98
1020,38,9548.44
1020,39,9482.41
1020,40,9578.38
1020,41,9512.51
1020,42,9462.19
1020,43,9576.72
1020,44,9558.17
1020,45,9523.77
1020,46,9536.1
1020,47,9613.06
1020,48,9512.77
1020,49,9535.59
1020,50,9521.59
1020,51,9532.35
1020,52,9498.86
1020,53,9547.84
1020,54,9624.93
1020,55,9532.49
1020,56,9581.01
1020,57,9596.41
1020,58,9486.27
1020,59,9562.91
1020,60,9464.83
1020,61,9515.71
1020,62,9565.64
1020,63,9492.87
1020,64,9523
1020,65,9481.31
1020,66,9581.1
1020,67,9519.93
1020,68,9495.76
1020,69,9483.92
1020,70,9583.42
1020,71,9571.12
1020,72,9526.38
1020,73,9610.41
1020,74,9496.63
1020,75,9537.8
1020,76,9527.31
1020,77,9503.74
1020,78,9646.84
1020,79,9524.41
1020,80,9613
1020,81,9568.52
1020,82,9599.03
1020,83,9507.69
1020,84,9610.59
1020,85,9555.96
1020,86,9516.06
1020,87,9538.05
1020,88,9618.89
1020,89,9585.64
1020,90,9574.08
1020,91,9486.86
1020,92,9484.58
1020,93,9600.79
1020,94,9620.46
1020,95,9578.88
1020,96,9525.49
1020,97,9494.38
1020,98,9528.56
1020,99,9538.12
1030,0,9618.53
1030,1,9483.42
1030,2,9540.15
1030,3,9588.57
1030,4,9542.23
1030,5,9626.5
1030,6,9521.16
1030,7,9537.53
1030,8,9531.24
1030,9,9488.72
1030,10,9579.33
1030,11,9539
1030,12,9505.57
1030,13,9495.67
1030,14,9541.53
1030,15,9567.33
1030,16,9575.33
1030,17,9613.48
1030,18,9509.45
1030,19,9544.25
1030,20,9560.28
1030,21,9483.85
1030,22,9562.48
1030,23,9551.88
1030,24,9549.3
1030,25,9479.9
1030,26,9531.26
1030,27,9562
1030,28,9509.34
1030,29,9514.4
1030,30,9528.61
1030,31,9553.01
1030,32,9526.98
1030,33,9507.55
1030,34,9531.31
1030,35,9565.64
1030,36,9468.53
1030,37,9569.68
1030,38,9548.14
1030,39,9482.11
1030,40,9578.08
1030,41,9512.21
1030,42,9461.89
1030,43,9576.42
1030,44,9557.87
1030,45,9523.47
1030,46,9535.8
1030,47,9612.76
1030,48,9512.47
1030,49,9535.29
1030,50,9521.29
1030,51,9532.05
1030,52,9498.56
1030,53,9547.54
1030,54,9624.63
1030,55,9532.19
1030,56,9580.71
1030,57,9596.11
1030,58,9485.97
1030,59,9562.61
1030,60,9464.53
1030,61,9515.41
1030,62,9565.34
1030,63,9492.57
1030,64,9522.7
1030,65,9481.01
1030,66,9580.8
1030,67,9519.63
1030,68,9495.46
1030,69,9483.62
1030,70,9583.12
1030,71,9570.82
1030,72,9526.08
1030,73,9610.11
1030,74,9496.33
1030,75,9537.5
1030,76,9527.01
1030,77,9503.44
1030,78,9646.54
1030,79,9524.11
1030,80,9612.7
1030,81,9568.22
1030,82,9598.73
1030,83,9507.39
1030,84,9610.29
1030,85,9555.66
1030,86,9515.76
1030,87,9537.75
1030,88,9618.59
1030,89,9585.34
1030,90,9573.78
1030,91,9486.56
1030,92,9484.28
1030,93,9600.49
1030,94,9620.16
1030,95,9578.58
1030,96,9525.19
1030,97,9494.08
1030,98,9528.26
1030,99,9537.82
1040,0,9613.34
1040,1,9478.71
1040,2,9536.21
1040,3,9584.46
1040,4,9537.59
1040,5,9619.54
1040,6,9515.66
1040,7,9529.69
1040,8,9524.45
1040,9,9483.95
1040,10,9575.03
1040,11,9531.62
1040,12,9499.21
1040,13,9491.22
1040,14,9536.24
1040,15,9561.1
1040,16,9569.56
1040,17,9608.98
1040,18,9504.66
1040,19,9535.83
1040,20,9555.11
1040,21,9479.53
1040,22,9559.83
1040,23,9547.28
1040,24,9544.63
1040,25,9473.46
1040,26,9524.31
1040,27,9555.35
1040,28,9503.89
1040,29,9508.74
1040,30,9522.46
1040,31,9549.88
1040,32,9520.46
1040,33,9501.36
1040,34,9527.97
1040,35,9561.82
1040,36,9464.33
1040,37,9565.12
1040,38,9545.12
1040,39,9477.4
1040,40,9572.96
1040,41,9505.98
1040,42,9455.9
1040,43,9566.5
1040,44,9554.57
1040,45,9516.64
1040,46,9532.11
1040,47,9605.94
1040,48,9506.39
1040,49,9529.06
1040,50,9514.5
1040,51,9524.98
1040,52,9494.41
1040,53,9542.24
1040,54,9618.74
1040,55,9528.27
1040,56,9574.82
1040,57,9589.49
1040,58,9479.47
1040,59,9557.45
1040,60,9458.31
1040,61,9510.58
1040,62,9561.48
1040,63,9486.61
1040,64,9518.44
1040,65,9474.68
1040,66,9573.96
1040,67,9514.93
1040,68,9491.04
1040,69,9477.78
1040,70,9575.94
1040,71,9564.92
1040,72,9520.68
1040,73,9606.45
1040,74,9489.23
1040,75,9534.6
1040,76,9521.98
1040,77,9500.2
1040,78,9639.53
1040,79,9518.61
1040,80,9606.49
1040,81,9560.87
1040,82,9592.64
1040,83,9502.3
1040,84,9605.51
1040,85,9549.6
1040,86,9511.27
1040,87,9534.26
1040,88,9612.19
1040,89,9578.51
1040,90,9569.18
1040,91,9481.67
1040,92,9478.49
1040,93,9594.47
1040,94,9616
1040,95,9573.77
1040,96,9520.39
1040,97,9488.89
1040,98,9522.82
1040,99,9532.42
1050,0,9604.55
1050,1,9468.56
1050,2,9526.95
1050,3,9575.38
1050,4,9525.91
1050,5,9613.55
1050,6,9507.64
1050,7,9522.31
1050,8,9515.12
1050,9,9470.97
1050,10,9565.33
1050,11,9522.76
1050,12,9489.76
1050,13,9481.47
1050,14,9527.59
1050,15,9553.12
1050,16,9563.55
1050,17,9601.11
1050,18,9494.32
1050,19,9532.72
1050,20,9547.26
1050,21,9469.57
1050,22,9549.93
1050,23,9539.71
1050,24,9534.76
1050,25,9464.21
1050,26,9514.95
1050,27,9548.98
1050,28,9497.13
1050,29,9498.39
1050,30,9516.36
1050,31,9538.44
1050,32,9513.51
1050,33,9493.39
1050,34,9516.38
1050,35,9552.44
1050,36,9452.7
1050,37,9557.56
1050,38,9533.9
1050,39,9468.29
1050,40,9564.78
1050,41,9496.49
1050,42,9448.29
1050,43,9561.84
1050,44,9542.85
1050,45,9507.99
1050,46,9522.8
1050,47,9597.08
1050,48,9498.37
1050,49,9519.77
1050,50,9505.1
1050,51,9516.82
1050,52,9484.63
1050,53,9533.41
1050,54,9612.18
1050,55,9518.83
1050,56,9568.64
1050,57,9585.54
1050,58,9473.07
1050,59,9546.91
1050,60,9450.8
1050,61,9503.13
1050,62,9553.13
1050,63,9479.36
1050,64,9508.23
1050,65,9467.88
1050,66,9566.66
1050,67,9504.52
1050,68,9478.31
1050,69,9468.84
1050,70,9570.48
1050,71,9557.34
1050,72,9511.16
1050,73,9598.6
1050,74,9484.27
1050,75,9522.81
1050,76,9512.41
1050,77,9490.18
1050,78,9634.32
1050,79,9510.33
1050,80,9601.4
1050,81,9555.71
1050,82,9586.05
1050,83,9492.37
1050,84,9600.29
1050,85,9543.63
1050,86,9501
1050,87,9522.92
1050,88,9607.15
1050,89,9571
1050,90,9558.31
1050,91,9472.98
1050,92,9467.5
1050,93,9587.86
1050,94,9606.35
1050,95,9565.15
1050,96,9512.25
1050,97,9478.53
1050,98,9513.76
1050,99,9525.43
1060,0,9604.25
1060,1,9468.26
1060,2,9526.65
1060,3,9575.08
1060,4,9525.61
1060,5,9613.25
1060,6,9507.34
1060,7,9522.01
1060,8,9514.82
1060,9,9470.67
1060,10,9565.03
1060,11,9522.46
1060,12,9489.46
1060,13,9481.17
1060,14,9527.29
1060,15,9552.82
1060,16,9563.25
1060,17,9600.81
1060,18,9494.02
1060,19,9532.42
1060,20,9546.96
1060,21,9469.27
1060,22,9549.63
1060,23,9539.41
1060,24,9534.46
1060,25,9463.91
1060,26,9514.65
1060,27,9548.68
1060,28,9496.83
1060,29,9498.09
1060,30,9516.06
1060,31,9538.14
1060,32,9513.21
1060,33,9493.09
1060,34,9516.08
1060,35,9552.14
1060,36,9452.4
1060,37,9557.26
1060,38,9533.6
1060,39,9467.99
1060,40,9564.48
1060,41,9496.19
1060,42,9447.99
1060,43,9561.54
1060,44,9542.55
1060,45,9507.69
1060,46,9522.5
1060,47,9596.78
1060,48,9498.07
1060,49,9519.47
1060,50,9504.8
1060,51,9516.52
1060,52,9484.33
1060,53,9533.11
1060,54,9611.88
1060,55,9518.53
1060,56,9568.34
1060,57,9585.24
1060,58,9472.77
1060,59,9546.61
1060,60,9450.5
1060,61,9502.83
1060,62,9552.83
1060,63,9479.06
1060,64,9507.93
1060,65,9467.58
1060,66,9566.36
1060,67,9504.22
1060,68,9478.01
1060,69,9468.54
1060,70,9570.18
1060,71,9557.04
1060,72,9510.86
1060,73,9598.3
1060,74,9483.97
1060,75,9522.51
1060,76,9512.11
1060,77,9489.88
1060,78,9634.02
1060,79,9510.03
1060,80,9601.1
1060,81,9555.41
1060,82,9585.75
1060,83,9492.07
1060,84,9599.99
1060,85,9543.33
1060,86,9500.7
1060,87,9522.62
1060,88,9606.85
1060,89,9570.7
1060,90,9558.01
1060,91,9472.68
1060,92,9467.2
1060,93,9587.56
1060,94,9606.05
1060,95,9564.85
1060,96,9511.95
1060,97,9478.23
1060,98,9513.46
1060,99,9525.13
1070,0,9598.92
1070,1,9463.51
1070,2,9522.75
1070,3,9570.94
1070,4,9522.03
1070,5,9610.42
1070,6,9502.49
1070,7,9516.63
1070,8,9509.85
1070,9,9465.86
1070,10,9560.62
1070,11,9519.18
1070,12,9485.59
1070,13,9476.68
1070,14,9524.04
1070,15,9549.3
1070,16,9559.42
1070,17,9596.32
1070,18,9489.28
1070,19,9529.3
1070,20,9543.95
1070,21,9464.87
1070,22,9546.24
1070,23,9534.33
1070,24,9529.74
1070,25,9460.04
1070,26,9511.55
1070,27,9546.62
1070,28,9493.36
1070,29,9496.3
1070,30,9512.96
1070,31,9534.95
1070,32,9511.38
1070,33,9489.9
1070,34,9515.78
1070,35,9549.06
1070,36,9448.02
1070,37,9554.85
1070,38,9530.71
1070,39,9467.69
1070,40,9561.46
1070,41,9492.77
1070,42,9446.17
1070,43,9558.07
1070,44,9539.27
1070,45,9504.94
1070,46,9518.68
1070,47,9594.47
1070,48,9494.22
1070,49,9515.83
1070,50,9501.6
1070,51,9513.01
1070,52,9480.37
1070,53,9530.07
1070,54,9606.52
1070,55,9514.63
1070,56,9564.78
1070,57,9582.54
1070,58,9469.09
1070,59,9543.7
1070,60,9448.58
1070,61,9498.12
1070,62,9548.93
1070,63,9475.31
1070,64,9503.53
1070,65,9464.44
1070,66,9563.55
1070,67,9503.92
1070,68,9477.71
1070,69,9464.15
1070,70,9566.75
1070,71,9552.37
1070,72,9510.56
1070,73,9594.07
1070,74,9480.12
1070,75,9519.57
1070,76,9511.81
1070,77,9486.7
1070,78,9628.97
1070,79,9507.45
1070,80,9597.34
1070,81,9550.3
1070,82,9579.81
1070,83,9491.77
1070,84,9596.41
1070,85,9537.84
1070,86,9496.49
1070,87,9522.32
1070,88,9602.21
1070,89,9567.19
1070,90,9553.57
1070,91,9470.69
1070,92,9464.53
1070,93,9581.55
1070,94,9602.67
1070,95,9561.69
1070,96,9507.05
1070,97,9477.93
1070,98,9508.06
1070,99,9521.85
1080,0,9592.08
1080,1,9454.76
1080,2,9513.38
1080,3,9560.33
1080,4,9512.52
1080,5,9599.44
1080,6,9493.7
1080,7,9510.26
1080,8,9501.93
1080,9,9453.18
1080,10,9551.65
1080,11,9509.71
1080,12,9472.9
1080,13,9468.41
1080,14,9513.05
1080,15,9537.33
1080,16,9548.38
1080,17,9589.73
1080,18,9478.82
1080,19,9518.16
1080,20,9533.86
1080,21,9451.61
1080,22,9536.5
1080,23,9526.4
1080,24,9520.09
1080,25,9449.5
1080,26,9500.8
1080,27,9533.48
1080,28,9480.55
1080,29,9485.15
1080,30,9502.72
1080,31,9523.7
1080,32,9500.14
1080,33,9478.62
1080,34,9501.73
1080,35,9540.45
1080,36,9436.51
1080,37,9545.85
1080,38,9521.27
1080,39,9450.5
1080,40,9550.78
1080,41,9480.2
1080,42,9432.13
1080,43,9550.03
1080,44,9530.13
1080,45,9494.95
1080,46,9509.01
1080,47,9582.14
1080,48,9484.17
1080,49,9505.7
1080,50,9489.12
1080,51,9505.13
1080,52,9472.28
1080,53,9519.43
1080,54,9599.82
1080,55,9505.55
1080,56,9554.73
1080,57,9572.86
1080,58,9458.86
1080,59,9532.28
1080,60,9434.4
1080,61,9489.68
1080,62,9540.75
1080,63,9465.93
1080,64,9494.06
1080,65,9454.12
1080,66,9552.35
1080,67,9488.54
1080,68,9460.84
1080,69,9454.93
1080,70,9557.61
1080,71,9542.86
1080,72,9495.4
1080,73,9585.16
1080,74,9469.19
1080,75,9508.71
1080,76,9497
1080,77,9474.16
1080,78,9622.32
1080,79,9496.62
1080,80,9589.25
1080,81,9541.79
1080,82,9574
1080,83,9476.49
1080,84,9587.89
1080,85,9530.07
1080,86,9486.86
1080,87,9508.35
1080,88,9595.44
1080,89,9555.43
1080,90,9544.67
1080,91,9455.57
1080,92,9453.6
1080,93,9574.6
1080,94,9594.85
1080,95,9551.1
1080,96,9495.77
1080,97,9462.9
1080,98,9497.18
1080,99,9511.16
1090,0,9591.78
1090,1,9454.46
1090,2,9513.08
1090,3,9560.03
1090,4,9512.22
1090,5,9599.14
1090,6,9493.4
1090,7,9509.96
1090,8,9501.63
1090,9,9452.88
1090,10,9551.35
1090,11,9509.41
1090,12,9472.6
1090,13,9468.11
1090,14,9512.75
1090,15,9537.03
1090,16,9548.08
1090,17,9589.43
1090,18,9478.52
1090,19,9517.86
1090,20,9533.56
1090,21,9451.31
1090,22,9536.2
1090,23,9526.1
1090,24,9519.79
1090,25,9449.2
1090,26,9500.5
1090,27,9533.18
1090,28,9480.25
1090,29,9484.85
1090,30,9502.42
1090,31,9523.4
1090,32,9499.84
1090,33,9478.32
1090,34,9501.43
1090,35,9540.15
1090,36,9436.21
1090,37,9545.55
1090,38,9520.97
1090,39,9450.2
1090,40,9550.48
1090,41,9479.9
1090,42,9431.83
1090,43,9549.73
1090,44,9529.83
1090,45,9494.65
1090,46,9508.71
1090,47,9581.84
1090,48,9483.87
1090,49,9505.4
1090,50,9488.82
1090,51,9504.83
1090,52,9471.98
1090,53,9519.13
1090,54,9599.52
1090,55,9505.25
1090,56,9554.43
1090,57,9572.56
1090,58,9458.56
1090,59,9531.98
1090,60,9434.1
1090,61,9489.38
1090,62,9540.45
1090,63,9465.63
1090,64,9493.76
1090,65,9453.82
1090,66,9552.05
1090,67,9488.24
1090,68,9460.54
1090,69,9454.63
1090,70,9557.31
1090,71,9542.56
1090,72,9495.1
1090,73,9584.86
1090,74,9468.89
1090,75,9508.41
1090,76,9496.7
1090,77,9473.86
1090,78,9622.02
1090,79,9496.32
1090,80,9588.95
1090,81,9541.49
1090,82,9573.7
1090,83,9476.19
1090,84,9587.59
1090,85,9529.77
1090,86,9486.56
1090,87,9508.05
1090,88,9595.14
1090,89,9555.13
1090,90,9544.37
1090,91,9455.27
1090,92,9453.3
1090,93,9574.3
1090,94,9594.55
1090,95,9550.8
1090,96,9495.47
1090,97,9462.6
1090,98,9496.88
1090,99,9510.86
1100,0,9590.67
1100,1,9452.33
1100,2,9512.78
1100,3,9558.72
1100,4,9511.92
1100,5,9596.33
1100,6,9493.1
1100,7,9508.26
1100,8,9501.33
1100,9,9451.28
1100,10,9551.05
1100,11,9509.11
1100,12,9470.34
1100,13,9466.07
1100,14,9512.45
1100,15,9536.73
1100,16,9547.78
1100,17,9586.73
1100,18,9476.67
1100,19,9516.21
1100,20,9533.26
1100,21,9451.01
1100,22,9535.9
1100,23,9523.26
1100,24,9518.26
1100,25,9447.48
1100,26,9500.2
1100,27,9531.12
1100,28,9479.95
1100,29,9484.55
1100,30,9501.07
1100,31,9523.1
1100,32,9498.03
1100,33,9478.02
1100,34,9501.13
1100,35,9539.85
1100,36,9434.38
1100,37,9543.19
1100,38,9520.67
1100,39,9449.9
1100,40,9550.18
1100,41,9477.96
1100,42,9430.02
1100,43,9547.33
1100,44,9529.53
1100,45,9494.35
1100,46,9506.43
1100,47,9579.84
1100,48,9483.57
1100,49,9505.1
1100,50,9486.96
1100,51,9502.06
1100,52,9468.59
1100,53,9518.06
1100,54,9597.31
1100,55,9504.95
1100,56,9552.74
1100,57,9572.21
1100,58,9458.26
1100,59,9531.68
1100,60,9432.17
1100,61,9486.75
1100,62,9540.15
1100,63,9465.33
1100,64,9493.46
1100,65,9453.52
1100,66,9550.98
1100,67,9487.94
1100,68,9460.24
1100,69,9453.58
1100,70,9553.83
1100,71,9542.26
1100,72,9494.8
1100,73,9584.04
1100,74,9468.59
1100,75,9508.11
1100,76,9496.4
1100,77,9471.54
1100,78,9619.45
1100,79,9496.02
1100,80,9587.52
1100,81,9539.55
1100,82,9570.5
1100,83,9475.89
1100,84,9584.44
1100,85,9527.27
1100,86,9486.26
1100,87,9507.75
1100,88,9593.41
1100,89,9554.83
1100,90,9544.07
1100,91,9454.97
1100,92,9451.32
1100,93,9572.9
1100,94,9594.18
1100,95,9550.5
1100,96,9495.17
1100,97,9462.3
1100,98,9495.18
1100,99,9510.56
1110,0,9580.76
1110,1,9441.84
1110,2,9500.04
1110,3,9548.07
1110,4,9501.43
1110,5,9584.21
1110,6,9480
1110,7,9497.21
1110,8,9489.96
1110,9,9435.1
1110,10,9541.2
1110,11,9496.3
1110,12,9456.84
1110,13,9455.96
1110,14,9500.63
1110,15,9524.48
1110,16,9534.13
1110,17,9576.94
1110,18,9465.15
1110,19,9506.71
1110,20,9522.52
1110,21,9436.94
1110,22,9526.16
1110,23,9512.86
1110,24,9506.31
1110,25,9433.48
1110,26,9487.85
1110,27,9521.33
1110,28,9465.63
1110,29,9470.29
1110,30,9490.9
1110,31,9512.66
1110,32,9488.28
1110,33,9464.67
1110,34,9488.35
1110,35,9528.29
1110,36,9421.91
1110,37,9534.62
1110,38,9508.5
1110,39,9434.97
1110,40,9537.31
1110,41,9463.55
1110,42,9418.13
1110,43,9540.47
1110,44,9516.85
1110,45,9482.4
1110,46,9496.07
1110,47,9571.73
1110,48,9469.78
1110,49,9491.84
1110,50,9473.49
1110,51,9490.71
1110,52,9458.07
1110,53,9505.31
1110,54,9587.44
1110,55,9493.54
1110,56,9543.53
1110,57,9558.03
1110,58,9445.24
1110,59,9517.58
1110,60,9420.19
1110,61,9476.25
1110,62,9529.32
1110,63,9449.69
1110,64,9480.32
1110,65,9441.13
1110,66,9540.94
1110,67,9476.81
1110,68,9444.65
1110,69,9440.93
1110,70,9542.88
1110,71,9530.44
1110,72,9483.91
1110,73,9573.91
1110,74,9456.56
1110,75,9494.69
1110,76,9481.95
1110,77,9459.32
1110,78,9610.06
1110,79,9483.76
1110,80,9574.76
1110,81,9526.96
1110,82,9559.78
1110,83,9464.91
1110,84,9576.32
1110,85,9516.38
1110,86,9472.11
1110,87,9497.92
1110,88,9581.44
1110,89,9542.67
1110,90,9532.77
1110,91,9439.38
1110,92,9439.25
1110,93,9564.33
1110,94,9584.02
1110,95,9539.07
1110,96,9480.11
1110,97,9450.75
1110,98,9481.5
1110,99,9498.17
1120,0,9580.46
1120,1,9441.54
1120,2,9499.74
1120,3,9547.77
1120,4,9501.13
1120,5,9583.91
1120,6,9479.7
1120,7,9496.91
1120,8,9489.66
1120,9,9434.8
1120,10,9540.9
1120,11,9496
1120,12,9456.54
1120,13,9455.66
1120,14,9500.33
1120,15,9524.18
1120,16,9533.83
1120,17,9576.64
1120,18,9464.85
1120,19,9506.41
1120,20,9522.22
1120,21,9436.64
1120,22,9525.86
1120,23,9512.56
1120,24,9506.01
1120,25,9433.18
1120,26,9487.55
1120,27,9521.03
1120,28,9465.33
1120,29,9469.99
1120,30,9490.6
1120,31,9512.36
1120,32,9487.98
1120,33,9464.37
1120,34,9488.05
1120,35,9527.99
1120,36,9421.61
1120,37,9534.32
1120,38,9508.2
1120,39,9434.67
1120,40,9537.01
1120,41,9463.25
1120,42,9417.83
1120,43,9540.17
1120,44,9516.55
1120,45,9482.1
1120,46,9495.77
1120,47,9571.43
1120,48,9469.48
1120,49,9491.54
1120,50,9473.19
1120,51,9490.41
1120,52,9457.77
1120,53,9505.01
1120,54,9587.14
1120,55,9493.24
1120,56,9543.23
1120,57,9557.73
1120,58,9444.94
1120,59,9517.28
1120,60,9419.89
1120,61,9475.95
1120,62,9529.02
1120,63,9449.39
1120,64,9480.02
1120,65,9440.83
1120,66,9540.64
1120,67,9476.51
1120,68,9444.35
1120,69,9440.63
1120,70,9542.58
1120,71,9530.14
1120,72,9483.61
1120,73,9573.61
1120,74,9456.26
1120,75,9494.39
1120,76,9481.65
1120,77,9459.02
1120,78,9609.76
1120,79,9483.46
1120,80,9574.46
1120,81,9526.66
1120,82,9559.48
1120,83,9464.61
1120,84,9576.02
1120,85,9516.08
1120,86,9471.81
1120,87,9497.62
1120,88,9581.14
1120,89,9542.37
1120,90,9532.47
1120,91,9439.08
1120,92,9438.95
1120,93,9564.03
1120,94,9583.72
1120,95,9538.77
1120,96,9479.81
1120,97,9450.45
1120,98,9481.2
1120,99,9497.87
1130,0,9580.16
1130,1,9441.24
1130,2,9499.44
1130,3,9547.47
1130,4,9500.83
1130,5,9583.61
1130,6,9479.4
1130,7,9496.61
1130,8,9489.36
1130,9,9434.5
1130,10,9540.6
1130,11,9495.7
1130,12,9456.24
1130,13,9455.36
1130,14,9500.03
1130,15,9523.88
1130,16,9533.53
1130,17,9576.28
1130,18,9464.55
1130,19,9506.11
1130,20,9521.92
1130,21,9436.34
1130,22,9525.56
1130,23,9512.26
1130,24,9505.71
1130,25,9432.88
1130,26,9487.25
1130,27,9520.73
1130,28,9465.03
1130,29,9469.69
1130,30,9490.3
1130,31,9512.06
1130,32,9487.68
1130,33,9464.07
1130,34,9487.75
1130,35,9527.69
1130,36,9421.31
1130,37,9534.02
1130,38,9507.9
1130,39,9434.37
1130,40,9536.71
1130,41,9462.95
1130,42,9417.25
1130,43,9539.87
1130,44,9516.25
1130,45,9481.8
1130,46,9495.47
1130,47,9571.13
1130,48,9469.18
1130,49,9491.24
1130,50,9472.89
1130,51,9490.11
1130,52,9457.47
1130,53,9504.71
1130,54,9586.84
1130,55,9492.94
1130,56,9542.93
1130,57,9557.37
1130,58,9444.64
1130,59,9516.98
1130,60,9419.31
1130,61,9475.65
1130,62,9528.72
1130,63,9449.09
1130,64,9479.72
1130,65,9440.53
1130,66,9540.34
1130,67,9476.21
1130,68,9444.05
1130,69,9440.33
1130,70,9542.28
1130,71,9529.84
1130,72,9483.31
1130,73,9573.31
1130,74,9455.96
1130,75,9494.09
1130,76,9481.35
1130,77,9458.72
1130,78,9609.46
1130,79,9483.16
1130,80,9574.16
1130,81,9526.36
1130,82,9558.09
1130,83,9464.31
1130,84,9574.65
1130,85,9515.78
1130,86,9471.51
1130,87,9497.32
1130,88,9580.84
1130,89,9542.07
1130,90,9532.17
1130,91,9438.78
1130,92,9438.65
1130,93,9563.73
1130,94,9583.42
1130,95,9538.47
1130,96,9479.51
1130,97,9450.15
1130,98,9480.84
1130,99,9497.57
1140,0,9569.39
1140,1,9427.48
1140,2,9487.31
1140,3,9535.52
1140,4,9489.88
1140,5,9572.26
1140,6,9468.71
1140,7,9485.41
1140,8,9476.79
1140,9,9419.27
1140,10,9528.43
1140,11,9483.1
1140,12,9443.66
1140,13,9442.6
1140,14,9489.07
1140,15,9511.68
1140,16,9521.79
1140,17,9564.12
1140,18,9452.33
1140,19,9496.27
1140,20,9510.68
1140,21,9423.17
1140,22,9514.54
1140,23,9500.56
1140,24,9494.14
1140,25,9420.28
1140,26,9475.33
1140,27,9508.57
1140,28,9451.77
1140,29,9456.14
1140,30,9477.06
1140,31,9499.84
1140,32,9476.42
1140,33,9451.04
1140,34,9474.4
1140,35,9517.25
1140,36,9409.36
1140,37,9519.71
1140,38,9496.05
1140,39,9418.36
1140,40,9525.77
1140,41,9447.74
1140,42,9403.28
1140,43,9528.8
1140,44,9503.67
1140,45,9469.99
1140,46,9483.11
1140,47,9560.14
1140,48,9457.4
1140,49,9479.63
1140,50,9459.54
1140,51,9479.66
1140,52,9446.12
1140,53,9493.52
1140,54,9576.11
1140,55,9481.07
1140,56,9531.06
1140,57,9549.18
1140,58,9431.47
1140,59,9503.67
1140,60,9404.93
1140,61,9463.88
1140,62,9517.16
1140,63,9435.68
1140,64,9467.07
1140,65,9427.85
1140,66,9528.74
1140,67,9465
1140,68,9431.31
1140,69,9429.08
1140,70,9530.12
1140,71,9518.97
1140,72,9472.39
1140,73,9562.89
1140,74,9443.7
1140,75,9480.85
1140,76,9465.44
1140,77,9446.98
1140,78,9599.07
1140,79,9469.63
1140,80,9564.42
1140,81,9515.74
1140,82,9548.91
1140,83,9449.95
1140,84,9566.04
1140,85,9505.33
1140,86,9458.81
1140,87,9483.95
1140,88,9570.94
1140,89,9530.03
1140,90,9522.05
1140,91,9427.12
1140,92,9424.99
1140,93,9551.48
1140,94,9570.99
1140,95,9527.85
1140,96,9467.14
1140,97,9437.4
1140,98,9467.11
1140,99,9485.72
1150,0,9569.09
1150,1,9427.18
1150,2,9487.01
1150,3,9535.22
1150,4,9489.58
1150,5,9571.96
1150,6,9468.41
1150,7,9485.11
1150,8,9476.49
1150,9,9418.97
1150,10,9528.13
1150,11,9482.8
1150,12,9443.36
1150,13,9442.3
1150,14,9488.77
1150,15,9511.38
1150,16,9521.49
1150,17,9563.82
1150,18,9452.03
1150,19,9495.97
1150,20,9510.38
1150,21,9422.87
1150,22,9514.24
1150,23,9500.26
1150,24,9493.84
1150,25,9419.98
1150,26,9475.03
1150,27,9508.27
1150,28,9451.47
1150,29,9455.84
1150,30,9476.76
1150,31,9499.54
1150,32,9476.12
1150,33,9450.74
1150,34,9474.1
1150,35,9516.95
1150,36,9409.06
1150,37,9519.41
1150,38,9495.75
1150,39,9418.06
1150,40,9525.47
1150,41,9447.44
1150,42,9402.98
1150,43,9528.5
1150,44,9503.37
1150,45,9469.69
1150,46,9482.81
1150,47,9559.84
1150,48,9457.1
1150,49,9479.33
1150,50,9459.24
1150,51,9479.36
1150,52,9445.82
1150,53,9493.22
1150,54,9575.81
1150,55,9480.77
1150,56,9530.76
1150,57,9548.88
1150,58,9431.17
1150,59,9503.37
1150,60,9404.63
1150,61,9463.58
1150,62,9516.86
1150,63,9435.38
1150,64,9466.77
1150,65,9427.55
1150,66,9528.44
1150,67,9464.7
1150,68,9431.01
1150,69,9428.78
1150,70,9529.82
1150,71,9518.67
1150,72,9472.09
1150,73,9562.59
1150,74,9443.4
1150,75,9480.55
1150,76,9465.14
1150,77,9446.68
1150,78,9598.77
1150,79,9469.33
1150,80,9564.12
1150,81,9515.44
1150,82,9548.61
1150,83,9449.65
1150,84,9565.74
1150,85,9505.03
1150,86,9458.51
1150,87,9483.65
1150,88,9570.64
1150,89,9529.73
1150,90,9521.75
1150,91,9426.82
1150,92,9424.69
1150,93,9551.18
1150,94,9570.69
1150,95,9527.55
1150,96,9466.84
1150,97,9437.1
1150,98,9466.81
1150,99,9485.42
1160,0,9568.79
1160,1,9426.88
1160,2,9486.71
1160,3,9534.92
1160,4,9489.28
1160,5,9571.66
1160,6,9468.11
1160,7,9484.81
1160,8,9476.19
1160,9,9418.67
1160,10,9527.83
1160,11,9482.5
1160,12,9443.06
1160,13,9442
1160,14,9488.47
1160,15,9511.08
1160,16,9521.19
1160,17,9563.52
1160,18,9451.73
1160,19,9495.67
1160,20,9510.08
1160,21,9422.57
1160,22,9513.94
1160,23,9499.96
1160,24,9493.54
1160,25,9419.68
1160,26,9474.73
1160,27,9507.97
1160,28,9451.17
1160,29,9455.54
1160,30,9476.46
1160,31,9499.24
1160,32,9475.82
1160,33,9450.44
1160,34,9473.8
1160,35,9516.65
1160,36,9408.76
1160,37,9519.11
1160,38,9495.45
1160,39,9417.76
1160,40,9525.17
1160,41,9447.14
1160,42,9402.68
1160,43,9528.2
1160,44,9503.07
1160,45,9469.39
1160,46,9482.51
1160,47,9559.54
1160,48,9456.8
1160,49,9479.03
1160,50,9458.94
1160,51,9479.06
1160,52,9445.52
1160,53,9492.92
1160,54,9575.51
1160,55,9480.47
1160,56,9530.46
1160,57,9548.58
1160,58,9430.87
1160,59,9503.07
1160,60,9404.33
1160,61,9463.28
1160,62,9516.56
1160,63,9435.08
1160,64,9466.47
1160,65,9427.25
1160,66,9528.14
1160,67,9464.4
1160,68,9430.71
1160,69,9428.48
1160,70,9529.52
1160,71,9518.37
1160,72,9471.79
1160,73,9562.29
1160,74,9443.1
1160,75,9480.25
1160,76,9464.84
1160,77,9446.38
1160,78,9598.47
1160,79,9469.03
1160,80,9563.82
1160,81,9515.14
1160,82,9548.31
1160,83,9449.35
1160,84,9565.44
1160,85,9504.73
1160,86,9458.21
1160,87,9483.35
1160,88,9570.34
1160,89,9529.43
1160,90,9521.45
1160,91,9426.52
1160,92,9424.39
1160,93,9550.88
1160,94,9570.39
1160,95,9527.25
1160,96,9466.54
1160,97,9436.8
1160,98,9466.51
1160,99,9485.12
1170,0,9551.25
1170,1,9406.87
1170,2,9467.75
1170,3,9517.51
1170,4,9471.67
1170,5,9551.66
1170,6,9449.94
1170,7,9466.6
1170,8,9460.51
1170,9,9395.76
1170,10,9508.66
1170,11,9465.02
1170,12,9421.17
1170,13,9422.55
1170,14,9470.93
1170,15,9488.75
1170,16,9499.42
1170,17,9547.97
1170,18,9434.61
1170,19,9479.32
1170,20,9493.16
1170,21,9401.29
1170,22,9497.76
1170,23,9481.76
1170,24,9477.24
1170,25,9399.53
1170,26,9460.52
1170,27,9489.63
1170,28,9433.74
1170,29,9435.88
1170,30,9458.11
1170,31,9480.58
1170,32,9461.3
1170,33,9430.1
1170,34,9453.82
1170,35,9498.99
1170,36,9386.76
1170,37,9498.13
1170,38,9475.86
1170,39,9396.04
1170,40,9507.68
1170,41,9426.79
1170,42,9380.31
1170,43,9512.76
1170,44,9485.9
1170,45,9452.92
1170,46,9462.22
1170,47,9541.42
1170,48,9437.65
1170,49,9460.88
1170,50,9439.58
1170,51,9462.29
1170,52,9426.77
1170,53,9472.73
1170,54,9558.92
1170,55,9463.64
1170,56,9515.13
1170,57,9533.44
1170,58,9412.77
1170,59,9484.82
1170,60,9382.29
1170,61,9445.04
1170,62,9498.48
1170,63,9414.38
1170,64,9449.59
1170,65,9410.32
1170,66,9511.99
1170,67,9446.51
1170,68,9413.3
1170,69,9408.13
1170,70,9511.67
1170,71,9499.23
1170,72,9454.37
1170,73,9546.99
1170,74,9424.33
1170,75,9461.15
1170,76,9444.61
1170,77,9425.84
1170,78,9580.71
1170,79,9451.26
1170,80,9547.19
1170,81,9495.38
1170,82,9530.87
1170,83,9429.17
1170,84,9549.16
1170,85,9486.39
1170,86,9439.81
1170,87,9463.13
1170,88,9552.39
1170,89,9508.18
1170,90,9504.61
1170,91,9405.77
1170,92,9404.85
1170,93,9534.55
1170,94,9555.9
1170,95,9508.99
1170,96,9445.1
1170,97,9419.17
1170,98,9446.56
1170,99,9468.47
1180,0,9550.95
1180,1,9406.57
1180,2,9467.45
1180,3,9517.21
1180,4,9471.37
1180,5,9551.38
1180,6,9449.64
1180,7,9466.3
1180,8,9460.21
1180,9,9395.48
1180,10,9508.36
1180,11,9464.72
1180,12,9420.88
1180,13,9422.25
1180,14,9470.63
1180,15,9488.49
1180,16,9499.13
1180,17,9547.67
1180,18,9434.31
1180,19,9479.02
1180,20,9492.86
1180,21,9400.99
1180,22,9497.46
1180,23,9481.46
1180,24,9476.94
1180,25,9399.23
1180,26,9460.22
1180,27,9489.33
1180,28,9433.44
1180,29,9435.58
1180,30,9457.81
1180,31,9480.28
1180,32,9461
1180,33,9429.8
1180,34,9453.52
1180,35,9498.69
1180,36,9386.46
1180,37,9497.83
1180,38,9475.56
1180,39,9395.75
1180,40,9507.38
1180,41,9426.49
1180,42,9380.01
1180,43,9512.46
1180,44,9485.6
1180,45,9452.62
1180,46,9461.92
1180,47,9541.12
1180,48,9437.35
1180,49,9460.58
1180,50,9439.28
1180,51,9461.99
1180,52,9426.47
1180,53,9472.43
1180,54,9558.62
1180,55,9463.34
1180,56,9514.83
1180,57,9533.14
1180,58,9412.47
1180,59,9484.52
1180,60,9382
1180,61,9444.74
1180,62,9498.18
1180,63,9414.08
1180,64,9449.29
1180,65,9410.02
1180,66,9511.69
1180,67,9446.21
1180,68,9413
1180,69,9407.83
1180,70,9511.37
1180,71,9498.93
1180,72,9454.07
1180,73,9546.69
1180,74,9424.03
1180,75,9460.85
1180,76,9444.31
1180,77,9425.54
1180,78,9580.41
1180,79,9450.96
1180,80,9546.9
1180,81,9495.09
1180,82,9530.57
1180,83,9428.87
1180,84,9548.86
1180,85,9486.11
1180,86,9439.51
1180,87,9462.83
1180,88,9552.1
1180,89,9507.91
1180,90,9504.31
1180,91,9405.47
1180,92,9404.55
1180,93,9534.25
1180,94,9555.6
1180,95,9508.69
1180,96,9444.8
1180,97,9418.87
1180,98,9446.26
1180,99,9468.17
1190,0,9550.65
1190,1,9406.27
1190,2,9467.15
1190,3,9516.91
1190,4,9471.07
1190,5,9551.08
1190,6,9449.34
1190,7,9466
1190,8,9459.91
1190,9,9395.18
1190,10,9508.06
1190,11,9464.42
1190,12,9420.58
1190,13,9421.95
1190,14,9470.33
1190,15,9488.19
1190,16,9498.83
1190,17,9547.37
1190,18,9434.01
1190,19,9478.72
1190,20,9492.56
1190,21,9400.69
1190,22,9497.16
1190,23,9481.16
1190,24,9476.64
1190,25,9398.93
1190,26,9459.92
1190,27,9489.03
1190,28,9433.14
1190,29,9435.28
1190,30,9457.51
1190,31,9479.98
1190,32,9460.7
1190,33,9429.5
1190,34,9453.22
1190,35,9498.39
1190,36,9386.16
1190,37,9497.53
1190,38,9475.26
1190,39,9395.45
1190,40,9507.08
1190,41,9426.19
1190,42,9379.71
1190,43,9512.16
1190,44,9485.3
1190,45,9452.32
1190,46,9461.62
1190,47,9540.82
1190,48,9437.05
1190,49,9460.28
1190,50,9438.98
1190,51,9461.69
1190,52,9426.17
1190,53,9472.13
1190,54,9558.32
1190,55,9463.04
1190,56,9514.53
1190,57,9532.84
1190,58,9412.17
1190,59,9484.22
1190,60,9381.7
1190,61,9444.44
1190,62,9497.88
1190,63,9413.78
1190,64,9448.99
1190,65,9409.72
1190,66,9511.39
1190,67,9445.91
1190,68,9412.7
1190,69,9407.53
1190,70,9511.07
1190,71,9498.63
1190,72,9453.77
1190,73,9546.39
1190,74,9423.73
1190,75,9460.55
1190,76,9444.01
1190,77,9425.24
1190,78,9580.11
1190,79,9450.66
1190,80,9546.6
1190,81,9494.79
1190,82,9530.27
1190,83,9428.57
1190,84,9548.56
1190,85,9485.81
1190,86,9439.21
1190,87,9462.53
1190,88,9551.8
1190,89,9507.61
1190,90,9504.01
1190,91,9405.17
1190,92,9404.25
1190,93,9533.95
1190,94,9555.3
1190,95,9508.39
1190,96,9444.5
1190,97,9418.57
1190,98,9445.96
1190,99,9467.87
1200,0,9536.92
1200,1,9387.12
1200,2,9452.07
1200,3,9502.99
1200,4,9455.74
1200,5,9534.3
1200,6,9433.75
1200,7,9450.26
1200,8,9444.58
1200,9,9377.87
1200,10,9494.03
1200,11,9447.61
1200,12,9399.67
1200,13,9403.65
1200,14,9455.94
1200,15,9471.67
1200,16,9481.27
1200,17,9532.85
1200,18,9418.68
1200,19,9465.72
1200,20,9477.7
1200,21,9382.46
1200,22,9483.56
1200,23,9464.78
1200,24,9458.63
1200,25,9381.78
1200,26,9443.43
1200,27,9473.16
1200,28,9415.03
1200,29,9417.53
1200,30,9440.87
1200,31,9466.18
1200,32,9444.65
1200,33,9411.95
1200,34,9437.28
1200,35,9484.08
1200,36,9365.12
1200,37,9481.04
1200,38,9460.42
1200,39,9375.94
1200,40,9492.21
1200,41,9408.69
1200,42,9363.6
1200,43,9500.25
1200,44,9469.09
1200,45,9436.25
1200,46,9443.8
1200,47,9526.97
1200,48,9420.26
1200,49,9446.41
1200,50,9421.39
1200,51,9449.22
1200,52,9408.49
1200,53,9456.11
1200,54,9542.16
1200,55,9449.52
1200,56,9500.92
1200,57,9520.46
1200,58,9394.67
1200,59,9467.08
1200,60,9365.08
1200,61,9428.94
1200,62,9486.01
1200,63,9395.38
1200,64,9433.16
1200,65,9392.26
1200,66,9497.14
1200,67,9427.84
1200,68,9394.4
1200,69,9392.23
1200,70,9495.25
1200,71,9484.21
1200,72,9436.29
1200,73,9534.24
1200,74,9407.77
1200,75,9443.38
1200,76,9426.8
1200,77,9408.05
1200,78,9566.14
1200,79,9434.23
1200,80,9532.24
1200,81,9479.14
1200,82,9516.42
1200,83,9411.28
1200,84,9536.62
1200,85,9469.73
1200,86,9422.43
1200,87,9449.04
1200,88,9537.28
1200,89,9492.05
1200,90,9485.32
1200,91,9386.82
1200,92,9386.91
1200,93,9518.61
1200,94,9541.99
1200,95,9492.83
1200,96,9425.77
1200,97,9400.24
1200,98,9426.72
1200,99,9452.09
1210,0,9536.62
1210,1,9386.82
1210,2,9451.77
1210,3,9502.69
1210,4,9455.44
1210,5,9534
1210,6,9433.45
1210,7,9449.96
1210,8,9444.28
1210,9,9377.57
1210,10,9493.73
1210,11,9447.31
1210,12,9399.37
1210,13,9403.35
1210,14,9455.64
1210,15,9471.37
1210,16,9480.97
1210,17,9532.55
1210,18,9418.38
1210,19,9465.42
1210,20,9477.4
1210,21,9382.16
1210,22,9483.26
1210,23,9464.48
1210,24,9458.33
1210,25,9381.48
1210,26,9443.13
1210,27,9472.86
1210,28,9414.73
1210,29,9417.23
1210,30,9440.57
1210,31,9465.88
1210,32,9444.35
1210,33,9411.65
1210,34,9436.98
1210,35,9483.78
1210,36,9364.82
1210,37,9480.74
1210,38,9460.12
1210,39,9375.64
1210,40,9491.91
1210,41,9408.39
1210,42,9363.3
1210,43,9499.95
1210,44,9468.79
1210,45,9435.95
1210,46,9443.5
1210,47,9526.67
1210,48,9419.96
1210,49,9446.11
1210,50,9421.09
1210,51,9448.92
1210,52,9408.19
1210,53,9455.81
1210,54,9541.86
1210,55,9449.22
1210,56,9500.62
1210,57,9520.16
1210,58,9394.37
1210,59,9466.78
1210,60,9364.78
1210,61,9428.64
1210,62,9485.71
1210,63,9395.08
1210,64,9432.86
1210,65,9391.96
1210,66,9496.84
1210,67,9427.54
1210,68,9394.1
1210,69,9391.93
1210,70,9494.95
1210,71,9483.91
1210,72,9435.99
1210,73,9533.94
1210,74,9407.47
1210,75,9443.08
1210,76,9426.5
1210,77,9407.75
1210,78,9565.84
1210,79,9433.93
1210,80,9531.94
1210,81,9478.84
1210,82,9516.12
1210,83,9410.98
1210,84,9536.32
1210,85,9469.43
1210,86,9422.13
1210,87,9448.74
1210,88,9536.98
1210,89,9491.75
1210,90,9485.02
1210,91,9386.52
1210,92,9386.61
1210,93,9518.31
1210,94,9541.69
1210,95,9492.53
1210,96,9425.47
1210,97,9399.94
1210,98,9426.42
1210,99,9451.79
1220,0,9536.32
1220,1,9386.52
1220,2,9451.47
1220,3,9502.39
1220,4,9455.14
1220,5,9533.7
1220,6,9433.15
1220,7,9449.66
1220,8,9443.98
1220,9,9377.27
1220,10,9493.43
1220,11,9447.01
1220,12,9399.07
1220,13,9403.05
1220,14,9455.34
1220,15,9471.07
1220,16,9480.67
1220,17,9532.25
1220,18,9418.08
1220,19,9465.12
1220,20,9477.1
1220,21,9381.86
1220,22,9482.96
1220,23,9464.18
1220,24,9458.03
1220,25,9381.18
1220,26,9442.83
1220,27,9472.56
1220,28,9414.43
1220,29,9416.93
1220,30,9440.27
1220,31,9465.58
1220,32,9444.05
1220,33,9411.35
1220,34,9436.68
1220,35,9483.48
1220,36,9364.52
1220,37,9480.44
1220,38,9459.82
1220,39,9375.34
1220,40,9491.61
1220,41,9408.09
1220,42,9363
1220,43,9499.65
1220,44,9468.49
1220,45,9435.65
1220,46,9443.2
1220,47,9526.37
1220,48,9419.66
1220,49,9445.81
1220,50,9420.79
1220,51,9448.62
1220,52,9407.89
1220,53,9455.51
1220,54,9541.56
1220,55,9448.92
1220,56,9500.32
1220,57,9519.86
1220,58,9394.07
1220,59,9466.48
1220,60,9364.48
1220,61,9428.34
1220,62,9485.41
1220,63,9394.78
1220,64,9432.56
1220,65,9391.66
1220,66,9496.54
1220,67,9427.24
1220,68,9393.8
1220,69,9391.63
1220,70,9494.65
1220,71,9483.61
1220,72,9435.69
1220,73,9533.64
1220,74,9407.17
1220,75,9442.78
1220,76,9426.2
1220,77,9407.45
1220,78,9565.54
1220,79,9433.63
1220,80,9531.64
1220,81,9478.54
1220,82,9515.82
1220,83,9410.68
1220,84,9536.02
1220,85,9469.13
1220,86,9421.83
1220,87,9448.44
1220,88,9536.68
1220,89,9491.45
1220,90,9484.72
1220,91,9386.22
1220,92,9386.31
1220,93,9518.01
1220,94,9541.39
1220,95,9492.23
1220,96,9425.17
1220,97,9399.64
1220,98,9426.12
1220,99,9451.49
1230,0,9525.5
1230,1,9375.25
1230,2,9439.55
1230,3,9488.98
1230,4,9444.37
1230,5,9521.76
1230,6,9418.56
1230,7,9438.43
1230,8,9433.47
1230,9,9362.89
1230,10,9482.14
1230,11,9435.22
1230,12,9385.26
1230,13,9388.38
1230,14,9441.8
1230,15,9458.1
1230,16,9469.83
1230,17,9521.28
1230,18,9403.65
1230,19,9451.78
1230,20,9465.95
1230,21,9365.25
1230,22,9473.58
1230,23,9454.41
1230,24,9446.54
1230,25,9365.8
1230,26,9430.72
1230,27,9461.07
1230,28,9401.02
1230,29,9401.66
1230,30,9426.74
1230,31,9454.98
1230,32,9430.76
1230,33,9398.3
1230,34,9425.05
1230,35,9473.16
1230,36,9352.1
1230,37,9465.38
1230,38,9446.15
1230,39,9362.04
1230,40,9478.23
1230,41,9392.52
1230,42,9350.37
1230,43,9488.55
1230,44,9457.95
1230,45,9424.21
1230,46,9429.97
1230,47,9514.03
1230,48,9408.21
1230,49,9435.21
1230,50,9407.67
1230,51,9436.8
1230,52,9394.41
1230,53,9442.77
1230,54,9528.07
1230,55,9438.88
1230,56,9490.09
1230,57,9508.02
1230,58,9381.33
1230,59,9454.2
1230,60,9351.59
1230,61,9416.25
1230,62,9472.59
1230,63,9378.9
1230,64,9419.45
1230,65,9378.76
1230,66,9483.98
1230,67,9415.06
1230,68,9380.7
1230,69,9378.32
1230,70,9481.8
1230,71,9472.69
1230,72,9422.83
1230,73,9522.64
1230,74,9395.05
1230,75,9430.46
1230,76,9414.2
1230,77,9394.54
1230,78,9553.22
1230,79,9421.84
1230,80,9518.8
1230,81,9465.11
1230,82,9504.05
1230,83,9399.33
1230,84,9523.37
1230,85,9454.89
1230,86,9409.64
1230,87,9434.9
1230,88,9523.19
1230,89,9479.07
1230,90,9472.12
1230,91,9373.69
1230,92,9371.09
1230,93,9505.32
1230,94,9531.36
1230,95,9479.53
1230,96,9413.31
1230,97,9386.2
1230,98,9413.07
1230,99,9439.99
1240,0,9525.2
1240,1,9374.95
1240,2,9439.25
1240,3,9488.68
1240,4,9444.07
1240,5,9521.46
1240,6,9418.26
1240,7,9438.13
1240,8,9433.17
1240,9,9362.59
1240,10,9481.84
1240,11,9434.92
1240,12,9384.96
1240,13,9388.08
1240,14,9441.5
1240,15,9457.8
1240,16,9469.53
1240,17,9520.98
1240,18,9403.35
1240,19,9451.48
1240,20,9465.65
1240,21,9364.95
1240,22,9473.28
1240,23,9454.11
1240,24,9446.24
1240,25,9365.5
1240,26,9430.42
1240,27,9460.77
1240,28,9400.72
1240,29,9401.36
1240,30,9426.44
1240,31,9454.68
1240,32,9430.46
1240,33,9398
1240,34,9424.75
1240,35,9472.86
1240,36,9351.8
1240,37,9465.08
1240,38,9445.85
1240,39,9361.74
1240,40,9477.93
1240,41,9392.22
1240,42,9350.07
1240,43,9488.25
1240,44,9457.65
1240,45,9423.91
1240,46,9429.67
1240,47,9513.73
1240,48,9407.91
1240,49,9434.91
1240,50,9407.37
1240,51,9436.5
1240,52,9394.11
1240,53,9442.47
1240,54,9527.77
1240,55,9438.58
1240,56,9489.79
1240,57,9507.72
1240,58,9381.03
1240,59,9453.9
1240,60,9351.29
1240,61,9415.95
1240,62,9472.29
1240,63,9378.6
1240,64,9419.15
1240,65,9378.46
1240,66,9483.68
1240,67,9414.76
1240,68,9380.4
1240,69,9378.02
1240,70,9481.5
1240,71,9472.39
1240,72,9422.53
1240,73,9522.34
1240,74,9394.75
1240,75,9430.16
1240,76,9413.9
1240,77,9394.24
1240,78,9552.92
1240,79,9421.54
1240,80,9518.5
1240,81,9464.81
1240,82,9503.75
1240,83,9399.03
1240,84,9523.07
1240,85,9454.59
1240,86,9409.34
1240,87,9434.6
1240,88,9522.89
1240,89,9478.77
1240,90,9471.82
1240,91,9373.39
1240,92,9370.79
1240,93,9505.02
1240,94,9531.06
1240,95,9479.23
1240,96,9413.01
1240,97,9385.9
1240,98,9412.77
1240,99,9439.69
1250,0,9524.9
1250,1,9374.65
1250,2,9438.95
1250,3,9488.38
1250,4,9443.77
1250,5,9521.16
1250,6,9417.96
1250,7,9437.83
1250,8,9432.87
1250,9,9362.29
1250,10,9481.54
1250,11,9434.62
1250,12,9384.66
1250,13,9387.78
1250,14,9441.2
1250,15,9457.5
1250,16,9469.23
1250,17,9520.68
1250,18,9403.05
1250,19,9451.18
1250,20,9465.35
1250,21,9364.65
1250,22,9472.98
1250,23,9453.81
1250,24,9445.94
1250,25,9365.2
1250,26,9430.12
1250,27,9460.47
1250,28,9400.42
1250,29,9401.06
1250,30,9426.14
1250,31,9454.38
1250,32,9430.16
1250,33,9397.7
1250,34,9424.45
1250,35,9472.56
1250,36,9351.5
1250,37,9464.78
1250,38,9445.55
1250,39,9361.44
1250,40,9477.63
1250,41,9391.92
1250,42,9349.77
1250,43,9487.95
1250,44,9457.35
1250,45,9423.61
1250,46,9429.37
1250,47,9513.43
1250,48,9407.61
1250,49,9434.61
1250,50,9407.07
1250,51,9436.2
1250,52,9393.81
1250,53,9442.17
1250,54,9527.47
1250,55,9438.28
1250,56,9489.49
1250,57,9507.42
1250,58,9380.73
1250,59,9453.6
1250,60,9350.99
1250,61,9415.65
1250,62,9471.99
1250,63,9378.3
1250,64,9418.85
1250,65,9378.16
1250,66,9483.38
1250,67,9414.46
1250,68,9380.1
1250,69,9377.72
1250,70,9481.2
1250,71,9472.09
1250,72,9422.23
1250,73,9522.04
1250,74,9394.45
1250,75,9429.86
1250,76,9413.6
1250,77,9393.94
1250,78,9552.62
1250,79,9421.24
1250,80,9518.2
1250,81,9464.51
1250,82,9503.45
1250,83,9398.73
1250,84,9522.77
1250,85,9454.29
1250,86,9409.04
1250,87,9434.3
1250,88,9522.59
1250,89,9478.47
1250,90,9471.52
1250,91,9373.09
1250,92,9370.49
1250,93,9504.72
1250,94,9530.76
1250,95,9478.93
1250,96,9412.71
1250,97,9385.6
1250,98,9412.47
1250,99,9439.39
1260,0,9511.22
1260,1,9355.39
1260,2,9423.33
1260,3,9474.94
1260,4,9427.93
1260,5,9506.56
1260,6,9399.72
1260,7,9423.01
1260,8,9416.82
1260,9,9343.9
1260,10,9467.09
1260,11,9418.58
1260,12,9367.29
1260,13,9368.83
1260,14,9422.97
1260,15,9441.13
1260,16,9451.86
1260,17,9506.62
1260,18,9384.51
1260,19,9431.37
1260,20,9451.48
1260,21,9345.1
1260,22,9458.42
1260,23,9437.89
1260,24,9428.32
1260,25,9344.37
1260,26,9413.3
1260,27,9445.19
1260,28,9382.68
1260,29,9382.5
1260,30,9409.77
1260,31,9440.86
1260,32,9414.24
1260,33,9380.21
1260,34,9409.54
1260,35,9456.31
1260,36,9330.9
1260,37,9448.12
1260,38,9431.06
1260,39,9342.42
1260,40,9462.41
1260,41,9374.75
1260,42,9328.12
1260,43,9474.54
1260,44,9442.03
1260,45,9408.18
1260,46,9411.61
1260,47,9498.47
1260,48,9392.05
1260,49,9419.14
1260,50,9385.4
1260,51,9422.98
1260,52,9377.48
1260,53,9425.74
1260,54,9514.2
1260,55,9423.09
1260,56,9476.58
1260,57,9495.57
1260,58,9363.45
1260,59,9437.8
1260,60,9332.99
1260,61,9400.77
1260,62,9458.66
1260,63,9360.51
1260,64,9402.93
1260,65,9360.54
1260,66,9468.75
1260,67,9395.83
1260,68,9362.73
1260,69,9358.67
1260,70,9464.46
1260,71,9454.69
1260,72,9404.22
1260,73,9510.06
1260,74,9378.41
1260,75,9413.43
1260,76,9397.54
1260,77,9371.67
1260,78,9538.7
1260,79,9405.19
1260,80,9503.23
1260,81,9450.35
1260,82,9490.91
1260,83,9381.7
1260,84,9508.48
1260,85,9437.7
1260,86,9392.62
1260,87,9418.58
1260,88,9507.02
1260,89,9463.46
1260,90,9454.16
1260,91,9354.83
1260,92,9349.56
1260,93,9489.32
1260,94,9517.18
1260,95,9463.91
1260,96,9391.08
1260,97,9367.17
1260,98,9395.31
1260,99,9422.47
1270,0,9510.92
1270,1,9355.09
1270,2,9423.03
1270,3,9474.64
1270,4,9427.63
1270,5,9506.26
1270,6,9399.42
1270,7,9422.71
1270,8,9416.52
1270,9,9343.61
1270,10,9466.79
1270,11,9418.28
1270,12,9367
1270,13,9368.53
1270,14,9422.67
1270,15,9440.83
1270,16,9451.56
1270,17,9506.32
1270,18,9384.21
1270,19,9431.07
1270,20,9451.18
1270,21,9344.83
1270,22,9458.12
1270,23,9437.59
1270,24,9428.02
1270,25,9344.09
1270,26,9413
1270,27,9444.89
1270,28,9382.39
1270,29,9382.21
1270,30,9409.47
1270,31,9440.56
1270,32,9413.94
1270,33,9379.91
1270,34,9409.24
1270,35,9456.01
1270,36,9330.63
1270,37,9447.82
1270,38,9430.76
1270,39,9342.14
1270,40,9462.11
1270,41,9374.46
1270,42,9327.85
1270,43,9474.24
1270,44,9441.73
1270,45,9407.88
1270,46,9411.31
1270,47,9498.17
1270,48,9391.75
1270,49,9418.84
1270,50,9385.11
1270,51,9422.68
1270,52,9377.18
1270,53,9425.44
1270,54,9513.9
1270,55,9422.79
1270,56,9476.28
1270,57,9495.27
1270,58,9363.16
1270,59,9437.5
1270,60,9332.71
1270,61,9400.47
1270,62,9458.36
1270,63,9360.23
1270,64,9402.63
1270,65,9360.25
1270,66,9468.45
1270,67,9395.54
1270,68,9362.45
1270,69,9358.37
1270,70,9464.16
1270,71,9454.39
1270,72,9403.93
1270,73,9509.76
1270,74,9378.11
1270,75,9413.13
1270,76,9397.24
1270,77,9371.4
1270,78,9538.4
1270,79,9404.89
1270,80,9502.93
1270,81,9450.05
1270,82,9490.61
1270,83,9381.4
1270,84,9508.18
1270,85,9437.4
1270,86,9392.32
1270,87,9418.28
1270,88,9506.72
1270,89,9463.16
1270,90,9453.86
1270,91,9354.56
1270,92,9349.27
1270,93,9489.02
1270,94,9516.88
1270,95,9463.61
1270,96,9390.81
1270,97,9366.89
1270,98,9395.01
1270,99,9422.17
1280,0,9510.62
1280,1,9354.79
1280,2,9422.73
1280,3,9474.34
1280,4,9427.33
1280,5,9505.96
1280,6,9399.12
1280,7,9422.41
1280,8,9416.22
1280,9,9343.31
1280,10,9466.49
1280,11,9417.98
1280,12,9366.7
1280,13,9368.23
1280,14,9422.37
1280,15,9440.53
1280,16,9451.26
1280,17,9506.02
1280,18,9383.91
1280,19,9430.77
1280,20,9450.88
1280,21,9344.53
1280,22,9457.82
1280,23,9437.29
1280,24,9427.72
1280,25,9343.79
1280,26,9412.7
1280,27,9444.59
1280,28,9382.09
1280,29,9381.91
1280,30,9409.17
1280,31,9440.26
1280,32,9413.64
1280,33,9379.61
1280,34,9408.94
1280,35,9455.71
1280,36,9330.33
1280,37,9447.52
1280,38,9430.46
1280,39,9341.84
1280,40,9461.81
1280,41,9374.16
1280,42,9327.55
1280,43,9473.94
1280,44,9441.43
1280,45,9407.58
1280,46,9411.01
1280,47,9497.87
1280,48,9391.45
1280,49,9418.54
1280,50,9384.81
1280,51,9422.38
1280,52,9376.88
1280,53,9425.14
1280,54,9513.6
1280,55,9422.49
1280,56,9475.98
1280,57,9494.97
1280,58,9362.86
1280,59,9437.2
1280,60,9332.41
1280,61,9400.17
1280,62,9458.06
1280,63,9359.93
1280,64,9402.33
1280,65,9359.95
1280,66,9468.15
1280,67,9395.24
1280,68,9362.15
1280,69,9358.07
1280,70,9463.86
1280,71,9454.09
1280,72,9403.63
1280,73,9509.46
1280,74,9377.81
1280,75,9412.83
1280,76,9396.94
1280,77,9371.1
1280,78,9538.1
1280,79,9404.59
1280,80,9502.63
1280,81,9449.75
1280,82,9490.31
1280,83,9381.1
1280,84,9507.88
1280,85,9437.1
1280,86,9392.02
1280,87,9417.98
1280,88,9506.42
1280,89,9462.86
1280,90,9453.56
1280,91,9354.26
1280,92,9348.97
1280,93,9488.72
1280,94,9516.58
1280,95,9463.31
1280,96,9390.51
1280,97,9366.59
1280,98,9394.71
1280,99,9421.87
1290,0,9492.31
1290,1,9337.46
1290,2,9407.29
1290,3,9456.55
1290,4,9408.89
1290,5,9492.33
1290,6,9381.29
1290,7,9407.9
1290,8,9400.29
1290,9,9320.46
1290,10,9447.38
1290,11,9402.67
1290,12,9344.29
1290,13,9348.81
1290,14,9403.45
1290,15,9426.12
1290,16,9430.7
1290,17,9489.68
1290,18,9365.66
1290,19,9413.46
1290,20,9436.76
1290,21,9324.67
1290,22,9440.58
1290,23,9420.22
1290,24,9410.45
1290,25,9322.78
1290,26,9395.26
1290,27,9426.74
1290,28,9365.52
1290,29,9363.1
1290,30,9392.09
1290,31,9422.45
1290,32,9399.11
1290,33,9362.35
1290,34,9390.86
1290,35,9440.04
1290,36,9308.18
1290,37,9426.76
1290,38,9413.04
1290,39,9326.82
1290,40,9443.32
1290,41,9356.54
1290,42,9305.77
1290,43,9459.08
1290,44,9424.14
1290,45,9392.38
1290,46,9394.14
1290,47,9481.61
1290,48,9371.8
1290,49,9400.7
1290,50,9366.6
1290,51,9404.83
1290,52,9359.82
1290,53,9407.55
1290,54,9496.16
1290,55,9405.69
1290,56,9461.64
1290,57,9482.22
1290,58,9345.95
1290,59,9420.46
1290,60,9310.12
1290,61,9383.36
1290,62,9442.72
1290,63,9341.19
1290,64,9384.5
1290,65,9344.17
1290,66,9451.83
1290,67,9372.14
1290,68,9344.86
1290,69,9339.32
1290,70,9446.85
1290,71,9434.47
1290,72,9381.18
1290,73,9494.34
1290,74,9359.46
1290,75,9395.89
1290,76,9376.77
1290,77,9352.17
1290,78,9520.63
1290,79,9388.23
1290,80,9483.74
1290,81,9430.25
1290,82,9473.85
1290,83,9359.75
1290,84,9488.59
1290,85,9417.34
1290,86,9372.03
1290,87,9399.32
1290,88,9487.43
1290,89,9449.02
1290,90,9435.18
1290,91,9333.71
1290,92,9330.49
1290,93,9474.46
1290,94,9498.41
1290,95,9445.31
1290,96,9370.68
1290,97,9348.52
1290,98,9376.82
1290,99,9404.17
1300,0,9492.06
1300,1,9337.22
1300,2,9404.87
1300,3,9453.55
1300,4,9404.67
1300,5,9485.6
1300,6,9377.44
1300,7,9404.77
1300,8,9397.25
1300,9,9320.25
1300,10,9447.14
1300,11,9398.84
1300,12,9344.07
1300,13,9345.59
1300,14,9399.45
1300,15,9418.58
1300,16,9430.49
1300,17,9487.62
1300,18,9362.7
1300,19,9413.19
1300,20,9434.97
1300,21,9319.85
1300,22,9438.42
1300,23,9417.72
1300,24,9407.55
1300,25,9318.59
1300,26,9391.11
1300,27,9423.89
1300,28,9360.97
1300,29,9358.89
1300,30,9390.24
1300,31,9419.59
1300,32,9396.56
1300,33,9357.56
1300,34,9387.02
1300,35,9437.35
1300,36,9304.16
1300,37,9426.51
1300,38,9409.83
1300,39,9321.09
1300,40,9443.09
1300,41,9352.02
1300,42,9305.53
1300,43,9458.82
1300,44,9420.42
1300,45,9388.93
1300,46,9391.11
1300,47,9481.34
1300,48,9367.37
1300,49,9396.82
1300,50,9362.36
1300,51,9404.58
1300,52,9357.05
1300,53,9404.61
1300,54,9495.92
1300,55,9403.16
1300,56,9459.9
1300,57,9481.98
1300,58,9341.57
1300,59,9416.08
1300,60,9309.89
1300,61,9383.11
1300,62,9440.08
1300,63,9336.84
1300,64,9380.66
1300,65,9339.71
1300,66,9449.23
1300,67,9366.36
1300,68,9339.4
1300,69,9336.37
1300,70,9446.6
1300,71,9434.24
1300,72,9375.78
1300,73,9494.08
1300,74,9359.22
1300,75,9391.4
1300,76,9371.96
1300,77,9347.95
1300,78,9520.4
1300,79,9384.29
1300,80,9483.52
1300,81,9430.03
1300,82,9473.61
1300,83,9354.43
1300,84,9488.35
1300,85,9417.12
1300,86,9368
1300,87,9395.18
1300,88,9487.22
1300,89,9442
1300,90,9434.95
1300,91,9329.09
1300,92,9326.62
1300,93,9472.83
1300,94,9495.18
1300,95,9445.08
1300,96,9366.46
1300,97,9342.72
1300,98,9376.58
1300,99,9401.39
1310,0,9491.76
1310,1,9336.92
1310,2,9404.57
1310,3,9453.25
1310,4,9404.37
1310,5,9485.3
1310,6,9377.14
1310,7,9404.47
1310,8,9396.95
1310,9,9319.95
1310,10,9446.84
1310,11,9398.54
1310,12,9343.77
1310,13,9345.29
1310,14,9399.15
1310,15,9418.28
1310,16,9430.19
1310,17,9487.32
1310,18,9362.4
1310,19,9412.89
1310,20,9434.67
1310,21,9319.55
1310,22,9438.12
1310,23,9417.42
1310,24,9407.25
1310,25,9318.29
1310,26,9390.81
1310,27,9423.59
1310,28,9360.67
1310,29,9358.59
1310,30,9389.94
1310,31,9419.29
1310,32,9396.26
1310,33,9357.26
1310,34,9386.72
1310,35,9437.05
1310,36,9303.86
1310,37,9426.21
1310,38,9409.53
1310,39,9320.79
1310,40,9442.79
1310,41,9351.72
1310,42,9305.23
1310,43,9458.52
1310,44,9420.12
1310,45,9388.63
1310,46,9390.81
1310,47,9481.04
1310,48,9367.07
1310,49,9396.52
1310,50,9362.06
1310,51,9404.28
1310,52,9356.75
1310,53,9404.31
1310,54,9495.62
1310,55,9402.86
1310,56,9459.6
1310,57,9481.68
1310,58,9341.27
1310,59,9415.78
1310,60,9309.59
1310,61,9382.81
1310,62,9439.78
1310,63,9336.54
1310,64,9380.36
1310,65,9339.41
1310,66,9448.93
1310,67,9366.06
1310,68,9339.1
1310,69,9336.07
1310,70,9446.3
1310,71,9433.94
1310,72,9375.48
1310,73,9493.78
1310,74,9358.92
1310,75,9391.1
1310,76,9371.66
1310,77,9347.65
1310,78,9520.1
1310,79,9383.99
1310,80,9483.22
1310,81,9429.73
1310,82,9473.31
1310,83,9354.13
1310,84,9488.05
1310,85,9416.82
1310,86,9367.7
1310,87,9394.88
1310,88,9486.92
1310,89,9441.7
1310,90,9434.65
1310,91,9328.79
1310,92,9326.32
1310,93,9472.53
1310,94,9494.88
1310,95,9444.78
1310,96,9366.16
1310,97,9342.42
1310,98,9376.28
1310,99,9401.09
1320,0,9477.34
1320,1,9318.1
1320,2,9390.87
1320,3,9439.58
1320,4,9390.61
1320,5,9468.84
1320,6,9363.14
1320,7,9390.96
1320,8,9382.09
1320,9,9300.72
1320,10,9431.79
1320,11,9386.8
1320,12,9325.14
1320,13,9327.89
1320,14,9381.83
1320,15,9406.59
1320,16,9414.62
1320,17,9473.63
1320,18,9348.59
1320,19,9395.81
1320,20,9421.62
1320,21,9299.51
1320,22,9425.89
1320,23,9404.1
1320,24,9391.13
1320,25,9299.62
1320,26,9378.43
1320,27,9408.81
1320,28,9343.84
1320,29,9341.03
1320,30,9375.26
1320,31,9405.83
1320,32,9382.16
1320,33,9342.5
1320,34,9372.84
1320,35,9424.61
1320,36,9283.55
1320,37,9408.82
1320,38,9397.16
1320,39,9304.29
1320,40,9425.76
1320,41,9332.2
1320,42,9285.37
1320,43,9442.77
1320,44,9407.2
1320,45,9373.72
1320,46,9375.49
1320,47,9465.55
1320,48,9352.6
1320,49,9383.56
1320,50,9342.2
1320,51,9389.4
1320,52,9344.09
1320,53,9387.15
1320,54,9480.68
1320,55,9390.89
1320,56,9446.38
1320,57,9467.59
1320,58,9326.65
1320,59,9401.37
1320,60,9289.4
1320,61,9369.63
1320,62,9427.61
1320,63,9319.07
1320,64,9366.19
1320,65,9323.94
1320,66,9435.04
1320,67,9347.72
1320,68,9322.94
1320,69,9321.34
1320,70,9429.42
1320,71,9416.54
1320,72,9357.85
1320,73,9480.32
1320,74,9341.78
1320,75,9377.96
1320,76,9352.93
1320,77,9327.05
1320,78,9504.01
1320,79,9370.08
1320,80,9465.66
1320,81,9414.54
1320,82,9461.04
1320,83,9339.26
1320,84,9474.21
1320,85,9401.49
1320,86,9352.94
1320,87,9380.25
1320,88,9471.58
1320,89,9430.27
1320,90,9417.35
1320,91,9309.62
1320,92,9310.68
1320,93,9456.37
1320,94,9481.28
1320,95,9429.04
1320,96,9347.81
1320,97,9325.78
1320,98,9356.91
1320,99,9387.72
1330,0,9474.13
1330,1,9314.62
1330,2,9388.44
1330,3,9436.52
1330,4,9386.43
1330,5,9468.63
1330,6,9359.35
1330,7,9387.8
1330,8,9379.04
1330,9,9296.11
1330,10,9428.28
1330,11,9382.9
1330,12,9321.16
1330,13,9324.68
1330,14,9377.85
1330,15,9400.14
1330,16,9410.95
1330,17,9471.57
1330,18,9345.63
1330,19,9395.51
1330,20,9419.81
1330,21,9294.69
1330,22,9423.71
1330,23,9401.5
1330,24,9388.16
1330,25,9295.46
1330,26,9374.18
1330,27,9405.96
1330,28,9339.27
1330,29,9336.77
1330,30,9373.38
1330,31,9402.98
1330,32,9379.53
1330,33,9337.67
1330,34,9368.97
1330,35,9421.79
1330,36,9279.55
1330,37,9407.24
1330,38,9393.92
1330,39,9298.54
1330,40,9423.13
1330,41,9327.67
1330,42,9281.23
1330,43,9441.29
1330,44,9403.5
1330,45,9370.2
1330,46,9372.44
1330,47,9464.46
1330,48,9348.16
1330,49,9379.71
1330,50,9337.99
1330,51,9387.02
1330,52,9341.29
1330,53,9384.16
1330,54,9478.45
1330,55,9388.36
1330,56,9444.63
1330,57,9466.42
1330,58,9322.26
1330,59,9396.92
1330,60,9285.07
1330,61,9367.53
1330,62,9424.94
1330,63,9314.69
1330,64,9362.21
1330,65,9319.46
1330,66,9432.39
1330,67,9341.94
1330,68,9317.49
1330,69,9318.38
1330,70,9426.59
1330,71,9412.65
1330,72,9352.49
1330,73,9478.19
1330,74,9338.72
1330,75,9373.37
1330,76,9348.16
1330,77,9322.79
1330,78,9501.42
1330,79,9366.16
1330,80,9465.43
1330,81,9414.31
1330,82,9459.69
1330,83,9333.97
1330,84,9472.96
1330,85,9401.26
1330,86,9348.92
1330,87,9376.06
1330,88,9471.35
1330,89,9424.36
1330,90,9413.56
1330,91,9304.97
1330,92,9306.81
1330,93,9454.67
1330,94,9477.97
1330,95,9425.98
1330,96,9343.53
1330,97,9320.03
1330,98,9353.18
1330,99,9384.89
1340,0,9473.83
1340,1,9314.32
1340,2,9388.14
1340,3,9436.22
1340,4,9386.13
1340,5,9468.33
1340,6,9359.05
1340,7,9387.5
1340,8,9378.74
1340,9,9295.81
1340,10,9427.98
1340,11,9382.6
1340,12,9320.86
1340,13,9324.38
1340,14,9377.55
1340,15,9399.84
1340,16,9410.65
1340,17,9471.27
1340,18,9345.33
1340,19,9395.21
1340,20,9419.51
1340,21,9294.39
1340,22,9423.41
1340,23,9401.2
1340,24,9387.86
1340,25,9295.16
1340,26,9373.88
1340,27,9405.66
1340,28,9338.97
1340,29,9336.47
1340,30,9373.08
1340,31,9402.68
1340,32,9379.23
1340,33,9337.37
1340,34,9368.67
1340,35,9421.49
1340,36,9279.25
1340,37,9406.94
1340,38,9393.62
1340,39,9298.24
1340,40,9422.83
1340,41,9327.37
1340,42,9280.93
1340,43,9440.99
1340,44,9403.2
1340,45,9369.9
1340,46,9372.14
1340,47,9464.16
1340,48,9347.86
1340,49,9379.41
1340,50,9337.69
1340,51,9386.72
1340,52,9340.99
1340,53,9383.86
1340,54,9478.15
1340,55,9388.06
1340,56,9444.33
1340,57,9466.12
1340,58,9321.96
1340,59,9396.62
1340,60,9284.77
1340,61,9367.23
1340,62,9424.64
1340,63,9314.39
1340,64,9361.91
1340,65,9319.16
1340,66,9432.09
1340,67,9341.64
1340,68,9317.19
1340,69,9318.08
1340,70,9426.29
1340,71,9412.35
1340,72,9352.19
1340,73,9477.89
1340,74,9338.42
1340,75,9373.07
1340,76,9347.86
1340,77,9322.49
1340,78,9501.12
1340,79,9365.86
1340,80,9465.13
1340,81,9414.01
1340,82,9459.39
1340,83,9333.67
1340,84,9472.66
1340,85,9400.96
1340,86,9348.62
1340,87,9375.76
1340,88,9471.05
1340,89,9424.06
1340,90,9413.26
1340,91,9304.67
1340,92,9306.51
1340,93,9454.37
1340,94,9477.67
1340,95,9425.68
1340,96,9343.23
1340,97,9319.73
1340,98,9352.88
1340,99,9384.59
1350,0,9455.35
1350,1,9296.64
1350,2,9372
1350,3,9420.73
1350,4,9370.73
1350,5,9457.09
1350,6,9343.3
1350,7,9372.61
1350,8,9362.19
1350,9,9282.85
1350,10,9408.6
1350,11,9370.13
1350,12,9306.93
1350,13,9305.27
1350,14,9361.58
1350,15,9388.33
1350,16,9399.81
1350,17,9456.15
1350,18,9326.99
1350,19,9380.04
1350,20,9405.01
1350,21,9273.86
1350,22,9409.14
1350,23,9383.81
1350,24,9373.3
1350,25,9278.2
1350,26,9356.56
1350,27,9389.44
1350,28,9321.99
1350,29,9318.43
1350,30,9356.94
1350,31,9385.58
1350,32,9365.5
1350,33,9323.37
1350,34,9354.35
1350,35,9406.7
1350,36,9258.36
1350,37,9387.04
1350,38,9376.35
1350,39,9282.18
1350,40,9404.78
1350,41,9307.75
1350,42,9260.37
1350,43,9424.4
1350,44,9388.04
1350,45,9354.32
1350,46,9356.1
1350,47,9448.28
1350,48,9331.37
1350,49,9365.05
1350,50,9316.97
1350,51,9370.7
1350,52,9323.58
1350,53,9367.92
1350,54,9462.13
1350,55,9371.86
1350,56,9430.08
1350,57,9451.52
1350,58,9308.15
1350,59,9383.46
1350,60,9263.87
1350,61,9350.6
1350,62,9410.17
1350,63,9296.78
1350,64,9347.27
1350,65,9304
1350,66,9416.07
1350,67,9322.52
1350,68,9298.75
1350,69,9302.99
1350,70,9408.73
1350,71,9393.86
1350,72,9333.7
1350,73,9463.26
1350,74,9321.89
1350,75,9360.41
1350,76,9330.99
1350,77,9303.45
1350,78,9483.99
1350,79,9350.26
1350,80,9447.03
1350,81,9396.72
1350,82,9441.66
1350,83,9316.21
1350,84,9455.31
1350,85,9383.73
1350,86,9333.29
1350,87,9360.69
1350,88,9451.48
1350,89,9412.61
1350,90,9394.36
1350,91,9285.68
1350,92,9290.24
1350,93,9437.02
1350,94,9459.17
1350,95,9407.38
1350,96,9325.01
1350,97,9301.19
1350,98,9332.58
1350,99,9369.33
1360,0,9455.11
1360,1,9296.4
1360,2,9371.72
1360,3,9420.48
1360,4,9370.47
1360,5,9450.19
1360,6,9343.05
1360,7,9372.31
1360,8,9361.92
1360,9,9276.26
1360,10,9408.36
1360,11,9369.83
1360,12,9300.6
1360,13,9305.03
1360,14,9361.35
1360,15,9380.77
1360,16,9393.44
1360,17,9455.89
1360,18,9326.72
1360,19,9379.79
1360,20,9404.73
1360,21,9273.61
1360,22,9408.87
1360,23,9383.55
1360,24,9373.01
1360,25,9277.96
1360,26,9356.29
1360,27,9389.17
1360,28,9321.72
1360,29,9318.18
1360,30,9356.67
1360,31,9385.33
1360,32,9365.2
1360,33,9323.07
1360,34,9354.07
1360,35,9406.42
1360,36,9258.13
1360,37,9386.79
1360,38,9376.09
1360,39,9281.91
1360,40,9404.56
1360,41,9307.52
1360,42,9260.14
1360,43,9424.14
1360,44,9387.76
1360,45,9354.03
1360,46,9355.84
1360,47,9448.02
1360,48,9331.12
1360,49,9364.78
1360,50,9316.74
1360,51,9370.45
1360,52,9323.3
1360,53,9367.68
1360,54,9461.9
1360,55,9371.59
1360,56,9429.8
1360,57,9451.28
1360,58,9307.85
1360,59,9383.16
1360,60,9263.64
1360,61,9350.36
1360,62,9409.9
1360,63,9296.52
1360,64,9346.99
1360,65,9303.71
1360,66,9415.79
1360,67,9322.29
1360,68,9298.52
1360,69,9302.72
1360,70,9408.49
1360,71,9393.63
1360,72,9333.47
1360,73,9463.01
1360,74,9321.66
1360,75,9360.11
1360,76,9330.75
1360,77,9303.21
1360,78,9483.76
1360,79,9349.99
1360,80,9446.81
1360,81,9396.51
1360,82,9441.42
1360,83,9315.97
1360,84,9455.07
1360,85,9383.51
1360,86,9333.02
1360,87,9360.41
1360,88,9451.27
1360,89,9405.55
1360,90,9394.14
1360,91,9285.44
1360,92,9289.98
1360,93,9436.76
1360,94,9458.93
1360,95,9407.16
1360,96,9324.77
1360,97,9300.95
1360,98,9332.35
1360,99,9369.07
1370,0,9454.81
1370,1,9296.1
1370,2,9371.42
1370,3,9420.18
1370,4,9370.17
1370,5,9449.89
1370,6,9342.75
1370,7,9372.01
1370,8,9361.62
1370,9,9275.96
1370,10,9408.06
1370,11,9369.53
1370,12,9300.3
1370,13,9304.73
1370,14,9361.05
1370,15,9380.47
1370,16,9393.14
1370,17,9455.59
1370,18,9326.42
1370,19,9379.49
1370,20,9404.43
1370,21,9273.31
1370,22,9408.57
1370,23,9383.25
1370,24,9372.71
1370,25,9277.66
1370,26,9355.99
1370,27,9388.87
1370,28,9321.42
1370,29,9317.88
1370,30,9356.37
1370,31,9385.03
1370,32,9364.9
1370,33,9322.77
1370,34,9353.77
1370,35,9406.12
1370,36,9257.83
1370,37,9386.49
1370,38,9375.79
1370,39,9281.61
1370,40,9404.26
1370,41,9307.22
1370,42,9259.84
1370,43,9423.84
1370,44,9387.46
1370,45,9353.73
1370,46,9355.54
1370,47,9447.72
1370,48,9330.82
1370,49,9364.48
1370,50,9316.44
1370,51,9370.15
1370,52,9323
1370,53,9367.38
1370,54,9461.6
1370,55,9371.29
1370,56,9429.5
1370,57,9450.98
1370,58,9307.55
1370,59,9382.86
1370,60,9263.34
1370,61,9350.06
1370,62,9409.6
1370,63,9296.22
1370,64,9346.69
1370,65,9303.41
1370,66,9415.49
1370,67,9321.99
1370,68,9298.22
1370,69,9302.42
1370,70,9408.19
1370,71,9393.33
1370,72,9333.17
1370,73,9462.71
1370,74,9321.36
1370,75,9359.81
1370,76,9330.45
1370,77,9302.91
1370,78,9483.46
1370,79,9349.69
1370,80,9446.51
1370,81,9396.21
1370,82,9441.12
1370,83,9315.67
1370,84,9454.77
1370,85,9383.21
1370,86,9332.72
1370,87,9360.11
1370,88,9450.97
1370,89,9405.25
1370,90,9393.84
1370,91,9285.14
1370,92,9289.68
1370,93,9436.46
1370,94,9458.63
1370,95,9406.86
1370,96,9324.47
1370,97,9300.65
1370,98,9332.05
1370,99,9368.77
1380,0,9440.43
1380,1,9280.15
1380,2,9357.46
1380,3,9406.18
1380,4,9354.47
1380,5,9435.12
1380,6,9328.65
1380,7,9356.77
1380,8,9347.03
1380,9,9259.31
1380,10,9393.11
1380,11,9353.17
1380,12,9284.18
1380,13,9290.47
1380,14,9347.08
1380,15,9365.07
1380,16,9379.31
1380,17,9442.47
1380,18,9310.71
1380,19,9365.44
1380,20,9391.08
1380,21,9254
1380,22,9395.62
1380,23,9369.16
1380,24,9356.78
1380,25,9261.64
1380,26,9339.22
1380,27,9375.18
1380,28,9303.6
1380,29,9300.24
1380,30,9342.54
1380,31,9371.66
1380,32,9350.24
1380,33,9305.27
1380,34,9338.06
1380,35,9391.42
1380,36,9240.74
1380,37,9372.84
1380,38,9361.7
1380,39,9262.89
1380,40,9392.32
1380,41,9291.24
1380,42,9242.99
1380,43,9412.39
1380,44,9371.76
1380,45,9337.94
1380,46,9339.9
1380,47,9436.2
1380,48,9314.81
1380,49,9349.16
1380,50,9299.84
1380,51,9357.27
1380,52,9307.52
1380,53,9352.43
1380,54,9450.32
1380,55,9357.97
1380,56,9417.05
1380,57,9442.85
1380,58,9290.01
1380,59,9366.04
1380,60,9246.32
1380,61,9336.51
1380,62,9396.24
1380,63,9278.31
1380,64,9330.56
1380,65,9285.65
1380,66,9401.54
1380,67,9304.53
1380,68,9280.99
1380,69,9286.95
1380,70,9393.85
1380,71,9378.95
1380,72,9316.17
1380,73,9451.17
1380,74,9306.91
1380,75,9342.55
1380,76,9314.35
1380,77,9284.54
1380,78,9470.91
1380,79,9334.6
1380,80,9433.09
1380,81,9383.22
1380,82,9430.27
1380,83,9298.86
1380,84,9444.4
1380,85,9370.2
1380,86,9315.92
1380,87,9344.05
1380,88,9437.41
1380,89,9390.47
1380,90,9379.65
1380,91,9267.05
1380,92,9273.04
1380,93,9421.39
1380,94,9444.34
1380,95,9393.48
1380,96,9307.36
1380,97,9283.24
1380,98,9316.15
1380,99,9354.37
1390,0,9440.14
1390,1,9279.86
1390,2,9357.16
1390,3,9405.89
1390,4,9354.2
1390,5,9434.82
1390,6,9328.37
1390,7,9356.48
1390,8,9346.74
1390,9,9259.03
1390,10,9392.82
1390,11,9352.9
1390,12,9283.89
1390,13,9290.18
1390,14,9346.79
1390,15,9364.78
1390,16,9379.01
1390,17,9442.17
1390,18,9310.42
1390,19,9365.14
1390,20,9390.78
1390,21,9253.74
1390,22,9395.32
1390,23,9368.87
1390,24,9356.49
1390,25,9261.36
1390,26,9338.96
1390,27,9374.88
1390,28,9303.35
1390,29,9299.98
1390,30,9342.24
1390,31,9371.36
1390,32,9349.95
1390,33,9305.02
1390,34,9337.79
1390,35,9391.13
1390,36,9240.46
1390,37,9372.54
1390,38,9361.41
1390,39,9262.66
1390,40,9392.02
1390,41,9290.97
1390,42,9242.71
1390,43,9412.09
1390,44,9371.48
1390,45,9337.66
1390,46,9339.61
1390,47,9435.9
1390,48,9314.53
1390,49,9348.88
1390,50,9299.56
1390,51,9356.97
1390,52,9307.23
1390,53,9352.15
1390,54,9450.02
1390,55,9357.67
1390,56,9416.75
1390,57,9442.55
1390,58,9289.75
1390,59,9365.78
1390,60,9246.05
1390,61,9336.21
1390,62,9395.94
1390,63,9278.04
1390,64,9330.29
1390,65,9285.39
1390,66,9401.24
1390,67,9304.28
1390,68,9280.74
1390,69,9286.66
1390,70,9393.55
1390,71,9378.65
1390,72,9315.91
1390,73,9450.87
1390,74,9306.62
1390,75,9342.3
1390,76,9314.09
1390,77,9284.27
1390,78,9470.61
1390,79,9334.32
1390,80,9432.79
1390,81,9382.92
1390,82,9429.97
1390,83,9298.6
1390,84,9444.1
1390,85,9369.9
1390,86,9315.65
1390,87,9343.79
1390,88,9437.11
1390,89,9390.17
1390,90,9379.36
1390,91,9266.8
1390,92,9272.76
1390,93,9421.09
1390,94,9444.05
1390,95,9393.18
1390,96,9307.1
1390,97,9283
1390,98,9315.87
1390,99,9354.08
1400,0,9439.84
1400,1,9279.56
1400,2,9356.86
1400,3,9405.59
1400,4,9353.9
1400,5,9434.52
1400,6,9328.07
1400,7,9356.18
1400,8,9346.44
1400,9,9258.73
1400,10,9392.52
1400,11,9352.6
1400,12,9283.59
1400,13,9289.88
1400,14,9346.49
1400,15,9364.48
1400,16,9378.71
1400,17,9441.87
1400,18,9310.12
1400,19,9364.84
1400,20,9390.48
1400,21,9253.44
1400,22,9395.02
1400,23,9368.57
1400,24,9356.19
1400,25,9261.06
1400,26,9338.66
1400,27,9374.58
1400,28,9303.05
1400,29,9299.68
1400,30,9341.94
1400,31,9371.06
1400,32,9349.65
1400,33,9304.72
1400,34,9337.49
1400,35,9390.83
1400,36,9240.16
1400,37,9372.24
1400,38,9361.11
1400,39,9262.36
1400,40,9391.72
1400,41,9290.67
1400,42,9242.41
1400,43,9411.79
1400,44,9371.18
1400,45,9337.36
1400,46,9339.31
1400,47,9435.6
1400,48,9314.23
1400,49,9348.58
1400,50,9299.26
1400,51,9356.67
1400,52,9306.93
1400,53,9351.85
1400,54,9449.72
1400,55,9357.37
1400,56,9416.45
1400,57,9442.25
1400,58,9289.45
1400,59,9365.48
1400,60,9245.75
1400,61,9335.91
1400,62,9395.64
1400,63,9277.74
1400,64,9329.99
1400,65,9285.09
1400,66,9400.94
1400,67,9303.98
1400,68,9280.44
1400,69,9286.36
1400,70,9393.25
1400,71,9378.35
1400,72,9315.61
1400,73,9450.57
1400,74,9306.32
1400,75,9342
1400,76,9313.79
1400,77,9283.97
1400,78,9470.31
1400,79,9334.02
1400,80,9432.49
1400,81,9382.62
1400,82,9429.67
1400,83,9298.3
1400,84,9443.8
1400,85,9369.6
1400,86,9315.35
1400,87,9343.49
1400,88,9436.81
1400,89,9389.87
1400,90,9379.06
1400,91,9266.5
1400,92,9272.46
1400,93,9420.79
1400,94,9443.75
1400,95,9392.88
1400,96,9306.8
1400,97,9282.7
1400,98,9315.57
1400,99,9353.78
1410,0,9428.78
1410,1,9263.23
1410,2,9344.01
1410,3,9393.91
1410,4,9342.91
1410,5,9419.48
1410,6,9314.6
1410,7,9341.86
1410,8,9333.91
1410,9,9243.65
1410,10,9380.91
1410,11,9340.39
1410,12,9268.49
1410,13,9276.7
1410,14,9335.19
1410,15,9350.67
1410,16,9365.03
1410,17,9430.19
1410,18,9295.04
1410,19,9353.3
1410,20,9378.44
1410,21,9235.52
1410,22,9384.18
1410,23,9357
1410,24,9340.78
1410,25,9246.73
1410,26,9326.18
1410,27,9362.73
1410,28,9286.6
1410,29,9283.36
1410,30,9328.54
1410,31,9359.46
1410,32,9335.81
1410,33,9291.72
1410,34,9323.89
1410,35,9377.17
1410,36,9224.56
1410,37,9360.76
1410,38,9349.94
1410,39,9245.59
1410,40,9379.44
1410,41,9275.1
1410,42,9227.68
1410,43,9402.57
1410,44,9356.99
1410,45,9325.77
1410,46,9324.79
1410,47,9424.38
1410,48,9302.2
1410,49,9337.56
1410,50,9286.04
1410,51,9344.72
1410,52,9292.62
1410,53,9336.28
1410,54,9437.18
1410,55,9346.01
1410,56,9406.29
1410,57,9432.07
1410,58,9275.92
1410,59,9351.43
1410,60,9229.97
1410,61,9323.83
1410,62,9383.1
1410,63,9261.82
1410,64,9315.69
1410,65,9271.31
1410,66,9388.53
1410,67,9289.33
1410,68,9267.82
1410,69,9272.39
1410,70,9380.34
1410,71,9367.36
1410,72,9302.27
1410,73,9440
1410,74,9293.51
1410,75,9329.16
1410,76,9301.74
1410,77,9267.32
1410,78,9459.36
1410,79,9322.16
1410,80,9418.79
1410,81,9368.37
1410,82,9417.75
1410,83,9285.69
1410,84,9432
1410,85,9355.87
1410,86,9302.79
1410,87,9328.95
1410,88,9422.61
1410,89,9375.56
1410,90,9365.51
1410,91,9247.19
1410,92,9259.76
1410,93,9406.76
1410,94,9431.76
1410,95,9380.67
1410,96,9288.58
1410,97,9268.7
1410,98,9302.14
1410,99,9340.01
1420,0,9428.48
1420,1,9262.98
1420,2,9343.71
1420,3,9393.61
1420,4,9342.61
1420,5,9419.2
1420,6,9314.33
1420,7,9341.59
1420,8,9333.62
1420,9,9243.38
1420,10,9380.61
1420,11,9340.09
1420,12,9268.2
1420,13,9276.41
1420,14,9334.89
1420,15,9350.38
1420,16,9364.75
1420,17,9429.89
1420,18,9294.76
1420,19,9353
1420,20,9378.14
1420,21,9235.27
1420,22,9383.88
1420,23,9356.7
1420,24,9340.51
1420,25,9246.47
1420,26,9325.89
1420,27,9362.43
1420,28,9286.35
1420,29,9283.11
1420,30,9328.25
1420,31,9359.16
1420,32,9335.52
1420,33,9291.45
1420,34,9323.62
1420,35,9376.9
1420,36,9224.28
1420,37,9360.46
1420,38,9349.64
1420,39,9245.36
1420,40,9379.14
1420,41,9274.85
1420,42,9227.4
1420,43,9402.27
1420,44,9356.71
1420,45,9325.47
1420,46,9324.51
1420,47,9424.08
1420,48,9301.91
1420,49,9337.26
1420,50,9285.75
1420,51,9344.42
1420,52,9292.35
1420,53,9336.02
1420,54,9436.88
1420,55,9345.71
1420,56,9405.99
1420,57,9431.77
1420,58,9275.64
1420,59,9351.18
1420,60,9229.71
1420,61,9323.53
1420,62,9382.8
1420,63,9261.57
1420,64,9315.43
1420,65,9271.03
1420,66,9388.23
1420,67,9289.07
1420,68,9267.55
1420,69,9272.11
1420,70,9380.05
1420,71,9367.06
1420,72,9301.99
1420,73,9439.7
1420,74,9293.23
1420,75,9328.88
1420,76,9301.45
1420,77,9267.06
1420,78,9459.06
1420,79,9321.86
1420,80,9418.51
1420,81,9368.09
1420,82,9417.45
1420,83,9285.42
1420,84,9431.7
1420,85,9355.6
1420,86,9302.49
1420,87,9328.69
1420,88,9422.34
1420,89,9375.27
1420,90,9365.23
1420,91,9246.97
1420,92,9259.47
1420,93,9406.46
1420,94,9431.46
1420,95,9380.37
1420,96,9288.34
1420,97,9268.44
1420,98,9301.85
1420,99,9339.73
1430,0,9428.18
1430,1,9262.68
1430,2,9343.41
1430,3,9393.31
1430,4,9342.31
1430,5,9418.9
1430,6,9314.03
1430,7,9341.29
1430,8,9333.32
1430,9,9243.08
1430,10,9380.31
1430,11,9339.79
1430,12,9267.9
1430,13,9276.11
1430,14,9334.59
1430,15,9350.08
1430,16,9364.45
1430,17,9429.59
1430,18,9294.46
1430,19,9352.7
1430,20,9377.84
1430,21,9234.97
1430,22,9383.58
1430,23,9356.4
1430,24,9340.21
1430,25,9246.17
1430,26,9325.59
1430,27,9362.13
1430,28,9286.05
1430,29,9282.81
1430,30,9327.95
1430,31,9358.86
1430,32,9335.22
1430,33,9291.15
1430,34,9323.32
1430,35,9376.6
1430,36,9223.98
1430,37,9360.16
1430,38,9349.34
1430,39,9245.06
1430,40,9378.84
1430,41,9274.55
1430,42,9227.1
1430,43,9401.97
1430,44,9356.41
1430,45,9325.17
1430,46,9324.21
1430,47,9423.78
1430,48,9301.61
1430,49,9336.96
1430,50,9285.45
1430,51,9344.12
1430,52,9292.05
1430,53,9335.72
1430,54,9436.58
1430,55,9345.41
1430,56,9405.69
1430,57,9431.47
1430,58,9275.34
1430,59,9350.88
1430,60,9229.41
1430,61,9323.23
1430,62,9382.5
1430,63,9261.27
1430,64,9315.13
1430,65,9270.73
1430,66,9387.93
1430,67,9288.77
1430,68,9267.25
1430,69,9271.81
1430,70,9379.75
1430,71,9366.76
1430,72,9301.69
1430,73,9439.4
1430,74,9292.93
1430,75,9328.58
1430,76,9301.15
1430,77,9266.76
1430,78,9458.76
1430,79,9321.56
1430,80,9418.21
1430,81,9367.79
1430,82,9417.15
1430,83,9285.12
1430,84,9431.4
1430,85,9355.3
1430,86,9302.19
1430,87,9328.39
1430,88,9422.04
1430,89,9374.97
1430,90,9364.93
1430,91,9246.67
1430,92,9259.17
1430,93,9406.16
1430,94,9431.16
1430,95,9380.07
1430,96,9288.04
1430,97,9268.14
1430,98,9301.55
1430,99,9339.43
1440,0,9417.08
1440,1,9251.63
1440,2,9334.14
1440,3,9382.92
1440,4,9333.3
1440,5,9405.77
1440,6,9301.82
1440,7,9330.28
1440,8,9323.46
1440,9,9232.03
1440,10,9368.69
1440,11,9327.57
1440,12,9253.2
1440,13,9265.42
1440,14,9325.18
1440,15,9336.23
1440,16,9352.71
1440,17,9420.43
1440,18,9282.73
1440,19,9337.45
1440,20,9366.42
1440,21,9222.24
1440,22,9374.57
1440,23,9347.16
1440,24,9328.12
1440,25,9233.7
1440,26,9312.54
1440,27,9352.55
1440,28,9272.63
1440,29,9270.04
1440,30,9317.33
1440,31,9348.01
1440,32,9324.36
1440,33,9277.02
1440,34,9311.86
1440,35,9365.26
1440,36,9208.53
1440,37,9349.67
1440,38,9340.88
1440,39,9230.36
1440,40,9369.3
1440,41,9261.4
1440,42,9215.53
1440,43,9392.92
1440,44,9344.26
1440,45,9313.59
1440,46,9313.18
1440,47,9415.02
1440,48,9288.51
1440,49,9324.95
1440,50,9271.16
1440,51,9334.52
1440,52,9280.69
1440,53,9324.23
1440,54,9427.1
1440,55,9335.65
1440,56,9396.56
1440,57,9420.62
1440,58,9261.73
1440,59,9338.39
1440,60,9218.59
1440,61,9312.39
1440,62,9372.95
1440,63,9250.28
1440,64,9305.6
1440,65,9256.99
1440,66,9378.73
1440,67,9276.4
1440,68,9252.85
1440,69,9261.24
1440,70,9367.03
1440,71,9357.17
1440,72,9291.91
1440,73,9430.86
1440,74,9279.66
1440,75,9315.61
1440,76,9290.83
1440,77,9254.73
1440,78,9448.43
1440,79,9310.94
1440,80,9407.6
1440,81,9355.53
1440,82,9407.05
1440,83,9274.4
1440,84,9421.2
1440,85,9344.87
1440,86,9289.76
1440,87,9318.67
1440,88,9409.17
1440,89,9364.21
1440,90,9353.09
1440,91,9232.93
1440,92,9247.36
1440,93,9394.72
1440,94,9421.88
1440,95,9368.62
1440,96,9275
1440,97,9257.05
1440,98,9287.91
1440,99,9330.6
1450,0,9416.78
1450,1,9251.33
1450,2,9333.84
1450,3,9382.62
1450,4,9333
1450,5,9405.49
1450,6,9301.54
1450,7,9329.98
1450,8,9323.16
1450,9,9231.73
1450,10,9368.39
1450,11,9327.29
1450,12,9252.93
1450,13,9265.12
1450,14,9324.88
1450,15,9335.96
1450,16,9352.42
1450,17,9420.13
1450,18,9282.43
1450,19,9337.15
1450,20,9366.12
1450,21,9221.95
1450,22,9374.27
1450,23,9346.86
1450,24,9327.83
1450,25,9233.42
1450,26,9312.28
1450,27,9352.25
1450,28,9272.36
1450,29,9269.76
1450,30,9317.03
1450,31,9347.71
1450,32,9324.06
1450,33,9276.76
1450,34,9311.58
1450,35,9364.97
1450,36,9208.26
1450,37,9349.37
1450,38,9340.58
1450,39,9230.12
1450,40,9369
1450,41,9261.12
1450,42,9215.23
1450,43,9392.62
1450,44,9343.98
1450,45,9313.3
1450,46,9312.88
1450,47,9414.72
1450,48,9288.24
1450,49,9324.66
1450,50,9270.89
1450,51,9334.22
1450,52,9280.39
1450,53,9323.94
1450,54,9426.8
1450,55,9335.35
1450,56,9396.26
1450,57,9420.32
1450,58,9261.46
1450,59,9338.12
1450,60,9218.29
1450,61,9312.09
1450,62,9372.65
1450,63,9249.98
1450,64,9305.3
1450,65,9256.72
1450,66,9378.43
1450,67,9276.14
1450,68,9252.6
1450,69,9260.94
1450,70,9366.75
1450,71,9356.87
1450,72,9291.61
1450,73,9430.56
1450,74,9279.39
1450,75,9315.35
1450,76,9290.53
1450,77,9254.43
1450,78,9448.13
1450,79,9310.66
1450,80,9407.3
1450,81,9355.25
1450,82,9406.75
1450,83,9274.11
1450,84,9420.9
1450,85,9344.57
1450,86,9289.48
1450,87,9318.37
1450,88,9408.89
1450,89,9363.91
1450,90,9352.8
1450,91,9232.66
1450,92,9247.07
1450,93,9394.42
1450,94,9421.58
1450,95,9368.32
1450,96,9274.72
1450,97,9256.77
1450,98,9287.63
1450,99,9330.3
1460,0,9416.48
1460,1,9251.03
1460,2,9333.54
1460,3,9382.32
1460,4,9332.7
1460,5,9405.19
1460,6,9301.24
1460,7,9329.68
1460,8,9322.86
1460,9,9231.43
1460,10,9368.09
1460,11,9326.99
1460,12,9252.63
1460,13,9264.82
1460,14,9324.58
1460,15,9335.66
1460,16,9352.12
1460,17,9419.83
1460,18,9282.13
1460,19,9336.85
1460,20,9365.82
1460,21,9221.65
1460,22,9373.97
1460,23,9346.56
1460,24,9327.53
1460,25,9233.12
1460,26,9311.98
1460,27,9351.95
1460,28,9272.06
1460,29,9269.46
1460,30,9316.73
1460,31,9347.41
1460,32,9323.76
1460,33,9276.46
1460,34,9311.28
1460,35,9364.67
1460,36,9207.96
1460,37,9349.07
1460,38,9340.28
1460,39,9229.82
1460,40,9368.7
1460,41,9260.82
1460,42,9214.93
1460,43,9392.32
1460,44,9343.68
1460,45,9313
1460,46,9312.58
1460,47,9414.42
1460,48,9287.94
1460,49,9324.36
1460,50,9270.59
1460,51,9333.92
1460,52,9280.09
1460,53,9323.64
1460,54,9426.5
1460,55,9335.05
1460,56,9395.96
1460,57,9420.02
1460,58,9261.16
1460,59,9337.82
1460,60,9217.99
1460,61,9311.79
1460,62,9372.35
1460,63,9249.68
1460,64,9305
1460,65,9256.42
1460,66,9378.13
1460,67,9275.84
1460,68,9252.3
1460,69,9260.64
1460,70,9366.45
1460,71,9356.57
1460,72,9291.31
1460,73,9430.26
1460,74,9279.09
1460,75,9315.05
1460,76,9290.23
1460,77,9254.13
1460,78,9447.83
1460,79,9310.36
1460,80,9407
1460,81,9354.95
1460,82,9406.45
1460,83,9273.81
1460,84,9420.6
1460,85,9344.27
1460,86,9289.18
1460,87,9318.07
1460,88,9408.59
1460,89,9363.61
1460,90,9352.5
1460,91,9232.36
1460,92,9246.77
1460,93,9394.12
1460,94,9421.28
1460,95,9368.02
1460,96,9274.42
1460,97,9256.47
1460,98,9287.33
1460,99,9330
1470,0,9405.2
1470,1,9236.62
1470,2,9324.73
1470,3,9370.24
1470,4,9323.54
1470,5,9392.02
1470,6,9292.4
1470,7,9318.69
1470,8,9314.07
1470,9,9220.08
1470,10,9356.43
1470,11,9315.85
1470,12,9241.4
1470,13,9251.93
1470,14,9314.43
1470,15,9322.33
1470,16,9339.33
1470,17,9407.98
1470,18,9270.57
1470,19,9324.06
1470,20,9353.61
1470,21,9207.64
1470,22,9362.25
1470,23,9335.54
1470,24,9317.17
1470,25,9223.69
1470,26,9299.34
1470,27,9339.5
1470,28,9260.22
1470,29,9256.49
1470,30,9303.57
1470,31,9334.54
1470,32,9313.01
1470,33,9263.32
1470,34,9302.11
1470,35,9354.34
1470,36,9196.06
1470,37,9337.72
1470,38,9331.72
1470,39,9219.9
1470,40,9356.92
1470,41,9250.92
1470,42,9203.21
1470,43,9382.84
1470,44,9335.08
1470,45,9303.02
1470,46,9301.4
1470,47,9402.83
1470,48,9279.35
1470,49,9315.89
1470,50,9256.54
1470,51,9321.69
1470,52,9269.77
1470,53,9311.92
1470,54,9414.41
1470,55,9323.79
1470,56,9384.69
1470,57,9411.53
1470,58,9250.06
1470,59,9327.75
1470,60,9206.24
1470,61,9299.22
1470,62,9360.75
1470,63,9237.07
1470,64,9295.04
1470,65,9245.22
1470,66,9369.43
1470,67,9265.57
1470,68,9242.55
1470,69,9248.73
1470,70,9354.93
1470,71,9346.92
1470,72,9279.83
1470,73,9419.71
1470,74,9267.32
1470,75,9304.56
1470,76,9281.32
1470,77,9241.06
1470,78,9435.93
1470,79,9301.27
1470,80,9394.23
1470,81,9342.79
1470,82,9393.68
1470,83,9264.84
1470,84,9409.12
1470,85,9331.61
1470,86,9278.81
1470,87,9308.12
1470,88,9395.04
1470,89,9351.76
1470,90,9342.45
1470,91,9219.4
1470,92,9237.12
1470,93,9379.36
1470,94,9410.87
1470,95,9356.32
1470,96,9261.21
1470,97,9245.22
1470,98,9274.03
1470,99,9319.67
1480,0,9401.9
1480,1,9236.36
1480,2,9321.5
1480,3,9367.02
1480,4,9319.39
1480,5,9391.76
1480,6,9288.67
1480,7,9314.63
1480,8,9310.61
1480,9,9215.61
1480,10,9352.83
1480,11,9310.9
1480,12,9237.39
1480,13,9248.07
1480,14,9310.74
1480,15,9322.08
1480,16,9339.08
1480,17,9407.73
1480,18,9266.98
1480,19,9323.78
1480,20,9353.35
1480,21,9202.06
1480,22,9362.01
1480,23,9331.79
1480,24,9313.03
1480,25,9219.5
1480,26,9293.93
1480,27,9339.26
1480,28,9254.74
1480,29,9251.14
1480,30,9303.33
1480,31,9334.29
1480,32,9309.3
1480,33,9257.66
1480,34,9297.67
1480,35,9350.25
1480,36,9191.56
1480,37,9337.45
1480,38,9328.45
1480,39,9213.24
1480,40,9356.65
1480,41,9246.4
1480,42,9198.65
1480,43,9382.56
1480,44,9330.89
1480,45,9298.6
1480,46,9297.3
1480,47,9402.56
1480,48,9274.83
1480,49,9312.04
1480,50,9252.26
1480,51,9321.44
1480,52,9266.17
1480,53,9307.79
1480,54,9414.14
1480,55,9323.55
1480,56,9384.44
1480,57,9411.23
1480,58,9244.86
1480,59,9322.54
1480,60,9201.5
1480,61,9298.97
1480,62,9360.51
1480,63,9231.74
1480,64,9290.08
1480,65,9239.84
1480,66,9366.09
1480,67,9259.96
1480,68,9236.99
1480,69,9244.87
1480,70,9351.28
1480,71,9343.5
1480,72,9274.8
1480,73,9419.45
1480,74,9263.3
1480,75,9298.99
1480,76,9276.73
1480,77,9235.96
1480,78,9435.67
1480,79,9297.12
1480,80,9393.98
1480,81,9342.52
1480,82,9393.4
1480,83,9259.64
1480,84,9408.85
1480,85,9331.36
1480,86,9274.26
1480,87,9303.15
1480,88,9394.79
1480,89,9351.5
1480,90,9339.04
1480,91,9213.74
1480,92,9232.79
1480,93,9379.11
1480,94,9407.52
1480,95,9356.07
1480,96,9256.11
1480,97,9239.44
1480,98,9270.18
1480,99,9315.96
1490,0,9401.6
1490,1,9236.06
1490,2,9321.2
1490,3,9366.72
1490,4,9319.09
1490,5,9391.46
1490,6,9288.37
1490,7,9314.33
1490,8,9310.31
1490,9,9215.31
1490,10,9352.53
1490,11,9310.6
1490,12,9237.09
1490,13,9247.77
1490,14,9310.44
1490,15,9321.78
1490,16,9338.78
1490,17,9407.43
1490,18,9266.68
1490,19,9323.48
1490,20,9353.05
1490,21,9201.76
1490,22,9361.71
1490,23,9331.49
1490,24,9312.73
1490,25,9219.2
1490,26,9293.63
1490,27,9338.96
1490,28,9254.44
1490,29,9250.84
1490,30,9303.03
1490,31,9333.99
1490,32,9309
1490,33,9257.36
1490,34,9297.37
1490,35,9349.95
1490,36,9191.26
1490,37,9337.15
1490,38,9328.15
1490,39,9212.94
1490,40,9356.35
1490,41,9246.1
1490,42,9198.35
1490,43,9382.26
1490,44,9330.59
1490,45,9298.3
1490,46,9297
1490,47,9402.26
1490,48,9274.53
1490,49,9311.74
1490,50,9251.96
1490,51,9321.14
1490,52,9265.87
1490,53,9307.49
1490,54,9413.84
1490,55,9323.25
1490,56,9384.14
1490,57,9410.93
1490,58,9244.56
1490,59,9322.24
1490,60,9201.2
1490,61,9298.67
1490,62,9360.21
1490,63,9231.44
1490,64,9289.78
1490,65,9239.54
1490,66,9365.79
1490,67,9259.66
1490,68,9236.69
1490,69,9244.57
1490,70,9350.98
1490,71,9343.2
1490,72,9274.5
1490,73,9419.15
1490,74,9263
1490,75,9298.69
1490,76,9276.43
1490,77,9235.66
1490,78,9435.37
1490,79,9296.82
1490,80,9393.68
1490,81,9342.22
1490,82,9393.1
1490,83,9259.34
1490,84,9408.55
1490,85,9331.06
1490,86,9273.96
1490,87,9302.85
1490,88,9394.49
1490,89,9351.2
1490,90,9338.74
1490,91,9213.44
1490,92,9232.49
1490,93,9378.81
1490,94,9407.22
1490,95,9355.77
1490,96,9255.81
1490,97,9239.14
1490,98,9269.88
1490,99,9315.66
1500,0,9390.39
1500,1,9222.85
1500,2,9310.4
1500,3,9353.02
1500,4,9308.91
1500,5,9379.3
1500,6,9276.06
1500,7,9301.68
1500,8,9299.06
1500,9,9204.51
1500,10,9341.08
1500,11,9300.88
1500,12,9222.55
1500,13,9233
1500,14,9298.77
1500,15,9311.37
1500,16,9327.79
1500,17,9396.6
1500,18,9255.56
1500,19,9311.39
1500,20,9342.57
1500,21,9187.81
1500,22,9349.87
1500,23,9319.59
1500,24,9299.58
1500,25,9209.86
1500,26,9283.36
1500,27,9330.15
1500,28,9242.14
1500,29,9237.53
1500,30,9291.81
1500,31,9321.92
1500,32,9296.9
1500,33,9246.76
1500,34,9288.43
1500,35,9337.27
1500,36,9178.78
1500,37,9326
1500,38,9317.76
1500,39,9201.43
1500,40,9345.38
1500,41,9236.53
1500,42,9186.29
1500,43,9371.61
1500,44,9318.09
1500,45,9286.9
1500,46,9285.66
1500,47,9391.74
1500,48,9262.64
1500,49,9299.93
1500,50,9237.91
1500,51,9308.84
1500,52,9254.06
1500,53,9295.55
1500,54,9403.03
1500,55,9312.55
1500,56,9375.91
1500,57,9404.05
1500,58,9229.73
1500,59,9308.55
1500,60,9189.24
1500,61,9286.21
1500,62,9348.69
1500,63,9218.83
1500,64,9280.49
1500,65,9225.56
1500,66,9355.15
1500,67,9249.89
1500,68,9226.55
1500,69,9230.29
1500,70,9337.97
1500,71,9329.98
1500,72,9264.31
1500,73,9408.61
1500,74,9251.1
1500,75,9284.81
1500,76,9263.86
1500,77,9222.25
1500,78,9424.84
1500,79,9283.84
1500,80,9382.76
1500,81,9330.89
1500,82,9381.85
1500,83,9247.83
1500,84,9398.3
1500,85,9318.64
1500,86,9261.29
1500,87,9293.23
1500,88,9383.2
1500,89,9340.17
1500,90,9325.71
1500,91,9198.56
1500,92,9220.73
1500,93,9363.9
1500,94,9393.94
1500,95,9344.17
1500,96,9241.53
1500,97,9225.55
1500,98,9257.02
1500,99,9301.98
1510,0,9390.12
1510,1,9222.6
1510,2,9310.13
1510,3,9352.78
1510,4,9308.65
1510,5,9379.03
1510,6,9275.8
1510,7,9301.43
1510,8,9298.8
1510,9,9200.05
1510,10,9340.81
1510,11,9295.86
1510,12,9222.32
1510,13,9232.76
1510,14,9298.51
1510,15,9311.08
1510,16,9327.52
1510,17,9396.33
1510,18,9255.3
1510,19,9311.1
1510,20,9342.29
1510,21,9187.56
1510,22,9349.61
1510,23,9319.34
1510,24,9299.33
1510,25,9205.69
1510,26,9277.84
1510,27,9329.88
1510,28,9236.63
1510,29,9237.28
1510,30,9291.53
1510,31,9321.66
1510,32,9296.64
1510,33,9241.01
1510,34,9284.01
1510,35,9337.02
1510,36,9174.26
1510,37,9325.71
1510,38,9317.49
1510,39,9194.82
1510,40,9345.1
1510,41,9232.03
1510,42,9181.72
1510,43,9371.32
1510,44,9317.84
1510,45,9286.65
1510,46,9281.49
1510,47,9391.46
1510,48,9262.4
1510,49,9299.67
1510,50,9237.66
1510,51,9308.57
1510,52,9253.81
1510,53,9295.28
1510,54,9402.75
1510,55,9312.27
1510,56,9375.64
1510,57,9403.75
1510,58,9229.51
1510,59,9308.33
1510,60,9184.48
1510,61,9285.96
1510,62,9348.44
1510,63,9213.45
1510,64,9275.56
1510,65,9225.33
1510,66,9354.88
1510,67,9244.36
1510,68,9221.01
1510,69,9230.06
1510,70,9337.71
1510,71,9329.73
1510,72,9259.34
1510,73,9408.34
1510,74,9250.85
1510,75,9284.59
1510,76,9263.62
1510,77,9221.99
1510,78,9424.55
1510,79,9283.59
1510,80,9382.48
1510,81,9330.62
1510,82,9381.56
1510,83,9247.58
1510,84,9398.02
1510,85,9318.38
1510,86,9261.04
1510,87,9288.26
1510,88,9382.92
1510,89,9339.9
1510,90,9325.46
1510,91,9198.35
1510,92,9220.48
1510,93,9363.65
1510,94,9393.69
1510,95,9343.91
1510,96,9241.3
1510,97,9225.34
1510,98,9256.77
1510,99,9301.74
1520,0,9389.82
1520,1,9222.3
1520,2,9309.83
1520,3,9352.48
1520,4,9308.35
1520,5,9378.73
1520,6,9275.5
1520,7,9301.13
1520,8,9298.5
1520,9,9199.75
1520,10,9340.51
1520,11,9295.56
1520,12,9222.02
1520,13,9232.46
1520,14,9298.21
1520,15,9310.78
1520,16,9327.22
1520,17,9396.03
1520,18,9255
1520,19,9310.8
1520,20,9341.99
1520,21,9187.26
1520,22,9349.31
1520,23,9319.04
1520,24,9299.03
1520,25,9205.39
1520,26,9277.54
1520,27,9329.58
1520,28,9236.33
1520,29,9236.98
1520,30,9291.23
1520,31,9321.36
1520,32,9296.34
1520,33,9240.71
1520,34,9283.71
1520,35,9336.72
1520,36,9173.96
1520,37,9325.41
1520,38,9317.19
1520,39,9194.52
1520,40,9344.8
1520,41,9231.73
1520,42,9181.42
1520,43,9371.02
1520,44,9317.54
1520,45,9286.35
1520,46,9281.19
1520,47,9391.16
1520,48,9262.1
1520,49,9299.37
1520,50,9237.36
1520,51,9308.27
1520,52,9253.51
1520,53,9294.98
1520,54,9402.45
1520,55,9311.97
1520,56,9375.34
1520,57,9403.45
1520,58,9229.21
1520,59,9308.03
1520,60,9184.18
1520,61,9285.66
1520,62,9348.14
1520,63,9213.15
1520,64,9275.26
1520,65,9225.03
1520,66,9354.58
1520,67,9244.06
1520,68,9220.71
1520,69,9229.76
1520,70,9337.41
1520,71,9329.43
1520,72,9259.04
1520,73,9408.04
1520,74,9250.55
1520,75,9284.29
1520,76,9263.32
1520,77,9221.69
1520,78,9424.25
1520,79,9283.29
1520,80,9382.18
1520,81,9330.32
1520,82,9381.26
1520,83,9247.28
1520,84,9397.72
1520,85,9318.08
1520,86,9260.74
1520,87,9287.96
1520,88,9382.62
1520,89,9339.6
1520,90,9325.16
1520,91,9198.05
1520,92,9220.18
1520,93,9363.35
1520,94,9393.39
1520,95,9343.61
1520,96,9241
1520,97,9225.04
1520,98,9256.47
1520,99,9301.44
1530,0,9377.12
1530,1,9210.64
1530,2,9298.54
1530,3,9340.3
1530,4,9299.05
1530,5,9365.65
1530,6,9263.46
1530,7,9290.22
1530,8,9286.28
1530,9,9185.87
1530,10,9327.65
1530,11,9283.24
1530,12,9208.2
1530,13,9220.57
1530,14,9286.84
1530,15,9298.34
1530,16,9315.1
1530,17,9384.18
1530,18,9242.66
1530,19,9297.83
1530,20,9330.29
1530,21,9171.34
1530,22,9337.69
1530,23,9306.61
1530,24,9284.87
1530,25,9192.56
1530,26,9268.8
1530,27,9320.36
1530,28,9226.28
1530,29,9224.68
1530,30,9278.97
1530,31,9310.68
1530,32,9285.97
1530,33,9232.52
1530,34,9274.77
1530,35,9324.05
1530,36,9158.17
1530,37,9310.47
1530,38,9304.81
1530,39,9184.56
1530,40,9334.01
1530,41,9221.65
1530,42,9168.54
1530,43,9361.04
1530,44,9305.56
1530,45,9273.74
1530,46,9267.71
1530,47,9379.83
1530,48,9251.89
1530,49,9287.85
1530,50,9223.2
1530,51,9296.97
1530,52,9240.38
1530,53,9282.03
1530,54,9391.63
1530,55,9300.87
1530,56,9364.63
1530,57,9394.01
1530,58,9219.26
1530,59,9298.09
1530,60,9170.16
1530,61,9273.69
1530,62,9336.48
1530,63,9200.8
1530,64,9264.66
1530,65,9213.96
1530,66,9342.43
1530,67,9233.65
1530,68,9210.01
1530,69,9215.63
1530,70,9323.25
1530,71,9319.37
1530,72,9251.01
1530,73,9398.4
1530,74,9238.57
1530,75,9275.32
1530,76,9250.71
1530,77,9207.97
1530,78,9413.76
1530,79,9270.54
1530,80,9369.37
1530,81,9317.47
1530,82,9368.51
1530,83,9236.24
1530,84,9387.12
1530,85,9305.71
1530,86,9249
1530,87,9276.98
1530,88,9369.5
1530,89,9327.51
1530,90,9313.3
1530,91,9183.65
1530,92,9208.27
1530,93,9348.25
1530,94,9382.03
1530,95,9332.8
1530,96,9227.73
1530,97,9213.43
1530,98,9242.46
1530,99,9291.36
1540,0,9376.87
1540,1,9207.17
1540,2,9298.28
1540,3,9340.05
1540,4,9294.97
1540,5,9365.41
1540,6,9263.22
1540,7,9289.97
1540,8,9286.04
1540,9,9183.99
1540,10,9327.41
1540,11,9283
1540,12,9207.12
1540,13,9217.1
1540,14,9286.59
1540,15,9298.09
1540,16,9314.85
1540,17,9383.92
1540,18,9242.42
1540,19,9297.55
1540,20,9330.01
1540,21,9168.81
1540,22,9337.44
1540,23,9306.37
1540,24,9284.64
1540,25,9192.32
1540,26,9264.42
1540,27,9320.08
1540,28,9219.9
1540,29,9219.84
1540,30,9278.71
1540,31,9310.41
1540,32,9285.71
1540,33,9225.41
1540,34,9270.38
1540,35,9323.81
1540,36,9157.27
1540,37,9310.2
1540,38,9304.56
1540,39,9178.46
1540,40,9333.74
1540,41,9221.39
1540,42,9165.07
1540,43,9360.75
1540,44,9304.01
1540,45,9272.28
1540,46,9266.18
1540,47,9379.55
1540,48,9251.64
1540,49,9287.6
1540,50,9222.01
1540,51,9296.7
1540,52,9240.14
1540,53,9279.96
1540,54,9391.36
1540,55,9300.61
1540,56,9364.37
1540,57,9393.73
1540,58,9214.14
1540,59,9293.18
1540,60,9167.89
1540,61,9273.44
1540,62,9336.23
1540,63,9196.11
1540,64,9261.02
1540,65,9209.82
1540,66,9342.18
1540,67,9230.18
1540,68,9209.77
1540,69,9215.39
1540,70,9323.01
1540,71,9319.11
1540,72,9246.42
1540,73,9398.13
1540,74,9236.2
1540,75,9270.26
1540,76,9250.48
1540,77,9204.52
1540,78,9413.48
1540,79,9269.74
1540,80,9369.13
1540,81,9317.22
1540,82,9368.23
1540,83,9235.99
1540,84,9386.85
1540,85,9305.46
1540,86,9246.72
1540,87,9273.78
1540,88,9369.26
1540,89,9327.26
1540,90,9313.05
1540,91,9180.21
1540,92,9206.26
1540,93,9348
1540,94,9381.77
1540,95,9332.54
1540,96,9224.28
1540,97,9213.2
1540,98,9242.23
1540,99,9291.1
1550,0,9376.57
1550,1,9206.87
1550,2,9297.98
1550,3,9339.75
1550,4,9294.67
1550,5,9365.11
1550,6,9262.92
1550,7,9289.67
1550,8,9285.74
1550,9,9183.69
1550,10,9327.11
1550,11,9282.7
1550,12,9206.82
1550,13,9216.8
1550,14,9286.29
1550,15,9297.79
1550,16,9314.55
1550,17,9383.62
1550,18,9242.12
1550,19,9297.25
1550,20,9329.71
1550,21,9168.51
1550,22,9337.14
1550,23,9306.07
1550,24,9284.34
1550,25,9192.02
1550,26,9264.12
1550,27,9319.78
1550,28,9219.6
1550,29,9219.54
1550,30,9278.41
1550,31,9310.11
1550,32,9285.41
1550,33,9225.11
1550,34,9270.08
1550,35,9323.51
1550,36,9156.97
1550,37,9309.9
1550,38,9304.26
1550,39,9178.16
1550,40,9333.44
1550,41,9221.09
1550,42,9164.77
1550,43,9360.45
1550,44,9303.71
1550,45,9271.98
1550,46,9265.88
1550,47,9379.25
1550,48,9251.34
1550,49,9287.3
1550,50,9221.71
1550,51,9296.4
1550,52,9239.84
1550,53,9279.66
1550,54,9391.06
1550,55,9300.31
1550,56,9364.07
1550,57,9393.43
1550,58,9213.84
1550,59,9292.88
1550,60,9167.59
1550,61,9273.14
1550,62,9335.93
1550,63,9195.81
1550,64,9260.72
1550,65,9209.52
1550,66,9341.88
1550,67,9229.88
1550,68,9209.47
1550,69,9215.09
1550,70,9322.71
1550,71,9318.81
1550,72,9246.12
1550,73,9397.83
1550,74,9235.9
1550,75,9269.96
1550,76,9250.18
1550,77,9204.22
1550,78,9413.18
1550,79,9269.44
1550,80,9368.83
1550,81,9316.92
1550,82,9367.93
1550,83,9235.69
1550,84,9386.55
1550,85,9305.16
1550,86,9246.42
1550,87,9273.48
1550,88,9368.96
1550,89,9326.96
1550,90,9312.75
1550,91,9179.91
1550,92,9205.96
1550,93,9347.7
1550,94,9381.47
1550,95,9332.24
1550,96,9223.98
1550,97,9212.9
1550,98,9241.93
1550,99,9290.8
1560,0,9365.83
1560,1,9194.16
1560,2,9291.03
1560,3,9327.92
1560,4,9285.51
1560,5,9354.97
1560,6,9253.05
1560,7,9280.46
1560,8,9276.98
1560,9,9172.76
1560,10,9316.24
1560,11,9272.63
1560,12,9197.06
1560,13,9208.04
1560,14,9277.55
1560,15,9287.63
1560,16,9304.98
1560,17,9376.93
1560,18,9231.52
1560,19,9285.33
1560,20,9322.8
1560,21,9158.8
1560,22,9329.9
1560,23,9295.08
1560,24,9274.16
1560,25,9181.66
1560,26,9255.21
1560,27,9311.81
1560,28,9210.67
1560,29,9210.41
1560,30,9269.67
1560,31,9300.02
1560,32,9277.98
1560,33,9217.55
1560,34,9260.76
1560,35,9315.05
1560,36,9147.63
1560,37,9299.04
1560,38,9295.19
1560,39,9169.5
1560,40,9323.55
1560,41,9210.72
1560,42,9155.61
1560,43,9350.23
1560,44,9293.59
1560,45,9264.33
1560,46,9255.39
1560,47,9369.61
1560,48,9240.95
1560,49,9278.03
1560,50,9211.98
1560,51,9285.24
1560,52,9231.14
1560,53,9267.27
1560,54,9380.05
1560,55,9291.34
1560,56,9356.24
1560,57,9385.92
1560,58,9205.31
1560,59,9283.05
1560,60,9154.81
1560,61,9265.31
1560,62,9327.12
1560,63,9185.14
1560,64,9250.36
1560,65,9198.56
1560,66,9333.33
1560,67,9221.94
1560,68,9197.85
1560,69,9205.36
1560,70,9310.34
1560,71,9308.8
1560,72,9238.04
1560,73,9387.89
1560,74,9223.52
1560,75,9259.67
1560,76,9241.9
1560,77,9193.86
1560,78,9403.43
1560,79,9259.06
1560,80,9357.64
1560,81,9305.61
1560,82,9358.42
1560,83,9227.11
1560,84,9376.27
1560,85,9294.62
1560,86,9235.23
1560,87,9263.6
1560,88,9357.35
1560,89,9316.76
1560,90,9303.49
1560,91,9168.07
1560,92,9194.61
1560,93,9337.22
1560,94,9371.13
1560,95,9323.77
1560,96,9210.28
1560,97,9200.94
1560,98,9232.49
1560,99,9281.86
1570,0,9365.58
1570,1,9193.93
1570,2,9287.77
1570,3,9327.69
1570,4,9285.26
1570,5,9354.71
1570,6,9252.81
1570,7,9276.27
1570,8,9273.53
1570,9,9168.24
1570,10,9316
1570,11,9267.55
1570,12,9192.93
1570,13,9203.95
1570,14,9274.01
1570,15,9287.37
1570,16,9304.72
1570,17,9373.95
1570,18,9227.97
1570,19,9285.06
1570,20,9320.28
1570,21,9153.65
1570,22,9326.95
1570,23,9294.84
1570,24,9269.79
1570,25,9181.43
1570,26,9249.57
1570,27,9308.91
1570,28,9207.34
1570,29,9206.02
1570,30,9266.65
1570,31,9299.76
1570,32,9274.12
1570,33,9211.69
1570,34,9256.43
1570,35,9310.72
1570,36,9143.04
1570,37,9298.76
1570,38,9292.11
1570,39,9162.92
1570,40,9323.29
1570,41,9210.48
1570,42,9151.26
1570,43,9349.97
1570,44,9289.48
1570,45,9259.85
1570,46,9255.15
1570,47,9369.35
1570,48,9240.71
1570,49,9274.38
1570,50,9207.62
1570,51,9284.98
1570,52,9227.41
1570,53,9267.04
1570,54,9379.79
1570,55,9288.58
1570,56,9353.45
1570,57,9385.63
1570,58,9200.1
1570,59,9278
1570,60,9154.57
1570,61,9262.11
1570,62,9324.01
1570,63,9179.64
1570,64,9250.12
1570,65,9198.32
1570,66,9329.83
1570,67,9216.3
1570,68,9197.63
1570,69,9201.42
1570,70,9310.1
1570,71,9308.54
1570,72,9232.79
1570,73,9387.62
1570,74,9223.3
1570,75,9254.19
1570,76,9237.54
1570,77,9188.51
1570,78,9403.16
1570,79,9258.83
1570,80,9357.39
1570,81,9305.37
1570,82,9358.16
1570,83,9222.11
1570,84,9376.01
1570,85,9294.36
1570,86,9234.99
1570,87,9263.36
1570,88,9357.11
1570,89,9316.5
1570,90,9300.49
1570,91,9162.18
1570,92,9194.37
1570,93,9334.01
1570,94,9370.88
1570,95,9321.25
1570,96,9210.06
1570,97,9200.73
1570,98,9228.55
1570,99,9278.14
1580,0,9365.28
1580,1,9193.63
1580,2,9287.47
1580,3,9327.39
1580,4,9284.96
1580,5,9354.41
1580,6,9252.51
1580,7,9275.97
1580,8,9273.23
1580,9,9167.94
1580,10,9315.7
1580,11,9267.25
1580,12,9192.63
1580,13,9203.65
1580,14,9273.71
1580,15,9287.07
1580,16,9304.42
1580,17,9373.65
1580,18,9227.67
1580,19,9284.76
1580,20,9319.98
1580,21,9153.35
1580,22,9326.65
1580,23,9294.54
1580,24,9269.49
1580,25,9181.13
1580,26,9249.27
1580,27,9308.61
1580,28,9207.04
1580,29,9205.72
1580,30,9266.35
1580,31,9299.46
1580,32,9273.82
1580,33,9211.39
1580,34,9256.13
1580,35,9310.42
1580,36,9142.74
1580,37,9298.46
1580,38,9291.81
1580,39,9162.62
1580,40,9322.99
1580,41,9210.18
1580,42,9150.96
1580,43,9349.67
1580,44,9289.18
1580,45,9259.55
1580,46,9254.85
1580,47,9369.05
1580,48,9240.41
1580,49,9274.08
1580,50,9207.32
1580,51,9284.68
1580,52,9227.11
1580,53,9266.74
1580,54,9379.49
1580,55,9288.28
1580,56,9353.15
1580,57,9385.33
1580,58,9199.8
1580,59,9277.7
1580,60,9154.27
1580,61,9261.81
1580,62,9323.71
1580,63,9179.34
1580,64,9249.82
1580,65,9198.02
1580,66,9329.53
1580,67,9216
1580,68,9197.33
1580,69,9201.12
1580,70,9309.8
1580,71,9308.24
1580,72,9232.49
1580,73,9387.32
1580,74,9223
1580,75,9253.89
1580,76,9237.24
1580,77,9188.21
1580,78,9402.86
1580,79,9258.53
1580,80,9357.09
1580,81,9305.07
1580,82,9357.86
1580,83,9221.81
1580,84,9375.71
1580,85,9294.06
1580,86,9234.69
1580,87,9263.06
1580,88,9356.81
1580,89,9316.2
1580,90,9300.19
1580,91,9161.88
1580,92,9194.07
1580,93,9333.71
1580,94,9370.58
1580,95,9320.95
1580,96,9209.76
1580,97,9200.43
1580,98,9228.25
1580,99,9277.84
1590,0,9352.62
1590,1,9185.42
1590,2,9279.14
1590,3,9315.44
1590,4,9277.05
1590,5,9343.3
1590,6,9242.06
1590,7,9266.96
1590,8,9264.01
1590,9,9156.74
1590,10,9305.04
1590,11,9258.47
1590,12,9182.73
1590,13,9195.99
1590,14,9263.61
1590,15,9276.27
1590,16,9294.58
1590,17,9363.72
1590,18,9219.74
1590,19,9270.3
1590,20,9311.02
1590,21,9143.16
1590,22,9316.89
1590,23,9284.81
1590,24,9258.98
1590,25,9170.89
1590,26,9240.17
1590,27,9300.15
1590,28,9195.97
1590,29,9195.66
1590,30,9257.55
1590,31,9289.17
1590,32,9266.24
1590,33,9203.1
1590,34,9245.71
1590,35,9300.07
1590,36,9129.67
1590,37,9287.99
1590,38,9283.44
1590,39,9153.68
1590,40,9312.87
1590,41,9203.32
1590,42,9139.61
1590,43,9339.67
1590,44,9280.41
1590,45,9251.73
1590,46,9245.49
1590,47,9358.53
1590,48,9231.02
1590,49,9264.48
1590,50,9197.73
1590,51,9273.42
1590,52,9217.44
1590,53,9256.66
1590,54,9368.75
1590,55,9273
1590,56,9345.38
1590,57,9376.95
1590,58,9191.1
1590,59,9267.73
1590,60,9141.62
1590,61,9254.16
1590,62,9314.24
1590,63,9168.91
1590,64,9240.55
1590,65,9189.83
1590,66,9320.18
1590,67,9205.39
1590,68,9190.39
1590,69,9188.09
1590,70,9298.74
1590,71,9297.82
1590,72,9221.98
1590,73,9376.08
1590,74,9210.37
1590,75,9245.03
1590,76,9227.76
1590,77,9178.43
1590,78,9393.11
1590,79,9248.44
1590,80,9346.5
1590,81,9293.77
1590,82,9344.06
1590,83,9212.13
1590,84,9366.17
1590,85,9283.48
1590,86,9225.79
1590,87,9252.17
1590,88,9345.02
1590,89,9305.89
1590,90,9290.72
1590,91,9151.14
1590,92,9185.06
1590,93,9322.93
1590,94,9359.83
1590,95,9310.36
1590,96,9199.98
1590,97,9193.16
1590,98,9218.66
1590,99,9268.01
1600,0,9347.8
1600,1,9178.79
1600,2,9273.85
1600,3,9310.85
1600,4,9269.68
1600,5,9339.24
1600,6,9237.54
1600,7,9262.34
1600,8,9260.67
1600,9,9152.26
1600,10,9299.25
1600,11,9252.04
1600,12,9177.82
1600,13,9189.88
1600,14,9257.8
1600,15,9273.62
1600,16,9288.16
1600,17,9358.64
1600,18,9214.22
1600,19,9267.95
1600,20,9306.75
1600,21,9134.99
1600,22,9313.59
1600,23,9281.31
1600,24,9254.69
1600,25,9165.24
1600,26,9232.69
1600,27,9294.85
1600,28,9190.97
1600,29,9189.74
1600,30,9254.47
1600,31,9283.93
1600,32,9259.52
1600,33,9193.41
1600,34,9241.28
1600,35,9296.16
1600,36,9125.96
1600,37,9284.21
1600,38,9277.28
1600,39,9147.6
1600,40,9309.65
1600,41,9194.59
1600,42,9134.62
1600,43,9336.48
1600,44,9274.16
1600,45,9243.76
1600,46,9240.9
1600,47,9354.69
1600,48,9223.4
1600,49,9260.9
1600,50,9192.18
1600,51,9269.14
1600,52,9213.76
1600,53,9251.98
1600,54,9366.75
1600,55,9268.01
1600,56,9341.04
1600,57,9375.19
1600,58,9183.85
1600,59,9261.23
1600,60,9138.57
1600,61,9247.71
1600,62,9311.13
1600,63,9163.11
1600,64,9236.11
1600,65,9182.1
1600,66,9316.76
1600,67,9199.66
1600,68,9183.09
1600,69,9184.05
1600,70,9295.63
1600,71,9292.13
1600,72,9218.41
1600,73,9371.99
1600,74,9210.17
1600,75,9237.06
1600,76,9220.15
1600,77,9170.8
1600,78,9387.81
1600,79,9242.95
1600,80,9344.16
1600,81,9291.31
1600,82,9342.45
1600,83,9204.96
1600,84,9365.32
1600,85,9281.89
1600,86,9219.51
1600,87,9247.17
1600,88,9341.85
1600,89,9301.52
1600,90,9284.16
1600,91,9142.8
1600,92,9178.96
1600,93,9319.68
1600,94,9353.83
1600,95,9306.72
1600,96,9192.91
1600,97,9182.49
1600,98,9213.27
1600,99,9264.5
1610,0,9347.5
1610,1,9178.49
1610,2,9273.55
1610,3,9310.55
1610,4,9269.38
1610,5,9338.94
1610,6,9237.24
1610,7,9262.04
1610,8,9260.37
1610,9,9151.96
1610,10,9298.95
1610,11,9251.74
1610,12,9177.52
1610,13,9189.58
1610,14,9257.5
1610,15,9273.32
1610,16,9287.86
1610,17,9358.34
1610,18,9213.92
1610,19,9267.65
1610,20,9306.45
1610,21,9134.69
1610,22,9313.29
1610,23,9281.01
1610,24,9254.39
1610,25,9164.94
1610,26,9232.39
1610,27,9294.55
1610,28,9190.67
1610,29,9189.44
1610,30,9254.17
1610,31,9283.63
1610,32,9259.22
1610,33,9193.11
1610,34,9240.98
1610,35,9295.86
1610,36,9125.66
1610,37,9283.91
1610,38,9276.98
1610,39,9147.3
1610,40,9309.35
1610,41,9194.29
1610,42,9134.32
1610,43,9336.18
1610,44,9273.86
1610,45,9243.46
1610,46,9240.6
1610,47,9354.39
1610,48,9223.1
1610,49,9260.6
1610,50,9191.88
1610,51,9268.84
1610,52,9213.46
1610,53,9251.68
1610,54,9366.45
1610,55,9267.71
1610,56,9340.74
1610,57,9374.89
1610,58,9183.55
1610,59,9260.93
1610,60,9138.27
1610,61,9247.41
1610,62,9310.83
1610,63,9162.81
1610,64,9235.81
1610,65,9181.8
1610,66,9316.46
1610,67,9199.36
1610,68,9182.79
1610,69,9183.75
1610,70,9295.33
1610,71,9291.83
1610,72,9218.11
1610,73,9371.69
1610,74,9209.87
1610,75,9236.76
1610,76,9219.85
1610,77,9170.5
1610,78,9387.51
1610,79,9242.65
1610,80,9343.86
1610,81,9291.01
1610,82,9342.15
1610,83,9204.66
1610,84,9365.02
1610,85,9281.59
1610,86,9219.21
1610,87,9246.87
1610,88,9341.55
1610,89,9301.22
1610,90,9283.86
1610,91,9142.5
1610,92,9178.66
1610,93,9319.38
1610,94,9353.53
1610,95,9306.42
1610,96,9192.61
1610,97,9182.19
1610,98,9212.97
1610,99,9264.2
1620,0,9336.04
1620,1,9170.06
1620,2,9264.23
1620,3,9299.91
1620,4,9262.71
1620,5,9328.15
1620,6,9228.85
1620,7,9255.32
1620,8,9254.64
1620,9,9145.67
1620,10,9287.86
1620,11,9243.2
1620,12,9167.73
1620,13,9179.03
1620,14,9248.96
1620,15,9262.41
1620,16,9278.61
1620,17,9348.25
1620,18,9206.3
1620,19,9255.89
1620,20,9299.33
1620,21,9124.53
1620,22,9304
1620,23,9271.1
1620,24,9244.65
1620,25,9156.04
1620,26,9224.08
1620,27,9287.76
1620,28,9183.44
1620,29,9180.75
1620,30,9245.24
1620,31,9272.77
1620,32,9251.72
1620,33,9185.95
1620,34,9231.85
1620,35,9285.48
1620,36,9118.75
1620,37,9275.31
1620,38,9266.89
1620,39,9138.26
1620,40,9301.19
1620,41,9186
1620,42,9124.13
1620,43,9327.75
1620,44,9264.97
1620,45,9235.46
1620,46,9230.4
1620,47,9346.25
1620,48,9217.59
1620,49,9252.11
1620,50,9181.85
1620,51,9258.77
1620,52,9204.46
1620,53,9245.51
1620,54,9357.98
1620,55,9254.57
1620,56,9332.73
1620,57,9366.46
1620,58,9173.16
1620,59,9252.08
1620,60,9131.16
1620,61,9236.56
1620,62,9302.56
1620,63,9154.08
1620,64,9226.58
1620,65,9175.96
1620,66,9306.79
1620,67,9190.81
1620,68,9174.53
1620,69,9173.48
1620,70,9285.02
1620,71,9282.97
1620,72,9211.12
1620,73,9362.6
1620,74,9204.56
1620,75,9227.82
1620,76,9214.07
1620,77,9160.92
1620,78,9378.91
1620,79,9233.8
1620,80,9332.35
1620,81,9282.08
1620,82,9330.87
1620,83,9197.56
1620,84,9355.73
1620,85,9274.78
1620,86,9212.58
1620,87,9241.58
1620,88,9333.49
1620,89,9291.89
1620,90,9274.78
1620,91,9135.6
1620,92,9169.93
1620,93,9308.88
1620,94,9342.52
1620,95,9297.54
1620,96,9184.99
1620,97,9175.26
1620,98,9203.12
1620,99,9254.47
1630,0,9333.65
1630,1,9163.73
1630,2,9261.1
1630,3,9299.14
1630,4,9259.43
1630,5,9325
1630,6,9226.65
1630,7,9251.38
1630,8,9251.22
1630,9,9139.45
1630,10,9287.65
1630,11,9240.02
1630,12,9164.55
1630,13,9177.29
1630,14,9244.64
1630,15,9260.55
1630,16,9276
1630,17,9346
1630,18,9203.37
1630,19,9253.62
1630,20,9296.65
1630,21,9119.61
1630,22,9303.77
1630,23,9270.88
1630,24,9240.26
1630,25,9154.11
1630,26,9218.04
1630,27,9283.15
1630,28,9174.1
1630,29,9176.32
1630,30,9242.12
1630,31,9271.72
1630,32,9248.85
1630,33,9180.24
1630,34,9227.97
1630,35,9285.26
1630,36,9109.57
1630,37,9271.82
1630,38,9264.63
1630,39,9132.19
1630,40,9299.39
1630,41,9180.89
1630,42,9120.77
1630,43,9325.96
1630,44,9263.55
1630,45,9232.91
1630,46,9225.87
1630,47,9342.11
1630,48,9211.78
1630,49,9248.53
1630,50,9177.19
1630,51,9258.21
1630,52,9201.22
1630,53,9238.72
1630,54,9354.95
1630,55,9254.33
1630,56,9329.87
1630,57,9365.02
1630,58,9168.08
1630,59,9249.79
1630,60,9124.03
1630,61,9236.34
1630,62,9299.39
1630,63,9146.28
1630,64,9224.35
1630,65,9166.42
1630,66,9306.56
1630,67,9184.56
1630,68,9170.28
1630,69,9169.44
1630,70,9280.55
1630,71,9280.18
1630,72,9204.37
1630,73,9359.31
1630,74,9197.04
1630,75,9224.86
1630,76,9208.51
1630,77,9156.36
1630,78,9375.33
1630,79,9231.73
1630,80,9331.48
1630,81,9279.48
1630,82,9329
1630,83,9190.99
1630,84,9355.12
1630,85,9270.93
1630,86,9206.13
1630,87,9236.78
1630,88,9329.18
1630,89,9288.78
1630,90,9270.64
1630,91,9127.68
1630,92,9167.32
1630,93,9308.65
1630,94,9340.33
1630,95,9293.87
1630,96,9175.96
1630,97,9171.53
1630,98,9199.74
1630,99,9254.24
1640,0,9333.35
1640,1,9163.43
1640,2,9260.8
1640,3,9298.84
1640,4,9259.13
1640,5,9324.7
1640,6,9226.35
1640,7,9251.08
1640,8,9250.92
1640,9,9139.15
1640,10,9287.35
1640,11,9239.72
1640,12,9164.25
1640,13,9176.99
1640,14,9244.34
1640,15,9260.25
1640,16,9275.7
1640,17,9345.7
1640,18,9203.07
1640,19,9253.32
1640,20,9296.35
1640,21,9119.31
1640,22,9303.47
1640,23,9270.58
1640,24,9239.96
1640,25,9153.81
1640,26,9217.74
1640,27,9282.85
1640,28,9173.8
1640,29,9176.02
1640,30,9241.82
1640,31,9271.42
1640,32,9248.55
1640,33,9179.94
1640,34,9227.67
1640,35,9284.96
1640,36,9109.27
1640,37,9271.52
1640,38,9264.33
1640,39,9131.89
1640,40,9299.09
1640,41,9180.59
1640,42,9120.47
1640,43,9325.66
1640,44,9263.25
1640,45,9232.61
1640,46,9225.57
1640,47,9341.81
1640,48,9211.48
1640,49,9248.23
1640,50,9176.89
1640,51,9257.91
1640,52,9200.92
1640,53,9238.42
1640,54,9354.65
1640,55,9254.03
1640,56,9329.57
1640,57,9364.72
1640,58,9167.78
1640,59,9249.49
1640,60,9123.73
1640,61,9236.04
1640,62,9299.09
1640,63,9145.98
1640,64,9224.05
1640,65,9166.12
1640,66,9306.26
1640,67,9184.26
1640,68,9169.98
1640,69,9169.14
1640,70,9280.25
1640,71,9279.88
1640,72,9204.07
1640,73,9359.01
1640,74,9196.74
1640,75,9224.56
1640,76,9208.21
1640,77,9156.06
1640,78,9375.03
1640,79,9231.43
1640,80,9331.18
1640,81,9279.18
1640,82,9328.7
1640,83,9190.69
1640,84,9354.82
1640,85,9270.63
1640,86,9205.83
1640,87,9236.48
1640,88,9328.88
1640,89,9288.48
1640,90,9270.34
1640,91,9127.38
1640,92,9167.02
1640,93,9308.35
1640,94,9340.03
1640,95,9293.57
1640,96,9175.66
1640,97,9171.23
1640,98,9199.44
1640,99,9253.94
1650,0,9326.07
1650,1,9156.31
1650,2,9251.9
1650,3,9288.25
1650,4,9253.49
1650,5,9315.79
1650,6,9220.08
1650,7,9244.33
1650,8,9243.87
1650,9,9132.86
1650,10,9277.18
1650,11,9232.29
1650,12,9158.55
1650,13,9167.17
1650,14,9237.16
1650,15,9251.63
1650,16,9266.61
1650,17,9337.75
1650,18,9195.71
1650,19,9243.85
1650,20,9289.52
1650,21,9111.73
1650,22,9294.65
1650,23,9262.89
1650,24,9233.28
1650,25,9147.42
1650,26,9209.25
1650,27,9276.3
1650,28,9166.53
1650,29,9171.82
1650,30,9232.83
1650,31,9261.22
1650,32,9241.11
1650,33,9172.93
1650,34,9218.78
1650,35,9276.82
1650,36,9102.43
1650,37,9262.76
1650,38,9255.59
1650,39,9124.07
1650,40,9291.34
1650,41,9173.51
1650,42,9115.07
1650,43,9318.01
1650,44,9254.71
1650,45,9225.79
1650,46,9220.98
1650,47,9333.18
1650,48,9204.91
1650,49,9241.56
1650,50,9167.57
1650,51,9247.82
1650,52,9195.76
1650,53,9233.91
1650,54,9346.14
1650,55,9241.34
1650,56,9321.96
1650,57,9357.04
1650,58,9160.39
1650,59,9240.78
1650,60,9116.72
1650,61,9229.91
1650,62,9290.27
1650,63,9139.53
1650,64,9219.79
1650,65,9160.18
1650,66,9300.54
1650,67,9176.22
1650,68,9162.8
1650,69,9162.9
1650,70,9273.15
1650,71,9274.19
1650,72,9196.21
1650,73,9349.12
1650,74,9192.34
1650,75,9216.93
1650,76,9201.59
1650,77,9149.02
1650,78,9365.28
1650,79,9225.02
1650,80,9324.47
1650,81,9273.99
1650,82,9318.16
1650,83,9184.09
1650,84,9347.9
1650,85,9264.67
1650,86,9199.15
1650,87,9231.08
1650,88,9322.55
1650,89,9280.06
1650,90,9261.88
1650,91,9118.08
1650,92,9159.4
1650,93,9299.91
1650,94,9329.81
1650,95,9287.34
1650,96,9169.88
1650,97,9164.18
1650,98,9190.29
1650,99,9245.88
1660,0,9314.57
1660,1,9144.87
1660,2,9246.57
1660,3,9279.3
1660,4,9240.65
1660,5,9305.69
1660,6,9208.86
1660,7,9235.19
1660,8,9235.52
1660,9,9117.65
1660,10,9269.06
1660,11,9222.82
1660,12,9144.3
1660,13,9159.51
1660,14,9227.88
1660,15,9242.64
1660,16,9256.2
1660,17,9329.11
1660,18,9188
1660,19,9239.79
1660,20,9282.28
1660,21,9098.47
1660,22,9289.56
1660,23,9255.67
1660,24,9222.31
1660,25,9134.57
1660,26,9198.25
1660,27,9268
1660,28,9157.41
1660,29,9154.52
1660,30,9227.31
1660,31,9254.49
1660,32,9233.85
1660,33,9158.15
1660,34,9210.83
1660,35,9268.72
1660,36,9088.04
1660,37,9256.25
1660,38,9245.78
1660,39,9109.9
1660,40,9284.11
1660,41,9163.05
1660,42,9100.78
1660,43,9311.75
1660,44,9247.16
1660,45,9214.59
1660,46,9209.92
1660,47,9329.25
1660,48,9190.93
1660,49,9232.74
1660,50,9157.71
1660,51,9240.35
1660,52,9184.12
1660,53,9222.91
1660,54,9338.81
1660,55,9236.26
1660,56,9316.91
1660,57,9352.29
1660,58,9147.36
1660,59,9231.59
1660,60,9104.76
1660,61,9223.72
1660,62,9284.48
1660,63,9123.57
1660,64,9207.07
1660,65,9145.91
1660,66,9291.66
1660,67,9163.96
1660,68,9150.63
1660,69,9150.96
1660,70,9261.85
1660,71,9261.02
1660,72,9184.77
1660,73,9342.88
1660,74,9183.14
1660,75,9206.79
1660,76,9187.57
1660,77,9133.17
1660,78,9358.04
1660,79,9212.5
1660,80,9316.86
1660,81,9265.5
1660,82,9313.93
1660,83,9172.38
1660,84,9342.09
1660,85,9256.09
1660,86,9185.71
1660,87,9219.2
1660,88,9315.22
1660,89,9271.18
1660,90,9253.1
1660,91,9108.65
1660,92,9149.29
1660,93,9291.53
1660,94,9319.01
1660,95,9274.66
1660,96,9155.43
1660,97,9151.89
1660,98,9181.44
1660,99,9239.29
1670,0,9314.27
1670,1,9144.57
1670,2,9246.27
1670,3,9279
1670,4,9240.35
1670,5,9305.39
1670,6,9208.56
1670,7,9234.89
1670,8,9235.22
1670,9,9117.35
1670,10,9268.76
1670,11,9222.52
1670,12,9144
1670,13,9159.21
1670,14,9227.58
1670,15,9242.34
1670,16,9255.9
1670,17,9328.81
1670,18,9187.7
1670,19,9239.49
1670,20,9281.98
1670,21,9098.17
1670,22,9289.26
1670,23,9255.37
1670,24,9222.01
1670,25,9134.27
1670,26,9197.95
1670,27,9267.7
1670,28,9157.11
1670,29,9154.22
1670,30,9227.01
1670,31,9254.19
1670,32,9233.55
1670,33,9157.85
1670,34,9210.53
1670,35,9268.42
1670,36,9087.74
1670,37,9255.95
1670,38,9245.48
1670,39,9109.6
1670,40,9283.81
1670,41,9162.75
1670,42,9100.48
1670,43,9311.45
1670,44,9246.86
1670,45,9214.29
1670,46,9209.62
1670,47,9328.95
1670,48,9190.63
1670,49,9232.44
1670,50,9157.41
1670,51,9240.05
1670,52,9183.82
1670,53,9222.61
1670,54,9338.51
1670,55,9235.96
1670,56,9316.61
1670,57,9351.99
1670,58,9147.06
1670,59,9231.29
1670,60,9104.46
1670,61,9223.42
1670,62,9284.18
1670,63,9123.27
1670,64,9206.77
1670,65,9145.61
1670,66,9291.36
1670,67,9163.66
1670,68,9150.33
1670,69,9150.66
1670,70,9261.55
1670,71,9260.72
1670,72,9184.47
1670,73,9342.58
1670,74,9182.84
1670,75,9206.49
1670,76,9187.27
1670,77,9132.87
1670,78,9357.74
1670,79,9212.2
1670,80,9316.56
1670,81,9265.2
1670,82,9313.63
1670,83,9172.08
1670,84,9341.79
1670,85,9255.79
1670,86,9185.41
1670,87,9218.9
1670,88,9314.92
1670,89,9270.88
1670,90,9252.8
1670,91,9108.35
1670,92,9148.99
1670,93,9291.23
1670,94,9318.71
1670,95,9274.36
1670,96,9155.13
1670,97,9151.59
1670,98,9181.14
1670,99,9238.99
1680,0,9307.06
1680,1,9140.29
1680,2,9239.69
1680,3,9272.44
1680,4,9234.72
1680,5,9298.64
1680,6,9202.29
1680,7,9229
1680,8,9229.37
1680,9,9110.96
1680,10,9263.17
1680,11,9215.87
1680,12,9138.31
1680,13,9152.59
1680,14,9220.29
1680,15,9236
1680,16,9248.53
1680,17,9324.6
1680,18,9182.6
1680,19,9232.1
1680,20,9275.97
1680,21,9093.09
1680,22,9285.98
1680,23,9250.69
1680,24,9216.02
1680,25,9128.16
1680,26,9193.57
1680,27,9260.92
1680,28,9151.76
1680,29,9149.91
1680,30,9222.46
1680,31,9248.43
1680,32,9227.19
1680,33,9153.48
1680,34,9205.57
1680,35,9264.58
1680,36,9080.93
1680,37,9248.21
1680,38,9237.7
1680,39,9104.77
1680,40,9277.56
1680,41,9157.86
1680,42,9094.68
1680,43,9303.8
1680,44,9239.08
1680,45,9209.63
1680,46,9204.94
1680,47,9322.03
1680,48,9185.04
1680,49,9226.42
1680,50,9153.23
1680,51,9234.15
1680,52,9177.96
1680,53,9215.97
1680,54,9331.99
1680,55,9232
1680,56,9311.21
1680,57,9345.3
1680,58,9139.59
1680,59,9226.19
1680,60,9100.28
1680,61,9219.94
1680,62,9280.91
1680,63,9118.39
1680,64,9202.6
1680,65,9139.62
1680,66,9285.67
1680,67,9161.6
1680,68,9144.63
1680,69,9144.3
1680,70,9254.99
1680,71,9254.97
1680,72,9177.62
1680,73,9336.88
1680,74,9177.6
1680,75,9199.66
1680,76,9181.59
1680,77,9128.16
1680,78,9352.88
1680,79,9206.94
1680,80,9311.56
1680,81,9260.14
1680,82,9304.67
1680,83,9170.21
1680,84,9335.07
1680,85,9251.29
1680,86,9178.94
1680,87,9213.42
1680,88,9309.91
1680,89,9263.26
1680,90,9245.68
1680,91,9103.52
1680,92,9144.52
1680,93,9282.71
1680,94,9311.91
1680,95,9267.87
1680,96,9147.16
1680,97,9148.98
1680,98,9177.1
1680,99,9235.04
1690,0,9301.67
1690,1,9130.62
1690,2,9234.11
1690,3,9263.69
1690,4,9226.32
1690,5,9292.48
1690,6,9195.46
1690,7,9222
1690,8,9223.39
1690,9,9103.66
1690,10,9255.91
1690,11,9208.69
1690,12,9131.13
1690,13,9144.2
1690,14,9215.62
1690,15,9229.57
1690,16,9243.88
1690,17,9315.21
1690,18,9174.59
1690,19,9227.91
1690,20,9270.37
1690,21,9078.8
1690,22,9277.92
1690,23,9240.94
1690,24,9207.57
1690,25,9120.12
1690,26,9182.58
1690,27,9255.9
1690,28,9139.99
1690,29,9137.73
1690,30,9215.61
1690,31,9241.75
1690,32,9221.9
1690,33,9141.34
1690,34,9197.77
1690,35,9254.29
1690,36,9071.27
1690,37,9244.46
1690,38,9234.97
1690,39,9092.54
1690,40,9271.84
1690,41,9147.39
1690,42,9083.47
1690,43,9300.18
1690,44,9234.1
1690,45,9200.32
1690,46,9195.79
1690,47,9315.2
1690,48,9175.3
1690,49,9220.09
1690,50,9141.9
1690,51,9226
1690,52,9170.99
1690,53,9206.01
1690,54,9326.51
1690,55,9218.85
1690,56,9304.95
1690,57,9342.92
1690,58,9131.33
1690,59,9217.7
1690,60,9089.1
1690,61,9211.72
1690,62,9272.42
1690,63,9104.59
1690,64,9193.2
1690,65,9129.49
1690,66,9279.39
1690,67,9150.88
1690,68,9133.78
1690,69,9137.92
1690,70,9245.52
1690,71,9247.55
1690,72,9171.62
1690,73,9329
1690,74,9167.28
1690,75,9192.41
1690,76,9172.4
1690,77,9113.69
1690,78,9345.09
1690,79,9198.22
1690,80,9304.42
1690,81,9253.29
1690,82,9301.29
1690,83,9156.11
1690,84,9329.06
1690,85,9243.96
1690,86,9170.07
1690,87,9204.52
1690,88,9300.82
1690,89,9257.8
1690,90,9240.83
1690,91,9091.24
1690,92,9133.75
1690,93,9274.59
1690,94,9304.76
1690,95,9261.01
1690,96,9139.93
1690,97,9134.83
1690,98,9166.93
1690,99,9226.51
1700,0,9301.37
1700,1,9130.32
1700,2,9233.81
1700,3,9263.39
1700,4,9226.02
1700,5,9292.18
1700,6,9195.16
1700,7,9221.7
1700,8,9223.09
1700,9,9103.36
1700,10,9255.61
1700,11,9208.39
1700,12,9130.83
1700,13,9143.9
1700,14,9215.32
1700,15,9229.27
1700,16,9243.58
1700,17,9314.91
1700,18,9174.29
1700,19,9227.61
1700,20,9270.07
1700,21,9078.5
1700,22,9277.62
1700,23,9240.64
1700,24,9207.27
1700,25,9119.82
1700,26,9182.28
1700,27,9255.6
1700,28,9139.69
1700,29,9137.43
1700,30,9215.31
1700,31,9241.45
1700,32,9221.6
1700,33,9141.04
1700,34,9197.47
1700,35,9253.99
1700,36,9070.97
1700,37,9244.16
1700,38,9234.67
1700,39,9092.24
1700,40,9271.54
1700,41,9147.09
1700,42,9083.17
1700,43,9299.88
1700,44,9233.8
1700,45,9200.02
1700,46,9195.49
1700,47,9314.9
1700,48,9175
1700,49,9219.79
1700,50,9141.6
1700,51,9225.7
1700,52,9170.69
1700,53,9205.71
1700,54,9326.21
1700,55,9218.55
1700,56,9304.65
1700,57,9342.62
1700,58,9131.03
1700,59,9217.4
1700,60,9088.8
1700,61,9211.42
1700,62,9272.12
1700,63,9104.29
1700,64,9192.9
1700,65,9129.19
1700,66,9279.09
1700,67,9150.58
1700,68,9133.48
1700,69,9137.62
1700,70,9245.22
1700,71,9247.25
1700,72,9171.32
1700,73,9328.7
1700,74,9166.98
1700,75,9192.11
1700,76,9172.1
1700,77,9113.39
1700,78,9344.79
1700,79,9197.92
1700,80,9304.12
1700,81,9252.99
1700,82,9300.99
1700,83,9155.81
1700,84,9328.76
1700,85,9243.66
1700,86,9169.77
1700,87,9204.22
1700,88,9300.52
1700,89,9257.5
1700,90,9240.53
1700,91,9090.94
1700,92,9133.45
1700,93,9274.29
1700,94,9304.46
1700,95,9260.71
1700,96,9139.63
1700,97,9134.53
1700,98,9166.63
1700,99,9226.21
1710,0,9298.74
1710,1,9126.19
1710,2,9229.59
1710,3,9261.22
1710,4,9222.28
1710,5,9289.65
1710,6,9191.1
1710,7,9218.05
1710,8,9219.11
1710,9,9101.54
1710,10,9254.64
1710,11,9204.66
1710,12,9125.18
1710,13,9140.07
1710,14,9211.8
1710,15,9226.82
1710,16,9241.11
1710,17,9310.55
1710,18,9169.21
1710,19,9223.76
1710,20,9267.61
1710,21,9076
1710,22,9274.15
1710,23,9237.91
1710,24,9204.21
1710,25,9115.3
1710,26,9181.98
1710,27,9252.76
1710,28,9136.43
1710,29,9133.03
1710,30,9211.18
1710,31,9237.8
1710,32,9216.41
1710,33,9140.74
1710,34,9194.07
1710,35,9251.46
1710,36,9067.98
1710,37,9241.59
1710,38,9231.61
1710,39,9091.94
1710,40,9265.84
1710,41,9146.79
1710,42,9080.69
1710,43,9296.27
1710,44,9230.1
1710,45,9198.81
1710,46,9192.14
1710,47,9312.26
1710,48,9173.38
1710,49,9217.23
1710,50,9137.39
1710,51,9223.13
1710,52,9164.68
1710,53,9202.42
1710,54,9321.76
1710,55,9214.57
1710,56,9299.9
1710,57,9339.2
1710,58,9127.36
1710,59,9213.73
1710,60,9087.13
1710,61,9207.84
1710,62,9268.62
1710,63,9099.45
1710,64,9189.82
1710,65,9125.93
1710,66,9274.76
1710,67,9150.28
1710,68,9133.18
1710,69,9131.4
1710,70,9242.11
1710,71,9243.81
1710,72,9169.72
1710,73,9326.37
1710,74,9163.63
1710,75,9188.41
1710,76,9167.89
1710,77,9110.85
1710,78,9340.91
1710,79,9193.57
1710,80,9299.14
1710,81,9249.22
1710,82,9295.4
1710,83,9155.51
1710,84,9323.17
1710,85,9239.17
1710,86,9165.23
1710,87,9203.92
1710,88,9296.85
1710,89,9255.78
1710,90,9237.96
1710,91,9088.03
1710,92,9130.26
1710,93,9268.84
1710,94,9300.96
1710,95,9258.16
1710,96,9135.14
1710,97,9134.23
1710,98,9162.58
1710,99,9222.27
1720,0,9288.89
1720,1,9116.9
1720,2,9222.78
1720,3,9248.13
1720,4,9212.05
1720,5,9279.18
1720,6,9182.16
1720,7,9209.55
1720,8,9211.51
1720,9,9089.66
1720,10,9241.41
1720,11,9194.76
1720,12,9117.93
1720,13,9131
1720,14,9200.92
1720,15,9216.55
1720,16,9230.73
1720,17,9299.8
1720,18,9162.13
1720,19,9216.64
1720,20,9259.03
1720,21,9063.33
1720,22,9266.33
1720,23,9227.16
1720,24,9193.91
1720,25,9105.9
1720,26,9167.04
1720,27,9243.83
1720,28,9123.08
1720,29,9120.59
1720,30,9201.25
1720,31,9227.13
1720,32,9207.75
1720,33,9125.35
1720,34,9184.93
1720,35,9240.28
1720,36,9054.72
1720,37,9233.77
1720,38,9220.4
1720,39,9076.05
1720,40,9260.68
1720,41,9134.88
1720,42,9067.66
1720,43,9287.39
1720,44,9221.32
1720,45,9186.19
1720,46,9183.02
1720,47,9302.08
1720,48,9163
1720,49,9207.71
1720,50,9125.82
1720,51,9211.61
1720,52,9158.01
1720,53,9192.22
1720,54,9313.73
1720,55,9203.38
1720,56,9294.8
1720,57,9332.86
1720,58,9116.87
1720,59,9204.14
1720,60,9073.47
1720,61,9200.24
1720,62,9260.75
1720,63,9090.57
1720,64,9179.89
1720,65,9114.18
1720,66,9267.17
1720,67,9136.84
1720,68,9120.54
1720,69,9121.18
1720,70,9230.62
1720,71,9234.28
1720,72,9158.5
1720,73,9315.51
1720,74,9153.81
1720,75,9178.43
1720,76,9160.44
1720,77,9098.71
1720,78,9330.39
1720,79,9183.85
1720,80,9291.84
1720,81,9241.19
1720,82,9290.19
1720,83,9143.51
1720,84,9317.84
1720,85,9233.31
1720,86,9156.13
1720,87,9189.9
1720,88,9288.37
1720,89,9245.05
1720,90,9228.27
1720,91,9074.21
1720,92,9119.45
1720,93,9260.83
1720,94,9288.9
1720,95,9247.98
1720,96,9123.81
1720,97,9121.37
1720,98,9152.43
1720,99,9213.98
1730,0,9288.59
1730,1,9116.6
1730,2,9222.48
1730,3,9247.83
1730,4,9211.75
1730,5,9278.88
1730,6,9181.86
1730,7,9209.25
1730,8,9211.21
1730,9,9089.36
1730,10,9241.11
1730,11,9194.46
1730,12,9117.63
1730,13,9130.7
1730,14,9200.62
1730,15,9216.25
1730,16,9230.43
1730,17,9299.5
1730,18,9161.83
1730,19,9216.34
1730,20,9258.73
1730,21,9063.03
1730,22,9266.03
1730,23,9226.86
1730,24,9193.61
1730,25,9105.6
1730,26,9166.74
1730,27,9243.53
1730,28,9122.78
1730,29,9120.29
1730,30,9200.95
1730,31,9226.83
1730,32,9207.45
1730,33,9125.05
1730,34,9184.63
1730,35,9239.98
1730,36,9054.42
1730,37,9233.47
1730,38,9220.1
1730,39,9075.75
1730,40,9260.38
1730,41,9134.58
1730,42,9067.36
1730,43,9287.09
1730,44,9221.02
1730,45,9185.89
1730,46,9182.72
1730,47,9301.78
1730,48,9162.7
1730,49,9207.41
1730,50,9125.52
1730,51,9211.31
1730,52,9157.71
1730,53,9191.92
1730,54,9313.43
1730,55,9203.08
1730,56,9294.5
1730,57,9332.56
1730,58,9116.57
1730,59,9203.84
1730,60,9073.17
1730,61,9199.94
1730,62,9260.45
1730,63,9090.27
1730,64,9179.59
1730,65,9113.88
1730,66,9266.87
1730,67,9136.54
1730,68,9120.24
1730,69,9120.88
1730,70,9230.32
1730,71,9233.98
1730,72,9158.2
1730,73,9315.21
1730,74,9153.51
1730,75,9178.13
1730,76,9160.14
1730,77,9098.41
1730,78,9330.09
1730,79,9183.55
1730,80,9291.54
1730,81,9240.89
1730,82,9289.89
1730,83,9143.21
1730,84,9317.54
1730,85,9233.01
1730,86,9155.83
1730,87,9189.6
1730,88,9288.07
1730,89,9244.75
1730,90,9227.97
1730,91,9073.91
1730,92,9119.15
1730,93,9260.53
1730,94,9288.6
1730,95,9247.68
1730,96,9123.51
1730,97,9121.07
1730,98,9152.13
1730,99,9213.68
1740,0,9287.39
1740,1,9114.34
1740,2,9221.4
1740,3,9246.62
1740,4,9211.45
1740,5,9276.31
1740,6,9181.56
1740,7,9208.95
1740,8,9210.91
1740,9,9087.55
1740,10,9240.19
1740,11,9194.16
1740,12,9116.04
1740,13,9128.78
1740,14,9200.32
1740,15,9213.81
1740,16,9228
1740,17,9298.25
1740,18,9160.09
1740,19,9214.6
1740,20,9256.27
1740,21,9061.66
1740,22,9265.73
1740,23,9226.56
1740,24,9193.31
1740,25,9105.3
1740,26,9166.44
1740,27,9240.68
1740,28,9120.26
1740,29,9119.99
1740,30,9199.86
1740,31,9224.53
1740,32,9207.15
1740,33,9124.75
1740,34,9184.33
1740,35,9239.68
1740,36,9053.31
1740,37,9232.79
1740,38,9219.8
1740,39,9075.45
1740,40,9258.49
1740,41,9134.28
1740,42,9064.85
1740,43,9285.47
1740,44,9220.72
1740,45,9185.59
1740,46,9182.36
1740,47,9298.9
1740,48,9162.4
1740,49,9207.11
1740,50,9124.26
1740,51,9208.7
1740,52,9155.9
1740,53,9191.62
1740,54,9311.73
1740,55,9200.57
1740,56,9294.14
1740,57,9331.88
1740,58,9116.27
1740,59,9203.54
1740,60,9071.48
1740,61,9199.64
1740,62,9260.15
1740,63,9088.36
1740,64,9179.29
1740,65,9113.58
1740,66,9266.51
1740,67,9136.24
1740,68,9119.94
1740,69,9118.66
1740,70,9228.27
1740,71,9233.68
1740,72,9157.9
1740,73,9312.89
1740,74,9153.21
1740,75,9177.83
1740,76,9159.84
1740,77,9096.88
1740,78,9328.12
1740,79,9183.25
1740,80,9291.24
1740,81,9240.59
1740,82,9287.94
1740,83,9142.91
1740,84,9315.17
1740,85,9230.29
1740,86,9155.53
1740,87,9189.3
1740,88,9287.77
1740,89,9243.08
1740,90,9225.47
1740,91,9073.61
1740,92,9118.85
1740,93,9258.87
1740,94,9288.23
1740,95,9245.12
1740,96,9121.24
1740,97,9120.77
1740,98,9150.44
1740,99,9213.38
1750,0,9275.96
1750,1,9102.92
1750,2,9211.58
1750,3,9231.89
1750,4,9196.75
1750,5,9265.39
1750,6,9170.09
1750,7,9196.39
1750,8,9199.6
1750,9,9071.87
1750,10,9226.92
1750,11,9180.96
1750,12,9103.41
1750,13,9117.11
1750,14,9187.83
1750,15,9203.53
1750,16,9217.52
1750,17,9287.06
1750,18,9150.16
1750,19,9204.44
1750,20,9245.07
1750,21,9046.12
1750,22,9255.3
1750,23,9214.89
1750,24,9179.83
1750,25,9089.82
1750,26,9151.65
1750,27,9229.59
1750,28,9107.22
1750,29,9104.94
1750,30,9189.55
1750,31,9215.61
1750,32,9197.48
1750,33,9108.56
1750,34,9171.97
1750,35,9227.88
1750,36,9038.42
1750,37,9221.7
1750,38,9205.37
1750,39,9060.77
1750,40,9246.34
1750,41,9116.88
1750,42,9054.46
1750,43,9273.86
1750,44,9209.46
1750,45,9172.55
1750,46,9170.33
1750,47,9291.97
1750,48,9151.21
1750,49,9193.75
1750,50,9109.36
1750,51,9199.93
1750,52,9145.28
1750,53,9180.08
1750,54,9298.84
1750,55,9187.13
1750,56,9282.87
1750,57,9321.19
1750,58,9102.42
1750,59,9191.58
1750,60,9060.64
1750,61,9189.59
1750,62,9250.33
1750,63,9073.69
1750,64,9166.86
1750,65,9099.69
1750,66,9255.91
1750,67,9122.69
1750,68,9107.99
1750,69,9106.77
1750,70,9216.36
1750,71,9218.23
1750,72,9146
1750,73,9303.99
1750,74,9140.42
1750,75,9164.44
1750,76,9149.06
1750,77,9081.34
1750,78,9314.36
1750,79,9171.24
1750,80,9278.93
1750,81,9229.32
1750,82,9275.19
1750,83,9130.85
1750,84,9307.56
1750,85,9221.91
1750,86,9142.8
1750,87,9176.15
1750,88,9276.12
1750,89,9233.59
1750,90,9215.65
1750,91,9058.84
1750,92,9106.14
1750,93,9247.92
1750,94,9271.53
1750,95,9232.38
1750,96,9109.29
1750,97,9107.77
1750,98,9137.94
1750,99,9202.81
1760,0,9275.66
1760,1,9102.62
1760,2,9211.28
1760,3,9231.59
1760,4,9196.45
1760,5,9265.09
1760,6,9169.79
1760,7,9196.09
1760,8,9199.3
1760,9,9071.57
1760,10,9226.62
1760,11,9180.66
1760,12,9103.11
1760,13,9116.81
1760,14,9187.53
1760,15,9203.23
1760,16,9217.22
1760,17,9286.76
1760,18,9149.86
1760,19,9204.14
1760,20,9244.77
1760,21,9045.82
1760,22,9255
1760,23,9214.59
1760,24,9179.53
1760,25,9089.52
1760,26,9151.35
1760,27,9229.29
1760,28,9106.92
1760,29,9104.64
1760,30,9189.25
1760,31,9215.31
1760,32,9197.18
1760,33,9108.26
1760,34,9171.67
1760,35,9227.58
1760,36,9038.12
1760,37,9221.4
1760,38,9205.07
1760,39,9060.47
1760,40,9246.04
1760,41,9116.58
1760,42,9054.16
1760,43,9273.56
1760,44,9209.16
1760,45,9172.25
1760,46,9170.03
1760,47,9291.67
1760,48,9150.91
1760,49,9193.45
1760,50,9109.06
1760,51,9199.63
1760,52,9144.98
1760,53,9179.78
1760,54,9298.54
1760,55,9186.83
1760,56,9282.57
1760,57,9320.89
1760,58,9102.12
1760,59,9191.28
1760,60,9060.34
1760,61,9189.29
1760,62,9250.03
1760,63,9073.39
1760,64,9166.56
1760,65,9099.39
1760,66,9255.61
1760,67,9122.39
1760,68,9107.69
1760,69,9106.47
1760,70,9216.06
1760,71,9217.93
1760,72,9145.7
1760,73,9303.69
1760,74,9140.12
1760,75,9164.14
1760,76,9148.76
1760,77,9081.04
1760,78,9314.06
1760,79,9170.94
1760,80,9278.63
1760,81,9229.02
1760,82,9274.89
1760,83,9130.55
1760,84,9307.26
1760,85,9221.61
1760,86,9142.5
1760,87,9175.85
1760,88,9275.82
1760,89,9233.29
1760,90,9215.35
1760,91,9058.54
1760,92,9105.84
1760,93,9247.62
1760,94,9271.23
1760,95,9232.08
1760,96,9108.99
1760,97,9107.47
1760,98,9137.64
1760,99,9202.51
1770,0,9275.36
1770,1,9102.32
1770,2,9210.98
1770,3,9231.29
1770,4,9196.15
1770,5,9264.79
1770,6,9169.49
1770,7,9195.79
1770,8,9199
1770,9,9071.27
1770,10,9226.32
1770,11,9180.36
1770,12,9102.81
1770,13,9116.51
1770,14,9187.23
1770,15,9202.93
1770,16,9216.92
1770,17,9286.4
1770,18,9149.56
1770,19,9203.84
1770,20,9244.47
1770,21,9045.52
1770,22,9254.7
1770,23,9214.29
1770,24,9179.23
1770,25,9089.22
1770,26,9151.05
1770,27,9228.99
1770,28,9106.62
1770,29,9104.34
1770,30,9188.95
1770,31,9215.01
1770,32,9196.88
1770,33,9107.96
1770,34,9171.37
1770,35,9227.28
1770,36,9037.82
1770,37,9220.8
1770,38,9204.77
1770,39,9060.17
1770,40,9245.74
1770,41,9116.28
1770,42,9053.31
1770,43,9273.26
1770,44,9208.86
1770,45,9171.95
1770,46,9169.73
1770,47,9291.37
1770,48,9150.61
1770,49,9193.15
1770,50,9108.76
1770,51,9199.33
1770,52,9144.68
1770,53,9179.48
1770,54,9298.24
1770,55,9186.53
1770,56,9282.27
1770,57,9320.29
1770,58,9101.82
1770,59,9190.98
1770,60,9059.98
1770,61,9188.99
1770,62,9249.73
1770,63,9073.09
1770,64,9166.26
1770,65,9099.09
1770,66,9255.31
1770,67,9122.09
1770,68,9107.39
1770,69,9106.17
1770,70,9215.76
1770,71,9217.63
1770,72,9145.4
1770,73,9303.39
1770,74,9139.82
1770,75,9163.84
1770,76,9148.46
1770,77,9080.74
1770,78,9313.76
1770,79,9170.64
1770,80,9278.33
1770,81,9228.72
1770,82,9274.59
1770,83,9130.25
1770,84,9306.96
1770,85,9221.31
1770,86,9142.2
1770,87,9175.55
1770,88,9275.52
1770,89,9232.99
1770,90,9215.05
1770,91,9058.24
1770,92,9105.54
1770,93,9247.32
1770,94,9270.93
1770,95,9231.78
1770,96,9108.69
1770,97,9107.17
1770,98,9137.27
1770,99,9202.21
1780,0,9262.16
1780,1,9089.21
1780,2,9200.51
1780,3,9219.9
1780,4,9185.95
1780,5,9249.91
1780,6,9158.86
1780,7,9183.05
1780,8,9187.36
1780,9,9054.78
1780,10,9214.45
1780,11,9166.44
1780,12,9086.27
1780,13,9104.35
1780,14,9174.54
1780,15,9188.45
1780,16,9200.46
1780,17,9273.24
1780,18,9138.42
1780,19,9192.57
1780,20,9232.82
1780,21,9028.89
1780,22,9244.21
1780,23,9204.41
1780,24,9165.94
1780,25,9074.29
1780,26,9136.25
1780,27,9218.46
1780,28,9090.15
1780,29,9089.26
1780,30,9177.76
1780,31,9201.09
1780,32,9185.32
1780,33,9093.29
1780,34,9158.47
1780,35,9215.17
1780,36,9023.43
1780,37,9211.2
1780,38,9193.25
1780,39,9044.46
1780,40,9234.08
1780,41,9103.87
1780,42,9040.8
1780,43,9260.98
1780,44,9196.69
1780,45,9158.18
1780,46,9155.71
1780,47,9282.02
1780,48,9139.03
1780,49,9180
1780,50,9093.1
1780,51,9183.51
1780,52,9131.33
1780,53,9166.41
1780,54,9284.04
1780,55,9171.58
1780,56,9273.4
1780,57,9311.34
1780,58,9090.04
1780,59,9177.78
1780,60,9047.29
1780,61,9177.68
1780,62,9238.2
1780,63,9054.19
1780,64,9153.49
1780,65,9083.51
1780,66,9243.72
1780,67,9107.58
1780,68,9095.32
1780,69,9092.45
1780,70,9203.06
1780,71,9204.84
1780,72,9133.13
1780,73,9289.75
1780,74,9127.19
1780,75,9150.57
1780,76,9132.09
1780,77,9066.62
1780,78,9298.09
1780,79,9159.96
1780,80,9267.14
1780,81,9217.38
1780,82,9258.31
1780,83,9116.88
1780,84,9296.3
1780,85,9209.27
1780,86,9127.28
1780,87,9162.52
1780,88,9264.4
1780,89,9222.19
1780,90,9199.21
1780,91,9043.06
1780,92,9094.57
1780,93,9232.92
1780,94,9255.34
1780,95,9219
1780,96,9095.4
1780,97,9095.07
1780,98,9125.39
1780,99,9191.1
1790,0,9261.86
1790,1,9088.91
1790,2,9200.21
1790,3,9219.6
1790,4,9185.65
1790,5,9249.61
1790,6,9158.56
1790,7,9182.75
1790,8,9187.06
1790,9,9054.48
1790,10,9214.15
1790,11,9166.14
1790,12,9085.97
1790,13,9104.05
1790,14,9174.24
1790,15,9188.15
1790,16,9200.16
1790,17,9272.94
1790,18,9138.12
1790,19,9192.27
1790,20,9232.52
1790,21,9028.59
1790,22,9243.91
1790,23,9204.11
1790,24,9165.64
1790,25,9073.99
1790,26,9135.95
1790,27,9218.16
1790,28,9089.85
1790,29,9088.96
1790,30,9177.46
1790,31,9200.79
1790,32,9185.02
1790,33,9092.99
1790,34,9158.17
1790,35,9214.87
1790,36,9023.13
1790,37,9210.9
1790,38,9192.95
1790,39,9044.16
1790,40,9233.78
1790,41,9103.57
1790,42,9040.5
1790,43,9260.68
1790,44,9196.39
1790,45,9157.88
1790,46,9155.41
1790,47,9281.72
1790,48,9138.73
1790,49,9179.7
1790,50,9092.8
1790,51,9183.21
1790,52,9131.03
1790,53,9166.11
1790,54,9283.74
1790,55,9171.28
1790,56,9273.1
1790,57,9311.04
1790,58,9089.74
1790,59,9177.48
1790,60,9046.99
1790,61,9177.38
1790,62,9237.9
1790,63,9053.89
1790,64,9153.19
1790,65,9083.21
1790,66,9243.42
1790,67,9107.28
1790,68,9095.02
1790,69,9092.15
1790,70,9202.76
1790,71,9204.54
1790,72,9132.83
1790,73,9289.45
1790,74,9126.89
1790,75,9150.27
1790,76,9131.79
1790,77,9066.32
1790,78,9297.79
1790,79,9159.66
1790,80,9266.84
1790,81,9217.08
1790,82,9258.01
1790,83,9116.58
1790,84,9296
1790,85,9208.97
1790,86,9126.98
1790,87,9162.22
1790,88,9264.1
1790,89,9221.89
1790,90,9198.91
1790,91,9042.76
1790,92,9094.27
1790,93,9232.62
1790,94,9255.04
1790,95,9218.7
1790,96,9095.1
1790,97,9094.77
1790,98,9125.09
1790,99,9190.8
1800,0,9261.56
1800,1,9088.61
1800,2,9199.91
1800,3,9219.3
1800,4,9185.35
1800,5,9249.31
1800,6,9158.26
1800,7,9182.45
1800,8,9186.76
1800,9,9054.18
1800,10,9213.85
1800,11,9165.84
1800,12,9085.67
1800,13,9103.75
1800,14,9173.94
1800,15,9187.85
1800,16,9199.86
1800,17,9272.64
1800,18,9137.82
1800,19,9191.97
1800,20,9232.22
1800,21,9028.29
1800,22,9243.61
1800,23,9203.81
1800,24,9165.34
1800,25,9073.69
1800,26,9135.65
1800,27,9217.86
1800,28,9089.55
1800,29,9088.66
1800,30,9177.16
1800,31,9200.49
1800,32,9184.72
1800,33,9092.69
1800,34,9157.87
1800,35,9214.57
1800,36,9022.83
1800,37,9210.6
1800,38,9192.65
1800,39,9043.86
1800,40,9233.48
1800,41,9103.27
1800,42,9040.2
1800,43,9260.38
1800,44,9196.09
1800,45,9157.58
1800,46,9155.11
1800,47,9281.42
1800,48,9138.43
1800,49,9179.4
1800,50,9092.5
1800,51,9182.91
1800,52,9130.73
1800,53,9165.81
1800,54,9283.44
1800,55,9170.98
1800,56,9272.8
1800,57,9310.74
1800,58,9089.44
1800,59,9177.18
1800,60,9046.69
1800,61,9177.08
1800,62,9237.6
1800,63,9053.59
1800,64,9152.89
1800,65,9082.91
1800,66,9243.12
1800,67,9106.98
1800,68,9094.72
1800,69,9091.85
1800,70,9202.46
1800,71,9204.24
1800,72,9132.53
1800,73,9289.15
1800,74,9126.59
1800,75,9149.97
1800,76,9131.49
1800,77,9066.02
1800,78,9297.49
1800,79,9159.36
1800,80,9266.54
1800,81,9216.78
1800,82,9257.71
1800,83,9116.28
1800,84,9295.7
1800,85,9208.67
1800,86,9126.68
1800,87,9161.92
1800,88,9263.8
1800,89,9221.59
1800,90,9198.61
1800,91,9042.46
1800,92,9093.97
1800,93,9232.32
1800,94,9254.74
1800,95,9218.4
1800,96,9094.8
1800,97,9094.47
1800,98,9124.79
1800,99,9190.5
1810,0,9244.52
1810,1,9072.34
1810,2,9185.82
1810,3,9203.24
1810,4,9168.17
1810,5,9233.92
1810,6,9143.84
1810,7,9165.19
1810,8,9169.53
1810,9,9039.13
1810,10,9198.55
1810,11,9148.76
1810,12,9071.01
1810,13,9088.94
1810,14,9159.3
1810,15,9175.55
1810,16,9185.84
1810,17,9260.41
1810,18,9123.3
1810,19,9178.04
1810,20,9218.67
1810,21,9011.39
1810,22,9230.98
1810,23,9189.43
1810,24,9150.78
1810,25,9055.84
1810,26,9117.44
1810,27,9203.87
1810,28,9073
1810,29,9071.71
1810,30,9162.45
1810,31,9183.71
1810,32,9170.64
1810,33,9074.46
1810,34,9139.74
1810,35,9201.7
1810,36,9004.69
1810,37,9199.15
1810,38,9175.82
1810,39,9024.53
1810,40,9220.29
1810,41,9085.61
1810,42,9021.4
1810,43,9247.39
1810,44,9181.42
1810,45,9140.08
1810,46,9140.19
1810,47,9269.54
1810,48,9120.32
1810,49,9166.09
1810,50,9075.59
1810,51,9168.22
1810,52,9114.39
1810,53,9152.02
1810,54,9269.56
1810,55,9154.12
1810,56,9261.72
1810,57,9300.07
1810,58,9071.81
1810,59,9161.81
1810,60,9028.02
1810,61,9165.19
1810,62,9222.08
1810,63,9034.17
1810,64,9135.03
1810,65,9062.12
1810,66,9226.28
1810,67,9089.63
1810,68,9074.53
1810,69,9077.39
1810,70,9187.88
1810,71,9187.98
1810,72,9113.76
1810,73,9273.05
1810,74,9114.09
1810,75,9130.21
1810,76,9114.16
1810,77,9049.31
1810,78,9281.36
1810,79,9143.62
1810,80,9254.25
1810,81,9204.43
1810,82,9243.49
1810,83,9099.41
1810,84,9283.37
1810,85,9196.3
1810,86,9110.18
1810,87,9146.23
1810,88,9250.84
1810,89,9209.21
1810,90,9183.58
1810,91,9025.52
1810,92,9077.29
1810,93,9218.79
1810,94,9238.25
1810,95,9202.96
1810,96,9080.17
1810,97,9073.39
1810,98,9109.12
1810,99,9177.67
1820,0,9244.22
1820,1,9072.04
1820,2,9185.52
1820,3,9202.94
1820,4,9167.87
1820,5,9233.62
1820,6,9143.54
1820,7,9164.89
1820,8,9169.23
1820,9,9038.83
1820,10,9198.25
1820,11,9148.46
1820,12,9070.71
1820,13,9088.64
1820,14,9159
1820,15,9175.25
1820,16,9185.54
1820,17,9260.11
1820,18,9123
1820,19,9177.74
1820,20,9218.37
1820,21,9011.09
1820,22,9230.68
1820,23,9189.13
1820,24,9150.48
1820,25,9055.54
1820,26,9117.15
1820,27,9203.57
1820,28,9072.7
1820,29,9071.41
1820,30,9162.15
1820,31,9183.41
1820,32,9170.34
1820,33,9074.18
1820,34,9139.44
1820,35,9201.4
1820,36,9004.39
1820,37,9198.85
1820,38,9175.52
1820,39,9024.24
1820,40,9219.99
1820,41,9085.31
1820,42,9021.1
1820,43,9247.09
1820,44,9181.12
1820,45,9139.78
1820,46,9139.89
1820,47,9269.24
1820,48,9120.02
1820,49,9165.79
1820,50,9075.29
1820,51,9167.92
1820,52,9114.09
1820,53,9151.72
1820,54,9269.26
1820,55,9153.82
1820,56,9261.42
1820,57,9299.77
1820,58,9071.51
1820,59,9161.51
1820,60,9027.72
1820,61,9164.89
1820,62,9221.78
1820,63,9033.87
1820,64,9134.73
1820,65,9061.82
1820,66,9225.98
1820,67,9089.35
1820,68,9074.25
1820,69,9077.09
1820,70,9187.58
1820,71,9187.68
1820,72,9113.46
1820,73,9272.75
1820,74,9113.79
1820,75,9129.91
1820,76,9113.86
1820,77,9049.01
1820,78,9281.06
1820,79,9143.32
1820,80,9253.95
1820,81,9204.13
1820,82,9243.19
1820,83,9099.12
1820,84,9283.07
1820,85,9196
1820,86,9109.88
1820,87,9145.93
1820,88,9250.54
1820,89,9208.91
1820,90,9183.28
1820,91,9025.22
1820,92,9076.99
1820,93,9218.49
1820,94,9237.95
1820,95,9202.66
1820,96,9079.87
1820,97,9073.11
1820,98,9108.82
1820,99,9177.37
1830,0,9243.92
1830,1,9071.74
1830,2,9185.22
1830,3,9202.64
1830,4,9167.57
1830,5,9233.32
1830,6,9143.24
1830,7,9164.59
1830,8,9168.93
1830,9,9038.53
1830,10,9197.95
1830,11,9148.16
1830,12,9070.41
1830,13,9088.34
1830,14,9158.7
1830,15,9174.95
1830,16,9185.24
1830,17,9259.81
1830,18,9122.7
1830,19,9177.44
1830,20,9218.07
1830,21,9010.79
1830,22,9230.38
1830,23,9188.83
1830,24,9150.18
1830,25,9055.24
1830,26,9116.85
1830,27,9203.27
1830,28,9072.4
1830,29,9071.11
1830,30,9161.85
1830,31,9183.11
1830,32,9170.04
1830,33,9073.88
1830,34,9139.14
1830,35,9201.1
1830,36,9004.09
1830,37,9198.55
1830,38,9175.22
1830,39,9023.94
1830,40,9219.69
1830,41,9085.01
1830,42,9020.8
1830,43,9246.79
1830,44,9180.82
1830,45,9139.48
1830,46,9139.59
1830,47,9268.94
1830,48,9119.72
1830,49,9165.49
1830,50,9074.99
1830,51,9167.62
1830,52,9113.79
1830,53,9151.42
1830,54,9268.96
1830,55,9153.52
1830,56,9261.12
1830,57,9299.47
1830,58,9071.21
1830,59,9161.21
1830,60,9027.42
1830,61,9164.59
1830,62,9221.48
1830,63,9033.57
1830,64,9134.43
1830,65,9061.52
1830,66,9225.68
1830,67,9089.05
1830,68,9073.95
1830,69,9076.79
1830,70,9187.28
1830,71,9187.38
1830,72,9113.16
1830,73,9272.45
1830,74,9113.49
1830,75,9129.61
1830,76,9113.56
1830,77,9048.71
1830,78,9280.76
1830,79,9143.02
1830,80,9253.65
1830,81,9203.83
1830,82,9242.89
1830,83,9098.82
1830,84,9282.77
1830,85,9195.7
1830,86,9109.58
1830,87,9145.63
1830,88,9250.24
1830,89,9208.61
1830,90,9182.98
1830,91,9024.92
1830,92,9076.69
1830,93,9218.19
1830,94,9237.65
1830,95,9202.36
1830,96,9079.57
1830,97,9072.81
1830,98,9108.52
1830,99,9177.07
1840,0,9232.61
1840,1,9058.45
1840,2,9175.38
1840,3,9192.43
1840,4,9156.34
1840,5,9222.53
1840,6,9133.15
1840,7,9150.92
1840,8,9158.29
1840,9,9023.81
1840,10,9187.76
1840,11,9134.28
1840,12,9060.28
1840,13,9075.46
1840,14,9146.53
1840,15,9165
1840,16,9174.88
1840,17,9249.54
1840,18,9112.48
1840,19,9165.58
1840,20,9208.77
1840,21,8994.57
1840,22,9222.09
1840,23,9179.09
1840,24,9135.95
1840,25,9045.58
1840,26,9102.27
1840,27,9194.25
1840,28,9057.62
1840,29,9055
1840,30,9150.71
1840,31,9172.41
1840,32,9158.84
1840,33,9059.61
1840,34,9126.3
1840,35,9188.95
1840,36,8988.81
1840,37,9189.85
1840,38,9163.66
1840,39,9009.11
1840,40,9209.37
1840,41,9073.3
1840,42,9007.36
1840,43,9238.4
1840,44,9168.4
1840,45,9125.45
1840,46,9127.58
1840,47,9258.75
1840,48,9109.11
1840,49,9154.72
1840,50,9063.06
1840,51,9155.12
1840,52,9101.66
1840,53,9138.07
1840,54,9258.36
1840,55,9142.74
1840,56,9252.16
1840,57,9290.9
1840,58,9058.22
1840,59,9148.43
1840,60,9013.07
1840,61,9154.67
1840,62,9210.6
1840,63,9017.66
1840,64,9121.7
1840,65,9047.62
1840,66,9214.38
1840,67,9078.98
1840,68,9061.05
1840,69,9064.79
1840,70,9176.51
1840,71,9174.21
1840,72,9102.64
1840,73,9263.91
1840,74,9100.75
1840,75,9115.05
1840,76,9102.49
1840,77,9032.04
1840,78,9268.05
1840,79,9132.23
1840,80,9242.74
1840,81,9192.84
1840,82,9233.26
1840,83,9085.5
1840,84,9273.58
1840,85,9186.4
1840,86,9097.16
1840,87,9131.51
1840,88,9239.22
1840,89,9199.08
1840,90,9171.17
1840,91,9009.04
1840,92,9065.24
1840,93,9206.78
1840,94,9227.16
1840,95,9191.93
1840,96,9064.66
1840,97,9059.17
1840,98,9095.78
1840,99,9166.26
1850,0,9232.31
1850,1,9058.15
1850,2,9175.08
1850,3,9192.13
1850,4,9156.04
1850,5,9222.23
1850,6,9132.85
1850,7,9150.62
1850,8,9157.99
1850,9,9023.51
1850,10,9187.46
1850,11,9133.98
1850,12,9059.98
1850,13,9075.16
1850,14,9146.23
1850,15,9164.7
1850,16,9174.58
1850,17,9249.24
1850,18,9112.18
1850,19,9165.28
1850,20,9208.47
1850,21,8994.27
1850,22,9221.79
1850,23,9178.79
1850,24,9135.65
1850,25,9045.28
1850,26,9101.97
1850,27,9193.95
1850,28,9057.32
1850,29,9054.7
1850,30,9150.41
1850,31,9172.11
1850,32,9158.54
1850,33,9059.31
1850,34,9126
1850,35,9188.65
1850,36,8988.51
1850,37,9189.55
1850,38,9163.36
1850,39,9008.81
1850,40,9209.07
1850,41,9073
1850,42,9007.06
1850,43,9238.1
1850,44,9168.1
1850,45,9125.15
1850,46,9127.28
1850,47,9258.45
1850,48,9108.81
1850,49,9154.42
1850,50,9062.76
1850,51,9154.82
1850,52,9101.36
1850,53,9137.77
1850,54,9258.06
1850,55,9142.44
1850,56,9251.86
1850,57,9290.6
1850,58,9057.92
1850,59,9148.13
1850,60,9012.77
1850,61,9154.37
1850,62,9210.3
1850,63,9017.36
1850,64,9121.4
1850,65,9047.32
1850,66,9214.08
1850,67,9078.68
1850,68,9060.75
1850,69,9064.49
1850,70,9176.21
1850,71,9173.91
1850,72,9102.34
1850,73,9263.61
1850,74,9100.45
1850,75,9114.75
1850,76,9102.19
1850,77,9031.74
1850,78,9267.75
1850,79,9131.93
1850,80,9242.44
1850,81,9192.54
1850,82,9232.96
1850,83,9085.2
1850,84,9273.28
1850,85,9186.1
1850,86,9096.86
1850,87,9131.21
1850,88,9238.92
1850,89,9198.78
1850,90,9170.87
1850,91,9008.74
1850,92,9064.94
1850,93,9206.48
1850,94,9226.86
1850,95,9191.63
1850,96,9064.36
1850,97,9058.87
1850,98,9095.48
1850,99,9165.96
1860,0,9232.01
1860,1,9057.85
1860,2,9174.78
1860,3,9191.83
1860,4,9155.74
1860,5,9221.93
1860,6,9132.55
1860,7,9150.32
1860,8,9157.69
1860,9,9023.21
1860,10,9187.16
1860,11,9133.68
1860,12,9059.68
1860,13,9074.86
1860,14,9145.93
1860,15,9164.4
1860,16,9174.28
1860,17,9248.94
1860,18,9111.88
1860,19,9164.98
1860,20,9208.17
1860,21,8993.97
1860,22,9221.49
1860,23,9178.49
1860,24,9135.35
1860,25,9044.98
1860,26,9101.67
1860,27,9193.65
1860,28,9057.02
1860,29,9054.4
1860,30,9150.11
1860,31,9171.81
1860,32,9158.24
1860,33,9059.01
1860,34,9125.7
1860,35,9188.35
1860,36,8988.21
1860,37,9189.25
1860,38,9163.06
1860,39,9008.51
1860,40,9208.77
1860,41,9072.7
1860,42,9006.76
1860,43,9237.8
1860,44,9167.8
1860,45,9124.85
1860,46,9126.98
1860,47,9258.15
1860,48,9108.51
1860,49,9154.12
1860,50,9062.46
1860,51,9154.52
1860,52,9101.06
1860,53,9137.47
1860,54,9257.76
1860,55,9142.14
1860,56,9251.56
1860,57,9290.3
1860,58,9057.62
1860,59,9147.83
1860,60,9012.47
1860,61,9154.07
1860,62,9210
1860,63,9017.06
1860,64,9121.1
1860,65,9047.02
1860,66,9213.78
1860,67,9078.38
1860,68,9060.45
1860,69,9064.19
1860,70,9175.91
1860,71,9173.61
1860,72,9102.04
1860,73,9263.31
1860,74,9100.15
1860,75,9114.45
1860,76,9101.89
1860,77,9031.44
1860,78,9267.45
1860,79,9131.63
1860,80,9242.14
1860,81,9192.24
1860,82,9232.66
1860,83,9084.9
1860,84,9272.98
1860,85,9185.8
1860,86,9096.56
1860,87,9130.91
1860,88,9238.62
1860,89,9198.48
1860,90,9170.57
1860,91,9008.44
1860,92,9064.64
1860,93,9206.18
1860,94,9226.56
1860,95,9191.33
1860,96,9064.06
1860,97,9058.57
1860,98,9095.18
1860,99,9165.66
1870,0,9220.77
1870,1,9045.99
1870,2,9164.69
1870,3,9181.64
1870,4,9144.61
1870,5,9209.08
1870,6,9123.14
1870,7,9137.85
1870,8,9147.92
1870,9,9011.49
1870,10,9176.68
1870,11,9120.78
1870,12,9048.59
1870,13,9063.63
1870,14,9137.03
1870,15,9151.32
1870,16,9162.71
1870,17,9236.29
1870,18,9102.34
1870,19,9155.75
1870,20,9200.04
1870,21,8980.98
1870,22,9213.06
1870,23,9167.86
1870,24,9122.25
1870,25,9033.89
1870,26,9088.05
1870,27,9183.82
1870,28,9042.06
1870,29,9040.12
1870,30,9138.93
1870,31,9160.6
1870,32,9147.47
1870,33,9049.16
1870,34,9116.33
1870,35,9177.81
1870,36,8975.45
1870,37,9181.98
1870,38,9154.23
1870,39,8998.5
1870,40,9199.9
1870,41,9059.71
1870,42,8992.8
1870,43,9229.01
1870,44,9156.57
1870,45,9112.79
1870,46,9116.64
1870,47,9245.42
1870,48,9095.99
1870,49,9144.64
1870,50,9046.25
1870,51,9144.24
1870,52,9088.53
1870,53,9124.31
1870,54,9248.9
1870,55,9133.98
1870,56,9243.63
1870,57,9283.37
1870,58,9046.99
1870,59,9136.57
1870,60,8995.92
1870,61,9143.67
1870,62,9201.84
1870,63,9003.93
1870,64,9109.6
1870,65,9032.61
1870,66,9202.99
1870,67,9068.31
1870,68,9047.01
1870,69,9052.05
1870,70,9163.53
1870,71,9163.08
1870,72,9089.54
1870,73,9249.85
1870,74,9088
1870,75,9101.29
1870,76,9090.35
1870,77,9018.4
1870,78,9256.15
1870,79,9122.63
1870,80,9231.47
1870,81,9179.08
1870,82,9222.04
1870,83,9075.37
1870,84,9263.67
1870,85,9176.76
1870,86,9082.53
1870,87,9121.65
1870,88,9225.77
1870,89,9189.25
1870,90,9158.27
1870,91,8994.14
1870,92,9052.8
1870,93,9194.81
1870,94,9215.26
1870,95,9180.79
1870,96,9051.38
1870,97,9044.96
1870,98,9079.39
1870,99,9157
1880,0,9220.47
1880,1,9045.69
1880,2,9164.39
1880,3,9181.34
1880,4,9144.31
1880,5,9208.78
1880,6,9122.84
1880,7,9137.55
1880,8,9147.62
1880,9,9011.19
1880,10,9176.38
1880,11,9120.48
1880,12,9048.29
1880,13,9063.33
1880,14,9136.73
1880,15,9151.02
1880,16,9162.41
1880,17,9235.99
1880,18,9102.04
1880,19,9155.45
1880,20,9199.74
1880,21,8980.68
1880,22,9212.76
1880,23,9167.56
1880,24,9121.95
1880,25,9033.59
1880,26,9087.75
1880,27,9183.52
1880,28,9041.76
1880,29,9039.82
1880,30,9138.63
1880,31,9160.3
1880,32,9147.17
1880,33,9048.86
1880,34,9116.03
1880,35,9177.51
1880,36,8975.15
1880,37,9181.68
1880,38,9153.93
1880,39,8998.2
1880,40,9199.6
1880,41,9059.41
1880,42,8992.5
1880,43,9228.71
1880,44,9156.27
1880,45,9112.49
1880,46,9116.34
1880,47,9245.12
1880,48,9095.69
1880,49,9144.34
1880,50,9045.95
1880,51,9143.94
1880,52,9088.23
1880,53,9124.01
1880,54,9248.6
1880,55,9133.68
1880,56,9243.33
1880,57,9283.07
1880,58,9046.69
1880,59,9136.27
1880,60,8995.62
1880,61,9143.37
1880,62,9201.54
1880,63,9003.63
1880,64,9109.3
1880,65,9032.31
1880,66,9202.69
1880,67,9068.01
1880,68,9046.71
1880,69,9051.75
1880,70,9163.23
1880,71,9162.78
1880,72,9089.24
1880,73,9249.55
1880,74,9087.7
1880,75,9100.99
1880,76,9090.05
1880,77,9018.1
1880,78,9255.85
1880,79,9122.33
1880,80,9231.17
1880,81,9178.78
1880,82,9221.74
1880,83,9075.07
1880,84,9263.37
1880,85,9176.46
1880,86,9082.23
1880,87,9121.35
1880,88,9225.47
1880,89,9188.95
1880,90,9157.97
1880,91,8993.84
1880,92,9052.5
1880,93,9194.51
1880,94,9214.96
1880,95,9180.49
1880,96,9051.08
1880,97,9044.66
1880,98,9079.09
1880,99,9156.7
1890,0,9220.17
1890,1,9045.39
1890,2,9164.09
1890,3,9181.04
1890,4,9144.01
1890,5,9208.48
1890,6,9122.54
1890,7,9137.25
1890,8,9147.32
1890,9,9010.89
1890,10,9176.08
1890,11,9120.18
1890,12,9047.99
1890,13,9063.03
1890,14,9136.43
1890,15,9150.72
1890,16,9162.11
1890,17,9235.69
1890,18,9101.74
1890,19,9155.15
1890,20,9199.44
1890,21,8980.38
1890,22,9212.46
1890,23,9167.26
1890,24,9121.65
1890,25,9033.29
1890,26,9087.45
1890,27,9183.22
1890,28,9041.46
1890,29,9039.52
1890,30,9138.33
1890,31,9160
1890,32,9146.87
1890,33,9048.56
1890,34,9115.73
1890,35,9177.21
1890,36,8974.85
1890,37,9181.38
1890,38,9153.63
1890,39,8997.9
1890,40,9199.3
1890,41,9059.11
1890,42,8992.2
1890,43,9228.41
1890,44,9155.97
1890,45,9112.19
1890,46,9116.04
1890,47,9244.82
1890,48,9095.39
1890,49,9144.04
1890,50,9045.65
1890,51,9143.64
1890,52,9087.93
1890,53,9123.71
1890,54,9248.3
1890,55,9133.38
1890,56,9243.03
1890,57,9282.77
1890,58,9046.39
1890,59,9135.97
1890,60,8995.32
1890,61,9143.07
1890,62,9201.24
1890,63,9003.33
1890,64,9109
1890,65,9032.01
1890,66,9202.39
1890,67,9067.71
1890,68,9046.41
1890,69,9051.45
1890,70,9162.93
1890,71,9162.48
1890,72,9088.94
1890,73,9249.25
1890,74,9087.4
1890,75,9100.69
1890,76,9089.75
1890,77,9017.8
1890,78,9255.55
1890,79,9122.03
1890,80,9230.87
1890,81,9178.48
1890,82,9221.44
1890,83,9074.77
1890,84,9263.07
1890,85,9176.16
1890,86,9081.93
1890,87,9121.05
1890,88,9225.17
1890,89,9188.65
1890,90,9157.67
1890,91,8993.54
1890,92,9052.2
1890,93,9194.21
1890,94,9214.66
1890,95,9180.19
1890,96,9050.78
1890,97,9044.36
1890,98,9078.79
1890,99,9156.4
1900,0,9209.06
1900,1,9033.87
1900,2,9153.69
1900,3,9170.71
1900,4,9132.31
1900,5,9193.39
1900,6,9111.55
1900,7,9125.06
1900,8,9137.88
1900,9,8998.13
1900,10,9164.54
1900,11,9106.62
1900,12,9032.18
1900,13,9049.6
1900,14,9124.63
1900,15,9138.84
1900,16,9151.79
1900,17,9223.86
1900,18,9089.89
1900,19,9143.12
1900,20,9191.12
1900,21,8961.25
1900,22,9201.64
1900,23,9156.64
1900,24,9108.68
1900,25,9021.5
1900,26,9073.55
1900,27,9173.04
1900,28,9028.07
1900,29,9022.6
1900,30,9129.05
1900,31,9149.58
1900,32,9135.9
1900,33,9038.86
1900,34,9105.32
1900,35,9167.66
1900,36,8957.85
1900,37,9172.74
1900,38,9142.27
1900,39,8987.88
1900,40,9187.57
1900,41,9049.07
1900,42,8975.8
1900,43,9219.42
1900,44,9144.33
1900,45,9099.84
1900,46,9101.76
1900,47,9235.77
1900,48,9082.1
1900,49,9133.44
1900,50,9029.85
1900,51,9133.35
1900,52,9075.29
1900,53,9110.56
1900,54,9236.56
1900,55,9122.6
1900,56,9232.75
1900,57,9274.22
1900,58,9031.46
1900,59,9123.66
1900,60,8979.54
1900,61,9132.77
1900,62,9191.19
1900,63,8990.47
1900,64,9097.77
1900,65,9021.78
1900,66,9190.98
1900,67,9053.7
1900,68,9036.39
1900,69,9039.15
1900,70,9149.54
1900,71,9150.77
1900,72,9075.81
1900,73,9238.03
1900,74,9075.29
1900,75,9087.74
1900,76,9076.86
1900,77,9005.01
1900,78,9242.85
1900,79,9109.86
1900,80,9220.41
1900,81,9167.19
1900,82,9209.68
1900,83,9061.78
1900,84,9251.18
1900,85,9164.46
1900,86,9067.68
1900,87,9111.81
1900,88,9214.23
1900,89,9176.53
1900,90,9146.06
1900,91,8976.81
1900,92,9038.54
1900,93,9182.65
1900,94,9204.79
1900,95,9168.19
1900,96,9034.72
1900,97,9034.31
1900,98,9063.68
1900,99,9145.76
1910,0,9208.76
1910,1,9033.57
1910,2,9153.39
1910,3,9170.41
1910,4,9132.01
1910,5,9193.09
1910,6,9111.25
1910,7,9124.76
1910,8,9137.58
1910,9,8997.83
1910,10,9164.24
1910,11,9106.32
1910,12,9031.88
1910,13,9049.3
1910,14,9124.33
1910,15,9138.54
1910,16,9151.49
1910,17,9223.56
1910,18,9089.59
1910,19,9142.82
1910,20,9190.82
1910,21,8960.95
1910,22,9201.34
1910,23,9156.34
1910,24,9108.38
1910,25,9021.2
1910,26,9073.25
1910,27,9172.74
1910,28,9027.77
1910,29,9022.3
1910,30,9128.75
1910,31,9149.28
1910,32,9135.6
1910,33,9038.56
1910,34,9105.02
1910,35,9167.36
1910,36,8957.55
1910,37,9172.44
1910,38,9141.97
1910,39,8987.58
1910,40,9187.27
1910,41,9048.77
1910,42,8975.5
1910,43,9219.12
1910,44,9144.03
1910,45,9099.54
1910,46,9101.46
1910,47,9235.47
1910,48,9081.8
1910,49,9133.14
1910,50,9029.55
1910,51,9133.05
1910,52,9074.99
1910,53,9110.26
1910,54,9236.26
1910,55,9122.3
1910,56,9232.45
1910,57,9273.92
1910,58,9031.16
1910,59,9123.36
1910,60,8979.24
1910,61,9132.47
1910,62,9190.89
1910,63,8990.17
1910,64,9097.47
1910,65,9021.48
1910,66,9190.68
1910,67,9053.4
1910,68,9036.09
1910,69,9038.85
1910,70,9149.24
1910,71,9150.47
1910,72,9075.51
1910,73,9237.73
1910,74,9074.99
1910,75,9087.44
1910,76,9076.56
1910,77,9004.71
1910,78,9242.55
1910,79,9109.56
1910,80,9220.11
1910,81,9166.89
1910,82,9209.38
1910,83,9061.48
1910,84,9250.88
1910,85,9164.16
1910,86,9067.38
1910,87,9111.51
1910,88,9213.93
1910,89,9176.23
1910,90,9145.76
1910,91,8976.51
1910,92,9038.24
1910,93,9182.35
1910,94,9204.49
1910,95,9167.89
1910,96,9034.42
1910,97,9034.01
1910,98,9063.38
1910,99,9145.46
1920,0,9208.46
1920,1,9033.27
1920,2,9153.09
1920,3,9170.11
1920,4,9131.71
1920,5,9192.79
1920,6,9110.95
1920,7,9124.46
1920,8,9137.28
1920,9,8997.53
1920,10,9163.94
1920,11,9106.02
1920,12,9031.58
1920,13,9049
1920,14,9124.03
1920,15,9138.24
1920,16,9151.19
1920,17,9223.26
1920,18,9089.29
1920,19,9142.52
1920,20,9190.52
1920,21,8960.65
1920,22,9201.04
1920,23,9156.04
1920,24,9108.08
1920,25,9020.9
1920,26,9072.95
1920,27,9172.44
1920,28,9027.47
1920,29,9022
1920,30,9128.45
1920,31,9148.98
1920,32,9135.3
1920,33,9038.26
1920,34,9104.72
1920,35,9167.06
1920,36,8957.25
1920,37,9172.14
1920,38,9141.67
1920,39,8987.28
1920,40,9186.97
1920,41,9048.47
1920,42,8975.2
1920,43,9218.82
1920,44,9143.73
1920,45,9099.24
1920,46,9101.16
1920,47,9235.17
1920,48,9081.5
1920,49,9132.84
1920,50,9029.25
1920,51,9132.75
1920,52,9074.69
1920,53,9109.96
1920,54,9235.96
1920,55,9122
1920,56,9232.15
1920,57,9273.62
1920,58,9030.86
1920,59,9123.06
1920,60,8978.94
1920,61,9132.17
1920,62,9190.59
1920,63,8989.87
1920,64,9097.17
1920,65,9021.18
1920,66,9190.38
1920,67,9053.1
1920,68,9035.79
1920,69,9038.55
1920,70,9148.94
1920,71,9150.17
1920,72,9075.21
1920,73,9237.43
1920,74,9074.69
1920,75,9087.14
1920,76,9076.26
1920,77,9004.41
1920,78,9242.25
1920,79,9109.26
1920,80,9219.81
1920,81,9166.59
1920,82,9209.08
1920,83,9061.18
1920,84,9250.58
1920,85,9163.86
1920,86,9067.08
1920,87,9111.21
1920,88,9213.63
1920,89,9175.93
1920,90,9145.46
1920,91,8976.21
1920,92,9037.94
1920,93,9182.05
1920,94,9204.19
1920,95,9167.59
1920,96,9034.12
1920,97,9033.71
1920,98,9063.08
1920,99,9145.16
1930,0,9197.46
1930,1,9021.89
1930,2,9141.59
1930,3,9158.81
1930,4,9120.43
1930,5,9179.59
1930,6,9098.37
1930,7,9112.17
1930,8,9127.46
1930,9,8985.44
1930,10,9152.35
1930,11,9092.76
1930,12,9018.95
1930,13,9037.81
1930,14,9112.32
1930,15,9126.38
1930,16,9140.43
1930,17,9211.41
1930,18,9076.94
1930,19,9131.13
1930,20,9182.04
1930,21,8943.86
1930,22,9189.98
1930,23,9145.68
1930,24,9094.84
1930,25,9009.06
1930,26,9059.44
1930,27,9162.52
1930,28,9014.33
1930,29,9007.03
1930,30,9117.7
1930,31,9135.57
1930,32,9124.51
1930,33,9028.44
1930,34,9095.63
1930,35,9157.58
1930,36,8941.68
1930,37,9163.66
1930,38,9129.96
1930,39,8976.45
1930,40,9175.76
1930,41,9038.4
1930,42,8962.53
1930,43,9209.24
1930,44,9132.28
1930,45,9086.62
1930,46,9090.29
1930,47,9224.44
1930,48,9068.14
1930,49,9122.18
1930,50,9013.21
1930,51,9122.42
1930,52,9061.86
1930,53,9097.76
1930,54,9223.55
1930,55,9112.08
1930,56,9221.73
1930,57,9264.27
1930,58,9019.86
1930,59,9112.4
1930,60,8965.17
1930,61,9121.29
1930,62,9175.78
1930,63,8975.31
1930,64,9086.66
1930,65,9010.84
1930,66,9179.62
1930,67,9039.16
1930,68,9025.93
1930,69,9026.23
1930,70,9134.52
1930,71,9138.97
1930,72,9062.08
1930,73,9225.52
1930,74,9062.58
1930,75,9074.07
1930,76,9063.28
1930,77,8989.9
1930,78,9229.46
1930,79,9097
1930,80,9209.48
1930,81,9154.05
1930,82,9197.58
1930,83,9048.37
1930,84,9238.69
1930,85,9152.28
1930,86,9052.94
1930,87,9101.96
1930,88,9203.56
1930,89,9163.92
1930,90,9133.58
1930,91,8963
1930,92,9025.43
1930,93,9170.71
1930,94,9193.9
1930,95,9154.9
1930,96,9019.3
1930,97,9023.76
1930,98,9048.45
1930,99,9135.1
1940,0,9197.16
1940,1,9021.59
1940,2,9141.29
1940,3,9158.51
1940,4,9120.13
1940,5,9179.29
1940,6,9098.07
1940,7,9111.87
1940,8,9127.16
1940,9,8985.14
1940,10,9152.05
1940,11,9092.46
1940,12,9018.65
1940,13,9037.51
1940,14,9112.02
1940,15,9126.08
1940,16,9140.13
1940,17,9211.11
1940,18,9076.64
1940,19,9130.83
1940,20,9181.74
1940,21,8943.56
1940,22,9189.68
1940,23,9145.38
1940,24,9094.54
1940,25,9008.76
1940,26,9059.14
1940,27,9162.22
1940,28,9014.03
1940,29,9006.73
1940,30,9117.4
1940,31,9135.27
1940,32,9124.21
1940,33,9028.14
1940,34,9095.33
1940,35,9157.28
1940,36,8941.38
1940,37,9163.36
1940,38,9129.66
1940,39,8976.15
1940,40,9175.46
1940,41,9038.1
1940,42,8962.23
1940,43,9208.94
1940,44,9131.98
1940,45,9086.32
1940,46,9089.99
1940,47,9224.14
1940,48,9067.84
1940,49,9121.88
1940,50,9012.91
1940,51,9122.12
1940,52,9061.56
1940,53,9097.46
1940,54,9223.25
1940,55,9111.78
1940,56,9221.43
1940,57,9263.97
1940,58,9019.56
1940,59,9112.1
1940,60,8964.87
1940,61,9120.99
1940,62,9175.48
1940,63,8975.01
1940,64,9086.36
1940,65,9010.54
1940,66,9179.32
1940,67,9038.86
1940,68,9025.63
1940,69,9025.93
1940,70,9134.22
1940,71,9138.67
1940,72,9061.78
1940,73,9225.22
1940,74,9062.28
1940,75,9073.77
1940,76,9062.98
1940,77,8989.6
1940,78,9229.16
1940,79,9096.7
1940,80,9209.18
1940,81,9153.75
1940,82,9197.28
1940,83,9048.07
1940,84,9238.39
1940,85,9151.98
1940,86,9052.64
1940,87,9101.66
1940,88,9203.26
1940,89,9163.62
1940,90,9133.28
1940,91,8962.7
1940,92,9025.13
1940,93,9170.41
1940,94,9193.6
1940,95,9154.6
1940,96,9019
1940,97,9023.46
1940,98,9048.15
1940,99,9134.8
1950,0,9196.86
1950,1,9021.29
1950,2,9140.99
1950,3,9158.21
1950,4,9119.83
1950,5,9178.99
1950,6,9097.77
1950,7,9111.57
1950,8,9126.86
1950,9,8984.84
1950,10,9151.75
1950,11,9092.16
1950,12,9018.35
1950,13,9037.21
1950,14,9111.72
1950,15,9125.78
1950,16,9139.83
1950,17,9210.81
1950,18,9076.34
1950,19,9130.53
1950,20,9181.44
1950,21,8943.26
1950,22,9189.38
1950,23,9145.08
1950,24,9094.24
1950,25,9008.46
1950,26,9058.84
1950,27,9161.92
1950,28,9013.73
1950,29,9006.43
1950,30,9117.1
1950,31,9134.97
1950,32,9123.91
1950,33,9027.84
1950,34,9095.03
1950,35,9156.98
1950,36,8941.08
1950,37,9163.06
1950,38,9129.36
1950,39,8975.85
1950,40,9175.16
1950,41,9037.8
1950,42,8961.93
1950,43,9208.64
1950,44,9131.68
1950,45,9086.02
1950,46,9089.69
1950,47,9223.84
1950,48,9067.54
1950,49,9121.58
1950,50,9012.61
1950,51,9121.82
1950,52,9061.26
1950,53,9097.16
1950,54,9222.95
1950,55,9111.48
1950,56,9221.13
1950,57,9263.67
1950,58,9019.26
1950,59,9111.8
1950,60,8964.57
1950,61,9120.69
1950,62,9175.18
1950,63,8974.71
1950,64,9086.06
1950,65,9010.24
1950,66,9179.02
1950,67,9038.56
1950,68,9025.33
1950,69,9025.63
1950,70,9133.92
1950,71,9138.37
1950,72,9061.48
1950,73,9224.92
1950,74,9061.98
1950,75,9073.47
1950,76,9062.68
1950,77,8989.3
1950,78,9228.86
1950,79,9096.4
1950,80,9208.88
1950,81,9153.45
1950,82,9196.98
1950,83,9047.77
1950,84,9238.09
1950,85,9151.68
1950,86,9052.34
1950,87,9101.36
1950,88,9202.96
1950,89,9163.32
1950,90,9132.98
1950,91,8962.4
1950,92,9024.83
1950,93,9170.11
1950,94,9193.3
1950,95,9154.3
1950,96,9018.7
1950,97,9023.16
1950,98,9047.85
1950,99,9134.5
1960,0,9186.46
1960,1,9009.67
1960,2,9131.5
1960,3,9146.94
1960,4,9108.33
1960,5,9165.87
1960,6,9088.35
1960,7,9098.42
1960,8,9115.66
1960,9,8972.27
1960,10,9138.77
1960,11,9081.58
1960,12,9006.2
1960,13,9026.02
1960,14,9099.64
1960,15,9114.03
1960,16,9129.54
1960,17,9198.76
1960,18,9067.39
1960,19,9118.64
1960,20,9172.52
1960,21,8927.41
1960,22,9179.76
1960,23,9135.29
1960,24,9080.68
1960,25,8996.48
1960,26,9048.35
1960,27,9151.73
1960,28,9000.48
1960,29,8991.56
1960,30,9107.6
1960,31,9124.47
1960,32,9114.24
1960,33,9014.33
1960,34,9081.68
1960,35,9146.97
1960,36,8930.14
1960,37,9154.43
1960,38,9117.93
1960,39,8962.56
1960,40,9164.41
1960,41,9024.31
1960,42,8948.87
1960,43,9200.21
1960,44,9121.97
1960,45,9075.93
1960,46,9079.08
1960,47,9213.58
1960,48,9054.31
1960,49,9111.76
1960,50,9001.32
1960,51,9109.77
1960,52,9049.02
1960,53,9084.34
1960,54,9211.4
1960,55,9102.75
1960,56,9212.84
1960,57,9255.05
1960,58,9008.03
1960,59,9103.21
1960,60,8951.33
1960,61,9111.22
1960,62,9165.15
1960,63,8959.98
1960,64,9075.89
1960,65,9000.35
1960,66,9167.62
1960,67,9024.36
1960,68,9011.74
1960,69,9013.67
1960,70,9122.37
1960,71,9126
1960,72,9048.44
1960,73,9212.78
1960,74,9049.91
1960,75,9059.87
1960,76,9050.36
1960,77,8974.99
1960,78,9217.41
1960,79,9085.46
1960,80,9198.99
1960,81,9141.52
1960,82,9188.73
1960,83,9034.93
1960,84,9228.93
1960,85,9142.62
1960,86,9041.83
1960,87,9091.17
1960,88,9191.74
1960,89,9152.7
1960,90,9121.44
1960,91,8948.21
1960,92,9015.03
1960,93,9158.38
1960,94,9179.28
1960,95,9141.5
1960,96,9005.92
1960,97,9009.42
1960,98,9037.43
1960,99,9126.12
1970,0,9186.16
1970,1,9009.37
1970,2,9131.2
1970,3,9146.64
1970,4,9108.03
1970,5,9165.57
1970,6,9088.05
1970,7,9098.12
1970,8,9115.36
1970,9,8971.97
1970,10,9138.47
1970,11,9081.28
1970,12,9005.9
1970,13,9025.72
1970,14,9099.34
1970,15,9113.73
1970,16,9129.24
1970,17,9198.46
1970,18,9067.09
1970,19,9118.34
1970,20,9172.22
1970,21,8927.11
1970,22,9179.46
1970,23,9134.99
1970,24,9080.38
1970,25,8996.18
1970,26,9048.05
1970,27,9151.43
1970,28,9000.18
1970,29,8991.26
1970,30,9107.3
1970,31,9124.17
1970,32,9113.94
1970,33,9014.03
1970,34,9081.38
1970,35,9146.67
1970,36,8929.84
1970,37,9154.13
1970,38,9117.63
1970,39,8962.26
1970,40,9164.11
1970,41,9024.01
1970,42,8948.57
1970,43,9199.91
1970,44,9121.67
1970,45,9075.63
1970,46,9078.78
1970,47,9213.28
1970,48,9054.01
1970,49,9111.46
1970,50,9001.02
1970,51,9109.47
1970,52,9048.72
1970,53,9084.04
1970,54,9211.1
1970,55,9102.45
1970,56,9212.54
1970,57,9254.75
1970,58,9007.73
1970,59,9102.91
1970,60,8951.03
1970,61,9110.92
1970,62,9164.85
1970,63,8959.68
1970,64,9075.59
1970,65,9000.05
1970,66,9167.32
1970,67,9024.06
1970,68,9011.44
1970,69,9013.37
1970,70,9122.07
1970,71,9125.7
1970,72,9048.14
1970,73,9212.48
1970,74,9049.61
1970,75,9059.57
1970,76,9050.06
1970,77,8974.69
1970,78,9217.11
1970,79,9085.16
1970,80,9198.69
1970,81,9141.22
1970,82,9188.43
1970,83,9034.63
1970,84,9228.63
1970,85,9142.32
1970,86,9041.53
1970,87,9090.87
1970,88,9191.44
1970,89,9152.4
1970,90,9121.14
1970,91,8947.91
1970,92,9014.73
1970,93,9158.08
1970,94,9178.98
1970,95,9141.2
1970,96,9005.62
1970,97,9009.12
1970,98,9037.13
1970,99,9125.82
1980,0,9185.86
1980,1,9009.07
1980,2,9130.9
1980,3,9146.34
1980,4,9107.73
1980,5,9165.27
1980,6,9087.75
1980,7,9097.82
1980,8,9115.06
1980,9,8971.67
1980,10,9138.17
1980,11,9080.98
1980,12,9005.6
1980,13,9025.42
1980,14,9099.04
1980,15,9113.43
1980,16,9128.94
1980,17,9198.16
1980,18,9066.79
1980,19,9118.04
1980,20,9171.92
1980,21,8926.81
1980,22,9179.16
1980,23,9134.69
1980,24,9080.08
1980,25,8995.88
1980,26,9047.75
1980,27,9151.13
1980,28,8999.88
1980,29,8990.96
1980,30,9107
1980,31,9123.87
1980,32,9113.64
1980,33,9013.73
1980,34,9081.08
1980,35,9146.37
1980,36,8929.54
1980,37,9153.83
1980,38,9117.33
1980,39,8961.96
1980,40,9163.81
1980,41,9023.71
1980,42,8948.27
1980,43,9199.61
1980,44,9121.37
1980,45,9075.33
1980,46,9078.48
1980,47,9212.98
1980,48,9053.71
1980,49,9111.16
1980,50,9000.72
1980,51,9109.17
1980,52,9048.42
1980,53,9083.74
1980,54,9210.8
1980,55,9102.15
1980,56,9212.24
1980,57,9254.45
1980,58,9007.43
1980,59,9102.61
1980,60,8950.73
1980,61,9110.62
1980,62,9164.55
1980,63,8959.38
1980,64,9075.29
1980,65,8999.75
1980,66,9167.02
1980,67,9023.76
1980,68,9011.14
1980,69,9013.07
1980,70,9121.77
1980,71,9125.4
1980,72,9047.84
1980,73,9212.18
1980,74,9049.31
1980,75,9059.27
1980,76,9049.76
1980,77,8974.39
1980,78,9216.81
1980,79,9084.86
1980,80,9198.39
1980,81,9140.92
1980,82,9188.13
1980,83,9034.33
1980,84,9228.33
1980,85,9142.02
1980,86,9041.23
1980,87,9090.57
1980,88,9191.14
1980,89,9152.1
1980,90,9120.84
1980,91,8947.61
1980,92,9014.43
1980,93,9157.78
1980,94,9178.68
1980,95,9140.9
1980,96,9005.32
1980,97,9008.82
1980,98,9036.83
1980,99,9125.52
1990,0,9171.83
1990,1,8993.71
1990,2,9117.33
1990,3,9131.09
1990,4,9094.15
1990,5,9148.73
1990,6,9074.49
1990,7,9081.24
1990,8,9101.71
1990,9,8956.05
1990,10,9125.28
1990,11,9066.27
1990,12,8990.18
1990,13,9009.77
1990,14,9085.93
1990,15,9099.57
1990,16,9113.85
1990,17,9181.92
1990,18,9053.48
1990,19,9103.38
1990,20,9160
1990,21,8909.75
1990,22,9166.4
1990,23,9121.09
1990,24,9064.35
1990,25,8980.54
1990,26,9033.2
1990,27,9138.83
1990,28,8982.94
1990,29,8972.57
1990,30,9093.85
1990,31,9109.7
1990,32,9100.24
1990,33,8999.87
1990,34,9066.16
1990,35,9133.54
1990,36,8913.54
1990,37,9141.44
1990,38,9104.78
1990,39,8945.96
1990,40,9150.39
1990,41,9007.81
1990,42,8932.26
1990,43,9188.73
1990,44,9107.05
1990,45,9060.15
1990,46,9064.1
1990,47,9202.86
1990,48,9038.47
1990,49,9099.89
1990,50,8982.58
1990,51,9095.55
1990,52,9033.72
1990,53,9066.71
1990,54,9195.79
1990,55,9089.27
1990,56,9202.32
1990,57,9242.21
1990,58,8991.33
1990,59,9086.88
1990,60,8932.65
1990,61,9097.14
1990,62,9149.14
1990,63,8940.43
1990,64,9062.41
1990,65,8985.34
1990,66,9151.71
1990,67,9007.78
1990,68,8995.15
1990,69,9000.08
1990,70,9108.88
1990,71,9110.02
1990,72,9032.05
1990,73,9196.55
1990,74,9035.89
1990,75,9045.52
1990,76,9034.97
1990,77,8956.39
1990,78,9201.07
1990,79,9068.12
1990,80,9185.4
1990,81,9127.87
1990,82,9175.6
1990,83,9020.24
1990,84,9215.54
1990,85,9130.54
1990,86,9025.49
1990,87,9075.22
1990,88,9177.14
1990,89,9137.3
1990,90,9106.14
1990,91,8928.33
1990,92,8997.74
1990,93,9143.59
1990,94,9161.8
1990,95,9125.47
1990,96,8990.06
1990,97,8990.67
1990,98,9022.37
1990,99,9113.29
2000,0,9171.53
2000,1,8993.43
2000,2,9117.03
2000,3,9130.8
2000,4,9093.86
2000,5,9148.45
2000,6,9074.2
2000,7,9080.96
2000,8,9101.41
2000,9,8955.76
2000,10,9124.98
2000,11,9066
2000,12,8989.9
2000,13,9009.48
2000,14,9085.64
2000,15,9099.27
2000,16,9113.57
2000,17,9181.62
2000,18,9053.18
2000,19,9103.08
2000,20,9159.7
2000,21,8909.46
2000,22,9166.1
2000,23,9120.8
2000,24,9064.07
2000,25,8980.26
2000,26,9032.94
2000,27,9138.53
2000,28,8982.67
2000,29,8972.3
2000,30,9093.55
2000,31,9109.4
2000,32,9099.96
2000,33,8999.57
2000,34,9065.87
2000,35,9133.25
2000,36,8913.24
2000,37,9141.14
2000,38,9104.48
2000,39,8945.7
2000,40,9150.09
2000,41,9007.55
2000,42,8931.98
2000,43,9188.43
2000,44,9106.76
2000,45,9059.87
2000,46,9063.81
2000,47,9202.56
2000,48,9038.21
2000,49,9099.59
2000,50,8982.31
2000,51,9095.25
2000,52,9033.43
2000,53,9066.44
2000,54,9195.49
2000,55,9088.97
2000,56,9202.02
2000,57,9241.91
2000,58,8991.04
2000,59,9086.59
2000,60,8932.38
2000,61,9096.84
2000,62,9148.84
2000,63,8940.17
2000,64,9062.12
2000,65,8985.04
2000,66,9151.43
2000,67,9007.5
2000,68,8994.9
2000,69,8999.78
2000,70,9108.58
2000,71,9109.74
2000,72,9031.76
2000,73,9196.25
2000,74,9035.59
2000,75,9045.22
2000,76,9034.68
2000,77,8956.13
2000,78,9200.77
2000,79,9067.84
2000,80,9185.11
2000,81,9127.57
2000,82,9175.3
2000,83,9019.95
2000,84,9215.24
2000,85,9130.24
2000,86,9025.21
2000,87,9074.94
2000,88,9176.84
2000,89,9137
2000,90,9105.84
2000,91,8928.07
2000,92,8997.46
2000,93,9143.29
2000,94,9161.52
2000,95,9125.17
2000,96,8989.76
2000,97,8990.42
2000,98,9022.07
2000,99,9112.99
2010,0,9171.23
2010,1,8993.13
2010,2,9116.73
2010,3,9130.5
2010,4,9093.56
2010,5,9148.15
2010,6,9073.9
2010,7,9080.66
2010,8,9101.11
2010,9,8955.46
2010,10,9124.68
2010,11,9065.7
2010,12,8989.6
2010,13,9009.18
2010,14,9085.34
2010,15,9098.97
2010,16,9113.27
2010,17,9181.32
2010,18,9052.88
2010,19,9102.78
2010,20,9159.4
2010,21,8909.16
2010,22,9165.8
2010,23,9120.5
2010,24,9063.77
2010,25,8979.96
2010,26,9032.64
2010,27,9138.23
2010,28,8982.37
2010,29,8972
2010,30,9093.25
2010,31,9109.1
2010,32,9099.66
2010,33,8999.27
2010,34,9065.57
2010,35,9132.95
2010,36,8912.94
2010,37,9140.84
2010,38,9104.18
2010,39,8945.4
2010,40,9149.79
2010,41,9007.25
2010,42,8931.68
2010,43,9188.13
2010,44,9106.46
2010,45,9059.57
2010,46,9063.51
2010,47,9202.26
2010,48,9037.91
2010,49,9099.29
2010,50,8982.01
2010,51,9094.95
2010,52,9033.13
2010,53,9066.14
2010,54,9195.19
2010,55,9088.67
2010,56,9201.72
2010,57,9241.61
2010,58,8990.74
2010,59,9086.29
2010,60,8932.08
2010,61,9096.54
2010,62,9148.54
2010,63,8939.87
2010,64,9061.82
2010,65,8984.74
2010,66,9151.13
2010,67,9007.2
2010,68,8994.6
2010,69,8999.48
2010,70,9108.28
2010,71,9109.44
2010,72,9031.46
2010,73,9195.95
2010,74,9035.29
2010,75,9044.92
2010,76,9034.38
2010,77,8955.83
2010,78,9200.47
2010,79,9067.54
2010,80,9184.81
2010,81,9127.27
2010,82,9175
2010,83,9019.65
2010,84,9214.94
2010,85,9129.94
2010,86,9024.91
2010,87,9074.64
2010,88,9176.54
2010,89,9136.7
2010,90,9105.54
2010,91,8927.77
2010,92,8997.16
2010,93,9142.99
2010,94,9161.22
2010,95,9124.87
2010,96,8989.46
2010,97,8990.12
2010,98,9021.77
2010,99,9112.69
2020,0,9156.08
2020,1,8978.51
2020,2,9106.06
2020,3,9113.82
2020,4,9080.08
2020,5,9135.49
2020,6,9062.64
2020,7,9066
2020,8,9088.6
2020,9,8941.37
2020,10,9110.29
2020,11,9049.27
2020,12,8975.25
2020,13,8994.92
2020,14,9070.58
2020,15,9085.96
2020,16,9101.59
2020,17,9166.52
2020,18,9042
2020,19,9090.66
2020,20,9148.64
2020,21,8893.02
2020,22,9153
2020,23,9107.84
2020,24,9050.09
2020,25,8965.74
2020,26,9016.04
2020,27,9126.5
2020,28,8968.67
2020,29,8954.38
2020,30,9082.05
2020,31,9095.46
2020,32,9085.32
2020,33,8987.26
2020,34,9050.94
2020,35,9121.72
2020,36,8899.26
2020,37,9129.34
2020,38,9088.87
2020,39,8929.89
2020,40,9139.3
2020,41,8990.84
2020,42,8917.66
2020,43,9178.18
2020,44,9095.78
2020,45,9044.59
2020,46,9050.06
2020,47,9190.94
2020,48,9021.84
2020,49,9086.32
2020,50,8969.23
2020,51,9080.91
2020,52,9022.46
2020,53,9050.89
2020,54,9184.05
2020,55,9073.16
2020,56,9191.34
2020,57,9230.03
2020,58,8978.11
2020,59,9071.19
2020,60,8917.97
2020,61,9086.44
2020,62,9137.25
2020,63,8922.91
2020,64,9049.49
2020,65,8970.11
2020,66,9138.14
2020,67,8989.59
2020,68,8983.01
2020,69,8986.53
2020,70,9094.22
2020,71,9093.82
2020,72,9015.96
2020,73,9180.38
2020,74,9021.86
2020,75,9031.33
2020,76,9019.18
2020,77,8939.74
2020,78,9185.05
2020,79,9056.11
2020,80,9172.49
2020,81,9114.4
2020,82,9163.22
2020,83,9003.69
2020,84,9203.71
2020,85,9117.03
2020,86,9012.05
2020,87,9059.8
2020,88,9165.32
2020,89,9125.25
2020,90,9093.61
2020,91,8910.39
2020,92,8984.72
2020,93,9129.48
2020,94,9145.06
2020,95,9110.23
2020,96,8973.67
2020,97,8978.39
2020,98,9008.56
2020,99,9099.85
2030,0,9155.8
2030,1,8978.22
2030,2,9105.76
2030,3,9113.55
2030,4,9079.8
2030,5,9135.19
2030,6,9062.34
2030,7,9065.71
2030,8,9088.31
2030,9,8941.07
2030,10,9110
2030,11,9049.01
2030,12,8974.95
2030,13,8994.62
2030,14,9070.31
2030,15,9085.66
2030,16,9101.29
2030,17,9166.22
2030,18,9041.7
2030,19,9090.36
2030,20,9148.34
2030,21,8892.74
2030,22,9152.7
2030,23,9107.54
2030,24,9049.82
2030,25,8965.46
2030,26,9015.78
2030,27,9126.2
2030,28,8968.37
2030,29,8954.11
2030,30,9081.75
2030,31,9095.16
2030,32,9085.04
2030,33,8986.96
2030,34,9050.65
2030,35,9121.42
2030,36,8898.96
2030,37,9129.04
2030,38,9088.58
2030,39,8929.63
2030,40,9139
2030,41,8990.58
2030,42,8917.36
2030,43,9177.88
2030,44,9095.48
2030,45,9044.32
2030,46,9049.76
2030,47,9190.64
2030,48,9021.58
2030,49,9086.02
2030,50,8968.93
2030,51,9080.62
2030,52,9022.16
2030,53,9050.6
2030,54,9183.75
2030,55,9072.86
2030,56,9191.04
2030,57,9229.73
2030,58,8977.81
2030,59,9070.9
2030,60,8917.67
2030,61,9086.14
2030,62,9136.95
2030,63,8922.64
2030,64,9049.2
2030,65,8969.85
2030,66,9137.86
2030,67,8989.33
2030,68,8982.71
2030,69,8986.23
2030,70,9093.92
2030,71,9093.55
2030,72,9015.69
2030,73,9180.09
2030,74,9021.56
2030,75,9031.05
2030,76,9018.91
2030,77,8939.46
2030,78,9184.76
2030,79,9055.81
2030,80,9172.19
2030,81,9114.1
2030,82,9162.92
2030,83,9003.43
2030,84,9203.41
2030,85,9116.73
2030,86,9011.75
2030,87,9059.52
2030,88,9165.02
2030,89,9124.95
2030,90,9093.31
2030,91,8910.12
2030,92,8984.42
2030,93,9129.18
2030,94,9144.78
2030,95,9109.95
2030,96,8973.38
2030,97,8978.09
2030,98,9008.26
2030,99,9099.56
2040,0,9155.5
2040,1,8977.92
2040,2,9105.46
2040,3,9113.25
2040,4,9079.5
2040,5,9134.89
2040,6,9062.04
2040,7,9065.41
2040,8,9088.01
2040,9,8940.77
2040,10,9109.7
2040,11,9048.71
2040,12,8974.65
2040,13,8994.32
2040,14,9070.01
2040,15,9085.36
2040,16,9100.99
2040,17,9165.92
2040,18,9041.4
2040,19,9090.06
2040,20,9148.04
2040,21,8892.44
2040,22,9152.4
2040,23,9107.24
2040,24,9049.52
2040,25,8965.16
2040,26,9015.48
2040,27,9125.9
2040,28,8968.07
2040,29,8953.81
2040,30,9081.45
2040,31,9094.86
2040,32,9084.74
2040,33,8986.66
2040,34,9050.35
2040,35,9121.12
2040,36,8898.66
2040,37,9128.74
2040,38,9088.28
2040,39,8929.33
2040,40,9138.7
2040,41,8990.28
2040,42,8917.06
2040,43,9177.58
2040,44,9095.18
2040,45,9044.02
2040,46,9049.46
2040,47,9190.34
2040,48,9021.28
2040,49,9085.72
2040,50,8968.63
2040,51,9080.32
2040,52,9021.86
2040,53,9050.3
2040,54,9183.45
2040,55,9072.56
2040,56,9190.74
2040,57,9229.43
2040,58,8977.51
2040,59,9070.6
2040,60,8917.37
2040,61,9085.84
2040,62,9136.65
2040,63,8922.34
2040,64,9048.9
2040,65,8969.55
2040,66,9137.56
2040,67,8989.03
2040,68,8982.41
2040,69,8985.93
2040,70,9093.62
2040,71,9093.25
2040,72,9015.39
2040,73,9179.79
2040,74,9021.26
2040,75,9030.75
2040,76,9018.61
2040,77,8939.16
2040,78,9184.46
2040,79,9055.51
2040,80,9171.89
2040,81,9113.8
2040,82,9162.62
2040,83,9003.13
2040,84,9203.11
2040,85,9116.43
2040,86,9011.45
2040,87,9059.22
2040,88,9164.72
2040,89,9124.65
2040,90,9093.01
2040,91,8909.82
2040,92,8984.12
2040,93,9128.88
2040,94,9144.48
2040,95,9109.65
2040,96,8973.08
2040,97,8977.79
2040,98,9007.96
2040,99,9099.26
2050,0,9145.72
2050,1,8964.46
2050,2,9094.1
2050,3,9102.05
2050,4,9069.7
2050,5,9120.75
2050,6,9049.94
2050,7,9053.57
2050,8,9075.98
2050,9,8927.75
2050,10,9098.58
2050,11,9033.37
2050,12,8961.56
2050,13,8981.51
2050,14,9058.11
2050,15,9072.8
2050,16,9090.62
2050,17,9151.95
2050,18,9030.62
2050,19,9078.34
2050,20,9137.5
2050,21,8876.35
2050,22,9142.02
2050,23,9096.68
2050,24,9034.88
2050,25,8955.29
2050,26,9004.14
2050,27,9115.54
2050,28,8953.13
2050,29,8937.23
2050,30,9069.79
2050,31,9081.49
2050,32,9071.8
2050,33,8975.09
2050,34,9040
2050,35,9110.24
2050,36,8886.51
2050,37,9118.2
2050,38,9076
2050,39,8917.72
2050,40,9129.16
2050,41,8978.98
2050,42,8902.92
2050,43,9169.58
2050,44,9082.56
2050,45,9031.36
2050,46,9036.44
2050,47,9179.21
2050,48,9009.5
2050,49,9075.59
2050,50,8954.58
2050,51,9067.97
2050,52,9008.84
2050,53,9035.08
2050,54,9172.24
2050,55,9054.68
2050,56,9181.33
2050,57,9221.79
2050,58,8966.42
2050,59,9055.45
2050,60,8903.17
2050,61,9075.56
2050,62,9125.52
2050,63,8906.89
2050,64,9037.99
2050,65,8958.36
2050,66,9124.86
2050,67,8975.15
2050,68,8972.15
2050,69,8975.06
2050,70,9080.77
2050,71,9081.02
2050,72,9004.59
2050,73,9167.43
2050,74,9009.37
2050,75,9016.62
2050,76,9008.51
2050,77,8923.47
2050,78,9172.86
2050,79,9044.76
2050,80,9160.35
2050,81,9101.61
2050,82,9150.3
2050,83,8992.78
2050,84,9192.85
2050,85,9104.36
2050,86,9000.11
2050,87,9045.45
2050,88,9153.41
2050,89,9113.18
2050,90,9081.88
2050,91,8893.58
2050,92,8973.68
2050,93,9116.46
2050,94,9132.64
2050,95,9099
2050,96,8958.47
2050,97,8967.38
2050,98,8994.71
2050,99,9089.46
2060,0,9145.42
2060,1,8964.18
2060,2,9093.8
2060,3,9101.75
2060,4,9069.4
2060,5,9120.46
2060,6,9049.64
2060,7,9053.27
2060,8,9075.68
2060,9,8927.45
2060,10,9098.28
2060,11,9033.11
2060,12,8961.27
2060,13,8981.21
2060,14,9057.82
2060,15,9072.5
2060,16,9090.32
2060,17,9151.65
2060,18,9030.32
2060,19,9078.04
2060,20,9137.2
2060,21,8876.08
2060,22,9141.72
2060,23,9096.38
2060,24,9034.61
2060,25,8954.99
2060,26,9003.84
2060,27,9115.24
2060,28,8952.85
2060,29,8936.97
2060,30,9069.49
2060,31,9081.19
2060,32,9071.51
2060,33,8974.79
2060,34,9039.7
2060,35,9109.94
2060,36,8886.22
2060,37,9117.9
2060,38,9075.7
2060,39,8917.42
2060,40,9128.86
2060,41,8978.68
2060,42,8902.63
2060,43,9169.28
2060,44,9082.27
2060,45,9031.07
2060,46,9036.14
2060,47,9178.91
2060,48,9009.21
2060,49,9075.29
2060,50,8954.29
2060,51,9067.67
2060,52,9008.55
2060,53,9034.81
2060,54,9171.94
2060,55,9054.38
2060,56,9181.03
2060,57,9221.49
2060,58,8966.12
2060,59,9055.15
2060,60,8902.89
2060,61,9075.26
2060,62,9125.22
2060,63,8906.63
2060,64,9037.69
2060,65,8958.06
2060,66,9124.58
2060,67,8974.88
2060,68,8971.85
2060,69,8974.76
2060,70,9080.48
2060,71,9080.72
2060,72,9004.29
2060,73,9167.13
2060,74,9009.07
2060,75,9016.35
2060,76,9008.21
2060,77,8923.19
2060,78,9172.56
2060,79,9044.46
2060,80,9160.05
2060,81,9101.31
2060,82,9150
2060,83,8992.48
2060,84,9192.55
2060,85,9104.06
2060,86,8999.81
2060,87,9045.17
2060,88,9153.11
2060,89,9112.88
2060,90,9081.58
2060,91,8893.32
2060,92,8973.38
2060,93,9116.16
2060,94,9132.34
2060,95,9098.7
2060,96,8958.18
2060,97,8967.08
2060,98,8994.41
2060,99,9089.16
2070,0,9145.12
2070,1,8963.88
2070,2,9093.5
2070,3,9101.45
2070,4,9069.1
2070,5,9120.16
2070,6,9049.34
2070,7,9052.97
2070,8,9075.38
2070,9,8927.15
2070,10,9097.98
2070,11,9032.81
2070,12,8960.97
2070,13,8980.91
2070,14,9057.52
2070,15,9072.2
2070,16,9090.02
2070,17,9151.35
2070,18,9030.02
2070,19,9077.74
2070,20,9136.9
2070,21,8875.78
2070,22,9141.42
2070,23,9096.08
2070,24,9034.31
2070,25,8954.69
2070,26,9003.54
2070,27,9114.94
2070,28,8952.55
2070,29,8936.67
2070,30,9069.19
2070,31,9080.89
2070,32,9071.21
2070,33,8974.49
2070,34,9039.4
2070,35,9109.64
2070,36,8885.92
2070,37,9117.6
2070,38,9075.4
2070,39,8917.12
2070,40,9128.56
2070,41,8978.38
2070,42,8902.33
2070,43,9168.98
2070,44,9081.97
2070,45,9030.77
2070,46,9035.84
2070,47,9178.61
2070,48,9008.91
2070,49,9074.99
2070,50,8953.99
2070,51,9067.37
2070,52,9008.25
2070,53,9034.51
2070,54,9171.64
2070,55,9054.08
2070,56,9180.73
2070,57,9221.19
2070,58,8965.82
2070,59,9054.85
2070,60,8902.59
2070,61,9074.96
2070,62,9124.92
2070,63,8906.33
2070,64,9037.39
2070,65,8957.76
2070,66,9124.28
2070,67,8974.58
2070,68,8971.55
2070,69,8974.46
2070,70,9080.18
2070,71,9080.42
2070,72,9003.99
2070,73,9166.83
2070,74,9008.77
2070,75,9016.05
2070,76,9007.91
2070,77,8922.89
2070,78,9172.26
2070,79,9044.16
2070,80,9159.75
2070,81,9101.01
2070,82,9149.7
2070,83,8992.18
2070,84,9192.25
2070,85,9103.76
2070,86,8999.51
2070,87,9044.87
2070,88,9152.81
2070,89,9112.58
2070,90,9081.28
2070,91,8893.02
2070,92,8973.08
2070,93,9115.86
2070,94,9132.04
2070,95,9098.4
2070,96,8957.88
2070,97,8966.78
2070,98,8994.11
2070,99,9088.86
2080,0,9135.17
2080,1,8950.95
2080,2,9082.34
2080,3,9089.47
2080,4,9059.35
2080,5,9106.97
2080,6,9039.51
2080,7,9038.8
2080,8,9063.32
2080,9,8914.41
2080,10,9088.13
2080,11,9017.18
2080,12,8949.11
2080,13,8969.04
2080,14,9046.78
2080,15,9060.31
2080,16,9079.47
2080,17,9137.83
2080,18,9018.69
2080,19,9066.04
2080,20,9126.4
2080,21,8858.71
2080,22,9130.92
2080,23,9084.1
2080,24,9019.33
2080,25,8944.65
2080,26,8988.76
2080,27,9104.61
2080,28,8940.08
2080,29,8920.91
2080,30,9058.43
2080,31,9069.5
2080,32,9060.68
2080,33,8962.66
2080,34,9029.4
2080,35,9098.83
2080,36,8876.35
2080,37,9108.36
2080,38,9063.69
2080,39,8905.37
2080,40,9119.64
2080,41,8967.21
2080,42,8890.45
2080,43,9161.47
2080,44,9068.75
2080,45,9017.82
2080,46,9023.51
2080,47,9167.29
2080,48,8997.06
2080,49,9063.89
2080,50,8938.17
2080,51,9055.81
2080,52,8994.71
2080,53,9019.96
2080,54,9160.53
2080,55,9037.65
2080,56,9170.54
2080,57,9211.61
2080,58,8954.01
2080,59,9040.18
2080,60,8887.77
2080,61,9064.05
2080,62,9113.76
2080,63,8891.82
2080,64,9026.52
2080,65,8946.44
2080,66,9111.13
2080,67,8963.57
2080,68,8960.35
2080,69,8963.47
2080,70,9068.41
2080,71,9067.83
2080,72,8993.29
2080,73,9157.16
2080,74,8997.37
2080,75,9001.53
2080,76,8997.64
2080,77,8909.67
2080,78,9160.05
2080,79,9034
2080,80,9149.04
2080,81,9088.74
2080,82,9138.86
2080,83,8981.67
2080,84,9181.36
2080,85,9091.53
2080,86,8987.99
2080,87,9031.11
2080,88,9140.76
2080,89,9101.32
2080,90,9070.35
2080,91,8877.49
2080,92,8962.52
2080,93,9102.66
2080,94,9120.28
2080,95,9087.58
2080,96,8945.36
2080,97,8956.03
2080,98,8983.08
2080,99,9079.36
2090,0,9134.87
2090,1,8950.67
2090,2,9082.04
2090,3,9089.18
2090,4,9059.05
2090,5,9106.69
2090,6,9039.21
2090,7,9038.53
2090,8,9063.04
2090,9,8914.12
2090,10,9087.83
2090,11,9016.93
2090,12,8948.81
2090,13,8968.75
2090,14,9046.48
2090,15,9060.01
2090,16,9079.17
2090,17,9137.53
2090,18,9018.4
2090,19,9065.74
2090,20,9126.1
2090,21,8858.47
2090,22,9130.62
2090,23,9083.81
2090,24,9019.07
2090,25,8944.35
2090,26,8988.51
2090,27,9104.31
2090,28,8939.79
2090,29,8920.66
2090,30,9058.14
2090,31,9069.2
2090,32,9060.38
2090,33,8962.38
2090,34,9029.1
2090,35,9098.53
2090,36,8876.05
2090,37,9108.06
2090,38,9063.4
2090,39,8905.09
2090,40,9119.34
2090,41,8966.92
2090,42,8890.15
2090,43,9161.17
2090,44,9068.48
2090,45,9017.54
2090,46,9023.22
2090,47,9166.99
2090,48,8996.77
2090,49,9063.59
2090,50,8937.92
2090,51,9055.52
2090,52,8994.44
2090,53,9019.69
2090,54,9160.23
2090,55,9037.35
2090,56,9170.24
2090,57,9211.31
2090,58,8953.71
2090,59,9039.89
2090,60,8887.51
2090,61,9063.75
2090,62,9113.47
2090,63,8891.54
2090,64,9026.22
2090,65,8946.15
2090,66,9110.86
2090,67,8963.28
2090,68,8960.07
2090,69,8963.17
2090,70,9068.13
2090,71,9067.56
2090,72,8992.99
2090,73,9156.86
2090,74,8997.07
2090,75,9001.27
2090,76,8997.34
2090,77,8909.39
2090,78,9159.76
2090,79,9033.7
2090,80,9148.74
2090,81,9088.46
2090,82,9138.56
2090,83,8981.38
2090,84,9181.06
2090,85,9091.23
2090,86,8987.69
2090,87,9030.84
2090,88,9140.48
2090,89,9101.02
2090,90,9070.05
2090,91,8877.23
2090,92,8962.22
2090,93,9102.37
2090,94,9119.98
2090,95,9087.28
2090,96,8945.07
2090,97,8955.74
2090,98,8982.78
2090,99,9079.06
2100,0,9134.57
2100,1,8950.37
2100,2,9081.74
2100,3,9088.88
2100,4,9058.75
2100,5,9106.39
2100,6,9038.91
2100,7,9038.23
2100,8,9062.74
2100,9,8913.82
2100,10,9087.53
2100,11,9016.63
2100,12,8948.51
2100,13,8968.45
2100,14,9046.18
2100,15,9059.71
2100,16,9078.87
2100,17,9137.23
2100,18,9018.1
2100,19,9065.44
2100,20,9125.8
2100,21,8858.17
2100,22,9130.32
2100,23,9083.51
2100,24,9018.77
2100,25,8944.05
2100,26,8988.21
2100,27,9104.01
2100,28,8939.49
2100,29,8920.36
2100,30,9057.84
2100,31,9068.9
2100,32,9060.08
2100,33,8962.08
2100,34,9028.8
2100,35,9098.23
2100,36,8875.75
2100,37,9107.76
2100,38,9063.1
2100,39,8904.79
2100,40,9119.04
2100,41,8966.62
2100,42,8889.85
2100,43,9160.87
2100,44,9068.18
2100,45,9017.24
2100,46,9022.92
2100,47,9166.69
2100,48,8996.47
2100,49,9063.29
2100,50,8937.62
2100,51,9055.22
2100,52,8994.14
2100,53,9019.39
2100,54,9159.93
2100,55,9037.05
2100,56,9169.94
2100,57,9211.01
2100,58,8953.41
2100,59,9039.59
2100,60,8887.21
2100,61,9063.45
2100,62,9113.17
2100,63,8891.24
2100,64,9025.92
2100,65,8945.85
2100,66,9110.56
2100,67,8962.98
2100,68,8959.77
2100,69,8962.87
2100,70,9067.83
2100,71,9067.26
2100,72,8992.69
2100,73,9156.56
2100,74,8996.77
2100,75,9000.97
2100,76,8997.04
2100,77,8909.09
2100,78,9159.46
2100,79,9033.4
2100,80,9148.44
2100,81,9088.16
2100,82,9138.26
2100,83,8981.08
2100,84,9180.76
2100,85,9090.93
2100,86,8987.39
2100,87,9030.54
2100,88,9140.18
2100,89,9100.72
2100,90,9069.75
2100,91,8876.93
2100,92,8961.92
2100,93,9102.07
2100,94,9119.68
2100,95,9086.98
2100,96,8944.77
2100,97,8955.44
2100,98,8982.48
2100,99,9078.76
2110,0,9119.44
2110,1,8935.64
2110,2,9071.24
2110,3,9072.77
2110,4,9044.76
2110,5,9090.78
2110,6,9027.4
2110,7,9023.82
2110,8,9052.11
2110,9,8899.35
2110,10,9077.31
2110,11,9002.77
2110,12,8934.97
2110,13,8956.9
2110,14,9032.24
2110,15,9048.5
2110,16,9063.82
2110,17,9121.77
2110,18,9004.65
2110,19,9053.22
2110,20,9113.35
2110,21,8843.31
2110,22,9114.56
2110,23,9067.44
2110,24,9005.83
2110,25,8930.37
2110,26,8972.55
2110,27,9091.41
2110,28,8923.04
2110,29,8904.83
2110,30,9046.55
2110,31,9052.53
2110,32,9047.18
2110,33,8948.01
2110,34,9015.4
2110,35,9087.54
2110,36,8863.31
2110,37,9094.88
2110,38,9048.24
2110,39,8891.02
2110,40,9107.27
2110,41,8950.65
2110,42,8874.13
2110,43,9150.8
2110,44,9056.74
2110,45,9004.98
2110,46,9008.75
2110,47,9155.46
2110,48,8980.44
2110,49,9051.65
2110,50,8921.3
2110,51,9041.58
2110,52,8981.66
2110,53,9006.13
2110,54,9146.92
2110,55,9024.57
2110,56,9159.1
2110,57,9198.24
2110,58,8941.07
2110,59,9028.12
2110,60,8873.68
2110,61,9052.89
2110,62,9102.54
2110,63,8874.98
2110,64,9014.89
2110,65,8935.06
2110,66,9097.91
2110,67,8947.3
2110,68,8943.69
2110,69,8952.27
2110,70,9054.93
2110,71,9052.93
2110,72,8977.99
2110,73,9142.4
2110,74,8984.94
2110,75,8987.65
2110,76,8982.42
2110,77,8894.25
2110,78,9143.1
2110,79,9018.62
2110,80,9138.38
2110,81,9077.32
2110,82,9127.39
2110,83,8968.07
2110,84,9170.27
2110,85,9081.24
2110,86,8975.21
2110,87,9018.75
2110,88,9127.2
2110,89,9087.55
2110,90,9056.86
2110,91,8863.1
2110,92,8949.92
2110,93,9090.82
2110,94,9103.22
2110,95,9071.44
2110,96,8930.6
2110,97,8939.12
2110,98,8969.14
2110,99,9068.09
2120,0,9119.18
2120,1,8935.39
2120,2,9070.95
2120,3,9072.54
2120,4,9044.5
2120,5,9090.54
2120,6,9027.12
2120,7,9023.57
2120,8,9051.82
2120,9,8899.09
2120,10,9077.03
2120,11,9002.52
2120,12,8934.71
2120,13,8956.62
2120,14,9032
2120,15,9048.22
2120,16,9063.58
2120,17,9121.49
2120,18,9004.39
2120,19,9052.95
2120,20,9113.07
2120,21,8843.07
2120,22,9114.29
2120,23,9067.18
2120,24,9005.57
2120,25,8930.12
2120,26,8972.33
2120,27,9091.14
2120,28,8922.8
2120,29,8904.59
2120,30,9046.26
2120,31,9052.26
2120,32,9046.92
2120,33,8947.77
2120,34,9015.15
2120,35,9087.26
2120,36,8863.06
2120,37,9094.62
2120,38,9047.98
2120,39,8890.78
2120,40,9106.99
2120,41,8950.43
2120,42,8873.89
2120,43,9150.51
2120,44,9056.47
2120,45,9004.72
2120,46,9008.49
2120,47,9155.17
2120,48,8980.22
2120,49,9051.36
2120,50,8921.07
2120,51,9041.32
2120,52,8981.4
2120,53,9005.87
2120,54,9146.65
2120,55,9024.29
2120,56,9158.82
2120,57,9197.98
2120,58,8940.8
2120,59,9027.85
2120,60,8873.42
2120,61,9052.6
2120,62,9102.27
2120,63,8874.74
2120,64,9014.6
2120,65,8929.93
2120,66,9097.66
2120,67,8947.07
2120,68,8943.47
2120,69,8951.97
2120,70,9054.66
2120,71,9052.68
2120,72,8977.75
2120,73,9142.15
2120,74,8984.66
2120,75,8987.4
2120,76,8982.18
2120,77,8894
2120,78,9142.86
2120,79,9018.38
2120,80,9138.1
2120,81,9077.04
2120,82,9127.09
2120,83,8967.81
2120,84,9169.98
2120,85,9080.94
2120,86,8974.94
2120,87,9018.48
2120,88,9126.93
2120,89,9087.28
2120,90,9056.58
2120,91,8862.84
2120,92,8949.66
2120,93,9090.54
2120,94,9102.97
2120,95,9071.2
2120,96,8930.33
2120,97,8938.91
2120,98,8968.87
2120,99,9067.82
2130,0,9118.88
2130,1,8935.09
2130,2,9070.65
2130,3,9072.24
2130,4,9044.2
2130,5,9090.24
2130,6,9026.82
2130,7,9023.27
2130,8,9051.52
2130,9,8898.79
2130,10,9076.73
2130,11,9002.22
2130,12,8934.41
2130,13,8956.32
2130,14,9031.7
2130,15,9047.92
2130,16,9063.28
2130,17,9121.19
2130,18,9004.09
2130,19,9052.65
2130,20,9112.77
2130,21,8842.77
2130,22,9113.99
2130,23,9066.88
2130,24,9005.27
2130,25,8929.82
2130,26,8972.03
2130,27,9090.84
2130,28,8922.5
2130,29,8904.29
2130,30,9045.96
2130,31,9051.96
2130,32,9046.62
2130,33,8947.47
2130,34,9014.85
2130,35,9086.96
2130,36,8862.76
2130,37,9094.32
2130,38,9047.68
2130,39,8890.48
2130,40,9106.69
2130,41,8950.13
2130,42,8873.59
2130,43,9150.21
2130,44,9056.17
2130,45,9004.42
2130,46,9008.19
2130,47,9154.87
2130,48,8979.92
2130,49,9051.06
2130,50,8920.77
2130,51,9041.02
2130,52,8981.1
2130,53,9005.57
2130,54,9146.35
2130,55,9023.99
2130,56,9158.52
2130,57,9197.68
2130,58,8940.5
2130,59,9027.55
2130,60,8873.12
2130,61,9052.3
2130,62,9101.97
2130,63,8874.44
2130,64,9014.3
2130,65,8929.63
2130,66,9097.36
2130,67,8946.77
2130,68,8943.17
2130,69,8951.67
2130,70,9054.36
2130,71,9052.38
2130,72,8977.45
2130,73,9141.85
2130,74,8984.36
2130,75,8987.1
2130,76,8981.88
2130,77,8893.7
2130,78,9142.56
2130,79,9018.08
2130,80,9137.8
2130,81,9076.74
2130,82,9126.79
2130,83,8967.51
2130,84,9169.68
2130,85,9080.64
2130,86,8974.64
2130,87,9018.18
2130,88,9126.63
2130,89,9086.98
2130,90,9056.28
2130,91,8862.54
2130,92,8949.36
2130,93,9090.24
2130,94,9102.67
2130,95,9070.9
2130,96,8930.03
2130,97,8938.61
2130,98,8968.57
2130,99,9067.52
2140,0,9106.83
2140,1,8920.97
2140,2,9059.96
2140,3,9057.47
2140,4,9031.1
2140,5,9076.55
2140,6,9013.78
2140,7,9011.89
2140,8,9040.82
2140,9,8884.94
2140,10,9066.26
2140,11,8990.12
2140,12,8921.89
2140,13,8946.07
2140,14,9019.65
2140,15,9035.82
2140,16,9049.2
2140,17,9111
2140,18,8992.27
2140,19,9040.72
2140,20,9101.99
2140,21,8827.37
2140,22,9101.69
2140,23,9054.5
2140,24,8991.82
2140,25,8920
2140,26,8958.03
2140,27,9079.8
2140,28,8908.94
2140,29,8888.72
2140,30,9034.35
2140,31,9037.74
2140,32,9033.61
2140,33,8936.27
2140,34,9004.66
2140,35,9075.75
2140,36,8850.45
2140,37,9082.2
2140,38,9035.44
2140,39,8877.1
2140,40,9096.74
2140,41,8938.81
2140,42,8858.26
2140,43,9141.16
2140,44,9042.51
2140,45,8992.67
2140,46,8994.49
2140,47,9144.44
2140,48,8969.13
2140,49,9038.37
2140,50,8905.58
2140,51,9028.33
2140,52,8969.47
2140,53,8991.58
2140,54,9134.54
2140,55,9008.49
2140,56,9147.64
2140,57,9185.76
2140,58,8928.42
2140,59,9016.77
2140,60,8859.25
2140,61,9041.3
2140,62,9091.9
2140,63,8857.86
2140,64,9001.3
2140,65,8918.86
2140,66,9086.86
2140,67,8935.54
2140,68,8931.74
2140,69,8941.14
2140,70,9042.07
2140,71,9041.54
2140,72,8966.43
2140,73,9129.67
2140,74,8973.33
2140,75,8974.25
2140,76,8970.79
2140,77,8879.32
2140,78,9127.1
2140,79,9007.35
2140,80,9126.92
2140,81,9065.44
2140,82,9118.08
2140,83,8957.37
2140,84,9159.41
2140,85,9069
2140,86,8963
2140,87,9006.21
2140,88,9116.36
2140,89,9076.35
2140,90,9045.5
2140,91,8846.84
2140,92,8936
2140,93,9078.34
2140,94,9088.23
2140,95,9058.11
2140,96,8917.13
2140,97,8927
2140,98,8955.04
2140,99,9057.11
2150,0,9106.56
2150,1,8920.73
2150,2,9059.68
2150,3,9057.23
2150,4,9030.85
2150,5,9076.3
2150,6,9013.53
2150,7,9011.62
2150,8,9040.54
2150,9,8884.69
2150,10,9065.99
2150,11,8989.87
2150,12,8921.63
2150,13,8945.79
2150,14,9019.41
2150,15,9035.56
2150,16,9048.96
2150,17,9110.73
2150,18,8992.01
2150,19,9040.46
2150,20,9101.7
2150,21,8827.14
2150,22,9101.44
2150,23,9054.24
2150,24,8991.58
2150,25,8915.63
2150,26,8957.8
2150,27,9079.53
2150,28,8906.53
2150,29,8888.49
2150,30,9034.09
2150,31,9037.47
2150,32,9033.36
2150,33,8936.02
2150,34,9004.38
2150,35,9075.49
2150,36,8850.21
2150,37,9081.95
2150,38,9035.19
2150,39,8876.86
2150,40,9096.45
2150,41,8938.55
2150,42,8858.02
2150,43,9140.87
2150,44,9042.27
2150,45,8992.42
2150,46,8994.25
2150,47,9144.17
2150,48,8964.61
2150,49,9038.1
2150,50,8905.35
2150,51,9028.07
2150,52,8969.21
2150,53,8991.34
2150,54,9134.29
2150,55,9008.22
2150,56,9147.37
2150,57,9185.51
2150,58,8928.15
2150,59,9016.5
2150,60,8859
2150,61,9041.03
2150,62,9091.63
2150,63,8857.64
2150,64,9001.05
2150,65,8913.77
2150,66,9086.59
2150,67,8930.24
2150,68,8931.49
2150,69,8940.85
2150,70,9041.81
2150,71,9037.16
2150,72,8966.16
2150,73,9129.41
2150,74,8973.05
2150,75,8974.01
2150,76,8970.53
2150,77,8879.08
2150,78,9126.87
2150,79,9003.45
2150,80,9126.65
2150,81,9065.18
2150,82,9117.79
2150,83,8953.27
2150,84,9159.13
2150,85,9068.71
2150,86,8962.74
2150,87,9005.95
2150,88,9116.08
2150,89,9076.07
2150,90,9045.24
2150,91,8846.61
2150,92,8935.76
2150,93,9078.07
2150,94,9087.98
2150,95,9057.86
2150,96,8916.88
2150,97,8926.75
2150,98,8954.79
2150,99,9056.84
2160,0,9106.26
2160,1,8920.43
2160,2,9059.38
2160,3,9056.93
2160,4,9030.55
2160,5,9076
2160,6,9013.23
2160,7,9011.32
2160,8,9040.24
2160,9,8884.39
2160,10,9065.69
2160,11,8989.57
2160,12,8921.33
2160,13,8945.49
2160,14,9019.11
2160,15,9035.26
2160,16,9048.66
2160,17,9110.43
2160,18,8991.71
2160,19,9040.16
2160,20,9101.4
2160,21,8826.84
2160,22,9101.14
2160,23,9053.94
2160,24,8991.28
2160,25,8915.33
2160,26,8957.5
2160,27,9079.23
2160,28,8906.23
2160,29,8888.19
2160,30,9033.79
2160,31,9037.17
2160,32,9033.06
2160,33,8935.72
2160,34,9004.08
2160,35,9075.19
2160,36,8849.91
2160,37,9081.65
2160,38,9034.89
2160,39,8876.56
2160,40,9096.15
2160,41,8938.25
2160,42,8857.72
2160,43,9140.57
2160,44,9041.97
2160,45,8992.12
2160,46,8993.95
2160,47,9143.87
2160,48,8964.31
2160,49,9037.8
2160,50,8905.05
2160,51,9027.77
2160,52,8968.91
2160,53,8991.04
2160,54,9133.99
2160,55,9007.92
2160,56,9147.07
2160,57,9185.21
2160,58,8927.85
2160,59,9016.2
2160,60,8858.7
2160,61,9040.73
2160,62,9091.33
2160,63,8857.34
2160,64,9000.75
2160,65,8913.47
2160,66,9086.29
2160,67,8929.94
2160,68,8931.19
2160,69,8940.55
2160,70,9041.51
2160,71,9036.86
2160,72,8965.86
2160,73,9129.11
2160,74,8972.75
2160,75,8973.71
2160,76,8970.23
2160,77,8878.78
2160,78,9126.57
2160,79,9003.15
2160,80,9126.35
2160,81,9064.88
2160,82,9117.49
2160,83,8952.97
2160,84,9158.83
2160,85,9068.41
2160,86,8962.44
2160,87,9005.65
2160,88,9115.78
2160,89,9075.77
2160,90,9044.94
2160,91,8846.31
2160,92,8935.46
2160,93,9077.77
2160,94,9087.68
2160,95,9057.56
2160,96,8916.58
2160,97,8926.45
2160,98,8954.49
2160,99,9056.54
2170,0,9095.17
2170,1,8907.73
2170,2,9049.69
2170,3,9045.05
2170,4,9020.72
2170,5,9064.04
2170,6,9002.63
2170,7,8999.48
2170,8,9032.15
2170,9,8871.04
2170,10,9057.05
2170,11,8977.7
2170,12,8908.76
2170,13,8935.21
2170,14,9010.04
2170,15,9025.99
2170,16,9037.77
2170,17,9098.05
2170,18,8982.15
2170,19,9030.2
2170,20,9093.48
2170,21,8812.05
2170,22,9091.71
2170,23,9045.97
2170,24,8981.45
2170,25,8905.79
2170,26,8947.39
2170,27,9070.65
2170,28,8894.13
2170,29,8872.62
2170,30,9022.43
2170,31,9022.63
2170,32,9022.7
2170,33,8924.75
2170,34,8994.96
2170,35,9066.13
2170,36,8835.55
2170,37,9071.65
2170,38,9024.86
2170,39,8866.17
2170,40,9087.53
2170,41,8926.88
2170,42,8845.99
2170,43,9133.43
2170,44,9031.35
2170,45,8983.16
2170,46,8981.34
2170,47,9134.99
2170,48,8952.68
2170,49,9028.15
2170,50,8890.21
2170,51,9017.78
2170,52,8959.2
2170,53,8976.79
2170,54,9124.37
2170,55,8994.57
2170,56,9137.15
2170,57,9177.35
2170,58,8913.93
2170,59,9008.1
2170,60,8847.72
2170,61,9029.66
2170,62,9083.26
2170,63,8843.44
2170,64,8991.23
2170,65,8903.04
2170,66,9076.55
2170,67,8918.03
2170,68,8919.72
2170,69,8928.27
2170,70,9029.04
2170,71,9025.21
2170,72,8955.3
2170,73,9119.73
2170,74,8961.51
2170,75,8963.95
2170,76,8959.05
2170,77,8866.96
2170,78,9114.82
2170,79,8991.55
2170,80,9115.43
2170,81,9054.24
2170,82,9107.76
2170,83,8942.78
2170,84,9148.45
2170,85,9058.01
2170,86,8950.49
2170,87,8996.28
2170,88,9105.76
2170,89,9066.18
2170,90,9035.44
2170,91,8830.48
2170,92,8924.64
2170,93,9065.42
2170,94,9077.63
2170,95,9047.69
2170,96,8903.65
2170,97,8914.81
2170,98,8941.13
2170,99,9047.64
2180,0,9090.15
2180,1,8907.5
2180,2,9047.62
2180,3,9038.89
2180,4,9015.46
2180,5,9059.89
2180,6,8998.21
2180,7,8995.24
2180,8,9027.43
2180,9,8870.81
2180,10,9052.89
2180,11,8971.72
2180,12,8904.91
2180,13,8932.07
2180,14,9003.9
2180,15,9023.55
2180,16,9032.57
2180,17,9097.8
2180,18,8977.36
2180,19,9027.35
2180,20,9089.48
2180,21,8811.83
2180,22,9088.96
2180,23,9042.97
2180,24,8976.18
2180,25,8899.73
2180,26,8941.66
2180,27,9066.13
2180,28,8889.91
2180,29,8872.4
2180,30,9018.83
2180,31,9018.54
2180,32,9017.1
2180,33,8918.24
2180,34,8990.18
2180,35,9061.99
2180,36,8835.32
2180,37,9067.2
2180,38,9019.51
2180,39,8860.1
2180,40,9084.33
2180,41,8920.4
2180,42,8841.94
2180,43,9130.34
2180,44,9026.72
2180,45,8977.57
2180,46,8981.1
2180,47,9132.55
2180,48,8946.06
2180,49,9024.22
2180,50,8889.99
2180,51,9012.36
2180,52,8954.15
2180,53,8976.57
2180,54,9120.16
2180,55,8990.61
2180,56,9134.69
2180,57,9172.68
2180,58,8913.7
2180,59,9003.49
2180,60,8843.55
2180,61,9029.4
2180,62,9079.15
2180,63,8843.21
2180,64,8987.42
2180,65,8896.63
2180,66,9070.88
2180,67,8910.96
2180,68,8912.77
2180,69,8924.75
2180,70,9028.8
2180,71,9019.08
2180,72,8949.43
2180,73,9114.56
2180,74,8961.25
2180,75,8959.47
2180,76,8953.34
2180,77,8862.75
2180,78,9109
2180,79,8985.98
2180,80,9115.18
2180,81,9053.99
2180,82,9104.74
2180,83,8936.33
2180,84,9148.18
2180,85,9055.8
2180,86,8945.26
2180,87,8991.07
2180,88,9105.48
2180,89,9062.95
2180,90,9031.56
2180,91,8830.27
2180,92,8919.04
2180,93,9065.17
2180,94,9072.21
2180,95,9041.58
2180,96,8903.42
2180,97,8907.88
2180,98,8940.89
2180,99,9043.49
2190,0,9089.85
2190,1,8907.2
2190,2,9047.32
2190,3,9038.59
2190,4,9015.16
2190,5,9059.59
2190,6,8997.91
2190,7,8994.94
2190,8,9027.13
2190,9,8870.51
2190,10,9052.59
2190,11,8971.42
2190,12,8904.61
2190,13,8931.77
2190,14,9003.6
2190,15,9023.25
2190,16,9032.27
2190,17,9097.5
2190,18,8977.06
2190,19,9027.05
2190,20,9089.18
2190,21,8811.53
2190,22,9088.66
2190,23,9042.67
2190,24,8975.88
2190,25,8899.43
2190,26,8941.36
2190,27,9065.83
2190,28,8889.61
2190,29,8872.1
2190,30,9018.53
2190,31,9018.24
2190,32,9016.8
2190,33,8917.94
2190,34,8989.88
2190,35,9061.69
2190,36,8835.02
2190,37,9066.9
2190,38,9019.21
2190,39,8859.8
2190,40,9084.03
2190,41,8920.1
2190,42,8841.64
2190,43,9130.04
2190,44,9026.42
2190,45,8977.27
2190,46,8980.8
2190,47,9132.25
2190,48,8945.76
2190,49,9023.92
2190,50,8889.69
2190,51,9012.06
2190,52,8953.85
2190,53,8976.27
2190,54,9119.86
2190,55,8990.31
2190,56,9134.39
2190,57,9172.38
2190,58,8913.4
2190,59,9003.19
2190,60,8843.25
2190,61,9029.1
2190,62,9078.85
2190,63,8842.91
2190,64,8987.12
2190,65,8896.33
2190,66,9070.58
2190,67,8910.66
2190,68,8912.47
2190,69,8924.45
2190,70,9028.5
2190,71,9018.78
2190,72,8949.13
2190,73,9114.26
2190,74,8960.95
2190,75,8959.17
2190,76,8953.04
2190,77,8862.45
2190,78,9108.7
2190,79,8985.68
2190,80,9114.88
2190,81,9053.69
2190,82,9104.44
2190,83,8936.03
2190,84,9147.88
2190,85,9055.5
2190,86,8944.96
2190,87,8990.77
2190,88,9105.18
2190,89,9062.65
2190,90,9031.26
2190,91,8829.97
2190,92,8918.74
2190,93,9064.87
2190,94,9071.91
2190,95,9041.28
2190,96,8903.12
2190,97,8907.58
2190,98,8940.59
2190,99,9043.19
2200,0,9078.94
2200,1,8896.29
2200,2,9037.54
2200,3,9025.2
2200,4,9004.61
2200,5,9046.96
2200,6,8986.23
2200,7,8985.3
2200,8,9019.41
2200,9,8858.34
2200,10,9040.88
2200,11,8960.76
2200,12,8894.58
2200,13,8921.32
2200,14,8991.7
2200,15,9013.49
2200,16,9020.2
2200,17,9087.7
2200,18,8968.19
2200,19,9016.24
2200,20,9079.65
2200,21,8798.47
2200,22,9077.56
2200,23,9034.5
2200,24,8965.65
2200,25,8889.81
2200,26,8931.4
2200,27,9056.9
2200,28,8877.74
2200,29,8858.13
2200,30,9010.43
2200,31,9002.9
2200,32,9007.09
2200,33,8908.2
2200,34,8980.75
2200,35,9053.15
2200,36,8822.18
2200,37,9056.49
2200,38,9007.74
2200,39,8850.16
2200,40,9075.08
2200,41,8908.09
2200,42,8829.06
2200,43,9120.72
2200,44,9017.3
2200,45,8968.6
2200,46,8969.87
2200,47,9122.49
2200,48,8933.04
2200,49,9013.99
2200,50,8876.42
2200,51,9002.01
2200,52,8944.16
2200,53,8963.73
2200,54,9109.04
2200,55,8977.14
2200,56,9124.75
2200,57,9165.03
2200,58,8903.35
2200,59,8995.39
2200,60,8832.38
2200,61,9017.97
2200,62,9068.04
2200,63,8828.97
2200,64,8978.87
2200,65,8886.4
2200,66,9061.45
2200,67,8898.13
2200,68,8901.01
2200,69,8913.93
2200,70,9015.97
2200,71,9007.24
2200,72,8938.99
2200,73,9104.49
2200,74,8949.23
2200,75,8949.42
2200,76,8941.73
2200,77,8850.81
2200,78,9095.86
2200,79,8974.69
2200,80,9104.98
2200,81,9043.77
2200,82,9093.21
2200,83,8924.86
2200,84,9136.7
2200,85,9045.19
2200,86,8934.1
2200,87,8981.39
2200,88,9093.52
2200,89,9052.49
2200,90,9021.92
2200,91,8816.51
2200,92,8907.92
2200,93,9053.25
2200,94,9061.9
2200,95,9027.89
2200,96,8892.04
2200,97,8895.97
2200,98,8926.39
2200,99,9034.19
2210,0,9071.09
2210,1,8889.88
2210,2,9031.58
2210,3,9017.23
2210,4,8995.59
2210,5,9041.65
2210,6,8981.19
2210,7,8978.01
2210,8,9011.53
2210,9,8853.17
2210,10,9033.99
2210,11,8950.61
2210,12,8887.01
2210,13,8914.64
2210,14,8982.85
2210,15,9009.96
2210,16,9013.19
2210,17,9079.76
2210,18,8959.39
2210,19,9012.18
2210,20,9073.9
2210,21,8791.21
2210,22,9072.83
2210,23,9026.65
2210,24,8956.5
2210,25,8879.13
2210,26,8921.57
2210,27,9049.02
2210,28,8869.05
2210,29,8850.7
2210,30,9004.48
2210,31,8996.47
2210,32,8997.42
2210,33,8896.89
2210,34,8972.81
2210,35,9046.14
2210,36,8814.8
2210,37,9049.33
2210,38,9000.09
2210,39,8839.66
2210,40,9071.04
2210,41,8897.65
2210,42,8820.63
2210,43,9116.82
2210,44,9009.48
2210,45,8959.05
2210,46,8962.5
2210,47,9115.77
2210,48,8923.52
2210,49,9007.56
2210,50,8868.34
2210,51,8992.21
2210,52,8935.44
2210,53,8959.27
2210,54,9102.32
2210,55,8971.55
2210,56,9117.72
2210,57,9156.45
2210,58,8895.15
2210,59,8987.82
2210,60,8825.36
2210,61,9015.58
2210,62,9061.26
2210,63,8821.69
2210,64,8969.2
2210,65,8874.98
2210,66,9051.58
2210,67,8887.9
2210,68,8889.6
2210,69,8907.74
2210,70,9010.19
2210,71,8998.59
2210,72,8928.35
2210,73,9096.17
2210,74,8946.69
2210,75,8941.81
2210,76,8932.65
2210,77,8843.68
2210,78,9087.15
2210,79,8965.14
2210,80,9101.8
2210,81,9037.42
2210,82,9089.59
2210,83,8914.56
2210,84,9133.52
2210,85,9041.26
2210,86,8924.87
2210,87,8972.51
2210,88,9093.25
2210,89,9047.4
2210,90,9015.28
2210,91,8809.01
2210,92,8901.96
2210,93,9049.33
2210,94,9052.57
2210,95,9019.76
2210,96,8886.1
2210,97,8884.69
2210,98,8921.78
2210,99,9027.13
2220,0,9070.79
2220,1,8889.58
2220,2,9031.28
2220,3,9016.93
2220,4,8995.29
2220,5,9041.35
2220,6,8980.89
2220,7,8977.71
2220,8,9011.23
2220,9,8852.87
2220,10,9033.69
2220,11,8950.31
2220,12,8886.71
2220,13,8914.34
2220,14,8982.55
2220,15,9009.66
2220,16,9012.89
2220,17,9079.46
2220,18,8959.09
2220,19,9011.88
2220,20,9073.6
2220,21,8790.91
2220,22,9072.53
2220,23,9026.35
2220,24,8956.2
2220,25,8878.83
2220,26,8921.27
2220,27,9048.72
2220,28,8868.75
2220,29,8850.4
2220,30,9004.18
2220,31,8996.17
2220,32,8997.12
2220,33,8896.59
2220,34,8972.51
2220,35,9045.84
2220,36,8814.5
2220,37,9049.03
2220,38,8999.79
2220,39,8839.36
2220,40,9070.74
2220,41,8897.35
2220,42,8820.33
2220,43,9116.52
2220,44,9009.18
2220,45,8958.75
2220,46,8962.2
2220,47,9115.47
2220,48,8923.22
2220,49,9007.26
2220,50,8868.04
2220,51,8991.91
2220,52,8935.14
2220,53,8958.97
2220,54,9102.02
2220,55,8971.25
2220,56,9117.42
2220,57,9156.15
2220,58,8894.85
2220,59,8987.52
2220,60,8825.06
2220,61,9015.28
2220,62,9060.96
2220,63,8821.39
2220,64,8968.9
2220,65,8874.68
2220,66,9051.28
2220,67,8887.6
2220,68,8889.3
2220,69,8907.44
2220,70,9009.89
2220,71,8998.29
2220,72,8928.05
2220,73,9095.87
2220,74,8946.39
2220,75,8941.51
2220,76,8932.35
2220,77,8843.38
2220,78,9086.85
2220,79,8964.84
2220,80,9101.5
2220,81,9037.12
2220,82,9089.29
2220,83,8914.26
2220,84,9133.22
2220,85,9040.96
2220,86,8924.57
2220,87,8972.21
2220,88,9092.95
2220,89,9047.1
2220,90,9014.98
2220,91,8808.71
2220,92,8901.66
2220,93,9049.03
2220,94,9052.27
2220,95,9019.46
2220,96,8885.8
2220,97,8884.39
2220,98,8921.48
2220,99,9026.83
2230,0,9059.85
2230,1,8879.01
2230,2,9023.36
2230,3,9005.55
2230,4,8984.52
2230,5,9029.67
2230,6,8972.01
2230,7,8968.11
2230,8,9003.47
2230,9,8840.57
2230,10,9025.1
2230,11,8939.31
2230,12,8875.04
2230,13,8904.19
2230,14,8972.84
2230,15,8999.63
2230,16,9001.67
2230,17,9068.88
2230,18,8951.69
2230,19,9001
2230,20,9063.41
2230,21,8777.83
2230,22,9061.27
2230,23,9018.2
2230,24,8945.95
2230,25,8872.79
2230,26,8911.63
2230,27,9038.9
2230,28,8857.39
2230,29,8836.57
2230,30,8996.01
2230,31,8980.07
2230,32,8987.25
2230,33,8887.12
2230,34,8963.75
2230,35,9037.36
2230,36,8801.44
2230,37,9040.23
2230,38,8987.76
2230,39,8828.79
2230,40,9062.24
2230,41,8887.8
2230,42,8808.13
2230,43,9108.02
2230,44,8999.89
2230,45,8949.8
2230,46,8951.62
2230,47,9107.13
2230,48,8912.66
2230,49,8998.66
2230,50,8854.54
2230,51,8981.76
2230,52,8925.39
2230,53,8945.17
2230,54,9091.33
2230,55,8960.47
2230,56,9107.79
2230,57,9145.96
2230,58,8884.9
2230,59,8979.72
2230,60,8814.54
2230,61,9006.66
2230,62,9051.65
2230,63,8807.7
2230,64,8960.96
2230,65,8864.37
2230,66,9042.57
2230,67,8879.02
2230,68,8880.9
2230,69,8899.11
2230,70,8999.37
2230,71,8989.17
2230,72,8920.7
2230,73,9086.34
2230,74,8936.08
2230,75,8932.02
2230,76,8925.01
2230,77,8831.87
2230,78,9075.62
2230,79,8957.72
2230,80,9093.22
2230,81,9027.13
2230,82,9081.35
2230,83,8908.87
2230,84,9123.16
2230,85,9030.47
2230,86,8913.69
2230,87,8962.1
2230,88,9082.83
2230,89,9037.92
2230,90,9005.35
2230,91,8794.66
2230,92,8892.39
2230,93,9036.78
2230,94,9042.23
2230,95,9008.56
2230,96,8874.59
2230,97,8875.89
2230,98,8909.44
2230,99,9018.75
2240,0,9052.84
2240,1,8872.52
2240,2,9018.2
2240,3,8996.26
2240,4,8978.43
2240,5,9023.45
2240,6,8964.18
2240,7,8957.23
2240,8,8995.66
2240,9,8833.92
2240,10,9018.38
2240,11,8929.17
2240,12,8869.4
2240,13,8898.24
2240,14,8963.48
2240,15,8996.1
2240,16,8993.93
2240,17,9063.39
2240,18,8943.17
2240,19,8996.83
2240,20,9058.46
2240,21,8770.64
2240,22,9057.31
2240,23,9010.5
2240,24,8936.85
2240,25,8862.29
2240,26,8901.95
2240,27,9031.16
2240,28,8853.19
2240,29,8829.17
2240,30,8990.06
2240,31,8975.23
2240,32,8977.56
2240,33,8878.68
2240,34,8955.92
2240,35,9030.39
2240,36,8794.12
2240,37,9031.99
2240,38,8981.63
2240,39,8822.82
2240,40,9057.13
2240,41,8878
2240,42,8804.06
2240,43,9103.29
2240,44,8992.15
2240,45,8940.48
2240,46,8944.8
2240,47,9101.04
2240,48,8902.57
2240,49,8992.32
2240,50,8847.09
2240,51,8972.33
2240,52,8916.66
2240,53,8941.9
2240,54,9085.99
2240,55,8955.68
2240,56,9103.39
2240,57,9139.12
2240,58,8876.74
2240,59,8972.29
2240,60,8807.28
2240,61,9002.93
2240,62,9044.94
2240,63,8803.39
2240,64,8951.66
2240,65,8852.94
2240,66,9032.73
2240,67,8867.91
2240,68,8869.04
2240,69,8891.69
2240,70,8992.07
2240,71,8979.93
2240,72,8909.95
2240,73,9077.31
2240,74,8933.49
2240,75,8924.59
2240,76,8913.81
2240,77,8827.65
2240,78,9066.47
2240,79,8945.99
2240,80,9088.19
2240,81,9025.54
2240,82,9076.73
2240,83,8896.43
2240,84,9118.86
2240,85,9027.27
2240,86,8908.29
2240,87,8953.32
2240,88,9079.45
2240,89,9031.89
2240,90,9000.67
2240,91,8787.17
2240,92,8884.54
2240,93,9032.85
2240,94,9033.86
2240,95,8998.42
2240,96,8868.42
2240,97,8863.47
2240,98,8902.76
2240,99,9011.7
2250,0,9052.54
2250,1,8872.22
2250,2,9017.9
2250,3,8995.96
2250,4,8978.13
2250,5,9023.15
2250,6,8963.88
2250,7,8956.93
2250,8,8995.36
2250,9,8833.62
2250,10,9018.08
2250,11,8928.87
2250,12,8869.1
2250,13,8897.94
2250,14,8963.18
2250,15,8995.8
2250,16,8993.63
2250,17,9063.09
2250,18,8942.87
2250,19,8996.53
2250,20,9058.16
2250,21,8770.34
2250,22,9057.01
2250,23,9010.2
2250,24,8936.55
2250,25,8861.99
2250,26,8901.65
2250,27,9030.86
2250,28,8852.89
2250,29,8828.87
2250,30,8989.76
2250,31,8974.93
2250,32,8977.26
2250,33,8878.38
2250,34,8955.62
2250,35,9030.09
2250,36,8793.82
2250,37,9031.69
2250,38,8981.33
2250,39,8822.52
2250,40,9056.83
2250,41,8877.7
2250,42,8803.76
2250,43,9102.99
2250,44,8991.85
2250,45,8940.18
2250,46,8944.5
2250,47,9100.74
2250,48,8902.27
2250,49,8992.02
2250,50,8846.79
2250,51,8972.03
2250,52,8916.36
2250,53,8941.6
2250,54,9085.69
2250,55,8955.38
2250,56,9103.09
2250,57,9138.82
2250,58,8876.44
2250,59,8971.99
2250,60,8806.98
2250,61,9002.63
2250,62,9044.64
2250,63,8803.09
2250,64,8951.36
2250,65,8852.64
2250,66,9032.43
2250,67,8867.61
2250,68,8868.74
2250,69,8891.39
2250,70,8991.77
2250,71,8979.63
2250,72,8909.65
2250,73,9077.01
2250,74,8933.19
2250,75,8924.29
2250,76,8913.51
2250,77,8827.35
2250,78,9066.17
2250,79,8945.69
2250,80,9087.89
2250,81,9025.24
2250,82,9076.43
2250,83,8896.13
2250,84,9118.56
2250,85,9026.97
2250,86,8907.99
2250,87,8953.02
2250,88,9079.15
2250,89,9031.59
2250,90,9000.37
2250,91,8786.87
2250,92,8884.24
2250,93,9032.55
2250,94,9033.56
2250,95,8998.12
2250,96,8868.12
2250,97,8863.17
2250,98,8902.46
2250,99,9011.4
2260,0,9041.86
2260,1,8861.25
2260,2,9007.3
2260,3,8984.09
2260,4,8969.64
2260,5,9011.31
2260,6,8955.18
2260,7,8947.2
2260,8,8987.6
2260,9,8821.37
2260,10,9008.96
2260,11,8920.12
2260,12,8859.21
2260,13,8886.88
2260,14,8953.41
2260,15,8984.6
2260,16,8982.29
2260,17,9054.69
2260,18,8935.25
2260,19,8986.93
2260,20,9049.32
2260,21,8764.15
2260,22,9043.7
2260,23,9002.65
2260,24,8927.46
2260,25,8853.64
2260,26,8893.88
2260,27,9022.41
2260,28,8845.82
2260,29,8817.05
2260,30,8981.75
2260,31,8956.9
2260,32,8968.42
2260,33,8870.29
2260,34,8947.89
2260,35,9022.34
2260,36,8782.35
2260,37,9020.81
2260,38,8971.1
2260,39,8814.07
2260,40,9050.03
2260,41,8868.14
2260,42,8792.8
2260,43,9094.33
2260,44,8983.07
2260,45,8932.81
2260,46,8933.22
2260,47,9092.36
2260,48,8891.62
2260,49,8983.48
2260,50,8836.02
2260,51,8961.06
2260,52,8908.86
2260,53,8931.78
2260,54,9077.3
2260,55,8943.7
2260,56,9093.58
2260,57,9128.42
2260,58,8866.4
2260,59,8964.2
2260,60,8801.31
2260,61,8993.62
2260,62,9034.22
2260,63,8797.36
2260,64,8941.75
2260,65,8845.19
2260,66,9023.33
2260,67,8857.66
2260,68,8860.38
2260,69,8883
2260,70,8981.25
2260,71,8970.45
2260,72,8902.6
2260,73,9067.04
2260,74,8923.11
2260,75,8915.17
2260,76,8904.89
2260,77,8816.5
2260,78,9054.67
2260,79,8935.02
2260,80,9080.45
2260,81,9015.37
2260,82,9068.78
2260,83,8890.74
2260,84,9109.45
2260,85,9017.92
2260,86,8899.66
2260,87,8942.96
2260,88,9069.15
2260,89,9021.7
2260,90,8992.78
2260,91,8774.82
2260,92,8877.57
2260,93,9026.07
2260,94,9023.37
2260,95,8987.18
2260,96,8855.52
2260,97,8854.65
2260,98,8890.3
2260,99,9003.26
2270,0,9033.37
2270,1,8853.73
2270,2,9001.57
2270,3,8973.42
2270,4,8959.58
2270,5,9006.21
2270,6,8947.5
2270,7,8939.67
2270,8,8979.58
2270,9,8814.86
2270,10,9000.05
2270,11,8909.03
2270,12,8852.06
2270,13,8883.59
2270,14,8945.51
2270,15,8981.39
2270,16,8974.49
2270,17,9045.67
2270,18,8924.13
2270,19,8979.43
2270,20,9040.03
2270,21,8748.95
2270,22,9039.62
2270,23,8994.23
2270,24,8916.93
2270,25,8841.48
2270,26,8883.5
2270,27,9014.81
2270,28,8836.31
2270,29,8809.45
2270,30,8975.19
2270,31,8948.19
2270,32,8958.22
2270,33,8859.35
2270,34,8940.73
2270,35,9012.06
2270,36,8774.04
2270,37,9016.26
2270,38,8960.64
2270,39,8803.29
2270,40,9041.07
2270,41,8859.98
2270,42,8787.18
2270,43,9087.67
2270,44,8975.23
2270,45,8924.08
2270,46,8926.06
2270,47,9086.32
2270,48,8884.5
2270,49,8976.15
2270,50,8825.84
2270,51,8956.17
2270,52,8898.78
2270,53,8926.66
2270,54,9066.39
2270,55,8937.21
2270,56,9089.04
2270,57,9123.78
2270,58,8857.3
2270,59,8957.09
2270,60,8788.8
2270,61,8992.64
2270,62,9024.68
2270,63,8784.05
2270,64,8935.83
2270,65,8832.58
2270,66,9013.75
2270,67,8848.11
2270,68,8849.07
2270,69,8875.76
2270,70,8976.62
2270,71,8958.62
2270,72,8887.71
2270,73,9057.81
2270,74,8920.65
2270,75,8906.99
2270,76,8893.9
2270,77,8810.4
2270,78,9045.28
2270,79,8925.82
2270,80,9073.48
2270,81,9010.61
2270,82,9060.23
2270,83,8878.62
2270,84,9106.03
2270,85,9008.35
2270,86,8888.82
2270,87,8937.71
2270,88,9068.19
2270,89,9014.23
2270,90,8985.45
2270,91,8767.27
2270,92,8864.53
2270,93,9016.55
2270,94,9013.11
2270,95,8974.92
2270,96,8849.64
2270,97,8843.23
2270,98,8883.76
2270,99,8994.83
2280,0,9033.07
2280,1,8853.43
2280,2,9001.27
2280,3,8973.12
2280,4,8959.28
2280,5,9005.91
2280,6,8947.2
2280,7,8939.37
2280,8,8979.28
2280,9,8814.56
2280,10,8999.75
2280,11,8908.73
2280,12,8851.76
2280,13,8883.29
2280,14,8945.21
2280,15,8981.09
2280,16,8974.19
2280,17,9045.37
2280,18,8923.83
2280,19,8979.13
2280,20,9039.73
2280,21,8748.65
2280,22,9039.32
2280,23,8993.93
2280,24,8916.63
2280,25,8841.18
2280,26,8883.2
2280,27,9014.51
2280,28,8836.01
2280,29,8809.15
2280,30,8974.89
2280,31,8947.89
2280,32,8957.92
2280,33,8859.05
2280,34,8940.43
2280,35,9011.76
2280,36,8773.74
2280,37,9015.96
2280,38,8960.34
2280,39,8802.99
2280,40,9040.77
2280,41,8859.68
2280,42,8786.88
2280,43,9087.37
2280,44,8974.93
2280,45,8923.78
2280,46,8925.76
2280,47,9086.02
2280,48,8884.2
2280,49,8975.85
2280,50,8825.54
2280,51,8955.87
2280,52,8898.48
2280,53,8926.36
2280,54,9066.09
2280,55,8936.91
2280,56,9088.74
2280,57,9123.48
2280,58,8857
2280,59,8956.79
2280,60,8788.5
2280,61,8992.34
2280,62,9024.38
2280,63,8783.75
2280,64,8935.53
2280,65,8832.28
2280,66,9013.45
2280,67,8847.81
2280,68,8848.77
2280,69,8875.46
2280,70,8976.32
2280,71,8958.32
2280,72,8887.41
2280,73,9057.51
2280,74,8920.35
2280,75,8906.69
2280,76,8893.6
2280,77,8810.1
2280,78,9044.98
2280,79,8925.52
2280,80,9073.18
2280,81,9010.31
2280,82,9059.93
2280,83,8878.32
2280,84,9105.73
2280,85,9008.05
2280,86,8888.52
2280,87,8937.41
2280,88,9067.89
2280,89,9013.93
2280,90,8985.15
2280,91,8766.97
2280,92,8864.23
2280,93,9016.25
2280,94,9012.81
2280,95,8974.62
2280,96,8849.34
2280,97,8842.93
2280,98,8883.46
2280,99,8994.53
2290,0,9022.07
2290,1,8845.54
2290,2,8995.23
2290,3,8964.27
2290,4,8952.43
2290,5,8997.37
2290,6,8938.83
2290,7,8931.46
2290,8,8971.78
2290,9,8806.46
2290,10,8988.22
2290,11,8902.9
2290,12,8843.53
2290,13,8878.99
2290,14,8936.36
2290,15,8973.19
2290,16,8965.34
2290,17,9033.36
2290,18,8915.69
2290,19,8971.92
2290,20,9030.31
2290,21,8742.43
2290,22,9031.19
2290,23,8987.03
2290,24,8907.88
2290,25,8834.82
2290,26,8875.41
2290,27,9005.94
2290,28,8828.86
2290,29,8804.52
2290,30,8968.12
2290,31,8936.67
2290,32,8951.74
2290,33,8854.28
2290,34,8931.65
2290,35,9003.24
2290,36,8766.87
2290,37,9006.64
2290,38,8951.11
2290,39,8798.55
2290,40,9034.05
2290,41,8852.78
2290,42,8778.86
2290,43,9079.65
2290,44,8966.6
2290,45,8917.89
2290,46,8918.94
2290,47,9079.32
2290,48,8876.5
2290,49,8968.67
2290,50,8817.12
2290,51,8949.46
2290,52,8890.88
2290,53,8922.14
2290,54,9058.9
2290,55,8927.73
2290,56,9080.98
2290,57,9115.69
2290,58,8848.86
2290,59,8951.06
2290,60,8779.59
2290,61,8986.25
2290,62,9016.13
2290,63,8775.77
2290,64,8927.55
2290,65,8824.73
2290,66,9006.47
2290,67,8839.19
2290,68,8841.29
2290,69,8867.18
2290,70,8967.49
2290,71,8950.47
2290,72,8880.27
2290,73,9047.39
2290,74,8914.4
2290,75,8897.48
2290,76,8887.79
2290,77,8799.21
2290,78,9038.5
2290,79,8918.18
2290,80,9064.88
2290,81,9003.98
2290,82,9053.18
2290,83,8872.91
2290,84,9100.85
2290,85,9000.12
2290,86,8881.09
2290,87,8930.47
2290,88,9061.07
2290,89,9006.85
2290,90,8977.83
2290,91,8762.04
2290,92,8857.56
2290,93,9010.94
2290,94,9002.88
2290,95,8963.48
2290,96,8840.14
2290,97,8835.33
2290,98,8878.1
2290,99,8985.46
2300,0,9020.15
2300,1,8840.3
2300,2,8989.18
2300,3,8960.81
2300,4,8943.06
2300,5,8992.34
2300,6,8935.42
2300,7,8924.35
2300,8,8967.18
2300,9,8800.29
2300,10,8983.94
2300,11,8893.34
2300,12,8838.41
2300,13,8870.77
2300,14,8933.38
2300,15,8968.93
2300,16,8961.51
2300,17,9027.34
2300,18,8911.24
2300,19,8966.73
2300,20,9028.98
2300,21,8731.55
2300,22,9022.55
2300,23,8980.11
2300,24,8901.44
2300,25,8830.28
2300,26,8870.04
2300,27,8999.58
2300,28,8821.53
2300,29,8794.69
2300,30,8963.15
2300,31,8930.77
2300,32,8945
2300,33,8845.51
2300,34,8929.29
2300,35,9000.49
2300,36,8757.71
2300,37,9000.86
2300,38,8948.01
2300,39,8790.97
2300,40,9029.95
2300,41,8847.14
2300,42,8771.17
2300,43,9076.97
2300,44,8960.23
2300,45,8914.16
2300,46,8909.57
2300,47,9072.86
2300,48,8870.86
2300,49,8963.32
2300,50,8809.48
2300,51,8941.95
2300,52,8886.36
2300,53,8913.49
2300,54,9053.57
2300,55,8923.05
2300,56,9076.44
2300,57,9110.84
2300,58,8841.64
2300,59,8946.14
2300,60,8775.3
2300,61,8979.23
2300,62,9009.66
2300,63,8767.24
2300,64,8923.09
2300,65,8818.22
2300,66,9001.68
2300,67,8835.1
2300,68,8834.35
2300,69,8862.57
2300,70,8962.8
2300,71,8946.45
2300,72,8870.72
2300,73,9047.19
2300,74,8905.37
2300,75,8891.34
2300,76,8876.79
2300,77,8794.55
2300,78,9031.71
2300,79,8911.21
2300,80,9060.96
2300,81,8996.64
2300,82,9049.95
2300,83,8864.8
2300,84,9092.7
2300,85,8996.87
2300,86,8874.03
2300,87,8926.61
2300,88,9054.15
2300,89,9002.45
2300,90,8973.78
2300,91,8753
2300,92,8851.07
2300,93,9000.22
2300,94,8999.78
2300,95,8958.64
2300,96,8834.28
2300,97,8828.43
2300,98,8868.72
2300,99,8985.01
2310,0,9019.85
2310,1,8840
2310,2,8988.88
2310,3,8960.51
2310,4,8942.76
2310,5,8992.04
2310,6,8935.12
2310,7,8924.05
2310,8,8966.88
2310,9,8799.99
2310,10,8983.64
2310,11,8893.04
2310,12,8838.11
2310,13,8870.47
2310,14,8933.08
2310,15,8968.63
2310,16,8961.21
2310,17,9027.04
2310,18,8910.94
2310,19,8966.43
2310,20,9028.68
2310,21,8731.25
2310,22,9022.25
2310,23,8979.81
2310,24,8901.14
2310,25,8829.98
2310,26,8869.74
2310,27,8999.28
2310,28,8821.23
2310,29,8794.39
2310,30,8962.85
2310,31,8930.47
2310,32,8944.7
2310,33,8845.21
2310,34,8928.99
2310,35,9000.19
2310,36,8757.41
2310,37,9000.56
2310,38,8947.71
2310,39,8790.67
2310,40,9029.65
2310,41,8846.84
2310,42,8770.87
2310,43,9076.67
2310,44,8959.93
2310,45,8913.86
2310,46,8909.27
2310,47,9072.56
2310,48,8870.56
2310,49,8963.02
2310,50,8809.18
2310,51,8941.65
2310,52,8886.06
2310,53,8913.19
2310,54,9053.27
2310,55,8922.75
2310,56,9076.14
2310,57,9110.54
2310,58,8841.34
2310,59,8945.84
2310,60,8775
2310,61,8978.93
2310,62,9009.36
2310,63,8766.94
2310,64,8922.79
2310,65,8817.92
2310,66,9001.38
2310,67,8834.8
2310,68,8834.05
2310,69,8862.27
2310,70,8962.5
2310,71,8946.15
2310,72,8870.42
2310,73,9046.89
2310,74,8905.07
2310,75,8891.04
2310,76,8876.49
2310,77,8794.25
2310,78,9031.41
2310,79,8910.91
2310,80,9060.66
2310,81,8996.34
2310,82,9049.65
2310,83,8864.5
2310,84,9092.4
2310,85,8996.57
2310,86,8873.73
2310,87,8926.31
2310,88,9053.85
2310,89,9002.15
2310,90,8973.48
2310,91,8752.7
2310,92,8850.77
2310,93,8999.92
2310,94,8999.48
2310,95,8958.34
2310,96,8833.98
2310,97,8828.13
2310,98,8868.42
2310,99,8984.71
2320,0,9016.58
2320,1,8837.35
2320,2,8982.91
2320,3,8955.82
2320,4,8936.69
2320,5,8988.52
2320,6,8929.47
2320,7,8917.23
2320,8,8959.66
2320,9,8793.7
2320,10,8978.6
2320,11,8887.14
2320,12,8832.21
2320,13,8865.89
2320,14,8929.56
2320,15,8964.1
2320,16,8953.54
2320,17,9019.42
2320,18,8904.68
2320,19,8960.08
2320,20,9020.68
2320,21,8724.98
2320,22,9018.93
2320,23,8972.97
2320,24,8895.37
2320,25,8825.01
2320,26,8863.77
2320,27,8993.02
2320,28,8817.29
2320,29,8789.84
2320,30,8955.98
2320,31,8926.89
2320,32,8938.54
2320,33,8839.83
2320,34,8924.66
2320,35,8993.5
2320,36,8748.8
2320,37,8996.88
2320,38,8943.17
2320,39,8786.08
2320,40,9023.49
2320,41,8839.95
2320,42,8766.02
2320,43,9069.97
2320,44,8956.72
2320,45,8908.03
2320,46,8902.93
2320,47,9065.44
2320,48,8866.5
2320,49,8956.89
2320,50,8804.12
2320,51,8934.06
2320,52,8880.97
2320,53,8910.31
2320,54,9046.35
2320,55,8918.81
2320,56,9071.57
2320,57,9108.87
2320,58,8836.74
2320,59,8938.7
2320,60,8772.17
2320,61,8972.86
2320,62,9003.31
2320,63,8761.98
2320,64,8916.04
2320,65,8812.75
2320,66,8996.86
2320,67,8829.46
2320,68,8828.54
2320,69,8855.63
2320,70,8957.64
2320,71,8942.92
2320,72,8864.46
2320,73,9039.82
2320,74,8899.55
2320,75,8886.46
2320,76,8870.69
2320,77,8789.71
2320,78,9026.54
2320,79,8906.67
2320,80,9056.72
2320,81,8989.9
2320,82,9042.78
2320,83,8859.91
2320,84,9086.48
2320,85,8989.88
2320,86,8869.09
2320,87,8920.52
2320,88,9046.82
2320,89,8994.92
2320,90,8967.35
2320,91,8747.81
2320,92,8844.06
2320,93,8994.54
2320,94,8995.74
2320,95,8953.55
2320,96,8830.42
2320,97,8822.54
2320,98,8863.01
2320,99,8980.92
2330,0,9006.48
2330,1,8826.67
2330,2,8975.91
2330,3,8944.99
2330,4,8929.61
2330,5,8978.5
2330,6,8919.72
2330,7,8909.33
2330,8,8952.83
2330,9,8782.72
2330,10,8964.99
2330,11,8877.24
2330,12,8821.19
2330,13,8855.79
2330,14,8918.12
2330,15,8953
2330,16,8944.48
2330,17,9009.72
2330,18,8896.82
2330,19,8954.92
2330,20,9016.06
2330,21,8711.81
2330,22,9006.55
2330,23,8966.8
2330,24,8886.8
2330,25,8816.52
2330,26,8854.64
2330,27,8985.44
2330,28,8802.85
2330,29,8776.76
2330,30,8946.8
2330,31,8918.11
2330,32,8928.72
2330,33,8829.16
2330,34,8915.18
2330,35,8983.91
2330,36,8740.37
2330,37,8986.83
2330,38,8933.43
2330,39,8774.35
2330,40,9018.03
2330,41,8829.11
2330,42,8751.76
2330,43,9064.77
2330,44,8946.81
2330,45,8897.22
2330,46,8891.62
2330,47,9058.34
2330,48,8852.53
2330,49,8948.72
2330,50,8789.95
2330,51,8926.38
2330,52,8871.23
2330,53,8896.4
2330,54,9038.93
2330,55,8906.76
2330,56,9061.28
2330,57,9096.32
2330,58,8824.21
2330,59,8929.77
2330,60,8757.48
2330,61,8962.28
2330,62,8992.96
2330,63,8746.44
2330,64,8909.67
2330,65,8801.56
2330,66,8986.76
2330,67,8820.29
2330,68,8817.11
2330,69,8846.66
2330,70,8945.66
2330,71,8931.82
2330,72,8856.78
2330,73,9033.38
2330,74,8890.7
2330,75,8875.66
2330,76,8862.7
2330,77,8775.85
2330,78,9014.83
2330,79,8894.53
2330,80,9046.75
2330,81,8981.26
2330,82,9035.46
2330,83,8850.31
2330,84,9078.1
2330,85,8984.81
2330,86,8858.58
2330,87,8912.99
2330,88,9040.01
2330,89,8989.58
2330,90,8961.48
2330,91,8734.79
2330,92,8835.29
2330,93,8983.39
2330,94,8985.99
2330,95,8941.71
2330,96,8816.18
2330,97,8812.27
2330,98,8850.87
2330,99,8968.92
2340,0,9006.18
2340,1,8826.37
2340,2,8975.61
2340,3,8944.69
2340,4,8929.31
2340,5,8978.2
2340,6,8919.42
2340,7,8909.03
2340,8,8952.53
2340,9,8782.42
2340,10,8964.69
2340,11,8876.94
2340,12,8820.89
2340,13,8855.49
2340,14,8917.82
2340,15,8952.7
2340,16,8944.18
2340,17,9009.42
2340,18,8896.52
2340,19,8954.62
2340,20,9015.76
2340,21,8711.51
2340,22,9006.25
2340,23,8966.5
2340,24,8886.5
2340,25,8816.22
2340,26,8854.34
2340,27,8985.14
2340,28,8802.55
2340,29,8776.46
2340,30,8946.5
2340,31,8917.81
2340,32,8928.42
2340,33,8828.86
2340,34,8914.88
2340,35,8983.61
2340,36,8740.07
2340,37,8986.53
2340,38,8933.13
2340,39,8774.05
2340,40,9017.73
2340,41,8828.81
2340,42,8751.46
2340,43,9064.47
2340,44,8946.51
2340,45,8896.92
2340,46,8891.32
2340,47,9058.04
2340,48,8852.23
2340,49,8948.42
2340,50,8789.65
2340,51,8926.08
2340,52,8870.93
2340,53,8896.1
2340,54,9038.63
2340,55,8906.46
2340,56,9060.98
2340,57,9096.02
2340,58,8823.91
2340,59,8929.47
2340,60,8757.18
2340,61,8961.98
2340,62,8992.66
2340,63,8746.14
2340,64,8909.37
2340,65,8801.26
2340,66,8986.46
2340,67,8819.99
2340,68,8816.81
2340,69,8846.36
2340,70,8945.36
2340,71,8931.52
2340,72,8856.48
2340,73,9033.08
2340,74,8890.4
2340,75,8875.36
2340,76,8862.4
2340,77,8775.55
2340,78,9014.53
2340,79,8894.23
2340,80,9046.45
2340,81,8980.96
2340,82,9035.16
2340,83,8850.01
2340,84,9077.8
2340,85,8984.51
2340,86,8858.28
2340,87,8912.69
2340,88,9039.71
2340,89,8989.28
2340,90,8961.18
2340,91,8734.49
2340,92,8834.99
2340,93,8983.09
2340,94,8985.69
2340,95,8941.41
2340,96,8815.88
2340,97,8811.97
2340,98,8850.57
2340,99,8968.62
2350,0,9002.88
2350,1,8823.91
2350,2,8971
2350,3,8942.35
2350,4,8925.83
2350,5,8974.61
2350,6,8916.29
2350,7,8906.47
2350,8,8949.65
2350,9,8777.69
2350,10,8961.35
2350,11,8875.65
2350,12,8816.88
2350,13,8852.21
2350,14,8914.26
2350,15,8949.05
2350,16,8941.02
2350,17,9005.18
2350,18,8892.88
2350,19,8951.25
2350,20,9013.68
2350,21,8708.72
2350,22,9002.91
2350,23,8963.48
2350,24,8884.99
2350,25,8815.92
2350,26,8850.82
2350,27,8982.16
2350,28,8799.69
2350,29,8771.92
2350,30,8942.36
2350,31,8913.56
2350,32,8926.91
2350,33,8828.56
2350,34,8910.49
2350,35,8980.31
2350,36,8734.95
2350,37,8985.04
2350,38,8928.44
2350,39,8770.33
2350,40,9012.5
2350,41,8824.6
2350,42,8746.85
2350,43,9061.7
2350,44,8943.24
2350,45,8893.31
2350,46,8888.75
2350,47,9055.86
2350,48,8848.16
2350,49,8944.02
2350,50,8785.23
2350,51,8922.81
2350,52,8867.65
2350,53,8893.21
2350,54,9036.56
2350,55,8902.33
2350,56,9057.51
2350,57,9094.36
2350,58,8819.2
2350,59,8926.65
2350,60,8754.05
2350,61,8959.07
2350,62,8989.58
2350,63,8741.34
2350,64,8906.88
2350,65,8800.96
2350,66,8986.11
2350,67,8818.45
2350,68,8816.51
2350,69,8842.15
2350,70,8942.34
2350,71,8928.32
2350,72,8852.61
2350,73,9030.87
2350,74,8888.55
2350,75,8873.31
2350,76,8858.47
2350,77,8771.19
2350,78,9011.43
2350,79,8889.96
2350,80,9042.49
2350,81,8977.68
2350,82,9032.62
2350,83,8849.71
2350,84,9072.89
2350,85,8981.52
2350,86,8855.11
2350,87,8910.16
2350,88,9037.06
2350,89,8986.84
2350,90,8957.97
2350,91,8729.58
2350,92,8831.32
2350,93,8978.79
2350,94,8981.85
2350,95,8938.8
2350,96,8812.33
2350,97,8811.67
2350,98,8847.1
2350,99,8966.3
2360,0,8993
2360,1,8812.24
2360,2,8956.87
2360,3,8925.78
2360,4,8912.41
2360,5,8961.92
2360,6,8904.61
2360,7,8894.38
2360,8,8938.56
2360,9,8769.3
2360,10,8944.34
2360,11,8863.46
2360,12,8806.76
2360,13,8841.42
2360,14,8903.51
2360,15,8940.88
2360,16,8929.05
2360,17,8994.62
2360,18,8880.45
2360,19,8940.21
2360,20,9003.47
2360,21,8692.05
2360,22,8993.34
2360,23,8953.78
2360,24,8873.03
2360,25,8798.96
2360,26,8841.86
2360,27,8969.15
2360,28,8785.68
2360,29,8759.21
2360,30,8932.1
2360,31,8898.04
2360,32,8915.31
2360,33,8815.72
2360,34,8903.38
2360,35,8972.65
2360,36,8721.41
2360,37,8970.15
2360,38,8919.03
2360,39,8760.94
2360,40,9006.22
2360,41,8814.31
2360,42,8733.19
2360,43,9053.45
2360,44,8931.52
2360,45,8884.02
2360,46,8878.12
2360,47,9047.09
2360,48,8836.47
2360,49,8935.6
2360,50,8771.45
2360,51,8908.64
2360,52,8857.98
2360,53,8878.46
2360,54,9022.84
2360,55,8894.83
2360,56,9047.39
2360,57,9080.64
2360,58,8808.03
2360,59,8917.19
2360,60,8739.79
2360,61,8948.5
2360,62,8979.44
2360,63,8729.38
2360,64,8897.41
2360,65,8785.96
2360,66,8973.24
2360,67,8805.47
2360,68,8803.44
2360,69,8830.96
2360,70,8931.94
2360,71,8917.81
2360,72,8842.53
2360,73,9019.6
2360,74,8877.58
2360,75,8860.79
2360,76,8849.6
2360,77,8755.67
2360,78,8997.73
2360,79,8878.62
2360,80,9032.94
2360,81,8966.25
2360,82,9022.96
2360,83,8837.41
2360,84,9063.74
2360,85,8971.63
2360,86,8842.64
2360,87,8899.63
2360,88,9026.45
2360,89,8977.57
2360,90,8948.11
2360,91,8716
2360,92,8816.98
2360,93,8968.21
2360,94,8971.28
2360,95,8922.22
2360,96,8800.01
2360,97,8797.35
2360,98,8833.87
2360,99,8956.74
2370,0,8992.7
2370,1,8811.94
2370,2,8956.57
2370,3,8925.48
2370,4,8912.11
2370,5,8961.62
2370,6,8904.31
2370,7,8894.08
2370,8,8938.26
2370,9,8769
2370,10,8944.04
2370,11,8863.16
2370,12,8806.46
2370,13,8841.12
2370,14,8903.21
2370,15,8940.58
2370,16,8928.75
2370,17,8994.32
2370,18,8880.15
2370,19,8939.91
2370,20,9003.17
2370,21,8691.75
2370,22,8993.04
2370,23,8953.48
2370,24,8872.73
2370,25,8798.66
2370,26,8841.56
2370,27,8968.85
2370,28,8785.38
2370,29,8758.91
2370,30,8931.8
2370,31,8897.74
2370,32,8915.01
2370,33,8815.42
2370,34,8903.08
2370,35,8972.35
2370,36,8721.11
2370,37,8969.85
2370,38,8918.73
2370,39,8760.64
2370,40,9005.92
2370,41,8814.01
2370,42,8732.89
2370,43,9053.15
2370,44,8931.22
2370,45,8883.72
2370,46,8877.82
2370,47,9046.79
2370,48,8836.17
2370,49,8935.3
2370,50,8771.15
2370,51,8908.34
2370,52,8857.68
2370,53,8878.16
2370,54,9022.54
2370,55,8894.53
2370,56,9047.09
2370,57,9080.34
2370,58,8807.73
2370,59,8916.89
2370,60,8739.49
2370,61,8948.2
2370,62,8979.14
2370,63,8729.08
2370,64,8897.11
2370,65,8785.66
2370,66,8972.94
2370,67,8805.17
2370,68,8803.14
2370,69,8830.66
2370,70,8931.64
2370,71,8917.51
2370,72,8842.23
2370,73,9019.3
2370,74,8877.28
2370,75,8860.49
2370,76,8849.3
2370,77,8755.37
2370,78,8997.43
2370,79,8878.32
2370,80,9032.64
2370,81,8965.95
2370,82,9022.66
2370,83,8837.11
2370,84,9063.44
2370,85,8971.33
2370,86,8842.34
2370,87,8899.33
2370,88,9026.15
2370,89,8977.27
2370,90,8947.81
2370,91,8715.7
2370,92,8816.68
2370,93,8967.91
2370,94,8970.98
2370,95,8921.92
2370,96,8799.71
2370,97,8797.05
2370,98,8833.57
2370,99,8956.44
2380,0,8990.74
2380,1,8809.49
2380,2,8955.06
2380,3,8923.19
2380,4,8911.81
2380,5,8961.32
2380,6,8904.01
2380,7,8892.08
2380,8,8937.96
2380,9,8767.16
2380,10,8943.74
2380,11,8862.86
2380,12,8804.58
2380,13,8838.7
2380,14,8902.91
2380,15,8940.28
2380,16,8926.99
2380,17,8993.17
2380,18,8879.85
2380,19,8939.61
2380,20,9001.07
2380,21,8689.01
2380,22,8992.74
2380,23,8953.18
2380,24,8872.43
2380,25,8798.36
2380,26,8841.26
2380,27,8968.55
2380,28,8782.6
2380,29,8757.44
2380,30,8929.65
2380,31,8895.81
2380,32,8914.71
2380,33,8815.12
2380,34,8902.78
2380,35,8972.05
2380,36,8719.99
2380,37,8968.26
2380,38,8916.31
2380,39,8760.34
2380,40,9005.62
2380,41,8813.71
2380,42,8729.78
2380,43,9050.29
2380,44,8930.92
2380,45,8883.42
2380,46,8877.46
2380,47,9044.6
2380,48,8835.87
2380,49,8933.63
2380,50,8769.61
2380,51,8907.99
2380,52,8857.38
2380,53,8877.86
2380,54,9020.42
2380,55,8892.6
2380,56,9046.74
2380,57,9080
2380,58,8805.04
2380,59,8916.59
2380,60,8738.57
2380,61,8947.9
2380,62,8978.84
2380,63,8727.04
2380,64,8896.81
2380,65,8785.36
2380,66,8972.58
2380,67,8804.87
2380,68,8802.84
2380,69,8829.01
2380,70,8929.74
2380,71,8917.21
2380,72,8841.93
2380,73,9017.07
2380,74,8875.47
2380,75,8858.5
2380,76,8849
2380,77,8754.46
2380,78,8995.38
2380,79,8878.02
2380,80,9032.34
2380,81,8965.65
2380,82,9022.36
2380,83,8836.81
2380,84,9063.14
2380,85,8971.03
2380,86,8842.04
2380,87,8899.03
2380,88,9025.85
2380,89,8974.71
2380,90,8947.51
2380,91,8714.05
2380,92,8816.38
2380,93,8965.86
2380,94,8969.35
2380,95,8919.28
2380,96,8796.63
2380,97,8796.75
2380,98,8831.22
2380,99,8956.14
2390,0,8973.24
2390,1,8793.13
2390,2,8935.54
2390,3,8904.38
2390,4,8893.88
2390,5,8945.09
2390,6,8887.66
2390,7,8874.46
2390,8,8920.99
2390,9,8750.56
2390,10,8923.72
2390,11,8842.38
2390,12,8789.23
2390,13,8822.25
2390,14,8884.45
2390,15,8929.26
2390,16,8910.06
2390,17,8977.38
2390,18,8863.52
2390,19,8925.55
2390,20,8987.22
2390,21,8669.45
2390,22,8975.88
2390,23,8937.63
2390,24,8852.74
2390,25,8779.57
2390,26,8819.63
2390,27,8953.3
2390,28,8765.42
2390,29,8736.62
2390,30,8917.06
2390,31,8883.04
2390,32,8896.6
2390,33,8795.05
2390,34,8887.56
2390,35,8956.34
2390,36,8703.96
2390,37,8953.4
2390,38,8899.87
2390,39,8738.61
2390,40,8990.03
2390,41,8794.7
2390,42,8710.36
2390,43,9038.84
2390,44,8912.25
2390,45,8867.93
2390,46,8858.85
2390,47,9032.58
2390,48,8815.48
2390,49,8920.09
2390,50,8752.78
2390,51,8888.9
2390,52,8839.49
2390,53,8861.28
2390,54,9005.59
2390,55,8876.72
2390,56,9031.52
2390,57,9064
2390,58,8787.32
2390,59,8900.91
2390,60,8719.01
2390,61,8932.53
2390,62,8962.22
2390,63,8706.39
2390,64,8881.55
2390,65,8764.06
2390,66,8954.07
2390,67,8784.98
2390,68,8782.02
2390,69,8814.83
2390,70,8913.5
2390,71,8899.58
2390,72,8823.84
2390,73,9001.65
2390,74,8861.32
2390,75,8840.56
2390,76,8830.71
2390,77,8733.54
2390,78,8977.99
2390,79,8859.86
2390,80,9020.8
2390,81,8948.11
2390,82,9007.76
2390,83,8817.55
2390,84,9049.12
2390,85,8952.28
2390,86,8822.12
2390,87,8880.85
2390,88,9009.03
2390,89,8962.74
2390,90,8931.56
2390,91,8692.83
2390,92,8797.48
2390,93,8951.78
2390,94,8953.9
2390,95,8900.14
2390,96,8781.57
2390,97,8776.05
2390,98,8813.64
2390,99,8940.47
2400,0,8972.94
2400,1,8792.83
2400,2,8935.24
2400,3,8904.08
2400,4,8893.58
2400,5,8944.79
2400,6,8887.36
2400,7,8874.16
2400,8,8920.69
2400,9,8750.26
2400,10,8923.42
2400,11,8842.08
2400,12,8788.93
2400,13,8821.95
2400,14,8884.15
2400,15,8928.96
2400,16,8909.76
2400,17,8977.08
2400,18,8863.22
2400,19,8925.25
2400,20,8986.92
2400,21,8669.15
2400,22,8975.58
2400,23,8937.33
2400,24,8852.44
2400,25,8779.27
2400,26,8819.33
2400,27,8953
2400,28,8765.12
2400,29,8736.32
2400,30,8916.76
2400,31,8882.74
2400,32,8896.3
2400,33,8794.75
2400,34,8887.26
2400,35,8956.04
2400,36,8703.66
2400,37,8953.1
2400,38,8899.57
2400,39,8738.31
2400,40,8989.73
2400,41,8794.4
2400,42,8710.06
2400,43,9038.54
2400,44,8911.95
2400,45,8867.63
2400,46,8858.55
2400,47,9032.28
2400,48,8815.18
2400,49,8919.79
2400,50,8752.48
2400,51,8888.6
2400,52,8839.19
2400,53,8860.98
2400,54,9005.29
2400,55,8876.42
2400,56,9031.22
2400,57,9063.7
2400,58,8787.02
2400,59,8900.61
2400,60,8718.71
2400,61,8932.23
2400,62,8961.92
2400,63,8706.09
2400,64,8881.25
2400,65,8763.76
2400,66,8953.77
2400,67,8784.68
2400,68,8781.72
2400,69,8814.53
2400,70,8913.2
2400,71,8899.28
2400,72,8823.54
2400,73,9001.35
2400,74,8861.02
2400,75,8840.26
2400,76,8830.41
2400,77,8733.24
2400,78,8977.69
2400,79,8859.56
2400,80,9020.5
2400,81,8947.81
2400,82,9007.46
2400,83,8817.25
2400,84,9048.82
2400,85,8951.98
2400,86,8821.82
2400,87,8880.55
2400,88,9008.73
2400,89,8962.44
2400,90,8931.26
2400,91,8692.53
2400,92,8797.18
2400,93,8951.48
2400,94,8953.6
2400,95,8899.84
2400,96,8781.27
2400,97,8775.75
2400,98,8813.34
2400,99,8940.17
2410,0,8972.64
2410,1,8792.53
2410,2,8934.94
2410,3,8903.78
2410,4,8893.28
2410,5,8944.49
2410,6,8887.06
2410,7,8873.86
2410,8,8920.39
2410,9,8749.96
2410,10,8923.12
2410,11,8841.78
2410,12,8788.63
2410,13,8821.65
2410,14,8883.85
2410,15,8928.66
2410,16,8909.46
2410,17,8976.72
2410,18,8862.92
2410,19,8924.95
2410,20,8986.62
2410,21,8668.85
2410,22,8975.28
2410,23,8937.03
2410,24,8852.14
2410,25,8778.97
2410,26,8819.03
2410,27,8952.7
2410,28,8764.58
2410,29,8736.02
2410,30,8916.46
2410,31,8882.44
2410,32,8896
2410,33,8794.45
2410,34,8886.96
2410,35,8955.74
2410,36,8703.36
2410,37,8952.8
2410,38,8899.27
2410,39,8738.01
2410,40,8989.43
2410,41,8794.1
2410,42,8709.76
2410,43,9038.24
2410,44,8911.65
2410,45,8867.33
2410,46,8858.25
2410,47,9031.98
2410,48,8814.88
2410,49,8919.49
2410,50,8752.18
2410,51,8888.3
2410,52,8838.89
2410,53,8860.68
2410,54,9004.99
2410,55,8876.12
2410,56,9030.92
2410,57,9063.34
2410,58,8786.72
2410,59,8900.31
2410,60,8718.18
2410,61,8931.93
2410,62,8961.62
2410,63,8705.01
2410,64,8880.95
2410,65,8763.46
2410,66,8953.47
2410,67,8784.38
2410,68,8781.42
2410,69,8814.23
2410,70,8912.9
2410,71,8898.98
2410,72,8823.24
2410,73,9001.05
2410,74,8860.72
2410,75,8839.96
2410,76,8830.11
2410,77,8732.29
2410,78,8977.39
2410,79,8859.26
2410,80,9020.2
2410,81,8947.51
2410,82,9007.16
2410,83,8816.95
2410,84,9048.52
2410,85,8951.68
2410,86,8821.52
2410,87,8880.25
2410,88,9008.43
2410,89,8962.14
2410,90,8930.96
2410,91,8692.23
2410,92,8796.88
2410,93,8951.18
2410,94,8953.3
2410,95,8899.54
2410,96,8780.97
2410,97,8775.45
2410,98,8812.97
2410,99,8939.87
2420,0,8962.05
2420,1,8775.61
2420,2,8916.49
2420,3,8890.46
2420,4,8881.12
2420,5,8932.84
2420,6,8875
2420,7,8858.63
2420,8,8907.32
2420,9,8736.27
2420,10,8908.07
2420,11,8827.66
2420,12,8775.54
2420,13,8806.64
2420,14,8872.15
2420,15,8918.96
2420,16,8897.29
2420,17,8963.3
2420,18,8851.15
2420,19,8914.67
2420,20,8975.48
2420,21,8651.67
2420,22,8963.52
2420,23,8923.63
2420,24,8837.05
2420,25,8767.66
2420,26,8806.61
2420,27,8940.43
2420,28,8749.16
2420,29,8718.2
2420,30,8904.06
2420,31,8864.96
2420,32,8883.24
2420,33,8781.06
2420,34,8875.34
2420,35,8944.76
2420,36,8688.35
2420,37,8941.48
2420,38,8886.25
2420,39,8721.63
2420,40,8979.71
2420,41,8779.51
2420,42,8696.01
2420,43,9029.35
2420,44,8896.83
2420,45,8858.03
2420,46,8842.71
2420,47,9021.03
2420,48,8802.33
2420,49,8906.26
2420,50,8736.36
2420,51,8877.04
2420,52,8824.67
2420,53,8845.54
2420,54,8995.05
2420,55,8862.89
2420,56,9018.08
2420,57,9050.48
2420,58,8771.45
2420,59,8889.41
2420,60,8706.76
2420,61,8919.88
2420,62,8950.99
2420,63,8691.95
2420,64,8867.87
2420,65,8751.3
2420,66,8939.9
2420,67,8771.68
2420,68,8768.51
2420,69,8801.74
2420,70,8900.5
2420,71,8886.58
2420,72,8811.76
2420,73,8990.59
2420,74,8849.19
2420,75,8824.3
2420,76,8817.08
2420,77,8720.01
2420,78,8961.87
2420,79,8847.89
2420,80,9009.5
2420,81,8933.32
2420,82,8998.45
2420,83,8804.61
2420,84,9035.6
2420,85,8940.93
2420,86,8806.39
2420,87,8870.32
2420,88,8995.97
2420,89,8951.6
2420,90,8921.54
2420,91,8674.29
2420,92,8783.28
2420,93,8937.25
2420,94,8940.67
2420,95,8886.23
2420,96,8768.18
2420,97,8762.52
2420,98,8796.49
2420,99,8930.52
2430,0,8961.75
2430,1,8775.31
2430,2,8916.19
2430,3,8890.16
2430,4,8880.82
2430,5,8932.54
2430,6,8874.7
2430,7,8858.33
2430,8,8907.02
2430,9,8735.97
2430,10,8907.77
2430,11,8827.36
2430,12,8775.24
2430,13,8806.34
2430,14,8871.85
2430,15,8918.66
2430,16,8896.99
2430,17,8963
2430,18,8850.85
2430,19,8914.37
2430,20,8975.18
2430,21,8651.37
2430,22,8963.22
2430,23,8923.33
2430,24,8836.75
2430,25,8767.36
2430,26,8806.31
2430,27,8940.13
2430,28,8748.86
2430,29,8717.9
2430,30,8903.76
2430,31,8864.66
2430,32,8882.94
2430,33,8780.76
2430,34,8875.04
2430,35,8944.46
2430,36,8688.05
2430,37,8941.18
2430,38,8885.95
2430,39,8721.33
2430,40,8979.41
2430,41,8779.21
2430,42,8695.71
2430,43,9029.05
2430,44,8896.53
2430,45,8857.73
2430,46,8842.41
2430,47,9020.73
2430,48,8802.03
2430,49,8905.96
2430,50,8736.06
2430,51,8876.74
2430,52,8824.37
2430,53,8845.24
2430,54,8994.75
2430,55,8862.59
2430,56,9017.78
2430,57,9050.18
2430,58,8771.15
2430,59,8889.11
2430,60,8706.46
2430,61,8919.58
2430,62,8950.69
2430,63,8691.65
2430,64,8867.57
2430,65,8751
2430,66,8939.6
2430,67,8771.38
2430,68,8768.21
2430,69,8801.44
2430,70,8900.2
2430,71,8886.28
2430,72,8811.46
2430,73,8990.29
2430,74,8848.89
2430,75,8824
2430,76,8816.78
2430,77,8719.71
2430,78,8961.57
2430,79,8847.59
2430,80,9009.2
2430,81,8933.02
2430,82,8998.15
2430,83,8804.31
2430,84,9035.3
2430,85,8940.63
2430,86,8806.09
2430,87,8870.02
2430,88,8995.67
2430,89,8951.3
2430,90,8921.24
2430,91,8673.99
2430,92,8782.98
2430,93,8936.95
2430,94,8940.37
2430,95,8885.93
2430,96,8767.88
2430,97,8762.22
2430,98,8796.19
2430,99,8930.22
2440,0,8961.45
2440,1,8775.01
2440,2,8915.89
2440,3,8889.86
2440,4,8880.52
2440,5,8932.24
2440,6,8874.4
2440,7,8858.03
2440,8,8906.72
2440,9,8735.67
2440,10,8907.47
2440,11,8827.06
2440,12,8774.94
2440,13,8806.04
2440,14,8871.55
2440,15,8918.36
2440,16,8896.69
2440,17,8962.7
2440,18,8850.55
2440,19,8914.07
2440,20,8974.88
2440,21,8651.07
2440,22,8962.92
2440,23,8923.03
2440,24,8836.45
2440,25,8767.06
2440,26,8806.01
2440,27,8939.83
2440,28,8748.56
2440,29,8717.6
2440,30,8903.46
2440,31,8864.36
2440,32,8882.64
2440,33,8780.46
2440,34,8874.74
2440,35,8944.16
2440,36,8687.75
2440,37,8940.88
2440,38,8885.65
2440,39,8721.03
2440,40,8979.11
2440,41,8778.91
2440,42,8695.41
2440,43,9028.75
2440,44,8896.23
2440,45,8857.43
2440,46,8842.11
2440,47,9020.43
2440,48,8801.73
2440,49,8905.66
2440,50,8735.76
2440,51,8876.44
2440,52,8824.07
2440,53,8844.94
2440,54,8994.45
2440,55,8862.29
2440,56,9017.48
2440,57,9049.88
2440,58,8770.85
2440,59,8888.81
2440,60,8706.16
2440,61,8919.28
2440,62,8950.39
2440,63,8691.35
2440,64,8867.27
2440,65,8750.7
2440,66,8939.3
2440,67,8771.08
2440,68,8767.91
2440,69,8801.14
2440,70,8899.9
2440,71,8885.98
2440,72,8811.16
2440,73,8989.99
2440,74,8848.59
2440,75,8823.7
2440,76,8816.48
2440,77,8719.41
2440,78,8961.27
2440,79,8847.29
2440,80,9008.9
2440,81,8932.72
2440,82,8997.85
2440,83,8804.01
2440,84,9035
2440,85,8940.33
2440,86,8805.79
2440,87,8869.72
2440,88,8995.37
2440,89,8951
2440,90,8920.94
2440,91,8673.69
2440,92,8782.68
2440,93,8936.65
2440,94,8940.07
2440,95,8885.63
2440,96,8767.58
2440,97,8761.92
2440,98,8795.89
2440,99,8929.92
2450,0,8944.88
2450,1,8760.58
2450,2,8897.56
2450,3,8871.42
2450,4,8862.39
2450,5,8914.08
2450,6,8857.94
2450,7,8843.24
2450,8,8894.04
2450,9,8719.3
2450,10,8895.71
2450,11,8811.46
2450,12,8759.15
2450,13,8790.02
2450,14,8857.05
2450,15,8906.19
2450,16,8879.46
2450,17,8947.83
2450,18,8832.81
2450,19,8898.88
2450,20,8959.85
2450,21,8633.66
2450,22,8945.99
2450,23,8913.08
2450,24,8821.99
2450,25,8752.11
2450,26,8793.59
2450,27,8923.51
2450,28,8731.5
2450,29,8700.25
2450,30,8890.75
2450,31,8849.08
2450,32,8867.28
2450,33,8764.02
2450,34,8861.52
2450,35,8930.26
2450,36,8669.44
2450,37,8923.06
2450,38,8866.19
2450,39,8704.13
2450,40,8965.81
2450,41,8761.32
2450,42,8677.27
2450,43,9016.8
2450,44,8882.84
2450,45,8842.27
2450,46,8827.5
2450,47,9009.09
2450,48,8783.51
2450,49,8891.85
2450,50,8717.24
2450,51,8862.59
2450,52,8809.57
2450,53,8829.54
2450,54,8976.96
2450,55,8848.46
2450,56,9004.76
2450,57,9032.64
2450,58,8754.34
2450,59,8875.8
2450,60,8689.95
2450,61,8905.62
2450,62,8936.99
2450,63,8671.3
2450,64,8855.62
2450,65,8734.16
2450,66,8925.45
2450,67,8756.6
2450,68,8752.86
2450,69,8787.62
2450,70,8885.48
2450,71,8868.89
2450,72,8792.16
2450,73,8972.85
2450,74,8835.21
2450,75,8804.8
2450,76,8797.43
2450,77,8703.03
2450,78,8942.48
2450,79,8829.82
2450,80,8994.95
2450,81,8918.63
2450,82,8986.28
2450,83,8789.32
2450,84,9020.16
2450,85,8923.68
2450,86,8791.39
2450,87,8856.36
2450,88,8983.53
2450,89,8933.59
2450,90,8906.68
2450,91,8655.49
2450,92,8766.84
2450,93,8921.8
2450,94,8924.6
2450,95,8865.72
2450,96,8749.67
2450,97,8746.99
2450,98,8779.81
2450,99,8917.12
2460,0,8944.58
2460,1,8760.28
2460,2,8897.26
2460,3,8871.12
2460,4,8862.09
2460,5,8913.78
2460,6,8857.64
2460,7,8842.94
2460,8,8893.74
2460,9,8719
2460,10,8895.41
2460,11,8811.16
2460,12,8758.85
2460,13,8789.72
2460,14,8856.75
2460,15,8905.89
2460,16,8879.16
2460,17,8947.53
2460,18,8832.51
2460,19,8898.58
2460,20,8959.55
2460,21,8633.36
2460,22,8945.69
2460,23,8912.78
2460,24,8821.69
2460,25,8751.81
2460,26,8793.29
2460,27,8923.21
2460,28,8731.2
2460,29,8699.95
2460,30,8890.45
2460,31,8848.78
2460,32,8866.98
2460,33,8763.72
2460,34,8861.22
2460,35,8929.96
2460,36,8669.14
2460,37,8922.76
2460,38,8865.89
2460,39,8703.83
2460,40,8965.51
2460,41,8761.02
2460,42,8676.97
2460,43,9016.5
2460,44,8882.54
2460,45,8841.97
2460,46,8827.2
2460,47,9008.79
2460,48,8783.21
2460,49,8891.55
2460,50,8716.94
2460,51,8862.29
2460,52,8809.27
2460,53,8829.24
2460,54,8976.66
2460,55,8848.16
2460,56,9004.46
2460,57,9032.34
2460,58,8754.04
2460,59,8875.5
2460,60,8689.65
2460,61,8905.32
2460,62,8936.69
2460,63,8671
2460,64,8855.32
2460,65,8733.86
2460,66,8925.15
2460,67,8756.3
2460,68,8752.56
2460,69,8787.32
2460,70,8885.18
2460,71,8868.59
2460,72,8791.86
2460,73,8972.55
2460,74,8834.91
2460,75,8804.5
2460,76,8797.13
2460,77,8702.73
2460,78,8942.18
2460,79,8829.52
2460,80,8994.65
2460,81,8918.33
2460,82,8985.98
2460,83,8789.02
2460,84,9019.86
2460,85,8923.38
2460,86,8791.09
2460,87,8856.06
2460,88,8983.23
2460,89,8933.29
2460,90,8906.38
2460,91,8655.19
2460,92,8766.54
2460,93,8921.5
2460,94,8924.3
2460,95,8865.42
2460,96,8749.37
2460,97,8746.69
2460,98,8779.51
2460,99,8916.82
2470,0,8944.28
2470,1,8759.98
2470,2,8896.96
2470,3,8870.82
2470,4,8861.79
2470,5,8913.48
2470,6,8857.34
2470,7,8842.64
2470,8,8893.44
2470,9,8718.7
2470,10,8895.11
2470,11,8810.86
2470,12,8758.55
2470,13,8789.42
2470,14,8856.45
2470,15,8905.59
2470,16,8878.86
2470,17,8947.23
2470,18,8832.21
2470,19,8898.28
2470,20,8959.25
2470,21,8633.06
2470,22,8945.39
2470,23,8912.48
2470,24,8821.39
2470,25,8751.51
2470,26,8792.99
2470,27,8922.91
2470,28,8730.9
2470,29,8699.65
2470,30,8890.15
2470,31,8848.48
2470,32,8866.68
2470,33,8763.42
2470,34,8860.92
2470,35,8929.66
2470,36,8668.84
2470,37,8922.46
2470,38,8865.59
2470,39,8703.53
2470,40,8965.21
2470,41,8760.72
2470,42,8676.67
2470,43,9016.2
2470,44,8882.24
2470,45,8841.67
2470,46,8826.9
2470,47,9008.49
2470,48,8782.91
2470,49,8891.25
2470,50,8716.64
2470,51,8861.99
2470,52,8808.97
2470,53,8828.94
2470,54,8976.36
2470,55,8847.86
2470,56,9004.16
2470,57,9032.04
2470,58,8753.74
2470,59,8875.2
2470,60,8689.35
2470,61,8905.02
2470,62,8936.39
2470,63,8670.7
2470,64,8855.02
2470,65,8733.56
2470,66,8924.85
2470,67,8756
2470,68,8752.26
2470,69,8787.02
2470,70,8884.88
2470,71,8868.29
2470,72,8791.56
2470,73,8972.25
2470,74,8834.61
2470,75,8804.2
2470,76,8796.83
2470,77,8702.43
2470,78,8941.88
2470,79,8829.22
2470,80,8994.35
2470,81,8918.03
2470,82,8985.68
2470,83,8788.72
2470,84,9019.56
2470,85,8923.08
2470,86,8790.79
2470,87,8855.76
2470,88,8982.93
2470,89,8932.99
2470,90,8906.08
2470,91,8654.89
2470,92,8766.24
2470,93,8921.2
2470,94,8924
2470,95,8865.12
2470,96,8749.07
2470,97,8746.39
2470,98,8779.21
2470,99,8916.52
2480,0,8930.42
2480,1,8744.5
2480,2,8881.11
2480,3,8853.51
2480,4,8846.18
2480,5,8894.48
2480,6,8842.31
2480,7,8828.44
2480,8,8878.09
2480,9,8702.61
2480,10,8886.18
2480,11,8794.21
2480,12,8742.78
2480,13,8773.28
2480,14,8838.29
2480,15,8892.95
2480,16,8860.82
2480,17,8931.26
2480,18,8816.69
2480,19,8881.54
2480,20,8944.36
2480,21,8615.21
2480,22,8927
2480,23,8900.83
2480,24,8803.98
2480,25,8737.54
2480,26,8779.85
2480,27,8908.97
2480,28,8713.25
2480,29,8681.4
2480,30,8876.82
2480,31,8834.24
2480,32,8854.02
2480,33,8745.75
2480,34,8848.78
2480,35,8916.1
2480,36,8650.2
2480,37,8906.48
2480,38,8849.24
2480,39,8687.69
2480,40,8953.41
2480,41,8742.3
2480,42,8658.69
2480,43,9004.63
2480,44,8868.15
2480,45,8826.57
2480,46,8812.5
2480,47,8995.51
2480,48,8765.88
2480,49,8876.49
2480,50,8698.44
2480,51,8847.24
2480,52,8791.03
2480,53,8812.14
2480,54,8958.68
2480,55,8833.71
2480,56,8989.72
2480,57,9015.46
2480,58,8734.08
2480,59,8862.84
2480,60,8672.06
2480,61,8893.13
2480,62,8923.26
2480,63,8650.36
2480,64,8841.15
2480,65,8717.7
2480,66,8910.1
2480,67,8742
2480,68,8738.44
2480,69,8772.29
2480,70,8865.73
2480,71,8853.05
2480,72,8775.54
2480,73,8957.27
2480,74,8820.29
2480,75,8787.55
2480,76,8780.61
2480,77,8685.84
2480,78,8923.35
2480,79,8812.04
2480,80,8980.96
2480,81,8902.79
2480,82,8974.57
2480,83,8775.69
2480,84,9004.68
2480,85,8909.97
2480,86,8771.43
2480,87,8841.68
2480,88,8968.5
2480,89,8919.26
2480,90,8893.88
2480,91,8635.62
2480,92,8751.7
2480,93,8903.13
2480,94,8907.29
2480,95,8845.62
2480,96,8732.22
2480,97,8732.73
2480,98,8762.38
2480,99,8903.72
2490,0,8930.12
2490,1,8744.2
2490,2,8880.81
2490,3,8853.21
2490,4,8845.88
2490,5,8894.18
2490,6,8842.01
2490,7,8828.14
2490,8,8877.79
2490,9,8702.31
2490,10,8885.88
2490,11,8793.91
2490,12,8742.48
2490,13,8772.98
2490,14,8837.99
2490,15,8892.65
2490,16,8860.52
2490,17,8930.96
2490,18,8816.39
2490,19,8881.24
2490,20,8944.06
2490,21,8614.91
2490,22,8926.7
2490,23,8900.53
2490,24,8803.68
2490,25,8737.24
2490,26,8779.55
2490,27,8908.67
2490,28,8712.95
2490,29,8681.1
2490,30,8876.52
2490,31,8833.94
2490,32,8853.72
2490,33,8745.45
2490,34,8848.48
2490,35,8915.8
2490,36,8649.9
2490,37,8906.18
2490,38,8848.94
2490,39,8687.39
2490,40,8953.11
2490,41,8742
2490,42,8658.39
2490,43,9004.33
2490,44,8867.85
2490,45,8826.27
2490,46,8812.2
2490,47,8995.21
2490,48,8765.58
2490,49,8876.19
2490,50,8698.14
2490,51,8846.94
2490,52,8790.73
2490,53,8811.84
2490,54,8958.38
2490,55,8833.41
2490,56,8989.42
2490,57,9015.16
2490,58,8733.78
2490,59,8862.54
2490,60,8671.76
2490,61,8892.83
2490,62,8922.96
2490,63,8650.07
2490,64,8840.85
2490,65,8717.4
2490,66,8909.8
2490,67,8741.7
2490,68,8738.14
2490,69,8771.99
2490,70,8865.43
2490,71,8852.75
2490,72,8775.24
2490,73,8956.97
2490,74,8819.99
2490,75,8787.25
2490,76,8780.31
2490,77,8685.54
2490,78,8923.05
2490,79,8811.74
2490,80,8980.66
2490,81,8902.49
2490,82,8974.27
2490,83,8775.39
2490,84,9004.38
2490,85,8909.67
2490,86,8771.13
2490,87,8841.38
2490,88,8968.2
2490,89,8918.96
2490,90,8893.58
2490,91,8635.32
2490,92,8751.4
2490,93,8902.83
2490,94,8906.99
2490,95,8845.32
2490,96,8731.92
2490,97,8732.43
2490,98,8762.08
2490,99,8903.42
2500,0,8929.82
2500,1,8743.9
2500,2,8880.51
2500,3,8852.91
2500,4,8845.58
2500,5,8893.88
2500,6,8841.71
2500,7,8827.84
2500,8,8877.49
2500,9,8702.01
2500,10,8885.58
2500,11,8793.61
2500,12,8742.18
2500,13,8772.68
2500,14,8837.69
2500,15,8892.35
2500,16,8860.22
2500,17,8930.66
2500,18,8816.09
2500,19,8880.94
2500,20,8943.76
2500,21,8614.61
2500,22,8926.4
2500,23,8900.23
2500,24,8803.38
2500,25,8736.94
2500,26,8779.25
2500,27,8908.37
2500,28,8712.65
2500,29,8680.8
2500,30,8876.22
2500,31,8833.64
2500,32,8853.42
2500,33,8745.15
2500,34,8848.18
2500,35,8915.5
2500,36,8649.6
2500,37,8905.88
2500,38,8848.64
2500,39,8687.09
2500,40,8952.81
2500,41,8741.7
2500,42,8658.09
2500,43,9004.03
2500,44,8867.55
2500,45,8825.97
2500,46,8811.9
2500,47,8994.91
2500,48,8765.28
2500,49,8875.89
2500,50,8697.84
2500,51,8846.64
2500,52,8790.43
2500,53,8811.54
2500,54,8958.08
2500,55,8833.11
2500,56,8989.12
2500,57,9014.86
2500,58,8733.48
2500,59,8862.24
2500,60,8671.46
2500,61,8892.53
2500,62,8922.66
2500,63,8649.77
2500,64,8840.55
2500,65,8717.1
2500,66,8909.5
2500,67,8741.4
2500,68,8737.84
2500,69,8771.69
2500,70,8865.13
2500,71,8852.45
2500,72,8774.94
2500,73,8956.67
2500,74,8819.69
2500,75,8786.95
2500,76,8780.01
2500,77,8685.24
2500,78,8922.75
2500,79,8811.44
2500,80,8980.36
2500,81,8902.19
2500,82,8973.97
2500,83,8775.09
2500,84,9004.08
2500,85,8909.37
2500,86,8770.83
2500,87,8841.08
2500,88,8967.9
2500,89,8918.66
2500,90,8893.28
2500,91,8635.02
2500,92,8751.1
2500,93,8902.53
2500,94,8906.69
2500,95,8845.02
2500,96,8731.62
2500,97,8732.13
2500,98,8761.78
2500,99,8903.12
2510,0,8917.59
2510,1,8729.05
2510,2,8866.31
2510,3,8833.73
2510,4,8829.24
2510,5,8877.94
2510,6,8830.73
2510,7,8813.5
2510,8,8864.59
2510,9,8687.72
2510,10,8874.22
2510,11,8778.5
2510,12,8728.84
2510,13,8758.14
2510,14,8819.62
2510,15,8880.71
2510,16,8845.34
2510,17,8918.66
2510,18,8798.53
2510,19,8866.39
2510,20,8931.58
2510,21,8597.87
2510,22,8909.51
2510,23,8888.25
2510,24,8790.67
2510,25,8724.65
2510,26,8765.92
2510,27,8892
2510,28,8695.23
2510,29,8664.43
2510,30,8865.01
2510,31,8818.01
2510,32,8839.18
2510,33,8729.05
2510,34,8837.22
2510,35,8903.57
2510,36,8632.92
2510,37,8891.36
2510,38,8834.1
2510,39,8671.46
2510,40,8940.41
2510,41,8723.83
2510,42,8639.93
2510,43,8993.68
2510,44,8854.91
2510,45,8814.52
2510,46,8796.97
2510,47,8981.84
2510,48,8747.13
2510,49,8864.2
2510,50,8679.6
2510,51,8834.47
2510,52,8776.22
2510,53,8794.28
2510,54,8939.71
2510,55,8818.13
2510,56,8976.87
2510,57,8997.14
2510,58,8718.28
2510,59,8851.83
2510,60,8655.08
2510,61,8880.2
2510,62,8909.89
2510,63,8631.04
2510,64,8827.63
2510,65,8701.02
2510,66,8896.54
2510,67,8722.68
2510,68,8725.71
2510,69,8759.68
2510,70,8850.12
2510,71,8836.99
2510,72,8759.97
2510,73,8939.54
2510,74,8806.72
2510,75,8772.13
2510,76,8765.39
2510,77,8667
2510,78,8903.3
2510,79,8793.71
2510,80,8967.21
2510,81,8888.13
2510,82,8962.8
2510,83,8764.49
2510,84,8991.64
2510,85,8899.15
2510,86,8755.29
2510,87,8828.48
2510,88,8955.95
2510,89,8906.72
2510,90,8882.44
2510,91,8617.8
2510,92,8738.63
2510,93,8886.97
2510,94,8893.49
2510,95,8824.8
2510,96,8715.4
2510,97,8719.95
2510,98,8746.06
2510,99,8891.11
2520,0,8917.29
2520,1,8728.75
2520,2,8866.01
2520,3,8833.43
2520,4,8828.94
2520,5,8877.64
2520,6,8830.43
2520,7,8813.2
2520,8,8864.29
2520,9,8687.42
2520,10,8873.92
2520,11,8778.2
2520,12,8728.54
2520,13,8757.84
2520,14,8819.32
2520,15,8880.41
2520,16,8845.04
2520,17,8918.36
2520,18,8798.23
2520,19,8866.09
2520,20,8931.28
2520,21,8597.57
2520,22,8909.21
2520,23,8887.95
2520,24,8790.37
2520,25,8724.35
2520,26,8765.62
2520,27,8891.7
2520,28,8694.93
2520,29,8664.13
2520,30,8864.71
2520,31,8817.71
2520,32,8838.88
2520,33,8728.75
2520,34,8836.92
2520,35,8903.27
2520,36,8632.62
2520,37,8891.06
2520,38,8833.8
2520,39,8671.16
2520,40,8940.11
2520,41,8723.53
2520,42,8639.63
2520,43,8993.38
2520,44,8854.61
2520,45,8814.22
2520,46,8796.67
2520,47,8981.54
2520,48,8746.83
2520,49,8863.9
2520,50,8679.3
2520,51,8834.17
2520,52,8775.92
2520,53,8793.98
2520,54,8939.41
2520,55,8817.83
2520,56,8976.57
2520,57,8996.84
2520,58,8717.98
2520,59,8851.53
2520,60,8654.78
2520,61,8879.9
2520,62,8909.59
2520,63,8630.74
2520,64,8827.33
2520,65,8700.72
2520,66,8896.24
2520,67,8722.38
2520,68,8725.41
2520,69,8759.38
2520,70,8849.82
2520,71,8836.69
2520,72,8759.67
2520,73,8939.24
2520,74,8806.42
2520,75,8771.83
2520,76,8765.09
2520,77,8666.7
2520,78,8903
2520,79,8793.41
2520,80,8966.91
2520,81,8887.83
2520,82,8962.5
2520,83,8764.19
2520,84,8991.34
2520,85,8898.85
2520,86,8754.99
2520,87,8828.18
2520,88,8955.65
2520,89,8906.42
2520,90,8882.14
2520,91,8617.5
2520,92,8738.33
2520,93,8886.67
2520,94,8893.19
2520,95,8824.5
2520,96,8715.1
2520,97,8719.65
2520,98,8745.76
2520,99,8890.81
2530,0,8916.99
2530,1,8728.45
2530,2,8865.71
2530,3,8833.13
2530,4,8828.64
2530,5,8877.34
2530,6,8830.13
2530,7,8812.9
2530,8,8863.99
2530,9,8687.12
2530,10,8873.62
2530,11,8777.9
2530,12,8728.24
2530,13,8757.54
2530,14,8819.02
2530,15,8880.11
2530,16,8844.74
2530,17,8918.06
2530,18,8797.93
2530,19,8865.79
2530,20,8930.98
2530,21,8597.27
2530,22,8908.91
2530,23,8887.65
2530,24,8790.07
2530,25,8724.05
2530,26,8765.32
2530,27,8891.4
2530,28,8694.63
2530,29,8663.83
2530,30,8864.41
2530,31,8817.41
2530,32,8838.58
2530,33,8728.45
2530,34,8836.62
2530,35,8902.97
2530,36,8632.32
2530,37,8890.76
2530,38,8833.5
2530,39,8670.86
2530,40,8939.81
2530,41,8723.23
2530,42,8639.33
2530,43,8993.08
2530,44,8854.31
2530,45,8813.92
2530,46,8796.37
2530,47,8981.24
2530,48,8746.53
2530,49,8863.6
2530,50,8679
2530,51,8833.87
2530,52,8775.62
2530,53,8793.68
2530,54,8939.11
2530,55,8817.53
2530,56,8976.27
2530,57,8996.54
2530,58,8717.68
2530,59,8851.23
2530,60,8654.48
2530,61,8879.6
2530,62,8909.29
2530,63,8630.44
2530,64,8827.03
2530,65,8700.42
2530,66,8895.94
2530,67,8722.08
2530,68,8725.11
2530,69,8759.08
2530,70,8849.52
2530,71,8836.39
2530,72,8759.37
2530,73,8938.94
2530,74,8806.12
2530,75,8771.53
2530,76,8764.79
2530,77,8666.4
2530,78,8902.7
2530,79,8793.11
2530,80,8966.61
2530,81,8887.53
2530,82,8962.2
2530,83,8763.89
2530,84,8991.04
2530,85,8898.55
2530,86,8754.69
2530,87,8827.88
2530,88,8955.35
2530,89,8906.12
2530,90,8881.84
2530,91,8617.2
2530,92,8738.03
2530,93,8886.37
2530,94,8892.89
2530,95,8824.2
2530,96,8714.8
2530,97,8719.35
2530,98,8745.46
2530,99,8890.51
2540,0,8897.41
2540,1,8706.79
2540,2,8846.63
2540,3,8809.41
2540,4,8807.23
2540,5,8858.47
2540,6,8810.5
2540,7,8788.93
2540,8,8848.03
2540,9,8664.58
2540,10,8858.82
2540,11,8761.19
2540,12,8708.37
2540,13,8735.3
2540,14,8796.72
2540,15,8864.45
2540,16,8825.48
2540,17,8895.95
2540,18,8776.75
2540,19,8850.23
2540,20,8913.17
2540,21,8574.91
2540,22,8888.69
2540,23,8870.03
2540,24,8774.46
2540,25,8706.94
2540,26,8749.4
2540,27,8872.73
2540,28,8671.8
2540,29,8646.78
2540,30,8846.07
2540,31,8799.99
2540,32,8823.6
2540,33,8711.92
2540,34,8817.71
2540,35,8889.83
2540,36,8611.12
2540,37,8872.92
2540,38,8812.13
2540,39,8653.91
2540,40,8924.57
2540,41,8699.77
2540,42,8620.22
2540,43,8978.33
2540,44,8840.01
2540,45,8794.74
2540,46,8780.76
2540,47,8962.5
2540,48,8721.82
2540,49,8845.24
2540,50,8658.4
2540,51,8814.43
2540,52,8759.37
2540,53,8771.69
2540,54,8919.12
2540,55,8801.16
2540,56,8956.12
2540,57,8976.68
2540,58,8694.48
2540,59,8833.07
2540,60,8630.59
2540,61,8861.54
2540,62,8896.23
2540,63,8610.14
2540,64,8806.8
2540,65,8684.11
2540,66,8880.93
2540,67,8696.67
2540,68,8700.29
2540,69,8740.58
2540,70,8827.63
2540,71,8817.19
2540,72,8737.91
2540,73,8917.81
2540,74,8788.01
2540,75,8755.58
2540,76,8746.19
2540,77,8642.23
2540,78,8878.29
2540,79,8773.54
2540,80,8951.18
2540,81,8867.78
2540,82,8945.73
2540,83,8741.41
2540,84,8972.13
2540,85,8880.37
2540,86,8738.67
2540,87,8814.89
2540,88,8936.09
2540,89,8888.21
2540,90,8864.58
2540,91,8598.37
2540,92,8720.97
2540,93,8865.14
2540,94,8873.81
2540,95,8802.97
2540,96,8695.05
2540,97,8695.01
2540,98,8725.9
2540,99,8872.3
2550,0,8897.16
2550,1,8706.58
2550,2,8846.38
2550,3,8809.18
2550,4,8806.97
2550,5,8858.17
2550,6,8810.26
2550,7,8788.72
2550,8,8840.78
2550,9,8664.33
2550,10,8858.58
2550,11,8752.77
2550,12,8708.1
2550,13,8735.09
2550,14,8796.5
2550,15,8864.17
2550,16,8825.21
2550,17,8895.72
2550,18,8776.51
2550,19,8849.93
2550,20,8912.9
2550,21,8574.69
2550,22,8888.47
2550,23,8869.81
2550,24,8766.69
2550,25,8699.8
2550,26,8742.4
2550,27,8872.47
2550,28,8671.58
2550,29,8640.05
2550,30,8845.86
2550,31,8799.73
2550,32,8816.4
2550,33,8703.53
2550,34,8817.49
2550,35,8883.04
2550,36,8610.84
2550,37,8872.63
2550,38,8811.89
2550,39,8646.33
2550,40,8924.31
2550,41,8699.55
2550,42,8613.2
2550,43,8978.05
2550,44,8832.97
2550,45,8794.52
2550,46,8773.94
2550,47,8962.28
2550,48,8721.59
2550,49,8845
2550,50,8658.12
2550,51,8814.22
2550,52,8751.41
2550,53,8771.47
2550,54,8918.83
2550,55,8800.9
2550,56,8955.89
2550,57,8976.42
2550,58,8694.27
2550,59,8832.84
2550,60,8630.38
2550,61,8861.29
2550,62,8889.54
2550,63,8603.53
2550,64,8806.59
2550,65,8675.93
2550,66,8872.85
2550,67,8696.46
2550,68,8700.08
2550,69,8740.36
2550,70,8827.4
2550,71,8816.96
2550,72,8737.66
2550,73,8917.58
2550,74,8787.77
2550,75,8748.95
2550,76,8745.9
2550,77,8642.02
2550,78,8878.06
2550,79,8773.26
2550,80,8950.89
2550,81,8867.56
2550,82,8945.49
2550,83,8741.2
2550,84,8971.87
2550,85,8880.12
2550,86,8731.41
2550,87,8808
2550,88,8935.85
2550,89,8887.93
2550,90,8864.31
2550,91,8591.44
2550,92,8713.72
2550,93,8864.93
2550,94,8873.56
2550,95,8802.75
2550,96,8694.75
2550,97,8694.79
2550,98,8725.61
2550,99,8872.08
2560,0,8896.86
2560,1,8706.28
2560,2,8846.08
2560,3,8808.88
2560,4,8806.67
2560,5,8857.87
2560,6,8809.96
2560,7,8788.42
2560,8,8840.48
2560,9,8664.03
2560,10,8858.28
2560,11,8752.47
2560,12,8707.8
2560,13,8734.79
2560,14,8796.2
2560,15,8863.87
2560,16,8824.91
2560,17,8895.42
2560,18,8776.21
2560,19,8849.63
2560,20,8912.6
2560,21,8574.39
2560,22,8888.17
2560,23,8869.51
2560,24,8766.39
2560,25,8699.5
2560,26,8742.1
2560,27,8872.17
2560,28,8671.28
2560,29,8639.75
2560,30,8845.56
2560,31,8799.43
2560,32,8816.1
2560,33,8703.23
2560,34,8817.19
2560,35,8882.74
2560,36,8610.54
2560,37,8872.33
2560,38,8811.59
2560,39,8646.03
2560,40,8924.01
2560,41,8699.25
2560,42,8612.9
2560,43,8977.75
2560,44,8832.67
2560,45,8794.22
2560,46,8773.64
2560,47,8961.98
2560,48,8721.29
2560,49,8844.7
2560,50,8657.82
2560,51,8813.92
2560,52,8751.11
2560,53,8771.17
2560,54,8918.53
2560,55,8800.6
2560,56,8955.59
2560,57,8976.12
2560,58,8693.97
2560,59,8832.54
2560,60,8630.08
2560,61,8860.99
2560,62,8889.24
2560,63,8603.23
2560,64,8806.29
2560,65,8675.63
2560,66,8872.55
2560,67,8696.16
2560,68,8699.78
2560,69,8740.06
2560,70,8827.1
2560,71,8816.66
2560,72,8737.36
2560,73,8917.28
2560,74,8787.47
2560,75,8748.65
2560,76,8745.6
2560,77,8641.72
2560,78,8877.76
2560,79,8772.96
2560,80,8950.59
2560,81,8867.26
2560,82,8945.19
2560,83,8740.9
2560,84,8971.57
2560,85,8879.82
2560,86,8731.11
2560,87,8807.7
2560,88,8935.55
2560,89,8887.63
2560,90,8864.01
2560,91,8591.14
2560,92,8713.42
2560,93,8864.63
2560,94,8873.26
2560,95,8802.45
2560,96,8694.45
2560,97,8694.49
2560,98,8725.31
2560,99,8871.78
2570,0,8878.42
2570,1,8690.99
2570,2,8827.58
2570,3,8790.29
2570,4,8788.76
2570,5,8838.8
2570,6,8794.75
2570,7,8771.71
2570,8,8825.8
2570,9,8641.48
2570,10,8848.18
2570,11,8735.42
2570,12,8688.01
2570,13,8719.02
2570,14,8780.03
2570,15,8846.72
2570,16,8806.03
2570,17,8877.32
2570,18,8753.42
2570,19,8832.58
2570,20,8893.37
2570,21,8557.64
2570,22,8875.11
2570,23,8857.69
2570,24,8750.88
2570,25,8685.55
2570,26,8728.22
2570,27,8852.92
2570,28,8654.4
2570,29,8621.56
2570,30,8831.99
2570,31,8782.76
2570,32,8802.27
2570,33,8685.67
2570,34,8804.93
2570,35,8869.63
2570,36,8591.42
2570,37,8854.81
2570,38,8792.11
2570,39,8629.86
2570,40,8908.6
2570,41,8684.8
2570,42,8592.92
2570,43,8963.83
2570,44,8818.95
2570,45,8781.67
2570,46,8757.19
2570,47,8947.24
2570,48,8706.94
2570,49,8828.51
2570,50,8636.8
2570,51,8799.09
2570,52,8734.53
2570,53,8753.38
2570,54,8900.68
2570,55,8781.74
2570,56,8941.9
2570,57,8956.37
2570,58,8677.96
2570,59,8818.51
2570,60,8613.11
2570,61,8845.09
2570,62,8876.19
2570,63,8585.26
2570,64,8793.07
2570,65,8659.16
2570,66,8857.19
2570,67,8681.65
2570,68,8685.51
2570,69,8725.49
2570,70,8808.33
2570,71,8796.87
2570,72,8715.81
2570,73,8901.48
2570,74,8769.65
2570,75,8733.79
2570,76,8726.69
2570,77,8622.54
2570,78,8859.39
2570,79,8753.03
2570,80,8933.14
2570,81,8852.75
2570,82,8934.08
2570,83,8724.31
2570,84,8952.24
2570,85,8862.39
2570,86,8714.43
2570,87,8794.92
2570,88,8920.85
2570,89,8870.21
2570,90,8846.63
2570,91,8572.23
2570,92,8698.58
2570,93,8848.41
2570,94,8853.47
2570,95,8783.67
2570,96,8674.58
2570,97,8680.46
2570,98,8704.87
2570,99,8858.92
2580,0,8878.19
2580,1,8684.81
2580,2,8827.35
2580,3,8784.76
2580,4,8788.52
2580,5,8838.5
2580,6,8789.84
2580,7,8765.29
2580,8,8818.48
2580,9,8641.25
2580,10,8843.12
2580,11,8727.02
2580,12,8687.76
2580,13,8712.57
2580,14,8773.7
2580,15,8846.46
2580,16,8805.78
2580,17,8871.8
2580,18,8753.2
2580,19,8832.29
2580,20,8893.12
2580,21,8551.85
2580,22,8869.15
2580,23,8851.76
2580,24,8743.1
2580,25,8678.33
2580,26,8721.24
2580,27,8852.68
2580,28,8648.32
2580,29,8614.8
2580,30,8825.81
2580,31,8782.51
2580,32,8795.1
2580,33,8677.35
2580,34,8798.94
2580,35,8862.84
2580,36,8591.15
2580,37,8854.54
2580,38,8791.88
2580,39,8622.29
2580,40,8908.36
2580,41,8678.85
2580,42,8585.84
2580,43,8963.57
2580,44,8811.95
2580,45,8775.73
2580,46,8750.38
2580,47,8941.55
2580,48,8701.59
2580,49,8823.54
2580,50,8636.57
2580,51,8792.94
2580,52,8726.48
2580,53,8747.42
2580,54,8900.42
2580,55,8781.5
2580,56,8936.24
2580,57,8956.13
2580,58,8671.94
2580,59,8813.01
2580,60,8606.6
2580,61,8844.85
2580,62,8869.42
2580,63,8578.62
2580,64,8786.91
2580,65,8651.01
2580,66,8849.07
2580,67,8675.04
2580,68,8678.95
2580,69,8719.86
2580,70,8802.92
2580,71,8791.31
2580,72,8715.58
2580,73,8896.08
2580,74,8764.64
2580,75,8727.17
2580,76,8726.45
2580,77,8615.92
2580,78,8853.78
2580,79,8752.8
2580,80,8932.87
2580,81,8846.92
2580,82,8928.93
2580,83,8717.99
2580,84,8952
2580,85,8862.15
2580,86,8707.09
2580,87,8788.04
2580,88,8915.68
2580,89,8869.96
2580,90,8846.39
2580,91,8565.3
2580,92,8691.23
2580,93,8842.27
2580,94,8853.23
2580,95,8777.7
2580,96,8674.34
2580,97,8674.31
2580,98,8704.64
2580,99,8852.67
2590,0,8877.89
2590,1,8684.51
2590,2,8827.05
2590,3,8784.46
2590,4,8788.22
2590,5,8838.2
2590,6,8789.54
2590,7,8764.99
2590,8,8818.18
2590,9,8640.95
2590,10,8842.82
2590,11,8726.72
2590,12,8687.46
2590,13,8712.27
2590,14,8773.4
2590,15,8846.16
2590,16,8805.48
2590,17,8871.5
2590,18,8752.9
2590,19,8831.99
2590,20,8892.82
2590,21,8551.55
2590,22,8868.85
2590,23,8851.46
2590,24,8742.8
2590,25,8678.03
2590,26,8720.94
2590,27,8852.38
2590,28,8648.02
2590,29,8614.5
2590,30,8825.51
2590,31,8782.21
2590,32,8794.8
2590,33,8677.05
2590,34,8798.64
2590,35,8862.54
2590,36,8590.85
2590,37,8854.24
2590,38,8791.58
2590,39,8621.99
2590,40,8908.06
2590,41,8678.55
2590,42,8585.54
2590,43,8963.27
2590,44,8811.65
2590,45,8775.43
2590,46,8750.08
2590,47,8941.25
2590,48,8701.29
2590,49,8823.24
2590,50,8636.27
2590,51,8792.64
2590,52,8726.18
2590,53,8747.12
2590,54,8900.12
2590,55,8781.2
2590,56,8935.94
2590,57,8955.83
2590,58,8671.64
2590,59,8812.71
2590,60,8606.3
2590,61,8844.55
2590,62,8869.12
2590,63,8578.32
2590,64,8786.61
2590,65,8650.71
2590,66,8848.77
2590,67,8674.74
2590,68,8678.65
2590,69,8719.56
2590,70,8802.62
2590,71,8791.01
2590,72,8715.28
2590,73,8895.78
2590,74,8764.34
2590,75,8726.87
2590,76,8726.15
2590,77,8615.62
2590,78,8853.48
2590,79,8752.5
2590,80,8932.57
2590,81,8846.62
2590,82,8928.63
2590,83,8717.69
2590,84,8951.7
2590,85,8861.85
2590,86,8706.79
2590,87,8787.74
2590,88,8915.38
2590,89,8869.66
2590,90,8846.09
2590,91,8565
2590,92,8690.93
2590,93,8841.97
2590,94,8852.93
2590,95,8777.4
2590,96,8674.04
2590,97,8674.01
2590,98,8704.34
2590,99,8852.37
2600,0,8858.99
2600,1,8667.22
2600,2,8809.01
2600,3,8769.41
2600,4,8770.69
2600,5,8823.27
2600,6,8771.19
2600,7,8750.97
2600,8,8803.3
2600,9,8625.07
2600,10,8827.96
2600,11,8711.08
2600,12,8670.65
2600,13,8696.58
2600,14,8757.39
2600,15,8830.53
2600,16,8785.41
2600,17,8852.16
2600,18,8734.54
2600,19,8813.88
2600,20,8875.37
2600,21,8534.37
2600,22,8855.22
2600,23,8838.26
2600,24,8727.22
2600,25,8663.6
2600,26,8707.07
2600,27,8833.65
2600,28,8629.36
2600,29,8595.4
2600,30,8811.94
2600,31,8765.11
2600,32,8781.08
2600,33,8658.57
2600,34,8786.52
2600,35,8850.63
2600,36,8569.76
2600,37,8833.73
2600,38,8770.51
2600,39,8604.98
2600,40,8892.23
2600,41,8662.61
2600,42,8565.88
2600,43,8948.77
2600,44,8797.4
2600,45,8761.47
2600,46,8735.33
2600,47,8922.31
2600,48,8684.48
2600,49,8798.93
2600,50,8616.44
2600,51,8778.88
2600,52,8710.12
2600,53,8731.3
2600,54,8882.04
2600,55,8764.09
2600,56,8916.49
2600,57,8939.01
2600,58,8656.27
2600,59,8795.76
2600,60,8587.61
2600,61,8826.51
2600,62,8856.83
2600,63,8559.89
2600,64,8772.87
2600,65,8635.55
2600,66,8833.34
2600,67,8658.19
2600,68,8663.74
2600,69,8699.98
2600,70,8782.41
2600,71,8771.2
2600,72,8697.6
2600,73,8879.66
2600,74,8744.68
2600,75,8711.15
2600,76,8707.64
2600,77,8597.48
2600,78,8835.58
2600,79,8733.39
2600,80,8915.2
2600,81,8832
2600,82,8913.22
2600,83,8703.61
2600,84,8933.49
2600,85,8843.58
2600,86,8690.74
2600,87,8774.79
2600,88,8896.24
2600,89,8853.07
2600,90,8827.4
2600,91,8545.94
2600,92,8674.15
2600,93,8825.67
2600,94,8835.14
2600,95,8761.95
2600,96,8654.72
2600,97,8658.32
2600,98,8684.06
2600,99,8840.11
2610,0,8858.75
2610,1,8661.82
2610,2,8808.76
2610,3,8764.09
2610,4,8766.67
2610,5,8822.98
2610,6,8770.95
2610,7,8745.32
2610,8,8796.62
2610,9,8620.63
2610,10,8827.72
2610,11,8703.36
2610,12,8666.81
2610,13,8690.81
2610,14,8751.45
2610,15,8827.24
2610,16,8785.16
2610,17,8851.93
2610,18,8734.3
2610,19,8813.59
2610,20,8875.12
2610,21,8529.24
2610,22,8849.97
2610,23,8832.95
2610,24,8720.07
2610,25,8656.88
2610,26,8700.81
2610,27,8833.4
2610,28,8624
2610,29,8589.36
2610,30,8806.38
2610,31,8764.85
2610,32,8774.59
2610,33,8651.03
2610,34,8781.1
2610,35,8844.46
2610,36,8569.5
2610,37,8833.48
2610,38,8770.28
2610,39,8598.16
2610,40,8891.98
2610,41,8657.06
2610,42,8559.47
2610,43,8945.41
2610,44,8791.17
2610,45,8756.14
2610,46,8729.24
2610,47,8922.09
2610,48,8679.13
2610,49,8798.69
2610,50,8616.2
2610,51,8773.17
2610,52,8702.69
2610,53,8726.03
2610,54,8881.79
2610,55,8763.84
2610,56,8916.27
2610,57,8938.77
2610,58,8650.99
2610,59,8795.54
2610,60,8581.78
2610,61,8826.26
2610,62,8850.67
2610,63,8553.96
2610,64,8767.44
2610,65,8628.07
2610,66,8825.95
2610,67,8652.04
2610,68,8657.68
2610,69,8699.75
2610,70,8782.18
2610,71,8770.98
2610,72,8697.35
2610,73,8874.55
2610,74,8744.45
2610,75,8705.29
2610,76,8703.4
2610,77,8591.53
2610,78,8830.15
2610,79,8733.13
2610,80,8914.95
2610,81,8826.86
2610,82,8912.99
2610,83,8697.79
2610,84,8933.23
2610,85,8843.34
2610,86,8684.08
2610,87,8768.48
2610,88,8896.01
2610,89,8852.8
2610,90,8827.14
2610,91,8539.75
2610,92,8667.39
2610,93,8820.29
2610,94,8834.89
2610,95,8756.14
2610,96,8650.63
2610,97,8652.7
2610,98,8683.82
2610,99,8834.35
2620,0,8858.45
2620,1,8661.52
2620,2,8808.46
2620,3,8763.79
2620,4,8766.37
2620,5,8822.68
2620,6,8770.65
2620,7,8745.02
2620,8,8796.32
2620,9,8620.33
2620,10,8827.42
2620,11,8703.06
2620,12,8666.51
2620,13,8690.51
2620,14,8751.15
2620,15,8826.94
2620,16,8784.86
2620,17,8851.63
2620,18,8734
2620,19,8813.29
2620,20,8874.82
2620,21,8528.94
2620,22,8849.67
2620,23,8832.65
2620,24,8719.77
2620,25,8656.58
2620,26,8700.51
2620,27,8833.1
2620,28,8623.7
2620,29,8589.06
2620,30,8806.08
2620,31,8764.55
2620,32,8774.29
2620,33,8650.73
2620,34,8780.8
2620,35,8844.16
2620,36,8569.2
2620,37,8833.18
2620,38,8769.98
2620,39,8597.86
2620,40,8891.68
2620,41,8656.76
2620,42,8559.17
2620,43,8945.11
2620,44,8790.87
2620,45,8755.84
2620,46,8728.94
2620,47,8921.79
2620,48,8678.83
2620,49,8798.39
2620,50,8615.9
2620,51,8772.87
2620,52,8702.39
2620,53,8725.73
2620,54,8881.49
2620,55,8763.54
2620,56,8915.97
2620,57,8938.47
2620,58,8650.69
2620,59,8795.24
2620,60,8581.48
2620,61,8825.96
2620,62,8850.37
2620,63,8553.66
2620,64,8767.14
2620,65,8627.77
2620,66,8825.65
2620,67,8651.74
2620,68,8657.38
2620,69,8699.45
2620,70,8781.88
2620,71,8770.68
2620,72,8697.05
2620,73,8874.25
2620,74,8744.15
2620,75,8704.99
2620,76,8703.1
2620,77,8591.23
2620,78,8829.85
2620,79,8732.83
2620,80,8914.65
2620,81,8826.56
2620,82,8912.69
2620,83,8697.49
2620,84,8932.93
2620,85,8843.04
2620,86,8683.78
2620,87,8768.18
2620,88,8895.71
2620,89,8852.5
2620,90,8826.84
2620,91,8539.45
2620,92,8667.09
2620,93,8819.99
2620,94,8834.59
2620,95,8755.84
2620,96,8650.33
2620,97,8652.4
2620,98,8683.52
2620,99,8834.05
2630,0,8842.72
2630,1,8643.38
2630,2,8793.28
2630,3,8745.24
2630,4,8752.1
2630,5,8805.55
2630,6,8754.39
2630,7,8724.4
2630,8,8777.74
2630,9,8603.55
2630,10,8810.1
2630,11,8682.91
2630,12,8650.01
2630,13,8671.13
2630,14,8730.63
2630,15,8813.27
2630,16,8767.35
2630,17,8835.63
2630,18,8716.43
2630,19,8797.97
2630,20,8859.75
2630,21,8508.77
2630,22,8834.17
2630,23,8815.4
2630,24,8701.2
2630,25,8637.28
2630,26,8683.22
2630,27,8815.52
2630,28,8606.68
2630,29,8567.49
2630,30,8790.14
2630,31,8747.49
2630,32,8758
2630,33,8636.07
2630,34,8766.52
2630,35,8829.45
2630,36,8551.43
2630,37,8815.3
2630,38,8752.84
2630,39,8577.96
2630,40,8877.74
2630,41,8639.05
2630,42,8535.99
2630,43,8934.4
2630,44,8771.66
2630,45,8739.58
2630,46,8711
2630,47,8906.88
2630,48,8660.4
2630,49,8779.69
2630,50,8594.93
2630,51,8755.43
2630,52,8681.23
2630,53,8707.11
2630,54,8865.23
2630,55,8748.53
2630,56,8898.03
2630,57,8923.73
2630,58,8631.77
2630,59,8780.57
2630,60,8559.54
2630,61,8811.23
2630,62,8834.9
2630,63,8536.39
2630,64,8751.16
2630,65,8607.35
2630,66,8807.37
2630,67,8630.57
2630,68,8637.19
2630,69,8681.97
2630,70,8765.09
2630,71,8754.79
2630,72,8682.49
2630,73,8856.19
2630,74,8729.81
2630,75,8685.92
2630,76,8687.99
2630,77,8570.31
2630,78,8810.84
2630,79,8716.72
2630,80,8902.69
2630,81,8808.26
2630,82,8897.89
2630,83,8678.32
2630,84,8915.34
2630,85,8830.75
2630,86,8664.3
2630,87,8752.21
2630,88,8877.95
2630,89,8836.02
2630,90,8812.77
2630,91,8517.17
2630,92,8648.96
2630,93,8802.01
2630,94,8818.28
2630,95,8736.31
2630,96,8633.62
2630,97,8634.53
2630,98,8666.19
2630,99,8819.21
2640,0,8838.35
2640,1,8637.27
2640,2,8788.83
2640,3,8739.72
2640,4,8748.08
2640,5,8805.26
2640,6,8749.42
2640,7,8718.1
2640,8,8770.34
2640,9,8599.04
2640,10,8805.02
2640,11,8674.58
2640,12,8646.12
2640,13,8664.61
2640,14,8724.2
2640,15,8809.88
2640,16,8763.44
2640,17,8830.02
2640,18,8711.55
2640,19,8797.7
2640,20,8855.96
2640,21,8502.99
2640,22,8828.36
2640,23,8809.47
2640,24,8693.37
2640,25,8629.94
2640,26,8676.33
2640,27,8811.48
2640,28,8600.66
2640,29,8567.26
2640,30,8783.82
2640,31,8743.97
2640,32,8750.89
2640,33,8629.94
2640,34,8760.56
2640,35,8822.62
2640,36,8547.31
2640,37,8815.05
2640,38,8748.08
2640,39,8577.74
2640,40,8873.35
2640,41,8633
2640,42,8535.78
2640,43,8931.02
2640,44,8764.81
2640,45,8733.71
2640,46,8704.18
2640,47,8901.08
2640,48,8655.05
2640,49,8774.72
2640,50,8594.69
2640,51,8749.31
2640,52,8673.05
2640,53,8701.19
2640,54,8862.43
2640,55,8744.64
2640,56,8892.33
2640,57,8919.55
2640,58,8625.81
2640,59,8775.14
2640,60,8559.32
2640,61,8806.82
2640,62,8828.04
2640,63,8529.75
2640,64,8745.03
2640,65,8607.13
2640,66,8799.38
2640,67,8630.34
2640,68,8636.97
2640,69,8676.3
2640,70,8759.56
2640,71,8749.25
2640,72,8678.02
2640,73,8850.7
2640,74,8724.77
2640,75,8679.35
2640,76,8683.76
2640,77,8570.08
2640,78,8805.11
2640,79,8712.6
2640,80,8899.93
2640,81,8802.58
2640,82,8892.58
2640,83,8671.99
2640,84,8911.13
2640,85,8826.12
2640,86,8656.92
2640,87,8745.34
2640,88,8872.61
2640,89,8832.65
2640,90,8808.79
2640,91,8516.95
2640,92,8641.51
2640,93,8795.97
2640,94,8814.42
2640,95,8730.29
2640,96,8629.56
2640,97,8628.4
2640,98,8661.53
2640,99,8812.88
2650,0,8838.05
2650,1,8636.97
2650,2,8788.53
2650,3,8739.42
2650,4,8747.78
2650,5,8804.96
2650,6,8749.12
2650,7,8717.8
2650,8,8770.04
2650,9,8598.74
2650,10,8804.72
2650,11,8674.28
2650,12,8645.82
2650,13,8664.31
2650,14,8723.9
2650,15,8809.58
2650,16,8763.14
2650,17,8829.72
2650,18,8711.25
2650,19,8797.4
2650,20,8855.66
2650,21,8502.69
2650,22,8828.06
2650,23,8809.17
2650,24,8693.07
2650,25,8629.64
2650,26,8676.03
2650,27,8811.18
2650,28,8600.36
2650,29,8566.96
2650,30,8783.52
2650,31,8743.67
2650,32,8750.59
2650,33,8629.64
2650,34,8760.26
2650,35,8822.32
2650,36,8547.01
2650,37,8814.75
2650,38,8747.78
2650,39,8577.44
2650,40,8873.05
2650,41,8632.7
2650,42,8535.48
2650,43,8930.72
2650,44,8764.51
2650,45,8733.41
2650,46,8703.88
2650,47,8900.78
2650,48,8654.75
2650,49,8774.42
2650,50,8594.39
2650,51,8749.01
2650,52,8672.75
2650,53,8700.89
2650,54,8862.13
2650,55,8744.34
2650,56,8892.03
2650,57,8919.25
2650,58,8625.51
2650,59,8774.84
2650,60,8559.02
2650,61,8806.52
2650,62,8827.74
2650,63,8529.45
2650,64,8744.73
2650,65,8606.83
2650,66,8799.08
2650,67,8630.04
2650,68,8636.67
2650,69,8676
2650,70,8759.26
2650,71,8748.95
2650,72,8677.72
2650,73,8850.4
2650,74,8724.47
2650,75,8679.05
2650,76,8683.46
2650,77,8569.78
2650,78,8804.81
2650,79,8712.3
2650,80,8899.63
2650,81,8802.28
2650,82,8892.28
2650,83,8671.69
2650,84,8910.83
2650,85,8825.82
2650,86,8656.62
2650,87,8745.04
2650,88,8872.31
2650,89,8832.35
2650,90,8808.49
2650,91,8516.65
2650,92,8641.21
2650,93,8795.67
2650,94,8814.12
2650,95,8729.99
2650,96,8629.26
2650,97,8628.1
2650,98,8661.23
2650,99,8812.58
2660,0,8823.4
2660,1,8621.97
2660,2,8773.96
2660,3,8723.86
2660,4,8731.82
2660,5,8788.86
2660,6,8737.17
2660,7,8700.47
2660,8,8755.66
2660,9,8585.07
2660,10,8789.77
2660,11,8657.95
2660,12,8633.2
2660,13,8647.89
2660,14,8706.95
2660,15,8797.91
2660,16,8744.84
2660,17,8815.85
2660,18,8697.34
2660,19,8780.35
2660,20,8839.45
2660,21,8486.47
2660,22,8815.47
2660,23,8796.59
2660,24,8678.27
2660,25,8615.27
2660,26,8662.83
2660,27,8797.57
2660,28,8582.79
2660,29,8549.75
2660,30,8767.58
2660,31,8728.14
2660,32,8736.69
2660,33,8610.86
2660,34,8748.06
2660,35,8808.31
2660,36,8528.62
2660,37,8799.81
2660,38,8734.41
2660,39,8561.59
2660,40,8862.02
2660,41,8618.96
2660,42,8516.07
2660,43,8915.28
2660,44,8751
2660,45,8717.88
2660,46,8688.79
2660,47,8885.13
2660,48,8640.19
2660,49,8759.84
2660,50,8579.53
2660,51,8736.14
2660,52,8655.78
2660,53,8683.83
2660,54,8845.86
2660,55,8729.65
2660,56,8878.35
2660,57,8903.74
2660,58,8610.48
2660,59,8761.76
2660,60,8540.91
2660,61,8795.02
2660,62,8809.93
2660,63,8511.09
2660,64,8730.08
2660,65,8591.47
2660,66,8783.71
2660,67,8612.21
2660,68,8619.18
2660,69,8662.61
2660,70,8745.83
2660,71,8735.76
2660,72,8661.83
2660,73,8836.88
2660,74,8711.92
2660,75,8663.52
2660,76,8667.06
2660,77,8551.75
2660,78,8788.97
2660,79,8694.16
2660,80,8886.1
2660,81,8788.21
2660,82,8880.07
2660,83,8655.27
2660,84,8896.54
2660,85,8814.51
2660,86,8641.19
2660,87,8731.02
2660,88,8859.69
2660,89,8812.32
2660,90,8794.52
2660,91,8497.88
2660,92,8626.79
2660,93,8777.63
2660,94,8798.48
2660,95,8714.66
2660,96,8612.26
2660,97,8613.99
2660,98,8646.14
2660,99,8798.95
2670,0,8819.41
2670,1,8610.86
2670,2,8766.49
2670,3,8715.23
2670,4,8725.23
2670,5,8787.9
2670,6,8728.9
2670,7,8689.38
2670,8,8742.47
2670,9,8577.36
2670,10,8782.02
2670,11,8643.17
2670,12,8626.76
2670,13,8635.75
2670,14,8696.46
2670,15,8792.48
2670,16,8741.15
2670,17,8805.63
2670,18,8689.43
2670,19,8779.41
2670,20,8836
2670,21,8475.48
2670,22,8805.14
2670,23,8786.94
2670,24,8664.5
2670,25,8602.24
2670,26,8650.92
2670,27,8791.54
2670,28,8571.31
2670,29,8537.02
2670,30,8757.31
2670,31,8724.97
2670,32,8724.48
2670,33,8596.07
2670,34,8738.88
2670,35,8797.24
2670,36,8520.33
2670,37,8797.6
2670,38,8727.28
2670,39,8548.05
2670,40,8855.39
2670,41,8608.78
2670,42,8509.46
2670,43,8912.53
2670,44,8739.03
2670,45,8708.66
2670,46,8676.46
2670,47,8875.44
2670,48,8631.22
2670,49,8751.63
2670,50,8570.42
2670,51,8726.68
2670,52,8640.99
2670,53,8672.45
2670,54,8843.34
2670,55,8726.13
2670,56,8867.84
2670,57,8899.68
2670,58,8599.58
2670,59,8753.48
2670,60,8534.65
2670,61,8787.52
2670,62,8797.94
2670,63,8504.77
2670,64,8719.25
2670,65,8577.15
2670,66,8769.8
2670,67,8601.14
2670,68,8607.34
2670,69,8653.45
2670,70,8735.58
2670,71,8727.33
2670,72,8654.39
2670,73,8828.52
2670,74,8703.71
2670,75,8651.66
2670,76,8659.77
2670,77,8539.18
2670,78,8779.7
2670,79,8690.39
2670,80,8881.46
2670,81,8777.65
2670,82,8871.88
2670,83,8644.72
2670,84,8888.58
2670,85,8807.65
2670,86,8627.72
2670,87,8720.03
2670,88,8849.97
2670,89,8809.37
2670,90,8788.32
2670,91,8491.43
2670,92,8613.46
2670,93,8766.35
2670,94,8795.03
2670,95,8704.94
2670,96,8604.26
2670,97,8602.93
2670,98,8636.74
2670,99,8789.01
2680,0,8819.11
2680,1,8610.56
2680,2,8766.19
2680,3,8714.93
2680,4,8724.93
2680,5,8787.6
2680,6,8728.6
2680,7,8689.08
2680,8,8742.17
2680,9,8577.06
2680,10,8781.72
2680,11,8642.87
2680,12,8626.46
2680,13,8635.45
2680,14,8696.16
2680,15,8792.18
2680,16,8740.85
2680,17,8805.33
2680,18,8689.13
2680,19,8779.11
2680,20,8835.7
2680,21,8475.18
2680,22,8804.84
2680,23,8786.64
2680,24,8664.2
2680,25,8601.94
2680,26,8650.62
2680,27,8791.24
2680,28,8571.01
2680,29,8536.72
2680,30,8757.01
2680,31,8724.67
2680,32,8724.18
2680,33,8595.77
2680,34,8738.58
2680,35,8796.94
2680,36,8520.03
2680,37,8797.3
2680,38,8726.98
2680,39,8547.75
2680,40,8855.09
2680,41,8608.48
2680,42,8509.16
2680,43,8912.23
2680,44,8738.73
2680,45,8708.36
2680,46,8676.16
2680,47,8875.14
2680,48,8630.92
2680,49,8751.33
2680,50,8570.12
2680,51,8726.38
2680,52,8640.69
2680,53,8672.15
2680,54,8843.04
2680,55,8725.83
2680,56,8867.54
2680,57,8899.38
2680,58,8599.28
2680,59,8753.18
2680,60,8534.35
2680,61,8787.22
2680,62,8797.64
2680,63,8504.47
2680,64,8718.95
2680,65,8576.85
2680,66,8769.5
2680,67,8600.84
2680,68,8607.04
2680,69,8653.15
2680,70,8735.28
2680,71,8727.03
2680,72,8654.09
2680,73,8828.22
2680,74,8703.41
2680,75,8651.36
2680,76,8659.47
2680,77,8538.88
2680,78,8779.4
2680,79,8690.09
2680,80,8881.16
2680,81,8777.35
2680,82,8871.58
2680,83,8644.42
2680,84,8888.28
2680,85,8807.35
2680,86,8627.42
2680,87,8719.73
2680,88,8849.67
2680,89,8809.07
2680,90,8788.02
2680,91,8491.13
2680,92,8613.16
2680,93,8766.05
2680,94,8794.73
2680,95,8704.64
2680,96,8603.96
2680,97,8602.63
2680,98,8636.44
2680,99,8788.71
2690,0,8806.79
2690,1,8594.89
2690,2,8751.27
2690,3,8699.69
2690,4,8709.75
2690,5,8773.98
2690,6,8712.6
2690,7,8672.15
2690,8,8727.97
2690,9,8561.7
2690,10,8769.68
2690,11,8626.16
2690,12,8610.79
2690,13,8618.76
2690,14,8681.46
2690,15,8779.72
2690,16,8724.99
2690,17,8790.91
2690,18,8673.46
2690,19,8766.12
2690,20,8821.18
2690,21,8455.33
2690,22,8791.52
2690,23,8773.13
2690,24,8647.23
2690,25,8586.57
2690,26,8637.24
2690,27,8777.65
2690,28,8551.3
2690,29,8519.77
2690,30,8742.48
2690,31,8711.62
2690,32,8709.24
2690,33,8576.91
2690,34,8726.01
2690,35,8780.14
2690,36,8502.94
2690,37,8781.99
2690,38,8713.43
2690,39,8531.04
2690,40,8842.76
2690,41,8590.44
2690,42,8490.68
2690,43,8901.14
2690,44,8724.12
2690,45,8693.44
2690,46,8659.69
2690,47,8860.87
2690,48,8616.4
2690,49,8735.24
2690,50,8550.91
2690,51,8713.06
2690,52,8623.43
2690,53,8658.45
2690,54,8827.01
2690,55,8711.03
2690,56,8854.04
2690,57,8886.56
2690,58,8580.71
2690,59,8741.15
2690,60,8516.58
2690,61,8774.02
2690,62,8784.88
2690,63,8484.99
2690,64,8704.08
2690,65,8560.86
2690,66,8756.47
2690,67,8582.8
2690,68,8589.59
2690,69,8640.12
2690,70,8721.05
2690,71,8712.37
2690,72,8639.23
2690,73,8812.77
2690,74,8686.44
2690,75,8634.91
2690,76,8643.77
2690,77,8520.74
2690,78,8761.07
2690,79,8673.04
2690,80,8868.68
2690,81,8764.16
2690,82,8859.67
2690,83,8628.15
2690,84,8873.81
2690,85,8796.32
2690,86,8610.58
2690,87,8704.64
2690,88,8836.01
2690,89,8786.26
2690,90,8775.91
2690,91,8473.92
2690,92,8598.64
2690,93,8748.07
2690,94,8780.68
2690,95,8687.16
2690,96,8587.71
2690,97,8587.99
2690,98,8619.83
2690,99,8774.5
2700,0,8806.49
2700,1,8594.61
2700,2,8750.99
2700,3,8699.42
2700,4,8709.49
2700,5,8773.7
2700,6,8712.35
2700,7,8671.88
2700,8,8727.7
2700,9,8561.44
2700,10,8769.38
2700,11,8625.91
2700,12,8610.53
2700,13,8618.5
2700,14,8681.19
2700,15,8779.43
2700,16,8724.72
2700,17,8790.62
2700,18,8673.2
2700,19,8765.83
2700,20,8820.9
2700,21,8455.1
2700,22,8791.23
2700,23,8772.85
2700,24,8646.99
2700,25,8586.32
2700,26,8636.97
2700,27,8777.36
2700,28,8551.07
2700,29,8519.51
2700,30,8742.21
2700,31,8711.32
2700,32,8708.98
2700,33,8576.68
2700,34,8725.72
2700,35,8779.84
2700,36,8502.69
2700,37,8781.71
2700,38,8713.13
2700,39,8530.78
2700,40,8842.47
2700,41,8590.21
2700,42,8490.43
2700,43,8900.84
2700,44,8723.84
2700,45,8693.18
2700,46,8659.42
2700,47,8860.58
2700,48,8616.13
2700,49,8734.97
2700,50,8550.68
2700,51,8712.77
2700,52,8623.19
2700,53,8658.16
2700,54,8826.75
2700,55,8710.75
2700,56,8853.75
2700,57,8886.27
2700,58,8580.47
2700,59,8740.86
2700,60,8516.34
2700,61,8773.73
2700,62,8784.58
2700,63,8484.77
2700,64,8703.8
2700,65,8560.61
2700,66,8756.18
2700,67,8582.57
2700,68,8589.36
2700,69,8639.83
2700,70,8720.77
2700,71,8712.1
2700,72,8638.96
2700,73,8812.5
2700,74,8686.16
2700,75,8634.64
2700,76,8643.52
2700,77,8520.48
2700,78,8760.82
2700,79,8672.8
2700,80,8868.4
2700,81,8763.87
2700,82,8859.37
2700,83,8627.91
2700,84,8873.53
2700,85,8796.02
2700,86,8610.33
2700,87,8704.38
2700,88,8835.72
2700,89,8785.96
2700,90,8775.62
2700,91,8473.66
2700,92,8598.38
2700,93,8747.82
2700,94,8780.39
2700,95,8686.9
2700,96,8587.45
2700,97,8587.73
2700,98,8619.57
2700,99,8774.23
2710,0,8806.19
2710,1,8594.31
2710,2,8750.69
2710,3,8699.12
2710,4,8709.19
2710,5,8773.4
2710,6,8712.05
2710,7,8671.58
2710,8,8727.4
2710,9,8561.14
2710,10,8769.08
2710,11,8625.61
2710,12,8610.23
2710,13,8618.2
2710,14,8680.89
2710,15,8779.13
2710,16,8724.42
2710,17,8790.32
2710,18,8672.9
2710,19,8765.53
2710,20,8820.6
2710,21,8454.8
2710,22,8790.93
2710,23,8772.55
2710,24,8646.69
2710,25,8586.02
2710,26,8636.67
2710,27,8777.06
2710,28,8550.77
2710,29,8519.21
2710,30,8741.91
2710,31,8711.02
2710,32,8708.68
2710,33,8576.38
2710,34,8725.42
2710,35,8779.54
2710,36,8502.39
2710,37,8781.41
2710,38,8712.83
2710,39,8530.48
2710,40,8842.17
2710,41,8589.91
2710,42,8490.13
2710,43,8900.54
2710,44,8723.54
2710,45,8692.88
2710,46,8659.12
2710,47,8860.28
2710,48,8615.83
2710,49,8734.67
2710,50,8550.38
2710,51,8712.47
2710,52,8622.89
2710,53,8657.86
2710,54,8826.45
2710,55,8710.45
2710,56,8853.45
2710,57,8885.97
2710,58,8580.17
2710,59,8740.56
2710,60,8516.04
2710,61,8773.43
2710,62,8784.28
2710,63,8484.47
2710,64,8703.5
2710,65,8560.31
2710,66,8755.88
2710,67,8582.27
2710,68,8589.06
2710,69,8639.53
2710,70,8720.47
2710,71,8711.8
2710,72,8638.66
2710,73,8812.2
2710,74,8685.86
2710,75,8634.34
2710,76,8643.22
2710,77,8520.18
2710,78,8760.52
2710,79,8672.5
2710,80,8868.1
2710,81,8763.57
2710,82,8859.07
2710,83,8627.61
2710,84,8873.23
2710,85,8795.72
2710,86,8610.03
2710,87,8704.08
2710,88,8835.42
2710,89,8785.66
2710,90,8775.32
2710,91,8473.36
2710,92,8598.08
2710,93,8747.52
2710,94,8780.09
2710,95,8686.6
2710,96,8587.15
2710,97,8587.43
2710,98,8619.27
2710,99,8773.93
2720,0,8791.65
2720,1,8576.93
2720,2,8736.87
2720,3,8681.36
2720,4,8695.25
2720,5,8757.21
2720,6,8695.56
2720,7,8655.95
2720,8,8709.76
2720,9,8543.78
2720,10,8754.28
2720,11,8607.14
2720,12,8596.49
2720,13,8600.22
2720,14,8665.47
2720,15,8764.15
2720,16,8707.13
2720,17,8774.25
2720,18,8657.01
2720,19,8750
2720,20,8806.23
2720,21,8439.04
2720,22,8776.85
2720,23,8759.93
2720,24,8630.01
2720,25,8571.13
2720,26,8620.14
2720,27,8762.11
2720,28,8532.82
2720,29,8500.46
2720,30,8728.46
2720,31,8695.95
2720,32,8693.52
2720,33,8557.73
2720,34,8711.99
2720,35,8763.08
2720,36,8483.93
2720,37,8767.29
2720,38,8696.98
2720,39,8512.2
2720,40,8827.31
2720,41,8575.69
2720,42,8470.45
2720,43,8886.48
2720,44,8708.78
2720,45,8677.96
2720,46,8644.63
2720,47,8844.41
2720,48,8599.49
2720,49,8718.97
2720,50,8533.04
2720,51,8697.05
2720,52,8604.86
2720,53,8643.93
2720,54,8811.97
2720,55,8697.16
2720,56,8837.4
2720,57,8872.68
2720,58,8565.11
2720,59,8726.03
2720,60,8498.13
2720,61,8761.45
2720,62,8768.64
2720,63,8466.59
2720,64,8688.73
2720,65,8545.23
2720,66,8739.17
2720,67,8567.91
2720,68,8574.02
2720,69,8625.16
2720,70,8704.79
2720,71,8697.19
2720,72,8622.79
2720,73,8796.71
2720,74,8664.45
2720,75,8617.23
2720,76,8629.68
2720,77,8501.99
2720,78,8741.16
2720,79,8657.62
2720,80,8854.45
2720,81,8748.98
2720,82,8845.9
2720,83,8614.5
2720,84,8858.99
2720,85,8783.08
2720,86,8592.41
2720,87,8689.62
2720,88,8821.47
2720,89,8767.42
2720,90,8762.07
2720,91,8454.36
2720,92,8585.05
2720,93,8729.74
2720,94,8765.64
2720,95,8669.36
2720,96,8570.51
2720,97,8573.54
2720,98,8603.87
2720,99,8759.32
2730,0,8787.4
2730,1,8571.91
2730,2,8730.38
2730,3,8677.81
2730,4,8690.34
2730,5,8754.74
2730,6,8691.52
2730,7,8648.22
2730,8,8703.84
2730,9,8539.88
2730,10,8750.97
2730,11,8600.64
2730,12,8592.57
2730,13,8594.52
2730,14,8660.94
2730,15,8761.46
2730,16,8704.7
2730,17,8769.54
2730,18,8652.24
2730,19,8745.3
2730,20,8802.44
2730,21,8433.64
2730,22,8772.29
2730,23,8755.58
2730,24,8623.93
2730,25,8562.76
2730,26,8615.05
2730,27,8758.22
2730,28,8527.23
2730,29,8494.5
2730,30,8723.75
2730,31,8693.35
2730,32,8688.33
2730,33,8551.07
2730,34,8706.15
2730,35,8758.17
2730,36,8479.59
2730,37,8763.93
2730,38,8692.87
2730,39,8505.78
2730,40,8824.35
2730,41,8570.49
2730,42,8463.81
2730,43,8884.71
2730,44,8700.97
2730,45,8673.94
2730,46,8635.55
2730,47,8839.79
2730,48,8594.3
2730,49,8711.71
2730,50,8527.84
2730,51,8693.17
2730,52,8598.13
2730,53,8634.19
2730,54,8807.84
2730,55,8692.62
2730,56,8832.45
2730,57,8868.93
2730,58,8555.68
2730,59,8722.55
2730,60,8491.95
2730,61,8755.28
2730,62,8763.36
2730,63,8460.45
2730,64,8681.64
2730,65,8536.05
2730,66,8733.18
2730,67,8562.7
2730,68,8568.61
2730,69,8618.16
2730,70,8696.51
2730,71,8691
2730,72,8617.92
2730,73,8793.29
2730,74,8660.64
2730,75,8611.85
2730,76,8624.33
2730,77,8494.14
2730,78,8737.14
2730,79,8651.82
2730,80,8850
2730,81,8744.11
2730,82,8842.32
2730,83,8609.59
2730,84,8852.21
2730,85,8780.18
2730,86,8585.6
2730,87,8684.88
2730,88,8814.87
2730,89,8765.68
2730,90,8756.31
2730,91,8447.75
2730,92,8574.23
2730,93,8724.43
2730,94,8762.22
2730,95,8664.37
2730,96,8565.67
2730,97,8567.97
2730,98,8598.67
2730,99,8755.08
2740,0,8787.1
2740,1,8571.61
2740,2,8730.08
2740,3,8677.51
2740,4,8690.04
2740,5,8754.44
2740,6,8691.22
2740,7,8647.92
2740,8,8703.54
2740,9,8539.58
2740,10,8750.67
2740,11,8600.34
2740,12,8592.27
2740,13,8594.22
2740,14,8660.64
2740,15,8761.16
2740,16,8704.4
2740,17,8769.24
2740,18,8651.94
2740,19,8745
2740,20,8802.14
2740,21,8433.34
2740,22,8771.99
2740,23,8755.28
2740,24,8623.63
2740,25,8562.46
2740,26,8614.75
2740,27,8757.92
2740,28,8526.93
2740,29,8494.2
2740,30,8723.45
2740,31,8693.05
2740,32,8688.03
2740,33,8550.77
2740,34,8705.85
2740,35,8757.87
2740,36,8479.29
2740,37,8763.63
2740,38,8692.57
2740,39,8505.48
2740,40,8824.05
2740,41,8570.19
2740,42,8463.51
2740,43,8884.41
2740,44,8700.67
2740,45,8673.64
2740,46,8635.25
2740,47,8839.49
2740,48,8594
2740,49,8711.41
2740,50,8527.54
2740,51,8692.87
2740,52,8597.83
2740,53,8633.89
2740,54,8807.54
2740,55,8692.32
2740,56,8832.15
2740,57,8868.63
2740,58,8555.38
2740,59,8722.25
2740,60,8491.65
2740,61,8754.98
2740,62,8763.06
2740,63,8460.15
2740,64,8681.34
2740,65,8535.75
2740,66,8732.88
2740,67,8562.4
2740,68,8568.31
2740,69,8617.86
2740,70,8696.21
2740,71,8690.7
2740,72,8617.62
2740,73,8792.99
2740,74,8660.34
2740,75,8611.55
2740,76,8624.03
2740,77,8493.84
2740,78,8736.84
2740,79,8651.52
2740,80,8849.7
2740,81,8743.81
2740,82,8842.02
2740,83,8609.29
2740,84,8851.91
2740,85,8779.88
2740,86,8585.3
2740,87,8684.58
2740,88,8814.57
2740,89,8765.38
2740,90,8756.01
2740,91,8447.45
2740,92,8573.93
2740,93,8724.13
2740,94,8761.92
2740,95,8664.07
2740,96,8565.37
2740,97,8567.67
2740,98,8598.37
2740,99,8754.78
2750,0,8772
2750,1,8554.37
2750,2,8715.08
2750,3,8662.15
2750,4,8673.93
2750,5,8738.33
2750,6,8674.79
2750,7,8631.99
2750,8,8690.67
2750,9,8524.88
2750,10,8735.08
2750,11,8584.99
2750,12,8577.72
2750,13,8576.25
2750,14,8644.44
2750,15,8748.48
2750,16,8688.54
2750,17,8752.73
2750,18,8635.67
2750,19,8729.44
2750,20,8787.99
2750,21,8419.52
2750,22,8758.99
2750,23,8741.65
2750,24,8610.46
2750,25,8546.85
2750,26,8599.16
2750,27,8745.09
2750,28,8508.53
2750,29,8477.85
2750,30,8706.04
2750,31,8675.49
2750,32,8673.39
2750,33,8533.7
2750,34,8692.78
2750,35,8740.95
2750,36,8463.99
2750,37,8749.52
2750,38,8676.15
2750,39,8489.89
2750,40,8811.79
2750,41,8554.16
2750,42,8446.69
2750,43,8868.1
2750,44,8685.73
2750,45,8658.37
2750,46,8619.59
2750,47,8824.88
2750,48,8577.96
2750,49,8691.56
2750,50,8510.98
2750,51,8677.78
2750,52,8582.54
2750,53,8620.19
2750,54,8791.58
2750,55,8680.03
2750,56,8816.94
2750,57,8854.81
2750,58,8541.49
2750,59,8709.01
2750,60,8477.67
2750,61,8741.74
2750,62,8747.21
2750,63,8446.29
2750,64,8666.18
2750,65,8519.82
2750,66,8718.08
2750,67,8547.57
2750,68,8554.54
2750,69,8602.46
2750,70,8677.66
2750,71,8676.07
2750,72,8605.58
2750,73,8777.6
2750,74,8639.27
2750,75,8594.1
2750,76,8612.31
2750,77,8477.2
2750,78,8720.97
2750,79,8637.6
2750,80,8835.09
2750,81,8728.41
2750,82,8830.74
2750,83,8596
2750,84,8837.41
2750,85,8768.46
2750,86,8568.76
2750,87,8670.61
2750,88,8801.55
2750,89,8750.88
2750,90,8740.15
2750,91,8431.89
2750,92,8558.49
2750,93,8708.34
2750,94,8748.32
2750,95,8646.53
2750,96,8548.17
2750,97,8553.97
2750,98,8581.22
2750,99,8741.32
2760,0,8760.77
2760,1,8543.92
2760,2,8705.18
2760,3,8653.01
2760,4,8664.71
2760,5,8732.33
2760,6,8666.51
2760,7,8618.46
2760,8,8672.79
2760,9,8512.56
2760,10,8726.2
2760,11,8567.95
2760,12,8567.33
2760,13,8564.04
2760,14,8632.93
2760,15,8740.3
2760,16,8677.82
2760,17,8743.07
2760,18,8625.78
2760,19,8723.08
2760,20,8778.32
2760,21,8405.73
2760,22,8745.3
2760,23,8729.57
2760,24,8592.63
2760,25,8531.76
2760,26,8588.11
2760,27,8734.1
2760,28,8496.12
2760,29,8461.52
2760,30,8692.2
2760,31,8665.83
2760,32,8662.91
2760,33,8517.65
2760,34,8681.22
2760,35,8729.91
2760,36,8455.09
2760,37,8743.21
2760,38,8666.96
2760,39,8472.9
2760,40,8802.49
2760,41,8542.26
2760,42,8429.75
2760,43,8859.66
2760,44,8671.22
2760,45,8649.64
2760,46,8607.57
2760,47,8812.03
2760,48,8568.98
2760,49,8683.32
2760,50,8501.5
2760,51,8665.08
2760,52,8564.8
2760,53,8605.34
2760,54,8785.13
2760,55,8668.54
2760,56,8802.83
2760,57,8843.72
2760,58,8526.58
2760,59,8698.32
2760,60,8466.51
2760,61,8731.86
2760,62,8735.59
2760,63,8428.42
2760,64,8652.91
2760,65,8504.37
2760,66,8702.37
2760,67,8533.51
2760,68,8541.13
2760,69,8593.29
2760,70,8667.98
2760,71,8667.59
2760,72,8593.61
2760,73,8767.99
2760,74,8629.66
2760,75,8582.58
2760,76,8598.38
2760,77,8461.08
2760,78,8708.51
2760,79,8627.68
2760,80,8828.98
2760,81,8718.81
2760,82,8820.4
2760,83,8582.79
2760,84,8827.39
2760,85,8759.33
2760,86,8553.55
2760,87,8656.34
2760,88,8789.27
2760,89,8742
2760,90,8731.58
2760,91,8415.06
2760,92,8542.76
2760,93,8695.53
2760,94,8738.62
2760,95,8635.24
2760,96,8540.62
2760,97,8538.95
2760,98,8571.95
2760,99,8728.27
2770,0,8760.47
2770,1,8543.62
2770,2,8704.88
2770,3,8652.71
2770,4,8664.41
2770,5,8732.03
2770,6,8666.21
2770,7,8618.16
2770,8,8672.49
2770,9,8512.26
2770,10,8725.9
2770,11,8567.65
2770,12,8567.03
2770,13,8563.74
2770,14,8632.63
2770,15,8740
2770,16,8677.52
2770,17,8742.77
2770,18,8625.48
2770,19,8722.78
2770,20,8778.02
2770,21,8405.43
2770,22,8745
2770,23,8729.27
2770,24,8592.33
2770,25,8531.46
2770,26,8587.81
2770,27,8733.8
2770,28,8495.82
2770,29,8461.22
2770,30,8691.9
2770,31,8665.53
2770,32,8662.61
2770,33,8517.35
2770,34,8680.92
2770,35,8729.61
2770,36,8454.79
2770,37,8742.91
2770,38,8666.66
2770,39,8472.6
2770,40,8802.19
2770,41,8541.96
2770,42,8429.45
2770,43,8859.36
2770,44,8670.92
2770,45,8649.34
2770,46,8607.27
2770,47,8811.73
2770,48,8568.68
2770,49,8683.02
2770,50,8501.2
2770,51,8664.78
2770,52,8564.5
2770,53,8605.04
2770,54,8784.83
2770,55,8668.24
2770,56,8802.53
2770,57,8843.42
2770,58,8526.28
2770,59,8698.02
2770,60,8466.21
2770,61,8731.56
2770,62,8735.29
2770,63,8428.12
2770,64,8652.61
2770,65,8504.07
2770,66,8702.07
2770,67,8533.21
2770,68,8540.83
2770,69,8592.99
2770,70,8667.68
2770,71,8667.29
2770,72,8593.31
2770,73,8767.69
2770,74,8629.36
2770,75,8582.28
2770,76,8598.08
2770,77,8460.78
2770,78,8708.21
2770,79,8627.38
2770,80,8828.68
2770,81,8718.51
2770,82,8820.1
2770,83,8582.49
2770,84,8827.09
2770,85,8759.03
2770,86,8553.25
2770,87,8656.04
2770,88,8788.97
2770,89,8741.7
2770,90,8731.28
2770,91,8414.76
2770,92,8542.46
2770,93,8695.23
2770,94,8738.32
2770,95,8634.94
2770,96,8540.32
2770,97,8538.65
2770,98,8571.65
2770,99,8727.97
2780,0,8748.9
2780,1,8529
2780,2,8692.94
2780,3,8637.82
2780,4,8653.81
2780,5,8718.78
2780,6,8654.09
2780,7,8604.9
2780,8,8660.72
2780,9,8500.26
2780,10,8717.45
2780,11,8554.7
2780,12,8556.13
2780,13,8548.44
2780,14,8620.43
2780,15,8728.25
2780,16,8661.93
2780,17,8731.63
2780,18,8611.67
2780,19,8710.19
2780,20,8764.9
2780,21,8389.87
2780,22,8733.13
2780,23,8719.38
2780,24,8577.96
2780,25,8517.68
2780,26,8577.46
2780,27,8723.89
2780,28,8483.71
2780,29,8444.56
2780,30,8676.49
2780,31,8651.13
2780,32,8651.63
2780,33,8506.9
2780,34,8669.73
2780,35,8713.4
2780,36,8442.58
2780,37,8730.7
2780,38,8653.99
2780,39,8457.02
2780,40,8791.69
2780,41,8527.72
2780,42,8412.14
2780,43,8846.71
2780,44,8657.06
2780,45,8637.68
2780,46,8595.05
2780,47,8800.43
2780,48,8554.42
2780,49,8666.78
2780,50,8487.19
2780,51,8652.93
2780,52,8551.5
2780,53,8591.81
2780,54,8771.63
2780,55,8656.53
2780,56,8790.02
2780,57,8831.25
2780,58,8511.85
2780,59,8685.85
2780,60,8453.82
2780,61,8719.57
2780,62,8723.22
2780,63,8412.64
2780,64,8640.81
2780,65,8491.95
2780,66,8690.77
2780,67,8518.68
2780,68,8527.6
2780,69,8581.44
2780,70,8654.84
2780,71,8655.7
2780,72,8580.66
2780,73,8753.99
2780,74,8608.84
2780,75,8567.12
2780,76,8588.09
2780,77,8443.56
2780,78,8693.11
2780,79,8616
2780,80,8815.65
2780,81,8705.63
2780,82,8808.82
2780,83,8569.31
2780,84,8815.91
2780,85,8748.49
2780,86,8541.41
2780,87,8644.89
2780,88,8776.93
2780,89,8724.67
2780,90,8718.37
2780,91,8398.04
2780,92,8529.69
2780,93,8682.14
2780,94,8727.48
2780,95,8619.97
2780,96,8527.3
2780,97,8524.57
2780,98,8559.72
2780,99,8716.76
2790,0,8744.68
2790,1,8520.47
2790,2,8686.78
2790,3,8633.24
2790,4,8648.78
2790,5,8713.68
2790,6,8646.26
2790,7,8597.47
2790,8,8649.13
2790,9,8492.34
2790,10,8714.26
2790,11,8543.24
2790,12,8549.32
2790,13,8542.78
2790,14,8611.43
2790,15,8723.71
2790,16,8658.24
2790,17,8723.91
2790,18,8606.75
2790,19,8705.35
2790,20,8760.93
2790,21,8384.56
2790,22,8726.13
2790,23,8714.22
2790,24,8571.96
2790,25,8512.63
2790,26,8568.94
2790,27,8717.51
2790,28,8473.29
2790,29,8438.74
2790,30,8671.85
2790,31,8650.02
2790,32,8643.48
2790,33,8494.92
2790,34,8663.42
2790,35,8705.27
2790,36,8437.03
2790,37,8727.46
2790,38,8646.99
2790,39,8451.98
2790,40,8786.94
2790,41,8522.53
2790,42,8406.04
2790,43,8845.09
2790,44,8652.2
2790,45,8630.52
2790,46,8585.54
2790,47,8792.94
2790,48,8549.24
2790,49,8659.54
2790,50,8482.67
2790,51,8646.2
2790,52,8545.75
2790,53,8582.36
2790,54,8767.42
2790,55,8651.86
2790,56,8781.56
2790,57,8827.51
2790,58,8502.69
2790,59,8682.58
2790,60,8442.61
2790,61,8713.58
2790,62,8715.72
2790,63,8407.41
2790,64,8633.05
2790,65,8486.29
2790,66,8680.58
2790,67,8513.47
2790,68,8522.09
2790,69,8574.27
2790,70,8646.81
2790,71,8649.61
2790,72,8575.79
2790,73,8750.37
2790,74,8603.6
2790,75,8558.36
2790,76,8582.66
2790,77,8437.71
2790,78,8688.26
2790,79,8610.2
2790,80,8813.98
2790,81,8697.83
2790,82,8803.04
2790,83,8564.4
2790,84,8809.27
2790,85,8744.35
2790,86,8530.64
2790,87,8636.97
2790,88,8769.73
2790,89,8721.47
2790,90,8715.37
2790,91,8393.13
2790,92,8524.18
2790,93,8673.37
2790,94,8722.54
2790,95,8614.91
2790,96,8522.49
2790,97,8519.03
2790,98,8550.13
2790,99,8709.62
2800,0,8744.38
2800,1,8520.17
2800,2,8686.48
2800,3,8632.94
2800,4,8648.48
2800,5,8713.38
2800,6,8645.96
2800,7,8597.17
2800,8,8648.83
2800,9,8492.04
2800,10,8713.96
2800,11,8542.94
2800,12,8549.02
2800,13,8542.48
2800,14,8611.13
2800,15,8723.41
2800,16,8657.94
2800,17,8723.61
2800,18,8606.45
2800,19,8705.05
2800,20,8760.63
2800,21,8384.26
2800,22,8725.83
2800,23,8713.92
2800,24,8571.66
2800,25,8512.33
2800,26,8568.64
2800,27,8717.21
2800,28,8472.99
2800,29,8438.44
2800,30,8671.55
2800,31,8649.72
2800,32,8643.18
2800,33,8494.62
2800,34,8663.12
2800,35,8704.97
2800,36,8436.73
2800,37,8727.16
2800,38,8646.69
2800,39,8451.68
2800,40,8786.64
2800,41,8522.23
2800,42,8405.74
2800,43,8844.79
2800,44,8651.9
2800,45,8630.22
2800,46,8585.24
2800,47,8792.64
2800,48,8548.94
2800,49,8659.24
2800,50,8482.37
2800,51,8645.9
2800,52,8545.45
2800,53,8582.06
2800,54,8767.12
2800,55,8651.56
2800,56,8781.26
2800,57,8827.21
2800,58,8502.39
2800,59,8682.28
2800,60,8442.31
2800,61,8713.28
2800,62,8715.42
2800,63,8407.11
2800,64,8632.75
2800,65,8485.99
2800,66,8680.28
2800,67,8513.17
2800,68,8521.79
2800,69,8573.97
2800,70,8646.51
2800,71,8649.31
2800,72,8575.49
2800,73,8750.07
2800,74,8603.3
2800,75,8558.06
2800,76,8582.36
2800,77,8437.41
2800,78,8687.96
2800,79,8609.9
2800,80,8813.68
2800,81,8697.53
2800,82,8802.74
2800,83,8564.1
2800,84,8808.97
2800,85,8744.05
2800,86,8530.34
2800,87,8636.67
2800,88,8769.43
2800,89,8721.17
2800,90,8715.07
2800,91,8392.83
2800,92,8523.88
2800,93,8673.07
2800,94,8722.24
2800,95,8614.61
2800,96,8522.19
2800,97,8518.73
2800,98,8549.83
2800,99,8709.32
2810,0,8732.55
2810,1,8510.63
2810,2,8674.6
2810,3,8618.52
2810,4,8636.02
2810,5,8699.57
2810,6,8634.89
2810,7,8585.42
2810,8,8638.29
2810,9,8481.09
2810,10,8703.32
2810,11,8532.77
2810,12,8538.53
2810,13,8531.43
2810,14,8598.64
2810,15,8713.14
2810,16,8644.18
2810,17,8712.62
2810,18,8593.3
2810,19,8692.34
2810,20,8748.54
2810,21,8370.51
2810,22,8714.01
2810,23,8704.19
2810,24,8559.48
2810,25,8502.73
2810,26,8558.04
2810,27,8706.06
2810,28,8457.89
2810,29,8424.38
2810,30,8659.62
2810,31,8637.14
2810,32,8633.19
2810,33,8484.14
2810,34,8652.33
2810,35,8693.19
2810,36,8421.65
2810,37,8715.34
2810,38,8633.83
2810,39,8437.97
2810,40,8776.46
2810,41,8511.44
2810,42,8391.35
2810,43,8834.54
2810,44,8633.86
2810,45,8618.71
2810,46,8573.53
2810,47,8780.97
2810,48,8535.3
2810,49,8647.7
2810,50,8468.94
2810,51,8633.43
2810,52,8534.39
2810,53,8568.55
2810,54,8753.42
2810,55,8640.76
2810,56,8768.89
2810,57,8815
2810,58,8489.92
2810,59,8672.4
2810,60,8429.11
2810,61,8701.33
2810,62,8703.59
2810,63,8394.22
2810,64,8620.53
2810,65,8473.63
2810,66,8669.57
2810,67,8502.04
2810,68,8511.18
2810,69,8561.17
2810,70,8634.35
2810,71,8637.02
2810,72,8563.36
2810,73,8736.41
2810,74,8587.74
2810,75,8545.23
2810,76,8569.76
2810,77,8424.09
2810,78,8673
2810,79,8596.51
2810,80,8803.42
2810,81,8684.29
2810,82,8789.31
2810,83,8550.92
2810,84,8796.82
2810,85,8734.21
2810,86,8521.05
2810,87,8625.11
2810,88,8757.97
2810,89,8702.95
2810,90,8701.21
2810,91,8379.09
2810,92,8514.54
2810,93,8659.17
2810,94,8710.09
2810,95,8599.85
2810,96,8509.31
2810,97,8508.93
2810,98,8535.61
2810,99,8697.91
2820,0,8729.12
2820,1,8503.15
2820,2,8668.06
2820,3,8612.94
2820,4,8627.19
2820,5,8693.99
2820,6,8626.81
2820,7,8578.59
2820,8,8630.01
2820,9,8473.28
2820,10,8699.04
2820,11,8523.32
2820,12,8531.78
2820,13,8522.47
2820,14,8594.15
2820,15,8708.85
2820,16,8636.71
2820,17,8704.4
2820,18,8584.31
2820,19,8688.05
2820,20,8741.63
2820,21,8365.53
2820,22,8707.2
2820,23,8698.11
2820,24,8551.48
2820,25,8492.12
2820,26,8551.19
2820,27,8699.22
2820,28,8449.28
2820,29,8419.44
2820,30,8655.08
2820,31,8634.32
2820,32,8626.04
2820,33,8473.6
2820,34,8646.64
2820,35,8685.67
2820,36,8416.76
2820,37,8711.41
2820,38,8626.29
2820,39,8428.73
2820,40,8771.84
2820,41,8503.65
2820,42,8386.1
2820,43,8831.54
2820,44,8625.9
2820,45,8611.78
2820,46,8566.69
2820,47,8773.58
2820,48,8530.75
2820,49,8640.28
2820,50,8464.44
2820,51,8627.63
2820,52,8524.9
2820,53,8563.05
2820,54,8747.26
2820,55,8635.37
2820,56,8763.85
2820,57,8809.61
2820,58,8485.42
2820,59,8666.99
2820,60,8420.16
2820,61,8697.42
2820,62,8699.73
2820,63,8385.23
2820,64,8612.86
2820,65,8465.38
2820,66,8665.04
2820,67,8494.32
2820,68,8505.83
2820,69,8554.18
2820,70,8627.29
2820,71,8631.39
2820,72,8554.7
2820,73,8729.57
2820,74,8583.87
2820,75,8538.72
2820,76,8560.12
2820,77,8415.53
2820,78,8669.14
2820,79,8592.02
2820,80,8800.11
2820,81,8676.54
2820,82,8785.19
2820,83,8546.19
2820,84,8789.86
2820,85,8730.17
2820,86,8509.84
2820,87,8621.61
2820,88,8750.84
2820,89,8701.35
2820,90,8695.6
2820,91,8373.82
2820,92,8503.69
2820,93,8654.08
2820,94,8705.28
2820,95,8596.18
2820,96,8500.75
2820,97,8500.34
2820,98,8531.07
2820,99,8691.72
2830,0,8728.82
2830,1,8502.85
2830,2,8667.76
2830,3,8612.64
2830,4,8626.89
2830,5,8693.69
2830,6,8626.51
2830,7,8578.29
2830,8,8629.71
2830,9,8472.98
2830,10,8698.74
2830,11,8523.02
2830,12,8531.48
2830,13,8522.17
2830,14,8593.85
2830,15,8708.55
2830,16,8636.41
2830,17,8704.1
2830,18,8584.01
2830,19,8687.75
2830,20,8741.33
2830,21,8365.23
2830,22,8706.9
2830,23,8697.81
2830,24,8551.18
2830,25,8491.82
2830,26,8550.89
2830,27,8698.92
2830,28,8448.98
2830,29,8419.14
2830,30,8654.78
2830,31,8634.02
2830,32,8625.74
2830,33,8473.3
2830,34,8646.34
2830,35,8685.37
2830,36,8416.46
2830,37,8711.11
2830,38,8625.99
2830,39,8428.43
2830,40,8771.54
2830,41,8503.35
2830,42,8385.8
2830,43,8831.24
2830,44,8625.6
2830,45,8611.48
2830,46,8566.39
2830,47,8773.28
2830,48,8530.45
2830,49,8639.98
2830,50,8464.14
2830,51,8627.33
2830,52,8524.6
2830,53,8562.75
2830,54,8746.96
2830,55,8635.07
2830,56,8763.55
2830,57,8809.31
2830,58,8485.12
2830,59,8666.69
2830,60,8419.86
2830,61,8697.12
2830,62,8699.43
2830,63,8384.93
2830,64,8612.56
2830,65,8465.08
2830,66,8664.74
2830,67,8494.02
2830,68,8505.53
2830,69,8553.88
2830,70,8626.99
2830,71,8631.09
2830,72,8554.4
2830,73,8729.27
2830,74,8583.57
2830,75,8538.42
2830,76,8559.82
2830,77,8415.23
2830,78,8668.84
2830,79,8591.72
2830,80,8799.81
2830,81,8676.24
2830,82,8784.89
2830,83,8545.89
2830,84,8789.56
2830,85,8729.87
2830,86,8509.54
2830,87,8621.31
2830,88,8750.54
2830,89,8701.05
2830,90,8695.3
2830,91,8373.52
2830,92,8503.39
2830,93,8653.78
2830,94,8704.98
2830,95,8595.88
2830,96,8500.45
2830,97,8500.04
2830,98,8530.77
2830,99,8691.42
2840,0,8718.57
2840,1,8490.74
2840,2,8655.95
2840,3,8599.21
2840,4,8613.83
2840,5,8680.79
2840,6,8614.85
2840,7,8566.18
2840,8,8619.63
2840,9,8461.68
2840,10,8690.46
2840,11,8512.75
2840,12,8520.6
2840,13,8509.35
2840,14,8582.86
2840,15,8698.29
2840,16,8622.49
2840,17,8691.23
2840,18,8571.58
2840,19,8675.05
2840,20,8728.9
2840,21,8354.01
2840,22,8696.15
2840,23,8688.11
2840,24,8541.31
2840,25,8482.63
2840,26,8539.36
2840,27,8687.49
2840,28,8436.58
2840,29,8406.49
2840,30,8644.04
2840,31,8622.25
2840,32,8614.1
2840,33,8463.83
2840,34,8635.24
2840,35,8672.72
2840,36,8404.25
2840,37,8699.8
2840,38,8613.65
2840,39,8417.93
2840,40,8762.28
2840,41,8492.35
2840,42,8373.6
2840,43,8821.01
2840,44,8612.13
2840,45,8600.75
2840,46,8556.44
2840,47,8761.96
2840,48,8518.51
2840,49,8628.13
2840,50,8451.3
2840,51,8615.88
2840,52,8515.64
2840,53,8550.41
2840,54,8733.68
2840,55,8624.03
2840,56,8751.59
2840,57,8796.65
2840,58,8472.24
2840,59,8656.6
2840,60,8407.74
2840,61,8686.27
2840,62,8688.09
2840,63,8373.2
2840,64,8601.11
2840,65,8454.97
2840,66,8654.23
2840,67,8482.8
2840,68,8495.49
2840,69,8543.33
2840,70,8613.77
2840,71,8620.09
2840,72,8542.37
2840,73,8715.31
2840,74,8569.67
2840,75,8525.32
2840,76,8549.01
2840,77,8404.12
2840,78,8655.15
2840,79,8580.61
2840,80,8789.19
2840,81,8664.11
2840,82,8772.62
2840,83,8535.93
2840,84,8777.34
2840,85,8719.71
2840,86,8499.15
2840,87,8610.75
2840,88,8739.45
2840,89,8687.64
2840,90,8681.38
2840,91,8360.07
2840,92,8493.94
2840,93,8640.9
2840,94,8693.2
2840,95,8580.91
2840,96,8486.06
2840,97,8492.74
2840,98,8518.03
2840,99,8680.97
2850,0,8711.07
2850,1,8482.88
2850,2,8646.37
2850,3,8589.89
2850,4,8602.91
2850,5,8674.38
2850,6,8605.9
2850,7,8557
2850,8,8609.85
2850,9,8452.85
2850,10,8686.41
2850,11,8501.94
2850,12,8512.8
2850,13,8499.68
2850,14,8571.8
2850,15,8692.48
2850,16,8612.55
2850,17,8683.93
2850,18,8561.9
2850,19,8663.82
2850,20,8719.34
2850,21,8339.85
2850,22,8690.55
2850,23,8683.24
2850,24,8526.9
2850,25,8467.56
2850,26,8531.11
2850,27,8680.13
2850,28,8422.61
2850,29,8394.7
2850,30,8635.56
2850,31,8612.34
2850,32,8606.82
2850,33,8447.02
2850,34,8628.13
2850,35,8665.42
2850,36,8389.98
2850,37,8689.33
2850,38,8602.72
2850,39,8402.67
2850,40,8756.24
2850,41,8479.54
2850,42,8359.63
2850,43,8814.21
2850,44,8603.93
2850,45,8592.5
2850,46,8545.72
2850,47,8752.8
2850,48,8506.19
2850,49,8619.44
2850,50,8439.48
2850,51,8607.09
2850,52,8501.99
2850,53,8541.13
2850,54,8725.35
2850,55,8612.43
2850,56,8743.3
2850,57,8785.27
2850,58,8461.6
2850,59,8648.7
2850,60,8393.32
2850,61,8678.63
2850,62,8679.59
2850,63,8358.13
2850,64,8592.69
2850,65,8439.74
2850,66,8645.17
2850,67,8469.51
2850,68,8480.79
2850,69,8533.46
2850,70,8606.1
2850,71,8611.66
2850,72,8531.36
2850,73,8704.17
2850,74,8562.49
2850,75,8516.31
2850,76,8534.95
2850,77,8389.25
2850,78,8643.02
2850,79,8566.09
2850,80,8779.91
2850,81,8656.13
2850,82,8767.18
2850,83,8523.11
2850,84,8767.22
2850,85,8713.15
2850,86,8483.69
2850,87,8602.2
2850,88,8731.94
2850,89,8682.27
2850,90,8671.81
2850,91,8347.83
2850,92,8478.34
2850,93,8632.52
2850,94,8681.11
2850,95,8574.4
2850,96,8477.81
2850,97,8476.06
2850,98,8507.41
2850,99,8673.47
2860,0,8710.77
2860,1,8482.58
2860,2,8646.07
2860,3,8589.59
2860,4,8602.61
2860,5,8674.08
2860,6,8605.6
2860,7,8556.7
2860,8,8609.55
2860,9,8452.55
2860,10,8686.11
2860,11,8501.64
2860,12,8512.5
2860,13,8499.38
2860,14,8571.5
2860,15,8692.18
2860,16,8612.25
2860,17,8683.63
2860,18,8561.6
2860,19,8663.52
2860,20,8719.04
2860,21,8339.55
2860,22,8690.25
2860,23,8682.94
2860,24,8526.6
2860,25,8467.26
2860,26,8530.81
2860,27,8679.83
2860,28,8422.31
2860,29,8394.4
2860,30,8635.26
2860,31,8612.04
2860,32,8606.52
2860,33,8446.72
2860,34,8627.83
2860,35,8665.12
2860,36,8389.68
2860,37,8689.03
2860,38,8602.42
2860,39,8402.37
2860,40,8755.94
2860,41,8479.24
2860,42,8359.33
2860,43,8813.91
2860,44,8603.63
2860,45,8592.2
2860,46,8545.42
2860,47,8752.5
2860,48,8505.89
2860,49,8619.14
2860,50,8439.18
2860,51,8606.79
2860,52,8501.69
2860,53,8540.83
2860,54,8725.05
2860,55,8612.13
2860,56,8743
2860,57,8784.97
2860,58,8461.3
2860,59,8648.4
2860,60,8393.02
2860,61,8678.33
2860,62,8679.29
2860,63,8357.83
2860,64,8592.39
2860,65,8439.44
2860,66,8644.87
2860,67,8469.21
2860,68,8480.49
2860,69,8533.16
2860,70,8605.8
2860,71,8611.36
2860,72,8531.06
2860,73,8703.87
2860,74,8562.19
2860,75,8516.01
2860,76,8534.65
2860,77,8388.95
2860,78,8642.72
2860,79,8565.79
2860,80,8779.61
2860,81,8655.83
2860,82,8766.88
2860,83,8522.81
2860,84,8766.92
2860,85,8712.85
2860,86,8483.39
2860,87,8601.9
2860,88,8731.64
2860,89,8681.97
2860,90,8671.51
2860,91,8347.53
2860,92,8478.04
2860,93,8632.22
2860,94,8680.81
2860,95,8574.1
2860,96,8477.51
2860,97,8475.76
2860,98,8507.11
2860,99,8673.17
2870,0,8698.99
2870,1,8472.67
2870,2,8636.35
2870,3,8576.82
2870,4,8592.9
2870,5,8661.35
2870,6,8597.39
2870,7,8547.65
2870,8,8601.34
2870,9,8445.23
2870,10,8677.57
2870,11,8492.89
2870,12,8501.98
2870,13,8487.79
2870,14,8561.07
2870,15,8679.36
2870,16,8599.91
2870,17,8674.71
2870,18,8550.54
2870,19,8652.13
2870,20,8706.98
2870,21,8330.04
2870,22,8680.76
2870,23,8674.02
2870,24,8517.68
2870,25,8459.8
2870,26,8524.09
2870,27,8669.76
2870,28,8412.67
2870,29,8382.77
2870,30,8624.97
2870,31,8599.5
2870,32,8599.19
2870,33,8439.82
2870,34,8617.96
2870,35,8654.38
2870,36,8378.45
2870,37,8678.2
2870,38,8591.12
2870,39,8392.09
2870,40,8747.62
2870,41,8469.26
2870,42,8346.17
2870,43,8805.63
2870,44,8593.61
2870,45,8583.31
2870,46,8535.46
2870,47,8741.16
2870,48,8496
2870,49,8608.02
2870,50,8430.01
2870,51,8595.54
2870,52,8490.4
2870,53,8530.2
2870,54,8713.31
2870,55,8600.42
2870,56,8731.71
2870,57,8772.52
2870,58,8451.53
2870,59,8639.3
2870,60,8380.35
2870,61,8668.29
2870,62,8669.74
2870,63,8346.02
2870,64,8582.61
2870,65,8431.02
2870,66,8635.99
2870,67,8458.99
2870,68,8472.65
2870,69,8525.73
2870,70,8594.9
2870,71,8601.65
2870,72,8523.79
2870,73,8690.21
2870,74,8546.41
2870,75,8504.69
2870,76,8526.58
2870,77,8377.28
2870,78,8628.84
2870,79,8556.78
2870,80,8769.02
2870,81,8645.2
2870,82,8757.93
2870,83,8516.19
2870,84,8756.74
2870,85,8703.93
2870,86,8474.67
2870,87,8592.13
2870,88,8720.28
2870,89,8669.61
2870,90,8661.69
2870,91,8334.93
2870,92,8470.04
2870,93,8621.51
2870,94,8669.96
2870,95,8560.08
2870,96,8469.21
2870,97,8467.61
2870,98,8498.17
2870,99,8663.17
2880,0,8698.34
2880,1,8466.23
2880,2,8632.96
2880,3,8574.65
2880,4,8588.97
2880,5,8659.12
2880,6,8591.86
2880,7,8541.4
2880,8,8594.45
2880,9,8439.57
2880,10,8675.68
2880,11,8486.48
2880,12,8496.91
2880,13,8483.76
2880,14,8557.64
2880,15,8678.24
2880,16,8598
2880,17,8669.86
2880,18,8547.35
2880,19,8648.85
2880,20,8705.63
2880,21,8323.39
2880,22,8677.61
2880,23,8672.71
2880,24,8511.89
2880,25,8453.49
2880,26,8518.26
2880,27,8663.5
2880,28,8405.41
2880,29,8379.46
2880,30,8620.45
2880,31,8599.28
2880,32,8593.84
2880,33,8433.12
2880,34,8615.68
2880,35,8650.72
2880,36,8374.72
2880,37,8675.21
2880,38,8587.8
2880,39,8386.35
2880,40,8744.99
2880,41,8464.2
2880,42,8341.32
2880,43,8800.99
2880,44,8589.54
2880,45,8579.44
2880,46,8531.31
2880,47,8739.59
2880,48,8491.17
2880,49,8605.28
2880,50,8424.67
2880,51,8593.84
2880,52,8485.46
2880,53,8523.98
2880,54,8708.96
2880,55,8596.9
2880,56,8727.85
2880,57,8771.28
2880,58,8446.08
2880,59,8634.8
2880,60,8375.61
2880,61,8666.41
2880,62,8665.99
2880,63,8340.43
2880,64,8578.9
2880,65,8424.73
2880,66,8631.52
2880,67,8453.82
2880,68,8465.98
2880,69,8519.44
2880,70,8591.16
2880,71,8596.79
2880,72,8517.58
2880,73,8688.85
2880,74,8543.02
2880,75,8500.09
2880,76,8520.17
2880,77,8372.97
2880,78,8625.96
2880,79,8550.79
2880,80,8766.43
2880,81,8643.28
2880,82,8755.94
2880,83,8508.65
2880,84,8753.62
2880,85,8700.56
2880,86,8468.51
2880,87,8589.28
2880,88,8719.15
2880,89,8666.4
2880,90,8657.85
2880,91,8329.99
2880,92,8463.46
2880,93,8617.42
2880,94,8665.47
2880,95,8557.56
2880,96,8462.89
2880,97,8461.84
2880,98,8492.38
2880,99,8661.97
2890,0,8698.04
2890,1,8465.93
2890,2,8632.66
2890,3,8574.35
2890,4,8588.67
2890,5,8658.82
2890,6,8591.56
2890,7,8541.1
2890,8,8594.15
2890,9,8439.27
2890,10,8675.38
2890,11,8486.18
2890,12,8496.61
2890,13,8483.46
2890,14,8557.34
2890,15,8677.94
2890,16,8597.7
2890,17,8669.56
2890,18,8547.05
2890,19,8648.55
2890,20,8705.33
2890,21,8323.09
2890,22,8677.31
2890,23,8672.41
2890,24,8511.59
2890,25,8453.19
2890,26,8517.96
2890,27,8663.2
2890,28,8405.11
2890,29,8379.16
2890,30,8620.15
2890,31,8598.98
2890,32,8593.54
2890,33,8432.82
2890,34,8615.38
2890,35,8650.42
2890,36,8374.42
2890,37,8674.91
2890,38,8587.5
2890,39,8386.05
2890,40,8744.69
2890,41,8463.9
2890,42,8341.02
2890,43,8800.69
2890,44,8589.24
2890,45,8579.14
2890,46,8531.01
2890,47,8739.29
2890,48,8490.87
2890,49,8604.98
2890,50,8424.37
2890,51,8593.54
2890,52,8485.16
2890,53,8523.68
2890,54,8708.66
2890,55,8596.6
2890,56,8727.55
2890,57,8770.98
2890,58,8445.78
2890,59,8634.5
2890,60,8375.31
2890,61,8666.11
2890,62,8665.69
2890,63,8340.13
2890,64,8578.6
2890,65,8424.43
2890,66,8631.22
2890,67,8453.52
2890,68,8465.68
2890,69,8519.14
2890,70,8590.86
2890,71,8596.49
2890,72,8517.28
2890,73,8688.55
2890,74,8542.72
2890,75,8499.79
2890,76,8519.87
2890,77,8372.67
2890,78,8625.66
2890,79,8550.49
2890,80,8766.13
2890,81,8642.98
2890,82,8755.64
2890,83,8508.35
2890,84,8753.32
2890,85,8700.26
2890,86,8468.21
2890,87,8588.98
2890,88,8718.85
2890,89,8666.1
2890,90,8657.55
2890,91,8329.69
2890,92,8463.16
2890,93,8617.12
2890,94,8665.17
2890,95,8557.26
2890,96,8462.59
2890,97,8461.54
2890,98,8492.08
2890,99,8661.67
2900,0,8687.54
2900,1,8457.16
2900,2,8623.3
2900,3,8561.68
2900,4,8580.13
2900,5,8649.02
2900,6,8583.33
2900,7,8533.15
2900,8,8585.52
2900,9,8432.09
2900,10,8666.9
2900,11,8475.72
2900,12,8489.93
2900,13,8471.92
2900,14,8548.99
2900,15,8665.56
2900,16,8586.43
2900,17,8659.03
2900,18,8536.62
2900,19,8639.74
2900,20,8695.04
2900,21,8312.9
2900,22,8669.56
2900,23,8663.62
2900,24,8503.04
2900,25,8446.07
2900,26,8510.13
2900,27,8653.83
2900,28,8393.36
2900,29,8367.5
2900,30,8612.57
2900,31,8588.86
2900,32,8586.28
2900,33,8423.95
2900,34,8605.37
2900,35,8639.72
2900,36,8363.42
2900,37,8663.57
2900,38,8576.45
2900,39,8377.71
2900,40,8737.8
2900,41,8456.24
2900,42,8328.09
2900,43,8792.02
2900,44,8579.1
2900,45,8571.16
2900,46,8521.16
2900,47,8730.62
2900,48,8481.82
2900,49,8595.78
2900,50,8415.39
2900,51,8587.04
2900,52,8475.3
2900,53,8513.15
2900,54,8698.23
2900,55,8585.49
2900,56,8716.54
2900,57,8761.05
2900,58,8436.1
2900,59,8626.44
2900,60,8363.29
2900,61,8657.87
2900,62,8656.01
2900,63,8328.26
2900,64,8569.53
2900,65,8417.8
2900,66,8622.35
2900,67,8446.63
2900,68,8458.17
2900,69,8512.98
2900,70,8582.27
2900,71,8588.07
2900,72,8510.09
2900,73,8675.94
2900,74,8527.34
2900,75,8488.32
2900,76,8511.79
2900,77,8361.57
2900,78,8612.08
2900,79,8541.44
2900,80,8757.37
2900,81,8634.11
2900,82,8744.09
2900,83,8502.73
2900,84,8744.05
2900,85,8692.1
2900,86,8457.52
2900,87,8580.14
2900,88,8710.89
2900,89,8652.76
2900,90,8647.16
2900,91,8317.49
2900,92,8455.48
2900,93,8606.44
2900,94,8655.9
2900,95,8544.44
2900,96,8451.2
2900,97,8453.68
2900,98,8480.62
2900,99,8654.74
2910,0,8682.18
2910,1,8444.84
2910,2,8611.81
2910,3,8555.48
2910,4,8570.36
2910,5,8639.92
2910,6,8571.35
2910,7,8519.21
2910,8,8572.97
2910,9,8420.22
2910,10,8658.29
2910,11,8463.62
2910,12,8475.54
2910,13,8461.1
2910,14,8537.97
2910,15,8655.88
2910,16,8578.06
2910,17,8647.32
2910,18,8525.99
2910,19,8629.74
2910,20,8686.59
2910,21,8300.3
2910,22,8660.55
2910,23,8656.78
2910,24,8490.08
2910,25,8431.38
2910,26,8498.32
2910,27,8644.98
2910,28,8381.25
2910,29,8355.73
2910,30,8599.57
2910,31,8583.37
2910,32,8571.92
2910,33,8408.6
2910,34,8596.4
2910,35,8629.07
2910,36,8352.73
2910,37,8657.99
2910,38,8566.73
2910,39,8361.96
2910,40,8725.04
2910,41,8442.89
2910,42,8315.4
2910,43,8783.54
2910,44,8567.06
2910,45,8561.41
2910,46,8507.08
2910,47,8719.17
2910,48,8470.17
2910,49,8581.92
2910,50,8402.8
2910,51,8576.24
2910,52,8461.2
2910,53,8502.39
2910,54,8690.12
2910,55,8578.79
2910,56,8703.86
2910,57,8754.1
2910,58,8423.32
2910,59,8617.34
2910,60,8349.91
2910,61,8647.56
2910,62,8646.67
2910,63,8314.75
2910,64,8557.75
2910,65,8401.3
2910,66,8611.79
2910,67,8432.67
2910,68,8443.33
2910,69,8498.94
2910,70,8570.88
2910,71,8577.96
2910,72,8497.25
2910,73,8669.38
2910,74,8519
2910,75,8474.31
2910,76,8498.88
2910,77,8348.53
2910,78,8606.67
2910,79,8529.92
2910,80,8749.03
2910,81,8623.4
2910,82,8735.2
2910,83,8487.92
2910,84,8732.52
2910,85,8683.03
2910,86,8444.74
2910,87,8569.7
2910,88,8699.61
2910,89,8643.77
2910,90,8634.65
2910,91,8305.15
2910,92,8440.68
2910,93,8596.2
2910,94,8647.86
2910,95,8537.77
2910,96,8441.56
2910,97,8439.8
2910,98,8470.09
2910,99,8642.76
2920,0,8681.88
2920,1,8444.54
2920,2,8611.51
2920,3,8555.18
2920,4,8570.06
2920,5,8639.62
2920,6,8571.05
2920,7,8518.91
2920,8,8572.67
2920,9,8419.92
2920,10,8657.99
2920,11,8463.32
2920,12,8475.24
2920,13,8460.8
2920,14,8537.67
2920,15,8655.58
2920,16,8577.76
2920,17,8647.02
2920,18,8525.69
2920,19,8629.44
2920,20,8686.29
2920,21,8300
2920,22,8660.25
2920,23,8656.48
2920,24,8489.78
2920,25,8431.08
2920,26,8498.02
2920,27,8644.68
2920,28,8380.95
2920,29,8355.43
2920,30,8599.27
2920,31,8583.07
2920,32,8571.62
2920,33,8408.3
2920,34,8596.1
2920,35,8628.77
2920,36,8352.43
2920,37,8657.69
2920,38,8566.43
2920,39,8361.66
2920,40,8724.74
2920,41,8442.59
2920,42,8315.1
2920,43,8783.24
2920,44,8566.76
2920,45,8561.11
2920,46,8506.78
2920,47,8718.87
2920,48,8469.87
2920,49,8581.62
2920,50,8402.5
2920,51,8575.94
2920,52,8460.9
2920,53,8502.09
2920,54,8689.82
2920,55,8578.49
2920,56,8703.56
2920,57,8753.8
2920,58,8423.02
2920,59,8617.04
2920,60,8349.61
2920,61,8647.26
2920,62,8646.37
2920,63,8314.45
2920,64,8557.45
2920,65,8401
2920,66,8611.49
2920,67,8432.37
2920,68,8443.03
2920,69,8498.64
2920,70,8570.58
2920,71,8577.66
2920,72,8496.95
2920,73,8669.08
2920,74,8518.7
2920,75,8474.01
2920,76,8498.58
2920,77,8348.23
2920,78,8606.37
2920,79,8529.62
2920,80,8748.73
2920,81,8623.1
2920,82,8734.9
2920,83,8487.62
2920,84,8732.22
2920,85,8682.73
2920,86,8444.44
2920,87,8569.4
2920,88,8699.31
2920,89,8643.47
2920,90,8634.35
2920,91,8304.85
2920,92,8440.38
2920,93,8595.9
2920,94,8647.56
2920,95,8537.47
2920,96,8441.26
2920,97,8439.5
2920,98,8469.79
2920,99,8642.46
2930,0,8681.58
2930,1,8444.24
2930,2,8611.21
2930,3,8554.88
2930,4,8569.76
2930,5,8639.32
2930,6,8570.75
2930,7,8518.61
2930,8,8572.37
2930,9,8419.62
2930,10,8657.69
2930,11,8463.02
2930,12,8474.94
2930,13,8460.5
2930,14,8537.37
2930,15,8655.28
2930,16,8577.46
2930,17,8646.72
2930,18,8525.39
2930,19,8629.14
2930,20,8685.99
2930,21,8299.7
2930,22,8659.95
2930,23,8656.18
2930,24,8489.48
2930,25,8430.78
2930,26,8497.72
2930,27,8644.38
2930,28,8380.65
2930,29,8355.13
2930,30,8598.97
2930,31,8582.77
2930,32,8571.32
2930,33,8408
2930,34,8595.8
2930,35,8628.47
2930,36,8352.13
2930,37,8657.39
2930,38,8566.13
2930,39,8361.36
2930,40,8724.44
2930,41,8442.29
2930,42,8314.8
2930,43,8782.94
2930,44,8566.46
2930,45,8560.81
2930,46,8506.48
2930,47,8718.57
2930,48,8469.57
2930,49,8581.32
2930,50,8402.2
2930,51,8575.64
2930,52,8460.6
2930,53,8501.79
2930,54,8689.52
2930,55,8578.19
2930,56,8703.26
2930,57,8753.5
2930,58,8422.72
2930,59,8616.74
2930,60,8349.31
2930,61,8646.96
2930,62,8646.07
2930,63,8314.15
2930,64,8557.15
2930,65,8400.7
2930,66,8611.19
2930,67,8432.07
2930,68,8442.73
2930,69,8498.34
2930,70,8570.28
2930,71,8577.36
2930,72,8496.65
2930,73,8668.78
2930,74,8518.4
2930,75,8473.71
2930,76,8498.28
2930,77,8347.93
2930,78,8606.07
2930,79,8529.32
2930,80,8748.43
2930,81,8622.8
2930,82,8734.6
2930,83,8487.32
2930,84,8731.92
2930,85,8682.43
2930,86,8444.14
2930,87,8569.1
2930,88,8699.01
2930,89,8643.17
2930,90,8634.05
2930,91,8304.55
2930,92,8440.08
2930,93,8595.6
2930,94,8647.26
2930,95,8537.17
2930,96,8440.96
2930,97,8439.2
2930,98,8469.49
2930,99,8642.16
2940,0,8681.28
2940,1,8443.94
2940,2,8610.91
2940,3,8554.58
2940,4,8569.46
2940,5,8639.02
2940,6,8570.45
2940,7,8518.31
2940,8,8572.07
2940,9,8419.32
2940,10,8657.39
2940,11,8462.72
2940,12,8474.64
2940,13,8460.2
2940,14,8537.07
2940,15,8654.98
2940,16,8577.16
2940,17,8646.42
2940,18,8525.09
2940,19,8628.84
2940,20,8685.69
2940,21,8299.4
2940,22,8659.65
2940,23,8655.88
2940,24,8489.18
2940,25,8430.48
2940,26,8497.42
2940,27,8644.08
2940,28,8380.35
2940,29,8354.83
2940,30,8598.67
2940,31,8582.47
2940,32,8571.02
2940,33,8407.7
2940,34,8595.5
2940,35,8628.17
2940,36,8351.83
2940,37,8657.09
2940,38,8565.83
2940,39,8361.06
2940,40,8724.14
2940,41,8441.99
2940,42,8314.5
2940,43,8782.64
2940,44,8566.16
2940,45,8560.51
2940,46,8506.18
2940,47,8718.27
2940,48,8469.27
2940,49,8581.02
2940,50,8401.9
2940,51,8575.34
2940,52,8460.3
2940,53,8501.49
2940,54,8689.22
2940,55,8577.89
2940,56,8702.96
2940,57,8753.2
2940,58,8422.42
2940,59,8616.44
2940,60,8349.01
2940,61,8646.66
2940,62,8645.77
2940,63,8313.85
2940,64,8556.85
2940,65,8400.4
2940,66,8610.89
2940,67,8431.77
2940,68,8442.43
2940,69,8498.04
2940,70,8569.98
2940,71,8577.06
2940,72,8496.35
2940,73,8668.48
2940,74,8518.1
2940,75,8473.41
2940,76,8497.98
2940,77,8347.63
2940,78,8605.77
2940,79,8529.02
2940,80,8748.13
2940,81,8622.5
2940,82,8734.3
2940,83,8487.02
2940,84,8731.62
2940,85,8682.13
2940,86,8443.84
2940,87,8568.8
2940,88,8698.71
2940,89,8642.87
2940,90,8633.75
2940,91,8304.25
2940,92,8439.78
2940,93,8595.3
2940,94,8646.96
2940,95,8536.87
2940,96,8440.66
2940,97,8438.9
2940,98,8469.19
2940,99,8641.86
2950,0,8680.98
2950,1,8443.64
2950,2,8610.61
2950,3,8554.28
2950,4,8569.16
2950,5,8638.72
2950,6,8570.15
2950,7,8518.01
2950,8,8571.77
2950,9,8419.02
2950,10,8657.09
2950,11,8462.42
2950,12,8474.34
2950,13,8459.9
2950,14,8536.77
2950,15,8654.68
2950,16,8576.86
2950,17,8646.12
2950,18,8524.79
2950,19,8628.54
2950,20,8685.39
2950,21,8299.1
2950,22,8659.35
2950,23,8655.58
2950,24,8488.88
2950,25,8430.18
2950,26,8497.12
2950,27,8643.78
2950,28,8380.05
2950,29,8354.53
2950,30,8598.37
2950,31,8582.17
2950,32,8570.72
2950,33,8407.4
2950,34,8595.2
2950,35,8627.87
2950,36,8351.53
2950,37,8656.79
2950,38,8565.53
2950,39,8360.76
2950,40,8723.84
2950,41,8441.69
2950,42,8314.2
2950,43,8782.34
2950,44,8565.86
2950,45,8560.21
2950,46,8505.88
2950,47,8717.97
2950,48,8468.97
2950,49,8580.72
2950,50,8401.6
2950,51,8575.04
2950,52,8460
2950,53,8501.19
2950,54,8688.92
2950,55,8577.59
2950,56,8702.66
2950,57,8752.9
2950,58,8422.12
2950,59,8616.14
2950,60,8348.71
2950,61,8646.36
2950,62,8645.47
2950,63,8313.55
2950,64,8556.55
2950,65,8400.1
2950,66,8610.59
2950,67,8431.47
2950,68,8442.13
2950,69,8497.74
2950,70,8569.68
2950,71,8576.76
2950,72,8496.05
2950,73,8668.18
2950,74,8517.8
2950,75,8473.11
2950,76,8497.68
2950,77,8347.33
2950,78,8605.47
2950,79,8528.72
2950,80,8747.83
2950,81,8622.2
2950,82,8734
2950,83,8486.72
2950,84,8731.32
2950,85,8681.83
2950,86,8443.54
2950,87,8568.5
2950,88,8698.41
2950,89,8642.57
2950,90,8633.45
2950,91,8303.95
2950,92,8439.48
2950,93,8595
2950,94,8646.66
2950,95,8536.57
2950,96,8440.36
2950,97,8438.6
2950,98,8468.89
2950,99,8641.56
2960,0,8680.68
2960,1,8443.34
2960,2,8610.31
2960,3,8553.98
2960,4,8568.86
2960,5,8638.42
2960,6,8569.85
2960,7,8517.71
2960,8,8571.47
2960,9,8418.72
2960,10,8656.79
2960,11,8462.12
2960,12,8474.04
2960,13,8459.6
2960,14,8536.47
2960,15,8654.38
2960,16,8576.56
2960,17,8645.82
2960,18,8524.49
2960,19,8628.24
2960,20,8685.09
2960,21,8298.8
2960,22,8659.05
2960,23,8655.28
2960,24,8488.58
2960,25,8429.88
2960,26,8496.82
2960,27,8643.48
2960,28,8379.75
2960,29,8354.23
2960,30,8598.07
2960,31,8581.87
2960,32,8570.42
2960,33,8407.1
2960,34,8594.9
2960,35,8627.57
2960,36,8351.23
2960,37,8656.49
2960,38,8565.23
2960,39,8360.46
2960,40,8723.54
2960,41,8441.39
2960,42,8313.9
2960,43,8782.04
2960,44,8565.56
2960,45,8559.91
2960,46,8505.58
2960,47,8717.67
2960,48,8468.67
2960,49,8580.42
2960,50,8401.3
2960,51,8574.74
2960,52,8459.7
2960,53,8500.89
2960,54,8688.62
2960,55,8577.29
2960,56,8702.36
2960,57,8752.6
2960,58,8421.82
2960,59,8615.84
2960,60,8348.41
2960,61,8646.06
2960,62,8645.17
2960,63,8313.25
2960,64,8556.25
2960,65,8399.8
2960,66,8610.29
2960,67,8431.17
2960,68,8441.83
2960,69,8497.44
2960,70,8569.38
2960,71,8576.46
2960,72,8495.75
2960,73,8667.88
2960,74,8517.5
2960,75,8472.81
2960,76,8497.38
2960,77,8347.03
2960,78,8605.17
2960,79,8528.42
2960,80,8747.53
2960,81,8621.9
2960,82,8733.7
2960,83,8486.42
2960,84,8731.02
2960,85,8681.53
2960,86,8443.24
2960,87,8568.2
2960,88,8698.11
2960,89,8642.27
2960,90,8633.15
2960,91,8303.65
2960,92,8439.18
2960,93,8594.7
2960,94,8646.36
2960,95,8536.27
2960,96,8440.06
2960,97,8438.3
2960,98,8468.59
2960,99,8641.26
2970,0,8680.38
2970,1,8443.04
2970,2,8610.01
2970,3,8553.68
2970,4,8568.56
2970,5,8638.12
2970,6,8569.55
2970,7,8517.41
2970,8,8571.17
2970,9,8418.42
2970,10,8656.49
2970,11,8461.82
2970,12,8473.74
2970,13,8459.3
2970,14,8536.17
2970,15,8654.08
2970,16,8576.26
2970,17,8645.52
2970,18,8524.19
2970,19,8627.94
2970,20,8684.79
2970,21,8298.5
2970,22,8658.75
2970,23,8654.98
2970,24,8488.28
2970,25,8429.58
2970,26,8496.52
2970,27,8643.18
2970,28,8379.45
2970,29,8353.93
2970,30,8597.77
2970,31,8581.57
2970,32,8570.12
2970,33,8406.8
2970,34,8594.6
2970,35,8627.27
2970,36,8350.93
2970,37,8656.19
2970,38,8564.93
2970,39,8360.16
2970,40,8723.24
2970,41,8441.09
2970,42,8313.6
2970,43,8781.74
2970,44,8565.26
2970,45,8559.61
2970,46,8505.28
2970,47,8717.37
2970,48,8468.37
2970,49,8580.12
2970,50,8401
2970,51,8574.44
2970,52,8459.4
2970,53,8500.59
2970,54,8688.32
2970,55,8576.99
2970,56,8702.06
2970,57,8752.3
2970,58,8421.52
2970,59,8615.54
2970,60,8348.11
2970,61,8645.76
2970,62,8644.87
2970,63,8312.95
2970,64,8555.95
2970,65,8399.5
2970,66,8609.99
2970,67,8430.87
2970,68,8441.53
2970,69,8497.14
2970,70,8569.08
2970,71,8576.16
2970,72,8495.45
2970,73,8667.58
2970,74,8517.2
2970,75,8472.51
2970,76,8497.08
2970,77,8346.73
2970,78,8604.87
2970,79,8528.12
2970,80,8747.23
2970,81,8621.6
2970,82,8733.4
2970,83,8486.12
2970,84,8730.72
2970,85,8681.23
2970,86,8442.94
2970,87,8567.9
2970,88,8697.81
2970,89,8641.97
2970,90,8632.85
2970,91,8303.35
2970,92,8438.88
2970,93,8594.4
2970,94,8646.06
2970,95,8535.97
2970,96,8439.76
2970,97,8438
2970,98,8468.29
2970,99,8640.96
2980,0,8680.08
2980,1,8442.74
2980,2,8609.71
2980,3,8553.38
2980,4,8568.26
2980,5,8637.82
2980,6,8569.25
2980,7,8517.11
2980,8,8570.87
2980,9,8418.12
2980,10,8656.19
2980,11,8461.52
2980,12,8473.44
2980,13,8459
2980,14,8535.87
2980,15,8653.78
2980,16,8575.96
2980,17,8645.22
2980,18,8523.89
2980,19,8627.64
2980,20,8684.49
2980,21,8298.2
2980,22,8658.45
2980,23,8654.68
2980,24,8487.98
2980,25,8429.28
2980,26,8496.22
2980,27,8642.88
2980,28,8379.15
2980,29,8353.63
2980,30,8597.47
2980,31,8581.27
2980,32,8569.82
2980,33,8406.5
2980,34,8594.3
2980,35,8626.97
2980,36,8350.63
2980,37,8655.89
2980,38,8564.63
2980,39,8359.86
2980,40,8722.94
2980,41,8440.79
2980,42,8313.3
2980,43,8781.44
2980,44,8564.96
2980,45,8559.31
2980,46,8504.98
2980,47,8717.07
2980,48,8468.07
2980,49,8579.82
2980,50,8400.7
2980,51,8574.14
2980,52,8459.1
2980,53,8500.29
2980,54,8688.02
2980,55,8576.69
2980,56,8701.76
2980,57,8752
2980,58,8421.22
2980,59,8615.24
2980,60,8347.81
2980,61,8645.46
2980,62,8644.57
2980,63,8312.65
2980,64,8555.65
2980,65,8399.2
2980,66,8609.69
2980,67,8430.57
2980,68,8441.23
2980,69,8496.84
2980,70,8568.78
2980,71,8575.86
2980,72,8495.15
2980,73,8667.28
2980,74,8516.9
2980,75,8472.21
2980,76,8496.78
2980,77,8346.43
2980,78,8604.57
2980,79,8527.82
2980,80,8746.93
2980,81,8621.3
2980,82,8733.1
2980,83,8485.82
2980,84,8730.42
2980,85,8680.93
2980,86,8442.64
2980,87,8567.6
2980,88,8697.51
2980,89,8641.67
2980,90,8632.55
2980,91,8303.05
2980,92,8438.58
2980,93,8594.1
2980,94,8645.76
2980,95,8535.67
2980,96,8439.46
2980,97,8437.7
2980,98,8467.99
2980,99,8640.66
2990,0,8679.78
2990,1,8442.44
2990,2,8609.41
2990,3,8553.08
2990,4,8567.96
2990,5,8637.52
2990,6,8568.95
2990,7,8516.81
2990,8,8570.57
2990,9,8417.82
2990,10,8655.89
2990,11,8461.22
2990,12,8473.14
2990,13,8458.7
2990,14,8535.57
2990,15,8653.48
2990,16,8575.66
2990,17,8644.92
2990,18,8523.59
2990,19,8627.34
2990,20,8684.19
2990,21,8297.9
2990,22,8658.15
2990,23,8654.38
2990,24,8487.68
2990,25,8428.98
2990,26,8495.92
2990,27,8642.58
2990,28,8378.85
2990,29,8353.33
2990,30,8597.17
2990,31,8580.97
2990,32,8569.52
2990,33,8406.2
2990,34,8594
2990,35,8626.67
2990,36,8350.33
2990,37,8655.59
2990,38,8564.33
2990,39,8359.56
2990,40,8722.64
2990,41,8440.49
2990,42,8313
2990,43,8781.14
2990,44,8564.66
2990,45,8559.01
2990,46,8504.68
2990,47,8716.77
2990,48,8467.77
2990,49,8579.52
2990,50,8400.4
2990,51,8573.84
2990,52,8458.8
2990,53,8499.99
2990,54,8687.72
2990,55,8576.39
2990,56,8701.46
2990,57,8751.7
2990,58,8420.92
2990,59,8614.94
2990,60,8347.51
2990,61,8645.16
2990,62,8644.27
2990,63,8312.35
2990,64,8555.35
2990,65,8398.9
2990,66,8609.39
2990,67,8430.27
2990,68,8440.93
2990,69,8496.54
2990,70,8568.48
2990,71,8575.56
2990,72,8494.85
2990,73,8666.98
2990,74,8516.6
2990,75,8471.91
2990,76,8496.48
2990,77,8346.13
2990,78,8604.27
2990,79,8527.52
2990,80,8746.63
2990,81,8621
2990,82,8732.8
2990,83,8485.52
2990,84,8730.12
2990,85,8680.63
2990,86,8442.34
2990,87,8567.3
2990,88,8697.21
2990,89,8641.37
2990,90,8632.25
2990,91,8302.75
2990,92,8438.28
2990,93,8593.8
2990,94,8645.46
2990,95,8535.37
2990,96,8439.16
2990,97,8437.4
2990,98,8467.69
2990,99,8640.36
